목록,지주,제재대상기관(목록),비은행지주,제재조치요구일(목록),관련부서,구분,번호,제목,리스크관련(판단),모범규준_조(판단),주제(판단),쪽,인용조문,관련규정,url,파일,sha256
금융회사 경영유의사항 등 공시,DGB금융지주(현 iM금융지주),주식회사 디지비금융지주,N,20220429,특수은행검사국,경영유의사항,1),회장 후보자 추천 시 외부 후보자 선정 절차 마련,N,,,"p.1,p.2",,,https://www.fss.or.kr/fss.hpdownload?path=/dtm/opn/&file=202100277_13_DGB%EA%B8%88%EC%9C%B5%EC%A7%80%EC%A3%BC+%EB%B6%80%EB%AC%B8%EA%B2%80%EC%82%AC+%EC%A0%9C%EC%9E%AC%EB%82%B4%EC%9A%A9+%EA%B3%B5%EA%B0%9C%EC%95%88_%EA%B2%BD%EC%98%81%EC%9C%A0%EC%9D%98+%EB%93%B1ff.pdf,202100277_13_DGB금융지주 부문검사 제재내용 공개안_경영유의 등ff.pdf,0f55114ff39dc7d43cdd2d86084aa22d0ea2af5709b46efa4d28c239c7a95e2a
금융회사 경영유의사항 등 공시,DGB금융지주(현 iM금융지주),주식회사 디지비금융지주,N,20220429,특수은행검사국,경영유의사항,2),사외이사 후보군 선정기준 합리화,N,,,p.2,,,https://www.fss.or.kr/fss.hpdownload?path=/dtm/opn/&file=202100277_13_DGB%EA%B8%88%EC%9C%B5%EC%A7%80%EC%A3%BC+%EB%B6%80%EB%AC%B8%EA%B2%80%EC%82%AC+%EC%A0%9C%EC%9E%AC%EB%82%B4%EC%9A%A9+%EA%B3%B5%EA%B0%9C%EC%95%88_%EA%B2%BD%EC%98%81%EC%9C%A0%EC%9D%98+%EB%93%B1ff.pdf,202100277_13_DGB금융지주 부문검사 제재내용 공개안_경영유의 등ff.pdf,0f55114ff39dc7d43cdd2d86084aa22d0ea2af5709b46efa4d28c239c7a95e2a
금융회사 경영유의사항 등 공시,DGB금융지주(현 iM금융지주),주식회사 디지비금융지주,N,20220429,특수은행검사국,경영유의사항,3),그룹 장단기 경영전략에 대한 이사회의 감독 ·감시 기능 강화,N,,,p.3,,,https://www.fss.or.kr/fss.hpdownload?path=/dtm/opn/&file=202100277_13_DGB%EA%B8%88%EC%9C%B5%EC%A7%80%EC%A3%BC+%EB%B6%80%EB%AC%B8%EA%B2%80%EC%82%AC+%EC%A0%9C%EC%9E%AC%EB%82%B4%EC%9A%A9+%EA%B3%B5%EA%B0%9C%EC%95%88_%EA%B2%BD%EC%98%81%EC%9C%A0%EC%9D%98+%EB%93%B1ff.pdf,202100277_13_DGB금융지주 부문검사 제재내용 공개안_경영유의 등ff.pdf,0f55114ff39dc7d43cdd2d86084aa22d0ea2af5709b46efa4d28c239c7a95e2a
금융회사 경영유의사항 등 공시,DGB금융지주(현 iM금융지주),주식회사 디지비금융지주,N,20220429,특수은행검사국,경영유의사항,4),경영진의 감사지원 조직(검사부) 예산편성권에 대한 통제장치 마련,N,,,p.4,｢AA위원회규정｣ 제6조,,https://www.fss.or.kr/fss.hpdownload?path=/dtm/opn/&file=202100277_13_DGB%EA%B8%88%EC%9C%B5%EC%A7%80%EC%A3%BC+%EB%B6%80%EB%AC%B8%EA%B2%80%EC%82%AC+%EC%A0%9C%EC%9E%AC%EB%82%B4%EC%9A%A9+%EA%B3%B5%EA%B0%9C%EC%95%88_%EA%B2%BD%EC%98%81%EC%9C%A0%EC%9D%98+%EB%93%B1ff.pdf,202100277_13_DGB금융지주 부문검사 제재내용 공개안_경영유의 등ff.pdf,0f55114ff39dc7d43cdd2d86084aa22d0ea2af5709b46efa4d28c239c7a95e2a
금융회사 경영유의사항 등 공시,DGB금융지주(현 iM금융지주),주식회사 디지비금융지주,N,20220429,특수은행검사국,경영유의사항,5),자본관련 성과평가 지표 운영 불합리,경계,35,자본비율 성과평가지표(KPI) 목표,p.4,,,https://www.fss.or.kr/fss.hpdownload?path=/dtm/opn/&file=202100277_13_DGB%EA%B8%88%EC%9C%B5%EC%A7%80%EC%A3%BC+%EB%B6%80%EB%AC%B8%EA%B2%80%EC%82%AC+%EC%A0%9C%EC%9E%AC%EB%82%B4%EC%9A%A9+%EA%B3%B5%EA%B0%9C%EC%95%88_%EA%B2%BD%EC%98%81%EC%9C%A0%EC%9D%98+%EB%93%B1ff.pdf,202100277_13_DGB금융지주 부문검사 제재내용 공개안_경영유의 등ff.pdf,0f55114ff39dc7d43cdd2d86084aa22d0ea2af5709b46efa4d28c239c7a95e2a
금융회사 경영유의사항 등 공시,DGB금융지주(현 iM금융지주),주식회사 디지비금융지주,N,20220429,특수은행검사국,경영유의사항,6),그룹 리스크 한도 관리 기준 강화,Y,14·20,그룹 리스크 한도 관리,p.5,,,https://www.fss.or.kr/fss.hpdownload?path=/dtm/opn/&file=202100277_13_DGB%EA%B8%88%EC%9C%B5%EC%A7%80%EC%A3%BC+%EB%B6%80%EB%AC%B8%EA%B2%80%EC%82%AC+%EC%A0%9C%EC%9E%AC%EB%82%B4%EC%9A%A9+%EA%B3%B5%EA%B0%9C%EC%95%88_%EA%B2%BD%EC%98%81%EC%9C%A0%EC%9D%98+%EB%93%B1ff.pdf,202100277_13_DGB금융지주 부문검사 제재내용 공개안_경영유의 등ff.pdf,0f55114ff39dc7d43cdd2d86084aa22d0ea2af5709b46efa4d28c239c7a95e2a
금융회사 경영유의사항 등 공시,DGB금융지주(현 iM금융지주),주식회사 디지비금융지주,N,20220429,특수은행검사국,경영유의사항,7),자회사 공동투자에 대한 리스크관리 절차 마련,Y,33·14,자회사 공동투자 리스크(전이),p.5,,,https://www.fss.or.kr/fss.hpdownload?path=/dtm/opn/&file=202100277_13_DGB%EA%B8%88%EC%9C%B5%EC%A7%80%EC%A3%BC+%EB%B6%80%EB%AC%B8%EA%B2%80%EC%82%AC+%EC%A0%9C%EC%9E%AC%EB%82%B4%EC%9A%A9+%EA%B3%B5%EA%B0%9C%EC%95%88_%EA%B2%BD%EC%98%81%EC%9C%A0%EC%9D%98+%EB%93%B1ff.pdf,202100277_13_DGB금융지주 부문검사 제재내용 공개안_경영유의 등ff.pdf,0f55114ff39dc7d43cdd2d86084aa22d0ea2af5709b46efa4d28c239c7a95e2a
금융회사 경영유의사항 등 공시,DGB금융지주(현 iM금융지주),주식회사 디지비금융지주,N,20220429,특수은행검사국,경영유의사항,8),지주 리스크관리 조직 및 인력 보강,Y,13,지주 리스크관리 조직·인력,p.6,,,https://www.fss.or.kr/fss.hpdownload?path=/dtm/opn/&file=202100277_13_DGB%EA%B8%88%EC%9C%B5%EC%A7%80%EC%A3%BC+%EB%B6%80%EB%AC%B8%EA%B2%80%EC%82%AC+%EC%A0%9C%EC%9E%AC%EB%82%B4%EC%9A%A9+%EA%B3%B5%EA%B0%9C%EC%95%88_%EA%B2%BD%EC%98%81%EC%9C%A0%EC%9D%98+%EB%93%B1ff.pdf,202100277_13_DGB금융지주 부문검사 제재내용 공개안_경영유의 등ff.pdf,0f55114ff39dc7d43cdd2d86084aa22d0ea2af5709b46efa4d28c239c7a95e2a
금융회사 경영유의사항 등 공시,DGB금융지주(현 iM금융지주),주식회사 디지비금융지주,N,20220429,특수은행검사국,경영유의사항,9),자본계획 수립 등 자본관리 절차 강화,Y,49,자본계획·자본관리 절차,"p.6,p.7",,,https://www.fss.or.kr/fss.hpdownload?path=/dtm/opn/&file=202100277_13_DGB%EA%B8%88%EC%9C%B5%EC%A7%80%EC%A3%BC+%EB%B6%80%EB%AC%B8%EA%B2%80%EC%82%AC+%EC%A0%9C%EC%9E%AC%EB%82%B4%EC%9A%A9+%EA%B3%B5%EA%B0%9C%EC%95%88_%EA%B2%BD%EC%98%81%EC%9C%A0%EC%9D%98+%EB%93%B1ff.pdf,202100277_13_DGB금융지주 부문검사 제재내용 공개안_경영유의 등ff.pdf,0f55114ff39dc7d43cdd2d86084aa22d0ea2af5709b46efa4d28c239c7a95e2a
금융회사 경영유의사항 등 공시,DGB금융지주(현 iM금융지주),주식회사 디지비금융지주,N,20220429,특수은행검사국,경영유의사항,10),자본공제항목 관리 절차 강화,Y,45,자본공제항목(가용자본),"p.7,p.8",,,https://www.fss.or.kr/fss.hpdownload?path=/dtm/opn/&file=202100277_13_DGB%EA%B8%88%EC%9C%B5%EC%A7%80%EC%A3%BC+%EB%B6%80%EB%AC%B8%EA%B2%80%EC%82%AC+%EC%A0%9C%EC%9E%AC%EB%82%B4%EC%9A%A9+%EA%B3%B5%EA%B0%9C%EC%95%88_%EA%B2%BD%EC%98%81%EC%9C%A0%EC%9D%98+%EB%93%B1ff.pdf,202100277_13_DGB금융지주 부문검사 제재내용 공개안_경영유의 등ff.pdf,0f55114ff39dc7d43cdd2d86084aa22d0ea2af5709b46efa4d28c239c7a95e2a
금융회사 경영유의사항 등 공시,DGB금융지주(현 iM금융지주),주식회사 디지비금융지주,N,20220429,특수은행검사국,경영유의사항,11),자회사 유동성리스크 관리 강화,Y,25,자회사 유동성리스크,p.8,,,https://www.fss.or.kr/fss.hpdownload?path=/dtm/opn/&file=202100277_13_DGB%EA%B8%88%EC%9C%B5%EC%A7%80%EC%A3%BC+%EB%B6%80%EB%AC%B8%EA%B2%80%EC%82%AC+%EC%A0%9C%EC%9E%AC%EB%82%B4%EC%9A%A9+%EA%B3%B5%EA%B0%9C%EC%95%88_%EA%B2%BD%EC%98%81%EC%9C%A0%EC%9D%98+%EB%93%B1ff.pdf,202100277_13_DGB금융지주 부문검사 제재내용 공개안_경영유의 등ff.pdf,0f55114ff39dc7d43cdd2d86084aa22d0ea2af5709b46efa4d28c239c7a95e2a
금융회사 경영유의사항 등 공시,DGB금융지주(현 iM금융지주),주식회사 디지비금융지주,N,20220429,특수은행검사국,개선사항,1),임원 및 사외이사 자격요건 검증절차 개선,N,,,"p.8,p.9",｢금융회사의 지배구조에 관한 법률｣ 제5조 및 제6조,,https://www.fss.or.kr/fss.hpdownload?path=/dtm/opn/&file=202100277_13_DGB%EA%B8%88%EC%9C%B5%EC%A7%80%EC%A3%BC+%EB%B6%80%EB%AC%B8%EA%B2%80%EC%82%AC+%EC%A0%9C%EC%9E%AC%EB%82%B4%EC%9A%A9+%EA%B3%B5%EA%B0%9C%EC%95%88_%EA%B2%BD%EC%98%81%EC%9C%A0%EC%9D%98+%EB%93%B1ff.pdf,202100277_13_DGB금융지주 부문검사 제재내용 공개안_경영유의 등ff.pdf,0f55114ff39dc7d43cdd2d86084aa22d0ea2af5709b46efa4d28c239c7a95e2a
금융회사 경영유의사항 등 공시,DGB금융지주(현 iM금융지주),주식회사 디지비금융지주,N,20220429,특수은행검사국,개선사항,2),임원 및 사외이사에 대한 퇴직금 산정기준 합리화,N,,,"p.9,p.10",｢상법｣ 제388조 ; ｢임원 퇴직위로금 규정｣ 제6조,,https://www.fss.or.kr/fss.hpdownload?path=/dtm/opn/&file=202100277_13_DGB%EA%B8%88%EC%9C%B5%EC%A7%80%EC%A3%BC+%EB%B6%80%EB%AC%B8%EA%B2%80%EC%82%AC+%EC%A0%9C%EC%9E%AC%EB%82%B4%EC%9A%A9+%EA%B3%B5%EA%B0%9C%EC%95%88_%EA%B2%BD%EC%98%81%EC%9C%A0%EC%9D%98+%EB%93%B1ff.pdf,202100277_13_DGB금융지주 부문검사 제재내용 공개안_경영유의 등ff.pdf,0f55114ff39dc7d43cdd2d86084aa22d0ea2af5709b46efa4d28c239c7a95e2a
금융회사 경영유의사항 등 공시,DGB금융지주(현 iM금융지주),주식회사 디지비금융지주,N,20220429,특수은행검사국,개선사항,3),국가리스크 분석 관리 강화,Y,34,국가리스크 분석,"p.10,p.11",,,https://www.fss.or.kr/fss.hpdownload?path=/dtm/opn/&file=202100277_13_DGB%EA%B8%88%EC%9C%B5%EC%A7%80%EC%A3%BC+%EB%B6%80%EB%AC%B8%EA%B2%80%EC%82%AC+%EC%A0%9C%EC%9E%AC%EB%82%B4%EC%9A%A9+%EA%B3%B5%EA%B0%9C%EC%95%88_%EA%B2%BD%EC%98%81%EC%9C%A0%EC%9D%98+%EB%93%B1ff.pdf,202100277_13_DGB금융지주 부문검사 제재내용 공개안_경영유의 등ff.pdf,0f55114ff39dc7d43cdd2d86084aa22d0ea2af5709b46efa4d28c239c7a95e2a
금융회사 경영유의사항 등 공시,DGB금융지주(현 iM금융지주),주식회사 디지비금융지주,N,20220429,특수은행검사국,개선사항,4),그룹 신용 ·시장리스크 위험가중자산 산출 절차 강화,Y,21·22,신용·시장리스크 위험가중자산 산출,"p.11,p.12",,,https://www.fss.or.kr/fss.hpdownload?path=/dtm/opn/&file=202100277_13_DGB%EA%B8%88%EC%9C%B5%EC%A7%80%EC%A3%BC+%EB%B6%80%EB%AC%B8%EA%B2%80%EC%82%AC+%EC%A0%9C%EC%9E%AC%EB%82%B4%EC%9A%A9+%EA%B3%B5%EA%B0%9C%EC%95%88_%EA%B2%BD%EC%98%81%EC%9C%A0%EC%9D%98+%EB%93%B1ff.pdf,202100277_13_DGB금융지주 부문검사 제재내용 공개안_경영유의 등ff.pdf,0f55114ff39dc7d43cdd2d86084aa22d0ea2af5709b46efa4d28c239c7a95e2a
금융회사 경영유의사항 등 공시,DGB금융지주(현 iM금융지주),주식회사 디지비금융지주,N,20220429,특수은행검사국,개선사항,5),리스크 측정모형 등에 대한 적합성 검증 및 제3자 점검 강화,Y,30~32·41,측정모형 적합성 검증·제3자 점검,"p.12,p.13",｢금융지주회사감독규정 시행세칙｣ 제12조의2 ; ｢은행업감독업무시행세칙｣ <별표3 ; ｢은행업 감독업무 시행세칙｣ <별표 3>,,https://www.fss.or.kr/fss.hpdownload?path=/dtm/opn/&file=202100277_13_DGB%EA%B8%88%EC%9C%B5%EC%A7%80%EC%A3%BC+%EB%B6%80%EB%AC%B8%EA%B2%80%EC%82%AC+%EC%A0%9C%EC%9E%AC%EB%82%B4%EC%9A%A9+%EA%B3%B5%EA%B0%9C%EC%95%88_%EA%B2%BD%EC%98%81%EC%9C%A0%EC%9D%98+%EB%93%B1ff.pdf,202100277_13_DGB금융지주 부문검사 제재내용 공개안_경영유의 등ff.pdf,0f55114ff39dc7d43cdd2d86084aa22d0ea2af5709b46efa4d28c239c7a95e2a
금융회사 경영유의사항 등 공시,DGB금융지주(현 iM금융지주),주식회사 디지비금융지주,N,20220429,특수은행검사국,개선사항,6),그룹 내부자본적정성 관리체제 구축 ·운용 개선,Y,37~47,그룹 내부자본적정성 관리체제,"p.14,p.15",｢◇◇◇◇위원회규정｣ 제5조 ; ｢금융지주 회사 감독규정 시행세칙｣ 제12조의2 ; ｢은행업 감독업무 시행세칙｣ <별표 3,,https://www.fss.or.kr/fss.hpdownload?path=/dtm/opn/&file=202100277_13_DGB%EA%B8%88%EC%9C%B5%EC%A7%80%EC%A3%BC+%EB%B6%80%EB%AC%B8%EA%B2%80%EC%82%AC+%EC%A0%9C%EC%9E%AC%EB%82%B4%EC%9A%A9+%EA%B3%B5%EA%B0%9C%EC%95%88_%EA%B2%BD%EC%98%81%EC%9C%A0%EC%9D%98+%EB%93%B1ff.pdf,202100277_13_DGB금융지주 부문검사 제재내용 공개안_경영유의 등ff.pdf,0f55114ff39dc7d43cdd2d86084aa22d0ea2af5709b46efa4d28c239c7a95e2a
금융회사 경영유의사항 등 공시,DGB금융지주(현 iM금융지주),주식회사 디지비금융지주,N,20220429,특수은행검사국,개선사항,7),그룹 통합위기상황 분석방법 및 절차 개선,Y,56,통합위기상황분석,"p.15,p.16",｢은행업 감독업무 시행세칙｣ <별표 19>,,https://www.fss.or.kr/fss.hpdownload?path=/dtm/opn/&file=202100277_13_DGB%EA%B8%88%EC%9C%B5%EC%A7%80%EC%A3%BC+%EB%B6%80%EB%AC%B8%EA%B2%80%EC%82%AC+%EC%A0%9C%EC%9E%AC%EB%82%B4%EC%9A%A9+%EA%B3%B5%EA%B0%9C%EC%95%88_%EA%B2%BD%EC%98%81%EC%9C%A0%EC%9D%98+%EB%93%B1ff.pdf,202100277_13_DGB금융지주 부문검사 제재내용 공개안_경영유의 등ff.pdf,0f55114ff39dc7d43cdd2d86084aa22d0ea2af5709b46efa4d28c239c7a95e2a
금융회사 경영유의사항 등 공시,DGB금융지주(현 iM금융지주),주식회사 디지비금융지주,N,20220429,특수은행검사국,개선사항,8),자회사 등의 지주 사전협의 및 보고절차 개선,Y,15·16,자회사 사전협의·보고,p.17,｢자회사 경영관리 규정｣ 제6조 및제7조,,https://www.fss.or.kr/fss.hpdownload?path=/dtm/opn/&file=202100277_13_DGB%EA%B8%88%EC%9C%B5%EC%A7%80%EC%A3%BC+%EB%B6%80%EB%AC%B8%EA%B2%80%EC%82%AC+%EC%A0%9C%EC%9E%AC%EB%82%B4%EC%9A%A9+%EA%B3%B5%EA%B0%9C%EC%95%88_%EA%B2%BD%EC%98%81%EC%9C%A0%EC%9D%98+%EB%93%B1ff.pdf,202100277_13_DGB금융지주 부문검사 제재내용 공개안_경영유의 등ff.pdf,0f55114ff39dc7d43cdd2d86084aa22d0ea2af5709b46efa4d28c239c7a95e2a
금융회사 경영유의사항 등 공시,DGB금융지주(현 iM금융지주),주식회사 디지비금융지주,N,20220429,특수은행검사국,개선사항,9),그룹차원의 조기경보지표 및 비상조달계획 운영 미흡,Y,55·57,조기경보지표·비상조달계획,"p.17,p.18",｢은행업 감독업무 시행세칙｣ <별표 9,,https://www.fss.or.kr/fss.hpdownload?path=/dtm/opn/&file=202100277_13_DGB%EA%B8%88%EC%9C%B5%EC%A7%80%EC%A3%BC+%EB%B6%80%EB%AC%B8%EA%B2%80%EC%82%AC+%EC%A0%9C%EC%9E%AC%EB%82%B4%EC%9A%A9+%EA%B3%B5%EA%B0%9C%EC%95%88_%EA%B2%BD%EC%98%81%EC%9C%A0%EC%9D%98+%EB%93%B1ff.pdf,202100277_13_DGB금융지주 부문검사 제재내용 공개안_경영유의 등ff.pdf,0f55114ff39dc7d43cdd2d86084aa22d0ea2af5709b46efa4d28c239c7a95e2a
금융회사 경영유의사항 등 공시,DGB금융지주(현 iM금융지주),주식회사 디지비금융지주,N,20220429,특수은행검사국,개선사항,10),자회사에 대한 유동성리스크 한도 관리 체계 강화,Y,25,유동성리스크 한도,"p.18,p.19",｢리스크관리규정｣ 제22조 ; ｢자회사 경영관리 규정｣ 제6조,,https://www.fss.or.kr/fss.hpdownload?path=/dtm/opn/&file=202100277_13_DGB%EA%B8%88%EC%9C%B5%EC%A7%80%EC%A3%BC+%EB%B6%80%EB%AC%B8%EA%B2%80%EC%82%AC+%EC%A0%9C%EC%9E%AC%EB%82%B4%EC%9A%A9+%EA%B3%B5%EA%B0%9C%EC%95%88_%EA%B2%BD%EC%98%81%EC%9C%A0%EC%9D%98+%EB%93%B1ff.pdf,202100277_13_DGB금융지주 부문검사 제재내용 공개안_경영유의 등ff.pdf,0f55114ff39dc7d43cdd2d86084aa22d0ea2af5709b46efa4d28c239c7a95e2a
금융회사 경영유의사항 등 공시,DGB금융지주(현 iM금융지주),주식회사 디지비금융지주,N,20220429,특수은행검사국,개선사항,11),중복 기업차주 자산건전성 분류 점검절차 개선,Y,21,중복차주 자산건전성 분류(신용),p.19,,,https://www.fss.or.kr/fss.hpdownload?path=/dtm/opn/&file=202100277_13_DGB%EA%B8%88%EC%9C%B5%EC%A7%80%EC%A3%BC+%EB%B6%80%EB%AC%B8%EA%B2%80%EC%82%AC+%EC%A0%9C%EC%9E%AC%EB%82%B4%EC%9A%A9+%EA%B3%B5%EA%B0%9C%EC%95%88_%EA%B2%BD%EC%98%81%EC%9C%A0%EC%9D%98+%EB%93%B1ff.pdf,202100277_13_DGB금융지주 부문검사 제재내용 공개안_경영유의 등ff.pdf,0f55114ff39dc7d43cdd2d86084aa22d0ea2af5709b46efa4d28c239c7a95e2a
금융회사 경영유의사항 등 공시,하나금융지주,주식회사 하나금융지주,N,20220729,일반은행검사국,경영유의사항,(1),경영승계 후보군 육성 프로그램 운영의 실효성 제고 등,N,,,p.1,｢경영승계계획규정｣ 제10조,,https://www.fss.or.kr/fss.hpdownload?path=/dtm/opn/&file=202000329_12_%EC%A0%9C%EC%9E%AC%EB%82%B4%EC%9A%A9+%EA%B3%B5%EA%B0%9C%EC%95%88%28%EA%B2%BD%EC%98%81%EC%9C%A0%EC%9D%98+%EB%93%B1%29_%ED%95%98%EB%82%98%EA%B8%88%EC%9C%B5%EC%A7%80%EC%A3%BC%28f%29.pdf,202000329_12_제재내용 공개안(경영유의 등)_하나금융지주(f).pdf,e0f00f124d0418e0f198c95c887d016ebeeb57a9d7c59bbe5095331c0bed0458
금융회사 경영유의사항 등 공시,하나금융지주,주식회사 하나금융지주,N,20220729,일반은행검사국,경영유의사항,(2),그룹임원후보추천위원회 운영상 투명성 제고,N,,,"p.1,p.2",｢그룹임원후보추천위원회규정｣ 제11조,,https://www.fss.or.kr/fss.hpdownload?path=/dtm/opn/&file=202000329_12_%EC%A0%9C%EC%9E%AC%EB%82%B4%EC%9A%A9+%EA%B3%B5%EA%B0%9C%EC%95%88%28%EA%B2%BD%EC%98%81%EC%9C%A0%EC%9D%98+%EB%93%B1%29_%ED%95%98%EB%82%98%EA%B8%88%EC%9C%B5%EC%A7%80%EC%A3%BC%28f%29.pdf,202000329_12_제재내용 공개안(경영유의 등)_하나금융지주(f).pdf,e0f00f124d0418e0f198c95c887d016ebeeb57a9d7c59bbe5095331c0bed0458
금융회사 경영유의사항 등 공시,하나금융지주,주식회사 하나금융지주,N,20220729,일반은행검사국,경영유의사항,(3),사외이사 임기 운영 관련 이해상충 소지 완화 등,N,,,p.2,｢지배구조 내부규범｣ 제10조,,https://www.fss.or.kr/fss.hpdownload?path=/dtm/opn/&file=202000329_12_%EC%A0%9C%EC%9E%AC%EB%82%B4%EC%9A%A9+%EA%B3%B5%EA%B0%9C%EC%95%88%28%EA%B2%BD%EC%98%81%EC%9C%A0%EC%9D%98+%EB%93%B1%29_%ED%95%98%EB%82%98%EA%B8%88%EC%9C%B5%EC%A7%80%EC%A3%BC%28f%29.pdf,202000329_12_제재내용 공개안(경영유의 등)_하나금융지주(f).pdf,e0f00f124d0418e0f198c95c887d016ebeeb57a9d7c59bbe5095331c0bed0458
금융회사 경영유의사항 등 공시,하나금융지주,주식회사 하나금융지주,N,20220729,일반은행검사국,경영유의사항,(4),사외이사 후보군 관리 강화,N,,,"p.2,p.3",,,https://www.fss.or.kr/fss.hpdownload?path=/dtm/opn/&file=202000329_12_%EC%A0%9C%EC%9E%AC%EB%82%B4%EC%9A%A9+%EA%B3%B5%EA%B0%9C%EC%95%88%28%EA%B2%BD%EC%98%81%EC%9C%A0%EC%9D%98+%EB%93%B1%29_%ED%95%98%EB%82%98%EA%B8%88%EC%9C%B5%EC%A7%80%EC%A3%BC%28f%29.pdf,202000329_12_제재내용 공개안(경영유의 등)_하나금융지주(f).pdf,e0f00f124d0418e0f198c95c887d016ebeeb57a9d7c59bbe5095331c0bed0458
금융회사 경영유의사항 등 공시,하나금융지주,주식회사 하나금융지주,N,20220729,일반은행검사국,경영유의사항,(5),내부통제 관련 성과보상체계 합리성 제고,N,,,"p.3,p.4",｢하나금융그룹 성과평가 및 보상 규준｣ 제9조 ; ｢금융회사 지배구조 감독규정｣ 제11조,,https://www.fss.or.kr/fss.hpdownload?path=/dtm/opn/&file=202000329_12_%EC%A0%9C%EC%9E%AC%EB%82%B4%EC%9A%A9+%EA%B3%B5%EA%B0%9C%EC%95%88%28%EA%B2%BD%EC%98%81%EC%9C%A0%EC%9D%98+%EB%93%B1%29_%ED%95%98%EB%82%98%EA%B8%88%EC%9C%B5%EC%A7%80%EC%A3%BC%28f%29.pdf,202000329_12_제재내용 공개안(경영유의 등)_하나금융지주(f).pdf,e0f00f124d0418e0f198c95c887d016ebeeb57a9d7c59bbe5095331c0bed0458
금융회사 경영유의사항 등 공시,하나금융지주,주식회사 하나금융지주,N,20220729,일반은행검사국,경영유의사항,(6),자회사성과보상체계 관련 지주‧자회사간 역할 범위 조정,N,,,p.4,,,https://www.fss.or.kr/fss.hpdownload?path=/dtm/opn/&file=202000329_12_%EC%A0%9C%EC%9E%AC%EB%82%B4%EC%9A%A9+%EA%B3%B5%EA%B0%9C%EC%95%88%28%EA%B2%BD%EC%98%81%EC%9C%A0%EC%9D%98+%EB%93%B1%29_%ED%95%98%EB%82%98%EA%B8%88%EC%9C%B5%EC%A7%80%EC%A3%BC%28f%29.pdf,202000329_12_제재내용 공개안(경영유의 등)_하나금융지주(f).pdf,e0f00f124d0418e0f198c95c887d016ebeeb57a9d7c59bbe5095331c0bed0458
금융회사 경영유의사항 등 공시,하나금융지주,주식회사 하나금융지주,N,20220729,일반은행검사국,경영유의사항,(7),그룹 회의체에 대한내부통제기준 준수여부 점검강화,N,,,"p.4,p.5",｢그룹내부통제규정｣ 제9조,,https://www.fss.or.kr/fss.hpdownload?path=/dtm/opn/&file=202000329_12_%EC%A0%9C%EC%9E%AC%EB%82%B4%EC%9A%A9+%EA%B3%B5%EA%B0%9C%EC%95%88%28%EA%B2%BD%EC%98%81%EC%9C%A0%EC%9D%98+%EB%93%B1%29_%ED%95%98%EB%82%98%EA%B8%88%EC%9C%B5%EC%A7%80%EC%A3%BC%28f%29.pdf,202000329_12_제재내용 공개안(경영유의 등)_하나금융지주(f).pdf,e0f00f124d0418e0f198c95c887d016ebeeb57a9d7c59bbe5095331c0bed0458
금융회사 경영유의사항 등 공시,하나금융지주,주식회사 하나금융지주,N,20220729,일반은행검사국,경영유의사항,(8),자회사 경영관리 관련 의사전달시 책임성 ․투명성 제고,Y,17,의사전달 공식문서,p.5,｢그룹내부통제규정｣ 제9조,,https://www.fss.or.kr/fss.hpdownload?path=/dtm/opn/&file=202000329_12_%EC%A0%9C%EC%9E%AC%EB%82%B4%EC%9A%A9+%EA%B3%B5%EA%B0%9C%EC%95%88%28%EA%B2%BD%EC%98%81%EC%9C%A0%EC%9D%98+%EB%93%B1%29_%ED%95%98%EB%82%98%EA%B8%88%EC%9C%B5%EC%A7%80%EC%A3%BC%28f%29.pdf,202000329_12_제재내용 공개안(경영유의 등)_하나금융지주(f).pdf,e0f00f124d0418e0f198c95c887d016ebeeb57a9d7c59bbe5095331c0bed0458
금융회사 경영유의사항 등 공시,하나금융지주,주식회사 하나금융지주,N,20220729,일반은행검사국,경영유의사항,(9),자회사의 법규 위반 등에 대한 검사기능 강화,N,,,"p.5,p.6",｢관계회사에 대한 검사규정｣ 제2조,,https://www.fss.or.kr/fss.hpdownload?path=/dtm/opn/&file=202000329_12_%EC%A0%9C%EC%9E%AC%EB%82%B4%EC%9A%A9+%EA%B3%B5%EA%B0%9C%EC%95%88%28%EA%B2%BD%EC%98%81%EC%9C%A0%EC%9D%98+%EB%93%B1%29_%ED%95%98%EB%82%98%EA%B8%88%EC%9C%B5%EC%A7%80%EC%A3%BC%28f%29.pdf,202000329_12_제재내용 공개안(경영유의 등)_하나금융지주(f).pdf,e0f00f124d0418e0f198c95c887d016ebeeb57a9d7c59bbe5095331c0bed0458
금융회사 경영유의사항 등 공시,하나금융지주,주식회사 하나금융지주,N,20220729,일반은행검사국,경영유의사항,(10),지주회사의 자회사 리스크관리절차 강화,Y,14·15,자회사 리스크관리 점검·사전협의,p.6,,,https://www.fss.or.kr/fss.hpdownload?path=/dtm/opn/&file=202000329_12_%EC%A0%9C%EC%9E%AC%EB%82%B4%EC%9A%A9+%EA%B3%B5%EA%B0%9C%EC%95%88%28%EA%B2%BD%EC%98%81%EC%9C%A0%EC%9D%98+%EB%93%B1%29_%ED%95%98%EB%82%98%EA%B8%88%EC%9C%B5%EC%A7%80%EC%A3%BC%28f%29.pdf,202000329_12_제재내용 공개안(경영유의 등)_하나금융지주(f).pdf,e0f00f124d0418e0f198c95c887d016ebeeb57a9d7c59bbe5095331c0bed0458
금융회사 경영유의사항 등 공시,하나금융지주,주식회사 하나금융지주,N,20220729,일반은행검사국,경영유의사항,(11),그룹시장리스크 산출 관련 정합성 검증 절차 보완,Y,22·30~32,그룹 시장리스크 산출 정합성 검증,"p.6,p.7",,,https://www.fss.or.kr/fss.hpdownload?path=/dtm/opn/&file=202000329_12_%EC%A0%9C%EC%9E%AC%EB%82%B4%EC%9A%A9+%EA%B3%B5%EA%B0%9C%EC%95%88%28%EA%B2%BD%EC%98%81%EC%9C%A0%EC%9D%98+%EB%93%B1%29_%ED%95%98%EB%82%98%EA%B8%88%EC%9C%B5%EC%A7%80%EC%A3%BC%28f%29.pdf,202000329_12_제재내용 공개안(경영유의 등)_하나금융지주(f).pdf,e0f00f124d0418e0f198c95c887d016ebeeb57a9d7c59bbe5095331c0bed0458
금융회사 경영유의사항 등 공시,하나금융지주,주식회사 하나금융지주,N,20220729,일반은행검사국,경영유의사항,(12),리스크 측정 시스템 적합성 검증 강화,Y,28·30~32,리스크 측정 시스템 적합성 검증,p.7,,,https://www.fss.or.kr/fss.hpdownload?path=/dtm/opn/&file=202000329_12_%EC%A0%9C%EC%9E%AC%EB%82%B4%EC%9A%A9+%EA%B3%B5%EA%B0%9C%EC%95%88%28%EA%B2%BD%EC%98%81%EC%9C%A0%EC%9D%98+%EB%93%B1%29_%ED%95%98%EB%82%98%EA%B8%88%EC%9C%B5%EC%A7%80%EC%A3%BC%28f%29.pdf,202000329_12_제재내용 공개안(경영유의 등)_하나금융지주(f).pdf,e0f00f124d0418e0f198c95c887d016ebeeb57a9d7c59bbe5095331c0bed0458
금융회사 경영유의사항 등 공시,하나금융지주,주식회사 하나금융지주,N,20220729,일반은행검사국,경영유의사항,(13),해외투자 사전검토 프로세스 보강,Y,34,해외투자 사전검토,p.7,,,https://www.fss.or.kr/fss.hpdownload?path=/dtm/opn/&file=202000329_12_%EC%A0%9C%EC%9E%AC%EB%82%B4%EC%9A%A9+%EA%B3%B5%EA%B0%9C%EC%95%88%28%EA%B2%BD%EC%98%81%EC%9C%A0%EC%9D%98+%EB%93%B1%29_%ED%95%98%EB%82%98%EA%B8%88%EC%9C%B5%EC%A7%80%EC%A3%BC%28f%29.pdf,202000329_12_제재내용 공개안(경영유의 등)_하나금융지주(f).pdf,e0f00f124d0418e0f198c95c887d016ebeeb57a9d7c59bbe5095331c0bed0458
금융회사 경영유의사항 등 공시,하나금융지주,주식회사 하나금융지주,N,20220729,일반은행검사국,경영유의사항,(14),중요 정보의 대외 제공 관련 내부통제기준 마련,N,,,p.8,,,https://www.fss.or.kr/fss.hpdownload?path=/dtm/opn/&file=202000329_12_%EC%A0%9C%EC%9E%AC%EB%82%B4%EC%9A%A9+%EA%B3%B5%EA%B0%9C%EC%95%88%28%EA%B2%BD%EC%98%81%EC%9C%A0%EC%9D%98+%EB%93%B1%29_%ED%95%98%EB%82%98%EA%B8%88%EC%9C%B5%EC%A7%80%EC%A3%BC%28f%29.pdf,202000329_12_제재내용 공개안(경영유의 등)_하나금융지주(f).pdf,e0f00f124d0418e0f198c95c887d016ebeeb57a9d7c59bbe5095331c0bed0458
금융회사 경영유의사항 등 공시,하나금융지주,주식회사 하나금융지주,N,20220729,일반은행검사국,경영유의사항,(15),중장기 자본계획 마련 필요,Y,49,중장기 자본계획,p.8,｢자본적정성관리지침｣ 제11조 ; ｢통합위기상황분석지침｣ 제8조,,https://www.fss.or.kr/fss.hpdownload?path=/dtm/opn/&file=202000329_12_%EC%A0%9C%EC%9E%AC%EB%82%B4%EC%9A%A9+%EA%B3%B5%EA%B0%9C%EC%95%88%28%EA%B2%BD%EC%98%81%EC%9C%A0%EC%9D%98+%EB%93%B1%29_%ED%95%98%EB%82%98%EA%B8%88%EC%9C%B5%EC%A7%80%EC%A3%BC%28f%29.pdf,202000329_12_제재내용 공개안(경영유의 등)_하나금융지주(f).pdf,e0f00f124d0418e0f198c95c887d016ebeeb57a9d7c59bbe5095331c0bed0458
금융회사 경영유의사항 등 공시,하나금융지주,주식회사 하나금융지주,N,20220729,일반은행검사국,경영유의사항,(16),손실지속 자회사에 대한 관리 강화,N,,,p.8,,,https://www.fss.or.kr/fss.hpdownload?path=/dtm/opn/&file=202000329_12_%EC%A0%9C%EC%9E%AC%EB%82%B4%EC%9A%A9+%EA%B3%B5%EA%B0%9C%EC%95%88%28%EA%B2%BD%EC%98%81%EC%9C%A0%EC%9D%98+%EB%93%B1%29_%ED%95%98%EB%82%98%EA%B8%88%EC%9C%B5%EC%A7%80%EC%A3%BC%28f%29.pdf,202000329_12_제재내용 공개안(경영유의 등)_하나금융지주(f).pdf,e0f00f124d0418e0f198c95c887d016ebeeb57a9d7c59bbe5095331c0bed0458
금융회사 경영유의사항 등 공시,하나금융지주,주식회사 하나금융지주,N,20220729,일반은행검사국,경영유의사항,(17),내부자본적정성 관리업무 강화,Y,37~47,내부자본적정성,p.9,,,https://www.fss.or.kr/fss.hpdownload?path=/dtm/opn/&file=202000329_12_%EC%A0%9C%EC%9E%AC%EB%82%B4%EC%9A%A9+%EA%B3%B5%EA%B0%9C%EC%95%88%28%EA%B2%BD%EC%98%81%EC%9C%A0%EC%9D%98+%EB%93%B1%29_%ED%95%98%EB%82%98%EA%B8%88%EC%9C%B5%EC%A7%80%EC%A3%BC%28f%29.pdf,202000329_12_제재내용 공개안(경영유의 등)_하나금융지주(f).pdf,e0f00f124d0418e0f198c95c887d016ebeeb57a9d7c59bbe5095331c0bed0458
금융회사 경영유의사항 등 공시,하나금융지주,주식회사 하나금융지주,N,20220729,일반은행검사국,경영유의사항,(18),위기상황분석의 합리성 제고,Y,56,위기상황분석,p.9,,,https://www.fss.or.kr/fss.hpdownload?path=/dtm/opn/&file=202000329_12_%EC%A0%9C%EC%9E%AC%EB%82%B4%EC%9A%A9+%EA%B3%B5%EA%B0%9C%EC%95%88%28%EA%B2%BD%EC%98%81%EC%9C%A0%EC%9D%98+%EB%93%B1%29_%ED%95%98%EB%82%98%EA%B8%88%EC%9C%B5%EC%A7%80%EC%A3%BC%28f%29.pdf,202000329_12_제재내용 공개안(경영유의 등)_하나금융지주(f).pdf,e0f00f124d0418e0f198c95c887d016ebeeb57a9d7c59bbe5095331c0bed0458
금융회사 경영유의사항 등 공시,하나금융지주,주식회사 하나금융지주,N,20220729,일반은행검사국,경영유의사항,(19),복합점포 운영 관련 내부통제기준 및 이행실태 점검 강화,N,,,"p.9,p.10",,,https://www.fss.or.kr/fss.hpdownload?path=/dtm/opn/&file=202000329_12_%EC%A0%9C%EC%9E%AC%EB%82%B4%EC%9A%A9+%EA%B3%B5%EA%B0%9C%EC%95%88%28%EA%B2%BD%EC%98%81%EC%9C%A0%EC%9D%98+%EB%93%B1%29_%ED%95%98%EB%82%98%EA%B8%88%EC%9C%B5%EC%A7%80%EC%A3%BC%28f%29.pdf,202000329_12_제재내용 공개안(경영유의 등)_하나금융지주(f).pdf,e0f00f124d0418e0f198c95c887d016ebeeb57a9d7c59bbe5095331c0bed0458
금융회사 경영유의사항 등 공시,하나금융지주,주식회사 하나금융지주,N,20220729,일반은행검사국,경영유의사항,(20),겸직임원 인건비 배분 부적정,N,,,p.10,｢하나금융그룹 인력교육 협약｣ 제12조,,https://www.fss.or.kr/fss.hpdownload?path=/dtm/opn/&file=202000329_12_%EC%A0%9C%EC%9E%AC%EB%82%B4%EC%9A%A9+%EA%B3%B5%EA%B0%9C%EC%95%88%28%EA%B2%BD%EC%98%81%EC%9C%A0%EC%9D%98+%EB%93%B1%29_%ED%95%98%EB%82%98%EA%B8%88%EC%9C%B5%EC%A7%80%EC%A3%BC%28f%29.pdf,202000329_12_제재내용 공개안(경영유의 등)_하나금융지주(f).pdf,e0f00f124d0418e0f198c95c887d016ebeeb57a9d7c59bbe5095331c0bed0458
금융회사 경영유의사항 등 공시,하나금융지주,주식회사 하나금융지주,N,20220729,일반은행검사국,개선사항,(1),그룹내부통제체계의 실효성 미흡,N,,,"p.11,p.12",｢상법｣ 제412조의5 ; ｢그룹내부통제규정｣ 제7조 및 제9조 ; ｢그룹내부통제규정｣ 제9조,,https://www.fss.or.kr/fss.hpdownload?path=/dtm/opn/&file=202000329_12_%EC%A0%9C%EC%9E%AC%EB%82%B4%EC%9A%A9+%EA%B3%B5%EA%B0%9C%EC%95%88%28%EA%B2%BD%EC%98%81%EC%9C%A0%EC%9D%98+%EB%93%B1%29_%ED%95%98%EB%82%98%EA%B8%88%EC%9C%B5%EC%A7%80%EC%A3%BC%28f%29.pdf,202000329_12_제재내용 공개안(경영유의 등)_하나금융지주(f).pdf,e0f00f124d0418e0f198c95c887d016ebeeb57a9d7c59bbe5095331c0bed0458
금융회사 경영유의사항 등 공시,하나금융지주,주식회사 하나금융지주,N,20220729,일반은행검사국,개선사항,(2),그룹준법감시인의 내부통제활동 불합리,N,,,"p.12,p.13,p.14",｢지배구조감독규정｣ 제11조 ; ｢금융회사지배구조 감독규정｣ 제11조 제1항,,https://www.fss.or.kr/fss.hpdownload?path=/dtm/opn/&file=202000329_12_%EC%A0%9C%EC%9E%AC%EB%82%B4%EC%9A%A9+%EA%B3%B5%EA%B0%9C%EC%95%88%28%EA%B2%BD%EC%98%81%EC%9C%A0%EC%9D%98+%EB%93%B1%29_%ED%95%98%EB%82%98%EA%B8%88%EC%9C%B5%EC%A7%80%EC%A3%BC%28f%29.pdf,202000329_12_제재내용 공개안(경영유의 등)_하나금융지주(f).pdf,e0f00f124d0418e0f198c95c887d016ebeeb57a9d7c59bbe5095331c0bed0458
금융회사 경영유의사항 등 공시,하나금융지주,주식회사 하나금융지주,N,20220729,일반은행검사국,개선사항,(3),자회사등에 대한 검사업무 미흡,N,,,"p.14,p.15",｢관계회사에 대한 검사규정｣ 제5조 ; ｢금융지주회사법｣ 제15조 및 제50조 ; ｢감사업무규정｣ 제17조 ; ｢금융지주회사법시행령｣ 제11조 ; ｢지배구조감독규정｣ 제11조,,https://www.fss.or.kr/fss.hpdownload?path=/dtm/opn/&file=202000329_12_%EC%A0%9C%EC%9E%AC%EB%82%B4%EC%9A%A9+%EA%B3%B5%EA%B0%9C%EC%95%88%28%EA%B2%BD%EC%98%81%EC%9C%A0%EC%9D%98+%EB%93%B1%29_%ED%95%98%EB%82%98%EA%B8%88%EC%9C%B5%EC%A7%80%EC%A3%BC%28f%29.pdf,202000329_12_제재내용 공개안(경영유의 등)_하나금융지주(f).pdf,e0f00f124d0418e0f198c95c887d016ebeeb57a9d7c59bbe5095331c0bed0458
금융회사 경영유의사항 등 공시,하나금융지주,주식회사 하나금융지주,N,20220729,일반은행검사국,개선사항,(4),관계회사 검사결과 조치요구사항에 대한 사후관리 절차 미흡,N,,,"p.15,p.16",｢관계회사에 대한 검사규정｣ 제10조,,https://www.fss.or.kr/fss.hpdownload?path=/dtm/opn/&file=202000329_12_%EC%A0%9C%EC%9E%AC%EB%82%B4%EC%9A%A9+%EA%B3%B5%EA%B0%9C%EC%95%88%28%EA%B2%BD%EC%98%81%EC%9C%A0%EC%9D%98+%EB%93%B1%29_%ED%95%98%EB%82%98%EA%B8%88%EC%9C%B5%EC%A7%80%EC%A3%BC%28f%29.pdf,202000329_12_제재내용 공개안(경영유의 등)_하나금융지주(f).pdf,e0f00f124d0418e0f198c95c887d016ebeeb57a9d7c59bbe5095331c0bed0458
금융회사 경영유의사항 등 공시,하나금융지주,주식회사 하나금융지주,N,20220729,일반은행검사국,개선사항,(5),집합투자증권 위험가중치 산출절차 미흡,Y,21,집합투자증권 위험가중치,p.16,｢은행업감독업무 시행세칙｣ <별표3>,,https://www.fss.or.kr/fss.hpdownload?path=/dtm/opn/&file=202000329_12_%EC%A0%9C%EC%9E%AC%EB%82%B4%EC%9A%A9+%EA%B3%B5%EA%B0%9C%EC%95%88%28%EA%B2%BD%EC%98%81%EC%9C%A0%EC%9D%98+%EB%93%B1%29_%ED%95%98%EB%82%98%EA%B8%88%EC%9C%B5%EC%A7%80%EC%A3%BC%28f%29.pdf,202000329_12_제재내용 공개안(경영유의 등)_하나금융지주(f).pdf,e0f00f124d0418e0f198c95c887d016ebeeb57a9d7c59bbe5095331c0bed0458
금융회사 경영유의사항 등 공시,하나금융지주,주식회사 하나금융지주,N,20220729,일반은행검사국,개선사항,(6),그룹 유동성리스크 관리 미흡,Y,25,그룹 유동성리스크,p.16,,,https://www.fss.or.kr/fss.hpdownload?path=/dtm/opn/&file=202000329_12_%EC%A0%9C%EC%9E%AC%EB%82%B4%EC%9A%A9+%EA%B3%B5%EA%B0%9C%EC%95%88%28%EA%B2%BD%EC%98%81%EC%9C%A0%EC%9D%98+%EB%93%B1%29_%ED%95%98%EB%82%98%EA%B8%88%EC%9C%B5%EC%A7%80%EC%A3%BC%28f%29.pdf,202000329_12_제재내용 공개안(경영유의 등)_하나금융지주(f).pdf,e0f00f124d0418e0f198c95c887d016ebeeb57a9d7c59bbe5095331c0bed0458
금융회사 경영유의사항 등 공시,하나금융지주,주식회사 하나금융지주,N,20220729,일반은행검사국,개선사항,(7),산업별 신용공여한도 설정 및 관리방법 불합리,Y,26,산업별 신용공여한도(편중),"p.16,p.17",,,https://www.fss.or.kr/fss.hpdownload?path=/dtm/opn/&file=202000329_12_%EC%A0%9C%EC%9E%AC%EB%82%B4%EC%9A%A9+%EA%B3%B5%EA%B0%9C%EC%95%88%28%EA%B2%BD%EC%98%81%EC%9C%A0%EC%9D%98+%EB%93%B1%29_%ED%95%98%EB%82%98%EA%B8%88%EC%9C%B5%EC%A7%80%EC%A3%BC%28f%29.pdf,202000329_12_제재내용 공개안(경영유의 등)_하나금융지주(f).pdf,e0f00f124d0418e0f198c95c887d016ebeeb57a9d7c59bbe5095331c0bed0458
금융회사 경영유의사항 등 공시,하나금융지주,주식회사 하나금융지주,N,20220729,일반은행검사국,개선사항,(8),그룹 리스크관리집행위원회 구성 부적정,Y,12,리스크관리집행위원회 구성,p.17,,,https://www.fss.or.kr/fss.hpdownload?path=/dtm/opn/&file=202000329_12_%EC%A0%9C%EC%9E%AC%EB%82%B4%EC%9A%A9+%EA%B3%B5%EA%B0%9C%EC%95%88%28%EA%B2%BD%EC%98%81%EC%9C%A0%EC%9D%98+%EB%93%B1%29_%ED%95%98%EB%82%98%EA%B8%88%EC%9C%B5%EC%A7%80%EC%A3%BC%28f%29.pdf,202000329_12_제재내용 공개안(경영유의 등)_하나금융지주(f).pdf,e0f00f124d0418e0f198c95c887d016ebeeb57a9d7c59bbe5095331c0bed0458
금융회사 경영유의사항 등 공시,하나금융지주,주식회사 하나금융지주,N,20220729,일반은행검사국,개선사항,(9),배당가능이익 한도 산정 절차 미흡,N,,,p.17,,,https://www.fss.or.kr/fss.hpdownload?path=/dtm/opn/&file=202000329_12_%EC%A0%9C%EC%9E%AC%EB%82%B4%EC%9A%A9+%EA%B3%B5%EA%B0%9C%EC%95%88%28%EA%B2%BD%EC%98%81%EC%9C%A0%EC%9D%98+%EB%93%B1%29_%ED%95%98%EB%82%98%EA%B8%88%EC%9C%B5%EC%A7%80%EC%A3%BC%28f%29.pdf,202000329_12_제재내용 공개안(경영유의 등)_하나금융지주(f).pdf,e0f00f124d0418e0f198c95c887d016ebeeb57a9d7c59bbe5095331c0bed0458
금융회사 경영유의사항 등 공시,KB금융지주,주식회사 케이비금융지주,N,20221214,일반은행검사국,경영유의사항,(1),그룹공동사업 확대에 따른 그룹차원의 내부통제 활동 강화,N,,,"p.1,p.2","｢내부통제규정｣ 제4조,제6조및 제9조",,https://www.fss.or.kr/fss.hpdownload?path=/dtm/opn/&file=202100318_12_KB%EA%B8%88%EC%9C%B5%EC%A7%80%EC%A3%BC+%EA%B2%BD%EC%98%81%EC%9C%A0%EC%9D%98%EC%82%AC%ED%95%AD+%EA%B3%B5%EA%B0%9C%EC%95%88.pdf,202100318_12_KB금융지주 경영유의사항 공개안.pdf,4bb8ee52c87a080e48a584f4a22072f418faa9e781169e2b42ce6b9a25f56456
금융회사 경영유의사항 등 공시,KB금융지주,주식회사 케이비금융지주,N,20221214,일반은행검사국,경영유의사항,(2),지주 경영위원회 및 그룹경영관리위원회 운영의 투명성 강화,N,,,"p.2,p.3",｢내부통제규정｣ 제9조,,https://www.fss.or.kr/fss.hpdownload?path=/dtm/opn/&file=202100318_12_KB%EA%B8%88%EC%9C%B5%EC%A7%80%EC%A3%BC+%EA%B2%BD%EC%98%81%EC%9C%A0%EC%9D%98%EC%82%AC%ED%95%AD+%EA%B3%B5%EA%B0%9C%EC%95%88.pdf,202100318_12_KB금융지주 경영유의사항 공개안.pdf,4bb8ee52c87a080e48a584f4a22072f418faa9e781169e2b42ce6b9a25f56456
금융회사 경영유의사항 등 공시,KB금융지주,주식회사 케이비금융지주,N,20221214,일반은행검사국,경영유의사항,(3),임원 퇴직보수 및 경영자문역 제도 운영 합리화,N,,,p.3,,,https://www.fss.or.kr/fss.hpdownload?path=/dtm/opn/&file=202100318_12_KB%EA%B8%88%EC%9C%B5%EC%A7%80%EC%A3%BC+%EA%B2%BD%EC%98%81%EC%9C%A0%EC%9D%98%EC%82%AC%ED%95%AD+%EA%B3%B5%EA%B0%9C%EC%95%88.pdf,202100318_12_KB금융지주 경영유의사항 공개안.pdf,4bb8ee52c87a080e48a584f4a22072f418faa9e781169e2b42ce6b9a25f56456
금융회사 경영유의사항 등 공시,KB금융지주,주식회사 케이비금융지주,N,20221214,일반은행검사국,경영유의사항,(4),신종자본증권 발행을 통한 자본관리 계획에 대한 분석 및 리스크관리 강화,Y,49,신종자본증권 발행 자본관리 계획,"p.3,p.4",,,https://www.fss.or.kr/fss.hpdownload?path=/dtm/opn/&file=202100318_12_KB%EA%B8%88%EC%9C%B5%EC%A7%80%EC%A3%BC+%EA%B2%BD%EC%98%81%EC%9C%A0%EC%9D%98%EC%82%AC%ED%95%AD+%EA%B3%B5%EA%B0%9C%EC%95%88.pdf,202100318_12_KB금융지주 경영유의사항 공개안.pdf,4bb8ee52c87a080e48a584f4a22072f418faa9e781169e2b42ce6b9a25f56456
금융회사 경영유의사항 등 공시,KB금융지주,주식회사 케이비금융지주,N,20221214,일반은행검사국,개선사항,(1),금리리스크 관리 체계 개선,Y,24,금리리스크 관리 체계,p.5,,,https://www.fss.or.kr/fss.hpdownload?path=/dtm/opn/&file=202100318_12_KB%EA%B8%88%EC%9C%B5%EC%A7%80%EC%A3%BC+%EA%B2%BD%EC%98%81%EC%9C%A0%EC%9D%98%EC%82%AC%ED%95%AD+%EA%B3%B5%EA%B0%9C%EC%95%88.pdf,202100318_12_KB금융지주 경영유의사항 공개안.pdf,4bb8ee52c87a080e48a584f4a22072f418faa9e781169e2b42ce6b9a25f56456
금융회사 경영유의사항 등 공시,KB금융지주,주식회사 케이비금융지주,N,20221214,일반은행검사국,개선사항,(2),복합점포 금융사고 /주요사항에 대한 보고 절차 개선,N,,,p.5,｢복합점포 설치 및 운영에 관한 지침｣ 제10조,,https://www.fss.or.kr/fss.hpdownload?path=/dtm/opn/&file=202100318_12_KB%EA%B8%88%EC%9C%B5%EC%A7%80%EC%A3%BC+%EA%B2%BD%EC%98%81%EC%9C%A0%EC%9D%98%EC%82%AC%ED%95%AD+%EA%B3%B5%EA%B0%9C%EC%95%88.pdf,202100318_12_KB금융지주 경영유의사항 공개안.pdf,4bb8ee52c87a080e48a584f4a22072f418faa9e781169e2b42ce6b9a25f56456
금융회사 경영유의사항 등 공시,KB금융지주,주식회사 케이비금융지주,N,20221214,일반은행검사국,개선사항,(3),연계영업시 구속행위 방지 체계 개선,N,,,p.6,｢내부통제규정｣ 제16조,,https://www.fss.or.kr/fss.hpdownload?path=/dtm/opn/&file=202100318_12_KB%EA%B8%88%EC%9C%B5%EC%A7%80%EC%A3%BC+%EA%B2%BD%EC%98%81%EC%9C%A0%EC%9D%98%EC%82%AC%ED%95%AD+%EA%B3%B5%EA%B0%9C%EC%95%88.pdf,202100318_12_KB금융지주 경영유의사항 공개안.pdf,4bb8ee52c87a080e48a584f4a22072f418faa9e781169e2b42ce6b9a25f56456
금융회사 경영유의사항 등 공시,메리츠금융지주,주식회사 메리츠금융지주,Y,20221223,금융투자검사국,경영유의사항,가.,보수위원회의 겸직임직원 보수배분 관련 역할 강화,N,,,"p.1,p.2",,,https://www.fss.or.kr/fss.hpdownload?path=/dtm/opn/&file=202100294_11_%EA%B2%BD%EC%98%81%EC%9C%A0%EC%9D%98%EC%82%AC%ED%95%AD+%EB%93%B1+%EA%B3%B5%EC%8B%9C_%EB%A9%94%EB%A6%AC%EC%B8%A0%EA%B8%88%EC%9C%B5%EC%A7%80%EC%A3%BC.pdf,202100294_11_경영유의사항 등 공시_메리츠금융지주.pdf,83860c4260e0580d7193c232974c14198d997313b7464d8fa5a03a78bca896d4
금융회사 경영유의사항 등 공시,메리츠금융지주,주식회사 메리츠금융지주,Y,20221223,금융투자검사국,경영유의사항,나.,위험관리책임자에 대한 성과평가체계 합리화,Y,11,위험관리책임자 성과평가,p.2,,,https://www.fss.or.kr/fss.hpdownload?path=/dtm/opn/&file=202100294_11_%EA%B2%BD%EC%98%81%EC%9C%A0%EC%9D%98%EC%82%AC%ED%95%AD+%EB%93%B1+%EA%B3%B5%EC%8B%9C_%EB%A9%94%EB%A6%AC%EC%B8%A0%EA%B8%88%EC%9C%B5%EC%A7%80%EC%A3%BC.pdf,202100294_11_경영유의사항 등 공시_메리츠금융지주.pdf,83860c4260e0580d7193c232974c14198d997313b7464d8fa5a03a78bca896d4
금융회사 경영유의사항 등 공시,메리츠금융지주,주식회사 메리츠금융지주,Y,20221223,금융투자검사국,경영유의사항,다.,감사업무의 독립성 ․충실성 확보 필요,N,,,p.3,,,https://www.fss.or.kr/fss.hpdownload?path=/dtm/opn/&file=202100294_11_%EA%B2%BD%EC%98%81%EC%9C%A0%EC%9D%98%EC%82%AC%ED%95%AD+%EB%93%B1+%EA%B3%B5%EC%8B%9C_%EB%A9%94%EB%A6%AC%EC%B8%A0%EA%B8%88%EC%9C%B5%EC%A7%80%EC%A3%BC.pdf,202100294_11_경영유의사항 등 공시_메리츠금융지주.pdf,83860c4260e0580d7193c232974c14198d997313b7464d8fa5a03a78bca896d4
금융회사 경영유의사항 등 공시,메리츠금융지주,주식회사 메리츠금융지주,Y,20221223,금융투자검사국,경영유의사항,라.,중요 의사결정에 대한 일상감사 강화 필요,N,,,p.3,,,https://www.fss.or.kr/fss.hpdownload?path=/dtm/opn/&file=202100294_11_%EA%B2%BD%EC%98%81%EC%9C%A0%EC%9D%98%EC%82%AC%ED%95%AD+%EB%93%B1+%EA%B3%B5%EC%8B%9C_%EB%A9%94%EB%A6%AC%EC%B8%A0%EA%B8%88%EC%9C%B5%EC%A7%80%EC%A3%BC.pdf,202100294_11_경영유의사항 등 공시_메리츠금융지주.pdf,83860c4260e0580d7193c232974c14198d997313b7464d8fa5a03a78bca896d4
금융회사 경영유의사항 등 공시,메리츠금융지주,주식회사 메리츠금융지주,Y,20221223,금융투자검사국,경영유의사항,마.,중요 의사결정 문서에 대한 관리체계 강화,N,,,"p.3,p.4",,,https://www.fss.or.kr/fss.hpdownload?path=/dtm/opn/&file=202100294_11_%EA%B2%BD%EC%98%81%EC%9C%A0%EC%9D%98%EC%82%AC%ED%95%AD+%EB%93%B1+%EA%B3%B5%EC%8B%9C_%EB%A9%94%EB%A6%AC%EC%B8%A0%EA%B8%88%EC%9C%B5%EC%A7%80%EC%A3%BC.pdf,202100294_11_경영유의사항 등 공시_메리츠금융지주.pdf,83860c4260e0580d7193c232974c14198d997313b7464d8fa5a03a78bca896d4
금융회사 경영유의사항 등 공시,메리츠금융지주,주식회사 메리츠금융지주,Y,20221223,금융투자검사국,경영유의사항,바.,업무메일 저장정책 마련 및 전산관리 강화,N,,,p.4,,,https://www.fss.or.kr/fss.hpdownload?path=/dtm/opn/&file=202100294_11_%EA%B2%BD%EC%98%81%EC%9C%A0%EC%9D%98%EC%82%AC%ED%95%AD+%EB%93%B1+%EA%B3%B5%EC%8B%9C_%EB%A9%94%EB%A6%AC%EC%B8%A0%EA%B8%88%EC%9C%B5%EC%A7%80%EC%A3%BC.pdf,202100294_11_경영유의사항 등 공시_메리츠금융지주.pdf,83860c4260e0580d7193c232974c14198d997313b7464d8fa5a03a78bca896d4
금융회사 경영유의사항 등 공시,메리츠금융지주,주식회사 메리츠금융지주,Y,20221223,금융투자검사국,경영유의사항,사.,준법감시인의 사전검토 업무 강화,N,,,p.4,,,https://www.fss.or.kr/fss.hpdownload?path=/dtm/opn/&file=202100294_11_%EA%B2%BD%EC%98%81%EC%9C%A0%EC%9D%98%EC%82%AC%ED%95%AD+%EB%93%B1+%EA%B3%B5%EC%8B%9C_%EB%A9%94%EB%A6%AC%EC%B8%A0%EA%B8%88%EC%9C%B5%EC%A7%80%EC%A3%BC.pdf,202100294_11_경영유의사항 등 공시_메리츠금융지주.pdf,83860c4260e0580d7193c232974c14198d997313b7464d8fa5a03a78bca896d4
금융회사 경영유의사항 등 공시,메리츠금융지주,주식회사 메리츠금융지주,Y,20221223,금융투자검사국,경영유의사항,아.,자회사등 매각 관련 업무절차 마련 필요,N,,,p.5,,,https://www.fss.or.kr/fss.hpdownload?path=/dtm/opn/&file=202100294_11_%EA%B2%BD%EC%98%81%EC%9C%A0%EC%9D%98%EC%82%AC%ED%95%AD+%EB%93%B1+%EA%B3%B5%EC%8B%9C_%EB%A9%94%EB%A6%AC%EC%B8%A0%EA%B8%88%EC%9C%B5%EC%A7%80%EC%A3%BC.pdf,202100294_11_경영유의사항 등 공시_메리츠금융지주.pdf,83860c4260e0580d7193c232974c14198d997313b7464d8fa5a03a78bca896d4
금융회사 경영유의사항 등 공시,메리츠금융지주,주식회사 메리츠금융지주,Y,20221223,금융투자검사국,경영유의사항,자.,해외투자 리스크관리 강화,Y,34,해외투자 리스크관리,p.5,,,https://www.fss.or.kr/fss.hpdownload?path=/dtm/opn/&file=202100294_11_%EA%B2%BD%EC%98%81%EC%9C%A0%EC%9D%98%EC%82%AC%ED%95%AD+%EB%93%B1+%EA%B3%B5%EC%8B%9C_%EB%A9%94%EB%A6%AC%EC%B8%A0%EA%B8%88%EC%9C%B5%EC%A7%80%EC%A3%BC.pdf,202100294_11_경영유의사항 등 공시_메리츠금융지주.pdf,83860c4260e0580d7193c232974c14198d997313b7464d8fa5a03a78bca896d4
금융회사 경영유의사항 등 공시,메리츠금융지주,주식회사 메리츠금융지주,Y,20221223,금융투자검사국,경영유의사항,차.,브랜드사용료의 합리적 산정 필요,N,,,p.5,,,https://www.fss.or.kr/fss.hpdownload?path=/dtm/opn/&file=202100294_11_%EA%B2%BD%EC%98%81%EC%9C%A0%EC%9D%98%EC%82%AC%ED%95%AD+%EB%93%B1+%EA%B3%B5%EC%8B%9C_%EB%A9%94%EB%A6%AC%EC%B8%A0%EA%B8%88%EC%9C%B5%EC%A7%80%EC%A3%BC.pdf,202100294_11_경영유의사항 등 공시_메리츠금융지주.pdf,83860c4260e0580d7193c232974c14198d997313b7464d8fa5a03a78bca896d4
금융회사 경영유의사항 등 공시,메리츠금융지주,주식회사 메리츠금융지주,Y,20221223,금융투자검사국,개선사항,가.,자회사 공동투자 관련 내부통제 절차 개선,경계,33·15,공동투자 비공식 회의체(내부통제),p.6,,,https://www.fss.or.kr/fss.hpdownload?path=/dtm/opn/&file=202100294_11_%EA%B2%BD%EC%98%81%EC%9C%A0%EC%9D%98%EC%82%AC%ED%95%AD+%EB%93%B1+%EA%B3%B5%EC%8B%9C_%EB%A9%94%EB%A6%AC%EC%B8%A0%EA%B8%88%EC%9C%B5%EC%A7%80%EC%A3%BC.pdf,202100294_11_경영유의사항 등 공시_메리츠금융지주.pdf,83860c4260e0580d7193c232974c14198d997313b7464d8fa5a03a78bca896d4
금융회사 경영유의사항 등 공시,메리츠금융지주,주식회사 메리츠금융지주,Y,20221223,금융투자검사국,개선사항,나.,대규모 투자 사전심의 기준 개선,Y,15·26,대규모 투자 사전심의 기준(총익스포져),p.6,,,https://www.fss.or.kr/fss.hpdownload?path=/dtm/opn/&file=202100294_11_%EA%B2%BD%EC%98%81%EC%9C%A0%EC%9D%98%EC%82%AC%ED%95%AD+%EB%93%B1+%EA%B3%B5%EC%8B%9C_%EB%A9%94%EB%A6%AC%EC%B8%A0%EA%B8%88%EC%9C%B5%EC%A7%80%EC%A3%BC.pdf,202100294_11_경영유의사항 등 공시_메리츠금융지주.pdf,83860c4260e0580d7193c232974c14198d997313b7464d8fa5a03a78bca896d4
금융회사 경영유의사항 등 공시,메리츠금융지주,주식회사 메리츠금융지주,Y,20221223,금융투자검사국,개선사항,다.,리스크관리 관련 내규 개정 등 업무 개선,Y,15·16·6,자회사 사전보고 대상·리스크 내규,p.7,,,https://www.fss.or.kr/fss.hpdownload?path=/dtm/opn/&file=202100294_11_%EA%B2%BD%EC%98%81%EC%9C%A0%EC%9D%98%EC%82%AC%ED%95%AD+%EB%93%B1+%EA%B3%B5%EC%8B%9C_%EB%A9%94%EB%A6%AC%EC%B8%A0%EA%B8%88%EC%9C%B5%EC%A7%80%EC%A3%BC.pdf,202100294_11_경영유의사항 등 공시_메리츠금융지주.pdf,83860c4260e0580d7193c232974c14198d997313b7464d8fa5a03a78bca896d4
금융회사 경영유의사항 등 공시,BNK금융지주,(주)BNK금융지주,N,20230316,은행검사2국,경영유의사항,1),사외이사 선임 절차 및 평가제도 정비,N,,,"p.1,p.2",,,https://www.fss.or.kr/fss.hpdownload?path=/dtm/opn/&file=202200580_11_230324_BNK%EA%B8%88%EC%9C%B5%EC%A7%80%EC%A3%BC+%EC%88%98%EC%8B%9C%EA%B2%80%EC%82%AC+%EC%A0%9C%EC%9E%AC%EB%82%B4%EC%9A%A9+%EA%B3%B5%EA%B0%9C%EC%95%88_%EA%B2%BD%EC%98%81%EC%9C%A0%EC%9D%98%EC%82%AC%ED%95%AD.pdf,202200580_11_230324_BNK금융지주 수시검사 제재내용 공개안_경영유의사항.pdf,462022b100b8c87e86a6b0318848298b90d0d59f0a16aa446c4a53f92d2edab6
금융회사 경영유의사항 등 공시,BNK금융지주,(주)BNK금융지주,N,20230316,은행검사2국,경영유의사항,2),채권 발행 관련 내부통제기준 정비,N,,,"p.2,p.3",,,https://www.fss.or.kr/fss.hpdownload?path=/dtm/opn/&file=202200580_11_230324_BNK%EA%B8%88%EC%9C%B5%EC%A7%80%EC%A3%BC+%EC%88%98%EC%8B%9C%EA%B2%80%EC%82%AC+%EC%A0%9C%EC%9E%AC%EB%82%B4%EC%9A%A9+%EA%B3%B5%EA%B0%9C%EC%95%88_%EA%B2%BD%EC%98%81%EC%9C%A0%EC%9D%98%EC%82%AC%ED%95%AD.pdf,202200580_11_230324_BNK금융지주 수시검사 제재내용 공개안_경영유의사항.pdf,462022b100b8c87e86a6b0318848298b90d0d59f0a16aa446c4a53f92d2edab6
금융회사 경영유의사항 등 공시,NH농협금융지주,농협금융지주 주식회사,N,20231013,은행검사2국,개선사항,(1),그룹 임직원 겸직 승인·보고 운용체계 불합리,N,,,p.1,,,https://www.fss.or.kr/fss.hpdownload?path=/dtm/opn/&file=202200021_11_%EB%86%8D%ED%98%91%EA%B8%88%EC%9C%B5%EC%A7%80%EC%A3%BC+%EC%A0%95%EA%B8%B0%EA%B2%80%EC%82%AC+%EA%B2%BD%EC%98%81%EC%9C%A0%EC%9D%98%EC%82%AC%ED%95%AD+%EB%93%B1+%EA%B3%B5%EA%B0%9C%EC%95%88F.pdf,202200021_11_농협금융지주 정기검사 경영유의사항 등 공개안F.pdf,1564bbcf9774da59c8ae18f9c5a6a3c7017d4757f9499865d60baf372ea952fb
금융회사 경영유의사항 등 공시,NH농협금융지주,농협금융지주 주식회사,N,20231013,은행검사2국,개선사항,(2),그룹 내부거래 관련 사전협의 ·보고 절차 개선,경계,33·15·16,그룹 내부거래 사전협의·보고,"p.1,p.2",｢상법｣ 제398조 ; ｢이사회규정｣ 제13조,,https://www.fss.or.kr/fss.hpdownload?path=/dtm/opn/&file=202200021_11_%EB%86%8D%ED%98%91%EA%B8%88%EC%9C%B5%EC%A7%80%EC%A3%BC+%EC%A0%95%EA%B8%B0%EA%B2%80%EC%82%AC+%EA%B2%BD%EC%98%81%EC%9C%A0%EC%9D%98%EC%82%AC%ED%95%AD+%EB%93%B1+%EA%B3%B5%EA%B0%9C%EC%95%88F.pdf,202200021_11_농협금융지주 정기검사 경영유의사항 등 공개안F.pdf,1564bbcf9774da59c8ae18f9c5a6a3c7017d4757f9499865d60baf372ea952fb
금융회사 경영유의사항 등 공시,NH농협금융지주,농협금융지주 주식회사,N,20231013,은행검사2국,개선사항,(3),경영진 성과보수 환수절차 개선,N,,,p.2,,,https://www.fss.or.kr/fss.hpdownload?path=/dtm/opn/&file=202200021_11_%EB%86%8D%ED%98%91%EA%B8%88%EC%9C%B5%EC%A7%80%EC%A3%BC+%EC%A0%95%EA%B8%B0%EA%B2%80%EC%82%AC+%EA%B2%BD%EC%98%81%EC%9C%A0%EC%9D%98%EC%82%AC%ED%95%AD+%EB%93%B1+%EA%B3%B5%EA%B0%9C%EC%95%88F.pdf,202200021_11_농협금융지주 정기검사 경영유의사항 등 공개안F.pdf,1564bbcf9774da59c8ae18f9c5a6a3c7017d4757f9499865d60baf372ea952fb
금융회사 경영유의사항 등 공시,NH농협금융지주,농협금융지주 주식회사,N,20231013,은행검사2국,개선사항,(4),중복차주 자산건전성 분류 및 대손충당금 적립 점검 절차 미흡,Y,21,중복차주 자산건전성·충당금,"p.2,p.3",,,https://www.fss.or.kr/fss.hpdownload?path=/dtm/opn/&file=202200021_11_%EB%86%8D%ED%98%91%EA%B8%88%EC%9C%B5%EC%A7%80%EC%A3%BC+%EC%A0%95%EA%B8%B0%EA%B2%80%EC%82%AC+%EA%B2%BD%EC%98%81%EC%9C%A0%EC%9D%98%EC%82%AC%ED%95%AD+%EB%93%B1+%EA%B3%B5%EA%B0%9C%EC%95%88F.pdf,202200021_11_농협금융지주 정기검사 경영유의사항 등 공개안F.pdf,1564bbcf9774da59c8ae18f9c5a6a3c7017d4757f9499865d60baf372ea952fb
금융회사 경영유의사항 등 공시,NH농협금융지주,농협금융지주 주식회사,N,20231013,은행검사2국,개선사항,(5),협의회 운영 시 정보교류 차단 관련 업무처리 미흡,N,,,p.3,,,https://www.fss.or.kr/fss.hpdownload?path=/dtm/opn/&file=202200021_11_%EB%86%8D%ED%98%91%EA%B8%88%EC%9C%B5%EC%A7%80%EC%A3%BC+%EC%A0%95%EA%B8%B0%EA%B2%80%EC%82%AC+%EA%B2%BD%EC%98%81%EC%9C%A0%EC%9D%98%EC%82%AC%ED%95%AD+%EB%93%B1+%EA%B3%B5%EA%B0%9C%EC%95%88F.pdf,202200021_11_농협금융지주 정기검사 경영유의사항 등 공개안F.pdf,1564bbcf9774da59c8ae18f9c5a6a3c7017d4757f9499865d60baf372ea952fb
금융회사 경영유의사항 등 공시,NH농협금융지주,농협금융지주 주식회사,N,20231013,은행검사2국,개선사항,(6),자회사 기부금 운영절차 개선,N,,,p.3,,,https://www.fss.or.kr/fss.hpdownload?path=/dtm/opn/&file=202200021_11_%EB%86%8D%ED%98%91%EA%B8%88%EC%9C%B5%EC%A7%80%EC%A3%BC+%EC%A0%95%EA%B8%B0%EA%B2%80%EC%82%AC+%EA%B2%BD%EC%98%81%EC%9C%A0%EC%9D%98%EC%82%AC%ED%95%AD+%EB%93%B1+%EA%B3%B5%EA%B0%9C%EC%95%88F.pdf,202200021_11_농협금융지주 정기검사 경영유의사항 등 공개안F.pdf,1564bbcf9774da59c8ae18f9c5a6a3c7017d4757f9499865d60baf372ea952fb
금융회사 경영유의사항 등 공시,NH농협금융지주,농협금융지주 주식회사,N,20231013,은행검사2국,개선사항,(7),경영진 장기이연성과급 기급기준 불합리,N,,,"p.3,p.4",,,https://www.fss.or.kr/fss.hpdownload?path=/dtm/opn/&file=202200021_11_%EB%86%8D%ED%98%91%EA%B8%88%EC%9C%B5%EC%A7%80%EC%A3%BC+%EC%A0%95%EA%B8%B0%EA%B2%80%EC%82%AC+%EA%B2%BD%EC%98%81%EC%9C%A0%EC%9D%98%EC%82%AC%ED%95%AD+%EB%93%B1+%EA%B3%B5%EA%B0%9C%EC%95%88F.pdf,202200021_11_농협금융지주 정기검사 경영유의사항 등 공개안F.pdf,1564bbcf9774da59c8ae18f9c5a6a3c7017d4757f9499865d60baf372ea952fb
금융회사 경영유의사항 등 공시,NH농협금융지주,농협금융지주 주식회사,N,20231013,은행검사2국,개선사항,(8),공익법인 등에 대한 기부금 운영절차 개선,N,,,p.4,｢금융지주회사감독규정｣ 제28조의2,,https://www.fss.or.kr/fss.hpdownload?path=/dtm/opn/&file=202200021_11_%EB%86%8D%ED%98%91%EA%B8%88%EC%9C%B5%EC%A7%80%EC%A3%BC+%EC%A0%95%EA%B8%B0%EA%B2%80%EC%82%AC+%EA%B2%BD%EC%98%81%EC%9C%A0%EC%9D%98%EC%82%AC%ED%95%AD+%EB%93%B1+%EA%B3%B5%EA%B0%9C%EC%95%88F.pdf,202200021_11_농협금융지주 정기검사 경영유의사항 등 공개안F.pdf,1564bbcf9774da59c8ae18f9c5a6a3c7017d4757f9499865d60baf372ea952fb
금융회사 경영유의사항 등 공시,NH농협금융지주,농협금융지주 주식회사,N,20231013,은행검사2국,개선사항,(9),고객 소개영업 관련 내부통제 운영체계 강화,N,,,p.4,,,https://www.fss.or.kr/fss.hpdownload?path=/dtm/opn/&file=202200021_11_%EB%86%8D%ED%98%91%EA%B8%88%EC%9C%B5%EC%A7%80%EC%A3%BC+%EC%A0%95%EA%B8%B0%EA%B2%80%EC%82%AC+%EA%B2%BD%EC%98%81%EC%9C%A0%EC%9D%98%EC%82%AC%ED%95%AD+%EB%93%B1+%EA%B3%B5%EA%B0%9C%EC%95%88F.pdf,202200021_11_농협금융지주 정기검사 경영유의사항 등 공개안F.pdf,1564bbcf9774da59c8ae18f9c5a6a3c7017d4757f9499865d60baf372ea952fb
금융회사 경영유의사항 등 공시,NH농협금융지주,농협금융지주 주식회사,N,20231013,은행검사2국,경영유의사항,(1),임원후보추천위원회 운영 절차 강화,N,,,p.5,,,https://www.fss.or.kr/fss.hpdownload?path=/dtm/opn/&file=202200021_11_%EB%86%8D%ED%98%91%EA%B8%88%EC%9C%B5%EC%A7%80%EC%A3%BC+%EC%A0%95%EA%B8%B0%EA%B2%80%EC%82%AC+%EA%B2%BD%EC%98%81%EC%9C%A0%EC%9D%98%EC%82%AC%ED%95%AD+%EB%93%B1+%EA%B3%B5%EA%B0%9C%EC%95%88F.pdf,202200021_11_농협금융지주 정기검사 경영유의사항 등 공개안F.pdf,1564bbcf9774da59c8ae18f9c5a6a3c7017d4757f9499865d60baf372ea952fb
금융회사 경영유의사항 등 공시,NH농협금융지주,농협금융지주 주식회사,N,20231013,은행검사2국,경영유의사항,(2),그룹 준법감시인의 내부통제 운영체계 강화,N,,,"p.5,p.6",｢준법감시업무규정｣ 제28조,,https://www.fss.or.kr/fss.hpdownload?path=/dtm/opn/&file=202200021_11_%EB%86%8D%ED%98%91%EA%B8%88%EC%9C%B5%EC%A7%80%EC%A3%BC+%EC%A0%95%EA%B8%B0%EA%B2%80%EC%82%AC+%EA%B2%BD%EC%98%81%EC%9C%A0%EC%9D%98%EC%82%AC%ED%95%AD+%EB%93%B1+%EA%B3%B5%EA%B0%9C%EC%95%88F.pdf,202200021_11_농협금융지주 정기검사 경영유의사항 등 공개안F.pdf,1564bbcf9774da59c8ae18f9c5a6a3c7017d4757f9499865d60baf372ea952fb
금융회사 경영유의사항 등 공시,NH농협금융지주,농협금융지주 주식회사,N,20231013,은행검사2국,경영유의사항,(3),자본적정성 관리를 위한 평가제도 강화,Y,49·35,자본적정성 목표·성과평가 반영,p.6,,,https://www.fss.or.kr/fss.hpdownload?path=/dtm/opn/&file=202200021_11_%EB%86%8D%ED%98%91%EA%B8%88%EC%9C%B5%EC%A7%80%EC%A3%BC+%EC%A0%95%EA%B8%B0%EA%B2%80%EC%82%AC+%EA%B2%BD%EC%98%81%EC%9C%A0%EC%9D%98%EC%82%AC%ED%95%AD+%EB%93%B1+%EA%B3%B5%EA%B0%9C%EC%95%88F.pdf,202200021_11_농협금융지주 정기검사 경영유의사항 등 공개안F.pdf,1564bbcf9774da59c8ae18f9c5a6a3c7017d4757f9499865d60baf372ea952fb
금융회사 경영유의사항 등 공시,NH농협금융지주,농협금융지주 주식회사,N,20231013,은행검사2국,경영유의사항,(4),비상조달계획 수립 시 위기상황분석 결과 반영 강화,Y,56·57,비상조달계획·위기상황분석,"p.6,p.7",,,https://www.fss.or.kr/fss.hpdownload?path=/dtm/opn/&file=202200021_11_%EB%86%8D%ED%98%91%EA%B8%88%EC%9C%B5%EC%A7%80%EC%A3%BC+%EC%A0%95%EA%B8%B0%EA%B2%80%EC%82%AC+%EA%B2%BD%EC%98%81%EC%9C%A0%EC%9D%98%EC%82%AC%ED%95%AD+%EB%93%B1+%EA%B3%B5%EA%B0%9C%EC%95%88F.pdf,202200021_11_농협금융지주 정기검사 경영유의사항 등 공개안F.pdf,1564bbcf9774da59c8ae18f9c5a6a3c7017d4757f9499865d60baf372ea952fb
금융회사 경영유의사항 등 공시,BNK금융지주,(주)BNK금융지주,N,20240221,은행검사2국,경영유의사항,(1),자회사 경영관리 업무 강화,N,,,"p.1,p.2,p.3,p.4",,,https://www.fss.or.kr/fss.hpdownload?path=/dtm/opn/&file=202300692_11_BNK%EA%B8%88%EC%9C%B5%EC%A7%80%EC%A3%BC+%EC%88%98%EC%8B%9C%EA%B2%80%EC%82%AC+%EA%B2%BD%EC%98%81%EC%9C%A0%EC%9D%98%EC%82%AC%ED%95%AD+%EB%93%B1+%EA%B3%B5%EC%8B%9CF.pdf,202300692_11_BNK금융지주 수시검사 경영유의사항 등 공시F.pdf,f5a082307934de00ebb97839bb6c9f13b62b5aae4fbd577c125e162c174eb92d
금융회사 경영유의사항 등 공시,BNK금융지주,(주)BNK금융지주,N,20240221,은행검사2국,경영유의사항,(2),문서관리 업무 강화,N,,,"p.4,p.5",,,https://www.fss.or.kr/fss.hpdownload?path=/dtm/opn/&file=202300692_11_BNK%EA%B8%88%EC%9C%B5%EC%A7%80%EC%A3%BC+%EC%88%98%EC%8B%9C%EA%B2%80%EC%82%AC+%EA%B2%BD%EC%98%81%EC%9C%A0%EC%9D%98%EC%82%AC%ED%95%AD+%EB%93%B1+%EA%B3%B5%EC%8B%9CF.pdf,202300692_11_BNK금융지주 수시검사 경영유의사항 등 공시F.pdf,f5a082307934de00ebb97839bb6c9f13b62b5aae4fbd577c125e162c174eb92d
금융회사 경영유의사항 등 공시,신한금융지주,주식회사 신한금융지주회사,N,20240520,은행검사1국,경영유의사항,(1),그룹위험관리위원회 사외이사 전문성 강화,Y,9,그룹위험관리위원회 사외이사 전문성,p.1,,,https://www.fss.or.kr/fss.hpdownload?path=/dtm/opn/&file=202300073_11_%EC%8B%A0%ED%95%9C%EA%B8%88%EC%9C%B5%EC%A7%80%EC%A3%BC_%EA%B2%BD%EC%98%81%EC%9C%A0%EC%9D%98%EC%82%AC%ED%95%AD+%EB%93%B1+%EA%B3%B5%EA%B0%9C%EC%95%88.pdf,202300073_11_신한금융지주_경영유의사항 등 공개안.pdf,7a6da82d60c1040044d67afaa6ebfab1f107a569a8ace730ceb447b53d6c9f42
금융회사 경영유의사항 등 공시,신한금융지주,주식회사 신한금융지주회사,N,20240520,은행검사1국,경영유의사항,(2),제주은행의 중장기 운영전략 수립에 대한 지원･관리 강화,N,,,"p.1,p.2",,,https://www.fss.or.kr/fss.hpdownload?path=/dtm/opn/&file=202300073_11_%EC%8B%A0%ED%95%9C%EA%B8%88%EC%9C%B5%EC%A7%80%EC%A3%BC_%EA%B2%BD%EC%98%81%EC%9C%A0%EC%9D%98%EC%82%AC%ED%95%AD+%EB%93%B1+%EA%B3%B5%EA%B0%9C%EC%95%88.pdf,202300073_11_신한금융지주_경영유의사항 등 공개안.pdf,7a6da82d60c1040044d67afaa6ebfab1f107a569a8ace730ceb447b53d6c9f42
금융회사 경영유의사항 등 공시,신한금융지주,주식회사 신한금융지주회사,N,20240520,은행검사1국,경영유의사항,(3),위기상황 대비 보수적인 자본관리 계획수립 및 운영 강화,Y,49·56,위기상황 대비 자본관리 계획,p.2,,,https://www.fss.or.kr/fss.hpdownload?path=/dtm/opn/&file=202300073_11_%EC%8B%A0%ED%95%9C%EA%B8%88%EC%9C%B5%EC%A7%80%EC%A3%BC_%EA%B2%BD%EC%98%81%EC%9C%A0%EC%9D%98%EC%82%AC%ED%95%AD+%EB%93%B1+%EA%B3%B5%EA%B0%9C%EC%95%88.pdf,202300073_11_신한금융지주_경영유의사항 등 공개안.pdf,7a6da82d60c1040044d67afaa6ebfab1f107a569a8ace730ceb447b53d6c9f42
금융회사 경영유의사항 등 공시,신한금융지주,주식회사 신한금융지주회사,N,20240520,은행검사1국,경영유의사항,(4),그룹사 유효이자율 적정성 점검 강화,N,,,p.2,,,https://www.fss.or.kr/fss.hpdownload?path=/dtm/opn/&file=202300073_11_%EC%8B%A0%ED%95%9C%EA%B8%88%EC%9C%B5%EC%A7%80%EC%A3%BC_%EA%B2%BD%EC%98%81%EC%9C%A0%EC%9D%98%EC%82%AC%ED%95%AD+%EB%93%B1+%EA%B3%B5%EA%B0%9C%EC%95%88.pdf,202300073_11_신한금융지주_경영유의사항 등 공개안.pdf,7a6da82d60c1040044d67afaa6ebfab1f107a569a8ace730ceb447b53d6c9f42
금융회사 경영유의사항 등 공시,신한금융지주,주식회사 신한금융지주회사,N,20240520,은행검사1국,경영유의사항,(5),통합 위기상황분석 관리체계 강화,Y,56,통합 위기상황분석,"p.2,p.3",,,https://www.fss.or.kr/fss.hpdownload?path=/dtm/opn/&file=202300073_11_%EC%8B%A0%ED%95%9C%EA%B8%88%EC%9C%B5%EC%A7%80%EC%A3%BC_%EA%B2%BD%EC%98%81%EC%9C%A0%EC%9D%98%EC%82%AC%ED%95%AD+%EB%93%B1+%EA%B3%B5%EA%B0%9C%EC%95%88.pdf,202300073_11_신한금융지주_경영유의사항 등 공개안.pdf,7a6da82d60c1040044d67afaa6ebfab1f107a569a8ace730ceb447b53d6c9f42
금융회사 경영유의사항 등 공시,신한금융지주,주식회사 신한금융지주회사,N,20240520,은행검사1국,개선사항,(1),경영진 성과보수 환수체계 개선,N,,,"p.3,p.4",｢지배구조법｣ 제22조 ; ｢금융회사 지배구조 감독규정｣ 제9조,,https://www.fss.or.kr/fss.hpdownload?path=/dtm/opn/&file=202300073_11_%EC%8B%A0%ED%95%9C%EA%B8%88%EC%9C%B5%EC%A7%80%EC%A3%BC_%EA%B2%BD%EC%98%81%EC%9C%A0%EC%9D%98%EC%82%AC%ED%95%AD+%EB%93%B1+%EA%B3%B5%EA%B0%9C%EC%95%88.pdf,202300073_11_신한금융지주_경영유의사항 등 공개안.pdf,7a6da82d60c1040044d67afaa6ebfab1f107a569a8ace730ceb447b53d6c9f42
금융회사 경영유의사항 등 공시,신한금융지주,주식회사 신한금융지주회사,N,20240520,은행검사1국,개선사항,(2),자회사 자금지원업무 관리 강화,경계,33,자회사 자금지원(신용공여),"p.4,p.5",,,https://www.fss.or.kr/fss.hpdownload?path=/dtm/opn/&file=202300073_11_%EC%8B%A0%ED%95%9C%EA%B8%88%EC%9C%B5%EC%A7%80%EC%A3%BC_%EA%B2%BD%EC%98%81%EC%9C%A0%EC%9D%98%EC%82%AC%ED%95%AD+%EB%93%B1+%EA%B3%B5%EA%B0%9C%EC%95%88.pdf,202300073_11_신한금융지주_경영유의사항 등 공개안.pdf,7a6da82d60c1040044d67afaa6ebfab1f107a569a8ace730ceb447b53d6c9f42
금융회사 경영유의사항 등 공시,신한금융지주,주식회사 신한금융지주회사,N,20240520,은행검사1국,개선사항,(3),자본비율 산출의 정확성 검증 개선,Y,제5장(37~49) 주제,자본비율 산출 정확성 검증,p.5,,,https://www.fss.or.kr/fss.hpdownload?path=/dtm/opn/&file=202300073_11_%EC%8B%A0%ED%95%9C%EA%B8%88%EC%9C%B5%EC%A7%80%EC%A3%BC_%EA%B2%BD%EC%98%81%EC%9C%A0%EC%9D%98%EC%82%AC%ED%95%AD+%EB%93%B1+%EA%B3%B5%EA%B0%9C%EC%95%88.pdf,202300073_11_신한금융지주_경영유의사항 등 공개안.pdf,7a6da82d60c1040044d67afaa6ebfab1f107a569a8ace730ceb447b53d6c9f42
금융회사 경영유의사항 등 공시,신한금융지주,주식회사 신한금융지주회사,N,20240520,은행검사1국,개선사항,(4),"사외이사 평가제도 , 임기정책 및 운영 개선",N,,,"p.5,p.6,p.7",,,https://www.fss.or.kr/fss.hpdownload?path=/dtm/opn/&file=202300073_11_%EC%8B%A0%ED%95%9C%EA%B8%88%EC%9C%B5%EC%A7%80%EC%A3%BC_%EA%B2%BD%EC%98%81%EC%9C%A0%EC%9D%98%EC%82%AC%ED%95%AD+%EB%93%B1+%EA%B3%B5%EA%B0%9C%EC%95%88.pdf,202300073_11_신한금융지주_경영유의사항 등 공개안.pdf,7a6da82d60c1040044d67afaa6ebfab1f107a569a8ace730ceb447b53d6c9f42
금융회사 경영유의사항 등 공시,신한금융지주,주식회사 신한금융지주회사,N,20240520,은행검사1국,개선사항,(5),최고경영자 및 자회사 CEO경영승계절차의 투명성･공정성･절차적 정당성 제고,N,,,p.7,,,https://www.fss.or.kr/fss.hpdownload?path=/dtm/opn/&file=202300073_11_%EC%8B%A0%ED%95%9C%EA%B8%88%EC%9C%B5%EC%A7%80%EC%A3%BC_%EA%B2%BD%EC%98%81%EC%9C%A0%EC%9D%98%EC%82%AC%ED%95%AD+%EB%93%B1+%EA%B3%B5%EA%B0%9C%EC%95%88.pdf,202300073_11_신한금융지주_경영유의사항 등 공개안.pdf,7a6da82d60c1040044d67afaa6ebfab1f107a569a8ace730ceb447b53d6c9f42
금융회사 경영유의사항 등 공시,신한금융지주,주식회사 신한금융지주회사,N,20240520,은행검사1국,개선사항,(6),그룹사 경영관리 운영 개선,N,,,p.7,,,https://www.fss.or.kr/fss.hpdownload?path=/dtm/opn/&file=202300073_11_%EC%8B%A0%ED%95%9C%EA%B8%88%EC%9C%B5%EC%A7%80%EC%A3%BC_%EA%B2%BD%EC%98%81%EC%9C%A0%EC%9D%98%EC%82%AC%ED%95%AD+%EB%93%B1+%EA%B3%B5%EA%B0%9C%EC%95%88.pdf,202300073_11_신한금융지주_경영유의사항 등 공개안.pdf,7a6da82d60c1040044d67afaa6ebfab1f107a569a8ace730ceb447b53d6c9f42
금융회사 경영유의사항 등 공시,신한금융지주,주식회사 신한금융지주회사,N,20240520,은행검사1국,개선사항,(7),사회공헌활동 운영 개선,N,,,"p.7,p.8",,,https://www.fss.or.kr/fss.hpdownload?path=/dtm/opn/&file=202300073_11_%EC%8B%A0%ED%95%9C%EA%B8%88%EC%9C%B5%EC%A7%80%EC%A3%BC_%EA%B2%BD%EC%98%81%EC%9C%A0%EC%9D%98%EC%82%AC%ED%95%AD+%EB%93%B1+%EA%B3%B5%EA%B0%9C%EC%95%88.pdf,202300073_11_신한금융지주_경영유의사항 등 공개안.pdf,7a6da82d60c1040044d67afaa6ebfab1f107a569a8ace730ceb447b53d6c9f42
금융회사 경영유의사항 등 공시,신한금융지주,주식회사 신한금융지주회사,N,20240520,은행검사1국,개선사항,(8),신한지주 소개영업 관련 구속행위 예방 강화,N,,,p.8,,,https://www.fss.or.kr/fss.hpdownload?path=/dtm/opn/&file=202300073_11_%EC%8B%A0%ED%95%9C%EA%B8%88%EC%9C%B5%EC%A7%80%EC%A3%BC_%EA%B2%BD%EC%98%81%EC%9C%A0%EC%9D%98%EC%82%AC%ED%95%AD+%EB%93%B1+%EA%B3%B5%EA%B0%9C%EC%95%88.pdf,202300073_11_신한금융지주_경영유의사항 등 공개안.pdf,7a6da82d60c1040044d67afaa6ebfab1f107a569a8ace730ceb447b53d6c9f42
금융회사 경영유의사항 등 공시,신한금융지주,주식회사 신한금융지주회사,N,20240520,은행검사1국,개선사항,(9),조건부자본증권 발행 관련 리스크 관리 강화,Y,25·9,조건부자본증권 만기편중·위험관리위원회 심의,p.8,｢은행업감독업무시행세칙｣ <별표 3,,https://www.fss.or.kr/fss.hpdownload?path=/dtm/opn/&file=202300073_11_%EC%8B%A0%ED%95%9C%EA%B8%88%EC%9C%B5%EC%A7%80%EC%A3%BC_%EA%B2%BD%EC%98%81%EC%9C%A0%EC%9D%98%EC%82%AC%ED%95%AD+%EB%93%B1+%EA%B3%B5%EA%B0%9C%EC%95%88.pdf,202300073_11_신한금융지주_경영유의사항 등 공개안.pdf,7a6da82d60c1040044d67afaa6ebfab1f107a569a8ace730ceb447b53d6c9f42
금융회사 경영유의사항 등 공시,JB금융지주,JB금융지주,N,20240620,은행검사2국,경영유의사항,(1),준법감시 기능 강화,N,,,"p.1,p.2",｢금융사지배구조법｣ 제24조,,https://www.fss.or.kr/fss.hpdownload?path=/dtm/opn/&file=202300325_12_20240628+JB%EA%B8%88%EC%9C%B5%EC%A7%80%EC%A3%BC+%EC%A0%95%EA%B8%B0%EA%B2%80%EC%82%AC+%EA%B2%BD%EC%98%81%EC%9C%A0%EC%9D%98%EC%82%AC%ED%95%AD+%EB%93%B1+%EA%B3%B5%EC%8B%9C.pdf,202300325_12_20240628 JB금융지주 정기검사 경영유의사항 등 공시.pdf,d6a818424afd200eabfb25b126df5bf980bcc5cd951f9df5e543e9f9e878d40a
금융회사 경영유의사항 등 공시,JB금융지주,JB금융지주,N,20240620,은행검사2국,경영유의사항,(2),중복기업차주 자산건전성 분류 및 대손충당금 적립 점검절차 강화,Y,21,중복기업차주 자산건전성·충당금,p.2,｢자산건전성 분류 및 대손충당금 적립 지침｣ 제7조,,https://www.fss.or.kr/fss.hpdownload?path=/dtm/opn/&file=202300325_12_20240628+JB%EA%B8%88%EC%9C%B5%EC%A7%80%EC%A3%BC+%EC%A0%95%EA%B8%B0%EA%B2%80%EC%82%AC+%EA%B2%BD%EC%98%81%EC%9C%A0%EC%9D%98%EC%82%AC%ED%95%AD+%EB%93%B1+%EA%B3%B5%EC%8B%9C.pdf,202300325_12_20240628 JB금융지주 정기검사 경영유의사항 등 공시.pdf,d6a818424afd200eabfb25b126df5bf980bcc5cd951f9df5e543e9f9e878d40a
금융회사 경영유의사항 등 공시,JB금융지주,JB금융지주,N,20240620,은행검사2국,경영유의사항,(3),자회사 부동산 PF대출 리스크관리 강화,Y,21·26,자회사 부동산 PF대출,"p.3,p.4",｢여신금융회사의 부동산PF 리스크관리 모범규준｣ 제9조 ; ｢여신금융회사의 부동산PF 리스크관리 모범규준｣ <별표1>,,https://www.fss.or.kr/fss.hpdownload?path=/dtm/opn/&file=202300325_12_20240628+JB%EA%B8%88%EC%9C%B5%EC%A7%80%EC%A3%BC+%EC%A0%95%EA%B8%B0%EA%B2%80%EC%82%AC+%EA%B2%BD%EC%98%81%EC%9C%A0%EC%9D%98%EC%82%AC%ED%95%AD+%EB%93%B1+%EA%B3%B5%EC%8B%9C.pdf,202300325_12_20240628 JB금융지주 정기검사 경영유의사항 등 공시.pdf,d6a818424afd200eabfb25b126df5bf980bcc5cd951f9df5e543e9f9e878d40a
금융회사 경영유의사항 등 공시,JB금융지주,JB금융지주,N,20240620,은행검사2국,경영유의사항,(4),위기상황분석 운영 강화,Y,56,위기상황분석,"p.4,p.5",｢금융지주회사 감독규정 시행세칙｣ 제12조의2 ; ｢은행업감독업무시행세칙｣ <별표 19>,,https://www.fss.or.kr/fss.hpdownload?path=/dtm/opn/&file=202300325_12_20240628+JB%EA%B8%88%EC%9C%B5%EC%A7%80%EC%A3%BC+%EC%A0%95%EA%B8%B0%EA%B2%80%EC%82%AC+%EA%B2%BD%EC%98%81%EC%9C%A0%EC%9D%98%EC%82%AC%ED%95%AD+%EB%93%B1+%EA%B3%B5%EC%8B%9C.pdf,202300325_12_20240628 JB금융지주 정기검사 경영유의사항 등 공시.pdf,d6a818424afd200eabfb25b126df5bf980bcc5cd951f9df5e543e9f9e878d40a
금융회사 경영유의사항 등 공시,JB금융지주,JB금융지주,N,20240620,은행검사2국,경영유의사항,(5),그룹 차원의 비상조달계획 자금조달 수단 점검 개선,Y,57·25,비상조달계획 자금조달 수단,p.5,｢금융지주회사 감독규정 시행세칙｣ 제12조의2 ; ｢은행업 감독업무 시행세칙｣ <별표 3,,https://www.fss.or.kr/fss.hpdownload?path=/dtm/opn/&file=202300325_12_20240628+JB%EA%B8%88%EC%9C%B5%EC%A7%80%EC%A3%BC+%EC%A0%95%EA%B8%B0%EA%B2%80%EC%82%AC+%EA%B2%BD%EC%98%81%EC%9C%A0%EC%9D%98%EC%82%AC%ED%95%AD+%EB%93%B1+%EA%B3%B5%EC%8B%9C.pdf,202300325_12_20240628 JB금융지주 정기검사 경영유의사항 등 공시.pdf,d6a818424afd200eabfb25b126df5bf980bcc5cd951f9df5e543e9f9e878d40a
금융회사 경영유의사항 등 공시,JB금융지주,JB금융지주,N,20240620,은행검사2국,개선사항,(1),자회사 평가업무 운영 불합리,N,,,p.6,｢자회사경영평가지침｣ 제6조,,https://www.fss.or.kr/fss.hpdownload?path=/dtm/opn/&file=202300325_12_20240628+JB%EA%B8%88%EC%9C%B5%EC%A7%80%EC%A3%BC+%EC%A0%95%EA%B8%B0%EA%B2%80%EC%82%AC+%EA%B2%BD%EC%98%81%EC%9C%A0%EC%9D%98%EC%82%AC%ED%95%AD+%EB%93%B1+%EA%B3%B5%EC%8B%9C.pdf,202300325_12_20240628 JB금융지주 정기검사 경영유의사항 등 공시.pdf,d6a818424afd200eabfb25b126df5bf980bcc5cd951f9df5e543e9f9e878d40a
금융회사 경영유의사항 등 공시,JB금융지주,JB금융지주,N,20240620,은행검사2국,개선사항,(2),자회사에 대한 신용공여 후 사후관리 체계 미흡,Y,33,자회사 신용공여 사후관리,p.7,,,https://www.fss.or.kr/fss.hpdownload?path=/dtm/opn/&file=202300325_12_20240628+JB%EA%B8%88%EC%9C%B5%EC%A7%80%EC%A3%BC+%EC%A0%95%EA%B8%B0%EA%B2%80%EC%82%AC+%EA%B2%BD%EC%98%81%EC%9C%A0%EC%9D%98%EC%82%AC%ED%95%AD+%EB%93%B1+%EA%B3%B5%EC%8B%9C.pdf,202300325_12_20240628 JB금융지주 정기검사 경영유의사항 등 공시.pdf,d6a818424afd200eabfb25b126df5bf980bcc5cd951f9df5e543e9f9e878d40a
금융회사 경영유의사항 등 공시,JB금융지주,JB금융지주,N,20240620,은행검사2국,개선사항,(3),경영진 성과보수체계 불합리,N,,,"p.7,p.8",,,https://www.fss.or.kr/fss.hpdownload?path=/dtm/opn/&file=202300325_12_20240628+JB%EA%B8%88%EC%9C%B5%EC%A7%80%EC%A3%BC+%EC%A0%95%EA%B8%B0%EA%B2%80%EC%82%AC+%EA%B2%BD%EC%98%81%EC%9C%A0%EC%9D%98%EC%82%AC%ED%95%AD+%EB%93%B1+%EA%B3%B5%EC%8B%9C.pdf,202300325_12_20240628 JB금융지주 정기검사 경영유의사항 등 공시.pdf,d6a818424afd200eabfb25b126df5bf980bcc5cd951f9df5e543e9f9e878d40a
금융회사 경영유의사항 등 공시,JB금융지주,JB금융지주,N,20240620,은행검사2국,개선사항,(4),사외이사 후보군 관리 및 평가제도 미흡,N,,,"p.8,p.9",,,https://www.fss.or.kr/fss.hpdownload?path=/dtm/opn/&file=202300325_12_20240628+JB%EA%B8%88%EC%9C%B5%EC%A7%80%EC%A3%BC+%EC%A0%95%EA%B8%B0%EA%B2%80%EC%82%AC+%EA%B2%BD%EC%98%81%EC%9C%A0%EC%9D%98%EC%82%AC%ED%95%AD+%EB%93%B1+%EA%B3%B5%EC%8B%9C.pdf,202300325_12_20240628 JB금융지주 정기검사 경영유의사항 등 공시.pdf,d6a818424afd200eabfb25b126df5bf980bcc5cd951f9df5e543e9f9e878d40a
금융회사 경영유의사항 등 공시,JB금융지주,JB금융지주,N,20240620,은행검사2국,개선사항,(5),최고경영자 상시후보 관리 미흡,N,,,"p.9,p.10",,,https://www.fss.or.kr/fss.hpdownload?path=/dtm/opn/&file=202300325_12_20240628+JB%EA%B8%88%EC%9C%B5%EC%A7%80%EC%A3%BC+%EC%A0%95%EA%B8%B0%EA%B2%80%EC%82%AC+%EA%B2%BD%EC%98%81%EC%9C%A0%EC%9D%98%EC%82%AC%ED%95%AD+%EB%93%B1+%EA%B3%B5%EC%8B%9C.pdf,202300325_12_20240628 JB금융지주 정기검사 경영유의사항 등 공시.pdf,d6a818424afd200eabfb25b126df5bf980bcc5cd951f9df5e543e9f9e878d40a
금융회사 경영유의사항 등 공시,JB금융지주,JB금융지주,N,20240620,은행검사2국,개선사항,(6),이사에 대한 정보제공 소홀,N,,,p.10,,,https://www.fss.or.kr/fss.hpdownload?path=/dtm/opn/&file=202300325_12_20240628+JB%EA%B8%88%EC%9C%B5%EC%A7%80%EC%A3%BC+%EC%A0%95%EA%B8%B0%EA%B2%80%EC%82%AC+%EA%B2%BD%EC%98%81%EC%9C%A0%EC%9D%98%EC%82%AC%ED%95%AD+%EB%93%B1+%EA%B3%B5%EC%8B%9C.pdf,202300325_12_20240628 JB금융지주 정기검사 경영유의사항 등 공시.pdf,d6a818424afd200eabfb25b126df5bf980bcc5cd951f9df5e543e9f9e878d40a
금융회사 경영유의사항 등 공시,JB금융지주,JB금융지주,N,20240620,은행검사2국,개선사항,(7),여신 신용평가등급과 자산건전성 분류단계간 연계기준 점검절차 미흡,Y,21,신용평가등급-자산건전성 연계,p.11,,,https://www.fss.or.kr/fss.hpdownload?path=/dtm/opn/&file=202300325_12_20240628+JB%EA%B8%88%EC%9C%B5%EC%A7%80%EC%A3%BC+%EC%A0%95%EA%B8%B0%EA%B2%80%EC%82%AC+%EA%B2%BD%EC%98%81%EC%9C%A0%EC%9D%98%EC%82%AC%ED%95%AD+%EB%93%B1+%EA%B3%B5%EC%8B%9C.pdf,202300325_12_20240628 JB금융지주 정기검사 경영유의사항 등 공시.pdf,d6a818424afd200eabfb25b126df5bf980bcc5cd951f9df5e543e9f9e878d40a
금융회사 경영유의사항 등 공시,JB금융지주,JB금융지주,N,20240620,은행검사2국,개선사항,(8),대손충당금 산정을 위한 리스크요소 산정방식 불합리,Y,21,대손충당금 리스크요소,"p.11,p.12",,,https://www.fss.or.kr/fss.hpdownload?path=/dtm/opn/&file=202300325_12_20240628+JB%EA%B8%88%EC%9C%B5%EC%A7%80%EC%A3%BC+%EC%A0%95%EA%B8%B0%EA%B2%80%EC%82%AC+%EA%B2%BD%EC%98%81%EC%9C%A0%EC%9D%98%EC%82%AC%ED%95%AD+%EB%93%B1+%EA%B3%B5%EC%8B%9C.pdf,202300325_12_20240628 JB금융지주 정기검사 경영유의사항 등 공시.pdf,d6a818424afd200eabfb25b126df5bf980bcc5cd951f9df5e543e9f9e878d40a
금융회사 경영유의사항 등 공시,JB금융지주,JB금융지주,N,20240620,은행검사2국,개선사항,(9),내부자 신고제도 운영 미흡,N,,,"p.12,p.13",,,https://www.fss.or.kr/fss.hpdownload?path=/dtm/opn/&file=202300325_12_20240628+JB%EA%B8%88%EC%9C%B5%EC%A7%80%EC%A3%BC+%EC%A0%95%EA%B8%B0%EA%B2%80%EC%82%AC+%EA%B2%BD%EC%98%81%EC%9C%A0%EC%9D%98%EC%82%AC%ED%95%AD+%EB%93%B1+%EA%B3%B5%EC%8B%9C.pdf,202300325_12_20240628 JB금융지주 정기검사 경영유의사항 등 공시.pdf,d6a818424afd200eabfb25b126df5bf980bcc5cd951f9df5e543e9f9e878d40a
금융회사 경영유의사항 등 공시,BNK금융지주,(주)BNK금융지주,N,20240712,은행검사2국,경영유의사항,⑴,사고발생시 업무처리체계 정비,N,,,"p.1,p.2",｢감사업무규정｣ 제29조 ; ｢자회사 등에 대한 검사업무지침｣ 제12조,1.내규 ｢ 감사업무규정｣ 제29조 2.내규 ｢ 자회사 등에 대한 검사업무지침｣ 제12조등,https://www.fss.or.kr/fss.hpdownload?path=/dtm/opn/&file=202200356_12_BNK%EA%B8%88%EC%9C%B5%EC%A7%80%EC%A3%BC+%EC%88%98%EC%8B%9C%EA%B2%80%EC%82%AC+%EC%A0%9C%EC%9E%AC%EB%82%B4%EC%9A%A9+%EA%B3%B5%EA%B0%9C%EC%95%88%28%EA%B2%BD%EC%98%81%EC%9C%A0%EC%9D%98%EC%82%AC%ED%95%AD%29.pdf,202200356_12_BNK금융지주 수시검사 제재내용 공개안(경영유의사항).pdf,ce5df0fa0a4cca1d3aafd4c805e640c8f2e3f1b92ac382b5435d792eead8c1e5
금융회사 경영유의사항 등 공시,우리금융지주,주식회사 우리금융지주,N,20240726,은행검사1국,경영유의사항,(1),이사회의 집합적 전문성 및 다양성 강화 등,N,,,"p.1,p.2",｢지배구조 내부규범｣ 제5조,,https://www.fss.or.kr/fss.hpdownload?path=/dtm/opn/&file=202100627_12_%EC%9A%B0%EB%A6%AC%EA%B8%88%EC%9C%B5%EC%A7%80%EC%A3%BC+%EC%A2%85%ED%95%A9%EA%B2%80%EC%82%AC+%EA%B2%BD%EC%98%81%EC%9C%A0%EC%9D%98%EC%82%AC%ED%95%AD+%EB%93%B1+%EA%B3%B5%EA%B0%9C%EC%95%88.pdf,202100627_12_우리금융지주 종합검사 경영유의사항 등 공개안.pdf,7779254313c4efb4e59ef1f41e751e08f431c9743bb0348fc1fa2fe6542b17bc
금융회사 경영유의사항 등 공시,우리금융지주,주식회사 우리금융지주,N,20240726,은행검사1국,경영유의사항,(2),사외이사의 지주·은행 겸직구조 점진 해소,N,,,p.2,｢지배구조 내부규범｣ 제9조 ; ｢지배구조 내부규범｣ 제10조,,https://www.fss.or.kr/fss.hpdownload?path=/dtm/opn/&file=202100627_12_%EC%9A%B0%EB%A6%AC%EA%B8%88%EC%9C%B5%EC%A7%80%EC%A3%BC+%EC%A2%85%ED%95%A9%EA%B2%80%EC%82%AC+%EA%B2%BD%EC%98%81%EC%9C%A0%EC%9D%98%EC%82%AC%ED%95%AD+%EB%93%B1+%EA%B3%B5%EA%B0%9C%EC%95%88.pdf,202100627_12_우리금융지주 종합검사 경영유의사항 등 공개안.pdf,7779254313c4efb4e59ef1f41e751e08f431c9743bb0348fc1fa2fe6542b17bc
금융회사 경영유의사항 등 공시,우리금융지주,주식회사 우리금융지주,N,20240726,은행검사1국,경영유의사항,(3),과점주주와의 이해상충 방지 관련 내부통제 강화,N,,,"p.2,p.3",,,https://www.fss.or.kr/fss.hpdownload?path=/dtm/opn/&file=202100627_12_%EC%9A%B0%EB%A6%AC%EA%B8%88%EC%9C%B5%EC%A7%80%EC%A3%BC+%EC%A2%85%ED%95%A9%EA%B2%80%EC%82%AC+%EA%B2%BD%EC%98%81%EC%9C%A0%EC%9D%98%EC%82%AC%ED%95%AD+%EB%93%B1+%EA%B3%B5%EA%B0%9C%EC%95%88.pdf,202100627_12_우리금융지주 종합검사 경영유의사항 등 공개안.pdf,7779254313c4efb4e59ef1f41e751e08f431c9743bb0348fc1fa2fe6542b17bc
금융회사 경영유의사항 등 공시,우리금융지주,주식회사 우리금융지주,N,20240726,은행검사1국,경영유의사항,(4),준법감시인 및 리스크관리책임자의 전문성 강화,Y,11,리스크관리책임자(CRO)·준법감시인 전문성,p.3,,,https://www.fss.or.kr/fss.hpdownload?path=/dtm/opn/&file=202100627_12_%EC%9A%B0%EB%A6%AC%EA%B8%88%EC%9C%B5%EC%A7%80%EC%A3%BC+%EC%A2%85%ED%95%A9%EA%B2%80%EC%82%AC+%EA%B2%BD%EC%98%81%EC%9C%A0%EC%9D%98%EC%82%AC%ED%95%AD+%EB%93%B1+%EA%B3%B5%EA%B0%9C%EC%95%88.pdf,202100627_12_우리금융지주 종합검사 경영유의사항 등 공개안.pdf,7779254313c4efb4e59ef1f41e751e08f431c9743bb0348fc1fa2fe6542b17bc
금융회사 경영유의사항 등 공시,우리금융지주,주식회사 우리금융지주,N,20240726,은행검사1국,경영유의사항,(5),문서관리시스템 운영 및 자체 점검 강화,N,,,"p.3,p.4",,,https://www.fss.or.kr/fss.hpdownload?path=/dtm/opn/&file=202100627_12_%EC%9A%B0%EB%A6%AC%EA%B8%88%EC%9C%B5%EC%A7%80%EC%A3%BC+%EC%A2%85%ED%95%A9%EA%B2%80%EC%82%AC+%EA%B2%BD%EC%98%81%EC%9C%A0%EC%9D%98%EC%82%AC%ED%95%AD+%EB%93%B1+%EA%B3%B5%EA%B0%9C%EC%95%88.pdf,202100627_12_우리금융지주 종합검사 경영유의사항 등 공개안.pdf,7779254313c4efb4e59ef1f41e751e08f431c9743bb0348fc1fa2fe6542b17bc
금융회사 경영유의사항 등 공시,우리금융지주,주식회사 우리금융지주,N,20240726,은행검사1국,경영유의사항,(6),핵심경쟁력 제고를 위한 전략적 자본계획 수립,Y,49,전략적 자본계획,p.4,,,https://www.fss.or.kr/fss.hpdownload?path=/dtm/opn/&file=202100627_12_%EC%9A%B0%EB%A6%AC%EA%B8%88%EC%9C%B5%EC%A7%80%EC%A3%BC+%EC%A2%85%ED%95%A9%EA%B2%80%EC%82%AC+%EA%B2%BD%EC%98%81%EC%9C%A0%EC%9D%98%EC%82%AC%ED%95%AD+%EB%93%B1+%EA%B3%B5%EA%B0%9C%EC%95%88.pdf,202100627_12_우리금융지주 종합검사 경영유의사항 등 공개안.pdf,7779254313c4efb4e59ef1f41e751e08f431c9743bb0348fc1fa2fe6542b17bc
금융회사 경영유의사항 등 공시,우리금융지주,주식회사 우리금융지주,N,20240726,은행검사1국,경영유의사항,(7),그룹 내부자본 측정 및 한도관리 강화,Y,44·47,그룹 내부자본 측정·한도,"p.4,p.5",,,https://www.fss.or.kr/fss.hpdownload?path=/dtm/opn/&file=202100627_12_%EC%9A%B0%EB%A6%AC%EA%B8%88%EC%9C%B5%EC%A7%80%EC%A3%BC+%EC%A2%85%ED%95%A9%EA%B2%80%EC%82%AC+%EA%B2%BD%EC%98%81%EC%9C%A0%EC%9D%98%EC%82%AC%ED%95%AD+%EB%93%B1+%EA%B3%B5%EA%B0%9C%EC%95%88.pdf,202100627_12_우리금융지주 종합검사 경영유의사항 등 공개안.pdf,7779254313c4efb4e59ef1f41e751e08f431c9743bb0348fc1fa2fe6542b17bc
금융회사 경영유의사항 등 공시,우리금융지주,주식회사 우리금융지주,N,20240726,은행검사1국,개선사항,(1),감사부서의 독립성 강화,N,,,p.5,,,https://www.fss.or.kr/fss.hpdownload?path=/dtm/opn/&file=202100627_12_%EC%9A%B0%EB%A6%AC%EA%B8%88%EC%9C%B5%EC%A7%80%EC%A3%BC+%EC%A2%85%ED%95%A9%EA%B2%80%EC%82%AC+%EA%B2%BD%EC%98%81%EC%9C%A0%EC%9D%98%EC%82%AC%ED%95%AD+%EB%93%B1+%EA%B3%B5%EA%B0%9C%EC%95%88.pdf,202100627_12_우리금융지주 종합검사 경영유의사항 등 공개안.pdf,7779254313c4efb4e59ef1f41e751e08f431c9743bb0348fc1fa2fe6542b17bc
금융회사 경영유의사항 등 공시,우리금융지주,주식회사 우리금융지주,N,20240726,은행검사1국,개선사항,(2),그룹사간 겸직 평가절차 개선,N,,,"p.5,p.6",｢그룹 임직원 겸직운영규정｣ 제6조,,https://www.fss.or.kr/fss.hpdownload?path=/dtm/opn/&file=202100627_12_%EC%9A%B0%EB%A6%AC%EA%B8%88%EC%9C%B5%EC%A7%80%EC%A3%BC+%EC%A2%85%ED%95%A9%EA%B2%80%EC%82%AC+%EA%B2%BD%EC%98%81%EC%9C%A0%EC%9D%98%EC%82%AC%ED%95%AD+%EB%93%B1+%EA%B3%B5%EA%B0%9C%EC%95%88.pdf,202100627_12_우리금융지주 종합검사 경영유의사항 등 공개안.pdf,7779254313c4efb4e59ef1f41e751e08f431c9743bb0348fc1fa2fe6542b17bc
금융회사 경영유의사항 등 공시,우리금융지주,주식회사 우리금융지주,N,20240726,은행검사1국,개선사항,(3),이사 및 집행임원에 대한 보수 및 성과평가 제도 관련 내규 정비,N,,,p.6,｢내규관리규정｣ 제3조,,https://www.fss.or.kr/fss.hpdownload?path=/dtm/opn/&file=202100627_12_%EC%9A%B0%EB%A6%AC%EA%B8%88%EC%9C%B5%EC%A7%80%EC%A3%BC+%EC%A2%85%ED%95%A9%EA%B2%80%EC%82%AC+%EA%B2%BD%EC%98%81%EC%9C%A0%EC%9D%98%EC%82%AC%ED%95%AD+%EB%93%B1+%EA%B3%B5%EA%B0%9C%EC%95%88.pdf,202100627_12_우리금융지주 종합검사 경영유의사항 등 공개안.pdf,7779254313c4efb4e59ef1f41e751e08f431c9743bb0348fc1fa2fe6542b17bc
금융회사 경영유의사항 등 공시,우리금융지주,주식회사 우리금융지주,N,20240726,은행검사1국,개선사항,(4),성과급 환수비율 수준 및 재량범위 조정,N,,,"p.6,p.7",,,https://www.fss.or.kr/fss.hpdownload?path=/dtm/opn/&file=202100627_12_%EC%9A%B0%EB%A6%AC%EA%B8%88%EC%9C%B5%EC%A7%80%EC%A3%BC+%EC%A2%85%ED%95%A9%EA%B2%80%EC%82%AC+%EA%B2%BD%EC%98%81%EC%9C%A0%EC%9D%98%EC%82%AC%ED%95%AD+%EB%93%B1+%EA%B3%B5%EA%B0%9C%EC%95%88.pdf,202100627_12_우리금융지주 종합검사 경영유의사항 등 공개안.pdf,7779254313c4efb4e59ef1f41e751e08f431c9743bb0348fc1fa2fe6542b17bc
금융회사 경영유의사항 등 공시,우리금융지주,주식회사 우리금융지주,N,20240726,은행검사1국,개선사항,(5),그룹 내부자본 측정모형 등에 대한 적합성 검증 개선,Y,30~32·41,내부자본 측정모형 적합성 검증,p.7,,,https://www.fss.or.kr/fss.hpdownload?path=/dtm/opn/&file=202100627_12_%EC%9A%B0%EB%A6%AC%EA%B8%88%EC%9C%B5%EC%A7%80%EC%A3%BC+%EC%A2%85%ED%95%A9%EA%B2%80%EC%82%AC+%EA%B2%BD%EC%98%81%EC%9C%A0%EC%9D%98%EC%82%AC%ED%95%AD+%EB%93%B1+%EA%B3%B5%EA%B0%9C%EC%95%88.pdf,202100627_12_우리금융지주 종합검사 경영유의사항 등 공개안.pdf,7779254313c4efb4e59ef1f41e751e08f431c9743bb0348fc1fa2fe6542b17bc
금융회사 경영유의사항 등 공시,우리금융지주,주식회사 우리금융지주,N,20240726,은행검사1국,개선사항,(6),그룹 신용·시장리스크 위험가중자산 산출 절차 개선,Y,21·22,신용·시장리스크 위험가중자산 산출,"p.7,p.8",,,https://www.fss.or.kr/fss.hpdownload?path=/dtm/opn/&file=202100627_12_%EC%9A%B0%EB%A6%AC%EA%B8%88%EC%9C%B5%EC%A7%80%EC%A3%BC+%EC%A2%85%ED%95%A9%EA%B2%80%EC%82%AC+%EA%B2%BD%EC%98%81%EC%9C%A0%EC%9D%98%EC%82%AC%ED%95%AD+%EB%93%B1+%EA%B3%B5%EA%B0%9C%EC%95%88.pdf,202100627_12_우리금융지주 종합검사 경영유의사항 등 공개안.pdf,7779254313c4efb4e59ef1f41e751e08f431c9743bb0348fc1fa2fe6542b17bc
금융회사 경영유의사항 등 공시,우리금융지주,주식회사 우리금융지주,N,20240726,은행검사1국,개선사항,(7),그룹 통합위기상황분석 방법 및 절차 개선,Y,56,통합위기상황분석,p.9,｢은행업감독업무시행세칙｣ <별표19>,,https://www.fss.or.kr/fss.hpdownload?path=/dtm/opn/&file=202100627_12_%EC%9A%B0%EB%A6%AC%EA%B8%88%EC%9C%B5%EC%A7%80%EC%A3%BC+%EC%A2%85%ED%95%A9%EA%B2%80%EC%82%AC+%EA%B2%BD%EC%98%81%EC%9C%A0%EC%9D%98%EC%82%AC%ED%95%AD+%EB%93%B1+%EA%B3%B5%EA%B0%9C%EC%95%88.pdf,202100627_12_우리금융지주 종합검사 경영유의사항 등 공개안.pdf,7779254313c4efb4e59ef1f41e751e08f431c9743bb0348fc1fa2fe6542b17bc
금융회사 경영유의사항 등 공시,NH농협금융지주,농협금융지주 주식회사,N,20241007,은행검사2국,경영유의사항,(1),공식적인 자회사 경영관리 절차 마련,경계,17,중앙회 요청의 비공식 전달·문서화,"p.1,p.2",,,https://www.fss.or.kr/fss.hpdownload?path=/dtm/opn/&file=202400183_11_202400183_%EB%86%8D%ED%98%91%EA%B8%88%EC%9C%B5%EC%A7%80%EC%A3%BC+%EA%B2%BD%EC%98%81%EC%9C%A0%EC%9D%98%EC%82%AC%ED%95%AD+%EB%93%B1+%EA%B3%B5%EA%B0%9C%EC%95%88_F.pdf,202400183_11_202400183_농협금융지주 경영유의사항 등 공개안_F.pdf,46be01fcfdb674ed7daffe174634b80073b859e8b115eaf6f1187a4dc261b720
금융회사 경영유의사항 등 공시,NH농협금융지주,농협금융지주 주식회사,N,20241007,은행검사2국,개선사항,(1),인사조정위원회 관련 기록･관리 절차 마련,N,,,p.2,,,https://www.fss.or.kr/fss.hpdownload?path=/dtm/opn/&file=202400183_11_202400183_%EB%86%8D%ED%98%91%EA%B8%88%EC%9C%B5%EC%A7%80%EC%A3%BC+%EA%B2%BD%EC%98%81%EC%9C%A0%EC%9D%98%EC%82%AC%ED%95%AD+%EB%93%B1+%EA%B3%B5%EA%B0%9C%EC%95%88_F.pdf,202400183_11_202400183_농협금융지주 경영유의사항 등 공개안_F.pdf,46be01fcfdb674ed7daffe174634b80073b859e8b115eaf6f1187a4dc261b720
금융회사 경영유의사항 등 공시,NH농협금융지주,농협금융지주 주식회사,N,20241007,은행검사2국,개선사항,(2),상임임원에 대한 공로금 관련 규정 개선,N,,,p.2,,,https://www.fss.or.kr/fss.hpdownload?path=/dtm/opn/&file=202400183_11_202400183_%EB%86%8D%ED%98%91%EA%B8%88%EC%9C%B5%EC%A7%80%EC%A3%BC+%EA%B2%BD%EC%98%81%EC%9C%A0%EC%9D%98%EC%82%AC%ED%95%AD+%EB%93%B1+%EA%B3%B5%EA%B0%9C%EC%95%88_F.pdf,202400183_11_202400183_농협금융지주 경영유의사항 등 공개안_F.pdf,46be01fcfdb674ed7daffe174634b80073b859e8b115eaf6f1187a4dc261b720
금융회사 경영유의사항 등 공시,한국투자금융지주,한국투자금융지주 주식회사,Y,20241126,금융투자검사1국,경영유의사항,(1),정기적 부동산 PF 스트레스테스트 실시 필요,Y,56·26,부동산 PF 스트레스테스트·그룹리스크관리위원회 보고,p.1,,,https://www.fss.or.kr/fss.hpdownload?path=/dtm/opn/&file=202200388_12_202411_01_%EC%A0%9C%EC%9E%AC%EB%82%B4%EC%9A%A9%EA%B3%B5%EA%B0%9C_%ED%95%9C%EA%B5%AD%ED%88%AC%EC%9E%90%EA%B8%88%EC%9C%B5%EC%A7%80%EC%A3%BC_%EA%B2%BD%EC%98%81%EC%9C%A0%EC%9D%98%E3%86%8D%EA%B0%9C%EC%84%A0.pdf,202200388_12_202411_01_제재내용공개_한국투자금융지주_경영유의ㆍ개선.pdf,60da074b90b5712e28b5c38633b034903ade951dc6fd01931708615db5d18460
금융회사 경영유의사항 등 공시,한국투자금융지주,한국투자금융지주 주식회사,Y,20241126,금융투자검사1국,경영유의사항,(2),윤리경영지원실장 성과지표 산정방식 개선 필요,N,,,p.2,,,https://www.fss.or.kr/fss.hpdownload?path=/dtm/opn/&file=202200388_12_202411_01_%EC%A0%9C%EC%9E%AC%EB%82%B4%EC%9A%A9%EA%B3%B5%EA%B0%9C_%ED%95%9C%EA%B5%AD%ED%88%AC%EC%9E%90%EA%B8%88%EC%9C%B5%EC%A7%80%EC%A3%BC_%EA%B2%BD%EC%98%81%EC%9C%A0%EC%9D%98%E3%86%8D%EA%B0%9C%EC%84%A0.pdf,202200388_12_202411_01_제재내용공개_한국투자금융지주_경영유의ㆍ개선.pdf,60da074b90b5712e28b5c38633b034903ade951dc6fd01931708615db5d18460
금융회사 경영유의사항 등 공시,한국투자금융지주,한국투자금융지주 주식회사,Y,20241126,금융투자검사1국,경영유의사항,(3),성과지표 산출시 리스크 관리지표 반영 및 확대 필요,경계,35,성과지표에 리스크관리 지표,p.2,,,https://www.fss.or.kr/fss.hpdownload?path=/dtm/opn/&file=202200388_12_202411_01_%EC%A0%9C%EC%9E%AC%EB%82%B4%EC%9A%A9%EA%B3%B5%EA%B0%9C_%ED%95%9C%EA%B5%AD%ED%88%AC%EC%9E%90%EA%B8%88%EC%9C%B5%EC%A7%80%EC%A3%BC_%EA%B2%BD%EC%98%81%EC%9C%A0%EC%9D%98%E3%86%8D%EA%B0%9C%EC%84%A0.pdf,202200388_12_202411_01_제재내용공개_한국투자금융지주_경영유의ㆍ개선.pdf,60da074b90b5712e28b5c38633b034903ade951dc6fd01931708615db5d18460
금융회사 경영유의사항 등 공시,한국투자금융지주,한국투자금융지주 주식회사,Y,20241126,금융투자검사1국,개선사항,(1),보상위원회 의사록 작성방식 개선 필요,N,,,p.2,,,https://www.fss.or.kr/fss.hpdownload?path=/dtm/opn/&file=202200388_12_202411_01_%EC%A0%9C%EC%9E%AC%EB%82%B4%EC%9A%A9%EA%B3%B5%EA%B0%9C_%ED%95%9C%EA%B5%AD%ED%88%AC%EC%9E%90%EA%B8%88%EC%9C%B5%EC%A7%80%EC%A3%BC_%EA%B2%BD%EC%98%81%EC%9C%A0%EC%9D%98%E3%86%8D%EA%B0%9C%EC%84%A0.pdf,202200388_12_202411_01_제재내용공개_한국투자금융지주_경영유의ㆍ개선.pdf,60da074b90b5712e28b5c38633b034903ade951dc6fd01931708615db5d18460
금융회사 경영유의사항 등 공시,한국투자금융지주,한국투자금융지주 주식회사,Y,20241126,금융투자검사1국,개선사항,(2),겸직 임직원의 보수배분 기준 마련 필요,N,,,p.3,,,https://www.fss.or.kr/fss.hpdownload?path=/dtm/opn/&file=202200388_12_202411_01_%EC%A0%9C%EC%9E%AC%EB%82%B4%EC%9A%A9%EA%B3%B5%EA%B0%9C_%ED%95%9C%EA%B5%AD%ED%88%AC%EC%9E%90%EA%B8%88%EC%9C%B5%EC%A7%80%EC%A3%BC_%EA%B2%BD%EC%98%81%EC%9C%A0%EC%9D%98%E3%86%8D%EA%B0%9C%EC%84%A0.pdf,202200388_12_202411_01_제재내용공개_한국투자금융지주_경영유의ㆍ개선.pdf,60da074b90b5712e28b5c38633b034903ade951dc6fd01931708615db5d18460
금융회사 경영유의사항 등 공시,하나금융지주,주식회사 하나금융지주,N,20250317,은행검사1국,경영유의사항,(1),자회사 준법감시업무 점검 강화,N,,,p.1,,,https://www.fss.or.kr/fss.hpdownload?path=/dtm/opn/&file=202300745_11_%EC%A0%9C%EC%9E%AC%EB%82%B4%EC%9A%A9+%EA%B3%B5%EA%B0%9C%EC%95%88%28%EA%B2%BD%EC%98%81%EC%9C%A0%EC%9D%98+%EB%93%B1%29_%ED%95%98%EB%82%98%EA%B8%88%EC%9C%B5%EC%A7%80%EC%A3%BC%28FFF%29.pdf,202300745_11_제재내용 공개안(경영유의 등)_하나금융지주(FFF).pdf,85a47da6455c1f3d5d8cea4b87c0a30700a630855d0cac9594033380bfbcc766
금융회사 경영유의사항 등 공시,하나금융지주,주식회사 하나금융지주,N,20250317,은행검사1국,경영유의사항,(2),자본관리계획 수립 및 운영 강화,Y,49,자본관리계획,p.2,,,https://www.fss.or.kr/fss.hpdownload?path=/dtm/opn/&file=202300745_11_%EC%A0%9C%EC%9E%AC%EB%82%B4%EC%9A%A9+%EA%B3%B5%EA%B0%9C%EC%95%88%28%EA%B2%BD%EC%98%81%EC%9C%A0%EC%9D%98+%EB%93%B1%29_%ED%95%98%EB%82%98%EA%B8%88%EC%9C%B5%EC%A7%80%EC%A3%BC%28FFF%29.pdf,202300745_11_제재내용 공개안(경영유의 등)_하나금융지주(FFF).pdf,85a47da6455c1f3d5d8cea4b87c0a30700a630855d0cac9594033380bfbcc766
금융회사 경영유의사항 등 공시,하나금융지주,주식회사 하나금융지주,N,20250317,은행검사1국,경영유의사항,(3),중복차주에 대한 자산건전성 분류 및 대손충당금 적립 적정성 점검 강화,Y,21,중복차주 자산건전성·충당금,"p.2,p.3",,,https://www.fss.or.kr/fss.hpdownload?path=/dtm/opn/&file=202300745_11_%EC%A0%9C%EC%9E%AC%EB%82%B4%EC%9A%A9+%EA%B3%B5%EA%B0%9C%EC%95%88%28%EA%B2%BD%EC%98%81%EC%9C%A0%EC%9D%98+%EB%93%B1%29_%ED%95%98%EB%82%98%EA%B8%88%EC%9C%B5%EC%A7%80%EC%A3%BC%28FFF%29.pdf,202300745_11_제재내용 공개안(경영유의 등)_하나금융지주(FFF).pdf,85a47da6455c1f3d5d8cea4b87c0a30700a630855d0cac9594033380bfbcc766
금융회사 경영유의사항 등 공시,하나금융지주,주식회사 하나금융지주,N,20250317,은행검사1국,개선사항,(1),위기상황 대비 내부자본적정성 운영 강화,Y,37~47·56,위기상황 대비 내부자본적정성,"p.3,p.4",｢은행업감독업무시행세칙｣ <별표3,,https://www.fss.or.kr/fss.hpdownload?path=/dtm/opn/&file=202300745_11_%EC%A0%9C%EC%9E%AC%EB%82%B4%EC%9A%A9+%EA%B3%B5%EA%B0%9C%EC%95%88%28%EA%B2%BD%EC%98%81%EC%9C%A0%EC%9D%98+%EB%93%B1%29_%ED%95%98%EB%82%98%EA%B8%88%EC%9C%B5%EC%A7%80%EC%A3%BC%28FFF%29.pdf,202300745_11_제재내용 공개안(경영유의 등)_하나금융지주(FFF).pdf,85a47da6455c1f3d5d8cea4b87c0a30700a630855d0cac9594033380bfbcc766
금융회사 경영유의사항 등 공시,하나금융지주,주식회사 하나금융지주,N,20250317,은행검사1국,개선사항,(2),자본비율 산출의 정확성 검증 관련 업무 개선,Y,제5장(37~49) 주제,자본비율 산출 정확성 검증,p.4,｢은행업감독업무시행세칙｣ <별표3>,,https://www.fss.or.kr/fss.hpdownload?path=/dtm/opn/&file=202300745_11_%EC%A0%9C%EC%9E%AC%EB%82%B4%EC%9A%A9+%EA%B3%B5%EA%B0%9C%EC%95%88%28%EA%B2%BD%EC%98%81%EC%9C%A0%EC%9D%98+%EB%93%B1%29_%ED%95%98%EB%82%98%EA%B8%88%EC%9C%B5%EC%A7%80%EC%A3%BC%28FFF%29.pdf,202300745_11_제재내용 공개안(경영유의 등)_하나금융지주(FFF).pdf,85a47da6455c1f3d5d8cea4b87c0a30700a630855d0cac9594033380bfbcc766
금융회사 경영유의사항 등 공시,하나금융지주,주식회사 하나금융지주,N,20250317,은행검사1국,개선사항,(3),사외이사 평가제도 및 이사회 운영의 체계성 제고,N,,,"p.4,p.5",,,https://www.fss.or.kr/fss.hpdownload?path=/dtm/opn/&file=202300745_11_%EC%A0%9C%EC%9E%AC%EB%82%B4%EC%9A%A9+%EA%B3%B5%EA%B0%9C%EC%95%88%28%EA%B2%BD%EC%98%81%EC%9C%A0%EC%9D%98+%EB%93%B1%29_%ED%95%98%EB%82%98%EA%B8%88%EC%9C%B5%EC%A7%80%EC%A3%BC%28FFF%29.pdf,202300745_11_제재내용 공개안(경영유의 등)_하나금융지주(FFF).pdf,85a47da6455c1f3d5d8cea4b87c0a30700a630855d0cac9594033380bfbcc766
금융회사 경영유의사항 등 공시,하나금융지주,주식회사 하나금융지주,N,20250317,은행검사1국,개선사항,(4),지주 자추위의 자회사 대표이사 후보 검증 강화,N,,,p.5,｢금융사지배 구조법｣ 제5조,,https://www.fss.or.kr/fss.hpdownload?path=/dtm/opn/&file=202300745_11_%EC%A0%9C%EC%9E%AC%EB%82%B4%EC%9A%A9+%EA%B3%B5%EA%B0%9C%EC%95%88%28%EA%B2%BD%EC%98%81%EC%9C%A0%EC%9D%98+%EB%93%B1%29_%ED%95%98%EB%82%98%EA%B8%88%EC%9C%B5%EC%A7%80%EC%A3%BC%28FFF%29.pdf,202300745_11_제재내용 공개안(경영유의 등)_하나금융지주(FFF).pdf,85a47da6455c1f3d5d8cea4b87c0a30700a630855d0cac9594033380bfbcc766
금융회사 경영유의사항 등 공시,하나금융지주,주식회사 하나금융지주,N,20250317,은행검사1국,개선사항,(5),지주 고문제도 운영의 합리성 제고,N,,,"p.5,p.6",,,https://www.fss.or.kr/fss.hpdownload?path=/dtm/opn/&file=202300745_11_%EC%A0%9C%EC%9E%AC%EB%82%B4%EC%9A%A9+%EA%B3%B5%EA%B0%9C%EC%95%88%28%EA%B2%BD%EC%98%81%EC%9C%A0%EC%9D%98+%EB%93%B1%29_%ED%95%98%EB%82%98%EA%B8%88%EC%9C%B5%EC%A7%80%EC%A3%BC%28FFF%29.pdf,202300745_11_제재내용 공개안(경영유의 등)_하나금융지주(FFF).pdf,85a47da6455c1f3d5d8cea4b87c0a30700a630855d0cac9594033380bfbcc766
금융회사 경영유의사항 등 공시,하나금융지주,주식회사 하나금융지주,N,20250317,은행검사1국,개선사항,(6),그룹사 겸직기간 운영 및 장기간 겸직자 관리 개선,N,,,p.6,,,https://www.fss.or.kr/fss.hpdownload?path=/dtm/opn/&file=202300745_11_%EC%A0%9C%EC%9E%AC%EB%82%B4%EC%9A%A9+%EA%B3%B5%EA%B0%9C%EC%95%88%28%EA%B2%BD%EC%98%81%EC%9C%A0%EC%9D%98+%EB%93%B1%29_%ED%95%98%EB%82%98%EA%B8%88%EC%9C%B5%EC%A7%80%EC%A3%BC%28FFF%29.pdf,202300745_11_제재내용 공개안(경영유의 등)_하나금융지주(FFF).pdf,85a47da6455c1f3d5d8cea4b87c0a30700a630855d0cac9594033380bfbcc766
금융회사 경영유의사항 등 공시,하나금융지주,주식회사 하나금융지주,N,20250317,은행검사1국,개선사항,(7),그룹차원 금융지원 관련 운영실태 개선,N,,,p.7,,,https://www.fss.or.kr/fss.hpdownload?path=/dtm/opn/&file=202300745_11_%EC%A0%9C%EC%9E%AC%EB%82%B4%EC%9A%A9+%EA%B3%B5%EA%B0%9C%EC%95%88%28%EA%B2%BD%EC%98%81%EC%9C%A0%EC%9D%98+%EB%93%B1%29_%ED%95%98%EB%82%98%EA%B8%88%EC%9C%B5%EC%A7%80%EC%A3%BC%28FFF%29.pdf,202300745_11_제재내용 공개안(경영유의 등)_하나금융지주(FFF).pdf,85a47da6455c1f3d5d8cea4b87c0a30700a630855d0cac9594033380bfbcc766
금융회사 경영유의사항 등 공시,하나금융지주,주식회사 하나금융지주,N,20250317,은행검사1국,개선사항,(8),지주 사회공헌활동 관련 운영실태 개선,N,,,"p.7,p.8",,,https://www.fss.or.kr/fss.hpdownload?path=/dtm/opn/&file=202300745_11_%EC%A0%9C%EC%9E%AC%EB%82%B4%EC%9A%A9+%EA%B3%B5%EA%B0%9C%EC%95%88%28%EA%B2%BD%EC%98%81%EC%9C%A0%EC%9D%98+%EB%93%B1%29_%ED%95%98%EB%82%98%EA%B8%88%EC%9C%B5%EC%A7%80%EC%A3%BC%28FFF%29.pdf,202300745_11_제재내용 공개안(경영유의 등)_하나금융지주(FFF).pdf,85a47da6455c1f3d5d8cea4b87c0a30700a630855d0cac9594033380bfbcc766
금융회사 경영유의사항 등 공시,하나금융지주,주식회사 하나금융지주,N,20250317,은행검사1국,개선사항,(9),지주 소개영업 업무 체계화,N,,,p.8,,,https://www.fss.or.kr/fss.hpdownload?path=/dtm/opn/&file=202300745_11_%EC%A0%9C%EC%9E%AC%EB%82%B4%EC%9A%A9+%EA%B3%B5%EA%B0%9C%EC%95%88%28%EA%B2%BD%EC%98%81%EC%9C%A0%EC%9D%98+%EB%93%B1%29_%ED%95%98%EB%82%98%EA%B8%88%EC%9C%B5%EC%A7%80%EC%A3%BC%28FFF%29.pdf,202300745_11_제재내용 공개안(경영유의 등)_하나금융지주(FFF).pdf,85a47da6455c1f3d5d8cea4b87c0a30700a630855d0cac9594033380bfbcc766
금융회사 경영유의사항 등 공시,하나금융지주,주식회사 하나금융지주,N,20250317,은행검사1국,개선사항,(10),자회사 성과평가기준 수립업무 개선,N,,,p.8,,,https://www.fss.or.kr/fss.hpdownload?path=/dtm/opn/&file=202300745_11_%EC%A0%9C%EC%9E%AC%EB%82%B4%EC%9A%A9+%EA%B3%B5%EA%B0%9C%EC%95%88%28%EA%B2%BD%EC%98%81%EC%9C%A0%EC%9D%98+%EB%93%B1%29_%ED%95%98%EB%82%98%EA%B8%88%EC%9C%B5%EC%A7%80%EC%A3%BC%28FFF%29.pdf,202300745_11_제재내용 공개안(경영유의 등)_하나금융지주(FFF).pdf,85a47da6455c1f3d5d8cea4b87c0a30700a630855d0cac9594033380bfbcc766
금융회사 경영유의사항 등 공시,하나금융지주,주식회사 하나금융지주,N,20250317,은행검사1국,개선사항,(11),임원 장기성과 평가지표 개선,경계,35,임원 장기성과 건전성 지표,p.9,,,https://www.fss.or.kr/fss.hpdownload?path=/dtm/opn/&file=202300745_11_%EC%A0%9C%EC%9E%AC%EB%82%B4%EC%9A%A9+%EA%B3%B5%EA%B0%9C%EC%95%88%28%EA%B2%BD%EC%98%81%EC%9C%A0%EC%9D%98+%EB%93%B1%29_%ED%95%98%EB%82%98%EA%B8%88%EC%9C%B5%EC%A7%80%EC%A3%BC%28FFF%29.pdf,202300745_11_제재내용 공개안(경영유의 등)_하나금융지주(FFF).pdf,85a47da6455c1f3d5d8cea4b87c0a30700a630855d0cac9594033380bfbcc766
금융회사 경영유의사항 등 공시,하나금융지주,주식회사 하나금융지주,N,20250317,은행검사1국,개선사항,(12),위험가중자산 (RWA) 관리 체계 개선,Y,21,위험가중자산(RWA) 관리,p.9,,,https://www.fss.or.kr/fss.hpdownload?path=/dtm/opn/&file=202300745_11_%EC%A0%9C%EC%9E%AC%EB%82%B4%EC%9A%A9+%EA%B3%B5%EA%B0%9C%EC%95%88%28%EA%B2%BD%EC%98%81%EC%9C%A0%EC%9D%98+%EB%93%B1%29_%ED%95%98%EB%82%98%EA%B8%88%EC%9C%B5%EC%A7%80%EC%A3%BC%28FFF%29.pdf,202300745_11_제재내용 공개안(경영유의 등)_하나금융지주(FFF).pdf,85a47da6455c1f3d5d8cea4b87c0a30700a630855d0cac9594033380bfbcc766
금융회사 경영유의사항 등 공시,하나금융지주,주식회사 하나금융지주,N,20250317,은행검사1국,개선사항,(13),그룹 공동투자 리스크관리체계 개선,Y,26·33·15,그룹 공동투자 편중·사전협의,p.10,,,https://www.fss.or.kr/fss.hpdownload?path=/dtm/opn/&file=202300745_11_%EC%A0%9C%EC%9E%AC%EB%82%B4%EC%9A%A9+%EA%B3%B5%EA%B0%9C%EC%95%88%28%EA%B2%BD%EC%98%81%EC%9C%A0%EC%9D%98+%EB%93%B1%29_%ED%95%98%EB%82%98%EA%B8%88%EC%9C%B5%EC%A7%80%EC%A3%BC%28FFF%29.pdf,202300745_11_제재내용 공개안(경영유의 등)_하나금융지주(FFF).pdf,85a47da6455c1f3d5d8cea4b87c0a30700a630855d0cac9594033380bfbcc766
금융회사 경영유의사항 등 공시,우리금융지주,주식회사 우리금융지주,N,20250318,은행검사1국,경영유의사항,(1),그룹 준법감시체계 강화,N,,,"p.1,p.2",｢그룹준법감시규정｣ 제20조,,https://www.fss.or.kr/fss.hpdownload?path=/dtm/opn/&file=202400600_11_%EC%9A%B0%EB%A6%AC%EA%B8%88%EC%9C%B5%EC%A7%80%EC%A3%BC+%EC%A0%95%EA%B8%B0%EA%B2%80%EC%82%AC+%EA%B2%BD%EC%98%81%EC%9C%A0%EC%9D%98%EC%82%AC%ED%95%AD+%EB%93%B1+%EA%B3%B5%EA%B0%9C%EC%95%88.pdf,202400600_11_우리금융지주 정기검사 경영유의사항 등 공개안.pdf,af64b9ef9ca5e676f43fdd69fd74847e1cedda699a15896a37ce0181969831bc
금융회사 경영유의사항 등 공시,우리금융지주,주식회사 우리금융지주,N,20250318,은행검사1국,경영유의사항,(2),그룹 의사전달체계 운영 강화,Y,17·15,의사전달 공식문서·사전협의,p.2,｢그룹내부통제규정｣ 제13조 ; ｢그룹경영관리규정｣ 제8조 ; ｢자회사등경영관리규정｣ 제4조,,https://www.fss.or.kr/fss.hpdownload?path=/dtm/opn/&file=202400600_11_%EC%9A%B0%EB%A6%AC%EA%B8%88%EC%9C%B5%EC%A7%80%EC%A3%BC+%EC%A0%95%EA%B8%B0%EA%B2%80%EC%82%AC+%EA%B2%BD%EC%98%81%EC%9C%A0%EC%9D%98%EC%82%AC%ED%95%AD+%EB%93%B1+%EA%B3%B5%EA%B0%9C%EC%95%88.pdf,202400600_11_우리금융지주 정기검사 경영유의사항 등 공개안.pdf,af64b9ef9ca5e676f43fdd69fd74847e1cedda699a15896a37ce0181969831bc
금융회사 경영유의사항 등 공시,우리금융지주,주식회사 우리금융지주,N,20250318,은행검사1국,경영유의사항,(3),자회사 M&A 추진 관련 내부통제 강화,Y,15·18·19,자회사 M&A 리스크 평가·보고,"p.2,p.3,p.4,p.5",｢그룹리스크관리규정｣ 제5조 ; ｢그룹M&A업무지침｣ 제6조 ; ｢그룹리스크관리규정｣ 제12조 ; ｢그룹리스크 관리규정｣ 제5조 ; ｢그룹리스크관리규정｣ 제10조 ; ｢리스크관리위원회규정｣ 제6조 ; ｢이사회 규정｣ 제7조,,https://www.fss.or.kr/fss.hpdownload?path=/dtm/opn/&file=202400600_11_%EC%9A%B0%EB%A6%AC%EA%B8%88%EC%9C%B5%EC%A7%80%EC%A3%BC+%EC%A0%95%EA%B8%B0%EA%B2%80%EC%82%AC+%EA%B2%BD%EC%98%81%EC%9C%A0%EC%9D%98%EC%82%AC%ED%95%AD+%EB%93%B1+%EA%B3%B5%EA%B0%9C%EC%95%88.pdf,202400600_11_우리금융지주 정기검사 경영유의사항 등 공개안.pdf,af64b9ef9ca5e676f43fdd69fd74847e1cedda699a15896a37ce0181969831bc
금융회사 경영유의사항 등 공시,우리금융지주,주식회사 우리금융지주,N,20250318,은행검사1국,경영유의사항,(4),"경영계획 변경 , 보고 절차 강화",경계,49,목표 보통주자본비율 임의 변경,"p.5,p.6,p.7",｢정관｣ 제43조 ; ｢이사회규정｣ 제7조 ; ｢그룹경영협의회규정｣ 제5조 ; ｢자회사등경영관리규정｣ 제4조,,https://www.fss.or.kr/fss.hpdownload?path=/dtm/opn/&file=202400600_11_%EC%9A%B0%EB%A6%AC%EA%B8%88%EC%9C%B5%EC%A7%80%EC%A3%BC+%EC%A0%95%EA%B8%B0%EA%B2%80%EC%82%AC+%EA%B2%BD%EC%98%81%EC%9C%A0%EC%9D%98%EC%82%AC%ED%95%AD+%EB%93%B1+%EA%B3%B5%EA%B0%9C%EC%95%88.pdf,202400600_11_우리금융지주 정기검사 경영유의사항 등 공개안.pdf,af64b9ef9ca5e676f43fdd69fd74847e1cedda699a15896a37ce0181969831bc
금융회사 경영유의사항 등 공시,우리금융지주,주식회사 우리금융지주,N,20250318,은행검사1국,경영유의사항,(5),자회사 성과평가 강화,N,,,"p.7,p.8,p.9",｢자회사등 경영관리 규정｣ 제6조 ; ｢보상 위원회규정｣ 제7조,,https://www.fss.or.kr/fss.hpdownload?path=/dtm/opn/&file=202400600_11_%EC%9A%B0%EB%A6%AC%EA%B8%88%EC%9C%B5%EC%A7%80%EC%A3%BC+%EC%A0%95%EA%B8%B0%EA%B2%80%EC%82%AC+%EA%B2%BD%EC%98%81%EC%9C%A0%EC%9D%98%EC%82%AC%ED%95%AD+%EB%93%B1+%EA%B3%B5%EA%B0%9C%EC%95%88.pdf,202400600_11_우리금융지주 정기검사 경영유의사항 등 공개안.pdf,af64b9ef9ca5e676f43fdd69fd74847e1cedda699a15896a37ce0181969831bc
금융회사 경영유의사항 등 공시,우리금융지주,주식회사 우리금융지주,N,20250318,은행검사1국,경영유의사항,(6),그룹 위기대응체계 운영 및 자회사 리스크부문 성과평가 강화,Y,52~54·14·15,그룹 위기대응체계·자회사 리스크관리 평가,"p.9,p.10","｢그룹리스크관리규정｣ 제14조, 제36조 ; ｢자회사등경영관리 규정｣ 제4조 ; ｢그룹리스크관리규정｣ 제36조 ; ｢그룹리스크관리규정｣ 제13조",,https://www.fss.or.kr/fss.hpdownload?path=/dtm/opn/&file=202400600_11_%EC%9A%B0%EB%A6%AC%EA%B8%88%EC%9C%B5%EC%A7%80%EC%A3%BC+%EC%A0%95%EA%B8%B0%EA%B2%80%EC%82%AC+%EA%B2%BD%EC%98%81%EC%9C%A0%EC%9D%98%EC%82%AC%ED%95%AD+%EB%93%B1+%EA%B3%B5%EA%B0%9C%EC%95%88.pdf,202400600_11_우리금융지주 정기검사 경영유의사항 등 공개안.pdf,af64b9ef9ca5e676f43fdd69fd74847e1cedda699a15896a37ce0181969831bc
금융회사 경영유의사항 등 공시,우리금융지주,주식회사 우리금융지주,N,20250318,은행검사1국,경영유의사항,(7),지주회사 자기자본비율 관리 강화,Y,제5장(37~49) 주제,지주 자기자본비율 산출,"p.10,p.11",｢그룹BIS자기자본비율관리지침｣ 제18조,,https://www.fss.or.kr/fss.hpdownload?path=/dtm/opn/&file=202400600_11_%EC%9A%B0%EB%A6%AC%EA%B8%88%EC%9C%B5%EC%A7%80%EC%A3%BC+%EC%A0%95%EA%B8%B0%EA%B2%80%EC%82%AC+%EA%B2%BD%EC%98%81%EC%9C%A0%EC%9D%98%EC%82%AC%ED%95%AD+%EB%93%B1+%EA%B3%B5%EA%B0%9C%EC%95%88.pdf,202400600_11_우리금융지주 정기검사 경영유의사항 등 공개안.pdf,af64b9ef9ca5e676f43fdd69fd74847e1cedda699a15896a37ce0181969831bc
금융회사 경영유의사항 등 공시,우리금융지주,주식회사 우리금융지주,N,20250318,은행검사1국,경영유의사항,(8),책임준공형 토지신탁에 대한 리스크관리 강화,Y,26·20,책임준공형 토지신탁,"p.11,p.12",｢그룹BIS자기자본비율관리지침｣ 제18조 ; ｢그룹리스크관리규정｣ 제14조,,https://www.fss.or.kr/fss.hpdownload?path=/dtm/opn/&file=202400600_11_%EC%9A%B0%EB%A6%AC%EA%B8%88%EC%9C%B5%EC%A7%80%EC%A3%BC+%EC%A0%95%EA%B8%B0%EA%B2%80%EC%82%AC+%EA%B2%BD%EC%98%81%EC%9C%A0%EC%9D%98%EC%82%AC%ED%95%AD+%EB%93%B1+%EA%B3%B5%EA%B0%9C%EC%95%88.pdf,202400600_11_우리금융지주 정기검사 경영유의사항 등 공개안.pdf,af64b9ef9ca5e676f43fdd69fd74847e1cedda699a15896a37ce0181969831bc
금융회사 경영유의사항 등 공시,우리금융지주,주식회사 우리금융지주,N,20250318,은행검사1국,경영유의사항,(9),운영리스크 손실사건 수집 ·관리 강화,Y,23,운영리스크 손실사건,"p.12,p.13,p.14",｢그룹BIS자기자본비율관리지침｣ 제18조 ; ｢그룹운영리스크관리지침｣ 제10조,,https://www.fss.or.kr/fss.hpdownload?path=/dtm/opn/&file=202400600_11_%EC%9A%B0%EB%A6%AC%EA%B8%88%EC%9C%B5%EC%A7%80%EC%A3%BC+%EC%A0%95%EA%B8%B0%EA%B2%80%EC%82%AC+%EA%B2%BD%EC%98%81%EC%9C%A0%EC%9D%98%EC%82%AC%ED%95%AD+%EB%93%B1+%EA%B3%B5%EA%B0%9C%EC%95%88.pdf,202400600_11_우리금융지주 정기검사 경영유의사항 등 공개안.pdf,af64b9ef9ca5e676f43fdd69fd74847e1cedda699a15896a37ce0181969831bc
금융회사 경영유의사항 등 공시,우리금융지주,주식회사 우리금융지주,N,20250318,은행검사1국,경영유의사항,(10),그룹 공동투자 관리 강화,Y,33·26,그룹 공동투자,"p.14,p.15",,,https://www.fss.or.kr/fss.hpdownload?path=/dtm/opn/&file=202400600_11_%EC%9A%B0%EB%A6%AC%EA%B8%88%EC%9C%B5%EC%A7%80%EC%A3%BC+%EC%A0%95%EA%B8%B0%EA%B2%80%EC%82%AC+%EA%B2%BD%EC%98%81%EC%9C%A0%EC%9D%98%EC%82%AC%ED%95%AD+%EB%93%B1+%EA%B3%B5%EA%B0%9C%EC%95%88.pdf,202400600_11_우리금융지주 정기검사 경영유의사항 등 공개안.pdf,af64b9ef9ca5e676f43fdd69fd74847e1cedda699a15896a37ce0181969831bc
금융회사 경영유의사항 등 공시,우리금융지주,주식회사 우리금융지주,N,20250318,은행검사1국,경영유의사항,(11),소개영업 관련 책임 강화,N,,,p.15,｢자회사등간 소개영업 업무기준｣ 제10조,,https://www.fss.or.kr/fss.hpdownload?path=/dtm/opn/&file=202400600_11_%EC%9A%B0%EB%A6%AC%EA%B8%88%EC%9C%B5%EC%A7%80%EC%A3%BC+%EC%A0%95%EA%B8%B0%EA%B2%80%EC%82%AC+%EA%B2%BD%EC%98%81%EC%9C%A0%EC%9D%98%EC%82%AC%ED%95%AD+%EB%93%B1+%EA%B3%B5%EA%B0%9C%EC%95%88.pdf,202400600_11_우리금융지주 정기검사 경영유의사항 등 공개안.pdf,af64b9ef9ca5e676f43fdd69fd74847e1cedda699a15896a37ce0181969831bc
금융회사 경영유의사항 등 공시,우리금융지주,주식회사 우리금융지주,N,20250318,은행검사1국,개선사항,(1),경영자문역 제도 운영방식 개선,N,,,p.16,｢자회사등경영관리규정｣ 제3조,,https://www.fss.or.kr/fss.hpdownload?path=/dtm/opn/&file=202400600_11_%EC%9A%B0%EB%A6%AC%EA%B8%88%EC%9C%B5%EC%A7%80%EC%A3%BC+%EC%A0%95%EA%B8%B0%EA%B2%80%EC%82%AC+%EA%B2%BD%EC%98%81%EC%9C%A0%EC%9D%98%EC%82%AC%ED%95%AD+%EB%93%B1+%EA%B3%B5%EA%B0%9C%EC%95%88.pdf,202400600_11_우리금융지주 정기검사 경영유의사항 등 공개안.pdf,af64b9ef9ca5e676f43fdd69fd74847e1cedda699a15896a37ce0181969831bc
금융회사 경영유의사항 등 공시,우리금융지주,주식회사 우리금융지주,N,20250318,은행검사1국,개선사항,(2),이사회 등 의사록 작성 및 안건공유 절차 강화,N,,,"p.16,p.17",｢자회사대표이사후보추천위원회규정｣ 제12조 ; ｢이사회규정｣ 제6조,,https://www.fss.or.kr/fss.hpdownload?path=/dtm/opn/&file=202400600_11_%EC%9A%B0%EB%A6%AC%EA%B8%88%EC%9C%B5%EC%A7%80%EC%A3%BC+%EC%A0%95%EA%B8%B0%EA%B2%80%EC%82%AC+%EA%B2%BD%EC%98%81%EC%9C%A0%EC%9D%98%EC%82%AC%ED%95%AD+%EB%93%B1+%EA%B3%B5%EA%B0%9C%EC%95%88.pdf,202400600_11_우리금융지주 정기검사 경영유의사항 등 공개안.pdf,af64b9ef9ca5e676f43fdd69fd74847e1cedda699a15896a37ce0181969831bc
금융회사 경영유의사항 등 공시,우리금융지주,주식회사 우리금융지주,N,20250318,은행검사1국,개선사항,(3),자회사 임원 후보자 검증 절차 강화,N,,,"p.17,p.18",｢자회사대표이사후보추천위원회규정｣ 제9조 ; ｢자회사등경영관리규정｣ 제4조,,https://www.fss.or.kr/fss.hpdownload?path=/dtm/opn/&file=202400600_11_%EC%9A%B0%EB%A6%AC%EA%B8%88%EC%9C%B5%EC%A7%80%EC%A3%BC+%EC%A0%95%EA%B8%B0%EA%B2%80%EC%82%AC+%EA%B2%BD%EC%98%81%EC%9C%A0%EC%9D%98%EC%82%AC%ED%95%AD+%EB%93%B1+%EA%B3%B5%EA%B0%9C%EC%95%88.pdf,202400600_11_우리금융지주 정기검사 경영유의사항 등 공개안.pdf,af64b9ef9ca5e676f43fdd69fd74847e1cedda699a15896a37ce0181969831bc
금융회사 경영유의사항 등 공시,우리금융지주,주식회사 우리금융지주,N,20250318,은행검사1국,개선사항,(4),경영진성과평가 체계 개선 필요,N,,,p.18,｢경영진 보수규정｣ 제8조,,https://www.fss.or.kr/fss.hpdownload?path=/dtm/opn/&file=202400600_11_%EC%9A%B0%EB%A6%AC%EA%B8%88%EC%9C%B5%EC%A7%80%EC%A3%BC+%EC%A0%95%EA%B8%B0%EA%B2%80%EC%82%AC+%EA%B2%BD%EC%98%81%EC%9C%A0%EC%9D%98%EC%82%AC%ED%95%AD+%EB%93%B1+%EA%B3%B5%EA%B0%9C%EC%95%88.pdf,202400600_11_우리금융지주 정기검사 경영유의사항 등 공개안.pdf,af64b9ef9ca5e676f43fdd69fd74847e1cedda699a15896a37ce0181969831bc
금융회사 경영유의사항 등 공시,우리금융지주,주식회사 우리금융지주,N,20250318,은행검사1국,개선사항,(5),채권 발행 주관사 선정 관련 평가 체계 등 개선,N,,,p.19,｢계약사무지침｣ 제66조,,https://www.fss.or.kr/fss.hpdownload?path=/dtm/opn/&file=202400600_11_%EC%9A%B0%EB%A6%AC%EA%B8%88%EC%9C%B5%EC%A7%80%EC%A3%BC+%EC%A0%95%EA%B8%B0%EA%B2%80%EC%82%AC+%EA%B2%BD%EC%98%81%EC%9C%A0%EC%9D%98%EC%82%AC%ED%95%AD+%EB%93%B1+%EA%B3%B5%EA%B0%9C%EC%95%88.pdf,202400600_11_우리금융지주 정기검사 경영유의사항 등 공개안.pdf,af64b9ef9ca5e676f43fdd69fd74847e1cedda699a15896a37ce0181969831bc
금융회사 경영유의사항 등 공시,우리금융지주,주식회사 우리금융지주,N,20250318,은행검사1국,개선사항,(6),자회사 출자‧자금지원 관련 이사회 등 정보제공 강화,Y,9·33,자회사 출자·자금지원 리스크관리위원회 심의,"p.19,p.20",,,https://www.fss.or.kr/fss.hpdownload?path=/dtm/opn/&file=202400600_11_%EC%9A%B0%EB%A6%AC%EA%B8%88%EC%9C%B5%EC%A7%80%EC%A3%BC+%EC%A0%95%EA%B8%B0%EA%B2%80%EC%82%AC+%EA%B2%BD%EC%98%81%EC%9C%A0%EC%9D%98%EC%82%AC%ED%95%AD+%EB%93%B1+%EA%B3%B5%EA%B0%9C%EC%95%88.pdf,202400600_11_우리금융지주 정기검사 경영유의사항 등 공개안.pdf,af64b9ef9ca5e676f43fdd69fd74847e1cedda699a15896a37ce0181969831bc
금융회사 경영유의사항 등 공시,우리금융지주,주식회사 우리금융지주,N,20250318,은행검사1국,개선사항,(7),지주회사 자본비율 산출체계 개선,Y,제5장(37~49) 주제,자본비율 산출체계,"p.21,p.22,p.23,p.24",｢그룹BIS자기자본비율관리지침｣ 제18조 ; ｢그룹회계처리 기준｣ 제2조 및 제43조 ; ｢은행업감독업무시행세칙｣ [별표 3],,https://www.fss.or.kr/fss.hpdownload?path=/dtm/opn/&file=202400600_11_%EC%9A%B0%EB%A6%AC%EA%B8%88%EC%9C%B5%EC%A7%80%EC%A3%BC+%EC%A0%95%EA%B8%B0%EA%B2%80%EC%82%AC+%EA%B2%BD%EC%98%81%EC%9C%A0%EC%9D%98%EC%82%AC%ED%95%AD+%EB%93%B1+%EA%B3%B5%EA%B0%9C%EC%95%88.pdf,202400600_11_우리금융지주 정기검사 경영유의사항 등 공개안.pdf,af64b9ef9ca5e676f43fdd69fd74847e1cedda699a15896a37ce0181969831bc
금융회사 경영유의사항 등 공시,우리금융지주,주식회사 우리금융지주,N,20250318,은행검사1국,개선사항,(8),자회사 등의 그룹공동투자 (대출채권 ) 대손충당금 관리 강화,Y,21·33,공동투자 대손충당금,p.24,｢그룹리스크관리규정｣ 제31조,,https://www.fss.or.kr/fss.hpdownload?path=/dtm/opn/&file=202400600_11_%EC%9A%B0%EB%A6%AC%EA%B8%88%EC%9C%B5%EC%A7%80%EC%A3%BC+%EC%A0%95%EA%B8%B0%EA%B2%80%EC%82%AC+%EA%B2%BD%EC%98%81%EC%9C%A0%EC%9D%98%EC%82%AC%ED%95%AD+%EB%93%B1+%EA%B3%B5%EA%B0%9C%EC%95%88.pdf,202400600_11_우리금융지주 정기검사 경영유의사항 등 공개안.pdf,af64b9ef9ca5e676f43fdd69fd74847e1cedda699a15896a37ce0181969831bc
금융회사 경영유의사항 등 공시,우리금융지주,주식회사 우리금융지주,N,20250318,은행검사1국,개선사항,(9),자회사 충당금 산출 시 미래경기전망 반영 방법론 개선,Y,21,충당금 미래경기전망,"p.24,p.25",｢그룹회계처리기준｣ 제105조,,https://www.fss.or.kr/fss.hpdownload?path=/dtm/opn/&file=202400600_11_%EC%9A%B0%EB%A6%AC%EA%B8%88%EC%9C%B5%EC%A7%80%EC%A3%BC+%EC%A0%95%EA%B8%B0%EA%B2%80%EC%82%AC+%EA%B2%BD%EC%98%81%EC%9C%A0%EC%9D%98%EC%82%AC%ED%95%AD+%EB%93%B1+%EA%B3%B5%EA%B0%9C%EC%95%88.pdf,202400600_11_우리금융지주 정기검사 경영유의사항 등 공개안.pdf,af64b9ef9ca5e676f43fdd69fd74847e1cedda699a15896a37ce0181969831bc
금융회사 경영유의사항 등 공시,우리금융지주,주식회사 우리금융지주,N,20250318,은행검사1국,개선사항,(10),자회사간 신용공여 담보비율 관리 절차 마련,Y,33,자회사간 신용공여 담보비율,p.25,,,https://www.fss.or.kr/fss.hpdownload?path=/dtm/opn/&file=202400600_11_%EC%9A%B0%EB%A6%AC%EA%B8%88%EC%9C%B5%EC%A7%80%EC%A3%BC+%EC%A0%95%EA%B8%B0%EA%B2%80%EC%82%AC+%EA%B2%BD%EC%98%81%EC%9C%A0%EC%9D%98%EC%82%AC%ED%95%AD+%EB%93%B1+%EA%B3%B5%EA%B0%9C%EC%95%88.pdf,202400600_11_우리금융지주 정기검사 경영유의사항 등 공개안.pdf,af64b9ef9ca5e676f43fdd69fd74847e1cedda699a15896a37ce0181969831bc
금융회사 경영유의사항 등 공시,KB금융지주,주식회사 케이비금융지주,N,20250609,은행검사1국,경영유의사항,(1),그룹 자회사의 대손충당금 산출 방법론 적용에 관한 통할 기능 강화,Y,21,대손충당금 방법론 통할,"p.1,p.2",,,https://www.fss.or.kr/fss.hpdownload?path=/dtm/opn/&file=202400482_11_KB%EA%B8%88%EC%9C%B5%EC%A7%80%EC%A3%BC+%EC%A0%95%EA%B8%B0%EA%B2%80%EC%82%AC+%EA%B2%BD%EC%98%81%EC%9C%A0%EC%9D%98%EC%82%AC%ED%95%AD+%EB%93%B1+%EA%B3%B5%EA%B0%9C%EC%95%88.pdf,202400482_11_KB금융지주 정기검사 경영유의사항 등 공개안.pdf,322b8cce71678e0640a971ae3f8e0283b1adf13144b7c3e35772664a563fd544
금융회사 경영유의사항 등 공시,KB금융지주,주식회사 케이비금융지주,N,20250609,은행검사1국,경영유의사항,(2),책임준공형 토지신탁에 대한 리스크관리 강화,Y,26·20,책임준공형 토지신탁,p.2,｢BIS위험가중자산산출지침｣ 제8조,,https://www.fss.or.kr/fss.hpdownload?path=/dtm/opn/&file=202400482_11_KB%EA%B8%88%EC%9C%B5%EC%A7%80%EC%A3%BC+%EC%A0%95%EA%B8%B0%EA%B2%80%EC%82%AC+%EA%B2%BD%EC%98%81%EC%9C%A0%EC%9D%98%EC%82%AC%ED%95%AD+%EB%93%B1+%EA%B3%B5%EA%B0%9C%EC%95%88.pdf,202400482_11_KB금융지주 정기검사 경영유의사항 등 공개안.pdf,322b8cce71678e0640a971ae3f8e0283b1adf13144b7c3e35772664a563fd544
금융회사 경영유의사항 등 공시,KB금융지주,주식회사 케이비금융지주,N,20250609,은행검사1국,경영유의사항,(3),자회사 C 등 자회사 경영관리 강화,Y,15·26·14,자회사 리스크 사전협의·한도,"p.2,p.3,p.4",,,https://www.fss.or.kr/fss.hpdownload?path=/dtm/opn/&file=202400482_11_KB%EA%B8%88%EC%9C%B5%EC%A7%80%EC%A3%BC+%EC%A0%95%EA%B8%B0%EA%B2%80%EC%82%AC+%EA%B2%BD%EC%98%81%EC%9C%A0%EC%9D%98%EC%82%AC%ED%95%AD+%EB%93%B1+%EA%B3%B5%EA%B0%9C%EC%95%88.pdf,202400482_11_KB금융지주 정기검사 경영유의사항 등 공개안.pdf,322b8cce71678e0640a971ae3f8e0283b1adf13144b7c3e35772664a563fd544
금융회사 경영유의사항 등 공시,KB금융지주,주식회사 케이비금융지주,N,20250609,은행검사1국,경영유의사항,(4),자회사 임직원 보수체계 결정체계 미흡,N,,,p.4,,,https://www.fss.or.kr/fss.hpdownload?path=/dtm/opn/&file=202400482_11_KB%EA%B8%88%EC%9C%B5%EC%A7%80%EC%A3%BC+%EC%A0%95%EA%B8%B0%EA%B2%80%EC%82%AC+%EA%B2%BD%EC%98%81%EC%9C%A0%EC%9D%98%EC%82%AC%ED%95%AD+%EB%93%B1+%EA%B3%B5%EA%B0%9C%EC%95%88.pdf,202400482_11_KB금융지주 정기검사 경영유의사항 등 공개안.pdf,322b8cce71678e0640a971ae3f8e0283b1adf13144b7c3e35772664a563fd544
금융회사 경영유의사항 등 공시,KB금융지주,주식회사 케이비금융지주,N,20250609,은행검사1국,개선사항,(1),자회사 발행 신종자본증권 인수 등 자금지원 절차 관련 업무체계 개선,Y,15·33,신종자본증권 인수 리스크관리부서 사전협의,p.5,,,https://www.fss.or.kr/fss.hpdownload?path=/dtm/opn/&file=202400482_11_KB%EA%B8%88%EC%9C%B5%EC%A7%80%EC%A3%BC+%EC%A0%95%EA%B8%B0%EA%B2%80%EC%82%AC+%EA%B2%BD%EC%98%81%EC%9C%A0%EC%9D%98%EC%82%AC%ED%95%AD+%EB%93%B1+%EA%B3%B5%EA%B0%9C%EC%95%88.pdf,202400482_11_KB금융지주 정기검사 경영유의사항 등 공개안.pdf,322b8cce71678e0640a971ae3f8e0283b1adf13144b7c3e35772664a563fd544
금융회사 경영유의사항 등 공시,KB금융지주,주식회사 케이비금융지주,N,20250609,은행검사1국,개선사항,(2),비상조달계획 내 자금조달 규모 산출체계 미흡,Y,57,비상조달계획 자금조달 규모,"p.5,p.6",,,https://www.fss.or.kr/fss.hpdownload?path=/dtm/opn/&file=202400482_11_KB%EA%B8%88%EC%9C%B5%EC%A7%80%EC%A3%BC+%EC%A0%95%EA%B8%B0%EA%B2%80%EC%82%AC+%EA%B2%BD%EC%98%81%EC%9C%A0%EC%9D%98%EC%82%AC%ED%95%AD+%EB%93%B1+%EA%B3%B5%EA%B0%9C%EC%95%88.pdf,202400482_11_KB금융지주 정기검사 경영유의사항 등 공개안.pdf,322b8cce71678e0640a971ae3f8e0283b1adf13144b7c3e35772664a563fd544
금융회사 경영유의사항 등 공시,KB금융지주,주식회사 케이비금융지주,N,20250609,은행검사1국,개선사항,(3),사회공헌활동 업무체계 적정성 제고,N,,,p.6,,,https://www.fss.or.kr/fss.hpdownload?path=/dtm/opn/&file=202400482_11_KB%EA%B8%88%EC%9C%B5%EC%A7%80%EC%A3%BC+%EC%A0%95%EA%B8%B0%EA%B2%80%EC%82%AC+%EA%B2%BD%EC%98%81%EC%9C%A0%EC%9D%98%EC%82%AC%ED%95%AD+%EB%93%B1+%EA%B3%B5%EA%B0%9C%EC%95%88.pdf,202400482_11_KB금융지주 정기검사 경영유의사항 등 공개안.pdf,322b8cce71678e0640a971ae3f8e0283b1adf13144b7c3e35772664a563fd544
금융회사 경영유의사항 등 공시,KB금융지주,주식회사 케이비금융지주,N,20250609,은행검사1국,개선사항,(4),임원 성과급 환수 범위(Band) 개선,N,,,"p.6,p.7",｢이사회규정｣ 제11조,,https://www.fss.or.kr/fss.hpdownload?path=/dtm/opn/&file=202400482_11_KB%EA%B8%88%EC%9C%B5%EC%A7%80%EC%A3%BC+%EC%A0%95%EA%B8%B0%EA%B2%80%EC%82%AC+%EA%B2%BD%EC%98%81%EC%9C%A0%EC%9D%98%EC%82%AC%ED%95%AD+%EB%93%B1+%EA%B3%B5%EA%B0%9C%EC%95%88.pdf,202400482_11_KB금융지주 정기검사 경영유의사항 등 공개안.pdf,322b8cce71678e0640a971ae3f8e0283b1adf13144b7c3e35772664a563fd544
금융회사 경영유의사항 등 공시,NH농협금융지주,농협금융지주 주식회사,N,20251208,은행검사2국,경영유의사항,(1),자회사 (은행 등)지원성 사업을 고려한 자본계획 마련,Y,49,자본계획,"p.1,p.2",,,https://www.fss.or.kr/fss.hpdownload?path=/dtm/opn/&file=202400279_11_%EB%86%8D%ED%98%91%EA%B8%88%EC%9C%B5%EC%A7%80%EC%A3%BC%E3%88%9C+%EA%B2%BD%EC%98%81%EC%9C%A0%EC%9D%98%EC%82%AC%ED%95%AD+%EB%93%B1+%EA%B3%B5%EA%B0%9C%EC%95%88.pdf,202400279_11_농협금융지주㈜ 경영유의사항 등 공개안.pdf,3d90a3fc481ab19c82ecbc1bb5590de814b14591b39fa7a36ffaf373cc1ae66c
금융회사 경영유의사항 등 공시,NH농협금융지주,농협금융지주 주식회사,N,20251208,은행검사2국,개선사항,(1),사외이사 선임 절차 강화 등 이사회 운영 개선,N,,,p.2,,,https://www.fss.or.kr/fss.hpdownload?path=/dtm/opn/&file=202400279_11_%EB%86%8D%ED%98%91%EA%B8%88%EC%9C%B5%EC%A7%80%EC%A3%BC%E3%88%9C+%EA%B2%BD%EC%98%81%EC%9C%A0%EC%9D%98%EC%82%AC%ED%95%AD+%EB%93%B1+%EA%B3%B5%EA%B0%9C%EC%95%88.pdf,202400279_11_농협금융지주㈜ 경영유의사항 등 공개안.pdf,3d90a3fc481ab19c82ecbc1bb5590de814b14591b39fa7a36ffaf373cc1ae66c
금융회사 경영유의사항 등 공시,NH농협금융지주,농협금융지주 주식회사,N,20251208,은행검사2국,개선사항,(2),농협지주 내부제보(레드휘슬) 운영방안 개선,N,,,p.3,,,https://www.fss.or.kr/fss.hpdownload?path=/dtm/opn/&file=202400279_11_%EB%86%8D%ED%98%91%EA%B8%88%EC%9C%B5%EC%A7%80%EC%A3%BC%E3%88%9C+%EA%B2%BD%EC%98%81%EC%9C%A0%EC%9D%98%EC%82%AC%ED%95%AD+%EB%93%B1+%EA%B3%B5%EA%B0%9C%EC%95%88.pdf,202400279_11_농협금융지주㈜ 경영유의사항 등 공개안.pdf,3d90a3fc481ab19c82ecbc1bb5590de814b14591b39fa7a36ffaf373cc1ae66c
금융회사 경영유의사항 등 공시,NH농협금융지주,농협금융지주 주식회사,N,20251208,은행검사2국,개선사항,(3),내부거래 관련 경영공시 업무 개선,N,,,"p.3,p.4",,,https://www.fss.or.kr/fss.hpdownload?path=/dtm/opn/&file=202400279_11_%EB%86%8D%ED%98%91%EA%B8%88%EC%9C%B5%EC%A7%80%EC%A3%BC%E3%88%9C+%EA%B2%BD%EC%98%81%EC%9C%A0%EC%9D%98%EC%82%AC%ED%95%AD+%EB%93%B1+%EA%B3%B5%EA%B0%9C%EC%95%88.pdf,202400279_11_농협금융지주㈜ 경영유의사항 등 공개안.pdf,3d90a3fc481ab19c82ecbc1bb5590de814b14591b39fa7a36ffaf373cc1ae66c
금융회사 경영유의사항 등 공시,NH농협금융지주,농협금융지주 주식회사,N,20251208,은행검사2국,개선사항,(4),지주자회사에 대한 관리 개선,경계,14,자회사 리스크관리 실태평가 범위(②),p.4,,,https://www.fss.or.kr/fss.hpdownload?path=/dtm/opn/&file=202400279_11_%EB%86%8D%ED%98%91%EA%B8%88%EC%9C%B5%EC%A7%80%EC%A3%BC%E3%88%9C+%EA%B2%BD%EC%98%81%EC%9C%A0%EC%9D%98%EC%82%AC%ED%95%AD+%EB%93%B1+%EA%B3%B5%EA%B0%9C%EC%95%88.pdf,202400279_11_농협금융지주㈜ 경영유의사항 등 공개안.pdf,3d90a3fc481ab19c82ecbc1bb5590de814b14591b39fa7a36ffaf373cc1ae66c
금융회사 경영유의사항 등 공시,NH농협금융지주,농협금융지주 주식회사,N,20251208,은행검사2국,개선사항,(5),자금조달 및 운용관리 절차 개선,Y,25,자금조달·운용(유동성),p.5,｢자금관리준칙｣ 제7조,,https://www.fss.or.kr/fss.hpdownload?path=/dtm/opn/&file=202400279_11_%EB%86%8D%ED%98%91%EA%B8%88%EC%9C%B5%EC%A7%80%EC%A3%BC%E3%88%9C+%EA%B2%BD%EC%98%81%EC%9C%A0%EC%9D%98%EC%82%AC%ED%95%AD+%EB%93%B1+%EA%B3%B5%EA%B0%9C%EC%95%88.pdf,202400279_11_농협금융지주㈜ 경영유의사항 등 공개안.pdf,3d90a3fc481ab19c82ecbc1bb5590de814b14591b39fa7a36ffaf373cc1ae66c
금융회사 경영유의사항 등 공시,NH농협금융지주,농협금융지주 주식회사,N,20251208,은행검사2국,개선사항,(6),통합위기상황분석시 분석대상 지표 보완,Y,56,통합위기상황분석 지표,p.5,,,https://www.fss.or.kr/fss.hpdownload?path=/dtm/opn/&file=202400279_11_%EB%86%8D%ED%98%91%EA%B8%88%EC%9C%B5%EC%A7%80%EC%A3%BC%E3%88%9C+%EA%B2%BD%EC%98%81%EC%9C%A0%EC%9D%98%EC%82%AC%ED%95%AD+%EB%93%B1+%EA%B3%B5%EA%B0%9C%EC%95%88.pdf,202400279_11_농협금융지주㈜ 경영유의사항 등 공개안.pdf,3d90a3fc481ab19c82ecbc1bb5590de814b14591b39fa7a36ffaf373cc1ae66c
금융회사 경영유의사항 등 공시,하나금융지주,주식회사 하나금융지주,N,20260723,은행검사1국,경영유의사항,(1),최고경영자 경영승계 절차의 투명성 및 공정성 강화,N,,,"p.1,p.2",｢지배구조내부규범｣ 제10조 ; ｢경영승계계획규정｣ 제6조 ; ｢이사회규정｣ 제6조,,https://www.fss.or.kr/fss.hpdownload?path=/dtm/opn/&file=202500626_11_%EC%A0%9C%EC%9E%AC%EB%82%B4%EC%9A%A9+%EA%B3%B5%EA%B0%9C%EC%95%88%28%EA%B2%BD%EC%98%81%EC%9C%A0%EC%9D%98+%EB%93%B1%29_%ED%95%98%EB%82%98%EA%B8%88%EC%9C%B5%EC%A7%80%EC%A3%BCF.pdf,202500626_11_제재내용 공개안(경영유의 등)_하나금융지주F.pdf,5b6248bdc441fcac9da8369ec709948f1d30fd3c125bb87502668551b8c62051
금융회사 경영유의사항 등 공시,하나금융지주,주식회사 하나금융지주,N,20260723,은행검사1국,경영유의사항,(2),사외이사 선임 및 평가제도 관리 강화,N,,,"p.2,p.3,p.4","｢사외이사운영규정｣ 제7조,제9조, 제11조 ; ｢사외이사 및 감사 위원 후보추천위원회(이하 ‘사감추위’) 규정｣ 제3조",,https://www.fss.or.kr/fss.hpdownload?path=/dtm/opn/&file=202500626_11_%EC%A0%9C%EC%9E%AC%EB%82%B4%EC%9A%A9+%EA%B3%B5%EA%B0%9C%EC%95%88%28%EA%B2%BD%EC%98%81%EC%9C%A0%EC%9D%98+%EB%93%B1%29_%ED%95%98%EB%82%98%EA%B8%88%EC%9C%B5%EC%A7%80%EC%A3%BCF.pdf,202500626_11_제재내용 공개안(경영유의 등)_하나금융지주F.pdf,5b6248bdc441fcac9da8369ec709948f1d30fd3c125bb87502668551b8c62051
금융회사 경영유의사항 등 공시,하나금융지주,주식회사 하나금융지주,N,20260723,은행검사1국,경영유의사항,(3),책무구조도 운영 적정성 강화,N,,,"p.4,p.5",,,https://www.fss.or.kr/fss.hpdownload?path=/dtm/opn/&file=202500626_11_%EC%A0%9C%EC%9E%AC%EB%82%B4%EC%9A%A9+%EA%B3%B5%EA%B0%9C%EC%95%88%28%EA%B2%BD%EC%98%81%EC%9C%A0%EC%9D%98+%EB%93%B1%29_%ED%95%98%EB%82%98%EA%B8%88%EC%9C%B5%EC%A7%80%EC%A3%BCF.pdf,202500626_11_제재내용 공개안(경영유의 등)_하나금융지주F.pdf,5b6248bdc441fcac9da8369ec709948f1d30fd3c125bb87502668551b8c62051
금융회사 경영유의사항 등 공시,하나금융지주,주식회사 하나금융지주,N,20260723,은행검사1국,경영유의사항,(4),자본관리계획 수립 및 운영 강화,Y,49,자본관리계획,"p.5,p.6",,,https://www.fss.or.kr/fss.hpdownload?path=/dtm/opn/&file=202500626_11_%EC%A0%9C%EC%9E%AC%EB%82%B4%EC%9A%A9+%EA%B3%B5%EA%B0%9C%EC%95%88%28%EA%B2%BD%EC%98%81%EC%9C%A0%EC%9D%98+%EB%93%B1%29_%ED%95%98%EB%82%98%EA%B8%88%EC%9C%B5%EC%A7%80%EC%A3%BCF.pdf,202500626_11_제재내용 공개안(경영유의 등)_하나금융지주F.pdf,5b6248bdc441fcac9da8369ec709948f1d30fd3c125bb87502668551b8c62051
금융회사 경영유의사항 등 공시,하나금융지주,주식회사 하나금융지주,N,20260723,은행검사1국,경영유의사항,(5),그룹 자산건전성 지표 및 대손충당금 적립 등 관리 강화,Y,21,자산건전성·대손충당금,"p.6,p.7",｢그룹 자산건전성 분류 및 대손충당금 적립 지침｣ 제3조제1항,,https://www.fss.or.kr/fss.hpdownload?path=/dtm/opn/&file=202500626_11_%EC%A0%9C%EC%9E%AC%EB%82%B4%EC%9A%A9+%EA%B3%B5%EA%B0%9C%EC%95%88%28%EA%B2%BD%EC%98%81%EC%9C%A0%EC%9D%98+%EB%93%B1%29_%ED%95%98%EB%82%98%EA%B8%88%EC%9C%B5%EC%A7%80%EC%A3%BCF.pdf,202500626_11_제재내용 공개안(경영유의 등)_하나금융지주F.pdf,5b6248bdc441fcac9da8369ec709948f1d30fd3c125bb87502668551b8c62051
금융회사 경영유의사항 등 공시,하나금융지주,주식회사 하나금융지주,N,20260723,은행검사1국,경영유의사항,(6),그룹 공동투자 관리 강화,Y,33·26,그룹 공동투자,p.7,"｢관계회사 경영관리규정｣ 제2조, 제10조",,https://www.fss.or.kr/fss.hpdownload?path=/dtm/opn/&file=202500626_11_%EC%A0%9C%EC%9E%AC%EB%82%B4%EC%9A%A9+%EA%B3%B5%EA%B0%9C%EC%95%88%28%EA%B2%BD%EC%98%81%EC%9C%A0%EC%9D%98+%EB%93%B1%29_%ED%95%98%EB%82%98%EA%B8%88%EC%9C%B5%EC%A7%80%EC%A3%BCF.pdf,202500626_11_제재내용 공개안(경영유의 등)_하나금융지주F.pdf,5b6248bdc441fcac9da8369ec709948f1d30fd3c125bb87502668551b8c62051
금융회사 경영유의사항 등 공시,하나금융지주,주식회사 하나금융지주,N,20260723,은행검사1국,경영유의사항,(7),관계회사 금융상품 개발 및 판매 등 내부통제 강화,경계,33,관계회사 금융상품·그룹 내부거래 사전검토,p.8,｢관계회사경영관리시행세칙｣ 제4조 ; ｢소비자리스크관리위원회 규정｣ 제3조 ; ｢직제규정｣ 제34조,,https://www.fss.or.kr/fss.hpdownload?path=/dtm/opn/&file=202500626_11_%EC%A0%9C%EC%9E%AC%EB%82%B4%EC%9A%A9+%EA%B3%B5%EA%B0%9C%EC%95%88%28%EA%B2%BD%EC%98%81%EC%9C%A0%EC%9D%98+%EB%93%B1%29_%ED%95%98%EB%82%98%EA%B8%88%EC%9C%B5%EC%A7%80%EC%A3%BCF.pdf,202500626_11_제재내용 공개안(경영유의 등)_하나금융지주F.pdf,5b6248bdc441fcac9da8369ec709948f1d30fd3c125bb87502668551b8c62051
금융회사 경영유의사항 등 공시,하나금융지주,주식회사 하나금융지주,N,20260723,은행검사1국,개선사항,(1),은행 최고경영자 경영승계시 은행 임추위의 의견 개진 절차 개선,N,,,p.9,,,https://www.fss.or.kr/fss.hpdownload?path=/dtm/opn/&file=202500626_11_%EC%A0%9C%EC%9E%AC%EB%82%B4%EC%9A%A9+%EA%B3%B5%EA%B0%9C%EC%95%88%28%EA%B2%BD%EC%98%81%EC%9C%A0%EC%9D%98+%EB%93%B1%29_%ED%95%98%EB%82%98%EA%B8%88%EC%9C%B5%EC%A7%80%EC%A3%BCF.pdf,202500626_11_제재내용 공개안(경영유의 등)_하나금융지주F.pdf,5b6248bdc441fcac9da8369ec709948f1d30fd3c125bb87502668551b8c62051
금융회사 경영유의사항 등 공시,하나금융지주,주식회사 하나금융지주,N,20260723,은행검사1국,개선사항,(2),임원의 적극적 자격 요건 운영 개선,N,,,p.9,｢임원 규정｣ 제7조,,https://www.fss.or.kr/fss.hpdownload?path=/dtm/opn/&file=202500626_11_%EC%A0%9C%EC%9E%AC%EB%82%B4%EC%9A%A9+%EA%B3%B5%EA%B0%9C%EC%95%88%28%EA%B2%BD%EC%98%81%EC%9C%A0%EC%9D%98+%EB%93%B1%29_%ED%95%98%EB%82%98%EA%B8%88%EC%9C%B5%EC%A7%80%EC%A3%BCF.pdf,202500626_11_제재내용 공개안(경영유의 등)_하나금융지주F.pdf,5b6248bdc441fcac9da8369ec709948f1d30fd3c125bb87502668551b8c62051
금융회사 경영유의사항 등 공시,하나금융지주,주식회사 하나금융지주,N,20260723,은행검사1국,개선사항,(3),그룹 최고경영자 성과보상체계의 합리성 제고,N,,,"p.10,p.11",,,https://www.fss.or.kr/fss.hpdownload?path=/dtm/opn/&file=202500626_11_%EC%A0%9C%EC%9E%AC%EB%82%B4%EC%9A%A9+%EA%B3%B5%EA%B0%9C%EC%95%88%28%EA%B2%BD%EC%98%81%EC%9C%A0%EC%9D%98+%EB%93%B1%29_%ED%95%98%EB%82%98%EA%B8%88%EC%9C%B5%EC%A7%80%EC%A3%BCF.pdf,202500626_11_제재내용 공개안(경영유의 등)_하나금융지주F.pdf,5b6248bdc441fcac9da8369ec709948f1d30fd3c125bb87502668551b8c62051
금융회사 경영유의사항 등 공시,하나금융지주,주식회사 하나금융지주,N,20260723,은행검사1국,개선사항,(4),지주 고문제도 운영의 합리성 제고,N,,,"p.11,p.12,p.13",,,https://www.fss.or.kr/fss.hpdownload?path=/dtm/opn/&file=202500626_11_%EC%A0%9C%EC%9E%AC%EB%82%B4%EC%9A%A9+%EA%B3%B5%EA%B0%9C%EC%95%88%28%EA%B2%BD%EC%98%81%EC%9C%A0%EC%9D%98+%EB%93%B1%29_%ED%95%98%EB%82%98%EA%B8%88%EC%9C%B5%EC%A7%80%EC%A3%BCF.pdf,202500626_11_제재내용 공개안(경영유의 등)_하나금융지주F.pdf,5b6248bdc441fcac9da8369ec709948f1d30fd3c125bb87502668551b8c62051
금융회사 경영유의사항 등 공시,하나금융지주,주식회사 하나금융지주,N,20260723,은행검사1국,개선사항,(5),지주 내부 위원회 운영의 합리성 제고,N,,,"p.13,p.14,p.15",,,https://www.fss.or.kr/fss.hpdownload?path=/dtm/opn/&file=202500626_11_%EC%A0%9C%EC%9E%AC%EB%82%B4%EC%9A%A9+%EA%B3%B5%EA%B0%9C%EC%95%88%28%EA%B2%BD%EC%98%81%EC%9C%A0%EC%9D%98+%EB%93%B1%29_%ED%95%98%EB%82%98%EA%B8%88%EC%9C%B5%EC%A7%80%EC%A3%BCF.pdf,202500626_11_제재내용 공개안(경영유의 등)_하나금융지주F.pdf,5b6248bdc441fcac9da8369ec709948f1d30fd3c125bb87502668551b8c62051
금융회사 경영유의사항 등 공시,하나금융지주,주식회사 하나금융지주,N,20260723,은행검사1국,개선사항,(6),자회사의 광고규제 준수 여부에 대한 지주의 관리 강화,N,,,"p.15,p.16",｢금융소비자보호법｣ 제22조제6항,,https://www.fss.or.kr/fss.hpdownload?path=/dtm/opn/&file=202500626_11_%EC%A0%9C%EC%9E%AC%EB%82%B4%EC%9A%A9+%EA%B3%B5%EA%B0%9C%EC%95%88%28%EA%B2%BD%EC%98%81%EC%9C%A0%EC%9D%98+%EB%93%B1%29_%ED%95%98%EB%82%98%EA%B8%88%EC%9C%B5%EC%A7%80%EC%A3%BCF.pdf,202500626_11_제재내용 공개안(경영유의 등)_하나금융지주F.pdf,5b6248bdc441fcac9da8369ec709948f1d30fd3c125bb87502668551b8c62051
금융회사 경영유의사항 등 공시,하나금융지주,주식회사 하나금융지주,N,20260723,은행검사1국,개선사항,(7),기부금 운영계획 이사회 보고 절차 개선,N,,,"p.16,p.17",｢지속가능경영위원회 규정｣ 제5조,,https://www.fss.or.kr/fss.hpdownload?path=/dtm/opn/&file=202500626_11_%EC%A0%9C%EC%9E%AC%EB%82%B4%EC%9A%A9+%EA%B3%B5%EA%B0%9C%EC%95%88%28%EA%B2%BD%EC%98%81%EC%9C%A0%EC%9D%98+%EB%93%B1%29_%ED%95%98%EB%82%98%EA%B8%88%EC%9C%B5%EC%A7%80%EC%A3%BCF.pdf,202500626_11_제재내용 공개안(경영유의 등)_하나금융지주F.pdf,5b6248bdc441fcac9da8369ec709948f1d30fd3c125bb87502668551b8c62051
금융회사 경영유의사항 등 공시,하나금융지주,주식회사 하나금융지주,N,20260723,은행검사1국,개선사항,(8),법령등 제･개정 관련 내부통제 개선,N,,,"p.17,p.18",,,https://www.fss.or.kr/fss.hpdownload?path=/dtm/opn/&file=202500626_11_%EC%A0%9C%EC%9E%AC%EB%82%B4%EC%9A%A9+%EA%B3%B5%EA%B0%9C%EC%95%88%28%EA%B2%BD%EC%98%81%EC%9C%A0%EC%9D%98+%EB%93%B1%29_%ED%95%98%EB%82%98%EA%B8%88%EC%9C%B5%EC%A7%80%EC%A3%BCF.pdf,202500626_11_제재내용 공개안(경영유의 등)_하나금융지주F.pdf,5b6248bdc441fcac9da8369ec709948f1d30fd3c125bb87502668551b8c62051
금융회사 경영유의사항 등 공시,하나금융지주,주식회사 하나금융지주,N,20260723,은행검사1국,개선사항,(9),자기자본비율 산출체계 개선,Y,제5장(37~49) 주제,자기자본비율 산출,"p.18,p.19",,,https://www.fss.or.kr/fss.hpdownload?path=/dtm/opn/&file=202500626_11_%EC%A0%9C%EC%9E%AC%EB%82%B4%EC%9A%A9+%EA%B3%B5%EA%B0%9C%EC%95%88%28%EA%B2%BD%EC%98%81%EC%9C%A0%EC%9D%98+%EB%93%B1%29_%ED%95%98%EB%82%98%EA%B8%88%EC%9C%B5%EC%A7%80%EC%A3%BCF.pdf,202500626_11_제재내용 공개안(경영유의 등)_하나금융지주F.pdf,5b6248bdc441fcac9da8369ec709948f1d30fd3c125bb87502668551b8c62051
금융회사 경영유의사항 등 공시,하나금융지주,주식회사 하나금융지주,N,20260723,은행검사1국,개선사항,(10),지주 레버리지비율의 정확한 산출을 위한 업무 개선,Y,제5장(37~49) 주제,레버리지비율 산출,p.19,,,https://www.fss.or.kr/fss.hpdownload?path=/dtm/opn/&file=202500626_11_%EC%A0%9C%EC%9E%AC%EB%82%B4%EC%9A%A9+%EA%B3%B5%EA%B0%9C%EC%95%88%28%EA%B2%BD%EC%98%81%EC%9C%A0%EC%9D%98+%EB%93%B1%29_%ED%95%98%EB%82%98%EA%B8%88%EC%9C%B5%EC%A7%80%EC%A3%BCF.pdf,202500626_11_제재내용 공개안(경영유의 등)_하나금융지주F.pdf,5b6248bdc441fcac9da8369ec709948f1d30fd3c125bb87502668551b8c62051
금융회사 경영유의사항 등 공시,하나금융지주,주식회사 하나금융지주,N,20260723,은행검사1국,개선사항,(11),그룹 자회사의 공정가치 평가에 관한 통할 업무 개선,경계,22,Level3 공정가치 평가 통할,"p.19,p.20,p.21",,,https://www.fss.or.kr/fss.hpdownload?path=/dtm/opn/&file=202500626_11_%EC%A0%9C%EC%9E%AC%EB%82%B4%EC%9A%A9+%EA%B3%B5%EA%B0%9C%EC%95%88%28%EA%B2%BD%EC%98%81%EC%9C%A0%EC%9D%98+%EB%93%B1%29_%ED%95%98%EB%82%98%EA%B8%88%EC%9C%B5%EC%A7%80%EC%A3%BCF.pdf,202500626_11_제재내용 공개안(경영유의 등)_하나금융지주F.pdf,5b6248bdc441fcac9da8369ec709948f1d30fd3c125bb87502668551b8c62051
금융회사 경영유의사항 등 공시,하나금융지주,주식회사 하나금융지주,N,20260723,은행검사1국,개선사항,(12),내부자본 및 유형별 리스크 관리체계 운영 강화,Y,37~47·18~27,내부자본·유형별 리스크 관리체계,"p.21,p.22","｢자본적정성관리지침｣ 제9조,제10조 ; ｢리스크관리규정｣ 제17조의2 ; ｢업무편람 RM2내부자본｣ 제2조",,https://www.fss.or.kr/fss.hpdownload?path=/dtm/opn/&file=202500626_11_%EC%A0%9C%EC%9E%AC%EB%82%B4%EC%9A%A9+%EA%B3%B5%EA%B0%9C%EC%95%88%28%EA%B2%BD%EC%98%81%EC%9C%A0%EC%9D%98+%EB%93%B1%29_%ED%95%98%EB%82%98%EA%B8%88%EC%9C%B5%EC%A7%80%EC%A3%BCF.pdf,202500626_11_제재내용 공개안(경영유의 등)_하나금융지주F.pdf,5b6248bdc441fcac9da8369ec709948f1d30fd3c125bb87502668551b8c62051
금융회사 경영유의사항 등 공시,하나금융지주,주식회사 하나금융지주,N,20260723,은행검사1국,개선사항,(13),지분 상호보유 등 그룹 자금운용 관련 검토 등 내부통제 개선,경계,33·49,지분 상호보유 리스크 사전검토,"p.22,p.23",｢은행업감독업무시행세칙｣ <별표3>,,https://www.fss.or.kr/fss.hpdownload?path=/dtm/opn/&file=202500626_11_%EC%A0%9C%EC%9E%AC%EB%82%B4%EC%9A%A9+%EA%B3%B5%EA%B0%9C%EC%95%88%28%EA%B2%BD%EC%98%81%EC%9C%A0%EC%9D%98+%EB%93%B1%29_%ED%95%98%EB%82%98%EA%B8%88%EC%9C%B5%EC%A7%80%EC%A3%BCF.pdf,202500626_11_제재내용 공개안(경영유의 등)_하나금융지주F.pdf,5b6248bdc441fcac9da8369ec709948f1d30fd3c125bb87502668551b8c62051
금융회사 경영유의사항 등 공시,하나금융지주,주식회사 하나금융지주,N,20260723,은행검사1국,개선사항,(14),자회사 주요 사안에 대한 지주회사의 업무 문서화 미흡,Y,17,의사전달 공식문서,"p.23,p.24",｢그룹내부통제규정｣ 제9조 ; ｢관계회사경영관리시행세칙｣ 제7조,,https://www.fss.or.kr/fss.hpdownload?path=/dtm/opn/&file=202500626_11_%EC%A0%9C%EC%9E%AC%EB%82%B4%EC%9A%A9+%EA%B3%B5%EA%B0%9C%EC%95%88%28%EA%B2%BD%EC%98%81%EC%9C%A0%EC%9D%98+%EB%93%B1%29_%ED%95%98%EB%82%98%EA%B8%88%EC%9C%B5%EC%A7%80%EC%A3%BCF.pdf,202500626_11_제재내용 공개안(경영유의 등)_하나금융지주F.pdf,5b6248bdc441fcac9da8369ec709948f1d30fd3c125bb87502668551b8c62051
금융회사 경영유의사항 등 공시,하나금융지주,주식회사 하나금융지주,N,20260723,은행검사1국,개선사항,(15),전략적 투자주식 관리체계 개선,Y,20,전략적 투자주식 손실한도,p.24,｢관계회사경영관리시행세칙｣ 제10조,,https://www.fss.or.kr/fss.hpdownload?path=/dtm/opn/&file=202500626_11_%EC%A0%9C%EC%9E%AC%EB%82%B4%EC%9A%A9+%EA%B3%B5%EA%B0%9C%EC%95%88%28%EA%B2%BD%EC%98%81%EC%9C%A0%EC%9D%98+%EB%93%B1%29_%ED%95%98%EB%82%98%EA%B8%88%EC%9C%B5%EC%A7%80%EC%A3%BCF.pdf,202500626_11_제재내용 공개안(경영유의 등)_하나금융지주F.pdf,5b6248bdc441fcac9da8369ec709948f1d30fd3c125bb87502668551b8c62051
금융회사 경영유의사항 등 공시,하나금융지주,주식회사 하나금융지주,N,20260723,은행검사1국,개선사항,(16),조건부 승인 (Sell-Down) 방식의 투자금융 취급 관련 사후관리 미흡,Y,15·16,Sell-Down 사후관리·리스크관리집행위원회 보고,"p.24,p.25",｢경영전략협의회 규정｣ 제4조 ; ｢그룹 리스크관리 규정｣ 제7조,,https://www.fss.or.kr/fss.hpdownload?path=/dtm/opn/&file=202500626_11_%EC%A0%9C%EC%9E%AC%EB%82%B4%EC%9A%A9+%EA%B3%B5%EA%B0%9C%EC%95%88%28%EA%B2%BD%EC%98%81%EC%9C%A0%EC%9D%98+%EB%93%B1%29_%ED%95%98%EB%82%98%EA%B8%88%EC%9C%B5%EC%A7%80%EC%A3%BCF.pdf,202500626_11_제재내용 공개안(경영유의 등)_하나금융지주F.pdf,5b6248bdc441fcac9da8369ec709948f1d30fd3c125bb87502668551b8c62051
금융회사 경영유의사항 등 공시,하나금융지주,주식회사 하나금융지주,N,20260723,은행검사1국,개선사항,(17),통합위기상황 분석 운영 개선,Y,56,통합위기상황분석,"p.25,p.26",｢통합위기상황분석지침｣ 제3조,,https://www.fss.or.kr/fss.hpdownload?path=/dtm/opn/&file=202500626_11_%EC%A0%9C%EC%9E%AC%EB%82%B4%EC%9A%A9+%EA%B3%B5%EA%B0%9C%EC%95%88%28%EA%B2%BD%EC%98%81%EC%9C%A0%EC%9D%98+%EB%93%B1%29_%ED%95%98%EB%82%98%EA%B8%88%EC%9C%B5%EC%A7%80%EC%A3%BCF.pdf,202500626_11_제재내용 공개안(경영유의 등)_하나금융지주F.pdf,5b6248bdc441fcac9da8369ec709948f1d30fd3c125bb87502668551b8c62051
금융회사 경영유의사항 등 공시,하나금융지주,주식회사 하나금융지주,N,20260723,은행검사1국,개선사항,(18),신용리스크측정요소 산출방법 및 적합성 검증 개선,Y,21·30~32,신용리스크측정요소 적합성 검증,"p.27,p.28",｢그룹 LGD/EAD관리지침｣ 제6조 ; ｢그룹 소매신용평가시스템 및 PD관리지침｣ 제9조,,https://www.fss.or.kr/fss.hpdownload?path=/dtm/opn/&file=202500626_11_%EC%A0%9C%EC%9E%AC%EB%82%B4%EC%9A%A9+%EA%B3%B5%EA%B0%9C%EC%95%88%28%EA%B2%BD%EC%98%81%EC%9C%A0%EC%9D%98+%EB%93%B1%29_%ED%95%98%EB%82%98%EA%B8%88%EC%9C%B5%EC%A7%80%EC%A3%BCF.pdf,202500626_11_제재내용 공개안(경영유의 등)_하나금융지주F.pdf,5b6248bdc441fcac9da8369ec709948f1d30fd3c125bb87502668551b8c62051
금융회사 경영유의사항 등 공시,하나금융지주,주식회사 하나금융지주,N,20260723,은행검사1국,개선사항,(19),리스크 산출 관련 데이터 검증 개선,Y,29,리스크 데이터 검증,p.28,｢시장리스크관리지침｣ 제8조,,https://www.fss.or.kr/fss.hpdownload?path=/dtm/opn/&file=202500626_11_%EC%A0%9C%EC%9E%AC%EB%82%B4%EC%9A%A9+%EA%B3%B5%EA%B0%9C%EC%95%88%28%EA%B2%BD%EC%98%81%EC%9C%A0%EC%9D%98+%EB%93%B1%29_%ED%95%98%EB%82%98%EA%B8%88%EC%9C%B5%EC%A7%80%EC%A3%BCF.pdf,202500626_11_제재내용 공개안(경영유의 등)_하나금융지주F.pdf,5b6248bdc441fcac9da8369ec709948f1d30fd3c125bb87502668551b8c62051
금융회사 경영유의사항 등 공시,하나금융지주,주식회사 하나금융지주,N,20260723,은행검사1국,개선사항,(20),신용공여한도 관리기준 개선,Y,26,신용공여한도,"p.28,p.29",｢그룹리스크관리시행세칙｣ <별표2>,,https://www.fss.or.kr/fss.hpdownload?path=/dtm/opn/&file=202500626_11_%EC%A0%9C%EC%9E%AC%EB%82%B4%EC%9A%A9+%EA%B3%B5%EA%B0%9C%EC%95%88%28%EA%B2%BD%EC%98%81%EC%9C%A0%EC%9D%98+%EB%93%B1%29_%ED%95%98%EB%82%98%EA%B8%88%EC%9C%B5%EC%A7%80%EC%A3%BCF.pdf,202500626_11_제재내용 공개안(경영유의 등)_하나금융지주F.pdf,5b6248bdc441fcac9da8369ec709948f1d30fd3c125bb87502668551b8c62051
검사결과제재,우리금융지주,주식회사 우리금융지주,N,20250912,은행검사1국,주의및준법교육조건부조치면제사항,(1),자회사등 업무위탁 보고의무 위반,N,,,"p.1,p.2",｢금융지주회사법｣ 제47조 ; ｢금융지주회사법｣ 제47조 제1항 ; ｢금융지주회사법 시행령｣ 제26조 ; ｢금융지주회사감독규정｣ 제19조의2 제8항,"1. ｢ 금융지주회사법｣ 제47조 제1항 등 ; 2. ｢ 금융지주회사법 시행령｣ 제26조, <별표 6> ; 3. ｢ 금융지주회사감독규정｣ 제19조의2 제8항 등",https://www.fss.or.kr/fss.hpdownload?path=/dtm/opn/&file=202400600_02_%EC%9A%B0%EB%A6%AC%EA%B8%88%EC%9C%B5%EC%A7%80%EC%A3%BC+%EC%A0%95%EA%B8%B0%EA%B2%80%EC%82%AC+%EC%A0%9C%EC%9E%AC%EB%82%B4%EC%9A%A9+%EA%B3%B5%EA%B0%9C%EC%95%88.pdf,202400600_02_우리금융지주 정기검사 제재내용 공개안.pdf,724e1562adbc149ee07864c07c0f24b567cac6211f3da1ae5c763797db47a0c4
검사결과제재,우리금융지주,주식회사 우리금융지주,N,20250912,은행검사1국,주의및준법교육조건부조치면제사항,(2),자회사등 편입신고 위반,N,,,p.2,｢금융지주회사법｣ 제18조 ; ｢금융지주회사법｣ 제16조 제1항및 제18조 제1항 ; ｢금융지주회사법시행령｣ 제14조 제1항,1. ｢ 금융지주회사법｣ 제16조 제1항및 제18조 제1항 ; 2. ｢ 금융지주회사법시행령｣ 제14조 제1항,https://www.fss.or.kr/fss.hpdownload?path=/dtm/opn/&file=202400600_02_%EC%9A%B0%EB%A6%AC%EA%B8%88%EC%9C%B5%EC%A7%80%EC%A3%BC+%EC%A0%95%EA%B8%B0%EA%B2%80%EC%82%AC+%EC%A0%9C%EC%9E%AC%EB%82%B4%EC%9A%A9+%EA%B3%B5%EA%B0%9C%EC%95%88.pdf,202400600_02_우리금융지주 정기검사 제재내용 공개안.pdf,724e1562adbc149ee07864c07c0f24b567cac6211f3da1ae5c763797db47a0c4
검사결과제재,한국투자금융지주,한국투자금융지주 주식회사,Y,20241126,금융투자검사1국,(구분 표지 없음),가.,자회사등간 내부거래 업무보고서 제출의무 위반,N,,,p.1,｢금융지주회사법｣ 제54조 제1항 ; ｢금융지주회사법 시행령｣ 제30조 ; ｢금융지주회사 감독규정｣ 제32조 ; ｢금융지주회사 감독규정 시행세칙｣ 제11조,1. ｢금융지주회사법｣ 제54조 제1항 ; 2. ｢금융지주회사법 시행령｣ 제30조 ; 3. ｢금융지주회사 감독규정｣ 제32조 ; 4.｢금융지주회사 감독규정 시행세칙 ｣ 제11조,https://www.fss.or.kr/fss.hpdownload?path=/dtm/opn/&file=202200388_01_202411_01_%EC%A0%9C%EC%9E%AC%EB%82%B4%EC%9A%A9%EA%B3%B5%EA%B0%9C_%ED%95%9C%EA%B5%AD%ED%88%AC%EC%9E%90%EA%B8%88%EC%9C%B5%EC%A7%80%EC%A3%BC_%EB%AC%B8%EC%B1%85.pdf,202200388_01_202411_01_제재내용공개_한국투자금융지주_문책.pdf,f67f4800f8fac3d7176bee70ad448aa285d143fe2dd7686f1468232742ebc9cb
검사결과제재,한국투자금융지주,한국투자금융지주 주식회사,Y,20241126,금융투자검사1국,(구분 표지 없음),나.,자회사등간 내부거래 등 경영공시 의무 위반,N,,,p.2,｢금융지주회사법｣ 제56조 ; ｢금융지주회사법 시행령｣ 제31조 제1항 ; ｢금융지주회사 감독규정｣ 제34조 제2항,1. ｢금융지주회사법｣ 제56조 ; 2.｢금융지주회사법 시행령 ｣ 제31조 제1항 ; 3.｢금융지주회사 감독규정 ｣ 제34조 제2항,https://www.fss.or.kr/fss.hpdownload?path=/dtm/opn/&file=202200388_01_202411_01_%EC%A0%9C%EC%9E%AC%EB%82%B4%EC%9A%A9%EA%B3%B5%EA%B0%9C_%ED%95%9C%EA%B5%AD%ED%88%AC%EC%9E%90%EA%B8%88%EC%9C%B5%EC%A7%80%EC%A3%BC_%EB%AC%B8%EC%B1%85.pdf,202200388_01_202411_01_제재내용공개_한국투자금융지주_문책.pdf,f67f4800f8fac3d7176bee70ad448aa285d143fe2dd7686f1468232742ebc9cb
검사결과제재,BNK금융지주,(주)BNK금융지주,N,20240712,은행검사2국,문책사항,⑴,BNK금융지주 주식 시세조종을 위한 자회사 동원,N,,,"p.1,p.2,p.3,p.4,p.5,p.6",｢자본시장법｣ 제176조 ; ｢금융지주회사법｣ 제57조 ; ｢금융지주회사법시행령｣ 제31조의2,1. ｢ 자본시장법｣ 제176조 2. 舊 ｢ 금융지주회사법｣ 제57조 3. 舊 ｢ 금융지주회사법시행령｣ 제31조의2,https://www.fss.or.kr/fss.hpdownload?path=/dtm/opn/&file=202200356_01_BNK%EA%B8%88%EC%9C%B5%EC%A7%80%EC%A3%BC+%EC%88%98%EC%8B%9C%EA%B2%80%EC%82%AC+%EC%A0%9C%EC%9E%AC%EB%82%B4%EC%9A%A9+%EA%B3%B5%EA%B0%9C%EC%95%88%28%EB%AC%B8%EC%B1%85%EC%82%AC%ED%95%AD%29.pdf,202200356_01_BNK금융지주 수시검사 제재내용 공개안(문책사항).pdf,931f8c547693bd2b97e02acd207fcfa151cc45f8444e8610838e68e21a0cae30
검사결과제재,JB금융지주,JB금융지주,N,20240620,은행검사2국,문책및자율처리필요사항,(1),업무보고서 제출의무 위반,N,,,p.1,｢금융지주회사법｣ 제54조 ; ｢금융지주회사법 시행령｣ 제30조,1. ｢ 금융지주회사법 ｣ 제54조 ; 2. ｢ 금융지주회사법 시행령 ｣ 제30조,https://www.fss.or.kr/fss.hpdownload?path=/dtm/opn/&file=202300325_01_20240628+JB%EA%B8%88%EC%9C%B5%EC%A7%80%EC%A3%BC+%EC%A0%95%EA%B8%B0%EA%B2%80%EC%82%AC+%EC%A0%9C%EC%9E%AC%EC%82%AC%ED%95%AD+%EA%B3%B5%EC%8B%9C.pdf,202300325_01_20240628 JB금융지주 정기검사 제재사항 공시.pdf,fdcdc04b822eee236363b52bcc18e8465c3250353ac05a6d6513456277524648
검사결과제재,JB금융지주,JB금융지주,N,20240620,은행검사2국,자율처리필요사항,(1),자회사간 업무위탁사항 보고의무 위반,N,,,p.2,｢금융지주회사법｣ 제47조 ; ｢금융지주회사법 시행령｣ 제26조,1. ｢ 금융지주회사법 ｣ 제47조 ; 2. ｢ 금융지주회사법 시행령 ｣ 제26조,https://www.fss.or.kr/fss.hpdownload?path=/dtm/opn/&file=202300325_01_20240628+JB%EA%B8%88%EC%9C%B5%EC%A7%80%EC%A3%BC+%EC%A0%95%EA%B8%B0%EA%B2%80%EC%82%AC+%EC%A0%9C%EC%9E%AC%EC%82%AC%ED%95%AD+%EA%B3%B5%EC%8B%9C.pdf,202300325_01_20240628 JB금융지주 정기검사 제재사항 공시.pdf,fdcdc04b822eee236363b52bcc18e8465c3250353ac05a6d6513456277524648
검사결과제재,신한금융지주,주식회사 신한금융지주회사,N,20231222,은행검사1국,문책및자율처리필요사항,(1),내부통제기준 마련의무 위반,경계,33·17,펀드 위험 전이 정보 미전달(내부통제기준 마련의무),"p.1,p.2",｢지배구조법 시행령｣ 제19조 제1항 ; ｢지배구조법｣ 제24조 제1항 ; ｢지배구조법시행령｣ 제19조제1항 제2호 ; ｢금융회사 지배구조 감독규정｣ 제11조 제4호 ; ｢금융회사 지배구조법｣ 제24조 제1항 ; ｢금융회사 지배구조법 시행령｣ 제19조 제1항 제1호 ; ｢금융회사 지배구조 감독규정｣ 제11조 제2항 제4호,"1. ｢금융회사 지배구조법｣ 제24조 제1항 및 제3항 ; 2. ｢금융회사 지배구조법 시행령｣ 제19조 제1항 제1호 내지 제3호, 제5호 ; 3. ｢금융회사 지배구조 감독규정｣ 제11조 제2항 제4호, [별표2] 6호, 12호",https://www.fss.or.kr/fss.hpdownload?path=/dtm/opn/&file=202000208_01_%EC%8B%A0%ED%95%9C%EC%A7%80%EC%A3%BC+%EC%88%98%EC%8B%9C%EA%B2%80%EC%82%AC+%EC%A0%9C%EC%9E%AC%EB%82%B4%EC%9A%A9+%EA%B3%B5%EA%B0%9C%EC%95%88.pdf,202000208_01_신한지주 수시검사 제재내용 공개안.pdf,592ca85d695b61afa32d7e7653226dc784b1a1d846da9685c778a07a59ca7467
검사결과제재,NH농협금융지주,농협금융지주 주식회사,N,20231013,은행검사2국,문책및자율처리필요사항,(1),임직원 겸직 사실 보고의무 위반,N,,,p.1,｢금융회사의 지배구조에 관한 법률｣ 제11조 제1항,,https://www.fss.or.kr/fss.hpdownload?path=/dtm/opn/&file=202200021_02_%EB%86%8D%ED%98%91%EA%B8%88%EC%9C%B5%EC%A7%80%EC%A3%BC+%EC%A0%95%EA%B8%B0%EA%B2%80%EC%82%AC+%EC%A0%9C%EC%9E%AC+%EA%B3%B5%EA%B0%9C%EC%95%88F.pdf,202200021_02_농협금융지주 정기검사 제재 공개안F.pdf,942a9af226d32fe003017f7d8f21308cb6ca54e11a7055883e77f5f127476545
검사결과제재,우리금융지주,주식회사 우리금융지주,N,20231004,은행검사1국,문책사항,(1),자회사등 간 내부거래 등 경영공시 의무 위반,N,,,p.1,｢금융지주회사법｣ 제56조 ; ｢동법시행령｣ 제31조 ; ｢금융지주회사감독규정｣ 제34조 ; ｢금융회사법 시행령｣ 제31조,1. ｢금융지주회사법｣ 제56조 ; 2. ｢금융회사법 시행령｣ 제31조 ; 3. ｢금융지주회사감독규정｣ 제34조,https://www.fss.or.kr/fss.hpdownload?path=/dtm/opn/&file=202100627_01_231004+%EC%9A%B0%EB%A6%AC%EA%B8%88%EC%9C%B5%EC%A7%80%EC%A3%BC+%EA%B3%BC%ED%83%9C%EB%A3%8C+%EA%B1%B4+%EC%A0%9C%EC%9E%AC%EB%82%B4%EC%9A%A9+%EA%B3%B5%EA%B0%9C.pdf,202100627_01_231004 우리금융지주 과태료 건 제재내용 공개.pdf,9c57d0c128d43aee636379a6767990379576fc236f00ed4f22e0d4caf2d2553b
검사결과제재,메리츠금융지주,주식회사 메리츠금융지주,Y,20221223,금융투자검사국,(구분 표지 없음),가.,업무보고서 제출의무 위반,N,,,"p.1,p.2",｢금융지주회사법｣ 제54조 제1항 ; ｢금융지주회사법 시행령｣ 제30조 제6호 ; ｢금융지주회사 감독규정｣ 제32조 ; ｢금융지주회사 감독규정 시행세칙｣ 제11조,"1. ｢ 금융지주회사법｣ 제54조 제1항 ; 2. ｢ 금융지주회사법 시행령｣ 제30조 제6호 ; 3. ｢ 금융지주회사 감독규정｣ 제32조 ; 4. ｢ 금융지주회사 감독규정 시행세칙｣ 제11조, <별지 18>",https://www.fss.or.kr/fss.hpdownload?path=/dtm/opn/&file=202100294_02_%EC%A0%9C%EC%9E%AC%EB%82%B4%EC%9A%A9+%EA%B3%B5%EC%8B%9C_%EB%A9%94%EB%A6%AC%EC%B8%A0%EA%B8%88%EC%9C%B5%EC%A7%80%EC%A3%BC.pdf,202100294_02_제재내용 공시_메리츠금융지주.pdf,820e82e1cb7bb2a9eae6743d5c5c73d11a3b85af2d73e0803844bc688d5f68c4
검사결과제재,메리츠금융지주,주식회사 메리츠금융지주,Y,20221223,금융투자검사국,(구분 표지 없음),나.,자회사등간 내부거래 등 경영공시 의무 위반,N,,,p.2,｢금융지주회사법｣ 제56조 ; ｢금융지주회사법 시행령｣ 제31조 제1항 제4호 ; ｢금융지주회사감독규정｣ 제34조 제1항 ; ｢금융지주회사 감독규정 시행세칙｣ 제13조제1항,"1. ｢ 금융지주회사법｣ 제56조 ; 2. ｢ 금융지주회사법 시행령｣ 제31조 제1항 제4호 ; 3. ｢ 금융지주회사감독규정｣ 제34조 제1항,제2항 제4호, 제5항 ; 4. ｢ 금융지주회사 감독규정 시행세칙｣ 제13조제1항, <별표5>",https://www.fss.or.kr/fss.hpdownload?path=/dtm/opn/&file=202100294_02_%EC%A0%9C%EC%9E%AC%EB%82%B4%EC%9A%A9+%EA%B3%B5%EC%8B%9C_%EB%A9%94%EB%A6%AC%EC%B8%A0%EA%B8%88%EC%9C%B5%EC%A7%80%EC%A3%BC.pdf,202100294_02_제재내용 공시_메리츠금융지주.pdf,820e82e1cb7bb2a9eae6743d5c5c73d11a3b85af2d73e0803844bc688d5f68c4
검사결과제재,메리츠금융지주,주식회사 메리츠금융지주,Y,20221223,금융투자검사국,(구분 표지 없음),다.,보수위원회의 보수체계 운영 적정성 평가의무 위반,N,,,"p.2,p.3",｢금융회사의 지배구조에 관한 법률｣ 제22조 제1항 제3호 ; ｢금융회사의 지배구조에 관한 법률 시행령｣ 제17조제1항 ; ｢금융회사 지배구조 감독규정｣ 제9조 제1항 제1호,1. ｢ 금융회사의 지배구조에 관한 법률｣ 제22조 제1항 제3호 ; 2. ｢ 금융회사의 지배구조에 관한 법률 시행령｣ 제17조제1항 ; 3. ｢ 금융회사 지배구조 감독규정｣ 제9조 제1항 제1호,https://www.fss.or.kr/fss.hpdownload?path=/dtm/opn/&file=202100294_02_%EC%A0%9C%EC%9E%AC%EB%82%B4%EC%9A%A9+%EA%B3%B5%EC%8B%9C_%EB%A9%94%EB%A6%AC%EC%B8%A0%EA%B8%88%EC%9C%B5%EC%A7%80%EC%A3%BC.pdf,202100294_02_제재내용 공시_메리츠금융지주.pdf,820e82e1cb7bb2a9eae6743d5c5c73d11a3b85af2d73e0803844bc688d5f68c4
검사결과제재,KB금융지주,주식회사 케이비금융지주,N,20221214,일반은행검사국,문책및준법교육조건부조치면제사항,(1),임원 겸직 사전 승인절차 누락,N,,,"p.1,p.2","｢금융회사의 지배구조에 관한 법률｣ 제11조 제1항 ; ｢금융회사의 지배구조에 관한 법률｣ 제10조, 제11조 ; ｢금융회사의 지배구조에 관한 법률 시행령｣ 제10조,제11조","1. ｢금융회사의 지배구조에 관한 법률｣ 제10조, 제11조 ; 2. ｢금융회사의 지배구조에 관한 법률 시행령｣ 제10조,제11조",https://www.fss.or.kr/fss.hpdownload?path=/dtm/opn/&file=202100318_01_KB%EA%B8%88%EC%9C%B5%EC%A7%80%EC%A3%BC+%EC%A0%9C%EC%9E%AC%EB%82%B4%EC%9A%A9+%EA%B3%B5%EA%B0%9C%EC%95%88.pdf,202100318_01_KB금융지주 제재내용 공개안.pdf,613af81bf9287c23017bcef0a0febada7e3f5732668bf412cdf35033efc05f55
검사결과제재,하나금융지주,주식회사 하나금융지주,N,20220729,일반은행검사국,문책사항,(1),자회사등간 내부거래 등 경영공시 의무 위반,N,,,p.1,｢금융지주회사법｣ 제56조 ; ｢금융지주회사법시행령｣ 제31조제1항 ; ｢금융지주회사감독규정｣ 제34조 제2항 ; ｢금융지주회사감독규정시행세칙｣ 제13조 제1항 ; ｢금융지주회사법 시행령｣ 제31조 제1항 ; ｢금융지주회사감독규정｣ 제34조 제1항,"1. ｢ 금융지주회사법｣ 제56조 ; 2. ｢ 금융지주회사법 시행령｣ 제31조 제1항 ; 3. ｢ 금융지주회사감독규정｣ 제34조 제1항, 제2항, 제5항 ; 4. ｢ 금융지주회사감독규정시행세칙 ｣ 제13조 제1항, [별표 5]",https://www.fss.or.kr/fss.hpdownload?path=/dtm/opn/&file=202000329_01_%EC%A0%9C%EC%9E%AC%EB%82%B4%EC%9A%A9+%EA%B3%B5%EA%B0%9C%EC%95%88%28%EB%AC%B8%EC%B1%85+%EB%93%B1%29_%ED%95%98%EB%82%98%EA%B8%88%EC%9C%B5%EC%A7%80%EC%A3%BC%28f%29.pdf,202000329_01_제재내용 공개안(문책 등)_하나금융지주(f).pdf,f53474195745d03d977bdc38306f47dfa4679b3ed44bc1db3b20cf875ce04ed8
검사결과제재,DGB금융지주(현 iM금융지주),주식회사 디지비금융지주,N,20220429,특수은행검사국,문책사항,1),사외이사 자격요건 확인의무 위반,N,,,"p.1,p.2","｢지배구조법｣ 제6조 제1항 제8호, 제7조 제1항 ; ｢지배구조법 시행령｣ 제8조 제3항 제4호 가목 ; ｢금융회사의 지배구조에 관한 법률｣ 제6조 제1항 제8호, 제7조 제1항 ; ｢금융회사의 지배구조에 관한 법률 시행령｣ 제8조 제3항 제4호 가목","- ｢ 금융회사의 지배구조에 관한 법률｣ 제6조 제1항 제8호, 제7조 제1항 ; - ｢ 금융회사의 지배구조에 관한 법률 시행령｣ 제8조 제3항 제4호 가목",https://www.fss.or.kr/fss.hpdownload?path=/dtm/opn/&file=202100277_01_DGB%EA%B8%88%EC%9C%B5%EC%A7%80%EC%A3%BC+%EB%B6%80%EB%AC%B8%EA%B2%80%EC%82%AC+%EC%A0%9C%EC%9E%AC%EB%82%B4%EC%9A%A9+%EA%B3%B5%EA%B0%9C%EC%95%88_%EB%AC%B8%EC%B1%85%EC%82%AC%ED%95%ADf.pdf,202100277_01_DGB금융지주 부문검사 제재내용 공개안_문책사항f.pdf,1264869d1a2d7d2a738cae5a1ed810d9000d5808b24ed5b1576c6ff6729645f8
검사결과제재,DGB금융지주(현 iM금융지주),주식회사 디지비금융지주,N,20220429,특수은행검사국,문책사항,2),업무보고서 보고의무 위반,N,,,"p.2,p.3",｢금융지주회사법｣ 제54조,- ｢ 금융지주회사법｣ 제54조 - (舊) ｢ 금융지주회사법｣ 제54조,https://www.fss.or.kr/fss.hpdownload?path=/dtm/opn/&file=202100277_01_DGB%EA%B8%88%EC%9C%B5%EC%A7%80%EC%A3%BC+%EB%B6%80%EB%AC%B8%EA%B2%80%EC%82%AC+%EC%A0%9C%EC%9E%AC%EB%82%B4%EC%9A%A9+%EA%B3%B5%EA%B0%9C%EC%95%88_%EB%AC%B8%EC%B1%85%EC%82%AC%ED%95%ADf.pdf,202100277_01_DGB금융지주 부문검사 제재내용 공개안_문책사항f.pdf,1264869d1a2d7d2a738cae5a1ed810d9000d5808b24ed5b1576c6ff6729645f8
