그룹,상위법,계층,정식명,법령ID,법령일련번호,공포일자,공포번호,시행일자,시행예정여부,소관부처,유형,번호,제목,파일경로,원본형식,페이지수,sha256,출처URL,상태,비고
B-1,법인세법,체계도,법인세법,001563,280349,,,20260701,,재정경제부,체계도원문XML,,,law_archive/B_추가검토/1_법률/07_법인세법/0_체계도/체계도_원문(OC가림).xml,XML,,6324e8863ccc3210af083907c61ea66b7b701d01109f649ea6a87ce8f1acc4ef,http://www.law.go.kr/DRF/lawService.do?OC=***&target=lsStmd&MST=280349&type=XML,OK,OC 26곳 가림 · 원 응답 sha256 9bfeff4ae0a894dc1758b956fcf217e8020054a84bda0110670550312ade45e5 · 길이차 검증 일치
B-1,법인세법,체계도,법인세법,001563,280349,,,20260701,,재정경제부,체계도,,,law_archive/B_추가검토/1_법률/07_법인세법/0_체계도/체계도.json,JSON,,089437a3dc2cdde125bf92b087b03e9befe1223d95a9354bac3c0afeb1a52f32,,OK,
B-1,법인세법,체계도,법인세법,001563,280349,,,20260701,,재정경제부,체계도,,,law_archive/B_추가검토/1_법률/07_법인세법/0_체계도/체계도.md,MD,,bae2c9d790bfe80fb8afbab61b14aa9dc62eba162b995009e3dee410ab0a50e8,,OK,
B-1,법인세법,체계도,법인세법,001563,280349,,,20260701,,재정경제부,체계도,,,law_archive/B_추가검토/1_법률/07_법인세법/0_체계도/체계도.pdf,PDF,1,bcb75190aceabb7fd4d9ce78137348033fd0ccc1d1b215836ee5094bf1a84ba0,,OK,렌더링(XML→PDF)
B-1,법인세법,법률,법인세법,001563,280349,20251223,21217,20260701,N,재정경제부,원문XML,,,law_archive/B_추가검토/1_법률/07_법인세법/1_법률/법인세법_법률_20260701_원문.xml,XML,,fdadca1eadda1af82d25aa3ccc3268edbad272daafc1331bfcfbd7942fa55990,http://www.law.go.kr/DRF/lawService.do?OC=***&target=eflaw&MST=280349&efYd=20260701&type=XML,OK,바이트 그대로(OC 0회)
B-1,법인세법,법률,법인세법,001563,280349,20251223,21217,20260701,N,재정경제부,본문,,,law_archive/B_추가검토/1_법률/07_법인세법/1_법률/법인세법_법률_20260701_본문.pdf,PDF,130,7d9309e5aa4048c968e928a0c0afe7ae616ba66acdd14cb50345aa126794accd,http://www.law.go.kr/DRF/lawService.do?OC=***&target=eflaw&MST=280349&efYd=20260701&type=XML,OK,렌더링(원문XML→PDF) · 조문표지 213개 중 누락 0
B-1,법인세법,법률,법인세법,001563,109644,20101230,10423,20280101,Y,재정경제부,원문XML,,,law_archive/B_추가검토/1_법률/07_법인세법/1_법률/법인세법_법률_20280101_시행예정_원문.xml,XML,,241bd6152ddc5dd004f970aa2b5eab8b9cde885a44a0c7b45f752ce27ff7e61b,http://www.law.go.kr/DRF/lawService.do?OC=***&target=eflaw&MST=109644&efYd=20280101&type=XML,OK,바이트 그대로(OC 0회)
B-1,법인세법,법률,법인세법,001563,109644,20101230,10423,20280101,Y,재정경제부,본문,,,law_archive/B_추가검토/1_법률/07_법인세법/1_법률/법인세법_법률_20280101_시행예정_본문.pdf,PDF,131,4f3a989e3e27b8926830a2b98f6cda454f0c2ee5f22857272499425e6985a620,http://www.law.go.kr/DRF/lawService.do?OC=***&target=eflaw&MST=109644&efYd=20280101&type=XML,OK,렌더링(원문XML→PDF) · 조문표지 213개 중 누락 0
B-1,법인세법,법률,법인세법,001563,224703,20201222,17652,20270101,Y,재정경제부,원문XML,,,law_archive/B_추가검토/1_법률/07_법인세법/1_법률/법인세법_법률_20270101_시행예정_원문.xml,XML,,e429fd28ea42c4a41a1e686a3b91fcbd42a45fc6a308e47b05f268d40c259b50,http://www.law.go.kr/DRF/lawService.do?OC=***&target=eflaw&MST=224703&efYd=20270101&type=XML,OK,바이트 그대로(OC 0회)
B-1,법인세법,법률,법인세법,001563,224703,20201222,17652,20270101,Y,재정경제부,본문,,,law_archive/B_추가검토/1_법률/07_법인세법/1_법률/법인세법_법률_20270101_시행예정_본문.pdf,PDF,131,e95eed725228ef7679bd92f3ab831b529cbd104a73fce7fbaccc58513a57aea7,http://www.law.go.kr/DRF/lawService.do?OC=***&target=eflaw&MST=224703&efYd=20270101&type=XML,OK,렌더링(원문XML→PDF) · 조문표지 213개 중 누락 0
B-1,법인세법,시행령,법인세법 시행령,003608,283635,20260227,36130,20260227,N,재정경제부,원문XML,,,law_archive/B_추가검토/1_법률/07_법인세법/2_시행령/법인세법_시행령_20260227_원문.xml,XML,,bf160bdb06cd73279b3fd9b95c6ae0ecebc505f17e4579d295bbb50b79856d70,http://www.law.go.kr/DRF/lawService.do?OC=***&target=eflaw&MST=283635&efYd=20260227&type=XML,OK,바이트 그대로(OC 0회)
B-1,법인세법,시행령,법인세법 시행령,003608,283635,20260227,36130,20260227,N,재정경제부,본문,,,law_archive/B_추가검토/1_법률/07_법인세법/2_시행령/법인세법_시행령_20260227_본문.pdf,PDF,243,824669874a09d8629e701764291403252cf5961858692fda84a7bc5d1db64e4b,http://www.law.go.kr/DRF/lawService.do?OC=***&target=eflaw&MST=283635&efYd=20260227&type=XML,OK,렌더링(원문XML→PDF) · 조문표지 269개 중 누락 0 · 별표·서식 4건은 목록만(내용은 따로 저장)
B-1,법인세법,시행령,법인세법 시행령,003608,283635,20260227,36130,20260227,N,재정경제부,별표,1,손금불산입 대상 손해배상금에 관한 법률(제23조제1항제1호 관련),law_archive/B_추가검토/1_법률/07_법인세법/2_시행령/별표/법인세법_시행령_20260227_별표1_손금불산입대상손해배상금에관한법률.pdf,PDF,1,92d84afbfbc641b29d67a122f82bd172be66bdc081722dedde7e2ee169385fc4,http://www.law.go.kr/LSW/flDownload.do?flSeq=162490119,OK,
B-1,법인세법,시행령,법인세법 시행령,003608,283635,20260227,36130,20260227,N,재정경제부,별표,1의2,축산용 토지의 기준면적(제92조의7제4항관련),law_archive/B_추가검토/1_법률/07_법인세법/2_시행령/별표/법인세법_시행령_20260227_별표1의2_축산용토지의기준면적.pdf,PDF,1,9d22627b94c6209065d0a84dc759a6ab6a5181b6c0cbdcb89af0dd7cb5e59f45,http://www.law.go.kr/LSW/flDownload.do?flSeq=162490125,OK,
B-1,법인세법,시행령,법인세법 시행령,003608,283635,20260227,36130,20260227,N,재정경제부,별표,2,과태료의 부과기준(제167조 관련),law_archive/B_추가검토/1_법률/07_법인세법/2_시행령/별표/법인세법_시행령_20260227_별표2_과태료의부과기준.pdf,PDF,3,ae41ca00d06d405593b6c9358932dff9729930e158a4be8a5509a13bfb81f78a,http://www.law.go.kr/LSW/flDownload.do?flSeq=162490131,OK,
B-1,법인세법,시행령,법인세법 시행령,003608,283635,20260227,36130,20260227,N,재정경제부,별표,2의2,과태료의 부과기준(대통령령 제29529호 법인세법 시행령 일부개정령 부칙 제13조 관련),law_archive/B_추가검토/1_법률/07_법인세법/2_시행령/별표/법인세법_시행령_20260227_별표2의2_과태료의부과기준.pdf,PDF,2,23f18d14bcaf7ac8d6ea5cf21a48aea313bace66abeac7773e19fc56af1dde0d,https://www.law.go.kr/LSW/flDownload.do?flSeq=162490141,OK,
B-1,법인세법,시행령,법인세법 시행령,003608,283635,20260227,36130,20270101,Y,재정경제부,원문XML,,,law_archive/B_추가검토/1_법률/07_법인세법/2_시행령/법인세법_시행령_20270101_시행예정_일련번호283635_원문.xml,XML,,28fdbf18e60ba89e4fc64c514dcac1dd2b2159f417db94b1fe5aab7e138c2d49,http://www.law.go.kr/DRF/lawService.do?OC=***&target=eflaw&MST=283635&efYd=20270101&type=XML,OK,바이트 그대로(OC 0회)
B-1,법인세법,시행령,법인세법 시행령,003608,283635,20260227,36130,20270101,Y,재정경제부,본문,,,law_archive/B_추가검토/1_법률/07_법인세법/2_시행령/법인세법_시행령_20270101_시행예정_일련번호283635_본문.pdf,PDF,244,ee19754fd89f5a0738f8099ea11bae160458569cb19326109978245035088a1c,http://www.law.go.kr/DRF/lawService.do?OC=***&target=eflaw&MST=283635&efYd=20270101&type=XML,OK,렌더링(원문XML→PDF) · 조문표지 269개 중 누락 0 · 별표·서식 4건은 목록만(내용은 따로 저장)
B-1,법인세법,시행령,법인세법 시행령,003608,283635,20260227,36130,20270101,Y,재정경제부,별표,1,손금불산입 대상 손해배상금에 관한 법률(제23조제1항제1호 관련),law_archive/B_추가검토/1_법률/07_법인세법/2_시행령/별표/법인세법_시행령_20270101_시행예정_일련번호283635_별표1_손금불산입대상손해배상금에관한법률.pdf,PDF,1,d1b85c442f266a6771aced9aeca6f506a8a057ddcf32c30678a82d214b640d71,http://www.law.go.kr/LSW/flDownload.do?flSeq=162490787,OK,
B-1,법인세법,시행령,법인세법 시행령,003608,283635,20260227,36130,20270101,Y,재정경제부,별표,1의2,축산용 토지의 기준면적(제92조의7제4항관련),law_archive/B_추가검토/1_법률/07_법인세법/2_시행령/별표/법인세법_시행령_20270101_시행예정_일련번호283635_별표1의2_축산용토지의기준면적.pdf,PDF,1,3cc5f6e2c89da56d57e82754b2a1b8b9ba8f7b81b1365c19c9b95a09507a6d12,http://www.law.go.kr/LSW/flDownload.do?flSeq=162490793,OK,
B-1,법인세법,시행령,법인세법 시행령,003608,283635,20260227,36130,20270101,Y,재정경제부,별표,2,과태료의 부과기준(제167조 관련),law_archive/B_추가검토/1_법률/07_법인세법/2_시행령/별표/법인세법_시행령_20270101_시행예정_일련번호283635_별표2_과태료의부과기준.pdf,PDF,3,fa29280431ff086db0f765c2c7d66841d889f1ec72b3602abb104cab8230f648,https://www.law.go.kr/LSW/flDownload.do?flSeq=162490799,OK,
B-1,법인세법,시행령,법인세법 시행령,003608,283635,20260227,36130,20270101,Y,재정경제부,별표,2의2,과태료의 부과기준(대통령령 제29529호 법인세법 시행령 일부개정령 부칙 제13조 관련),law_archive/B_추가검토/1_법률/07_법인세법/2_시행령/별표/법인세법_시행령_20270101_시행예정_일련번호283635_별표2의2_과태료의부과기준.pdf,PDF,2,92731e3855e4de8f679716308c282dde131f4201d27d0e03f4cf777aec218feb,http://www.law.go.kr/LSW/flDownload.do?flSeq=162490809,OK,
B-1,법인세법,시행령,법인세법 시행령,003608,269543,20250228,35350,20270101,Y,재정경제부,원문XML,,,law_archive/B_추가검토/1_법률/07_법인세법/2_시행령/법인세법_시행령_20270101_시행예정_일련번호269543_원문.xml,XML,,76842c17e4790b0cca35f4ddd07b13063e3effac0c6d68c380312c2652a38621,http://www.law.go.kr/DRF/lawService.do?OC=***&target=eflaw&MST=269543&efYd=20270101&type=XML,OK,바이트 그대로(OC 0회)
B-1,법인세법,시행령,법인세법 시행령,003608,269543,20250228,35350,20270101,Y,재정경제부,본문,,,law_archive/B_추가검토/1_법률/07_법인세법/2_시행령/법인세법_시행령_20270101_시행예정_일련번호269543_본문.pdf,PDF,244,4b2b3d0d5a89e559cd1be8ee23c62eb84f63e10af9888f30f82bc56404d7e5bf,http://www.law.go.kr/DRF/lawService.do?OC=***&target=eflaw&MST=269543&efYd=20270101&type=XML,OK,렌더링(원문XML→PDF) · 조문표지 269개 중 누락 0 · 별표·서식 4건은 목록만(내용은 따로 저장)
B-1,법인세법,시행령,법인세법 시행령,003608,269543,20250228,35350,20270101,Y,재정경제부,별표,1,손금불산입 대상 손해배상금에 관한 법률(제23조제1항제1호 관련),law_archive/B_추가검토/1_법률/07_법인세법/2_시행령/별표/법인세법_시행령_20270101_시행예정_일련번호269543_별표1_손금불산입대상손해배상금에관한법률.pdf,PDF,1,7165de4242b5f5d5a692116f5c17b94d5b93038a9fe879822b5bd9d68922e73d,http://www.law.go.kr/LSW/flDownload.do?flSeq=162490453,OK,
B-1,법인세법,시행령,법인세법 시행령,003608,269543,20250228,35350,20270101,Y,재정경제부,별표,1의2,축산용 토지의 기준면적(제92조의7제4항관련),law_archive/B_추가검토/1_법률/07_법인세법/2_시행령/별표/법인세법_시행령_20270101_시행예정_일련번호269543_별표1의2_축산용토지의기준면적.pdf,PDF,1,9d098ad898eec10cfebb591ef16fccfc36442b5cf4907ac9c1cde2010d27458d,http://www.law.go.kr/LSW/flDownload.do?flSeq=162490459,OK,
B-1,법인세법,시행령,법인세법 시행령,003608,269543,20250228,35350,20270101,Y,재정경제부,별표,2,과태료의 부과기준(제167조 관련),law_archive/B_추가검토/1_법률/07_법인세법/2_시행령/별표/법인세법_시행령_20270101_시행예정_일련번호269543_별표2_과태료의부과기준.pdf,PDF,3,f60239b3274e63bb7826cb8e032e2a262b51fd0820fd92cc2bad5a80522776bb,http://www.law.go.kr/LSW/flDownload.do?flSeq=162490465,OK,
B-1,법인세법,시행령,법인세법 시행령,003608,269543,20250228,35350,20270101,Y,재정경제부,별표,2의2,과태료의 부과기준(대통령령 제29529호 법인세법 시행령 일부개정령 부칙 제13조 관련),law_archive/B_추가검토/1_법률/07_법인세법/2_시행령/별표/법인세법_시행령_20270101_시행예정_일련번호269543_별표2의2_과태료의부과기준.pdf,PDF,2,27f2c10ff03bd2e2083a6735178d43c7524df34dc871f7bec3b26f8003a60e0f,http://www.law.go.kr/LSW/flDownload.do?flSeq=162490475,OK,
B-1,법인세법,시행령,법인세법 시행령,003608,241137,20220308,32517,20270101,Y,재정경제부,원문XML,,,law_archive/B_추가검토/1_법률/07_법인세법/2_시행령/법인세법_시행령_20270101_시행예정_일련번호241137_원문.xml,XML,,ab4b725f291929cf55e3d7ac6a76ab8aa3fa9cb7fdb2444157e70ee6ee4af67a,http://www.law.go.kr/DRF/lawService.do?OC=***&target=eflaw&MST=241137&efYd=20270101&type=XML,OK,바이트 그대로(OC 0회)
B-1,법인세법,시행령,법인세법 시행령,003608,241137,20220308,32517,20270101,Y,재정경제부,본문,,,law_archive/B_추가검토/1_법률/07_법인세법/2_시행령/법인세법_시행령_20270101_시행예정_일련번호241137_본문.pdf,PDF,244,48052a5295624576c1fab89c9e169553c37462d9bb10f9c0337be74f62fe65b1,http://www.law.go.kr/DRF/lawService.do?OC=***&target=eflaw&MST=241137&efYd=20270101&type=XML,OK,렌더링(원문XML→PDF) · 조문표지 269개 중 누락 0 · 별표·서식 4건은 목록만(내용은 따로 저장)
B-1,법인세법,시행령,법인세법 시행령,003608,241137,20220308,32517,20270101,Y,재정경제부,별표,1,손금불산입 대상 손해배상금에 관한 법률(제23조제1항제1호 관련),law_archive/B_추가검토/1_법률/07_법인세법/2_시행령/별표/법인세법_시행령_20270101_시행예정_일련번호241137_별표1_손금불산입대상손해배상금에관한법률.pdf,PDF,1,133cccacc5774a6b7317e2d2ad4208ad32381b9d405c88fb8aea33acadfe3435,http://www.law.go.kr/LSW/flDownload.do?flSeq=162491161,OK,
B-1,법인세법,시행령,법인세법 시행령,003608,241137,20220308,32517,20270101,Y,재정경제부,별표,1의2,축산용 토지의 기준면적(제92조의7제4항관련),law_archive/B_추가검토/1_법률/07_법인세법/2_시행령/별표/법인세법_시행령_20270101_시행예정_일련번호241137_별표1의2_축산용토지의기준면적.pdf,PDF,1,08bbe6497e0e4065d49cc1495edcdc4e410d54a56da2e2aae75f55f14abf0158,http://www.law.go.kr/LSW/flDownload.do?flSeq=162491167,OK,
B-1,법인세법,시행령,법인세법 시행령,003608,241137,20220308,32517,20270101,Y,재정경제부,별표,2,과태료의 부과기준(제167조 관련),law_archive/B_추가검토/1_법률/07_법인세법/2_시행령/별표/법인세법_시행령_20270101_시행예정_일련번호241137_별표2_과태료의부과기준.pdf,PDF,3,08a402c4dab8ed19a3e2110e94aeedb971d6acc89c2498771a1c36a74dee7375,http://www.law.go.kr/LSW/flDownload.do?flSeq=162491173,OK,
B-1,법인세법,시행령,법인세법 시행령,003608,241137,20220308,32517,20270101,Y,재정경제부,별표,2의2,과태료의 부과기준(대통령령 제29529호 법인세법 시행령 일부개정령 부칙 제13조 관련),law_archive/B_추가검토/1_법률/07_법인세법/2_시행령/별표/법인세법_시행령_20270101_시행예정_일련번호241137_별표2의2_과태료의부과기준.pdf,PDF,2,93935abe61a97ce44508df8a2db881b43ab54af54a0cdbbfd1a668a962b9fb19,http://www.law.go.kr/LSW/flDownload.do?flSeq=162491183,OK,
B-1,법인세법,시행규칙,법인세법 시행규칙,007229,287787,20260701,00037,20260701,N,재정경제부,원문XML,,,law_archive/B_추가검토/1_법률/07_법인세법/3_시행규칙/법인세법_시행규칙_20260701_원문.xml,XML,,4e90552eef495259d2e603b416b603de47dc59a619ce2dc008d020ee391292ee,http://www.law.go.kr/DRF/lawService.do?OC=***&target=eflaw&MST=287787&efYd=20260701&type=XML,OK,바이트 그대로(OC 0회)
B-1,법인세법,시행규칙,법인세법 시행규칙,007229,287787,20260701,00037,20260701,N,재정경제부,본문,,,law_archive/B_추가검토/1_법률/07_법인세법/3_시행규칙/법인세법_시행규칙_20260701_본문.pdf,PDF,83,9db15c2560910010993a077c6d3add33e0192992d00439367505619c4d4076f5,http://www.law.go.kr/DRF/lawService.do?OC=***&target=eflaw&MST=287787&efYd=20260701&type=XML,OK,렌더링(원문XML→PDF) · 조문표지 131개 중 누락 0 · 별표·서식 196건은 목록만(내용은 따로 저장)
B-1,법인세법,시행규칙,법인세법 시행규칙,007229,287787,20260701,00037,20260701,N,재정경제부,별표,1,삭제 &lt;2009.3.30&gt;,law_archive/B_추가검토/1_법률/07_법인세법/3_시행규칙/별표/법인세법_시행규칙_20260701_별표1_삭제.pdf,PDF,1,3c898bbf6c8295704b7113e6383e87ea58583a6e3f2df0531df74ed4fbfa2181,http://www.law.go.kr/LSW/flDownload.do?flSeq=168515307,삭제별표,
B-1,법인세법,시행규칙,법인세법 시행규칙,007229,287787,20260701,00037,20260701,N,재정경제부,별표,2,시험연구용자산의 내용연수표(제15조제1항 및 제2항 관련),law_archive/B_추가검토/1_법률/07_법인세법/3_시행규칙/별표/법인세법_시행규칙_20260701_별표2_시험연구용자산의내용연수표.pdf,PDF,1,d5abeac08b29122c1b218ea97fcf0acae36611e5dc157be985134c28d4c014fe,http://www.law.go.kr/LSW/flDownload.do?flSeq=168515313,OK,
B-1,법인세법,시행규칙,법인세법 시행규칙,007229,287787,20260701,00037,20260701,N,재정경제부,별표,3,무형자산의 내용연수표(제15조제2항 관련),law_archive/B_추가검토/1_법률/07_법인세법/3_시행규칙/별표/법인세법_시행규칙_20260701_별표3_무형자산의내용연수표.pdf,PDF,1,516a5fbb955b5c095118200af85a4af39b23658fb8b34f76c78827d6d4e3c90c,http://www.law.go.kr/LSW/flDownload.do?flSeq=168515319,OK,
B-1,법인세법,시행규칙,법인세법 시행규칙,007229,287787,20260701,00037,20260701,N,재정경제부,별표,4,감가상각자산의상각률표[제15조제2항관련],law_archive/B_추가검토/1_법률/07_법인세법/3_시행규칙/별표/법인세법_시행규칙_20260701_별표4_감가상각자산의상각률표.pdf,PDF,2,2fd41310243fb1804bdf8dd3cd610805ed01bfb15a843ee8a918c94589244af3,http://www.law.go.kr/LSW/flDownload.do?flSeq=168515325,OK,
B-1,법인세법,시행규칙,법인세법 시행규칙,007229,287787,20260701,00037,20260701,N,재정경제부,별표,5,건축물 등의 기준내용연수 및 내용연수범위(제15조제3항 관련),law_archive/B_추가검토/1_법률/07_법인세법/3_시행규칙/별표/법인세법_시행규칙_20260701_별표5_건축물등의기준내용연수및내용연수범위.pdf,PDF,2,8ab16e2594241e9046046ea368d2679778e671cce26767fc4dc02a9c8dfa2715,http://www.law.go.kr/LSW/flDownload.do?flSeq=168515333,OK,
B-1,법인세법,시행규칙,법인세법 시행규칙,007229,287787,20260701,00037,20260701,N,재정경제부,별표,6,업종별 자산의 기준내용연수 및 내용연수범위(제15조제3항 관련),law_archive/B_추가검토/1_법률/07_법인세법/3_시행규칙/별표/법인세법_시행규칙_20260701_별표6_업종별자산의기준내용연수및내용연수범위.pdf,PDF,6,a9a3d0772a30d84cd2fb00b1033994ba52fed0b60e799d6e9efd8e32d29a8b9a,http://www.law.go.kr/LSW/flDownload.do?flSeq=168517141,OK,
B-1,법인세법,시행규칙,법인세법 시행규칙,007229,287787,20260701,00037,20260701,N,재정경제부,별표,6의2,삭제 &lt;2018. 3. 21.&gt;,law_archive/B_추가검토/1_법률/07_법인세법/3_시행규칙/별표/법인세법_시행규칙_20260701_별표6의2_삭제.pdf,PDF,1,901ddbcd68e421602fe6e3fc9fd6d085bb025db5e5b42639293920a49130eabc,http://www.law.go.kr/LSW/flDownload.do?flSeq=168517157,삭제별표,
B-1,법인세법,시행규칙,법인세법 시행규칙,007229,287787,20260701,00037,20260701,N,재정경제부,별표,6의3,삭제 &lt;2018. 3. 21.&gt;,law_archive/B_추가검토/1_법률/07_법인세법/3_시행규칙/별표/법인세법_시행규칙_20260701_별표6의3_삭제.pdf,PDF,1,e125ac98d771886ab2a3912012ba6334a3eddb9ba8d2872cec9d0f3283b108b8,http://www.law.go.kr/LSW/flDownload.do?flSeq=168517163,삭제별표,
B-1,법인세법,시행규칙,법인세법 시행규칙,007229,287787,20260701,00037,20260701,N,재정경제부,별표,6의4,삭제 &lt;2018. 3. 21.&gt;,law_archive/B_추가검토/1_법률/07_법인세법/3_시행규칙/별표/법인세법_시행규칙_20260701_별표6의4_삭제.pdf,PDF,1,e45e0326ae5a0fdb28c1dffcc62253a38855e1e8c95ace0c6533dc570f22feb0,http://www.law.go.kr/LSW/flDownload.do?flSeq=168517169,삭제별표,
B-1,법인세법,시행규칙,법인세법 시행규칙,007229,287787,20260701,00037,20260701,N,재정경제부,별표,6의5,삭제 &lt;2018. 3. 21.&gt;,law_archive/B_추가검토/1_법률/07_법인세법/3_시행규칙/별표/법인세법_시행규칙_20260701_별표6의5_삭제.pdf,PDF,1,67c9410857fc427b2bd40253c266f2f459ec01a80fa96c0fc0c4095dba48f606,http://www.law.go.kr/LSW/flDownload.do?flSeq=168517175,삭제별표,
B-1,법인세법,시행규칙,법인세법 시행규칙,007229,287787,20260701,00037,20260701,N,재정경제부,별표,6의6,삭제 &lt;2018. 3. 21.&gt;,law_archive/B_추가검토/1_법률/07_법인세법/3_시행규칙/별표/법인세법_시행규칙_20260701_별표6의6_삭제.pdf,PDF,1,a7bbd0af68eb5c104a9e473e54e23b3c606bd2466648e66306a1b3727149fa6d,http://www.law.go.kr/LSW/flDownload.do?flSeq=168517181,삭제별표,
B-1,법인세법,시행규칙,법인세법 시행규칙,007229,287787,20260701,00037,20260701,N,재정경제부,별표,6의7,삭제 &lt;2018. 3. 21.&gt;,law_archive/B_추가검토/1_법률/07_법인세법/3_시행규칙/별표/법인세법_시행규칙_20260701_별표6의7_삭제.pdf,PDF,1,c189107918f79a8f2f5da12929a0ca17431dea9194ef852c9fa67ff526e3cd24,http://www.law.go.kr/LSW/flDownload.do?flSeq=168517187,삭제별표,
B-1,법인세법,시행규칙,법인세법 시행규칙,007229,287787,20260701,00037,20260701,N,재정경제부,별표,7,직장운동경기부선수전용체육시설의기준면적[제46조제1항관련],law_archive/B_추가검토/1_법률/07_법인세법/3_시행규칙/별표/법인세법_시행규칙_20260701_별표7_직장운동경기부선수전용체육시설의기준면적.pdf,PDF,1,229f6827b16dbe5a31da42bf403e4933260c195f898e78dd80782f06fd5bdbbf,https://www.law.go.kr/LSW/flDownload.do?flSeq=168517193,OK,
B-1,법인세법,시행규칙,법인세법 시행규칙,007229,287787,20260701,00037,20260701,N,재정경제부,별표,8,운동경기업선수전용체육시설의기준면적[제46조제3항관련],law_archive/B_추가검토/1_법률/07_법인세법/3_시행규칙/별표/법인세법_시행규칙_20260701_별표8_운동경기업선수전용체육시설의기준면적.pdf,PDF,1,27415304e42865f5f5fb44005461ba460316ee07b42364e3a9d1fa9571ba4d2e,http://www.law.go.kr/LSW/flDownload.do?flSeq=168517199,OK,
B-1,법인세법,시행규칙,법인세법 시행규칙,007229,287787,20260701,00037,20260701,N,재정경제부,별표,9,종업원체육시설의기준면적[제46조제4항관련],law_archive/B_추가검토/1_법률/07_법인세법/3_시행규칙/별표/법인세법_시행규칙_20260701_별표9_종업원체육시설의기준면적.pdf,PDF,1,e35678c4ba722af9f2763e1bf24de8e2a74f12d853b78ee6617306858e2ee593,http://www.law.go.kr/LSW/flDownload.do?flSeq=168517205,OK,
B-1,법인세법,시행규칙,법인세법 시행규칙,007229,287787,20260701,00037,20260701,N,재정경제부,별표,10,예비군훈련장용토지및시설기준[제46조제9항및제10항관련],law_archive/B_추가검토/1_법률/07_법인세법/3_시행규칙/별표/법인세법_시행규칙_20260701_별표10_예비군훈련장용토지및시설기준.pdf,PDF,1,864323b2dde9bcc9b9971c124a1af8898c5813f6abfc24428c6f7d2c4a3d6e94,http://www.law.go.kr/LSW/flDownload.do?flSeq=168517211,OK,
B-1,법인세법,시행규칙,법인세법 시행규칙,007229,287787,20260701,00037,20260701,N,재정경제부,별표,11,공공기관의 범위(제79조의3제1항제1호 관련),law_archive/B_추가검토/1_법률/07_법인세법/3_시행규칙/별표/법인세법_시행규칙_20260701_별표11_공공기관의범위.pdf,PDF,1,62beae394cd7b52ccb72e6b318e91d21f374ce2f33afa44286fab0fd06953a36,http://www.law.go.kr/LSW/flDownload.do?flSeq=168517217,OK,
B-1,법인세법,시행규칙,법인세법 시행규칙,007229,287787,20260701,00037,20260701,N,재정경제부,별표,12,[별표 12는 별표 6의2로 이동 &lt;2011.7.29&gt;],law_archive/B_추가검토/1_법률/07_법인세법/3_시행규칙/별표/법인세법_시행규칙_20260701_별표12_[별표12는별표6의2로이동].pdf,PDF,1,41101699677a188bc6a8fb8e98a55a487d6233bfc3a8bed7f9542520b8f9613d,http://www.law.go.kr/LSW/flDownload.do?flSeq=168517223,OK,
B-1,법인세법,시행규칙,법인세법 시행규칙,007229,287787,20260701,00037,20260701,N,재정경제부,별표,13,[별표 13는 별표 6의3로 이동 &lt;2011.7.29&gt;],law_archive/B_추가검토/1_법률/07_법인세법/3_시행규칙/별표/법인세법_시행규칙_20260701_별표13_[별표13는별표6의3로이동].pdf,PDF,1,3f72fe55bc30da6604cf0b7a4b1938370ae76f83ba6a9026919acc27ec23ce78,http://www.law.go.kr/LSW/flDownload.do?flSeq=168517229,OK,
B-1,법인세법,시행규칙,법인세법 시행규칙,007229,287787,20260701,00037,20260701,N,재정경제부,서식,1,법인세 과세표준 및 세액신고서,law_archive/B_추가검토/1_법률/07_법인세법/3_시행규칙/서식/법인세법_시행규칙_20260701_서식1_법인세과세표준및세액신고서.pdf,PDF,2,3348954fee88d1d137f12ffa987ba165651b22305d89ec880be9ea849f3ac08a,http://www.law.go.kr/LSW/flDownload.do?flSeq=168517235,OK,
B-1,법인세법,시행규칙,법인세법 시행규칙,007229,287787,20260701,00037,20260701,N,재정경제부,서식,2,농어촌특별세 과세표준 및 세액신고서,law_archive/B_추가검토/1_법률/07_법인세법/3_시행규칙/서식/법인세법_시행규칙_20260701_서식2_농어촌특별세과세표준및세액신고서.pdf,PDF,2,a9dffb9b545dd06f0f9606c8b88c8b7477b082e86f8931abb36a416aba457f3f,http://www.law.go.kr/LSW/flDownload.do?flSeq=168517243,OK,
B-1,법인세법,시행규칙,법인세법 시행규칙,007229,287787,20260701,00037,20260701,N,재정경제부,서식,3,"법인세 과세표준 및 세액조정계산서, 선박표준이익 산출명세서, 토지등 양도소득에 대한 법인세 산출명세서","law_archive/B_추가검토/1_법률/07_법인세법/3_시행규칙/서식/법인세법_시행규칙_20260701_서식3_법인세과세표준및세액조정계산서,선박표준이익산출명세서,토지등양도소득에대한법인.pdf",PDF,6,0cea0106ae7d74af9b8037f6b3b6d844feb0b1016a111c4e81e0826bf4587633,http://www.law.go.kr/LSW/flDownload.do?flSeq=168517251,OK,
B-1,법인세법,시행규칙,법인세법 시행규칙,007229,287787,20260701,00037,20260701,N,재정경제부,서식,3의2,"표준재무상태표(일반법인용), 합계표준재무상태표(일반법인용), 표준재무상태표(금융ㆍ보험ㆍ증권업 법인용), 합계표준재무상태표(금융ㆍ보험ㆍ증권업 법인용)","law_archive/B_추가검토/1_법률/07_법인세법/3_시행규칙/서식/법인세법_시행규칙_20260701_서식3의2_표준재무상태표(일반법인용),합계표준재무상태표(일반법인용),표준재무상태표.pdf",PDF,18,ad1048adf6aca7f467dd5576719ec85184abb02e7e43fa7f93d123c667f83834,http://www.law.go.kr/LSW/flDownload.do?flSeq=168517267,OK,
B-1,법인세법,시행규칙,법인세법 시행규칙,007229,287787,20260701,00037,20260701,N,재정경제부,서식,3의3,"표준손익계산서(일반법인용), 표준손익계산서(금융ㆍ보험ㆍ증권업 법인용), 부속명세서, 이익잉여금처분(결손금처리)계산서","law_archive/B_추가검토/1_법률/07_법인세법/3_시행규칙/서식/법인세법_시행규칙_20260701_서식3의3_표준손익계산서(일반법인용),표준손익계산서(금융ㆍ보험ㆍ증권업법인용),부속명.pdf",PDF,11,c0af82b185f9e6e683024458a207be132fbdba22e7f146e7d9359fa4629c8871,http://www.law.go.kr/LSW/flDownload.do?flSeq=168517307,OK,
B-1,법인세법,시행규칙,법인세법 시행규칙,007229,287787,20260701,00037,20260701,N,재정경제부,서식,4,최저한세조정계산서,law_archive/B_추가검토/1_법률/07_법인세법/3_시행규칙/서식/법인세법_시행규칙_20260701_서식4_최저한세조정계산서.pdf,PDF,2,1caf4eb5254f2bfbc00b162196a66fbc6e56764233da4842aadd7b17c48a7fca,http://www.law.go.kr/LSW/flDownload.do?flSeq=168517333,OK,
B-1,법인세법,시행규칙,법인세법 시행규칙,007229,287787,20260701,00037,20260701,N,재정경제부,서식,5,특별비용조정명세서,law_archive/B_추가검토/1_법률/07_법인세법/3_시행규칙/서식/법인세법_시행규칙_20260701_서식5_특별비용조정명세서.pdf,PDF,2,d09f0996e34ecd855203bf3278267033515c9c56ac7748da98b809f5ba31bede,http://www.law.go.kr/LSW/flDownload.do?flSeq=168517341,OK,
B-1,법인세법,시행규칙,법인세법 시행규칙,007229,287787,20260701,00037,20260701,N,재정경제부,서식,6,비과세소득명세서,law_archive/B_추가검토/1_법률/07_법인세법/3_시행규칙/서식/법인세법_시행규칙_20260701_서식6_비과세소득명세서.pdf,PDF,1,33749800c4f525cb32dbfae097c6d0fe68e4c48683ee3e5835d1d2dde6aaa0bb,http://www.law.go.kr/LSW/flDownload.do?flSeq=168517349,OK,
B-1,법인세법,시행규칙,법인세법 시행규칙,007229,287787,20260701,00037,20260701,N,재정경제부,서식,6의2,익금불산입 조정명세서,law_archive/B_추가검토/1_법률/07_법인세법/3_시행규칙/서식/법인세법_시행규칙_20260701_서식6의2_익금불산입조정명세서.pdf,PDF,1,9ded85b39c23071ad4d738b310038a466cd01e6307d33a521d563cf74ff85b51,http://www.law.go.kr/LSW/flDownload.do?flSeq=168517355,OK,
B-1,법인세법,시행규칙,법인세법 시행규칙,007229,287787,20260701,00037,20260701,N,재정경제부,서식,7,소득공제조정명세서,law_archive/B_추가검토/1_법률/07_법인세법/3_시행규칙/서식/법인세법_시행규칙_20260701_서식7_소득공제조정명세서.pdf,PDF,1,0266d3893cc6370bafa2d8623c184a2642f246c7a1383d4bf7108006c592952d,http://www.law.go.kr/LSW/flDownload.do?flSeq=168517361,OK,
B-1,법인세법,시행규칙,법인세법 시행규칙,007229,287787,20260701,00037,20260701,N,재정경제부,서식,8,"공제감면세액 및 추가납부세액합계표(갑, 을), 공제감면세액계산서, 세액공제조정명세서, 국가별 외국납부세액공제 명세서, 소득종류별 외국납부세액 명세서, 간접외국납부세액공제 명세서, 외국 Hybrid 사업체를 통한 국외투자 관련 외국납부세액공제 명세서, 간접투자회사등 외국납부세액공제 세액계산서, 간접투자회사등 외국납부세액 명세서, 추가납부세액계산서, 기술도입대가에 대한 조세면제명세서, 이월과세로 양수한 자산 명세서","law_archive/B_추가검토/1_법률/07_법인세법/3_시행규칙/서식/법인세법_시행규칙_20260701_서식8_공제감면세액및추가납부세액합계표(갑,을),공제감면세액계산서,세액공제조정명세.pdf",PDF,37,6e4989bd57c6c07ec62e5b1d1c781f2ee6fef2e66e2dcc866f8586de43d153f3,http://www.law.go.kr/LSW/flDownload.do?flSeq=168517367,OK,
B-1,법인세법,시행규칙,법인세법 시행규칙,007229,287787,20260701,00037,20260701,N,재정경제부,서식,9,가산세액계산서,law_archive/B_추가검토/1_법률/07_법인세법/3_시행규칙/서식/법인세법_시행규칙_20260701_서식9_가산세액계산서.pdf,PDF,2,009bd51e1f737b53afcb2643a39bf1db2ef4f171c20201032aecc34e50f14dc8,http://www.law.go.kr/LSW/flDownload.do?flSeq=168517445,OK,
B-1,법인세법,시행규칙,법인세법 시행규칙,007229,287787,20260701,00037,20260701,N,재정경제부,서식,10,"원천납부세액명세서(갑, 을)","law_archive/B_추가검토/1_법률/07_법인세법/3_시행규칙/서식/법인세법_시행규칙_20260701_서식10_원천납부세액명세서(갑,을).pdf",PDF,4,f8140f292699263d0aeb41364fcdac2cfcb9e76148583690518bcde70f996379,http://www.law.go.kr/LSW/flDownload.do?flSeq=168517453,OK,
B-1,법인세법,시행규칙,법인세법 시행규칙,007229,287787,20260701,00037,20260701,N,재정경제부,서식,11,삭제 &lt;2022. 3. 18.&gt;,law_archive/B_추가검토/1_법률/07_법인세법/3_시행규칙/서식/법인세법_시행규칙_20260701_서식11_삭제.pdf,PDF,1,e6215264e645b960bd431f81c202aae689e4032336bb9251749b81b37f093cf9,http://www.law.go.kr/LSW/flDownload.do?flSeq=168517465,삭제별표,
B-1,법인세법,시행규칙,법인세법 시행규칙,007229,287787,20260701,00037,20260701,N,재정경제부,서식,12,농어촌특별세과세표준 및 세액조정계산서,law_archive/B_추가검토/1_법률/07_법인세법/3_시행규칙/서식/법인세법_시행규칙_20260701_서식12_농어촌특별세과세표준및세액조정계산서.pdf,PDF,1,5f32f00967c60d823522d6c1898512b5cc504dc37f3c7591a8ab6fa0548eb610,http://www.law.go.kr/LSW/flDownload.do?flSeq=168517471,OK,
B-1,법인세법,시행규칙,법인세법 시행규칙,007229,287787,20260701,00037,20260701,N,재정경제부,서식,13,농어촌특별세 과세대상 감면세액 합계표,law_archive/B_추가검토/1_법률/07_법인세법/3_시행규칙/서식/법인세법_시행규칙_20260701_서식13_농어촌특별세과세대상감면세액합계표.pdf,PDF,4,3c4cc530259b88d3f630a38d02ab7cdae3c1b89260ce9dd2a5eb453f2c52f5f5,http://www.law.go.kr/LSW/flDownload.do?flSeq=168517477,OK,
B-1,법인세법,시행규칙,법인세법 시행규칙,007229,287787,20260701,00037,20260701,N,재정경제부,서식,14,삭제 &lt;2002.3.30&gt;,law_archive/B_추가검토/1_법률/07_법인세법/3_시행규칙/서식/법인세법_시행규칙_20260701_서식14_삭제.pdf,PDF,1,67463a243bc07a4365cf86531ab81c71ecac8d05c18e9f2194b6d479917b756d,http://www.law.go.kr/LSW/flDownload.do?flSeq=168517489,삭제별표,
B-1,법인세법,시행규칙,법인세법 시행규칙,007229,287787,20260701,00037,20260701,N,재정경제부,서식,15,"소득금액조정합계표, 과목별 소득금액조정명세서","law_archive/B_추가검토/1_법률/07_법인세법/3_시행규칙/서식/법인세법_시행규칙_20260701_서식15_소득금액조정합계표,과목별소득금액조정명세서.pdf",PDF,6,e27e382fa52466c15fcbf68e4ad848473bf8508ec0e11a3423b013c16b3be91d,http://www.law.go.kr/LSW/flDownload.do?flSeq=168517495,OK,
B-1,법인세법,시행규칙,법인세법 시행규칙,007229,287787,20260701,00037,20260701,N,재정경제부,서식,16,수입금액조정명세서,law_archive/B_추가검토/1_법률/07_법인세법/3_시행규칙/서식/법인세법_시행규칙_20260701_서식16_수입금액조정명세서.pdf,PDF,2,c5aba44b2e21e83de5dd651cbc82bd862c560ae8deb65d7b05c9a27bf0bb049d,https://www.law.go.kr/LSW/flDownload.do?flSeq=168517511,OK,
B-1,법인세법,시행규칙,법인세법 시행규칙,007229,287787,20260701,00037,20260701,N,재정경제부,서식,16의2,수입배당금액명세서,law_archive/B_추가검토/1_법률/07_법인세법/3_시행규칙/서식/법인세법_시행규칙_20260701_서식16의2_수입배당금액명세서.pdf,PDF,2,c82d922359d1fffb786e5becd4ae0df360326c23a3548dd1d1e3cd51e7b4ef98,http://www.law.go.kr/LSW/flDownload.do?flSeq=168517519,OK,
B-1,법인세법,시행규칙,법인세법 시행규칙,007229,287787,20260701,00037,20260701,N,재정경제부,서식,16의3,외국자회사 수입배당금액 명세서,law_archive/B_추가검토/1_법률/07_법인세법/3_시행규칙/서식/법인세법_시행규칙_20260701_서식16의3_외국자회사수입배당금액명세서.pdf,PDF,2,7016526a234644f43144fd133441025df32af5855da547151ac549feb15524b4,http://www.law.go.kr/LSW/flDownload.do?flSeq=168517527,OK,
B-1,법인세법,시행규칙,법인세법 시행규칙,007229,287787,20260701,00037,20260701,N,재정경제부,서식,17,조정후수입금액명세서,law_archive/B_추가검토/1_법률/07_법인세법/3_시행규칙/서식/법인세법_시행규칙_20260701_서식17_조정후수입금액명세서.pdf,PDF,2,391a34174f727c9f2aa95e5f6ada1efd60046aeaa880d257577cc5010d269fdb,https://www.law.go.kr/LSW/flDownload.do?flSeq=168517535,OK,
B-1,법인세법,시행규칙,법인세법 시행규칙,007229,287787,20260701,00037,20260701,N,재정경제부,서식,18,임대보증금등의 간주익금조정명세서,law_archive/B_추가검토/1_법률/07_법인세법/3_시행규칙/서식/법인세법_시행규칙_20260701_서식18_임대보증금등의간주익금조정명세서.pdf,PDF,2,c1c9302d3250dec9712a4176898c1add743ec79df8668d2d4258a0cb32a32eb7,http://www.law.go.kr/LSW/flDownload.do?flSeq=168517543,OK,
B-1,법인세법,시행규칙,법인세법 시행규칙,007229,287787,20260701,00037,20260701,N,재정경제부,서식,19,"가지급금 등의 인정이자 조정명세서(갑), 가지급금 등의 인정이자 조정명세서(을)","law_archive/B_추가검토/1_법률/07_법인세법/3_시행규칙/서식/법인세법_시행규칙_20260701_서식19_가지급금등의인정이자조정명세서(갑),가지급금등의인정이자조정명세서(을).pdf",PDF,3,c91ba4add7509cb9dfc975ca43e6807d72fefe15c866002670c88142d864bd23,http://www.law.go.kr/LSW/flDownload.do?flSeq=168517551,OK,
B-1,법인세법,시행규칙,법인세법 시행규칙,007229,287787,20260701,00037,20260701,N,재정경제부,서식,20,"유형자산감가상각비(정률법), 유형ㆍ무형자산감가상각비(정액법), 감가상각비신고조정명세서, 감가상각비조정명세서합계표","law_archive/B_추가검토/1_법률/07_법인세법/3_시행규칙/서식/법인세법_시행규칙_20260701_서식20_유형자산감가상각비(정률법),유형ㆍ무형자산감가상각비(정액법),감가상각비신고.pdf",PDF,7,262d56bbeceedf4b7e2b0d219b2e5ca4272226fdc9fbbc1cbc0f827b03fd2914,http://www.law.go.kr/LSW/flDownload.do?flSeq=168517561,OK,
B-1,법인세법,시행규칙,법인세법 시행규칙,007229,287787,20260701,00037,20260701,N,재정경제부,서식,21,기부금조정명세서,law_archive/B_추가검토/1_법률/07_법인세법/3_시행규칙/서식/법인세법_시행규칙_20260701_서식21_기부금조정명세서.pdf,PDF,2,478f9d4b8dcab15376a35ed9cd4833d0c1df6b11acce9bff5fab63ba585f8d13,http://www.law.go.kr/LSW/flDownload.do?flSeq=168517579,OK,
B-1,법인세법,시행규칙,법인세법 시행규칙,007229,287787,20260701,00037,20260701,N,재정경제부,서식,22,기부금명세서,law_archive/B_추가검토/1_법률/07_법인세법/3_시행규칙/서식/법인세법_시행규칙_20260701_서식22_기부금명세서.pdf,PDF,2,69c8845d3670f45491ae93c1062af4a47d96ab1f82548abed43fab6bdf507cb9,http://www.law.go.kr/LSW/flDownload.do?flSeq=168517587,OK,
B-1,법인세법,시행규칙,법인세법 시행규칙,007229,287787,20260701,00037,20260701,N,재정경제부,서식,23,"기업업무추진비 조정명세서(갑, 을)","law_archive/B_추가검토/1_법률/07_법인세법/3_시행규칙/서식/법인세법_시행규칙_20260701_서식23_기업업무추진비조정명세서(갑,을).pdf",PDF,5,2343eba237d74e15e52ae409e074f96cfdf0de86a3867641ac7283f9f8597655,http://www.law.go.kr/LSW/flDownload.do?flSeq=168517595,OK,
B-1,법인세법,시행규칙,법인세법 시행규칙,007229,287787,20260701,00037,20260701,N,재정경제부,서식,24,경비등의 송금명세서,law_archive/B_추가검토/1_법률/07_법인세법/3_시행규칙/서식/법인세법_시행규칙_20260701_서식24_경비등의송금명세서.pdf,PDF,2,1cc23a20d378d8ec0125ffc642f81c4189e5828cd54d74847d1e615a73f57c25,https://www.law.go.kr/LSW/flDownload.do?flSeq=168517609,OK,
B-1,법인세법,시행규칙,법인세법 시행규칙,007229,287787,20260701,00037,20260701,N,재정경제부,서식,25,건설자금이자조정명세서,law_archive/B_추가검토/1_법률/07_법인세법/3_시행규칙/서식/법인세법_시행규칙_20260701_서식25_건설자금이자조정명세서.pdf,PDF,2,cdb60380f8d1af5b91677b65d3c191c760f478ff3477d72ae7c972140c7d916f,http://www.law.go.kr/LSW/flDownload.do?flSeq=168517617,OK,
B-1,법인세법,시행규칙,법인세법 시행규칙,007229,287787,20260701,00037,20260701,N,재정경제부,서식,26,업무무관부동산등에관련한차입금이자조정명세서,law_archive/B_추가검토/1_법률/07_법인세법/3_시행규칙/서식/법인세법_시행규칙_20260701_서식26_업무무관부동산등에관련한차입금이자조정명세서.pdf,PDF,4,665ae20fabc315a23ab1ed2bac7efaf4fc3bea83079b74b842f9d8efcdeed28d,http://www.law.go.kr/LSW/flDownload.do?flSeq=168517625,OK,
B-1,법인세법,시행규칙,법인세법 시행규칙,007229,287787,20260701,00037,20260701,N,재정경제부,서식,27,"고유목적사업준비금 조정명세서(갑, 을)","law_archive/B_추가검토/1_법률/07_법인세법/3_시행규칙/서식/법인세법_시행규칙_20260701_서식27_고유목적사업준비금조정명세서(갑,을).pdf",PDF,3,45ef0722f069a072461289359b1984c86711a61e5cb7dbe1b67a39a9f794df82,http://www.law.go.kr/LSW/flDownload.do?flSeq=168517637,OK,
B-1,법인세법,시행규칙,법인세법 시행규칙,007229,287787,20260701,00037,20260701,N,재정경제부,서식,28,"(책임준비금, 비상위험준비금, 해약환급금준비금)명세서","law_archive/B_추가검토/1_법률/07_법인세법/3_시행규칙/서식/법인세법_시행규칙_20260701_서식28_(책임준비금,비상위험준비금,해약환급금준비금)명세서.pdf",PDF,3,92ebd6b8bb7cd2d2514f711437fe3601603c174c3ff90d6118cda1a9fbffbec8,http://www.law.go.kr/LSW/flDownload.do?flSeq=168517647,OK,
B-1,법인세법,시행규칙,법인세법 시행규칙,007229,287787,20260701,00037,20260701,N,재정경제부,서식,29,업무용승용차 관련비용 명세서,law_archive/B_추가검토/1_법률/07_법인세법/3_시행규칙/서식/법인세법_시행규칙_20260701_서식29_업무용승용차관련비용명세서.pdf,PDF,3,7f5af36d0370c6180bf4da297ee97a27c1ffec06f64c7c84c04ce3396580f7ad,https://www.law.go.kr/LSW/flDownload.do?flSeq=168517657,OK,
B-1,법인세법,시행규칙,법인세법 시행규칙,007229,287787,20260701,00037,20260701,N,재정경제부,서식,30,삭제 &lt;2001.3.28&gt;,law_archive/B_추가검토/1_법률/07_법인세법/3_시행규칙/서식/법인세법_시행규칙_20260701_서식30_삭제.pdf,PDF,1,9a4d956c5de924f007b524732f2b91492c7e63271cd1b9e6c66f2dc0d9c81f9c,http://www.law.go.kr/LSW/flDownload.do?flSeq=168517667,삭제별표,
B-1,법인세법,시행규칙,법인세법 시행규칙,007229,287787,20260701,00037,20260701,N,재정경제부,서식,31,삭제 &lt;2009.3.30&gt;,law_archive/B_추가검토/1_법률/07_법인세법/3_시행규칙/서식/법인세법_시행규칙_20260701_서식31_삭제.pdf,PDF,1,c26527764489707961f2d7f8d2a7591a886ebbb782f6387af4c6d21991e31f62,http://www.law.go.kr/LSW/flDownload.do?flSeq=168517673,삭제별표,
B-1,법인세법,시행규칙,법인세법 시행규칙,007229,287787,20260701,00037,20260701,N,재정경제부,서식,32,퇴직급여충당금 조정명세서,law_archive/B_추가검토/1_법률/07_법인세법/3_시행규칙/서식/법인세법_시행규칙_20260701_서식32_퇴직급여충당금조정명세서.pdf,PDF,2,72ae0af7fcfcf70e482075eb4c961f5d1fb12ac563b067866ca1ee8749a22cc1,https://www.law.go.kr/LSW/flDownload.do?flSeq=168517679,OK,
B-1,법인세법,시행규칙,법인세법 시행규칙,007229,287787,20260701,00037,20260701,N,재정경제부,서식,33,퇴직연금부담금 조정명세서,law_archive/B_추가검토/1_법률/07_법인세법/3_시행규칙/서식/법인세법_시행규칙_20260701_서식33_퇴직연금부담금조정명세서.pdf,PDF,1,8b666c48d9db8f3a92e388113aa5a7cf0306f09214fc459805e4a7aca5b190e3,http://www.law.go.kr/LSW/flDownload.do?flSeq=168517687,OK,
B-1,법인세법,시행규칙,법인세법 시행규칙,007229,287787,20260701,00037,20260701,N,재정경제부,서식,34,대손충당금 및 대손금조정명세서,law_archive/B_추가검토/1_법률/07_법인세법/3_시행규칙/서식/법인세법_시행규칙_20260701_서식34_대손충당금및대손금조정명세서.pdf,PDF,3,667e5278a067c700af1365a414a712dac759222c25ca166e1a91c3014537a79e,https://www.law.go.kr/LSW/flDownload.do?flSeq=168517693,OK,
B-1,법인세법,시행규칙,법인세법 시행규칙,007229,287787,20260701,00037,20260701,N,재정경제부,서식,35,"(국고보조금등, 공사부담금, 보험차익) 상당액 손금산입조정명세서","law_archive/B_추가검토/1_법률/07_법인세법/3_시행규칙/서식/법인세법_시행규칙_20260701_서식35_(국고보조금등,공사부담금,보험차익)상당액손금산입조정명세서.pdf",PDF,2,816c8b87823e847a76e45036db1d612f28ac90929b10fa933ee8afbca87e989b,http://www.law.go.kr/LSW/flDownload.do?flSeq=168517703,OK,
B-1,법인세법,시행규칙,법인세법 시행규칙,007229,287787,20260701,00037,20260701,N,재정경제부,서식,35의2,보조금등수취명세서,law_archive/B_추가검토/1_법률/07_법인세법/3_시행규칙/서식/법인세법_시행규칙_20260701_서식35의2_보조금등수취명세서.pdf,PDF,2,4a5bc6bbe2ac64abf5a056a5af9a2bf74927126ed8ea10566be4c68a531588b1,http://www.law.go.kr/LSW/flDownload.do?flSeq=168517711,OK,
B-1,법인세법,시행규칙,법인세법 시행규칙,007229,287787,20260701,00037,20260701,N,재정경제부,서식,36,"(국고보조금등, 공사부담금)사용계획서","law_archive/B_추가검토/1_법률/07_법인세법/3_시행규칙/서식/법인세법_시행규칙_20260701_서식36_(국고보조금등,공사부담금)사용계획서.pdf",PDF,1,ec1746e4f0edfec122734caab20364d0cbc2f23cd4b0a66442855de17251331d,http://www.law.go.kr/LSW/flDownload.do?flSeq=168517719,OK,
B-1,법인세법,시행규칙,법인세법 시행규칙,007229,287787,20260701,00037,20260701,N,재정경제부,서식,37,보험차익 사용계획서,law_archive/B_추가검토/1_법률/07_법인세법/3_시행규칙/서식/법인세법_시행규칙_20260701_서식37_보험차익사용계획서.pdf,PDF,1,fad7e0c2714a5e2484ccfd23d624181f88303919bdfbaab6e5f28b001757edcc,http://www.law.go.kr/LSW/flDownload.do?flSeq=168517725,OK,
B-1,법인세법,시행규칙,법인세법 시행규칙,007229,287787,20260701,00037,20260701,N,재정경제부,서식,38,삭제 &lt;2002.3.30&gt;,law_archive/B_추가검토/1_법률/07_법인세법/3_시행규칙/서식/법인세법_시행규칙_20260701_서식38_삭제.pdf,PDF,1,8e12816cbb12e22434c9126d90f732a7c3ee403299b7477bf5edc684f36b4716,http://www.law.go.kr/LSW/flDownload.do?flSeq=168517731,삭제별표,
B-1,법인세법,시행규칙,법인세법 시행규칙,007229,287787,20260701,00037,20260701,N,재정경제부,서식,39,[재고자산][유가증권]평가조정명세서,law_archive/B_추가검토/1_법률/07_법인세법/3_시행규칙/서식/법인세법_시행규칙_20260701_서식39_[재고자산][유가증권]평가조정명세서.pdf,PDF,2,f1bd9dce724ca5e8036db33225e4d63be8e9d2d5424ca85c894fad4c56f51389,http://www.law.go.kr/LSW/flDownload.do?flSeq=168517737,OK,
B-1,법인세법,시행규칙,법인세법 시행규칙,007229,287787,20260701,00037,20260701,N,재정경제부,서식,40,"외화자산 등평가차손익조정명세서(갑), 외화자산 등 평가차손익조정명세서(을)","law_archive/B_추가검토/1_법률/07_법인세법/3_시행규칙/서식/법인세법_시행규칙_20260701_서식40_외화자산등평가차손익조정명세서(갑),외화자산등평가차손익조정명세서(을).pdf",PDF,4,6544b3021da2234889d139f4ab1594ce57f6b9e7009209559832a37829a9a469,http://www.law.go.kr/LSW/flDownload.do?flSeq=168517745,OK,
B-1,법인세법,시행규칙,법인세법 시행규칙,007229,287787,20260701,00037,20260701,N,재정경제부,서식,41,재고자산평가차익 익금불산입신청서,law_archive/B_추가검토/1_법률/07_법인세법/3_시행규칙/서식/법인세법_시행규칙_20260701_서식41_재고자산평가차익익금불산입신청서.pdf,PDF,1,3cebe5b9567e7e0c7de7d08ba88e112adf375f487d1659ae7ad818c0703f180c,http://www.law.go.kr/LSW/flDownload.do?flSeq=168517757,OK,
B-1,법인세법,시행규칙,법인세법 시행규칙,007229,287787,20260701,00037,20260701,N,재정경제부,서식,41의2,전환이익 익금불산입신청서,law_archive/B_추가검토/1_법률/07_법인세법/3_시행규칙/서식/법인세법_시행규칙_20260701_서식41의2_전환이익익금불산입신청서.pdf,PDF,1,485c83427888b9ca0eff72916d29759a9f67caf48fdabc49031171af330c1fde,http://www.law.go.kr/LSW/flDownload.do?flSeq=168517763,OK,
B-1,법인세법,시행규칙,법인세법 시행규칙,007229,287787,20260701,00037,20260701,N,재정경제부,서식,42,합병과세특례 신청서,law_archive/B_추가검토/1_법률/07_법인세법/3_시행규칙/서식/법인세법_시행규칙_20260701_서식42_합병과세특례신청서.pdf,PDF,1,cfa3449fb6fad0286b3c036529cb6b401f07c1137ed0e2c128d672788bb7e959,http://www.law.go.kr/LSW/flDownload.do?flSeq=168517769,OK,
B-1,법인세법,시행규칙,법인세법 시행규칙,007229,287787,20260701,00037,20260701,N,재정경제부,서식,42의2,분할과세특례 신청서,law_archive/B_추가검토/1_법률/07_법인세법/3_시행규칙/서식/법인세법_시행규칙_20260701_서식42의2_분할과세특례신청서.pdf,PDF,1,948813bbfd65639fa3f36a957594ee5e20b9753f5d26de8d93433ff07b95f86d,https://www.law.go.kr/LSW/flDownload.do?flSeq=168517775,OK,
B-1,법인세법,시행규칙,법인세법 시행규칙,007229,287787,20260701,00037,20260701,N,재정경제부,서식,43,물적분할과세특례 신청서,law_archive/B_추가검토/1_법률/07_법인세법/3_시행규칙/서식/법인세법_시행규칙_20260701_서식43_물적분할과세특례신청서.pdf,PDF,1,7b17b64e5fedc2b14860ae68cd0c924ab831e86ddefccd7aad6f529d286c1ae7,http://www.law.go.kr/LSW/flDownload.do?flSeq=168517781,OK,
B-1,법인세법,시행규칙,법인세법 시행규칙,007229,287787,20260701,00037,20260701,N,재정경제부,서식,43의2,현물출자과세특례 신청서,law_archive/B_추가검토/1_법률/07_법인세법/3_시행규칙/서식/법인세법_시행규칙_20260701_서식43의2_현물출자과세특례신청서.pdf,PDF,1,ec6ae33c8be9895770a9b04af8059afe9353c02c29e76ebaa909f360ebf1647d,http://www.law.go.kr/LSW/flDownload.do?flSeq=168517787,OK,
B-1,법인세법,시행규칙,법인세법 시행규칙,007229,287787,20260701,00037,20260701,N,재정경제부,서식,44,자산교환에 따른 양도차익의 손금산입조정명세서,law_archive/B_추가검토/1_법률/07_법인세법/3_시행규칙/서식/법인세법_시행규칙_20260701_서식44_자산교환에따른양도차익의손금산입조정명세서.pdf,PDF,1,b4faca207601008adb9b18e9de07a59dfaf4b4314fff31f3f8c5b220d7509046,http://www.law.go.kr/LSW/flDownload.do?flSeq=168517793,OK,
B-1,법인세법,시행규칙,법인세법 시행규칙,007229,287787,20260701,00037,20260701,N,재정경제부,서식,45,국제선박양도차익의 손금산입조정명세서,law_archive/B_추가검토/1_법률/07_법인세법/3_시행규칙/서식/법인세법_시행규칙_20260701_서식45_국제선박양도차익의손금산입조정명세서.pdf,PDF,2,72c0e27c9fe8e62d7e12bf1296ee05ca87129a42fd7b9d6ee5e192276eb721af,http://www.law.go.kr/LSW/flDownload.do?flSeq=168517799,OK,
B-1,법인세법,시행규칙,법인세법 시행규칙,007229,287787,20260701,00037,20260701,N,재정경제부,서식,46,"자산조정계정명세서(갑), 자산조정계정명세서(을)","law_archive/B_추가검토/1_법률/07_법인세법/3_시행규칙/서식/법인세법_시행규칙_20260701_서식46_자산조정계정명세서(갑),자산조정계정명세서(을).pdf",PDF,2,1f4a8707b4f09fec9c0af302a53171d21952679e5d02f15e385427819d00a219,http://www.law.go.kr/LSW/flDownload.do?flSeq=168517807,OK,
B-1,법인세법,시행규칙,법인세법 시행규칙,007229,287787,20260701,00037,20260701,N,재정경제부,서식,46의2,"자산의 양도차익에 관한 명세서(갑), 자산의 양도차익에 관한 명세서(을)","law_archive/B_추가검토/1_법률/07_법인세법/3_시행규칙/서식/법인세법_시행규칙_20260701_서식46의2_자산의양도차익에관한명세서(갑),자산의양도차익에관한명세서(을).pdf",PDF,2,eadb98f250110ba79fe3f0b6b8df19f09b8bb58b8e2672e39286e7176fa29027,http://www.law.go.kr/LSW/flDownload.do?flSeq=168517815,OK,
B-1,법인세법,시행규칙,법인세법 시행규칙,007229,287787,20260701,00037,20260701,N,재정경제부,서식,47,"주요계정명세서(갑), 주요계정명세서(을)","law_archive/B_추가검토/1_법률/07_법인세법/3_시행규칙/서식/법인세법_시행규칙_20260701_서식47_주요계정명세서(갑),주요계정명세서(을).pdf",PDF,5,6fa282f3a75c4ca4f8bdfee62bf905cf1e0df362b536b3ce67ddebb8b34f210f,http://www.law.go.kr/LSW/flDownload.do?flSeq=168517823,OK,
B-1,법인세법,시행규칙,법인세법 시행규칙,007229,287787,20260701,00037,20260701,N,재정경제부,서식,48,소득구분계산서,law_archive/B_추가검토/1_법률/07_법인세법/3_시행규칙/서식/법인세법_시행규칙_20260701_서식48_소득구분계산서.pdf,PDF,2,e71e90eb3d028af2e2d1940b8fad019accaf4023e6b2d1e033ba0758489ec3ab,http://www.law.go.kr/LSW/flDownload.do?flSeq=168517837,OK,
B-1,법인세법,시행규칙,법인세법 시행규칙,007229,287787,20260701,00037,20260701,N,재정경제부,서식,49,지점유보소득금액계산서,law_archive/B_추가검토/1_법률/07_법인세법/3_시행규칙/서식/법인세법_시행규칙_20260701_서식49_지점유보소득금액계산서.pdf,PDF,1,0dba58aa9f1c756ea7dc17eaf5916b90cccbec31c59b9707e8d79c13d60b6b83,http://www.law.go.kr/LSW/flDownload.do?flSeq=168517845,OK,
B-1,법인세법,시행규칙,법인세법 시행규칙,007229,287787,20260701,00037,20260701,N,재정경제부,서식,50,"자본금과 적립금조정명세서(갑, 을, 병)","law_archive/B_추가검토/1_법률/07_법인세법/3_시행규칙/서식/법인세법_시행규칙_20260701_서식50_자본금과적립금조정명세서(갑,을,병).pdf",PDF,6,83bff8eb5558de2edb74161d03f909143b9d5dac51d9271d770eb9ba5cfffd28,https://www.law.go.kr/LSW/flDownload.do?flSeq=168517851,OK,
B-1,법인세법,시행규칙,법인세법 시행규칙,007229,287787,20260701,00037,20260701,N,재정경제부,서식,51,중소기업 등 기준검토표,law_archive/B_추가검토/1_법률/07_법인세법/3_시행규칙/서식/법인세법_시행규칙_20260701_서식51_중소기업등기준검토표.pdf,PDF,4,0dd2954914e45fde658c8d275b3225df17c12cc6ed4afe95022c0e48d057d2cd,http://www.law.go.kr/LSW/flDownload.do?flSeq=168517867,OK,
B-1,법인세법,시행규칙,법인세법 시행규칙,007229,287787,20260701,00037,20260701,N,재정경제부,서식,52,"특수관계인간 거래명세서(갑)(매출 및 매입거래 등), 특수관계인간 거래명세서(을)(자본거래)","law_archive/B_추가검토/1_법률/07_법인세법/3_시행규칙/서식/법인세법_시행규칙_20260701_서식52_특수관계인간거래명세서(갑)(매출및매입거래등),특수관계인간거래명세서(을).pdf",PDF,4,7871ac0e613af1283e7711c9c437b62268fcdcf150a59c9099cd3e57df4231fa,https://www.law.go.kr/LSW/flDownload.do?flSeq=168517879,OK,
B-1,법인세법,시행규칙,법인세법 시행규칙,007229,287787,20260701,00037,20260701,N,재정경제부,서식,52의2,미환류소득에 대한 법인세 신고서,law_archive/B_추가검토/1_법률/07_법인세법/3_시행규칙/서식/법인세법_시행규칙_20260701_서식52의2_미환류소득에대한법인세신고서.pdf,PDF,2,7d2d686ceb201e7889cb23e7f7939f854faaf171b0089c83bb4b984f3dee1912,http://www.law.go.kr/LSW/flDownload.do?flSeq=168517891,OK,
B-1,법인세법,시행규칙,법인세법 시행규칙,007229,287787,20260701,00037,20260701,N,재정경제부,서식,52의3,삭제 &lt;2019. 3. 20.&gt;,law_archive/B_추가검토/1_법률/07_법인세법/3_시행규칙/서식/법인세법_시행규칙_20260701_서식52의3_삭제.pdf,PDF,1,c8e828258aeba7832f602cd914a99232e738d1fc4c2ee2f4737dac71c3a5f098,http://www.law.go.kr/LSW/flDownload.do?flSeq=168517899,삭제별표,
B-1,법인세법,시행규칙,법인세법 시행규칙,007229,287787,20260701,00037,20260701,N,재정경제부,서식,52의4,사실과 다른 회계처리로 인하여 과다납부한 금액의 세액공제명세서,law_archive/B_추가검토/1_법률/07_법인세법/3_시행규칙/서식/법인세법_시행규칙_20260701_서식52의4_사실과다른회계처리로인하여과다납부한금액의세액공제명세서.pdf,PDF,1,51b48d104f381c2445fb6e2e5149f45e467ca9de2c48a72a311568f0498b686d,http://www.law.go.kr/LSW/flDownload.do?flSeq=168517905,OK,
B-1,법인세법,시행규칙,법인세법 시행규칙,007229,287787,20260701,00037,20260701,N,재정경제부,서식,53,삭제 &lt;2009.3.30&gt;,law_archive/B_추가검토/1_법률/07_법인세법/3_시행규칙/서식/법인세법_시행규칙_20260701_서식53_삭제.pdf,PDF,1,d59776c80c5c470fc543a77f80e45b4542f1f08dbc680e7b1c9890b3a73caca7,http://www.law.go.kr/LSW/flDownload.do?flSeq=168517911,삭제별표,
B-1,법인세법,시행규칙,법인세법 시행규칙,007229,287787,20260701,00037,20260701,N,재정경제부,서식,54,"주식등변동상황명세서, 주식ㆍ출자지분 양도 등 명세서","law_archive/B_추가검토/1_법률/07_법인세법/3_시행규칙/서식/법인세법_시행규칙_20260701_서식54_주식등변동상황명세서,주식ㆍ출자지분양도등명세서.pdf",PDF,4,7e8b7d5a535b0798410975b22c997e58565a635b435f956eab9f0c00ce8241b5,http://www.law.go.kr/LSW/flDownload.do?flSeq=168517917,OK,
B-1,법인세법,시행규칙,법인세법 시행규칙,007229,287787,20260701,00037,20260701,N,재정경제부,서식,55,"소득자료 (인정상여, 인정배당, 기타소득) 명세서, 소득처분(임시유보, 이전소득배당, 출자의증가)명세서","law_archive/B_추가검토/1_법률/07_법인세법/3_시행규칙/서식/법인세법_시행규칙_20260701_서식55_소득자료(인정상여,인정배당,기타소득)명세서,소득처분.pdf",PDF,2,7748e0a43a834e34500ad4121e4b56e757775a3f3dc896274e6b1282dc0e6f08,https://www.law.go.kr/LSW/flDownload.do?flSeq=168517929,OK,
B-1,법인세법,시행규칙,법인세법 시행규칙,007229,287787,20260701,00037,20260701,N,재정경제부,서식,56,"법인세ㆍ농어촌특별세 과세표준(조정계산) 및 세액신고서(이자소득만 있는 비영리법인 신고용),가산세액계산서(이자소득만 있는 비영리법인 신고용)",law_archive/B_추가검토/1_법률/07_법인세법/3_시행규칙/서식/법인세법_시행규칙_20260701_서식56_법인세ㆍ농어촌특별세과세표준(조정계산)및세액신고서.pdf,PDF,4,e280febce05e6963c52cdbc58c4a5e8001585d360f591d03d3860be2bd56439e,http://www.law.go.kr/LSW/flDownload.do?flSeq=168517937,OK,
B-1,법인세법,시행규칙,법인세법 시행규칙,007229,287787,20260701,00037,20260701,N,재정경제부,서식,57,비영리법인의 수익사업수입명세서(배당ㆍ주식 처분익 및 유형자산 처분익만 있는 비영리법인신고용),law_archive/B_추가검토/1_법률/07_법인세법/3_시행규칙/서식/법인세법_시행규칙_20260701_서식57_비영리법인의수익사업수입명세서.pdf,PDF,1,a089f8a9a91a96e3819def9ea5a3cea04b03876a37cd28b731a85cb6826c9b38,http://www.law.go.kr/LSW/flDownload.do?flSeq=168517949,OK,
B-1,법인세법,시행규칙,법인세법 시행규칙,007229,287787,20260701,00037,20260701,N,재정경제부,서식,57의2,"비영리내국법인의 양도소득과세표준예정신고서, 양도소득금액 계산명세서, 주식 양도소득금액 계산명세서","law_archive/B_추가검토/1_법률/07_법인세법/3_시행규칙/서식/법인세법_시행규칙_20260701_서식57의2_비영리내국법인의양도소득과세표준예정신고서,양도소득금액계산명세서,주식양도소득.pdf",PDF,6,be485cf21baa838500e86e238011452166d3defedfe3fb95dc5f66b852fdba49,http://www.law.go.kr/LSW/flDownload.do?flSeq=168517955,OK,
B-1,법인세법,시행규칙,법인세법 시행규칙,007229,287787,20260701,00037,20260701,N,재정경제부,서식,58,법인세 중간예납 신고납부계산서,law_archive/B_추가검토/1_법률/07_법인세법/3_시행규칙/서식/법인세법_시행규칙_20260701_서식58_법인세중간예납신고납부계산서.pdf,PDF,2,29de7afacd1603e9109cb77352ce6fbd41b3c8dd2feeb2afcbcff78ced3085b9,https://www.law.go.kr/LSW/flDownload.do?flSeq=168517971,OK,
B-1,법인세법,시행규칙,법인세법 시행규칙,007229,287787,20260701,00037,20260701,N,재정경제부,서식,58의2,삭제 &lt;2019. 3. 20.&gt;,law_archive/B_추가검토/1_법률/07_법인세법/3_시행규칙/서식/법인세법_시행규칙_20260701_서식58의2_삭제.pdf,PDF,1,b9e4f7ef1e5bba5b54510bde512d97b1ce886257152683549995c79df05de205,http://www.law.go.kr/LSW/flDownload.do?flSeq=168517979,삭제별표,
B-1,법인세법,시행규칙,법인세법 시행규칙,007229,287787,20260701,00037,20260701,N,재정경제부,서식,58의3,삭제 &lt;2019. 3. 20.&gt;,law_archive/B_추가검토/1_법률/07_법인세법/3_시행규칙/서식/법인세법_시행규칙_20260701_서식58의3_삭제.pdf,PDF,1,3b4676670676ab1f2e223c5b30e335caebb15fce5560c336bdaf8fe47da4ca38,http://www.law.go.kr/LSW/flDownload.do?flSeq=168517985,삭제별표,
B-1,법인세법,시행규칙,법인세법 시행규칙,007229,287787,20260701,00037,20260701,N,재정경제부,서식,58의4,삭제 &lt;2019. 3. 20.&gt;,law_archive/B_추가검토/1_법률/07_법인세법/3_시행규칙/서식/법인세법_시행규칙_20260701_서식58의4_삭제.pdf,PDF,1,2e2088602174cc38c8ec440f943760264463275ab33a43f9ba3f3b379c4b035d,http://www.law.go.kr/LSW/flDownload.do?flSeq=168517991,삭제별표,
B-1,법인세법,시행규칙,법인세법 시행규칙,007229,287787,20260701,00037,20260701,N,재정경제부,서식,58의5,삭제 &lt;2019. 3. 20.&gt;,law_archive/B_추가검토/1_법률/07_법인세법/3_시행규칙/서식/법인세법_시행규칙_20260701_서식58의5_삭제.pdf,PDF,1,a001ed78d1fd39c79d890dd379caf1314058ecf29b41380a7cd0379165d5d0bc,http://www.law.go.kr/LSW/flDownload.do?flSeq=168517997,삭제별표,
B-1,법인세법,시행규칙,법인세법 시행규칙,007229,287787,20260701,00037,20260701,N,재정경제부,서식,58의6,삭제 &lt;2019. 3. 20.&gt;,law_archive/B_추가검토/1_법률/07_법인세법/3_시행규칙/서식/법인세법_시행규칙_20260701_서식58의6_삭제.pdf,PDF,1,ac836dffba306fd18a5f588e3d61131821343fdb994ee0c3db48be74345fe6d2,http://www.law.go.kr/LSW/flDownload.do?flSeq=168518003,삭제별표,
B-1,법인세법,시행규칙,법인세법 시행규칙,007229,287787,20260701,00037,20260701,N,재정경제부,서식,58의7,삭제 &lt;2019. 3. 20.&gt;,law_archive/B_추가검토/1_법률/07_법인세법/3_시행규칙/서식/법인세법_시행규칙_20260701_서식58의7_삭제.pdf,PDF,1,deaab7fe33b709ede3eb5f83ce44b4e555180c0295fa0afd34176f4220cb9754,http://www.law.go.kr/LSW/flDownload.do?flSeq=168518009,삭제별표,
B-1,법인세법,시행규칙,법인세법 시행규칙,007229,287787,20260701,00037,20260701,N,재정경제부,서식,58의8,삭제 &lt;2019. 3. 20.&gt;,law_archive/B_추가검토/1_법률/07_법인세법/3_시행규칙/서식/법인세법_시행규칙_20260701_서식58의8_삭제.pdf,PDF,1,2b449b84e38c40c9e1016f385939de9ca2a40815ff1ddee59b5106f5b13b3a8a,http://www.law.go.kr/LSW/flDownload.do?flSeq=168518015,삭제별표,
B-1,법인세법,시행규칙,법인세법 시행규칙,007229,287787,20260701,00037,20260701,N,재정경제부,서식,59,"청산소득에 대한 법인세과세표준 및 세액신고서, 청산소득금액계산명세서, 가산세액계산서(청산소득에 대한 과세표준 및 세액 신고용)","law_archive/B_추가검토/1_법률/07_법인세법/3_시행규칙/서식/법인세법_시행규칙_20260701_서식59_청산소득에대한법인세과세표준및세액신고서,청산소득금액계산명세서,가산세액계산서.pdf",PDF,6,aa3beb5cd6604ecddf281709722b1aaa385844ded2e2be4bc7722218a8bf5b88,http://www.law.go.kr/LSW/flDownload.do?flSeq=168518021,OK,
B-1,법인세법,시행규칙,법인세법 시행규칙,007229,287787,20260701,00037,20260701,N,재정경제부,서식,60,종전 별지 제60호서식은 별지 제57호의2서식으로 이동&lt;2002.3.30&gt;,law_archive/B_추가검토/1_법률/07_법인세법/3_시행규칙/서식/법인세법_시행규칙_20260701_서식60_종전별지제60호서식은별지제57호의2서식으로이동.pdf,PDF,1,938ce6330b690a360c4c0185fb89370213abcfb3854fb72ef02f9ae73694ef0b,http://www.law.go.kr/LSW/flDownload.do?flSeq=168518037,OK,
B-1,법인세법,시행규칙,법인세법 시행규칙,007229,287787,20260701,00037,20260701,N,재정경제부,서식,61,사업연도 변경신고서,law_archive/B_추가검토/1_법률/07_법인세법/3_시행규칙/서식/법인세법_시행규칙_20260701_서식61_사업연도변경신고서.pdf,PDF,1,f51249a9d0fab75e787d5f1677286c46fe903f422861fc7988a603905f390c66,http://www.law.go.kr/LSW/flDownload.do?flSeq=168518043,OK,
B-1,법인세법,시행규칙,법인세법 시행규칙,007229,287787,20260701,00037,20260701,N,재정경제부,서식,62,납세지(변경)신고서,law_archive/B_추가검토/1_법률/07_법인세법/3_시행규칙/서식/법인세법_시행규칙_20260701_서식62_납세지(변경)신고서.pdf,PDF,1,12e3d8df5e10ae78e8d07b8b4fd67730297e7709a57d2dd44552f67f3ee5b667,http://www.law.go.kr/LSW/flDownload.do?flSeq=168518049,OK,
B-1,법인세법,시행규칙,법인세법 시행규칙,007229,287787,20260701,00037,20260701,N,재정경제부,서식,62의2,원천징수세액 본점일괄납부신고서,law_archive/B_추가검토/1_법률/07_법인세법/3_시행규칙/서식/법인세법_시행규칙_20260701_서식62의2_원천징수세액본점일괄납부신고서.pdf,PDF,1,8be8e9d2532634e9c0b5e1980337e7ab4ea08ac221dd4da837a299f98fcc6581,http://www.law.go.kr/LSW/flDownload.do?flSeq=168518055,OK,
B-1,법인세법,시행규칙,법인세법 시행규칙,007229,287787,20260701,00037,20260701,N,재정경제부,서식,63,"감가상각방법신고서, 내용연수신고서, 내용연수변경승인신청서, 감가상각방법변경신청서, 내용연수승인신청서, 내용연수변경신고서","law_archive/B_추가검토/1_법률/07_법인세법/3_시행규칙/서식/법인세법_시행규칙_20260701_서식63_감가상각방법신고서,내용연수신고서,내용연수변경승인신청서,감가상각방법변경신청.pdf",PDF,1,bb9bee2037491450285bba4d536e48d37b1af41e8b90b61f048d104c046d1bd9,http://www.law.go.kr/LSW/flDownload.do?flSeq=168518061,OK,
B-1,법인세법,시행규칙,법인세법 시행규칙,007229,287787,20260701,00037,20260701,N,재정경제부,서식,63의2,공익법인등 추천서,law_archive/B_추가검토/1_법률/07_법인세법/3_시행규칙/서식/법인세법_시행규칙_20260701_서식63의2_공익법인등추천서.pdf,PDF,1,d95f34afe4264e9c99c069858b67c36d596b67c6bc7a3e74f4cf930d9373bac4,http://www.law.go.kr/LSW/flDownload.do?flSeq=168518067,OK,
B-1,법인세법,시행규칙,법인세법 시행규칙,007229,287787,20260701,00037,20260701,N,재정경제부,서식,63의3,기부금영수증,law_archive/B_추가검토/1_법률/07_법인세법/3_시행규칙/서식/법인세법_시행규칙_20260701_서식63의3_기부금영수증.pdf,PDF,2,0d79ad807740c4e537688286b74120933752cc373cb132f6757bb6cb053748e3,http://www.law.go.kr/LSW/flDownload.do?flSeq=168518073,OK,
B-1,법인세법,시행규칙,법인세법 시행규칙,007229,287787,20260701,00037,20260701,N,재정경제부,서식,63의4,"(화폐성외화자산등, 특별계정, 환매금지형집합투자기구 보유자산, 특별계정 평가방법 변경신고서) 평가방법 신고서",law_archive/B_추가검토/1_법률/07_법인세법/3_시행규칙/서식/법인세법_시행규칙_20260701_서식63의4_제목없음.pdf,PDF,1,4824315de5223572f13bf692806f25d320cea72476c6ecb62e549fe4e90c4f4b,http://www.law.go.kr/LSW/flDownload.do?flSeq=168518081,OK,
B-1,법인세법,시행규칙,법인세법 시행규칙,007229,287787,20260701,00037,20260701,N,재정경제부,서식,63의5,"공익법인등(추천, 명칭변경)신청서","law_archive/B_추가검토/1_법률/07_법인세법/3_시행규칙/서식/법인세법_시행규칙_20260701_서식63의5_공익법인등(추천,명칭변경)신청서.pdf",PDF,2,a551c9991cc7993a1a5b50026448bc4ecb86fe9eb43ced12d7dfa4a676373aa6,http://www.law.go.kr/LSW/flDownload.do?flSeq=168518087,OK,
B-1,법인세법,시행규칙,법인세법 시행규칙,007229,287787,20260701,00037,20260701,N,재정경제부,서식,63의6,공익법인등 의무이행준수 서약서,law_archive/B_추가검토/1_법률/07_법인세법/3_시행규칙/서식/법인세법_시행규칙_20260701_서식63의6_공익법인등의무이행준수서약서.pdf,PDF,1,7bbf5e9a1aa58243f041f6641c128a14293e05a50bec72306a7ff08f0320fc00,http://www.law.go.kr/LSW/flDownload.do?flSeq=168518095,OK,
B-1,법인세법,시행규칙,법인세법 시행규칙,007229,287787,20260701,00037,20260701,N,재정경제부,서식,63의7,연간 기부금 모금액 및 활용실적 명세서,law_archive/B_추가검토/1_법률/07_법인세법/3_시행규칙/서식/법인세법_시행규칙_20260701_서식63의7_연간기부금모금액및활용실적명세서.pdf,PDF,2,d9f5708ed84adc363bc41f5aea38d9bf439a5e235593de2bd299accfc4877163,http://www.law.go.kr/LSW/flDownload.do?flSeq=168518101,OK,
B-1,법인세법,시행규칙,법인세법 시행규칙,007229,287787,20260701,00037,20260701,N,재정경제부,서식,63의8,총 지출금액 계산서,law_archive/B_추가검토/1_법률/07_법인세법/3_시행규칙/서식/법인세법_시행규칙_20260701_서식63의8_총지출금액계산서.pdf,PDF,2,3586c0c35bca5cf8fdbe972facd1b26d8aeafcefc2a5e166d3175881725407de,http://www.law.go.kr/LSW/flDownload.do?flSeq=168518109,OK,
B-1,법인세법,시행규칙,법인세법 시행규칙,007229,287787,20260701,00037,20260701,N,재정경제부,서식,63의9,삭제 &lt;2018. 3. 21.&gt;,law_archive/B_추가검토/1_법률/07_법인세법/3_시행규칙/서식/법인세법_시행규칙_20260701_서식63의9_삭제.pdf,PDF,1,88cdff1cf7b5df6d85173e30e6444fa64edb303adc5c227840a2e25f53d4f554,http://www.law.go.kr/LSW/flDownload.do?flSeq=168518117,삭제별표,
B-1,법인세법,시행규칙,법인세법 시행규칙,007229,287787,20260701,00037,20260701,N,재정경제부,서식,63의10,삭제 &lt;2026. 3. 20.&gt;,law_archive/B_추가검토/1_법률/07_법인세법/3_시행규칙/서식/법인세법_시행규칙_20260701_서식63의10_삭제.pdf,PDF,1,a941becaf19e3740a97eac3fcfb5105c23cb744568a2fe7db825f0f77d241963,http://www.law.go.kr/LSW/flDownload.do?flSeq=168518123,삭제별표,
B-1,법인세법,시행규칙,법인세법 시행규칙,007229,287787,20260701,00037,20260701,N,재정경제부,서식,63의11,전문모금기관 요건 충족여부등 점검결과 통보서,law_archive/B_추가검토/1_법률/07_법인세법/3_시행규칙/서식/법인세법_시행규칙_20260701_서식63의11_전문모금기관요건충족여부등점검결과통보서.pdf,PDF,1,1773da0061f090ef658e421192584a30a3312428ad193a70119c81f8238d73c5,http://www.law.go.kr/LSW/flDownload.do?flSeq=168518129,OK,
B-1,법인세법,시행규칙,법인세법 시행규칙,007229,287787,20260701,00037,20260701,N,재정경제부,서식,63의12,해외 한국학교 요건 충족여부등 점검결과 통보서,law_archive/B_추가검토/1_법률/07_법인세법/3_시행규칙/서식/법인세법_시행규칙_20260701_서식63의12_해외한국학교요건충족여부등점검결과통보서.pdf,PDF,1,4aa235c3d91e3ebed85e20c8dcde50a9a9d13d6468b86244849cd84a2b188fa7,http://www.law.go.kr/LSW/flDownload.do?flSeq=168518135,OK,
B-1,법인세법,시행규칙,법인세법 시행규칙,007229,287787,20260701,00037,20260701,N,재정경제부,서식,63의13,"조정반 (지정, 변경지정) 신청서","law_archive/B_추가검토/1_법률/07_법인세법/3_시행규칙/서식/법인세법_시행규칙_20260701_서식63의13_조정반(지정,변경지정)신청서.pdf",PDF,2,c4353388889760371d5fa522a3988a3238ef54f9cd29ea056147fd6e387bc7a9,http://www.law.go.kr/LSW/flDownload.do?flSeq=168518141,OK,
B-1,법인세법,시행규칙,법인세법 시행규칙,007229,287787,20260701,00037,20260701,N,재정경제부,서식,63의14,"조정반 (지정서, 변경지정서)","law_archive/B_추가검토/1_법률/07_법인세법/3_시행규칙/서식/법인세법_시행규칙_20260701_서식63의14_조정반(지정서,변경지정서).pdf",PDF,1,2e6eff0020101aac6bd29f6d3e3d6197aca395866a9b76b89c9584622f612db7,http://www.law.go.kr/LSW/flDownload.do?flSeq=168518149,OK,
B-1,법인세법,시행규칙,법인세법 시행규칙,007229,287787,20260701,00037,20260701,N,재정경제부,서식,63의15,삭제 &lt;2022. 3. 18.&gt;,law_archive/B_추가검토/1_법률/07_법인세법/3_시행규칙/서식/법인세법_시행규칙_20260701_서식63의15_삭제.pdf,PDF,1,b03998d01c13dfc1be6aa6fd1e0fda0c07452ae8ce010dc3985049626bf53319,http://www.law.go.kr/LSW/flDownload.do?flSeq=168518155,삭제별표,
B-1,법인세법,시행규칙,법인세법 시행규칙,007229,287787,20260701,00037,20260701,N,재정경제부,서식,63의16,"성실신고확인서, 성실신고 확인결과 주요항목 명세서, 성실신고 확인결과 특이사항 기술서, 성실신고 확인결과 사업자 확인사항","law_archive/B_추가검토/1_법률/07_법인세법/3_시행규칙/서식/법인세법_시행규칙_20260701_서식63의16_성실신고확인서,성실신고확인결과주요항목명세서,성실신고확인결과특이사항기술서.pdf",PDF,9,d968f0d4cceb8528f98e63cceb6128568b629da53349685fb12a2ddfb44cf2ca,http://www.law.go.kr/LSW/flDownload.do?flSeq=168518161,OK,
B-1,법인세법,시행규칙,법인세법 시행규칙,007229,287787,20260701,00037,20260701,N,재정경제부,서식,64,"재고자산 등 평가방법신고(변경신고)서, 채권등의 보유기간계산방법신고서","law_archive/B_추가검토/1_법률/07_법인세법/3_시행규칙/서식/법인세법_시행규칙_20260701_서식64_재고자산등평가방법신고(변경신고)서,채권등의보유기간계산방법신고서.pdf",PDF,2,be2a5f88315bc19c135b64fd45454b461985315dd7223dcc3f93e93cba5ba7a3,http://www.law.go.kr/LSW/flDownload.do?flSeq=168518183,OK,
B-1,법인세법,시행규칙,법인세법 시행규칙,007229,287787,20260701,00037,20260701,N,재정경제부,서식,64의2,삭제 &lt;2021. 3. 16.&gt;,law_archive/B_추가검토/1_법률/07_법인세법/3_시행규칙/서식/법인세법_시행규칙_20260701_서식64의2_삭제.pdf,PDF,1,2f1f72974711fa4350d51922d4142dfd3e0da80dce426a2acbb4d099488a0b3a,http://www.law.go.kr/LSW/flDownload.do?flSeq=168518191,삭제별표,
B-1,법인세법,시행규칙,법인세법 시행규칙,007229,287787,20260701,00037,20260701,N,재정경제부,서식,64의3,삭제 &lt;2022. 3. 18.&gt;,law_archive/B_추가검토/1_법률/07_법인세법/3_시행규칙/서식/법인세법_시행규칙_20260701_서식64의3_삭제.pdf,PDF,1,39c0e05b4db9c2a385596d3ad403e0d3d67969f2d20d31010eb131d30804d651,https://www.law.go.kr/LSW/flDownload.do?flSeq=168518197,삭제별표,
B-1,법인세법,시행규칙,법인세법 시행규칙,007229,287787,20260701,00037,20260701,N,재정경제부,서식,64의4,삭제 &lt;2022. 3. 18.&gt;,law_archive/B_추가검토/1_법률/07_법인세법/3_시행규칙/서식/법인세법_시행규칙_20260701_서식64의4_삭제.pdf,PDF,1,5397db2ecd1b75a162133badde0043c1834a39c414739775699d44af93e59b0d,http://www.law.go.kr/LSW/flDownload.do?flSeq=168518203,삭제별표,
B-1,법인세법,시행규칙,법인세법 시행규칙,007229,287787,20260701,00037,20260701,N,재정경제부,서식,64의5,"(기능통화, 해외사업장) 과세표준계산방법 신고(변경신청)서","law_archive/B_추가검토/1_법률/07_법인세법/3_시행규칙/서식/법인세법_시행규칙_20260701_서식64의5_(기능통화,해외사업장)과세표준계산방법신고(변경신청)서.pdf",PDF,1,ed88449b53ed17807bd8f48db53284375b8c809dcf9fc2be8c253d410ede8c1b,https://www.law.go.kr/LSW/flDownload.do?flSeq=168518209,OK,
B-1,법인세법,시행규칙,법인세법 시행규칙,007229,287787,20260701,00037,20260701,N,재정경제부,서식,64의6,간접투자회사등의 외국납부세액 환급금 납부계산서,law_archive/B_추가검토/1_법률/07_법인세법/3_시행규칙/서식/법인세법_시행규칙_20260701_서식64의6_간접투자회사등의외국납부세액환급금납부계산서.pdf,PDF,2,8f9aabadc8dfb99ebc21c02700e04647d07b0227b69dc36b4f79a9d2e95bd028,http://www.law.go.kr/LSW/flDownload.do?flSeq=168518215,OK,
B-1,법인세법,시행규칙,법인세법 시행규칙,007229,287787,20260701,00037,20260701,N,재정경제부,서식,65,재해손실세액공제신청서,law_archive/B_추가검토/1_법률/07_법인세법/3_시행규칙/서식/법인세법_시행규칙_20260701_서식65_재해손실세액공제신청서.pdf,PDF,1,2cf02699d8ea4cad1c102571dbba17b56447d6786dc0387dd5c4e59a5e36706a,http://www.law.go.kr/LSW/flDownload.do?flSeq=168518223,OK,
B-1,법인세법,시행규칙,법인세법 시행규칙,007229,287787,20260701,00037,20260701,N,재정경제부,서식,65의2,신고기한 연장신청서,law_archive/B_추가검토/1_법률/07_법인세법/3_시행규칙/서식/법인세법_시행규칙_20260701_서식65의2_신고기한연장신청서.pdf,PDF,1,498ba9dc89d29971b00bc09e30fbfd82ea6bf594334dbe0f3579568a25e22fae,https://www.law.go.kr/LSW/flDownload.do?flSeq=168518229,OK,
B-1,법인세법,시행규칙,법인세법 시행규칙,007229,287787,20260701,00037,20260701,N,재정경제부,서식,66,삭제 &lt;2019. 3. 20.&gt;,law_archive/B_추가검토/1_법률/07_법인세법/3_시행규칙/서식/법인세법_시행규칙_20260701_서식66_삭제.pdf,PDF,1,5eb4e653bc7a3912dafc39fc4bba49fd18951cff338e436e349b414535a489ab,https://www.law.go.kr/LSW/flDownload.do?flSeq=168518235,삭제별표,
B-1,법인세법,시행규칙,법인세법 시행규칙,007229,287787,20260701,00037,20260701,N,재정경제부,서식,67,삭제 &lt;2019. 3. 20.&gt;,law_archive/B_추가검토/1_법률/07_법인세법/3_시행규칙/서식/법인세법_시행규칙_20260701_서식67_삭제.pdf,PDF,1,416043039ced54237d6effe9d70e84cb0b44088f55318bd57c732be0f9d0d82c,http://www.law.go.kr/LSW/flDownload.do?flSeq=168518241,삭제별표,
B-1,법인세법,시행규칙,법인세법 시행규칙,007229,287787,20260701,00037,20260701,N,재정경제부,서식,68,소급공제법인세액환급신청서,law_archive/B_추가검토/1_법률/07_법인세법/3_시행규칙/서식/법인세법_시행규칙_20260701_서식68_소급공제법인세액환급신청서.pdf,PDF,2,ffe10f6d8a080ec1b6272a8d0e9eb8f1b75bd9c71de1a0c8264738fed2458c07,http://www.law.go.kr/LSW/flDownload.do?flSeq=168518247,OK,
B-1,법인세법,시행규칙,법인세법 시행규칙,007229,287787,20260701,00037,20260701,N,재정경제부,서식,68의2,삭제 &lt;2005.2.28&gt;,law_archive/B_추가검토/1_법률/07_법인세법/3_시행규칙/서식/법인세법_시행규칙_20260701_서식68의2_삭제.pdf,PDF,1,a35a07a106862929f94b4b5c3ef94ad6e4d3c61ea21905ba22dbf1c74d71e12e,http://www.law.go.kr/LSW/flDownload.do?flSeq=168518255,삭제별표,
B-1,법인세법,시행규칙,법인세법 시행규칙,007229,287787,20260701,00037,20260701,N,재정경제부,서식,68의3,신탁재산에 대한 원천징수세액확인서,law_archive/B_추가검토/1_법률/07_법인세법/3_시행규칙/서식/법인세법_시행규칙_20260701_서식68의3_신탁재산에대한원천징수세액확인서.pdf,PDF,2,5762bd262e036798f542daba8744e4da279dca06591d491633e27fbf1945efc9,http://www.law.go.kr/LSW/flDownload.do?flSeq=168518261,OK,
B-1,법인세법,시행규칙,법인세법 시행규칙,007229,287787,20260701,00037,20260701,N,재정경제부,서식,68의4,환매조건부채권매매거래 확인서,law_archive/B_추가검토/1_법률/07_법인세법/3_시행규칙/서식/법인세법_시행규칙_20260701_서식68의4_환매조건부채권매매거래확인서.pdf,PDF,1,86c7754b4bf3222fc0bdfe5dc4c634195e6b793754600015a8c716a3a52cb5c6,https://www.law.go.kr/LSW/flDownload.do?flSeq=168518269,OK,
B-1,법인세법,시행규칙,법인세법 시행규칙,007229,287787,20260701,00037,20260701,N,재정경제부,서식,68의5,대차거래채권 확인서,law_archive/B_추가검토/1_법률/07_법인세법/3_시행규칙/서식/법인세법_시행규칙_20260701_서식68의5_대차거래채권확인서.pdf,PDF,1,97dcf4551f88dd4cf7c48bbdeb3e0352ba9f62888129c2c8bc91cafebe9894ec,https://www.law.go.kr/LSW/flDownload.do?flSeq=168518275,OK,
B-1,법인세법,시행규칙,법인세법 시행규칙,007229,287787,20260701,00037,20260701,N,재정경제부,서식,68의6,대차거래채권매매거래 원천세액환급신청서,law_archive/B_추가검토/1_법률/07_법인세법/3_시행규칙/서식/법인세법_시행규칙_20260701_서식68의6_대차거래채권매매거래원천세액환급신청서.pdf,PDF,2,e2b066fea5998afd51feb3363cfa37b9ddcbc5abd48cdbe2f6bd68e1ce10f341,http://www.law.go.kr/LSW/flDownload.do?flSeq=168518281,OK,
B-1,법인세법,시행규칙,법인세법 시행규칙,007229,287787,20260701,00037,20260701,N,재정경제부,서식,69,삭제 &lt;2009.3.30&gt;,law_archive/B_추가검토/1_법률/07_법인세법/3_시행규칙/서식/법인세법_시행규칙_20260701_서식69_삭제.pdf,PDF,1,161e1f15be0a696ad1dc1a5d6adc752b9cc724deccdecd0193a20466fecea3c1,http://www.law.go.kr/LSW/flDownload.do?flSeq=168518289,삭제별표,
B-1,법인세법,시행규칙,법인세법 시행규칙,007229,287787,20260701,00037,20260701,N,재정경제부,서식,70,자산교환명세서,law_archive/B_추가검토/1_법률/07_법인세법/3_시행규칙/서식/법인세법_시행규칙_20260701_서식70_자산교환명세서.pdf,PDF,1,c854e21a23a871f89b481847f890bde672e4bbf3c3ae985fb15e61d9c918eb10,http://www.law.go.kr/LSW/flDownload.do?flSeq=168518295,OK,
B-1,법인세법,시행규칙,법인세법 시행규칙,007229,287787,20260701,00037,20260701,N,재정경제부,서식,71,삭제 &lt;2002.3.30&gt;,law_archive/B_추가검토/1_법률/07_법인세법/3_시행규칙/서식/법인세법_시행규칙_20260701_서식71_삭제.pdf,PDF,1,d68880e88b25701e7ec5d35f17bc06647fa10ccd65f78ae3727ff292ebc357ac,http://www.law.go.kr/LSW/flDownload.do?flSeq=168518301,삭제별표,
B-1,법인세법,시행규칙,법인세법 시행규칙,007229,287787,20260701,00037,20260701,N,재정경제부,서식,71의2,"소득공제신청서, 실질귀속자별 명세","law_archive/B_추가검토/1_법률/07_법인세법/3_시행규칙/서식/법인세법_시행규칙_20260701_서식71의2_소득공제신청서,실질귀속자별명세.pdf",PDF,4,c0afff46037e1dcd0313a2805b0e6d10a13b2b7b913afcf882dc40f754408afa,https://www.law.go.kr/LSW/flDownload.do?flSeq=168518307,OK,
B-1,법인세법,시행규칙,법인세법 시행규칙,007229,287787,20260701,00037,20260701,N,재정경제부,서식,71의3,환매조건부채권매매거래 원천세액환급신청서,law_archive/B_추가검토/1_법률/07_법인세법/3_시행규칙/서식/법인세법_시행규칙_20260701_서식71의3_환매조건부채권매매거래원천세액환급신청서.pdf,PDF,2,07a4b7912edeae83eb87d4d3f5befc5c095ae429e71c9acda04dd728367e1bfe,https://www.law.go.kr/LSW/flDownload.do?flSeq=168518319,OK,
B-1,법인세법,시행규칙,법인세법 시행규칙,007229,287787,20260701,00037,20260701,N,재정경제부,서식,71의4,국외특수관계인간 주식양도가액검토서,law_archive/B_추가검토/1_법률/07_법인세법/3_시행규칙/서식/법인세법_시행규칙_20260701_서식71의4_국외특수관계인간주식양도가액검토서.pdf,PDF,2,b762f535d1b9c3ffa03c35c6a7e6653e1991a7ff22d148a9d2731136c65ab018,http://www.law.go.kr/LSW/flDownload.do?flSeq=168518327,OK,
B-1,법인세법,시행규칙,법인세법 시행규칙,007229,287787,20260701,00037,20260701,N,재정경제부,서식,71의5,외국법인 연락사무소 현황 명세서,law_archive/B_추가검토/1_법률/07_법인세법/3_시행규칙/서식/법인세법_시행규칙_20260701_서식71의5_외국법인연락사무소현황명세서.pdf,PDF,2,1c45ae898a6e304d2736996982c0710773592077b311f50444fb1a22c6a53ef0,http://www.law.go.kr/LSW/flDownload.do?flSeq=168518335,OK,
B-1,법인세법,시행규칙,법인세법 시행규칙,007229,287787,20260701,00037,20260701,N,재정경제부,서식,71의6,외국법인유가증권양도소득정산신고서,law_archive/B_추가검토/1_법률/07_법인세법/3_시행규칙/서식/법인세법_시행규칙_20260701_서식71의6_외국법인유가증권양도소득정산신고서.pdf,PDF,2,49bb4b666330f83392a49ed3cf31e6c39e11d3d4baa7ac8ef3789f35dd1d5b1b,http://www.law.go.kr/LSW/flDownload.do?flSeq=168518343,OK,
B-1,법인세법,시행규칙,법인세법 시행규칙,007229,287787,20260701,00037,20260701,N,재정경제부,서식,71의7,외국법인 유가증권양도소득 신고서,law_archive/B_추가검토/1_법률/07_법인세법/3_시행규칙/서식/법인세법_시행규칙_20260701_서식71의7_외국법인유가증권양도소득신고서.pdf,PDF,1,5152c0fddf846f3adcd37190c3ac560e63d1d59569cb959194eda9fa009f3560,http://www.law.go.kr/LSW/flDownload.do?flSeq=168518351,OK,
B-1,법인세법,시행규칙,법인세법 시행규칙,007229,287787,20260701,00037,20260701,N,재정경제부,서식,71의8,동업기업 과세특례적용 및 동업자 과세여부 확인서,law_archive/B_추가검토/1_법률/07_법인세법/3_시행규칙/서식/법인세법_시행규칙_20260701_서식71의8_동업기업과세특례적용및동업자과세여부확인서.pdf,PDF,2,9d90bded97cfdba209ccb607ef123ec0506cc69445705ccbf69033885f7471f0,http://www.law.go.kr/LSW/flDownload.do?flSeq=168518357,OK,
B-1,법인세법,시행규칙,법인세법 시행규칙,007229,287787,20260701,00037,20260701,N,재정경제부,서식,72,외국법인증여소득신고서,law_archive/B_추가검토/1_법률/07_법인세법/3_시행규칙/서식/법인세법_시행규칙_20260701_서식72_외국법인증여소득신고서.pdf,PDF,2,5d42f44a906dcdf444b2ce140bc5ba9435ce791ceeb2a0e9d8337b435aed79bb,http://www.law.go.kr/LSW/flDownload.do?flSeq=168518365,OK,
B-1,법인세법,시행규칙,법인세법 시행규칙,007229,287787,20260701,00037,20260701,N,재정경제부,서식,72의2,국내원천소득 제한세율 적용신청서(외국법인용),law_archive/B_추가검토/1_법률/07_법인세법/3_시행규칙/서식/법인세법_시행규칙_20260701_서식72의2_국내원천소득제한세율적용신청서(외국법인용).pdf,PDF,2,04c9d5904c4ad29c8e86c220e6f74fd5d05cea8c55a0ec80e37ff8ee4f56a150,http://www.law.go.kr/LSW/flDownload.do?flSeq=168518373,OK,
B-1,법인세법,시행규칙,법인세법 시행규칙,007229,287787,20260701,00037,20260701,N,재정경제부,서식,72의3,제한세율 적용을 위한 경정청구서,law_archive/B_추가검토/1_법률/07_법인세법/3_시행규칙/서식/법인세법_시행규칙_20260701_서식72의3_제한세율적용을위한경정청구서.pdf,PDF,1,8d0c5c9b1447c538ebd5c7a619c472224eeaeee1948addec373ec8b51bd8924e,http://www.law.go.kr/LSW/flDownload.do?flSeq=168518381,OK,
B-1,법인세법,시행규칙,법인세법 시행규칙,007229,287787,20260701,00037,20260701,N,재정경제부,서식,72의4,조세조약상 비과세ㆍ면제 적용을 위한 경정청구서,law_archive/B_추가검토/1_법률/07_법인세법/3_시행규칙/서식/법인세법_시행규칙_20260701_서식72의4_조세조약상비과세ㆍ면제적용을위한경정청구서.pdf,PDF,1,c0b8fa4d0598a4b28efd4da17488e274f0c2b90681a486497cc47a31d14f8d5f,http://www.law.go.kr/LSW/flDownload.do?flSeq=168518387,OK,
B-1,법인세법,시행규칙,법인세법 시행규칙,007229,287787,20260701,00037,20260701,N,재정경제부,서식,72의5,실질귀속자 특례 국외투자기구 신고서,law_archive/B_추가검토/1_법률/07_법인세법/3_시행규칙/서식/법인세법_시행규칙_20260701_서식72의5_실질귀속자특례국외투자기구신고서.pdf,PDF,2,5acc20897da48a0d0635002807ebf1b4a5a17abb216a7ac7bcf01d3932a2e594,http://www.law.go.kr/LSW/flDownload.do?flSeq=168518393,OK,
B-1,법인세법,시행규칙,법인세법 시행규칙,007229,287787,20260701,00037,20260701,N,재정경제부,서식,72의6,"국채 및 통화안정증권(이자소득, 양도소득)에 대한 비과세 신청서(외국법인용)","law_archive/B_추가검토/1_법률/07_법인세법/3_시행규칙/서식/법인세법_시행규칙_20260701_서식72의6_국채및통화안정증권(이자소득,양도소득)에대한비과세신청서(외국법인용).pdf",PDF,4,ee9621ebf0f351fe54233357e23880b0ff0502f9c5f7051c5d4691b63f61c801,http://www.law.go.kr/LSW/flDownload.do?flSeq=168518401,OK,
B-1,법인세법,시행규칙,법인세법 시행규칙,007229,287787,20260701,00037,20260701,N,재정경제부,서식,72의7,삭제 &lt;2025. 3. 21.&gt;,law_archive/B_추가검토/1_법률/07_법인세법/3_시행규칙/서식/법인세법_시행규칙_20260701_서식72의7_삭제.pdf,PDF,1,917e383883e968e495d354f60300da33bbc2123b12b92c826eac0c2b27a71e7c,http://www.law.go.kr/LSW/flDownload.do?flSeq=168518413,삭제별표,
B-1,법인세법,시행규칙,법인세법 시행규칙,007229,287787,20260701,00037,20260701,N,재정경제부,서식,72의8,"국채등 (이자소득, 양도소득)에 대한 비과세 적용을 위한 경정청구서(외국법인용)","law_archive/B_추가검토/1_법률/07_법인세법/3_시행규칙/서식/법인세법_시행규칙_20260701_서식72의8_국채등(이자소득,양도소득)에대한비과세적용을위한경정청구서(외국법인용).pdf",PDF,1,1b5a8c559f48537c3b779d3a237369076a8873f74e916c62eac50fcf95a8e5c0,http://www.law.go.kr/LSW/flDownload.do?flSeq=168518419,OK,
B-1,법인세법,시행규칙,법인세법 시행규칙,007229,287787,20260701,00037,20260701,N,재정경제부,서식,73,"법인설립신고 및 사업자등록신청서, 국내사업장설치신고서(외국법인)","law_archive/B_추가검토/1_법률/07_법인세법/3_시행규칙/서식/법인세법_시행규칙_20260701_서식73_법인설립신고및사업자등록신청서,국내사업장설치신고서(외국법인).pdf",PDF,2,ab4af0d6a54f2b97ea5811d2b247d7a1acbb1249982ba478362ec0e8d803c3ec,http://www.law.go.kr/LSW/flDownload.do?flSeq=168518425,OK,
B-1,법인세법,시행규칙,법인세법 시행규칙,007229,287787,20260701,00037,20260701,N,재정경제부,서식,73의2,법인과세 신탁재산의 수탁자 변경신고서,law_archive/B_추가검토/1_법률/07_법인세법/3_시행규칙/서식/법인세법_시행규칙_20260701_서식73의2_법인과세신탁재산의수탁자변경신고서.pdf,PDF,1,4ffaac64107a51f3a6276f8c3b6b533e675aa213226cc3d83d79863d669f0857,http://www.law.go.kr/LSW/flDownload.do?flSeq=168518433,OK,
B-1,법인세법,시행규칙,법인세법 시행규칙,007229,287787,20260701,00037,20260701,N,재정경제부,서식,74,주주등의 명세서,law_archive/B_추가검토/1_법률/07_법인세법/3_시행규칙/서식/법인세법_시행규칙_20260701_서식74_주주등의명세서.pdf,PDF,1,7c7b2b2c68b6c2ecb32e7b44e8cfbdc51e77e551a29ac4f7421d42c98b0ebb69,http://www.law.go.kr/LSW/flDownload.do?flSeq=168518439,OK,
B-1,법인세법,시행규칙,법인세법 시행규칙,007229,287787,20260701,00037,20260701,N,재정경제부,서식,75,법인명ㆍ소재지 및 대표자변경신고서,law_archive/B_추가검토/1_법률/07_법인세법/3_시행규칙/서식/법인세법_시행규칙_20260701_서식75_법인명ㆍ소재지및대표자변경신고서.pdf,PDF,1,5478fa8e8d912f2d500d321c5ab80796d038f5f46f101b92cae54f0dc7a81770,http://www.law.go.kr/LSW/flDownload.do?flSeq=168518445,OK,
B-1,법인세법,시행규칙,법인세법 시행규칙,007229,287787,20260701,00037,20260701,N,재정경제부,서식,75의2,기부자별 발급명세서,law_archive/B_추가검토/1_법률/07_법인세법/3_시행규칙/서식/법인세법_시행규칙_20260701_서식75의2_기부자별발급명세서.pdf,PDF,1,ae474fe660daae19c89e6e7658f3b9258d54b97c9ef64045f054010ff2528ac4,http://www.law.go.kr/LSW/flDownload.do?flSeq=168518451,OK,
B-1,법인세법,시행규칙,법인세법 시행규칙,007229,287787,20260701,00037,20260701,N,재정경제부,서식,75의3,기부금영수증 발급합계표,law_archive/B_추가검토/1_법률/07_법인세법/3_시행규칙/서식/법인세법_시행규칙_20260701_서식75의3_기부금영수증발급합계표.pdf,PDF,1,1dd74e4e63620de2d29371a661be480fc423868db355219fefd2958175855f72,http://www.law.go.kr/LSW/flDownload.do?flSeq=168518457,OK,
B-1,법인세법,시행규칙,법인세법 시행규칙,007229,287787,20260701,00037,20260701,N,재정경제부,서식,75의4,비영리법인의 수익사업 개시신고서(사업자등록증 발급 신청서),law_archive/B_추가검토/1_법률/07_법인세법/3_시행규칙/서식/법인세법_시행규칙_20260701_서식75의4_비영리법인의수익사업개시신고서(사업자등록증발급신청서).pdf,PDF,1,7eca1379d9e811f9dae593f3393cc248347cd32b801f071e19340f97be438cff,http://www.law.go.kr/LSW/flDownload.do?flSeq=168518463,OK,
B-1,법인세법,시행규칙,법인세법 시행규칙,007229,287787,20260701,00037,20260701,N,재정경제부,서식,76,조사원증,law_archive/B_추가검토/1_법률/07_법인세법/3_시행규칙/서식/법인세법_시행규칙_20260701_서식76_조사원증.pdf,PDF,1,e7d110a3b657c3c7323d766dba87c18e1bdeb83c4ba99abd0190f27552a08acf,http://www.law.go.kr/LSW/flDownload.do?flSeq=168518469,OK,
B-1,법인세법,시행규칙,법인세법 시행규칙,007229,287787,20260701,00037,20260701,N,재정경제부,서식,76의2,"연결납세방식적용신청서, 연결모법인의 주요주주 상황, 연결자법인의 주주상황 등","law_archive/B_추가검토/1_법률/07_법인세법/3_시행규칙/서식/법인세법_시행규칙_20260701_서식76의2_연결납세방식적용신청서,연결모법인의주요주주상황,연결자법인의주주상황등.pdf",PDF,4,9e44efe0e3a691cb980e10c404965d8a964eb82a5e16ca026e838c0a439bebc6,http://www.law.go.kr/LSW/flDownload.do?flSeq=168518475,OK,
B-1,법인세법,시행규칙,법인세법 시행규칙,007229,287787,20260701,00037,20260701,N,재정경제부,서식,76의3,연결납세방식포기신고서,law_archive/B_추가검토/1_법률/07_법인세법/3_시행규칙/서식/법인세법_시행규칙_20260701_서식76의3_연결납세방식포기신고서.pdf,PDF,2,c89a8b227ddd3d4d4f83c4251dedf411e1b42a8565d0d514e03030842bb788fa,https://www.law.go.kr/LSW/flDownload.do?flSeq=168518487,OK,
B-1,법인세법,시행규칙,법인세법 시행규칙,007229,287787,20260701,00037,20260701,N,재정경제부,서식,76의4,연결법인변경신고서,law_archive/B_추가검토/1_법률/07_법인세법/3_시행규칙/서식/법인세법_시행규칙_20260701_서식76의4_연결법인변경신고서.pdf,PDF,2,47032c852a3767ab2be76f2edc3f9ee6272c3f7c66890296fe095793b55da043,http://www.law.go.kr/LSW/flDownload.do?flSeq=168518495,OK,
B-1,법인세법,시행규칙,법인세법 시행규칙,007229,287787,20260701,00037,20260701,N,재정경제부,서식,76의5,각 연결사업연도의 소득에 대한 법인세 과세표준 및 세액신고서,law_archive/B_추가검토/1_법률/07_법인세법/3_시행규칙/서식/법인세법_시행규칙_20260701_서식76의5_각연결사업연도의소득에대한법인세과세표준및세액신고서.pdf,PDF,2,21251b742cce090c120dc45d4821e66e0b2a76057c7344438013b22fbc0e1b06,https://www.law.go.kr/LSW/flDownload.do?flSeq=168518503,OK,
B-1,법인세법,시행규칙,법인세법 시행규칙,007229,287787,20260701,00037,20260701,N,재정경제부,서식,76의6,연결집단 법인세 과세표준 및 세액조정계산서,law_archive/B_추가검토/1_법률/07_법인세법/3_시행규칙/서식/법인세법_시행규칙_20260701_서식76의6_연결집단법인세과세표준및세액조정계산서.pdf,PDF,2,0355787f787c348e634134b6561205299196f755884aaf5d81ce95106c62bead,http://www.law.go.kr/LSW/flDownload.do?flSeq=168518511,OK,
B-1,법인세법,시행규칙,법인세법 시행규칙,007229,287787,20260701,00037,20260701,N,재정경제부,서식,76의7,연결소득금액 조정명세서,law_archive/B_추가검토/1_법률/07_법인세법/3_시행규칙/서식/법인세법_시행규칙_20260701_서식76의7_연결소득금액조정명세서.pdf,PDF,2,0722d8ae7719a5014168d35d1d836dba66e7c2ffe80400502680c59a9975acf3,http://www.law.go.kr/LSW/flDownload.do?flSeq=168518519,OK,
B-1,법인세법,시행규칙,법인세법 시행규칙,007229,287787,20260701,00037,20260701,N,재정경제부,서식,76의8,연결법인간 이연대상 자산양도소득 조정명세서,law_archive/B_추가검토/1_법률/07_법인세법/3_시행규칙/서식/법인세법_시행규칙_20260701_서식76의8_연결법인간이연대상자산양도소득조정명세서.pdf,PDF,2,a5e8225f547930808bc3aa06ed32c0617d5a8571ba944794e0a6133a201043e3,http://www.law.go.kr/LSW/flDownload.do?flSeq=168518527,OK,
B-1,법인세법,시행규칙,법인세법 시행규칙,007229,287787,20260701,00037,20260701,N,재정경제부,서식,76의9,연결법인간 이연대상 자산양도손실 조정명세서,law_archive/B_추가검토/1_법률/07_법인세법/3_시행규칙/서식/법인세법_시행규칙_20260701_서식76의9_연결법인간이연대상자산양도손실조정명세서.pdf,PDF,2,1b1be4a34ae6ae50daee4401b04524dd0bb05bf6596f7276c0a04cea5e32e366,http://www.law.go.kr/LSW/flDownload.do?flSeq=168518535,OK,
B-1,법인세법,시행규칙,법인세법 시행규칙,007229,287787,20260701,00037,20260701,N,재정경제부,서식,76의10,연결법인 채권에 대한 대손충당금상당액 조정명세서,law_archive/B_추가검토/1_법률/07_법인세법/3_시행규칙/서식/법인세법_시행규칙_20260701_서식76의10_연결법인채권에대한대손충당금상당액조정명세서.pdf,PDF,2,5a735ff65d4d6aace3727ad11ffff9cdcadc8e62f111fe2657b489ff4101aa81,http://www.law.go.kr/LSW/flDownload.do?flSeq=168518543,OK,
B-1,법인세법,시행규칙,법인세법 시행규칙,007229,287787,20260701,00037,20260701,N,재정경제부,서식,76의11,피합병법인으로부터 양도받은 자산 및 연결취득자법인의 자산 처분손실 조정명세서,law_archive/B_추가검토/1_법률/07_법인세법/3_시행규칙/서식/법인세법_시행규칙_20260701_서식76의11_피합병법인으로부터양도받은자산및연결취득자법인의자산처분손실조정명세서.pdf,PDF,2,91893705169c81e8ac27b7948891032d0c263b301f77de797db1bd8b8447786d,http://www.law.go.kr/LSW/flDownload.do?flSeq=168518551,OK,
B-1,법인세법,시행규칙,법인세법 시행규칙,007229,287787,20260701,00037,20260701,N,재정경제부,서식,76의12,연결법인 이월결손금 등 명세서,law_archive/B_추가검토/1_법률/07_법인세법/3_시행규칙/서식/법인세법_시행규칙_20260701_서식76의12_연결법인이월결손금등명세서.pdf,PDF,5,5e4abe20f13c5e9299da9f62bcf5ce03b8b8384afc1686266970cab2b0195a85,http://www.law.go.kr/LSW/flDownload.do?flSeq=168518559,OK,
B-1,법인세법,시행규칙,법인세법 시행규칙,007229,287787,20260701,00037,20260701,N,재정경제부,서식,76의13,연결법인간 출자현황 신고서 및 연결법인간 거래명세서,law_archive/B_추가검토/1_법률/07_법인세법/3_시행규칙/서식/법인세법_시행규칙_20260701_서식76의13_연결법인간출자현황신고서및연결법인간거래명세서.pdf,PDF,3,70055a308d0d0b2f1f90d3bbefb313cdd354572491b8f9945ada39cfa32cc260,http://www.law.go.kr/LSW/flDownload.do?flSeq=168518573,OK,
B-1,법인세법,시행규칙,법인세법 시행규칙,007229,287787,20260701,00037,20260701,N,재정경제부,서식,76의14,"연결법인 수입배당금액 조정명세서(갑), 연결법인 수입배당금액 조정명세서(을)","law_archive/B_추가검토/1_법률/07_법인세법/3_시행규칙/서식/법인세법_시행규칙_20260701_서식76의14_연결법인수입배당금액조정명세서(갑),연결법인수입배당금액조정명세서(을).pdf",PDF,4,d30f6c6ae88906ec2f9b800778074029e1d6b05723234d824d1510fe6d546d12,http://www.law.go.kr/LSW/flDownload.do?flSeq=168518583,OK,
B-1,법인세법,시행규칙,법인세법 시행규칙,007229,287787,20260701,00037,20260701,N,재정경제부,서식,76의15,"연결법인 기업업무추진비 조정명세서(갑, 을)","law_archive/B_추가검토/1_법률/07_법인세법/3_시행규칙/서식/법인세법_시행규칙_20260701_서식76의15_연결법인기업업무추진비조정명세서(갑,을).pdf",PDF,4,3629fe036f6d069594cc88226e945d38790f13a7363965d7d2be70a80334f684,http://www.law.go.kr/LSW/flDownload.do?flSeq=168518595,OK,
B-1,법인세법,시행규칙,법인세법 시행규칙,007229,287787,20260701,00037,20260701,N,재정경제부,서식,76의16,"연결법인 기부금 조정명세서(갑, 을)","law_archive/B_추가검토/1_법률/07_법인세법/3_시행규칙/서식/법인세법_시행규칙_20260701_서식76의16_연결법인기부금조정명세서(갑,을).pdf",PDF,5,2c0aa8a895b5c44510369d1f4a7aca0de40b6b1a0e6cf051c53dd212a925145a,http://www.law.go.kr/LSW/flDownload.do?flSeq=168518607,OK,
B-1,법인세법,시행규칙,법인세법 시행규칙,007229,287787,20260701,00037,20260701,N,재정경제부,서식,76의17,"연결법인 가산세액 계산서(갑, 을)","law_archive/B_추가검토/1_법률/07_법인세법/3_시행규칙/서식/법인세법_시행규칙_20260701_서식76의17_연결법인가산세액계산서(갑,을).pdf",PDF,5,25e7cb7443836d82771eb93f001f0b6e6f88f9b96585549cf73be5d66a3fe2d9,http://www.law.go.kr/LSW/flDownload.do?flSeq=168518621,OK,
B-1,법인세법,시행규칙,법인세법 시행규칙,007229,287787,20260701,00037,20260701,N,재정경제부,서식,76의18,연결법인 중소기업 등 기준검토표(연결집단용),law_archive/B_추가검토/1_법률/07_법인세법/3_시행규칙/서식/법인세법_시행규칙_20260701_서식76의18_연결법인중소기업등기준검토표(연결집단용).pdf,PDF,4,14b2cab3474c4a888ec531c7aa9abe0fdd5721ce9803e7a5f63bfdd53284825c,http://www.law.go.kr/LSW/flDownload.do?flSeq=168518635,OK,
B-1,법인세법,시행규칙,법인세법 시행규칙,007229,287787,20260701,00037,20260701,N,재정경제부,서식,76의19,연결법인 농어촌특별세 과세표준 및 세액신고서,law_archive/B_추가검토/1_법률/07_법인세법/3_시행규칙/서식/법인세법_시행규칙_20260701_서식76의19_연결법인농어촌특별세과세표준및세액신고서.pdf,PDF,2,f599fdd2c57c573c2f87d37016a0c161dde06a1c7cf9c07d79efc22646b17d31,http://www.law.go.kr/LSW/flDownload.do?flSeq=168518647,OK,
B-1,법인세법,시행규칙,법인세법 시행규칙,007229,287787,20260701,00037,20260701,N,재정경제부,서식,76의20,연결법인 농어촌특별세 과세표준 및 세액조정계산서(연결집단),law_archive/B_추가검토/1_법률/07_법인세법/3_시행규칙/서식/법인세법_시행규칙_20260701_서식76의20_연결법인농어촌특별세과세표준및세액조정계산서(연결집단).pdf,PDF,3,17b7a5f895b3f460c4921fbe7448e2714bcc41b420b14bed3b95893959e768e5,http://www.law.go.kr/LSW/flDownload.do?flSeq=168518655,OK,
B-1,법인세법,시행규칙,법인세법 시행규칙,007229,287787,20260701,00037,20260701,N,재정경제부,서식,76의21,연결법인 농어촌특별세 과세표준 및 세액조정계산서(연결법인별),law_archive/B_추가검토/1_법률/07_법인세법/3_시행규칙/서식/법인세법_시행규칙_20260701_서식76의21_연결법인농어촌특별세과세표준및세액조정계산서(연결법인별).pdf,PDF,4,cc3261315c5c4d5b8c2258f773642865cb80b3296620c5b6a51c088ffaff9a49,http://www.law.go.kr/LSW/flDownload.do?flSeq=168518665,OK,
B-1,법인세법,시행규칙,법인세법 시행규칙,007229,287787,20260701,00037,20260701,N,재정경제부,서식,76의22,연결(모ㆍ자)법인별 기본사항 및 법인세 신고서,law_archive/B_추가검토/1_법률/07_법인세법/3_시행규칙/서식/법인세법_시행규칙_20260701_서식76의22_연결(모ㆍ자)법인별기본사항및법인세신고서.pdf,PDF,2,417a2af1dd392dfdab132db6ca4385f5e4119502569391969d12a3c6622f5f7b,http://www.law.go.kr/LSW/flDownload.do?flSeq=168518677,OK,
B-1,법인세법,시행규칙,법인세법 시행규칙,007229,287787,20260701,00037,20260701,N,재정경제부,서식,76의23,연결법인별 법인세 과세표준 및 세액조정계산서,law_archive/B_추가검토/1_법률/07_법인세법/3_시행규칙/서식/법인세법_시행규칙_20260701_서식76의23_연결법인별법인세과세표준및세액조정계산서.pdf,PDF,2,aad8f9b6c87ca765c726cc2193cf4ff30cd70751b30b386eec2dc9b0aa51340c,http://www.law.go.kr/LSW/flDownload.do?flSeq=168518685,OK,
B-1,법인세법,시행규칙,법인세법 시행규칙,007229,287787,20260701,00037,20260701,N,재정경제부,서식,76의24,"(연결법인, 연결집단)최저한세 조정계산서","law_archive/B_추가검토/1_법률/07_법인세법/3_시행규칙/서식/법인세법_시행규칙_20260701_서식76의24_(연결법인,연결집단)최저한세조정계산서.pdf",PDF,2,7324f8eeaae71a8b513c17022ad451030a654b7b70e3e26d873e387d9b779839,http://www.law.go.kr/LSW/flDownload.do?flSeq=168518693,OK,
B-1,법인세법,시행규칙,법인세법 시행규칙,007229,287787,20260701,00037,20260701,N,재정경제부,서식,76의25,연결법인 소득구분계산서,law_archive/B_추가검토/1_법률/07_법인세법/3_시행규칙/서식/법인세법_시행규칙_20260701_서식76의25_연결법인소득구분계산서.pdf,PDF,2,f476218582b09bb12c0e89b56d72e35033058b13aed1cf72728278b30ed3d4bf,http://www.law.go.kr/LSW/flDownload.do?flSeq=168518701,OK,
B-1,법인세법,시행규칙,법인세법 시행규칙,007229,287787,20260701,00037,20260701,N,재정경제부,서식,76의26,연결법인 법인세 중간예납 신고납부계산서,law_archive/B_추가검토/1_법률/07_법인세법/3_시행규칙/서식/법인세법_시행규칙_20260701_서식76의26_연결법인법인세중간예납신고납부계산서.pdf,PDF,2,5ff3398d08c5e61a35f708538c049267192b772a60463c01c502e33283c0c3a2,http://www.law.go.kr/LSW/flDownload.do?flSeq=168518709,OK,
B-1,법인세법,시행규칙,법인세법 시행규칙,007229,287787,20260701,00037,20260701,N,재정경제부,서식,77,"지출증명서류 합계표(일반법인, 금융ㆍ보험ㆍ증권업 법인)","law_archive/B_추가검토/1_법률/07_법인세법/3_시행규칙/서식/법인세법_시행규칙_20260701_서식77_지출증명서류합계표(일반법인,금융ㆍ보험ㆍ증권업법인).pdf",PDF,2,4c01ec6d3506a62f11562213a37a20dbedde1ce2b8d46baf017c05aee09361ba,http://www.law.go.kr/LSW/flDownload.do?flSeq=168518717,OK,
B-1,법인세법,시행규칙,법인세법 시행규칙,007229,287787,20260701,00037,20260701,N,재정경제부,서식,78,삭제 &lt;2010.3.31&gt;,law_archive/B_추가검토/1_법률/07_법인세법/3_시행규칙/서식/법인세법_시행규칙_20260701_서식78_삭제.pdf,PDF,1,b62cecf7a9bb20a71db28ad5f70c4dbe419a5b2876bf20efb250dafd67970750,http://www.law.go.kr/LSW/flDownload.do?flSeq=168518725,삭제별표,
B-1,법인세법,시행규칙,법인세법 시행규칙,007229,287787,20260701,00037,20260701,N,재정경제부,서식,79,보정요구서,law_archive/B_추가검토/1_법률/07_법인세법/3_시행규칙/서식/법인세법_시행규칙_20260701_서식79_보정요구서.pdf,PDF,1,613630c08a2e980f0ad34ed4f23723390e6475288be04167cb297fc98ec662dc,http://www.law.go.kr/LSW/flDownload.do?flSeq=168518731,OK,
B-1,법인세법,시행규칙,법인세법 시행규칙,007229,287787,20260701,00037,20260701,N,재정경제부,서식,80,국내사업장이 없는 외국법인의 인적용역소득 신고서,law_archive/B_추가검토/1_법률/07_법인세법/3_시행규칙/서식/법인세법_시행규칙_20260701_서식80_국내사업장이없는외국법인의인적용역소득신고서.pdf,PDF,2,3ccc73eb11ad02a4637cee065e812588a86bd54dadece7874460c77a57e67836,http://www.law.go.kr/LSW/flDownload.do?flSeq=168518737,OK,
B-1,법인세법,시행규칙,법인세법 시행규칙,007229,287787,20260701,00037,20260701,N,재정경제부,서식,81,가상자산거래명세서(가상자산사업자 제출용-분기별),law_archive/B_추가검토/1_법률/07_법인세법/3_시행규칙/서식/법인세법_시행규칙_20260701_서식81_가상자산거래명세서(가상자산사업자제출용-분기별).pdf,PDF,2,6d82c64e43b9f8e74aeeef3489d2d0db50929b33a2af2bbe419e75cdf72ebc8e,http://www.law.go.kr/LSW/flDownload.do?flSeq=168518745,OK,
B-1,법인세법,시행규칙,법인세법 시행규칙,007229,287787,20260701,00037,20260701,N,재정경제부,서식,82,가상자산거래집계표(가상자산사업자 제출용-연간),law_archive/B_추가검토/1_법률/07_법인세법/3_시행규칙/서식/법인세법_시행규칙_20260701_서식82_가상자산거래집계표(가상자산사업자제출용-연간).pdf,PDF,2,992563c6627cc3c45ce39b61b18a8f00a83bb75496c42d543ea1fd452c7af210,http://www.law.go.kr/LSW/flDownload.do?flSeq=168518753,OK,
B-1,법인세법,시행규칙,법인세법 시행규칙,007229,287787,20260701,00037,20260701,N,재정경제부,서식,82의2,삭제 &lt;2021. 3. 16.&gt;,law_archive/B_추가검토/1_법률/07_법인세법/3_시행규칙/서식/법인세법_시행규칙_20260701_서식82의2_삭제.pdf,PDF,1,c1453db55b515e5e5e6788b9a5733f7d2a1a152f1d31a4da68921715a209dabd,http://www.law.go.kr/LSW/flDownload.do?flSeq=168518761,삭제별표,
B-1,법인세법,시행규칙,법인세법 시행규칙,007229,287787,20260701,00037,20260701,N,재정경제부,서식,83,삭제 &lt;2021. 3. 16.&gt;,law_archive/B_추가검토/1_법률/07_법인세법/3_시행규칙/서식/법인세법_시행규칙_20260701_서식83_삭제.pdf,PDF,1,527429379651a1a44972053f4f1833dfc3c13621be2d68720e7f224b74c0015d,http://www.law.go.kr/LSW/flDownload.do?flSeq=168518767,삭제별표,
B-1,법인세법,시행규칙,법인세법 시행규칙,007229,287787,20260701,00037,20260701,N,재정경제부,서식,84,삭제 &lt;2021. 3. 16.&gt;,law_archive/B_추가검토/1_법률/07_법인세법/3_시행규칙/서식/법인세법_시행규칙_20260701_서식84_삭제.pdf,PDF,1,a7e9709912dbc015b675f6afa0a84c2a593dd9c0dc3808db37a9386bc208bc5e,http://www.law.go.kr/LSW/flDownload.do?flSeq=168518773,삭제별표,
B-1,법인세법,시행규칙,법인세법 시행규칙,007229,287787,20260701,00037,20260701,N,재정경제부,서식,85,삭제 &lt;2021. 3. 16.&gt;,law_archive/B_추가검토/1_법률/07_법인세법/3_시행규칙/서식/법인세법_시행규칙_20260701_서식85_삭제.pdf,PDF,1,a25f6a3e10af02edb83d2079d0aba584625598ae042ec034ea311d688b68ae2f,http://www.law.go.kr/LSW/flDownload.do?flSeq=168518779,삭제별표,
B-1,법인세법,시행규칙,법인세법 시행규칙,007229,284993,20260320,00007,20270101,Y,재정경제부,원문XML,,,law_archive/B_추가검토/1_법률/07_법인세법/3_시행규칙/법인세법_시행규칙_20270101_시행예정_원문.xml,XML,,5d95be2eb14638017058ab17b447aa93a6fa8c85fdc6349cb256fc1d45c6337f,http://www.law.go.kr/DRF/lawService.do?OC=***&target=eflaw&MST=284993&efYd=20270101&type=XML,OK,바이트 그대로(OC 0회)
B-1,법인세법,시행규칙,법인세법 시행규칙,007229,284993,20260320,00007,20270101,Y,재정경제부,본문,,,law_archive/B_추가검토/1_법률/07_법인세법/3_시행규칙/법인세법_시행규칙_20270101_시행예정_본문.pdf,PDF,83,7cf38fd494d2ba04178333da688cfe094f71499ff7d85cac8532e9657efbbbc2,http://www.law.go.kr/DRF/lawService.do?OC=***&target=eflaw&MST=284993&efYd=20270101&type=XML,OK,렌더링(원문XML→PDF) · 조문표지 131개 중 누락 0 · 별표·서식 196건은 목록만(내용은 따로 저장)
B-1,법인세법,시행규칙,법인세법 시행규칙,007229,284993,20260320,00007,20270101,Y,재정경제부,별표,1,삭제 &lt;2009.3.30&gt;,law_archive/B_추가검토/1_법률/07_법인세법/3_시행규칙/별표/법인세법_시행규칙_20270101_시행예정_별표1_삭제.pdf,PDF,1,95696d06f17fb6a3bb48cefffa7473126b221f7d2ed98d35356782ae4ec0017c,http://www.law.go.kr/LSW/flDownload.do?flSeq=168508267,삭제별표,
B-1,법인세법,시행규칙,법인세법 시행규칙,007229,284993,20260320,00007,20270101,Y,재정경제부,별표,2,시험연구용자산의 내용연수표(제15조제1항 및 제2항 관련),law_archive/B_추가검토/1_법률/07_법인세법/3_시행규칙/별표/법인세법_시행규칙_20270101_시행예정_별표2_시험연구용자산의내용연수표.pdf,PDF,1,80be37f47b7438542fec7972870bb7a76cc513b1c3f4f83d7f095f533aac201c,http://www.law.go.kr/LSW/flDownload.do?flSeq=168508273,OK,
B-1,법인세법,시행규칙,법인세법 시행규칙,007229,284993,20260320,00007,20270101,Y,재정경제부,별표,3,무형자산의 내용연수표(제15조제2항 관련),law_archive/B_추가검토/1_법률/07_법인세법/3_시행규칙/별표/법인세법_시행규칙_20270101_시행예정_별표3_무형자산의내용연수표.pdf,PDF,1,b8b82af5ecf5c1eed6a3c764323762a24f8878b84abbfc2509806266d9652cd5,http://www.law.go.kr/LSW/flDownload.do?flSeq=168508279,OK,
B-1,법인세법,시행규칙,법인세법 시행규칙,007229,284993,20260320,00007,20270101,Y,재정경제부,별표,4,감가상각자산의상각률표[제15조제2항관련],law_archive/B_추가검토/1_법률/07_법인세법/3_시행규칙/별표/법인세법_시행규칙_20270101_시행예정_별표4_감가상각자산의상각률표.pdf,PDF,2,d9ec6fbb79409a7e34ec530fd92aec41f62a197cfb8f094e96c4bb11367fce73,http://www.law.go.kr/LSW/flDownload.do?flSeq=168508285,OK,
B-1,법인세법,시행규칙,법인세법 시행규칙,007229,284993,20260320,00007,20270101,Y,재정경제부,별표,5,건축물 등의 기준내용연수 및 내용연수범위(제15조제3항 관련),law_archive/B_추가검토/1_법률/07_법인세법/3_시행규칙/별표/법인세법_시행규칙_20270101_시행예정_별표5_건축물등의기준내용연수및내용연수범위.pdf,PDF,2,557fdcd0d609a013a9fef79c9d4aa7e5afe541ed5721a5b3f7ff40e2dcffadd1,http://www.law.go.kr/LSW/flDownload.do?flSeq=168508293,OK,
B-1,법인세법,시행규칙,법인세법 시행규칙,007229,284993,20260320,00007,20270101,Y,재정경제부,별표,6,업종별 자산의 기준내용연수 및 내용연수범위(제15조제3항 관련),law_archive/B_추가검토/1_법률/07_법인세법/3_시행규칙/별표/법인세법_시행규칙_20270101_시행예정_별표6_업종별자산의기준내용연수및내용연수범위.pdf,PDF,6,e0344ba67e72a29c1297b2590dfd3464ebfd8578e8d882cb2b7baed22fa243da,https://www.law.go.kr/LSW/flDownload.do?flSeq=168515341,OK,
B-1,법인세법,시행규칙,법인세법 시행규칙,007229,284993,20260320,00007,20270101,Y,재정경제부,별표,6의2,삭제 &lt;2018. 3. 21.&gt;,law_archive/B_추가검토/1_법률/07_법인세법/3_시행규칙/별표/법인세법_시행규칙_20270101_시행예정_별표6의2_삭제.pdf,PDF,1,ff9aeb3b0f70a2fad76a9b23734946bcf609cbd42f70cfe557701dec65e30b63,http://www.law.go.kr/LSW/flDownload.do?flSeq=168515357,삭제별표,
B-1,법인세법,시행규칙,법인세법 시행규칙,007229,284993,20260320,00007,20270101,Y,재정경제부,별표,6의3,삭제 &lt;2018. 3. 21.&gt;,law_archive/B_추가검토/1_법률/07_법인세법/3_시행규칙/별표/법인세법_시행규칙_20270101_시행예정_별표6의3_삭제.pdf,PDF,1,2433e744e1239d85a875c59f62961431651929c4a4e9af5d41df4814bd7f4378,http://www.law.go.kr/LSW/flDownload.do?flSeq=168515363,삭제별표,
B-1,법인세법,시행규칙,법인세법 시행규칙,007229,284993,20260320,00007,20270101,Y,재정경제부,별표,6의4,삭제 &lt;2018. 3. 21.&gt;,law_archive/B_추가검토/1_법률/07_법인세법/3_시행규칙/별표/법인세법_시행규칙_20270101_시행예정_별표6의4_삭제.pdf,PDF,1,087ce5f6c642eaae51a7684f4bdb23afa5f2141770856f373092a68cb6d3382a,http://www.law.go.kr/LSW/flDownload.do?flSeq=168515369,삭제별표,
B-1,법인세법,시행규칙,법인세법 시행규칙,007229,284993,20260320,00007,20270101,Y,재정경제부,별표,6의5,삭제 &lt;2018. 3. 21.&gt;,law_archive/B_추가검토/1_법률/07_법인세법/3_시행규칙/별표/법인세법_시행규칙_20270101_시행예정_별표6의5_삭제.pdf,PDF,1,82d3bb54e99da2b776650ff145bcc9114c1a02bfeac91e89715e9e0c109b7b9b,http://www.law.go.kr/LSW/flDownload.do?flSeq=168515375,삭제별표,
B-1,법인세법,시행규칙,법인세법 시행규칙,007229,284993,20260320,00007,20270101,Y,재정경제부,별표,6의6,삭제 &lt;2018. 3. 21.&gt;,law_archive/B_추가검토/1_법률/07_법인세법/3_시행규칙/별표/법인세법_시행규칙_20270101_시행예정_별표6의6_삭제.pdf,PDF,1,7c0a233a881b7002c583cf28560b7240514ac808de24fd3a01cf29f2f4a6eb95,http://www.law.go.kr/LSW/flDownload.do?flSeq=168515381,삭제별표,
B-1,법인세법,시행규칙,법인세법 시행규칙,007229,284993,20260320,00007,20270101,Y,재정경제부,별표,6의7,삭제 &lt;2018. 3. 21.&gt;,law_archive/B_추가검토/1_법률/07_법인세법/3_시행규칙/별표/법인세법_시행규칙_20270101_시행예정_별표6의7_삭제.pdf,PDF,1,af35c66f5582fcc2dd277acfabb6814cb215258bdb20fd1ccc0fc8b1c39f0161,http://www.law.go.kr/LSW/flDownload.do?flSeq=168515387,삭제별표,
B-1,법인세법,시행규칙,법인세법 시행규칙,007229,284993,20260320,00007,20270101,Y,재정경제부,별표,7,직장운동경기부선수전용체육시설의기준면적[제46조제1항관련],law_archive/B_추가검토/1_법률/07_법인세법/3_시행규칙/별표/법인세법_시행규칙_20270101_시행예정_별표7_직장운동경기부선수전용체육시설의기준면적.pdf,PDF,1,1a5618b20580973316146c947cb82d48745cdd5a7e81bbe13578c2e9e351a8fe,http://www.law.go.kr/LSW/flDownload.do?flSeq=168515393,OK,
B-1,법인세법,시행규칙,법인세법 시행규칙,007229,284993,20260320,00007,20270101,Y,재정경제부,별표,8,운동경기업선수전용체육시설의기준면적[제46조제3항관련],law_archive/B_추가검토/1_법률/07_법인세법/3_시행규칙/별표/법인세법_시행규칙_20270101_시행예정_별표8_운동경기업선수전용체육시설의기준면적.pdf,PDF,1,9bf776fa842f9c7fe5ab979cd63698341bac7a1de279a771d89235c7fd9614fb,http://www.law.go.kr/LSW/flDownload.do?flSeq=168515399,OK,
B-1,법인세법,시행규칙,법인세법 시행규칙,007229,284993,20260320,00007,20270101,Y,재정경제부,별표,9,종업원체육시설의기준면적[제46조제4항관련],law_archive/B_추가검토/1_법률/07_법인세법/3_시행규칙/별표/법인세법_시행규칙_20270101_시행예정_별표9_종업원체육시설의기준면적.pdf,PDF,1,18bee61c262c83efffc66ae3c05985a7ed60ad26f87825a0547f51bcbbf31340,http://www.law.go.kr/LSW/flDownload.do?flSeq=168515405,OK,
B-1,법인세법,시행규칙,법인세법 시행규칙,007229,284993,20260320,00007,20270101,Y,재정경제부,별표,10,예비군훈련장용토지및시설기준[제46조제9항및제10항관련],law_archive/B_추가검토/1_법률/07_법인세법/3_시행규칙/별표/법인세법_시행규칙_20270101_시행예정_별표10_예비군훈련장용토지및시설기준.pdf,PDF,1,9440e551c5c47c5649365cee9b8c275408452d5e5644ae5e34456616e2d511a9,https://www.law.go.kr/LSW/flDownload.do?flSeq=168515411,OK,
B-1,법인세법,시행규칙,법인세법 시행규칙,007229,284993,20260320,00007,20270101,Y,재정경제부,별표,11,공공기관의 범위(제79조의3제1항제1호 관련),law_archive/B_추가검토/1_법률/07_법인세법/3_시행규칙/별표/법인세법_시행규칙_20270101_시행예정_별표11_공공기관의범위.pdf,PDF,1,b7b8d14cf7a420d4124dfb4e84c6c90c22b75470cf5585e96cd1db97fd10d26b,https://www.law.go.kr/LSW/flDownload.do?flSeq=168515417,OK,
B-1,법인세법,시행규칙,법인세법 시행규칙,007229,284993,20260320,00007,20270101,Y,재정경제부,별표,12,[별표 12는 별표 6의2로 이동 &lt;2011.7.29&gt;],law_archive/B_추가검토/1_법률/07_법인세법/3_시행규칙/별표/법인세법_시행규칙_20270101_시행예정_별표12_[별표12는별표6의2로이동].pdf,PDF,1,5924151666983acb0f7213a223d6a61733c8d083d91bdda325def06e58458268,http://www.law.go.kr/LSW/flDownload.do?flSeq=168515423,OK,
B-1,법인세법,시행규칙,법인세법 시행규칙,007229,284993,20260320,00007,20270101,Y,재정경제부,별표,13,[별표 13는 별표 6의3로 이동 &lt;2011.7.29&gt;],law_archive/B_추가검토/1_법률/07_법인세법/3_시행규칙/별표/법인세법_시행규칙_20270101_시행예정_별표13_[별표13는별표6의3로이동].pdf,PDF,1,17e0fd5d8bc70cabf517bf73ff550d729a78b649241be440d57be16c05e986c4,http://www.law.go.kr/LSW/flDownload.do?flSeq=168515429,OK,
B-1,법인세법,시행규칙,법인세법 시행규칙,007229,284993,20260320,00007,20270101,Y,재정경제부,서식,1,법인세 과세표준 및 세액신고서,law_archive/B_추가검토/1_법률/07_법인세법/3_시행규칙/서식/법인세법_시행규칙_20270101_시행예정_서식1_법인세과세표준및세액신고서.pdf,PDF,2,3079e0259f4435441ce2eac045286754dcf60237dc27fd53a4c320ef61f8e6ae,http://www.law.go.kr/LSW/flDownload.do?flSeq=168515435,OK,
B-1,법인세법,시행규칙,법인세법 시행규칙,007229,284993,20260320,00007,20270101,Y,재정경제부,서식,2,농어촌특별세 과세표준 및 세액신고서,law_archive/B_추가검토/1_법률/07_법인세법/3_시행규칙/서식/법인세법_시행규칙_20270101_시행예정_서식2_농어촌특별세과세표준및세액신고서.pdf,PDF,2,e93d81e18b52eac468d8dfb0d1068556da15c5277e56cd3c45286de913e9cd44,http://www.law.go.kr/LSW/flDownload.do?flSeq=168515443,OK,
B-1,법인세법,시행규칙,법인세법 시행규칙,007229,284993,20260320,00007,20270101,Y,재정경제부,서식,3,"법인세 과세표준 및 세액조정계산서, 선박표준이익 산출명세서, 토지등 양도소득에 대한 법인세 산출명세서","law_archive/B_추가검토/1_법률/07_법인세법/3_시행규칙/서식/법인세법_시행규칙_20270101_시행예정_서식3_법인세과세표준및세액조정계산서,선박표준이익산출명세서,토지등양도소득에대한법인.pdf",PDF,6,9da13dc9f8b4180852d524270672b171acb348c10d42a9dccee526fedbdb05ca,http://www.law.go.kr/LSW/flDownload.do?flSeq=168515451,OK,
B-1,법인세법,시행규칙,법인세법 시행규칙,007229,284993,20260320,00007,20270101,Y,재정경제부,서식,3의2,"표준재무상태표(일반법인용), 합계표준재무상태표(일반법인용), 표준재무상태표(금융ㆍ보험ㆍ증권업 법인용), 합계표준재무상태표(금융ㆍ보험ㆍ증권업 법인용)","law_archive/B_추가검토/1_법률/07_법인세법/3_시행규칙/서식/법인세법_시행규칙_20270101_시행예정_서식3의2_표준재무상태표(일반법인용),합계표준재무상태표(일반법인용),표준재무상태표.pdf",PDF,18,d8a3cb7994fe70b61f0b129ea913ae0a3879ff4542070841bd38d9474891e42a,http://www.law.go.kr/LSW/flDownload.do?flSeq=168515467,OK,
B-1,법인세법,시행규칙,법인세법 시행규칙,007229,284993,20260320,00007,20270101,Y,재정경제부,서식,3의3,"표준손익계산서(일반법인용), 표준손익계산서(금융ㆍ보험ㆍ증권업 법인용), 부속명세서, 이익잉여금처분(결손금처리)계산서","law_archive/B_추가검토/1_법률/07_법인세법/3_시행규칙/서식/법인세법_시행규칙_20270101_시행예정_서식3의3_표준손익계산서(일반법인용),표준손익계산서(금융ㆍ보험ㆍ증권업법인용),부속명.pdf",PDF,11,93e752348cb69dc1a1584bb1c2eda8e49ce55686ffc38c05f5754ce4c29862fd,http://www.law.go.kr/LSW/flDownload.do?flSeq=168515507,OK,
B-1,법인세법,시행규칙,법인세법 시행규칙,007229,284993,20260320,00007,20270101,Y,재정경제부,서식,4,최저한세조정계산서,law_archive/B_추가검토/1_법률/07_법인세법/3_시행규칙/서식/법인세법_시행규칙_20270101_시행예정_서식4_최저한세조정계산서.pdf,PDF,2,32ca29e445e4747d57f88930e4bd4b891a6b78104a54361c1483c021d9aaec59,http://www.law.go.kr/LSW/flDownload.do?flSeq=168515533,OK,
B-1,법인세법,시행규칙,법인세법 시행규칙,007229,284993,20260320,00007,20270101,Y,재정경제부,서식,5,특별비용조정명세서,law_archive/B_추가검토/1_법률/07_법인세법/3_시행규칙/서식/법인세법_시행규칙_20270101_시행예정_서식5_특별비용조정명세서.pdf,PDF,2,76e18481bd1f7dc6a3a8c77a5fc39865ce15939c6a1751cd23e0a5adbe792b01,http://www.law.go.kr/LSW/flDownload.do?flSeq=168515541,OK,
B-1,법인세법,시행규칙,법인세법 시행규칙,007229,284993,20260320,00007,20270101,Y,재정경제부,서식,6,비과세소득명세서,law_archive/B_추가검토/1_법률/07_법인세법/3_시행규칙/서식/법인세법_시행규칙_20270101_시행예정_서식6_비과세소득명세서.pdf,PDF,1,8a524a13a116ce6be726426a8e3ebb96de11fc5de66392254948f4b760bfa42b,http://www.law.go.kr/LSW/flDownload.do?flSeq=168515549,OK,
B-1,법인세법,시행규칙,법인세법 시행규칙,007229,284993,20260320,00007,20270101,Y,재정경제부,서식,6의2,익금불산입 조정명세서,law_archive/B_추가검토/1_법률/07_법인세법/3_시행규칙/서식/법인세법_시행규칙_20270101_시행예정_서식6의2_익금불산입조정명세서.pdf,PDF,1,74f7f6050a06e26c5f1c21424b690f968788b8d672f417f23f7bc085760c79f3,http://www.law.go.kr/LSW/flDownload.do?flSeq=168515555,OK,
B-1,법인세법,시행규칙,법인세법 시행규칙,007229,284993,20260320,00007,20270101,Y,재정경제부,서식,7,소득공제조정명세서,law_archive/B_추가검토/1_법률/07_법인세법/3_시행규칙/서식/법인세법_시행규칙_20270101_시행예정_서식7_소득공제조정명세서.pdf,PDF,1,836e157cd66d9b045ba37556c62075493ac46949569eb5040ebdc17fb5ae263d,http://www.law.go.kr/LSW/flDownload.do?flSeq=168515561,OK,
B-1,법인세법,시행규칙,법인세법 시행규칙,007229,284993,20260320,00007,20270101,Y,재정경제부,서식,8,"공제감면세액 및 추가납부세액합계표(갑, 을), 공제감면세액계산서, 세액공제조정명세서, 국가별 외국납부세액공제 명세서, 소득종류별 외국납부세액 명세서, 간접외국납부세액공제 명세서, 외국 Hybrid 사업체를 통한 국외투자 관련 외국납부세액공제 명세서, 간접투자회사등 외국납부세액공제 세액계산서, 간접투자회사등 외국납부세액 명세서, 추가납부세액계산서, 기술도입대가에 대한 조세면제명세서, 이월과세로 양수한 자산 명세서","law_archive/B_추가검토/1_법률/07_법인세법/3_시행규칙/서식/법인세법_시행규칙_20270101_시행예정_서식8_공제감면세액및추가납부세액합계표(갑,을),공제감면세액계산서,세액공제조정명세.pdf",PDF,37,81518652a6f5c8829f2f19a04dfef469fd880fb36586b63a798239c1270db0eb,http://www.law.go.kr/LSW/flDownload.do?flSeq=168515567,OK,
B-1,법인세법,시행규칙,법인세법 시행규칙,007229,284993,20260320,00007,20270101,Y,재정경제부,서식,9,가산세액계산서,law_archive/B_추가검토/1_법률/07_법인세법/3_시행규칙/서식/법인세법_시행규칙_20270101_시행예정_서식9_가산세액계산서.pdf,PDF,2,bc41ed6063f61a4aee96d772391043a3670cb28c6c2f23453f9768636ad248c1,http://www.law.go.kr/LSW/flDownload.do?flSeq=168515645,OK,
B-1,법인세법,시행규칙,법인세법 시행규칙,007229,284993,20260320,00007,20270101,Y,재정경제부,서식,10,"원천납부세액명세서(갑, 을)","law_archive/B_추가검토/1_법률/07_법인세법/3_시행규칙/서식/법인세법_시행규칙_20270101_시행예정_서식10_원천납부세액명세서(갑,을).pdf",PDF,4,808e39d644942465aa477802f6f830f9bc13653701afb83a19c3da73a15f66bb,http://www.law.go.kr/LSW/flDownload.do?flSeq=168515653,OK,
B-1,법인세법,시행규칙,법인세법 시행규칙,007229,284993,20260320,00007,20270101,Y,재정경제부,서식,11,삭제 &lt;2022. 3. 18.&gt;,law_archive/B_추가검토/1_법률/07_법인세법/3_시행규칙/서식/법인세법_시행규칙_20270101_시행예정_서식11_삭제.pdf,PDF,1,e737f4b82c97d0dcc11b30fcfe17e560471d56d84189c1bd2680c1ffc2621a59,http://www.law.go.kr/LSW/flDownload.do?flSeq=168515665,삭제별표,
B-1,법인세법,시행규칙,법인세법 시행규칙,007229,284993,20260320,00007,20270101,Y,재정경제부,서식,12,농어촌특별세과세표준 및 세액조정계산서,law_archive/B_추가검토/1_법률/07_법인세법/3_시행규칙/서식/법인세법_시행규칙_20270101_시행예정_서식12_농어촌특별세과세표준및세액조정계산서.pdf,PDF,1,7e818a16a14803cddb07dc2acdf536f520aefe94d3436c0e16a80e821f9c6e55,http://www.law.go.kr/LSW/flDownload.do?flSeq=168515671,OK,
B-1,법인세법,시행규칙,법인세법 시행규칙,007229,284993,20260320,00007,20270101,Y,재정경제부,서식,13,농어촌특별세 과세대상 감면세액 합계표,law_archive/B_추가검토/1_법률/07_법인세법/3_시행규칙/서식/법인세법_시행규칙_20270101_시행예정_서식13_농어촌특별세과세대상감면세액합계표.pdf,PDF,4,fe500a054623295002d7f8c5504445fe18af243c53bfcecc3d1e8f36cb2b661e,http://www.law.go.kr/LSW/flDownload.do?flSeq=168515677,OK,
B-1,법인세법,시행규칙,법인세법 시행규칙,007229,284993,20260320,00007,20270101,Y,재정경제부,서식,14,삭제 &lt;2002.3.30&gt;,law_archive/B_추가검토/1_법률/07_법인세법/3_시행규칙/서식/법인세법_시행규칙_20270101_시행예정_서식14_삭제.pdf,PDF,1,15d7b5b750697f3a5819edeb4a339f1a1d73d5f957d83b43d5c89af69786d2f1,http://www.law.go.kr/LSW/flDownload.do?flSeq=168515689,삭제별표,
B-1,법인세법,시행규칙,법인세법 시행규칙,007229,284993,20260320,00007,20270101,Y,재정경제부,서식,15,"소득금액조정합계표, 과목별 소득금액조정명세서","law_archive/B_추가검토/1_법률/07_법인세법/3_시행규칙/서식/법인세법_시행규칙_20270101_시행예정_서식15_소득금액조정합계표,과목별소득금액조정명세서.pdf",PDF,6,eb2dc535714d59fb1e5c3a31afaba6fcca483323b3f79f098467eb5a03997bb6,http://www.law.go.kr/LSW/flDownload.do?flSeq=168515695,OK,
B-1,법인세법,시행규칙,법인세법 시행규칙,007229,284993,20260320,00007,20270101,Y,재정경제부,서식,16,수입금액조정명세서,law_archive/B_추가검토/1_법률/07_법인세법/3_시행규칙/서식/법인세법_시행규칙_20270101_시행예정_서식16_수입금액조정명세서.pdf,PDF,2,fd7d064ef427a9ea1a5547c0aabadafac23097e2c40886369ab6e0cbeb81f275,http://www.law.go.kr/LSW/flDownload.do?flSeq=168515711,OK,
B-1,법인세법,시행규칙,법인세법 시행규칙,007229,284993,20260320,00007,20270101,Y,재정경제부,서식,16의2,수입배당금액명세서,law_archive/B_추가검토/1_법률/07_법인세법/3_시행규칙/서식/법인세법_시행규칙_20270101_시행예정_서식16의2_수입배당금액명세서.pdf,PDF,2,2dd2d52382162925530c25f021f113315077a0babaddae652bf63d42793f647c,http://www.law.go.kr/LSW/flDownload.do?flSeq=168515719,OK,
B-1,법인세법,시행규칙,법인세법 시행규칙,007229,284993,20260320,00007,20270101,Y,재정경제부,서식,16의3,외국자회사 수입배당금액 명세서,law_archive/B_추가검토/1_법률/07_법인세법/3_시행규칙/서식/법인세법_시행규칙_20270101_시행예정_서식16의3_외국자회사수입배당금액명세서.pdf,PDF,2,73b500154a29ef7b0a079e745f8acc0861f8a210fee80044920675b5b301fca2,http://www.law.go.kr/LSW/flDownload.do?flSeq=168515727,OK,
B-1,법인세법,시행규칙,법인세법 시행규칙,007229,284993,20260320,00007,20270101,Y,재정경제부,서식,17,조정후수입금액명세서,law_archive/B_추가검토/1_법률/07_법인세법/3_시행규칙/서식/법인세법_시행규칙_20270101_시행예정_서식17_조정후수입금액명세서.pdf,PDF,2,b5968ededee663eac31eeab031bc7a85558e98503937cbd6db35b0bcd47e872d,http://www.law.go.kr/LSW/flDownload.do?flSeq=168515735,OK,
B-1,법인세법,시행규칙,법인세법 시행규칙,007229,284993,20260320,00007,20270101,Y,재정경제부,서식,18,임대보증금등의 간주익금조정명세서,law_archive/B_추가검토/1_법률/07_법인세법/3_시행규칙/서식/법인세법_시행규칙_20270101_시행예정_서식18_임대보증금등의간주익금조정명세서.pdf,PDF,2,c0ff556a97cf4f70fde55d5648d60f0b4f422b01ffc29385cd0a8ba8e11e2626,https://www.law.go.kr/LSW/flDownload.do?flSeq=168515743,OK,
B-1,법인세법,시행규칙,법인세법 시행규칙,007229,284993,20260320,00007,20270101,Y,재정경제부,서식,19,"가지급금 등의 인정이자 조정명세서(갑), 가지급금 등의 인정이자 조정명세서(을)","law_archive/B_추가검토/1_법률/07_법인세법/3_시행규칙/서식/법인세법_시행규칙_20270101_시행예정_서식19_가지급금등의인정이자조정명세서(갑),가지급금등의인정이자조정명세서(을).pdf",PDF,3,a348e1ad61ea3afd3939e6810112345b809023caa72c774691a6a30034259b1c,http://www.law.go.kr/LSW/flDownload.do?flSeq=168515751,OK,
B-1,법인세법,시행규칙,법인세법 시행규칙,007229,284993,20260320,00007,20270101,Y,재정경제부,서식,20,"유형자산감가상각비(정률법), 유형ㆍ무형자산감가상각비(정액법), 감가상각비신고조정명세서, 감가상각비조정명세서합계표","law_archive/B_추가검토/1_법률/07_법인세법/3_시행규칙/서식/법인세법_시행규칙_20270101_시행예정_서식20_유형자산감가상각비(정률법),유형ㆍ무형자산감가상각비(정액법),감가상각비신고.pdf",PDF,7,f7d3cdee701f04fe6d94b99abe4c65aa199849d35ac06628d5b2f561b90531ad,http://www.law.go.kr/LSW/flDownload.do?flSeq=168515761,OK,
B-1,법인세법,시행규칙,법인세법 시행규칙,007229,284993,20260320,00007,20270101,Y,재정경제부,서식,21,기부금조정명세서,law_archive/B_추가검토/1_법률/07_법인세법/3_시행규칙/서식/법인세법_시행규칙_20270101_시행예정_서식21_기부금조정명세서.pdf,PDF,2,ea4da4ced054ce2db0bf40fcf4564a260b228110924c0483dd5294e98827eabe,http://www.law.go.kr/LSW/flDownload.do?flSeq=168515779,OK,
B-1,법인세법,시행규칙,법인세법 시행규칙,007229,284993,20260320,00007,20270101,Y,재정경제부,서식,22,기부금명세서,law_archive/B_추가검토/1_법률/07_법인세법/3_시행규칙/서식/법인세법_시행규칙_20270101_시행예정_서식22_기부금명세서.pdf,PDF,2,f36b01ce530307345b9c4a9280d74f87e584e8943a41a87954676a3f7e5fd547,http://www.law.go.kr/LSW/flDownload.do?flSeq=168515787,OK,
B-1,법인세법,시행규칙,법인세법 시행규칙,007229,284993,20260320,00007,20270101,Y,재정경제부,서식,23,"기업업무추진비 조정명세서(갑, 을)","law_archive/B_추가검토/1_법률/07_법인세법/3_시행규칙/서식/법인세법_시행규칙_20270101_시행예정_서식23_기업업무추진비조정명세서(갑,을).pdf",PDF,5,a674a9d7b217bb86a97e3bcf9f89d29ba7113055538a84b4f045904fa24dd382,http://www.law.go.kr/LSW/flDownload.do?flSeq=168515795,OK,
B-1,법인세법,시행규칙,법인세법 시행규칙,007229,284993,20260320,00007,20270101,Y,재정경제부,서식,24,경비등의 송금명세서,law_archive/B_추가검토/1_법률/07_법인세법/3_시행규칙/서식/법인세법_시행규칙_20270101_시행예정_서식24_경비등의송금명세서.pdf,PDF,2,84e83a4835a466be5b9be328959ef825eb2d63a4f796b9f4856686e0bb96486c,http://www.law.go.kr/LSW/flDownload.do?flSeq=168515809,OK,
B-1,법인세법,시행규칙,법인세법 시행규칙,007229,284993,20260320,00007,20270101,Y,재정경제부,서식,25,건설자금이자조정명세서,law_archive/B_추가검토/1_법률/07_법인세법/3_시행규칙/서식/법인세법_시행규칙_20270101_시행예정_서식25_건설자금이자조정명세서.pdf,PDF,2,76d201bec1bafa35374e71c45339541e5ad8baafaa1f30f75c31b7ee0b80562b,http://www.law.go.kr/LSW/flDownload.do?flSeq=168515817,OK,
B-1,법인세법,시행규칙,법인세법 시행규칙,007229,284993,20260320,00007,20270101,Y,재정경제부,서식,26,업무무관부동산등에관련한차입금이자조정명세서,law_archive/B_추가검토/1_법률/07_법인세법/3_시행규칙/서식/법인세법_시행규칙_20270101_시행예정_서식26_업무무관부동산등에관련한차입금이자조정명세서.pdf,PDF,4,e79cea0dbd43f048cf0f01e020d8f728cdfb9dacbe9d5957d66f3e3db9906289,http://www.law.go.kr/LSW/flDownload.do?flSeq=168515825,OK,
B-1,법인세법,시행규칙,법인세법 시행규칙,007229,284993,20260320,00007,20270101,Y,재정경제부,서식,27,"고유목적사업준비금 조정명세서(갑, 을)","law_archive/B_추가검토/1_법률/07_법인세법/3_시행규칙/서식/법인세법_시행규칙_20270101_시행예정_서식27_고유목적사업준비금조정명세서(갑,을).pdf",PDF,3,bf7b45ce26a854df6ecddb7a74970e9db9707ad541007a8dea561657a062e5d4,http://www.law.go.kr/LSW/flDownload.do?flSeq=168515837,OK,
B-1,법인세법,시행규칙,법인세법 시행규칙,007229,284993,20260320,00007,20270101,Y,재정경제부,서식,28,"(책임준비금, 비상위험준비금, 해약환급금준비금)명세서","law_archive/B_추가검토/1_법률/07_법인세법/3_시행규칙/서식/법인세법_시행규칙_20270101_시행예정_서식28_(책임준비금,비상위험준비금,해약환급금준비금)명세서.pdf",PDF,3,1ec42bd8e1ba99bf6dce28f02fd66e6da65dd3fcac33d91e57ac72b2a74ab747,http://www.law.go.kr/LSW/flDownload.do?flSeq=168515847,OK,
B-1,법인세법,시행규칙,법인세법 시행규칙,007229,284993,20260320,00007,20270101,Y,재정경제부,서식,29,업무용승용차 관련비용 명세서,law_archive/B_추가검토/1_법률/07_법인세법/3_시행규칙/서식/법인세법_시행규칙_20270101_시행예정_서식29_업무용승용차관련비용명세서.pdf,PDF,3,f543eddd09ee2322c57ae3c00ac000e6a0675cfc64e8f099c7424140f63c24d3,http://www.law.go.kr/LSW/flDownload.do?flSeq=168515857,OK,
B-1,법인세법,시행규칙,법인세법 시행규칙,007229,284993,20260320,00007,20270101,Y,재정경제부,서식,30,삭제 &lt;2001.3.28&gt;,law_archive/B_추가검토/1_법률/07_법인세법/3_시행규칙/서식/법인세법_시행규칙_20270101_시행예정_서식30_삭제.pdf,PDF,1,6571ec66d7fd1469f4b36c1a4d823b61b620f23ef26d115132758e09bd6b389c,http://www.law.go.kr/LSW/flDownload.do?flSeq=168515867,삭제별표,
B-1,법인세법,시행규칙,법인세법 시행규칙,007229,284993,20260320,00007,20270101,Y,재정경제부,서식,31,삭제 &lt;2009.3.30&gt;,law_archive/B_추가검토/1_법률/07_법인세법/3_시행규칙/서식/법인세법_시행규칙_20270101_시행예정_서식31_삭제.pdf,PDF,1,6982d1300b465faa1886f4c02da13bd3583204fde5a180c7c033259fbaaf6ecc,http://www.law.go.kr/LSW/flDownload.do?flSeq=168515873,삭제별표,
B-1,법인세법,시행규칙,법인세법 시행규칙,007229,284993,20260320,00007,20270101,Y,재정경제부,서식,32,퇴직급여충당금 조정명세서,law_archive/B_추가검토/1_법률/07_법인세법/3_시행규칙/서식/법인세법_시행규칙_20270101_시행예정_서식32_퇴직급여충당금조정명세서.pdf,PDF,2,c55e96e91d71b32f57a7bdd181fc2ad823852440560c483978d168855f92b08a,http://www.law.go.kr/LSW/flDownload.do?flSeq=168515879,OK,
B-1,법인세법,시행규칙,법인세법 시행규칙,007229,284993,20260320,00007,20270101,Y,재정경제부,서식,33,퇴직연금부담금 조정명세서,law_archive/B_추가검토/1_법률/07_법인세법/3_시행규칙/서식/법인세법_시행규칙_20270101_시행예정_서식33_퇴직연금부담금조정명세서.pdf,PDF,1,056b8ce9f02e943b2af4c5609472113af97806f29845553d66b12d7fb553b3cb,http://www.law.go.kr/LSW/flDownload.do?flSeq=168515887,OK,
B-1,법인세법,시행규칙,법인세법 시행규칙,007229,284993,20260320,00007,20270101,Y,재정경제부,서식,34,대손충당금 및 대손금조정명세서,law_archive/B_추가검토/1_법률/07_법인세법/3_시행규칙/서식/법인세법_시행규칙_20270101_시행예정_서식34_대손충당금및대손금조정명세서.pdf,PDF,3,9d29ee8db017fc0258d9a4308505a666b81b21534e6334a1c350575960ea9778,http://www.law.go.kr/LSW/flDownload.do?flSeq=168515893,OK,
B-1,법인세법,시행규칙,법인세법 시행규칙,007229,284993,20260320,00007,20270101,Y,재정경제부,서식,35,"(국고보조금등, 공사부담금, 보험차익) 상당액 손금산입조정명세서","law_archive/B_추가검토/1_법률/07_법인세법/3_시행규칙/서식/법인세법_시행규칙_20270101_시행예정_서식35_(국고보조금등,공사부담금,보험차익)상당액손금산입조정명세서.pdf",PDF,2,8a693bb85d45faf99ee67be6d4bcbe65dd1f4f12cbf08dd91389ce68a66797b0,http://www.law.go.kr/LSW/flDownload.do?flSeq=168515903,OK,
B-1,법인세법,시행규칙,법인세법 시행규칙,007229,284993,20260320,00007,20270101,Y,재정경제부,서식,35의2,보조금등수취명세서,law_archive/B_추가검토/1_법률/07_법인세법/3_시행규칙/서식/법인세법_시행규칙_20270101_시행예정_서식35의2_보조금등수취명세서.pdf,PDF,2,8a9f8f749f0c63f69cae649c91d211cafe35d0777d5b74df8f43df5e01f9cb3a,http://www.law.go.kr/LSW/flDownload.do?flSeq=168515911,OK,
B-1,법인세법,시행규칙,법인세법 시행규칙,007229,284993,20260320,00007,20270101,Y,재정경제부,서식,36,"(국고보조금등, 공사부담금)사용계획서","law_archive/B_추가검토/1_법률/07_법인세법/3_시행규칙/서식/법인세법_시행규칙_20270101_시행예정_서식36_(국고보조금등,공사부담금)사용계획서.pdf",PDF,1,954307fe4956208731d6511d2749785b0bd0d9a872224e87dca15403bb6fd93f,http://www.law.go.kr/LSW/flDownload.do?flSeq=168515919,OK,
B-1,법인세법,시행규칙,법인세법 시행규칙,007229,284993,20260320,00007,20270101,Y,재정경제부,서식,37,보험차익 사용계획서,law_archive/B_추가검토/1_법률/07_법인세법/3_시행규칙/서식/법인세법_시행규칙_20270101_시행예정_서식37_보험차익사용계획서.pdf,PDF,1,8f4ed43b264b66ea9866ba436ce5179a10fccf06b51816650958d6938e106522,http://www.law.go.kr/LSW/flDownload.do?flSeq=168515925,OK,
B-1,법인세법,시행규칙,법인세법 시행규칙,007229,284993,20260320,00007,20270101,Y,재정경제부,서식,38,삭제 &lt;2002.3.30&gt;,law_archive/B_추가검토/1_법률/07_법인세법/3_시행규칙/서식/법인세법_시행규칙_20270101_시행예정_서식38_삭제.pdf,PDF,1,6c292069d1b90bd2d8806d5a46e55ed2f85014ba92391ed819c94846d0290388,http://www.law.go.kr/LSW/flDownload.do?flSeq=168515931,삭제별표,
B-1,법인세법,시행규칙,법인세법 시행규칙,007229,284993,20260320,00007,20270101,Y,재정경제부,서식,39,[재고자산][유가증권]평가조정명세서,law_archive/B_추가검토/1_법률/07_법인세법/3_시행규칙/서식/법인세법_시행규칙_20270101_시행예정_서식39_[재고자산][유가증권]평가조정명세서.pdf,PDF,2,331b6474bc6373f7dee633ee9f1af3e33ca148c301cf26b8f19166f7ecf1dde0,http://www.law.go.kr/LSW/flDownload.do?flSeq=168515937,OK,
B-1,법인세법,시행규칙,법인세법 시행규칙,007229,284993,20260320,00007,20270101,Y,재정경제부,서식,40,"외화자산 등평가차손익조정명세서(갑), 외화자산 등 평가차손익조정명세서(을)","law_archive/B_추가검토/1_법률/07_법인세법/3_시행규칙/서식/법인세법_시행규칙_20270101_시행예정_서식40_외화자산등평가차손익조정명세서(갑),외화자산등평가차손익조정명세서(을).pdf",PDF,4,5346612c9d879fd750c19c4fda9696f6ec5e1a41b448daae37337f1c3972ca94,http://www.law.go.kr/LSW/flDownload.do?flSeq=168515945,OK,
B-1,법인세법,시행규칙,법인세법 시행규칙,007229,284993,20260320,00007,20270101,Y,재정경제부,서식,41,재고자산평가차익 익금불산입신청서,law_archive/B_추가검토/1_법률/07_법인세법/3_시행규칙/서식/법인세법_시행규칙_20270101_시행예정_서식41_재고자산평가차익익금불산입신청서.pdf,PDF,1,e37e025775c09452b8941aa84635c557a9c16979691a2bc64a9b689ef38471e9,http://www.law.go.kr/LSW/flDownload.do?flSeq=168515957,OK,
B-1,법인세법,시행규칙,법인세법 시행규칙,007229,284993,20260320,00007,20270101,Y,재정경제부,서식,41의2,전환이익 익금불산입신청서,law_archive/B_추가검토/1_법률/07_법인세법/3_시행규칙/서식/법인세법_시행규칙_20270101_시행예정_서식41의2_전환이익익금불산입신청서.pdf,PDF,1,c27177d23038242d53a8bd364d4a374a3c8c4670a368c84b8a5311c776d09912,http://www.law.go.kr/LSW/flDownload.do?flSeq=168515963,OK,
B-1,법인세법,시행규칙,법인세법 시행규칙,007229,284993,20260320,00007,20270101,Y,재정경제부,서식,42,합병과세특례 신청서,law_archive/B_추가검토/1_법률/07_법인세법/3_시행규칙/서식/법인세법_시행규칙_20270101_시행예정_서식42_합병과세특례신청서.pdf,PDF,1,ec306ab63acf79af3ea3f1ce5fede58894d988cde58b466faddb6735ecbfe0a4,http://www.law.go.kr/LSW/flDownload.do?flSeq=168515969,OK,
B-1,법인세법,시행규칙,법인세법 시행규칙,007229,284993,20260320,00007,20270101,Y,재정경제부,서식,42의2,분할과세특례 신청서,law_archive/B_추가검토/1_법률/07_법인세법/3_시행규칙/서식/법인세법_시행규칙_20270101_시행예정_서식42의2_분할과세특례신청서.pdf,PDF,1,90451e2fa0b68158c635de5f52bbaba94a380276a63e5eaa7ba3cd3a37e9d4f5,http://www.law.go.kr/LSW/flDownload.do?flSeq=168515975,OK,
B-1,법인세법,시행규칙,법인세법 시행규칙,007229,284993,20260320,00007,20270101,Y,재정경제부,서식,43,물적분할과세특례 신청서,law_archive/B_추가검토/1_법률/07_법인세법/3_시행규칙/서식/법인세법_시행규칙_20270101_시행예정_서식43_물적분할과세특례신청서.pdf,PDF,1,978db3befbb39b0e767e45aafeb053937119354df429884ac7a42eae516314ff,http://www.law.go.kr/LSW/flDownload.do?flSeq=168515981,OK,
B-1,법인세법,시행규칙,법인세법 시행규칙,007229,284993,20260320,00007,20270101,Y,재정경제부,서식,43의2,현물출자과세특례 신청서,law_archive/B_추가검토/1_법률/07_법인세법/3_시행규칙/서식/법인세법_시행규칙_20270101_시행예정_서식43의2_현물출자과세특례신청서.pdf,PDF,1,3a082e8e4a32b758d7bd2a9f1f481ba54f8004f91f992919c9dbd76faba3da09,http://www.law.go.kr/LSW/flDownload.do?flSeq=168515987,OK,
B-1,법인세법,시행규칙,법인세법 시행규칙,007229,284993,20260320,00007,20270101,Y,재정경제부,서식,44,자산교환에 따른 양도차익의 손금산입조정명세서,law_archive/B_추가검토/1_법률/07_법인세법/3_시행규칙/서식/법인세법_시행규칙_20270101_시행예정_서식44_자산교환에따른양도차익의손금산입조정명세서.pdf,PDF,1,ced181df5a4c0197a93196cd61fa56c88d8e44779f969fd7ff71502665d75ef8,http://www.law.go.kr/LSW/flDownload.do?flSeq=168515993,OK,
B-1,법인세법,시행규칙,법인세법 시행규칙,007229,284993,20260320,00007,20270101,Y,재정경제부,서식,45,국제선박양도차익의 손금산입조정명세서,law_archive/B_추가검토/1_법률/07_법인세법/3_시행규칙/서식/법인세법_시행규칙_20270101_시행예정_서식45_국제선박양도차익의손금산입조정명세서.pdf,PDF,2,549dd0c7abd1bb4fbf34a7c0b203384fb96b87229495070c1979dd29a838aec0,http://www.law.go.kr/LSW/flDownload.do?flSeq=168515999,OK,
B-1,법인세법,시행규칙,법인세법 시행규칙,007229,284993,20260320,00007,20270101,Y,재정경제부,서식,46,"자산조정계정명세서(갑), 자산조정계정명세서(을)","law_archive/B_추가검토/1_법률/07_법인세법/3_시행규칙/서식/법인세법_시행규칙_20270101_시행예정_서식46_자산조정계정명세서(갑),자산조정계정명세서(을).pdf",PDF,2,92a80721153b6bbfb1bbcd818cb9c539af5ca035a21fc2ddcf4d7782ac3d9ed2,http://www.law.go.kr/LSW/flDownload.do?flSeq=168516007,OK,
B-1,법인세법,시행규칙,법인세법 시행규칙,007229,284993,20260320,00007,20270101,Y,재정경제부,서식,46의2,"자산의 양도차익에 관한 명세서(갑), 자산의 양도차익에 관한 명세서(을)","law_archive/B_추가검토/1_법률/07_법인세법/3_시행규칙/서식/법인세법_시행규칙_20270101_시행예정_서식46의2_자산의양도차익에관한명세서(갑),자산의양도차익에관한명세서(을).pdf",PDF,2,cc19a05838b554242fdc3fa637aec285c8d0da6abc38ebd00f8990152cbef55c,http://www.law.go.kr/LSW/flDownload.do?flSeq=168516015,OK,
B-1,법인세법,시행규칙,법인세법 시행규칙,007229,284993,20260320,00007,20270101,Y,재정경제부,서식,47,"주요계정명세서(갑), 주요계정명세서(을)","law_archive/B_추가검토/1_법률/07_법인세법/3_시행규칙/서식/법인세법_시행규칙_20270101_시행예정_서식47_주요계정명세서(갑),주요계정명세서(을).pdf",PDF,5,a348410766135de6254de0661d2516fec5100ab094bb5122ed17af7a7316ded2,http://www.law.go.kr/LSW/flDownload.do?flSeq=168516023,OK,
B-1,법인세법,시행규칙,법인세법 시행규칙,007229,284993,20260320,00007,20270101,Y,재정경제부,서식,48,소득구분계산서,law_archive/B_추가검토/1_법률/07_법인세법/3_시행규칙/서식/법인세법_시행규칙_20270101_시행예정_서식48_소득구분계산서.pdf,PDF,2,27afc5a98f42db0bb16e204728e484d0663c299cc865ea544c64d2dd59669e9d,http://www.law.go.kr/LSW/flDownload.do?flSeq=168516037,OK,
B-1,법인세법,시행규칙,법인세법 시행규칙,007229,284993,20260320,00007,20270101,Y,재정경제부,서식,49,지점유보소득금액계산서,law_archive/B_추가검토/1_법률/07_법인세법/3_시행규칙/서식/법인세법_시행규칙_20270101_시행예정_서식49_지점유보소득금액계산서.pdf,PDF,1,9556d02063ba954683dd9bd832523792ae03f9845777bb7aac168803bd90db5b,http://www.law.go.kr/LSW/flDownload.do?flSeq=168516045,OK,
B-1,법인세법,시행규칙,법인세법 시행규칙,007229,284993,20260320,00007,20270101,Y,재정경제부,서식,50,"자본금과 적립금조정명세서(갑, 을, 병)","law_archive/B_추가검토/1_법률/07_법인세법/3_시행규칙/서식/법인세법_시행규칙_20270101_시행예정_서식50_자본금과적립금조정명세서(갑,을,병).pdf",PDF,6,1ed7ef05fb101b840b980079906becf8423abf3d504affd4b3f1ec59e0f7d9d3,http://www.law.go.kr/LSW/flDownload.do?flSeq=168516051,OK,
B-1,법인세법,시행규칙,법인세법 시행규칙,007229,284993,20260320,00007,20270101,Y,재정경제부,서식,51,중소기업 등 기준검토표,law_archive/B_추가검토/1_법률/07_법인세법/3_시행규칙/서식/법인세법_시행규칙_20270101_시행예정_서식51_중소기업등기준검토표.pdf,PDF,4,0486543f3fdb0cbde18032c67dba3bfe95211c1591ab449b269677a6f8696a6b,http://www.law.go.kr/LSW/flDownload.do?flSeq=168516067,OK,
B-1,법인세법,시행규칙,법인세법 시행규칙,007229,284993,20260320,00007,20270101,Y,재정경제부,서식,52,"특수관계인간 거래명세서(갑)(매출 및 매입거래 등), 특수관계인간 거래명세서(을)(자본거래)","law_archive/B_추가검토/1_법률/07_법인세법/3_시행규칙/서식/법인세법_시행규칙_20270101_시행예정_서식52_특수관계인간거래명세서(갑)(매출및매입거래등),특수관계인간거래명세서(을).pdf",PDF,4,fb1d93ae8cd12f042cccd9c0bf22a4baba5b34a59988bf3b6010b5b5ede72c29,http://www.law.go.kr/LSW/flDownload.do?flSeq=168516079,OK,
B-1,법인세법,시행규칙,법인세법 시행규칙,007229,284993,20260320,00007,20270101,Y,재정경제부,서식,52의2,미환류소득에 대한 법인세 신고서,law_archive/B_추가검토/1_법률/07_법인세법/3_시행규칙/서식/법인세법_시행규칙_20270101_시행예정_서식52의2_미환류소득에대한법인세신고서.pdf,PDF,2,87f220e1b4c0ee60317f2465e516651ddd89fea7994ebd197749dd0e4b48cf27,http://www.law.go.kr/LSW/flDownload.do?flSeq=168516091,OK,
B-1,법인세법,시행규칙,법인세법 시행규칙,007229,284993,20260320,00007,20270101,Y,재정경제부,서식,52의3,삭제 &lt;2019. 3. 20.&gt;,law_archive/B_추가검토/1_법률/07_법인세법/3_시행규칙/서식/법인세법_시행규칙_20270101_시행예정_서식52의3_삭제.pdf,PDF,1,e67a81c362dcff78c1f2a1a1d2ec68d49acf96ef0c3f1032b58a2df97b3f9751,http://www.law.go.kr/LSW/flDownload.do?flSeq=168516099,삭제별표,
B-1,법인세법,시행규칙,법인세법 시행규칙,007229,284993,20260320,00007,20270101,Y,재정경제부,서식,52의4,사실과 다른 회계처리로 인하여 과다납부한 금액의 세액공제명세서,law_archive/B_추가검토/1_법률/07_법인세법/3_시행규칙/서식/법인세법_시행규칙_20270101_시행예정_서식52의4_사실과다른회계처리로인하여과다납부한금액의세액공제명세서.pdf,PDF,1,bb8c0f30ffc0dd39f4751223ae15d7a897586723c86ceb61ecae07347117ea98,http://www.law.go.kr/LSW/flDownload.do?flSeq=168516105,OK,
B-1,법인세법,시행규칙,법인세법 시행규칙,007229,284993,20260320,00007,20270101,Y,재정경제부,서식,53,삭제 &lt;2009.3.30&gt;,law_archive/B_추가검토/1_법률/07_법인세법/3_시행규칙/서식/법인세법_시행규칙_20270101_시행예정_서식53_삭제.pdf,PDF,1,3a7c02ec6ffa7e59b37127ac24b27c37ef872d597f40481921e376b18c59ba1e,http://www.law.go.kr/LSW/flDownload.do?flSeq=168516111,삭제별표,
B-1,법인세법,시행규칙,법인세법 시행규칙,007229,284993,20260320,00007,20270101,Y,재정경제부,서식,54,"주식등변동상황명세서, 주식ㆍ출자지분 양도 등 명세서","law_archive/B_추가검토/1_법률/07_법인세법/3_시행규칙/서식/법인세법_시행규칙_20270101_시행예정_서식54_주식등변동상황명세서,주식ㆍ출자지분양도등명세서.pdf",PDF,4,ebd8cdfdb7ab9a6e6d07aeeedb9a751f47f0eef4617a6c962e80dab1ca63657a,http://www.law.go.kr/LSW/flDownload.do?flSeq=168516117,OK,
B-1,법인세법,시행규칙,법인세법 시행규칙,007229,284993,20260320,00007,20270101,Y,재정경제부,서식,55,"소득자료 (인정상여, 인정배당, 기타소득) 명세서, 소득처분(임시유보, 이전소득배당, 출자의증가)명세서","law_archive/B_추가검토/1_법률/07_법인세법/3_시행규칙/서식/법인세법_시행규칙_20270101_시행예정_서식55_소득자료(인정상여,인정배당,기타소득)명세서,소득처분.pdf",PDF,2,8b3319599516569e77d8281d64fdefaecf2ba3c7150b59fd6905b798318563ec,http://www.law.go.kr/LSW/flDownload.do?flSeq=168516129,OK,
B-1,법인세법,시행규칙,법인세법 시행규칙,007229,284993,20260320,00007,20270101,Y,재정경제부,서식,56,"법인세ㆍ농어촌특별세 과세표준(조정계산) 및 세액신고서(이자소득만 있는 비영리법인 신고용),가산세액계산서(이자소득만 있는 비영리법인 신고용)",law_archive/B_추가검토/1_법률/07_법인세법/3_시행규칙/서식/법인세법_시행규칙_20270101_시행예정_서식56_법인세ㆍ농어촌특별세과세표준(조정계산)및세액신고서.pdf,PDF,4,21af1c400baa0bfacda8e025bbf2d3886f140bb3283d80eb7eb6ac412f608817,http://www.law.go.kr/LSW/flDownload.do?flSeq=168516137,OK,
B-1,법인세법,시행규칙,법인세법 시행규칙,007229,284993,20260320,00007,20270101,Y,재정경제부,서식,57,비영리법인의 수익사업수입명세서(배당ㆍ주식 처분익 및 유형자산 처분익만 있는 비영리법인신고용),law_archive/B_추가검토/1_법률/07_법인세법/3_시행규칙/서식/법인세법_시행규칙_20270101_시행예정_서식57_비영리법인의수익사업수입명세서.pdf,PDF,1,64c958622389cfbd6806c3fd854d5df5cb85920a46cf1cd726ff4dae21949c11,http://www.law.go.kr/LSW/flDownload.do?flSeq=168516149,OK,
B-1,법인세법,시행규칙,법인세법 시행규칙,007229,284993,20260320,00007,20270101,Y,재정경제부,서식,57의2,"비영리내국법인의 양도소득과세표준예정신고서, 양도소득금액 계산명세서, 주식 양도소득금액 계산명세서","law_archive/B_추가검토/1_법률/07_법인세법/3_시행규칙/서식/법인세법_시행규칙_20270101_시행예정_서식57의2_비영리내국법인의양도소득과세표준예정신고서,양도소득금액계산명세서,주식양도소득.pdf",PDF,6,f567b0c0cff1617a789140eb2c40cd6caea1e5be88140f14fd1e380a9abcc798,http://www.law.go.kr/LSW/flDownload.do?flSeq=168516155,OK,
B-1,법인세법,시행규칙,법인세법 시행규칙,007229,284993,20260320,00007,20270101,Y,재정경제부,서식,58,법인세 중간예납 신고납부계산서,law_archive/B_추가검토/1_법률/07_법인세법/3_시행규칙/서식/법인세법_시행규칙_20270101_시행예정_서식58_법인세중간예납신고납부계산서.pdf,PDF,2,c0c6c554cc170209a8e2c7595d7609fd9ac9017967a81f9451ca457cb1884f31,http://www.law.go.kr/LSW/flDownload.do?flSeq=168516171,OK,
B-1,법인세법,시행규칙,법인세법 시행규칙,007229,284993,20260320,00007,20270101,Y,재정경제부,서식,58의2,삭제 &lt;2019. 3. 20.&gt;,law_archive/B_추가검토/1_법률/07_법인세법/3_시행규칙/서식/법인세법_시행규칙_20270101_시행예정_서식58의2_삭제.pdf,PDF,1,a163b7719296042278b044471658e1be2637f489d2c96a3e3c15416a408b5627,http://www.law.go.kr/LSW/flDownload.do?flSeq=168516179,삭제별표,
B-1,법인세법,시행규칙,법인세법 시행규칙,007229,284993,20260320,00007,20270101,Y,재정경제부,서식,58의3,삭제 &lt;2019. 3. 20.&gt;,law_archive/B_추가검토/1_법률/07_법인세법/3_시행규칙/서식/법인세법_시행규칙_20270101_시행예정_서식58의3_삭제.pdf,PDF,1,c58d966dfc94400b4213c8d0b688ec6a704192b37ddc8503b572574c6b620e98,http://www.law.go.kr/LSW/flDownload.do?flSeq=168516185,삭제별표,
B-1,법인세법,시행규칙,법인세법 시행규칙,007229,284993,20260320,00007,20270101,Y,재정경제부,서식,58의4,삭제 &lt;2019. 3. 20.&gt;,law_archive/B_추가검토/1_법률/07_법인세법/3_시행규칙/서식/법인세법_시행규칙_20270101_시행예정_서식58의4_삭제.pdf,PDF,1,78a70b58ff36b0411d7444782133c7858bb42c5581f0838474f17e75ef0dcc20,http://www.law.go.kr/LSW/flDownload.do?flSeq=168516191,삭제별표,
B-1,법인세법,시행규칙,법인세법 시행규칙,007229,284993,20260320,00007,20270101,Y,재정경제부,서식,58의5,삭제 &lt;2019. 3. 20.&gt;,law_archive/B_추가검토/1_법률/07_법인세법/3_시행규칙/서식/법인세법_시행규칙_20270101_시행예정_서식58의5_삭제.pdf,PDF,1,4dc6c2f6a133c0b79a825166c9699515f08512990adafb0bea062f565242167a,http://www.law.go.kr/LSW/flDownload.do?flSeq=168516197,삭제별표,
B-1,법인세법,시행규칙,법인세법 시행규칙,007229,284993,20260320,00007,20270101,Y,재정경제부,서식,58의6,삭제 &lt;2019. 3. 20.&gt;,law_archive/B_추가검토/1_법률/07_법인세법/3_시행규칙/서식/법인세법_시행규칙_20270101_시행예정_서식58의6_삭제.pdf,PDF,1,108dba153cbbf964a190c2a9c417da20b94ba02735d54d014219d3340fe11cf6,http://www.law.go.kr/LSW/flDownload.do?flSeq=168516203,삭제별표,
B-1,법인세법,시행규칙,법인세법 시행규칙,007229,284993,20260320,00007,20270101,Y,재정경제부,서식,58의7,삭제 &lt;2019. 3. 20.&gt;,law_archive/B_추가검토/1_법률/07_법인세법/3_시행규칙/서식/법인세법_시행규칙_20270101_시행예정_서식58의7_삭제.pdf,PDF,1,a04d8edd1681f164d829458ecb706a05bae3ba4a5bd7a6ae0d0f8bc23b4af7e0,http://www.law.go.kr/LSW/flDownload.do?flSeq=168516209,삭제별표,
B-1,법인세법,시행규칙,법인세법 시행규칙,007229,284993,20260320,00007,20270101,Y,재정경제부,서식,58의8,삭제 &lt;2019. 3. 20.&gt;,law_archive/B_추가검토/1_법률/07_법인세법/3_시행규칙/서식/법인세법_시행규칙_20270101_시행예정_서식58의8_삭제.pdf,PDF,1,fa7fb012c6b6e1dbeb6a009bf9588a1ea2640928ef4a2a4557ae3a95699917de,http://www.law.go.kr/LSW/flDownload.do?flSeq=168516215,삭제별표,
B-1,법인세법,시행규칙,법인세법 시행규칙,007229,284993,20260320,00007,20270101,Y,재정경제부,서식,59,"청산소득에 대한 법인세과세표준 및 세액신고서, 청산소득금액계산명세서, 가산세액계산서(청산소득에 대한 과세표준 및 세액 신고용)","law_archive/B_추가검토/1_법률/07_법인세법/3_시행규칙/서식/법인세법_시행규칙_20270101_시행예정_서식59_청산소득에대한법인세과세표준및세액신고서,청산소득금액계산명세서,가산세액계산서.pdf",PDF,6,fb7c1dc33b8e6046203268e953651b92f20fd3f6553de33e73d888b401ab8918,http://www.law.go.kr/LSW/flDownload.do?flSeq=168516221,OK,
B-1,법인세법,시행규칙,법인세법 시행규칙,007229,284993,20260320,00007,20270101,Y,재정경제부,서식,60,종전 별지 제60호서식은 별지 제57호의2서식으로 이동&lt;2002.3.30&gt;,law_archive/B_추가검토/1_법률/07_법인세법/3_시행규칙/서식/법인세법_시행규칙_20270101_시행예정_서식60_종전별지제60호서식은별지제57호의2서식으로이동.pdf,PDF,1,8d2fd90335b528a5670dd6956b0a597784343b4655c68680794424686d934d79,http://www.law.go.kr/LSW/flDownload.do?flSeq=168516237,OK,
B-1,법인세법,시행규칙,법인세법 시행규칙,007229,284993,20260320,00007,20270101,Y,재정경제부,서식,61,사업연도 변경신고서,law_archive/B_추가검토/1_법률/07_법인세법/3_시행규칙/서식/법인세법_시행규칙_20270101_시행예정_서식61_사업연도변경신고서.pdf,PDF,1,3db9128a2b45daf61e0e9b27f6785c6c0aba700c55e5442a2d8e8184713252b7,http://www.law.go.kr/LSW/flDownload.do?flSeq=168516243,OK,
B-1,법인세법,시행규칙,법인세법 시행규칙,007229,284993,20260320,00007,20270101,Y,재정경제부,서식,62,납세지(변경)신고서,law_archive/B_추가검토/1_법률/07_법인세법/3_시행규칙/서식/법인세법_시행규칙_20270101_시행예정_서식62_납세지(변경)신고서.pdf,PDF,1,3ac0ac92dc0bfa3c8159eb5f397e49686234b820e7d6c1e003a0d30b7bbb3514,http://www.law.go.kr/LSW/flDownload.do?flSeq=168516249,OK,
B-1,법인세법,시행규칙,법인세법 시행규칙,007229,284993,20260320,00007,20270101,Y,재정경제부,서식,62의2,원천징수세액 본점일괄납부신고서,law_archive/B_추가검토/1_법률/07_법인세법/3_시행규칙/서식/법인세법_시행규칙_20270101_시행예정_서식62의2_원천징수세액본점일괄납부신고서.pdf,PDF,1,1a583034c7440304a575a263382b27e560e79ffceb7805151268e8744c78ddd1,http://www.law.go.kr/LSW/flDownload.do?flSeq=168516255,OK,
B-1,법인세법,시행규칙,법인세법 시행규칙,007229,284993,20260320,00007,20270101,Y,재정경제부,서식,63,"감가상각방법신고서, 내용연수신고서, 내용연수변경승인신청서, 감가상각방법변경신청서, 내용연수승인신청서, 내용연수변경신고서","law_archive/B_추가검토/1_법률/07_법인세법/3_시행규칙/서식/법인세법_시행규칙_20270101_시행예정_서식63_감가상각방법신고서,내용연수신고서,내용연수변경승인신청서,감가상각방법변경신청.pdf",PDF,1,0e32b20e27ff3a1922f75df4b094bc4685f8ac36ff9fe7cf1d9045e70136aa17,http://www.law.go.kr/LSW/flDownload.do?flSeq=168516261,OK,
B-1,법인세법,시행규칙,법인세법 시행규칙,007229,284993,20260320,00007,20270101,Y,재정경제부,서식,63의2,공익법인등 추천서,law_archive/B_추가검토/1_법률/07_법인세법/3_시행규칙/서식/법인세법_시행규칙_20270101_시행예정_서식63의2_공익법인등추천서.pdf,PDF,1,0e7866d331be760cb89e090f0fcaa6436f51e838e3022ad08b256fceadabfb62,http://www.law.go.kr/LSW/flDownload.do?flSeq=168516267,OK,
B-1,법인세법,시행규칙,법인세법 시행규칙,007229,284993,20260320,00007,20270101,Y,재정경제부,서식,63의3,기부금영수증,law_archive/B_추가검토/1_법률/07_법인세법/3_시행규칙/서식/법인세법_시행규칙_20270101_시행예정_서식63의3_기부금영수증.pdf,PDF,2,e65dd4e440e749f953a02827d1323a53e4e701ceeebfb3ddc07859c861b69a67,http://www.law.go.kr/LSW/flDownload.do?flSeq=168516273,OK,
B-1,법인세법,시행규칙,법인세법 시행규칙,007229,284993,20260320,00007,20270101,Y,재정경제부,서식,63의4,"(화폐성외화자산등, 특별계정, 환매금지형집합투자기구 보유자산, 특별계정 평가방법 변경신고서) 평가방법 신고서",law_archive/B_추가검토/1_법률/07_법인세법/3_시행규칙/서식/법인세법_시행규칙_20270101_시행예정_서식63의4_제목없음.pdf,PDF,1,06501acfe02141267cb6f8d9b3fc8441ffa3ba53a8d837f64a479fbc63ae0bdf,http://www.law.go.kr/LSW/flDownload.do?flSeq=168516281,OK,
B-1,법인세법,시행규칙,법인세법 시행규칙,007229,284993,20260320,00007,20270101,Y,재정경제부,서식,63의5,"공익법인등(추천, 명칭변경)신청서","law_archive/B_추가검토/1_법률/07_법인세법/3_시행규칙/서식/법인세법_시행규칙_20270101_시행예정_서식63의5_공익법인등(추천,명칭변경)신청서.pdf",PDF,2,67b03432ce07f487e5b663e6dca0a411b7b8eb84f083e7d41cb5d786cd4e02ad,http://www.law.go.kr/LSW/flDownload.do?flSeq=168516287,OK,
B-1,법인세법,시행규칙,법인세법 시행규칙,007229,284993,20260320,00007,20270101,Y,재정경제부,서식,63의6,공익법인등 의무이행준수 서약서,law_archive/B_추가검토/1_법률/07_법인세법/3_시행규칙/서식/법인세법_시행규칙_20270101_시행예정_서식63의6_공익법인등의무이행준수서약서.pdf,PDF,1,008ffeebbcc55bc58d09933bb342e76f3c594b444e4929f4e90b8810212c9173,http://www.law.go.kr/LSW/flDownload.do?flSeq=168516295,OK,
B-1,법인세법,시행규칙,법인세법 시행규칙,007229,284993,20260320,00007,20270101,Y,재정경제부,서식,63의7,연간 기부금 모금액 및 활용실적 명세서,law_archive/B_추가검토/1_법률/07_법인세법/3_시행규칙/서식/법인세법_시행규칙_20270101_시행예정_서식63의7_연간기부금모금액및활용실적명세서.pdf,PDF,2,1dce435eaf82c395cd6270364c6fac5e148a8f83fdd50abcdc7b216bc28f1986,http://www.law.go.kr/LSW/flDownload.do?flSeq=168516301,OK,
B-1,법인세법,시행규칙,법인세법 시행규칙,007229,284993,20260320,00007,20270101,Y,재정경제부,서식,63의8,총 지출금액 계산서,law_archive/B_추가검토/1_법률/07_법인세법/3_시행규칙/서식/법인세법_시행규칙_20270101_시행예정_서식63의8_총지출금액계산서.pdf,PDF,2,5c2f9e32be3d0b728b0a09acac3d6de68e94c46b3007b75ba58455a708bf2a58,https://www.law.go.kr/LSW/flDownload.do?flSeq=168516309,OK,
B-1,법인세법,시행규칙,법인세법 시행규칙,007229,284993,20260320,00007,20270101,Y,재정경제부,서식,63의9,삭제 &lt;2018. 3. 21.&gt;,law_archive/B_추가검토/1_법률/07_법인세법/3_시행규칙/서식/법인세법_시행규칙_20270101_시행예정_서식63의9_삭제.pdf,PDF,1,a457f648da713a113d5f6e812f55c8a2cab3c635cde9b29082980bc17ef64d8e,http://www.law.go.kr/LSW/flDownload.do?flSeq=168516317,삭제별표,
B-1,법인세법,시행규칙,법인세법 시행규칙,007229,284993,20260320,00007,20270101,Y,재정경제부,서식,63의10,삭제 &lt;2026. 3. 20.&gt;,law_archive/B_추가검토/1_법률/07_법인세법/3_시행규칙/서식/법인세법_시행규칙_20270101_시행예정_서식63의10_삭제.pdf,PDF,1,30b2211c86c1075e6b3e18cd798a44ebf1d6f09af2bc0619d993a502b76f04e2,http://www.law.go.kr/LSW/flDownload.do?flSeq=168516323,삭제별표,
B-1,법인세법,시행규칙,법인세법 시행규칙,007229,284993,20260320,00007,20270101,Y,재정경제부,서식,63의11,전문모금기관 요건 충족여부등 점검결과 통보서,law_archive/B_추가검토/1_법률/07_법인세법/3_시행규칙/서식/법인세법_시행규칙_20270101_시행예정_서식63의11_전문모금기관요건충족여부등점검결과통보서.pdf,PDF,1,07e16b406a4bfcb3e401e7b33bd3ee860ec9122dc02eeea6f70630acb44d5eee,http://www.law.go.kr/LSW/flDownload.do?flSeq=168516329,OK,
B-1,법인세법,시행규칙,법인세법 시행규칙,007229,284993,20260320,00007,20270101,Y,재정경제부,서식,63의12,해외 한국학교 요건 충족여부등 점검결과 통보서,law_archive/B_추가검토/1_법률/07_법인세법/3_시행규칙/서식/법인세법_시행규칙_20270101_시행예정_서식63의12_해외한국학교요건충족여부등점검결과통보서.pdf,PDF,1,3edc99fb4b49fe03996f971ad3bc3aefa2d26de279f59a0cc6e4d7940258913b,http://www.law.go.kr/LSW/flDownload.do?flSeq=168516335,OK,
B-1,법인세법,시행규칙,법인세법 시행규칙,007229,284993,20260320,00007,20270101,Y,재정경제부,서식,63의13,"조정반 (지정, 변경지정) 신청서","law_archive/B_추가검토/1_법률/07_법인세법/3_시행규칙/서식/법인세법_시행규칙_20270101_시행예정_서식63의13_조정반(지정,변경지정)신청서.pdf",PDF,2,520885ff3bcf5c13a33307ccfba8b8ce5a4573682d79fd0ce058ea2c360259f5,http://www.law.go.kr/LSW/flDownload.do?flSeq=168516341,OK,
B-1,법인세법,시행규칙,법인세법 시행규칙,007229,284993,20260320,00007,20270101,Y,재정경제부,서식,63의14,"조정반 (지정서, 변경지정서)","law_archive/B_추가검토/1_법률/07_법인세법/3_시행규칙/서식/법인세법_시행규칙_20270101_시행예정_서식63의14_조정반(지정서,변경지정서).pdf",PDF,1,9f4e1af41ce7ae99f23628a3c91f973dc29b280176a7d1300a6e6f1675af076a,http://www.law.go.kr/LSW/flDownload.do?flSeq=168516349,OK,
B-1,법인세법,시행규칙,법인세법 시행규칙,007229,284993,20260320,00007,20270101,Y,재정경제부,서식,63의15,삭제 &lt;2022. 3. 18.&gt;,law_archive/B_추가검토/1_법률/07_법인세법/3_시행규칙/서식/법인세법_시행규칙_20270101_시행예정_서식63의15_삭제.pdf,PDF,1,a189d11d8edfda8b1747f8dd6e99c196589a6e383bf3f7091aa788d7249d78ee,http://www.law.go.kr/LSW/flDownload.do?flSeq=168516355,삭제별표,
B-1,법인세법,시행규칙,법인세법 시행규칙,007229,284993,20260320,00007,20270101,Y,재정경제부,서식,63의16,"성실신고확인서, 성실신고 확인결과 주요항목 명세서, 성실신고 확인결과 특이사항 기술서, 성실신고 확인결과 사업자 확인사항","law_archive/B_추가검토/1_법률/07_법인세법/3_시행규칙/서식/법인세법_시행규칙_20270101_시행예정_서식63의16_성실신고확인서,성실신고확인결과주요항목명세서,성실신고확인결과특이사항기술서.pdf",PDF,9,9e475dfe64dc6605989bb172403d1cf9dc3c0e7a049d4d252b0bfd47e48ff424,http://www.law.go.kr/LSW/flDownload.do?flSeq=168516361,OK,
B-1,법인세법,시행규칙,법인세법 시행규칙,007229,284993,20260320,00007,20270101,Y,재정경제부,서식,64,"재고자산 등 평가방법신고(변경신고)서, 채권등의 보유기간계산방법신고서","law_archive/B_추가검토/1_법률/07_법인세법/3_시행규칙/서식/법인세법_시행규칙_20270101_시행예정_서식64_재고자산등평가방법신고(변경신고)서,채권등의보유기간계산방법신고서.pdf",PDF,2,1dadd60c27c2bcf034ce5123289f5f70b77f5dec6e50ff7e45267b0057aebeea,http://www.law.go.kr/LSW/flDownload.do?flSeq=168516383,OK,
B-1,법인세법,시행규칙,법인세법 시행규칙,007229,284993,20260320,00007,20270101,Y,재정경제부,서식,64의2,삭제 &lt;2021. 3. 16.&gt;,law_archive/B_추가검토/1_법률/07_법인세법/3_시행규칙/서식/법인세법_시행규칙_20270101_시행예정_서식64의2_삭제.pdf,PDF,1,152c025d97c088219751b21460aa1ca65bc959dcc3fb7ba10dfec0ab75761d64,http://www.law.go.kr/LSW/flDownload.do?flSeq=168516391,삭제별표,
B-1,법인세법,시행규칙,법인세법 시행규칙,007229,284993,20260320,00007,20270101,Y,재정경제부,서식,64의3,삭제 &lt;2022. 3. 18.&gt;,law_archive/B_추가검토/1_법률/07_법인세법/3_시행규칙/서식/법인세법_시행규칙_20270101_시행예정_서식64의3_삭제.pdf,PDF,1,d51b5d424f3ef10995fed9426dbdddb0a5ef59efb758becf5cb1784199c6cdb6,https://www.law.go.kr/LSW/flDownload.do?flSeq=168516397,삭제별표,
B-1,법인세법,시행규칙,법인세법 시행규칙,007229,284993,20260320,00007,20270101,Y,재정경제부,서식,64의4,삭제 &lt;2022. 3. 18.&gt;,law_archive/B_추가검토/1_법률/07_법인세법/3_시행규칙/서식/법인세법_시행규칙_20270101_시행예정_서식64의4_삭제.pdf,PDF,1,6c62dae497161d1f340a495e046c9d66387fc39e1cda6948a774681211602d15,http://www.law.go.kr/LSW/flDownload.do?flSeq=168516403,삭제별표,
B-1,법인세법,시행규칙,법인세법 시행규칙,007229,284993,20260320,00007,20270101,Y,재정경제부,서식,64의5,"(기능통화, 해외사업장) 과세표준계산방법 신고(변경신청)서","law_archive/B_추가검토/1_법률/07_법인세법/3_시행규칙/서식/법인세법_시행규칙_20270101_시행예정_서식64의5_(기능통화,해외사업장)과세표준계산방법신고(변경신청)서.pdf",PDF,1,9b0126f5d87f27998c211e8cf83fc1e6abd80609d95f90958e2709fbfcb90527,http://www.law.go.kr/LSW/flDownload.do?flSeq=168516409,OK,
B-1,법인세법,시행규칙,법인세법 시행규칙,007229,284993,20260320,00007,20270101,Y,재정경제부,서식,64의6,간접투자회사등의 외국납부세액 환급금 납부계산서,law_archive/B_추가검토/1_법률/07_법인세법/3_시행규칙/서식/법인세법_시행규칙_20270101_시행예정_서식64의6_간접투자회사등의외국납부세액환급금납부계산서.pdf,PDF,2,e5f8c09025422952979c97b0bc6b4f41d59219eaba83c59fe00974c22a7d3be5,http://www.law.go.kr/LSW/flDownload.do?flSeq=168516415,OK,
B-1,법인세법,시행규칙,법인세법 시행규칙,007229,284993,20260320,00007,20270101,Y,재정경제부,서식,65,재해손실세액공제신청서,law_archive/B_추가검토/1_법률/07_법인세법/3_시행규칙/서식/법인세법_시행규칙_20270101_시행예정_서식65_재해손실세액공제신청서.pdf,PDF,1,22abcdf55a6d4cd4b34a120d16ffaa1345c4004a6b45f3ad0d64e5fde43325a9,http://www.law.go.kr/LSW/flDownload.do?flSeq=168516423,OK,
B-1,법인세법,시행규칙,법인세법 시행규칙,007229,284993,20260320,00007,20270101,Y,재정경제부,서식,65의2,신고기한 연장신청서,law_archive/B_추가검토/1_법률/07_법인세법/3_시행규칙/서식/법인세법_시행규칙_20270101_시행예정_서식65의2_신고기한연장신청서.pdf,PDF,1,a2094f3a19242a4a28b12aa3f2c1dc892d6754a893f0482715c79147bd17902e,http://www.law.go.kr/LSW/flDownload.do?flSeq=168516429,OK,
B-1,법인세법,시행규칙,법인세법 시행규칙,007229,284993,20260320,00007,20270101,Y,재정경제부,서식,66,삭제 &lt;2019. 3. 20.&gt;,law_archive/B_추가검토/1_법률/07_법인세법/3_시행규칙/서식/법인세법_시행규칙_20270101_시행예정_서식66_삭제.pdf,PDF,1,b6e493f8dbcb78fa9d9d3e691001e5038a28bb1d4098530305c6a725e50ba0eb,http://www.law.go.kr/LSW/flDownload.do?flSeq=168516435,삭제별표,
B-1,법인세법,시행규칙,법인세법 시행규칙,007229,284993,20260320,00007,20270101,Y,재정경제부,서식,67,삭제 &lt;2019. 3. 20.&gt;,law_archive/B_추가검토/1_법률/07_법인세법/3_시행규칙/서식/법인세법_시행규칙_20270101_시행예정_서식67_삭제.pdf,PDF,1,10634cecd990637686cbd9081ed046dca478cd8a7eb4ab56f406b44913b79b43,http://www.law.go.kr/LSW/flDownload.do?flSeq=168516441,삭제별표,
B-1,법인세법,시행규칙,법인세법 시행규칙,007229,284993,20260320,00007,20270101,Y,재정경제부,서식,68,소급공제법인세액환급신청서,law_archive/B_추가검토/1_법률/07_법인세법/3_시행규칙/서식/법인세법_시행규칙_20270101_시행예정_서식68_소급공제법인세액환급신청서.pdf,PDF,2,2d47ae745754e88717bf4279f680630e81c4223f21291779b96d0f64a3485780,http://www.law.go.kr/LSW/flDownload.do?flSeq=168516447,OK,
B-1,법인세법,시행규칙,법인세법 시행규칙,007229,284993,20260320,00007,20270101,Y,재정경제부,서식,68의2,삭제 &lt;2005.2.28&gt;,law_archive/B_추가검토/1_법률/07_법인세법/3_시행규칙/서식/법인세법_시행규칙_20270101_시행예정_서식68의2_삭제.pdf,PDF,1,6a30da6f6c6fa844b42de6d16b92335e439a37d3387c1ed7a041a905ce5090b5,http://www.law.go.kr/LSW/flDownload.do?flSeq=168516455,삭제별표,
B-1,법인세법,시행규칙,법인세법 시행규칙,007229,284993,20260320,00007,20270101,Y,재정경제부,서식,68의3,신탁재산에 대한 원천징수세액확인서,law_archive/B_추가검토/1_법률/07_법인세법/3_시행규칙/서식/법인세법_시행규칙_20270101_시행예정_서식68의3_신탁재산에대한원천징수세액확인서.pdf,PDF,2,c02ccee7f5a1c15caa869a29f15609968f7ff0cd21c2cd22502c75d55ca5b48b,http://www.law.go.kr/LSW/flDownload.do?flSeq=168516461,OK,
B-1,법인세법,시행규칙,법인세법 시행규칙,007229,284993,20260320,00007,20270101,Y,재정경제부,서식,68의4,환매조건부채권매매거래 확인서,law_archive/B_추가검토/1_법률/07_법인세법/3_시행규칙/서식/법인세법_시행규칙_20270101_시행예정_서식68의4_환매조건부채권매매거래확인서.pdf,PDF,1,181df54a74b0f0f1703c662727d6fe626e25bfd9ec09c2bed77364004da43e9a,http://www.law.go.kr/LSW/flDownload.do?flSeq=168516469,OK,
B-1,법인세법,시행규칙,법인세법 시행규칙,007229,284993,20260320,00007,20270101,Y,재정경제부,서식,68의5,대차거래채권 확인서,law_archive/B_추가검토/1_법률/07_법인세법/3_시행규칙/서식/법인세법_시행규칙_20270101_시행예정_서식68의5_대차거래채권확인서.pdf,PDF,1,d9efa205f9c82a68b51c4cb8a07149793bf921301ef526b5c84ce85f793da01a,http://www.law.go.kr/LSW/flDownload.do?flSeq=168516475,OK,
B-1,법인세법,시행규칙,법인세법 시행규칙,007229,284993,20260320,00007,20270101,Y,재정경제부,서식,68의6,대차거래채권매매거래 원천세액환급신청서,law_archive/B_추가검토/1_법률/07_법인세법/3_시행규칙/서식/법인세법_시행규칙_20270101_시행예정_서식68의6_대차거래채권매매거래원천세액환급신청서.pdf,PDF,2,dd1907ad4197b3edca3fb8c65f85a5aca22bb265cb3bcb52a7bd1b00bdbfc67d,http://www.law.go.kr/LSW/flDownload.do?flSeq=168516481,OK,
B-1,법인세법,시행규칙,법인세법 시행규칙,007229,284993,20260320,00007,20270101,Y,재정경제부,서식,69,삭제 &lt;2009.3.30&gt;,law_archive/B_추가검토/1_법률/07_법인세법/3_시행규칙/서식/법인세법_시행규칙_20270101_시행예정_서식69_삭제.pdf,PDF,1,f8dee6db64b556a4194eab8f9e44ef5b59a26774533a71fa3cb6846bfbd139f0,http://www.law.go.kr/LSW/flDownload.do?flSeq=168516489,삭제별표,
B-1,법인세법,시행규칙,법인세법 시행규칙,007229,284993,20260320,00007,20270101,Y,재정경제부,서식,70,자산교환명세서,law_archive/B_추가검토/1_법률/07_법인세법/3_시행규칙/서식/법인세법_시행규칙_20270101_시행예정_서식70_자산교환명세서.pdf,PDF,1,32213ccae130b49a4b0a053ed642d9a7eb2632950f5b34b5ab50eda982f3379e,http://www.law.go.kr/LSW/flDownload.do?flSeq=168516495,OK,
B-1,법인세법,시행규칙,법인세법 시행규칙,007229,284993,20260320,00007,20270101,Y,재정경제부,서식,71,삭제 &lt;2002.3.30&gt;,law_archive/B_추가검토/1_법률/07_법인세법/3_시행규칙/서식/법인세법_시행규칙_20270101_시행예정_서식71_삭제.pdf,PDF,1,d27aaadf805fe4002097e3cda55b77c6f8cb242f197ad007e08f21c3e2a2a7c6,http://www.law.go.kr/LSW/flDownload.do?flSeq=168516501,삭제별표,
B-1,법인세법,시행규칙,법인세법 시행규칙,007229,284993,20260320,00007,20270101,Y,재정경제부,서식,71의2,"소득공제신청서, 실질귀속자별 명세","law_archive/B_추가검토/1_법률/07_법인세법/3_시행규칙/서식/법인세법_시행규칙_20270101_시행예정_서식71의2_소득공제신청서,실질귀속자별명세.pdf",PDF,4,5580bf921449062d18c36c71071ede9c68d9c174d3493d2a573649ca928aa303,http://www.law.go.kr/LSW/flDownload.do?flSeq=168516507,OK,
B-1,법인세법,시행규칙,법인세법 시행규칙,007229,284993,20260320,00007,20270101,Y,재정경제부,서식,71의3,환매조건부채권매매거래 원천세액환급신청서,law_archive/B_추가검토/1_법률/07_법인세법/3_시행규칙/서식/법인세법_시행규칙_20270101_시행예정_서식71의3_환매조건부채권매매거래원천세액환급신청서.pdf,PDF,2,9302a99afadfd7e1637702ad364f88ff795f8710d7ba8e35cafc40fda693e4b1,http://www.law.go.kr/LSW/flDownload.do?flSeq=168516519,OK,
B-1,법인세법,시행규칙,법인세법 시행규칙,007229,284993,20260320,00007,20270101,Y,재정경제부,서식,71의4,국외특수관계인간 주식양도가액검토서,law_archive/B_추가검토/1_법률/07_법인세법/3_시행규칙/서식/법인세법_시행규칙_20270101_시행예정_서식71의4_국외특수관계인간주식양도가액검토서.pdf,PDF,2,c37e37b0056a97b180fde1436693e042a7bab66f4debe47a2aa6554b5c994828,https://www.law.go.kr/LSW/flDownload.do?flSeq=168516527,OK,
B-1,법인세법,시행규칙,법인세법 시행규칙,007229,284993,20260320,00007,20270101,Y,재정경제부,서식,71의5,외국법인 연락사무소 현황 명세서,law_archive/B_추가검토/1_법률/07_법인세법/3_시행규칙/서식/법인세법_시행규칙_20270101_시행예정_서식71의5_외국법인연락사무소현황명세서.pdf,PDF,2,a843ad4ad82eeba26fec88eca618400b8d5e9130897965663d91c2b9bd36366f,https://www.law.go.kr/LSW/flDownload.do?flSeq=168516535,OK,
B-1,법인세법,시행규칙,법인세법 시행규칙,007229,284993,20260320,00007,20270101,Y,재정경제부,서식,71의6,외국법인유가증권양도소득정산신고서,law_archive/B_추가검토/1_법률/07_법인세법/3_시행규칙/서식/법인세법_시행규칙_20270101_시행예정_서식71의6_외국법인유가증권양도소득정산신고서.pdf,PDF,2,75c2954941ddb2ea47fe116132531f476ba96dad1a6b3cd4821b1cdb8713a382,http://www.law.go.kr/LSW/flDownload.do?flSeq=168516543,OK,
B-1,법인세법,시행규칙,법인세법 시행규칙,007229,284993,20260320,00007,20270101,Y,재정경제부,서식,71의7,외국법인 유가증권양도소득 신고서,law_archive/B_추가검토/1_법률/07_법인세법/3_시행규칙/서식/법인세법_시행규칙_20270101_시행예정_서식71의7_외국법인유가증권양도소득신고서.pdf,PDF,1,d0327b9a813a35b7f87b356bd9cc070bbe7c018fcbeba538feeb7d2579f848d4,http://www.law.go.kr/LSW/flDownload.do?flSeq=168516551,OK,
B-1,법인세법,시행규칙,법인세법 시행규칙,007229,284993,20260320,00007,20270101,Y,재정경제부,서식,71의8,동업기업 과세특례적용 및 동업자 과세여부 확인서,law_archive/B_추가검토/1_법률/07_법인세법/3_시행규칙/서식/법인세법_시행규칙_20270101_시행예정_서식71의8_동업기업과세특례적용및동업자과세여부확인서.pdf,PDF,2,04ad1514d46feba34a352ecd0f22013882f140d2a7b5836d935bbba7254871d5,http://www.law.go.kr/LSW/flDownload.do?flSeq=168516557,OK,
B-1,법인세법,시행규칙,법인세법 시행규칙,007229,284993,20260320,00007,20270101,Y,재정경제부,서식,72,외국법인증여소득신고서,law_archive/B_추가검토/1_법률/07_법인세법/3_시행규칙/서식/법인세법_시행규칙_20270101_시행예정_서식72_외국법인증여소득신고서.pdf,PDF,2,a6b1fc443b613c8e2ae0553789dea8f1a89cfd9ca95e20ebbb8e78bac249e43c,http://www.law.go.kr/LSW/flDownload.do?flSeq=168516565,OK,
B-1,법인세법,시행규칙,법인세법 시행규칙,007229,284993,20260320,00007,20270101,Y,재정경제부,서식,72의2,국내원천소득 제한세율 적용신청서(외국법인용),law_archive/B_추가검토/1_법률/07_법인세법/3_시행규칙/서식/법인세법_시행규칙_20270101_시행예정_서식72의2_국내원천소득제한세율적용신청서(외국법인용).pdf,PDF,2,686ffbcdd78efd36cf41cd37ebbd065fdf8e609132434383e5d8b13ea30fe41f,http://www.law.go.kr/LSW/flDownload.do?flSeq=168516573,OK,
B-1,법인세법,시행규칙,법인세법 시행규칙,007229,284993,20260320,00007,20270101,Y,재정경제부,서식,72의3,제한세율 적용을 위한 경정청구서,law_archive/B_추가검토/1_법률/07_법인세법/3_시행규칙/서식/법인세법_시행규칙_20270101_시행예정_서식72의3_제한세율적용을위한경정청구서.pdf,PDF,1,d8af6b2c3a45e8701ce93edebfcb4c68911257010fb0401c0dd85f92183d05b2,http://www.law.go.kr/LSW/flDownload.do?flSeq=168516581,OK,
B-1,법인세법,시행규칙,법인세법 시행규칙,007229,284993,20260320,00007,20270101,Y,재정경제부,서식,72의4,조세조약상 비과세ㆍ면제 적용을 위한 경정청구서,law_archive/B_추가검토/1_법률/07_법인세법/3_시행규칙/서식/법인세법_시행규칙_20270101_시행예정_서식72의4_조세조약상비과세ㆍ면제적용을위한경정청구서.pdf,PDF,1,7c3286d1aac63326b4a97aa78ed9ae135534012644bebc0a95f105b6ab596049,http://www.law.go.kr/LSW/flDownload.do?flSeq=168516587,OK,
B-1,법인세법,시행규칙,법인세법 시행규칙,007229,284993,20260320,00007,20270101,Y,재정경제부,서식,72의5,실질귀속자 특례 국외투자기구 신고서,law_archive/B_추가검토/1_법률/07_법인세법/3_시행규칙/서식/법인세법_시행규칙_20270101_시행예정_서식72의5_실질귀속자특례국외투자기구신고서.pdf,PDF,2,f3acedcd9ef0990e5a0c282cd9c9e0d8252ea4072199ff0f3b7f2edbaf094c52,https://www.law.go.kr/LSW/flDownload.do?flSeq=168516593,OK,
B-1,법인세법,시행규칙,법인세법 시행규칙,007229,284993,20260320,00007,20270101,Y,재정경제부,서식,72의6,"국채 및 통화안정증권(이자소득, 양도소득)에 대한 비과세 신청서(외국법인용)","law_archive/B_추가검토/1_법률/07_법인세법/3_시행규칙/서식/법인세법_시행규칙_20270101_시행예정_서식72의6_국채및통화안정증권(이자소득,양도소득)에대한비과세신청서(외국법인용).pdf",PDF,4,43b8d37567044894a9c20dfc4bfe69870520accd41492cc8808a57462971bbad,http://www.law.go.kr/LSW/flDownload.do?flSeq=168516601,OK,
B-1,법인세법,시행규칙,법인세법 시행규칙,007229,284993,20260320,00007,20270101,Y,재정경제부,서식,72의7,삭제 &lt;2025. 3. 21.&gt;,law_archive/B_추가검토/1_법률/07_법인세법/3_시행규칙/서식/법인세법_시행규칙_20270101_시행예정_서식72의7_삭제.pdf,PDF,1,aa118edacb7bab93f256d1316c9b1940dc4f279d4526c59f3e2dbc88958f7cf1,http://www.law.go.kr/LSW/flDownload.do?flSeq=168516613,삭제별표,
B-1,법인세법,시행규칙,법인세법 시행규칙,007229,284993,20260320,00007,20270101,Y,재정경제부,서식,72의8,"국채등 (이자소득, 양도소득)에 대한 비과세 적용을 위한 경정청구서(외국법인용)","law_archive/B_추가검토/1_법률/07_법인세법/3_시행규칙/서식/법인세법_시행규칙_20270101_시행예정_서식72의8_국채등(이자소득,양도소득)에대한비과세적용을위한경정청구서(외국법인용).pdf",PDF,1,fd9488ca2cff52a7633891cd279871397e5dcdb4e257796bed895bf0d712ed40,http://www.law.go.kr/LSW/flDownload.do?flSeq=168516619,OK,
B-1,법인세법,시행규칙,법인세법 시행규칙,007229,284993,20260320,00007,20270101,Y,재정경제부,서식,73,"법인설립신고 및 사업자등록신청서, 국내사업장설치신고서(외국법인)","law_archive/B_추가검토/1_법률/07_법인세법/3_시행규칙/서식/법인세법_시행규칙_20270101_시행예정_서식73_법인설립신고및사업자등록신청서,국내사업장설치신고서(외국법인).pdf",PDF,2,7f6e4c7a70a0d2d873fe8b71788b1a0327c1a803246131efed61ddd3da093eaf,http://www.law.go.kr/LSW/flDownload.do?flSeq=168516625,OK,
B-1,법인세법,시행규칙,법인세법 시행규칙,007229,284993,20260320,00007,20270101,Y,재정경제부,서식,73의2,법인과세 신탁재산의 수탁자 변경신고서,law_archive/B_추가검토/1_법률/07_법인세법/3_시행규칙/서식/법인세법_시행규칙_20270101_시행예정_서식73의2_법인과세신탁재산의수탁자변경신고서.pdf,PDF,1,1e0e50401f8a9263b1df5573592c5a5b8e2d1e914d551550cbac9f4fb864ca79,http://www.law.go.kr/LSW/flDownload.do?flSeq=168516633,OK,
B-1,법인세법,시행규칙,법인세법 시행규칙,007229,284993,20260320,00007,20270101,Y,재정경제부,서식,74,주주등의 명세서,law_archive/B_추가검토/1_법률/07_법인세법/3_시행규칙/서식/법인세법_시행규칙_20270101_시행예정_서식74_주주등의명세서.pdf,PDF,1,a28987b2d381802265b9a2a8fbc5b26f18b8e87dcbd9b869f2a14a0e2acc668a,http://www.law.go.kr/LSW/flDownload.do?flSeq=168516639,OK,
B-1,법인세법,시행규칙,법인세법 시행규칙,007229,284993,20260320,00007,20270101,Y,재정경제부,서식,75,법인명ㆍ소재지 및 대표자변경신고서,law_archive/B_추가검토/1_법률/07_법인세법/3_시행규칙/서식/법인세법_시행규칙_20270101_시행예정_서식75_법인명ㆍ소재지및대표자변경신고서.pdf,PDF,1,677163a04bed97cc7576c57c34bf9d4c68c2aadb5f721899b887250b7f17dab8,http://www.law.go.kr/LSW/flDownload.do?flSeq=168516645,OK,
B-1,법인세법,시행규칙,법인세법 시행규칙,007229,284993,20260320,00007,20270101,Y,재정경제부,서식,75의2,기부자별 발급명세서,law_archive/B_추가검토/1_법률/07_법인세법/3_시행규칙/서식/법인세법_시행규칙_20270101_시행예정_서식75의2_기부자별발급명세서.pdf,PDF,1,8465efa71247aa2c7d83684531dd9a6fbbfaa084f50c3013c95e1122a273fa3c,http://www.law.go.kr/LSW/flDownload.do?flSeq=168516651,OK,
B-1,법인세법,시행규칙,법인세법 시행규칙,007229,284993,20260320,00007,20270101,Y,재정경제부,서식,75의3,기부금영수증 발급합계표,law_archive/B_추가검토/1_법률/07_법인세법/3_시행규칙/서식/법인세법_시행규칙_20270101_시행예정_서식75의3_기부금영수증발급합계표.pdf,PDF,1,93b8b3234a43d0e4522b5ff00929b339925d24e41bbbf77fb016674db1ac1a3d,http://www.law.go.kr/LSW/flDownload.do?flSeq=168516657,OK,
B-1,법인세법,시행규칙,법인세법 시행규칙,007229,284993,20260320,00007,20270101,Y,재정경제부,서식,75의4,비영리법인의 수익사업 개시신고서(사업자등록증 발급 신청서),law_archive/B_추가검토/1_법률/07_법인세법/3_시행규칙/서식/법인세법_시행규칙_20270101_시행예정_서식75의4_비영리법인의수익사업개시신고서(사업자등록증발급신청서).pdf,PDF,1,f70f9921963821e3702de9f7af548a7f5079bbdc8cdf49799508fcd75b6ad274,http://www.law.go.kr/LSW/flDownload.do?flSeq=168516663,OK,
B-1,법인세법,시행규칙,법인세법 시행규칙,007229,284993,20260320,00007,20270101,Y,재정경제부,서식,76,조사원증,law_archive/B_추가검토/1_법률/07_법인세법/3_시행규칙/서식/법인세법_시행규칙_20270101_시행예정_서식76_조사원증.pdf,PDF,1,180c038129673322c388e32729fe07eb9160a349ca6578b9be99606fa9612d88,https://www.law.go.kr/LSW/flDownload.do?flSeq=168516669,OK,
B-1,법인세법,시행규칙,법인세법 시행규칙,007229,284993,20260320,00007,20270101,Y,재정경제부,서식,76의2,"연결납세방식적용신청서, 연결모법인의 주요주주 상황, 연결자법인의 주주상황 등","law_archive/B_추가검토/1_법률/07_법인세법/3_시행규칙/서식/법인세법_시행규칙_20270101_시행예정_서식76의2_연결납세방식적용신청서,연결모법인의주요주주상황,연결자법인의주주상황등.pdf",PDF,4,0e81902a96e43d7dc7f86394ff28388171edb6418d701b6f063fceb9b0799e7c,http://www.law.go.kr/LSW/flDownload.do?flSeq=168516675,OK,
B-1,법인세법,시행규칙,법인세법 시행규칙,007229,284993,20260320,00007,20270101,Y,재정경제부,서식,76의3,연결납세방식포기신고서,law_archive/B_추가검토/1_법률/07_법인세법/3_시행규칙/서식/법인세법_시행규칙_20270101_시행예정_서식76의3_연결납세방식포기신고서.pdf,PDF,2,62a08328361d5a4780c7199e29bcae5ddeb31265fea2128356b3cc5712013200,http://www.law.go.kr/LSW/flDownload.do?flSeq=168516687,OK,
B-1,법인세법,시행규칙,법인세법 시행규칙,007229,284993,20260320,00007,20270101,Y,재정경제부,서식,76의4,연결법인변경신고서,law_archive/B_추가검토/1_법률/07_법인세법/3_시행규칙/서식/법인세법_시행규칙_20270101_시행예정_서식76의4_연결법인변경신고서.pdf,PDF,2,6bf0b7383d724e6720efe024dc6a78850fdd8288b4ef3d2232ac4d05adad89df,http://www.law.go.kr/LSW/flDownload.do?flSeq=168516695,OK,
B-1,법인세법,시행규칙,법인세법 시행규칙,007229,284993,20260320,00007,20270101,Y,재정경제부,서식,76의5,각 연결사업연도의 소득에 대한 법인세 과세표준 및 세액신고서,law_archive/B_추가검토/1_법률/07_법인세법/3_시행규칙/서식/법인세법_시행규칙_20270101_시행예정_서식76의5_각연결사업연도의소득에대한법인세과세표준및세액신고서.hwp,HWP,,4a0edd6b504f0eb102feca36726568ca58cb4361e07abff8fcb36bb5b3bf949c,http://www.law.go.kr/LSW/flDownload.do?flSeq=168516701,HWP대체(PDF실패),PDF 링크가 있었으나 실패(PDF→실패) → HWP 링크에서 HWP 원본
B-1,법인세법,시행규칙,법인세법 시행규칙,007229,284993,20260320,00007,20270101,Y,재정경제부,서식,76의6,연결집단 법인세 과세표준 및 세액조정계산서,law_archive/B_추가검토/1_법률/07_법인세법/3_시행규칙/서식/법인세법_시행규칙_20270101_시행예정_서식76의6_연결집단법인세과세표준및세액조정계산서.pdf,PDF,2,bf9d338c73473b8b8c0f489909ead7285b988640c8bfba0f447bf09154637202,http://www.law.go.kr/LSW/flDownload.do?flSeq=168516711,OK,
B-1,법인세법,시행규칙,법인세법 시행규칙,007229,284993,20260320,00007,20270101,Y,재정경제부,서식,76의7,연결소득금액 조정명세서,law_archive/B_추가검토/1_법률/07_법인세법/3_시행규칙/서식/법인세법_시행규칙_20270101_시행예정_서식76의7_연결소득금액조정명세서.pdf,PDF,2,14ae98d1a93fb6fc1589f4ddc831a44cde2ce76dda4958cc8f7cf5e948d8137a,http://www.law.go.kr/LSW/flDownload.do?flSeq=168516719,OK,
B-1,법인세법,시행규칙,법인세법 시행규칙,007229,284993,20260320,00007,20270101,Y,재정경제부,서식,76의8,연결법인간 이연대상 자산양도소득 조정명세서,law_archive/B_추가검토/1_법률/07_법인세법/3_시행규칙/서식/법인세법_시행규칙_20270101_시행예정_서식76의8_연결법인간이연대상자산양도소득조정명세서.pdf,PDF,2,1acb3a9a4de150b4fbb76f1f81f1d245e1dfc280dad61b12551b03d2e801aeac,http://www.law.go.kr/LSW/flDownload.do?flSeq=168516727,OK,
B-1,법인세법,시행규칙,법인세법 시행규칙,007229,284993,20260320,00007,20270101,Y,재정경제부,서식,76의9,연결법인간 이연대상 자산양도손실 조정명세서,law_archive/B_추가검토/1_법률/07_법인세법/3_시행규칙/서식/법인세법_시행규칙_20270101_시행예정_서식76의9_연결법인간이연대상자산양도손실조정명세서.pdf,PDF,2,a007a56cd2aa60d3d1bb12a29c0cffaa2e6d2d71588339c89c6f5fb52122247f,http://www.law.go.kr/LSW/flDownload.do?flSeq=168516735,OK,
B-1,법인세법,시행규칙,법인세법 시행규칙,007229,284993,20260320,00007,20270101,Y,재정경제부,서식,76의10,연결법인 채권에 대한 대손충당금상당액 조정명세서,law_archive/B_추가검토/1_법률/07_법인세법/3_시행규칙/서식/법인세법_시행규칙_20270101_시행예정_서식76의10_연결법인채권에대한대손충당금상당액조정명세서.pdf,PDF,2,c7257d537c209a009a7d16835be478d62687278c7390705cd23022f01009f579,http://www.law.go.kr/LSW/flDownload.do?flSeq=168516743,OK,
B-1,법인세법,시행규칙,법인세법 시행규칙,007229,284993,20260320,00007,20270101,Y,재정경제부,서식,76의11,피합병법인으로부터 양도받은 자산 및 연결취득자법인의 자산 처분손실 조정명세서,law_archive/B_추가검토/1_법률/07_법인세법/3_시행규칙/서식/법인세법_시행규칙_20270101_시행예정_서식76의11_피합병법인으로부터양도받은자산및연결취득자법인의자산처분손실조정명세서.pdf,PDF,2,cbd6621ca7dfd51fe0bf2d1e556db583482136ed0fac489db3419f0ee6c8986f,http://www.law.go.kr/LSW/flDownload.do?flSeq=168516751,OK,
B-1,법인세법,시행규칙,법인세법 시행규칙,007229,284993,20260320,00007,20270101,Y,재정경제부,서식,76의12,연결법인 이월결손금 등 명세서,law_archive/B_추가검토/1_법률/07_법인세법/3_시행규칙/서식/법인세법_시행규칙_20270101_시행예정_서식76의12_연결법인이월결손금등명세서.pdf,PDF,5,69be8f571a481fa53ca0c281cb2f5b46b62faede144d37049e7b7219b63b03a5,http://www.law.go.kr/LSW/flDownload.do?flSeq=168516759,OK,
B-1,법인세법,시행규칙,법인세법 시행규칙,007229,284993,20260320,00007,20270101,Y,재정경제부,서식,76의13,연결법인간 출자현황 신고서 및 연결법인간 거래명세서,law_archive/B_추가검토/1_법률/07_법인세법/3_시행규칙/서식/법인세법_시행규칙_20270101_시행예정_서식76의13_연결법인간출자현황신고서및연결법인간거래명세서.pdf,PDF,3,2c0bd40b5c27403da8d6ddcdc7cafa84244f0d00dc85dd264949e48f88e5b1f7,http://www.law.go.kr/LSW/flDownload.do?flSeq=168516773,OK,
B-1,법인세법,시행규칙,법인세법 시행규칙,007229,284993,20260320,00007,20270101,Y,재정경제부,서식,76의14,"연결법인 수입배당금액 조정명세서(갑), 연결법인 수입배당금액 조정명세서(을)","law_archive/B_추가검토/1_법률/07_법인세법/3_시행규칙/서식/법인세법_시행규칙_20270101_시행예정_서식76의14_연결법인수입배당금액조정명세서(갑),연결법인수입배당금액조정명세서(을).pdf",PDF,4,a8a1e8ac0f48fddd1cce4e3c4220f28ab509bb20309c658aad1da1a2b79f3523,http://www.law.go.kr/LSW/flDownload.do?flSeq=168516783,OK,
B-1,법인세법,시행규칙,법인세법 시행규칙,007229,284993,20260320,00007,20270101,Y,재정경제부,서식,76의15,"연결법인 기업업무추진비 조정명세서(갑, 을)","law_archive/B_추가검토/1_법률/07_법인세법/3_시행규칙/서식/법인세법_시행규칙_20270101_시행예정_서식76의15_연결법인기업업무추진비조정명세서(갑,을).pdf",PDF,4,22b99f81e17be0f1c345fa93dbfbb97ed6f1db3e24c578cb1e01f234d58271a6,http://www.law.go.kr/LSW/flDownload.do?flSeq=168516795,OK,
B-1,법인세법,시행규칙,법인세법 시행규칙,007229,284993,20260320,00007,20270101,Y,재정경제부,서식,76의16,"연결법인 기부금 조정명세서(갑, 을)","law_archive/B_추가검토/1_법률/07_법인세법/3_시행규칙/서식/법인세법_시행규칙_20270101_시행예정_서식76의16_연결법인기부금조정명세서(갑,을).pdf",PDF,5,1025da2038ca0a54ab08a3f2bb02bca891bc3cf8dd62cd3959d08f2db35071eb,http://www.law.go.kr/LSW/flDownload.do?flSeq=168516807,OK,
B-1,법인세법,시행규칙,법인세법 시행규칙,007229,284993,20260320,00007,20270101,Y,재정경제부,서식,76의17,"연결법인 가산세액 계산서(갑, 을)","law_archive/B_추가검토/1_법률/07_법인세법/3_시행규칙/서식/법인세법_시행규칙_20270101_시행예정_서식76의17_연결법인가산세액계산서(갑,을).pdf",PDF,5,5d8544708c6370bb0f554602e3265b3db37daec05a7723815d4e5ccf0ccf2acb,http://www.law.go.kr/LSW/flDownload.do?flSeq=168516821,OK,
B-1,법인세법,시행규칙,법인세법 시행규칙,007229,284993,20260320,00007,20270101,Y,재정경제부,서식,76의18,연결법인 중소기업 등 기준검토표(연결집단용),law_archive/B_추가검토/1_법률/07_법인세법/3_시행규칙/서식/법인세법_시행규칙_20270101_시행예정_서식76의18_연결법인중소기업등기준검토표(연결집단용).pdf,PDF,4,7dc3e4a8bb34fec8acfa867a445fdd0fbe77f8da73471e0f495b6bf0b2d546dc,http://www.law.go.kr/LSW/flDownload.do?flSeq=168516835,OK,
B-1,법인세법,시행규칙,법인세법 시행규칙,007229,284993,20260320,00007,20270101,Y,재정경제부,서식,76의19,연결법인 농어촌특별세 과세표준 및 세액신고서,law_archive/B_추가검토/1_법률/07_법인세법/3_시행규칙/서식/법인세법_시행규칙_20270101_시행예정_서식76의19_연결법인농어촌특별세과세표준및세액신고서.pdf,PDF,2,869a347954b61948c4a5c5754c6c0289463a31dccc45b82d17c4af1d8aba5b23,http://www.law.go.kr/LSW/flDownload.do?flSeq=168516847,OK,
B-1,법인세법,시행규칙,법인세법 시행규칙,007229,284993,20260320,00007,20270101,Y,재정경제부,서식,76의20,연결법인 농어촌특별세 과세표준 및 세액조정계산서(연결집단),law_archive/B_추가검토/1_법률/07_법인세법/3_시행규칙/서식/법인세법_시행규칙_20270101_시행예정_서식76의20_연결법인농어촌특별세과세표준및세액조정계산서(연결집단).pdf,PDF,3,da58a857add50294e888f3eb9d73ceda73112346720ea899029161c86e49b0d0,http://www.law.go.kr/LSW/flDownload.do?flSeq=168516855,OK,
B-1,법인세법,시행규칙,법인세법 시행규칙,007229,284993,20260320,00007,20270101,Y,재정경제부,서식,76의21,연결법인 농어촌특별세 과세표준 및 세액조정계산서(연결법인별),law_archive/B_추가검토/1_법률/07_법인세법/3_시행규칙/서식/법인세법_시행규칙_20270101_시행예정_서식76의21_연결법인농어촌특별세과세표준및세액조정계산서(연결법인별).pdf,PDF,4,16d5c08d3184877ea196f99512bcdb694893424c285f11918b40396453a629c0,http://www.law.go.kr/LSW/flDownload.do?flSeq=168516865,OK,
B-1,법인세법,시행규칙,법인세법 시행규칙,007229,284993,20260320,00007,20270101,Y,재정경제부,서식,76의22,연결(모ㆍ자)법인별 기본사항 및 법인세 신고서,law_archive/B_추가검토/1_법률/07_법인세법/3_시행규칙/서식/법인세법_시행규칙_20270101_시행예정_서식76의22_연결(모ㆍ자)법인별기본사항및법인세신고서.pdf,PDF,2,3df6c2703ff880993f721631aed314c69384bae62f4732467652c64d74e372a7,http://www.law.go.kr/LSW/flDownload.do?flSeq=168516877,OK,
B-1,법인세법,시행규칙,법인세법 시행규칙,007229,284993,20260320,00007,20270101,Y,재정경제부,서식,76의23,연결법인별 법인세 과세표준 및 세액조정계산서,law_archive/B_추가검토/1_법률/07_법인세법/3_시행규칙/서식/법인세법_시행규칙_20270101_시행예정_서식76의23_연결법인별법인세과세표준및세액조정계산서.pdf,PDF,2,5b8f22d0783c21d361239c69f3ffdc646846a91342f4ceebc707ec5e6859548b,http://www.law.go.kr/LSW/flDownload.do?flSeq=168516885,OK,
B-1,법인세법,시행규칙,법인세법 시행규칙,007229,284993,20260320,00007,20270101,Y,재정경제부,서식,76의24,"(연결법인, 연결집단)최저한세 조정계산서","law_archive/B_추가검토/1_법률/07_법인세법/3_시행규칙/서식/법인세법_시행규칙_20270101_시행예정_서식76의24_(연결법인,연결집단)최저한세조정계산서.pdf",PDF,2,c33ea4b8355e099590094fe859aa2fb6810909b0157b55629ee8df152ffeb23f,http://www.law.go.kr/LSW/flDownload.do?flSeq=168516893,OK,
B-1,법인세법,시행규칙,법인세법 시행규칙,007229,284993,20260320,00007,20270101,Y,재정경제부,서식,76의25,연결법인 소득구분계산서,law_archive/B_추가검토/1_법률/07_법인세법/3_시행규칙/서식/법인세법_시행규칙_20270101_시행예정_서식76의25_연결법인소득구분계산서.pdf,PDF,2,1d4c3f476e15dcbc995166237abb6ef7ca51d52f8ae61806eeaaba698e95d6e5,http://www.law.go.kr/LSW/flDownload.do?flSeq=168516901,OK,
B-1,법인세법,시행규칙,법인세법 시행규칙,007229,284993,20260320,00007,20270101,Y,재정경제부,서식,76의26,연결법인 법인세 중간예납 신고납부계산서,law_archive/B_추가검토/1_법률/07_법인세법/3_시행규칙/서식/법인세법_시행규칙_20270101_시행예정_서식76의26_연결법인법인세중간예납신고납부계산서.pdf,PDF,2,c5420c1daea87f924bc57eb97b9ef8c632b5b0b7e1914c449eb5c166d18b4d75,http://www.law.go.kr/LSW/flDownload.do?flSeq=168516909,OK,
B-1,법인세법,시행규칙,법인세법 시행규칙,007229,284993,20260320,00007,20270101,Y,재정경제부,서식,77,"지출증명서류 합계표(일반법인, 금융ㆍ보험ㆍ증권업 법인)","law_archive/B_추가검토/1_법률/07_법인세법/3_시행규칙/서식/법인세법_시행규칙_20270101_시행예정_서식77_지출증명서류합계표(일반법인,금융ㆍ보험ㆍ증권업법인).pdf",PDF,2,c6852c16feca69f18360d4cae056002370d4beac7afa10624bf8e8da913b59b3,http://www.law.go.kr/LSW/flDownload.do?flSeq=168516917,OK,
B-1,법인세법,시행규칙,법인세법 시행규칙,007229,284993,20260320,00007,20270101,Y,재정경제부,서식,78,삭제 &lt;2010.3.31&gt;,law_archive/B_추가검토/1_법률/07_법인세법/3_시행규칙/서식/법인세법_시행규칙_20270101_시행예정_서식78_삭제.pdf,PDF,1,09c290b4dce983c8f4b02febe54d51e2023efc2ac947d9c38c900be2c60ceb71,http://www.law.go.kr/LSW/flDownload.do?flSeq=168516925,삭제별표,
B-1,법인세법,시행규칙,법인세법 시행규칙,007229,284993,20260320,00007,20270101,Y,재정경제부,서식,79,보정요구서,law_archive/B_추가검토/1_법률/07_법인세법/3_시행규칙/서식/법인세법_시행규칙_20270101_시행예정_서식79_보정요구서.pdf,PDF,1,f84e3f0a45463b605b3515117d2de9f77324e1853e2d6a3d474a7b024683445b,http://www.law.go.kr/LSW/flDownload.do?flSeq=168516931,OK,
B-1,법인세법,시행규칙,법인세법 시행규칙,007229,284993,20260320,00007,20270101,Y,재정경제부,서식,80,국내사업장이 없는 외국법인의 인적용역소득 신고서,law_archive/B_추가검토/1_법률/07_법인세법/3_시행규칙/서식/법인세법_시행규칙_20270101_시행예정_서식80_국내사업장이없는외국법인의인적용역소득신고서.pdf,PDF,2,3a2800869626b7fd5fb47551d51abe35ff817be31ad7253c78e5e50f752e2ff9,https://www.law.go.kr/LSW/flDownload.do?flSeq=168516937,OK,
B-1,법인세법,시행규칙,법인세법 시행규칙,007229,284993,20260320,00007,20270101,Y,재정경제부,서식,81,가상자산거래명세서(사업자 제출용-분기별),law_archive/B_추가검토/1_법률/07_법인세법/3_시행규칙/서식/법인세법_시행규칙_20270101_시행예정_서식81_가상자산거래명세서(사업자제출용-분기별).pdf,PDF,3,c29d3a36f455069f1b5840f6a5dc66b8a20d8cde9ee278cc2fddf225f72bf309,http://www.law.go.kr/LSW/flDownload.do?flSeq=168516945,OK,
B-1,법인세법,시행규칙,법인세법 시행규칙,007229,284993,20260320,00007,20270101,Y,재정경제부,서식,82,가상자산거래집계표(가상자산사업자 제출용-연간),law_archive/B_추가검토/1_법률/07_법인세법/3_시행규칙/서식/법인세법_시행규칙_20270101_시행예정_서식82_가상자산거래집계표(가상자산사업자제출용-연간).pdf,PDF,2,7d8d79fe9fd766d91499d9f15916373a374f795bb5bd5807969a07d1e86515e3,http://www.law.go.kr/LSW/flDownload.do?flSeq=168516955,OK,
B-1,법인세법,시행규칙,법인세법 시행규칙,007229,284993,20260320,00007,20270101,Y,재정경제부,서식,82의2,삭제 &lt;2021. 3. 16.&gt;,law_archive/B_추가검토/1_법률/07_법인세법/3_시행규칙/서식/법인세법_시행규칙_20270101_시행예정_서식82의2_삭제.pdf,PDF,1,bfd6a9039f4724bad5d43913d909f7938fa52065c567b16e59f4824bfba273b8,http://www.law.go.kr/LSW/flDownload.do?flSeq=168516963,삭제별표,
B-1,법인세법,시행규칙,법인세법 시행규칙,007229,284993,20260320,00007,20270101,Y,재정경제부,서식,83,삭제 &lt;2021. 3. 16.&gt;,law_archive/B_추가검토/1_법률/07_법인세법/3_시행규칙/서식/법인세법_시행규칙_20270101_시행예정_서식83_삭제.pdf,PDF,1,97006f77234d5a0630e5545909f5c7dac842064a747f502702f0875cd2cc1d7a,http://www.law.go.kr/LSW/flDownload.do?flSeq=168516969,삭제별표,
B-1,법인세법,시행규칙,법인세법 시행규칙,007229,284993,20260320,00007,20270101,Y,재정경제부,서식,84,삭제 &lt;2021. 3. 16.&gt;,law_archive/B_추가검토/1_법률/07_법인세법/3_시행규칙/서식/법인세법_시행규칙_20270101_시행예정_서식84_삭제.pdf,PDF,1,df3204c99bbec39bc44d520106b2eb397e09de37029fd2b88cbf4b38c8b93a1d,http://www.law.go.kr/LSW/flDownload.do?flSeq=168516975,삭제별표,
B-1,법인세법,시행규칙,법인세법 시행규칙,007229,284993,20260320,00007,20270101,Y,재정경제부,서식,85,삭제 &lt;2021. 3. 16.&gt;,law_archive/B_추가검토/1_법률/07_법인세법/3_시행규칙/서식/법인세법_시행규칙_20270101_시행예정_서식85_삭제.pdf,PDF,1,c244aaa27d2610990e3b323e6fa2a8ff0e4fc3e05232df36a9815d57861ac4de,http://www.law.go.kr/LSW/flDownload.do?flSeq=168516981,삭제별표,
