doc_id,corp_label,doc_kind,section,pages,field,regex,hits
연차보고서__KB금융지주_지배구조연차보고서_2026,KB금융지주,연차보고서,문서 전체,1~328,risk_committee,위험관리\s*위원회|리스크\s*관리\s*위원회|리스크위원회|Risk\s*Management\s*Committee,141
연차보고서__KB금융지주_지배구조연차보고서_2026,KB금융지주,연차보고서,문서 전체,1~328,group_council,(리스크|위험)\s*(관리)?\s*(실무)?\s*(협의회|협의체|심의회)|리스크정책위원회|실무\s*위원회|실무\s*협의회,21
연차보고서__KB금융지주_지배구조연차보고서_2026,KB금융지주,연차보고서,문서 전체,1~328,cro,CRO|위험관리\s*책임자|리스크\s*관리\s*책임자|최고\s*리스크|Chief\s*Risk,6
연차보고서__KB금융지주_지배구조연차보고서_2026,KB금융지주,연차보고서,문서 전체,1~328,raf,위험\s*선호|리스크\s*선호|Risk\s*Appetite|RAF|위험\s*성향|리스크\s*성향|(위험|리스크)\s*한도|허용\s*한도|한도\s*(관리|설정|배분)|(위험)?자본\s*배분|위험\s*자본\s*(한도|배분),27
연차보고서__KB금융지주_지배구조연차보고서_2026,KB금융지주,연차보고서,문서 전체,1~328,measurement,요구\s*자본|내부\s*자본|가용\s*자본|통합\s*(위험|리스크)|VaR|자본\s*적정성|ICAAP|위험\s*자본|경제적\s*자본|Risk\s*Capital|위험\s*측정|리스크\s*측정,29
연차보고서__KB금융지주_지배구조연차보고서_2026,KB금융지주,연차보고서,문서 전체,1~328,reporting,"(리스크|위험)[^.。]{0,40}보고|보고[^.。]{0,20}(리스크|위험)|MIS|모니터링|리스크\s*관리\s*시스템",61
연차보고서__KB금융지주_지배구조연차보고서_2026,KB금융지주,연차보고서,문서 전체,1~328,stress,위기\s*상황\s*분석|스트레스\s*테스트|Stress|위기\s*상황\s*시나리오|비상\s*(조달|자금|계획)|컨틴전시|Contingency|위기\s*관리,22
연차보고서__KB금융지주_지배구조연차보고서_2026,KB금융지주,연차보고서,문서 전체,1~328,oprisk,운영\s*(리스크|위험)|손실\s*사건|손실\s*데이터|BCP|업무\s*연속성|위탁|IT\s*리스크|정보\s*보호|사이버,19
연차보고서__KB금융지주_지배구조연차보고서_2026,KB금융지주,연차보고서,문서 전체,1~328,compensation,"성과\s*보수|이연\s*지급|환수|Clawback|클로백|(리스크|위험)\s*(를|을)?\s*(고려|반영|조정)[^.。]{0,20}(성과|보수|평가)|(성과|보수)[^.。]{0,30}(리스크|위험)\s*(조정|반영|고려)|보수\s*체계|보수\s*정책|리스크\s*조정",354
연차보고서__KB금융지주_지배구조연차보고서_2026,KB금융지주,연차보고서,문서 전체,1~328,org,리스크\s*관리\s*(부|팀|본부|부문|실|총괄|그룹|센터|조직)|위험\s*관리\s*(부|팀|본부|부문|실|조직|전담)|리스크\s*총괄|리스크\s*검증|전담\s*조직|리스크\s*관리\s*인력,24
연차보고서__KB금융지주_지배구조연차보고서_2026,KB금융지주,연차보고서,문서 전체,1~328,subsidiary_control,"사전\s*협의|사전\s*승인|협의\s*사항|승인\s*사항|공문|공식\s*문서|자회사[^.。]{0,30}(평가|지시|요청|통보)|(CRO|위험관리\s*책임자|리스크\s*관리\s*책임자)[^.。]{0,30}평가",44
연차보고서__KB금융지주_지배구조연차보고서_2026,KB금융지주,연차보고서,문서 전체,1~328,model_validation,모형\s*검증|모델\s*검증|검증\s*(조직|부서|팀|결과|주기)|독립적\s*(인\s*)?검증|적합성\s*검증|사후\s*검증|백\s*테스팅|Back\s*-?\s*testing|Validation,10
연차보고서__KB금융지주_지배구조연차보고서_2026,KB금융지주,연차보고서,문서 전체,1~328,internal_capital,내부\s*자본|자본\s*버퍼|완충\s*자본|목표\s*(비율|수준)|내부\s*목표|자본\s*적정성\s*평가|ICAAP|경제적\s*자본|위험\s*자본,13
연차보고서__KB금융지주_지배구조연차보고서_2026,KB금융지주,연차보고서,문서 전체,1~328,early_warning,조기\s*경보|Early\s*Warning|EWS|위기\s*단계|위기\s*상황\s*(단계|등급|판단)|비상\s*(대응|대책)|위기\s*대응|컨틴전시|Contingency,3
연차보고서__KB금융지주_지배구조연차보고서_2026,KB금융지주,연차보고서,문서 전체,1~328,contagion,"(위험|리스크)[^.。]{0,10}전이|전이\s*(위험|리스크|효과)|전염|교차\s*판매|공동\s*(상품|개발|영업|마케팅)|계열\s*(사)?\s*(판매|거래)\s*비중|평판\s*(리스크|위험)|그룹\s*내\s*(거래|위험)|복합\s*점포|이해\s*상충",28
연차보고서__KB금융지주_지배구조연차보고서_2026,KB금융지주,연차보고서,문서 전체,1~328,related_party,대주주|특수\s*관계|계열\s*(회사|사)?\s*(간|와의)?\s*거래|자회사\s*등?\s*과의\s*거래|내부\s*거래|신용\s*공여,24
연차보고서__KB금융지주_지배구조연차보고서_2026,KB금융지주,연차보고서,문서 전체,1~328,icfr,내부\s*회계|연결\s*내부\s*회계|ICFR,30
연차보고서__KB금융지주_지배구조연차보고서_2026,KB금융지주,연차보고서,문서 전체,1~328,internal_control,내부\s*통제|준법\s*감시|내부\s*감사,287
연차보고서__KB금융지주_지배구조연차보고서_2026,KB금융지주,연차보고서,문서 전체,1~328,holding_plan,"지주\s*회사[^.。]{0,40}(운영|체제|계획|역할|기능|전략)|(경영|운영)\s*계획|자회사\s*(관리|편입)|그룹\s*(통합|시너지)",59
연차보고서__KB금융지주_지배구조연차보고서_2026_추가공시,KB금융지주,연차보고서,문서 전체,1~328,risk_committee,위험관리\s*위원회|리스크\s*관리\s*위원회|리스크위원회|Risk\s*Management\s*Committee,139
연차보고서__KB금융지주_지배구조연차보고서_2026_추가공시,KB금융지주,연차보고서,문서 전체,1~328,group_council,(리스크|위험)\s*(관리)?\s*(실무)?\s*(협의회|협의체|심의회)|리스크정책위원회|실무\s*위원회|실무\s*협의회,21
연차보고서__KB금융지주_지배구조연차보고서_2026_추가공시,KB금융지주,연차보고서,문서 전체,1~328,cro,CRO|위험관리\s*책임자|리스크\s*관리\s*책임자|최고\s*리스크|Chief\s*Risk,6
연차보고서__KB금융지주_지배구조연차보고서_2026_추가공시,KB금융지주,연차보고서,문서 전체,1~328,raf,위험\s*선호|리스크\s*선호|Risk\s*Appetite|RAF|위험\s*성향|리스크\s*성향|(위험|리스크)\s*한도|허용\s*한도|한도\s*(관리|설정|배분)|(위험)?자본\s*배분|위험\s*자본\s*(한도|배분),27
연차보고서__KB금융지주_지배구조연차보고서_2026_추가공시,KB금융지주,연차보고서,문서 전체,1~328,measurement,요구\s*자본|내부\s*자본|가용\s*자본|통합\s*(위험|리스크)|VaR|자본\s*적정성|ICAAP|위험\s*자본|경제적\s*자본|Risk\s*Capital|위험\s*측정|리스크\s*측정,28
연차보고서__KB금융지주_지배구조연차보고서_2026_추가공시,KB금융지주,연차보고서,문서 전체,1~328,reporting,"(리스크|위험)[^.。]{0,40}보고|보고[^.。]{0,20}(리스크|위험)|MIS|모니터링|리스크\s*관리\s*시스템",61
연차보고서__KB금융지주_지배구조연차보고서_2026_추가공시,KB금융지주,연차보고서,문서 전체,1~328,stress,위기\s*상황\s*분석|스트레스\s*테스트|Stress|위기\s*상황\s*시나리오|비상\s*(조달|자금|계획)|컨틴전시|Contingency|위기\s*관리,22
연차보고서__KB금융지주_지배구조연차보고서_2026_추가공시,KB금융지주,연차보고서,문서 전체,1~328,oprisk,운영\s*(리스크|위험)|손실\s*사건|손실\s*데이터|BCP|업무\s*연속성|위탁|IT\s*리스크|정보\s*보호|사이버,19
연차보고서__KB금융지주_지배구조연차보고서_2026_추가공시,KB금융지주,연차보고서,문서 전체,1~328,compensation,"성과\s*보수|이연\s*지급|환수|Clawback|클로백|(리스크|위험)\s*(를|을)?\s*(고려|반영|조정)[^.。]{0,20}(성과|보수|평가)|(성과|보수)[^.。]{0,30}(리스크|위험)\s*(조정|반영|고려)|보수\s*체계|보수\s*정책|리스크\s*조정",354
연차보고서__KB금융지주_지배구조연차보고서_2026_추가공시,KB금융지주,연차보고서,문서 전체,1~328,org,리스크\s*관리\s*(부|팀|본부|부문|실|총괄|그룹|센터|조직)|위험\s*관리\s*(부|팀|본부|부문|실|조직|전담)|리스크\s*총괄|리스크\s*검증|전담\s*조직|리스크\s*관리\s*인력,24
연차보고서__KB금융지주_지배구조연차보고서_2026_추가공시,KB금융지주,연차보고서,문서 전체,1~328,subsidiary_control,"사전\s*협의|사전\s*승인|협의\s*사항|승인\s*사항|공문|공식\s*문서|자회사[^.。]{0,30}(평가|지시|요청|통보)|(CRO|위험관리\s*책임자|리스크\s*관리\s*책임자)[^.。]{0,30}평가",44
연차보고서__KB금융지주_지배구조연차보고서_2026_추가공시,KB금융지주,연차보고서,문서 전체,1~328,model_validation,모형\s*검증|모델\s*검증|검증\s*(조직|부서|팀|결과|주기)|독립적\s*(인\s*)?검증|적합성\s*검증|사후\s*검증|백\s*테스팅|Back\s*-?\s*testing|Validation,10
연차보고서__KB금융지주_지배구조연차보고서_2026_추가공시,KB금융지주,연차보고서,문서 전체,1~328,internal_capital,내부\s*자본|자본\s*버퍼|완충\s*자본|목표\s*(비율|수준)|내부\s*목표|자본\s*적정성\s*평가|ICAAP|경제적\s*자본|위험\s*자본,13
연차보고서__KB금융지주_지배구조연차보고서_2026_추가공시,KB금융지주,연차보고서,문서 전체,1~328,early_warning,조기\s*경보|Early\s*Warning|EWS|위기\s*단계|위기\s*상황\s*(단계|등급|판단)|비상\s*(대응|대책)|위기\s*대응|컨틴전시|Contingency,3
연차보고서__KB금융지주_지배구조연차보고서_2026_추가공시,KB금융지주,연차보고서,문서 전체,1~328,contagion,"(위험|리스크)[^.。]{0,10}전이|전이\s*(위험|리스크|효과)|전염|교차\s*판매|공동\s*(상품|개발|영업|마케팅)|계열\s*(사)?\s*(판매|거래)\s*비중|평판\s*(리스크|위험)|그룹\s*내\s*(거래|위험)|복합\s*점포|이해\s*상충",28
연차보고서__KB금융지주_지배구조연차보고서_2026_추가공시,KB금융지주,연차보고서,문서 전체,1~328,related_party,대주주|특수\s*관계|계열\s*(회사|사)?\s*(간|와의)?\s*거래|자회사\s*등?\s*과의\s*거래|내부\s*거래|신용\s*공여,24
연차보고서__KB금융지주_지배구조연차보고서_2026_추가공시,KB금융지주,연차보고서,문서 전체,1~328,icfr,내부\s*회계|연결\s*내부\s*회계|ICFR,30
연차보고서__KB금융지주_지배구조연차보고서_2026_추가공시,KB금융지주,연차보고서,문서 전체,1~328,internal_control,내부\s*통제|준법\s*감시|내부\s*감사,281
연차보고서__KB금융지주_지배구조연차보고서_2026_추가공시,KB금융지주,연차보고서,문서 전체,1~328,holding_plan,"지주\s*회사[^.。]{0,40}(운영|체제|계획|역할|기능|전략)|(경영|운영)\s*계획|자회사\s*(관리|편입)|그룹\s*(통합|시너지)",59
연차보고서__신한금융지주_지배구조연차보고서_2026,신한금융지주,연차보고서,문서 전체,1~316,risk_committee,위험관리\s*위원회|리스크\s*관리\s*위원회|리스크위원회|Risk\s*Management\s*Committee,187
연차보고서__신한금융지주_지배구조연차보고서_2026,신한금융지주,연차보고서,문서 전체,1~316,group_council,(리스크|위험)\s*(관리)?\s*(실무)?\s*(협의회|협의체|심의회)|리스크정책위원회|실무\s*위원회|실무\s*협의회,66
연차보고서__신한금융지주_지배구조연차보고서_2026,신한금융지주,연차보고서,문서 전체,1~316,cro,CRO|위험관리\s*책임자|리스크\s*관리\s*책임자|최고\s*리스크|Chief\s*Risk,36
연차보고서__신한금융지주_지배구조연차보고서_2026,신한금융지주,연차보고서,문서 전체,1~316,raf,위험\s*선호|리스크\s*선호|Risk\s*Appetite|RAF|위험\s*성향|리스크\s*성향|(위험|리스크)\s*한도|허용\s*한도|한도\s*(관리|설정|배분)|(위험)?자본\s*배분|위험\s*자본\s*(한도|배분),45
연차보고서__신한금융지주_지배구조연차보고서_2026,신한금융지주,연차보고서,문서 전체,1~316,measurement,요구\s*자본|내부\s*자본|가용\s*자본|통합\s*(위험|리스크)|VaR|자본\s*적정성|ICAAP|위험\s*자본|경제적\s*자본|Risk\s*Capital|위험\s*측정|리스크\s*측정,18
연차보고서__신한금융지주_지배구조연차보고서_2026,신한금융지주,연차보고서,문서 전체,1~316,reporting,"(리스크|위험)[^.。]{0,40}보고|보고[^.。]{0,20}(리스크|위험)|MIS|모니터링|리스크\s*관리\s*시스템",87
연차보고서__신한금융지주_지배구조연차보고서_2026,신한금융지주,연차보고서,문서 전체,1~316,stress,위기\s*상황\s*분석|스트레스\s*테스트|Stress|위기\s*상황\s*시나리오|비상\s*(조달|자금|계획)|컨틴전시|Contingency|위기\s*관리,48
연차보고서__신한금융지주_지배구조연차보고서_2026,신한금융지주,연차보고서,문서 전체,1~316,oprisk,운영\s*(리스크|위험)|손실\s*사건|손실\s*데이터|BCP|업무\s*연속성|위탁|IT\s*리스크|정보\s*보호|사이버,30
연차보고서__신한금융지주_지배구조연차보고서_2026,신한금융지주,연차보고서,문서 전체,1~316,compensation,"성과\s*보수|이연\s*지급|환수|Clawback|클로백|(리스크|위험)\s*(를|을)?\s*(고려|반영|조정)[^.。]{0,20}(성과|보수|평가)|(성과|보수)[^.。]{0,30}(리스크|위험)\s*(조정|반영|고려)|보수\s*체계|보수\s*정책|리스크\s*조정",107
연차보고서__신한금융지주_지배구조연차보고서_2026,신한금융지주,연차보고서,문서 전체,1~316,org,리스크\s*관리\s*(부|팀|본부|부문|실|총괄|그룹|센터|조직)|위험\s*관리\s*(부|팀|본부|부문|실|조직|전담)|리스크\s*총괄|리스크\s*검증|전담\s*조직|리스크\s*관리\s*인력,12
연차보고서__신한금융지주_지배구조연차보고서_2026,신한금융지주,연차보고서,문서 전체,1~316,subsidiary_control,"사전\s*협의|사전\s*승인|협의\s*사항|승인\s*사항|공문|공식\s*문서|자회사[^.。]{0,30}(평가|지시|요청|통보)|(CRO|위험관리\s*책임자|리스크\s*관리\s*책임자)[^.。]{0,30}평가",63
연차보고서__신한금융지주_지배구조연차보고서_2026,신한금융지주,연차보고서,문서 전체,1~316,model_validation,모형\s*검증|모델\s*검증|검증\s*(조직|부서|팀|결과|주기)|독립적\s*(인\s*)?검증|적합성\s*검증|사후\s*검증|백\s*테스팅|Back\s*-?\s*testing|Validation,19
연차보고서__신한금융지주_지배구조연차보고서_2026,신한금융지주,연차보고서,문서 전체,1~316,internal_capital,내부\s*자본|자본\s*버퍼|완충\s*자본|목표\s*(비율|수준)|내부\s*목표|자본\s*적정성\s*평가|ICAAP|경제적\s*자본|위험\s*자본,11
연차보고서__신한금융지주_지배구조연차보고서_2026,신한금융지주,연차보고서,문서 전체,1~316,early_warning,조기\s*경보|Early\s*Warning|EWS|위기\s*단계|위기\s*상황\s*(단계|등급|판단)|비상\s*(대응|대책)|위기\s*대응|컨틴전시|Contingency,11
연차보고서__신한금융지주_지배구조연차보고서_2026,신한금융지주,연차보고서,문서 전체,1~316,contagion,"(위험|리스크)[^.。]{0,10}전이|전이\s*(위험|리스크|효과)|전염|교차\s*판매|공동\s*(상품|개발|영업|마케팅)|계열\s*(사)?\s*(판매|거래)\s*비중|평판\s*(리스크|위험)|그룹\s*내\s*(거래|위험)|복합\s*점포|이해\s*상충",43
연차보고서__신한금융지주_지배구조연차보고서_2026,신한금융지주,연차보고서,문서 전체,1~316,related_party,대주주|특수\s*관계|계열\s*(회사|사)?\s*(간|와의)?\s*거래|자회사\s*등?\s*과의\s*거래|내부\s*거래|신용\s*공여,32
연차보고서__신한금융지주_지배구조연차보고서_2026,신한금융지주,연차보고서,문서 전체,1~316,icfr,내부\s*회계|연결\s*내부\s*회계|ICFR,43
연차보고서__신한금융지주_지배구조연차보고서_2026,신한금융지주,연차보고서,문서 전체,1~316,internal_control,내부\s*통제|준법\s*감시|내부\s*감사,389
연차보고서__신한금융지주_지배구조연차보고서_2026,신한금융지주,연차보고서,문서 전체,1~316,holding_plan,"지주\s*회사[^.。]{0,40}(운영|체제|계획|역할|기능|전략)|(경영|운영)\s*계획|자회사\s*(관리|편입)|그룹\s*(통합|시너지)",124
연차보고서__신한금융지주_지배구조연차보고서_2026_추가공시,신한금융지주,연차보고서,문서 전체,1~316,risk_committee,위험관리\s*위원회|리스크\s*관리\s*위원회|리스크위원회|Risk\s*Management\s*Committee,187
연차보고서__신한금융지주_지배구조연차보고서_2026_추가공시,신한금융지주,연차보고서,문서 전체,1~316,group_council,(리스크|위험)\s*(관리)?\s*(실무)?\s*(협의회|협의체|심의회)|리스크정책위원회|실무\s*위원회|실무\s*협의회,65
연차보고서__신한금융지주_지배구조연차보고서_2026_추가공시,신한금융지주,연차보고서,문서 전체,1~316,cro,CRO|위험관리\s*책임자|리스크\s*관리\s*책임자|최고\s*리스크|Chief\s*Risk,36
연차보고서__신한금융지주_지배구조연차보고서_2026_추가공시,신한금융지주,연차보고서,문서 전체,1~316,raf,위험\s*선호|리스크\s*선호|Risk\s*Appetite|RAF|위험\s*성향|리스크\s*성향|(위험|리스크)\s*한도|허용\s*한도|한도\s*(관리|설정|배분)|(위험)?자본\s*배분|위험\s*자본\s*(한도|배분),45
연차보고서__신한금융지주_지배구조연차보고서_2026_추가공시,신한금융지주,연차보고서,문서 전체,1~316,measurement,요구\s*자본|내부\s*자본|가용\s*자본|통합\s*(위험|리스크)|VaR|자본\s*적정성|ICAAP|위험\s*자본|경제적\s*자본|Risk\s*Capital|위험\s*측정|리스크\s*측정,18
연차보고서__신한금융지주_지배구조연차보고서_2026_추가공시,신한금융지주,연차보고서,문서 전체,1~316,reporting,"(리스크|위험)[^.。]{0,40}보고|보고[^.。]{0,20}(리스크|위험)|MIS|모니터링|리스크\s*관리\s*시스템",87
연차보고서__신한금융지주_지배구조연차보고서_2026_추가공시,신한금융지주,연차보고서,문서 전체,1~316,stress,위기\s*상황\s*분석|스트레스\s*테스트|Stress|위기\s*상황\s*시나리오|비상\s*(조달|자금|계획)|컨틴전시|Contingency|위기\s*관리,48
연차보고서__신한금융지주_지배구조연차보고서_2026_추가공시,신한금융지주,연차보고서,문서 전체,1~316,oprisk,운영\s*(리스크|위험)|손실\s*사건|손실\s*데이터|BCP|업무\s*연속성|위탁|IT\s*리스크|정보\s*보호|사이버,30
연차보고서__신한금융지주_지배구조연차보고서_2026_추가공시,신한금융지주,연차보고서,문서 전체,1~316,compensation,"성과\s*보수|이연\s*지급|환수|Clawback|클로백|(리스크|위험)\s*(를|을)?\s*(고려|반영|조정)[^.。]{0,20}(성과|보수|평가)|(성과|보수)[^.。]{0,30}(리스크|위험)\s*(조정|반영|고려)|보수\s*체계|보수\s*정책|리스크\s*조정",106
연차보고서__신한금융지주_지배구조연차보고서_2026_추가공시,신한금융지주,연차보고서,문서 전체,1~316,org,리스크\s*관리\s*(부|팀|본부|부문|실|총괄|그룹|센터|조직)|위험\s*관리\s*(부|팀|본부|부문|실|조직|전담)|리스크\s*총괄|리스크\s*검증|전담\s*조직|리스크\s*관리\s*인력,12
연차보고서__신한금융지주_지배구조연차보고서_2026_추가공시,신한금융지주,연차보고서,문서 전체,1~316,subsidiary_control,"사전\s*협의|사전\s*승인|협의\s*사항|승인\s*사항|공문|공식\s*문서|자회사[^.。]{0,30}(평가|지시|요청|통보)|(CRO|위험관리\s*책임자|리스크\s*관리\s*책임자)[^.。]{0,30}평가",63
연차보고서__신한금융지주_지배구조연차보고서_2026_추가공시,신한금융지주,연차보고서,문서 전체,1~316,model_validation,모형\s*검증|모델\s*검증|검증\s*(조직|부서|팀|결과|주기)|독립적\s*(인\s*)?검증|적합성\s*검증|사후\s*검증|백\s*테스팅|Back\s*-?\s*testing|Validation,19
연차보고서__신한금융지주_지배구조연차보고서_2026_추가공시,신한금융지주,연차보고서,문서 전체,1~316,internal_capital,내부\s*자본|자본\s*버퍼|완충\s*자본|목표\s*(비율|수준)|내부\s*목표|자본\s*적정성\s*평가|ICAAP|경제적\s*자본|위험\s*자본,11
연차보고서__신한금융지주_지배구조연차보고서_2026_추가공시,신한금융지주,연차보고서,문서 전체,1~316,early_warning,조기\s*경보|Early\s*Warning|EWS|위기\s*단계|위기\s*상황\s*(단계|등급|판단)|비상\s*(대응|대책)|위기\s*대응|컨틴전시|Contingency,11
연차보고서__신한금융지주_지배구조연차보고서_2026_추가공시,신한금융지주,연차보고서,문서 전체,1~316,contagion,"(위험|리스크)[^.。]{0,10}전이|전이\s*(위험|리스크|효과)|전염|교차\s*판매|공동\s*(상품|개발|영업|마케팅)|계열\s*(사)?\s*(판매|거래)\s*비중|평판\s*(리스크|위험)|그룹\s*내\s*(거래|위험)|복합\s*점포|이해\s*상충",43
연차보고서__신한금융지주_지배구조연차보고서_2026_추가공시,신한금융지주,연차보고서,문서 전체,1~316,related_party,대주주|특수\s*관계|계열\s*(회사|사)?\s*(간|와의)?\s*거래|자회사\s*등?\s*과의\s*거래|내부\s*거래|신용\s*공여,32
연차보고서__신한금융지주_지배구조연차보고서_2026_추가공시,신한금융지주,연차보고서,문서 전체,1~316,icfr,내부\s*회계|연결\s*내부\s*회계|ICFR,43
연차보고서__신한금융지주_지배구조연차보고서_2026_추가공시,신한금융지주,연차보고서,문서 전체,1~316,internal_control,내부\s*통제|준법\s*감시|내부\s*감사,388
연차보고서__신한금융지주_지배구조연차보고서_2026_추가공시,신한금융지주,연차보고서,문서 전체,1~316,holding_plan,"지주\s*회사[^.。]{0,40}(운영|체제|계획|역할|기능|전략)|(경영|운영)\s*계획|자회사\s*(관리|편입)|그룹\s*(통합|시너지)",124
연차보고서__하나금융지주_지배구조연차보고서_2026,하나금융지주,연차보고서,문서 전체,1~456,risk_committee,위험관리\s*위원회|리스크\s*관리\s*위원회|리스크위원회|Risk\s*Management\s*Committee,218
연차보고서__하나금융지주_지배구조연차보고서_2026,하나금융지주,연차보고서,문서 전체,1~456,group_council,(리스크|위험)\s*(관리)?\s*(실무)?\s*(협의회|협의체|심의회)|리스크정책위원회|실무\s*위원회|실무\s*협의회,0
연차보고서__하나금융지주_지배구조연차보고서_2026,하나금융지주,연차보고서,문서 전체,1~456,cro,CRO|위험관리\s*책임자|리스크\s*관리\s*책임자|최고\s*리스크|Chief\s*Risk,12
연차보고서__하나금융지주_지배구조연차보고서_2026,하나금융지주,연차보고서,문서 전체,1~456,raf,위험\s*선호|리스크\s*선호|Risk\s*Appetite|RAF|위험\s*성향|리스크\s*성향|(위험|리스크)\s*한도|허용\s*한도|한도\s*(관리|설정|배분)|(위험)?자본\s*배분|위험\s*자본\s*(한도|배분),33
연차보고서__하나금융지주_지배구조연차보고서_2026,하나금융지주,연차보고서,문서 전체,1~456,measurement,요구\s*자본|내부\s*자본|가용\s*자본|통합\s*(위험|리스크)|VaR|자본\s*적정성|ICAAP|위험\s*자본|경제적\s*자본|Risk\s*Capital|위험\s*측정|리스크\s*측정,35
연차보고서__하나금융지주_지배구조연차보고서_2026,하나금융지주,연차보고서,문서 전체,1~456,reporting,"(리스크|위험)[^.。]{0,40}보고|보고[^.。]{0,20}(리스크|위험)|MIS|모니터링|리스크\s*관리\s*시스템",82
연차보고서__하나금융지주_지배구조연차보고서_2026,하나금융지주,연차보고서,문서 전체,1~456,stress,위기\s*상황\s*분석|스트레스\s*테스트|Stress|위기\s*상황\s*시나리오|비상\s*(조달|자금|계획)|컨틴전시|Contingency|위기\s*관리,25
연차보고서__하나금융지주_지배구조연차보고서_2026,하나금융지주,연차보고서,문서 전체,1~456,oprisk,운영\s*(리스크|위험)|손실\s*사건|손실\s*데이터|BCP|업무\s*연속성|위탁|IT\s*리스크|정보\s*보호|사이버,16
연차보고서__하나금융지주_지배구조연차보고서_2026,하나금융지주,연차보고서,문서 전체,1~456,compensation,"성과\s*보수|이연\s*지급|환수|Clawback|클로백|(리스크|위험)\s*(를|을)?\s*(고려|반영|조정)[^.。]{0,20}(성과|보수|평가)|(성과|보수)[^.。]{0,30}(리스크|위험)\s*(조정|반영|고려)|보수\s*체계|보수\s*정책|리스크\s*조정",301
연차보고서__하나금융지주_지배구조연차보고서_2026,하나금융지주,연차보고서,문서 전체,1~456,org,리스크\s*관리\s*(부|팀|본부|부문|실|총괄|그룹|센터|조직)|위험\s*관리\s*(부|팀|본부|부문|실|조직|전담)|리스크\s*총괄|리스크\s*검증|전담\s*조직|리스크\s*관리\s*인력,14
연차보고서__하나금융지주_지배구조연차보고서_2026,하나금융지주,연차보고서,문서 전체,1~456,subsidiary_control,"사전\s*협의|사전\s*승인|협의\s*사항|승인\s*사항|공문|공식\s*문서|자회사[^.。]{0,30}(평가|지시|요청|통보)|(CRO|위험관리\s*책임자|리스크\s*관리\s*책임자)[^.。]{0,30}평가",21
연차보고서__하나금융지주_지배구조연차보고서_2026,하나금융지주,연차보고서,문서 전체,1~456,model_validation,모형\s*검증|모델\s*검증|검증\s*(조직|부서|팀|결과|주기)|독립적\s*(인\s*)?검증|적합성\s*검증|사후\s*검증|백\s*테스팅|Back\s*-?\s*testing|Validation,20
연차보고서__하나금융지주_지배구조연차보고서_2026,하나금융지주,연차보고서,문서 전체,1~456,internal_capital,내부\s*자본|자본\s*버퍼|완충\s*자본|목표\s*(비율|수준)|내부\s*목표|자본\s*적정성\s*평가|ICAAP|경제적\s*자본|위험\s*자본,22
연차보고서__하나금융지주_지배구조연차보고서_2026,하나금융지주,연차보고서,문서 전체,1~456,early_warning,조기\s*경보|Early\s*Warning|EWS|위기\s*단계|위기\s*상황\s*(단계|등급|판단)|비상\s*(대응|대책)|위기\s*대응|컨틴전시|Contingency,4
연차보고서__하나금융지주_지배구조연차보고서_2026,하나금융지주,연차보고서,문서 전체,1~456,contagion,"(위험|리스크)[^.。]{0,10}전이|전이\s*(위험|리스크|효과)|전염|교차\s*판매|공동\s*(상품|개발|영업|마케팅)|계열\s*(사)?\s*(판매|거래)\s*비중|평판\s*(리스크|위험)|그룹\s*내\s*(거래|위험)|복합\s*점포|이해\s*상충",52
연차보고서__하나금융지주_지배구조연차보고서_2026,하나금융지주,연차보고서,문서 전체,1~456,related_party,대주주|특수\s*관계|계열\s*(회사|사)?\s*(간|와의)?\s*거래|자회사\s*등?\s*과의\s*거래|내부\s*거래|신용\s*공여,40
연차보고서__하나금융지주_지배구조연차보고서_2026,하나금융지주,연차보고서,문서 전체,1~456,icfr,내부\s*회계|연결\s*내부\s*회계|ICFR,52
연차보고서__하나금융지주_지배구조연차보고서_2026,하나금융지주,연차보고서,문서 전체,1~456,internal_control,내부\s*통제|준법\s*감시|내부\s*감사,319
연차보고서__하나금융지주_지배구조연차보고서_2026,하나금융지주,연차보고서,문서 전체,1~456,holding_plan,"지주\s*회사[^.。]{0,40}(운영|체제|계획|역할|기능|전략)|(경영|운영)\s*계획|자회사\s*(관리|편입)|그룹\s*(통합|시너지)",31
연차보고서__하나금융지주_지배구조연차보고서_2026_추가공시,하나금융지주,연차보고서,문서 전체,1~457,risk_committee,위험관리\s*위원회|리스크\s*관리\s*위원회|리스크위원회|Risk\s*Management\s*Committee,219
연차보고서__하나금융지주_지배구조연차보고서_2026_추가공시,하나금융지주,연차보고서,문서 전체,1~457,group_council,(리스크|위험)\s*(관리)?\s*(실무)?\s*(협의회|협의체|심의회)|리스크정책위원회|실무\s*위원회|실무\s*협의회,0
연차보고서__하나금융지주_지배구조연차보고서_2026_추가공시,하나금융지주,연차보고서,문서 전체,1~457,cro,CRO|위험관리\s*책임자|리스크\s*관리\s*책임자|최고\s*리스크|Chief\s*Risk,12
연차보고서__하나금융지주_지배구조연차보고서_2026_추가공시,하나금융지주,연차보고서,문서 전체,1~457,raf,위험\s*선호|리스크\s*선호|Risk\s*Appetite|RAF|위험\s*성향|리스크\s*성향|(위험|리스크)\s*한도|허용\s*한도|한도\s*(관리|설정|배분)|(위험)?자본\s*배분|위험\s*자본\s*(한도|배분),33
연차보고서__하나금융지주_지배구조연차보고서_2026_추가공시,하나금융지주,연차보고서,문서 전체,1~457,measurement,요구\s*자본|내부\s*자본|가용\s*자본|통합\s*(위험|리스크)|VaR|자본\s*적정성|ICAAP|위험\s*자본|경제적\s*자본|Risk\s*Capital|위험\s*측정|리스크\s*측정,35
연차보고서__하나금융지주_지배구조연차보고서_2026_추가공시,하나금융지주,연차보고서,문서 전체,1~457,reporting,"(리스크|위험)[^.。]{0,40}보고|보고[^.。]{0,20}(리스크|위험)|MIS|모니터링|리스크\s*관리\s*시스템",82
연차보고서__하나금융지주_지배구조연차보고서_2026_추가공시,하나금융지주,연차보고서,문서 전체,1~457,stress,위기\s*상황\s*분석|스트레스\s*테스트|Stress|위기\s*상황\s*시나리오|비상\s*(조달|자금|계획)|컨틴전시|Contingency|위기\s*관리,25
연차보고서__하나금융지주_지배구조연차보고서_2026_추가공시,하나금융지주,연차보고서,문서 전체,1~457,oprisk,운영\s*(리스크|위험)|손실\s*사건|손실\s*데이터|BCP|업무\s*연속성|위탁|IT\s*리스크|정보\s*보호|사이버,16
연차보고서__하나금융지주_지배구조연차보고서_2026_추가공시,하나금융지주,연차보고서,문서 전체,1~457,compensation,"성과\s*보수|이연\s*지급|환수|Clawback|클로백|(리스크|위험)\s*(를|을)?\s*(고려|반영|조정)[^.。]{0,20}(성과|보수|평가)|(성과|보수)[^.。]{0,30}(리스크|위험)\s*(조정|반영|고려)|보수\s*체계|보수\s*정책|리스크\s*조정",303
연차보고서__하나금융지주_지배구조연차보고서_2026_추가공시,하나금융지주,연차보고서,문서 전체,1~457,org,리스크\s*관리\s*(부|팀|본부|부문|실|총괄|그룹|센터|조직)|위험\s*관리\s*(부|팀|본부|부문|실|조직|전담)|리스크\s*총괄|리스크\s*검증|전담\s*조직|리스크\s*관리\s*인력,14
연차보고서__하나금융지주_지배구조연차보고서_2026_추가공시,하나금융지주,연차보고서,문서 전체,1~457,subsidiary_control,"사전\s*협의|사전\s*승인|협의\s*사항|승인\s*사항|공문|공식\s*문서|자회사[^.。]{0,30}(평가|지시|요청|통보)|(CRO|위험관리\s*책임자|리스크\s*관리\s*책임자)[^.。]{0,30}평가",21
연차보고서__하나금융지주_지배구조연차보고서_2026_추가공시,하나금융지주,연차보고서,문서 전체,1~457,model_validation,모형\s*검증|모델\s*검증|검증\s*(조직|부서|팀|결과|주기)|독립적\s*(인\s*)?검증|적합성\s*검증|사후\s*검증|백\s*테스팅|Back\s*-?\s*testing|Validation,20
연차보고서__하나금융지주_지배구조연차보고서_2026_추가공시,하나금융지주,연차보고서,문서 전체,1~457,internal_capital,내부\s*자본|자본\s*버퍼|완충\s*자본|목표\s*(비율|수준)|내부\s*목표|자본\s*적정성\s*평가|ICAAP|경제적\s*자본|위험\s*자본,22
연차보고서__하나금융지주_지배구조연차보고서_2026_추가공시,하나금융지주,연차보고서,문서 전체,1~457,early_warning,조기\s*경보|Early\s*Warning|EWS|위기\s*단계|위기\s*상황\s*(단계|등급|판단)|비상\s*(대응|대책)|위기\s*대응|컨틴전시|Contingency,4
연차보고서__하나금융지주_지배구조연차보고서_2026_추가공시,하나금융지주,연차보고서,문서 전체,1~457,contagion,"(위험|리스크)[^.。]{0,10}전이|전이\s*(위험|리스크|효과)|전염|교차\s*판매|공동\s*(상품|개발|영업|마케팅)|계열\s*(사)?\s*(판매|거래)\s*비중|평판\s*(리스크|위험)|그룹\s*내\s*(거래|위험)|복합\s*점포|이해\s*상충",52
연차보고서__하나금융지주_지배구조연차보고서_2026_추가공시,하나금융지주,연차보고서,문서 전체,1~457,related_party,대주주|특수\s*관계|계열\s*(회사|사)?\s*(간|와의)?\s*거래|자회사\s*등?\s*과의\s*거래|내부\s*거래|신용\s*공여,40
연차보고서__하나금융지주_지배구조연차보고서_2026_추가공시,하나금융지주,연차보고서,문서 전체,1~457,icfr,내부\s*회계|연결\s*내부\s*회계|ICFR,52
연차보고서__하나금융지주_지배구조연차보고서_2026_추가공시,하나금융지주,연차보고서,문서 전체,1~457,internal_control,내부\s*통제|준법\s*감시|내부\s*감사,320
연차보고서__하나금융지주_지배구조연차보고서_2026_추가공시,하나금융지주,연차보고서,문서 전체,1~457,holding_plan,"지주\s*회사[^.。]{0,40}(운영|체제|계획|역할|기능|전략)|(경영|운영)\s*계획|자회사\s*(관리|편입)|그룹\s*(통합|시너지)",31
연차보고서__우리금융지주_지배구조연차보고서_2026,우리금융지주,연차보고서,문서 전체,1~301,risk_committee,위험관리\s*위원회|리스크\s*관리\s*위원회|리스크위원회|Risk\s*Management\s*Committee,110
연차보고서__우리금융지주_지배구조연차보고서_2026,우리금융지주,연차보고서,문서 전체,1~301,group_council,(리스크|위험)\s*(관리)?\s*(실무)?\s*(협의회|협의체|심의회)|리스크정책위원회|실무\s*위원회|실무\s*협의회,47
연차보고서__우리금융지주_지배구조연차보고서_2026,우리금융지주,연차보고서,문서 전체,1~301,cro,CRO|위험관리\s*책임자|리스크\s*관리\s*책임자|최고\s*리스크|Chief\s*Risk,18
연차보고서__우리금융지주_지배구조연차보고서_2026,우리금융지주,연차보고서,문서 전체,1~301,raf,위험\s*선호|리스크\s*선호|Risk\s*Appetite|RAF|위험\s*성향|리스크\s*성향|(위험|리스크)\s*한도|허용\s*한도|한도\s*(관리|설정|배분)|(위험)?자본\s*배분|위험\s*자본\s*(한도|배분),18
연차보고서__우리금융지주_지배구조연차보고서_2026,우리금융지주,연차보고서,문서 전체,1~301,measurement,요구\s*자본|내부\s*자본|가용\s*자본|통합\s*(위험|리스크)|VaR|자본\s*적정성|ICAAP|위험\s*자본|경제적\s*자본|Risk\s*Capital|위험\s*측정|리스크\s*측정,38
연차보고서__우리금융지주_지배구조연차보고서_2026,우리금융지주,연차보고서,문서 전체,1~301,reporting,"(리스크|위험)[^.。]{0,40}보고|보고[^.。]{0,20}(리스크|위험)|MIS|모니터링|리스크\s*관리\s*시스템",55
연차보고서__우리금융지주_지배구조연차보고서_2026,우리금융지주,연차보고서,문서 전체,1~301,stress,위기\s*상황\s*분석|스트레스\s*테스트|Stress|위기\s*상황\s*시나리오|비상\s*(조달|자금|계획)|컨틴전시|Contingency|위기\s*관리,21
연차보고서__우리금융지주_지배구조연차보고서_2026,우리금융지주,연차보고서,문서 전체,1~301,oprisk,운영\s*(리스크|위험)|손실\s*사건|손실\s*데이터|BCP|업무\s*연속성|위탁|IT\s*리스크|정보\s*보호|사이버,6
연차보고서__우리금융지주_지배구조연차보고서_2026,우리금융지주,연차보고서,문서 전체,1~301,compensation,"성과\s*보수|이연\s*지급|환수|Clawback|클로백|(리스크|위험)\s*(를|을)?\s*(고려|반영|조정)[^.。]{0,20}(성과|보수|평가)|(성과|보수)[^.。]{0,30}(리스크|위험)\s*(조정|반영|고려)|보수\s*체계|보수\s*정책|리스크\s*조정",298
연차보고서__우리금융지주_지배구조연차보고서_2026,우리금융지주,연차보고서,문서 전체,1~301,org,리스크\s*관리\s*(부|팀|본부|부문|실|총괄|그룹|센터|조직)|위험\s*관리\s*(부|팀|본부|부문|실|조직|전담)|리스크\s*총괄|리스크\s*검증|전담\s*조직|리스크\s*관리\s*인력,19
연차보고서__우리금융지주_지배구조연차보고서_2026,우리금융지주,연차보고서,문서 전체,1~301,subsidiary_control,"사전\s*협의|사전\s*승인|협의\s*사항|승인\s*사항|공문|공식\s*문서|자회사[^.。]{0,30}(평가|지시|요청|통보)|(CRO|위험관리\s*책임자|리스크\s*관리\s*책임자)[^.。]{0,30}평가",33
연차보고서__우리금융지주_지배구조연차보고서_2026,우리금융지주,연차보고서,문서 전체,1~301,model_validation,모형\s*검증|모델\s*검증|검증\s*(조직|부서|팀|결과|주기)|독립적\s*(인\s*)?검증|적합성\s*검증|사후\s*검증|백\s*테스팅|Back\s*-?\s*testing|Validation,19
연차보고서__우리금융지주_지배구조연차보고서_2026,우리금융지주,연차보고서,문서 전체,1~301,internal_capital,내부\s*자본|자본\s*버퍼|완충\s*자본|목표\s*(비율|수준)|내부\s*목표|자본\s*적정성\s*평가|ICAAP|경제적\s*자본|위험\s*자본,20
연차보고서__우리금융지주_지배구조연차보고서_2026,우리금융지주,연차보고서,문서 전체,1~301,early_warning,조기\s*경보|Early\s*Warning|EWS|위기\s*단계|위기\s*상황\s*(단계|등급|판단)|비상\s*(대응|대책)|위기\s*대응|컨틴전시|Contingency,5
연차보고서__우리금융지주_지배구조연차보고서_2026,우리금융지주,연차보고서,문서 전체,1~301,contagion,"(위험|리스크)[^.。]{0,10}전이|전이\s*(위험|리스크|효과)|전염|교차\s*판매|공동\s*(상품|개발|영업|마케팅)|계열\s*(사)?\s*(판매|거래)\s*비중|평판\s*(리스크|위험)|그룹\s*내\s*(거래|위험)|복합\s*점포|이해\s*상충",23
연차보고서__우리금융지주_지배구조연차보고서_2026,우리금융지주,연차보고서,문서 전체,1~301,related_party,대주주|특수\s*관계|계열\s*(회사|사)?\s*(간|와의)?\s*거래|자회사\s*등?\s*과의\s*거래|내부\s*거래|신용\s*공여,30
연차보고서__우리금융지주_지배구조연차보고서_2026,우리금융지주,연차보고서,문서 전체,1~301,icfr,내부\s*회계|연결\s*내부\s*회계|ICFR,35
연차보고서__우리금융지주_지배구조연차보고서_2026,우리금융지주,연차보고서,문서 전체,1~301,internal_control,내부\s*통제|준법\s*감시|내부\s*감사,221
연차보고서__우리금융지주_지배구조연차보고서_2026,우리금융지주,연차보고서,문서 전체,1~301,holding_plan,"지주\s*회사[^.。]{0,40}(운영|체제|계획|역할|기능|전략)|(경영|운영)\s*계획|자회사\s*(관리|편입)|그룹\s*(통합|시너지)",47
연차보고서__우리금융지주_지배구조연차보고서_2026_추가공시,우리금융지주,연차보고서,문서 전체,1~302,risk_committee,위험관리\s*위원회|리스크\s*관리\s*위원회|리스크위원회|Risk\s*Management\s*Committee,109
연차보고서__우리금융지주_지배구조연차보고서_2026_추가공시,우리금융지주,연차보고서,문서 전체,1~302,group_council,(리스크|위험)\s*(관리)?\s*(실무)?\s*(협의회|협의체|심의회)|리스크정책위원회|실무\s*위원회|실무\s*협의회,47
연차보고서__우리금융지주_지배구조연차보고서_2026_추가공시,우리금융지주,연차보고서,문서 전체,1~302,cro,CRO|위험관리\s*책임자|리스크\s*관리\s*책임자|최고\s*리스크|Chief\s*Risk,18
연차보고서__우리금융지주_지배구조연차보고서_2026_추가공시,우리금융지주,연차보고서,문서 전체,1~302,raf,위험\s*선호|리스크\s*선호|Risk\s*Appetite|RAF|위험\s*성향|리스크\s*성향|(위험|리스크)\s*한도|허용\s*한도|한도\s*(관리|설정|배분)|(위험)?자본\s*배분|위험\s*자본\s*(한도|배분),19
연차보고서__우리금융지주_지배구조연차보고서_2026_추가공시,우리금융지주,연차보고서,문서 전체,1~302,measurement,요구\s*자본|내부\s*자본|가용\s*자본|통합\s*(위험|리스크)|VaR|자본\s*적정성|ICAAP|위험\s*자본|경제적\s*자본|Risk\s*Capital|위험\s*측정|리스크\s*측정,38
연차보고서__우리금융지주_지배구조연차보고서_2026_추가공시,우리금융지주,연차보고서,문서 전체,1~302,reporting,"(리스크|위험)[^.。]{0,40}보고|보고[^.。]{0,20}(리스크|위험)|MIS|모니터링|리스크\s*관리\s*시스템",55
연차보고서__우리금융지주_지배구조연차보고서_2026_추가공시,우리금융지주,연차보고서,문서 전체,1~302,stress,위기\s*상황\s*분석|스트레스\s*테스트|Stress|위기\s*상황\s*시나리오|비상\s*(조달|자금|계획)|컨틴전시|Contingency|위기\s*관리,21
연차보고서__우리금융지주_지배구조연차보고서_2026_추가공시,우리금융지주,연차보고서,문서 전체,1~302,oprisk,운영\s*(리스크|위험)|손실\s*사건|손실\s*데이터|BCP|업무\s*연속성|위탁|IT\s*리스크|정보\s*보호|사이버,6
연차보고서__우리금융지주_지배구조연차보고서_2026_추가공시,우리금융지주,연차보고서,문서 전체,1~302,compensation,"성과\s*보수|이연\s*지급|환수|Clawback|클로백|(리스크|위험)\s*(를|을)?\s*(고려|반영|조정)[^.。]{0,20}(성과|보수|평가)|(성과|보수)[^.。]{0,30}(리스크|위험)\s*(조정|반영|고려)|보수\s*체계|보수\s*정책|리스크\s*조정",299
연차보고서__우리금융지주_지배구조연차보고서_2026_추가공시,우리금융지주,연차보고서,문서 전체,1~302,org,리스크\s*관리\s*(부|팀|본부|부문|실|총괄|그룹|센터|조직)|위험\s*관리\s*(부|팀|본부|부문|실|조직|전담)|리스크\s*총괄|리스크\s*검증|전담\s*조직|리스크\s*관리\s*인력,19
연차보고서__우리금융지주_지배구조연차보고서_2026_추가공시,우리금융지주,연차보고서,문서 전체,1~302,subsidiary_control,"사전\s*협의|사전\s*승인|협의\s*사항|승인\s*사항|공문|공식\s*문서|자회사[^.。]{0,30}(평가|지시|요청|통보)|(CRO|위험관리\s*책임자|리스크\s*관리\s*책임자)[^.。]{0,30}평가",33
연차보고서__우리금융지주_지배구조연차보고서_2026_추가공시,우리금융지주,연차보고서,문서 전체,1~302,model_validation,모형\s*검증|모델\s*검증|검증\s*(조직|부서|팀|결과|주기)|독립적\s*(인\s*)?검증|적합성\s*검증|사후\s*검증|백\s*테스팅|Back\s*-?\s*testing|Validation,19
연차보고서__우리금융지주_지배구조연차보고서_2026_추가공시,우리금융지주,연차보고서,문서 전체,1~302,internal_capital,내부\s*자본|자본\s*버퍼|완충\s*자본|목표\s*(비율|수준)|내부\s*목표|자본\s*적정성\s*평가|ICAAP|경제적\s*자본|위험\s*자본,20
연차보고서__우리금융지주_지배구조연차보고서_2026_추가공시,우리금융지주,연차보고서,문서 전체,1~302,early_warning,조기\s*경보|Early\s*Warning|EWS|위기\s*단계|위기\s*상황\s*(단계|등급|판단)|비상\s*(대응|대책)|위기\s*대응|컨틴전시|Contingency,5
연차보고서__우리금융지주_지배구조연차보고서_2026_추가공시,우리금융지주,연차보고서,문서 전체,1~302,contagion,"(위험|리스크)[^.。]{0,10}전이|전이\s*(위험|리스크|효과)|전염|교차\s*판매|공동\s*(상품|개발|영업|마케팅)|계열\s*(사)?\s*(판매|거래)\s*비중|평판\s*(리스크|위험)|그룹\s*내\s*(거래|위험)|복합\s*점포|이해\s*상충",23
연차보고서__우리금융지주_지배구조연차보고서_2026_추가공시,우리금융지주,연차보고서,문서 전체,1~302,related_party,대주주|특수\s*관계|계열\s*(회사|사)?\s*(간|와의)?\s*거래|자회사\s*등?\s*과의\s*거래|내부\s*거래|신용\s*공여,30
연차보고서__우리금융지주_지배구조연차보고서_2026_추가공시,우리금융지주,연차보고서,문서 전체,1~302,icfr,내부\s*회계|연결\s*내부\s*회계|ICFR,35
연차보고서__우리금융지주_지배구조연차보고서_2026_추가공시,우리금융지주,연차보고서,문서 전체,1~302,internal_control,내부\s*통제|준법\s*감시|내부\s*감사,221
연차보고서__우리금융지주_지배구조연차보고서_2026_추가공시,우리금융지주,연차보고서,문서 전체,1~302,holding_plan,"지주\s*회사[^.。]{0,40}(운영|체제|계획|역할|기능|전략)|(경영|운영)\s*계획|자회사\s*(관리|편입)|그룹\s*(통합|시너지)",47
연차보고서__메리츠금융지주_지배구조연차보고서_2026,메리츠금융지주,연차보고서,문서 전체,1~220,risk_committee,위험관리\s*위원회|리스크\s*관리\s*위원회|리스크위원회|Risk\s*Management\s*Committee,83
연차보고서__메리츠금융지주_지배구조연차보고서_2026,메리츠금융지주,연차보고서,문서 전체,1~220,group_council,(리스크|위험)\s*(관리)?\s*(실무)?\s*(협의회|협의체|심의회)|리스크정책위원회|실무\s*위원회|실무\s*협의회,25
연차보고서__메리츠금융지주_지배구조연차보고서_2026,메리츠금융지주,연차보고서,문서 전체,1~220,cro,CRO|위험관리\s*책임자|리스크\s*관리\s*책임자|최고\s*리스크|Chief\s*Risk,11
연차보고서__메리츠금융지주_지배구조연차보고서_2026,메리츠금융지주,연차보고서,문서 전체,1~220,raf,위험\s*선호|리스크\s*선호|Risk\s*Appetite|RAF|위험\s*성향|리스크\s*성향|(위험|리스크)\s*한도|허용\s*한도|한도\s*(관리|설정|배분)|(위험)?자본\s*배분|위험\s*자본\s*(한도|배분),35
연차보고서__메리츠금융지주_지배구조연차보고서_2026,메리츠금융지주,연차보고서,문서 전체,1~220,measurement,요구\s*자본|내부\s*자본|가용\s*자본|통합\s*(위험|리스크)|VaR|자본\s*적정성|ICAAP|위험\s*자본|경제적\s*자본|Risk\s*Capital|위험\s*측정|리스크\s*측정,4
연차보고서__메리츠금융지주_지배구조연차보고서_2026,메리츠금융지주,연차보고서,문서 전체,1~220,reporting,"(리스크|위험)[^.。]{0,40}보고|보고[^.。]{0,20}(리스크|위험)|MIS|모니터링|리스크\s*관리\s*시스템",21
연차보고서__메리츠금융지주_지배구조연차보고서_2026,메리츠금융지주,연차보고서,문서 전체,1~220,stress,위기\s*상황\s*분석|스트레스\s*테스트|Stress|위기\s*상황\s*시나리오|비상\s*(조달|자금|계획)|컨틴전시|Contingency|위기\s*관리,8
연차보고서__메리츠금융지주_지배구조연차보고서_2026,메리츠금융지주,연차보고서,문서 전체,1~220,oprisk,운영\s*(리스크|위험)|손실\s*사건|손실\s*데이터|BCP|업무\s*연속성|위탁|IT\s*리스크|정보\s*보호|사이버,9
연차보고서__메리츠금융지주_지배구조연차보고서_2026,메리츠금융지주,연차보고서,문서 전체,1~220,compensation,"성과\s*보수|이연\s*지급|환수|Clawback|클로백|(리스크|위험)\s*(를|을)?\s*(고려|반영|조정)[^.。]{0,20}(성과|보수|평가)|(성과|보수)[^.。]{0,30}(리스크|위험)\s*(조정|반영|고려)|보수\s*체계|보수\s*정책|리스크\s*조정",77
연차보고서__메리츠금융지주_지배구조연차보고서_2026,메리츠금융지주,연차보고서,문서 전체,1~220,org,리스크\s*관리\s*(부|팀|본부|부문|실|총괄|그룹|센터|조직)|위험\s*관리\s*(부|팀|본부|부문|실|조직|전담)|리스크\s*총괄|리스크\s*검증|전담\s*조직|리스크\s*관리\s*인력,7
연차보고서__메리츠금융지주_지배구조연차보고서_2026,메리츠금융지주,연차보고서,문서 전체,1~220,subsidiary_control,"사전\s*협의|사전\s*승인|협의\s*사항|승인\s*사항|공문|공식\s*문서|자회사[^.。]{0,30}(평가|지시|요청|통보)|(CRO|위험관리\s*책임자|리스크\s*관리\s*책임자)[^.。]{0,30}평가",13
연차보고서__메리츠금융지주_지배구조연차보고서_2026,메리츠금융지주,연차보고서,문서 전체,1~220,model_validation,모형\s*검증|모델\s*검증|검증\s*(조직|부서|팀|결과|주기)|독립적\s*(인\s*)?검증|적합성\s*검증|사후\s*검증|백\s*테스팅|Back\s*-?\s*testing|Validation,1
연차보고서__메리츠금융지주_지배구조연차보고서_2026,메리츠금융지주,연차보고서,문서 전체,1~220,internal_capital,내부\s*자본|자본\s*버퍼|완충\s*자본|목표\s*(비율|수준)|내부\s*목표|자본\s*적정성\s*평가|ICAAP|경제적\s*자본|위험\s*자본,2
연차보고서__메리츠금융지주_지배구조연차보고서_2026,메리츠금융지주,연차보고서,문서 전체,1~220,early_warning,조기\s*경보|Early\s*Warning|EWS|위기\s*단계|위기\s*상황\s*(단계|등급|판단)|비상\s*(대응|대책)|위기\s*대응|컨틴전시|Contingency,0
연차보고서__메리츠금융지주_지배구조연차보고서_2026,메리츠금융지주,연차보고서,문서 전체,1~220,contagion,"(위험|리스크)[^.。]{0,10}전이|전이\s*(위험|리스크|효과)|전염|교차\s*판매|공동\s*(상품|개발|영업|마케팅)|계열\s*(사)?\s*(판매|거래)\s*비중|평판\s*(리스크|위험)|그룹\s*내\s*(거래|위험)|복합\s*점포|이해\s*상충",11
연차보고서__메리츠금융지주_지배구조연차보고서_2026,메리츠금융지주,연차보고서,문서 전체,1~220,related_party,대주주|특수\s*관계|계열\s*(회사|사)?\s*(간|와의)?\s*거래|자회사\s*등?\s*과의\s*거래|내부\s*거래|신용\s*공여,21
연차보고서__메리츠금융지주_지배구조연차보고서_2026,메리츠금융지주,연차보고서,문서 전체,1~220,icfr,내부\s*회계|연결\s*내부\s*회계|ICFR,24
연차보고서__메리츠금융지주_지배구조연차보고서_2026,메리츠금융지주,연차보고서,문서 전체,1~220,internal_control,내부\s*통제|준법\s*감시|내부\s*감사,149
연차보고서__메리츠금융지주_지배구조연차보고서_2026,메리츠금융지주,연차보고서,문서 전체,1~220,holding_plan,"지주\s*회사[^.。]{0,40}(운영|체제|계획|역할|기능|전략)|(경영|운영)\s*계획|자회사\s*(관리|편입)|그룹\s*(통합|시너지)",20
연차보고서__iM금융지주_지배구조연차보고서_2026,iM금융지주,연차보고서,문서 전체,1~294,risk_committee,위험관리\s*위원회|리스크\s*관리\s*위원회|리스크위원회|Risk\s*Management\s*Committee,119
연차보고서__iM금융지주_지배구조연차보고서_2026,iM금융지주,연차보고서,문서 전체,1~294,group_council,(리스크|위험)\s*(관리)?\s*(실무)?\s*(협의회|협의체|심의회)|리스크정책위원회|실무\s*위원회|실무\s*협의회,29
연차보고서__iM금융지주_지배구조연차보고서_2026,iM금융지주,연차보고서,문서 전체,1~294,cro,CRO|위험관리\s*책임자|리스크\s*관리\s*책임자|최고\s*리스크|Chief\s*Risk,40
연차보고서__iM금융지주_지배구조연차보고서_2026,iM금융지주,연차보고서,문서 전체,1~294,raf,위험\s*선호|리스크\s*선호|Risk\s*Appetite|RAF|위험\s*성향|리스크\s*성향|(위험|리스크)\s*한도|허용\s*한도|한도\s*(관리|설정|배분)|(위험)?자본\s*배분|위험\s*자본\s*(한도|배분),52
연차보고서__iM금융지주_지배구조연차보고서_2026,iM금융지주,연차보고서,문서 전체,1~294,measurement,요구\s*자본|내부\s*자본|가용\s*자본|통합\s*(위험|리스크)|VaR|자본\s*적정성|ICAAP|위험\s*자본|경제적\s*자본|Risk\s*Capital|위험\s*측정|리스크\s*측정,53
연차보고서__iM금융지주_지배구조연차보고서_2026,iM금융지주,연차보고서,문서 전체,1~294,reporting,"(리스크|위험)[^.。]{0,40}보고|보고[^.。]{0,20}(리스크|위험)|MIS|모니터링|리스크\s*관리\s*시스템",67
연차보고서__iM금융지주_지배구조연차보고서_2026,iM금융지주,연차보고서,문서 전체,1~294,stress,위기\s*상황\s*분석|스트레스\s*테스트|Stress|위기\s*상황\s*시나리오|비상\s*(조달|자금|계획)|컨틴전시|Contingency|위기\s*관리,29
연차보고서__iM금융지주_지배구조연차보고서_2026,iM금융지주,연차보고서,문서 전체,1~294,oprisk,운영\s*(리스크|위험)|손실\s*사건|손실\s*데이터|BCP|업무\s*연속성|위탁|IT\s*리스크|정보\s*보호|사이버,14
연차보고서__iM금융지주_지배구조연차보고서_2026,iM금융지주,연차보고서,문서 전체,1~294,compensation,"성과\s*보수|이연\s*지급|환수|Clawback|클로백|(리스크|위험)\s*(를|을)?\s*(고려|반영|조정)[^.。]{0,20}(성과|보수|평가)|(성과|보수)[^.。]{0,30}(리스크|위험)\s*(조정|반영|고려)|보수\s*체계|보수\s*정책|리스크\s*조정",79
연차보고서__iM금융지주_지배구조연차보고서_2026,iM금융지주,연차보고서,문서 전체,1~294,org,리스크\s*관리\s*(부|팀|본부|부문|실|총괄|그룹|센터|조직)|위험\s*관리\s*(부|팀|본부|부문|실|조직|전담)|리스크\s*총괄|리스크\s*검증|전담\s*조직|리스크\s*관리\s*인력,23
연차보고서__iM금융지주_지배구조연차보고서_2026,iM금융지주,연차보고서,문서 전체,1~294,subsidiary_control,"사전\s*협의|사전\s*승인|협의\s*사항|승인\s*사항|공문|공식\s*문서|자회사[^.。]{0,30}(평가|지시|요청|통보)|(CRO|위험관리\s*책임자|리스크\s*관리\s*책임자)[^.。]{0,30}평가",20
연차보고서__iM금융지주_지배구조연차보고서_2026,iM금융지주,연차보고서,문서 전체,1~294,model_validation,모형\s*검증|모델\s*검증|검증\s*(조직|부서|팀|결과|주기)|독립적\s*(인\s*)?검증|적합성\s*검증|사후\s*검증|백\s*테스팅|Back\s*-?\s*testing|Validation,21
연차보고서__iM금융지주_지배구조연차보고서_2026,iM금융지주,연차보고서,문서 전체,1~294,internal_capital,내부\s*자본|자본\s*버퍼|완충\s*자본|목표\s*(비율|수준)|내부\s*목표|자본\s*적정성\s*평가|ICAAP|경제적\s*자본|위험\s*자본,20
연차보고서__iM금융지주_지배구조연차보고서_2026,iM금융지주,연차보고서,문서 전체,1~294,early_warning,조기\s*경보|Early\s*Warning|EWS|위기\s*단계|위기\s*상황\s*(단계|등급|판단)|비상\s*(대응|대책)|위기\s*대응|컨틴전시|Contingency,4
연차보고서__iM금융지주_지배구조연차보고서_2026,iM금융지주,연차보고서,문서 전체,1~294,contagion,"(위험|리스크)[^.。]{0,10}전이|전이\s*(위험|리스크|효과)|전염|교차\s*판매|공동\s*(상품|개발|영업|마케팅)|계열\s*(사)?\s*(판매|거래)\s*비중|평판\s*(리스크|위험)|그룹\s*내\s*(거래|위험)|복합\s*점포|이해\s*상충",43
연차보고서__iM금융지주_지배구조연차보고서_2026,iM금융지주,연차보고서,문서 전체,1~294,related_party,대주주|특수\s*관계|계열\s*(회사|사)?\s*(간|와의)?\s*거래|자회사\s*등?\s*과의\s*거래|내부\s*거래|신용\s*공여,37
연차보고서__iM금융지주_지배구조연차보고서_2026,iM금융지주,연차보고서,문서 전체,1~294,icfr,내부\s*회계|연결\s*내부\s*회계|ICFR,16
연차보고서__iM금융지주_지배구조연차보고서_2026,iM금융지주,연차보고서,문서 전체,1~294,internal_control,내부\s*통제|준법\s*감시|내부\s*감사,163
연차보고서__iM금융지주_지배구조연차보고서_2026,iM금융지주,연차보고서,문서 전체,1~294,holding_plan,"지주\s*회사[^.。]{0,40}(운영|체제|계획|역할|기능|전략)|(경영|운영)\s*계획|자회사\s*(관리|편입)|그룹\s*(통합|시너지)",51
연차보고서__iM금융지주_지배구조연차보고서_2026_추가공시,iM금융지주,연차보고서,문서 전체,1~294,risk_committee,위험관리\s*위원회|리스크\s*관리\s*위원회|리스크위원회|Risk\s*Management\s*Committee,118
연차보고서__iM금융지주_지배구조연차보고서_2026_추가공시,iM금융지주,연차보고서,문서 전체,1~294,group_council,(리스크|위험)\s*(관리)?\s*(실무)?\s*(협의회|협의체|심의회)|리스크정책위원회|실무\s*위원회|실무\s*협의회,29
연차보고서__iM금융지주_지배구조연차보고서_2026_추가공시,iM금융지주,연차보고서,문서 전체,1~294,cro,CRO|위험관리\s*책임자|리스크\s*관리\s*책임자|최고\s*리스크|Chief\s*Risk,40
연차보고서__iM금융지주_지배구조연차보고서_2026_추가공시,iM금융지주,연차보고서,문서 전체,1~294,raf,위험\s*선호|리스크\s*선호|Risk\s*Appetite|RAF|위험\s*성향|리스크\s*성향|(위험|리스크)\s*한도|허용\s*한도|한도\s*(관리|설정|배분)|(위험)?자본\s*배분|위험\s*자본\s*(한도|배분),52
연차보고서__iM금융지주_지배구조연차보고서_2026_추가공시,iM금융지주,연차보고서,문서 전체,1~294,measurement,요구\s*자본|내부\s*자본|가용\s*자본|통합\s*(위험|리스크)|VaR|자본\s*적정성|ICAAP|위험\s*자본|경제적\s*자본|Risk\s*Capital|위험\s*측정|리스크\s*측정,53
연차보고서__iM금융지주_지배구조연차보고서_2026_추가공시,iM금융지주,연차보고서,문서 전체,1~294,reporting,"(리스크|위험)[^.。]{0,40}보고|보고[^.。]{0,20}(리스크|위험)|MIS|모니터링|리스크\s*관리\s*시스템",67
연차보고서__iM금융지주_지배구조연차보고서_2026_추가공시,iM금융지주,연차보고서,문서 전체,1~294,stress,위기\s*상황\s*분석|스트레스\s*테스트|Stress|위기\s*상황\s*시나리오|비상\s*(조달|자금|계획)|컨틴전시|Contingency|위기\s*관리,29
연차보고서__iM금융지주_지배구조연차보고서_2026_추가공시,iM금융지주,연차보고서,문서 전체,1~294,oprisk,운영\s*(리스크|위험)|손실\s*사건|손실\s*데이터|BCP|업무\s*연속성|위탁|IT\s*리스크|정보\s*보호|사이버,14
연차보고서__iM금융지주_지배구조연차보고서_2026_추가공시,iM금융지주,연차보고서,문서 전체,1~294,compensation,"성과\s*보수|이연\s*지급|환수|Clawback|클로백|(리스크|위험)\s*(를|을)?\s*(고려|반영|조정)[^.。]{0,20}(성과|보수|평가)|(성과|보수)[^.。]{0,30}(리스크|위험)\s*(조정|반영|고려)|보수\s*체계|보수\s*정책|리스크\s*조정",79
연차보고서__iM금융지주_지배구조연차보고서_2026_추가공시,iM금융지주,연차보고서,문서 전체,1~294,org,리스크\s*관리\s*(부|팀|본부|부문|실|총괄|그룹|센터|조직)|위험\s*관리\s*(부|팀|본부|부문|실|조직|전담)|리스크\s*총괄|리스크\s*검증|전담\s*조직|리스크\s*관리\s*인력,23
연차보고서__iM금융지주_지배구조연차보고서_2026_추가공시,iM금융지주,연차보고서,문서 전체,1~294,subsidiary_control,"사전\s*협의|사전\s*승인|협의\s*사항|승인\s*사항|공문|공식\s*문서|자회사[^.。]{0,30}(평가|지시|요청|통보)|(CRO|위험관리\s*책임자|리스크\s*관리\s*책임자)[^.。]{0,30}평가",20
연차보고서__iM금융지주_지배구조연차보고서_2026_추가공시,iM금융지주,연차보고서,문서 전체,1~294,model_validation,모형\s*검증|모델\s*검증|검증\s*(조직|부서|팀|결과|주기)|독립적\s*(인\s*)?검증|적합성\s*검증|사후\s*검증|백\s*테스팅|Back\s*-?\s*testing|Validation,21
연차보고서__iM금융지주_지배구조연차보고서_2026_추가공시,iM금융지주,연차보고서,문서 전체,1~294,internal_capital,내부\s*자본|자본\s*버퍼|완충\s*자본|목표\s*(비율|수준)|내부\s*목표|자본\s*적정성\s*평가|ICAAP|경제적\s*자본|위험\s*자본,20
연차보고서__iM금융지주_지배구조연차보고서_2026_추가공시,iM금융지주,연차보고서,문서 전체,1~294,early_warning,조기\s*경보|Early\s*Warning|EWS|위기\s*단계|위기\s*상황\s*(단계|등급|판단)|비상\s*(대응|대책)|위기\s*대응|컨틴전시|Contingency,4
연차보고서__iM금융지주_지배구조연차보고서_2026_추가공시,iM금융지주,연차보고서,문서 전체,1~294,contagion,"(위험|리스크)[^.。]{0,10}전이|전이\s*(위험|리스크|효과)|전염|교차\s*판매|공동\s*(상품|개발|영업|마케팅)|계열\s*(사)?\s*(판매|거래)\s*비중|평판\s*(리스크|위험)|그룹\s*내\s*(거래|위험)|복합\s*점포|이해\s*상충",43
연차보고서__iM금융지주_지배구조연차보고서_2026_추가공시,iM금융지주,연차보고서,문서 전체,1~294,related_party,대주주|특수\s*관계|계열\s*(회사|사)?\s*(간|와의)?\s*거래|자회사\s*등?\s*과의\s*거래|내부\s*거래|신용\s*공여,37
연차보고서__iM금융지주_지배구조연차보고서_2026_추가공시,iM금융지주,연차보고서,문서 전체,1~294,icfr,내부\s*회계|연결\s*내부\s*회계|ICFR,16
연차보고서__iM금융지주_지배구조연차보고서_2026_추가공시,iM금융지주,연차보고서,문서 전체,1~294,internal_control,내부\s*통제|준법\s*감시|내부\s*감사,157
연차보고서__iM금융지주_지배구조연차보고서_2026_추가공시,iM금융지주,연차보고서,문서 전체,1~294,holding_plan,"지주\s*회사[^.。]{0,40}(운영|체제|계획|역할|기능|전략)|(경영|운영)\s*계획|자회사\s*(관리|편입)|그룹\s*(통합|시너지)",51
연차보고서__한국투자금융지주_지배구조연차보고서_2026,한국투자금융지주,연차보고서,문서 전체,1~207,risk_committee,위험관리\s*위원회|리스크\s*관리\s*위원회|리스크위원회|Risk\s*Management\s*Committee,66
연차보고서__한국투자금융지주_지배구조연차보고서_2026,한국투자금융지주,연차보고서,문서 전체,1~207,group_council,(리스크|위험)\s*(관리)?\s*(실무)?\s*(협의회|협의체|심의회)|리스크정책위원회|실무\s*위원회|실무\s*협의회,17
연차보고서__한국투자금융지주_지배구조연차보고서_2026,한국투자금융지주,연차보고서,문서 전체,1~207,cro,CRO|위험관리\s*책임자|리스크\s*관리\s*책임자|최고\s*리스크|Chief\s*Risk,14
연차보고서__한국투자금융지주_지배구조연차보고서_2026,한국투자금융지주,연차보고서,문서 전체,1~207,raf,위험\s*선호|리스크\s*선호|Risk\s*Appetite|RAF|위험\s*성향|리스크\s*성향|(위험|리스크)\s*한도|허용\s*한도|한도\s*(관리|설정|배분)|(위험)?자본\s*배분|위험\s*자본\s*(한도|배분),21
연차보고서__한국투자금융지주_지배구조연차보고서_2026,한국투자금융지주,연차보고서,문서 전체,1~207,measurement,요구\s*자본|내부\s*자본|가용\s*자본|통합\s*(위험|리스크)|VaR|자본\s*적정성|ICAAP|위험\s*자본|경제적\s*자본|Risk\s*Capital|위험\s*측정|리스크\s*측정,3
연차보고서__한국투자금융지주_지배구조연차보고서_2026,한국투자금융지주,연차보고서,문서 전체,1~207,reporting,"(리스크|위험)[^.。]{0,40}보고|보고[^.。]{0,20}(리스크|위험)|MIS|모니터링|리스크\s*관리\s*시스템",33
연차보고서__한국투자금융지주_지배구조연차보고서_2026,한국투자금융지주,연차보고서,문서 전체,1~207,stress,위기\s*상황\s*분석|스트레스\s*테스트|Stress|위기\s*상황\s*시나리오|비상\s*(조달|자금|계획)|컨틴전시|Contingency|위기\s*관리,9
연차보고서__한국투자금융지주_지배구조연차보고서_2026,한국투자금융지주,연차보고서,문서 전체,1~207,oprisk,운영\s*(리스크|위험)|손실\s*사건|손실\s*데이터|BCP|업무\s*연속성|위탁|IT\s*리스크|정보\s*보호|사이버,2
연차보고서__한국투자금융지주_지배구조연차보고서_2026,한국투자금융지주,연차보고서,문서 전체,1~207,compensation,"성과\s*보수|이연\s*지급|환수|Clawback|클로백|(리스크|위험)\s*(를|을)?\s*(고려|반영|조정)[^.。]{0,20}(성과|보수|평가)|(성과|보수)[^.。]{0,30}(리스크|위험)\s*(조정|반영|고려)|보수\s*체계|보수\s*정책|리스크\s*조정",57
연차보고서__한국투자금융지주_지배구조연차보고서_2026,한국투자금융지주,연차보고서,문서 전체,1~207,org,리스크\s*관리\s*(부|팀|본부|부문|실|총괄|그룹|센터|조직)|위험\s*관리\s*(부|팀|본부|부문|실|조직|전담)|리스크\s*총괄|리스크\s*검증|전담\s*조직|리스크\s*관리\s*인력,6
연차보고서__한국투자금융지주_지배구조연차보고서_2026,한국투자금융지주,연차보고서,문서 전체,1~207,subsidiary_control,"사전\s*협의|사전\s*승인|협의\s*사항|승인\s*사항|공문|공식\s*문서|자회사[^.。]{0,30}(평가|지시|요청|통보)|(CRO|위험관리\s*책임자|리스크\s*관리\s*책임자)[^.。]{0,30}평가",26
연차보고서__한국투자금융지주_지배구조연차보고서_2026,한국투자금융지주,연차보고서,문서 전체,1~207,model_validation,모형\s*검증|모델\s*검증|검증\s*(조직|부서|팀|결과|주기)|독립적\s*(인\s*)?검증|적합성\s*검증|사후\s*검증|백\s*테스팅|Back\s*-?\s*testing|Validation,0
연차보고서__한국투자금융지주_지배구조연차보고서_2026,한국투자금융지주,연차보고서,문서 전체,1~207,internal_capital,내부\s*자본|자본\s*버퍼|완충\s*자본|목표\s*(비율|수준)|내부\s*목표|자본\s*적정성\s*평가|ICAAP|경제적\s*자본|위험\s*자본,1
연차보고서__한국투자금융지주_지배구조연차보고서_2026,한국투자금융지주,연차보고서,문서 전체,1~207,early_warning,조기\s*경보|Early\s*Warning|EWS|위기\s*단계|위기\s*상황\s*(단계|등급|판단)|비상\s*(대응|대책)|위기\s*대응|컨틴전시|Contingency,0
연차보고서__한국투자금융지주_지배구조연차보고서_2026,한국투자금융지주,연차보고서,문서 전체,1~207,contagion,"(위험|리스크)[^.。]{0,10}전이|전이\s*(위험|리스크|효과)|전염|교차\s*판매|공동\s*(상품|개발|영업|마케팅)|계열\s*(사)?\s*(판매|거래)\s*비중|평판\s*(리스크|위험)|그룹\s*내\s*(거래|위험)|복합\s*점포|이해\s*상충",21
연차보고서__한국투자금융지주_지배구조연차보고서_2026,한국투자금융지주,연차보고서,문서 전체,1~207,related_party,대주주|특수\s*관계|계열\s*(회사|사)?\s*(간|와의)?\s*거래|자회사\s*등?\s*과의\s*거래|내부\s*거래|신용\s*공여,19
연차보고서__한국투자금융지주_지배구조연차보고서_2026,한국투자금융지주,연차보고서,문서 전체,1~207,icfr,내부\s*회계|연결\s*내부\s*회계|ICFR,22
연차보고서__한국투자금융지주_지배구조연차보고서_2026,한국투자금융지주,연차보고서,문서 전체,1~207,internal_control,내부\s*통제|준법\s*감시|내부\s*감사,104
연차보고서__한국투자금융지주_지배구조연차보고서_2026,한국투자금융지주,연차보고서,문서 전체,1~207,holding_plan,"지주\s*회사[^.。]{0,40}(운영|체제|계획|역할|기능|전략)|(경영|운영)\s*계획|자회사\s*(관리|편입)|그룹\s*(통합|시너지)",27
연차보고서__한국투자금융지주_지배구조연차보고서_2026_재공시,한국투자금융지주,연차보고서,문서 전체,1~208,risk_committee,위험관리\s*위원회|리스크\s*관리\s*위원회|리스크위원회|Risk\s*Management\s*Committee,67
연차보고서__한국투자금융지주_지배구조연차보고서_2026_재공시,한국투자금융지주,연차보고서,문서 전체,1~208,group_council,(리스크|위험)\s*(관리)?\s*(실무)?\s*(협의회|협의체|심의회)|리스크정책위원회|실무\s*위원회|실무\s*협의회,17
연차보고서__한국투자금융지주_지배구조연차보고서_2026_재공시,한국투자금융지주,연차보고서,문서 전체,1~208,cro,CRO|위험관리\s*책임자|리스크\s*관리\s*책임자|최고\s*리스크|Chief\s*Risk,14
연차보고서__한국투자금융지주_지배구조연차보고서_2026_재공시,한국투자금융지주,연차보고서,문서 전체,1~208,raf,위험\s*선호|리스크\s*선호|Risk\s*Appetite|RAF|위험\s*성향|리스크\s*성향|(위험|리스크)\s*한도|허용\s*한도|한도\s*(관리|설정|배분)|(위험)?자본\s*배분|위험\s*자본\s*(한도|배분),21
연차보고서__한국투자금융지주_지배구조연차보고서_2026_재공시,한국투자금융지주,연차보고서,문서 전체,1~208,measurement,요구\s*자본|내부\s*자본|가용\s*자본|통합\s*(위험|리스크)|VaR|자본\s*적정성|ICAAP|위험\s*자본|경제적\s*자본|Risk\s*Capital|위험\s*측정|리스크\s*측정,3
연차보고서__한국투자금융지주_지배구조연차보고서_2026_재공시,한국투자금융지주,연차보고서,문서 전체,1~208,reporting,"(리스크|위험)[^.。]{0,40}보고|보고[^.。]{0,20}(리스크|위험)|MIS|모니터링|리스크\s*관리\s*시스템",33
연차보고서__한국투자금융지주_지배구조연차보고서_2026_재공시,한국투자금융지주,연차보고서,문서 전체,1~208,stress,위기\s*상황\s*분석|스트레스\s*테스트|Stress|위기\s*상황\s*시나리오|비상\s*(조달|자금|계획)|컨틴전시|Contingency|위기\s*관리,9
연차보고서__한국투자금융지주_지배구조연차보고서_2026_재공시,한국투자금융지주,연차보고서,문서 전체,1~208,oprisk,운영\s*(리스크|위험)|손실\s*사건|손실\s*데이터|BCP|업무\s*연속성|위탁|IT\s*리스크|정보\s*보호|사이버,2
연차보고서__한국투자금융지주_지배구조연차보고서_2026_재공시,한국투자금융지주,연차보고서,문서 전체,1~208,compensation,"성과\s*보수|이연\s*지급|환수|Clawback|클로백|(리스크|위험)\s*(를|을)?\s*(고려|반영|조정)[^.。]{0,20}(성과|보수|평가)|(성과|보수)[^.。]{0,30}(리스크|위험)\s*(조정|반영|고려)|보수\s*체계|보수\s*정책|리스크\s*조정",57
연차보고서__한국투자금융지주_지배구조연차보고서_2026_재공시,한국투자금융지주,연차보고서,문서 전체,1~208,org,리스크\s*관리\s*(부|팀|본부|부문|실|총괄|그룹|센터|조직)|위험\s*관리\s*(부|팀|본부|부문|실|조직|전담)|리스크\s*총괄|리스크\s*검증|전담\s*조직|리스크\s*관리\s*인력,6
연차보고서__한국투자금융지주_지배구조연차보고서_2026_재공시,한국투자금융지주,연차보고서,문서 전체,1~208,subsidiary_control,"사전\s*협의|사전\s*승인|협의\s*사항|승인\s*사항|공문|공식\s*문서|자회사[^.。]{0,30}(평가|지시|요청|통보)|(CRO|위험관리\s*책임자|리스크\s*관리\s*책임자)[^.。]{0,30}평가",26
연차보고서__한국투자금융지주_지배구조연차보고서_2026_재공시,한국투자금융지주,연차보고서,문서 전체,1~208,model_validation,모형\s*검증|모델\s*검증|검증\s*(조직|부서|팀|결과|주기)|독립적\s*(인\s*)?검증|적합성\s*검증|사후\s*검증|백\s*테스팅|Back\s*-?\s*testing|Validation,0
연차보고서__한국투자금융지주_지배구조연차보고서_2026_재공시,한국투자금융지주,연차보고서,문서 전체,1~208,internal_capital,내부\s*자본|자본\s*버퍼|완충\s*자본|목표\s*(비율|수준)|내부\s*목표|자본\s*적정성\s*평가|ICAAP|경제적\s*자본|위험\s*자본,1
연차보고서__한국투자금융지주_지배구조연차보고서_2026_재공시,한국투자금융지주,연차보고서,문서 전체,1~208,early_warning,조기\s*경보|Early\s*Warning|EWS|위기\s*단계|위기\s*상황\s*(단계|등급|판단)|비상\s*(대응|대책)|위기\s*대응|컨틴전시|Contingency,0
연차보고서__한국투자금융지주_지배구조연차보고서_2026_재공시,한국투자금융지주,연차보고서,문서 전체,1~208,contagion,"(위험|리스크)[^.。]{0,10}전이|전이\s*(위험|리스크|효과)|전염|교차\s*판매|공동\s*(상품|개발|영업|마케팅)|계열\s*(사)?\s*(판매|거래)\s*비중|평판\s*(리스크|위험)|그룹\s*내\s*(거래|위험)|복합\s*점포|이해\s*상충",21
연차보고서__한국투자금융지주_지배구조연차보고서_2026_재공시,한국투자금융지주,연차보고서,문서 전체,1~208,related_party,대주주|특수\s*관계|계열\s*(회사|사)?\s*(간|와의)?\s*거래|자회사\s*등?\s*과의\s*거래|내부\s*거래|신용\s*공여,19
연차보고서__한국투자금융지주_지배구조연차보고서_2026_재공시,한국투자금융지주,연차보고서,문서 전체,1~208,icfr,내부\s*회계|연결\s*내부\s*회계|ICFR,22
연차보고서__한국투자금융지주_지배구조연차보고서_2026_재공시,한국투자금융지주,연차보고서,문서 전체,1~208,internal_control,내부\s*통제|준법\s*감시|내부\s*감사,104
연차보고서__한국투자금융지주_지배구조연차보고서_2026_재공시,한국투자금융지주,연차보고서,문서 전체,1~208,holding_plan,"지주\s*회사[^.。]{0,40}(운영|체제|계획|역할|기능|전략)|(경영|운영)\s*계획|자회사\s*(관리|편입)|그룹\s*(통합|시너지)",27
연차보고서__NH농협금융지주_지배구조연차보고서_2026,NH농협금융지주,연차보고서,문서 전체,1~334,risk_committee,위험관리\s*위원회|리스크\s*관리\s*위원회|리스크위원회|Risk\s*Management\s*Committee,106
연차보고서__NH농협금융지주_지배구조연차보고서_2026,NH농협금융지주,연차보고서,문서 전체,1~334,group_council,(리스크|위험)\s*(관리)?\s*(실무)?\s*(협의회|협의체|심의회)|리스크정책위원회|실무\s*위원회|실무\s*협의회,16
연차보고서__NH농협금융지주_지배구조연차보고서_2026,NH농협금융지주,연차보고서,문서 전체,1~334,cro,CRO|위험관리\s*책임자|리스크\s*관리\s*책임자|최고\s*리스크|Chief\s*Risk,30
연차보고서__NH농협금융지주_지배구조연차보고서_2026,NH농협금융지주,연차보고서,문서 전체,1~334,raf,위험\s*선호|리스크\s*선호|Risk\s*Appetite|RAF|위험\s*성향|리스크\s*성향|(위험|리스크)\s*한도|허용\s*한도|한도\s*(관리|설정|배분)|(위험)?자본\s*배분|위험\s*자본\s*(한도|배분),24
연차보고서__NH농협금융지주_지배구조연차보고서_2026,NH농협금융지주,연차보고서,문서 전체,1~334,measurement,요구\s*자본|내부\s*자본|가용\s*자본|통합\s*(위험|리스크)|VaR|자본\s*적정성|ICAAP|위험\s*자본|경제적\s*자본|Risk\s*Capital|위험\s*측정|리스크\s*측정,47
연차보고서__NH농협금융지주_지배구조연차보고서_2026,NH농협금융지주,연차보고서,문서 전체,1~334,reporting,"(리스크|위험)[^.。]{0,40}보고|보고[^.。]{0,20}(리스크|위험)|MIS|모니터링|리스크\s*관리\s*시스템",37
연차보고서__NH농협금융지주_지배구조연차보고서_2026,NH농협금융지주,연차보고서,문서 전체,1~334,stress,위기\s*상황\s*분석|스트레스\s*테스트|Stress|위기\s*상황\s*시나리오|비상\s*(조달|자금|계획)|컨틴전시|Contingency|위기\s*관리,27
연차보고서__NH농협금융지주_지배구조연차보고서_2026,NH농협금융지주,연차보고서,문서 전체,1~334,oprisk,운영\s*(리스크|위험)|손실\s*사건|손실\s*데이터|BCP|업무\s*연속성|위탁|IT\s*리스크|정보\s*보호|사이버,14
연차보고서__NH농협금융지주_지배구조연차보고서_2026,NH농협금융지주,연차보고서,문서 전체,1~334,compensation,"성과\s*보수|이연\s*지급|환수|Clawback|클로백|(리스크|위험)\s*(를|을)?\s*(고려|반영|조정)[^.。]{0,20}(성과|보수|평가)|(성과|보수)[^.。]{0,30}(리스크|위험)\s*(조정|반영|고려)|보수\s*체계|보수\s*정책|리스크\s*조정",213
연차보고서__NH농협금융지주_지배구조연차보고서_2026,NH농협금융지주,연차보고서,문서 전체,1~334,org,리스크\s*관리\s*(부|팀|본부|부문|실|총괄|그룹|센터|조직)|위험\s*관리\s*(부|팀|본부|부문|실|조직|전담)|리스크\s*총괄|리스크\s*검증|전담\s*조직|리스크\s*관리\s*인력,11
연차보고서__NH농협금융지주_지배구조연차보고서_2026,NH농협금융지주,연차보고서,문서 전체,1~334,subsidiary_control,"사전\s*협의|사전\s*승인|협의\s*사항|승인\s*사항|공문|공식\s*문서|자회사[^.。]{0,30}(평가|지시|요청|통보)|(CRO|위험관리\s*책임자|리스크\s*관리\s*책임자)[^.。]{0,30}평가",30
연차보고서__NH농협금융지주_지배구조연차보고서_2026,NH농협금융지주,연차보고서,문서 전체,1~334,model_validation,모형\s*검증|모델\s*검증|검증\s*(조직|부서|팀|결과|주기)|독립적\s*(인\s*)?검증|적합성\s*검증|사후\s*검증|백\s*테스팅|Back\s*-?\s*testing|Validation,19
연차보고서__NH농협금융지주_지배구조연차보고서_2026,NH농협금융지주,연차보고서,문서 전체,1~334,internal_capital,내부\s*자본|자본\s*버퍼|완충\s*자본|목표\s*(비율|수준)|내부\s*목표|자본\s*적정성\s*평가|ICAAP|경제적\s*자본|위험\s*자본,24
연차보고서__NH농협금융지주_지배구조연차보고서_2026,NH농협금융지주,연차보고서,문서 전체,1~334,early_warning,조기\s*경보|Early\s*Warning|EWS|위기\s*단계|위기\s*상황\s*(단계|등급|판단)|비상\s*(대응|대책)|위기\s*대응|컨틴전시|Contingency,1
연차보고서__NH농협금융지주_지배구조연차보고서_2026,NH농협금융지주,연차보고서,문서 전체,1~334,contagion,"(위험|리스크)[^.。]{0,10}전이|전이\s*(위험|리스크|효과)|전염|교차\s*판매|공동\s*(상품|개발|영업|마케팅)|계열\s*(사)?\s*(판매|거래)\s*비중|평판\s*(리스크|위험)|그룹\s*내\s*(거래|위험)|복합\s*점포|이해\s*상충",29
연차보고서__NH농협금융지주_지배구조연차보고서_2026,NH농협금융지주,연차보고서,문서 전체,1~334,related_party,대주주|특수\s*관계|계열\s*(회사|사)?\s*(간|와의)?\s*거래|자회사\s*등?\s*과의\s*거래|내부\s*거래|신용\s*공여,19
연차보고서__NH농협금융지주_지배구조연차보고서_2026,NH농협금융지주,연차보고서,문서 전체,1~334,icfr,내부\s*회계|연결\s*내부\s*회계|ICFR,19
연차보고서__NH농협금융지주_지배구조연차보고서_2026,NH농협금융지주,연차보고서,문서 전체,1~334,internal_control,내부\s*통제|준법\s*감시|내부\s*감사,157
연차보고서__NH농협금융지주_지배구조연차보고서_2026,NH농협금융지주,연차보고서,문서 전체,1~334,holding_plan,"지주\s*회사[^.。]{0,40}(운영|체제|계획|역할|기능|전략)|(경영|운영)\s*계획|자회사\s*(관리|편입)|그룹\s*(통합|시너지)",49
연차보고서__NH농협금융지주_지배구조연차보고서_2026_추가공시,NH농협금융지주,연차보고서,문서 전체,1~344,risk_committee,위험관리\s*위원회|리스크\s*관리\s*위원회|리스크위원회|Risk\s*Management\s*Committee,104
연차보고서__NH농협금융지주_지배구조연차보고서_2026_추가공시,NH농협금융지주,연차보고서,문서 전체,1~344,group_council,(리스크|위험)\s*(관리)?\s*(실무)?\s*(협의회|협의체|심의회)|리스크정책위원회|실무\s*위원회|실무\s*협의회,16
연차보고서__NH농협금융지주_지배구조연차보고서_2026_추가공시,NH농협금융지주,연차보고서,문서 전체,1~344,cro,CRO|위험관리\s*책임자|리스크\s*관리\s*책임자|최고\s*리스크|Chief\s*Risk,30
연차보고서__NH농협금융지주_지배구조연차보고서_2026_추가공시,NH농협금융지주,연차보고서,문서 전체,1~344,raf,위험\s*선호|리스크\s*선호|Risk\s*Appetite|RAF|위험\s*성향|리스크\s*성향|(위험|리스크)\s*한도|허용\s*한도|한도\s*(관리|설정|배분)|(위험)?자본\s*배분|위험\s*자본\s*(한도|배분),25
연차보고서__NH농협금융지주_지배구조연차보고서_2026_추가공시,NH농협금융지주,연차보고서,문서 전체,1~344,measurement,요구\s*자본|내부\s*자본|가용\s*자본|통합\s*(위험|리스크)|VaR|자본\s*적정성|ICAAP|위험\s*자본|경제적\s*자본|Risk\s*Capital|위험\s*측정|리스크\s*측정,47
연차보고서__NH농협금융지주_지배구조연차보고서_2026_추가공시,NH농협금융지주,연차보고서,문서 전체,1~344,reporting,"(리스크|위험)[^.。]{0,40}보고|보고[^.。]{0,20}(리스크|위험)|MIS|모니터링|리스크\s*관리\s*시스템",37
연차보고서__NH농협금융지주_지배구조연차보고서_2026_추가공시,NH농협금융지주,연차보고서,문서 전체,1~344,stress,위기\s*상황\s*분석|스트레스\s*테스트|Stress|위기\s*상황\s*시나리오|비상\s*(조달|자금|계획)|컨틴전시|Contingency|위기\s*관리,27
연차보고서__NH농협금융지주_지배구조연차보고서_2026_추가공시,NH농협금융지주,연차보고서,문서 전체,1~344,oprisk,운영\s*(리스크|위험)|손실\s*사건|손실\s*데이터|BCP|업무\s*연속성|위탁|IT\s*리스크|정보\s*보호|사이버,14
연차보고서__NH농협금융지주_지배구조연차보고서_2026_추가공시,NH농협금융지주,연차보고서,문서 전체,1~344,compensation,"성과\s*보수|이연\s*지급|환수|Clawback|클로백|(리스크|위험)\s*(를|을)?\s*(고려|반영|조정)[^.。]{0,20}(성과|보수|평가)|(성과|보수)[^.。]{0,30}(리스크|위험)\s*(조정|반영|고려)|보수\s*체계|보수\s*정책|리스크\s*조정",217
연차보고서__NH농협금융지주_지배구조연차보고서_2026_추가공시,NH농협금융지주,연차보고서,문서 전체,1~344,org,리스크\s*관리\s*(부|팀|본부|부문|실|총괄|그룹|센터|조직)|위험\s*관리\s*(부|팀|본부|부문|실|조직|전담)|리스크\s*총괄|리스크\s*검증|전담\s*조직|리스크\s*관리\s*인력,11
연차보고서__NH농협금융지주_지배구조연차보고서_2026_추가공시,NH농협금융지주,연차보고서,문서 전체,1~344,subsidiary_control,"사전\s*협의|사전\s*승인|협의\s*사항|승인\s*사항|공문|공식\s*문서|자회사[^.。]{0,30}(평가|지시|요청|통보)|(CRO|위험관리\s*책임자|리스크\s*관리\s*책임자)[^.。]{0,30}평가",31
연차보고서__NH농협금융지주_지배구조연차보고서_2026_추가공시,NH농협금융지주,연차보고서,문서 전체,1~344,model_validation,모형\s*검증|모델\s*검증|검증\s*(조직|부서|팀|결과|주기)|독립적\s*(인\s*)?검증|적합성\s*검증|사후\s*검증|백\s*테스팅|Back\s*-?\s*testing|Validation,19
연차보고서__NH농협금융지주_지배구조연차보고서_2026_추가공시,NH농협금융지주,연차보고서,문서 전체,1~344,internal_capital,내부\s*자본|자본\s*버퍼|완충\s*자본|목표\s*(비율|수준)|내부\s*목표|자본\s*적정성\s*평가|ICAAP|경제적\s*자본|위험\s*자본,25
연차보고서__NH농협금융지주_지배구조연차보고서_2026_추가공시,NH농협금융지주,연차보고서,문서 전체,1~344,early_warning,조기\s*경보|Early\s*Warning|EWS|위기\s*단계|위기\s*상황\s*(단계|등급|판단)|비상\s*(대응|대책)|위기\s*대응|컨틴전시|Contingency,1
연차보고서__NH농협금융지주_지배구조연차보고서_2026_추가공시,NH농협금융지주,연차보고서,문서 전체,1~344,contagion,"(위험|리스크)[^.。]{0,10}전이|전이\s*(위험|리스크|효과)|전염|교차\s*판매|공동\s*(상품|개발|영업|마케팅)|계열\s*(사)?\s*(판매|거래)\s*비중|평판\s*(리스크|위험)|그룹\s*내\s*(거래|위험)|복합\s*점포|이해\s*상충",28
연차보고서__NH농협금융지주_지배구조연차보고서_2026_추가공시,NH농협금융지주,연차보고서,문서 전체,1~344,related_party,대주주|특수\s*관계|계열\s*(회사|사)?\s*(간|와의)?\s*거래|자회사\s*등?\s*과의\s*거래|내부\s*거래|신용\s*공여,19
연차보고서__NH농협금융지주_지배구조연차보고서_2026_추가공시,NH농협금융지주,연차보고서,문서 전체,1~344,icfr,내부\s*회계|연결\s*내부\s*회계|ICFR,20
연차보고서__NH농협금융지주_지배구조연차보고서_2026_추가공시,NH농협금융지주,연차보고서,문서 전체,1~344,internal_control,내부\s*통제|준법\s*감시|내부\s*감사,143
연차보고서__NH농협금융지주_지배구조연차보고서_2026_추가공시,NH농협금융지주,연차보고서,문서 전체,1~344,holding_plan,"지주\s*회사[^.。]{0,40}(운영|체제|계획|역할|기능|전략)|(경영|운영)\s*계획|자회사\s*(관리|편입)|그룹\s*(통합|시너지)",50
사업보고서__KB금융지주__20260619000667,KB금융지주,사업보고서,Ⅳ-6 라.파생상품및위험관리정책에관한사항,806~811,risk_committee,위험관리\s*위원회|리스크\s*관리\s*위원회|리스크위원회|Risk\s*Management\s*Committee,6
사업보고서__KB금융지주__20260619000667,KB금융지주,사업보고서,Ⅳ-6 라.파생상품및위험관리정책에관한사항,806~811,group_council,(리스크|위험)\s*(관리)?\s*(실무)?\s*(협의회|협의체|심의회)|리스크정책위원회|실무\s*위원회|실무\s*협의회,5
사업보고서__KB금융지주__20260619000667,KB금융지주,사업보고서,Ⅳ-6 라.파생상품및위험관리정책에관한사항,806~811,cro,CRO|위험관리\s*책임자|리스크\s*관리\s*책임자|최고\s*리스크|Chief\s*Risk,0
사업보고서__KB금융지주__20260619000667,KB금융지주,사업보고서,Ⅳ-6 라.파생상품및위험관리정책에관한사항,806~811,raf,위험\s*선호|리스크\s*선호|Risk\s*Appetite|RAF|위험\s*성향|리스크\s*성향|(위험|리스크)\s*한도|허용\s*한도|한도\s*(관리|설정|배분)|(위험)?자본\s*배분|위험\s*자본\s*(한도|배분),6
사업보고서__KB금융지주__20260619000667,KB금융지주,사업보고서,Ⅳ-6 라.파생상품및위험관리정책에관한사항,806~811,measurement,요구\s*자본|내부\s*자본|가용\s*자본|통합\s*(위험|리스크)|VaR|자본\s*적정성|ICAAP|위험\s*자본|경제적\s*자본|Risk\s*Capital|위험\s*측정|리스크\s*측정,14
사업보고서__KB금융지주__20260619000667,KB금융지주,사업보고서,Ⅳ-6 라.파생상품및위험관리정책에관한사항,806~811,reporting,"(리스크|위험)[^.。]{0,40}보고|보고[^.。]{0,20}(리스크|위험)|MIS|모니터링|리스크\s*관리\s*시스템",13
사업보고서__KB금융지주__20260619000667,KB금융지주,사업보고서,Ⅳ-6 라.파생상품및위험관리정책에관한사항,806~811,stress,위기\s*상황\s*분석|스트레스\s*테스트|Stress|위기\s*상황\s*시나리오|비상\s*(조달|자금|계획)|컨틴전시|Contingency|위기\s*관리,4
사업보고서__KB금융지주__20260619000667,KB금융지주,사업보고서,Ⅳ-6 라.파생상품및위험관리정책에관한사항,806~811,oprisk,운영\s*(리스크|위험)|손실\s*사건|손실\s*데이터|BCP|업무\s*연속성|위탁|IT\s*리스크|정보\s*보호|사이버,10
사업보고서__KB금융지주__20260619000667,KB금융지주,사업보고서,Ⅳ-6 라.파생상품및위험관리정책에관한사항,806~811,compensation,"성과\s*보수|이연\s*지급|환수|Clawback|클로백|(리스크|위험)\s*(를|을)?\s*(고려|반영|조정)[^.。]{0,20}(성과|보수|평가)|(성과|보수)[^.。]{0,30}(리스크|위험)\s*(조정|반영|고려)|보수\s*체계|보수\s*정책|리스크\s*조정",0
사업보고서__KB금융지주__20260619000667,KB금융지주,사업보고서,Ⅳ-6 라.파생상품및위험관리정책에관한사항,806~811,org,리스크\s*관리\s*(부|팀|본부|부문|실|총괄|그룹|센터|조직)|위험\s*관리\s*(부|팀|본부|부문|실|조직|전담)|리스크\s*총괄|리스크\s*검증|전담\s*조직|리스크\s*관리\s*인력,6
사업보고서__KB금융지주__20260619000667,KB금융지주,사업보고서,Ⅳ-6 라.파생상품및위험관리정책에관한사항,806~811,subsidiary_control,"사전\s*협의|사전\s*승인|협의\s*사항|승인\s*사항|공문|공식\s*문서|자회사[^.。]{0,30}(평가|지시|요청|통보)|(CRO|위험관리\s*책임자|리스크\s*관리\s*책임자)[^.。]{0,30}평가",0
사업보고서__KB금융지주__20260619000667,KB금융지주,사업보고서,Ⅳ-6 라.파생상품및위험관리정책에관한사항,806~811,model_validation,모형\s*검증|모델\s*검증|검증\s*(조직|부서|팀|결과|주기)|독립적\s*(인\s*)?검증|적합성\s*검증|사후\s*검증|백\s*테스팅|Back\s*-?\s*testing|Validation,4
사업보고서__KB금융지주__20260619000667,KB금융지주,사업보고서,Ⅳ-6 라.파생상품및위험관리정책에관한사항,806~811,internal_capital,내부\s*자본|자본\s*버퍼|완충\s*자본|목표\s*(비율|수준)|내부\s*목표|자본\s*적정성\s*평가|ICAAP|경제적\s*자본|위험\s*자본,9
사업보고서__KB금융지주__20260619000667,KB금융지주,사업보고서,Ⅳ-6 라.파생상품및위험관리정책에관한사항,806~811,early_warning,조기\s*경보|Early\s*Warning|EWS|위기\s*단계|위기\s*상황\s*(단계|등급|판단)|비상\s*(대응|대책)|위기\s*대응|컨틴전시|Contingency,0
사업보고서__KB금융지주__20260619000667,KB금융지주,사업보고서,Ⅳ-6 라.파생상품및위험관리정책에관한사항,806~811,contagion,"(위험|리스크)[^.。]{0,10}전이|전이\s*(위험|리스크|효과)|전염|교차\s*판매|공동\s*(상품|개발|영업|마케팅)|계열\s*(사)?\s*(판매|거래)\s*비중|평판\s*(리스크|위험)|그룹\s*내\s*(거래|위험)|복합\s*점포|이해\s*상충",2
사업보고서__KB금융지주__20260619000667,KB금융지주,사업보고서,Ⅳ-6 라.파생상품및위험관리정책에관한사항,806~811,related_party,대주주|특수\s*관계|계열\s*(회사|사)?\s*(간|와의)?\s*거래|자회사\s*등?\s*과의\s*거래|내부\s*거래|신용\s*공여,0
사업보고서__KB금융지주__20260619000667,KB금융지주,사업보고서,Ⅳ-6 라.파생상품및위험관리정책에관한사항,806~811,icfr,내부\s*회계|연결\s*내부\s*회계|ICFR,0
사업보고서__KB금융지주__20260619000667,KB금융지주,사업보고서,Ⅳ-6 라.파생상품및위험관리정책에관한사항,806~811,internal_control,내부\s*통제|준법\s*감시|내부\s*감사,2
사업보고서__KB금융지주__20260619000667,KB금융지주,사업보고서,Ⅳ-6 라.파생상품및위험관리정책에관한사항,806~811,holding_plan,"지주\s*회사[^.。]{0,40}(운영|체제|계획|역할|기능|전략)|(경영|운영)\s*계획|자회사\s*(관리|편입)|그룹\s*(통합|시너지)",1
사업보고서__KB금융지주__20260324000835,KB금융지주,사업보고서,Ⅳ-6 라.파생상품및위험관리정책에관한사항,811~816,risk_committee,위험관리\s*위원회|리스크\s*관리\s*위원회|리스크위원회|Risk\s*Management\s*Committee,6
사업보고서__KB금융지주__20260324000835,KB금융지주,사업보고서,Ⅳ-6 라.파생상품및위험관리정책에관한사항,811~816,group_council,(리스크|위험)\s*(관리)?\s*(실무)?\s*(협의회|협의체|심의회)|리스크정책위원회|실무\s*위원회|실무\s*협의회,5
사업보고서__KB금융지주__20260324000835,KB금융지주,사업보고서,Ⅳ-6 라.파생상품및위험관리정책에관한사항,811~816,cro,CRO|위험관리\s*책임자|리스크\s*관리\s*책임자|최고\s*리스크|Chief\s*Risk,0
사업보고서__KB금융지주__20260324000835,KB금융지주,사업보고서,Ⅳ-6 라.파생상품및위험관리정책에관한사항,811~816,raf,위험\s*선호|리스크\s*선호|Risk\s*Appetite|RAF|위험\s*성향|리스크\s*성향|(위험|리스크)\s*한도|허용\s*한도|한도\s*(관리|설정|배분)|(위험)?자본\s*배분|위험\s*자본\s*(한도|배분),6
사업보고서__KB금융지주__20260324000835,KB금융지주,사업보고서,Ⅳ-6 라.파생상품및위험관리정책에관한사항,811~816,measurement,요구\s*자본|내부\s*자본|가용\s*자본|통합\s*(위험|리스크)|VaR|자본\s*적정성|ICAAP|위험\s*자본|경제적\s*자본|Risk\s*Capital|위험\s*측정|리스크\s*측정,14
사업보고서__KB금융지주__20260324000835,KB금융지주,사업보고서,Ⅳ-6 라.파생상품및위험관리정책에관한사항,811~816,reporting,"(리스크|위험)[^.。]{0,40}보고|보고[^.。]{0,20}(리스크|위험)|MIS|모니터링|리스크\s*관리\s*시스템",13
사업보고서__KB금융지주__20260324000835,KB금융지주,사업보고서,Ⅳ-6 라.파생상품및위험관리정책에관한사항,811~816,stress,위기\s*상황\s*분석|스트레스\s*테스트|Stress|위기\s*상황\s*시나리오|비상\s*(조달|자금|계획)|컨틴전시|Contingency|위기\s*관리,4
사업보고서__KB금융지주__20260324000835,KB금융지주,사업보고서,Ⅳ-6 라.파생상품및위험관리정책에관한사항,811~816,oprisk,운영\s*(리스크|위험)|손실\s*사건|손실\s*데이터|BCP|업무\s*연속성|위탁|IT\s*리스크|정보\s*보호|사이버,10
사업보고서__KB금융지주__20260324000835,KB금융지주,사업보고서,Ⅳ-6 라.파생상품및위험관리정책에관한사항,811~816,compensation,"성과\s*보수|이연\s*지급|환수|Clawback|클로백|(리스크|위험)\s*(를|을)?\s*(고려|반영|조정)[^.。]{0,20}(성과|보수|평가)|(성과|보수)[^.。]{0,30}(리스크|위험)\s*(조정|반영|고려)|보수\s*체계|보수\s*정책|리스크\s*조정",0
사업보고서__KB금융지주__20260324000835,KB금융지주,사업보고서,Ⅳ-6 라.파생상품및위험관리정책에관한사항,811~816,org,리스크\s*관리\s*(부|팀|본부|부문|실|총괄|그룹|센터|조직)|위험\s*관리\s*(부|팀|본부|부문|실|조직|전담)|리스크\s*총괄|리스크\s*검증|전담\s*조직|리스크\s*관리\s*인력,6
사업보고서__KB금융지주__20260324000835,KB금융지주,사업보고서,Ⅳ-6 라.파생상품및위험관리정책에관한사항,811~816,subsidiary_control,"사전\s*협의|사전\s*승인|협의\s*사항|승인\s*사항|공문|공식\s*문서|자회사[^.。]{0,30}(평가|지시|요청|통보)|(CRO|위험관리\s*책임자|리스크\s*관리\s*책임자)[^.。]{0,30}평가",0
사업보고서__KB금융지주__20260324000835,KB금융지주,사업보고서,Ⅳ-6 라.파생상품및위험관리정책에관한사항,811~816,model_validation,모형\s*검증|모델\s*검증|검증\s*(조직|부서|팀|결과|주기)|독립적\s*(인\s*)?검증|적합성\s*검증|사후\s*검증|백\s*테스팅|Back\s*-?\s*testing|Validation,4
사업보고서__KB금융지주__20260324000835,KB금융지주,사업보고서,Ⅳ-6 라.파생상품및위험관리정책에관한사항,811~816,internal_capital,내부\s*자본|자본\s*버퍼|완충\s*자본|목표\s*(비율|수준)|내부\s*목표|자본\s*적정성\s*평가|ICAAP|경제적\s*자본|위험\s*자본,9
사업보고서__KB금융지주__20260324000835,KB금융지주,사업보고서,Ⅳ-6 라.파생상품및위험관리정책에관한사항,811~816,early_warning,조기\s*경보|Early\s*Warning|EWS|위기\s*단계|위기\s*상황\s*(단계|등급|판단)|비상\s*(대응|대책)|위기\s*대응|컨틴전시|Contingency,0
사업보고서__KB금융지주__20260324000835,KB금융지주,사업보고서,Ⅳ-6 라.파생상품및위험관리정책에관한사항,811~816,contagion,"(위험|리스크)[^.。]{0,10}전이|전이\s*(위험|리스크|효과)|전염|교차\s*판매|공동\s*(상품|개발|영업|마케팅)|계열\s*(사)?\s*(판매|거래)\s*비중|평판\s*(리스크|위험)|그룹\s*내\s*(거래|위험)|복합\s*점포|이해\s*상충",2
사업보고서__KB금융지주__20260324000835,KB금융지주,사업보고서,Ⅳ-6 라.파생상품및위험관리정책에관한사항,811~816,related_party,대주주|특수\s*관계|계열\s*(회사|사)?\s*(간|와의)?\s*거래|자회사\s*등?\s*과의\s*거래|내부\s*거래|신용\s*공여,0
사업보고서__KB금융지주__20260324000835,KB금융지주,사업보고서,Ⅳ-6 라.파생상품및위험관리정책에관한사항,811~816,icfr,내부\s*회계|연결\s*내부\s*회계|ICFR,0
사업보고서__KB금융지주__20260324000835,KB금융지주,사업보고서,Ⅳ-6 라.파생상품및위험관리정책에관한사항,811~816,internal_control,내부\s*통제|준법\s*감시|내부\s*감사,2
사업보고서__KB금융지주__20260324000835,KB금융지주,사업보고서,Ⅳ-6 라.파생상품및위험관리정책에관한사항,811~816,holding_plan,"지주\s*회사[^.。]{0,40}(운영|체제|계획|역할|기능|전략)|(경영|운영)\s*계획|자회사\s*(관리|편입)|그룹\s*(통합|시너지)",1
사업보고서__KB금융지주__20260313001191,KB금융지주,사업보고서,Ⅳ-6 라.파생상품및위험관리정책에관한사항,796~801,risk_committee,위험관리\s*위원회|리스크\s*관리\s*위원회|리스크위원회|Risk\s*Management\s*Committee,6
사업보고서__KB금융지주__20260313001191,KB금융지주,사업보고서,Ⅳ-6 라.파생상품및위험관리정책에관한사항,796~801,group_council,(리스크|위험)\s*(관리)?\s*(실무)?\s*(협의회|협의체|심의회)|리스크정책위원회|실무\s*위원회|실무\s*협의회,5
사업보고서__KB금융지주__20260313001191,KB금융지주,사업보고서,Ⅳ-6 라.파생상품및위험관리정책에관한사항,796~801,cro,CRO|위험관리\s*책임자|리스크\s*관리\s*책임자|최고\s*리스크|Chief\s*Risk,0
사업보고서__KB금융지주__20260313001191,KB금융지주,사업보고서,Ⅳ-6 라.파생상품및위험관리정책에관한사항,796~801,raf,위험\s*선호|리스크\s*선호|Risk\s*Appetite|RAF|위험\s*성향|리스크\s*성향|(위험|리스크)\s*한도|허용\s*한도|한도\s*(관리|설정|배분)|(위험)?자본\s*배분|위험\s*자본\s*(한도|배분),6
사업보고서__KB금융지주__20260313001191,KB금융지주,사업보고서,Ⅳ-6 라.파생상품및위험관리정책에관한사항,796~801,measurement,요구\s*자본|내부\s*자본|가용\s*자본|통합\s*(위험|리스크)|VaR|자본\s*적정성|ICAAP|위험\s*자본|경제적\s*자본|Risk\s*Capital|위험\s*측정|리스크\s*측정,14
사업보고서__KB금융지주__20260313001191,KB금융지주,사업보고서,Ⅳ-6 라.파생상품및위험관리정책에관한사항,796~801,reporting,"(리스크|위험)[^.。]{0,40}보고|보고[^.。]{0,20}(리스크|위험)|MIS|모니터링|리스크\s*관리\s*시스템",13
사업보고서__KB금융지주__20260313001191,KB금융지주,사업보고서,Ⅳ-6 라.파생상품및위험관리정책에관한사항,796~801,stress,위기\s*상황\s*분석|스트레스\s*테스트|Stress|위기\s*상황\s*시나리오|비상\s*(조달|자금|계획)|컨틴전시|Contingency|위기\s*관리,4
사업보고서__KB금융지주__20260313001191,KB금융지주,사업보고서,Ⅳ-6 라.파생상품및위험관리정책에관한사항,796~801,oprisk,운영\s*(리스크|위험)|손실\s*사건|손실\s*데이터|BCP|업무\s*연속성|위탁|IT\s*리스크|정보\s*보호|사이버,10
사업보고서__KB금융지주__20260313001191,KB금융지주,사업보고서,Ⅳ-6 라.파생상품및위험관리정책에관한사항,796~801,compensation,"성과\s*보수|이연\s*지급|환수|Clawback|클로백|(리스크|위험)\s*(를|을)?\s*(고려|반영|조정)[^.。]{0,20}(성과|보수|평가)|(성과|보수)[^.。]{0,30}(리스크|위험)\s*(조정|반영|고려)|보수\s*체계|보수\s*정책|리스크\s*조정",0
사업보고서__KB금융지주__20260313001191,KB금융지주,사업보고서,Ⅳ-6 라.파생상품및위험관리정책에관한사항,796~801,org,리스크\s*관리\s*(부|팀|본부|부문|실|총괄|그룹|센터|조직)|위험\s*관리\s*(부|팀|본부|부문|실|조직|전담)|리스크\s*총괄|리스크\s*검증|전담\s*조직|리스크\s*관리\s*인력,6
사업보고서__KB금융지주__20260313001191,KB금융지주,사업보고서,Ⅳ-6 라.파생상품및위험관리정책에관한사항,796~801,subsidiary_control,"사전\s*협의|사전\s*승인|협의\s*사항|승인\s*사항|공문|공식\s*문서|자회사[^.。]{0,30}(평가|지시|요청|통보)|(CRO|위험관리\s*책임자|리스크\s*관리\s*책임자)[^.。]{0,30}평가",0
사업보고서__KB금융지주__20260313001191,KB금융지주,사업보고서,Ⅳ-6 라.파생상품및위험관리정책에관한사항,796~801,model_validation,모형\s*검증|모델\s*검증|검증\s*(조직|부서|팀|결과|주기)|독립적\s*(인\s*)?검증|적합성\s*검증|사후\s*검증|백\s*테스팅|Back\s*-?\s*testing|Validation,4
사업보고서__KB금융지주__20260313001191,KB금융지주,사업보고서,Ⅳ-6 라.파생상품및위험관리정책에관한사항,796~801,internal_capital,내부\s*자본|자본\s*버퍼|완충\s*자본|목표\s*(비율|수준)|내부\s*목표|자본\s*적정성\s*평가|ICAAP|경제적\s*자본|위험\s*자본,9
사업보고서__KB금융지주__20260313001191,KB금융지주,사업보고서,Ⅳ-6 라.파생상품및위험관리정책에관한사항,796~801,early_warning,조기\s*경보|Early\s*Warning|EWS|위기\s*단계|위기\s*상황\s*(단계|등급|판단)|비상\s*(대응|대책)|위기\s*대응|컨틴전시|Contingency,0
사업보고서__KB금융지주__20260313001191,KB금융지주,사업보고서,Ⅳ-6 라.파생상품및위험관리정책에관한사항,796~801,contagion,"(위험|리스크)[^.。]{0,10}전이|전이\s*(위험|리스크|효과)|전염|교차\s*판매|공동\s*(상품|개발|영업|마케팅)|계열\s*(사)?\s*(판매|거래)\s*비중|평판\s*(리스크|위험)|그룹\s*내\s*(거래|위험)|복합\s*점포|이해\s*상충",2
사업보고서__KB금융지주__20260313001191,KB금융지주,사업보고서,Ⅳ-6 라.파생상품및위험관리정책에관한사항,796~801,related_party,대주주|특수\s*관계|계열\s*(회사|사)?\s*(간|와의)?\s*거래|자회사\s*등?\s*과의\s*거래|내부\s*거래|신용\s*공여,0
사업보고서__KB금융지주__20260313001191,KB금융지주,사업보고서,Ⅳ-6 라.파생상품및위험관리정책에관한사항,796~801,icfr,내부\s*회계|연결\s*내부\s*회계|ICFR,0
사업보고서__KB금융지주__20260313001191,KB금융지주,사업보고서,Ⅳ-6 라.파생상품및위험관리정책에관한사항,796~801,internal_control,내부\s*통제|준법\s*감시|내부\s*감사,2
사업보고서__KB금융지주__20260313001191,KB금융지주,사업보고서,Ⅳ-6 라.파생상품및위험관리정책에관한사항,796~801,holding_plan,"지주\s*회사[^.。]{0,40}(운영|체제|계획|역할|기능|전략)|(경영|운영)\s*계획|자회사\s*(관리|편입)|그룹\s*(통합|시너지)",1
사업보고서__신한금융지주__20260318000826,신한금융지주,사업보고서,Ⅳ-6 마.위험관리정책에관한사항,792~805,risk_committee,위험관리\s*위원회|리스크\s*관리\s*위원회|리스크위원회|Risk\s*Management\s*Committee,7
사업보고서__신한금융지주__20260318000826,신한금융지주,사업보고서,Ⅳ-6 마.위험관리정책에관한사항,792~805,group_council,(리스크|위험)\s*(관리)?\s*(실무)?\s*(협의회|협의체|심의회)|리스크정책위원회|실무\s*위원회|실무\s*협의회,8
사업보고서__신한금융지주__20260318000826,신한금융지주,사업보고서,Ⅳ-6 마.위험관리정책에관한사항,792~805,cro,CRO|위험관리\s*책임자|리스크\s*관리\s*책임자|최고\s*리스크|Chief\s*Risk,7
사업보고서__신한금융지주__20260318000826,신한금융지주,사업보고서,Ⅳ-6 마.위험관리정책에관한사항,792~805,raf,위험\s*선호|리스크\s*선호|Risk\s*Appetite|RAF|위험\s*성향|리스크\s*성향|(위험|리스크)\s*한도|허용\s*한도|한도\s*(관리|설정|배분)|(위험)?자본\s*배분|위험\s*자본\s*(한도|배분),12
사업보고서__신한금융지주__20260318000826,신한금융지주,사업보고서,Ⅳ-6 마.위험관리정책에관한사항,792~805,measurement,요구\s*자본|내부\s*자본|가용\s*자본|통합\s*(위험|리스크)|VaR|자본\s*적정성|ICAAP|위험\s*자본|경제적\s*자본|Risk\s*Capital|위험\s*측정|리스크\s*측정,22
사업보고서__신한금융지주__20260318000826,신한금융지주,사업보고서,Ⅳ-6 마.위험관리정책에관한사항,792~805,reporting,"(리스크|위험)[^.。]{0,40}보고|보고[^.。]{0,20}(리스크|위험)|MIS|모니터링|리스크\s*관리\s*시스템",14
사업보고서__신한금융지주__20260318000826,신한금융지주,사업보고서,Ⅳ-6 마.위험관리정책에관한사항,792~805,stress,위기\s*상황\s*분석|스트레스\s*테스트|Stress|위기\s*상황\s*시나리오|비상\s*(조달|자금|계획)|컨틴전시|Contingency|위기\s*관리,9
사업보고서__신한금융지주__20260318000826,신한금융지주,사업보고서,Ⅳ-6 마.위험관리정책에관한사항,792~805,oprisk,운영\s*(리스크|위험)|손실\s*사건|손실\s*데이터|BCP|업무\s*연속성|위탁|IT\s*리스크|정보\s*보호|사이버,0
사업보고서__신한금융지주__20260318000826,신한금융지주,사업보고서,Ⅳ-6 마.위험관리정책에관한사항,792~805,compensation,"성과\s*보수|이연\s*지급|환수|Clawback|클로백|(리스크|위험)\s*(를|을)?\s*(고려|반영|조정)[^.。]{0,20}(성과|보수|평가)|(성과|보수)[^.。]{0,30}(리스크|위험)\s*(조정|반영|고려)|보수\s*체계|보수\s*정책|리스크\s*조정",0
사업보고서__신한금융지주__20260318000826,신한금융지주,사업보고서,Ⅳ-6 마.위험관리정책에관한사항,792~805,org,리스크\s*관리\s*(부|팀|본부|부문|실|총괄|그룹|센터|조직)|위험\s*관리\s*(부|팀|본부|부문|실|조직|전담)|리스크\s*총괄|리스크\s*검증|전담\s*조직|리스크\s*관리\s*인력,9
사업보고서__신한금융지주__20260318000826,신한금융지주,사업보고서,Ⅳ-6 마.위험관리정책에관한사항,792~805,subsidiary_control,"사전\s*협의|사전\s*승인|협의\s*사항|승인\s*사항|공문|공식\s*문서|자회사[^.。]{0,30}(평가|지시|요청|통보)|(CRO|위험관리\s*책임자|리스크\s*관리\s*책임자)[^.。]{0,30}평가",1
사업보고서__신한금융지주__20260318000826,신한금융지주,사업보고서,Ⅳ-6 마.위험관리정책에관한사항,792~805,model_validation,모형\s*검증|모델\s*검증|검증\s*(조직|부서|팀|결과|주기)|독립적\s*(인\s*)?검증|적합성\s*검증|사후\s*검증|백\s*테스팅|Back\s*-?\s*testing|Validation,0
사업보고서__신한금융지주__20260318000826,신한금융지주,사업보고서,Ⅳ-6 마.위험관리정책에관한사항,792~805,internal_capital,내부\s*자본|자본\s*버퍼|완충\s*자본|목표\s*(비율|수준)|내부\s*목표|자본\s*적정성\s*평가|ICAAP|경제적\s*자본|위험\s*자본,5
사업보고서__신한금융지주__20260318000826,신한금융지주,사업보고서,Ⅳ-6 마.위험관리정책에관한사항,792~805,early_warning,조기\s*경보|Early\s*Warning|EWS|위기\s*단계|위기\s*상황\s*(단계|등급|판단)|비상\s*(대응|대책)|위기\s*대응|컨틴전시|Contingency,5
사업보고서__신한금융지주__20260318000826,신한금융지주,사업보고서,Ⅳ-6 마.위험관리정책에관한사항,792~805,contagion,"(위험|리스크)[^.。]{0,10}전이|전이\s*(위험|리스크|효과)|전염|교차\s*판매|공동\s*(상품|개발|영업|마케팅)|계열\s*(사)?\s*(판매|거래)\s*비중|평판\s*(리스크|위험)|그룹\s*내\s*(거래|위험)|복합\s*점포|이해\s*상충",0
사업보고서__신한금융지주__20260318000826,신한금융지주,사업보고서,Ⅳ-6 마.위험관리정책에관한사항,792~805,related_party,대주주|특수\s*관계|계열\s*(회사|사)?\s*(간|와의)?\s*거래|자회사\s*등?\s*과의\s*거래|내부\s*거래|신용\s*공여,0
사업보고서__신한금융지주__20260318000826,신한금융지주,사업보고서,Ⅳ-6 마.위험관리정책에관한사항,792~805,icfr,내부\s*회계|연결\s*내부\s*회계|ICFR,0
사업보고서__신한금융지주__20260318000826,신한금융지주,사업보고서,Ⅳ-6 마.위험관리정책에관한사항,792~805,internal_control,내부\s*통제|준법\s*감시|내부\s*감사,0
사업보고서__신한금융지주__20260318000826,신한금융지주,사업보고서,Ⅳ-6 마.위험관리정책에관한사항,792~805,holding_plan,"지주\s*회사[^.。]{0,40}(운영|체제|계획|역할|기능|전략)|(경영|운영)\s*계획|자회사\s*(관리|편입)|그룹\s*(통합|시너지)",0
사업보고서__하나금융지주__20260814004019,하나금융지주,사업보고서,Ⅳ-6 라.파생상품및위험관리정책에관한사항,760~765,risk_committee,위험관리\s*위원회|리스크\s*관리\s*위원회|리스크위원회|Risk\s*Management\s*Committee,5
사업보고서__하나금융지주__20260814004019,하나금융지주,사업보고서,Ⅳ-6 라.파생상품및위험관리정책에관한사항,760~765,group_council,(리스크|위험)\s*(관리)?\s*(실무)?\s*(협의회|협의체|심의회)|리스크정책위원회|실무\s*위원회|실무\s*협의회,0
사업보고서__하나금융지주__20260814004019,하나금융지주,사업보고서,Ⅳ-6 라.파생상품및위험관리정책에관한사항,760~765,cro,CRO|위험관리\s*책임자|리스크\s*관리\s*책임자|최고\s*리스크|Chief\s*Risk,0
사업보고서__하나금융지주__20260814004019,하나금융지주,사업보고서,Ⅳ-6 라.파생상품및위험관리정책에관한사항,760~765,raf,위험\s*선호|리스크\s*선호|Risk\s*Appetite|RAF|위험\s*성향|리스크\s*성향|(위험|리스크)\s*한도|허용\s*한도|한도\s*(관리|설정|배분)|(위험)?자본\s*배분|위험\s*자본\s*(한도|배분),5
사업보고서__하나금융지주__20260814004019,하나금융지주,사업보고서,Ⅳ-6 라.파생상품및위험관리정책에관한사항,760~765,measurement,요구\s*자본|내부\s*자본|가용\s*자본|통합\s*(위험|리스크)|VaR|자본\s*적정성|ICAAP|위험\s*자본|경제적\s*자본|Risk\s*Capital|위험\s*측정|리스크\s*측정,7
사업보고서__하나금융지주__20260814004019,하나금융지주,사업보고서,Ⅳ-6 라.파생상품및위험관리정책에관한사항,760~765,reporting,"(리스크|위험)[^.。]{0,40}보고|보고[^.。]{0,20}(리스크|위험)|MIS|모니터링|리스크\s*관리\s*시스템",6
사업보고서__하나금융지주__20260814004019,하나금융지주,사업보고서,Ⅳ-6 라.파생상품및위험관리정책에관한사항,760~765,stress,위기\s*상황\s*분석|스트레스\s*테스트|Stress|위기\s*상황\s*시나리오|비상\s*(조달|자금|계획)|컨틴전시|Contingency|위기\s*관리,2
사업보고서__하나금융지주__20260814004019,하나금융지주,사업보고서,Ⅳ-6 라.파생상품및위험관리정책에관한사항,760~765,oprisk,운영\s*(리스크|위험)|손실\s*사건|손실\s*데이터|BCP|업무\s*연속성|위탁|IT\s*리스크|정보\s*보호|사이버,4
사업보고서__하나금융지주__20260814004019,하나금융지주,사업보고서,Ⅳ-6 라.파생상품및위험관리정책에관한사항,760~765,compensation,"성과\s*보수|이연\s*지급|환수|Clawback|클로백|(리스크|위험)\s*(를|을)?\s*(고려|반영|조정)[^.。]{0,20}(성과|보수|평가)|(성과|보수)[^.。]{0,30}(리스크|위험)\s*(조정|반영|고려)|보수\s*체계|보수\s*정책|리스크\s*조정",0
사업보고서__하나금융지주__20260814004019,하나금융지주,사업보고서,Ⅳ-6 라.파생상품및위험관리정책에관한사항,760~765,org,리스크\s*관리\s*(부|팀|본부|부문|실|총괄|그룹|센터|조직)|위험\s*관리\s*(부|팀|본부|부문|실|조직|전담)|리스크\s*총괄|리스크\s*검증|전담\s*조직|리스크\s*관리\s*인력,2
사업보고서__하나금융지주__20260814004019,하나금융지주,사업보고서,Ⅳ-6 라.파생상품및위험관리정책에관한사항,760~765,subsidiary_control,"사전\s*협의|사전\s*승인|협의\s*사항|승인\s*사항|공문|공식\s*문서|자회사[^.。]{0,30}(평가|지시|요청|통보)|(CRO|위험관리\s*책임자|리스크\s*관리\s*책임자)[^.。]{0,30}평가",0
사업보고서__하나금융지주__20260814004019,하나금융지주,사업보고서,Ⅳ-6 라.파생상품및위험관리정책에관한사항,760~765,model_validation,모형\s*검증|모델\s*검증|검증\s*(조직|부서|팀|결과|주기)|독립적\s*(인\s*)?검증|적합성\s*검증|사후\s*검증|백\s*테스팅|Back\s*-?\s*testing|Validation,0
사업보고서__하나금융지주__20260814004019,하나금융지주,사업보고서,Ⅳ-6 라.파생상품및위험관리정책에관한사항,760~765,internal_capital,내부\s*자본|자본\s*버퍼|완충\s*자본|목표\s*(비율|수준)|내부\s*목표|자본\s*적정성\s*평가|ICAAP|경제적\s*자본|위험\s*자본,3
사업보고서__하나금융지주__20260814004019,하나금융지주,사업보고서,Ⅳ-6 라.파생상품및위험관리정책에관한사항,760~765,early_warning,조기\s*경보|Early\s*Warning|EWS|위기\s*단계|위기\s*상황\s*(단계|등급|판단)|비상\s*(대응|대책)|위기\s*대응|컨틴전시|Contingency,5
사업보고서__하나금융지주__20260814004019,하나금융지주,사업보고서,Ⅳ-6 라.파생상품및위험관리정책에관한사항,760~765,contagion,"(위험|리스크)[^.。]{0,10}전이|전이\s*(위험|리스크|효과)|전염|교차\s*판매|공동\s*(상품|개발|영업|마케팅)|계열\s*(사)?\s*(판매|거래)\s*비중|평판\s*(리스크|위험)|그룹\s*내\s*(거래|위험)|복합\s*점포|이해\s*상충",0
사업보고서__하나금융지주__20260814004019,하나금융지주,사업보고서,Ⅳ-6 라.파생상품및위험관리정책에관한사항,760~765,related_party,대주주|특수\s*관계|계열\s*(회사|사)?\s*(간|와의)?\s*거래|자회사\s*등?\s*과의\s*거래|내부\s*거래|신용\s*공여,1
사업보고서__하나금융지주__20260814004019,하나금융지주,사업보고서,Ⅳ-6 라.파생상품및위험관리정책에관한사항,760~765,icfr,내부\s*회계|연결\s*내부\s*회계|ICFR,0
사업보고서__하나금융지주__20260814004019,하나금융지주,사업보고서,Ⅳ-6 라.파생상품및위험관리정책에관한사항,760~765,internal_control,내부\s*통제|준법\s*감시|내부\s*감사,1
사업보고서__하나금융지주__20260814004019,하나금융지주,사업보고서,Ⅳ-6 라.파생상품및위험관리정책에관한사항,760~765,holding_plan,"지주\s*회사[^.。]{0,40}(운영|체제|계획|역할|기능|전략)|(경영|운영)\s*계획|자회사\s*(관리|편입)|그룹\s*(통합|시너지)",0
사업보고서__하나금융지주__20260316001292,하나금융지주,사업보고서,Ⅳ-6 라.파생상품및위험관리정책에관한사항,755~760,risk_committee,위험관리\s*위원회|리스크\s*관리\s*위원회|리스크위원회|Risk\s*Management\s*Committee,5
사업보고서__하나금융지주__20260316001292,하나금융지주,사업보고서,Ⅳ-6 라.파생상품및위험관리정책에관한사항,755~760,group_council,(리스크|위험)\s*(관리)?\s*(실무)?\s*(협의회|협의체|심의회)|리스크정책위원회|실무\s*위원회|실무\s*협의회,0
사업보고서__하나금융지주__20260316001292,하나금융지주,사업보고서,Ⅳ-6 라.파생상품및위험관리정책에관한사항,755~760,cro,CRO|위험관리\s*책임자|리스크\s*관리\s*책임자|최고\s*리스크|Chief\s*Risk,0
사업보고서__하나금융지주__20260316001292,하나금융지주,사업보고서,Ⅳ-6 라.파생상품및위험관리정책에관한사항,755~760,raf,위험\s*선호|리스크\s*선호|Risk\s*Appetite|RAF|위험\s*성향|리스크\s*성향|(위험|리스크)\s*한도|허용\s*한도|한도\s*(관리|설정|배분)|(위험)?자본\s*배분|위험\s*자본\s*(한도|배분),5
사업보고서__하나금융지주__20260316001292,하나금융지주,사업보고서,Ⅳ-6 라.파생상품및위험관리정책에관한사항,755~760,measurement,요구\s*자본|내부\s*자본|가용\s*자본|통합\s*(위험|리스크)|VaR|자본\s*적정성|ICAAP|위험\s*자본|경제적\s*자본|Risk\s*Capital|위험\s*측정|리스크\s*측정,7
사업보고서__하나금융지주__20260316001292,하나금융지주,사업보고서,Ⅳ-6 라.파생상품및위험관리정책에관한사항,755~760,reporting,"(리스크|위험)[^.。]{0,40}보고|보고[^.。]{0,20}(리스크|위험)|MIS|모니터링|리스크\s*관리\s*시스템",6
사업보고서__하나금융지주__20260316001292,하나금융지주,사업보고서,Ⅳ-6 라.파생상품및위험관리정책에관한사항,755~760,stress,위기\s*상황\s*분석|스트레스\s*테스트|Stress|위기\s*상황\s*시나리오|비상\s*(조달|자금|계획)|컨틴전시|Contingency|위기\s*관리,2
사업보고서__하나금융지주__20260316001292,하나금융지주,사업보고서,Ⅳ-6 라.파생상품및위험관리정책에관한사항,755~760,oprisk,운영\s*(리스크|위험)|손실\s*사건|손실\s*데이터|BCP|업무\s*연속성|위탁|IT\s*리스크|정보\s*보호|사이버,4
사업보고서__하나금융지주__20260316001292,하나금융지주,사업보고서,Ⅳ-6 라.파생상품및위험관리정책에관한사항,755~760,compensation,"성과\s*보수|이연\s*지급|환수|Clawback|클로백|(리스크|위험)\s*(를|을)?\s*(고려|반영|조정)[^.。]{0,20}(성과|보수|평가)|(성과|보수)[^.。]{0,30}(리스크|위험)\s*(조정|반영|고려)|보수\s*체계|보수\s*정책|리스크\s*조정",0
사업보고서__하나금융지주__20260316001292,하나금융지주,사업보고서,Ⅳ-6 라.파생상품및위험관리정책에관한사항,755~760,org,리스크\s*관리\s*(부|팀|본부|부문|실|총괄|그룹|센터|조직)|위험\s*관리\s*(부|팀|본부|부문|실|조직|전담)|리스크\s*총괄|리스크\s*검증|전담\s*조직|리스크\s*관리\s*인력,2
사업보고서__하나금융지주__20260316001292,하나금융지주,사업보고서,Ⅳ-6 라.파생상품및위험관리정책에관한사항,755~760,subsidiary_control,"사전\s*협의|사전\s*승인|협의\s*사항|승인\s*사항|공문|공식\s*문서|자회사[^.。]{0,30}(평가|지시|요청|통보)|(CRO|위험관리\s*책임자|리스크\s*관리\s*책임자)[^.。]{0,30}평가",0
사업보고서__하나금융지주__20260316001292,하나금융지주,사업보고서,Ⅳ-6 라.파생상품및위험관리정책에관한사항,755~760,model_validation,모형\s*검증|모델\s*검증|검증\s*(조직|부서|팀|결과|주기)|독립적\s*(인\s*)?검증|적합성\s*검증|사후\s*검증|백\s*테스팅|Back\s*-?\s*testing|Validation,0
사업보고서__하나금융지주__20260316001292,하나금융지주,사업보고서,Ⅳ-6 라.파생상품및위험관리정책에관한사항,755~760,internal_capital,내부\s*자본|자본\s*버퍼|완충\s*자본|목표\s*(비율|수준)|내부\s*목표|자본\s*적정성\s*평가|ICAAP|경제적\s*자본|위험\s*자본,3
사업보고서__하나금융지주__20260316001292,하나금융지주,사업보고서,Ⅳ-6 라.파생상품및위험관리정책에관한사항,755~760,early_warning,조기\s*경보|Early\s*Warning|EWS|위기\s*단계|위기\s*상황\s*(단계|등급|판단)|비상\s*(대응|대책)|위기\s*대응|컨틴전시|Contingency,5
사업보고서__하나금융지주__20260316001292,하나금융지주,사업보고서,Ⅳ-6 라.파생상품및위험관리정책에관한사항,755~760,contagion,"(위험|리스크)[^.。]{0,10}전이|전이\s*(위험|리스크|효과)|전염|교차\s*판매|공동\s*(상품|개발|영업|마케팅)|계열\s*(사)?\s*(판매|거래)\s*비중|평판\s*(리스크|위험)|그룹\s*내\s*(거래|위험)|복합\s*점포|이해\s*상충",0
사업보고서__하나금융지주__20260316001292,하나금융지주,사업보고서,Ⅳ-6 라.파생상품및위험관리정책에관한사항,755~760,related_party,대주주|특수\s*관계|계열\s*(회사|사)?\s*(간|와의)?\s*거래|자회사\s*등?\s*과의\s*거래|내부\s*거래|신용\s*공여,1
사업보고서__하나금융지주__20260316001292,하나금융지주,사업보고서,Ⅳ-6 라.파생상품및위험관리정책에관한사항,755~760,icfr,내부\s*회계|연결\s*내부\s*회계|ICFR,0
사업보고서__하나금융지주__20260316001292,하나금융지주,사업보고서,Ⅳ-6 라.파생상품및위험관리정책에관한사항,755~760,internal_control,내부\s*통제|준법\s*감시|내부\s*감사,1
사업보고서__하나금융지주__20260316001292,하나금융지주,사업보고서,Ⅳ-6 라.파생상품및위험관리정책에관한사항,755~760,holding_plan,"지주\s*회사[^.。]{0,40}(운영|체제|계획|역할|기능|전략)|(경영|운영)\s*계획|자회사\s*(관리|편입)|그룹\s*(통합|시너지)",0
사업보고서__우리금융지주__20260313001235,우리금융지주,사업보고서,Ⅳ-6 라.파생상품및위험관리정책에관한사항,668~672,risk_committee,위험관리\s*위원회|리스크\s*관리\s*위원회|리스크위원회|Risk\s*Management\s*Committee,6
사업보고서__우리금융지주__20260313001235,우리금융지주,사업보고서,Ⅳ-6 라.파생상품및위험관리정책에관한사항,668~672,group_council,(리스크|위험)\s*(관리)?\s*(실무)?\s*(협의회|협의체|심의회)|리스크정책위원회|실무\s*위원회|실무\s*협의회,6
사업보고서__우리금융지주__20260313001235,우리금융지주,사업보고서,Ⅳ-6 라.파생상품및위험관리정책에관한사항,668~672,cro,CRO|위험관리\s*책임자|리스크\s*관리\s*책임자|최고\s*리스크|Chief\s*Risk,1
사업보고서__우리금융지주__20260313001235,우리금융지주,사업보고서,Ⅳ-6 라.파생상품및위험관리정책에관한사항,668~672,raf,위험\s*선호|리스크\s*선호|Risk\s*Appetite|RAF|위험\s*성향|리스크\s*성향|(위험|리스크)\s*한도|허용\s*한도|한도\s*(관리|설정|배분)|(위험)?자본\s*배분|위험\s*자본\s*(한도|배분),5
사업보고서__우리금융지주__20260313001235,우리금융지주,사업보고서,Ⅳ-6 라.파생상품및위험관리정책에관한사항,668~672,measurement,요구\s*자본|내부\s*자본|가용\s*자본|통합\s*(위험|리스크)|VaR|자본\s*적정성|ICAAP|위험\s*자본|경제적\s*자본|Risk\s*Capital|위험\s*측정|리스크\s*측정,7
사업보고서__우리금융지주__20260313001235,우리금융지주,사업보고서,Ⅳ-6 라.파생상품및위험관리정책에관한사항,668~672,reporting,"(리스크|위험)[^.。]{0,40}보고|보고[^.。]{0,20}(리스크|위험)|MIS|모니터링|리스크\s*관리\s*시스템",5
사업보고서__우리금융지주__20260313001235,우리금융지주,사업보고서,Ⅳ-6 라.파생상품및위험관리정책에관한사항,668~672,stress,위기\s*상황\s*분석|스트레스\s*테스트|Stress|위기\s*상황\s*시나리오|비상\s*(조달|자금|계획)|컨틴전시|Contingency|위기\s*관리,0
사업보고서__우리금융지주__20260313001235,우리금융지주,사업보고서,Ⅳ-6 라.파생상품및위험관리정책에관한사항,668~672,oprisk,운영\s*(리스크|위험)|손실\s*사건|손실\s*데이터|BCP|업무\s*연속성|위탁|IT\s*리스크|정보\s*보호|사이버,2
사업보고서__우리금융지주__20260313001235,우리금융지주,사업보고서,Ⅳ-6 라.파생상품및위험관리정책에관한사항,668~672,compensation,"성과\s*보수|이연\s*지급|환수|Clawback|클로백|(리스크|위험)\s*(를|을)?\s*(고려|반영|조정)[^.。]{0,20}(성과|보수|평가)|(성과|보수)[^.。]{0,30}(리스크|위험)\s*(조정|반영|고려)|보수\s*체계|보수\s*정책|리스크\s*조정",0
사업보고서__우리금융지주__20260313001235,우리금융지주,사업보고서,Ⅳ-6 라.파생상품및위험관리정책에관한사항,668~672,org,리스크\s*관리\s*(부|팀|본부|부문|실|총괄|그룹|센터|조직)|위험\s*관리\s*(부|팀|본부|부문|실|조직|전담)|리스크\s*총괄|리스크\s*검증|전담\s*조직|리스크\s*관리\s*인력,7
사업보고서__우리금융지주__20260313001235,우리금융지주,사업보고서,Ⅳ-6 라.파생상품및위험관리정책에관한사항,668~672,subsidiary_control,"사전\s*협의|사전\s*승인|협의\s*사항|승인\s*사항|공문|공식\s*문서|자회사[^.。]{0,30}(평가|지시|요청|통보)|(CRO|위험관리\s*책임자|리스크\s*관리\s*책임자)[^.。]{0,30}평가",0
사업보고서__우리금융지주__20260313001235,우리금융지주,사업보고서,Ⅳ-6 라.파생상품및위험관리정책에관한사항,668~672,model_validation,모형\s*검증|모델\s*검증|검증\s*(조직|부서|팀|결과|주기)|독립적\s*(인\s*)?검증|적합성\s*검증|사후\s*검증|백\s*테스팅|Back\s*-?\s*testing|Validation,0
사업보고서__우리금융지주__20260313001235,우리금융지주,사업보고서,Ⅳ-6 라.파생상품및위험관리정책에관한사항,668~672,internal_capital,내부\s*자본|자본\s*버퍼|완충\s*자본|목표\s*(비율|수준)|내부\s*목표|자본\s*적정성\s*평가|ICAAP|경제적\s*자본|위험\s*자본,6
사업보고서__우리금융지주__20260313001235,우리금융지주,사업보고서,Ⅳ-6 라.파생상품및위험관리정책에관한사항,668~672,early_warning,조기\s*경보|Early\s*Warning|EWS|위기\s*단계|위기\s*상황\s*(단계|등급|판단)|비상\s*(대응|대책)|위기\s*대응|컨틴전시|Contingency,0
사업보고서__우리금융지주__20260313001235,우리금융지주,사업보고서,Ⅳ-6 라.파생상품및위험관리정책에관한사항,668~672,contagion,"(위험|리스크)[^.。]{0,10}전이|전이\s*(위험|리스크|효과)|전염|교차\s*판매|공동\s*(상품|개발|영업|마케팅)|계열\s*(사)?\s*(판매|거래)\s*비중|평판\s*(리스크|위험)|그룹\s*내\s*(거래|위험)|복합\s*점포|이해\s*상충",0
사업보고서__우리금융지주__20260313001235,우리금융지주,사업보고서,Ⅳ-6 라.파생상품및위험관리정책에관한사항,668~672,related_party,대주주|특수\s*관계|계열\s*(회사|사)?\s*(간|와의)?\s*거래|자회사\s*등?\s*과의\s*거래|내부\s*거래|신용\s*공여,0
사업보고서__우리금융지주__20260313001235,우리금융지주,사업보고서,Ⅳ-6 라.파생상품및위험관리정책에관한사항,668~672,icfr,내부\s*회계|연결\s*내부\s*회계|ICFR,0
사업보고서__우리금융지주__20260313001235,우리금융지주,사업보고서,Ⅳ-6 라.파생상품및위험관리정책에관한사항,668~672,internal_control,내부\s*통제|준법\s*감시|내부\s*감사,0
사업보고서__우리금융지주__20260313001235,우리금융지주,사업보고서,Ⅳ-6 라.파생상품및위험관리정책에관한사항,668~672,holding_plan,"지주\s*회사[^.。]{0,40}(운영|체제|계획|역할|기능|전략)|(경영|운영)\s*계획|자회사\s*(관리|편입)|그룹\s*(통합|시너지)",2
사업보고서__메리츠금융지주__20260406004144,메리츠금융지주,사업보고서,절 못 찾음(Ⅱ-5 [메리츠증권] 나.위험관리에관한사항),,risk_committee,위험관리\s*위원회|리스크\s*관리\s*위원회|리스크위원회|Risk\s*Management\s*Committee,0
사업보고서__메리츠금융지주__20260406004144,메리츠금융지주,사업보고서,절 못 찾음(Ⅱ-5 [메리츠증권] 나.위험관리에관한사항),,group_council,(리스크|위험)\s*(관리)?\s*(실무)?\s*(협의회|협의체|심의회)|리스크정책위원회|실무\s*위원회|실무\s*협의회,0
사업보고서__메리츠금융지주__20260406004144,메리츠금융지주,사업보고서,절 못 찾음(Ⅱ-5 [메리츠증권] 나.위험관리에관한사항),,cro,CRO|위험관리\s*책임자|리스크\s*관리\s*책임자|최고\s*리스크|Chief\s*Risk,0
사업보고서__메리츠금융지주__20260406004144,메리츠금융지주,사업보고서,절 못 찾음(Ⅱ-5 [메리츠증권] 나.위험관리에관한사항),,raf,위험\s*선호|리스크\s*선호|Risk\s*Appetite|RAF|위험\s*성향|리스크\s*성향|(위험|리스크)\s*한도|허용\s*한도|한도\s*(관리|설정|배분)|(위험)?자본\s*배분|위험\s*자본\s*(한도|배분),0
사업보고서__메리츠금융지주__20260406004144,메리츠금융지주,사업보고서,절 못 찾음(Ⅱ-5 [메리츠증권] 나.위험관리에관한사항),,measurement,요구\s*자본|내부\s*자본|가용\s*자본|통합\s*(위험|리스크)|VaR|자본\s*적정성|ICAAP|위험\s*자본|경제적\s*자본|Risk\s*Capital|위험\s*측정|리스크\s*측정,0
사업보고서__메리츠금융지주__20260406004144,메리츠금융지주,사업보고서,절 못 찾음(Ⅱ-5 [메리츠증권] 나.위험관리에관한사항),,reporting,"(리스크|위험)[^.。]{0,40}보고|보고[^.。]{0,20}(리스크|위험)|MIS|모니터링|리스크\s*관리\s*시스템",0
사업보고서__메리츠금융지주__20260406004144,메리츠금융지주,사업보고서,절 못 찾음(Ⅱ-5 [메리츠증권] 나.위험관리에관한사항),,stress,위기\s*상황\s*분석|스트레스\s*테스트|Stress|위기\s*상황\s*시나리오|비상\s*(조달|자금|계획)|컨틴전시|Contingency|위기\s*관리,0
사업보고서__메리츠금융지주__20260406004144,메리츠금융지주,사업보고서,절 못 찾음(Ⅱ-5 [메리츠증권] 나.위험관리에관한사항),,oprisk,운영\s*(리스크|위험)|손실\s*사건|손실\s*데이터|BCP|업무\s*연속성|위탁|IT\s*리스크|정보\s*보호|사이버,0
사업보고서__메리츠금융지주__20260406004144,메리츠금융지주,사업보고서,절 못 찾음(Ⅱ-5 [메리츠증권] 나.위험관리에관한사항),,compensation,"성과\s*보수|이연\s*지급|환수|Clawback|클로백|(리스크|위험)\s*(를|을)?\s*(고려|반영|조정)[^.。]{0,20}(성과|보수|평가)|(성과|보수)[^.。]{0,30}(리스크|위험)\s*(조정|반영|고려)|보수\s*체계|보수\s*정책|리스크\s*조정",0
사업보고서__메리츠금융지주__20260406004144,메리츠금융지주,사업보고서,절 못 찾음(Ⅱ-5 [메리츠증권] 나.위험관리에관한사항),,org,리스크\s*관리\s*(부|팀|본부|부문|실|총괄|그룹|센터|조직)|위험\s*관리\s*(부|팀|본부|부문|실|조직|전담)|리스크\s*총괄|리스크\s*검증|전담\s*조직|리스크\s*관리\s*인력,0
사업보고서__메리츠금융지주__20260406004144,메리츠금융지주,사업보고서,절 못 찾음(Ⅱ-5 [메리츠증권] 나.위험관리에관한사항),,subsidiary_control,"사전\s*협의|사전\s*승인|협의\s*사항|승인\s*사항|공문|공식\s*문서|자회사[^.。]{0,30}(평가|지시|요청|통보)|(CRO|위험관리\s*책임자|리스크\s*관리\s*책임자)[^.。]{0,30}평가",0
사업보고서__메리츠금융지주__20260406004144,메리츠금융지주,사업보고서,절 못 찾음(Ⅱ-5 [메리츠증권] 나.위험관리에관한사항),,model_validation,모형\s*검증|모델\s*검증|검증\s*(조직|부서|팀|결과|주기)|독립적\s*(인\s*)?검증|적합성\s*검증|사후\s*검증|백\s*테스팅|Back\s*-?\s*testing|Validation,0
사업보고서__메리츠금융지주__20260406004144,메리츠금융지주,사업보고서,절 못 찾음(Ⅱ-5 [메리츠증권] 나.위험관리에관한사항),,internal_capital,내부\s*자본|자본\s*버퍼|완충\s*자본|목표\s*(비율|수준)|내부\s*목표|자본\s*적정성\s*평가|ICAAP|경제적\s*자본|위험\s*자본,0
사업보고서__메리츠금융지주__20260406004144,메리츠금융지주,사업보고서,절 못 찾음(Ⅱ-5 [메리츠증권] 나.위험관리에관한사항),,early_warning,조기\s*경보|Early\s*Warning|EWS|위기\s*단계|위기\s*상황\s*(단계|등급|판단)|비상\s*(대응|대책)|위기\s*대응|컨틴전시|Contingency,0
사업보고서__메리츠금융지주__20260406004144,메리츠금융지주,사업보고서,절 못 찾음(Ⅱ-5 [메리츠증권] 나.위험관리에관한사항),,contagion,"(위험|리스크)[^.。]{0,10}전이|전이\s*(위험|리스크|효과)|전염|교차\s*판매|공동\s*(상품|개발|영업|마케팅)|계열\s*(사)?\s*(판매|거래)\s*비중|평판\s*(리스크|위험)|그룹\s*내\s*(거래|위험)|복합\s*점포|이해\s*상충",0
사업보고서__메리츠금융지주__20260406004144,메리츠금융지주,사업보고서,절 못 찾음(Ⅱ-5 [메리츠증권] 나.위험관리에관한사항),,related_party,대주주|특수\s*관계|계열\s*(회사|사)?\s*(간|와의)?\s*거래|자회사\s*등?\s*과의\s*거래|내부\s*거래|신용\s*공여,0
사업보고서__메리츠금융지주__20260406004144,메리츠금융지주,사업보고서,절 못 찾음(Ⅱ-5 [메리츠증권] 나.위험관리에관한사항),,icfr,내부\s*회계|연결\s*내부\s*회계|ICFR,0
사업보고서__메리츠금융지주__20260406004144,메리츠금융지주,사업보고서,절 못 찾음(Ⅱ-5 [메리츠증권] 나.위험관리에관한사항),,internal_control,내부\s*통제|준법\s*감시|내부\s*감사,0
사업보고서__메리츠금융지주__20260406004144,메리츠금융지주,사업보고서,절 못 찾음(Ⅱ-5 [메리츠증권] 나.위험관리에관한사항),,holding_plan,"지주\s*회사[^.。]{0,40}(운영|체제|계획|역할|기능|전략)|(경영|운영)\s*계획|자회사\s*(관리|편입)|그룹\s*(통합|시너지)",0
사업보고서__메리츠금융지주__20260331004202,메리츠금융지주,사업보고서,Ⅱ-5 [메리츠증권] 나.위험관리에관한사항,92~95,risk_committee,위험관리\s*위원회|리스크\s*관리\s*위원회|리스크위원회|Risk\s*Management\s*Committee,6
사업보고서__메리츠금융지주__20260331004202,메리츠금융지주,사업보고서,Ⅱ-5 [메리츠증권] 나.위험관리에관한사항,92~95,group_council,(리스크|위험)\s*(관리)?\s*(실무)?\s*(협의회|협의체|심의회)|리스크정책위원회|실무\s*위원회|실무\s*협의회,8
사업보고서__메리츠금융지주__20260331004202,메리츠금융지주,사업보고서,Ⅱ-5 [메리츠증권] 나.위험관리에관한사항,92~95,cro,CRO|위험관리\s*책임자|리스크\s*관리\s*책임자|최고\s*리스크|Chief\s*Risk,0
사업보고서__메리츠금융지주__20260331004202,메리츠금융지주,사업보고서,Ⅱ-5 [메리츠증권] 나.위험관리에관한사항,92~95,raf,위험\s*선호|리스크\s*선호|Risk\s*Appetite|RAF|위험\s*성향|리스크\s*성향|(위험|리스크)\s*한도|허용\s*한도|한도\s*(관리|설정|배분)|(위험)?자본\s*배분|위험\s*자본\s*(한도|배분),9
사업보고서__메리츠금융지주__20260331004202,메리츠금융지주,사업보고서,Ⅱ-5 [메리츠증권] 나.위험관리에관한사항,92~95,measurement,요구\s*자본|내부\s*자본|가용\s*자본|통합\s*(위험|리스크)|VaR|자본\s*적정성|ICAAP|위험\s*자본|경제적\s*자본|Risk\s*Capital|위험\s*측정|리스크\s*측정,6
사업보고서__메리츠금융지주__20260331004202,메리츠금융지주,사업보고서,Ⅱ-5 [메리츠증권] 나.위험관리에관한사항,92~95,reporting,"(리스크|위험)[^.。]{0,40}보고|보고[^.。]{0,20}(리스크|위험)|MIS|모니터링|리스크\s*관리\s*시스템",5
사업보고서__메리츠금융지주__20260331004202,메리츠금융지주,사업보고서,Ⅱ-5 [메리츠증권] 나.위험관리에관한사항,92~95,stress,위기\s*상황\s*분석|스트레스\s*테스트|Stress|위기\s*상황\s*시나리오|비상\s*(조달|자금|계획)|컨틴전시|Contingency|위기\s*관리,1
사업보고서__메리츠금융지주__20260331004202,메리츠금융지주,사업보고서,Ⅱ-5 [메리츠증권] 나.위험관리에관한사항,92~95,oprisk,운영\s*(리스크|위험)|손실\s*사건|손실\s*데이터|BCP|업무\s*연속성|위탁|IT\s*리스크|정보\s*보호|사이버,6
사업보고서__메리츠금융지주__20260331004202,메리츠금융지주,사업보고서,Ⅱ-5 [메리츠증권] 나.위험관리에관한사항,92~95,compensation,"성과\s*보수|이연\s*지급|환수|Clawback|클로백|(리스크|위험)\s*(를|을)?\s*(고려|반영|조정)[^.。]{0,20}(성과|보수|평가)|(성과|보수)[^.。]{0,30}(리스크|위험)\s*(조정|반영|고려)|보수\s*체계|보수\s*정책|리스크\s*조정",0
사업보고서__메리츠금융지주__20260331004202,메리츠금융지주,사업보고서,Ⅱ-5 [메리츠증권] 나.위험관리에관한사항,92~95,org,리스크\s*관리\s*(부|팀|본부|부문|실|총괄|그룹|센터|조직)|위험\s*관리\s*(부|팀|본부|부문|실|조직|전담)|리스크\s*총괄|리스크\s*검증|전담\s*조직|리스크\s*관리\s*인력,14
사업보고서__메리츠금융지주__20260331004202,메리츠금융지주,사업보고서,Ⅱ-5 [메리츠증권] 나.위험관리에관한사항,92~95,subsidiary_control,"사전\s*협의|사전\s*승인|협의\s*사항|승인\s*사항|공문|공식\s*문서|자회사[^.。]{0,30}(평가|지시|요청|통보)|(CRO|위험관리\s*책임자|리스크\s*관리\s*책임자)[^.。]{0,30}평가",0
사업보고서__메리츠금융지주__20260331004202,메리츠금융지주,사업보고서,Ⅱ-5 [메리츠증권] 나.위험관리에관한사항,92~95,model_validation,모형\s*검증|모델\s*검증|검증\s*(조직|부서|팀|결과|주기)|독립적\s*(인\s*)?검증|적합성\s*검증|사후\s*검증|백\s*테스팅|Back\s*-?\s*testing|Validation,0
사업보고서__메리츠금융지주__20260331004202,메리츠금융지주,사업보고서,Ⅱ-5 [메리츠증권] 나.위험관리에관한사항,92~95,internal_capital,내부\s*자본|자본\s*버퍼|완충\s*자본|목표\s*(비율|수준)|내부\s*목표|자본\s*적정성\s*평가|ICAAP|경제적\s*자본|위험\s*자본,0
사업보고서__메리츠금융지주__20260331004202,메리츠금융지주,사업보고서,Ⅱ-5 [메리츠증권] 나.위험관리에관한사항,92~95,early_warning,조기\s*경보|Early\s*Warning|EWS|위기\s*단계|위기\s*상황\s*(단계|등급|판단)|비상\s*(대응|대책)|위기\s*대응|컨틴전시|Contingency,2
사업보고서__메리츠금융지주__20260331004202,메리츠금융지주,사업보고서,Ⅱ-5 [메리츠증권] 나.위험관리에관한사항,92~95,contagion,"(위험|리스크)[^.。]{0,10}전이|전이\s*(위험|리스크|효과)|전염|교차\s*판매|공동\s*(상품|개발|영업|마케팅)|계열\s*(사)?\s*(판매|거래)\s*비중|평판\s*(리스크|위험)|그룹\s*내\s*(거래|위험)|복합\s*점포|이해\s*상충",0
사업보고서__메리츠금융지주__20260331004202,메리츠금융지주,사업보고서,Ⅱ-5 [메리츠증권] 나.위험관리에관한사항,92~95,related_party,대주주|특수\s*관계|계열\s*(회사|사)?\s*(간|와의)?\s*거래|자회사\s*등?\s*과의\s*거래|내부\s*거래|신용\s*공여,0
사업보고서__메리츠금융지주__20260331004202,메리츠금융지주,사업보고서,Ⅱ-5 [메리츠증권] 나.위험관리에관한사항,92~95,icfr,내부\s*회계|연결\s*내부\s*회계|ICFR,0
사업보고서__메리츠금융지주__20260331004202,메리츠금융지주,사업보고서,Ⅱ-5 [메리츠증권] 나.위험관리에관한사항,92~95,internal_control,내부\s*통제|준법\s*감시|내부\s*감사,2
사업보고서__메리츠금융지주__20260331004202,메리츠금융지주,사업보고서,Ⅱ-5 [메리츠증권] 나.위험관리에관한사항,92~95,holding_plan,"지주\s*회사[^.。]{0,40}(운영|체제|계획|역할|기능|전략)|(경영|운영)\s*계획|자회사\s*(관리|편입)|그룹\s*(통합|시너지)",0
사업보고서__메리츠금융지주__20260331004089,메리츠금융지주,사업보고서,Ⅱ-5 [메리츠증권] 나.위험관리에관한사항,92~95,risk_committee,위험관리\s*위원회|리스크\s*관리\s*위원회|리스크위원회|Risk\s*Management\s*Committee,6
사업보고서__메리츠금융지주__20260331004089,메리츠금융지주,사업보고서,Ⅱ-5 [메리츠증권] 나.위험관리에관한사항,92~95,group_council,(리스크|위험)\s*(관리)?\s*(실무)?\s*(협의회|협의체|심의회)|리스크정책위원회|실무\s*위원회|실무\s*협의회,8
사업보고서__메리츠금융지주__20260331004089,메리츠금융지주,사업보고서,Ⅱ-5 [메리츠증권] 나.위험관리에관한사항,92~95,cro,CRO|위험관리\s*책임자|리스크\s*관리\s*책임자|최고\s*리스크|Chief\s*Risk,0
사업보고서__메리츠금융지주__20260331004089,메리츠금융지주,사업보고서,Ⅱ-5 [메리츠증권] 나.위험관리에관한사항,92~95,raf,위험\s*선호|리스크\s*선호|Risk\s*Appetite|RAF|위험\s*성향|리스크\s*성향|(위험|리스크)\s*한도|허용\s*한도|한도\s*(관리|설정|배분)|(위험)?자본\s*배분|위험\s*자본\s*(한도|배분),9
사업보고서__메리츠금융지주__20260331004089,메리츠금융지주,사업보고서,Ⅱ-5 [메리츠증권] 나.위험관리에관한사항,92~95,measurement,요구\s*자본|내부\s*자본|가용\s*자본|통합\s*(위험|리스크)|VaR|자본\s*적정성|ICAAP|위험\s*자본|경제적\s*자본|Risk\s*Capital|위험\s*측정|리스크\s*측정,6
사업보고서__메리츠금융지주__20260331004089,메리츠금융지주,사업보고서,Ⅱ-5 [메리츠증권] 나.위험관리에관한사항,92~95,reporting,"(리스크|위험)[^.。]{0,40}보고|보고[^.。]{0,20}(리스크|위험)|MIS|모니터링|리스크\s*관리\s*시스템",5
사업보고서__메리츠금융지주__20260331004089,메리츠금융지주,사업보고서,Ⅱ-5 [메리츠증권] 나.위험관리에관한사항,92~95,stress,위기\s*상황\s*분석|스트레스\s*테스트|Stress|위기\s*상황\s*시나리오|비상\s*(조달|자금|계획)|컨틴전시|Contingency|위기\s*관리,1
사업보고서__메리츠금융지주__20260331004089,메리츠금융지주,사업보고서,Ⅱ-5 [메리츠증권] 나.위험관리에관한사항,92~95,oprisk,운영\s*(리스크|위험)|손실\s*사건|손실\s*데이터|BCP|업무\s*연속성|위탁|IT\s*리스크|정보\s*보호|사이버,6
사업보고서__메리츠금융지주__20260331004089,메리츠금융지주,사업보고서,Ⅱ-5 [메리츠증권] 나.위험관리에관한사항,92~95,compensation,"성과\s*보수|이연\s*지급|환수|Clawback|클로백|(리스크|위험)\s*(를|을)?\s*(고려|반영|조정)[^.。]{0,20}(성과|보수|평가)|(성과|보수)[^.。]{0,30}(리스크|위험)\s*(조정|반영|고려)|보수\s*체계|보수\s*정책|리스크\s*조정",0
사업보고서__메리츠금융지주__20260331004089,메리츠금융지주,사업보고서,Ⅱ-5 [메리츠증권] 나.위험관리에관한사항,92~95,org,리스크\s*관리\s*(부|팀|본부|부문|실|총괄|그룹|센터|조직)|위험\s*관리\s*(부|팀|본부|부문|실|조직|전담)|리스크\s*총괄|리스크\s*검증|전담\s*조직|리스크\s*관리\s*인력,14
사업보고서__메리츠금융지주__20260331004089,메리츠금융지주,사업보고서,Ⅱ-5 [메리츠증권] 나.위험관리에관한사항,92~95,subsidiary_control,"사전\s*협의|사전\s*승인|협의\s*사항|승인\s*사항|공문|공식\s*문서|자회사[^.。]{0,30}(평가|지시|요청|통보)|(CRO|위험관리\s*책임자|리스크\s*관리\s*책임자)[^.。]{0,30}평가",0
사업보고서__메리츠금융지주__20260331004089,메리츠금융지주,사업보고서,Ⅱ-5 [메리츠증권] 나.위험관리에관한사항,92~95,model_validation,모형\s*검증|모델\s*검증|검증\s*(조직|부서|팀|결과|주기)|독립적\s*(인\s*)?검증|적합성\s*검증|사후\s*검증|백\s*테스팅|Back\s*-?\s*testing|Validation,0
사업보고서__메리츠금융지주__20260331004089,메리츠금융지주,사업보고서,Ⅱ-5 [메리츠증권] 나.위험관리에관한사항,92~95,internal_capital,내부\s*자본|자본\s*버퍼|완충\s*자본|목표\s*(비율|수준)|내부\s*목표|자본\s*적정성\s*평가|ICAAP|경제적\s*자본|위험\s*자본,0
사업보고서__메리츠금융지주__20260331004089,메리츠금융지주,사업보고서,Ⅱ-5 [메리츠증권] 나.위험관리에관한사항,92~95,early_warning,조기\s*경보|Early\s*Warning|EWS|위기\s*단계|위기\s*상황\s*(단계|등급|판단)|비상\s*(대응|대책)|위기\s*대응|컨틴전시|Contingency,2
사업보고서__메리츠금융지주__20260331004089,메리츠금융지주,사업보고서,Ⅱ-5 [메리츠증권] 나.위험관리에관한사항,92~95,contagion,"(위험|리스크)[^.。]{0,10}전이|전이\s*(위험|리스크|효과)|전염|교차\s*판매|공동\s*(상품|개발|영업|마케팅)|계열\s*(사)?\s*(판매|거래)\s*비중|평판\s*(리스크|위험)|그룹\s*내\s*(거래|위험)|복합\s*점포|이해\s*상충",0
사업보고서__메리츠금융지주__20260331004089,메리츠금융지주,사업보고서,Ⅱ-5 [메리츠증권] 나.위험관리에관한사항,92~95,related_party,대주주|특수\s*관계|계열\s*(회사|사)?\s*(간|와의)?\s*거래|자회사\s*등?\s*과의\s*거래|내부\s*거래|신용\s*공여,0
사업보고서__메리츠금융지주__20260331004089,메리츠금융지주,사업보고서,Ⅱ-5 [메리츠증권] 나.위험관리에관한사항,92~95,icfr,내부\s*회계|연결\s*내부\s*회계|ICFR,0
사업보고서__메리츠금융지주__20260331004089,메리츠금융지주,사업보고서,Ⅱ-5 [메리츠증권] 나.위험관리에관한사항,92~95,internal_control,내부\s*통제|준법\s*감시|내부\s*감사,2
사업보고서__메리츠금융지주__20260331004089,메리츠금융지주,사업보고서,Ⅱ-5 [메리츠증권] 나.위험관리에관한사항,92~95,holding_plan,"지주\s*회사[^.。]{0,40}(운영|체제|계획|역할|기능|전략)|(경영|운영)\s*계획|자회사\s*(관리|편입)|그룹\s*(통합|시너지)",0
사업보고서__메리츠금융지주__20260318001549,메리츠금융지주,사업보고서,절 못 찾음(Ⅱ-5 [메리츠증권] 나.위험관리에관한사항),,risk_committee,위험관리\s*위원회|리스크\s*관리\s*위원회|리스크위원회|Risk\s*Management\s*Committee,0
사업보고서__메리츠금융지주__20260318001549,메리츠금융지주,사업보고서,절 못 찾음(Ⅱ-5 [메리츠증권] 나.위험관리에관한사항),,group_council,(리스크|위험)\s*(관리)?\s*(실무)?\s*(협의회|협의체|심의회)|리스크정책위원회|실무\s*위원회|실무\s*협의회,0
사업보고서__메리츠금융지주__20260318001549,메리츠금융지주,사업보고서,절 못 찾음(Ⅱ-5 [메리츠증권] 나.위험관리에관한사항),,cro,CRO|위험관리\s*책임자|리스크\s*관리\s*책임자|최고\s*리스크|Chief\s*Risk,0
사업보고서__메리츠금융지주__20260318001549,메리츠금융지주,사업보고서,절 못 찾음(Ⅱ-5 [메리츠증권] 나.위험관리에관한사항),,raf,위험\s*선호|리스크\s*선호|Risk\s*Appetite|RAF|위험\s*성향|리스크\s*성향|(위험|리스크)\s*한도|허용\s*한도|한도\s*(관리|설정|배분)|(위험)?자본\s*배분|위험\s*자본\s*(한도|배분),0
사업보고서__메리츠금융지주__20260318001549,메리츠금융지주,사업보고서,절 못 찾음(Ⅱ-5 [메리츠증권] 나.위험관리에관한사항),,measurement,요구\s*자본|내부\s*자본|가용\s*자본|통합\s*(위험|리스크)|VaR|자본\s*적정성|ICAAP|위험\s*자본|경제적\s*자본|Risk\s*Capital|위험\s*측정|리스크\s*측정,0
사업보고서__메리츠금융지주__20260318001549,메리츠금융지주,사업보고서,절 못 찾음(Ⅱ-5 [메리츠증권] 나.위험관리에관한사항),,reporting,"(리스크|위험)[^.。]{0,40}보고|보고[^.。]{0,20}(리스크|위험)|MIS|모니터링|리스크\s*관리\s*시스템",0
사업보고서__메리츠금융지주__20260318001549,메리츠금융지주,사업보고서,절 못 찾음(Ⅱ-5 [메리츠증권] 나.위험관리에관한사항),,stress,위기\s*상황\s*분석|스트레스\s*테스트|Stress|위기\s*상황\s*시나리오|비상\s*(조달|자금|계획)|컨틴전시|Contingency|위기\s*관리,0
사업보고서__메리츠금융지주__20260318001549,메리츠금융지주,사업보고서,절 못 찾음(Ⅱ-5 [메리츠증권] 나.위험관리에관한사항),,oprisk,운영\s*(리스크|위험)|손실\s*사건|손실\s*데이터|BCP|업무\s*연속성|위탁|IT\s*리스크|정보\s*보호|사이버,0
사업보고서__메리츠금융지주__20260318001549,메리츠금융지주,사업보고서,절 못 찾음(Ⅱ-5 [메리츠증권] 나.위험관리에관한사항),,compensation,"성과\s*보수|이연\s*지급|환수|Clawback|클로백|(리스크|위험)\s*(를|을)?\s*(고려|반영|조정)[^.。]{0,20}(성과|보수|평가)|(성과|보수)[^.。]{0,30}(리스크|위험)\s*(조정|반영|고려)|보수\s*체계|보수\s*정책|리스크\s*조정",0
사업보고서__메리츠금융지주__20260318001549,메리츠금융지주,사업보고서,절 못 찾음(Ⅱ-5 [메리츠증권] 나.위험관리에관한사항),,org,리스크\s*관리\s*(부|팀|본부|부문|실|총괄|그룹|센터|조직)|위험\s*관리\s*(부|팀|본부|부문|실|조직|전담)|리스크\s*총괄|리스크\s*검증|전담\s*조직|리스크\s*관리\s*인력,0
사업보고서__메리츠금융지주__20260318001549,메리츠금융지주,사업보고서,절 못 찾음(Ⅱ-5 [메리츠증권] 나.위험관리에관한사항),,subsidiary_control,"사전\s*협의|사전\s*승인|협의\s*사항|승인\s*사항|공문|공식\s*문서|자회사[^.。]{0,30}(평가|지시|요청|통보)|(CRO|위험관리\s*책임자|리스크\s*관리\s*책임자)[^.。]{0,30}평가",0
사업보고서__메리츠금융지주__20260318001549,메리츠금융지주,사업보고서,절 못 찾음(Ⅱ-5 [메리츠증권] 나.위험관리에관한사항),,model_validation,모형\s*검증|모델\s*검증|검증\s*(조직|부서|팀|결과|주기)|독립적\s*(인\s*)?검증|적합성\s*검증|사후\s*검증|백\s*테스팅|Back\s*-?\s*testing|Validation,0
사업보고서__메리츠금융지주__20260318001549,메리츠금융지주,사업보고서,절 못 찾음(Ⅱ-5 [메리츠증권] 나.위험관리에관한사항),,internal_capital,내부\s*자본|자본\s*버퍼|완충\s*자본|목표\s*(비율|수준)|내부\s*목표|자본\s*적정성\s*평가|ICAAP|경제적\s*자본|위험\s*자본,0
사업보고서__메리츠금융지주__20260318001549,메리츠금융지주,사업보고서,절 못 찾음(Ⅱ-5 [메리츠증권] 나.위험관리에관한사항),,early_warning,조기\s*경보|Early\s*Warning|EWS|위기\s*단계|위기\s*상황\s*(단계|등급|판단)|비상\s*(대응|대책)|위기\s*대응|컨틴전시|Contingency,0
사업보고서__메리츠금융지주__20260318001549,메리츠금융지주,사업보고서,절 못 찾음(Ⅱ-5 [메리츠증권] 나.위험관리에관한사항),,contagion,"(위험|리스크)[^.。]{0,10}전이|전이\s*(위험|리스크|효과)|전염|교차\s*판매|공동\s*(상품|개발|영업|마케팅)|계열\s*(사)?\s*(판매|거래)\s*비중|평판\s*(리스크|위험)|그룹\s*내\s*(거래|위험)|복합\s*점포|이해\s*상충",0
사업보고서__메리츠금융지주__20260318001549,메리츠금융지주,사업보고서,절 못 찾음(Ⅱ-5 [메리츠증권] 나.위험관리에관한사항),,related_party,대주주|특수\s*관계|계열\s*(회사|사)?\s*(간|와의)?\s*거래|자회사\s*등?\s*과의\s*거래|내부\s*거래|신용\s*공여,0
사업보고서__메리츠금융지주__20260318001549,메리츠금융지주,사업보고서,절 못 찾음(Ⅱ-5 [메리츠증권] 나.위험관리에관한사항),,icfr,내부\s*회계|연결\s*내부\s*회계|ICFR,0
사업보고서__메리츠금융지주__20260318001549,메리츠금융지주,사업보고서,절 못 찾음(Ⅱ-5 [메리츠증권] 나.위험관리에관한사항),,internal_control,내부\s*통제|준법\s*감시|내부\s*감사,0
사업보고서__메리츠금융지주__20260318001549,메리츠금융지주,사업보고서,절 못 찾음(Ⅱ-5 [메리츠증권] 나.위험관리에관한사항),,holding_plan,"지주\s*회사[^.。]{0,40}(운영|체제|계획|역할|기능|전략)|(경영|운영)\s*계획|자회사\s*(관리|편입)|그룹\s*(통합|시너지)",0
사업보고서__메리츠금융지주__20260318001419,메리츠금융지주,사업보고서,Ⅱ-5 [메리츠증권] 나.위험관리에관한사항,88~91,risk_committee,위험관리\s*위원회|리스크\s*관리\s*위원회|리스크위원회|Risk\s*Management\s*Committee,6
사업보고서__메리츠금융지주__20260318001419,메리츠금융지주,사업보고서,Ⅱ-5 [메리츠증권] 나.위험관리에관한사항,88~91,group_council,(리스크|위험)\s*(관리)?\s*(실무)?\s*(협의회|협의체|심의회)|리스크정책위원회|실무\s*위원회|실무\s*협의회,8
사업보고서__메리츠금융지주__20260318001419,메리츠금융지주,사업보고서,Ⅱ-5 [메리츠증권] 나.위험관리에관한사항,88~91,cro,CRO|위험관리\s*책임자|리스크\s*관리\s*책임자|최고\s*리스크|Chief\s*Risk,0
사업보고서__메리츠금융지주__20260318001419,메리츠금융지주,사업보고서,Ⅱ-5 [메리츠증권] 나.위험관리에관한사항,88~91,raf,위험\s*선호|리스크\s*선호|Risk\s*Appetite|RAF|위험\s*성향|리스크\s*성향|(위험|리스크)\s*한도|허용\s*한도|한도\s*(관리|설정|배분)|(위험)?자본\s*배분|위험\s*자본\s*(한도|배분),9
사업보고서__메리츠금융지주__20260318001419,메리츠금융지주,사업보고서,Ⅱ-5 [메리츠증권] 나.위험관리에관한사항,88~91,measurement,요구\s*자본|내부\s*자본|가용\s*자본|통합\s*(위험|리스크)|VaR|자본\s*적정성|ICAAP|위험\s*자본|경제적\s*자본|Risk\s*Capital|위험\s*측정|리스크\s*측정,6
사업보고서__메리츠금융지주__20260318001419,메리츠금융지주,사업보고서,Ⅱ-5 [메리츠증권] 나.위험관리에관한사항,88~91,reporting,"(리스크|위험)[^.。]{0,40}보고|보고[^.。]{0,20}(리스크|위험)|MIS|모니터링|리스크\s*관리\s*시스템",5
사업보고서__메리츠금융지주__20260318001419,메리츠금융지주,사업보고서,Ⅱ-5 [메리츠증권] 나.위험관리에관한사항,88~91,stress,위기\s*상황\s*분석|스트레스\s*테스트|Stress|위기\s*상황\s*시나리오|비상\s*(조달|자금|계획)|컨틴전시|Contingency|위기\s*관리,1
사업보고서__메리츠금융지주__20260318001419,메리츠금융지주,사업보고서,Ⅱ-5 [메리츠증권] 나.위험관리에관한사항,88~91,oprisk,운영\s*(리스크|위험)|손실\s*사건|손실\s*데이터|BCP|업무\s*연속성|위탁|IT\s*리스크|정보\s*보호|사이버,6
사업보고서__메리츠금융지주__20260318001419,메리츠금융지주,사업보고서,Ⅱ-5 [메리츠증권] 나.위험관리에관한사항,88~91,compensation,"성과\s*보수|이연\s*지급|환수|Clawback|클로백|(리스크|위험)\s*(를|을)?\s*(고려|반영|조정)[^.。]{0,20}(성과|보수|평가)|(성과|보수)[^.。]{0,30}(리스크|위험)\s*(조정|반영|고려)|보수\s*체계|보수\s*정책|리스크\s*조정",0
사업보고서__메리츠금융지주__20260318001419,메리츠금융지주,사업보고서,Ⅱ-5 [메리츠증권] 나.위험관리에관한사항,88~91,org,리스크\s*관리\s*(부|팀|본부|부문|실|총괄|그룹|센터|조직)|위험\s*관리\s*(부|팀|본부|부문|실|조직|전담)|리스크\s*총괄|리스크\s*검증|전담\s*조직|리스크\s*관리\s*인력,14
사업보고서__메리츠금융지주__20260318001419,메리츠금융지주,사업보고서,Ⅱ-5 [메리츠증권] 나.위험관리에관한사항,88~91,subsidiary_control,"사전\s*협의|사전\s*승인|협의\s*사항|승인\s*사항|공문|공식\s*문서|자회사[^.。]{0,30}(평가|지시|요청|통보)|(CRO|위험관리\s*책임자|리스크\s*관리\s*책임자)[^.。]{0,30}평가",0
사업보고서__메리츠금융지주__20260318001419,메리츠금융지주,사업보고서,Ⅱ-5 [메리츠증권] 나.위험관리에관한사항,88~91,model_validation,모형\s*검증|모델\s*검증|검증\s*(조직|부서|팀|결과|주기)|독립적\s*(인\s*)?검증|적합성\s*검증|사후\s*검증|백\s*테스팅|Back\s*-?\s*testing|Validation,0
사업보고서__메리츠금융지주__20260318001419,메리츠금융지주,사업보고서,Ⅱ-5 [메리츠증권] 나.위험관리에관한사항,88~91,internal_capital,내부\s*자본|자본\s*버퍼|완충\s*자본|목표\s*(비율|수준)|내부\s*목표|자본\s*적정성\s*평가|ICAAP|경제적\s*자본|위험\s*자본,0
사업보고서__메리츠금융지주__20260318001419,메리츠금융지주,사업보고서,Ⅱ-5 [메리츠증권] 나.위험관리에관한사항,88~91,early_warning,조기\s*경보|Early\s*Warning|EWS|위기\s*단계|위기\s*상황\s*(단계|등급|판단)|비상\s*(대응|대책)|위기\s*대응|컨틴전시|Contingency,2
사업보고서__메리츠금융지주__20260318001419,메리츠금융지주,사업보고서,Ⅱ-5 [메리츠증권] 나.위험관리에관한사항,88~91,contagion,"(위험|리스크)[^.。]{0,10}전이|전이\s*(위험|리스크|효과)|전염|교차\s*판매|공동\s*(상품|개발|영업|마케팅)|계열\s*(사)?\s*(판매|거래)\s*비중|평판\s*(리스크|위험)|그룹\s*내\s*(거래|위험)|복합\s*점포|이해\s*상충",0
사업보고서__메리츠금융지주__20260318001419,메리츠금융지주,사업보고서,Ⅱ-5 [메리츠증권] 나.위험관리에관한사항,88~91,related_party,대주주|특수\s*관계|계열\s*(회사|사)?\s*(간|와의)?\s*거래|자회사\s*등?\s*과의\s*거래|내부\s*거래|신용\s*공여,0
사업보고서__메리츠금융지주__20260318001419,메리츠금융지주,사업보고서,Ⅱ-5 [메리츠증권] 나.위험관리에관한사항,88~91,icfr,내부\s*회계|연결\s*내부\s*회계|ICFR,0
사업보고서__메리츠금융지주__20260318001419,메리츠금융지주,사업보고서,Ⅱ-5 [메리츠증권] 나.위험관리에관한사항,88~91,internal_control,내부\s*통제|준법\s*감시|내부\s*감사,2
사업보고서__메리츠금융지주__20260318001419,메리츠금융지주,사업보고서,Ⅱ-5 [메리츠증권] 나.위험관리에관한사항,88~91,holding_plan,"지주\s*회사[^.。]{0,40}(운영|체제|계획|역할|기능|전략)|(경영|운영)\s*계획|자회사\s*(관리|편입)|그룹\s*(통합|시너지)",0
사업보고서__iM금융지주__20260515000720,iM금융지주,사업보고서,Ⅳ-6 다.파생상품및위험관리정책에관한사항,448~451,risk_committee,위험관리\s*위원회|리스크\s*관리\s*위원회|리스크위원회|Risk\s*Management\s*Committee,5
사업보고서__iM금융지주__20260515000720,iM금융지주,사업보고서,Ⅳ-6 다.파생상품및위험관리정책에관한사항,448~451,group_council,(리스크|위험)\s*(관리)?\s*(실무)?\s*(협의회|협의체|심의회)|리스크정책위원회|실무\s*위원회|실무\s*협의회,2
사업보고서__iM금융지주__20260515000720,iM금융지주,사업보고서,Ⅳ-6 다.파생상품및위험관리정책에관한사항,448~451,cro,CRO|위험관리\s*책임자|리스크\s*관리\s*책임자|최고\s*리스크|Chief\s*Risk,1
사업보고서__iM금융지주__20260515000720,iM금융지주,사업보고서,Ⅳ-6 다.파생상품및위험관리정책에관한사항,448~451,raf,위험\s*선호|리스크\s*선호|Risk\s*Appetite|RAF|위험\s*성향|리스크\s*성향|(위험|리스크)\s*한도|허용\s*한도|한도\s*(관리|설정|배분)|(위험)?자본\s*배분|위험\s*자본\s*(한도|배분),4
사업보고서__iM금융지주__20260515000720,iM금융지주,사업보고서,Ⅳ-6 다.파생상품및위험관리정책에관한사항,448~451,measurement,요구\s*자본|내부\s*자본|가용\s*자본|통합\s*(위험|리스크)|VaR|자본\s*적정성|ICAAP|위험\s*자본|경제적\s*자본|Risk\s*Capital|위험\s*측정|리스크\s*측정,5
사업보고서__iM금융지주__20260515000720,iM금융지주,사업보고서,Ⅳ-6 다.파생상품및위험관리정책에관한사항,448~451,reporting,"(리스크|위험)[^.。]{0,40}보고|보고[^.。]{0,20}(리스크|위험)|MIS|모니터링|리스크\s*관리\s*시스템",4
사업보고서__iM금융지주__20260515000720,iM금융지주,사업보고서,Ⅳ-6 다.파생상품및위험관리정책에관한사항,448~451,stress,위기\s*상황\s*분석|스트레스\s*테스트|Stress|위기\s*상황\s*시나리오|비상\s*(조달|자금|계획)|컨틴전시|Contingency|위기\s*관리,1
사업보고서__iM금융지주__20260515000720,iM금융지주,사업보고서,Ⅳ-6 다.파생상품및위험관리정책에관한사항,448~451,oprisk,운영\s*(리스크|위험)|손실\s*사건|손실\s*데이터|BCP|업무\s*연속성|위탁|IT\s*리스크|정보\s*보호|사이버,3
사업보고서__iM금융지주__20260515000720,iM금융지주,사업보고서,Ⅳ-6 다.파생상품및위험관리정책에관한사항,448~451,compensation,"성과\s*보수|이연\s*지급|환수|Clawback|클로백|(리스크|위험)\s*(를|을)?\s*(고려|반영|조정)[^.。]{0,20}(성과|보수|평가)|(성과|보수)[^.。]{0,30}(리스크|위험)\s*(조정|반영|고려)|보수\s*체계|보수\s*정책|리스크\s*조정",0
사업보고서__iM금융지주__20260515000720,iM금융지주,사업보고서,Ⅳ-6 다.파생상품및위험관리정책에관한사항,448~451,org,리스크\s*관리\s*(부|팀|본부|부문|실|총괄|그룹|센터|조직)|위험\s*관리\s*(부|팀|본부|부문|실|조직|전담)|리스크\s*총괄|리스크\s*검증|전담\s*조직|리스크\s*관리\s*인력,3
사업보고서__iM금융지주__20260515000720,iM금융지주,사업보고서,Ⅳ-6 다.파생상품및위험관리정책에관한사항,448~451,subsidiary_control,"사전\s*협의|사전\s*승인|협의\s*사항|승인\s*사항|공문|공식\s*문서|자회사[^.。]{0,30}(평가|지시|요청|통보)|(CRO|위험관리\s*책임자|리스크\s*관리\s*책임자)[^.。]{0,30}평가",0
사업보고서__iM금융지주__20260515000720,iM금융지주,사업보고서,Ⅳ-6 다.파생상품및위험관리정책에관한사항,448~451,model_validation,모형\s*검증|모델\s*검증|검증\s*(조직|부서|팀|결과|주기)|독립적\s*(인\s*)?검증|적합성\s*검증|사후\s*검증|백\s*테스팅|Back\s*-?\s*testing|Validation,0
사업보고서__iM금융지주__20260515000720,iM금융지주,사업보고서,Ⅳ-6 다.파생상품및위험관리정책에관한사항,448~451,internal_capital,내부\s*자본|자본\s*버퍼|완충\s*자본|목표\s*(비율|수준)|내부\s*목표|자본\s*적정성\s*평가|ICAAP|경제적\s*자본|위험\s*자본,2
사업보고서__iM금융지주__20260515000720,iM금융지주,사업보고서,Ⅳ-6 다.파생상품및위험관리정책에관한사항,448~451,early_warning,조기\s*경보|Early\s*Warning|EWS|위기\s*단계|위기\s*상황\s*(단계|등급|판단)|비상\s*(대응|대책)|위기\s*대응|컨틴전시|Contingency,0
사업보고서__iM금융지주__20260515000720,iM금융지주,사업보고서,Ⅳ-6 다.파생상품및위험관리정책에관한사항,448~451,contagion,"(위험|리스크)[^.。]{0,10}전이|전이\s*(위험|리스크|효과)|전염|교차\s*판매|공동\s*(상품|개발|영업|마케팅)|계열\s*(사)?\s*(판매|거래)\s*비중|평판\s*(리스크|위험)|그룹\s*내\s*(거래|위험)|복합\s*점포|이해\s*상충",0
사업보고서__iM금융지주__20260515000720,iM금융지주,사업보고서,Ⅳ-6 다.파생상품및위험관리정책에관한사항,448~451,related_party,대주주|특수\s*관계|계열\s*(회사|사)?\s*(간|와의)?\s*거래|자회사\s*등?\s*과의\s*거래|내부\s*거래|신용\s*공여,1
사업보고서__iM금융지주__20260515000720,iM금융지주,사업보고서,Ⅳ-6 다.파생상품및위험관리정책에관한사항,448~451,icfr,내부\s*회계|연결\s*내부\s*회계|ICFR,0
사업보고서__iM금융지주__20260515000720,iM금융지주,사업보고서,Ⅳ-6 다.파생상품및위험관리정책에관한사항,448~451,internal_control,내부\s*통제|준법\s*감시|내부\s*감사,3
사업보고서__iM금융지주__20260515000720,iM금융지주,사업보고서,Ⅳ-6 다.파생상품및위험관리정책에관한사항,448~451,holding_plan,"지주\s*회사[^.。]{0,40}(운영|체제|계획|역할|기능|전략)|(경영|운영)\s*계획|자회사\s*(관리|편입)|그룹\s*(통합|시너지)",2
사업보고서__iM금융지주__20260318000971,iM금융지주,사업보고서,Ⅳ-6 다.파생상품및위험관리정책에관한사항,442~445,risk_committee,위험관리\s*위원회|리스크\s*관리\s*위원회|리스크위원회|Risk\s*Management\s*Committee,5
사업보고서__iM금융지주__20260318000971,iM금융지주,사업보고서,Ⅳ-6 다.파생상품및위험관리정책에관한사항,442~445,group_council,(리스크|위험)\s*(관리)?\s*(실무)?\s*(협의회|협의체|심의회)|리스크정책위원회|실무\s*위원회|실무\s*협의회,2
사업보고서__iM금융지주__20260318000971,iM금융지주,사업보고서,Ⅳ-6 다.파생상품및위험관리정책에관한사항,442~445,cro,CRO|위험관리\s*책임자|리스크\s*관리\s*책임자|최고\s*리스크|Chief\s*Risk,1
사업보고서__iM금융지주__20260318000971,iM금융지주,사업보고서,Ⅳ-6 다.파생상품및위험관리정책에관한사항,442~445,raf,위험\s*선호|리스크\s*선호|Risk\s*Appetite|RAF|위험\s*성향|리스크\s*성향|(위험|리스크)\s*한도|허용\s*한도|한도\s*(관리|설정|배분)|(위험)?자본\s*배분|위험\s*자본\s*(한도|배분),4
사업보고서__iM금융지주__20260318000971,iM금융지주,사업보고서,Ⅳ-6 다.파생상품및위험관리정책에관한사항,442~445,measurement,요구\s*자본|내부\s*자본|가용\s*자본|통합\s*(위험|리스크)|VaR|자본\s*적정성|ICAAP|위험\s*자본|경제적\s*자본|Risk\s*Capital|위험\s*측정|리스크\s*측정,5
사업보고서__iM금융지주__20260318000971,iM금융지주,사업보고서,Ⅳ-6 다.파생상품및위험관리정책에관한사항,442~445,reporting,"(리스크|위험)[^.。]{0,40}보고|보고[^.。]{0,20}(리스크|위험)|MIS|모니터링|리스크\s*관리\s*시스템",4
사업보고서__iM금융지주__20260318000971,iM금융지주,사업보고서,Ⅳ-6 다.파생상품및위험관리정책에관한사항,442~445,stress,위기\s*상황\s*분석|스트레스\s*테스트|Stress|위기\s*상황\s*시나리오|비상\s*(조달|자금|계획)|컨틴전시|Contingency|위기\s*관리,1
사업보고서__iM금융지주__20260318000971,iM금융지주,사업보고서,Ⅳ-6 다.파생상품및위험관리정책에관한사항,442~445,oprisk,운영\s*(리스크|위험)|손실\s*사건|손실\s*데이터|BCP|업무\s*연속성|위탁|IT\s*리스크|정보\s*보호|사이버,3
사업보고서__iM금융지주__20260318000971,iM금융지주,사업보고서,Ⅳ-6 다.파생상품및위험관리정책에관한사항,442~445,compensation,"성과\s*보수|이연\s*지급|환수|Clawback|클로백|(리스크|위험)\s*(를|을)?\s*(고려|반영|조정)[^.。]{0,20}(성과|보수|평가)|(성과|보수)[^.。]{0,30}(리스크|위험)\s*(조정|반영|고려)|보수\s*체계|보수\s*정책|리스크\s*조정",0
사업보고서__iM금융지주__20260318000971,iM금융지주,사업보고서,Ⅳ-6 다.파생상품및위험관리정책에관한사항,442~445,org,리스크\s*관리\s*(부|팀|본부|부문|실|총괄|그룹|센터|조직)|위험\s*관리\s*(부|팀|본부|부문|실|조직|전담)|리스크\s*총괄|리스크\s*검증|전담\s*조직|리스크\s*관리\s*인력,3
사업보고서__iM금융지주__20260318000971,iM금융지주,사업보고서,Ⅳ-6 다.파생상품및위험관리정책에관한사항,442~445,subsidiary_control,"사전\s*협의|사전\s*승인|협의\s*사항|승인\s*사항|공문|공식\s*문서|자회사[^.。]{0,30}(평가|지시|요청|통보)|(CRO|위험관리\s*책임자|리스크\s*관리\s*책임자)[^.。]{0,30}평가",0
사업보고서__iM금융지주__20260318000971,iM금융지주,사업보고서,Ⅳ-6 다.파생상품및위험관리정책에관한사항,442~445,model_validation,모형\s*검증|모델\s*검증|검증\s*(조직|부서|팀|결과|주기)|독립적\s*(인\s*)?검증|적합성\s*검증|사후\s*검증|백\s*테스팅|Back\s*-?\s*testing|Validation,0
사업보고서__iM금융지주__20260318000971,iM금융지주,사업보고서,Ⅳ-6 다.파생상품및위험관리정책에관한사항,442~445,internal_capital,내부\s*자본|자본\s*버퍼|완충\s*자본|목표\s*(비율|수준)|내부\s*목표|자본\s*적정성\s*평가|ICAAP|경제적\s*자본|위험\s*자본,2
사업보고서__iM금융지주__20260318000971,iM금융지주,사업보고서,Ⅳ-6 다.파생상품및위험관리정책에관한사항,442~445,early_warning,조기\s*경보|Early\s*Warning|EWS|위기\s*단계|위기\s*상황\s*(단계|등급|판단)|비상\s*(대응|대책)|위기\s*대응|컨틴전시|Contingency,0
사업보고서__iM금융지주__20260318000971,iM금융지주,사업보고서,Ⅳ-6 다.파생상품및위험관리정책에관한사항,442~445,contagion,"(위험|리스크)[^.。]{0,10}전이|전이\s*(위험|리스크|효과)|전염|교차\s*판매|공동\s*(상품|개발|영업|마케팅)|계열\s*(사)?\s*(판매|거래)\s*비중|평판\s*(리스크|위험)|그룹\s*내\s*(거래|위험)|복합\s*점포|이해\s*상충",0
사업보고서__iM금융지주__20260318000971,iM금융지주,사업보고서,Ⅳ-6 다.파생상품및위험관리정책에관한사항,442~445,related_party,대주주|특수\s*관계|계열\s*(회사|사)?\s*(간|와의)?\s*거래|자회사\s*등?\s*과의\s*거래|내부\s*거래|신용\s*공여,1
사업보고서__iM금융지주__20260318000971,iM금융지주,사업보고서,Ⅳ-6 다.파생상품및위험관리정책에관한사항,442~445,icfr,내부\s*회계|연결\s*내부\s*회계|ICFR,0
사업보고서__iM금융지주__20260318000971,iM금융지주,사업보고서,Ⅳ-6 다.파생상품및위험관리정책에관한사항,442~445,internal_control,내부\s*통제|준법\s*감시|내부\s*감사,3
사업보고서__iM금융지주__20260318000971,iM금융지주,사업보고서,Ⅳ-6 다.파생상품및위험관리정책에관한사항,442~445,holding_plan,"지주\s*회사[^.。]{0,40}(운영|체제|계획|역할|기능|전략)|(경영|운영)\s*계획|자회사\s*(관리|편입)|그룹\s*(통합|시너지)",2
사업보고서__NH농협금융지주__20260331004252,NH농협금융지주,사업보고서,Ⅳ-6 라.파생상품및위험관리정책에관한사항,568~574,risk_committee,위험관리\s*위원회|리스크\s*관리\s*위원회|리스크위원회|Risk\s*Management\s*Committee,4
사업보고서__NH농협금융지주__20260331004252,NH농협금융지주,사업보고서,Ⅳ-6 라.파생상품및위험관리정책에관한사항,568~574,group_council,(리스크|위험)\s*(관리)?\s*(실무)?\s*(협의회|협의체|심의회)|리스크정책위원회|실무\s*위원회|실무\s*협의회,2
사업보고서__NH농협금융지주__20260331004252,NH농협금융지주,사업보고서,Ⅳ-6 라.파생상품및위험관리정책에관한사항,568~574,cro,CRO|위험관리\s*책임자|리스크\s*관리\s*책임자|최고\s*리스크|Chief\s*Risk,2
사업보고서__NH농협금융지주__20260331004252,NH농협금융지주,사업보고서,Ⅳ-6 라.파생상품및위험관리정책에관한사항,568~574,raf,위험\s*선호|리스크\s*선호|Risk\s*Appetite|RAF|위험\s*성향|리스크\s*성향|(위험|리스크)\s*한도|허용\s*한도|한도\s*(관리|설정|배분)|(위험)?자본\s*배분|위험\s*자본\s*(한도|배분),4
사업보고서__NH농협금융지주__20260331004252,NH농협금융지주,사업보고서,Ⅳ-6 라.파생상품및위험관리정책에관한사항,568~574,measurement,요구\s*자본|내부\s*자본|가용\s*자본|통합\s*(위험|리스크)|VaR|자본\s*적정성|ICAAP|위험\s*자본|경제적\s*자본|Risk\s*Capital|위험\s*측정|리스크\s*측정,7
사업보고서__NH농협금융지주__20260331004252,NH농협금융지주,사업보고서,Ⅳ-6 라.파생상품및위험관리정책에관한사항,568~574,reporting,"(리스크|위험)[^.。]{0,40}보고|보고[^.。]{0,20}(리스크|위험)|MIS|모니터링|리스크\s*관리\s*시스템",3
사업보고서__NH농협금융지주__20260331004252,NH농협금융지주,사업보고서,Ⅳ-6 라.파생상품및위험관리정책에관한사항,568~574,stress,위기\s*상황\s*분석|스트레스\s*테스트|Stress|위기\s*상황\s*시나리오|비상\s*(조달|자금|계획)|컨틴전시|Contingency|위기\s*관리,2
사업보고서__NH농협금융지주__20260331004252,NH농협금융지주,사업보고서,Ⅳ-6 라.파생상품및위험관리정책에관한사항,568~574,oprisk,운영\s*(리스크|위험)|손실\s*사건|손실\s*데이터|BCP|업무\s*연속성|위탁|IT\s*리스크|정보\s*보호|사이버,0
사업보고서__NH농협금융지주__20260331004252,NH농협금융지주,사업보고서,Ⅳ-6 라.파생상품및위험관리정책에관한사항,568~574,compensation,"성과\s*보수|이연\s*지급|환수|Clawback|클로백|(리스크|위험)\s*(를|을)?\s*(고려|반영|조정)[^.。]{0,20}(성과|보수|평가)|(성과|보수)[^.。]{0,30}(리스크|위험)\s*(조정|반영|고려)|보수\s*체계|보수\s*정책|리스크\s*조정",0
사업보고서__NH농협금융지주__20260331004252,NH농협금융지주,사업보고서,Ⅳ-6 라.파생상품및위험관리정책에관한사항,568~574,org,리스크\s*관리\s*(부|팀|본부|부문|실|총괄|그룹|센터|조직)|위험\s*관리\s*(부|팀|본부|부문|실|조직|전담)|리스크\s*총괄|리스크\s*검증|전담\s*조직|리스크\s*관리\s*인력,4
사업보고서__NH농협금융지주__20260331004252,NH농협금융지주,사업보고서,Ⅳ-6 라.파생상품및위험관리정책에관한사항,568~574,subsidiary_control,"사전\s*협의|사전\s*승인|협의\s*사항|승인\s*사항|공문|공식\s*문서|자회사[^.。]{0,30}(평가|지시|요청|통보)|(CRO|위험관리\s*책임자|리스크\s*관리\s*책임자)[^.。]{0,30}평가",1
사업보고서__NH농협금융지주__20260331004252,NH농협금융지주,사업보고서,Ⅳ-6 라.파생상품및위험관리정책에관한사항,568~574,model_validation,모형\s*검증|모델\s*검증|검증\s*(조직|부서|팀|결과|주기)|독립적\s*(인\s*)?검증|적합성\s*검증|사후\s*검증|백\s*테스팅|Back\s*-?\s*testing|Validation,1
사업보고서__NH농협금융지주__20260331004252,NH농협금융지주,사업보고서,Ⅳ-6 라.파생상품및위험관리정책에관한사항,568~574,internal_capital,내부\s*자본|자본\s*버퍼|완충\s*자본|목표\s*(비율|수준)|내부\s*목표|자본\s*적정성\s*평가|ICAAP|경제적\s*자본|위험\s*자본,0
사업보고서__NH농협금융지주__20260331004252,NH농협금융지주,사업보고서,Ⅳ-6 라.파생상품및위험관리정책에관한사항,568~574,early_warning,조기\s*경보|Early\s*Warning|EWS|위기\s*단계|위기\s*상황\s*(단계|등급|판단)|비상\s*(대응|대책)|위기\s*대응|컨틴전시|Contingency,0
사업보고서__NH농협금융지주__20260331004252,NH농협금융지주,사업보고서,Ⅳ-6 라.파생상품및위험관리정책에관한사항,568~574,contagion,"(위험|리스크)[^.。]{0,10}전이|전이\s*(위험|리스크|효과)|전염|교차\s*판매|공동\s*(상품|개발|영업|마케팅)|계열\s*(사)?\s*(판매|거래)\s*비중|평판\s*(리스크|위험)|그룹\s*내\s*(거래|위험)|복합\s*점포|이해\s*상충",0
사업보고서__NH농협금융지주__20260331004252,NH농협금융지주,사업보고서,Ⅳ-6 라.파생상품및위험관리정책에관한사항,568~574,related_party,대주주|특수\s*관계|계열\s*(회사|사)?\s*(간|와의)?\s*거래|자회사\s*등?\s*과의\s*거래|내부\s*거래|신용\s*공여,0
사업보고서__NH농협금융지주__20260331004252,NH농협금융지주,사업보고서,Ⅳ-6 라.파생상품및위험관리정책에관한사항,568~574,icfr,내부\s*회계|연결\s*내부\s*회계|ICFR,0
사업보고서__NH농협금융지주__20260331004252,NH농협금융지주,사업보고서,Ⅳ-6 라.파생상품및위험관리정책에관한사항,568~574,internal_control,내부\s*통제|준법\s*감시|내부\s*감사,0
사업보고서__NH농협금융지주__20260331004252,NH농협금융지주,사업보고서,Ⅳ-6 라.파생상품및위험관리정책에관한사항,568~574,holding_plan,"지주\s*회사[^.。]{0,40}(운영|체제|계획|역할|기능|전략)|(경영|운영)\s*계획|자회사\s*(관리|편입)|그룹\s*(통합|시너지)",0
사업보고서__한국투자금융지주__20260319001006,한국투자금융지주,사업보고서,Ⅱ-5 [한국투자증권] 라.위험관리에관한사항,83~87,risk_committee,위험관리\s*위원회|리스크\s*관리\s*위원회|리스크위원회|Risk\s*Management\s*Committee,6
사업보고서__한국투자금융지주__20260319001006,한국투자금융지주,사업보고서,Ⅱ-5 [한국투자증권] 라.위험관리에관한사항,83~87,group_council,(리스크|위험)\s*(관리)?\s*(실무)?\s*(협의회|협의체|심의회)|리스크정책위원회|실무\s*위원회|실무\s*협의회,4
사업보고서__한국투자금융지주__20260319001006,한국투자금융지주,사업보고서,Ⅱ-5 [한국투자증권] 라.위험관리에관한사항,83~87,cro,CRO|위험관리\s*책임자|리스크\s*관리\s*책임자|최고\s*리스크|Chief\s*Risk,0
사업보고서__한국투자금융지주__20260319001006,한국투자금융지주,사업보고서,Ⅱ-5 [한국투자증권] 라.위험관리에관한사항,83~87,raf,위험\s*선호|리스크\s*선호|Risk\s*Appetite|RAF|위험\s*성향|리스크\s*성향|(위험|리스크)\s*한도|허용\s*한도|한도\s*(관리|설정|배분)|(위험)?자본\s*배분|위험\s*자본\s*(한도|배분),4
사업보고서__한국투자금융지주__20260319001006,한국투자금융지주,사업보고서,Ⅱ-5 [한국투자증권] 라.위험관리에관한사항,83~87,measurement,요구\s*자본|내부\s*자본|가용\s*자본|통합\s*(위험|리스크)|VaR|자본\s*적정성|ICAAP|위험\s*자본|경제적\s*자본|Risk\s*Capital|위험\s*측정|리스크\s*측정,1
사업보고서__한국투자금융지주__20260319001006,한국투자금융지주,사업보고서,Ⅱ-5 [한국투자증권] 라.위험관리에관한사항,83~87,reporting,"(리스크|위험)[^.。]{0,40}보고|보고[^.。]{0,20}(리스크|위험)|MIS|모니터링|리스크\s*관리\s*시스템",4
사업보고서__한국투자금융지주__20260319001006,한국투자금융지주,사업보고서,Ⅱ-5 [한국투자증권] 라.위험관리에관한사항,83~87,stress,위기\s*상황\s*분석|스트레스\s*테스트|Stress|위기\s*상황\s*시나리오|비상\s*(조달|자금|계획)|컨틴전시|Contingency|위기\s*관리,2
사업보고서__한국투자금융지주__20260319001006,한국투자금융지주,사업보고서,Ⅱ-5 [한국투자증권] 라.위험관리에관한사항,83~87,oprisk,운영\s*(리스크|위험)|손실\s*사건|손실\s*데이터|BCP|업무\s*연속성|위탁|IT\s*리스크|정보\s*보호|사이버,0
사업보고서__한국투자금융지주__20260319001006,한국투자금융지주,사업보고서,Ⅱ-5 [한국투자증권] 라.위험관리에관한사항,83~87,compensation,"성과\s*보수|이연\s*지급|환수|Clawback|클로백|(리스크|위험)\s*(를|을)?\s*(고려|반영|조정)[^.。]{0,20}(성과|보수|평가)|(성과|보수)[^.。]{0,30}(리스크|위험)\s*(조정|반영|고려)|보수\s*체계|보수\s*정책|리스크\s*조정",1
사업보고서__한국투자금융지주__20260319001006,한국투자금융지주,사업보고서,Ⅱ-5 [한국투자증권] 라.위험관리에관한사항,83~87,org,리스크\s*관리\s*(부|팀|본부|부문|실|총괄|그룹|센터|조직)|위험\s*관리\s*(부|팀|본부|부문|실|조직|전담)|리스크\s*총괄|리스크\s*검증|전담\s*조직|리스크\s*관리\s*인력,15
사업보고서__한국투자금융지주__20260319001006,한국투자금융지주,사업보고서,Ⅱ-5 [한국투자증권] 라.위험관리에관한사항,83~87,subsidiary_control,"사전\s*협의|사전\s*승인|협의\s*사항|승인\s*사항|공문|공식\s*문서|자회사[^.。]{0,30}(평가|지시|요청|통보)|(CRO|위험관리\s*책임자|리스크\s*관리\s*책임자)[^.。]{0,30}평가",0
사업보고서__한국투자금융지주__20260319001006,한국투자금융지주,사업보고서,Ⅱ-5 [한국투자증권] 라.위험관리에관한사항,83~87,model_validation,모형\s*검증|모델\s*검증|검증\s*(조직|부서|팀|결과|주기)|독립적\s*(인\s*)?검증|적합성\s*검증|사후\s*검증|백\s*테스팅|Back\s*-?\s*testing|Validation,0
사업보고서__한국투자금융지주__20260319001006,한국투자금융지주,사업보고서,Ⅱ-5 [한국투자증권] 라.위험관리에관한사항,83~87,internal_capital,내부\s*자본|자본\s*버퍼|완충\s*자본|목표\s*(비율|수준)|내부\s*목표|자본\s*적정성\s*평가|ICAAP|경제적\s*자본|위험\s*자본,0
사업보고서__한국투자금융지주__20260319001006,한국투자금융지주,사업보고서,Ⅱ-5 [한국투자증권] 라.위험관리에관한사항,83~87,early_warning,조기\s*경보|Early\s*Warning|EWS|위기\s*단계|위기\s*상황\s*(단계|등급|판단)|비상\s*(대응|대책)|위기\s*대응|컨틴전시|Contingency,2
사업보고서__한국투자금융지주__20260319001006,한국투자금융지주,사업보고서,Ⅱ-5 [한국투자증권] 라.위험관리에관한사항,83~87,contagion,"(위험|리스크)[^.。]{0,10}전이|전이\s*(위험|리스크|효과)|전염|교차\s*판매|공동\s*(상품|개발|영업|마케팅)|계열\s*(사)?\s*(판매|거래)\s*비중|평판\s*(리스크|위험)|그룹\s*내\s*(거래|위험)|복합\s*점포|이해\s*상충",0
사업보고서__한국투자금융지주__20260319001006,한국투자금융지주,사업보고서,Ⅱ-5 [한국투자증권] 라.위험관리에관한사항,83~87,related_party,대주주|특수\s*관계|계열\s*(회사|사)?\s*(간|와의)?\s*거래|자회사\s*등?\s*과의\s*거래|내부\s*거래|신용\s*공여,5
사업보고서__한국투자금융지주__20260319001006,한국투자금융지주,사업보고서,Ⅱ-5 [한국투자증권] 라.위험관리에관한사항,83~87,icfr,내부\s*회계|연결\s*내부\s*회계|ICFR,0
사업보고서__한국투자금융지주__20260319001006,한국투자금융지주,사업보고서,Ⅱ-5 [한국투자증권] 라.위험관리에관한사항,83~87,internal_control,내부\s*통제|준법\s*감시|내부\s*감사,0
사업보고서__한국투자금융지주__20260319001006,한국투자금융지주,사업보고서,Ⅱ-5 [한국투자증권] 라.위험관리에관한사항,83~87,holding_plan,"지주\s*회사[^.。]{0,40}(운영|체제|계획|역할|기능|전략)|(경영|운영)\s*계획|자회사\s*(관리|편입)|그룹\s*(통합|시너지)",0
증권신고서__메리츠금융지주__20230206000364,메리츠금융지주,증권신고서,문서 전체,1~1084,risk_committee,위험관리\s*위원회|리스크\s*관리\s*위원회|리스크위원회|Risk\s*Management\s*Committee,43
증권신고서__메리츠금융지주__20230206000364,메리츠금융지주,증권신고서,문서 전체,1~1084,group_council,(리스크|위험)\s*(관리)?\s*(실무)?\s*(협의회|협의체|심의회)|리스크정책위원회|실무\s*위원회|실무\s*협의회,22
증권신고서__메리츠금융지주__20230206000364,메리츠금융지주,증권신고서,문서 전체,1~1084,cro,CRO|위험관리\s*책임자|리스크\s*관리\s*책임자|최고\s*리스크|Chief\s*Risk,13
증권신고서__메리츠금융지주__20230206000364,메리츠금융지주,증권신고서,문서 전체,1~1084,raf,위험\s*선호|리스크\s*선호|Risk\s*Appetite|RAF|위험\s*성향|리스크\s*성향|(위험|리스크)\s*한도|허용\s*한도|한도\s*(관리|설정|배분)|(위험)?자본\s*배분|위험\s*자본\s*(한도|배분),37
증권신고서__메리츠금융지주__20230206000364,메리츠금융지주,증권신고서,문서 전체,1~1084,measurement,요구\s*자본|내부\s*자본|가용\s*자본|통합\s*(위험|리스크)|VaR|자본\s*적정성|ICAAP|위험\s*자본|경제적\s*자본|Risk\s*Capital|위험\s*측정|리스크\s*측정,57
증권신고서__메리츠금융지주__20230206000364,메리츠금융지주,증권신고서,문서 전체,1~1084,reporting,"(리스크|위험)[^.。]{0,40}보고|보고[^.。]{0,20}(리스크|위험)|MIS|모니터링|리스크\s*관리\s*시스템",60
증권신고서__메리츠금융지주__20230206000364,메리츠금융지주,증권신고서,문서 전체,1~1084,stress,위기\s*상황\s*분석|스트레스\s*테스트|Stress|위기\s*상황\s*시나리오|비상\s*(조달|자금|계획)|컨틴전시|Contingency|위기\s*관리,8
증권신고서__메리츠금융지주__20230206000364,메리츠금융지주,증권신고서,문서 전체,1~1084,oprisk,운영\s*(리스크|위험)|손실\s*사건|손실\s*데이터|BCP|업무\s*연속성|위탁|IT\s*리스크|정보\s*보호|사이버,149
증권신고서__메리츠금융지주__20230206000364,메리츠금융지주,증권신고서,문서 전체,1~1084,compensation,"성과\s*보수|이연\s*지급|환수|Clawback|클로백|(리스크|위험)\s*(를|을)?\s*(고려|반영|조정)[^.。]{0,20}(성과|보수|평가)|(성과|보수)[^.。]{0,30}(리스크|위험)\s*(조정|반영|고려)|보수\s*체계|보수\s*정책|리스크\s*조정",19
증권신고서__메리츠금융지주__20230206000364,메리츠금융지주,증권신고서,문서 전체,1~1084,org,리스크\s*관리\s*(부|팀|본부|부문|실|총괄|그룹|센터|조직)|위험\s*관리\s*(부|팀|본부|부문|실|조직|전담)|리스크\s*총괄|리스크\s*검증|전담\s*조직|리스크\s*관리\s*인력,35
증권신고서__메리츠금융지주__20230206000364,메리츠금융지주,증권신고서,문서 전체,1~1084,subsidiary_control,"사전\s*협의|사전\s*승인|협의\s*사항|승인\s*사항|공문|공식\s*문서|자회사[^.。]{0,30}(평가|지시|요청|통보)|(CRO|위험관리\s*책임자|리스크\s*관리\s*책임자)[^.。]{0,30}평가",11
증권신고서__메리츠금융지주__20230206000364,메리츠금융지주,증권신고서,문서 전체,1~1084,model_validation,모형\s*검증|모델\s*검증|검증\s*(조직|부서|팀|결과|주기)|독립적\s*(인\s*)?검증|적합성\s*검증|사후\s*검증|백\s*테스팅|Back\s*-?\s*testing|Validation,0
증권신고서__메리츠금융지주__20230206000364,메리츠금융지주,증권신고서,문서 전체,1~1084,internal_capital,내부\s*자본|자본\s*버퍼|완충\s*자본|목표\s*(비율|수준)|내부\s*목표|자본\s*적정성\s*평가|ICAAP|경제적\s*자본|위험\s*자본,4
증권신고서__메리츠금융지주__20230206000364,메리츠금융지주,증권신고서,문서 전체,1~1084,early_warning,조기\s*경보|Early\s*Warning|EWS|위기\s*단계|위기\s*상황\s*(단계|등급|판단)|비상\s*(대응|대책)|위기\s*대응|컨틴전시|Contingency,4
증권신고서__메리츠금융지주__20230206000364,메리츠금융지주,증권신고서,문서 전체,1~1084,contagion,"(위험|리스크)[^.。]{0,10}전이|전이\s*(위험|리스크|효과)|전염|교차\s*판매|공동\s*(상품|개발|영업|마케팅)|계열\s*(사)?\s*(판매|거래)\s*비중|평판\s*(리스크|위험)|그룹\s*내\s*(거래|위험)|복합\s*점포|이해\s*상충",18
증권신고서__메리츠금융지주__20230206000364,메리츠금융지주,증권신고서,문서 전체,1~1084,related_party,대주주|특수\s*관계|계열\s*(회사|사)?\s*(간|와의)?\s*거래|자회사\s*등?\s*과의\s*거래|내부\s*거래|신용\s*공여,256
증권신고서__메리츠금융지주__20230206000364,메리츠금융지주,증권신고서,문서 전체,1~1084,icfr,내부\s*회계|연결\s*내부\s*회계|ICFR,38
증권신고서__메리츠금융지주__20230206000364,메리츠금융지주,증권신고서,문서 전체,1~1084,internal_control,내부\s*통제|준법\s*감시|내부\s*감사,82
증권신고서__메리츠금융지주__20230206000364,메리츠금융지주,증권신고서,문서 전체,1~1084,holding_plan,"지주\s*회사[^.。]{0,40}(운영|체제|계획|역할|기능|전략)|(경영|운영)\s*계획|자회사\s*(관리|편입)|그룹\s*(통합|시너지)",14
증권신고서__메리츠금융지주__20230119000440,메리츠금융지주,증권신고서,문서 전체,1~1064,risk_committee,위험관리\s*위원회|리스크\s*관리\s*위원회|리스크위원회|Risk\s*Management\s*Committee,43
증권신고서__메리츠금융지주__20230119000440,메리츠금융지주,증권신고서,문서 전체,1~1064,group_council,(리스크|위험)\s*(관리)?\s*(실무)?\s*(협의회|협의체|심의회)|리스크정책위원회|실무\s*위원회|실무\s*협의회,22
증권신고서__메리츠금융지주__20230119000440,메리츠금융지주,증권신고서,문서 전체,1~1064,cro,CRO|위험관리\s*책임자|리스크\s*관리\s*책임자|최고\s*리스크|Chief\s*Risk,13
증권신고서__메리츠금융지주__20230119000440,메리츠금융지주,증권신고서,문서 전체,1~1064,raf,위험\s*선호|리스크\s*선호|Risk\s*Appetite|RAF|위험\s*성향|리스크\s*성향|(위험|리스크)\s*한도|허용\s*한도|한도\s*(관리|설정|배분)|(위험)?자본\s*배분|위험\s*자본\s*(한도|배분),37
증권신고서__메리츠금융지주__20230119000440,메리츠금융지주,증권신고서,문서 전체,1~1064,measurement,요구\s*자본|내부\s*자본|가용\s*자본|통합\s*(위험|리스크)|VaR|자본\s*적정성|ICAAP|위험\s*자본|경제적\s*자본|Risk\s*Capital|위험\s*측정|리스크\s*측정,55
증권신고서__메리츠금융지주__20230119000440,메리츠금융지주,증권신고서,문서 전체,1~1064,reporting,"(리스크|위험)[^.。]{0,40}보고|보고[^.。]{0,20}(리스크|위험)|MIS|모니터링|리스크\s*관리\s*시스템",60
증권신고서__메리츠금융지주__20230119000440,메리츠금융지주,증권신고서,문서 전체,1~1064,stress,위기\s*상황\s*분석|스트레스\s*테스트|Stress|위기\s*상황\s*시나리오|비상\s*(조달|자금|계획)|컨틴전시|Contingency|위기\s*관리,8
증권신고서__메리츠금융지주__20230119000440,메리츠금융지주,증권신고서,문서 전체,1~1064,oprisk,운영\s*(리스크|위험)|손실\s*사건|손실\s*데이터|BCP|업무\s*연속성|위탁|IT\s*리스크|정보\s*보호|사이버,149
증권신고서__메리츠금융지주__20230119000440,메리츠금융지주,증권신고서,문서 전체,1~1064,compensation,"성과\s*보수|이연\s*지급|환수|Clawback|클로백|(리스크|위험)\s*(를|을)?\s*(고려|반영|조정)[^.。]{0,20}(성과|보수|평가)|(성과|보수)[^.。]{0,30}(리스크|위험)\s*(조정|반영|고려)|보수\s*체계|보수\s*정책|리스크\s*조정",19
증권신고서__메리츠금융지주__20230119000440,메리츠금융지주,증권신고서,문서 전체,1~1064,org,리스크\s*관리\s*(부|팀|본부|부문|실|총괄|그룹|센터|조직)|위험\s*관리\s*(부|팀|본부|부문|실|조직|전담)|리스크\s*총괄|리스크\s*검증|전담\s*조직|리스크\s*관리\s*인력,35
증권신고서__메리츠금융지주__20230119000440,메리츠금융지주,증권신고서,문서 전체,1~1064,subsidiary_control,"사전\s*협의|사전\s*승인|협의\s*사항|승인\s*사항|공문|공식\s*문서|자회사[^.。]{0,30}(평가|지시|요청|통보)|(CRO|위험관리\s*책임자|리스크\s*관리\s*책임자)[^.。]{0,30}평가",11
증권신고서__메리츠금융지주__20230119000440,메리츠금융지주,증권신고서,문서 전체,1~1064,model_validation,모형\s*검증|모델\s*검증|검증\s*(조직|부서|팀|결과|주기)|독립적\s*(인\s*)?검증|적합성\s*검증|사후\s*검증|백\s*테스팅|Back\s*-?\s*testing|Validation,0
증권신고서__메리츠금융지주__20230119000440,메리츠금융지주,증권신고서,문서 전체,1~1064,internal_capital,내부\s*자본|자본\s*버퍼|완충\s*자본|목표\s*(비율|수준)|내부\s*목표|자본\s*적정성\s*평가|ICAAP|경제적\s*자본|위험\s*자본,4
증권신고서__메리츠금융지주__20230119000440,메리츠금융지주,증권신고서,문서 전체,1~1064,early_warning,조기\s*경보|Early\s*Warning|EWS|위기\s*단계|위기\s*상황\s*(단계|등급|판단)|비상\s*(대응|대책)|위기\s*대응|컨틴전시|Contingency,4
증권신고서__메리츠금융지주__20230119000440,메리츠금융지주,증권신고서,문서 전체,1~1064,contagion,"(위험|리스크)[^.。]{0,10}전이|전이\s*(위험|리스크|효과)|전염|교차\s*판매|공동\s*(상품|개발|영업|마케팅)|계열\s*(사)?\s*(판매|거래)\s*비중|평판\s*(리스크|위험)|그룹\s*내\s*(거래|위험)|복합\s*점포|이해\s*상충",18
증권신고서__메리츠금융지주__20230119000440,메리츠금융지주,증권신고서,문서 전체,1~1064,related_party,대주주|특수\s*관계|계열\s*(회사|사)?\s*(간|와의)?\s*거래|자회사\s*등?\s*과의\s*거래|내부\s*거래|신용\s*공여,241
증권신고서__메리츠금융지주__20230119000440,메리츠금융지주,증권신고서,문서 전체,1~1064,icfr,내부\s*회계|연결\s*내부\s*회계|ICFR,38
증권신고서__메리츠금융지주__20230119000440,메리츠금융지주,증권신고서,문서 전체,1~1064,internal_control,내부\s*통제|준법\s*감시|내부\s*감사,75
증권신고서__메리츠금융지주__20230119000440,메리츠금융지주,증권신고서,문서 전체,1~1064,holding_plan,"지주\s*회사[^.。]{0,40}(운영|체제|계획|역할|기능|전략)|(경영|운영)\s*계획|자회사\s*(관리|편입)|그룹\s*(통합|시너지)",14
증권신고서__메리츠금융지주__20230102000239,메리츠금융지주,증권신고서,문서 전체,1~911,risk_committee,위험관리\s*위원회|리스크\s*관리\s*위원회|리스크위원회|Risk\s*Management\s*Committee,32
증권신고서__메리츠금융지주__20230102000239,메리츠금융지주,증권신고서,문서 전체,1~911,group_council,(리스크|위험)\s*(관리)?\s*(실무)?\s*(협의회|협의체|심의회)|리스크정책위원회|실무\s*위원회|실무\s*협의회,8
증권신고서__메리츠금융지주__20230102000239,메리츠금융지주,증권신고서,문서 전체,1~911,cro,CRO|위험관리\s*책임자|리스크\s*관리\s*책임자|최고\s*리스크|Chief\s*Risk,11
증권신고서__메리츠금융지주__20230102000239,메리츠금융지주,증권신고서,문서 전체,1~911,raf,위험\s*선호|리스크\s*선호|Risk\s*Appetite|RAF|위험\s*성향|리스크\s*성향|(위험|리스크)\s*한도|허용\s*한도|한도\s*(관리|설정|배분)|(위험)?자본\s*배분|위험\s*자본\s*(한도|배분),18
증권신고서__메리츠금융지주__20230102000239,메리츠금융지주,증권신고서,문서 전체,1~911,measurement,요구\s*자본|내부\s*자본|가용\s*자본|통합\s*(위험|리스크)|VaR|자본\s*적정성|ICAAP|위험\s*자본|경제적\s*자본|Risk\s*Capital|위험\s*측정|리스크\s*측정,46
증권신고서__메리츠금융지주__20230102000239,메리츠금융지주,증권신고서,문서 전체,1~911,reporting,"(리스크|위험)[^.。]{0,40}보고|보고[^.。]{0,20}(리스크|위험)|MIS|모니터링|리스크\s*관리\s*시스템",52
증권신고서__메리츠금융지주__20230102000239,메리츠금융지주,증권신고서,문서 전체,1~911,stress,위기\s*상황\s*분석|스트레스\s*테스트|Stress|위기\s*상황\s*시나리오|비상\s*(조달|자금|계획)|컨틴전시|Contingency|위기\s*관리,8
증권신고서__메리츠금융지주__20230102000239,메리츠금융지주,증권신고서,문서 전체,1~911,oprisk,운영\s*(리스크|위험)|손실\s*사건|손실\s*데이터|BCP|업무\s*연속성|위탁|IT\s*리스크|정보\s*보호|사이버,69
증권신고서__메리츠금융지주__20230102000239,메리츠금융지주,증권신고서,문서 전체,1~911,compensation,"성과\s*보수|이연\s*지급|환수|Clawback|클로백|(리스크|위험)\s*(를|을)?\s*(고려|반영|조정)[^.。]{0,20}(성과|보수|평가)|(성과|보수)[^.。]{0,30}(리스크|위험)\s*(조정|반영|고려)|보수\s*체계|보수\s*정책|리스크\s*조정",26
증권신고서__메리츠금융지주__20230102000239,메리츠금융지주,증권신고서,문서 전체,1~911,org,리스크\s*관리\s*(부|팀|본부|부문|실|총괄|그룹|센터|조직)|위험\s*관리\s*(부|팀|본부|부문|실|조직|전담)|리스크\s*총괄|리스크\s*검증|전담\s*조직|리스크\s*관리\s*인력,15
증권신고서__메리츠금융지주__20230102000239,메리츠금융지주,증권신고서,문서 전체,1~911,subsidiary_control,"사전\s*협의|사전\s*승인|협의\s*사항|승인\s*사항|공문|공식\s*문서|자회사[^.。]{0,30}(평가|지시|요청|통보)|(CRO|위험관리\s*책임자|리스크\s*관리\s*책임자)[^.。]{0,30}평가",6
증권신고서__메리츠금융지주__20230102000239,메리츠금융지주,증권신고서,문서 전체,1~911,model_validation,모형\s*검증|모델\s*검증|검증\s*(조직|부서|팀|결과|주기)|독립적\s*(인\s*)?검증|적합성\s*검증|사후\s*검증|백\s*테스팅|Back\s*-?\s*testing|Validation,0
증권신고서__메리츠금융지주__20230102000239,메리츠금융지주,증권신고서,문서 전체,1~911,internal_capital,내부\s*자본|자본\s*버퍼|완충\s*자본|목표\s*(비율|수준)|내부\s*목표|자본\s*적정성\s*평가|ICAAP|경제적\s*자본|위험\s*자본,1
증권신고서__메리츠금융지주__20230102000239,메리츠금융지주,증권신고서,문서 전체,1~911,early_warning,조기\s*경보|Early\s*Warning|EWS|위기\s*단계|위기\s*상황\s*(단계|등급|판단)|비상\s*(대응|대책)|위기\s*대응|컨틴전시|Contingency,3
증권신고서__메리츠금융지주__20230102000239,메리츠금융지주,증권신고서,문서 전체,1~911,contagion,"(위험|리스크)[^.。]{0,10}전이|전이\s*(위험|리스크|효과)|전염|교차\s*판매|공동\s*(상품|개발|영업|마케팅)|계열\s*(사)?\s*(판매|거래)\s*비중|평판\s*(리스크|위험)|그룹\s*내\s*(거래|위험)|복합\s*점포|이해\s*상충",10
증권신고서__메리츠금융지주__20230102000239,메리츠금융지주,증권신고서,문서 전체,1~911,related_party,대주주|특수\s*관계|계열\s*(회사|사)?\s*(간|와의)?\s*거래|자회사\s*등?\s*과의\s*거래|내부\s*거래|신용\s*공여,197
증권신고서__메리츠금융지주__20230102000239,메리츠금융지주,증권신고서,문서 전체,1~911,icfr,내부\s*회계|연결\s*내부\s*회계|ICFR,31
증권신고서__메리츠금융지주__20230102000239,메리츠금융지주,증권신고서,문서 전체,1~911,internal_control,내부\s*통제|준법\s*감시|내부\s*감사,54
증권신고서__메리츠금융지주__20230102000239,메리츠금융지주,증권신고서,문서 전체,1~911,holding_plan,"지주\s*회사[^.。]{0,40}(운영|체제|계획|역할|기능|전략)|(경영|운영)\s*계획|자회사\s*(관리|편입)|그룹\s*(통합|시너지)",15
증권신고서__메리츠금융지주__20221220000012,메리츠금융지주,증권신고서,문서 전체,1~909,risk_committee,위험관리\s*위원회|리스크\s*관리\s*위원회|리스크위원회|Risk\s*Management\s*Committee,32
증권신고서__메리츠금융지주__20221220000012,메리츠금융지주,증권신고서,문서 전체,1~909,group_council,(리스크|위험)\s*(관리)?\s*(실무)?\s*(협의회|협의체|심의회)|리스크정책위원회|실무\s*위원회|실무\s*협의회,8
증권신고서__메리츠금융지주__20221220000012,메리츠금융지주,증권신고서,문서 전체,1~909,cro,CRO|위험관리\s*책임자|리스크\s*관리\s*책임자|최고\s*리스크|Chief\s*Risk,11
증권신고서__메리츠금융지주__20221220000012,메리츠금융지주,증권신고서,문서 전체,1~909,raf,위험\s*선호|리스크\s*선호|Risk\s*Appetite|RAF|위험\s*성향|리스크\s*성향|(위험|리스크)\s*한도|허용\s*한도|한도\s*(관리|설정|배분)|(위험)?자본\s*배분|위험\s*자본\s*(한도|배분),18
증권신고서__메리츠금융지주__20221220000012,메리츠금융지주,증권신고서,문서 전체,1~909,measurement,요구\s*자본|내부\s*자본|가용\s*자본|통합\s*(위험|리스크)|VaR|자본\s*적정성|ICAAP|위험\s*자본|경제적\s*자본|Risk\s*Capital|위험\s*측정|리스크\s*측정,46
증권신고서__메리츠금융지주__20221220000012,메리츠금융지주,증권신고서,문서 전체,1~909,reporting,"(리스크|위험)[^.。]{0,40}보고|보고[^.。]{0,20}(리스크|위험)|MIS|모니터링|리스크\s*관리\s*시스템",52
증권신고서__메리츠금융지주__20221220000012,메리츠금융지주,증권신고서,문서 전체,1~909,stress,위기\s*상황\s*분석|스트레스\s*테스트|Stress|위기\s*상황\s*시나리오|비상\s*(조달|자금|계획)|컨틴전시|Contingency|위기\s*관리,8
증권신고서__메리츠금융지주__20221220000012,메리츠금융지주,증권신고서,문서 전체,1~909,oprisk,운영\s*(리스크|위험)|손실\s*사건|손실\s*데이터|BCP|업무\s*연속성|위탁|IT\s*리스크|정보\s*보호|사이버,69
증권신고서__메리츠금융지주__20221220000012,메리츠금융지주,증권신고서,문서 전체,1~909,compensation,"성과\s*보수|이연\s*지급|환수|Clawback|클로백|(리스크|위험)\s*(를|을)?\s*(고려|반영|조정)[^.。]{0,20}(성과|보수|평가)|(성과|보수)[^.。]{0,30}(리스크|위험)\s*(조정|반영|고려)|보수\s*체계|보수\s*정책|리스크\s*조정",24
증권신고서__메리츠금융지주__20221220000012,메리츠금융지주,증권신고서,문서 전체,1~909,org,리스크\s*관리\s*(부|팀|본부|부문|실|총괄|그룹|센터|조직)|위험\s*관리\s*(부|팀|본부|부문|실|조직|전담)|리스크\s*총괄|리스크\s*검증|전담\s*조직|리스크\s*관리\s*인력,15
증권신고서__메리츠금융지주__20221220000012,메리츠금융지주,증권신고서,문서 전체,1~909,subsidiary_control,"사전\s*협의|사전\s*승인|협의\s*사항|승인\s*사항|공문|공식\s*문서|자회사[^.。]{0,30}(평가|지시|요청|통보)|(CRO|위험관리\s*책임자|리스크\s*관리\s*책임자)[^.。]{0,30}평가",6
증권신고서__메리츠금융지주__20221220000012,메리츠금융지주,증권신고서,문서 전체,1~909,model_validation,모형\s*검증|모델\s*검증|검증\s*(조직|부서|팀|결과|주기)|독립적\s*(인\s*)?검증|적합성\s*검증|사후\s*검증|백\s*테스팅|Back\s*-?\s*testing|Validation,0
증권신고서__메리츠금융지주__20221220000012,메리츠금융지주,증권신고서,문서 전체,1~909,internal_capital,내부\s*자본|자본\s*버퍼|완충\s*자본|목표\s*(비율|수준)|내부\s*목표|자본\s*적정성\s*평가|ICAAP|경제적\s*자본|위험\s*자본,1
증권신고서__메리츠금융지주__20221220000012,메리츠금융지주,증권신고서,문서 전체,1~909,early_warning,조기\s*경보|Early\s*Warning|EWS|위기\s*단계|위기\s*상황\s*(단계|등급|판단)|비상\s*(대응|대책)|위기\s*대응|컨틴전시|Contingency,3
증권신고서__메리츠금융지주__20221220000012,메리츠금융지주,증권신고서,문서 전체,1~909,contagion,"(위험|리스크)[^.。]{0,10}전이|전이\s*(위험|리스크|효과)|전염|교차\s*판매|공동\s*(상품|개발|영업|마케팅)|계열\s*(사)?\s*(판매|거래)\s*비중|평판\s*(리스크|위험)|그룹\s*내\s*(거래|위험)|복합\s*점포|이해\s*상충",10
증권신고서__메리츠금융지주__20221220000012,메리츠금융지주,증권신고서,문서 전체,1~909,related_party,대주주|특수\s*관계|계열\s*(회사|사)?\s*(간|와의)?\s*거래|자회사\s*등?\s*과의\s*거래|내부\s*거래|신용\s*공여,191
증권신고서__메리츠금융지주__20221220000012,메리츠금융지주,증권신고서,문서 전체,1~909,icfr,내부\s*회계|연결\s*내부\s*회계|ICFR,31
증권신고서__메리츠금융지주__20221220000012,메리츠금융지주,증권신고서,문서 전체,1~909,internal_control,내부\s*통제|준법\s*감시|내부\s*감사,54
증권신고서__메리츠금융지주__20221220000012,메리츠금융지주,증권신고서,문서 전체,1~909,holding_plan,"지주\s*회사[^.。]{0,40}(운영|체제|계획|역할|기능|전략)|(경영|운영)\s*계획|자회사\s*(관리|편입)|그룹\s*(통합|시너지)",15
증권신고서__메리츠금융지주__20221205000327,메리츠금융지주,증권신고서,문서 전체,1~925,risk_committee,위험관리\s*위원회|리스크\s*관리\s*위원회|리스크위원회|Risk\s*Management\s*Committee,32
증권신고서__메리츠금융지주__20221205000327,메리츠금융지주,증권신고서,문서 전체,1~925,group_council,(리스크|위험)\s*(관리)?\s*(실무)?\s*(협의회|협의체|심의회)|리스크정책위원회|실무\s*위원회|실무\s*협의회,8
증권신고서__메리츠금융지주__20221205000327,메리츠금융지주,증권신고서,문서 전체,1~925,cro,CRO|위험관리\s*책임자|리스크\s*관리\s*책임자|최고\s*리스크|Chief\s*Risk,11
증권신고서__메리츠금융지주__20221205000327,메리츠금융지주,증권신고서,문서 전체,1~925,raf,위험\s*선호|리스크\s*선호|Risk\s*Appetite|RAF|위험\s*성향|리스크\s*성향|(위험|리스크)\s*한도|허용\s*한도|한도\s*(관리|설정|배분)|(위험)?자본\s*배분|위험\s*자본\s*(한도|배분),18
증권신고서__메리츠금융지주__20221205000327,메리츠금융지주,증권신고서,문서 전체,1~925,measurement,요구\s*자본|내부\s*자본|가용\s*자본|통합\s*(위험|리스크)|VaR|자본\s*적정성|ICAAP|위험\s*자본|경제적\s*자본|Risk\s*Capital|위험\s*측정|리스크\s*측정,46
증권신고서__메리츠금융지주__20221205000327,메리츠금융지주,증권신고서,문서 전체,1~925,reporting,"(리스크|위험)[^.。]{0,40}보고|보고[^.。]{0,20}(리스크|위험)|MIS|모니터링|리스크\s*관리\s*시스템",52
증권신고서__메리츠금융지주__20221205000327,메리츠금융지주,증권신고서,문서 전체,1~925,stress,위기\s*상황\s*분석|스트레스\s*테스트|Stress|위기\s*상황\s*시나리오|비상\s*(조달|자금|계획)|컨틴전시|Contingency|위기\s*관리,8
증권신고서__메리츠금융지주__20221205000327,메리츠금융지주,증권신고서,문서 전체,1~925,oprisk,운영\s*(리스크|위험)|손실\s*사건|손실\s*데이터|BCP|업무\s*연속성|위탁|IT\s*리스크|정보\s*보호|사이버,69
증권신고서__메리츠금융지주__20221205000327,메리츠금융지주,증권신고서,문서 전체,1~925,compensation,"성과\s*보수|이연\s*지급|환수|Clawback|클로백|(리스크|위험)\s*(를|을)?\s*(고려|반영|조정)[^.。]{0,20}(성과|보수|평가)|(성과|보수)[^.。]{0,30}(리스크|위험)\s*(조정|반영|고려)|보수\s*체계|보수\s*정책|리스크\s*조정",24
증권신고서__메리츠금융지주__20221205000327,메리츠금융지주,증권신고서,문서 전체,1~925,org,리스크\s*관리\s*(부|팀|본부|부문|실|총괄|그룹|센터|조직)|위험\s*관리\s*(부|팀|본부|부문|실|조직|전담)|리스크\s*총괄|리스크\s*검증|전담\s*조직|리스크\s*관리\s*인력,15
증권신고서__메리츠금융지주__20221205000327,메리츠금융지주,증권신고서,문서 전체,1~925,subsidiary_control,"사전\s*협의|사전\s*승인|협의\s*사항|승인\s*사항|공문|공식\s*문서|자회사[^.。]{0,30}(평가|지시|요청|통보)|(CRO|위험관리\s*책임자|리스크\s*관리\s*책임자)[^.。]{0,30}평가",6
증권신고서__메리츠금융지주__20221205000327,메리츠금융지주,증권신고서,문서 전체,1~925,model_validation,모형\s*검증|모델\s*검증|검증\s*(조직|부서|팀|결과|주기)|독립적\s*(인\s*)?검증|적합성\s*검증|사후\s*검증|백\s*테스팅|Back\s*-?\s*testing|Validation,0
증권신고서__메리츠금융지주__20221205000327,메리츠금융지주,증권신고서,문서 전체,1~925,internal_capital,내부\s*자본|자본\s*버퍼|완충\s*자본|목표\s*(비율|수준)|내부\s*목표|자본\s*적정성\s*평가|ICAAP|경제적\s*자본|위험\s*자본,1
증권신고서__메리츠금융지주__20221205000327,메리츠금융지주,증권신고서,문서 전체,1~925,early_warning,조기\s*경보|Early\s*Warning|EWS|위기\s*단계|위기\s*상황\s*(단계|등급|판단)|비상\s*(대응|대책)|위기\s*대응|컨틴전시|Contingency,3
증권신고서__메리츠금융지주__20221205000327,메리츠금융지주,증권신고서,문서 전체,1~925,contagion,"(위험|리스크)[^.。]{0,10}전이|전이\s*(위험|리스크|효과)|전염|교차\s*판매|공동\s*(상품|개발|영업|마케팅)|계열\s*(사)?\s*(판매|거래)\s*비중|평판\s*(리스크|위험)|그룹\s*내\s*(거래|위험)|복합\s*점포|이해\s*상충",10
증권신고서__메리츠금융지주__20221205000327,메리츠금융지주,증권신고서,문서 전체,1~925,related_party,대주주|특수\s*관계|계열\s*(회사|사)?\s*(간|와의)?\s*거래|자회사\s*등?\s*과의\s*거래|내부\s*거래|신용\s*공여,206
증권신고서__메리츠금융지주__20221205000327,메리츠금융지주,증권신고서,문서 전체,1~925,icfr,내부\s*회계|연결\s*내부\s*회계|ICFR,31
증권신고서__메리츠금융지주__20221205000327,메리츠금융지주,증권신고서,문서 전체,1~925,internal_control,내부\s*통제|준법\s*감시|내부\s*감사,54
증권신고서__메리츠금융지주__20221205000327,메리츠금융지주,증권신고서,문서 전체,1~925,holding_plan,"지주\s*회사[^.。]{0,40}(운영|체제|계획|역할|기능|전략)|(경영|운영)\s*계획|자회사\s*(관리|편입)|그룹\s*(통합|시너지)",15
증권신고서__메리츠금융지주__20221130001841,메리츠금융지주,증권신고서,문서 전체,1~925,risk_committee,위험관리\s*위원회|리스크\s*관리\s*위원회|리스크위원회|Risk\s*Management\s*Committee,32
증권신고서__메리츠금융지주__20221130001841,메리츠금융지주,증권신고서,문서 전체,1~925,group_council,(리스크|위험)\s*(관리)?\s*(실무)?\s*(협의회|협의체|심의회)|리스크정책위원회|실무\s*위원회|실무\s*협의회,8
증권신고서__메리츠금융지주__20221130001841,메리츠금융지주,증권신고서,문서 전체,1~925,cro,CRO|위험관리\s*책임자|리스크\s*관리\s*책임자|최고\s*리스크|Chief\s*Risk,11
증권신고서__메리츠금융지주__20221130001841,메리츠금융지주,증권신고서,문서 전체,1~925,raf,위험\s*선호|리스크\s*선호|Risk\s*Appetite|RAF|위험\s*성향|리스크\s*성향|(위험|리스크)\s*한도|허용\s*한도|한도\s*(관리|설정|배분)|(위험)?자본\s*배분|위험\s*자본\s*(한도|배분),18
증권신고서__메리츠금융지주__20221130001841,메리츠금융지주,증권신고서,문서 전체,1~925,measurement,요구\s*자본|내부\s*자본|가용\s*자본|통합\s*(위험|리스크)|VaR|자본\s*적정성|ICAAP|위험\s*자본|경제적\s*자본|Risk\s*Capital|위험\s*측정|리스크\s*측정,49
증권신고서__메리츠금융지주__20221130001841,메리츠금융지주,증권신고서,문서 전체,1~925,reporting,"(리스크|위험)[^.。]{0,40}보고|보고[^.。]{0,20}(리스크|위험)|MIS|모니터링|리스크\s*관리\s*시스템",52
증권신고서__메리츠금융지주__20221130001841,메리츠금융지주,증권신고서,문서 전체,1~925,stress,위기\s*상황\s*분석|스트레스\s*테스트|Stress|위기\s*상황\s*시나리오|비상\s*(조달|자금|계획)|컨틴전시|Contingency|위기\s*관리,8
증권신고서__메리츠금융지주__20221130001841,메리츠금융지주,증권신고서,문서 전체,1~925,oprisk,운영\s*(리스크|위험)|손실\s*사건|손실\s*데이터|BCP|업무\s*연속성|위탁|IT\s*리스크|정보\s*보호|사이버,71
증권신고서__메리츠금융지주__20221130001841,메리츠금융지주,증권신고서,문서 전체,1~925,compensation,"성과\s*보수|이연\s*지급|환수|Clawback|클로백|(리스크|위험)\s*(를|을)?\s*(고려|반영|조정)[^.。]{0,20}(성과|보수|평가)|(성과|보수)[^.。]{0,30}(리스크|위험)\s*(조정|반영|고려)|보수\s*체계|보수\s*정책|리스크\s*조정",24
증권신고서__메리츠금융지주__20221130001841,메리츠금융지주,증권신고서,문서 전체,1~925,org,리스크\s*관리\s*(부|팀|본부|부문|실|총괄|그룹|센터|조직)|위험\s*관리\s*(부|팀|본부|부문|실|조직|전담)|리스크\s*총괄|리스크\s*검증|전담\s*조직|리스크\s*관리\s*인력,15
증권신고서__메리츠금융지주__20221130001841,메리츠금융지주,증권신고서,문서 전체,1~925,subsidiary_control,"사전\s*협의|사전\s*승인|협의\s*사항|승인\s*사항|공문|공식\s*문서|자회사[^.。]{0,30}(평가|지시|요청|통보)|(CRO|위험관리\s*책임자|리스크\s*관리\s*책임자)[^.。]{0,30}평가",6
증권신고서__메리츠금융지주__20221130001841,메리츠금융지주,증권신고서,문서 전체,1~925,model_validation,모형\s*검증|모델\s*검증|검증\s*(조직|부서|팀|결과|주기)|독립적\s*(인\s*)?검증|적합성\s*검증|사후\s*검증|백\s*테스팅|Back\s*-?\s*testing|Validation,0
증권신고서__메리츠금융지주__20221130001841,메리츠금융지주,증권신고서,문서 전체,1~925,internal_capital,내부\s*자본|자본\s*버퍼|완충\s*자본|목표\s*(비율|수준)|내부\s*목표|자본\s*적정성\s*평가|ICAAP|경제적\s*자본|위험\s*자본,1
증권신고서__메리츠금융지주__20221130001841,메리츠금융지주,증권신고서,문서 전체,1~925,early_warning,조기\s*경보|Early\s*Warning|EWS|위기\s*단계|위기\s*상황\s*(단계|등급|판단)|비상\s*(대응|대책)|위기\s*대응|컨틴전시|Contingency,3
증권신고서__메리츠금융지주__20221130001841,메리츠금융지주,증권신고서,문서 전체,1~925,contagion,"(위험|리스크)[^.。]{0,10}전이|전이\s*(위험|리스크|효과)|전염|교차\s*판매|공동\s*(상품|개발|영업|마케팅)|계열\s*(사)?\s*(판매|거래)\s*비중|평판\s*(리스크|위험)|그룹\s*내\s*(거래|위험)|복합\s*점포|이해\s*상충",11
증권신고서__메리츠금융지주__20221130001841,메리츠금융지주,증권신고서,문서 전체,1~925,related_party,대주주|특수\s*관계|계열\s*(회사|사)?\s*(간|와의)?\s*거래|자회사\s*등?\s*과의\s*거래|내부\s*거래|신용\s*공여,194
증권신고서__메리츠금융지주__20221130001841,메리츠금융지주,증권신고서,문서 전체,1~925,icfr,내부\s*회계|연결\s*내부\s*회계|ICFR,31
증권신고서__메리츠금융지주__20221130001841,메리츠금융지주,증권신고서,문서 전체,1~925,internal_control,내부\s*통제|준법\s*감시|내부\s*감사,55
증권신고서__메리츠금융지주__20221130001841,메리츠금융지주,증권신고서,문서 전체,1~925,holding_plan,"지주\s*회사[^.。]{0,40}(운영|체제|계획|역할|기능|전략)|(경영|운영)\s*계획|자회사\s*(관리|편입)|그룹\s*(통합|시너지)",19
증권신고서__메리츠금융지주__20221121000209,메리츠금융지주,증권신고서,문서 전체,1~900,risk_committee,위험관리\s*위원회|리스크\s*관리\s*위원회|리스크위원회|Risk\s*Management\s*Committee,32
증권신고서__메리츠금융지주__20221121000209,메리츠금융지주,증권신고서,문서 전체,1~900,group_council,(리스크|위험)\s*(관리)?\s*(실무)?\s*(협의회|협의체|심의회)|리스크정책위원회|실무\s*위원회|실무\s*협의회,8
증권신고서__메리츠금융지주__20221121000209,메리츠금융지주,증권신고서,문서 전체,1~900,cro,CRO|위험관리\s*책임자|리스크\s*관리\s*책임자|최고\s*리스크|Chief\s*Risk,11
증권신고서__메리츠금융지주__20221121000209,메리츠금융지주,증권신고서,문서 전체,1~900,raf,위험\s*선호|리스크\s*선호|Risk\s*Appetite|RAF|위험\s*성향|리스크\s*성향|(위험|리스크)\s*한도|허용\s*한도|한도\s*(관리|설정|배분)|(위험)?자본\s*배분|위험\s*자본\s*(한도|배분),18
증권신고서__메리츠금융지주__20221121000209,메리츠금융지주,증권신고서,문서 전체,1~900,measurement,요구\s*자본|내부\s*자본|가용\s*자본|통합\s*(위험|리스크)|VaR|자본\s*적정성|ICAAP|위험\s*자본|경제적\s*자본|Risk\s*Capital|위험\s*측정|리스크\s*측정,46
증권신고서__메리츠금융지주__20221121000209,메리츠금융지주,증권신고서,문서 전체,1~900,reporting,"(리스크|위험)[^.。]{0,40}보고|보고[^.。]{0,20}(리스크|위험)|MIS|모니터링|리스크\s*관리\s*시스템",52
증권신고서__메리츠금융지주__20221121000209,메리츠금융지주,증권신고서,문서 전체,1~900,stress,위기\s*상황\s*분석|스트레스\s*테스트|Stress|위기\s*상황\s*시나리오|비상\s*(조달|자금|계획)|컨틴전시|Contingency|위기\s*관리,8
증권신고서__메리츠금융지주__20221121000209,메리츠금융지주,증권신고서,문서 전체,1~900,oprisk,운영\s*(리스크|위험)|손실\s*사건|손실\s*데이터|BCP|업무\s*연속성|위탁|IT\s*리스크|정보\s*보호|사이버,67
증권신고서__메리츠금융지주__20221121000209,메리츠금융지주,증권신고서,문서 전체,1~900,compensation,"성과\s*보수|이연\s*지급|환수|Clawback|클로백|(리스크|위험)\s*(를|을)?\s*(고려|반영|조정)[^.。]{0,20}(성과|보수|평가)|(성과|보수)[^.。]{0,30}(리스크|위험)\s*(조정|반영|고려)|보수\s*체계|보수\s*정책|리스크\s*조정",24
증권신고서__메리츠금융지주__20221121000209,메리츠금융지주,증권신고서,문서 전체,1~900,org,리스크\s*관리\s*(부|팀|본부|부문|실|총괄|그룹|센터|조직)|위험\s*관리\s*(부|팀|본부|부문|실|조직|전담)|리스크\s*총괄|리스크\s*검증|전담\s*조직|리스크\s*관리\s*인력,15
증권신고서__메리츠금융지주__20221121000209,메리츠금융지주,증권신고서,문서 전체,1~900,subsidiary_control,"사전\s*협의|사전\s*승인|협의\s*사항|승인\s*사항|공문|공식\s*문서|자회사[^.。]{0,30}(평가|지시|요청|통보)|(CRO|위험관리\s*책임자|리스크\s*관리\s*책임자)[^.。]{0,30}평가",6
증권신고서__메리츠금융지주__20221121000209,메리츠금융지주,증권신고서,문서 전체,1~900,model_validation,모형\s*검증|모델\s*검증|검증\s*(조직|부서|팀|결과|주기)|독립적\s*(인\s*)?검증|적합성\s*검증|사후\s*검증|백\s*테스팅|Back\s*-?\s*testing|Validation,0
증권신고서__메리츠금융지주__20221121000209,메리츠금융지주,증권신고서,문서 전체,1~900,internal_capital,내부\s*자본|자본\s*버퍼|완충\s*자본|목표\s*(비율|수준)|내부\s*목표|자본\s*적정성\s*평가|ICAAP|경제적\s*자본|위험\s*자본,1
증권신고서__메리츠금융지주__20221121000209,메리츠금융지주,증권신고서,문서 전체,1~900,early_warning,조기\s*경보|Early\s*Warning|EWS|위기\s*단계|위기\s*상황\s*(단계|등급|판단)|비상\s*(대응|대책)|위기\s*대응|컨틴전시|Contingency,3
증권신고서__메리츠금융지주__20221121000209,메리츠금융지주,증권신고서,문서 전체,1~900,contagion,"(위험|리스크)[^.。]{0,10}전이|전이\s*(위험|리스크|효과)|전염|교차\s*판매|공동\s*(상품|개발|영업|마케팅)|계열\s*(사)?\s*(판매|거래)\s*비중|평판\s*(리스크|위험)|그룹\s*내\s*(거래|위험)|복합\s*점포|이해\s*상충",9
증권신고서__메리츠금융지주__20221121000209,메리츠금융지주,증권신고서,문서 전체,1~900,related_party,대주주|특수\s*관계|계열\s*(회사|사)?\s*(간|와의)?\s*거래|자회사\s*등?\s*과의\s*거래|내부\s*거래|신용\s*공여,187
증권신고서__메리츠금융지주__20221121000209,메리츠금융지주,증권신고서,문서 전체,1~900,icfr,내부\s*회계|연결\s*내부\s*회계|ICFR,30
증권신고서__메리츠금융지주__20221121000209,메리츠금융지주,증권신고서,문서 전체,1~900,internal_control,내부\s*통제|준법\s*감시|내부\s*감사,55
증권신고서__메리츠금융지주__20221121000209,메리츠금융지주,증권신고서,문서 전체,1~900,holding_plan,"지주\s*회사[^.。]{0,40}(운영|체제|계획|역할|기능|전략)|(경영|운영)\s*계획|자회사\s*(관리|편입)|그룹\s*(통합|시너지)",11
증권신고서__메리츠금융지주__20101210000020,메리츠금융지주,증권신고서,문서 전체,1~107,risk_committee,위험관리\s*위원회|리스크\s*관리\s*위원회|리스크위원회|Risk\s*Management\s*Committee,7
증권신고서__메리츠금융지주__20101210000020,메리츠금융지주,증권신고서,문서 전체,1~107,group_council,(리스크|위험)\s*(관리)?\s*(실무)?\s*(협의회|협의체|심의회)|리스크정책위원회|실무\s*위원회|실무\s*협의회,0
증권신고서__메리츠금융지주__20101210000020,메리츠금융지주,증권신고서,문서 전체,1~107,cro,CRO|위험관리\s*책임자|리스크\s*관리\s*책임자|최고\s*리스크|Chief\s*Risk,0
증권신고서__메리츠금융지주__20101210000020,메리츠금융지주,증권신고서,문서 전체,1~107,raf,위험\s*선호|리스크\s*선호|Risk\s*Appetite|RAF|위험\s*성향|리스크\s*성향|(위험|리스크)\s*한도|허용\s*한도|한도\s*(관리|설정|배분)|(위험)?자본\s*배분|위험\s*자본\s*(한도|배분),2
증권신고서__메리츠금융지주__20101210000020,메리츠금융지주,증권신고서,문서 전체,1~107,measurement,요구\s*자본|내부\s*자본|가용\s*자본|통합\s*(위험|리스크)|VaR|자본\s*적정성|ICAAP|위험\s*자본|경제적\s*자본|Risk\s*Capital|위험\s*측정|리스크\s*측정,0
증권신고서__메리츠금융지주__20101210000020,메리츠금융지주,증권신고서,문서 전체,1~107,reporting,"(리스크|위험)[^.。]{0,40}보고|보고[^.。]{0,20}(리스크|위험)|MIS|모니터링|리스크\s*관리\s*시스템",2
증권신고서__메리츠금융지주__20101210000020,메리츠금융지주,증권신고서,문서 전체,1~107,stress,위기\s*상황\s*분석|스트레스\s*테스트|Stress|위기\s*상황\s*시나리오|비상\s*(조달|자금|계획)|컨틴전시|Contingency|위기\s*관리,1
증권신고서__메리츠금융지주__20101210000020,메리츠금융지주,증권신고서,문서 전체,1~107,oprisk,운영\s*(리스크|위험)|손실\s*사건|손실\s*데이터|BCP|업무\s*연속성|위탁|IT\s*리스크|정보\s*보호|사이버,2
증권신고서__메리츠금융지주__20101210000020,메리츠금융지주,증권신고서,문서 전체,1~107,compensation,"성과\s*보수|이연\s*지급|환수|Clawback|클로백|(리스크|위험)\s*(를|을)?\s*(고려|반영|조정)[^.。]{0,20}(성과|보수|평가)|(성과|보수)[^.。]{0,30}(리스크|위험)\s*(조정|반영|고려)|보수\s*체계|보수\s*정책|리스크\s*조정",0
증권신고서__메리츠금융지주__20101210000020,메리츠금융지주,증권신고서,문서 전체,1~107,org,리스크\s*관리\s*(부|팀|본부|부문|실|총괄|그룹|센터|조직)|위험\s*관리\s*(부|팀|본부|부문|실|조직|전담)|리스크\s*총괄|리스크\s*검증|전담\s*조직|리스크\s*관리\s*인력,1
증권신고서__메리츠금융지주__20101210000020,메리츠금융지주,증권신고서,문서 전체,1~107,subsidiary_control,"사전\s*협의|사전\s*승인|협의\s*사항|승인\s*사항|공문|공식\s*문서|자회사[^.。]{0,30}(평가|지시|요청|통보)|(CRO|위험관리\s*책임자|리스크\s*관리\s*책임자)[^.。]{0,30}평가",5
증권신고서__메리츠금융지주__20101210000020,메리츠금융지주,증권신고서,문서 전체,1~107,model_validation,모형\s*검증|모델\s*검증|검증\s*(조직|부서|팀|결과|주기)|독립적\s*(인\s*)?검증|적합성\s*검증|사후\s*검증|백\s*테스팅|Back\s*-?\s*testing|Validation,0
증권신고서__메리츠금융지주__20101210000020,메리츠금융지주,증권신고서,문서 전체,1~107,internal_capital,내부\s*자본|자본\s*버퍼|완충\s*자본|목표\s*(비율|수준)|내부\s*목표|자본\s*적정성\s*평가|ICAAP|경제적\s*자본|위험\s*자본,0
증권신고서__메리츠금융지주__20101210000020,메리츠금융지주,증권신고서,문서 전체,1~107,early_warning,조기\s*경보|Early\s*Warning|EWS|위기\s*단계|위기\s*상황\s*(단계|등급|판단)|비상\s*(대응|대책)|위기\s*대응|컨틴전시|Contingency,0
증권신고서__메리츠금융지주__20101210000020,메리츠금융지주,증권신고서,문서 전체,1~107,contagion,"(위험|리스크)[^.。]{0,10}전이|전이\s*(위험|리스크|효과)|전염|교차\s*판매|공동\s*(상품|개발|영업|마케팅)|계열\s*(사)?\s*(판매|거래)\s*비중|평판\s*(리스크|위험)|그룹\s*내\s*(거래|위험)|복합\s*점포|이해\s*상충",1
증권신고서__메리츠금융지주__20101210000020,메리츠금융지주,증권신고서,문서 전체,1~107,related_party,대주주|특수\s*관계|계열\s*(회사|사)?\s*(간|와의)?\s*거래|자회사\s*등?\s*과의\s*거래|내부\s*거래|신용\s*공여,27
증권신고서__메리츠금융지주__20101210000020,메리츠금융지주,증권신고서,문서 전체,1~107,icfr,내부\s*회계|연결\s*내부\s*회계|ICFR,5
증권신고서__메리츠금융지주__20101210000020,메리츠금융지주,증권신고서,문서 전체,1~107,internal_control,내부\s*통제|준법\s*감시|내부\s*감사,10
증권신고서__메리츠금융지주__20101210000020,메리츠금융지주,증권신고서,문서 전체,1~107,holding_plan,"지주\s*회사[^.。]{0,40}(운영|체제|계획|역할|기능|전략)|(경영|운영)\s*계획|자회사\s*(관리|편입)|그룹\s*(통합|시너지)",12
증권신고서__우리금융지주__20181108000394,우리금융지주,증권신고서,문서 전체,1~1002,risk_committee,위험관리\s*위원회|리스크\s*관리\s*위원회|리스크위원회|Risk\s*Management\s*Committee,15
증권신고서__우리금융지주__20181108000394,우리금융지주,증권신고서,문서 전체,1~1002,group_council,(리스크|위험)\s*(관리)?\s*(실무)?\s*(협의회|협의체|심의회)|리스크정책위원회|실무\s*위원회|실무\s*협의회,5
증권신고서__우리금융지주__20181108000394,우리금융지주,증권신고서,문서 전체,1~1002,cro,CRO|위험관리\s*책임자|리스크\s*관리\s*책임자|최고\s*리스크|Chief\s*Risk,10
증권신고서__우리금융지주__20181108000394,우리금융지주,증권신고서,문서 전체,1~1002,raf,위험\s*선호|리스크\s*선호|Risk\s*Appetite|RAF|위험\s*성향|리스크\s*성향|(위험|리스크)\s*한도|허용\s*한도|한도\s*(관리|설정|배분)|(위험)?자본\s*배분|위험\s*자본\s*(한도|배분),14
증권신고서__우리금융지주__20181108000394,우리금융지주,증권신고서,문서 전체,1~1002,measurement,요구\s*자본|내부\s*자본|가용\s*자본|통합\s*(위험|리스크)|VaR|자본\s*적정성|ICAAP|위험\s*자본|경제적\s*자본|Risk\s*Capital|위험\s*측정|리스크\s*측정,64
증권신고서__우리금융지주__20181108000394,우리금융지주,증권신고서,문서 전체,1~1002,reporting,"(리스크|위험)[^.。]{0,40}보고|보고[^.。]{0,20}(리스크|위험)|MIS|모니터링|리스크\s*관리\s*시스템",74
증권신고서__우리금융지주__20181108000394,우리금융지주,증권신고서,문서 전체,1~1002,stress,위기\s*상황\s*분석|스트레스\s*테스트|Stress|위기\s*상황\s*시나리오|비상\s*(조달|자금|계획)|컨틴전시|Contingency|위기\s*관리,2
증권신고서__우리금융지주__20181108000394,우리금융지주,증권신고서,문서 전체,1~1002,oprisk,운영\s*(리스크|위험)|손실\s*사건|손실\s*데이터|BCP|업무\s*연속성|위탁|IT\s*리스크|정보\s*보호|사이버,114
증권신고서__우리금융지주__20181108000394,우리금융지주,증권신고서,문서 전체,1~1002,compensation,"성과\s*보수|이연\s*지급|환수|Clawback|클로백|(리스크|위험)\s*(를|을)?\s*(고려|반영|조정)[^.。]{0,20}(성과|보수|평가)|(성과|보수)[^.。]{0,30}(리스크|위험)\s*(조정|반영|고려)|보수\s*체계|보수\s*정책|리스크\s*조정",9
증권신고서__우리금융지주__20181108000394,우리금융지주,증권신고서,문서 전체,1~1002,org,리스크\s*관리\s*(부|팀|본부|부문|실|총괄|그룹|센터|조직)|위험\s*관리\s*(부|팀|본부|부문|실|조직|전담)|리스크\s*총괄|리스크\s*검증|전담\s*조직|리스크\s*관리\s*인력,15
증권신고서__우리금융지주__20181108000394,우리금융지주,증권신고서,문서 전체,1~1002,subsidiary_control,"사전\s*협의|사전\s*승인|협의\s*사항|승인\s*사항|공문|공식\s*문서|자회사[^.。]{0,30}(평가|지시|요청|통보)|(CRO|위험관리\s*책임자|리스크\s*관리\s*책임자)[^.。]{0,30}평가",15
증권신고서__우리금융지주__20181108000394,우리금융지주,증권신고서,문서 전체,1~1002,model_validation,모형\s*검증|모델\s*검증|검증\s*(조직|부서|팀|결과|주기)|독립적\s*(인\s*)?검증|적합성\s*검증|사후\s*검증|백\s*테스팅|Back\s*-?\s*testing|Validation,3
증권신고서__우리금융지주__20181108000394,우리금융지주,증권신고서,문서 전체,1~1002,internal_capital,내부\s*자본|자본\s*버퍼|완충\s*자본|목표\s*(비율|수준)|내부\s*목표|자본\s*적정성\s*평가|ICAAP|경제적\s*자본|위험\s*자본,19
증권신고서__우리금융지주__20181108000394,우리금융지주,증권신고서,문서 전체,1~1002,early_warning,조기\s*경보|Early\s*Warning|EWS|위기\s*단계|위기\s*상황\s*(단계|등급|판단)|비상\s*(대응|대책)|위기\s*대응|컨틴전시|Contingency,2
증권신고서__우리금융지주__20181108000394,우리금융지주,증권신고서,문서 전체,1~1002,contagion,"(위험|리스크)[^.。]{0,10}전이|전이\s*(위험|리스크|효과)|전염|교차\s*판매|공동\s*(상품|개발|영업|마케팅)|계열\s*(사)?\s*(판매|거래)\s*비중|평판\s*(리스크|위험)|그룹\s*내\s*(거래|위험)|복합\s*점포|이해\s*상충",8
증권신고서__우리금융지주__20181108000394,우리금융지주,증권신고서,문서 전체,1~1002,related_party,대주주|특수\s*관계|계열\s*(회사|사)?\s*(간|와의)?\s*거래|자회사\s*등?\s*과의\s*거래|내부\s*거래|신용\s*공여,219
증권신고서__우리금융지주__20181108000394,우리금융지주,증권신고서,문서 전체,1~1002,icfr,내부\s*회계|연결\s*내부\s*회계|ICFR,51
증권신고서__우리금융지주__20181108000394,우리금융지주,증권신고서,문서 전체,1~1002,internal_control,내부\s*통제|준법\s*감시|내부\s*감사,46
증권신고서__우리금융지주__20181108000394,우리금융지주,증권신고서,문서 전체,1~1002,holding_plan,"지주\s*회사[^.。]{0,40}(운영|체제|계획|역할|기능|전략)|(경영|운영)\s*계획|자회사\s*(관리|편입)|그룹\s*(통합|시너지)",25
경영공시__KB금융지주,KB금융지주,경영공시,문서 전체,1~204,risk_committee,위험관리\s*위원회|리스크\s*관리\s*위원회|리스크위원회|Risk\s*Management\s*Committee,1
경영공시__KB금융지주,KB금융지주,경영공시,문서 전체,1~204,group_council,(리스크|위험)\s*(관리)?\s*(실무)?\s*(협의회|협의체|심의회)|리스크정책위원회|실무\s*위원회|실무\s*협의회,0
경영공시__KB금융지주,KB금융지주,경영공시,문서 전체,1~204,cro,CRO|위험관리\s*책임자|리스크\s*관리\s*책임자|최고\s*리스크|Chief\s*Risk,0
경영공시__KB금융지주,KB금융지주,경영공시,문서 전체,1~204,raf,위험\s*선호|리스크\s*선호|Risk\s*Appetite|RAF|위험\s*성향|리스크\s*성향|(위험|리스크)\s*한도|허용\s*한도|한도\s*(관리|설정|배분)|(위험)?자본\s*배분|위험\s*자본\s*(한도|배분),1
경영공시__KB금융지주,KB금융지주,경영공시,문서 전체,1~204,measurement,요구\s*자본|내부\s*자본|가용\s*자본|통합\s*(위험|리스크)|VaR|자본\s*적정성|ICAAP|위험\s*자본|경제적\s*자본|Risk\s*Capital|위험\s*측정|리스크\s*측정,15
경영공시__KB금융지주,KB금융지주,경영공시,문서 전체,1~204,reporting,"(리스크|위험)[^.。]{0,40}보고|보고[^.。]{0,20}(리스크|위험)|MIS|모니터링|리스크\s*관리\s*시스템",6
경영공시__KB금융지주,KB금융지주,경영공시,문서 전체,1~204,stress,위기\s*상황\s*분석|스트레스\s*테스트|Stress|위기\s*상황\s*시나리오|비상\s*(조달|자금|계획)|컨틴전시|Contingency|위기\s*관리,0
경영공시__KB금융지주,KB금융지주,경영공시,문서 전체,1~204,oprisk,운영\s*(리스크|위험)|손실\s*사건|손실\s*데이터|BCP|업무\s*연속성|위탁|IT\s*리스크|정보\s*보호|사이버,5
경영공시__KB금융지주,KB금융지주,경영공시,문서 전체,1~204,compensation,"성과\s*보수|이연\s*지급|환수|Clawback|클로백|(리스크|위험)\s*(를|을)?\s*(고려|반영|조정)[^.。]{0,20}(성과|보수|평가)|(성과|보수)[^.。]{0,30}(리스크|위험)\s*(조정|반영|고려)|보수\s*체계|보수\s*정책|리스크\s*조정",26
경영공시__KB금융지주,KB금융지주,경영공시,문서 전체,1~204,org,리스크\s*관리\s*(부|팀|본부|부문|실|총괄|그룹|센터|조직)|위험\s*관리\s*(부|팀|본부|부문|실|조직|전담)|리스크\s*총괄|리스크\s*검증|전담\s*조직|리스크\s*관리\s*인력,3
경영공시__KB금융지주,KB금융지주,경영공시,문서 전체,1~204,subsidiary_control,"사전\s*협의|사전\s*승인|협의\s*사항|승인\s*사항|공문|공식\s*문서|자회사[^.。]{0,30}(평가|지시|요청|통보)|(CRO|위험관리\s*책임자|리스크\s*관리\s*책임자)[^.。]{0,30}평가",2
경영공시__KB금융지주,KB금융지주,경영공시,문서 전체,1~204,model_validation,모형\s*검증|모델\s*검증|검증\s*(조직|부서|팀|결과|주기)|독립적\s*(인\s*)?검증|적합성\s*검증|사후\s*검증|백\s*테스팅|Back\s*-?\s*testing|Validation,3
경영공시__KB금융지주,KB금융지주,경영공시,문서 전체,1~204,internal_capital,내부\s*자본|자본\s*버퍼|완충\s*자본|목표\s*(비율|수준)|내부\s*목표|자본\s*적정성\s*평가|ICAAP|경제적\s*자본|위험\s*자본,5
경영공시__KB금융지주,KB금융지주,경영공시,문서 전체,1~204,early_warning,조기\s*경보|Early\s*Warning|EWS|위기\s*단계|위기\s*상황\s*(단계|등급|판단)|비상\s*(대응|대책)|위기\s*대응|컨틴전시|Contingency,0
경영공시__KB금융지주,KB금융지주,경영공시,문서 전체,1~204,contagion,"(위험|리스크)[^.。]{0,10}전이|전이\s*(위험|리스크|효과)|전염|교차\s*판매|공동\s*(상품|개발|영업|마케팅)|계열\s*(사)?\s*(판매|거래)\s*비중|평판\s*(리스크|위험)|그룹\s*내\s*(거래|위험)|복합\s*점포|이해\s*상충",2
경영공시__KB금융지주,KB금융지주,경영공시,문서 전체,1~204,related_party,대주주|특수\s*관계|계열\s*(회사|사)?\s*(간|와의)?\s*거래|자회사\s*등?\s*과의\s*거래|내부\s*거래|신용\s*공여,6
경영공시__KB금융지주,KB금융지주,경영공시,문서 전체,1~204,icfr,내부\s*회계|연결\s*내부\s*회계|ICFR,0
경영공시__KB금융지주,KB금융지주,경영공시,문서 전체,1~204,internal_control,내부\s*통제|준법\s*감시|내부\s*감사,1
경영공시__KB금융지주,KB금융지주,경영공시,문서 전체,1~204,holding_plan,"지주\s*회사[^.。]{0,40}(운영|체제|계획|역할|기능|전략)|(경영|운영)\s*계획|자회사\s*(관리|편입)|그룹\s*(통합|시너지)",0
경영공시__신한금융지주,신한금융지주,경영공시,문서 전체,1~145,risk_committee,위험관리\s*위원회|리스크\s*관리\s*위원회|리스크위원회|Risk\s*Management\s*Committee,12
경영공시__신한금융지주,신한금융지주,경영공시,문서 전체,1~145,group_council,(리스크|위험)\s*(관리)?\s*(실무)?\s*(협의회|협의체|심의회)|리스크정책위원회|실무\s*위원회|실무\s*협의회,6
경영공시__신한금융지주,신한금융지주,경영공시,문서 전체,1~145,cro,CRO|위험관리\s*책임자|리스크\s*관리\s*책임자|최고\s*리스크|Chief\s*Risk,2
경영공시__신한금융지주,신한금융지주,경영공시,문서 전체,1~145,raf,위험\s*선호|리스크\s*선호|Risk\s*Appetite|RAF|위험\s*성향|리스크\s*성향|(위험|리스크)\s*한도|허용\s*한도|한도\s*(관리|설정|배분)|(위험)?자본\s*배분|위험\s*자본\s*(한도|배분),9
경영공시__신한금융지주,신한금융지주,경영공시,문서 전체,1~145,measurement,요구\s*자본|내부\s*자본|가용\s*자본|통합\s*(위험|리스크)|VaR|자본\s*적정성|ICAAP|위험\s*자본|경제적\s*자본|Risk\s*Capital|위험\s*측정|리스크\s*측정,15
경영공시__신한금융지주,신한금융지주,경영공시,문서 전체,1~145,reporting,"(리스크|위험)[^.。]{0,40}보고|보고[^.。]{0,20}(리스크|위험)|MIS|모니터링|리스크\s*관리\s*시스템",22
경영공시__신한금융지주,신한금융지주,경영공시,문서 전체,1~145,stress,위기\s*상황\s*분석|스트레스\s*테스트|Stress|위기\s*상황\s*시나리오|비상\s*(조달|자금|계획)|컨틴전시|Contingency|위기\s*관리,9
경영공시__신한금융지주,신한금융지주,경영공시,문서 전체,1~145,oprisk,운영\s*(리스크|위험)|손실\s*사건|손실\s*데이터|BCP|업무\s*연속성|위탁|IT\s*리스크|정보\s*보호|사이버,7
경영공시__신한금융지주,신한금융지주,경영공시,문서 전체,1~145,compensation,"성과\s*보수|이연\s*지급|환수|Clawback|클로백|(리스크|위험)\s*(를|을)?\s*(고려|반영|조정)[^.。]{0,20}(성과|보수|평가)|(성과|보수)[^.。]{0,30}(리스크|위험)\s*(조정|반영|고려)|보수\s*체계|보수\s*정책|리스크\s*조정",8
경영공시__신한금융지주,신한금융지주,경영공시,문서 전체,1~145,org,리스크\s*관리\s*(부|팀|본부|부문|실|총괄|그룹|센터|조직)|위험\s*관리\s*(부|팀|본부|부문|실|조직|전담)|리스크\s*총괄|리스크\s*검증|전담\s*조직|리스크\s*관리\s*인력,6
경영공시__신한금융지주,신한금융지주,경영공시,문서 전체,1~145,subsidiary_control,"사전\s*협의|사전\s*승인|협의\s*사항|승인\s*사항|공문|공식\s*문서|자회사[^.。]{0,30}(평가|지시|요청|통보)|(CRO|위험관리\s*책임자|리스크\s*관리\s*책임자)[^.。]{0,30}평가",2
경영공시__신한금융지주,신한금융지주,경영공시,문서 전체,1~145,model_validation,모형\s*검증|모델\s*검증|검증\s*(조직|부서|팀|결과|주기)|독립적\s*(인\s*)?검증|적합성\s*검증|사후\s*검증|백\s*테스팅|Back\s*-?\s*testing|Validation,6
경영공시__신한금융지주,신한금융지주,경영공시,문서 전체,1~145,internal_capital,내부\s*자본|자본\s*버퍼|완충\s*자본|목표\s*(비율|수준)|내부\s*목표|자본\s*적정성\s*평가|ICAAP|경제적\s*자본|위험\s*자본,7
경영공시__신한금융지주,신한금융지주,경영공시,문서 전체,1~145,early_warning,조기\s*경보|Early\s*Warning|EWS|위기\s*단계|위기\s*상황\s*(단계|등급|판단)|비상\s*(대응|대책)|위기\s*대응|컨틴전시|Contingency,2
경영공시__신한금융지주,신한금융지주,경영공시,문서 전체,1~145,contagion,"(위험|리스크)[^.。]{0,10}전이|전이\s*(위험|리스크|효과)|전염|교차\s*판매|공동\s*(상품|개발|영업|마케팅)|계열\s*(사)?\s*(판매|거래)\s*비중|평판\s*(리스크|위험)|그룹\s*내\s*(거래|위험)|복합\s*점포|이해\s*상충",1
경영공시__신한금융지주,신한금융지주,경영공시,문서 전체,1~145,related_party,대주주|특수\s*관계|계열\s*(회사|사)?\s*(간|와의)?\s*거래|자회사\s*등?\s*과의\s*거래|내부\s*거래|신용\s*공여,7
경영공시__신한금융지주,신한금융지주,경영공시,문서 전체,1~145,icfr,내부\s*회계|연결\s*내부\s*회계|ICFR,0
경영공시__신한금융지주,신한금융지주,경영공시,문서 전체,1~145,internal_control,내부\s*통제|준법\s*감시|내부\s*감사,0
경영공시__신한금융지주,신한금융지주,경영공시,문서 전체,1~145,holding_plan,"지주\s*회사[^.。]{0,40}(운영|체제|계획|역할|기능|전략)|(경영|운영)\s*계획|자회사\s*(관리|편입)|그룹\s*(통합|시너지)",0
경영공시__하나금융지주,하나금융지주,경영공시,문서 전체,1~137,risk_committee,위험관리\s*위원회|리스크\s*관리\s*위원회|리스크위원회|Risk\s*Management\s*Committee,3
경영공시__하나금융지주,하나금융지주,경영공시,문서 전체,1~137,group_council,(리스크|위험)\s*(관리)?\s*(실무)?\s*(협의회|협의체|심의회)|리스크정책위원회|실무\s*위원회|실무\s*협의회,0
경영공시__하나금융지주,하나금융지주,경영공시,문서 전체,1~137,cro,CRO|위험관리\s*책임자|리스크\s*관리\s*책임자|최고\s*리스크|Chief\s*Risk,0
경영공시__하나금융지주,하나금융지주,경영공시,문서 전체,1~137,raf,위험\s*선호|리스크\s*선호|Risk\s*Appetite|RAF|위험\s*성향|리스크\s*성향|(위험|리스크)\s*한도|허용\s*한도|한도\s*(관리|설정|배분)|(위험)?자본\s*배분|위험\s*자본\s*(한도|배분),3
경영공시__하나금융지주,하나금융지주,경영공시,문서 전체,1~137,measurement,요구\s*자본|내부\s*자본|가용\s*자본|통합\s*(위험|리스크)|VaR|자본\s*적정성|ICAAP|위험\s*자본|경제적\s*자본|Risk\s*Capital|위험\s*측정|리스크\s*측정,13
경영공시__하나금융지주,하나금융지주,경영공시,문서 전체,1~137,reporting,"(리스크|위험)[^.。]{0,40}보고|보고[^.。]{0,20}(리스크|위험)|MIS|모니터링|리스크\s*관리\s*시스템",14
경영공시__하나금융지주,하나금융지주,경영공시,문서 전체,1~137,stress,위기\s*상황\s*분석|스트레스\s*테스트|Stress|위기\s*상황\s*시나리오|비상\s*(조달|자금|계획)|컨틴전시|Contingency|위기\s*관리,1
경영공시__하나금융지주,하나금융지주,경영공시,문서 전체,1~137,oprisk,운영\s*(리스크|위험)|손실\s*사건|손실\s*데이터|BCP|업무\s*연속성|위탁|IT\s*리스크|정보\s*보호|사이버,6
경영공시__하나금융지주,하나금융지주,경영공시,문서 전체,1~137,compensation,"성과\s*보수|이연\s*지급|환수|Clawback|클로백|(리스크|위험)\s*(를|을)?\s*(고려|반영|조정)[^.。]{0,20}(성과|보수|평가)|(성과|보수)[^.。]{0,30}(리스크|위험)\s*(조정|반영|고려)|보수\s*체계|보수\s*정책|리스크\s*조정",2
경영공시__하나금융지주,하나금융지주,경영공시,문서 전체,1~137,org,리스크\s*관리\s*(부|팀|본부|부문|실|총괄|그룹|센터|조직)|위험\s*관리\s*(부|팀|본부|부문|실|조직|전담)|리스크\s*총괄|리스크\s*검증|전담\s*조직|리스크\s*관리\s*인력,3
경영공시__하나금융지주,하나금융지주,경영공시,문서 전체,1~137,subsidiary_control,"사전\s*협의|사전\s*승인|협의\s*사항|승인\s*사항|공문|공식\s*문서|자회사[^.。]{0,30}(평가|지시|요청|통보)|(CRO|위험관리\s*책임자|리스크\s*관리\s*책임자)[^.。]{0,30}평가",1
경영공시__하나금융지주,하나금융지주,경영공시,문서 전체,1~137,model_validation,모형\s*검증|모델\s*검증|검증\s*(조직|부서|팀|결과|주기)|독립적\s*(인\s*)?검증|적합성\s*검증|사후\s*검증|백\s*테스팅|Back\s*-?\s*testing|Validation,3
경영공시__하나금융지주,하나금융지주,경영공시,문서 전체,1~137,internal_capital,내부\s*자본|자본\s*버퍼|완충\s*자본|목표\s*(비율|수준)|내부\s*목표|자본\s*적정성\s*평가|ICAAP|경제적\s*자본|위험\s*자본,6
경영공시__하나금융지주,하나금융지주,경영공시,문서 전체,1~137,early_warning,조기\s*경보|Early\s*Warning|EWS|위기\s*단계|위기\s*상황\s*(단계|등급|판단)|비상\s*(대응|대책)|위기\s*대응|컨틴전시|Contingency,0
경영공시__하나금융지주,하나금융지주,경영공시,문서 전체,1~137,contagion,"(위험|리스크)[^.。]{0,10}전이|전이\s*(위험|리스크|효과)|전염|교차\s*판매|공동\s*(상품|개발|영업|마케팅)|계열\s*(사)?\s*(판매|거래)\s*비중|평판\s*(리스크|위험)|그룹\s*내\s*(거래|위험)|복합\s*점포|이해\s*상충",2
경영공시__하나금융지주,하나금융지주,경영공시,문서 전체,1~137,related_party,대주주|특수\s*관계|계열\s*(회사|사)?\s*(간|와의)?\s*거래|자회사\s*등?\s*과의\s*거래|내부\s*거래|신용\s*공여,7
경영공시__하나금융지주,하나금융지주,경영공시,문서 전체,1~137,icfr,내부\s*회계|연결\s*내부\s*회계|ICFR,0
경영공시__하나금융지주,하나금융지주,경영공시,문서 전체,1~137,internal_control,내부\s*통제|준법\s*감시|내부\s*감사,1
경영공시__하나금융지주,하나금융지주,경영공시,문서 전체,1~137,holding_plan,"지주\s*회사[^.。]{0,40}(운영|체제|계획|역할|기능|전략)|(경영|운영)\s*계획|자회사\s*(관리|편입)|그룹\s*(통합|시너지)",1
경영공시__우리금융지주,우리금융지주,경영공시,문서 전체,1~132,risk_committee,위험관리\s*위원회|리스크\s*관리\s*위원회|리스크위원회|Risk\s*Management\s*Committee,2
경영공시__우리금융지주,우리금융지주,경영공시,문서 전체,1~132,group_council,(리스크|위험)\s*(관리)?\s*(실무)?\s*(협의회|협의체|심의회)|리스크정책위원회|실무\s*위원회|실무\s*협의회,2
경영공시__우리금융지주,우리금융지주,경영공시,문서 전체,1~132,cro,CRO|위험관리\s*책임자|리스크\s*관리\s*책임자|최고\s*리스크|Chief\s*Risk,0
경영공시__우리금융지주,우리금융지주,경영공시,문서 전체,1~132,raf,위험\s*선호|리스크\s*선호|Risk\s*Appetite|RAF|위험\s*성향|리스크\s*성향|(위험|리스크)\s*한도|허용\s*한도|한도\s*(관리|설정|배분)|(위험)?자본\s*배분|위험\s*자본\s*(한도|배분),1
경영공시__우리금융지주,우리금융지주,경영공시,문서 전체,1~132,measurement,요구\s*자본|내부\s*자본|가용\s*자본|통합\s*(위험|리스크)|VaR|자본\s*적정성|ICAAP|위험\s*자본|경제적\s*자본|Risk\s*Capital|위험\s*측정|리스크\s*측정,14
경영공시__우리금융지주,우리금융지주,경영공시,문서 전체,1~132,reporting,"(리스크|위험)[^.。]{0,40}보고|보고[^.。]{0,20}(리스크|위험)|MIS|모니터링|리스크\s*관리\s*시스템",6
경영공시__우리금융지주,우리금융지주,경영공시,문서 전체,1~132,stress,위기\s*상황\s*분석|스트레스\s*테스트|Stress|위기\s*상황\s*시나리오|비상\s*(조달|자금|계획)|컨틴전시|Contingency|위기\s*관리,2
경영공시__우리금융지주,우리금융지주,경영공시,문서 전체,1~132,oprisk,운영\s*(리스크|위험)|손실\s*사건|손실\s*데이터|BCP|업무\s*연속성|위탁|IT\s*리스크|정보\s*보호|사이버,3
경영공시__우리금융지주,우리금융지주,경영공시,문서 전체,1~132,compensation,"성과\s*보수|이연\s*지급|환수|Clawback|클로백|(리스크|위험)\s*(를|을)?\s*(고려|반영|조정)[^.。]{0,20}(성과|보수|평가)|(성과|보수)[^.。]{0,30}(리스크|위험)\s*(조정|반영|고려)|보수\s*체계|보수\s*정책|리스크\s*조정",6
경영공시__우리금융지주,우리금융지주,경영공시,문서 전체,1~132,org,리스크\s*관리\s*(부|팀|본부|부문|실|총괄|그룹|센터|조직)|위험\s*관리\s*(부|팀|본부|부문|실|조직|전담)|리스크\s*총괄|리스크\s*검증|전담\s*조직|리스크\s*관리\s*인력,1
경영공시__우리금융지주,우리금융지주,경영공시,문서 전체,1~132,subsidiary_control,"사전\s*협의|사전\s*승인|협의\s*사항|승인\s*사항|공문|공식\s*문서|자회사[^.。]{0,30}(평가|지시|요청|통보)|(CRO|위험관리\s*책임자|리스크\s*관리\s*책임자)[^.。]{0,30}평가",1
경영공시__우리금융지주,우리금융지주,경영공시,문서 전체,1~132,model_validation,모형\s*검증|모델\s*검증|검증\s*(조직|부서|팀|결과|주기)|독립적\s*(인\s*)?검증|적합성\s*검증|사후\s*검증|백\s*테스팅|Back\s*-?\s*testing|Validation,2
경영공시__우리금융지주,우리금융지주,경영공시,문서 전체,1~132,internal_capital,내부\s*자본|자본\s*버퍼|완충\s*자본|목표\s*(비율|수준)|내부\s*목표|자본\s*적정성\s*평가|ICAAP|경제적\s*자본|위험\s*자본,7
경영공시__우리금융지주,우리금융지주,경영공시,문서 전체,1~132,early_warning,조기\s*경보|Early\s*Warning|EWS|위기\s*단계|위기\s*상황\s*(단계|등급|판단)|비상\s*(대응|대책)|위기\s*대응|컨틴전시|Contingency,0
경영공시__우리금융지주,우리금융지주,경영공시,문서 전체,1~132,contagion,"(위험|리스크)[^.。]{0,10}전이|전이\s*(위험|리스크|효과)|전염|교차\s*판매|공동\s*(상품|개발|영업|마케팅)|계열\s*(사)?\s*(판매|거래)\s*비중|평판\s*(리스크|위험)|그룹\s*내\s*(거래|위험)|복합\s*점포|이해\s*상충",1
경영공시__우리금융지주,우리금융지주,경영공시,문서 전체,1~132,related_party,대주주|특수\s*관계|계열\s*(회사|사)?\s*(간|와의)?\s*거래|자회사\s*등?\s*과의\s*거래|내부\s*거래|신용\s*공여,5
경영공시__우리금융지주,우리금융지주,경영공시,문서 전체,1~132,icfr,내부\s*회계|연결\s*내부\s*회계|ICFR,0
경영공시__우리금융지주,우리금융지주,경영공시,문서 전체,1~132,internal_control,내부\s*통제|준법\s*감시|내부\s*감사,1
경영공시__우리금융지주,우리금융지주,경영공시,문서 전체,1~132,holding_plan,"지주\s*회사[^.。]{0,40}(운영|체제|계획|역할|기능|전략)|(경영|운영)\s*계획|자회사\s*(관리|편입)|그룹\s*(통합|시너지)",6
경영공시__메리츠금융지주,메리츠금융지주,경영공시,문서 전체,1~37,risk_committee,위험관리\s*위원회|리스크\s*관리\s*위원회|리스크위원회|Risk\s*Management\s*Committee,0
경영공시__메리츠금융지주,메리츠금융지주,경영공시,문서 전체,1~37,group_council,(리스크|위험)\s*(관리)?\s*(실무)?\s*(협의회|협의체|심의회)|리스크정책위원회|실무\s*위원회|실무\s*협의회,0
경영공시__메리츠금융지주,메리츠금융지주,경영공시,문서 전체,1~37,cro,CRO|위험관리\s*책임자|리스크\s*관리\s*책임자|최고\s*리스크|Chief\s*Risk,0
경영공시__메리츠금융지주,메리츠금융지주,경영공시,문서 전체,1~37,raf,위험\s*선호|리스크\s*선호|Risk\s*Appetite|RAF|위험\s*성향|리스크\s*성향|(위험|리스크)\s*한도|허용\s*한도|한도\s*(관리|설정|배분)|(위험)?자본\s*배분|위험\s*자본\s*(한도|배분),0
경영공시__메리츠금융지주,메리츠금융지주,경영공시,문서 전체,1~37,measurement,요구\s*자본|내부\s*자본|가용\s*자본|통합\s*(위험|리스크)|VaR|자본\s*적정성|ICAAP|위험\s*자본|경제적\s*자본|Risk\s*Capital|위험\s*측정|리스크\s*측정,3
경영공시__메리츠금융지주,메리츠금융지주,경영공시,문서 전체,1~37,reporting,"(리스크|위험)[^.。]{0,40}보고|보고[^.。]{0,20}(리스크|위험)|MIS|모니터링|리스크\s*관리\s*시스템",0
경영공시__메리츠금융지주,메리츠금융지주,경영공시,문서 전체,1~37,stress,위기\s*상황\s*분석|스트레스\s*테스트|Stress|위기\s*상황\s*시나리오|비상\s*(조달|자금|계획)|컨틴전시|Contingency|위기\s*관리,0
경영공시__메리츠금융지주,메리츠금융지주,경영공시,문서 전체,1~37,oprisk,운영\s*(리스크|위험)|손실\s*사건|손실\s*데이터|BCP|업무\s*연속성|위탁|IT\s*리스크|정보\s*보호|사이버,1
경영공시__메리츠금융지주,메리츠금융지주,경영공시,문서 전체,1~37,compensation,"성과\s*보수|이연\s*지급|환수|Clawback|클로백|(리스크|위험)\s*(를|을)?\s*(고려|반영|조정)[^.。]{0,20}(성과|보수|평가)|(성과|보수)[^.。]{0,30}(리스크|위험)\s*(조정|반영|고려)|보수\s*체계|보수\s*정책|리스크\s*조정",2
경영공시__메리츠금융지주,메리츠금융지주,경영공시,문서 전체,1~37,org,리스크\s*관리\s*(부|팀|본부|부문|실|총괄|그룹|센터|조직)|위험\s*관리\s*(부|팀|본부|부문|실|조직|전담)|리스크\s*총괄|리스크\s*검증|전담\s*조직|리스크\s*관리\s*인력,0
경영공시__메리츠금융지주,메리츠금융지주,경영공시,문서 전체,1~37,subsidiary_control,"사전\s*협의|사전\s*승인|협의\s*사항|승인\s*사항|공문|공식\s*문서|자회사[^.。]{0,30}(평가|지시|요청|통보)|(CRO|위험관리\s*책임자|리스크\s*관리\s*책임자)[^.。]{0,30}평가",0
경영공시__메리츠금융지주,메리츠금융지주,경영공시,문서 전체,1~37,model_validation,모형\s*검증|모델\s*검증|검증\s*(조직|부서|팀|결과|주기)|독립적\s*(인\s*)?검증|적합성\s*검증|사후\s*검증|백\s*테스팅|Back\s*-?\s*testing|Validation,0
경영공시__메리츠금융지주,메리츠금융지주,경영공시,문서 전체,1~37,internal_capital,내부\s*자본|자본\s*버퍼|완충\s*자본|목표\s*(비율|수준)|내부\s*목표|자본\s*적정성\s*평가|ICAAP|경제적\s*자본|위험\s*자본,0
경영공시__메리츠금융지주,메리츠금융지주,경영공시,문서 전체,1~37,early_warning,조기\s*경보|Early\s*Warning|EWS|위기\s*단계|위기\s*상황\s*(단계|등급|판단)|비상\s*(대응|대책)|위기\s*대응|컨틴전시|Contingency,0
경영공시__메리츠금융지주,메리츠금융지주,경영공시,문서 전체,1~37,contagion,"(위험|리스크)[^.。]{0,10}전이|전이\s*(위험|리스크|효과)|전염|교차\s*판매|공동\s*(상품|개발|영업|마케팅)|계열\s*(사)?\s*(판매|거래)\s*비중|평판\s*(리스크|위험)|그룹\s*내\s*(거래|위험)|복합\s*점포|이해\s*상충",0
경영공시__메리츠금융지주,메리츠금융지주,경영공시,문서 전체,1~37,related_party,대주주|특수\s*관계|계열\s*(회사|사)?\s*(간|와의)?\s*거래|자회사\s*등?\s*과의\s*거래|내부\s*거래|신용\s*공여,0
경영공시__메리츠금융지주,메리츠금융지주,경영공시,문서 전체,1~37,icfr,내부\s*회계|연결\s*내부\s*회계|ICFR,0
경영공시__메리츠금융지주,메리츠금융지주,경영공시,문서 전체,1~37,internal_control,내부\s*통제|준법\s*감시|내부\s*감사,0
경영공시__메리츠금융지주,메리츠금융지주,경영공시,문서 전체,1~37,holding_plan,"지주\s*회사[^.。]{0,40}(운영|체제|계획|역할|기능|전략)|(경영|운영)\s*계획|자회사\s*(관리|편입)|그룹\s*(통합|시너지)",0
경영공시__iM금융지주,iM금융지주,경영공시,문서 전체,1~123,risk_committee,위험관리\s*위원회|리스크\s*관리\s*위원회|리스크위원회|Risk\s*Management\s*Committee,3
경영공시__iM금융지주,iM금융지주,경영공시,문서 전체,1~123,group_council,(리스크|위험)\s*(관리)?\s*(실무)?\s*(협의회|협의체|심의회)|리스크정책위원회|실무\s*위원회|실무\s*협의회,0
경영공시__iM금융지주,iM금융지주,경영공시,문서 전체,1~123,cro,CRO|위험관리\s*책임자|리스크\s*관리\s*책임자|최고\s*리스크|Chief\s*Risk,5
경영공시__iM금융지주,iM금융지주,경영공시,문서 전체,1~123,raf,위험\s*선호|리스크\s*선호|Risk\s*Appetite|RAF|위험\s*성향|리스크\s*성향|(위험|리스크)\s*한도|허용\s*한도|한도\s*(관리|설정|배분)|(위험)?자본\s*배분|위험\s*자본\s*(한도|배분),1
경영공시__iM금융지주,iM금융지주,경영공시,문서 전체,1~123,measurement,요구\s*자본|내부\s*자본|가용\s*자본|통합\s*(위험|리스크)|VaR|자본\s*적정성|ICAAP|위험\s*자본|경제적\s*자본|Risk\s*Capital|위험\s*측정|리스크\s*측정,10
경영공시__iM금융지주,iM금융지주,경영공시,문서 전체,1~123,reporting,"(리스크|위험)[^.。]{0,40}보고|보고[^.。]{0,20}(리스크|위험)|MIS|모니터링|리스크\s*관리\s*시스템",13
경영공시__iM금융지주,iM금융지주,경영공시,문서 전체,1~123,stress,위기\s*상황\s*분석|스트레스\s*테스트|Stress|위기\s*상황\s*시나리오|비상\s*(조달|자금|계획)|컨틴전시|Contingency|위기\s*관리,1
경영공시__iM금융지주,iM금융지주,경영공시,문서 전체,1~123,oprisk,운영\s*(리스크|위험)|손실\s*사건|손실\s*데이터|BCP|업무\s*연속성|위탁|IT\s*리스크|정보\s*보호|사이버,3
경영공시__iM금융지주,iM금융지주,경영공시,문서 전체,1~123,compensation,"성과\s*보수|이연\s*지급|환수|Clawback|클로백|(리스크|위험)\s*(를|을)?\s*(고려|반영|조정)[^.。]{0,20}(성과|보수|평가)|(성과|보수)[^.。]{0,30}(리스크|위험)\s*(조정|반영|고려)|보수\s*체계|보수\s*정책|리스크\s*조정",7
경영공시__iM금융지주,iM금융지주,경영공시,문서 전체,1~123,org,리스크\s*관리\s*(부|팀|본부|부문|실|총괄|그룹|센터|조직)|위험\s*관리\s*(부|팀|본부|부문|실|조직|전담)|리스크\s*총괄|리스크\s*검증|전담\s*조직|리스크\s*관리\s*인력,3
경영공시__iM금융지주,iM금융지주,경영공시,문서 전체,1~123,subsidiary_control,"사전\s*협의|사전\s*승인|협의\s*사항|승인\s*사항|공문|공식\s*문서|자회사[^.。]{0,30}(평가|지시|요청|통보)|(CRO|위험관리\s*책임자|리스크\s*관리\s*책임자)[^.。]{0,30}평가",1
경영공시__iM금융지주,iM금융지주,경영공시,문서 전체,1~123,model_validation,모형\s*검증|모델\s*검증|검증\s*(조직|부서|팀|결과|주기)|독립적\s*(인\s*)?검증|적합성\s*검증|사후\s*검증|백\s*테스팅|Back\s*-?\s*testing|Validation,2
경영공시__iM금융지주,iM금융지주,경영공시,문서 전체,1~123,internal_capital,내부\s*자본|자본\s*버퍼|완충\s*자본|목표\s*(비율|수준)|내부\s*목표|자본\s*적정성\s*평가|ICAAP|경제적\s*자본|위험\s*자본,5
경영공시__iM금융지주,iM금융지주,경영공시,문서 전체,1~123,early_warning,조기\s*경보|Early\s*Warning|EWS|위기\s*단계|위기\s*상황\s*(단계|등급|판단)|비상\s*(대응|대책)|위기\s*대응|컨틴전시|Contingency,0
경영공시__iM금융지주,iM금융지주,경영공시,문서 전체,1~123,contagion,"(위험|리스크)[^.。]{0,10}전이|전이\s*(위험|리스크|효과)|전염|교차\s*판매|공동\s*(상품|개발|영업|마케팅)|계열\s*(사)?\s*(판매|거래)\s*비중|평판\s*(리스크|위험)|그룹\s*내\s*(거래|위험)|복합\s*점포|이해\s*상충",1
경영공시__iM금융지주,iM금융지주,경영공시,문서 전체,1~123,related_party,대주주|특수\s*관계|계열\s*(회사|사)?\s*(간|와의)?\s*거래|자회사\s*등?\s*과의\s*거래|내부\s*거래|신용\s*공여,5
경영공시__iM금융지주,iM금융지주,경영공시,문서 전체,1~123,icfr,내부\s*회계|연결\s*내부\s*회계|ICFR,0
경영공시__iM금융지주,iM금융지주,경영공시,문서 전체,1~123,internal_control,내부\s*통제|준법\s*감시|내부\s*감사,0
경영공시__iM금융지주,iM금융지주,경영공시,문서 전체,1~123,holding_plan,"지주\s*회사[^.。]{0,40}(운영|체제|계획|역할|기능|전략)|(경영|운영)\s*계획|자회사\s*(관리|편입)|그룹\s*(통합|시너지)",1
경영공시__NH농협금융지주,NH농협금융지주,경영공시,문서 전체,1~137,risk_committee,위험관리\s*위원회|리스크\s*관리\s*위원회|리스크위원회|Risk\s*Management\s*Committee,1
경영공시__NH농협금융지주,NH농협금융지주,경영공시,문서 전체,1~137,group_council,(리스크|위험)\s*(관리)?\s*(실무)?\s*(협의회|협의체|심의회)|리스크정책위원회|실무\s*위원회|실무\s*협의회,2
경영공시__NH농협금융지주,NH농협금융지주,경영공시,문서 전체,1~137,cro,CRO|위험관리\s*책임자|리스크\s*관리\s*책임자|최고\s*리스크|Chief\s*Risk,0
경영공시__NH농협금융지주,NH농협금융지주,경영공시,문서 전체,1~137,raf,위험\s*선호|리스크\s*선호|Risk\s*Appetite|RAF|위험\s*성향|리스크\s*성향|(위험|리스크)\s*한도|허용\s*한도|한도\s*(관리|설정|배분)|(위험)?자본\s*배분|위험\s*자본\s*(한도|배분),1
경영공시__NH농협금융지주,NH농협금융지주,경영공시,문서 전체,1~137,measurement,요구\s*자본|내부\s*자본|가용\s*자본|통합\s*(위험|리스크)|VaR|자본\s*적정성|ICAAP|위험\s*자본|경제적\s*자본|Risk\s*Capital|위험\s*측정|리스크\s*측정,13
경영공시__NH농협금융지주,NH농협금융지주,경영공시,문서 전체,1~137,reporting,"(리스크|위험)[^.。]{0,40}보고|보고[^.。]{0,20}(리스크|위험)|MIS|모니터링|리스크\s*관리\s*시스템",9
경영공시__NH농협금융지주,NH농협금융지주,경영공시,문서 전체,1~137,stress,위기\s*상황\s*분석|스트레스\s*테스트|Stress|위기\s*상황\s*시나리오|비상\s*(조달|자금|계획)|컨틴전시|Contingency|위기\s*관리,3
경영공시__NH농협금융지주,NH농협금융지주,경영공시,문서 전체,1~137,oprisk,운영\s*(리스크|위험)|손실\s*사건|손실\s*데이터|BCP|업무\s*연속성|위탁|IT\s*리스크|정보\s*보호|사이버,3
경영공시__NH농협금융지주,NH농협금융지주,경영공시,문서 전체,1~137,compensation,"성과\s*보수|이연\s*지급|환수|Clawback|클로백|(리스크|위험)\s*(를|을)?\s*(고려|반영|조정)[^.。]{0,20}(성과|보수|평가)|(성과|보수)[^.。]{0,30}(리스크|위험)\s*(조정|반영|고려)|보수\s*체계|보수\s*정책|리스크\s*조정",3
경영공시__NH농협금융지주,NH농협금융지주,경영공시,문서 전체,1~137,org,리스크\s*관리\s*(부|팀|본부|부문|실|총괄|그룹|센터|조직)|위험\s*관리\s*(부|팀|본부|부문|실|조직|전담)|리스크\s*총괄|리스크\s*검증|전담\s*조직|리스크\s*관리\s*인력,4
경영공시__NH농협금융지주,NH농협금융지주,경영공시,문서 전체,1~137,subsidiary_control,"사전\s*협의|사전\s*승인|협의\s*사항|승인\s*사항|공문|공식\s*문서|자회사[^.。]{0,30}(평가|지시|요청|통보)|(CRO|위험관리\s*책임자|리스크\s*관리\s*책임자)[^.。]{0,30}평가",2
경영공시__NH농협금융지주,NH농협금융지주,경영공시,문서 전체,1~137,model_validation,모형\s*검증|모델\s*검증|검증\s*(조직|부서|팀|결과|주기)|독립적\s*(인\s*)?검증|적합성\s*검증|사후\s*검증|백\s*테스팅|Back\s*-?\s*testing|Validation,7
경영공시__NH농협금융지주,NH농협금융지주,경영공시,문서 전체,1~137,internal_capital,내부\s*자본|자본\s*버퍼|완충\s*자본|목표\s*(비율|수준)|내부\s*목표|자본\s*적정성\s*평가|ICAAP|경제적\s*자본|위험\s*자본,7
경영공시__NH농협금융지주,NH농협금융지주,경영공시,문서 전체,1~137,early_warning,조기\s*경보|Early\s*Warning|EWS|위기\s*단계|위기\s*상황\s*(단계|등급|판단)|비상\s*(대응|대책)|위기\s*대응|컨틴전시|Contingency,2
경영공시__NH농협금융지주,NH농협금융지주,경영공시,문서 전체,1~137,contagion,"(위험|리스크)[^.。]{0,10}전이|전이\s*(위험|리스크|효과)|전염|교차\s*판매|공동\s*(상품|개발|영업|마케팅)|계열\s*(사)?\s*(판매|거래)\s*비중|평판\s*(리스크|위험)|그룹\s*내\s*(거래|위험)|복합\s*점포|이해\s*상충",2
경영공시__NH농협금융지주,NH농협금융지주,경영공시,문서 전체,1~137,related_party,대주주|특수\s*관계|계열\s*(회사|사)?\s*(간|와의)?\s*거래|자회사\s*등?\s*과의\s*거래|내부\s*거래|신용\s*공여,5
경영공시__NH농협금융지주,NH농협금융지주,경영공시,문서 전체,1~137,icfr,내부\s*회계|연결\s*내부\s*회계|ICFR,0
경영공시__NH농협금융지주,NH농협금융지주,경영공시,문서 전체,1~137,internal_control,내부\s*통제|준법\s*감시|내부\s*감사,1
경영공시__NH농협금융지주,NH농협금융지주,경영공시,문서 전체,1~137,holding_plan,"지주\s*회사[^.。]{0,40}(운영|체제|계획|역할|기능|전략)|(경영|운영)\s*계획|자회사\s*(관리|편입)|그룹\s*(통합|시너지)",0
경영공시__한국투자금융지주,한국투자금융지주,경영공시,문서 전체,1~55,risk_committee,위험관리\s*위원회|리스크\s*관리\s*위원회|리스크위원회|Risk\s*Management\s*Committee,1
경영공시__한국투자금융지주,한국투자금융지주,경영공시,문서 전체,1~55,group_council,(리스크|위험)\s*(관리)?\s*(실무)?\s*(협의회|협의체|심의회)|리스크정책위원회|실무\s*위원회|실무\s*협의회,0
경영공시__한국투자금융지주,한국투자금융지주,경영공시,문서 전체,1~55,cro,CRO|위험관리\s*책임자|리스크\s*관리\s*책임자|최고\s*리스크|Chief\s*Risk,1
경영공시__한국투자금융지주,한국투자금융지주,경영공시,문서 전체,1~55,raf,위험\s*선호|리스크\s*선호|Risk\s*Appetite|RAF|위험\s*성향|리스크\s*성향|(위험|리스크)\s*한도|허용\s*한도|한도\s*(관리|설정|배분)|(위험)?자본\s*배분|위험\s*자본\s*(한도|배분),0
경영공시__한국투자금융지주,한국투자금융지주,경영공시,문서 전체,1~55,measurement,요구\s*자본|내부\s*자본|가용\s*자본|통합\s*(위험|리스크)|VaR|자본\s*적정성|ICAAP|위험\s*자본|경제적\s*자본|Risk\s*Capital|위험\s*측정|리스크\s*측정,3
경영공시__한국투자금융지주,한국투자금융지주,경영공시,문서 전체,1~55,reporting,"(리스크|위험)[^.。]{0,40}보고|보고[^.。]{0,20}(리스크|위험)|MIS|모니터링|리스크\s*관리\s*시스템",0
경영공시__한국투자금융지주,한국투자금융지주,경영공시,문서 전체,1~55,stress,위기\s*상황\s*분석|스트레스\s*테스트|Stress|위기\s*상황\s*시나리오|비상\s*(조달|자금|계획)|컨틴전시|Contingency|위기\s*관리,0
경영공시__한국투자금융지주,한국투자금융지주,경영공시,문서 전체,1~55,oprisk,운영\s*(리스크|위험)|손실\s*사건|손실\s*데이터|BCP|업무\s*연속성|위탁|IT\s*리스크|정보\s*보호|사이버,1
경영공시__한국투자금융지주,한국투자금융지주,경영공시,문서 전체,1~55,compensation,"성과\s*보수|이연\s*지급|환수|Clawback|클로백|(리스크|위험)\s*(를|을)?\s*(고려|반영|조정)[^.。]{0,20}(성과|보수|평가)|(성과|보수)[^.。]{0,30}(리스크|위험)\s*(조정|반영|고려)|보수\s*체계|보수\s*정책|리스크\s*조정",5
경영공시__한국투자금융지주,한국투자금융지주,경영공시,문서 전체,1~55,org,리스크\s*관리\s*(부|팀|본부|부문|실|총괄|그룹|센터|조직)|위험\s*관리\s*(부|팀|본부|부문|실|조직|전담)|리스크\s*총괄|리스크\s*검증|전담\s*조직|리스크\s*관리\s*인력,0
경영공시__한국투자금융지주,한국투자금융지주,경영공시,문서 전체,1~55,subsidiary_control,"사전\s*협의|사전\s*승인|협의\s*사항|승인\s*사항|공문|공식\s*문서|자회사[^.。]{0,30}(평가|지시|요청|통보)|(CRO|위험관리\s*책임자|리스크\s*관리\s*책임자)[^.。]{0,30}평가",0
경영공시__한국투자금융지주,한국투자금융지주,경영공시,문서 전체,1~55,model_validation,모형\s*검증|모델\s*검증|검증\s*(조직|부서|팀|결과|주기)|독립적\s*(인\s*)?검증|적합성\s*검증|사후\s*검증|백\s*테스팅|Back\s*-?\s*testing|Validation,0
경영공시__한국투자금융지주,한국투자금융지주,경영공시,문서 전체,1~55,internal_capital,내부\s*자본|자본\s*버퍼|완충\s*자본|목표\s*(비율|수준)|내부\s*목표|자본\s*적정성\s*평가|ICAAP|경제적\s*자본|위험\s*자본,0
경영공시__한국투자금융지주,한국투자금융지주,경영공시,문서 전체,1~55,early_warning,조기\s*경보|Early\s*Warning|EWS|위기\s*단계|위기\s*상황\s*(단계|등급|판단)|비상\s*(대응|대책)|위기\s*대응|컨틴전시|Contingency,0
경영공시__한국투자금융지주,한국투자금융지주,경영공시,문서 전체,1~55,contagion,"(위험|리스크)[^.。]{0,10}전이|전이\s*(위험|리스크|효과)|전염|교차\s*판매|공동\s*(상품|개발|영업|마케팅)|계열\s*(사)?\s*(판매|거래)\s*비중|평판\s*(리스크|위험)|그룹\s*내\s*(거래|위험)|복합\s*점포|이해\s*상충",0
경영공시__한국투자금융지주,한국투자금융지주,경영공시,문서 전체,1~55,related_party,대주주|특수\s*관계|계열\s*(회사|사)?\s*(간|와의)?\s*거래|자회사\s*등?\s*과의\s*거래|내부\s*거래|신용\s*공여,18
경영공시__한국투자금융지주,한국투자금융지주,경영공시,문서 전체,1~55,icfr,내부\s*회계|연결\s*내부\s*회계|ICFR,0
경영공시__한국투자금융지주,한국투자금융지주,경영공시,문서 전체,1~55,internal_control,내부\s*통제|준법\s*감시|내부\s*감사,1
경영공시__한국투자금융지주,한국투자금융지주,경영공시,문서 전체,1~55,holding_plan,"지주\s*회사[^.。]{0,40}(운영|체제|계획|역할|기능|전략)|(경영|운영)\s*계획|자회사\s*(관리|편입)|그룹\s*(통합|시너지)",0
