시각,종류,URL(OC 가림),HTTP,바이트,시도,호스트,오류
2026-09-29T04:49:00+0000,api,http://www.law.go.kr/DRF/lawSearch.do?OC=***&target=eflaw&type=XML&query=%EA%B0%9C%EC%9D%B8%EC%A0%95%EB%B3%B4+%EB%B3%B4%ED%98%B8%EB%B2%95&display=100&page=1&nw=3,200,1882,1,http://www.law.go.kr,
2026-09-29T04:49:00+0000,api,http://www.law.go.kr/DRF/lawSearch.do?OC=***&target=eflaw&type=XML&query=%EA%B0%9C%EC%9D%B8%EC%A0%95%EB%B3%B4+%EB%B3%B4%ED%98%B8%EB%B2%95&display=100&page=1&nw=2,200,1878,1,http://www.law.go.kr,
2026-09-29T04:49:01+0000,api,http://www.law.go.kr/DRF/lawSearch.do?OC=***&target=eflaw&type=XML&query=%EA%B3%B5%EC%9D%B5%EC%8B%A0%EA%B3%A0%EC%9E%90+%EB%B3%B4%ED%98%B8%EB%B2%95&display=100&page=1&nw=3,200,1879,1,http://www.law.go.kr,
2026-09-29T04:49:02+0000,api,http://www.law.go.kr/DRF/lawSearch.do?OC=***&target=eflaw&type=XML&query=%EA%B3%B5%EC%9D%B5%EC%8B%A0%EA%B3%A0%EC%9E%90+%EB%B3%B4%ED%98%B8%EB%B2%95&display=100&page=1&nw=2,200,5075,1,http://www.law.go.kr,
2026-09-29T04:49:02+0000,api,http://www.law.go.kr/DRF/lawSearch.do?OC=***&target=eflaw&type=XML&query=%EB%8F%85%EC%A0%90%EA%B7%9C%EC%A0%9C+%EB%B0%8F+%EA%B3%B5%EC%A0%95%EA%B1%B0%EB%9E%98%EC%97%90+%EA%B4%80%ED%95%9C+%EB%B2%95%EB%A5%A0&display=100&page=1&nw=3,200,1982,1,http://www.law.go.kr,
2026-09-29T04:49:03+0000,api,http://www.law.go.kr/DRF/lawSearch.do?OC=***&target=eflaw&type=XML&query=%EB%8F%85%EC%A0%90%EA%B7%9C%EC%A0%9C+%EB%B0%8F+%EA%B3%B5%EC%A0%95%EA%B1%B0%EB%9E%98%EC%97%90+%EA%B4%80%ED%95%9C+%EB%B2%95%EB%A5%A0&display=100&page=1&nw=2,200,3640,1,http://www.law.go.kr,
2026-09-29T04:49:04+0000,api,http://www.law.go.kr/DRF/lawSearch.do?OC=***&target=eflaw&type=XML&query=%EA%B8%88%EC%9C%B5%EC%86%8C%EB%B9%84%EC%9E%90+%EB%B3%B4%ED%98%B8%EC%97%90+%EA%B4%80%ED%95%9C+%EB%B2%95%EB%A5%A0&display=100&page=1&nw=3,200,1967,1,http://www.law.go.kr,
2026-09-29T04:49:05+0000,api,http://www.law.go.kr/DRF/lawSearch.do?OC=***&target=eflaw&type=XML&query=%EA%B8%88%EC%9C%B5%EC%86%8C%EB%B9%84%EC%9E%90+%EB%B3%B4%ED%98%B8%EC%97%90+%EA%B4%80%ED%95%9C+%EB%B2%95%EB%A5%A0&display=100&page=1&nw=2,200,289,1,http://www.law.go.kr,
2026-09-29T04:49:05+0000,api,http://www.law.go.kr/DRF/lawSearch.do?OC=***&target=eflaw&type=XML&query=%EC%83%81%EB%B2%95&display=100&page=1&nw=3,200,16962,1,http://www.law.go.kr,
2026-09-29T04:49:06+0000,api,http://www.law.go.kr/DRF/lawSearch.do?OC=***&target=eflaw&type=XML&query=%EC%83%81%EB%B2%95&display=100&page=1&nw=2,200,9015,1,http://www.law.go.kr,
2026-09-29T04:49:07+0000,api,http://www.law.go.kr/DRF/lawSearch.do?OC=***&target=eflaw&type=XML&query=%EC%8B%A0%EC%9A%A9%EC%A0%95%EB%B3%B4%EC%9D%98+%EC%9D%B4%EC%9A%A9+%EB%B0%8F+%EB%B3%B4%ED%98%B8%EC%97%90+%EA%B4%80%ED%95%9C+%EB%B2%95%EB%A5%A0&display=100&page=1&nw=3,200,2839,1,http://www.law.go.kr,
2026-09-29T04:49:08+0000,api,http://www.law.go.kr/DRF/lawSearch.do?OC=***&target=eflaw&type=XML&query=%EC%8B%A0%EC%9A%A9%EC%A0%95%EB%B3%B4%EC%9D%98+%EC%9D%B4%EC%9A%A9+%EB%B0%8F+%EB%B3%B4%ED%98%B8%EC%97%90+%EA%B4%80%ED%95%9C+%EB%B2%95%EB%A5%A0&display=100&page=1&nw=2,200,300,1,http://www.law.go.kr,
2026-09-29T04:49:09+0000,api,http://www.law.go.kr/DRF/lawSearch.do?OC=***&target=eflaw&type=XML&query=%EC%A3%BC%EC%8B%9D%ED%9A%8C%EC%82%AC+%EB%93%B1%EC%9D%98+%EC%99%B8%EB%B6%80%EA%B0%90%EC%82%AC%EC%97%90+%EA%B4%80%ED%95%9C+%EB%B2%95%EB%A5%A0&display=100&page=1&nw=3,200,2835,1,http://www.law.go.kr,
2026-09-29T04:49:09+0000,api,http://www.law.go.kr/DRF/lawSearch.do?OC=***&target=eflaw&type=XML&query=%EC%A3%BC%EC%8B%9D%ED%9A%8C%EC%82%AC+%EB%93%B1%EC%9D%98+%EC%99%B8%EB%B6%80%EA%B0%90%EC%82%AC%EC%97%90+%EA%B4%80%ED%95%9C+%EB%B2%95%EB%A5%A0&display=100&page=1&nw=2,200,299,1,http://www.law.go.kr,
2026-09-29T04:49:10+0000,api,http://www.law.go.kr/DRF/lawSearch.do?OC=***&target=eflaw&type=XML&query=%EC%99%B8%EA%B5%AD%ED%99%98%EA%B1%B0%EB%9E%98%EB%B2%95&display=100&page=1&nw=3,200,1846,1,http://www.law.go.kr,
2026-09-29T04:49:10+0000,api,http://www.law.go.kr/DRF/lawSearch.do?OC=***&target=eflaw&type=XML&query=%EC%99%B8%EA%B5%AD%ED%99%98%EA%B1%B0%EB%9E%98%EB%B2%95&display=100&page=1&nw=2,200,1055,1,http://www.law.go.kr,
2026-09-29T04:49:11+0000,api,http://www.law.go.kr/DRF/lawSearch.do?OC=***&target=eflaw&type=XML&query=%EC%9E%90%EB%B3%B8%EC%8B%9C%EC%9E%A5%EA%B3%BC+%EA%B8%88%EC%9C%B5%ED%88%AC%EC%9E%90%EC%97%85%EC%97%90+%EA%B4%80%ED%95%9C+%EB%B2%95%EB%A5%A0&display=100&page=1&nw=3,200,2831,1,http://www.law.go.kr,
2026-09-29T04:49:12+0000,api,http://www.law.go.kr/DRF/lawSearch.do?OC=***&target=eflaw&type=XML&query=%EC%9E%90%EB%B3%B8%EC%8B%9C%EC%9E%A5%EA%B3%BC+%EA%B8%88%EC%9C%B5%ED%88%AC%EC%9E%90%EC%97%85%EC%97%90+%EA%B4%80%ED%95%9C+%EB%B2%95%EB%A5%A0&display=100&page=1&nw=2,200,6174,1,http://www.law.go.kr,
2026-09-29T04:49:12+0000,api,http://www.law.go.kr/DRF/lawSearch.do?OC=***&target=eflaw&type=XML&query=%EC%A0%84%EC%9E%90%EA%B8%88%EC%9C%B5%EA%B1%B0%EB%9E%98%EB%B2%95&display=100&page=1&nw=3,200,1855,1,http://www.law.go.kr,
2026-09-29T04:49:13+0000,api,http://www.law.go.kr/DRF/lawSearch.do?OC=***&target=eflaw&type=XML&query=%EC%A0%84%EC%9E%90%EA%B8%88%EC%9C%B5%EA%B1%B0%EB%9E%98%EB%B2%95&display=100&page=1&nw=2,200,1851,1,http://www.law.go.kr,
2026-09-29T04:49:14+0000,api,http://www.law.go.kr/DRF/lawSearch.do?OC=***&target=eflaw&type=XML&query=%EC%A3%BC%EC%8B%9D%C2%B7%EC%82%AC%EC%B1%84+%EB%93%B1%EC%9D%98+%EC%A0%84%EC%9E%90%EB%93%B1%EB%A1%9D%EC%97%90+%EA%B4%80%ED%95%9C+%EB%B2%95%EB%A5%A0&display=100&page=1&nw=3,200,2023,1,http://www.law.go.kr,
2026-09-29T04:49:15+0000,api,http://www.law.go.kr/DRF/lawSearch.do?OC=***&target=eflaw&type=XML&query=%EC%A3%BC%EC%8B%9D%C2%B7%EC%82%AC%EC%B1%84+%EB%93%B1%EC%9D%98+%EC%A0%84%EC%9E%90%EB%93%B1%EB%A1%9D%EC%97%90+%EA%B4%80%ED%95%9C+%EB%B2%95%EB%A5%A0&display=100&page=1&nw=2,200,2035,1,http://www.law.go.kr,
2026-09-29T04:49:15+0000,api,http://www.law.go.kr/DRF/lawSearch.do?OC=***&target=eflaw&type=XML&query=%EA%B8%88%EC%9C%B5%ED%9A%8C%EC%82%AC%EC%9D%98+%EC%A7%80%EB%B0%B0%EA%B5%AC%EC%A1%B0%EC%97%90+%EA%B4%80%ED%95%9C+%EB%B2%95%EB%A5%A0&display=100&page=1&nw=3,200,1985,1,http://www.law.go.kr,
2026-09-29T04:49:16+0000,api,http://www.law.go.kr/DRF/lawSearch.do?OC=***&target=eflaw&type=XML&query=%EA%B8%88%EC%9C%B5%ED%9A%8C%EC%82%AC%EC%9D%98+%EC%A7%80%EB%B0%B0%EA%B5%AC%EC%A1%B0%EC%97%90+%EA%B4%80%ED%95%9C+%EB%B2%95%EB%A5%A0&display=100&page=1&nw=2,200,1159,1,http://www.law.go.kr,
2026-09-29T04:49:17+0000,api,http://www.law.go.kr/DRF/lawSearch.do?OC=***&target=eflaw&type=XML&query=%EA%B3%B5%EC%A4%91+%EB%93%B1+%ED%98%91%EB%B0%95%EB%AA%A9%EC%A0%81+%EB%B0%8F+%EB%8C%80%EB%9F%89%EC%82%B4%EC%83%81%EB%AC%B4%EA%B8%B0%ED%99%95%EC%82%B0%EC%9D%84+%EC%9C%84%ED%95%9C+%EC%9E%90%EA%B8%88%EC%A1%B0%EB%8B%AC%ED%96%89%EC%9C%84%EC%9D%98+%EA%B8%88%EC%A7%80%EC%97%90+%EA%B4%80%ED%95%9C+%EB%B2%95%EB%A5%A0&display=100&page=1&nw=3,200,2168,1,http://www.law.go.kr,
2026-09-29T04:49:18+0000,api,http://www.law.go.kr/DRF/lawSearch.do?OC=***&target=eflaw&type=XML&query=%EA%B3%B5%EC%A4%91+%EB%93%B1+%ED%98%91%EB%B0%95%EB%AA%A9%EC%A0%81+%EB%B0%8F+%EB%8C%80%EB%9F%89%EC%82%B4%EC%83%81%EB%AC%B4%EA%B8%B0%ED%99%95%EC%82%B0%EC%9D%84+%EC%9C%84%ED%95%9C+%EC%9E%90%EA%B8%88%EC%A1%B0%EB%8B%AC%ED%96%89%EC%9C%84%EC%9D%98+%EA%B8%88%EC%A7%80%EC%97%90+%EA%B4%80%ED%95%9C+%EB%B2%95%EB%A5%A0&display=100&page=1&nw=2,200,358,1,http://www.law.go.kr,
2026-09-29T04:49:18+0000,api,http://www.law.go.kr/DRF/lawSearch.do?OC=***&target=eflaw&type=XML&query=%ED%8A%B9%EC%A0%95+%EA%B8%88%EC%9C%B5%EA%B1%B0%EB%9E%98%EC%A0%95%EB%B3%B4%EC%9D%98+%EB%B3%B4%EA%B3%A0+%EB%B0%8F+%EC%9D%B4%EC%9A%A9+%EB%93%B1%EC%97%90+%EA%B4%80%ED%95%9C+%EB%B2%95%EB%A5%A0&display=100&page=1&nw=3,200,2081,1,http://www.law.go.kr,
2026-09-29T04:49:19+0000,api,http://www.law.go.kr/DRF/lawSearch.do?OC=***&target=eflaw&type=XML&query=%ED%8A%B9%EC%A0%95+%EA%B8%88%EC%9C%B5%EA%B1%B0%EB%9E%98%EC%A0%95%EB%B3%B4%EC%9D%98+%EB%B3%B4%EA%B3%A0+%EB%B0%8F+%EC%9D%B4%EC%9A%A9+%EB%93%B1%EC%97%90+%EA%B4%80%ED%95%9C+%EB%B2%95%EB%A5%A0&display=100&page=1&nw=2,200,2994,1,http://www.law.go.kr,
2026-09-29T04:49:19+0000,api,http://www.law.go.kr/DRF/lawSearch.do?OC=***&target=eflaw&type=XML&query=%EA%B8%88%EC%9C%B5%EC%A7%80%EC%A3%BC%ED%9A%8C%EC%82%AC%EB%B2%95&display=100&page=1&nw=3,200,1855,1,http://www.law.go.kr,
2026-09-29T04:49:20+0000,api,http://www.law.go.kr/DRF/lawSearch.do?OC=***&target=eflaw&type=XML&query=%EA%B8%88%EC%9C%B5%EC%A7%80%EC%A3%BC%ED%9A%8C%EC%82%AC%EB%B2%95&display=100&page=1&nw=2,200,271,1,http://www.law.go.kr,
2026-09-29T04:49:21+0000,api,http://www.law.go.kr/DRF/lawSearch.do?OC=***&target=eflaw&type=XML&query=%EB%B3%B4%ED%97%98%EC%97%85%EB%B2%95&display=100&page=1&nw=3,200,2619,1,http://www.law.go.kr,
2026-09-29T04:49:22+0000,api,http://www.law.go.kr/DRF/lawSearch.do?OC=***&target=eflaw&type=XML&query=%EB%B3%B4%ED%97%98%EC%97%85%EB%B2%95&display=100&page=1&nw=2,200,2637,1,http://www.law.go.kr,
2026-09-29T04:49:22+0000,api,http://www.law.go.kr/DRF/lawSearch.do?OC=***&target=eflaw&type=XML&query=%EA%B8%88%EC%9C%B5%EC%8B%A4%EB%AA%85%EA%B1%B0%EB%9E%98+%EB%B0%8F+%EB%B9%84%EB%B0%80%EB%B3%B4%EC%9E%A5%EC%97%90+%EA%B4%80%ED%95%9C+%EB%B2%95%EB%A5%A0&display=100&page=1&nw=3,200,3732,1,http://www.law.go.kr,
2026-09-29T04:49:23+0000,api,http://www.law.go.kr/DRF/lawSearch.do?OC=***&target=eflaw&type=XML&query=%EA%B8%88%EC%9C%B5%EC%8B%A4%EB%AA%85%EA%B1%B0%EB%9E%98+%EB%B0%8F+%EB%B9%84%EB%B0%80%EB%B3%B4%EC%9E%A5%EC%97%90+%EA%B4%80%ED%95%9C+%EB%B2%95%EB%A5%A0&display=100&page=1&nw=2,200,302,1,http://www.law.go.kr,
2026-09-29T04:49:24+0000,api,http://www.law.go.kr/DRF/lawSearch.do?OC=***&target=eflaw&type=XML&query=%EA%B8%88%EC%9C%B5%EC%82%B0%EC%97%85%EC%9D%98+%EA%B5%AC%EC%A1%B0%EA%B0%9C%EC%84%A0%EC%97%90+%EA%B4%80%ED%95%9C+%EB%B2%95%EB%A5%A0&display=100&page=1&nw=3,200,1991,1,http://www.law.go.kr,
2026-09-29T04:49:25+0000,api,http://www.law.go.kr/DRF/lawSearch.do?OC=***&target=eflaw&type=XML&query=%EA%B8%88%EC%9C%B5%EC%82%B0%EC%97%85%EC%9D%98+%EA%B5%AC%EC%A1%B0%EA%B0%9C%EC%84%A0%EC%97%90+%EA%B4%80%ED%95%9C+%EB%B2%95%EB%A5%A0&display=100&page=1&nw=2,200,295,1,http://www.law.go.kr,
2026-09-29T04:49:25+0000,api,http://www.law.go.kr/DRF/lawSearch.do?OC=***&target=eflaw&type=XML&query=%EA%B8%88%EC%9C%B5%EC%9C%84%EC%9B%90%ED%9A%8C%EC%9D%98+%EC%84%A4%EC%B9%98+%EB%93%B1%EC%97%90+%EA%B4%80%ED%95%9C+%EB%B2%95%EB%A5%A0&display=100&page=1&nw=3,200,1976,1,http://www.law.go.kr,
2026-09-29T04:49:26+0000,api,http://www.law.go.kr/DRF/lawSearch.do?OC=***&target=eflaw&type=XML&query=%EA%B8%88%EC%9C%B5%EC%9C%84%EC%9B%90%ED%9A%8C%EC%9D%98+%EC%84%A4%EC%B9%98+%EB%93%B1%EC%97%90+%EA%B4%80%ED%95%9C+%EB%B2%95%EB%A5%A0&display=100&page=1&nw=2,200,1129,1,http://www.law.go.kr,
2026-09-29T04:49:26+0000,api,http://www.law.go.kr/DRF/lawSearch.do?OC=***&target=eflaw&type=XML&query=%EA%B8%88%EC%9C%B5%EB%B3%B5%ED%95%A9%EA%B8%B0%EC%97%85%EC%A7%91%EB%8B%A8%EC%9D%98+%EA%B0%90%EB%8F%85%EC%97%90+%EA%B4%80%ED%95%9C+%EB%B2%95%EB%A5%A0&display=100&page=1&nw=3,200,2003,1,http://www.law.go.kr,
2026-09-29T04:49:27+0000,api,http://www.law.go.kr/DRF/lawSearch.do?OC=***&target=eflaw&type=XML&query=%EA%B8%88%EC%9C%B5%EB%B3%B5%ED%95%A9%EA%B8%B0%EC%97%85%EC%A7%91%EB%8B%A8%EC%9D%98+%EA%B0%90%EB%8F%85%EC%97%90+%EA%B4%80%ED%95%9C+%EB%B2%95%EB%A5%A0&display=100&page=1&nw=2,200,301,1,http://www.law.go.kr,
2026-09-29T04:49:28+0000,api,http://www.law.go.kr/DRF/lawSearch.do?OC=***&target=eflaw&type=XML&query=%EB%B3%B4%ED%97%98%EC%82%AC%EA%B8%B0%EB%B0%A9%EC%A7%80+%ED%8A%B9%EB%B3%84%EB%B2%95&display=100&page=1&nw=3,200,1928,1,http://www.law.go.kr,
2026-09-29T04:49:28+0000,api,http://www.law.go.kr/DRF/lawSearch.do?OC=***&target=eflaw&type=XML&query=%EB%B3%B4%ED%97%98%EC%82%AC%EA%B8%B0%EB%B0%A9%EC%A7%80+%ED%8A%B9%EB%B3%84%EB%B2%95&display=100&page=1&nw=2,200,1122,1,http://www.law.go.kr,
2026-09-29T04:49:29+0000,api,http://www.law.go.kr/DRF/lawSearch.do?OC=***&target=eflaw&type=XML&query=%EB%B2%95%EC%9D%B8%EC%84%B8%EB%B2%95&display=100&page=1&nw=3,200,2628,1,http://www.law.go.kr,
2026-09-29T04:49:29+0000,api,http://www.law.go.kr/DRF/lawSearch.do?OC=***&target=eflaw&type=XML&query=%EB%B2%95%EC%9D%B8%EC%84%B8%EB%B2%95&display=100&page=1&nw=2,200,5021,1,http://www.law.go.kr,
2026-09-29T04:49:30+0000,api,http://www.law.go.kr/DRF/lawSearch.do?OC=***&target=eflaw&type=XML&query=%EC%A1%B0%EC%84%B8%ED%8A%B9%EB%A1%80%EC%A0%9C%ED%95%9C%EB%B2%95&display=100&page=1&nw=3,200,2745,1,http://www.law.go.kr,
2026-09-29T04:49:31+0000,api,http://www.law.go.kr/DRF/lawSearch.do?OC=***&target=eflaw&type=XML&query=%EC%A1%B0%EC%84%B8%ED%8A%B9%EB%A1%80%EC%A0%9C%ED%95%9C%EB%B2%95&display=100&page=1&nw=2,200,9259,1,http://www.law.go.kr,
2026-09-29T04:49:32+0000,api,http://www.law.go.kr/DRF/lawSearch.do?OC=***&target=eflaw&type=XML&query=%EA%B5%AD%EC%A0%9C%EC%A1%B0%EC%84%B8%EC%A1%B0%EC%A0%95%EC%97%90+%EA%B4%80%ED%95%9C+%EB%B2%95%EB%A5%A0&display=100&page=1&nw=3,200,2806,1,http://www.law.go.kr,
2026-09-29T04:49:32+0000,api,http://www.law.go.kr/DRF/lawSearch.do?OC=***&target=eflaw&type=XML&query=%EA%B5%AD%EC%A0%9C%EC%A1%B0%EC%84%B8%EC%A1%B0%EC%A0%95%EC%97%90+%EA%B4%80%ED%95%9C+%EB%B2%95%EB%A5%A0&display=100&page=1&nw=2,200,285,1,http://www.law.go.kr,
2026-09-29T04:49:33+0000,api,http://www.law.go.kr/DRF/lawSearch.do?OC=***&target=eflaw&type=XML&query=%EC%99%B8%EA%B5%AD%EC%9D%B8%ED%88%AC%EC%9E%90+%EC%B4%89%EC%A7%84%EB%B2%95&display=100&page=1&nw=3,200,2698,1,http://www.law.go.kr,
2026-09-29T04:49:34+0000,api,http://www.law.go.kr/DRF/lawSearch.do?OC=***&target=eflaw&type=XML&query=%EC%99%B8%EA%B5%AD%EC%9D%B8%ED%88%AC%EC%9E%90+%EC%B4%89%EC%A7%84%EB%B2%95&display=100&page=1&nw=2,200,275,1,http://www.law.go.kr,
2026-09-29T04:49:34+0000,api,http://www.law.go.kr/DRF/lawSearch.do?OC=***&target=eflaw&type=XML&query=%EC%9D%B8%EA%B3%B5%EC%A7%80%EB%8A%A5+%EB%B0%9C%EC%A0%84%EA%B3%BC+%EC%8B%A0%EB%A2%B0+%EA%B8%B0%EB%B0%98+%EC%A1%B0%EC%84%B1+%EB%93%B1%EC%97%90+%EA%B4%80%ED%95%9C+%EA%B8%B0%EB%B3%B8%EB%B2%95&display=100&page=1&nw=3,200,2069,1,http://www.law.go.kr,
2026-09-29T04:49:35+0000,api,http://www.law.go.kr/DRF/lawSearch.do?OC=***&target=eflaw&type=XML&query=%EC%9D%B8%EA%B3%B5%EC%A7%80%EB%8A%A5+%EB%B0%9C%EC%A0%84%EA%B3%BC+%EC%8B%A0%EB%A2%B0+%EA%B8%B0%EB%B0%98+%EC%A1%B0%EC%84%B1+%EB%93%B1%EC%97%90+%EA%B4%80%ED%95%9C+%EA%B8%B0%EB%B3%B8%EB%B2%95&display=100&page=1&nw=2,200,317,1,http://www.law.go.kr,
2026-09-29T04:49:36+0000,api,http://www.law.go.kr/DRF/lawSearch.do?OC=***&target=eflaw&type=XML&query=%ED%8C%8C%EA%B2%AC%EA%B7%BC%EB%A1%9C%EC%9E%90+%EB%B3%B4%ED%98%B8+%EB%93%B1%EC%97%90+%EA%B4%80%ED%95%9C+%EB%B2%95%EB%A5%A0&display=100&page=1&nw=3,200,2802,1,http://www.law.go.kr,
2026-09-29T04:49:37+0000,api,http://www.law.go.kr/DRF/lawSearch.do?OC=***&target=eflaw&type=XML&query=%ED%8C%8C%EA%B2%AC%EA%B7%BC%EB%A1%9C%EC%9E%90+%EB%B3%B4%ED%98%B8+%EB%93%B1%EC%97%90+%EA%B4%80%ED%95%9C+%EB%B2%95%EB%A5%A0&display=100&page=1&nw=2,200,293,1,http://www.law.go.kr,
2026-09-29T04:49:37+0000,api,http://www.law.go.kr/DRF/lawSearch.do?OC=***&target=eflaw&type=XML&query=%EC%A0%95%EB%B3%B4%ED%86%B5%EC%8B%A0%EB%A7%9D+%EC%9D%B4%EC%9A%A9%EC%B4%89%EC%A7%84+%EB%B0%8F+%EC%A0%95%EB%B3%B4%EB%B3%B4%ED%98%B8+%EB%93%B1%EC%97%90+%EA%B4%80%ED%95%9C+%EB%B2%95%EB%A5%A0&display=100&page=1&nw=3,200,3086,1,http://www.law.go.kr,
2026-09-29T04:49:38+0000,api,http://www.law.go.kr/DRF/lawSearch.do?OC=***&target=eflaw&type=XML&query=%EC%A0%95%EB%B3%B4%ED%86%B5%EC%8B%A0%EB%A7%9D+%EC%9D%B4%EC%9A%A9%EC%B4%89%EC%A7%84+%EB%B0%8F+%EC%A0%95%EB%B3%B4%EB%B3%B4%ED%98%B8+%EB%93%B1%EC%97%90+%EA%B4%80%ED%95%9C+%EB%B2%95%EB%A5%A0&display=100&page=1&nw=2,200,3958,1,http://www.law.go.kr,
2026-09-29T04:49:39+0000,api,http://www.law.go.kr/DRF/lawSearch.do?OC=***&target=eflaw&type=XML&query=%EC%A4%91%EB%8C%80%EC%9E%AC%ED%95%B4+%EC%B2%98%EB%B2%8C+%EB%93%B1%EC%97%90+%EA%B4%80%ED%95%9C+%EB%B2%95%EB%A5%A0&display=100&page=1&nw=3,200,2276,1,http://www.law.go.kr,
2026-09-29T04:49:39+0000,api,http://www.law.go.kr/DRF/lawSearch.do?OC=***&target=eflaw&type=XML&query=%EC%A4%91%EB%8C%80%EC%9E%AC%ED%95%B4+%EC%B2%98%EB%B2%8C+%EB%93%B1%EC%97%90+%EA%B4%80%ED%95%9C+%EB%B2%95%EB%A5%A0&display=100&page=1&nw=2,200,290,1,http://www.law.go.kr,
2026-09-29T04:49:40+0000,api,http://www.law.go.kr/DRF/lawSearch.do?OC=***&target=admrul&type=XML&query=%EA%B8%88%EC%9C%B5%EC%A7%80%EC%A3%BC%ED%9A%8C%EC%82%AC%EA%B0%90%EB%8F%85%EA%B7%9C%EC%A0%95&display=100&page=1,200,1803,1,http://www.law.go.kr,
2026-09-29T04:49:40+0000,api,http://www.law.go.kr/DRF/lawSearch.do?OC=***&target=admrul&type=XML&query=%EA%B8%88%EC%9C%B5%EC%A7%80%EC%A3%BC%ED%9A%8C%EC%82%AC%EA%B0%90%EB%8F%85%EA%B7%9C%EC%A0%95+%EC%8B%9C%ED%96%89%EC%84%B8%EC%B9%99&display=100&page=1,200,1065,1,http://www.law.go.kr,
2026-09-29T04:49:41+0000,api,http://www.law.go.kr/DRF/lawSearch.do?OC=***&target=admrul&type=XML&query=%EA%B8%88%EC%9C%B5%ED%9A%8C%EC%82%AC+%EC%A7%80%EB%B0%B0%EA%B5%AC%EC%A1%B0+%EA%B0%90%EB%8F%85%EA%B7%9C%EC%A0%95&display=100&page=1,200,1828,1,http://www.law.go.kr,
2026-09-29T04:49:42+0000,api,http://www.law.go.kr/DRF/lawSearch.do?OC=***&target=admrul&type=XML&query=%EA%B8%88%EC%9C%B5%ED%9A%8C%EC%82%AC+%EC%A7%80%EB%B0%B0%EA%B5%AC%EC%A1%B0+%EA%B0%90%EB%8F%85%EA%B7%9C%EC%A0%95+%EC%8B%9C%ED%96%89%EC%84%B8%EC%B9%99&display=100&page=1,200,1082,1,http://www.law.go.kr,
2026-09-29T04:49:42+0000,api,http://www.law.go.kr/DRF/lawSearch.do?OC=***&target=admrul&type=XML&query=%EB%B3%B4%ED%97%98%EC%97%85%EA%B0%90%EB%8F%85%EA%B7%9C%EC%A0%95&display=100&page=1,200,1776,1,http://www.law.go.kr,
2026-09-29T04:49:43+0000,api,http://www.law.go.kr/DRF/lawSearch.do?OC=***&target=admrul&type=XML&query=%EB%B3%B4%ED%97%98%EC%97%85%EA%B0%90%EB%8F%85%EC%97%85%EB%AC%B4%EC%8B%9C%ED%96%89%EC%84%B8%EC%B9%99&display=100&page=1,200,1046,1,http://www.law.go.kr,
2026-09-29T04:49:43+0000,api,http://www.law.go.kr/DRF/lawSearch.do?OC=***&target=admrul&type=XML&query=%EA%B8%88%EC%9C%B5%ED%9A%8C%EC%82%AC%EC%9D%98+%EC%97%85%EB%AC%B4%EC%9C%84%ED%83%81+%EB%93%B1%EC%97%90+%EA%B4%80%ED%95%9C+%EA%B7%9C%EC%A0%95&display=100&page=1,200,309,1,http://www.law.go.kr,
2026-09-29T04:49:44+0000,api,http://www.law.go.kr/DRF/lawSearch.do?OC=***&target=admrul&type=XML&query=%EA%B8%88%EC%9C%B5%ED%9A%8C%EC%82%AC%EC%9D%98+%EC%A0%95%EB%B3%B4%EC%B2%98%EB%A6%AC+%EC%97%85%EB%AC%B4+%EC%9C%84%ED%83%81%EC%97%90+%EA%B4%80%ED%95%9C+%EA%B7%9C%EC%A0%95&display=100&page=1,200,1098,1,http://www.law.go.kr,
2026-09-29T04:49:45+0000,api,http://www.law.go.kr/DRF/lawSearch.do?OC=***&target=admrul&type=XML&query=%EC%A0%84%EC%9E%90%EA%B8%88%EC%9C%B5%EA%B0%90%EB%8F%85%EA%B7%9C%EC%A0%95&display=100&page=1,200,1785,1,http://www.law.go.kr,
2026-09-29T04:49:45+0000,api,http://www.law.go.kr/DRF/lawSearch.do?OC=***&target=admrul&type=XML&query=%EC%A0%84%EC%9E%90%EA%B8%88%EC%9C%B5%EA%B0%90%EB%8F%85%EA%B7%9C%EC%A0%95%EC%8B%9C%ED%96%89%EC%84%B8%EC%B9%99&display=100&page=1,200,1052,1,http://www.law.go.kr,
2026-09-29T04:49:46+0000,api,http://www.law.go.kr/DRF/lawSearch.do?OC=***&target=admrul&type=XML&query=%EC%8B%A0%EC%9A%A9%EC%A0%95%EB%B3%B4%EC%97%85%EA%B0%90%EB%8F%85%EA%B7%9C%EC%A0%95&display=100&page=1,200,1035,1,http://www.law.go.kr,
2026-09-29T04:49:47+0000,api,http://www.law.go.kr/DRF/lawSearch.do?OC=***&target=admrul&type=XML&query=%EA%B8%88%EC%9C%B5%EC%86%8C%EB%B9%84%EC%9E%90+%EB%B3%B4%ED%98%B8%EC%97%90+%EA%B4%80%ED%95%9C+%EA%B0%90%EB%8F%85%EA%B7%9C%EC%A0%95&display=100&page=1,200,1848,1,http://www.law.go.kr,
2026-09-29T04:49:47+0000,api,http://www.law.go.kr/DRF/lawSearch.do?OC=***&target=admrul&type=XML&query=%EC%99%B8%EA%B5%AD%ED%99%98%EA%B1%B0%EB%9E%98%EA%B7%9C%EC%A0%95&display=100&page=1,200,1791,1,http://www.law.go.kr,
2026-09-29T04:49:48+0000,api,http://www.law.go.kr/DRF/lawSearch.do?OC=***&target=admrul&type=XML&query=%EA%B0%9C%EC%9D%B8%EC%A0%95%EB%B3%B4%EC%9D%98+%EC%95%88%EC%A0%84%EC%84%B1+%ED%99%95%EB%B3%B4%EC%A1%B0%EC%B9%98+%EA%B8%B0%EC%A4%80&display=100&page=1,200,1082,1,http://www.law.go.kr,
2026-09-29T04:49:49+0000,api,http://www.law.go.kr/DRF/lawSearch.do?OC=***&target=admrul&type=XML&query=%EC%9E%90%EA%B8%88%EC%84%B8%ED%83%81%EB%B0%A9%EC%A7%80+%EB%B0%8F+%EA%B3%B5%EC%A4%91%ED%98%91%EB%B0%95%EC%9E%90%EA%B8%88%EC%A1%B0%EB%8B%AC%EA%B8%88%EC%A7%80%EC%97%90+%EA%B4%80%ED%95%9C+%EC%97%85%EB%AC%B4%EA%B7%9C%EC%A0%95&display=100&page=1,200,1140,1,http://www.law.go.kr,
2026-09-29T04:49:49+0000,api,http://www.law.go.kr/DRF/lawSearch.do?OC=***&target=admrul&type=XML&query=%ED%8A%B9%EC%A0%95+%EA%B8%88%EC%9C%B5%EA%B1%B0%EB%9E%98%EC%A0%95%EB%B3%B4+%EB%B3%B4%EA%B3%A0+%EB%B0%8F+%EA%B0%90%EB%8F%85%EA%B7%9C%EC%A0%95&display=100&page=1,200,1084,1,http://www.law.go.kr,
2026-09-29T04:49:50+0000,api,http://www.law.go.kr/DRF/lawSearch.do?OC=***&target=admrul&type=XML&query=%EA%B8%88%EC%9C%B5%EA%B8%B0%EA%B4%80+%EA%B2%80%EC%82%AC+%EB%B0%8F+%EC%A0%9C%EC%9E%AC%EC%97%90+%EA%B4%80%ED%95%9C+%EA%B7%9C%EC%A0%95&display=100&page=1,200,1851,1,http://www.law.go.kr,
2026-09-29T04:49:50+0000,api,http://www.law.go.kr/DRF/lawSearch.do?OC=***&target=admrul&type=XML&query=%EA%B8%88%EC%9C%B5%EA%B8%B0%EA%B4%80+%EA%B2%80%EC%82%AC+%EB%B0%8F+%EC%A0%9C%EC%9E%AC%EC%97%90+%EA%B4%80%ED%95%9C+%EA%B7%9C%EC%A0%95+%EC%8B%9C%ED%96%89%EC%84%B8%EC%B9%99&display=100&page=1,200,1100,1,http://www.law.go.kr,
2026-09-29T04:49:51+0000,api,http://www.law.go.kr/DRF/lawSearch.do?OC=***&target=admrul&type=XML&query=%ED%95%9C%EA%B5%AD%ED%91%9C%EC%A4%80%EC%82%B0%EC%97%85%EB%B6%84%EB%A5%98&display=100&page=1,200,1033,1,http://www.law.go.kr,
2026-09-29T04:50:10+0000,api,http://www.law.go.kr/DRF/lawSearch.do?OC=***&target=admrul&type=XML&query=%EC%97%85%EB%AC%B4%EC%9C%84%ED%83%81&display=100&page=1,200,79807,1,http://www.law.go.kr,
2026-09-29T04:50:11+0000,api,http://www.law.go.kr/DRF/lawSearch.do?OC=***&target=admrul&type=XML&query=%EC%97%85%EB%AC%B4%EC%9C%84%ED%83%81&display=100&page=2,200,60909,1,http://www.law.go.kr,
2026-09-29T04:50:11+0000,api,http://www.law.go.kr/DRF/lawSearch.do?OC=***&target=admrul&type=XML&query=%EC%97%85%EB%AC%B4%EC%9C%84%ED%83%81+%EB%93%B1%EC%97%90+%EA%B4%80%ED%95%9C+%EA%B7%9C%EC%A0%95&display=100&page=1,200,3428,1,http://www.law.go.kr,
2026-09-29T04:50:26+0000,api,http://www.law.go.kr/DRF/lawService.do?OC=***&target=lsStmd&MST=254783&type=XML,200,7379,1,http://www.law.go.kr,
2026-09-29T04:50:28+0000,api,http://www.law.go.kr/DRF/lawService.do?OC=***&target=eflaw&MST=254783&efYd=20230914&type=XML,200,297465,1,http://www.law.go.kr,
2026-09-29T04:50:38+0000,api,http://www.law.go.kr/DRF/lawService.do?OC=***&target=eflaw&MST=278145&efYd=20251001&type=XML,200,410448,1,http://www.law.go.kr,
2026-09-29T04:50:49+0000,file,http://www.law.go.kr/LSW/flDownload.do?flSeq=156982451,200,139723,1,http://www.law.go.kr,
2026-09-29T04:50:51+0000,file,http://www.law.go.kr/LSW/flDownload.do?flSeq=156982473,200,20644,1,http://www.law.go.kr,
2026-09-29T04:50:54+0000,file,http://www.law.go.kr/LSW/flDownload.do?flSeq=156982487,200,146687,1,http://www.law.go.kr,
2026-09-29T04:51:10+0000,file,http://www.law.go.kr/LSW/flDownload.do?flSeq=156982503,200,13942,2,http://www.law.go.kr,
2026-09-29T04:51:25+0000,file,http://www.law.go.kr/LSW/flDownload.do?flSeq=156982511,200,83810,2,http://www.law.go.kr,
2026-09-29T04:51:27+0000,file,http://www.law.go.kr/LSW/flDownload.do?flSeq=156982517,200,127129,1,http://www.law.go.kr,
2026-09-29T04:51:30+0000,file,http://www.law.go.kr/LSW/flDownload.do?flSeq=156982527,200,89448,1,http://www.law.go.kr,
2026-09-29T04:51:32+0000,file,http://www.law.go.kr/LSW/flDownload.do?flSeq=156982537,200,125579,1,http://www.law.go.kr,
2026-09-29T04:51:34+0000,file,http://www.law.go.kr/LSW/flDownload.do?flSeq=156982545,200,64620,1,http://www.law.go.kr,
2026-09-29T04:51:36+0000,file,http://www.law.go.kr/LSW/flDownload.do?flSeq=156982555,200,104283,1,http://www.law.go.kr,
2026-09-29T04:51:38+0000,file,http://www.law.go.kr/LSW/flDownload.do?flSeq=156982561,200,53623,1,http://www.law.go.kr,
2026-09-29T04:52:10+0000,api,http://www.law.go.kr/DRF/lawService.do?OC=***&target=lsStmd&MST=254783&type=XML,200,7379,1,http://www.law.go.kr,
2026-09-29T04:52:12+0000,api,http://www.law.go.kr/DRF/lawService.do?OC=***&target=eflaw&MST=254783&efYd=20230914&type=XML,200,297465,1,http://www.law.go.kr,
2026-09-29T04:52:21+0000,api,http://www.law.go.kr/DRF/lawService.do?OC=***&target=eflaw&MST=278145&efYd=20251001&type=XML,200,410448,1,http://www.law.go.kr,
2026-09-29T04:52:33+0000,file,http://www.law.go.kr/LSW/flDownload.do?flSeq=156982451,200,139723,1,http://www.law.go.kr,
2026-09-29T04:52:35+0000,file,http://www.law.go.kr/LSW/flDownload.do?flSeq=156982473,200,20644,1,http://www.law.go.kr,
2026-09-29T04:52:37+0000,file,http://www.law.go.kr/LSW/flDownload.do?flSeq=156982487,200,146687,1,http://www.law.go.kr,
2026-09-29T04:52:54+0000,file,http://www.law.go.kr/LSW/flDownload.do?flSeq=156982503,200,13942,2,http://www.law.go.kr,
2026-09-29T04:53:10+0000,file,http://www.law.go.kr/LSW/flDownload.do?flSeq=156982511,200,83810,2,http://www.law.go.kr,
2026-09-29T04:53:12+0000,file,http://www.law.go.kr/LSW/flDownload.do?flSeq=156982517,200,127129,1,http://www.law.go.kr,
2026-09-29T04:54:03+0000,file,https://www.law.go.kr/LSW/flDownload.do?flSeq=156982527,200,89448,4,https://www.law.go.kr,
2026-09-29T04:54:35+0000,file,http://www.law.go.kr/LSW/flDownload.do?flSeq=156982537,200,125579,3,http://www.law.go.kr,
2026-09-29T04:54:37+0000,file,http://www.law.go.kr/LSW/flDownload.do?flSeq=156982545,200,64620,1,http://www.law.go.kr,
2026-09-29T04:54:39+0000,file,http://www.law.go.kr/LSW/flDownload.do?flSeq=156982555,200,104283,1,http://www.law.go.kr,
2026-09-29T04:55:29+0000,file,https://www.law.go.kr/LSW/flDownload.do?flSeq=156982561,200,53623,4,https://www.law.go.kr,
2026-09-29T05:55:35+0000,api,http://www.law.go.kr/DRF/lawSearch.do?OC=***&target=admrul&type=XML&query=%EB%B3%B4%ED%97%98%EC%97%85%EA%B0%90%EB%8F%85%EA%B7%9C%EC%A0%95&display=100&page=1,200,1776,1,http://www.law.go.kr,
2026-09-29T05:55:36+0000,api,http://www.law.go.kr/DRF/lawSearch.do?OC=***&target=admrul&type=XML&query=%EC%99%B8%EA%B5%AD%ED%99%98%EA%B1%B0%EB%9E%98%EA%B7%9C%EC%A0%95&display=100&page=1,200,1791,1,http://www.law.go.kr,
2026-09-29T05:55:45+0000,api,http://www.law.go.kr/DRF/lawSearch.do?OC=***&target=admrul&type=XML&query=%EB%B3%B4%ED%97%98%EC%97%85%EA%B0%90%EB%8F%85%EA%B7%9C%EC%A0%95&display=100&page=1&nw=2,200,74746,1,http://www.law.go.kr,
2026-09-29T05:55:47+0000,api,http://www.law.go.kr/DRF/lawSearch.do?OC=***&target=admrul&type=XML&query=%EB%B3%B4%ED%97%98%EC%97%85%EA%B0%90%EB%8F%85%EA%B7%9C%EC%A0%95&display=100&page=2&nw=2,200,75428,1,http://www.law.go.kr,
2026-09-29T05:55:48+0000,api,http://www.law.go.kr/DRF/lawSearch.do?OC=***&target=admrul&type=XML&query=%EB%B3%B4%ED%97%98%EC%97%85%EA%B0%90%EB%8F%85%EA%B7%9C%EC%A0%95&display=100&page=3&nw=2,200,75785,1,http://www.law.go.kr,
2026-09-29T05:55:49+0000,api,http://www.law.go.kr/DRF/lawSearch.do?OC=***&target=admrul&type=XML&query=%EB%B3%B4%ED%97%98%EC%97%85%EA%B0%90%EB%8F%85%EA%B7%9C%EC%A0%95&display=100&page=4&nw=2,200,21424,1,http://www.law.go.kr,
2026-09-29T05:57:05+0000,file,http://www.law.go.kr/flDownload.do?flSeq=157740997,200,632364,1,http://www.law.go.kr,
2026-09-29T06:04:53+0000,api,http://www.law.go.kr/DRF/lawSearch.do?OC=***&target=eflaw&type=XML&query=%EC%A3%BC%EC%8B%9D%E3%86%8D%EC%82%AC%EC%B1%84+%EB%93%B1%EC%9D%98+%EC%A0%84%EC%9E%90%EB%93%B1%EB%A1%9D%EC%97%90+%EA%B4%80%ED%95%9C+%EB%B2%95%EB%A5%A0&display=100&page=1&nw=3,200,2024,1,http://www.law.go.kr,
2026-09-29T06:04:54+0000,api,http://www.law.go.kr/DRF/lawSearch.do?OC=***&target=eflaw&type=XML&query=%EC%A3%BC%EC%8B%9D%E3%86%8D%EC%82%AC%EC%B1%84+%EB%93%B1%EC%9D%98+%EC%A0%84%EC%9E%90%EB%93%B1%EB%A1%9D%EC%97%90+%EA%B4%80%ED%95%9C+%EB%B2%95%EB%A5%A0&display=100&page=1&nw=2,200,2036,1,http://www.law.go.kr,
2026-09-29T06:04:55+0000,api,http://www.law.go.kr/DRF/lawSearch.do?OC=***&target=admrul&type=XML&query=%EA%B8%88%EC%9C%B5%EA%B8%B0%EA%B4%80%EC%9D%98+%EC%97%85%EB%AC%B4%EC%9C%84%ED%83%81+%EB%93%B1%EC%97%90+%EA%B4%80%ED%95%9C+%EA%B7%9C%EC%A0%95&display=100&page=1,200,1079,1,http://www.law.go.kr,
2026-09-29T06:04:59+0000,api,http://www.law.go.kr/DRF/lawService.do?OC=***&target=lsStmd&MST=283839&type=XML,200,150843,1,http://www.law.go.kr,
2026-09-29T06:05:02+0000,api,http://www.law.go.kr/DRF/lawService.do?OC=***&target=eflaw&MST=283839&efYd=20260911&type=XML,200,376323,1,http://www.law.go.kr,
2026-09-29T06:05:08+0000,api,http://www.law.go.kr/DRF/lawService.do?OC=***&target=eflaw&MST=283839&efYd=20270701&type=XML,200,388956,1,http://www.law.go.kr,
2026-09-29T06:05:15+0000,api,http://www.law.go.kr/DRF/lawService.do?OC=***&target=eflaw&MST=289415&efYd=20270309&type=XML,200,379027,1,http://www.law.go.kr,
2026-09-29T06:05:21+0000,api,http://www.law.go.kr/DRF/lawService.do?OC=***&target=eflaw&MST=289537&efYd=20260911&type=XML,200,515144,1,http://www.law.go.kr,
2026-09-29T06:05:24+0000,file,http://www.law.go.kr/LSW/flDownload.do?flSeq=169113627,200,107041,1,http://www.law.go.kr,
2026-09-29T06:05:26+0000,file,http://www.law.go.kr/LSW/flDownload.do?flSeq=169113635,200,68043,1,http://www.law.go.kr,
2026-09-29T06:05:28+0000,file,http://www.law.go.kr/LSW/flDownload.do?flSeq=169113641,200,129297,1,http://www.law.go.kr,
2026-09-29T06:05:43+0000,file,http://www.law.go.kr/LSW/flDownload.do?flSeq=169113649,200,56499,2,http://www.law.go.kr,재시도 전 오류: URLError: <urlopen error [Errno 104] Connection reset by peer>
2026-09-29T06:06:16+0000,file,http://www.law.go.kr/LSW/flDownload.do?flSeq=169113655,200,132830,3,http://www.law.go.kr,재시도 전 오류: URLError: <urlopen error [Errno 104] Connection reset by peer> ; URLError: <urlopen error [Errno 104] Connection reset by peer>
2026-09-29T06:06:20+0000,file,http://www.law.go.kr/LSW/flDownload.do?flSeq=169113665,200,191678,1,http://www.law.go.kr,
2026-09-29T06:06:32+0000,api,http://www.law.go.kr/DRF/lawService.do?OC=***&target=lsStmd&MST=284345&type=XML,200,71575,1,http://www.law.go.kr,
2026-09-29T06:06:34+0000,api,http://www.law.go.kr/DRF/lawService.do?OC=***&target=eflaw&MST=284345&efYd=20260918&type=XML,200,262271,1,http://www.law.go.kr,
2026-09-29T06:06:37+0000,file,http://www.law.go.kr/LSW/flDownload.do?flSeq=162243203,200,283187,1,http://www.law.go.kr,
2026-09-29T06:06:42+0000,api,http://www.law.go.kr/DRF/lawService.do?OC=***&target=eflaw&MST=279293&efYd=20271029&type=XML,200,267509,1,http://www.law.go.kr,
2026-09-29T06:06:46+0000,file,http://www.law.go.kr/LSW/flDownload.do?flSeq=163663657,200,283652,1,http://www.law.go.kr,
2026-09-29T06:06:51+0000,api,http://www.law.go.kr/DRF/lawService.do?OC=***&target=eflaw&MST=285703&efYd=20270429&type=XML,200,265812,1,http://www.law.go.kr,
2026-09-29T06:06:54+0000,file,http://www.law.go.kr/LSW/flDownload.do?flSeq=163663543,200,283576,1,http://www.law.go.kr,
2026-09-29T06:06:58+0000,api,http://www.law.go.kr/DRF/lawService.do?OC=***&target=eflaw&MST=285363&efYd=20270408&type=XML,200,263700,1,http://www.law.go.kr,
2026-09-29T06:07:01+0000,file,http://www.law.go.kr/LSW/flDownload.do?flSeq=163312447,200,283566,1,http://www.law.go.kr,
2026-09-29T06:07:06+0000,api,http://www.law.go.kr/DRF/lawService.do?OC=***&target=eflaw&MST=285211&efYd=20270401&type=XML,200,263102,1,http://www.law.go.kr,
2026-09-29T06:07:23+0000,file,http://www.law.go.kr/LSW/flDownload.do?flSeq=162847739,200,283403,2,http://www.law.go.kr,재시도 전 오류: URLError: <urlopen error [Errno 104] Connection reset by peer>
2026-09-29T06:07:27+0000,api,http://www.law.go.kr/DRF/lawService.do?OC=***&target=eflaw&MST=283909&efYd=20270311&type=XML,200,263820,1,http://www.law.go.kr,
2026-09-29T06:07:29+0000,file,http://www.law.go.kr/LSW/flDownload.do?flSeq=162846865,200,283299,1,http://www.law.go.kr,
2026-09-29T06:07:34+0000,api,http://www.law.go.kr/DRF/lawService.do?OC=***&target=eflaw&MST=285175&efYd=20261001&type=XML,200,259926,1,http://www.law.go.kr,
2026-09-29T06:07:51+0000,file,http://www.law.go.kr/LSW/flDownload.do?flSeq=162846751,200,283147,2,http://www.law.go.kr,재시도 전 오류: URLError: <urlopen error [Errno 104] Connection reset by peer>
2026-09-29T06:07:55+0000,api,http://www.law.go.kr/DRF/lawService.do?OC=***&target=eflaw&MST=290579&efYd=20260929&type=XML,200,128621,1,http://www.law.go.kr,
2026-09-29T06:07:57+0000,file,http://www.law.go.kr/LSW/flDownload.do?flSeq=169576873,200,14886,1,http://www.law.go.kr,
2026-09-29T06:08:13+0000,file,http://www.law.go.kr/LSW/flDownload.do?flSeq=169576879,200,84531,2,http://www.law.go.kr,재시도 전 오류: URLError: <urlopen error [Errno 104] Connection reset by peer>
2026-09-29T06:08:45+0000,file,http://www.law.go.kr/LSW/flDownload.do?flSeq=169576885,200,13504,3,http://www.law.go.kr,재시도 전 오류: URLError: <urlopen error [Errno 104] Connection reset by peer> ; URLError: <urlopen error [Errno 104] Connection reset by peer>
2026-09-29T06:08:47+0000,file,http://www.law.go.kr/LSW/flDownload.do?flSeq=169576891,200,112396,1,http://www.law.go.kr,
2026-09-29T06:08:55+0000,api,http://www.law.go.kr/DRF/lawService.do?OC=***&target=lsStmd&MST=285951&type=XML,200,45410,1,http://www.law.go.kr,
2026-09-29T06:08:58+0000,api,http://www.law.go.kr/DRF/lawService.do?OC=***&target=eflaw&MST=285951&efYd=20260512&type=XML,200,408894,1,http://www.law.go.kr,
2026-09-29T06:09:05+0000,api,http://www.law.go.kr/DRF/lawService.do?OC=***&target=eflaw&MST=289403&efYd=20270909&type=XML,200,426905,1,http://www.law.go.kr,
2026-09-29T06:09:14+0000,api,http://www.law.go.kr/DRF/lawService.do?OC=***&target=eflaw&MST=259971&efYd=20270207&type=XML,200,433674,1,http://www.law.go.kr,
2026-09-29T06:09:22+0000,api,http://www.law.go.kr/DRF/lawService.do?OC=***&target=eflaw&MST=290153&efYd=20261002&type=XML,200,410770,1,http://www.law.go.kr,
2026-09-29T06:09:32+0000,api,http://www.law.go.kr/DRF/lawService.do?OC=***&target=eflaw&MST=288605&efYd=20261002&type=XML,200,416058,1,http://www.law.go.kr,
2026-09-29T06:09:42+0000,api,http://www.law.go.kr/DRF/lawService.do?OC=***&target=eflaw&MST=284737&efYd=20260324&type=XML,200,444173,1,http://www.law.go.kr,
2026-09-29T06:09:58+0000,file,http://www.law.go.kr/LSW/flDownload.do?flSeq=162444931,200,77671,2,http://www.law.go.kr,재시도 전 오류: URLError: <urlopen error [Errno 104] Connection reset by peer>
2026-09-29T06:10:00+0000,file,http://www.law.go.kr/LSW/flDownload.do?flSeq=162444937,200,148856,1,http://www.law.go.kr,
2026-09-29T06:10:32+0000,file,http://www.law.go.kr/LSW/flDownload.do?flSeq=162445549,200,118054,3,http://www.law.go.kr,재시도 전 오류: URLError: <urlopen error [Errno 104] Connection reset by peer> ; URLError: <urlopen error [Errno 104] Connection reset by peer>
2026-09-29T06:10:34+0000,file,http://www.law.go.kr/LSW/flDownload.do?flSeq=162445557,200,134329,1,http://www.law.go.kr,
2026-09-29T06:10:36+0000,file,http://www.law.go.kr/LSW/flDownload.do?flSeq=162445563,200,74094,1,http://www.law.go.kr,
2026-09-29T06:10:40+0000,file,http://www.law.go.kr/LSW/flDownload.do?flSeq=162445569,200,164671,1,http://www.law.go.kr,
2026-09-29T06:10:43+0000,file,http://www.law.go.kr/LSW/flDownload.do?flSeq=162445583,200,109185,1,http://www.law.go.kr,
2026-09-29T06:10:45+0000,file,http://www.law.go.kr/LSW/flDownload.do?flSeq=162445591,200,90117,1,http://www.law.go.kr,
2026-09-29T06:10:47+0000,file,http://www.law.go.kr/LSW/flDownload.do?flSeq=162445597,200,136500,1,http://www.law.go.kr,
2026-09-29T06:10:49+0000,file,http://www.law.go.kr/LSW/flDownload.do?flSeq=162445607,200,116781,1,http://www.law.go.kr,
2026-09-29T06:10:58+0000,api,http://www.law.go.kr/DRF/lawService.do?OC=***&target=lsStmd&MST=277247&type=XML,200,4921,1,http://www.law.go.kr,
2026-09-29T06:11:00+0000,api,http://www.law.go.kr/DRF/lawService.do?OC=***&target=eflaw&MST=277247&efYd=20260102&type=XML,200,240704,1,http://www.law.go.kr,
2026-09-29T06:11:05+0000,api,http://www.law.go.kr/DRF/lawService.do?OC=***&target=eflaw&MST=285715&efYd=20260428&type=XML,200,270036,1,http://www.law.go.kr,
2026-09-29T06:11:21+0000,file,http://www.law.go.kr/LSW/flDownload.do?flSeq=163627339,200,125461,2,http://www.law.go.kr,재시도 전 오류: URLError: <urlopen error [Errno 104] Connection reset by peer>
2026-09-29T06:11:23+0000,file,http://www.law.go.kr/LSW/flDownload.do?flSeq=163627347,200,81188,1,http://www.law.go.kr,
2026-09-29T06:11:39+0000,file,http://www.law.go.kr/LSW/flDownload.do?flSeq=163627353,200,97562,2,http://www.law.go.kr,재시도 전 오류: URLError: <urlopen error [Errno 104] Connection reset by peer>
2026-09-29T06:11:41+0000,file,http://www.law.go.kr/LSW/flDownload.do?flSeq=163627359,200,139676,1,http://www.law.go.kr,
2026-09-29T06:11:49+0000,api,http://www.law.go.kr/DRF/lawService.do?OC=***&target=lsStmd&MST=273629&type=XML,200,5477,1,http://www.law.go.kr,
2026-09-29T06:11:54+0000,api,http://www.law.go.kr/DRF/lawService.do?OC=***&target=eflaw&MST=273629&efYd=20260910&type=XML,200,1497842,1,http://www.law.go.kr,
2026-09-29T06:12:10+0000,api,http://www.law.go.kr/DRF/lawService.do?OC=***&target=eflaw&MST=284143&efYd=20270101&type=XML,200,1520673,1,http://www.law.go.kr,
2026-09-29T06:12:26+0000,api,http://www.law.go.kr/DRF/lawService.do?OC=***&target=eflaw&MST=272919&efYd=20270101&type=XML,200,1513958,1,http://www.law.go.kr,
2026-09-29T06:12:40+0000,api,http://www.law.go.kr/DRF/lawService.do?OC=***&target=eflaw&MST=288205&efYd=20260723&type=XML,200,165797,1,http://www.law.go.kr,
2026-09-29T06:12:44+0000,api,http://www.law.go.kr/DRF/lawService.do?OC=***&target=eflaw&MST=288205&efYd=20270101&type=XML,200,177564,1,http://www.law.go.kr,
2026-09-29T06:12:50+0000,api,http://www.law.go.kr/DRF/lawService.do?OC=***&target=lsStmd&MST=283841&type=XML,200,7464,1,http://www.law.go.kr,
2026-09-29T06:12:52+0000,api,http://www.law.go.kr/DRF/lawService.do?OC=***&target=eflaw&MST=283841&efYd=20260911&type=XML,200,387066,1,http://www.law.go.kr,
2026-09-29T06:12:55+0000,file,http://www.law.go.kr/LSW/flDownload.do?flSeq=164037093,200,65265,1,http://www.law.go.kr,
2026-09-29T06:13:02+0000,api,http://www.law.go.kr/DRF/lawService.do?OC=***&target=eflaw&MST=289539&efYd=20260911&type=XML,200,639591,1,http://www.law.go.kr,
2026-09-29T06:14:06+0000,file,https://www.law.go.kr/LSW/flDownload.do?flSeq=169148399,200,61973,5,https://www.law.go.kr,재시도 전 오류: URLError: <urlopen error [Errno 104] Connection reset by peer> ; URLError: <urlopen error [Errno 104] Connection reset by peer> ; URLError: <urlopen error [Errno 104] Connection reset by peer> ; URLError: <urlopen error [Errno 104] Connection reset by peer>
2026-09-29T06:14:08+0000,file,http://www.law.go.kr/LSW/flDownload.do?flSeq=169148411,200,73791,1,http://www.law.go.kr,
2026-09-29T06:14:11+0000,file,http://www.law.go.kr/LSW/flDownload.do?flSeq=169148423,200,91242,1,http://www.law.go.kr,
2026-09-29T06:14:27+0000,file,http://www.law.go.kr/LSW/flDownload.do?flSeq=169148437,200,83508,2,http://www.law.go.kr,재시도 전 오류: URLError: <urlopen error [Errno 104] Connection reset by peer>
2026-09-29T06:14:29+0000,file,http://www.law.go.kr/LSW/flDownload.do?flSeq=169148457,200,104102,1,http://www.law.go.kr,
2026-09-29T06:14:31+0000,file,http://www.law.go.kr/LSW/flDownload.do?flSeq=169148463,200,104388,1,http://www.law.go.kr,
2026-09-29T06:14:33+0000,file,http://www.law.go.kr/LSW/flDownload.do?flSeq=169148473,200,45098,1,http://www.law.go.kr,
2026-09-29T06:14:35+0000,file,http://www.law.go.kr/LSW/flDownload.do?flSeq=169148481,200,96436,1,http://www.law.go.kr,
2026-09-29T06:14:42+0000,api,http://www.law.go.kr/DRF/lawService.do?OC=***&target=eflaw&MST=220673&efYd=20200805&type=XML,200,35780,1,http://www.law.go.kr,
2026-09-29T06:14:44+0000,file,http://www.law.go.kr/LSW/flDownload.do?flSeq=72337469,200,116553,1,http://www.law.go.kr,
2026-09-29T06:14:48+0000,api,http://www.law.go.kr/DRF/lawService.do?OC=***&target=lsStmd&MST=270309&type=XML,200,6925,1,http://www.law.go.kr,
2026-09-29T06:14:51+0000,api,http://www.law.go.kr/DRF/lawService.do?OC=***&target=eflaw&MST=270309&efYd=20250401&type=XML,200,168748,1,http://www.law.go.kr,
2026-09-29T06:15:24+0000,file,http://www.law.go.kr/LSW/flDownload.do?flSeq=150429733,200,106433,3,http://www.law.go.kr,재시도 전 오류: URLError: <urlopen error [Errno 104] Connection reset by peer> ; URLError: <urlopen error [Errno 104] Connection reset by peer>
2026-09-29T06:15:27+0000,file,http://www.law.go.kr/LSW/flDownload.do?flSeq=150429741,200,106463,1,http://www.law.go.kr,
2026-09-29T06:15:35+0000,api,http://www.law.go.kr/DRF/lawService.do?OC=***&target=eflaw&MST=286317&efYd=20260526&type=XML,200,225818,1,http://www.law.go.kr,
2026-09-29T06:15:37+0000,file,http://www.law.go.kr/LSW/flDownload.do?flSeq=164496701,200,119041,1,http://www.law.go.kr,
2026-09-29T06:15:39+0000,file,http://www.law.go.kr/LSW/flDownload.do?flSeq=164496709,200,104687,1,http://www.law.go.kr,
2026-09-29T06:15:43+0000,api,http://www.law.go.kr/DRF/lawService.do?OC=***&target=eflaw&MST=212377&efYd=20191217&type=XML,200,43647,1,http://www.law.go.kr,
2026-09-29T06:15:50+0000,api,http://www.law.go.kr/DRF/lawService.do?OC=***&target=lsStmd&MST=276137&type=XML,200,23707,1,http://www.law.go.kr,
2026-09-29T06:15:52+0000,api,http://www.law.go.kr/DRF/lawService.do?OC=***&target=eflaw&MST=276137&efYd=20260102&type=XML,200,129689,1,http://www.law.go.kr,
2026-09-29T06:15:55+0000,api,http://www.law.go.kr/DRF/lawService.do?OC=***&target=eflaw&MST=286353&efYd=20261203&type=XML,200,144433,1,http://www.law.go.kr,
2026-09-29T06:15:58+0000,api,http://www.law.go.kr/DRF/lawService.do?OC=***&target=eflaw&MST=285607&efYd=20260428&type=XML,200,295990,1,http://www.law.go.kr,
2026-09-29T06:17:04+0000,file,https://www.law.go.kr/LSW/flDownload.do?flSeq=163619827,200,86476,5,https://www.law.go.kr,재시도 전 오류: URLError: <urlopen error [Errno 104] Connection reset by peer> ; URLError: <urlopen error [Errno 104] Connection reset by peer> ; URLError: <urlopen error [Errno 104] Connection reset by peer> ; URLError: <urlopen error [Errno 104] Connection reset by peer>
2026-09-29T06:17:20+0000,file,http://www.law.go.kr/LSW/flDownload.do?flSeq=163619833,200,78737,2,http://www.law.go.kr,재시도 전 오류: URLError: <urlopen error [Errno 104] Connection reset by peer>
2026-09-29T06:17:22+0000,file,http://www.law.go.kr/LSW/flDownload.do?flSeq=163619843,200,40885,1,http://www.law.go.kr,
2026-09-29T06:17:25+0000,file,http://www.law.go.kr/LSW/flDownload.do?flSeq=163619849,200,150384,1,http://www.law.go.kr,
2026-09-29T06:17:27+0000,file,http://www.law.go.kr/LSW/flDownload.do?flSeq=163619863,200,57816,1,http://www.law.go.kr,
2026-09-29T06:17:34+0000,api,http://www.law.go.kr/DRF/lawService.do?OC=***&target=lsStmd&MST=283193&type=XML,200,21885,1,http://www.law.go.kr,
2026-09-29T06:17:38+0000,api,http://www.law.go.kr/DRF/lawService.do?OC=***&target=eflaw&MST=283193&efYd=20260804&type=XML,200,2181694,1,http://www.law.go.kr,
2026-09-29T06:17:55+0000,file,http://www.law.go.kr/LSW/flDownload.do?flSeq=162138221,200,148610,2,http://www.law.go.kr,재시도 전 오류: URLError: <urlopen error [Errno 104] Connection reset by peer>
2026-09-29T06:18:12+0000,file,http://www.law.go.kr/LSW/flDownload.do?flSeq=162138269,200,79057,2,http://www.law.go.kr,재시도 전 오류: URLError: <urlopen error [Errno 104] Connection reset by peer>
2026-09-29T06:18:14+0000,file,http://www.law.go.kr/LSW/flDownload.do?flSeq=162138283,200,52734,1,http://www.law.go.kr,
2026-09-29T06:18:15+0000,file,http://www.law.go.kr/LSW/flDownload.do?flSeq=162138289,200,53031,1,http://www.law.go.kr,
2026-09-29T06:18:17+0000,file,http://www.law.go.kr/LSW/flDownload.do?flSeq=162138295,200,53625,1,http://www.law.go.kr,
2026-09-29T06:18:20+0000,file,http://www.law.go.kr/LSW/flDownload.do?flSeq=162138301,200,60557,1,http://www.law.go.kr,
2026-09-29T06:18:22+0000,file,http://www.law.go.kr/LSW/flDownload.do?flSeq=162138311,200,56346,1,http://www.law.go.kr,
2026-09-29T06:18:24+0000,file,http://www.law.go.kr/LSW/flDownload.do?flSeq=162138317,200,51434,1,http://www.law.go.kr,
2026-09-29T06:18:26+0000,file,http://www.law.go.kr/LSW/flDownload.do?flSeq=162138325,200,48682,1,http://www.law.go.kr,
2026-09-29T06:18:27+0000,file,http://www.law.go.kr/LSW/flDownload.do?flSeq=162138333,200,55809,1,http://www.law.go.kr,
2026-09-29T06:18:30+0000,file,http://www.law.go.kr/LSW/flDownload.do?flSeq=162138341,200,59727,1,http://www.law.go.kr,
2026-09-29T06:18:32+0000,file,http://www.law.go.kr/LSW/flDownload.do?flSeq=162138347,200,69513,1,http://www.law.go.kr,
2026-09-29T06:18:34+0000,file,http://www.law.go.kr/LSW/flDownload.do?flSeq=162138355,200,60873,1,http://www.law.go.kr,
2026-09-29T06:18:49+0000,file,http://www.law.go.kr/LSW/flDownload.do?flSeq=162138363,200,54262,2,http://www.law.go.kr,재시도 전 오류: URLError: <urlopen error [Errno 104] Connection reset by peer>
2026-09-29T06:18:51+0000,file,http://www.law.go.kr/LSW/flDownload.do?flSeq=162138369,200,55721,1,http://www.law.go.kr,
2026-09-29T06:18:53+0000,file,http://www.law.go.kr/LSW/flDownload.do?flSeq=162138375,200,55338,1,http://www.law.go.kr,
2026-09-29T06:18:54+0000,file,http://www.law.go.kr/LSW/flDownload.do?flSeq=162138383,200,35045,1,http://www.law.go.kr,
2026-09-29T06:19:23+0000,api,http://www.law.go.kr/DRF/lawService.do?OC=***&target=eflaw&MST=283193&efYd=20270204&type=XML,200,2195298,1,http://www.law.go.kr,
2026-09-29T06:19:39+0000,file,http://www.law.go.kr/LSW/flDownload.do?flSeq=169729989,200,148610,2,http://www.law.go.kr,재시도 전 오류: URLError: <urlopen error [Errno 104] Connection reset by peer>
2026-09-29T06:19:42+0000,file,http://www.law.go.kr/LSW/flDownload.do?flSeq=169730037,200,79057,1,http://www.law.go.kr,
2026-09-29T06:19:44+0000,file,http://www.law.go.kr/LSW/flDownload.do?flSeq=169730051,200,52734,1,http://www.law.go.kr,
2026-09-29T06:19:46+0000,file,http://www.law.go.kr/LSW/flDownload.do?flSeq=169730057,200,53037,1,http://www.law.go.kr,
2026-09-29T06:19:48+0000,file,http://www.law.go.kr/LSW/flDownload.do?flSeq=169730063,200,53626,1,http://www.law.go.kr,
2026-09-29T06:19:50+0000,file,http://www.law.go.kr/LSW/flDownload.do?flSeq=169730069,200,60557,1,http://www.law.go.kr,
2026-09-29T06:19:52+0000,file,http://www.law.go.kr/LSW/flDownload.do?flSeq=169730079,200,56348,1,http://www.law.go.kr,
2026-09-29T06:20:24+0000,file,http://www.law.go.kr/LSW/flDownload.do?flSeq=169730085,200,51434,3,http://www.law.go.kr,재시도 전 오류: URLError: <urlopen error [Errno 104] Connection reset by peer> ; URLError: <urlopen error [Errno 104] Connection reset by peer>
2026-09-29T06:20:26+0000,file,http://www.law.go.kr/LSW/flDownload.do?flSeq=169730093,200,48682,1,http://www.law.go.kr,
2026-09-29T06:20:27+0000,file,http://www.law.go.kr/LSW/flDownload.do?flSeq=169730101,200,55809,1,http://www.law.go.kr,
2026-09-29T06:20:43+0000,file,http://www.law.go.kr/LSW/flDownload.do?flSeq=169730109,200,59729,2,http://www.law.go.kr,재시도 전 오류: URLError: <urlopen error [Errno 104] Connection reset by peer>
2026-09-29T06:20:59+0000,file,http://www.law.go.kr/LSW/flDownload.do?flSeq=169730115,200,69516,2,http://www.law.go.kr,재시도 전 오류: URLError: <urlopen error [Errno 104] Connection reset by peer>
2026-09-29T06:21:01+0000,file,http://www.law.go.kr/LSW/flDownload.do?flSeq=169730123,200,60876,1,http://www.law.go.kr,
2026-09-29T06:21:17+0000,file,http://www.law.go.kr/LSW/flDownload.do?flSeq=169730131,200,54264,2,http://www.law.go.kr,재시도 전 오류: URLError: <urlopen error [Errno 104] Connection reset by peer>
2026-09-29T06:21:19+0000,file,http://www.law.go.kr/LSW/flDownload.do?flSeq=169730137,200,55722,1,http://www.law.go.kr,
2026-09-29T06:22:39+0000,file,https://www.law.go.kr/LSW/flDownload.do?flSeq=169730143,200,55337,6,https://www.law.go.kr,or [Errno 104] Connection reset by peer> ; URLError: <urlopen error [Errno 104] Connection reset by peer> ; URLError: <urlopen error [Errno 104] Connection reset by peer> ; URLError: <urlopen error [Errno 104] Connection reset by peer> ; URLError: <urlopen error [Errno 104] Connection reset by peer>
2026-09-29T06:22:41+0000,file,http://www.law.go.kr/LSW/flDownload.do?flSeq=169730151,200,35045,1,http://www.law.go.kr,
2026-09-29T06:23:07+0000,api,http://www.law.go.kr/DRF/lawService.do?OC=***&target=eflaw&MST=289411&efYd=20261209&type=XML,200,2194284,1,http://www.law.go.kr,
2026-09-29T06:23:10+0000,file,http://www.law.go.kr/LSW/flDownload.do?flSeq=169729471,200,148610,1,http://www.law.go.kr,
2026-09-29T06:23:13+0000,file,http://www.law.go.kr/LSW/flDownload.do?flSeq=169729519,200,79057,1,http://www.law.go.kr,
2026-09-29T06:23:15+0000,file,http://www.law.go.kr/LSW/flDownload.do?flSeq=169729533,200,52734,1,http://www.law.go.kr,
2026-09-29T06:23:17+0000,file,http://www.law.go.kr/LSW/flDownload.do?flSeq=169729539,200,53037,1,http://www.law.go.kr,
2026-09-29T06:23:49+0000,file,http://www.law.go.kr/LSW/flDownload.do?flSeq=169729545,200,53626,3,http://www.law.go.kr,재시도 전 오류: URLError: <urlopen error [Errno 104] Connection reset by peer> ; URLError: <urlopen error [Errno 104] Connection reset by peer>
2026-09-29T06:24:04+0000,file,http://www.law.go.kr/LSW/flDownload.do?flSeq=169729551,200,60557,2,http://www.law.go.kr,재시도 전 오류: URLError: <urlopen error [Errno 104] Connection reset by peer>
2026-09-29T06:24:21+0000,file,http://www.law.go.kr/LSW/flDownload.do?flSeq=169729561,200,56348,2,http://www.law.go.kr,재시도 전 오류: URLError: <urlopen error [Errno 104] Connection reset by peer>
2026-09-29T06:24:53+0000,file,http://www.law.go.kr/LSW/flDownload.do?flSeq=169729567,200,51434,3,http://www.law.go.kr,재시도 전 오류: URLError: <urlopen error [Errno 104] Connection reset by peer> ; URLError: <urlopen error [Errno 104] Connection reset by peer>
2026-09-29T06:24:55+0000,file,http://www.law.go.kr/LSW/flDownload.do?flSeq=169729575,200,48682,1,http://www.law.go.kr,
2026-09-29T06:24:57+0000,file,http://www.law.go.kr/LSW/flDownload.do?flSeq=169729583,200,55809,1,http://www.law.go.kr,
2026-09-29T06:25:00+0000,file,http://www.law.go.kr/LSW/flDownload.do?flSeq=169729591,200,59729,1,http://www.law.go.kr,
2026-09-29T06:25:02+0000,file,http://www.law.go.kr/LSW/flDownload.do?flSeq=169729597,200,69516,1,http://www.law.go.kr,
2026-09-29T06:25:33+0000,file,http://www.law.go.kr/LSW/flDownload.do?flSeq=169729605,200,60876,3,http://www.law.go.kr,재시도 전 오류: URLError: <urlopen error [Errno 104] Connection reset by peer> ; URLError: <urlopen error [Errno 104] Connection reset by peer>
2026-09-29T06:25:35+0000,file,http://www.law.go.kr/LSW/flDownload.do?flSeq=169729613,200,54264,1,http://www.law.go.kr,
2026-09-29T06:25:37+0000,file,http://www.law.go.kr/LSW/flDownload.do?flSeq=169729619,200,55722,1,http://www.law.go.kr,
2026-09-29T06:26:09+0000,file,http://www.law.go.kr/LSW/flDownload.do?flSeq=169729625,200,55337,3,http://www.law.go.kr,재시도 전 오류: URLError: <urlopen error [Errno 104] Connection reset by peer> ; URLError: <urlopen error [Errno 104] Connection reset by peer>
2026-09-29T06:26:24+0000,file,http://www.law.go.kr/LSW/flDownload.do?flSeq=169729633,200,35045,2,http://www.law.go.kr,재시도 전 오류: URLError: <urlopen error [Errno 104] Connection reset by peer>
2026-09-29T06:26:51+0000,api,http://www.law.go.kr/DRF/lawService.do?OC=***&target=eflaw&MST=285957&efYd=20261113&type=XML,200,2191249,1,http://www.law.go.kr,
2026-09-29T06:27:08+0000,file,http://www.law.go.kr/LSW/flDownload.do?flSeq=169729115,200,148610,2,http://www.law.go.kr,재시도 전 오류: URLError: <urlopen error [Errno 104] Connection reset by peer>
2026-09-29T06:27:11+0000,file,http://www.law.go.kr/LSW/flDownload.do?flSeq=169729203,200,79057,1,http://www.law.go.kr,
2026-09-29T06:27:28+0000,file,http://www.law.go.kr/LSW/flDownload.do?flSeq=169729217,200,52734,2,http://www.law.go.kr,재시도 전 오류: URLError: <urlopen error [Errno 104] Connection reset by peer>
2026-09-29T06:27:30+0000,file,http://www.law.go.kr/LSW/flDownload.do?flSeq=169729223,200,53037,1,http://www.law.go.kr,
2026-09-29T06:28:02+0000,file,http://www.law.go.kr/LSW/flDownload.do?flSeq=169729229,200,53626,3,http://www.law.go.kr,재시도 전 오류: URLError: <urlopen error [Errno 104] Connection reset by peer> ; URLError: <urlopen error [Errno 104] Connection reset by peer>
2026-09-29T06:28:04+0000,file,http://www.law.go.kr/LSW/flDownload.do?flSeq=169729235,200,60557,1,http://www.law.go.kr,
2026-09-29T06:28:07+0000,file,http://www.law.go.kr/LSW/flDownload.do?flSeq=169729245,200,56348,1,http://www.law.go.kr,
2026-09-29T06:28:08+0000,file,http://www.law.go.kr/LSW/flDownload.do?flSeq=169729251,200,51434,1,http://www.law.go.kr,
2026-09-29T06:28:10+0000,file,http://www.law.go.kr/LSW/flDownload.do?flSeq=169729259,200,48682,1,http://www.law.go.kr,
2026-09-29T06:28:42+0000,file,http://www.law.go.kr/LSW/flDownload.do?flSeq=169729267,200,55809,3,http://www.law.go.kr,재시도 전 오류: URLError: <urlopen error [Errno 104] Connection reset by peer> ; URLError: <urlopen error [Errno 104] Connection reset by peer>
2026-09-29T06:28:44+0000,file,http://www.law.go.kr/LSW/flDownload.do?flSeq=169729275,200,59729,1,http://www.law.go.kr,
2026-09-29T06:28:46+0000,file,http://www.law.go.kr/LSW/flDownload.do?flSeq=169729281,200,69516,1,http://www.law.go.kr,
2026-09-29T06:28:48+0000,file,http://www.law.go.kr/LSW/flDownload.do?flSeq=169729289,200,60876,1,http://www.law.go.kr,
2026-09-29T06:28:50+0000,file,http://www.law.go.kr/LSW/flDownload.do?flSeq=169729297,200,54264,1,http://www.law.go.kr,
2026-09-29T06:28:52+0000,file,http://www.law.go.kr/LSW/flDownload.do?flSeq=169729303,200,55722,1,http://www.law.go.kr,
2026-09-29T06:28:54+0000,file,http://www.law.go.kr/LSW/flDownload.do?flSeq=169729309,200,55337,1,http://www.law.go.kr,
2026-09-29T06:28:56+0000,file,http://www.law.go.kr/LSW/flDownload.do?flSeq=169729317,200,35045,1,http://www.law.go.kr,
2026-09-29T06:29:23+0000,api,http://www.law.go.kr/DRF/lawService.do?OC=***&target=eflaw&MST=288615&efYd=20261002&type=XML,200,2186520,1,http://www.law.go.kr,
2026-09-29T06:29:40+0000,file,http://www.law.go.kr/LSW/flDownload.do?flSeq=169735067,200,148610,2,http://www.law.go.kr,재시도 전 오류: URLError: <urlopen error [Errno 104] Connection reset by peer>
2026-09-29T06:29:44+0000,file,http://www.law.go.kr/LSW/flDownload.do?flSeq=169735115,200,79057,1,http://www.law.go.kr,
2026-09-29T06:29:46+0000,file,http://www.law.go.kr/LSW/flDownload.do?flSeq=169735129,200,52734,1,http://www.law.go.kr,
2026-09-29T06:29:48+0000,file,http://www.law.go.kr/LSW/flDownload.do?flSeq=169735135,200,53037,1,http://www.law.go.kr,
2026-09-29T06:30:04+0000,file,http://www.law.go.kr/LSW/flDownload.do?flSeq=169735141,200,53626,2,http://www.law.go.kr,재시도 전 오류: URLError: <urlopen error [Errno 104] Connection reset by peer>
2026-09-29T06:30:07+0000,file,http://www.law.go.kr/LSW/flDownload.do?flSeq=169735147,200,60557,1,http://www.law.go.kr,
2026-09-29T06:30:09+0000,file,http://www.law.go.kr/LSW/flDownload.do?flSeq=169735157,200,56348,1,http://www.law.go.kr,
2026-09-29T06:30:11+0000,file,http://www.law.go.kr/LSW/flDownload.do?flSeq=169735163,200,51434,1,http://www.law.go.kr,
2026-09-29T06:30:12+0000,file,http://www.law.go.kr/LSW/flDownload.do?flSeq=169735171,200,48682,1,http://www.law.go.kr,
2026-09-29T06:30:15+0000,file,http://www.law.go.kr/LSW/flDownload.do?flSeq=169735179,200,55809,1,http://www.law.go.kr,
2026-09-29T06:30:18+0000,file,http://www.law.go.kr/LSW/flDownload.do?flSeq=169735187,200,59729,1,http://www.law.go.kr,
2026-09-29T06:30:21+0000,file,http://www.law.go.kr/LSW/flDownload.do?flSeq=169735193,200,69516,1,http://www.law.go.kr,
2026-09-29T06:30:23+0000,file,http://www.law.go.kr/LSW/flDownload.do?flSeq=169735201,200,60876,1,http://www.law.go.kr,
2026-09-29T06:30:25+0000,file,http://www.law.go.kr/LSW/flDownload.do?flSeq=169735209,200,54264,1,http://www.law.go.kr,
2026-09-29T06:30:27+0000,file,http://www.law.go.kr/LSW/flDownload.do?flSeq=169735215,200,55722,1,http://www.law.go.kr,
2026-09-29T06:30:28+0000,file,http://www.law.go.kr/LSW/flDownload.do?flSeq=169735221,200,55337,1,http://www.law.go.kr,
2026-09-29T06:30:31+0000,file,http://www.law.go.kr/LSW/flDownload.do?flSeq=169735229,200,35045,1,http://www.law.go.kr,
2026-09-29T06:30:57+0000,api,http://www.law.go.kr/DRF/lawService.do?OC=***&target=eflaw&MST=285183&efYd=20261001&type=XML,200,2180512,1,http://www.law.go.kr,
2026-09-29T06:31:00+0000,file,http://www.law.go.kr/LSW/flDownload.do?flSeq=162799863,200,148610,1,http://www.law.go.kr,
2026-09-29T06:31:17+0000,file,http://www.law.go.kr/LSW/flDownload.do?flSeq=162800591,200,79057,2,http://www.law.go.kr,재시도 전 오류: URLError: <urlopen error [Errno 104] Connection reset by peer>
2026-09-29T06:31:33+0000,file,http://www.law.go.kr/LSW/flDownload.do?flSeq=162800605,200,52734,2,http://www.law.go.kr,재시도 전 오류: URLError: <urlopen error [Errno 104] Connection reset by peer>
2026-09-29T06:31:35+0000,file,http://www.law.go.kr/LSW/flDownload.do?flSeq=162800611,200,53037,1,http://www.law.go.kr,
2026-09-29T06:32:07+0000,file,http://www.law.go.kr/LSW/flDownload.do?flSeq=162800617,200,53626,3,http://www.law.go.kr,재시도 전 오류: URLError: <urlopen error [Errno 104] Connection reset by peer> ; URLError: <urlopen error [Errno 104] Connection reset by peer>
2026-09-29T06:32:39+0000,file,http://www.law.go.kr/LSW/flDownload.do?flSeq=162800623,200,60557,3,http://www.law.go.kr,재시도 전 오류: URLError: <urlopen error [Errno 104] Connection reset by peer> ; URLError: <urlopen error [Errno 104] Connection reset by peer>
2026-09-29T06:32:40+0000,file,http://www.law.go.kr/LSW/flDownload.do?flSeq=162800633,200,56348,1,http://www.law.go.kr,
2026-09-29T06:32:42+0000,file,http://www.law.go.kr/LSW/flDownload.do?flSeq=162800639,200,51434,1,http://www.law.go.kr,
2026-09-29T06:32:44+0000,file,http://www.law.go.kr/LSW/flDownload.do?flSeq=162800647,200,48682,1,http://www.law.go.kr,
2026-09-29T06:33:00+0000,file,http://www.law.go.kr/LSW/flDownload.do?flSeq=162800655,200,55809,2,http://www.law.go.kr,재시도 전 오류: URLError: <urlopen error [Errno 104] Connection reset by peer>
2026-09-29T06:33:16+0000,file,http://www.law.go.kr/LSW/flDownload.do?flSeq=162800663,200,59729,2,http://www.law.go.kr,재시도 전 오류: URLError: <urlopen error [Errno 104] Connection reset by peer>
2026-09-29T06:33:32+0000,file,http://www.law.go.kr/LSW/flDownload.do?flSeq=162800669,200,69516,2,http://www.law.go.kr,재시도 전 오류: URLError: <urlopen error [Errno 104] Connection reset by peer>
2026-09-29T06:33:33+0000,file,http://www.law.go.kr/LSW/flDownload.do?flSeq=162800677,200,60876,1,http://www.law.go.kr,
2026-09-29T06:33:35+0000,file,http://www.law.go.kr/LSW/flDownload.do?flSeq=162800685,200,54264,1,http://www.law.go.kr,
2026-09-29T06:33:51+0000,file,http://www.law.go.kr/LSW/flDownload.do?flSeq=162800691,200,55722,2,http://www.law.go.kr,재시도 전 오류: URLError: <urlopen error [Errno 104] Connection reset by peer>
2026-09-29T06:33:54+0000,file,http://www.law.go.kr/LSW/flDownload.do?flSeq=162800697,200,55337,1,http://www.law.go.kr,
2026-09-29T06:34:09+0000,file,http://www.law.go.kr/LSW/flDownload.do?flSeq=162800705,200,35045,2,http://www.law.go.kr,재시도 전 오류: URLError: <urlopen error [Errno 104] Connection reset by peer>
2026-09-29T06:34:49+0000,api,http://www.law.go.kr/DRF/lawService.do?OC=***&target=eflaw&MST=288399&efYd=20260804&type=XML,200,2706207,1,http://www.law.go.kr,
2026-09-29T06:34:51+0000,file,http://www.law.go.kr/LSW/flDownload.do?flSeq=167366569,200,78641,1,http://www.law.go.kr,
2026-09-29T06:34:54+0000,file,http://www.law.go.kr/LSW/flDownload.do?flSeq=167366705,200,79651,1,http://www.law.go.kr,
2026-09-29T06:34:56+0000,file,http://www.law.go.kr/LSW/flDownload.do?flSeq=167366717,200,55079,1,http://www.law.go.kr,
2026-09-29T06:35:11+0000,file,http://www.law.go.kr/LSW/flDownload.do?flSeq=167366723,200,17203,2,http://www.law.go.kr,재시도 전 오류: URLError: <urlopen error [Errno 104] Connection reset by peer>
2026-09-29T06:35:13+0000,file,http://www.law.go.kr/LSW/flDownload.do?flSeq=167366729,200,86945,1,http://www.law.go.kr,
2026-09-29T06:35:17+0000,file,http://www.law.go.kr/LSW/flDownload.do?flSeq=167366743,200,108852,1,http://www.law.go.kr,
2026-09-29T06:35:49+0000,file,http://www.law.go.kr/LSW/flDownload.do?flSeq=167366749,200,93002,3,http://www.law.go.kr,재시도 전 오류: URLError: <urlopen error [Errno 104] Connection reset by peer> ; URLError: <urlopen error [Errno 104] Connection reset by peer>
2026-09-29T06:35:52+0000,file,http://www.law.go.kr/LSW/flDownload.do?flSeq=167366755,200,96003,1,http://www.law.go.kr,
2026-09-29T06:35:54+0000,file,http://www.law.go.kr/LSW/flDownload.do?flSeq=167366761,200,92727,1,http://www.law.go.kr,
2026-09-29T06:36:09+0000,file,http://www.law.go.kr/LSW/flDownload.do?flSeq=167366767,200,44771,2,http://www.law.go.kr,재시도 전 오류: URLError: <urlopen error [Errno 104] Connection reset by peer>
2026-09-29T06:36:13+0000,file,http://www.law.go.kr/LSW/flDownload.do?flSeq=167366773,200,97106,1,http://www.law.go.kr,
2026-09-29T06:36:15+0000,file,http://www.law.go.kr/LSW/flDownload.do?flSeq=167366779,200,82200,1,http://www.law.go.kr,
2026-09-29T06:36:32+0000,file,http://www.law.go.kr/LSW/flDownload.do?flSeq=167366785,200,69152,2,http://www.law.go.kr,재시도 전 오류: URLError: <urlopen error [Errno 104] Connection reset by peer>
2026-09-29T06:36:35+0000,file,http://www.law.go.kr/LSW/flDownload.do?flSeq=167366791,200,60100,1,http://www.law.go.kr,
2026-09-29T06:37:25+0000,file,https://www.law.go.kr/LSW/flDownload.do?flSeq=167366799,200,55339,4,https://www.law.go.kr,재시도 전 오류: URLError: <urlopen error [Errno 104] Connection reset by peer> ; URLError: <urlopen error [Errno 104] Connection reset by peer> ; URLError: <urlopen error [Errno 104] Connection reset by peer>
2026-09-29T06:37:58+0000,file,http://www.law.go.kr/LSW/flDownload.do?flSeq=167366807,200,95490,3,http://www.law.go.kr,재시도 전 오류: URLError: <urlopen error [Errno 104] Connection reset by peer> ; URLError: <urlopen error [Errno 104] Connection reset by peer>
2026-09-29T06:38:00+0000,file,http://www.law.go.kr/LSW/flDownload.do?flSeq=167366813,200,75522,1,http://www.law.go.kr,
2026-09-29T06:38:02+0000,file,http://www.law.go.kr/LSW/flDownload.do?flSeq=167366819,200,67554,1,http://www.law.go.kr,
2026-09-29T06:38:04+0000,file,http://www.law.go.kr/LSW/flDownload.do?flSeq=167366825,200,67044,1,http://www.law.go.kr,
2026-09-29T06:38:35+0000,file,http://www.law.go.kr/LSW/flDownload.do?flSeq=167366831,200,41220,3,http://www.law.go.kr,재시도 전 오류: URLError: <urlopen error [Errno 104] Connection reset by peer> ; URLError: <urlopen error [Errno 104] Connection reset by peer>
2026-09-29T06:38:38+0000,file,http://www.law.go.kr/LSW/flDownload.do?flSeq=167366837,200,56734,1,http://www.law.go.kr,
2026-09-29T06:39:11+0000,file,http://www.law.go.kr/LSW/flDownload.do?flSeq=167366845,200,47577,3,http://www.law.go.kr,재시도 전 오류: URLError: <urlopen error [Errno 104] Connection reset by peer> ; URLError: <urlopen error [Errno 104] Connection reset by peer>
2026-09-29T06:39:14+0000,file,http://www.law.go.kr/LSW/flDownload.do?flSeq=167366851,200,109231,1,http://www.law.go.kr,
2026-09-29T06:39:16+0000,file,http://www.law.go.kr/LSW/flDownload.do?flSeq=167366857,200,130892,1,http://www.law.go.kr,
2026-09-29T06:39:20+0000,file,http://www.law.go.kr/LSW/flDownload.do?flSeq=167366889,200,189464,1,http://www.law.go.kr,
2026-09-29T06:39:23+0000,file,http://www.law.go.kr/LSW/flDownload.do?flSeq=167366907,200,85630,1,http://www.law.go.kr,
2026-09-29T06:39:27+0000,file,http://www.law.go.kr/LSW/flDownload.do?flSeq=167366915,200,218862,1,http://www.law.go.kr,
2026-09-29T06:40:03+0000,api,http://www.law.go.kr/DRF/lawService.do?OC=***&target=eflaw&MST=290473&efYd=20261002&type=XML,200,2706996,1,http://www.law.go.kr,
2026-09-29T06:40:19+0000,file,http://www.law.go.kr/LSW/flDownload.do?flSeq=169640173,200,78643,2,http://www.law.go.kr,재시도 전 오류: URLError: <urlopen error [Errno 104] Connection reset by peer>
2026-09-29T06:40:22+0000,file,http://www.law.go.kr/LSW/flDownload.do?flSeq=169640189,200,79654,1,http://www.law.go.kr,
2026-09-29T06:40:24+0000,file,http://www.law.go.kr/LSW/flDownload.do?flSeq=169640201,200,55078,1,http://www.law.go.kr,
2026-09-29T06:40:26+0000,file,http://www.law.go.kr/LSW/flDownload.do?flSeq=169640207,200,17203,1,http://www.law.go.kr,
2026-09-29T06:40:42+0000,file,http://www.law.go.kr/LSW/flDownload.do?flSeq=169640213,200,86945,2,http://www.law.go.kr,재시도 전 오류: URLError: <urlopen error [Errno 104] Connection reset by peer>
2026-09-29T06:40:44+0000,file,http://www.law.go.kr/LSW/flDownload.do?flSeq=169640227,200,108852,1,http://www.law.go.kr,
2026-09-29T06:41:02+0000,file,http://www.law.go.kr/LSW/flDownload.do?flSeq=169640233,200,93001,2,http://www.law.go.kr,재시도 전 오류: URLError: <urlopen error [Errno 104] Connection reset by peer>
2026-09-29T06:41:18+0000,file,http://www.law.go.kr/LSW/flDownload.do?flSeq=169640239,200,96003,2,http://www.law.go.kr,재시도 전 오류: URLError: <urlopen error [Errno 104] Connection reset by peer>
2026-09-29T06:41:19+0000,file,http://www.law.go.kr/LSW/flDownload.do?flSeq=169640245,200,92727,1,http://www.law.go.kr,
2026-09-29T06:41:22+0000,file,http://www.law.go.kr/LSW/flDownload.do?flSeq=169640251,200,44771,1,http://www.law.go.kr,
2026-09-29T06:41:24+0000,file,http://www.law.go.kr/LSW/flDownload.do?flSeq=169640257,200,97106,1,http://www.law.go.kr,
2026-09-29T06:41:26+0000,file,http://www.law.go.kr/LSW/flDownload.do?flSeq=169640263,200,82200,1,http://www.law.go.kr,
2026-09-29T06:41:28+0000,file,http://www.law.go.kr/LSW/flDownload.do?flSeq=169640269,200,69153,1,http://www.law.go.kr,
2026-09-29T06:41:30+0000,file,http://www.law.go.kr/LSW/flDownload.do?flSeq=169640275,200,60100,1,http://www.law.go.kr,
2026-09-29T06:41:46+0000,file,http://www.law.go.kr/LSW/flDownload.do?flSeq=169640283,200,55339,2,http://www.law.go.kr,재시도 전 오류: URLError: <urlopen error [Errno 104] Connection reset by peer>
2026-09-29T06:41:48+0000,file,http://www.law.go.kr/LSW/flDownload.do?flSeq=169640291,200,95490,1,http://www.law.go.kr,
2026-09-29T06:41:50+0000,file,http://www.law.go.kr/LSW/flDownload.do?flSeq=169640297,200,75523,1,http://www.law.go.kr,
2026-09-29T06:41:52+0000,file,http://www.law.go.kr/LSW/flDownload.do?flSeq=169640303,200,67554,1,http://www.law.go.kr,
2026-09-29T06:41:54+0000,file,http://www.law.go.kr/LSW/flDownload.do?flSeq=169640309,200,67044,1,http://www.law.go.kr,
2026-09-29T06:42:10+0000,file,http://www.law.go.kr/LSW/flDownload.do?flSeq=169640315,200,41220,2,http://www.law.go.kr,재시도 전 오류: URLError: <urlopen error [Errno 104] Connection reset by peer>
2026-09-29T06:43:29+0000,file,https://www.law.go.kr/LSW/flDownload.do?flSeq=169640321,200,56734,6,https://www.law.go.kr,or [Errno 104] Connection reset by peer> ; URLError: <urlopen error [Errno 104] Connection reset by peer> ; URLError: <urlopen error [Errno 104] Connection reset by peer> ; URLError: <urlopen error [Errno 104] Connection reset by peer> ; URLError: <urlopen error [Errno 104] Connection reset by peer>
2026-09-29T06:44:02+0000,file,http://www.law.go.kr/LSW/flDownload.do?flSeq=169640329,200,47577,3,http://www.law.go.kr,재시도 전 오류: URLError: <urlopen error [Errno 104] Connection reset by peer> ; URLError: <urlopen error [Errno 104] Connection reset by peer>
2026-09-29T06:44:18+0000,file,http://www.law.go.kr/LSW/flDownload.do?flSeq=169640335,200,109231,2,http://www.law.go.kr,재시도 전 오류: URLError: <urlopen error [Errno 104] Connection reset by peer>
2026-09-29T06:44:20+0000,file,http://www.law.go.kr/LSW/flDownload.do?flSeq=169640341,200,130892,1,http://www.law.go.kr,
2026-09-29T06:44:24+0000,file,http://www.law.go.kr/LSW/flDownload.do?flSeq=169640373,200,189464,1,http://www.law.go.kr,
2026-09-29T06:44:27+0000,file,http://www.law.go.kr/LSW/flDownload.do?flSeq=169640391,200,85630,1,http://www.law.go.kr,
2026-09-29T06:44:45+0000,file,http://www.law.go.kr/LSW/flDownload.do?flSeq=169640399,200,218863,2,http://www.law.go.kr,재시도 전 오류: URLError: <urlopen error [Errno 104] Connection reset by peer>
2026-09-29T06:45:18+0000,api,http://www.law.go.kr/DRF/lawService.do?OC=***&target=eflaw&MST=290293&efYd=20261001&type=XML,200,2707299,1,http://www.law.go.kr,
2026-09-29T06:45:34+0000,file,http://www.law.go.kr/LSW/flDownload.do?flSeq=169639651,200,78643,2,http://www.law.go.kr,재시도 전 오류: URLError: <urlopen error [Errno 104] Connection reset by peer>
2026-09-29T06:46:39+0000,file,https://www.law.go.kr/LSW/flDownload.do?flSeq=169639667,200,79654,5,https://www.law.go.kr,재시도 전 오류: URLError: <urlopen error [Errno 104] Connection reset by peer> ; URLError: <urlopen error [Errno 104] Connection reset by peer> ; URLError: <urlopen error [Errno 104] Connection reset by peer> ; URLError: <urlopen error [Errno 104] Connection reset by peer>
2026-09-29T06:46:41+0000,file,http://www.law.go.kr/LSW/flDownload.do?flSeq=169639679,200,55078,1,http://www.law.go.kr,
2026-09-29T06:46:56+0000,file,http://www.law.go.kr/LSW/flDownload.do?flSeq=169639685,200,17203,2,http://www.law.go.kr,재시도 전 오류: URLError: <urlopen error [Errno 104] Connection reset by peer>
2026-09-29T06:46:59+0000,file,http://www.law.go.kr/LSW/flDownload.do?flSeq=169639691,200,86945,1,http://www.law.go.kr,
2026-09-29T06:48:05+0000,file,https://www.law.go.kr/LSW/flDownload.do?flSeq=169639705,200,108852,5,https://www.law.go.kr,재시도 전 오류: URLError: <urlopen error [Errno 104] Connection reset by peer> ; URLError: <urlopen error [Errno 104] Connection reset by peer> ; URLError: <urlopen error [Errno 104] Connection reset by peer> ; URLError: <urlopen error [Errno 104] Connection reset by peer>
2026-09-29T06:48:37+0000,file,http://www.law.go.kr/LSW/flDownload.do?flSeq=169639711,200,93001,3,http://www.law.go.kr,재시도 전 오류: URLError: <urlopen error [Errno 104] Connection reset by peer> ; URLError: <urlopen error [Errno 104] Connection reset by peer>
2026-09-29T06:48:39+0000,file,http://www.law.go.kr/LSW/flDownload.do?flSeq=169639717,200,96003,1,http://www.law.go.kr,
2026-09-29T06:49:11+0000,file,http://www.law.go.kr/LSW/flDownload.do?flSeq=169639723,200,92727,3,http://www.law.go.kr,재시도 전 오류: URLError: <urlopen error [Errno 104] Connection reset by peer> ; URLError: <urlopen error [Errno 104] Connection reset by peer>
2026-09-29T06:49:13+0000,file,http://www.law.go.kr/LSW/flDownload.do?flSeq=169639729,200,44771,1,http://www.law.go.kr,
2026-09-29T06:49:15+0000,file,http://www.law.go.kr/LSW/flDownload.do?flSeq=169639735,200,97106,1,http://www.law.go.kr,
2026-09-29T06:49:17+0000,file,http://www.law.go.kr/LSW/flDownload.do?flSeq=169639741,200,82200,1,http://www.law.go.kr,
2026-09-29T06:49:19+0000,file,http://www.law.go.kr/LSW/flDownload.do?flSeq=169639747,200,69153,1,http://www.law.go.kr,
2026-09-29T06:49:22+0000,file,http://www.law.go.kr/LSW/flDownload.do?flSeq=169639753,200,60100,1,http://www.law.go.kr,
2026-09-29T06:49:24+0000,file,http://www.law.go.kr/LSW/flDownload.do?flSeq=169639761,200,55339,1,http://www.law.go.kr,
2026-09-29T06:49:26+0000,file,http://www.law.go.kr/LSW/flDownload.do?flSeq=169639769,200,95490,1,http://www.law.go.kr,
2026-09-29T06:49:29+0000,file,http://www.law.go.kr/LSW/flDownload.do?flSeq=169639775,200,75523,1,http://www.law.go.kr,
2026-09-29T06:49:31+0000,file,http://www.law.go.kr/LSW/flDownload.do?flSeq=169639781,200,67554,1,http://www.law.go.kr,
2026-09-29T06:49:33+0000,file,http://www.law.go.kr/LSW/flDownload.do?flSeq=169639787,200,67044,1,http://www.law.go.kr,
2026-09-29T06:49:35+0000,file,http://www.law.go.kr/LSW/flDownload.do?flSeq=169639793,200,41220,1,http://www.law.go.kr,
2026-09-29T06:49:37+0000,file,http://www.law.go.kr/LSW/flDownload.do?flSeq=169639799,200,56734,1,http://www.law.go.kr,
2026-09-29T06:49:52+0000,file,http://www.law.go.kr/LSW/flDownload.do?flSeq=169639807,200,47577,2,http://www.law.go.kr,재시도 전 오류: URLError: <urlopen error [Errno 104] Connection reset by peer>
2026-09-29T06:49:55+0000,file,http://www.law.go.kr/LSW/flDownload.do?flSeq=169639813,200,109231,1,http://www.law.go.kr,
2026-09-29T06:50:26+0000,file,http://www.law.go.kr/LSW/flDownload.do?flSeq=169639819,200,130892,3,http://www.law.go.kr,재시도 전 오류: URLError: <urlopen error [Errno 104] Connection reset by peer> ; URLError: <urlopen error [Errno 104] Connection reset by peer>
2026-09-29T06:50:31+0000,file,http://www.law.go.kr/LSW/flDownload.do?flSeq=169639851,200,189464,1,http://www.law.go.kr,
2026-09-29T06:50:33+0000,file,http://www.law.go.kr/LSW/flDownload.do?flSeq=169639869,200,85630,1,http://www.law.go.kr,
2026-09-29T06:50:35+0000,file,http://www.law.go.kr/LSW/flDownload.do?flSeq=169639877,200,218863,1,http://www.law.go.kr,
2026-09-29T06:51:07+0000,api,http://www.law.go.kr/DRF/lawService.do?OC=***&target=eflaw&MST=271489&efYd=20250602&type=XML,200,119767,1,http://www.law.go.kr,
2026-09-29T06:51:13+0000,api,http://www.law.go.kr/DRF/lawService.do?OC=***&target=lsStmd&MST=280277&type=XML,200,6115,1,http://www.law.go.kr,
2026-09-29T06:51:15+0000,api,http://www.law.go.kr/DRF/lawService.do?OC=***&target=eflaw&MST=280277&efYd=20251216&type=XML,200,207627,1,http://www.law.go.kr,
2026-09-29T06:51:19+0000,api,http://www.law.go.kr/DRF/lawService.do?OC=***&target=eflaw&MST=280277&efYd=20261217&type=XML,200,225010,1,http://www.law.go.kr,
2026-09-29T06:51:23+0000,api,http://www.law.go.kr/DRF/lawService.do?OC=***&target=eflaw&MST=290247&efYd=20261002&type=XML,200,187303,1,http://www.law.go.kr,
2026-09-29T06:51:30+0000,api,http://www.law.go.kr/DRF/lawService.do?OC=***&target=eflaw&MST=285727&efYd=20260428&type=XML,200,266167,1,http://www.law.go.kr,
2026-09-29T06:51:32+0000,file,http://www.law.go.kr/LSW/flDownload.do?flSeq=163681179,200,77268,1,http://www.law.go.kr,
2026-09-29T06:51:36+0000,file,http://www.law.go.kr/LSW/flDownload.do?flSeq=163681189,200,147955,1,http://www.law.go.kr,
2026-09-29T06:51:38+0000,file,http://www.law.go.kr/LSW/flDownload.do?flSeq=163681199,200,105816,1,http://www.law.go.kr,
2026-09-29T06:51:40+0000,file,http://www.law.go.kr/LSW/flDownload.do?flSeq=163681205,200,77623,1,http://www.law.go.kr,
2026-09-29T06:51:42+0000,file,http://www.law.go.kr/LSW/flDownload.do?flSeq=163681211,200,139529,1,http://www.law.go.kr,
2026-09-29T06:51:49+0000,api,http://www.law.go.kr/DRF/lawService.do?OC=***&target=lsStmd&MST=267561&type=XML,200,4284,1,http://www.law.go.kr,
2026-09-29T06:51:52+0000,api,http://www.law.go.kr/DRF/lawService.do?OC=***&target=eflaw&MST=267561&efYd=20241231&type=XML,200,229095,1,http://www.law.go.kr,
2026-09-29T06:52:45+0000,file,https://www.law.go.kr/LSW/flDownload.do?flSeq=147237435,200,136990,4,https://www.law.go.kr,재시도 전 오류: URLError: <urlopen error [Errno 104] Connection reset by peer> ; URLError: <urlopen error [Errno 104] Connection reset by peer> ; URLError: <urlopen error [Errno 104] Connection reset by peer>
2026-09-29T06:52:48+0000,file,http://www.law.go.kr/LSW/flDownload.do?flSeq=147237447,200,133699,1,http://www.law.go.kr,
2026-09-29T06:52:53+0000,api,http://www.law.go.kr/DRF/lawService.do?OC=***&target=eflaw&MST=283195&efYd=20270204&type=XML,200,266076,1,http://www.law.go.kr,
2026-09-29T06:53:09+0000,file,http://www.law.go.kr/LSW/flDownload.do?flSeq=161214275,200,136990,2,http://www.law.go.kr,재시도 전 오류: URLError: <urlopen error [Errno 104] Connection reset by peer>
2026-09-29T06:53:11+0000,file,http://www.law.go.kr/LSW/flDownload.do?flSeq=161214287,200,133699,1,http://www.law.go.kr,
2026-09-29T06:53:16+0000,api,http://www.law.go.kr/DRF/lawService.do?OC=***&target=eflaw&MST=252119&efYd=20230701&type=XML,200,246761,1,http://www.law.go.kr,
2026-09-29T06:53:31+0000,file,http://www.law.go.kr/LSW/flDownload.do?flSeq=151280875,200,73887,2,http://www.law.go.kr,재시도 전 오류: URLError: <urlopen error [Errno 104] Connection reset by peer>
2026-09-29T06:53:34+0000,file,http://www.law.go.kr/LSW/flDownload.do?flSeq=151280881,200,149573,1,http://www.law.go.kr,
2026-09-29T06:53:36+0000,file,http://www.law.go.kr/LSW/flDownload.do?flSeq=151280893,200,148864,1,http://www.law.go.kr,
2026-09-29T06:53:40+0000,api,http://www.law.go.kr/DRF/lawService.do?OC=***&target=eflaw&MST=290485&efYd=20261002&type=XML,200,243815,1,http://www.law.go.kr,
2026-09-29T06:53:42+0000,file,http://www.law.go.kr/LSW/flDownload.do?flSeq=169573383,200,73887,1,http://www.law.go.kr,
2026-09-29T06:53:58+0000,file,http://www.law.go.kr/LSW/flDownload.do?flSeq=169573389,200,149573,2,http://www.law.go.kr,재시도 전 오류: URLError: <urlopen error [Errno 104] Connection reset by peer>
2026-09-29T06:55:03+0000,file,https://www.law.go.kr/LSW/flDownload.do?flSeq=169573401,200,148864,5,https://www.law.go.kr,재시도 전 오류: URLError: <urlopen error [Errno 104] Connection reset by peer> ; URLError: <urlopen error [Errno 104] Connection reset by peer> ; URLError: <urlopen error [Errno 104] Connection reset by peer> ; URLError: <urlopen error [Errno 104] Connection reset by peer>
2026-09-29T06:55:09+0000,api,http://www.law.go.kr/DRF/lawService.do?OC=***&target=lsStmd&MST=277253&type=XML,200,4326,1,http://www.law.go.kr,
2026-09-29T06:55:11+0000,api,http://www.law.go.kr/DRF/lawService.do?OC=***&target=eflaw&MST=277253&efYd=20260102&type=XML,200,208406,1,http://www.law.go.kr,
2026-09-29T06:55:28+0000,file,http://www.law.go.kr/LSW/flDownload.do?flSeq=156829695,200,112575,2,http://www.law.go.kr,재시도 전 오류: URLError: <urlopen error [Errno 104] Connection reset by peer>
2026-09-29T06:55:33+0000,api,http://www.law.go.kr/DRF/lawService.do?OC=***&target=eflaw&MST=284695&efYd=20260324&type=XML,200,282240,1,http://www.law.go.kr,
2026-09-29T06:55:36+0000,file,http://www.law.go.kr/LSW/flDownload.do?flSeq=162420549,200,130135,1,http://www.law.go.kr,
2026-09-29T06:55:39+0000,file,http://www.law.go.kr/LSW/flDownload.do?flSeq=162420559,200,139967,1,http://www.law.go.kr,
2026-09-29T06:55:42+0000,file,http://www.law.go.kr/LSW/flDownload.do?flSeq=162420569,200,145421,1,http://www.law.go.kr,
2026-09-29T06:55:48+0000,api,http://www.law.go.kr/DRF/lawService.do?OC=***&target=eflaw&MST=290289&efYd=20261001&type=XML,200,286617,1,http://www.law.go.kr,
2026-09-29T06:55:50+0000,file,http://www.law.go.kr/LSW/flDownload.do?flSeq=169580357,200,130137,1,http://www.law.go.kr,
2026-09-29T06:56:22+0000,file,http://www.law.go.kr/LSW/flDownload.do?flSeq=169580367,200,139939,3,http://www.law.go.kr,재시도 전 오류: URLError: <urlopen error [Errno 104] Connection reset by peer> ; URLError: <urlopen error [Errno 104] Connection reset by peer>
2026-09-29T06:56:38+0000,file,http://www.law.go.kr/LSW/flDownload.do?flSeq=169580377,200,145394,2,http://www.law.go.kr,재시도 전 오류: URLError: <urlopen error [Errno 104] Connection reset by peer>
2026-09-29T06:56:45+0000,api,http://www.law.go.kr/DRF/lawService.do?OC=***&target=lsStmd&MST=268619&type=XML,200,4002,1,http://www.law.go.kr,
2026-09-29T06:56:46+0000,api,http://www.law.go.kr/DRF/lawService.do?OC=***&target=eflaw&MST=268619&efYd=20260122&type=XML,200,48443,1,http://www.law.go.kr,
2026-09-29T06:56:48+0000,api,http://www.law.go.kr/DRF/lawService.do?OC=***&target=eflaw&MST=273405&efYd=20260122&type=XML,200,33102,1,http://www.law.go.kr,
2026-09-29T06:57:04+0000,file,http://www.law.go.kr/LSW/flDownload.do?flSeq=155762433,200,33803,2,http://www.law.go.kr,재시도 전 오류: URLError: <urlopen error [Errno 104] Connection reset by peer>
2026-09-29T06:57:10+0000,api,http://www.law.go.kr/DRF/lawService.do?OC=***&target=lsStmd&MST=283365&type=XML,200,8281,1,http://www.law.go.kr,
2026-09-29T06:57:12+0000,api,http://www.law.go.kr/DRF/lawService.do?OC=***&target=eflaw&MST=283365&efYd=20260820&type=XML,200,144561,1,http://www.law.go.kr,
2026-09-29T06:57:15+0000,api,http://www.law.go.kr/DRF/lawService.do?OC=***&target=eflaw&MST=290725&efYd=20261002&type=XML,200,142114,1,http://www.law.go.kr,
2026-09-29T06:57:19+0000,api,http://www.law.go.kr/DRF/lawService.do?OC=***&target=eflaw&MST=288765&efYd=20260820&type=XML,200,223881,1,http://www.law.go.kr,
2026-09-29T06:57:51+0000,file,http://www.law.go.kr/LSW/flDownload.do?flSeq=168270687,200,155779,3,http://www.law.go.kr,재시도 전 오류: URLError: <urlopen error [Errno 104] Connection reset by peer> ; URLError: <urlopen error [Errno 104] Connection reset by peer>
2026-09-29T06:58:23+0000,file,http://www.law.go.kr/LSW/flDownload.do?flSeq=168270699,200,61440,3,http://www.law.go.kr,재시도 전 오류: URLError: <urlopen error [Errno 104] Connection reset by peer> ; URLError: <urlopen error [Errno 104] Connection reset by peer>
2026-09-29T06:58:26+0000,file,http://www.law.go.kr/LSW/flDownload.do?flSeq=168270707,200,83644,1,http://www.law.go.kr,
2026-09-29T06:58:30+0000,api,http://www.law.go.kr/DRF/lawService.do?OC=***&target=eflaw&MST=288765&efYd=20270219&type=XML,200,227953,1,http://www.law.go.kr,
2026-09-29T06:58:34+0000,file,http://www.law.go.kr/LSW/flDownload.do?flSeq=169635129,200,155779,1,http://www.law.go.kr,
2026-09-29T06:58:50+0000,file,http://www.law.go.kr/LSW/flDownload.do?flSeq=169635141,200,61440,2,http://www.law.go.kr,재시도 전 오류: URLError: <urlopen error [Errno 104] Connection reset by peer>
2026-09-29T06:59:07+0000,file,http://www.law.go.kr/LSW/flDownload.do?flSeq=169635149,200,83644,2,http://www.law.go.kr,재시도 전 오류: URLError: <urlopen error [Errno 104] Connection reset by peer>
2026-09-29T06:59:11+0000,api,http://www.law.go.kr/DRF/lawService.do?OC=***&target=eflaw&MST=290511&efYd=20261002&type=XML,200,204445,1,http://www.law.go.kr,
2026-09-29T06:59:14+0000,file,http://www.law.go.kr/LSW/flDownload.do?flSeq=169635129,200,155779,1,http://www.law.go.kr,
2026-09-29T06:59:17+0000,file,http://www.law.go.kr/LSW/flDownload.do?flSeq=169635141,200,61440,1,http://www.law.go.kr,
2026-09-29T06:59:20+0000,file,http://www.law.go.kr/LSW/flDownload.do?flSeq=169635149,200,83644,1,http://www.law.go.kr,
2026-09-29T06:59:26+0000,api,http://www.law.go.kr/DRF/lawService.do?OC=***&target=lsStmd&MST=254783&type=XML,200,7379,1,http://www.law.go.kr,
2026-09-29T06:59:28+0000,api,http://www.law.go.kr/DRF/lawService.do?OC=***&target=eflaw&MST=254783&efYd=20230914&type=XML,200,297465,1,http://www.law.go.kr,
2026-09-29T06:59:34+0000,api,http://www.law.go.kr/DRF/lawService.do?OC=***&target=eflaw&MST=278145&efYd=20251001&type=XML,200,410448,1,http://www.law.go.kr,
2026-09-29T06:59:37+0000,file,http://www.law.go.kr/LSW/flDownload.do?flSeq=156982451,200,139723,1,http://www.law.go.kr,
2026-09-29T06:59:39+0000,file,http://www.law.go.kr/LSW/flDownload.do?flSeq=156982473,200,20644,1,http://www.law.go.kr,
2026-09-29T06:59:41+0000,file,http://www.law.go.kr/LSW/flDownload.do?flSeq=156982487,200,146687,1,http://www.law.go.kr,
2026-09-29T07:00:33+0000,file,https://www.law.go.kr/LSW/flDownload.do?flSeq=156982503,200,13942,4,https://www.law.go.kr,재시도 전 오류: URLError: <urlopen error [Errno 104] Connection reset by peer> ; URLError: <urlopen error [Errno 104] Connection reset by peer> ; URLError: <urlopen error [Errno 104] Connection reset by peer>
2026-09-29T07:00:36+0000,file,http://www.law.go.kr/LSW/flDownload.do?flSeq=156982511,200,83810,1,http://www.law.go.kr,
2026-09-29T07:00:39+0000,file,http://www.law.go.kr/LSW/flDownload.do?flSeq=156982517,200,127129,1,http://www.law.go.kr,
2026-09-29T07:00:40+0000,file,http://www.law.go.kr/LSW/flDownload.do?flSeq=156982527,200,89448,1,http://www.law.go.kr,
2026-09-29T07:00:42+0000,file,http://www.law.go.kr/LSW/flDownload.do?flSeq=156982537,200,125579,1,http://www.law.go.kr,
2026-09-29T07:00:58+0000,file,http://www.law.go.kr/LSW/flDownload.do?flSeq=156982545,200,64620,2,http://www.law.go.kr,재시도 전 오류: URLError: <urlopen error [Errno 104] Connection reset by peer>
2026-09-29T07:01:01+0000,file,http://www.law.go.kr/LSW/flDownload.do?flSeq=156982555,200,104283,1,http://www.law.go.kr,
2026-09-29T07:01:03+0000,file,http://www.law.go.kr/LSW/flDownload.do?flSeq=156982561,200,53623,1,http://www.law.go.kr,
2026-09-29T07:01:10+0000,api,http://www.law.go.kr/DRF/lawService.do?OC=***&target=lsStmd&MST=265389&type=XML,200,6655,1,http://www.law.go.kr,
2026-09-29T07:01:14+0000,api,http://www.law.go.kr/DRF/lawService.do?OC=***&target=eflaw&MST=265389&efYd=20250131&type=XML,200,520029,1,http://www.law.go.kr,
2026-09-29T07:01:22+0000,api,http://www.law.go.kr/DRF/lawService.do?OC=***&target=eflaw&MST=289409&efYd=20270309&type=XML,200,526165,1,http://www.law.go.kr,
2026-09-29T07:01:30+0000,api,http://www.law.go.kr/DRF/lawService.do?OC=***&target=eflaw&MST=285553&efYd=20260421&type=XML,200,687059,1,http://www.law.go.kr,
2026-09-29T07:01:32+0000,file,http://www.law.go.kr/LSW/flDownload.do?flSeq=163459007,200,140002,1,http://www.law.go.kr,
2026-09-29T07:01:35+0000,file,http://www.law.go.kr/LSW/flDownload.do?flSeq=163459017,200,101376,1,http://www.law.go.kr,
2026-09-29T07:01:37+0000,file,http://www.law.go.kr/LSW/flDownload.do?flSeq=163459063,200,15535,1,http://www.law.go.kr,
2026-09-29T07:01:39+0000,file,http://www.law.go.kr/LSW/flDownload.do?flSeq=163459069,200,57882,1,http://www.law.go.kr,
2026-09-29T07:01:41+0000,file,http://www.law.go.kr/LSW/flDownload.do?flSeq=163459083,200,95243,1,http://www.law.go.kr,
2026-09-29T07:01:44+0000,file,http://www.law.go.kr/LSW/flDownload.do?flSeq=163459091,200,75815,1,http://www.law.go.kr,
2026-09-29T07:01:47+0000,file,http://www.law.go.kr/LSW/flDownload.do?flSeq=163459097,200,83557,1,http://www.law.go.kr,
2026-09-29T07:01:49+0000,file,http://www.law.go.kr/LSW/flDownload.do?flSeq=163459103,200,71665,1,http://www.law.go.kr,
2026-09-29T07:01:51+0000,file,http://www.law.go.kr/LSW/flDownload.do?flSeq=163459109,200,78295,1,http://www.law.go.kr,
2026-09-29T07:02:24+0000,file,http://www.law.go.kr/LSW/flDownload.do?flSeq=163459115,200,141438,3,http://www.law.go.kr,재시도 전 오류: URLError: <urlopen error [Errno 104] Connection reset by peer> ; URLError: <urlopen error [Errno 104] Connection reset by peer>
2026-09-29T07:02:28+0000,file,http://www.law.go.kr/LSW/flDownload.do?flSeq=163459125,200,217480,1,http://www.law.go.kr,
2026-09-29T07:02:37+0000,api,http://www.law.go.kr/DRF/lawService.do?OC=***&target=eflaw&MST=285553&efYd=20270101&type=XML,200,687758,1,http://www.law.go.kr,
2026-09-29T07:02:40+0000,file,http://www.law.go.kr/LSW/flDownload.do?flSeq=169575235,200,140002,1,http://www.law.go.kr,
2026-09-29T07:02:57+0000,file,http://www.law.go.kr/LSW/flDownload.do?flSeq=169575245,200,101376,2,http://www.law.go.kr,재시도 전 오류: URLError: <urlopen error [Errno 104] Connection reset by peer>
2026-09-29T07:04:01+0000,file,https://www.law.go.kr/LSW/flDownload.do?flSeq=169575251,200,15535,5,https://www.law.go.kr,재시도 전 오류: URLError: <urlopen error [Errno 104] Connection reset by peer> ; URLError: <urlopen error [Errno 104] Connection reset by peer> ; URLError: <urlopen error [Errno 104] Connection reset by peer> ; URLError: <urlopen error [Errno 104] Connection reset by peer>
2026-09-29T07:04:52+0000,file,https://www.law.go.kr/LSW/flDownload.do?flSeq=169575257,200,57882,4,https://www.law.go.kr,재시도 전 오류: URLError: <urlopen error [Errno 104] Connection reset by peer> ; URLError: <urlopen error [Errno 104] Connection reset by peer> ; URLError: <urlopen error [Errno 104] Connection reset by peer>
2026-09-29T07:04:56+0000,file,http://www.law.go.kr/LSW/flDownload.do?flSeq=169575271,200,95243,1,http://www.law.go.kr,
2026-09-29T07:04:58+0000,file,http://www.law.go.kr/LSW/flDownload.do?flSeq=169575279,200,75815,1,http://www.law.go.kr,
2026-09-29T07:05:00+0000,file,http://www.law.go.kr/LSW/flDownload.do?flSeq=169575285,200,83557,1,http://www.law.go.kr,
2026-09-29T07:05:02+0000,file,http://www.law.go.kr/LSW/flDownload.do?flSeq=169575291,200,71665,1,http://www.law.go.kr,
2026-09-29T07:05:04+0000,file,http://www.law.go.kr/LSW/flDownload.do?flSeq=169575297,200,78295,1,http://www.law.go.kr,
2026-09-29T07:05:07+0000,file,http://www.law.go.kr/LSW/flDownload.do?flSeq=169575303,200,141438,1,http://www.law.go.kr,
2026-09-29T07:05:11+0000,file,http://www.law.go.kr/LSW/flDownload.do?flSeq=169575313,200,217480,1,http://www.law.go.kr,
2026-09-29T07:05:20+0000,api,http://www.law.go.kr/DRF/lawService.do?OC=***&target=eflaw&MST=290427&efYd=20261002&type=XML,200,680546,1,http://www.law.go.kr,
2026-09-29T07:05:23+0000,file,http://www.law.go.kr/LSW/flDownload.do?flSeq=169575235,200,140002,1,http://www.law.go.kr,
2026-09-29T07:05:27+0000,file,http://www.law.go.kr/LSW/flDownload.do?flSeq=169575245,200,101376,1,http://www.law.go.kr,
2026-09-29T07:05:42+0000,file,http://www.law.go.kr/LSW/flDownload.do?flSeq=169575251,200,15535,2,http://www.law.go.kr,재시도 전 오류: URLError: <urlopen error [Errno 104] Connection reset by peer>
2026-09-29T07:05:44+0000,file,http://www.law.go.kr/LSW/flDownload.do?flSeq=169575257,200,57882,1,http://www.law.go.kr,
2026-09-29T07:06:00+0000,file,http://www.law.go.kr/LSW/flDownload.do?flSeq=169575271,200,95243,2,http://www.law.go.kr,재시도 전 오류: URLError: <urlopen error [Errno 104] Connection reset by peer>
2026-09-29T07:06:17+0000,file,http://www.law.go.kr/LSW/flDownload.do?flSeq=169575279,200,75815,2,http://www.law.go.kr,재시도 전 오류: URLError: <urlopen error [Errno 104] Connection reset by peer>
2026-09-29T07:07:22+0000,file,https://www.law.go.kr/LSW/flDownload.do?flSeq=169575285,200,83557,5,https://www.law.go.kr,재시도 전 오류: URLError: <urlopen error [Errno 104] Connection reset by peer> ; URLError: <urlopen error [Errno 104] Connection reset by peer> ; URLError: <urlopen error [Errno 104] Connection reset by peer> ; URLError: <urlopen error [Errno 104] Connection reset by peer>
2026-09-29T07:07:24+0000,file,http://www.law.go.kr/LSW/flDownload.do?flSeq=169575291,200,71665,1,http://www.law.go.kr,
2026-09-29T07:07:26+0000,file,http://www.law.go.kr/LSW/flDownload.do?flSeq=169575297,200,78295,1,http://www.law.go.kr,
2026-09-29T07:07:29+0000,file,http://www.law.go.kr/LSW/flDownload.do?flSeq=169575303,200,141438,1,http://www.law.go.kr,
2026-09-29T07:07:34+0000,file,http://www.law.go.kr/LSW/flDownload.do?flSeq=169575313,200,217480,1,http://www.law.go.kr,
2026-09-29T07:07:42+0000,api,http://www.law.go.kr/DRF/lawService.do?OC=***&target=eflaw&MST=269221&efYd=20250218&type=XML,200,221814,1,http://www.law.go.kr,
2026-09-29T07:07:44+0000,file,http://www.law.go.kr/LSW/flDownload.do?flSeq=149118201,200,45498,1,http://www.law.go.kr,
2026-09-29T07:08:00+0000,file,http://www.law.go.kr/LSW/flDownload.do?flSeq=149118207,200,98267,2,http://www.law.go.kr,재시도 전 오류: URLError: <urlopen error [Errno 104] Connection reset by peer>
2026-09-29T07:08:02+0000,file,http://www.law.go.kr/LSW/flDownload.do?flSeq=149118215,200,56258,1,http://www.law.go.kr,
2026-09-29T07:08:05+0000,file,http://www.law.go.kr/LSW/flDownload.do?flSeq=149118221,200,141184,1,http://www.law.go.kr,
2026-09-29T07:08:21+0000,file,http://www.law.go.kr/LSW/flDownload.do?flSeq=149118233,200,37106,2,http://www.law.go.kr,재시도 전 오류: URLError: <urlopen error [Errno 104] Connection reset by peer>
2026-09-29T07:08:37+0000,file,http://www.law.go.kr/LSW/flDownload.do?flSeq=149118241,200,13086,2,http://www.law.go.kr,재시도 전 오류: URLError: <urlopen error [Errno 104] Connection reset by peer>
2026-09-29T07:08:38+0000,file,http://www.law.go.kr/LSW/flDownload.do?flSeq=149118247,200,13173,1,http://www.law.go.kr,
2026-09-29T07:08:40+0000,file,http://www.law.go.kr/LSW/flDownload.do?flSeq=149118253,200,13079,1,http://www.law.go.kr,
2026-09-29T07:08:55+0000,file,http://www.law.go.kr/LSW/flDownload.do?flSeq=149118259,200,13231,2,http://www.law.go.kr,재시도 전 오류: URLError: <urlopen error [Errno 104] Connection reset by peer>
2026-09-29T07:08:57+0000,file,http://www.law.go.kr/LSW/flDownload.do?flSeq=149118265,200,13173,1,http://www.law.go.kr,
2026-09-29T07:08:59+0000,file,http://www.law.go.kr/LSW/flDownload.do?flSeq=149118273,200,13266,1,http://www.law.go.kr,
2026-09-29T07:09:00+0000,file,http://www.law.go.kr/LSW/flDownload.do?flSeq=149118279,200,13235,1,http://www.law.go.kr,
2026-09-29T07:09:02+0000,file,http://www.law.go.kr/LSW/flDownload.do?flSeq=149118287,200,13094,1,http://www.law.go.kr,
2026-09-29T07:09:05+0000,file,http://www.law.go.kr/LSW/flDownload.do?flSeq=149118293,200,97635,1,http://www.law.go.kr,
2026-09-29T07:09:07+0000,file,http://www.law.go.kr/LSW/flDownload.do?flSeq=149118303,200,46200,1,http://www.law.go.kr,
2026-09-29T07:09:08+0000,file,http://www.law.go.kr/LSW/flDownload.do?flSeq=149118309,200,49485,1,http://www.law.go.kr,
2026-09-29T07:09:25+0000,file,http://www.law.go.kr/LSW/flDownload.do?flSeq=149118315,200,51337,2,http://www.law.go.kr,재시도 전 오류: URLError: <urlopen error [Errno 104] Connection reset by peer>
2026-09-29T07:09:26+0000,file,http://www.law.go.kr/LSW/flDownload.do?flSeq=149118323,200,97826,1,http://www.law.go.kr,
2026-09-29T07:09:31+0000,api,http://www.law.go.kr/DRF/lawService.do?OC=***&target=lsStmd&MST=270423&type=XML,200,3750,1,http://www.law.go.kr,
2026-09-29T07:09:33+0000,api,http://www.law.go.kr/DRF/lawService.do?OC=***&target=eflaw&MST=270423&efYd=20250401&type=XML,200,91840,1,http://www.law.go.kr,
2026-09-29T07:09:36+0000,api,http://www.law.go.kr/DRF/lawService.do?OC=***&target=eflaw&MST=266785&efYd=20241227&type=XML,200,85761,1,http://www.law.go.kr,
2026-09-29T07:09:38+0000,file,http://www.law.go.kr/LSW/flDownload.do?flSeq=145827197,200,52779,1,http://www.law.go.kr,
2026-09-29T07:09:40+0000,api,http://www.law.go.kr/DRF/lawService.do?OC=***&target=eflaw&MST=197034&efYd=20170726&type=XML,200,14274,1,http://www.law.go.kr,
2026-09-29T07:09:41+0000,file,http://www.law.go.kr/LSW/flDownload.do?flSeq=31002726,200,40521,1,http://www.law.go.kr,
2026-09-29T07:09:48+0000,api,http://www.law.go.kr/DRF/lawService.do?OC=***&target=lsStmd&MST=277245&type=XML,200,12302,1,http://www.law.go.kr,
2026-09-29T07:09:50+0000,api,http://www.law.go.kr/DRF/lawService.do?OC=***&target=eflaw&MST=277245&efYd=20251001&type=XML,200,191735,1,http://www.law.go.kr,
2026-09-29T07:09:54+0000,api,http://www.law.go.kr/DRF/lawService.do?OC=***&target=eflaw&MST=233423&efYd=20210630&type=XML,200,95420,1,http://www.law.go.kr,
2026-09-29T07:09:58+0000,api,http://www.law.go.kr/DRF/lawService.do?OC=***&target=lsStmd&MST=277249&type=XML,200,14921,1,http://www.law.go.kr,
2026-09-29T07:10:01+0000,api,http://www.law.go.kr/DRF/lawService.do?OC=***&target=eflaw&MST=277249&efYd=20260102&type=XML,200,292891,1,http://www.law.go.kr,
2026-09-29T07:10:07+0000,api,http://www.law.go.kr/DRF/lawService.do?OC=***&target=eflaw&MST=290241&efYd=20261002&type=XML,200,290280,1,http://www.law.go.kr,
2026-09-29T07:10:12+0000,api,http://www.law.go.kr/DRF/lawService.do?OC=***&target=eflaw&MST=281377&efYd=20260102&type=XML,200,123524,1,http://www.law.go.kr,
2026-09-29T07:10:18+0000,api,http://www.law.go.kr/DRF/lawService.do?OC=***&target=lsStmd&MST=225139&type=XML,200,4939,1,http://www.law.go.kr,
2026-09-29T07:10:19+0000,api,http://www.law.go.kr/DRF/lawService.do?OC=***&target=eflaw&MST=225139&efYd=20210630&type=XML,200,87727,1,http://www.law.go.kr,
2026-09-29T07:11:11+0000,file,https://www.law.go.kr/LSW/flDownload.do?flSeq=91508895,200,86085,4,https://www.law.go.kr,재시도 전 오류: URLError: <urlopen error [Errno 104] Connection reset by peer> ; URLError: <urlopen error [Errno 104] Connection reset by peer> ; URLError: <urlopen error [Errno 104] Connection reset by peer>
2026-09-29T07:11:14+0000,api,http://www.law.go.kr/DRF/lawService.do?OC=***&target=eflaw&MST=278139&efYd=20251001&type=XML,200,66881,1,http://www.law.go.kr,
2026-09-29T07:11:16+0000,file,http://www.law.go.kr/LSW/flDownload.do?flSeq=156982023,200,97733,1,http://www.law.go.kr,
2026-09-29T07:11:21+0000,api,http://www.law.go.kr/DRF/lawService.do?OC=***&target=lsStmd&MST=277341&type=XML,200,3606,1,http://www.law.go.kr,
2026-09-29T07:11:22+0000,api,http://www.law.go.kr/DRF/lawService.do?OC=***&target=eflaw&MST=277341&efYd=20251001&type=XML,200,28065,1,http://www.law.go.kr,
2026-09-29T07:11:24+0000,api,http://www.law.go.kr/DRF/lawService.do?OC=***&target=eflaw&MST=264719&efYd=20240814&type=XML,200,42541,1,http://www.law.go.kr,
2026-09-29T07:11:25+0000,file,http://www.law.go.kr/LSW/flDownload.do?flSeq=143187717,200,80704,1,http://www.law.go.kr,
2026-09-29T07:11:27+0000,api,http://www.law.go.kr/DRF/lawService.do?OC=***&target=eflaw&MST=290425&efYd=20261002&type=XML,200,30886,1,http://www.law.go.kr,
2026-09-29T07:11:29+0000,file,http://www.law.go.kr/LSW/flDownload.do?flSeq=169583809,200,80704,1,http://www.law.go.kr,
2026-09-29T07:11:35+0000,api,http://www.law.go.kr/DRF/lawService.do?OC=***&target=lsStmd&MST=280349&type=XML,200,16721,1,http://www.law.go.kr,
2026-09-29T07:11:38+0000,api,http://www.law.go.kr/DRF/lawService.do?OC=***&target=eflaw&MST=280349&efYd=20260701&type=XML,200,848926,1,http://www.law.go.kr,
2026-09-29T07:11:53+0000,api,http://www.law.go.kr/DRF/lawService.do?OC=***&target=eflaw&MST=109644&efYd=20280101&type=XML,200,1127786,1,http://www.law.go.kr,
2026-09-29T07:12:08+0000,api,http://www.law.go.kr/DRF/lawService.do?OC=***&target=eflaw&MST=224703&efYd=20270101&type=XML,200,890422,1,http://www.law.go.kr,
2026-09-29T07:12:23+0000,api,http://www.law.go.kr/DRF/lawService.do?OC=***&target=eflaw&MST=283635&efYd=20260227&type=XML,200,1496658,1,http://www.law.go.kr,
2026-09-29T07:12:40+0000,file,http://www.law.go.kr/LSW/flDownload.do?flSeq=162490119,200,90582,2,http://www.law.go.kr,재시도 전 오류: URLError: <urlopen error [Errno 104] Connection reset by peer>
2026-09-29T07:13:12+0000,file,http://www.law.go.kr/LSW/flDownload.do?flSeq=162490125,200,52370,3,http://www.law.go.kr,재시도 전 오류: URLError: <urlopen error [Errno 104] Connection reset by peer> ; URLError: <urlopen error [Errno 104] Connection reset by peer>
2026-09-29T07:13:15+0000,file,http://www.law.go.kr/LSW/flDownload.do?flSeq=162490131,200,100744,1,http://www.law.go.kr,
2026-09-29T07:14:06+0000,file,https://www.law.go.kr/LSW/flDownload.do?flSeq=162490141,200,57468,4,https://www.law.go.kr,재시도 전 오류: URLError: <urlopen error [Errno 104] Connection reset by peer> ; URLError: <urlopen error [Errno 104] Connection reset by peer> ; URLError: <urlopen error [Errno 104] Connection reset by peer>
2026-09-29T07:14:30+0000,api,http://www.law.go.kr/DRF/lawService.do?OC=***&target=eflaw&MST=283635&efYd=20270101&type=XML,200,1504579,1,http://www.law.go.kr,
2026-09-29T07:14:32+0000,file,http://www.law.go.kr/LSW/flDownload.do?flSeq=162490787,200,90582,1,http://www.law.go.kr,
2026-09-29T07:14:48+0000,file,http://www.law.go.kr/LSW/flDownload.do?flSeq=162490793,200,52370,2,http://www.law.go.kr,재시도 전 오류: URLError: <urlopen error [Errno 104] Connection reset by peer>
2026-09-29T07:15:52+0000,file,https://www.law.go.kr/LSW/flDownload.do?flSeq=162490799,200,100744,5,https://www.law.go.kr,재시도 전 오류: URLError: <urlopen error [Errno 104] Connection reset by peer> ; URLError: <urlopen error [Errno 104] Connection reset by peer> ; URLError: <urlopen error [Errno 104] Connection reset by peer> ; URLError: <urlopen error [Errno 104] Connection reset by peer>
2026-09-29T07:15:55+0000,file,http://www.law.go.kr/LSW/flDownload.do?flSeq=162490809,200,57468,1,http://www.law.go.kr,
2026-09-29T07:16:19+0000,api,http://www.law.go.kr/DRF/lawService.do?OC=***&target=eflaw&MST=269543&efYd=20270101&type=XML,200,1520097,1,http://www.law.go.kr,
2026-09-29T07:16:52+0000,file,http://www.law.go.kr/LSW/flDownload.do?flSeq=162490453,200,90582,3,http://www.law.go.kr,재시도 전 오류: URLError: <urlopen error [Errno 104] Connection reset by peer> ; URLError: <urlopen error [Errno 104] Connection reset by peer>
2026-09-29T07:16:54+0000,file,http://www.law.go.kr/LSW/flDownload.do?flSeq=162490459,200,52370,1,http://www.law.go.kr,
2026-09-29T07:16:56+0000,file,http://www.law.go.kr/LSW/flDownload.do?flSeq=162490465,200,100744,1,http://www.law.go.kr,
2026-09-29T07:16:58+0000,file,http://www.law.go.kr/LSW/flDownload.do?flSeq=162490475,200,57468,1,http://www.law.go.kr,
2026-09-29T07:17:21+0000,api,http://www.law.go.kr/DRF/lawService.do?OC=***&target=eflaw&MST=241137&efYd=20270101&type=XML,200,1486511,1,http://www.law.go.kr,
2026-09-29T07:17:23+0000,file,http://www.law.go.kr/LSW/flDownload.do?flSeq=162491161,200,90582,1,http://www.law.go.kr,
2026-09-29T07:17:26+0000,file,http://www.law.go.kr/LSW/flDownload.do?flSeq=162491167,200,52370,1,http://www.law.go.kr,
2026-09-29T07:17:42+0000,file,http://www.law.go.kr/LSW/flDownload.do?flSeq=162491173,200,100744,2,http://www.law.go.kr,재시도 전 오류: URLError: <urlopen error [Errno 104] Connection reset by peer>
2026-09-29T07:17:58+0000,file,http://www.law.go.kr/LSW/flDownload.do?flSeq=162491183,200,57468,2,http://www.law.go.kr,재시도 전 오류: URLError: <urlopen error [Errno 104] Connection reset by peer>
2026-09-29T07:18:23+0000,api,http://www.law.go.kr/DRF/lawService.do?OC=***&target=eflaw&MST=287787&efYd=20260701&type=XML,200,5335692,1,http://www.law.go.kr,
2026-09-29T07:18:25+0000,file,http://www.law.go.kr/LSW/flDownload.do?flSeq=168515307,200,20927,1,http://www.law.go.kr,
2026-09-29T07:18:27+0000,file,http://www.law.go.kr/LSW/flDownload.do?flSeq=168515313,200,90561,1,http://www.law.go.kr,
2026-09-29T07:18:29+0000,file,http://www.law.go.kr/LSW/flDownload.do?flSeq=168515319,200,62228,1,http://www.law.go.kr,
2026-09-29T07:18:30+0000,file,http://www.law.go.kr/LSW/flDownload.do?flSeq=168515325,200,29050,1,http://www.law.go.kr,
2026-09-29T07:18:48+0000,file,http://www.law.go.kr/LSW/flDownload.do?flSeq=168515333,200,132894,2,http://www.law.go.kr,재시도 전 오류: URLError: <urlopen error [Errno 104] Connection reset by peer>
2026-09-29T07:18:50+0000,file,http://www.law.go.kr/LSW/flDownload.do?flSeq=168517141,200,192596,1,http://www.law.go.kr,
2026-09-29T07:18:52+0000,file,http://www.law.go.kr/LSW/flDownload.do?flSeq=168517157,200,14057,1,http://www.law.go.kr,
2026-09-29T07:19:25+0000,file,http://www.law.go.kr/LSW/flDownload.do?flSeq=168517163,200,14057,3,http://www.law.go.kr,재시도 전 오류: URLError: <urlopen error [Errno 104] Connection reset by peer> ; URLError: <urlopen error [Errno 104] Connection reset by peer>
2026-09-29T07:19:28+0000,file,http://www.law.go.kr/LSW/flDownload.do?flSeq=168517169,200,14159,1,http://www.law.go.kr,
2026-09-29T07:19:29+0000,file,http://www.law.go.kr/LSW/flDownload.do?flSeq=168517175,200,14191,1,http://www.law.go.kr,
2026-09-29T07:19:47+0000,file,http://www.law.go.kr/LSW/flDownload.do?flSeq=168517181,200,14059,2,http://www.law.go.kr,재시도 전 오류: URLError: <urlopen error [Errno 104] Connection reset by peer>
2026-09-29T07:19:49+0000,file,http://www.law.go.kr/LSW/flDownload.do?flSeq=168517187,200,14160,1,http://www.law.go.kr,
2026-09-29T07:20:55+0000,file,https://www.law.go.kr/LSW/flDownload.do?flSeq=168517193,200,62696,5,https://www.law.go.kr,재시도 전 오류: URLError: <urlopen error [Errno 104] Connection reset by peer> ; URLError: <urlopen error [Errno 104] Connection reset by peer> ; URLError: <urlopen error [Errno 104] Connection reset by peer> ; URLError: <urlopen error [Errno 104] Connection reset by peer>
2026-09-29T07:21:10+0000,file,http://www.law.go.kr/LSW/flDownload.do?flSeq=168517199,200,62562,2,http://www.law.go.kr,재시도 전 오류: URLError: <urlopen error [Errno 104] Connection reset by peer>
2026-09-29T07:21:12+0000,file,http://www.law.go.kr/LSW/flDownload.do?flSeq=168517205,200,44344,1,http://www.law.go.kr,
2026-09-29T07:21:28+0000,file,http://www.law.go.kr/LSW/flDownload.do?flSeq=168517211,200,55847,2,http://www.law.go.kr,재시도 전 오류: URLError: <urlopen error [Errno 104] Connection reset by peer>
2026-09-29T07:21:30+0000,file,http://www.law.go.kr/LSW/flDownload.do?flSeq=168517217,200,39021,1,http://www.law.go.kr,
2026-09-29T07:21:31+0000,file,http://www.law.go.kr/LSW/flDownload.do?flSeq=168517223,200,19767,1,http://www.law.go.kr,
2026-09-29T07:21:47+0000,file,http://www.law.go.kr/LSW/flDownload.do?flSeq=168517229,200,20154,2,http://www.law.go.kr,재시도 전 오류: URLError: <urlopen error [Errno 104] Connection reset by peer>
2026-09-29T07:21:51+0000,file,http://www.law.go.kr/LSW/flDownload.do?flSeq=168517235,200,115774,1,http://www.law.go.kr,
2026-09-29T07:21:53+0000,file,http://www.law.go.kr/LSW/flDownload.do?flSeq=168517243,200,58543,1,http://www.law.go.kr,
2026-09-29T07:21:55+0000,file,http://www.law.go.kr/LSW/flDownload.do?flSeq=168517251,200,186104,1,http://www.law.go.kr,
2026-09-29T07:22:29+0000,file,http://www.law.go.kr/LSW/flDownload.do?flSeq=168517267,200,1060223,3,http://www.law.go.kr,재시도 전 오류: URLError: <urlopen error [Errno 104] Connection reset by peer> ; URLError: <urlopen error [Errno 104] Connection reset by peer>
2026-09-29T07:22:37+0000,file,http://www.law.go.kr/LSW/flDownload.do?flSeq=168517307,200,630699,1,http://www.law.go.kr,
2026-09-29T07:22:42+0000,file,http://www.law.go.kr/LSW/flDownload.do?flSeq=168517333,200,82708,1,http://www.law.go.kr,
2026-09-29T07:22:45+0000,file,http://www.law.go.kr/LSW/flDownload.do?flSeq=168517341,200,58213,1,http://www.law.go.kr,
2026-09-29T07:22:47+0000,file,http://www.law.go.kr/LSW/flDownload.do?flSeq=168517349,200,48151,1,http://www.law.go.kr,
2026-09-29T07:23:03+0000,file,http://www.law.go.kr/LSW/flDownload.do?flSeq=168517355,200,57808,2,http://www.law.go.kr,재시도 전 오류: URLError: <urlopen error [Errno 104] Connection reset by peer>
2026-09-29T07:23:04+0000,file,http://www.law.go.kr/LSW/flDownload.do?flSeq=168517361,200,47751,1,http://www.law.go.kr,
2026-09-29T07:23:21+0000,file,http://www.law.go.kr/LSW/flDownload.do?flSeq=168517367,200,496892,2,http://www.law.go.kr,재시도 전 오류: URLError: <urlopen error [Errno 104] Connection reset by peer>
2026-09-29T07:23:40+0000,file,http://www.law.go.kr/LSW/flDownload.do?flSeq=168517445,200,85070,2,http://www.law.go.kr,재시도 전 오류: URLError: <urlopen error [Errno 104] Connection reset by peer>
2026-09-29T07:23:56+0000,file,http://www.law.go.kr/LSW/flDownload.do?flSeq=168517453,200,73261,2,http://www.law.go.kr,재시도 전 오류: URLError: <urlopen error [Errno 104] Connection reset by peer>
2026-09-29T07:24:12+0000,file,http://www.law.go.kr/LSW/flDownload.do?flSeq=168517465,200,16350,2,http://www.law.go.kr,재시도 전 오류: URLError: <urlopen error [Errno 104] Connection reset by peer>
2026-09-29T07:24:14+0000,file,http://www.law.go.kr/LSW/flDownload.do?flSeq=168517471,200,40227,1,http://www.law.go.kr,
2026-09-29T07:24:17+0000,file,http://www.law.go.kr/LSW/flDownload.do?flSeq=168517477,200,117049,1,http://www.law.go.kr,
2026-09-29T07:24:18+0000,file,http://www.law.go.kr/LSW/flDownload.do?flSeq=168517489,200,14015,1,http://www.law.go.kr,
2026-09-29T07:24:21+0000,file,http://www.law.go.kr/LSW/flDownload.do?flSeq=168517495,200,138116,1,http://www.law.go.kr,
2026-09-29T07:25:13+0000,file,https://www.law.go.kr/LSW/flDownload.do?flSeq=168517511,200,69195,4,https://www.law.go.kr,재시도 전 오류: URLError: <urlopen error [Errno 104] Connection reset by peer> ; URLError: <urlopen error [Errno 104] Connection reset by peer> ; URLError: <urlopen error [Errno 104] Connection reset by peer>
2026-09-29T07:25:16+0000,file,http://www.law.go.kr/LSW/flDownload.do?flSeq=168517519,200,53119,1,http://www.law.go.kr,
2026-09-29T07:25:47+0000,file,http://www.law.go.kr/LSW/flDownload.do?flSeq=168517527,200,87228,3,http://www.law.go.kr,재시도 전 오류: URLError: <urlopen error [Errno 104] Connection reset by peer> ; URLError: <urlopen error [Errno 104] Connection reset by peer>
2026-09-29T07:26:53+0000,file,https://www.law.go.kr/LSW/flDownload.do?flSeq=168517535,200,62238,5,https://www.law.go.kr,재시도 전 오류: URLError: <urlopen error [Errno 104] Connection reset by peer> ; URLError: <urlopen error [Errno 104] Connection reset by peer> ; URLError: <urlopen error [Errno 104] Connection reset by peer> ; URLError: <urlopen error [Errno 104] Connection reset by peer>
2026-09-29T07:27:09+0000,file,http://www.law.go.kr/LSW/flDownload.do?flSeq=168517543,200,72948,2,http://www.law.go.kr,재시도 전 오류: URLError: <urlopen error [Errno 104] Connection reset by peer>
2026-09-29T07:27:12+0000,file,http://www.law.go.kr/LSW/flDownload.do?flSeq=168517551,200,179419,1,http://www.law.go.kr,
2026-09-29T07:27:14+0000,file,http://www.law.go.kr/LSW/flDownload.do?flSeq=168517561,200,100562,1,http://www.law.go.kr,
2026-09-29T07:27:16+0000,file,http://www.law.go.kr/LSW/flDownload.do?flSeq=168517579,200,68185,1,http://www.law.go.kr,
2026-09-29T07:27:18+0000,file,http://www.law.go.kr/LSW/flDownload.do?flSeq=168517587,200,54044,1,http://www.law.go.kr,
2026-09-29T07:27:20+0000,file,http://www.law.go.kr/LSW/flDownload.do?flSeq=168517595,200,91043,1,http://www.law.go.kr,
2026-09-29T07:28:24+0000,file,https://www.law.go.kr/LSW/flDownload.do?flSeq=168517609,200,59301,5,https://www.law.go.kr,재시도 전 오류: URLError: <urlopen error [Errno 104] Connection reset by peer> ; URLError: <urlopen error [Errno 104] Connection reset by peer> ; URLError: <urlopen error [Errno 104] Connection reset by peer> ; URLError: <urlopen error [Errno 104] Connection reset by peer>
2026-09-29T07:28:26+0000,file,http://www.law.go.kr/LSW/flDownload.do?flSeq=168517617,200,56922,1,http://www.law.go.kr,
2026-09-29T07:28:29+0000,file,http://www.law.go.kr/LSW/flDownload.do?flSeq=168517625,200,72375,1,http://www.law.go.kr,
2026-09-29T07:28:30+0000,file,http://www.law.go.kr/LSW/flDownload.do?flSeq=168517637,200,81815,1,http://www.law.go.kr,
2026-09-29T07:28:32+0000,file,http://www.law.go.kr/LSW/flDownload.do?flSeq=168517647,200,78758,1,http://www.law.go.kr,
2026-09-29T07:29:23+0000,file,https://www.law.go.kr/LSW/flDownload.do?flSeq=168517657,200,103106,4,https://www.law.go.kr,재시도 전 오류: URLError: <urlopen error [Errno 104] Connection reset by peer> ; URLError: <urlopen error [Errno 104] Connection reset by peer> ; URLError: <urlopen error [Errno 104] Connection reset by peer>
2026-09-29T07:29:39+0000,file,http://www.law.go.kr/LSW/flDownload.do?flSeq=168517667,200,13142,2,http://www.law.go.kr,재시도 전 오류: URLError: <urlopen error [Errno 104] Connection reset by peer>
2026-09-29T07:29:41+0000,file,http://www.law.go.kr/LSW/flDownload.do?flSeq=168517673,200,13994,1,http://www.law.go.kr,
2026-09-29T07:30:33+0000,file,https://www.law.go.kr/LSW/flDownload.do?flSeq=168517679,200,67071,4,https://www.law.go.kr,재시도 전 오류: URLError: <urlopen error [Errno 104] Connection reset by peer> ; URLError: <urlopen error [Errno 104] Connection reset by peer> ; URLError: <urlopen error [Errno 104] Connection reset by peer>
2026-09-29T07:30:36+0000,file,http://www.law.go.kr/LSW/flDownload.do?flSeq=168517687,200,60401,1,http://www.law.go.kr,
2026-09-29T07:31:41+0000,file,https://www.law.go.kr/LSW/flDownload.do?flSeq=168517693,200,75410,5,https://www.law.go.kr,재시도 전 오류: URLError: <urlopen error [Errno 104] Connection reset by peer> ; URLError: <urlopen error [Errno 104] Connection reset by peer> ; URLError: <urlopen error [Errno 104] Connection reset by peer> ; URLError: <urlopen error [Errno 104] Connection reset by peer>
2026-09-29T07:31:43+0000,file,http://www.law.go.kr/LSW/flDownload.do?flSeq=168517703,200,65006,1,http://www.law.go.kr,
2026-09-29T07:31:45+0000,file,http://www.law.go.kr/LSW/flDownload.do?flSeq=168517711,200,53209,1,http://www.law.go.kr,
2026-09-29T07:32:01+0000,file,http://www.law.go.kr/LSW/flDownload.do?flSeq=168517719,200,44593,2,http://www.law.go.kr,재시도 전 오류: URLError: <urlopen error [Errno 104] Connection reset by peer>
2026-09-29T07:32:03+0000,file,http://www.law.go.kr/LSW/flDownload.do?flSeq=168517725,200,36407,1,http://www.law.go.kr,
2026-09-29T07:32:05+0000,file,http://www.law.go.kr/LSW/flDownload.do?flSeq=168517731,200,13048,1,http://www.law.go.kr,
2026-09-29T07:32:07+0000,file,http://www.law.go.kr/LSW/flDownload.do?flSeq=168517737,200,70063,1,http://www.law.go.kr,
2026-09-29T07:32:09+0000,file,http://www.law.go.kr/LSW/flDownload.do?flSeq=168517745,200,75354,1,http://www.law.go.kr,
2026-09-29T07:32:41+0000,file,http://www.law.go.kr/LSW/flDownload.do?flSeq=168517757,200,45367,3,http://www.law.go.kr,재시도 전 오류: URLError: <urlopen error [Errno 104] Connection reset by peer> ; URLError: <urlopen error [Errno 104] Connection reset by peer>
2026-09-29T07:32:56+0000,file,http://www.law.go.kr/LSW/flDownload.do?flSeq=168517763,200,52367,2,http://www.law.go.kr,재시도 전 오류: URLError: <urlopen error [Errno 104] Connection reset by peer>
2026-09-29T07:32:58+0000,file,http://www.law.go.kr/LSW/flDownload.do?flSeq=168517769,200,49462,1,http://www.law.go.kr,
2026-09-29T07:33:50+0000,file,https://www.law.go.kr/LSW/flDownload.do?flSeq=168517775,200,49667,4,https://www.law.go.kr,재시도 전 오류: URLError: <urlopen error [Errno 104] Connection reset by peer> ; URLError: <urlopen error [Errno 104] Connection reset by peer> ; URLError: <urlopen error [Errno 104] Connection reset by peer>
2026-09-29T07:34:05+0000,file,http://www.law.go.kr/LSW/flDownload.do?flSeq=168517781,200,47527,2,http://www.law.go.kr,재시도 전 오류: URLError: <urlopen error [Errno 104] Connection reset by peer>
2026-09-29T07:34:07+0000,file,http://www.law.go.kr/LSW/flDownload.do?flSeq=168517787,200,47941,1,http://www.law.go.kr,
2026-09-29T07:34:09+0000,file,http://www.law.go.kr/LSW/flDownload.do?flSeq=168517793,200,43611,1,http://www.law.go.kr,
2026-09-29T07:34:11+0000,file,http://www.law.go.kr/LSW/flDownload.do?flSeq=168517799,200,52370,1,http://www.law.go.kr,
2026-09-29T07:34:13+0000,file,http://www.law.go.kr/LSW/flDownload.do?flSeq=168517807,200,50028,1,http://www.law.go.kr,
2026-09-29T07:34:15+0000,file,http://www.law.go.kr/LSW/flDownload.do?flSeq=168517815,200,51007,1,http://www.law.go.kr,
2026-09-29T07:34:17+0000,file,http://www.law.go.kr/LSW/flDownload.do?flSeq=168517823,200,104009,1,http://www.law.go.kr,
2026-09-29T07:34:20+0000,file,http://www.law.go.kr/LSW/flDownload.do?flSeq=168517837,200,72930,1,http://www.law.go.kr,
2026-09-29T07:34:37+0000,file,http://www.law.go.kr/LSW/flDownload.do?flSeq=168517845,200,54660,2,http://www.law.go.kr,재시도 전 오류: URLError: <urlopen error [Errno 104] Connection reset by peer>
2026-09-29T07:35:41+0000,file,https://www.law.go.kr/LSW/flDownload.do?flSeq=168517851,200,135608,5,https://www.law.go.kr,재시도 전 오류: URLError: <urlopen error [Errno 104] Connection reset by peer> ; URLError: <urlopen error [Errno 104] Connection reset by peer> ; URLError: <urlopen error [Errno 104] Connection reset by peer> ; URLError: <urlopen error [Errno 104] Connection reset by peer>
2026-09-29T07:35:43+0000,file,http://www.law.go.kr/LSW/flDownload.do?flSeq=168517867,200,132069,1,http://www.law.go.kr,
2026-09-29T07:36:35+0000,file,https://www.law.go.kr/LSW/flDownload.do?flSeq=168517879,200,73829,4,https://www.law.go.kr,재시도 전 오류: URLError: <urlopen error [Errno 104] Connection reset by peer> ; URLError: <urlopen error [Errno 104] Connection reset by peer> ; URLError: <urlopen error [Errno 104] Connection reset by peer>
2026-09-29T07:36:50+0000,file,http://www.law.go.kr/LSW/flDownload.do?flSeq=168517891,200,75747,2,http://www.law.go.kr,재시도 전 오류: URLError: <urlopen error [Errno 104] Connection reset by peer>
2026-09-29T07:37:06+0000,file,http://www.law.go.kr/LSW/flDownload.do?flSeq=168517899,200,12957,2,http://www.law.go.kr,재시도 전 오류: URLError: <urlopen error [Errno 104] Connection reset by peer>
2026-09-29T07:37:07+0000,file,http://www.law.go.kr/LSW/flDownload.do?flSeq=168517905,200,49562,1,http://www.law.go.kr,
2026-09-29T07:37:09+0000,file,http://www.law.go.kr/LSW/flDownload.do?flSeq=168517911,200,15990,1,http://www.law.go.kr,
2026-09-29T07:37:27+0000,file,http://www.law.go.kr/LSW/flDownload.do?flSeq=168517917,200,147545,2,http://www.law.go.kr,재시도 전 오류: URLError: <urlopen error [Errno 104] Connection reset by peer>
2026-09-29T07:38:20+0000,file,https://www.law.go.kr/LSW/flDownload.do?flSeq=168517929,200,71853,4,https://www.law.go.kr,재시도 전 오류: URLError: <urlopen error [Errno 104] Connection reset by peer> ; URLError: <urlopen error [Errno 104] Connection reset by peer> ; URLError: <urlopen error [Errno 104] Connection reset by peer>
2026-09-29T07:38:35+0000,file,http://www.law.go.kr/LSW/flDownload.do?flSeq=168517937,200,85489,2,http://www.law.go.kr,재시도 전 오류: URLError: <urlopen error [Errno 104] Connection reset by peer>
2026-09-29T07:38:52+0000,file,http://www.law.go.kr/LSW/flDownload.do?flSeq=168517949,200,52172,2,http://www.law.go.kr,재시도 전 오류: URLError: <urlopen error [Errno 104] Connection reset by peer>
2026-09-29T07:38:54+0000,file,http://www.law.go.kr/LSW/flDownload.do?flSeq=168517955,200,148894,1,http://www.law.go.kr,
2026-09-29T07:39:46+0000,file,https://www.law.go.kr/LSW/flDownload.do?flSeq=168517971,200,75979,4,https://www.law.go.kr,재시도 전 오류: URLError: <urlopen error [Errno 104] Connection reset by peer> ; URLError: <urlopen error [Errno 104] Connection reset by peer> ; URLError: <urlopen error [Errno 104] Connection reset by peer>
2026-09-29T07:39:47+0000,file,http://www.law.go.kr/LSW/flDownload.do?flSeq=168517979,200,18175,1,http://www.law.go.kr,
2026-09-29T07:40:19+0000,file,http://www.law.go.kr/LSW/flDownload.do?flSeq=168517985,200,18414,3,http://www.law.go.kr,재시도 전 오류: URLError: <urlopen error [Errno 104] Connection reset by peer> ; URLError: <urlopen error [Errno 104] Connection reset by peer>
2026-09-29T07:40:20+0000,file,http://www.law.go.kr/LSW/flDownload.do?flSeq=168517991,200,18320,1,http://www.law.go.kr,
2026-09-29T07:40:22+0000,file,http://www.law.go.kr/LSW/flDownload.do?flSeq=168517997,200,18019,1,http://www.law.go.kr,
2026-09-29T07:40:38+0000,file,http://www.law.go.kr/LSW/flDownload.do?flSeq=168518003,200,18391,2,http://www.law.go.kr,재시도 전 오류: URLError: <urlopen error [Errno 104] Connection reset by peer>
2026-09-29T07:40:40+0000,file,http://www.law.go.kr/LSW/flDownload.do?flSeq=168518009,200,18311,1,http://www.law.go.kr,
2026-09-29T07:40:41+0000,file,http://www.law.go.kr/LSW/flDownload.do?flSeq=168518015,200,18019,1,http://www.law.go.kr,
2026-09-29T07:40:43+0000,file,http://www.law.go.kr/LSW/flDownload.do?flSeq=168518021,200,110873,1,http://www.law.go.kr,
2026-09-29T07:40:46+0000,file,http://www.law.go.kr/LSW/flDownload.do?flSeq=168518037,200,16651,1,http://www.law.go.kr,
2026-09-29T07:40:47+0000,file,http://www.law.go.kr/LSW/flDownload.do?flSeq=168518043,200,40056,1,http://www.law.go.kr,
2026-09-29T07:41:03+0000,file,http://www.law.go.kr/LSW/flDownload.do?flSeq=168518049,200,39095,2,http://www.law.go.kr,재시도 전 오류: URLError: <urlopen error [Errno 104] Connection reset by peer>
2026-09-29T07:41:04+0000,file,http://www.law.go.kr/LSW/flDownload.do?flSeq=168518055,200,41723,1,http://www.law.go.kr,
2026-09-29T07:41:06+0000,file,http://www.law.go.kr/LSW/flDownload.do?flSeq=168518061,200,47655,1,http://www.law.go.kr,
2026-09-29T07:41:08+0000,file,http://www.law.go.kr/LSW/flDownload.do?flSeq=168518067,200,49713,1,http://www.law.go.kr,
2026-09-29T07:41:10+0000,file,http://www.law.go.kr/LSW/flDownload.do?flSeq=168518073,200,75890,1,http://www.law.go.kr,
2026-09-29T07:41:26+0000,file,http://www.law.go.kr/LSW/flDownload.do?flSeq=168518081,200,73936,2,http://www.law.go.kr,재시도 전 오류: URLError: <urlopen error [Errno 104] Connection reset by peer>
2026-09-29T07:41:28+0000,file,http://www.law.go.kr/LSW/flDownload.do?flSeq=168518087,200,80229,1,http://www.law.go.kr,
2026-09-29T07:41:44+0000,file,http://www.law.go.kr/LSW/flDownload.do?flSeq=168518095,200,41760,2,http://www.law.go.kr,재시도 전 오류: URLError: <urlopen error [Errno 104] Connection reset by peer>
2026-09-29T07:42:00+0000,file,http://www.law.go.kr/LSW/flDownload.do?flSeq=168518101,200,71941,2,http://www.law.go.kr,재시도 전 오류: URLError: <urlopen error [Errno 104] Connection reset by peer>
2026-09-29T07:42:16+0000,file,http://www.law.go.kr/LSW/flDownload.do?flSeq=168518109,200,69237,2,http://www.law.go.kr,재시도 전 오류: URLError: <urlopen error [Errno 104] Connection reset by peer>
2026-09-29T07:42:18+0000,file,http://www.law.go.kr/LSW/flDownload.do?flSeq=168518117,200,13337,1,http://www.law.go.kr,
2026-09-29T07:42:19+0000,file,http://www.law.go.kr/LSW/flDownload.do?flSeq=168518123,200,20217,1,http://www.law.go.kr,
2026-09-29T07:42:22+0000,file,http://www.law.go.kr/LSW/flDownload.do?flSeq=168518129,200,55949,1,http://www.law.go.kr,
2026-09-29T07:42:24+0000,file,http://www.law.go.kr/LSW/flDownload.do?flSeq=168518135,200,53508,1,http://www.law.go.kr,
2026-09-29T07:42:40+0000,file,http://www.law.go.kr/LSW/flDownload.do?flSeq=168518141,200,54523,2,http://www.law.go.kr,재시도 전 오류: URLError: <urlopen error [Errno 104] Connection reset by peer>
2026-09-29T07:42:42+0000,file,http://www.law.go.kr/LSW/flDownload.do?flSeq=168518149,200,34677,1,http://www.law.go.kr,
2026-09-29T07:42:57+0000,file,http://www.law.go.kr/LSW/flDownload.do?flSeq=168518155,200,17149,2,http://www.law.go.kr,재시도 전 오류: URLError: <urlopen error [Errno 104] Connection reset by peer>
2026-09-29T07:43:00+0000,file,http://www.law.go.kr/LSW/flDownload.do?flSeq=168518161,200,124999,1,http://www.law.go.kr,
2026-09-29T07:43:02+0000,file,http://www.law.go.kr/LSW/flDownload.do?flSeq=168518183,200,62691,1,http://www.law.go.kr,
2026-09-29T07:43:04+0000,file,http://www.law.go.kr/LSW/flDownload.do?flSeq=168518191,200,13506,1,http://www.law.go.kr,
2026-09-29T07:44:24+0000,file,https://www.law.go.kr/LSW/flDownload.do?flSeq=168518197,200,17012,6,https://www.law.go.kr,or [Errno 104] Connection reset by peer> ; URLError: <urlopen error [Errno 104] Connection reset by peer> ; URLError: <urlopen error [Errno 104] Connection reset by peer> ; URLError: <urlopen error [Errno 104] Connection reset by peer> ; URLError: <urlopen error [Errno 104] Connection reset by peer>
2026-09-29T07:44:26+0000,file,http://www.law.go.kr/LSW/flDownload.do?flSeq=168518203,200,16822,1,http://www.law.go.kr,
2026-09-29T07:45:17+0000,file,https://www.law.go.kr/LSW/flDownload.do?flSeq=168518209,200,61737,4,https://www.law.go.kr,재시도 전 오류: URLError: <urlopen error [Errno 104] Connection reset by peer> ; URLError: <urlopen error [Errno 104] Connection reset by peer> ; URLError: <urlopen error [Errno 104] Connection reset by peer>
2026-09-29T07:45:33+0000,file,http://www.law.go.kr/LSW/flDownload.do?flSeq=168518215,200,60467,2,http://www.law.go.kr,재시도 전 오류: URLError: <urlopen error [Errno 104] Connection reset by peer>
2026-09-29T07:45:49+0000,file,http://www.law.go.kr/LSW/flDownload.do?flSeq=168518223,200,40727,2,http://www.law.go.kr,재시도 전 오류: URLError: <urlopen error [Errno 104] Connection reset by peer>
2026-09-29T07:46:53+0000,file,https://www.law.go.kr/LSW/flDownload.do?flSeq=168518229,200,44276,5,https://www.law.go.kr,재시도 전 오류: URLError: <urlopen error [Errno 104] Connection reset by peer> ; URLError: <urlopen error [Errno 104] Connection reset by peer> ; URLError: <urlopen error [Errno 104] Connection reset by peer> ; URLError: <urlopen error [Errno 104] Connection reset by peer>
2026-09-29T07:48:14+0000,file,https://www.law.go.kr/LSW/flDownload.do?flSeq=168518235,200,12978,6,https://www.law.go.kr,or [Errno 104] Connection reset by peer> ; URLError: <urlopen error [Errno 104] Connection reset by peer> ; URLError: <urlopen error [Errno 104] Connection reset by peer> ; URLError: <urlopen error [Errno 104] Connection reset by peer> ; URLError: <urlopen error [Errno 104] Connection reset by peer>
2026-09-29T07:48:15+0000,file,http://www.law.go.kr/LSW/flDownload.do?flSeq=168518241,200,13054,1,http://www.law.go.kr,
2026-09-29T07:48:47+0000,file,http://www.law.go.kr/LSW/flDownload.do?flSeq=168518247,200,56486,3,http://www.law.go.kr,재시도 전 오류: URLError: <urlopen error [Errno 104] Connection reset by peer> ; URLError: <urlopen error [Errno 104] Connection reset by peer>
2026-09-29T07:49:19+0000,file,http://www.law.go.kr/LSW/flDownload.do?flSeq=168518255,200,13452,3,http://www.law.go.kr,재시도 전 오류: URLError: <urlopen error [Errno 104] Connection reset by peer> ; URLError: <urlopen error [Errno 104] Connection reset by peer>
2026-09-29T07:49:34+0000,file,http://www.law.go.kr/LSW/flDownload.do?flSeq=168518261,200,70384,2,http://www.law.go.kr,재시도 전 오류: URLError: <urlopen error [Errno 104] Connection reset by peer>
2026-09-29T07:50:26+0000,file,https://www.law.go.kr/LSW/flDownload.do?flSeq=168518269,200,42175,4,https://www.law.go.kr,재시도 전 오류: URLError: <urlopen error [Errno 104] Connection reset by peer> ; URLError: <urlopen error [Errno 104] Connection reset by peer> ; URLError: <urlopen error [Errno 104] Connection reset by peer>
2026-09-29T07:51:17+0000,file,https://www.law.go.kr/LSW/flDownload.do?flSeq=168518275,200,43255,4,https://www.law.go.kr,재시도 전 오류: URLError: <urlopen error [Errno 104] Connection reset by peer> ; URLError: <urlopen error [Errno 104] Connection reset by peer> ; URLError: <urlopen error [Errno 104] Connection reset by peer>
2026-09-29T07:51:20+0000,file,http://www.law.go.kr/LSW/flDownload.do?flSeq=168518281,200,51770,1,http://www.law.go.kr,
2026-09-29T07:51:35+0000,file,http://www.law.go.kr/LSW/flDownload.do?flSeq=168518289,200,13481,2,http://www.law.go.kr,재시도 전 오류: URLError: <urlopen error [Errno 104] Connection reset by peer>
2026-09-29T07:51:51+0000,file,http://www.law.go.kr/LSW/flDownload.do?flSeq=168518295,200,51470,2,http://www.law.go.kr,재시도 전 오류: URLError: <urlopen error [Errno 104] Connection reset by peer>
2026-09-29T07:51:53+0000,file,http://www.law.go.kr/LSW/flDownload.do?flSeq=168518301,200,13050,1,http://www.law.go.kr,
2026-09-29T07:52:45+0000,file,https://www.law.go.kr/LSW/flDownload.do?flSeq=168518307,200,106897,4,https://www.law.go.kr,재시도 전 오류: URLError: <urlopen error [Errno 104] Connection reset by peer> ; URLError: <urlopen error [Errno 104] Connection reset by peer> ; URLError: <urlopen error [Errno 104] Connection reset by peer>
2026-09-29T07:53:36+0000,file,https://www.law.go.kr/LSW/flDownload.do?flSeq=168518319,200,68034,4,https://www.law.go.kr,재시도 전 오류: URLError: <urlopen error [Errno 104] Connection reset by peer> ; URLError: <urlopen error [Errno 104] Connection reset by peer> ; URLError: <urlopen error [Errno 104] Connection reset by peer>
2026-09-29T07:53:52+0000,file,http://www.law.go.kr/LSW/flDownload.do?flSeq=168518327,200,80476,2,http://www.law.go.kr,재시도 전 오류: URLError: <urlopen error [Errno 104] Connection reset by peer>
2026-09-29T07:53:54+0000,file,http://www.law.go.kr/LSW/flDownload.do?flSeq=168518335,200,197922,1,http://www.law.go.kr,
2026-09-29T07:53:57+0000,file,http://www.law.go.kr/LSW/flDownload.do?flSeq=168518343,200,73127,1,http://www.law.go.kr,
2026-09-29T07:54:28+0000,file,http://www.law.go.kr/LSW/flDownload.do?flSeq=168518351,200,57627,3,http://www.law.go.kr,재시도 전 오류: URLError: <urlopen error [Errno 104] Connection reset by peer> ; URLError: <urlopen error [Errno 104] Connection reset by peer>
2026-09-29T07:54:44+0000,file,http://www.law.go.kr/LSW/flDownload.do?flSeq=168518357,200,82033,2,http://www.law.go.kr,재시도 전 오류: URLError: <urlopen error [Errno 104] Connection reset by peer>
2026-09-29T07:55:16+0000,file,http://www.law.go.kr/LSW/flDownload.do?flSeq=168518365,200,68229,3,http://www.law.go.kr,재시도 전 오류: URLError: <urlopen error [Errno 104] Connection reset by peer> ; URLError: <urlopen error [Errno 104] Connection reset by peer>
2026-09-29T07:55:18+0000,file,http://www.law.go.kr/LSW/flDownload.do?flSeq=168518373,200,95892,1,http://www.law.go.kr,
2026-09-29T07:55:34+0000,file,http://www.law.go.kr/LSW/flDownload.do?flSeq=168518381,200,54776,2,http://www.law.go.kr,재시도 전 오류: URLError: <urlopen error [Errno 104] Connection reset by peer>
2026-09-29T07:55:36+0000,file,http://www.law.go.kr/LSW/flDownload.do?flSeq=168518387,200,58627,1,http://www.law.go.kr,
2026-09-29T07:55:51+0000,file,http://www.law.go.kr/LSW/flDownload.do?flSeq=168518393,200,88566,2,http://www.law.go.kr,재시도 전 오류: URLError: <urlopen error [Errno 104] Connection reset by peer>
2026-09-29T07:55:54+0000,file,http://www.law.go.kr/LSW/flDownload.do?flSeq=168518401,200,148974,1,http://www.law.go.kr,
2026-09-29T07:55:56+0000,file,http://www.law.go.kr/LSW/flDownload.do?flSeq=168518413,200,13452,1,http://www.law.go.kr,
2026-09-29T07:55:57+0000,file,http://www.law.go.kr/LSW/flDownload.do?flSeq=168518419,200,54843,1,http://www.law.go.kr,
2026-09-29T07:56:13+0000,file,http://www.law.go.kr/LSW/flDownload.do?flSeq=168518425,200,86963,2,http://www.law.go.kr,재시도 전 오류: URLError: <urlopen error [Errno 104] Connection reset by peer>
2026-09-29T07:56:15+0000,file,http://www.law.go.kr/LSW/flDownload.do?flSeq=168518433,200,48227,1,http://www.law.go.kr,
2026-09-29T07:56:17+0000,file,http://www.law.go.kr/LSW/flDownload.do?flSeq=168518439,200,32560,1,http://www.law.go.kr,
2026-09-29T07:56:49+0000,file,http://www.law.go.kr/LSW/flDownload.do?flSeq=168518445,200,40634,3,http://www.law.go.kr,재시도 전 오류: URLError: <urlopen error [Errno 104] Connection reset by peer> ; URLError: <urlopen error [Errno 104] Connection reset by peer>
2026-09-29T07:56:51+0000,file,http://www.law.go.kr/LSW/flDownload.do?flSeq=168518451,200,41056,1,http://www.law.go.kr,
2026-09-29T07:56:53+0000,file,http://www.law.go.kr/LSW/flDownload.do?flSeq=168518457,200,50330,1,http://www.law.go.kr,
2026-09-29T07:57:09+0000,file,http://www.law.go.kr/LSW/flDownload.do?flSeq=168518463,200,57700,2,http://www.law.go.kr,재시도 전 오류: URLError: <urlopen error [Errno 104] Connection reset by peer>
2026-09-29T07:57:11+0000,file,http://www.law.go.kr/LSW/flDownload.do?flSeq=168518469,200,48194,1,http://www.law.go.kr,
2026-09-29T07:57:13+0000,file,http://www.law.go.kr/LSW/flDownload.do?flSeq=168518475,200,80445,1,http://www.law.go.kr,
2026-09-29T07:58:17+0000,file,https://www.law.go.kr/LSW/flDownload.do?flSeq=168518487,200,58068,5,https://www.law.go.kr,재시도 전 오류: URLError: <urlopen error [Errno 104] Connection reset by peer> ; URLError: <urlopen error [Errno 104] Connection reset by peer> ; URLError: <urlopen error [Errno 104] Connection reset by peer> ; URLError: <urlopen error [Errno 104] Connection reset by peer>
2026-09-29T07:58:20+0000,file,http://www.law.go.kr/LSW/flDownload.do?flSeq=168518495,200,67372,1,http://www.law.go.kr,
2026-09-29T07:59:11+0000,file,https://www.law.go.kr/LSW/flDownload.do?flSeq=168518503,200,76340,4,https://www.law.go.kr,재시도 전 오류: URLError: <urlopen error [Errno 104] Connection reset by peer> ; URLError: <urlopen error [Errno 104] Connection reset by peer> ; URLError: <urlopen error [Errno 104] Connection reset by peer>
2026-09-29T07:59:14+0000,file,http://www.law.go.kr/LSW/flDownload.do?flSeq=168518511,200,95632,1,http://www.law.go.kr,
2026-09-29T07:59:16+0000,file,http://www.law.go.kr/LSW/flDownload.do?flSeq=168518519,200,75881,1,http://www.law.go.kr,
2026-09-29T07:59:19+0000,file,http://www.law.go.kr/LSW/flDownload.do?flSeq=168518527,200,59828,1,http://www.law.go.kr,
2026-09-29T07:59:21+0000,file,http://www.law.go.kr/LSW/flDownload.do?flSeq=168518535,200,60214,1,http://www.law.go.kr,
2026-09-29T07:59:37+0000,file,http://www.law.go.kr/LSW/flDownload.do?flSeq=168518543,200,55754,2,http://www.law.go.kr,재시도 전 오류: URLError: <urlopen error [Errno 104] Connection reset by peer>
2026-09-29T07:59:40+0000,file,http://www.law.go.kr/LSW/flDownload.do?flSeq=168518551,200,68703,1,http://www.law.go.kr,
2026-09-29T07:59:43+0000,file,http://www.law.go.kr/LSW/flDownload.do?flSeq=168518559,200,103515,1,http://www.law.go.kr,
2026-09-29T07:59:47+0000,file,http://www.law.go.kr/LSW/flDownload.do?flSeq=168518573,200,104496,1,http://www.law.go.kr,
2026-09-29T08:00:02+0000,file,http://www.law.go.kr/LSW/flDownload.do?flSeq=168518583,200,84160,2,http://www.law.go.kr,재시도 전 오류: URLError: <urlopen error [Errno 104] Connection reset by peer>
2026-09-29T08:00:05+0000,file,http://www.law.go.kr/LSW/flDownload.do?flSeq=168518595,200,90018,1,http://www.law.go.kr,
2026-09-29T08:00:22+0000,file,http://www.law.go.kr/LSW/flDownload.do?flSeq=168518607,200,98947,2,http://www.law.go.kr,재시도 전 오류: URLError: <urlopen error [Errno 104] Connection reset by peer>
2026-09-29T08:00:25+0000,file,http://www.law.go.kr/LSW/flDownload.do?flSeq=168518621,200,102203,1,http://www.law.go.kr,
2026-09-29T08:00:28+0000,file,http://www.law.go.kr/LSW/flDownload.do?flSeq=168518635,200,137990,1,http://www.law.go.kr,
2026-09-29T08:00:31+0000,file,http://www.law.go.kr/LSW/flDownload.do?flSeq=168518647,200,58133,1,http://www.law.go.kr,
2026-09-29T08:00:33+0000,file,http://www.law.go.kr/LSW/flDownload.do?flSeq=168518655,200,99469,1,http://www.law.go.kr,
2026-09-29T08:00:35+0000,file,http://www.law.go.kr/LSW/flDownload.do?flSeq=168518665,200,102801,1,http://www.law.go.kr,
2026-09-29T08:00:37+0000,file,http://www.law.go.kr/LSW/flDownload.do?flSeq=168518677,200,85324,1,http://www.law.go.kr,
2026-09-29T08:00:39+0000,file,http://www.law.go.kr/LSW/flDownload.do?flSeq=168518685,200,73253,1,http://www.law.go.kr,
2026-09-29T08:00:42+0000,file,http://www.law.go.kr/LSW/flDownload.do?flSeq=168518693,200,90320,1,http://www.law.go.kr,
2026-09-29T08:00:58+0000,file,http://www.law.go.kr/LSW/flDownload.do?flSeq=168518701,200,71353,2,http://www.law.go.kr,재시도 전 오류: URLError: <urlopen error [Errno 104] Connection reset by peer>
2026-09-29T08:01:30+0000,file,http://www.law.go.kr/LSW/flDownload.do?flSeq=168518709,200,102806,3,http://www.law.go.kr,재시도 전 오류: URLError: <urlopen error [Errno 104] Connection reset by peer> ; URLError: <urlopen error [Errno 104] Connection reset by peer>
2026-09-29T08:01:33+0000,file,http://www.law.go.kr/LSW/flDownload.do?flSeq=168518717,200,62055,1,http://www.law.go.kr,
2026-09-29T08:01:34+0000,file,http://www.law.go.kr/LSW/flDownload.do?flSeq=168518725,200,13560,1,http://www.law.go.kr,
2026-09-29T08:01:36+0000,file,http://www.law.go.kr/LSW/flDownload.do?flSeq=168518731,200,55983,1,http://www.law.go.kr,
2026-09-29T08:01:38+0000,file,http://www.law.go.kr/LSW/flDownload.do?flSeq=168518737,200,76112,1,http://www.law.go.kr,
2026-09-29T08:01:39+0000,file,http://www.law.go.kr/LSW/flDownload.do?flSeq=168518745,200,74249,1,http://www.law.go.kr,
2026-09-29T08:01:42+0000,file,http://www.law.go.kr/LSW/flDownload.do?flSeq=168518753,200,64836,1,http://www.law.go.kr,
2026-09-29T08:01:43+0000,file,http://www.law.go.kr/LSW/flDownload.do?flSeq=168518761,200,13574,1,http://www.law.go.kr,
2026-09-29T08:01:45+0000,file,http://www.law.go.kr/LSW/flDownload.do?flSeq=168518767,200,13383,1,http://www.law.go.kr,
2026-09-29T08:01:46+0000,file,http://www.law.go.kr/LSW/flDownload.do?flSeq=168518773,200,13518,1,http://www.law.go.kr,
2026-09-29T08:01:48+0000,file,http://www.law.go.kr/LSW/flDownload.do?flSeq=168518779,200,13543,1,http://www.law.go.kr,
2026-09-29T08:02:26+0000,api,http://www.law.go.kr/DRF/lawService.do?OC=***&target=eflaw&MST=284993&efYd=20270101&type=XML,200,5377572,1,http://www.law.go.kr,
2026-09-29T08:02:42+0000,file,http://www.law.go.kr/LSW/flDownload.do?flSeq=168508267,200,20927,2,http://www.law.go.kr,재시도 전 오류: URLError: <urlopen error [Errno 104] Connection reset by peer>
2026-09-29T08:03:15+0000,file,http://www.law.go.kr/LSW/flDownload.do?flSeq=168508273,200,90561,3,http://www.law.go.kr,재시도 전 오류: URLError: <urlopen error [Errno 104] Connection reset by peer> ; URLError: <urlopen error [Errno 104] Connection reset by peer>
2026-09-29T08:03:32+0000,file,http://www.law.go.kr/LSW/flDownload.do?flSeq=168508279,200,62228,2,http://www.law.go.kr,재시도 전 오류: URLError: <urlopen error [Errno 104] Connection reset by peer>
2026-09-29T08:03:33+0000,file,http://www.law.go.kr/LSW/flDownload.do?flSeq=168508285,200,29050,1,http://www.law.go.kr,
2026-09-29T08:03:35+0000,file,http://www.law.go.kr/LSW/flDownload.do?flSeq=168508293,200,132894,1,http://www.law.go.kr,
2026-09-29T08:04:41+0000,file,https://www.law.go.kr/LSW/flDownload.do?flSeq=168515341,200,192596,5,https://www.law.go.kr,재시도 전 오류: URLError: <urlopen error [Errno 104] Connection reset by peer> ; URLError: <urlopen error [Errno 104] Connection reset by peer> ; URLError: <urlopen error [Errno 104] Connection reset by peer> ; URLError: <urlopen error [Errno 104] Connection reset by peer>
2026-09-29T08:04:42+0000,file,http://www.law.go.kr/LSW/flDownload.do?flSeq=168515357,200,14057,1,http://www.law.go.kr,
2026-09-29T08:04:44+0000,file,http://www.law.go.kr/LSW/flDownload.do?flSeq=168515363,200,14057,1,http://www.law.go.kr,
2026-09-29T08:05:16+0000,file,http://www.law.go.kr/LSW/flDownload.do?flSeq=168515369,200,14159,3,http://www.law.go.kr,재시도 전 오류: URLError: <urlopen error [Errno 104] Connection reset by peer> ; URLError: <urlopen error [Errno 104] Connection reset by peer>
2026-09-29T08:05:18+0000,file,http://www.law.go.kr/LSW/flDownload.do?flSeq=168515375,200,14191,1,http://www.law.go.kr,
2026-09-29T08:05:20+0000,file,http://www.law.go.kr/LSW/flDownload.do?flSeq=168515381,200,14059,1,http://www.law.go.kr,
2026-09-29T08:05:22+0000,file,http://www.law.go.kr/LSW/flDownload.do?flSeq=168515387,200,14160,1,http://www.law.go.kr,
2026-09-29T08:05:24+0000,file,http://www.law.go.kr/LSW/flDownload.do?flSeq=168515393,200,62696,1,http://www.law.go.kr,
2026-09-29T08:05:26+0000,file,http://www.law.go.kr/LSW/flDownload.do?flSeq=168515399,200,62562,1,http://www.law.go.kr,
2026-09-29T08:05:41+0000,file,http://www.law.go.kr/LSW/flDownload.do?flSeq=168515405,200,44344,2,http://www.law.go.kr,재시도 전 오류: URLError: <urlopen error [Errno 104] Connection reset by peer>
2026-09-29T08:06:33+0000,file,https://www.law.go.kr/LSW/flDownload.do?flSeq=168515411,200,55847,4,https://www.law.go.kr,재시도 전 오류: URLError: <urlopen error [Errno 104] Connection reset by peer> ; URLError: <urlopen error [Errno 104] Connection reset by peer> ; URLError: <urlopen error [Errno 104] Connection reset by peer>
2026-09-29T08:07:24+0000,file,https://www.law.go.kr/LSW/flDownload.do?flSeq=168515417,200,39021,4,https://www.law.go.kr,재시도 전 오류: URLError: <urlopen error [Errno 104] Connection reset by peer> ; URLError: <urlopen error [Errno 104] Connection reset by peer> ; URLError: <urlopen error [Errno 104] Connection reset by peer>
2026-09-29T08:07:25+0000,file,http://www.law.go.kr/LSW/flDownload.do?flSeq=168515423,200,19767,1,http://www.law.go.kr,
2026-09-29T08:07:27+0000,file,http://www.law.go.kr/LSW/flDownload.do?flSeq=168515429,200,20154,1,http://www.law.go.kr,
2026-09-29T08:08:00+0000,file,http://www.law.go.kr/LSW/flDownload.do?flSeq=168515435,200,115774,3,http://www.law.go.kr,재시도 전 오류: URLError: <urlopen error [Errno 104] Connection reset by peer> ; URLError: <urlopen error [Errno 104] Connection reset by peer>
2026-09-29T08:08:32+0000,file,http://www.law.go.kr/LSW/flDownload.do?flSeq=168515443,200,58543,3,http://www.law.go.kr,재시도 전 오류: URLError: <urlopen error [Errno 104] Connection reset by peer> ; URLError: <urlopen error [Errno 104] Connection reset by peer>
2026-09-29T08:08:35+0000,file,http://www.law.go.kr/LSW/flDownload.do?flSeq=168515451,200,186200,1,http://www.law.go.kr,
2026-09-29T08:08:40+0000,file,http://www.law.go.kr/LSW/flDownload.do?flSeq=168515467,200,1060223,1,http://www.law.go.kr,
2026-09-29T08:08:49+0000,file,http://www.law.go.kr/LSW/flDownload.do?flSeq=168515507,200,630699,1,http://www.law.go.kr,
2026-09-29T08:09:24+0000,file,http://www.law.go.kr/LSW/flDownload.do?flSeq=168515533,200,82708,3,http://www.law.go.kr,재시도 전 오류: URLError: <urlopen error [Errno 104] Connection reset by peer> ; URLError: <urlopen error [Errno 104] Connection reset by peer>
2026-09-29T08:09:27+0000,file,http://www.law.go.kr/LSW/flDownload.do?flSeq=168515541,200,58213,1,http://www.law.go.kr,
2026-09-29T08:09:29+0000,file,http://www.law.go.kr/LSW/flDownload.do?flSeq=168515549,200,48151,1,http://www.law.go.kr,
2026-09-29T08:09:31+0000,file,http://www.law.go.kr/LSW/flDownload.do?flSeq=168515555,200,57808,1,http://www.law.go.kr,
2026-09-29T08:10:03+0000,file,http://www.law.go.kr/LSW/flDownload.do?flSeq=168515561,200,47751,3,http://www.law.go.kr,재시도 전 오류: URLError: <urlopen error [Errno 104] Connection reset by peer> ; URLError: <urlopen error [Errno 104] Connection reset by peer>
2026-09-29T08:10:40+0000,file,http://www.law.go.kr/LSW/flDownload.do?flSeq=168515567,200,496892,3,http://www.law.go.kr,재시도 전 오류: URLError: <urlopen error [Errno 104] Connection reset by peer> ; URLError: <urlopen error [Errno 104] Connection reset by peer>
2026-09-29T08:10:45+0000,file,http://www.law.go.kr/LSW/flDownload.do?flSeq=168515645,200,85070,1,http://www.law.go.kr,
2026-09-29T08:10:47+0000,file,http://www.law.go.kr/LSW/flDownload.do?flSeq=168515653,200,73261,1,http://www.law.go.kr,
2026-09-29T08:10:49+0000,file,http://www.law.go.kr/LSW/flDownload.do?flSeq=168515665,200,16350,1,http://www.law.go.kr,
2026-09-29T08:10:52+0000,file,http://www.law.go.kr/LSW/flDownload.do?flSeq=168515671,200,40227,1,http://www.law.go.kr,
2026-09-29T08:10:54+0000,file,http://www.law.go.kr/LSW/flDownload.do?flSeq=168515677,200,117049,1,http://www.law.go.kr,
2026-09-29T08:10:57+0000,file,http://www.law.go.kr/LSW/flDownload.do?flSeq=168515689,200,14015,1,http://www.law.go.kr,
2026-09-29T08:11:00+0000,file,http://www.law.go.kr/LSW/flDownload.do?flSeq=168515695,200,138116,1,http://www.law.go.kr,
2026-09-29T08:11:03+0000,file,http://www.law.go.kr/LSW/flDownload.do?flSeq=168515711,200,69195,1,http://www.law.go.kr,
2026-09-29T08:11:35+0000,file,http://www.law.go.kr/LSW/flDownload.do?flSeq=168515719,200,53119,3,http://www.law.go.kr,재시도 전 오류: URLError: <urlopen error [Errno 104] Connection reset by peer> ; URLError: <urlopen error [Errno 104] Connection reset by peer>
2026-09-29T08:12:06+0000,file,http://www.law.go.kr/LSW/flDownload.do?flSeq=168515727,200,87228,3,http://www.law.go.kr,재시도 전 오류: URLError: <urlopen error [Errno 104] Connection reset by peer> ; URLError: <urlopen error [Errno 104] Connection reset by peer>
2026-09-29T08:12:08+0000,file,http://www.law.go.kr/LSW/flDownload.do?flSeq=168515735,200,62238,1,http://www.law.go.kr,
2026-09-29T08:13:13+0000,file,https://www.law.go.kr/LSW/flDownload.do?flSeq=168515743,200,72948,5,https://www.law.go.kr,재시도 전 오류: URLError: <urlopen error [Errno 104] Connection reset by peer> ; URLError: <urlopen error [Errno 104] Connection reset by peer> ; URLError: <urlopen error [Errno 104] Connection reset by peer> ; URLError: <urlopen error [Errno 104] Connection reset by peer>
2026-09-29T08:13:30+0000,file,http://www.law.go.kr/LSW/flDownload.do?flSeq=168515751,200,179419,2,http://www.law.go.kr,재시도 전 오류: URLError: <urlopen error [Errno 104] Connection reset by peer>
2026-09-29T08:13:33+0000,file,http://www.law.go.kr/LSW/flDownload.do?flSeq=168515761,200,100562,1,http://www.law.go.kr,
2026-09-29T08:13:36+0000,file,http://www.law.go.kr/LSW/flDownload.do?flSeq=168515779,200,68185,1,http://www.law.go.kr,
2026-09-29T08:13:39+0000,file,http://www.law.go.kr/LSW/flDownload.do?flSeq=168515787,200,54044,1,http://www.law.go.kr,
2026-09-29T08:13:41+0000,file,http://www.law.go.kr/LSW/flDownload.do?flSeq=168515795,200,91043,1,http://www.law.go.kr,
2026-09-29T08:13:43+0000,file,http://www.law.go.kr/LSW/flDownload.do?flSeq=168515809,200,59301,1,http://www.law.go.kr,
2026-09-29T08:13:59+0000,file,http://www.law.go.kr/LSW/flDownload.do?flSeq=168515817,200,56922,2,http://www.law.go.kr,재시도 전 오류: URLError: <urlopen error [Errno 104] Connection reset by peer>
2026-09-29T08:14:15+0000,file,http://www.law.go.kr/LSW/flDownload.do?flSeq=168515825,200,72375,2,http://www.law.go.kr,재시도 전 오류: URLError: <urlopen error [Errno 104] Connection reset by peer>
2026-09-29T08:14:18+0000,file,http://www.law.go.kr/LSW/flDownload.do?flSeq=168515837,200,81815,1,http://www.law.go.kr,
2026-09-29T08:14:20+0000,file,http://www.law.go.kr/LSW/flDownload.do?flSeq=168515847,200,78758,1,http://www.law.go.kr,
2026-09-29T08:14:23+0000,file,http://www.law.go.kr/LSW/flDownload.do?flSeq=168515857,200,103106,1,http://www.law.go.kr,
2026-09-29T08:14:25+0000,file,http://www.law.go.kr/LSW/flDownload.do?flSeq=168515867,200,13142,1,http://www.law.go.kr,
2026-09-29T08:14:26+0000,file,http://www.law.go.kr/LSW/flDownload.do?flSeq=168515873,200,13994,1,http://www.law.go.kr,
2026-09-29T08:14:41+0000,file,http://www.law.go.kr/LSW/flDownload.do?flSeq=168515879,200,67071,2,http://www.law.go.kr,재시도 전 오류: URLError: <urlopen error [Errno 104] Connection reset by peer>
2026-09-29T08:14:43+0000,file,http://www.law.go.kr/LSW/flDownload.do?flSeq=168515887,200,60401,1,http://www.law.go.kr,
2026-09-29T08:14:45+0000,file,http://www.law.go.kr/LSW/flDownload.do?flSeq=168515893,200,75410,1,http://www.law.go.kr,
2026-09-29T08:15:01+0000,file,http://www.law.go.kr/LSW/flDownload.do?flSeq=168515903,200,65006,2,http://www.law.go.kr,재시도 전 오류: URLError: <urlopen error [Errno 104] Connection reset by peer>
2026-09-29T08:15:32+0000,file,http://www.law.go.kr/LSW/flDownload.do?flSeq=168515911,200,53209,3,http://www.law.go.kr,재시도 전 오류: URLError: <urlopen error [Errno 104] Connection reset by peer> ; URLError: <urlopen error [Errno 104] Connection reset by peer>
2026-09-29T08:15:34+0000,file,http://www.law.go.kr/LSW/flDownload.do?flSeq=168515919,200,44593,1,http://www.law.go.kr,
2026-09-29T08:15:36+0000,file,http://www.law.go.kr/LSW/flDownload.do?flSeq=168515925,200,36407,1,http://www.law.go.kr,
2026-09-29T08:15:37+0000,file,http://www.law.go.kr/LSW/flDownload.do?flSeq=168515931,200,13048,1,http://www.law.go.kr,
2026-09-29T08:15:39+0000,file,http://www.law.go.kr/LSW/flDownload.do?flSeq=168515937,200,70063,1,http://www.law.go.kr,
2026-09-29T08:15:41+0000,file,http://www.law.go.kr/LSW/flDownload.do?flSeq=168515945,200,75354,1,http://www.law.go.kr,
2026-09-29T08:15:57+0000,file,http://www.law.go.kr/LSW/flDownload.do?flSeq=168515957,200,45367,2,http://www.law.go.kr,재시도 전 오류: URLError: <urlopen error [Errno 104] Connection reset by peer>
2026-09-29T08:15:58+0000,file,http://www.law.go.kr/LSW/flDownload.do?flSeq=168515963,200,52367,1,http://www.law.go.kr,
