corp_label,구분,fy,rcept_no,report_nm,rcept_dt,출처유형,판별어휘,출처섹션,중복여부,출처표수,겸직자,겸직회사,겸직회사_직위,겸직일자,상근여부,본인직위,담당업무,현직판별패턴,겸직대상_금융회사여부,원문헤더,원문행,fetched_at,status,raw_path,raw_sha256
iM금융지주,지주,2011,20120330000343,사업보고서 (2011.12),20120330,겸직표,대상 계열사,4. 계열회사 등의 현황,단독,1,하춘수,(주)DGB금융지주,회 장,2011.05,상근 (등기),,,,Y,성 명 | 대상 계열사 | 직 책 | 선임시기 | 비 고,하춘수 | (주)DGB금융지주 | 회 장 | 2011.05 | 상근 (등기),2026-08-31T17:08:45+09:00,000,raw/document/20120330000343.zip,c15c7f3278da07744e8831002573ed7379e5cb38d0d8c680a7752b1530922cb1
iM금융지주,지주,2011,20120330000343,사업보고서 (2011.12),20120330,겸직표,대상 계열사,4. 계열회사 등의 현황,미매핑,6,,,,,,,,,N,성 명 | 대상 계열사 | 직 책 | 선임시기 | 비 고,(주)대구은행 | 은행장 | 2012.03 | 상근 (등기),2026-08-31T17:08:45+09:00,000,raw/document/20120330000343.zip,c15c7f3278da07744e8831002573ed7379e5cb38d0d8c680a7752b1530922cb1
iM금융지주,지주,2011,20120330000343,사업보고서 (2011.12),20120330,겸직표,대상 계열사,4. 계열회사 등의 현황,단독,1,신덕열,(주)DGB금융지주,부사장,2011.05,상근 (미등기),,,,Y,성 명 | 대상 계열사 | 직 책 | 선임시기 | 비 고,신덕열 | (주)DGB금융지주 | 부사장 | 2011.05 | 상근 (미등기),2026-08-31T17:08:45+09:00,000,raw/document/20120330000343.zip,c15c7f3278da07744e8831002573ed7379e5cb38d0d8c680a7752b1530922cb1
iM금융지주,지주,2011,20120330000343,사업보고서 (2011.12),20120330,겸직표,대상 계열사,4. 계열회사 등의 현황,단독,1,최영수,(주)DGB금융지주,부사장,2012.01,상근 (미등기),,,,Y,성 명 | 대상 계열사 | 직 책 | 선임시기 | 비 고,최영수 | (주)DGB금융지주 | 부사장 | 2012.01 | 상근 (미등기),2026-08-31T17:08:45+09:00,000,raw/document/20120330000343.zip,c15c7f3278da07744e8831002573ed7379e5cb38d0d8c680a7752b1530922cb1
iM금융지주,지주,2011,20120330000343,사업보고서 (2011.12),20120330,겸직표,대상 계열사,4. 계열회사 등의 현황,단독,1,김종국,(주)DGB금융지주,부사장,2011.12,상근 (미등기),,,,Y,성 명 | 대상 계열사 | 직 책 | 선임시기 | 비 고,김종국 | (주)DGB금융지주 | 부사장 | 2011.12 | 상근 (미등기),2026-08-31T17:08:45+09:00,000,raw/document/20120330000343.zip,c15c7f3278da07744e8831002573ed7379e5cb38d0d8c680a7752b1530922cb1
BNK금융지주,지주,2011,20120330002741,사업보고서 (2011.12),20120330,겸직표,대상 계열사,4. 계열회사 등의 현황,단독,1,임영록,BS금융지주,부사장,2012.03,상근 (등기),,,,Y,성 명 | 대상 계열사 | 직 책 | 선임시기 | 비 고,임영록 | BS금융지주 | 부사장 | 2012.03 | 상근 (등기),2026-09-22T11:40:17+09:00,000,raw/document/20120330002741.zip,2b43a0eb336d5c8388fde578ed79b205c021f29b0523c989ff2a6207620b7b79
BNK금융지주,지주,2011,20120330002741,사업보고서 (2011.12),20120330,겸직표,대상 계열사,4. 계열회사 등의 현황,미매핑,4,,,,,,,,,N,성 명 | 대상 계열사 | 직 책 | 선임시기 | 비 고,BS투자증권 | 비상임이사 | 2011.05 | 비상근 (등기),2026-09-22T11:40:17+09:00,000,raw/document/20120330002741.zip,2b43a0eb336d5c8388fde578ed79b205c021f29b0523c989ff2a6207620b7b79
메리츠금융지주,지주,2012,20120629000621,사업보고서 (2012.03),20120629,겸직표,대상 계열사,4. 계열회사 등의 현황,단독,1,조정호(등기임원),메리츠화재,이사(회장),,상근,,,,Y,성명 | 대상 계열사 | 직책 | 비고,조정호(등기임원) | 메리츠화재 | 이사(회장) | 상근,2026-09-22T11:40:35+09:00,000,raw/document/20120629000621.zip,526e1f01b788da010179a4a904f1c0a2e622653ef7256358fd8aac88befba018
메리츠금융지주,지주,2012,20120629000621,사업보고서 (2012.03),20120629,겸직표,대상 계열사,4. 계열회사 등의 현황,미매핑,1,,,,,,,,,N,성명 | 대상 계열사 | 직책 | 비고,메리츠종합금융증권 | 이사(회장) | 비상근,2026-09-22T11:40:35+09:00,000,raw/document/20120629000621.zip,526e1f01b788da010179a4a904f1c0a2e622653ef7256358fd8aac88befba018
메리츠금융지주,지주,2012,20120629000621,사업보고서 (2012.03),20120629,겸직표,대상 계열사,4. 계열회사 등의 현황,단독,1,박의헌(등기임원),메리츠캐피탈,이사,,비상근,,,,Y,성명 | 대상 계열사 | 직책 | 비고,박의헌(등기임원) | 메리츠캐피탈 | 이사 | 비상근,2026-09-22T11:40:35+09:00,000,raw/document/20120629000621.zip,526e1f01b788da010179a4a904f1c0a2e622653ef7256358fd8aac88befba018
메리츠금융지주,지주,2012,20120629000621,사업보고서 (2012.03),20120629,겸직표,대상 계열사,4. 계열회사 등의 현황,단독,1,김국주(등기임원),메리츠자산운용,사외이사,,비상근,,,,Y,성명 | 대상 계열사 | 직책 | 비고,김국주(등기임원) | 메리츠자산운용 | 사외이사 | 비상근,2026-09-22T11:40:35+09:00,000,raw/document/20120629000621.zip,526e1f01b788da010179a4a904f1c0a2e622653ef7256358fd8aac88befba018
메리츠금융지주,지주,2012,20120629000621,사업보고서 (2012.03),20120629,겸직표,대상 계열사,4. 계열회사 등의 현황,단독,1,이준근(미등기임원),메리츠금융정보,감사,,비상근,,,,Y,성명 | 대상 계열사 | 직책 | 비고,이준근(미등기임원) | 메리츠금융정보 | 감사 | 비상근,2026-09-22T11:40:35+09:00,000,raw/document/20120629000621.zip,526e1f01b788da010179a4a904f1c0a2e622653ef7256358fd8aac88befba018
농협금융지주,지주,2012,20130329002244,사업보고서 (2012.12),20130329,겸직표,대상회사,4. 계열회사 등의 현황,단독,1,김주하,농협생명,사외이사,2012.03.02,,,,,Y,성명 | 대상회사 | 직위명 | 선임일,김주하 | 농협생명 | 사외이사 | 2012.03.02,2026-09-22T11:43:25+09:00,000,raw/document/20130329002244.zip,54ca584a404958b9e52fb9a2f1b82d24bc6a04c8d9858acdfddb4aa287c9db22
농협금융지주,지주,2012,20130329002244,사업보고서 (2012.12),20130329,겸직표,대상회사,4. 계열회사 등의 현황,단독,1,김홍무,농협은행,부행장,2012.03.02,,,,,Y,성명 | 대상회사 | 직위명 | 선임일,김홍무 | 농협은행 | 부행장 | 2012.03.02,2026-09-22T11:43:25+09:00,000,raw/document/20130329002244.zip,54ca584a404958b9e52fb9a2f1b82d24bc6a04c8d9858acdfddb4aa287c9db22
농협금융지주,지주,2012,20130329002244,사업보고서 (2012.12),20130329,겸직표,대상회사,4. 계열회사 등의 현황,단독,1,김광훈,엔에이치농협캐피탈,비상근이사,2012.03.28,,,,,Y,성명 | 대상회사 | 직위명 | 선임일,김광훈 | 엔에이치농협캐피탈 | 비상근이사 | 2012.03.28,2026-09-22T11:43:25+09:00,000,raw/document/20130329002244.zip,54ca584a404958b9e52fb9a2f1b82d24bc6a04c8d9858acdfddb4aa287c9db22
JB금융지주,지주,2013,20140326000207,사업보고서 (2013.12),20140326,겸직표,대상 계열사,4. 계열회사 등의 현황,단독,2,김 한,(주)JB금융지주,회 장,,상근(등기),,,,Y,성 명 | 대상 계열사 | 직 책 | 최초선임시기 | 비 고,김 한 | (주)JB금융지주 | 회 장 | 2013.07.01 | 상근(등기),2026-09-22T11:43:43+09:00,000,raw/document/20140326000207.zip,783dcb7d1ae63972048e761e70964362c1c6ac7fce30c537cc6f2b9237ae227f
JB금융지주,지주,2013,20140326000207,사업보고서 (2013.12),20140326,겸직표,대상 계열사,4. 계열회사 등의 현황,미매핑,16,,,,,,,,,N,성 명 | 대상 계열사 | 직 책 | 최초선임시기 | 비 고,(주)전북은행 | 은행장 | 2010.03.19 | 상근(등기),2026-09-22T11:43:43+09:00,000,raw/document/20140326000207.zip,783dcb7d1ae63972048e761e70964362c1c6ac7fce30c537cc6f2b9237ae227f
JB금융지주,지주,2013,20140326000207,사업보고서 (2013.12),20140326,겸직표,대상 계열사,4. 계열회사 등의 현황,단독,1,강대윤,(주)JB금융지주,상 무,,상근(비등기),,,,Y,성 명 | 대상 계열사 | 직 책 | 최초선임시기 | 비 고,강대윤 | (주)JB금융지주 | 상 무 | 2013.07.25 | 상근(비등기),2026-09-22T11:43:43+09:00,000,raw/document/20140326000207.zip,783dcb7d1ae63972048e761e70964362c1c6ac7fce30c537cc6f2b9237ae227f
JB금융지주,지주,2013,20140326000207,사업보고서 (2013.12),20140326,겸직표,대상 계열사,4. 계열회사 등의 현황,단독,1,김종만,(주)JB금융지주,상 무,,상근(비등기),,,,Y,성 명 | 대상 계열사 | 직 책 | 최초선임시기 | 비 고,김종만 | (주)JB금융지주 | 상 무 | 2013.07.25 | 상근(비등기),2026-09-22T11:43:43+09:00,000,raw/document/20140326000207.zip,783dcb7d1ae63972048e761e70964362c1c6ac7fce30c537cc6f2b9237ae227f
JB금융지주,지주,2013,20140326000207,사업보고서 (2013.12),20140326,겸직표,대상 계열사,4. 계열회사 등의 현황,단독,2,최준근,(주)JB금융지주,사외이사,,상근(등기),,,,Y,성 명 | 대상 계열사 | 직 책 | 최초선임시기 | 비 고,최준근 | (주)JB금융지주 | 사외이사 | 2013.07.01 | 상근(등기),2026-09-22T11:43:43+09:00,000,raw/document/20140326000207.zip,783dcb7d1ae63972048e761e70964362c1c6ac7fce30c537cc6f2b9237ae227f
JB금융지주,지주,2013,20140326000207,사업보고서 (2013.12),20140326,겸직표,대상 계열사,4. 계열회사 등의 현황,단독,2,이종화,(주)JB금융지주,사외이사,,상근(등기),,,,Y,성 명 | 대상 계열사 | 직 책 | 최초선임시기 | 비 고,이종화 | (주)JB금융지주 | 사외이사 | 2013.07.01 | 상근(등기),2026-09-22T11:43:43+09:00,000,raw/document/20140326000207.zip,783dcb7d1ae63972048e761e70964362c1c6ac7fce30c537cc6f2b9237ae227f
JB금융지주,지주,2013,20140326000207,사업보고서 (2013.12),20140326,겸직표,대상 계열사,4. 계열회사 등의 현황,단독,2,강효석,(주)JB금융지주,사외이사,,상근(등기),,,,Y,성 명 | 대상 계열사 | 직 책 | 최초선임시기 | 비 고,강효석 | (주)JB금융지주 | 사외이사 | 2013.07.01 | 상근(등기),2026-09-22T11:43:43+09:00,000,raw/document/20140326000207.zip,783dcb7d1ae63972048e761e70964362c1c6ac7fce30c537cc6f2b9237ae227f
JB금융지주,지주,2013,20140326000207,사업보고서 (2013.12),20140326,겸직표,대상 계열사,4. 계열회사 등의 현황,단독,1,정창모,(주)JB금융지주,비상임이사,,상근(등기),,,,Y,성 명 | 대상 계열사 | 직 책 | 최초선임시기 | 비 고,정창모 | (주)JB금융지주 | 비상임이사 | 2013.07.01 | 상근(등기),2026-09-22T11:43:43+09:00,000,raw/document/20140326000207.zip,783dcb7d1ae63972048e761e70964362c1c6ac7fce30c537cc6f2b9237ae227f
JB금융지주,지주,2013,20140326000207,사업보고서 (2013.12),20140326,겸직표,대상 계열사,4. 계열회사 등의 현황,단독,1,신창무,(주)JB금융지주,전 무,,상근(비등기),,,,Y,성 명 | 대상 계열사 | 직 책 | 최초선임시기 | 비 고,신창무 | (주)JB금융지주 | 전 무 | 2014.01.01 | 상근(비등기),2026-09-22T11:43:43+09:00,000,raw/document/20140326000207.zip,783dcb7d1ae63972048e761e70964362c1c6ac7fce30c537cc6f2b9237ae227f
JB금융지주,지주,2013,20140326000207,사업보고서 (2013.12),20140326,겸직표,대상 계열사,4. 계열회사 등의 현황,단독,1,김종복,(주)JB금융지주,상 무,,상근(비등기),,,,Y,성 명 | 대상 계열사 | 직 책 | 최초선임시기 | 비 고,김종복 | (주)JB금융지주 | 상 무 | 2014.01.01 | 상근(비등기),2026-09-22T11:43:43+09:00,000,raw/document/20140326000207.zip,783dcb7d1ae63972048e761e70964362c1c6ac7fce30c537cc6f2b9237ae227f
JB금융지주,지주,2013,20140326000207,사업보고서 (2013.12),20140326,겸직표,대상 계열사,4. 계열회사 등의 현황,단독,1,정창모,(주)JB금융지주,사외이사,,상근(등기),,,,Y,성 명 | 대상 계열사 | 직 책 | 최초선임시기 | 비 고,정창모 | (주)JB금융지주 | 사외이사 | 2014.03.20 | 상근(등기),2026-09-22T11:43:43+09:00,000,raw/document/20140326000207.zip,783dcb7d1ae63972048e761e70964362c1c6ac7fce30c537cc6f2b9237ae227f
JB금융지주,지주,2013,20140326000207,사업보고서 (2013.12),20140326,겸직표,대상 계열사,4. 계열회사 등의 현황,단독,1,윤재엽,(주)JB금융지주,비상임이사,,상근(등기),,,,Y,성 명 | 대상 계열사 | 직 책 | 최초선임시기 | 비 고,윤재엽 | (주)JB금융지주 | 비상임이사 | 2013.07.01 | 상근(등기),2026-09-22T11:43:43+09:00,000,raw/document/20140326000207.zip,783dcb7d1ae63972048e761e70964362c1c6ac7fce30c537cc6f2b9237ae227f
신한은행(구),은행,2019,20200330003827,사업보고서 (2019.12),20200330,겸직표,대상회사,IX. 계열회사 등에 관한 사항,단독,1,진옥동,신한금융지주회사,비상임이사,2019.03.27,비상근,,,,Y,성명 | 대상회사 | 직위명 | 선임일 | 비고,진옥동 | 신한금융지주회사 | 비상임이사 | 2019.03.27 | 비상근,2026-09-22T11:48:51+09:00,000,raw/document/20200330003827.zip,188228bfef4a1674336916a1a32d6828978769538e7d33775dd15e82e36f1416
신한은행(구),은행,2019,20200330003827,사업보고서 (2019.12),20200330,겸직표,대상회사,IX. 계열회사 등에 관한 사항,단독,1,박우혁,신한금융지주회사,부사장,2019.01.01,상근,,,,Y,성명 | 대상회사 | 직위명 | 선임일 | 비고,박우혁 | 신한금융지주회사 | 부사장 | 2019.01.01 | 상근,2026-09-22T11:48:51+09:00,000,raw/document/20200330003827.zip,188228bfef4a1674336916a1a32d6828978769538e7d33775dd15e82e36f1416
신한은행(구),은행,2019,20200330003827,사업보고서 (2019.12),20200330,겸직표,대상회사,IX. 계열회사 등에 관한 사항,미매핑,14,,,,,,,,,N,성명 | 대상회사 | 직위명 | 선임일 | 비고,신한생명 | 비상임이사 | 2019.01.01 | 비상근,2026-09-22T11:48:51+09:00,000,raw/document/20200330003827.zip,188228bfef4a1674336916a1a32d6828978769538e7d33775dd15e82e36f1416
신한은행(구),은행,2019,20200330003827,사업보고서 (2019.12),20200330,겸직표,대상회사,IX. 계열회사 등에 관한 사항,단독,1,이병철,신한금융지주회사,부사장보,2019.01.01,상근,,,,Y,성명 | 대상회사 | 직위명 | 선임일 | 비고,이병철 | 신한금융지주회사 | 부사장보 | 2019.01.01 | 상근,2026-09-22T11:48:51+09:00,000,raw/document/20200330003827.zip,188228bfef4a1674336916a1a32d6828978769538e7d33775dd15e82e36f1416
신한은행(구),은행,2019,20200330003827,사업보고서 (2019.12),20200330,겸직표,대상회사,IX. 계열회사 등에 관한 사항,단독,1,정운진,신한금융지주회사,부사장보,2019.01.01,상근,,,,Y,성명 | 대상회사 | 직위명 | 선임일 | 비고,정운진 | 신한금융지주회사 | 부사장보 | 2019.01.01 | 상근,2026-09-22T11:48:51+09:00,000,raw/document/20200330003827.zip,188228bfef4a1674336916a1a32d6828978769538e7d33775dd15e82e36f1416
신한은행(구),은행,2019,20200330003827,사업보고서 (2019.12),20200330,겸직표,대상회사,IX. 계열회사 등에 관한 사항,단독,1,장동기,신한금융지주회사,부사장보,2018.01.01,상근,,,,Y,성명 | 대상회사 | 직위명 | 선임일 | 비고,장동기 | 신한금융지주회사 | 부사장보 | 2018.01.01 | 상근,2026-09-22T11:48:51+09:00,000,raw/document/20200330003827.zip,188228bfef4a1674336916a1a32d6828978769538e7d33775dd15e82e36f1416
신한은행(구),은행,2019,20200330003827,사업보고서 (2019.12),20200330,겸직표,대상회사,IX. 계열회사 등에 관한 사항,단독,1,정지호,신한금융지주회사,부사장보,2019.01.01,상근,,,,Y,성명 | 대상회사 | 직위명 | 선임일 | 비고,정지호 | 신한금융지주회사 | 부사장보 | 2019.01.01 | 상근,2026-09-22T11:48:51+09:00,000,raw/document/20200330003827.zip,188228bfef4a1674336916a1a32d6828978769538e7d33775dd15e82e36f1416
신한은행(구),은행,2019,20200330003827,사업보고서 (2019.12),20200330,겸직표,대상회사,IX. 계열회사 등에 관한 사항,단독,1,왕미화,신한금융지주회사,부사장보,2019.01.01,상근,,,,Y,성명 | 대상회사 | 직위명 | 선임일 | 비고,왕미화 | 신한금융지주회사 | 부사장보 | 2019.01.01 | 상근,2026-09-22T11:48:51+09:00,000,raw/document/20200330003827.zip,188228bfef4a1674336916a1a32d6828978769538e7d33775dd15e82e36f1416
신한은행(구),은행,2019,20200330003827,사업보고서 (2019.12),20200330,겸직표,대상회사,IX. 계열회사 등에 관한 사항,단독,1,신연식,신한금융지주회사,상무,2019.06.01,상근,,,,Y,성명 | 대상회사 | 직위명 | 선임일 | 비고,신연식 | 신한금융지주회사 | 상무 | 2019.06.01 | 상근,2026-09-22T11:48:51+09:00,000,raw/document/20200330003827.zip,188228bfef4a1674336916a1a32d6828978769538e7d33775dd15e82e36f1416
신한지주,지주,2019,20200330003956,사업보고서 (2019.12),20200330,겸직표,대상회사,IX. 계열회사 등에 관한 사항,단독,2,진옥동,신한은행,은행장,2019.03.27,상근,,,,Y,성명 | 대상회사 | 직위명 | 선임일 | 비고,진옥동 | 신한은행 | 은행장 | 2019.03.27 | 상근,2026-09-22T11:49:52+09:00,000,raw/document/20200330003956.zip,2a775d1fa784ec4b99cc2b439da10ab615261bc19c3b45b6573616248677446c
신한지주,지주,2019,20200330003956,사업보고서 (2019.12),20200330,겸직표,대상회사,IX. 계열회사 등에 관한 사항,단독,1,박우혁,신한은행,비상임이사,2019.01.01,비상근,,,,Y,성명 | 대상회사 | 직위명 | 선임일 | 비고,박우혁 | 신한은행 | 비상임이사 | 2019.01.01 | 비상근,2026-09-22T11:49:52+09:00,000,raw/document/20200330003956.zip,2a775d1fa784ec4b99cc2b439da10ab615261bc19c3b45b6573616248677446c
신한지주,지주,2019,20200330003956,사업보고서 (2019.12),20200330,겸직표,대상회사,IX. 계열회사 등에 관한 사항,미매핑,51,,,,,,,,,N,성명 | 대상회사 | 직위명 | 선임일 | 비고,신한생명 | 비상임이사 | 2019.01.01 | 비상근,2026-09-22T11:49:52+09:00,000,raw/document/20200330003956.zip,2a775d1fa784ec4b99cc2b439da10ab615261bc19c3b45b6573616248677446c
신한지주,지주,2019,20200330003956,사업보고서 (2019.12),20200330,겸직표,대상회사,IX. 계열회사 등에 관한 사항,단독,1,류승헌,신한금융투자,비상임이사,2019.01.01,비상근,,,,Y,성명 | 대상회사 | 직위명 | 선임일 | 비고,류승헌 | 신한금융투자 | 비상임이사 | 2019.01.01 | 비상근,2026-09-22T11:49:52+09:00,000,raw/document/20200330003956.zip,2a775d1fa784ec4b99cc2b439da10ab615261bc19c3b45b6573616248677446c
신한지주,지주,2019,20200330003956,사업보고서 (2019.12),20200330,겸직표,대상회사,IX. 계열회사 등에 관한 사항,단독,2,이병철,신한카드,비상임이사,2019.01.01,비상근,,,,Y,성명 | 대상회사 | 직위명 | 선임일 | 비고,이병철 | 신한카드 | 비상임이사 | 2019.01.01 | 비상근,2026-09-22T11:49:52+09:00,000,raw/document/20200330003956.zip,2a775d1fa784ec4b99cc2b439da10ab615261bc19c3b45b6573616248677446c
신한지주,지주,2019,20200330003956,사업보고서 (2019.12),20200330,겸직표,대상회사,IX. 계열회사 등에 관한 사항,단독,1,정운진,신한은행,부행장보,2018.01.01,상근,,,,Y,성명 | 대상회사 | 직위명 | 선임일 | 비고,정운진 | 신한은행 | 부행장보 | 2018.01.01 | 상근,2026-09-22T11:49:52+09:00,000,raw/document/20200330003956.zip,2a775d1fa784ec4b99cc2b439da10ab615261bc19c3b45b6573616248677446c
신한지주,지주,2019,20200330003956,사업보고서 (2019.12),20200330,겸직표,대상회사,IX. 계열회사 등에 관한 사항,단독,1,장동기,신한은행,부행장보,2019.01.01,상근,,,,Y,성명 | 대상회사 | 직위명 | 선임일 | 비고,장동기 | 신한은행 | 부행장보 | 2019.01.01 | 상근,2026-09-22T11:49:52+09:00,000,raw/document/20200330003956.zip,2a775d1fa784ec4b99cc2b439da10ab615261bc19c3b45b6573616248677446c
신한지주,지주,2019,20200330003956,사업보고서 (2019.12),20200330,겸직표,대상회사,IX. 계열회사 등에 관한 사항,단독,2,정지호,신한은행,부행장보,2019.01.01,상근,,,,Y,성명 | 대상회사 | 직위명 | 선임일 | 비고,정지호 | 신한은행 | 부행장보 | 2019.01.01 | 상근,2026-09-22T11:49:52+09:00,000,raw/document/20200330003956.zip,2a775d1fa784ec4b99cc2b439da10ab615261bc19c3b45b6573616248677446c
신한지주,지주,2019,20200330003956,사업보고서 (2019.12),20200330,겸직표,대상회사,IX. 계열회사 등에 관한 사항,단독,2,왕미화,신한은행,부행장보,2019.01.01,상근,,,,Y,성명 | 대상회사 | 직위명 | 선임일 | 비고,왕미화 | 신한은행 | 부행장보 | 2019.01.01 | 상근,2026-09-22T11:49:52+09:00,000,raw/document/20200330003956.zip,2a775d1fa784ec4b99cc2b439da10ab615261bc19c3b45b6573616248677446c
신한지주,지주,2019,20200330003956,사업보고서 (2019.12),20200330,겸직표,대상회사,IX. 계열회사 등에 관한 사항,단독,2,이인균,신한DS,비상임이사,2019.01.01,비상근,,,,N,성명 | 대상회사 | 직위명 | 선임일 | 비고,이인균 | 신한DS | 비상임이사 | 2019.01.01 | 비상근,2026-09-22T11:49:52+09:00,000,raw/document/20200330003956.zip,2a775d1fa784ec4b99cc2b439da10ab615261bc19c3b45b6573616248677446c
신한지주,지주,2019,20200330003956,사업보고서 (2019.12),20200330,겸직표,대상회사,IX. 계열회사 등에 관한 사항,단독,1,신연식,신한은행,상무,2019.06.01,상근,,,,Y,성명 | 대상회사 | 직위명 | 선임일 | 비고,신연식 | 신한은행 | 상무 | 2019.06.01 | 상근,2026-09-22T11:49:52+09:00,000,raw/document/20200330003956.zip,2a775d1fa784ec4b99cc2b439da10ab615261bc19c3b45b6573616248677446c
신한지주,지주,2019,20200330003956,사업보고서 (2019.12),20200330,겸직표,대상회사,IX. 계열회사 등에 관한 사항,단독,1,조영서,신한DS,비상임이사,2017.07.31,비상근,,,,N,성명 | 대상회사 | 직위명 | 선임일 | 비고,조영서 | 신한DS | 비상임이사 | 2017.07.31 | 비상근,2026-09-22T11:49:52+09:00,000,raw/document/20200330003956.zip,2a775d1fa784ec4b99cc2b439da10ab615261bc19c3b45b6573616248677446c
신한지주,지주,2019,20200330003956,사업보고서 (2019.12),20200330,겸직표,대상회사,IX. 계열회사 등에 관한 사항,단독,1,한용구,신한BNP파리바자산운용,비상임이사,2019.02.11,비상근,,,,Y,성명 | 대상회사 | 직위명 | 선임일 | 비고,한용구 | 신한BNP파리바자산운용 | 비상임이사 | 2019.02.11 | 비상근,2026-09-22T11:49:52+09:00,000,raw/document/20200330003956.zip,2a775d1fa784ec4b99cc2b439da10ab615261bc19c3b45b6573616248677446c
신한지주,지주,2019,20200330003956,사업보고서 (2019.12),20200330,겸직표,대상회사,IX. 계열회사 등에 관한 사항,단독,2,이준석,신한신용정보,비상임이사,2019.01.01,비상근,,,,N,성명 | 대상회사 | 직위명 | 선임일 | 비고,이준석 | 신한신용정보 | 비상임이사 | 2019.01.01 | 비상근,2026-09-22T11:49:52+09:00,000,raw/document/20200330003956.zip,2a775d1fa784ec4b99cc2b439da10ab615261bc19c3b45b6573616248677446c
신한지주,지주,2019,20200330003956,사업보고서 (2019.12),20200330,겸직표,대상회사,IX. 계열회사 등에 관한 사항,단독,1,박성현,제주은행,비상임이사,2019.03.26,비상근,,,,Y,성명 | 대상회사 | 직위명 | 선임일 | 비고,박성현 | 제주은행 | 비상임이사 | 2019.03.26 | 비상근,2026-09-22T11:49:52+09:00,000,raw/document/20200330003956.zip,2a775d1fa784ec4b99cc2b439da10ab615261bc19c3b45b6573616248677446c
신한지주,지주,2019,20200330003956,사업보고서 (2019.12),20200330,겸직표,대상회사,IX. 계열회사 등에 관한 사항,단독,2,김성주,신한신용정보,비상근감사,2018.03.16,비상근,,,,N,성명 | 대상회사 | 직위명 | 선임일 | 비고,김성주 | 신한신용정보 | 비상근감사 | 2018.03.16 | 비상근,2026-09-22T11:49:52+09:00,000,raw/document/20200330003956.zip,2a775d1fa784ec4b99cc2b439da10ab615261bc19c3b45b6573616248677446c
신한지주,지주,2019,20200330003956,사업보고서 (2019.12),20200330,겸직표,대상회사,IX. 계열회사 등에 관한 사항,단독,1,김태연,오렌지라이프,비상임이사,2019.02.01,비상근,,,,N,성명 | 대상회사 | 직위명 | 선임일 | 비고,김태연 | 오렌지라이프 | 비상임이사 | 2019.02.01 | 비상근,2026-09-22T11:49:52+09:00,000,raw/document/20200330003956.zip,2a775d1fa784ec4b99cc2b439da10ab615261bc19c3b45b6573616248677446c
신한지주,지주,2019,20200330003956,사업보고서 (2019.12),20200330,겸직표,대상회사,IX. 계열회사 등에 관한 사항,단독,1,김지욱,신한대체투자운용,비상임이사,2018.03.20,비상근,,,,Y,성명 | 대상회사 | 직위명 | 선임일 | 비고,김지욱 | 신한대체투자운용 | 비상임이사 | 2018.03.20 | 비상근,2026-09-22T11:49:52+09:00,000,raw/document/20200330003956.zip,2a775d1fa784ec4b99cc2b439da10ab615261bc19c3b45b6573616248677446c
신한지주,지주,2019,20200330003956,사업보고서 (2019.12),20200330,겸직표,대상회사,IX. 계열회사 등에 관한 사항,단독,1,장동기,신한은행,부행장,2019.01.01,상근,,,,Y,성명 | 대상회사 | 직위명 | 선임일 | 비고,장동기 | 신한은행 | 부행장 | 2019.01.01 | 상근,2026-09-22T11:49:52+09:00,000,raw/document/20200330003956.zip,2a775d1fa784ec4b99cc2b439da10ab615261bc19c3b45b6573616248677446c
신한지주,지주,2019,20200330003956,사업보고서 (2019.12),20200330,겸직표,대상회사,IX. 계열회사 등에 관한 사항,단독,1,정운진,신한은행,부행장,2018.01.01,상근,,,,Y,성명 | 대상회사 | 직위명 | 선임일 | 비고,정운진 | 신한은행 | 부행장 | 2018.01.01 | 상근,2026-09-22T11:49:52+09:00,000,raw/document/20200330003956.zip,2a775d1fa784ec4b99cc2b439da10ab615261bc19c3b45b6573616248677446c
신한지주,지주,2019,20200330003956,사업보고서 (2019.12),20200330,겸직표,대상회사,IX. 계열회사 등에 관한 사항,단독,1,이성용,신한DS,대표이사,2020.01.01,상근,,,,N,성명 | 대상회사 | 직위명 | 선임일 | 비고,이성용 | 신한DS | 대표이사 | 2020.01.01 | 상근,2026-09-22T11:49:52+09:00,000,raw/document/20200330003956.zip,2a775d1fa784ec4b99cc2b439da10ab615261bc19c3b45b6573616248677446c
신한지주,지주,2019,20200330003956,사업보고서 (2019.12),20200330,겸직표,대상회사,IX. 계열회사 등에 관한 사항,단독,1,안효열,신한은행,부행장보,2020.01.01,상근,,,,Y,성명 | 대상회사 | 직위명 | 선임일 | 비고,안효열 | 신한은행 | 부행장보 | 2020.01.01 | 상근,2026-09-22T11:49:52+09:00,000,raw/document/20200330003956.zip,2a775d1fa784ec4b99cc2b439da10ab615261bc19c3b45b6573616248677446c
신한지주,지주,2019,20200330003956,사업보고서 (2019.12),20200330,겸직표,대상회사,IX. 계열회사 등에 관한 사항,단독,1,노용훈,신한은행,비상임이사,2020.01.01,비상근,,,,Y,성명 | 대상회사 | 직위명 | 선임일 | 비고,노용훈 | 신한은행 | 비상임이사 | 2020.01.01 | 비상근,2026-09-22T11:49:52+09:00,000,raw/document/20200330003956.zip,2a775d1fa784ec4b99cc2b439da10ab615261bc19c3b45b6573616248677446c
신한지주,지주,2019,20200330003956,사업보고서 (2019.12),20200330,겸직표,대상회사,IX. 계열회사 등에 관한 사항,단독,1,박성현,신한금융투자,비상임이사,2020.01.01,비상근,,,,Y,성명 | 대상회사 | 직위명 | 선임일 | 비고,박성현 | 신한금융투자 | 비상임이사 | 2020.01.01 | 비상근,2026-09-22T11:49:52+09:00,000,raw/document/20200330003956.zip,2a775d1fa784ec4b99cc2b439da10ab615261bc19c3b45b6573616248677446c
신한지주,지주,2019,20200330003956,사업보고서 (2019.12),20200330,겸직표,대상회사,IX. 계열회사 등에 관한 사항,단독,1,김태연,아시아신탁,비상임이사,2020.03.26,비상근,,,,Y,성명 | 대상회사 | 직위명 | 선임일 | 비고,김태연 | 아시아신탁 | 비상임이사 | 2020.03.26 | 비상근,2026-09-22T11:49:52+09:00,000,raw/document/20200330003956.zip,2a775d1fa784ec4b99cc2b439da10ab615261bc19c3b45b6573616248677446c
신한지주,지주,2019,20200330003956,사업보고서 (2019.12),20200330,겸직표,대상회사,IX. 계열회사 등에 관한 사항,단독,1,김지욱,신한BNP파리바자산운용,비상임이사,2020.01.01,비상근,,,,Y,성명 | 대상회사 | 직위명 | 선임일 | 비고,김지욱 | 신한BNP파리바자산운용 | 비상임이사 | 2020.01.01 | 비상근,2026-09-22T11:49:52+09:00,000,raw/document/20200330003956.zip,2a775d1fa784ec4b99cc2b439da10ab615261bc19c3b45b6573616248677446c
신한지주,지주,2019,20200330003956,사업보고서 (2019.12),20200330,겸직표,대상회사,IX. 계열회사 등에 관한 사항,단독,1,권준석,신한저축은행,비상임이사,2020.03.27,비상근,,,,Y,성명 | 대상회사 | 직위명 | 선임일 | 비고,권준석 | 신한저축은행 | 비상임이사 | 2020.03.27 | 비상근,2026-09-22T11:49:52+09:00,000,raw/document/20200330003956.zip,2a775d1fa784ec4b99cc2b439da10ab615261bc19c3b45b6573616248677446c
신한지주,지주,2019,20200330003956,사업보고서 (2019.12),20200330,겸직표,대상회사,IX. 계열회사 등에 관한 사항,단독,1,고석헌,신한생명,비상임이사,2020.01.01,비상근,,,,Y,성명 | 대상회사 | 직위명 | 선임일 | 비고,고석헌 | 신한생명 | 비상임이사 | 2020.01.01 | 비상근,2026-09-22T11:49:52+09:00,000,raw/document/20200330003956.zip,2a775d1fa784ec4b99cc2b439da10ab615261bc19c3b45b6573616248677446c
우리금융지주,지주,2019,20200330004490,사업보고서 (2019.12),20200330,겸직표,겸직 회사 | 대상회사,1. 임원 및 직원 등의 현황 | IX. 계열회사 등에 관한 사항,병합,2,손태승,우리은행,은행장,,,,,,Y,성명 | 겸직 회사 | 재임 기간 | 직위 | 직무 | 겸직회사의 주된 사업목적 | 지분보유현황,손태승 | 우리은행 | 2017.12.22 ~현재 | 은행장 | 은행장 | 은행업 | 해당사항 없음,2026-09-16T11:04:51+09:00,000,raw/document/20200330004490.zip,10fb2f3cff15eba2d5974129ca2bdbcb0bf3bb0fe8a7755d920b8f4f75d319ca
우리금융지주,지주,2019,20200330004490,사업보고서 (2019.12),20200330,겸직표,겸직 회사 | 대상회사,1. 임원 및 직원 등의 현황 | IX. 계열회사 등에 관한 사항,병합,3,노성태,우리은행,사외이사,,,,,,Y,성명 | 겸직 회사 | 재임 기간 | 직위 | 직무 | 겸직회사의 주된 사업목적 | 지분보유현황,노성태 | 우리은행 | 2016.12.30 ~현재 | 사외이사 | 사외이사 | 은행업 | 해당사항 없음,2026-09-16T11:04:51+09:00,000,raw/document/20200330004490.zip,10fb2f3cff15eba2d5974129ca2bdbcb0bf3bb0fe8a7755d920b8f4f75d319ca
우리금융지주,지주,2019,20200330004490,사업보고서 (2019.12),20200330,겸직표,겸직 회사 | 대상회사,1. 임원 및 직원 등의 현황 | IX. 계열회사 등에 관한 사항,병합,3,박상용,우리은행,사외이사,,,,,,Y,성명 | 겸직 회사 | 재임 기간 | 직위 | 직무 | 겸직회사의 주된 사업목적 | 지분보유현황,박상용 | 우리은행 | 2016.12.30 ~현재 | 사외이사 | 사외이사 | 은행업 | 해당사항 없음,2026-09-16T11:04:51+09:00,000,raw/document/20200330004490.zip,10fb2f3cff15eba2d5974129ca2bdbcb0bf3bb0fe8a7755d920b8f4f75d319ca
우리금융지주,지주,2019,20200330004490,사업보고서 (2019.12),20200330,겸직표,겸직 회사 | 대상회사,1. 임원 및 직원 등의 현황 | IX. 계열회사 등에 관한 사항,병합,3,정찬형,우리은행,사외이사,,,,,,Y,성명 | 겸직 회사 | 재임 기간 | 직위 | 직무 | 겸직회사의 주된 사업목적 | 지분보유현황,정찬형 | 우리은행 | 2018.12.28 ~현재 | 사외이사 | 사외이사 | 은행업 | 해당사항 없음,2026-09-16T11:04:51+09:00,000,raw/document/20200330004490.zip,10fb2f3cff15eba2d5974129ca2bdbcb0bf3bb0fe8a7755d920b8f4f75d319ca
우리금융지주,지주,2019,20200330004490,사업보고서 (2019.12),20200330,겸직표,겸직 회사,1. 임원 및 직원 등의 현황,단독,1,전지평,북경 FUPU DAHOE 투자관리유한회사,부총경리,,,,,,Y,성명 | 겸직 회사 | 재임 기간 | 직위 | 직무 | 겸직회사의 주된 사업목적 | 지분보유현황,전지평 | 북경 FUPU DAHOE 투자관리유한회사 | 2016.02.01~현재 | 부총경리 | 부총경리 | 투자업 | 해당사항 없음,2026-09-16T11:04:51+09:00,000,raw/document/20200330004490.zip,10fb2f3cff15eba2d5974129ca2bdbcb0bf3bb0fe8a7755d920b8f4f75d319ca
우리금융지주,지주,2019,20200330004490,사업보고서 (2019.12),20200330,겸직표,겸직 회사,1. 임원 및 직원 등의 현황,단독,1,장동우,IMM 인베스트먼트,대표이사,,,,,,N,성명 | 겸직 회사 | 재임 기간 | 직위 | 직무 | 겸직회사의 주된 사업목적 | 지분보유현황,장동우 | IMM 인베스트먼트 | 2003.09.19~현재 | 대표이사 | 대표이사 | 투자업 | 해당사항 없음,2026-09-16T11:04:51+09:00,000,raw/document/20200330004490.zip,10fb2f3cff15eba2d5974129ca2bdbcb0bf3bb0fe8a7755d920b8f4f75d319ca
우리금융지주,지주,2019,20200330004490,사업보고서 (2019.12),20200330,겸직표,겸직 회사,1. 임원 및 직원 등의 현황,단독,1,최동수,우리금융경영연구소,비상근감사,,,,,,Y,성명 | 겸직 회사 | 재임 기간 | 직위 | 직무 | 겸직회사의 주된 사업목적 | 지분보유현황,"최동수 | 우리금융경영연구소 | 2017.12.29~현재 | 비상근감사 | 비상근감사 | 연구,출판 | 해당사항 없음",2026-09-16T11:04:51+09:00,000,raw/document/20200330004490.zip,10fb2f3cff15eba2d5974129ca2bdbcb0bf3bb0fe8a7755d920b8f4f75d319ca
우리금융지주,지주,2019,20200330004490,사업보고서 (2019.12),20200330,겸직표,겸직 회사 | 대상회사,1. 임원 및 직원 등의 현황 | IX. 계열회사 등에 관한 사항,미매핑,17,,,,,,,,,N,성명 | 겸직 회사 | 재임 기간 | 직위 | 직무 | 겸직회사의 주된 사업목적 | 지분보유현황,우리펀드서비스 | 2017.12.29~현재 | 기타비상무이사 | 기타비상무이사 | 기타금융업 | 해당사항 없음,2026-09-16T11:04:51+09:00,000,raw/document/20200330004490.zip,10fb2f3cff15eba2d5974129ca2bdbcb0bf3bb0fe8a7755d920b8f4f75d319ca
우리금융지주,지주,2019,20200330004490,사업보고서 (2019.12),20200330,겸직표,겸직 회사 | 대상회사,1. 임원 및 직원 등의 현황 | IX. 계열회사 등에 관한 사항,병합,3,박경훈,우리금융경영연구소,기타비상무이사,,,,,,Y,성명 | 겸직 회사 | 재임 기간 | 직위 | 직무 | 겸직회사의 주된 사업목적 | 지분보유현황,"박경훈 | 우리금융경영연구소 | 2018.12.29~현재 | 기타비상무이사 | 기타비상무이사 | 연구,출판 | 해당사항 없음",2026-09-16T11:04:51+09:00,000,raw/document/20200330004490.zip,10fb2f3cff15eba2d5974129ca2bdbcb0bf3bb0fe8a7755d920b8f4f75d319ca
우리금융지주,지주,2019,20200330004490,사업보고서 (2019.12),20200330,겸직표,겸직 회사 | 대상회사,1. 임원 및 직원 등의 현황 | IX. 계열회사 등에 관한 사항,병합,2,정종숙,우리은행,집행부행장보,,,,,,Y,성명 | 겸직 회사 | 재임 기간 | 직위 | 직무 | 겸직회사의 주된 사업목적 | 지분보유현황,정종숙 | 우리은행 | 2018.12.07~현재 | 집행부행장보 | WM그룹 | 은행업 | 해당사항 없음,2026-09-16T11:04:51+09:00,000,raw/document/20200330004490.zip,10fb2f3cff15eba2d5974129ca2bdbcb0bf3bb0fe8a7755d920b8f4f75d319ca
우리금융지주,지주,2019,20200330004490,사업보고서 (2019.12),20200330,겸직표,겸직 회사 | 대상회사,1. 임원 및 직원 등의 현황 | IX. 계열회사 등에 관한 사항,병합,2,노진호,우리 FIS,기타비상무이사,,,,,,N,성명 | 겸직 회사 | 재임 기간 | 직위 | 직무 | 겸직회사의 주된 사업목적 | 지분보유현황,노진호 | 우리 FIS | 2019.12.30~현재 | 기타비상무이사 | 기타비상무이사 | 시스템소프트웨어 개발 및 공급업 | 해당사항 없음,2026-09-16T11:04:51+09:00,000,raw/document/20200330004490.zip,10fb2f3cff15eba2d5974129ca2bdbcb0bf3bb0fe8a7755d920b8f4f75d319ca
우리금융지주,지주,2019,20200330004490,사업보고서 (2019.12),20200330,겸직표,겸직 회사 | 대상회사,1. 임원 및 직원 등의 현황 | IX. 계열회사 등에 관한 사항,병합,2,서영호,우리은행,상무,,,,,,Y,성명 | 겸직 회사 | 재임 기간 | 직위 | 직무 | 겸직회사의 주된 사업목적 | 지분보유현황,서영호 | 우리은행 | 2018.11.30~현재 | 상무 | 글로벌그룹 | 은행업 | 해당사항 없음,2026-09-16T11:04:51+09:00,000,raw/document/20200330004490.zip,10fb2f3cff15eba2d5974129ca2bdbcb0bf3bb0fe8a7755d920b8f4f75d319ca
우리금융지주,지주,2019,20200330004490,사업보고서 (2019.12),20200330,겸직표,겸직 회사 | 대상회사,1. 임원 및 직원 등의 현황 | IX. 계열회사 등에 관한 사항,병합,2,김정록,우리은행,상무,,,,,,Y,성명 | 겸직 회사 | 재임 기간 | 직위 | 직무 | 겸직회사의 주된 사업목적 | 지분보유현황,김정록 | 우리은행 | 2018.11.30~현재 | 상무 | IB그룹 | 은행업 | 해당사항 없음,2026-09-16T11:04:51+09:00,000,raw/document/20200330004490.zip,10fb2f3cff15eba2d5974129ca2bdbcb0bf3bb0fe8a7755d920b8f4f75d319ca
우리금융지주,지주,2019,20200330004490,사업보고서 (2019.12),20200330,겸직표,겸직 회사 | 대상회사,1. 임원 및 직원 등의 현황 | IX. 계열회사 등에 관한 사항,병합,2,황원철,우리은행,상무,,,,,,Y,성명 | 겸직 회사 | 재임 기간 | 직위 | 직무 | 겸직회사의 주된 사업목적 | 지분보유현황,황원철 | 우리은행 | 2018.11.30~현재 | 상무 | 디지털금융그룹 | 은행업 | 해당사항 없음,2026-09-16T11:04:51+09:00,000,raw/document/20200330004490.zip,10fb2f3cff15eba2d5974129ca2bdbcb0bf3bb0fe8a7755d920b8f4f75d319ca
우리금융지주,지주,2019,20200330004490,사업보고서 (2019.12),20200330,겸직표,겸직 회사 | 대상회사,1. 임원 및 직원 등의 현황 | IX. 계열회사 등에 관한 사항,병합,3,이석태,우리자산운용,기타비상무이사,,,,,,Y,성명 | 겸직 회사 | 재임 기간 | 직위 | 직무 | 겸직회사의 주된 사업목적 | 지분보유현황,이석태 | 우리자산운용 | 2019.08.01~현재 | 기타비상무이사 | 기타비상무이사 | 기타금융업 | 해당사항 없음,2026-09-16T11:04:51+09:00,000,raw/document/20200330004490.zip,10fb2f3cff15eba2d5974129ca2bdbcb0bf3bb0fe8a7755d920b8f4f75d319ca
우리금융지주,지주,2019,20200330004490,사업보고서 (2019.12),20200330,겸직표,대상회사,IX. 계열회사 등에 관한 사항,단독,2,최동수,우리금융경영연구소,감사,2019.01.11,비상근,,,,Y,성명 | 대상회사 | 직위 | 겸임일자 | 상근/비상근 여부,최동수 | 우리금융경영연구소 | 감사 | 2019.01.11 | 비상근,2026-09-16T11:04:51+09:00,000,raw/document/20200330004490.zip,10fb2f3cff15eba2d5974129ca2bdbcb0bf3bb0fe8a7755d920b8f4f75d319ca
우리금융지주,지주,2019,20200330004490,사업보고서 (2019.12),20200330,겸직표,대상회사,IX. 계열회사 등에 관한 사항,단독,1,노진호,우리FIS,기타비상무이사,2019.12.30,비상근,,,,N,성명 | 대상회사 | 직위 | 겸임일자 | 상근/비상근 여부,노진호 | 우리FIS | 기타비상무이사 | 2019.12.30 | 비상근,2026-09-16T11:04:51+09:00,000,raw/document/20200330004490.zip,10fb2f3cff15eba2d5974129ca2bdbcb0bf3bb0fe8a7755d920b8f4f75d319ca
우리금융지주,지주,2019,20200330004490,사업보고서 (2019.12),20200330,겸직표,대상회사,IX. 계열회사 등에 관한 사항,단독,1,우병권,우리신용정보,기타비상무이사,2019.08.01,비상근,,,,N,성명 | 대상회사 | 직위 | 겸임일자 | 상근/비상근 여부,우병권 | 우리신용정보 | 기타비상무이사 | 2019.08.01 | 비상근,2026-09-16T11:04:51+09:00,000,raw/document/20200330004490.zip,10fb2f3cff15eba2d5974129ca2bdbcb0bf3bb0fe8a7755d920b8f4f75d319ca
우리금융지주,지주,2019,20200330004490,사업보고서 (2019.12),20200330,겸직표,대상회사,IX. 계열회사 등에 관한 사항,단독,2,이성욱,우리프라이빗에퀴티자산운용,기타비상무이사,2019.07.30,비상근,,,,Y,성명 | 대상회사 | 직위 | 겸임일자 | 상근/비상근 여부,이성욱 | 우리프라이빗에퀴티자산운용 | 기타비상무이사 | 2019.07.30 | 비상근,2026-09-16T11:04:51+09:00,000,raw/document/20200330004490.zip,10fb2f3cff15eba2d5974129ca2bdbcb0bf3bb0fe8a7755d920b8f4f75d319ca
우리금융지주,지주,2019,20200330004490,사업보고서 (2019.12),20200330,겸직표,대상회사,IX. 계열회사 등에 관한 사항,단독,2,김병구,우리글로벌자산운용,감사,2019.08.01,비상근,,,,Y,성명 | 대상회사 | 직위 | 겸임일자 | 상근/비상근 여부,김병구 | 우리글로벌자산운용 | 감사 | 2019.08.01 | 비상근,2026-09-16T11:04:51+09:00,000,raw/document/20200330004490.zip,10fb2f3cff15eba2d5974129ca2bdbcb0bf3bb0fe8a7755d920b8f4f75d319ca
우리금융지주,지주,2019,20200330004490,사업보고서 (2019.12),20200330,겸직표,대상회사,IX. 계열회사 등에 관한 사항,단독,1,김정기,우리카드,기타비상무이사,2020.02.27,비상근,,,,Y,성명 | 대상회사 | 직위 | 겸임일자 | 상근/비상근 여부,김정기 | 우리카드 | 기타비상무이사 | 2020.02.27 | 비상근,2026-09-16T11:04:51+09:00,000,raw/document/20200330004490.zip,10fb2f3cff15eba2d5974129ca2bdbcb0bf3bb0fe8a7755d920b8f4f75d319ca
우리금융지주,지주,2019,20200330004490,사업보고서 (2019.12),20200330,겸직표,대상회사,IX. 계열회사 등에 관한 사항,단독,1,신명혁,우리은행,집행부행장,2020.02.11,상근,,,,Y,성명 | 대상회사 | 직위 | 겸임일자 | 상근/비상근 여부,신명혁 | 우리은행 | 집행부행장 | 2020.02.11 | 상근,2026-09-16T11:04:51+09:00,000,raw/document/20200330004490.zip,10fb2f3cff15eba2d5974129ca2bdbcb0bf3bb0fe8a7755d920b8f4f75d319ca
우리금융지주,지주,2019,20200330004490,사업보고서 (2019.12),20200330,겸직표,대상회사,IX. 계열회사 등에 관한 사항,단독,1,황규목,우리은행,집행부행장보,2020.02.11,상근,,,,Y,성명 | 대상회사 | 직위 | 겸임일자 | 상근/비상근 여부,황규목 | 우리은행 | 집행부행장보 | 2020.02.11 | 상근,2026-09-16T11:04:51+09:00,000,raw/document/20200330004490.zip,10fb2f3cff15eba2d5974129ca2bdbcb0bf3bb0fe8a7755d920b8f4f75d319ca
우리금융지주,지주,2019,20200330004490,사업보고서 (2019.12),20200330,겸직표,대상회사,IX. 계열회사 등에 관한 사항,단독,1,강신국,우리은행,상무,2020.02.11,상근,,,,Y,성명 | 대상회사 | 직위 | 겸임일자 | 상근/비상근 여부,강신국 | 우리은행 | 상무 | 2020.02.11 | 상근,2026-09-16T11:04:51+09:00,000,raw/document/20200330004490.zip,10fb2f3cff15eba2d5974129ca2bdbcb0bf3bb0fe8a7755d920b8f4f75d319ca
우리금융지주,지주,2019,20200330004490,사업보고서 (2019.12),20200330,겸직표,대상회사,IX. 계열회사 등에 관한 사항,단독,1,황규순,우리은행,상무,2020.02.11,상근,,,,Y,성명 | 대상회사 | 직위 | 겸임일자 | 상근/비상근 여부,황규순 | 우리은행 | 상무 | 2020.02.11 | 상근,2026-09-16T11:04:51+09:00,000,raw/document/20200330004490.zip,10fb2f3cff15eba2d5974129ca2bdbcb0bf3bb0fe8a7755d920b8f4f75d319ca
우리금융지주,지주,2019,20200330004490,사업보고서 (2019.12),20200330,겸직표,대상회사,IX. 계열회사 등에 관한 사항,단독,1,박종일,우리금융경영연구소,기타비상무이사,2020.03.20,비상근,,,,Y,성명 | 대상회사 | 직위 | 겸임일자 | 상근/비상근 여부,박종일 | 우리금융경영연구소 | 기타비상무이사 | 2020.03.20 | 비상근,2026-09-16T11:04:51+09:00,000,raw/document/20200330004490.zip,10fb2f3cff15eba2d5974129ca2bdbcb0bf3bb0fe8a7755d920b8f4f75d319ca
우리금융지주,지주,2019,20200330004490,사업보고서 (2019.12),20200330,겸직표,대상회사,IX. 계열회사 등에 관한 사항,단독,1,이종근,우리신용정보,기타비상무이사,2020.03.02,비상근,,,,N,성명 | 대상회사 | 직위 | 겸임일자 | 상근/비상근 여부,이종근 | 우리신용정보 | 기타비상무이사 | 2020.03.02 | 비상근,2026-09-16T11:04:51+09:00,000,raw/document/20200330004490.zip,10fb2f3cff15eba2d5974129ca2bdbcb0bf3bb0fe8a7755d920b8f4f75d319ca
우리금융지주,지주,2019,20200330004490,사업보고서 (2019.12),20200330,겸직표,대상회사,IX. 계열회사 등에 관한 사항,단독,1,김건호,우리글로벌자산운용,기타비상무이사,2020.03.23,비상근,,,,Y,성명 | 대상회사 | 직위 | 겸임일자 | 상근/비상근 여부,김건호 | 우리글로벌자산운용 | 기타비상무이사 | 2020.03.23 | 비상근,2026-09-16T11:04:51+09:00,000,raw/document/20200330004490.zip,10fb2f3cff15eba2d5974129ca2bdbcb0bf3bb0fe8a7755d920b8f4f75d319ca
신한지주,지주,2020,20210317001127,사업보고서 (2020.12),20210317,겸직표,대상회사,IX. 계열회사 등에 관한 사항,단독,2,진옥동,신한은행,은행장,2019.03.27,상근,,,,Y,성명 | 대상회사 | 직위명 | 선임일 | 비고,진옥동 | 신한은행 | 은행장 | 2019.03.27 | 상근,2026-09-22T11:50:55+09:00,000,raw/document/20210317001127.zip,70d82cae25fec76fc3626c8c2886272fa0d670e80180166b93e55500ccc791f0
신한지주,지주,2020,20210317001127,사업보고서 (2020.12),20210317,겸직표,대상회사,IX. 계열회사 등에 관한 사항,단독,2,장동기,신한은행,부행장,2019.01.01,상근,,,,Y,성명 | 대상회사 | 직위명 | 선임일 | 비고,장동기 | 신한은행 | 부행장 | 2019.01.01 | 상근,2026-09-22T11:50:55+09:00,000,raw/document/20210317001127.zip,70d82cae25fec76fc3626c8c2886272fa0d670e80180166b93e55500ccc791f0
신한지주,지주,2020,20210317001127,사업보고서 (2020.12),20210317,겸직표,대상회사,IX. 계열회사 등에 관한 사항,미매핑,60,,,,,,,,,N,성명 | 대상회사 | 직위명 | 선임일 | 비고,신한금융투자 | 부사장 | 2019.01.01 | 상근,2026-09-22T11:50:55+09:00,000,raw/document/20210317001127.zip,70d82cae25fec76fc3626c8c2886272fa0d670e80180166b93e55500ccc791f0
신한지주,지주,2020,20210317001127,사업보고서 (2020.12),20210317,겸직표,대상회사,IX. 계열회사 등에 관한 사항,단독,1,정운진,신한은행,부행장,2018.01.01,상근,,,,Y,성명 | 대상회사 | 직위명 | 선임일 | 비고,정운진 | 신한은행 | 부행장 | 2018.01.01 | 상근,2026-09-22T11:50:55+09:00,000,raw/document/20210317001127.zip,70d82cae25fec76fc3626c8c2886272fa0d670e80180166b93e55500ccc791f0
신한지주,지주,2020,20210317001127,사업보고서 (2020.12),20210317,겸직표,대상회사,IX. 계열회사 등에 관한 사항,단독,2,이성용,신한DS,대표이사,2020.01.01,상근,,,,N,성명 | 대상회사 | 직위명 | 선임일 | 비고,이성용 | 신한DS | 대표이사 | 2020.01.01 | 상근,2026-09-22T11:50:55+09:00,000,raw/document/20210317001127.zip,70d82cae25fec76fc3626c8c2886272fa0d670e80180166b93e55500ccc791f0
신한지주,지주,2020,20210317001127,사업보고서 (2020.12),20210317,겸직표,대상회사,IX. 계열회사 등에 관한 사항,단독,1,이병철,신한카드,비상임이사,2019.01.01,비상근,,,,Y,성명 | 대상회사 | 직위명 | 선임일 | 비고,이병철 | 신한카드 | 비상임이사 | 2019.01.01 | 비상근,2026-09-22T11:50:55+09:00,000,raw/document/20210317001127.zip,70d82cae25fec76fc3626c8c2886272fa0d670e80180166b93e55500ccc791f0
신한지주,지주,2020,20210317001127,사업보고서 (2020.12),20210317,겸직표,대상회사,IX. 계열회사 등에 관한 사항,단독,1,정지호,신한은행,부행장보,2019.01.01,상근,,,,Y,성명 | 대상회사 | 직위명 | 선임일 | 비고,정지호 | 신한은행 | 부행장보 | 2019.01.01 | 상근,2026-09-22T11:50:55+09:00,000,raw/document/20210317001127.zip,70d82cae25fec76fc3626c8c2886272fa0d670e80180166b93e55500ccc791f0
신한지주,지주,2020,20210317001127,사업보고서 (2020.12),20210317,겸직표,대상회사,IX. 계열회사 등에 관한 사항,단독,1,왕미화,신한은행,부행장보,2019.01.01,상근,,,,Y,성명 | 대상회사 | 직위명 | 선임일 | 비고,왕미화 | 신한은행 | 부행장보 | 2019.01.01 | 상근,2026-09-22T11:50:55+09:00,000,raw/document/20210317001127.zip,70d82cae25fec76fc3626c8c2886272fa0d670e80180166b93e55500ccc791f0
신한지주,지주,2020,20210317001127,사업보고서 (2020.12),20210317,겸직표,대상회사,IX. 계열회사 등에 관한 사항,단독,1,안효열,신한은행,부행장보,2020.01.01,상근,,,,Y,성명 | 대상회사 | 직위명 | 선임일 | 비고,안효열 | 신한은행 | 부행장보 | 2020.01.01 | 상근,2026-09-22T11:50:55+09:00,000,raw/document/20210317001127.zip,70d82cae25fec76fc3626c8c2886272fa0d670e80180166b93e55500ccc791f0
신한지주,지주,2020,20210317001127,사업보고서 (2020.12),20210317,겸직표,대상회사,IX. 계열회사 등에 관한 사항,단독,2,노용훈,신한은행,비상임이사,2020.01.01,비상근,,,,Y,성명 | 대상회사 | 직위명 | 선임일 | 비고,노용훈 | 신한은행 | 비상임이사 | 2020.01.01 | 비상근,2026-09-22T11:50:55+09:00,000,raw/document/20210317001127.zip,70d82cae25fec76fc3626c8c2886272fa0d670e80180166b93e55500ccc791f0
신한지주,지주,2020,20210317001127,사업보고서 (2020.12),20210317,겸직표,대상회사,IX. 계열회사 등에 관한 사항,단독,2,이인균,신한DS,비상임이사,2019.01.01,비상근,,,,N,성명 | 대상회사 | 직위명 | 선임일 | 비고,이인균 | 신한DS | 비상임이사 | 2019.01.01 | 비상근,2026-09-22T11:50:55+09:00,000,raw/document/20210317001127.zip,70d82cae25fec76fc3626c8c2886272fa0d670e80180166b93e55500ccc791f0
신한지주,지주,2020,20210317001127,사업보고서 (2020.12),20210317,겸직표,대상회사,IX. 계열회사 등에 관한 사항,단독,2,박성현,신한금융투자,비상임이사,2020.01.01,비상근,,,,Y,성명 | 대상회사 | 직위명 | 선임일 | 비고,박성현 | 신한금융투자 | 비상임이사 | 2020.01.01 | 비상근,2026-09-22T11:50:55+09:00,000,raw/document/20210317001127.zip,70d82cae25fec76fc3626c8c2886272fa0d670e80180166b93e55500ccc791f0
신한지주,지주,2020,20210317001127,사업보고서 (2020.12),20210317,겸직표,대상회사,IX. 계열회사 등에 관한 사항,단독,1,이준석,신한신용정보,비상임이사,2019.01.01,비상근,,,,N,성명 | 대상회사 | 직위명 | 선임일 | 비고,이준석 | 신한신용정보 | 비상임이사 | 2019.01.01 | 비상근,2026-09-22T11:50:55+09:00,000,raw/document/20210317001127.zip,70d82cae25fec76fc3626c8c2886272fa0d670e80180166b93e55500ccc791f0
신한지주,지주,2020,20210317001127,사업보고서 (2020.12),20210317,겸직표,대상회사,IX. 계열회사 등에 관한 사항,단독,2,김성주,신한신용정보,비상근감사,2018.03.16,비상근,,,,N,성명 | 대상회사 | 직위명 | 선임일 | 비고,김성주 | 신한신용정보 | 비상근감사 | 2018.03.16 | 비상근,2026-09-22T11:50:55+09:00,000,raw/document/20210317001127.zip,70d82cae25fec76fc3626c8c2886272fa0d670e80180166b93e55500ccc791f0
신한지주,지주,2020,20210317001127,사업보고서 (2020.12),20210317,겸직표,대상회사,IX. 계열회사 등에 관한 사항,단독,1,김태연,아시아신탁,비상임이사,2020.03.26,비상근,,,,Y,성명 | 대상회사 | 직위명 | 선임일 | 비고,김태연 | 아시아신탁 | 비상임이사 | 2020.03.26 | 비상근,2026-09-22T11:50:55+09:00,000,raw/document/20210317001127.zip,70d82cae25fec76fc3626c8c2886272fa0d670e80180166b93e55500ccc791f0
신한지주,지주,2020,20210317001127,사업보고서 (2020.12),20210317,겸직표,대상회사,IX. 계열회사 등에 관한 사항,단독,1,김지욱,신한BNP파리바자산운용,비상임이사,2020.01.01,비상근,,,,Y,성명 | 대상회사 | 직위명 | 선임일 | 비고,김지욱 | 신한BNP파리바자산운용 | 비상임이사 | 2020.01.01 | 비상근,2026-09-22T11:50:55+09:00,000,raw/document/20210317001127.zip,70d82cae25fec76fc3626c8c2886272fa0d670e80180166b93e55500ccc791f0
신한지주,지주,2020,20210317001127,사업보고서 (2020.12),20210317,겸직표,대상회사,IX. 계열회사 등에 관한 사항,단독,2,권준석,신한저축은행,비상임이사,2020.03.27,비상근,,,,Y,성명 | 대상회사 | 직위명 | 선임일 | 비고,권준석 | 신한저축은행 | 비상임이사 | 2020.03.27 | 비상근,2026-09-22T11:50:55+09:00,000,raw/document/20210317001127.zip,70d82cae25fec76fc3626c8c2886272fa0d670e80180166b93e55500ccc791f0
신한지주,지주,2020,20210317001127,사업보고서 (2020.12),20210317,겸직표,대상회사,IX. 계열회사 등에 관한 사항,단독,2,고석헌,신한생명,비상임이사,2020.01.01,비상근,,,,Y,성명 | 대상회사 | 직위명 | 선임일 | 비고,고석헌 | 신한생명 | 비상임이사 | 2020.01.01 | 비상근,2026-09-22T11:50:55+09:00,000,raw/document/20210317001127.zip,70d82cae25fec76fc3626c8c2886272fa0d670e80180166b93e55500ccc791f0
신한지주,지주,2020,20210317001127,사업보고서 (2020.12),20210317,겸직표,대상회사,IX. 계열회사 등에 관한 사항,단독,1,이병철,신한은행,비상임이사,2021.01.01,상근,,,,Y,성명 | 대상회사 | 직위명 | 선임일 | 비고,이병철 | 신한은행 | 비상임이사 | 2021.01.01 | 상근,2026-09-22T11:50:55+09:00,000,raw/document/20210317001127.zip,70d82cae25fec76fc3626c8c2886272fa0d670e80180166b93e55500ccc791f0
신한지주,지주,2020,20210317001127,사업보고서 (2020.12),20210317,겸직표,대상회사,IX. 계열회사 등에 관한 사항,단독,1,안효열,신한은행,부행장,2021.01.01,상근,,,,Y,성명 | 대상회사 | 직위명 | 선임일 | 비고,안효열 | 신한은행 | 부행장 | 2021.01.01 | 상근,2026-09-22T11:50:55+09:00,000,raw/document/20210317001127.zip,70d82cae25fec76fc3626c8c2886272fa0d670e80180166b93e55500ccc791f0
신한지주,지주,2020,20210317001127,사업보고서 (2020.12),20210317,겸직표,대상회사,IX. 계열회사 등에 관한 사항,단독,1,안준식,신한은행,부행장,2021.01.01,상근,,,,Y,성명 | 대상회사 | 직위명 | 선임일 | 비고,안준식 | 신한은행 | 부행장 | 2021.01.01 | 상근,2026-09-22T11:50:55+09:00,000,raw/document/20210317001127.zip,70d82cae25fec76fc3626c8c2886272fa0d670e80180166b93e55500ccc791f0
신한지주,지주,2020,20210317001127,사업보고서 (2020.12),20210317,겸직표,대상회사,IX. 계열회사 등에 관한 사항,단독,1,정근수,신한은행,부행장,2021.01.01,상근,,,,Y,성명 | 대상회사 | 직위명 | 선임일 | 비고,정근수 | 신한은행 | 부행장 | 2021.01.01 | 상근,2026-09-22T11:50:55+09:00,000,raw/document/20210317001127.zip,70d82cae25fec76fc3626c8c2886272fa0d670e80180166b93e55500ccc791f0
신한지주,지주,2020,20210317001127,사업보고서 (2020.12),20210317,겸직표,대상회사,IX. 계열회사 등에 관한 사항,단독,1,강신태,신한은행,부행장,2021.01.01,상근,,,,Y,성명 | 대상회사 | 직위명 | 선임일 | 비고,강신태 | 신한은행 | 부행장 | 2021.01.01 | 상근,2026-09-22T11:50:55+09:00,000,raw/document/20210317001127.zip,70d82cae25fec76fc3626c8c2886272fa0d670e80180166b93e55500ccc791f0
신한지주,지주,2020,20210317001127,사업보고서 (2020.12),20210317,겸직표,대상회사,IX. 계열회사 등에 관한 사항,단독,1,김태연,신한대체투자운용,비상근이사,2019.01.01,비상근,,,,Y,성명 | 대상회사 | 직위명 | 선임일 | 비고,김태연 | 신한대체투자운용 | 비상근이사 | 2019.01.01 | 비상근,2026-09-22T11:50:55+09:00,000,raw/document/20210317001127.zip,70d82cae25fec76fc3626c8c2886272fa0d670e80180166b93e55500ccc791f0
신한지주,지주,2020,20210317001127,사업보고서 (2020.12),20210317,겸직표,대상회사,IX. 계열회사 등에 관한 사항,단독,1,김혜주,신한은행,상무,2020.12.01,상근,,,,Y,성명 | 대상회사 | 직위명 | 선임일 | 비고,김혜주 | 신한은행 | 상무 | 2020.12.01 | 상근,2026-09-22T11:50:55+09:00,000,raw/document/20210317001127.zip,70d82cae25fec76fc3626c8c2886272fa0d670e80180166b93e55500ccc791f0
신한지주,지주,2020,20210317001127,사업보고서 (2020.12),20210317,겸직표,대상회사,IX. 계열회사 등에 관한 사항,단독,1,장현기,신한AI,비상근이사,2021.01.01,비상근,,,,N,성명 | 대상회사 | 직위명 | 선임일 | 비고,장현기 | 신한AI | 비상근이사 | 2021.01.01 | 비상근,2026-09-22T11:50:55+09:00,000,raw/document/20210317001127.zip,70d82cae25fec76fc3626c8c2886272fa0d670e80180166b93e55500ccc791f0
신한은행(구),은행,2020,20210318000426,사업보고서 (2020.12),20210318,겸직표,대상회사,IX. 계열회사 등에 관한 사항,단독,1,진옥동,신한금융지주회사,비상임이사,2019.03.27,비상근,,,,Y,성명 | 대상회사 | 직위명 | 선임일 | 비고,진옥동 | 신한금융지주회사 | 비상임이사 | 2019.03.27 | 비상근,2026-09-22T11:51:48+09:00,000,raw/document/20210318000426.zip,5c4fa97167ff322ee4bbd48d7ec9a367f4695e32164c67cc917490f544f156c3
신한은행(구),은행,2020,20210318000426,사업보고서 (2020.12),20210318,겸직표,대상회사,IX. 계열회사 등에 관한 사항,단독,1,장동기,신한금융지주회사,부사장,2019.01.01,상근,,,,Y,성명 | 대상회사 | 직위명 | 선임일 | 비고,장동기 | 신한금융지주회사 | 부사장 | 2019.01.01 | 상근,2026-09-22T11:51:48+09:00,000,raw/document/20210318000426.zip,5c4fa97167ff322ee4bbd48d7ec9a367f4695e32164c67cc917490f544f156c3
신한은행(구),은행,2020,20210318000426,사업보고서 (2020.12),20210318,겸직표,대상회사,IX. 계열회사 등에 관한 사항,미매핑,15,,,,,,,,,N,성명 | 대상회사 | 직위명 | 선임일 | 비고,신한금융투자 | 부사장 | 2019.01.01 | 상근,2026-09-22T11:51:48+09:00,000,raw/document/20210318000426.zip,5c4fa97167ff322ee4bbd48d7ec9a367f4695e32164c67cc917490f544f156c3
신한은행(구),은행,2020,20210318000426,사업보고서 (2020.12),20210318,겸직표,대상회사,IX. 계열회사 등에 관한 사항,단독,1,정운진,신한금융지주회사,부사장,2018.01.01,상근,,,,Y,성명 | 대상회사 | 직위명 | 선임일 | 비고,정운진 | 신한금융지주회사 | 부사장 | 2018.01.01 | 상근,2026-09-22T11:51:48+09:00,000,raw/document/20210318000426.zip,5c4fa97167ff322ee4bbd48d7ec9a367f4695e32164c67cc917490f544f156c3
신한은행(구),은행,2020,20210318000426,사업보고서 (2020.12),20210318,겸직표,대상회사,IX. 계열회사 등에 관한 사항,단독,1,이병철,신한금융지주회사,부사장보,2019.01.01,상근,,,,Y,성명 | 대상회사 | 직위명 | 선임일 | 비고,이병철 | 신한금융지주회사 | 부사장보 | 2019.01.01 | 상근,2026-09-22T11:51:48+09:00,000,raw/document/20210318000426.zip,5c4fa97167ff322ee4bbd48d7ec9a367f4695e32164c67cc917490f544f156c3
신한은행(구),은행,2020,20210318000426,사업보고서 (2020.12),20210318,겸직표,대상회사,IX. 계열회사 등에 관한 사항,단독,1,정지호,신한금융지주회사,부사장보,2019.01.01,상근,,,,Y,성명 | 대상회사 | 직위명 | 선임일 | 비고,정지호 | 신한금융지주회사 | 부사장보 | 2019.01.01 | 상근,2026-09-22T11:51:48+09:00,000,raw/document/20210318000426.zip,5c4fa97167ff322ee4bbd48d7ec9a367f4695e32164c67cc917490f544f156c3
신한은행(구),은행,2020,20210318000426,사업보고서 (2020.12),20210318,겸직표,대상회사,IX. 계열회사 등에 관한 사항,단독,1,왕미화,신한금융지주회사,부사장보,2019.01.01,상근,,,,Y,성명 | 대상회사 | 직위명 | 선임일 | 비고,왕미화 | 신한금융지주회사 | 부사장보 | 2019.01.01 | 상근,2026-09-22T11:51:48+09:00,000,raw/document/20210318000426.zip,5c4fa97167ff322ee4bbd48d7ec9a367f4695e32164c67cc917490f544f156c3
신한은행(구),은행,2020,20210318000426,사업보고서 (2020.12),20210318,겸직표,대상회사,IX. 계열회사 등에 관한 사항,단독,1,안효열,신한금융지주회사,부사장보,2020.01.01,상근,,,,Y,성명 | 대상회사 | 직위명 | 선임일 | 비고,안효열 | 신한금융지주회사 | 부사장보 | 2020.01.01 | 상근,2026-09-22T11:51:48+09:00,000,raw/document/20210318000426.zip,5c4fa97167ff322ee4bbd48d7ec9a367f4695e32164c67cc917490f544f156c3
신한은행(구),은행,2020,20210318000426,사업보고서 (2020.12),20210318,겸직표,대상회사,IX. 계열회사 등에 관한 사항,단독,1,노용훈,신한금융지주회사,부사장보,2020.01.01,상근,,,,Y,성명 | 대상회사 | 직위명 | 선임일 | 비고,노용훈 | 신한금융지주회사 | 부사장보 | 2020.01.01 | 상근,2026-09-22T11:51:48+09:00,000,raw/document/20210318000426.zip,5c4fa97167ff322ee4bbd48d7ec9a367f4695e32164c67cc917490f544f156c3
신한지주,지주,2021,20220316000748,사업보고서 (2021.12),20220316,겸직표,대상회사,IX. 계열회사 등에 관한 사항,단독,2,진옥동,신한은행,은행장,2019.03.27,상근,,,,Y,성명 | 대상회사 | 직위명 | 선임일 | 비고,진옥동 | 신한은행 | 은행장 | 2019.03.27 | 상근,2026-09-22T11:52:56+09:00,000,raw/document/20220316000748.zip,44048b31e89f5ba190d2b8c27f1ae37b0cf1f0db7586af6f4255b546170bfa82
신한지주,지주,2021,20220316000748,사업보고서 (2021.12),20220316,겸직표,대상회사,IX. 계열회사 등에 관한 사항,단독,1,이성용,신한DS,대표이사,2020.01.01,상근,,,,N,성명 | 대상회사 | 직위명 | 선임일 | 비고,이성용 | 신한DS | 대표이사 | 2020.01.01 | 상근,2026-09-22T11:52:56+09:00,000,raw/document/20220316000748.zip,44048b31e89f5ba190d2b8c27f1ae37b0cf1f0db7586af6f4255b546170bfa82
신한지주,지주,2021,20220316000748,사업보고서 (2021.12),20220316,겸직표,대상회사,IX. 계열회사 등에 관한 사항,단독,2,장동기,신한은행,부행장,2019.01.01,상근,,,,Y,성명 | 대상회사 | 직위명 | 선임일 | 비고,장동기 | 신한은행 | 부행장 | 2019.01.01 | 상근,2026-09-22T11:52:56+09:00,000,raw/document/20220316000748.zip,44048b31e89f5ba190d2b8c27f1ae37b0cf1f0db7586af6f4255b546170bfa82
신한지주,지주,2021,20220316000748,사업보고서 (2021.12),20220316,겸직표,대상회사,IX. 계열회사 등에 관한 사항,미매핑,51,,,,,,,,,N,성명 | 대상회사 | 직위명 | 선임일 | 비고,신한금융투자 | 부사장 | 2019.01.01 | 상근,2026-09-22T11:52:56+09:00,000,raw/document/20220316000748.zip,44048b31e89f5ba190d2b8c27f1ae37b0cf1f0db7586af6f4255b546170bfa82
신한지주,지주,2021,20220316000748,사업보고서 (2021.12),20220316,겸직표,대상회사,IX. 계열회사 등에 관한 사항,단독,1,이병철,신한은행,부행장,2019.01.01,상근,,,,Y,성명 | 대상회사 | 직위명 | 선임일 | 비고,이병철 | 신한은행 | 부행장 | 2019.01.01 | 상근,2026-09-22T11:52:56+09:00,000,raw/document/20220316000748.zip,44048b31e89f5ba190d2b8c27f1ae37b0cf1f0db7586af6f4255b546170bfa82
신한지주,지주,2021,20220316000748,사업보고서 (2021.12),20220316,겸직표,대상회사,IX. 계열회사 등에 관한 사항,단독,1,노용훈,신한은행,비상임이사,2020.01.01,비상근,,,,Y,성명 | 대상회사 | 직위명 | 선임일 | 비고,노용훈 | 신한은행 | 비상임이사 | 2020.01.01 | 비상근,2026-09-22T11:52:56+09:00,000,raw/document/20220316000748.zip,44048b31e89f5ba190d2b8c27f1ae37b0cf1f0db7586af6f4255b546170bfa82
신한지주,지주,2021,20220316000748,사업보고서 (2021.12),20220316,겸직표,대상회사,IX. 계열회사 등에 관한 사항,단독,2,안효열,신한은행,부행장,2020.01.01,상근,,,,Y,성명 | 대상회사 | 직위명 | 선임일 | 비고,안효열 | 신한은행 | 부행장 | 2020.01.01 | 상근,2026-09-22T11:52:56+09:00,000,raw/document/20220316000748.zip,44048b31e89f5ba190d2b8c27f1ae37b0cf1f0db7586af6f4255b546170bfa82
신한지주,지주,2021,20220316000748,사업보고서 (2021.12),20220316,겸직표,대상회사,IX. 계열회사 등에 관한 사항,단독,2,이인균,신한DS,비상임이사,2019.01.01,비상근,,,,N,성명 | 대상회사 | 직위명 | 선임일 | 비고,이인균 | 신한DS | 비상임이사 | 2019.01.01 | 비상근,2026-09-22T11:52:56+09:00,000,raw/document/20220316000748.zip,44048b31e89f5ba190d2b8c27f1ae37b0cf1f0db7586af6f4255b546170bfa82
신한지주,지주,2021,20220316000748,사업보고서 (2021.12),20220316,겸직표,대상회사,IX. 계열회사 등에 관한 사항,단독,1,박성현,신한금융투자,비상임이사,2020.01.01,비상근,,,,Y,성명 | 대상회사 | 직위명 | 선임일 | 비고,박성현 | 신한금융투자 | 비상임이사 | 2020.01.01 | 비상근,2026-09-22T11:52:56+09:00,000,raw/document/20220316000748.zip,44048b31e89f5ba190d2b8c27f1ae37b0cf1f0db7586af6f4255b546170bfa82
신한지주,지주,2021,20220316000748,사업보고서 (2021.12),20220316,겸직표,대상회사,IX. 계열회사 등에 관한 사항,단독,2,안준식,신한은행,부행장,2021.01.01,상근,,,,Y,성명 | 대상회사 | 직위명 | 선임일 | 비고,안준식 | 신한은행 | 부행장 | 2021.01.01 | 상근,2026-09-22T11:52:56+09:00,000,raw/document/20220316000748.zip,44048b31e89f5ba190d2b8c27f1ae37b0cf1f0db7586af6f4255b546170bfa82
신한지주,지주,2021,20220316000748,사업보고서 (2021.12),20220316,겸직표,대상회사,IX. 계열회사 등에 관한 사항,단독,2,정근수,신한은행,부행장,2021.01.01,상근,,,,Y,성명 | 대상회사 | 직위명 | 선임일 | 비고,정근수 | 신한은행 | 부행장 | 2021.01.01 | 상근,2026-09-22T11:52:56+09:00,000,raw/document/20220316000748.zip,44048b31e89f5ba190d2b8c27f1ae37b0cf1f0db7586af6f4255b546170bfa82
신한지주,지주,2021,20220316000748,사업보고서 (2021.12),20220316,겸직표,대상회사,IX. 계열회사 등에 관한 사항,단독,2,김성주,신한리츠운용,비상근감사,2018.03.22,비상근,,,,N,성명 | 대상회사 | 직위명 | 선임일 | 비고,김성주 | 신한리츠운용 | 비상근감사 | 2018.03.22 | 비상근,2026-09-22T11:52:56+09:00,000,raw/document/20220316000748.zip,44048b31e89f5ba190d2b8c27f1ae37b0cf1f0db7586af6f4255b546170bfa82
신한지주,지주,2021,20220316000748,사업보고서 (2021.12),20220316,겸직표,대상회사,IX. 계열회사 등에 관한 사항,단독,1,강신태,신한은행,부행장,2021.01.01,상근,,,,Y,성명 | 대상회사 | 직위명 | 선임일 | 비고,강신태 | 신한은행 | 부행장 | 2021.01.01 | 상근,2026-09-22T11:52:56+09:00,000,raw/document/20220316000748.zip,44048b31e89f5ba190d2b8c27f1ae37b0cf1f0db7586af6f4255b546170bfa82
신한지주,지주,2021,20220316000748,사업보고서 (2021.12),20220316,겸직표,대상회사,IX. 계열회사 등에 관한 사항,단독,1,김혜주,신한은행,상무,2020.12.01,상근,,,,Y,성명 | 대상회사 | 직위명 | 선임일 | 비고,김혜주 | 신한은행 | 상무 | 2020.12.01 | 상근,2026-09-22T11:52:56+09:00,000,raw/document/20220316000748.zip,44048b31e89f5ba190d2b8c27f1ae37b0cf1f0db7586af6f4255b546170bfa82
신한지주,지주,2021,20220316000748,사업보고서 (2021.12),20220316,겸직표,대상회사,IX. 계열회사 등에 관한 사항,단독,1,김태연,신한대체투자운용,비상근이사,2019.01.01,비상근,,,,Y,성명 | 대상회사 | 직위명 | 선임일 | 비고,김태연 | 신한대체투자운용 | 비상근이사 | 2019.01.01 | 비상근,2026-09-22T11:52:56+09:00,000,raw/document/20220316000748.zip,44048b31e89f5ba190d2b8c27f1ae37b0cf1f0db7586af6f4255b546170bfa82
신한지주,지주,2021,20220316000748,사업보고서 (2021.12),20220316,겸직표,대상회사,IX. 계열회사 등에 관한 사항,단독,1,권준석,신한저축은행,비상임이사,2020.03.27,비상근,,,,Y,성명 | 대상회사 | 직위명 | 선임일 | 비고,권준석 | 신한저축은행 | 비상임이사 | 2020.03.27 | 비상근,2026-09-22T11:52:56+09:00,000,raw/document/20220316000748.zip,44048b31e89f5ba190d2b8c27f1ae37b0cf1f0db7586af6f4255b546170bfa82
신한지주,지주,2021,20220316000748,사업보고서 (2021.12),20220316,겸직표,대상회사,IX. 계열회사 등에 관한 사항,단독,2,고석헌,신한라이프생명,비상임이사,2020.01.01,비상근,,,,Y,성명 | 대상회사 | 직위명 | 선임일 | 비고,고석헌 | 신한라이프생명 | 비상임이사 | 2020.01.01 | 비상근,2026-09-22T11:52:56+09:00,000,raw/document/20220316000748.zip,44048b31e89f5ba190d2b8c27f1ae37b0cf1f0db7586af6f4255b546170bfa82
신한지주,지주,2021,20220316000748,사업보고서 (2021.12),20220316,겸직표,대상회사,IX. 계열회사 등에 관한 사항,단독,2,장현기,신한AI,비상근이사,2021.01.01,비상근,,,,N,성명 | 대상회사 | 직위명 | 선임일 | 비고,장현기 | 신한AI | 비상근이사 | 2021.01.01 | 비상근,2026-09-22T11:52:56+09:00,000,raw/document/20220316000748.zip,44048b31e89f5ba190d2b8c27f1ae37b0cf1f0db7586af6f4255b546170bfa82
신한지주,지주,2021,20220316000748,사업보고서 (2021.12),20220316,겸직표,대상회사,IX. 계열회사 등에 관한 사항,단독,1,이영종,신한은행,부행장,2022.01.01,상근,,,,Y,성명 | 대상회사 | 직위명 | 선임일 | 비고,이영종 | 신한은행 | 부행장 | 2022.01.01 | 상근,2026-09-22T11:52:56+09:00,000,raw/document/20220316000748.zip,44048b31e89f5ba190d2b8c27f1ae37b0cf1f0db7586af6f4255b546170bfa82
신한지주,지주,2021,20220316000748,사업보고서 (2021.12),20220316,겸직표,대상회사,IX. 계열회사 등에 관한 사항,단독,1,서승현,신한은행,부행장,2022.01.01,상근,,,,Y,성명 | 대상회사 | 직위명 | 선임일 | 비고,서승현 | 신한은행 | 부행장 | 2022.01.01 | 상근,2026-09-22T11:52:56+09:00,000,raw/document/20220316000748.zip,44048b31e89f5ba190d2b8c27f1ae37b0cf1f0db7586af6f4255b546170bfa82
신한지주,지주,2021,20220316000748,사업보고서 (2021.12),20220316,겸직표,대상회사,IX. 계열회사 등에 관한 사항,단독,1,이태경,신한금융투자,비상임이사,2022.01.01,비상근,,,,Y,성명 | 대상회사 | 직위명 | 선임일 | 비고,이태경 | 신한금융투자 | 비상임이사 | 2022.01.01 | 비상근,2026-09-22T11:52:56+09:00,000,raw/document/20220316000748.zip,44048b31e89f5ba190d2b8c27f1ae37b0cf1f0db7586af6f4255b546170bfa82
신한지주,지주,2021,20220316000748,사업보고서 (2021.12),20220316,겸직표,대상회사,IX. 계열회사 등에 관한 사항,단독,1,김명희,신한은행,비상임이사,2022.01.01,비상근,,,,Y,성명 | 대상회사 | 직위명 | 선임일 | 비고,김명희 | 신한은행 | 비상임이사 | 2022.01.01 | 비상근,2026-09-22T11:52:56+09:00,000,raw/document/20220316000748.zip,44048b31e89f5ba190d2b8c27f1ae37b0cf1f0db7586af6f4255b546170bfa82
신한지주,지주,2021,20220316000748,사업보고서 (2021.12),20220316,겸직표,대상회사,IX. 계열회사 등에 관한 사항,단독,1,김태연,신한캐피탈,비상임이사,2022.01.01,비상근,,,,Y,성명 | 대상회사 | 직위명 | 선임일 | 비고,김태연 | 신한캐피탈 | 비상임이사 | 2022.01.01 | 비상근,2026-09-22T11:52:56+09:00,000,raw/document/20220316000748.zip,44048b31e89f5ba190d2b8c27f1ae37b0cf1f0db7586af6f4255b546170bfa82
신한지주,지주,2021,20220316000748,사업보고서 (2021.12),20220316,겸직표,대상회사,IX. 계열회사 등에 관한 사항,단독,1,천상영,신한저축은행,비상임이사,2022.01.01,비상근,,,,Y,성명 | 대상회사 | 직위명 | 선임일 | 비고,천상영 | 신한저축은행 | 비상임이사 | 2022.01.01 | 비상근,2026-09-22T11:52:56+09:00,000,raw/document/20220316000748.zip,44048b31e89f5ba190d2b8c27f1ae37b0cf1f0db7586af6f4255b546170bfa82
신한지주,지주,2021,20220316000748,사업보고서 (2021.12),20220316,겸직표,대상회사,IX. 계열회사 등에 관한 사항,단독,1,박진석,신한리츠운용,비상근이사,2022.01.01,비상근,,,,N,성명 | 대상회사 | 직위명 | 선임일 | 비고,박진석 | 신한리츠운용 | 비상근이사 | 2022.01.01 | 비상근,2026-09-22T11:52:56+09:00,000,raw/document/20220316000748.zip,44048b31e89f5ba190d2b8c27f1ae37b0cf1f0db7586af6f4255b546170bfa82
신한은행(구),은행,2021,20220316001081,사업보고서 (2021.12),20220316,겸직표,대상회사,IX. 계열회사 등에 관한 사항,단독,2,진옥동,신한금융지주회사,비상임이사,2019.03.27,상근,,,,Y,성명 | 대상회사 | 직위명 | 선임일 | 비고,진옥동 | 신한금융지주회사 | 비상임이사 | 2019.03.27 | 상근,2026-09-22T11:53:52+09:00,000,raw/document/20220316001081.zip,939d66c3014f08d1b9c426714f23bb14b38a9111732c8dc3af74a8ed5082d107
신한은행(구),은행,2021,20220316001081,사업보고서 (2021.12),20220316,겸직표,대상회사,IX. 계열회사 등에 관한 사항,단독,2,장동기,신한금융지주회사,부사장,2019.01.01,상근,,,,Y,성명 | 대상회사 | 직위명 | 선임일 | 비고,장동기 | 신한금융지주회사 | 부사장 | 2019.01.01 | 상근,2026-09-22T11:53:52+09:00,000,raw/document/20220316001081.zip,939d66c3014f08d1b9c426714f23bb14b38a9111732c8dc3af74a8ed5082d107
신한은행(구),은행,2021,20220316001081,사업보고서 (2021.12),20220316,겸직표,대상회사,IX. 계열회사 등에 관한 사항,미매핑,34,,,,,,,,,N,성명 | 대상회사 | 직위명 | 선임일 | 비고,신한금융투자 | 부사장 | 2019.01.01 | 상근,2026-09-22T11:53:52+09:00,000,raw/document/20220316001081.zip,939d66c3014f08d1b9c426714f23bb14b38a9111732c8dc3af74a8ed5082d107
신한은행(구),은행,2021,20220316001081,사업보고서 (2021.12),20220316,겸직표,대상회사,IX. 계열회사 등에 관한 사항,단독,1,이병철,신한금융지주회사,부사장,2019.01.01,상근,,,,Y,성명 | 대상회사 | 직위명 | 선임일 | 비고,이병철 | 신한금융지주회사 | 부사장 | 2019.01.01 | 상근,2026-09-22T11:53:52+09:00,000,raw/document/20220316001081.zip,939d66c3014f08d1b9c426714f23bb14b38a9111732c8dc3af74a8ed5082d107
신한은행(구),은행,2021,20220316001081,사업보고서 (2021.12),20220316,겸직표,대상회사,IX. 계열회사 등에 관한 사항,단독,1,노용훈,신한금융지주회사,부사장,2020.01.01,비상근,,,,Y,성명 | 대상회사 | 직위명 | 선임일 | 비고,노용훈 | 신한금융지주회사 | 부사장 | 2020.01.01 | 비상근,2026-09-22T11:53:52+09:00,000,raw/document/20220316001081.zip,939d66c3014f08d1b9c426714f23bb14b38a9111732c8dc3af74a8ed5082d107
신한은행(구),은행,2021,20220316001081,사업보고서 (2021.12),20220316,겸직표,대상회사,IX. 계열회사 등에 관한 사항,단독,2,안효열,신한금융지주회사,부사장,2020.01.01,상근,,,,Y,성명 | 대상회사 | 직위명 | 선임일 | 비고,안효열 | 신한금융지주회사 | 부사장 | 2020.01.01 | 상근,2026-09-22T11:53:52+09:00,000,raw/document/20220316001081.zip,939d66c3014f08d1b9c426714f23bb14b38a9111732c8dc3af74a8ed5082d107
신한은행(구),은행,2021,20220316001081,사업보고서 (2021.12),20220316,겸직표,대상회사,IX. 계열회사 등에 관한 사항,단독,2,안준식,신한금융지주회사,부사장,2021.01.01,상근,,,,Y,성명 | 대상회사 | 직위명 | 선임일 | 비고,안준식 | 신한금융지주회사 | 부사장 | 2021.01.01 | 상근,2026-09-22T11:53:52+09:00,000,raw/document/20220316001081.zip,939d66c3014f08d1b9c426714f23bb14b38a9111732c8dc3af74a8ed5082d107
신한은행(구),은행,2021,20220316001081,사업보고서 (2021.12),20220316,겸직표,대상회사,IX. 계열회사 등에 관한 사항,단독,2,정근수,신한금융지주회사,부사장,2021.01.01,상근,,,,Y,성명 | 대상회사 | 직위명 | 선임일 | 비고,정근수 | 신한금융지주회사 | 부사장 | 2021.01.01 | 상근,2026-09-22T11:53:52+09:00,000,raw/document/20220316001081.zip,939d66c3014f08d1b9c426714f23bb14b38a9111732c8dc3af74a8ed5082d107
신한은행(구),은행,2021,20220316001081,사업보고서 (2021.12),20220316,겸직표,대상회사,IX. 계열회사 등에 관한 사항,단독,1,강신태,신한금융지주회사,부사장,2021.01.01,상근,,,,Y,성명 | 대상회사 | 직위명 | 선임일 | 비고,강신태 | 신한금융지주회사 | 부사장 | 2021.01.01 | 상근,2026-09-22T11:53:52+09:00,000,raw/document/20220316001081.zip,939d66c3014f08d1b9c426714f23bb14b38a9111732c8dc3af74a8ed5082d107
신한은행(구),은행,2021,20220316001081,사업보고서 (2021.12),20220316,겸직표,대상회사,IX. 계열회사 등에 관한 사항,단독,1,김혜주,신한금융지주회사,상무,2020.12.01,상근,,,,Y,성명 | 대상회사 | 직위명 | 선임일 | 비고,김혜주 | 신한금융지주회사 | 상무 | 2020.12.01 | 상근,2026-09-22T11:53:52+09:00,000,raw/document/20220316001081.zip,939d66c3014f08d1b9c426714f23bb14b38a9111732c8dc3af74a8ed5082d107
신한은행(구),은행,2021,20220316001081,사업보고서 (2021.12),20220316,겸직표,대상회사,IX. 계열회사 등에 관한 사항,단독,1,이영종,신한금융지주회사,부사장,2022.01.01,상근,,,,Y,성명 | 대상회사 | 직위명 | 선임일 | 비고,이영종 | 신한금융지주회사 | 부사장 | 2022.01.01 | 상근,2026-09-22T11:53:52+09:00,000,raw/document/20220316001081.zip,939d66c3014f08d1b9c426714f23bb14b38a9111732c8dc3af74a8ed5082d107
신한은행(구),은행,2021,20220316001081,사업보고서 (2021.12),20220316,겸직표,대상회사,IX. 계열회사 등에 관한 사항,단독,1,서승현,신한금융지주회사,부사장,2022.01.01,상근,,,,Y,성명 | 대상회사 | 직위명 | 선임일 | 비고,서승현 | 신한금융지주회사 | 부사장 | 2022.01.01 | 상근,2026-09-22T11:53:52+09:00,000,raw/document/20220316001081.zip,939d66c3014f08d1b9c426714f23bb14b38a9111732c8dc3af74a8ed5082d107
신한은행(구),은행,2021,20220316001081,사업보고서 (2021.12),20220316,겸직표,대상회사,IX. 계열회사 등에 관한 사항,단독,1,김명희,신한금융지주,비상임이사,2022.01.01,비상근,,,,Y,성명 | 대상회사 | 직위명 | 선임일 | 비고,김명희 | 신한금융지주 | 비상임이사 | 2022.01.01 | 비상근,2026-09-22T11:53:52+09:00,000,raw/document/20220316001081.zip,939d66c3014f08d1b9c426714f23bb14b38a9111732c8dc3af74a8ed5082d107
신한지주,지주,2022,20230315001015,사업보고서 (2022.12),20230315,겸직표,대상회사,IX. 계열회사 등에 관한 사항,단독,1,진옥동,신한은행,은행장,2019.03.27,상근,,,,Y,성명 | 대상회사 | 직위명 | 선임일 | 비고,진옥동 | 신한은행 | 은행장 | 2019.03.27 | 상근,2026-09-22T11:55:13+09:00,000,raw/document/20230315001015.zip,d7aa6f003ac73c513de23caa824c7db09681b75bf4d07d037a3375706512c918
신한지주,지주,2022,20230315001015,사업보고서 (2022.12),20230315,겸직표,대상회사,IX. 계열회사 등에 관한 사항,단독,1,장동기,신한은행,부행장,2019.01.01,상근,,,,Y,성명 | 대상회사 | 직위명 | 선임일 | 비고,장동기 | 신한은행 | 부행장 | 2019.01.01 | 상근,2026-09-22T11:55:13+09:00,000,raw/document/20230315001015.zip,d7aa6f003ac73c513de23caa824c7db09681b75bf4d07d037a3375706512c918
신한지주,지주,2022,20230315001015,사업보고서 (2022.12),20230315,겸직표,대상회사,IX. 계열회사 등에 관한 사항,미매핑,35,,,,,,,,,N,성명 | 대상회사 | 직위명 | 선임일 | 비고,신한투자증권 | 부사장 | 2019.01.01 | 상근,2026-09-22T11:55:13+09:00,000,raw/document/20230315001015.zip,d7aa6f003ac73c513de23caa824c7db09681b75bf4d07d037a3375706512c918
신한지주,지주,2022,20230315001015,사업보고서 (2022.12),20230315,겸직표,대상회사,IX. 계열회사 등에 관한 사항,단독,1,안효열,신한은행,부행장,2020.01.01,상근,,,,Y,성명 | 대상회사 | 직위명 | 선임일 | 비고,안효열 | 신한은행 | 부행장 | 2020.01.01 | 상근,2026-09-22T11:55:13+09:00,000,raw/document/20230315001015.zip,d7aa6f003ac73c513de23caa824c7db09681b75bf4d07d037a3375706512c918
신한지주,지주,2022,20230315001015,사업보고서 (2022.12),20230315,겸직표,대상회사,IX. 계열회사 등에 관한 사항,단독,1,이영종,신한은행,부행장,2022.01.01,상근,,,,Y,성명 | 대상회사 | 직위명 | 선임일 | 비고,이영종 | 신한은행 | 부행장 | 2022.01.01 | 상근,2026-09-22T11:55:13+09:00,000,raw/document/20230315001015.zip,d7aa6f003ac73c513de23caa824c7db09681b75bf4d07d037a3375706512c918
신한지주,지주,2022,20230315001015,사업보고서 (2022.12),20230315,겸직표,대상회사,IX. 계열회사 등에 관한 사항,단독,1,이인균,신한DS,비상임이사,2019.01.01,비상근,,,,N,성명 | 대상회사 | 직위명 | 선임일 | 비고,이인균 | 신한DS | 비상임이사 | 2019.01.01 | 비상근,2026-09-22T11:55:13+09:00,000,raw/document/20230315001015.zip,d7aa6f003ac73c513de23caa824c7db09681b75bf4d07d037a3375706512c918
신한지주,지주,2022,20230315001015,사업보고서 (2022.12),20230315,겸직표,대상회사,IX. 계열회사 등에 관한 사항,단독,2,안준식,신한은행,부행장,2021.01.01,상근,,,,Y,성명 | 대상회사 | 직위명 | 선임일 | 비고,안준식 | 신한은행 | 부행장 | 2021.01.01 | 상근,2026-09-22T11:55:13+09:00,000,raw/document/20230315001015.zip,d7aa6f003ac73c513de23caa824c7db09681b75bf4d07d037a3375706512c918
신한지주,지주,2022,20230315001015,사업보고서 (2022.12),20230315,겸직표,대상회사,IX. 계열회사 등에 관한 사항,단독,1,정근수,신한은행,부행장,2021.01.01,상근,,,,Y,성명 | 대상회사 | 직위명 | 선임일 | 비고,정근수 | 신한은행 | 부행장 | 2021.01.01 | 상근,2026-09-22T11:55:13+09:00,000,raw/document/20230315001015.zip,d7aa6f003ac73c513de23caa824c7db09681b75bf4d07d037a3375706512c918
신한지주,지주,2022,20230315001015,사업보고서 (2022.12),20230315,겸직표,대상회사,IX. 계열회사 등에 관한 사항,단독,2,김성주,신한리츠운용,비상근감사,2018.03.22,비상근,,,,N,성명 | 대상회사 | 직위명 | 선임일 | 비고,김성주 | 신한리츠운용 | 비상근감사 | 2018.03.22 | 비상근,2026-09-22T11:55:13+09:00,000,raw/document/20230315001015.zip,d7aa6f003ac73c513de23caa824c7db09681b75bf4d07d037a3375706512c918
신한지주,지주,2022,20230315001015,사업보고서 (2022.12),20230315,겸직표,대상회사,IX. 계열회사 등에 관한 사항,단독,1,서승현,신한은행,부행장,2022.01.01,상근,,,,Y,성명 | 대상회사 | 직위명 | 선임일 | 비고,서승현 | 신한은행 | 부행장 | 2022.01.01 | 상근,2026-09-22T11:55:13+09:00,000,raw/document/20230315001015.zip,d7aa6f003ac73c513de23caa824c7db09681b75bf4d07d037a3375706512c918
신한지주,지주,2022,20230315001015,사업보고서 (2022.12),20230315,겸직표,대상회사,IX. 계열회사 등에 관한 사항,단독,1,이태경,신한자산운용,비상임이사,2022.03.23,비상근,,,,Y,성명 | 대상회사 | 직위명 | 선임일 | 비고,이태경 | 신한자산운용 | 비상임이사 | 2022.03.23 | 비상근,2026-09-22T11:55:13+09:00,000,raw/document/20230315001015.zip,d7aa6f003ac73c513de23caa824c7db09681b75bf4d07d037a3375706512c918
신한지주,지주,2022,20230315001015,사업보고서 (2022.12),20230315,겸직표,대상회사,IX. 계열회사 등에 관한 사항,단독,1,김명희,신한은행,비상임이사,2022.01.01,비상근,,,,Y,성명 | 대상회사 | 직위명 | 선임일 | 비고,김명희 | 신한은행 | 비상임이사 | 2022.01.01 | 비상근,2026-09-22T11:55:13+09:00,000,raw/document/20230315001015.zip,d7aa6f003ac73c513de23caa824c7db09681b75bf4d07d037a3375706512c918
신한지주,지주,2022,20230315001015,사업보고서 (2022.12),20230315,겸직표,대상회사,IX. 계열회사 등에 관한 사항,단독,2,고석헌,신한라이프생명,비상임이사,2020.01.01,비상근,,,,Y,성명 | 대상회사 | 직위명 | 선임일 | 비고,고석헌 | 신한라이프생명 | 비상임이사 | 2020.01.01 | 비상근,2026-09-22T11:55:13+09:00,000,raw/document/20230315001015.zip,d7aa6f003ac73c513de23caa824c7db09681b75bf4d07d037a3375706512c918
신한지주,지주,2022,20230315001015,사업보고서 (2022.12),20230315,겸직표,대상회사,IX. 계열회사 등에 관한 사항,단독,2,김태연,신한캐피탈,비상임이사,2022.01.01,비상근,,,,Y,성명 | 대상회사 | 직위명 | 선임일 | 비고,김태연 | 신한캐피탈 | 비상임이사 | 2022.01.01 | 비상근,2026-09-22T11:55:13+09:00,000,raw/document/20230315001015.zip,d7aa6f003ac73c513de23caa824c7db09681b75bf4d07d037a3375706512c918
신한지주,지주,2022,20230315001015,사업보고서 (2022.12),20230315,겸직표,대상회사,IX. 계열회사 등에 관한 사항,단독,2,천상영,신한저축은행,비상임이사,2022.01.01,비상근,,,,Y,성명 | 대상회사 | 직위명 | 선임일 | 비고,천상영 | 신한저축은행 | 비상임이사 | 2022.01.01 | 비상근,2026-09-22T11:55:13+09:00,000,raw/document/20230315001015.zip,d7aa6f003ac73c513de23caa824c7db09681b75bf4d07d037a3375706512c918
신한지주,지주,2022,20230315001015,사업보고서 (2022.12),20230315,겸직표,대상회사,IX. 계열회사 등에 관한 사항,단독,1,박진석,신한리츠운용,비상근이사,2022.01.01,비상근,,,,N,성명 | 대상회사 | 직위명 | 선임일 | 비고,박진석 | 신한리츠운용 | 비상근이사 | 2022.01.01 | 비상근,2026-09-22T11:55:13+09:00,000,raw/document/20230315001015.zip,d7aa6f003ac73c513de23caa824c7db09681b75bf4d07d037a3375706512c918
신한지주,지주,2022,20230315001015,사업보고서 (2022.12),20230315,겸직표,대상회사,IX. 계열회사 등에 관한 사항,단독,2,황인주,신한벤처투자,비상근감사,2021.09.13,비상근,,,,Y,성명 | 대상회사 | 직위명 | 선임일 | 비고,황인주 | 신한벤처투자 | 비상근감사 | 2021.09.13 | 비상근,2026-09-22T11:55:13+09:00,000,raw/document/20230315001015.zip,d7aa6f003ac73c513de23caa824c7db09681b75bf4d07d037a3375706512c918
신한지주,지주,2022,20230315001015,사업보고서 (2022.12),20230315,겸직표,대상회사,IX. 계열회사 등에 관한 사항,단독,1,장동기,신한자산운용,비상임이사,2023.01.01,비상근,,,,Y,성명 | 대상회사 | 직위명 | 선임일 | 비고,장동기 | 신한자산운용 | 비상임이사 | 2023.01.01 | 비상근,2026-09-22T11:55:13+09:00,000,raw/document/20230315001015.zip,d7aa6f003ac73c513de23caa824c7db09681b75bf4d07d037a3375706512c918
신한지주,지주,2022,20230315001015,사업보고서 (2022.12),20230315,겸직표,대상회사,IX. 계열회사 등에 관한 사항,단독,1,이인균,신한은행,비상임이사,2023.01.01,비상근,,,,Y,성명 | 대상회사 | 직위명 | 선임일 | 비고,이인균 | 신한은행 | 비상임이사 | 2023.01.01 | 비상근,2026-09-22T11:55:13+09:00,000,raw/document/20230315001015.zip,d7aa6f003ac73c513de23caa824c7db09681b75bf4d07d037a3375706512c918
신한지주,지주,2022,20230315001015,사업보고서 (2022.12),20230315,겸직표,대상회사,IX. 계열회사 등에 관한 사항,단독,1,이태경,신한투자증권,비상임이사,2023.01.01,비상근,,,,Y,성명 | 대상회사 | 직위명 | 선임일 | 비고,이태경 | 신한투자증권 | 비상임이사 | 2023.01.01 | 비상근,2026-09-22T11:55:13+09:00,000,raw/document/20230315001015.zip,d7aa6f003ac73c513de23caa824c7db09681b75bf4d07d037a3375706512c918
신한지주,지주,2022,20230315001015,사업보고서 (2022.12),20230315,겸직표,대상회사,IX. 계열회사 등에 관한 사항,단독,1,김명희,신한DS,비상임이사,2022.01.01,비상근,,,,N,성명 | 대상회사 | 직위명 | 선임일 | 비고,김명희 | 신한DS | 비상임이사 | 2022.01.01 | 비상근,2026-09-22T11:55:13+09:00,000,raw/document/20230315001015.zip,d7aa6f003ac73c513de23caa824c7db09681b75bf4d07d037a3375706512c918
신한지주,지주,2022,20230315001015,사업보고서 (2022.12),20230315,겸직표,대상회사,IX. 계열회사 등에 관한 사항,단독,1,조정훈,신한리츠운용,비상임이사,2023.01.01,비상근,,,,N,성명 | 대상회사 | 직위명 | 선임일 | 비고,조정훈 | 신한리츠운용 | 비상임이사 | 2023.01.01 | 비상근,2026-09-22T11:55:13+09:00,000,raw/document/20230315001015.zip,d7aa6f003ac73c513de23caa824c7db09681b75bf4d07d037a3375706512c918
신한은행(구),은행,2022,20230315001124,사업보고서 (2022.12),20230315,겸직표,대상회사,IX. 계열회사 등에 관한 사항,단독,1,진옥동,신한금융지주회사,비상임이사,2019.03.27,상근,,,,Y,성명 | 대상회사 | 직위명 | 선임일 | 비고,진옥동 | 신한금융지주회사 | 비상임이사 | 2019.03.27 | 상근,2026-09-22T11:56:12+09:00,000,raw/document/20230315001124.zip,13d7e290f2efc4381345cc33ffc45a1cddfe63d29aa68aa6e8b61e6963bb428b
신한은행(구),은행,2022,20230315001124,사업보고서 (2022.12),20230315,겸직표,대상회사,IX. 계열회사 등에 관한 사항,단독,1,장동기,신한금융지주회사,부사장,2019.01.01,상근,,,,Y,성명 | 대상회사 | 직위명 | 선임일 | 비고,장동기 | 신한금융지주회사 | 부사장 | 2019.01.01 | 상근,2026-09-22T11:56:12+09:00,000,raw/document/20230315001124.zip,13d7e290f2efc4381345cc33ffc45a1cddfe63d29aa68aa6e8b61e6963bb428b
신한은행(구),은행,2022,20230315001124,사업보고서 (2022.12),20230315,겸직표,대상회사,IX. 계열회사 등에 관한 사항,미매핑,16,,,,,,,,,N,성명 | 대상회사 | 직위명 | 선임일 | 비고,신한투자증권 | 부사장 | 2019.01.01 | 상근,2026-09-22T11:56:12+09:00,000,raw/document/20230315001124.zip,13d7e290f2efc4381345cc33ffc45a1cddfe63d29aa68aa6e8b61e6963bb428b
신한은행(구),은행,2022,20230315001124,사업보고서 (2022.12),20230315,겸직표,대상회사,IX. 계열회사 등에 관한 사항,단독,1,안효열,신한금융지주회사,부사장,2020.01.01,상근,,,,Y,성명 | 대상회사 | 직위명 | 선임일 | 비고,안효열 | 신한금융지주회사 | 부사장 | 2020.01.01 | 상근,2026-09-22T11:56:12+09:00,000,raw/document/20230315001124.zip,13d7e290f2efc4381345cc33ffc45a1cddfe63d29aa68aa6e8b61e6963bb428b
신한은행(구),은행,2022,20230315001124,사업보고서 (2022.12),20230315,겸직표,대상회사,IX. 계열회사 등에 관한 사항,단독,1,이영종,신한금융지주회사,부사장,2019.01.01,상근,,,,Y,성명 | 대상회사 | 직위명 | 선임일 | 비고,이영종 | 신한금융지주회사 | 부사장 | 2019.01.01 | 상근,2026-09-22T11:56:12+09:00,000,raw/document/20230315001124.zip,13d7e290f2efc4381345cc33ffc45a1cddfe63d29aa68aa6e8b61e6963bb428b
신한은행(구),은행,2022,20230315001124,사업보고서 (2022.12),20230315,겸직표,대상회사,IX. 계열회사 등에 관한 사항,단독,1,안준식,신한금융지주회사,부사장,2021.01.01,상근,,,,Y,성명 | 대상회사 | 직위명 | 선임일 | 비고,안준식 | 신한금융지주회사 | 부사장 | 2021.01.01 | 상근,2026-09-22T11:56:12+09:00,000,raw/document/20230315001124.zip,13d7e290f2efc4381345cc33ffc45a1cddfe63d29aa68aa6e8b61e6963bb428b
신한은행(구),은행,2022,20230315001124,사업보고서 (2022.12),20230315,겸직표,대상회사,IX. 계열회사 등에 관한 사항,단독,1,정근수,신한금융지주회사,부사장,2021.01.01,상근,,,,Y,성명 | 대상회사 | 직위명 | 선임일 | 비고,정근수 | 신한금융지주회사 | 부사장 | 2021.01.01 | 상근,2026-09-22T11:56:12+09:00,000,raw/document/20230315001124.zip,13d7e290f2efc4381345cc33ffc45a1cddfe63d29aa68aa6e8b61e6963bb428b
신한은행(구),은행,2022,20230315001124,사업보고서 (2022.12),20230315,겸직표,대상회사,IX. 계열회사 등에 관한 사항,단독,1,서승현,신한금융지주회사,부사장,2022.01.01,상근,,,,Y,성명 | 대상회사 | 직위명 | 선임일 | 비고,서승현 | 신한금융지주회사 | 부사장 | 2022.01.01 | 상근,2026-09-22T11:56:12+09:00,000,raw/document/20230315001124.zip,13d7e290f2efc4381345cc33ffc45a1cddfe63d29aa68aa6e8b61e6963bb428b
신한은행(구),은행,2022,20230315001124,사업보고서 (2022.12),20230315,겸직표,대상회사,IX. 계열회사 등에 관한 사항,단독,1,김명희,신한금융지주회사,부사장,2022.01.01,상근,,,,Y,성명 | 대상회사 | 직위명 | 선임일 | 비고,김명희 | 신한금융지주회사 | 부사장 | 2022.01.01 | 상근,2026-09-22T11:56:12+09:00,000,raw/document/20230315001124.zip,13d7e290f2efc4381345cc33ffc45a1cddfe63d29aa68aa6e8b61e6963bb428b
KB손해보험,보험자회사,2023,20240312000746,사업보고서 (2023.12),20240312,겸직표,대상 계열사,1. 임원 및 직원 등의 현황 | IX. 계열회사 등에 관한 사항,병합,2,서영호,KB금융지주,재무총괄 부사장,2022-02-04,상근,,,,Y,성 명 | 대상 계열사 | 직책 | 선임시기 | 비 고,서영호 | KB금융지주 | 재무총괄 부사장 | 2022-02-04 | 상근,2026-09-16T11:06:33+09:00,000,raw/document/20240312000746.zip,501d651aa63935c92002c9f7674fd05ba2d1144f6168babafe52f524588150a8
KB손해보험,보험자회사,2023,20240312000746,사업보고서 (2023.12),20240312,겸직표,대상 계열사,1. 임원 및 직원 등의 현황 | IX. 계열회사 등에 관한 사항,병합,3,서영호,KB국민카드,기타비상무이사,2022-03-30,비상근,,,,Y,성 명 | 대상 계열사 | 직책 | 선임시기 | 비 고,서영호 | KB국민카드 | 기타비상무이사 | 2022-03-30 | 비상근,2026-09-16T11:06:33+09:00,000,raw/document/20240312000746.zip,501d651aa63935c92002c9f7674fd05ba2d1144f6168babafe52f524588150a8
KB손해보험,보험자회사,2023,20240312000746,사업보고서 (2023.12),20240312,겸직표,대상 계열사,1. 임원 및 직원 등의 현황 | IX. 계열회사 등에 관한 사항,병합,2,최재영,KB금융지주,WM/연금 총괄,2022-01-01,상근,,,,Y,성 명 | 대상 계열사 | 직책 | 선임시기 | 비 고,최재영 | KB금융지주 | WM/연금 총괄 | 2022-01-01 | 상근,2026-09-16T11:06:33+09:00,000,raw/document/20240312000746.zip,501d651aa63935c92002c9f7674fd05ba2d1144f6168babafe52f524588150a8
KB손해보험,보험자회사,2023,20240312000746,사업보고서 (2023.12),20240312,겸직표,대상 계열사,1. 임원 및 직원 등의 현황 | IX. 계열회사 등에 관한 사항,병합,2,최재영,KB국민은행,WM고객그룹 부행장,2022-01-01,상근,,,,Y,성 명 | 대상 계열사 | 직책 | 선임시기 | 비 고,최재영 | KB국민은행 | WM고객그룹 부행장 | 2022-01-01 | 상근,2026-09-16T11:06:33+09:00,000,raw/document/20240312000746.zip,501d651aa63935c92002c9f7674fd05ba2d1144f6168babafe52f524588150a8
KB손해보험,보험자회사,2023,20240312000746,사업보고서 (2023.12),20240312,겸직표,대상 계열사,1. 임원 및 직원 등의 현황 | IX. 계열회사 등에 관한 사항,병합,2,최재영,KB증권,WM부문장 부사장,2022-01-01,상근,,,,Y,성 명 | 대상 계열사 | 직책 | 선임시기 | 비 고,최재영 | KB증권 | WM부문장 부사장 | 2022-01-01 | 상근,2026-09-16T11:06:33+09:00,000,raw/document/20240312000746.zip,501d651aa63935c92002c9f7674fd05ba2d1144f6168babafe52f524588150a8
KB손해보험,보험자회사,2023,20240312000746,사업보고서 (2023.12),20240312,겸직표,대상 계열사,1. 임원 및 직원 등의 현황 | IX. 계열회사 등에 관한 사항,병합,2,전점식,케이비손해사정,기타비상무이사,2020-01-01,비상근,,,,Y,성 명 | 대상 계열사 | 직책 | 선임시기 | 비 고,전점식 | 케이비손해사정 | 기타비상무이사 | 2020-01-01 | 비상근,2026-09-16T11:06:33+09:00,000,raw/document/20240312000746.zip,501d651aa63935c92002c9f7674fd05ba2d1144f6168babafe52f524588150a8
KB손해보험,보험자회사,2023,20240312000746,사업보고서 (2023.12),20240312,겸직표,대상 계열사,1. 임원 및 직원 등의 현황 | IX. 계열회사 등에 관한 사항,병합,3,김 혁,케이비손해사정,기타비상무이사,2022-01-01,비상근,,,,Y,성 명 | 대상 계열사 | 직책 | 선임시기 | 비 고,김 혁 | 케이비손해사정 | 기타비상무이사 | 2022-01-01 | 비상근,2026-09-16T11:06:33+09:00,000,raw/document/20240312000746.zip,501d651aa63935c92002c9f7674fd05ba2d1144f6168babafe52f524588150a8
KB손해보험,보험자회사,2023,20240312000746,사업보고서 (2023.12),20240312,겸직표,대상 계열사,1. 임원 및 직원 등의 현황 | IX. 계열회사 등에 관한 사항,병합,3,정성욱,"Leading Insurance Services, Inc.",이사,2023-01-01,비상근,,,,N,성 명 | 대상 계열사 | 직책 | 선임시기 | 비 고,"정성욱 | Leading Insurance Services, Inc. | 이사 | 2023-01-01 | 비상근",2026-09-16T11:06:33+09:00,000,raw/document/20240312000746.zip,501d651aa63935c92002c9f7674fd05ba2d1144f6168babafe52f524588150a8
KB손해보험,보험자회사,2023,20240312000746,사업보고서 (2023.12),20240312,겸직표,대상 계열사,1. 임원 및 직원 등의 현황 | IX. 계열회사 등에 관한 사항,병합,3,정성욱,PT. KB Insurance Indonesia,이사,2023-10-25,비상근,,,,N,성 명 | 대상 계열사 | 직책 | 선임시기 | 비 고,정성욱 | PT. KB Insurance Indonesia | 이사 | 2023-10-25 | 비상근,2026-09-16T11:06:33+09:00,000,raw/document/20240312000746.zip,501d651aa63935c92002c9f7674fd05ba2d1144f6168babafe52f524588150a8
KB손해보험,보험자회사,2023,20240312000746,사업보고서 (2023.12),20240312,겸직표,대상 계열사,1. 임원 및 직원 등의 현황 | IX. 계열회사 등에 관한 사항,병합,2,조경희,케이비골든라이프케어,기타비상무이사,2021-01-01,비상근,,,,N,성 명 | 대상 계열사 | 직책 | 선임시기 | 비 고,조경희 | 케이비골든라이프케어 | 기타비상무이사 | 2021-01-01 | 비상근,2026-09-16T11:06:33+09:00,000,raw/document/20240312000746.zip,501d651aa63935c92002c9f7674fd05ba2d1144f6168babafe52f524588150a8
KB손해보험,보험자회사,2023,20240312000746,사업보고서 (2023.12),20240312,겸직표,대상 계열사,1. 임원 및 직원 등의 현황 | IX. 계열회사 등에 관한 사항,병합,3,고창영,케이비헬스케어,기타비상무이사,2023-01-01,비상근,,,,N,성 명 | 대상 계열사 | 직책 | 선임시기 | 비 고,고창영 | 케이비헬스케어 | 기타비상무이사 | 2023-01-01 | 비상근,2026-09-16T11:06:33+09:00,000,raw/document/20240312000746.zip,501d651aa63935c92002c9f7674fd05ba2d1144f6168babafe52f524588150a8
KB손해보험,보험자회사,2023,20240312000746,사업보고서 (2023.12),20240312,겸직표,대상 계열사,1. 임원 및 직원 등의 현황,단독,1,서영호,KB금융지주,글로벌사업부문장 부사장,2022-02-04,상근,,,,Y,성 명 | 대상 계열사 | 직책 | 선임시기 | 비 고,서영호 | KB금융지주 | 글로벌사업부문장 부사장 | 2022-02-04 | 상근,2026-09-16T11:06:33+09:00,000,raw/document/20240312000746.zip,501d651aa63935c92002c9f7674fd05ba2d1144f6168babafe52f524588150a8
KB손해보험,보험자회사,2023,20240312000746,사업보고서 (2023.12),20240312,겸직표,대상 계열사,1. 임원 및 직원 등의 현황,단독,1,박찬일,케이비손해사정,기타비상무이사,2024-01-01,비상근,,,,Y,성 명 | 대상 계열사 | 직책 | 선임시기 | 비 고,박찬일 | 케이비손해사정 | 기타비상무이사 | 2024-01-01 | 비상근,2026-09-16T11:06:33+09:00,000,raw/document/20240312000746.zip,501d651aa63935c92002c9f7674fd05ba2d1144f6168babafe52f524588150a8
메리츠금융지주,지주,2023,20240312001044,사업보고서 (2023.12),20240312,겸직표,계열회사 겸직내역,IX. 계열회사 등에 관한 사항,단독,1,김명애(등기임원),메리츠화재,사외이사,,비상근(등기임원),,,,Y,겸직대상자 | 계열회사 겸직내역·회사명 | 계열회사 겸직내역·직 책 | 계열회사 겸직내역·상근여부 | 비 고,김명애(등기임원) | 메리츠화재 | 사외이사 | 비상근(등기임원) | -,2026-09-16T11:07:21+09:00,000,raw/document/20240312001044.zip,baa4665617c4cbb873d76b3926a88dbe1afed89fb2e58df9466fcc87494c1ab0
메리츠금융지주,지주,2023,20240312001044,사업보고서 (2023.12),20240312,겸직표,계열회사 겸직내역,IX. 계열회사 등에 관한 사항,단독,1,김경환(미등기임원),메리츠화재,전략영업총괄,,상근(미등기임원),,,,Y,겸직대상자 | 계열회사 겸직내역·회사명 | 계열회사 겸직내역·직 책 | 계열회사 겸직내역·상근여부 | 비 고,김경환(미등기임원) | 메리츠화재 | 전략영업총괄 | 상근(미등기임원) | -,2026-09-16T11:07:21+09:00,000,raw/document/20240312001044.zip,baa4665617c4cbb873d76b3926a88dbe1afed89fb2e58df9466fcc87494c1ab0
메리츠금융지주,지주,2023,20240312001044,사업보고서 (2023.12),20240312,겸직표,계열회사 겸직내역,IX. 계열회사 등에 관한 사항,단독,1,김종민(미등기임원),메리츠화재,자산운용실장,,상근(미등기임원),,,,Y,겸직대상자 | 계열회사 겸직내역·회사명 | 계열회사 겸직내역·직 책 | 계열회사 겸직내역·상근여부 | 비 고,김종민(미등기임원) | 메리츠화재 | 자산운용실장 | 상근(미등기임원) | -,2026-09-16T11:07:21+09:00,000,raw/document/20240312001044.zip,baa4665617c4cbb873d76b3926a88dbe1afed89fb2e58df9466fcc87494c1ab0
메리츠금융지주,지주,2023,20240312001044,사업보고서 (2023.12),20240312,겸직표,계열회사 겸직내역,IX. 계열회사 등에 관한 사항,단독,1,여은석(미등기임원),메리츠증권,프로젝트금융사업본부장,,상근(미등기임원),,,,Y,겸직대상자 | 계열회사 겸직내역·회사명 | 계열회사 겸직내역·직 책 | 계열회사 겸직내역·상근여부 | 비 고,여은석(미등기임원) | 메리츠증권 | 프로젝트금융사업본부장 | 상근(미등기임원) | -,2026-09-16T11:07:21+09:00,000,raw/document/20240312001044.zip,baa4665617c4cbb873d76b3926a88dbe1afed89fb2e58df9466fcc87494c1ab0
메리츠금융지주,지주,2023,20240312001044,사업보고서 (2023.12),20240312,겸직표,계열회사 겸직내역,IX. 계열회사 등에 관한 사항,단독,1,한정원(미등기임원),메리츠화재,홍보본부장,,상근(미등기임원),,,,Y,겸직대상자 | 계열회사 겸직내역·회사명 | 계열회사 겸직내역·직 책 | 계열회사 겸직내역·상근여부 | 비 고,한정원(미등기임원) | 메리츠화재 | 홍보본부장 | 상근(미등기임원) | -,2026-09-16T11:07:21+09:00,000,raw/document/20240312001044.zip,baa4665617c4cbb873d76b3926a88dbe1afed89fb2e58df9466fcc87494c1ab0
메리츠금융지주,지주,2023,20240312001044,사업보고서 (2023.12),20240312,겸직표,계열회사 겸직내역,IX. 계열회사 등에 관한 사항,미매핑,2,,,,,,,,,N,겸직대상자 | 계열회사 겸직내역·회사명 | 계열회사 겸직내역·직 책 | 계열회사 겸직내역·상근여부 | 비 고,메리츠증권 | 홍보본부장 | 상근(미등기임원) | -,2026-09-16T11:07:21+09:00,000,raw/document/20240312001044.zip,baa4665617c4cbb873d76b3926a88dbe1afed89fb2e58df9466fcc87494c1ab0
메리츠금융지주,지주,2023,20240312001044,사업보고서 (2023.12),20240312,겸직표,계열회사 겸직내역,IX. 계열회사 등에 관한 사항,단독,1,오종원(미등기임원),메리츠화재,위험관리책임자/리스크관리팀장,,상근(미등기임원),,,,Y,겸직대상자 | 계열회사 겸직내역·회사명 | 계열회사 겸직내역·직 책 | 계열회사 겸직내역·상근여부 | 비 고,오종원(미등기임원) | 메리츠화재 | 위험관리책임자/리스크관리팀장 | 상근(미등기임원) | -,2026-09-16T11:07:21+09:00,000,raw/document/20240312001044.zip,baa4665617c4cbb873d76b3926a88dbe1afed89fb2e58df9466fcc87494c1ab0
메리츠금융지주,지주,2023,20240312001044,사업보고서 (2023.12),20240312,겸직표,계열회사 겸직내역,IX. 계열회사 등에 관한 사항,단독,1,김정일(미등기임원),메리츠화재,개인영업총괄,,상근(미등기임원),,,,Y,겸직대상자 | 계열회사 겸직내역·회사명 | 계열회사 겸직내역·직 책 | 계열회사 겸직내역·상근여부 | 비 고,김정일(미등기임원) | 메리츠화재 | 개인영업총괄 | 상근(미등기임원) | -,2026-09-16T11:07:21+09:00,000,raw/document/20240312001044.zip,baa4665617c4cbb873d76b3926a88dbe1afed89fb2e58df9466fcc87494c1ab0
메리츠금융지주,지주,2023,20240312001044,사업보고서 (2023.12),20240312,겸직표,계열회사 겸직내역,IX. 계열회사 등에 관한 사항,단독,1,김근영(미등기임원),메리츠증권,정보보호본부장,,상근(미등기임원),,,,Y,겸직대상자 | 계열회사 겸직내역·회사명 | 계열회사 겸직내역·직 책 | 계열회사 겸직내역·상근여부 | 비 고,김근영(미등기임원) | 메리츠증권 | 정보보호본부장 | 상근(미등기임원) | -,2026-09-16T11:07:21+09:00,000,raw/document/20240312001044.zip,baa4665617c4cbb873d76b3926a88dbe1afed89fb2e58df9466fcc87494c1ab0
메리츠금융지주,지주,2023,20240312001044,사업보고서 (2023.12),20240312,겸직표,계열회사 겸직내역,IX. 계열회사 등에 관한 사항,단독,1,은상영(미등기임원),메리츠화재,TM사업부문장,,상근(미등기임원),,,,Y,겸직대상자 | 계열회사 겸직내역·회사명 | 계열회사 겸직내역·직 책 | 계열회사 겸직내역·상근여부 | 비 고,은상영(미등기임원) | 메리츠화재 | TM사업부문장 | 상근(미등기임원) | -,2026-09-16T11:07:21+09:00,000,raw/document/20240312001044.zip,baa4665617c4cbb873d76b3926a88dbe1afed89fb2e58df9466fcc87494c1ab0
메리츠금융지주,지주,2023,20240312001044,사업보고서 (2023.12),20240312,겸직표,계열회사 겸직내역,IX. 계열회사 등에 관한 사항,단독,1,권동찬(미등기임원),메리츠증권,트레이딩본부장,,상근(미등기임원),,,,Y,겸직대상자 | 계열회사 겸직내역·회사명 | 계열회사 겸직내역·직 책 | 계열회사 겸직내역·상근여부 | 비 고,권동찬(미등기임원) | 메리츠증권 | 트레이딩본부장 | 상근(미등기임원) | -,2026-09-16T11:07:21+09:00,000,raw/document/20240312001044.zip,baa4665617c4cbb873d76b3926a88dbe1afed89fb2e58df9466fcc87494c1ab0
KB라이프생명보험,보험자회사,2023,20240314000804,사업보고서 (2023.12),20240314,겸직표,대상회사,1. 임원 및 직원 등의 현황,단독,1,-,-,-,-,,,,,N,성 명 | 대상회사 | 직책 | 선임시기,- | - | - | -,2026-09-16T11:12:00+09:00,000,raw/document/20240314000804.zip,81356fa68bad707334b70c182392899a938e01fe99528ea93fc351a73f40761c
KB라이프생명보험,보험자회사,2023,20240314000804,사업보고서 (2023.12),20240314,겸직표,대상 계열사,1. 임원 및 직원 등의 현황 | IX. 계열회사 등에 관한 사항,병합,2,김세민,KB금융지주,전무,2022.05,상근,,,,Y,성 명 | 대상 계열사 | 직책 | 선임시기 | 비 고,김세민 | KB금융지주 | 전무 | 2022.05 | 상근,2026-09-16T11:12:00+09:00,000,raw/document/20240314000804.zip,81356fa68bad707334b70c182392899a938e01fe99528ea93fc351a73f40761c
KB라이프생명보험,보험자회사,2023,20240314000804,사업보고서 (2023.12),20240314,겸직표,대상 계열사,1. 임원 및 직원 등의 현황 | IX. 계열회사 등에 관한 사항,병합,4,김세민,KB증권,기타비상무이사,2022.06,비상근,,,,Y,성 명 | 대상 계열사 | 직책 | 선임시기 | 비 고,김세민 | KB증권 | 기타비상무이사 | 2022.06 | 비상근,2026-09-16T11:12:00+09:00,000,raw/document/20240314000804.zip,81356fa68bad707334b70c182392899a938e01fe99528ea93fc351a73f40761c
KB라이프생명보험,보험자회사,2023,20240314000804,사업보고서 (2023.12),20240314,겸직표,대상 계열사,1. 임원 및 직원 등의 현황 | IX. 계열회사 등에 관한 사항,병합,4,안진희,KB라이프파트너스,기타비상무이사,2022.05,비상근,,,,N,성 명 | 대상 계열사 | 직책 | 선임시기 | 비 고,안진희 | KB라이프파트너스 | 기타비상무이사 | 2022.05 | 비상근,2026-09-16T11:12:00+09:00,000,raw/document/20240314000804.zip,81356fa68bad707334b70c182392899a938e01fe99528ea93fc351a73f40761c
KB라이프생명보험,보험자회사,2023,20240314000804,사업보고서 (2023.12),20240314,겸직표,대상 계열사,1. 임원 및 직원 등의 현황 | IX. 계열회사 등에 관한 사항,병합,2,홍한택,골든라이프케어,기타비상무이사,2023.10,비상근,,,,N,성 명 | 대상 계열사 | 직책 | 선임시기 | 비 고,홍한택 | 골든라이프케어 | 기타비상무이사 | 2023.10 | 비상근,2026-09-16T11:12:00+09:00,000,raw/document/20240314000804.zip,81356fa68bad707334b70c182392899a938e01fe99528ea93fc351a73f40761c
KB라이프생명보험,보험자회사,2023,20240314000804,사업보고서 (2023.12),20240314,겸직표,대상 계열사,1. 임원 및 직원 등의 현황 | IX. 계열회사 등에 관한 사항,병합,4,정자영,골든라이프케어,기타비상무이사,2023.10,비상근,,,,N,성 명 | 대상 계열사 | 직책 | 선임시기 | 비 고,정자영 | 골든라이프케어 | 기타비상무이사 | 2023.10 | 비상근,2026-09-16T11:12:00+09:00,000,raw/document/20240314000804.zip,81356fa68bad707334b70c182392899a938e01fe99528ea93fc351a73f40761c
KB라이프생명보험,보험자회사,2023,20240314000804,사업보고서 (2023.12),20240314,겸직표,대상 계열사,1. 임원 및 직원 등의 현황 | IX. 계열회사 등에 관한 사항,병합,2,김세민,KB국민카드,부사장,2024.01,상근,,,,Y,성 명 | 대상 계열사 | 직책 | 선임시기 | 비 고,김세민 | KB국민카드 | 부사장 | 2024.01 | 상근,2026-09-16T11:12:00+09:00,000,raw/document/20240314000804.zip,81356fa68bad707334b70c182392899a938e01fe99528ea93fc351a73f40761c
KB라이프생명보험,보험자회사,2023,20240314000804,사업보고서 (2023.12),20240314,겸직표,대상 계열사,1. 임원 및 직원 등의 현황 | IX. 계열회사 등에 관한 사항,병합,2,박민하,골든라이프케어,기타비상무이사,2024.01,비상근,,,,N,성 명 | 대상 계열사 | 직책 | 선임시기 | 비 고,박민하 | 골든라이프케어 | 기타비상무이사 | 2024.01 | 비상근,2026-09-16T11:12:00+09:00,000,raw/document/20240314000804.zip,81356fa68bad707334b70c182392899a938e01fe99528ea93fc351a73f40761c
메리츠금융지주,지주,2023,20240314001248,[기재정정]사업보고서 (2023.12),20240314,겸직표,계열회사 겸직내역,IX. 계열회사 등에 관한 사항,단독,1,김명애(등기임원),메리츠화재,사외이사,,비상근(등기임원),,,,Y,겸직대상자 | 계열회사 겸직내역·회사명 | 계열회사 겸직내역·직 책 | 계열회사 겸직내역·상근여부 | 비 고,김명애(등기임원) | 메리츠화재 | 사외이사 | 비상근(등기임원) | -,2026-09-16T11:14:30+09:00,000,raw/document/20240314001248.zip,15b26984f48f087f55b61c0e344e6b0fa16637b3cf2cd9a40284194398b180ec
메리츠금융지주,지주,2023,20240314001248,[기재정정]사업보고서 (2023.12),20240314,겸직표,계열회사 겸직내역,IX. 계열회사 등에 관한 사항,단독,1,김경환(미등기임원),메리츠화재,전략영업총괄,,상근(미등기임원),,,,Y,겸직대상자 | 계열회사 겸직내역·회사명 | 계열회사 겸직내역·직 책 | 계열회사 겸직내역·상근여부 | 비 고,김경환(미등기임원) | 메리츠화재 | 전략영업총괄 | 상근(미등기임원) | -,2026-09-16T11:14:30+09:00,000,raw/document/20240314001248.zip,15b26984f48f087f55b61c0e344e6b0fa16637b3cf2cd9a40284194398b180ec
메리츠금융지주,지주,2023,20240314001248,[기재정정]사업보고서 (2023.12),20240314,겸직표,계열회사 겸직내역,IX. 계열회사 등에 관한 사항,단독,1,김종민(미등기임원),메리츠화재,자산운용실장,,상근(미등기임원),,,,Y,겸직대상자 | 계열회사 겸직내역·회사명 | 계열회사 겸직내역·직 책 | 계열회사 겸직내역·상근여부 | 비 고,김종민(미등기임원) | 메리츠화재 | 자산운용실장 | 상근(미등기임원) | -,2026-09-16T11:14:30+09:00,000,raw/document/20240314001248.zip,15b26984f48f087f55b61c0e344e6b0fa16637b3cf2cd9a40284194398b180ec
메리츠금융지주,지주,2023,20240314001248,[기재정정]사업보고서 (2023.12),20240314,겸직표,계열회사 겸직내역,IX. 계열회사 등에 관한 사항,단독,1,여은석(미등기임원),메리츠증권,프로젝트금융사업본부장,,상근(미등기임원),,,,Y,겸직대상자 | 계열회사 겸직내역·회사명 | 계열회사 겸직내역·직 책 | 계열회사 겸직내역·상근여부 | 비 고,여은석(미등기임원) | 메리츠증권 | 프로젝트금융사업본부장 | 상근(미등기임원) | -,2026-09-16T11:14:30+09:00,000,raw/document/20240314001248.zip,15b26984f48f087f55b61c0e344e6b0fa16637b3cf2cd9a40284194398b180ec
메리츠금융지주,지주,2023,20240314001248,[기재정정]사업보고서 (2023.12),20240314,겸직표,계열회사 겸직내역,IX. 계열회사 등에 관한 사항,단독,1,한정원(미등기임원),메리츠화재,홍보본부장,,상근(미등기임원),,,,Y,겸직대상자 | 계열회사 겸직내역·회사명 | 계열회사 겸직내역·직 책 | 계열회사 겸직내역·상근여부 | 비 고,한정원(미등기임원) | 메리츠화재 | 홍보본부장 | 상근(미등기임원) | -,2026-09-16T11:14:30+09:00,000,raw/document/20240314001248.zip,15b26984f48f087f55b61c0e344e6b0fa16637b3cf2cd9a40284194398b180ec
메리츠금융지주,지주,2023,20240314001248,[기재정정]사업보고서 (2023.12),20240314,겸직표,계열회사 겸직내역,IX. 계열회사 등에 관한 사항,미매핑,2,,,,,,,,,N,겸직대상자 | 계열회사 겸직내역·회사명 | 계열회사 겸직내역·직 책 | 계열회사 겸직내역·상근여부 | 비 고,메리츠증권 | 홍보본부장 | 상근(미등기임원) | -,2026-09-16T11:14:30+09:00,000,raw/document/20240314001248.zip,15b26984f48f087f55b61c0e344e6b0fa16637b3cf2cd9a40284194398b180ec
메리츠금융지주,지주,2023,20240314001248,[기재정정]사업보고서 (2023.12),20240314,겸직표,계열회사 겸직내역,IX. 계열회사 등에 관한 사항,단독,1,오종원(미등기임원),메리츠화재,위험관리책임자/리스크관리팀장,,상근(미등기임원),,,,Y,겸직대상자 | 계열회사 겸직내역·회사명 | 계열회사 겸직내역·직 책 | 계열회사 겸직내역·상근여부 | 비 고,오종원(미등기임원) | 메리츠화재 | 위험관리책임자/리스크관리팀장 | 상근(미등기임원) | -,2026-09-16T11:14:30+09:00,000,raw/document/20240314001248.zip,15b26984f48f087f55b61c0e344e6b0fa16637b3cf2cd9a40284194398b180ec
메리츠금융지주,지주,2023,20240314001248,[기재정정]사업보고서 (2023.12),20240314,겸직표,계열회사 겸직내역,IX. 계열회사 등에 관한 사항,단독,1,김정일(미등기임원),메리츠화재,개인영업총괄,,상근(미등기임원),,,,Y,겸직대상자 | 계열회사 겸직내역·회사명 | 계열회사 겸직내역·직 책 | 계열회사 겸직내역·상근여부 | 비 고,김정일(미등기임원) | 메리츠화재 | 개인영업총괄 | 상근(미등기임원) | -,2026-09-16T11:14:30+09:00,000,raw/document/20240314001248.zip,15b26984f48f087f55b61c0e344e6b0fa16637b3cf2cd9a40284194398b180ec
메리츠금융지주,지주,2023,20240314001248,[기재정정]사업보고서 (2023.12),20240314,겸직표,계열회사 겸직내역,IX. 계열회사 등에 관한 사항,단독,1,김근영(미등기임원),메리츠증권,정보보호본부장,,상근(미등기임원),,,,Y,겸직대상자 | 계열회사 겸직내역·회사명 | 계열회사 겸직내역·직 책 | 계열회사 겸직내역·상근여부 | 비 고,김근영(미등기임원) | 메리츠증권 | 정보보호본부장 | 상근(미등기임원) | -,2026-09-16T11:14:30+09:00,000,raw/document/20240314001248.zip,15b26984f48f087f55b61c0e344e6b0fa16637b3cf2cd9a40284194398b180ec
메리츠금융지주,지주,2023,20240314001248,[기재정정]사업보고서 (2023.12),20240314,겸직표,계열회사 겸직내역,IX. 계열회사 등에 관한 사항,단독,1,은상영(미등기임원),메리츠화재,TM사업부문장,,상근(미등기임원),,,,Y,겸직대상자 | 계열회사 겸직내역·회사명 | 계열회사 겸직내역·직 책 | 계열회사 겸직내역·상근여부 | 비 고,은상영(미등기임원) | 메리츠화재 | TM사업부문장 | 상근(미등기임원) | -,2026-09-16T11:14:30+09:00,000,raw/document/20240314001248.zip,15b26984f48f087f55b61c0e344e6b0fa16637b3cf2cd9a40284194398b180ec
메리츠금융지주,지주,2023,20240314001248,[기재정정]사업보고서 (2023.12),20240314,겸직표,계열회사 겸직내역,IX. 계열회사 등에 관한 사항,단독,1,권동찬(미등기임원),메리츠증권,트레이딩본부장,,상근(미등기임원),,,,Y,겸직대상자 | 계열회사 겸직내역·회사명 | 계열회사 겸직내역·직 책 | 계열회사 겸직내역·상근여부 | 비 고,권동찬(미등기임원) | 메리츠증권 | 트레이딩본부장 | 상근(미등기임원) | -,2026-09-16T11:14:30+09:00,000,raw/document/20240314001248.zip,15b26984f48f087f55b61c0e344e6b0fa16637b3cf2cd9a40284194398b180ec
우리금융지주,지주,2023,20240314001383,사업보고서 (2023.12),20240314,겸직표,대상회사,1. 임원 및 직원 등의 현황 | IX. 계열회사 등에 관한 사항,병합,4,정찬형,우리은행,사외이사,2019.01.11,비상근,,,,Y,성명 | 대상회사 | 직위 | 겸임일자 | 상근/비상근 여부,정찬형 | 우리은행 | 사외이사 | 2019.01.11 | 비상근,2026-09-16T11:15:32+09:00,000,raw/document/20240314001383.zip,b4a0f1f4f0a974d64dfd83f73185e34e1bc3080b3d736fcf9958465ae89138c8
우리금융지주,지주,2023,20240314001383,사업보고서 (2023.12),20240314,겸직표,대상회사,1. 임원 및 직원 등의 현황 | IX. 계열회사 등에 관한 사항,병합,4,윤수영,우리은행,사외이사,2023.03.24,비상근,,,,Y,성명 | 대상회사 | 직위 | 겸임일자 | 상근/비상근 여부,윤수영 | 우리은행 | 사외이사 | 2023.03.24 | 비상근,2026-09-16T11:15:32+09:00,000,raw/document/20240314001383.zip,b4a0f1f4f0a974d64dfd83f73185e34e1bc3080b3d736fcf9958465ae89138c8
우리금융지주,지주,2023,20240314001383,사업보고서 (2023.12),20240314,겸직표,대상회사,1. 임원 및 직원 등의 현황 | IX. 계열회사 등에 관한 사항,병합,4,이성욱,우리종합금융,기타비상무이사,2021.03.22,비상근,,,,Y,성명 | 대상회사 | 직위 | 겸임일자 | 상근/비상근 여부,이성욱 | 우리종합금융 | 기타비상무이사 | 2021.03.22 | 비상근,2026-09-16T11:15:32+09:00,000,raw/document/20240314001383.zip,b4a0f1f4f0a974d64dfd83f73185e34e1bc3080b3d736fcf9958465ae89138c8
우리금융지주,지주,2023,20240314001383,사업보고서 (2023.12),20240314,겸직표,대상회사,1. 임원 및 직원 등의 현황 | IX. 계열회사 등에 관한 사항,병합,4,장광익,우리은행,집행부행장,2023.04.03,상근,,,,Y,성명 | 대상회사 | 직위 | 겸임일자 | 상근/비상근 여부,장광익 | 우리은행 | 집행부행장 | 2023.04.03 | 상근,2026-09-16T11:15:32+09:00,000,raw/document/20240314001383.zip,b4a0f1f4f0a974d64dfd83f73185e34e1bc3080b3d736fcf9958465ae89138c8
우리금융지주,지주,2023,20240314001383,사업보고서 (2023.12),20240314,겸직표,대상회사,1. 임원 및 직원 등의 현황 | IX. 계열회사 등에 관한 사항,병합,4,옥일진,우리은행,집행부행장,2022.02.25,상근,,,,Y,성명 | 대상회사 | 직위 | 겸임일자 | 상근/비상근 여부,옥일진 | 우리은행 | 집행부행장 | 2022.02.25 | 상근,2026-09-16T11:15:32+09:00,000,raw/document/20240314001383.zip,b4a0f1f4f0a974d64dfd83f73185e34e1bc3080b3d736fcf9958465ae89138c8
우리금융지주,지주,2023,20240314001383,사업보고서 (2023.12),20240314,겸직표,대상회사,1. 임원 및 직원 등의 현황 | IX. 계열회사 등에 관한 사항,병합,4,박장근,우리은행,집행부행장,2023.03.07,상근,,,,Y,성명 | 대상회사 | 직위 | 겸임일자 | 상근/비상근 여부,박장근 | 우리은행 | 집행부행장 | 2023.03.07 | 상근,2026-09-16T11:15:32+09:00,000,raw/document/20240314001383.zip,b4a0f1f4f0a974d64dfd83f73185e34e1bc3080b3d736fcf9958465ae89138c8
우리금융지주,지주,2023,20240314001383,사업보고서 (2023.12),20240314,겸직표,대상회사,1. 임원 및 직원 등의 현황 | IX. 계열회사 등에 관한 사항,병합,4,이정수,우리금융에프앤아이,기타비상무이사,2023.03.23,비상근,,,,Y,성명 | 대상회사 | 직위 | 겸임일자 | 상근/비상근 여부,이정수 | 우리금융에프앤아이 | 기타비상무이사 | 2023.03.23 | 비상근,2026-09-16T11:15:32+09:00,000,raw/document/20240314001383.zip,b4a0f1f4f0a974d64dfd83f73185e34e1bc3080b3d736fcf9958465ae89138c8
우리금융지주,지주,2023,20240314001383,사업보고서 (2023.12),20240314,겸직표,대상회사,1. 임원 및 직원 등의 현황 | IX. 계열회사 등에 관한 사항,병합,4,정찬호,우리은행,집행부행장,2023.12.08,상근,,,,Y,성명 | 대상회사 | 직위 | 겸임일자 | 상근/비상근 여부,정찬호 | 우리은행 | 집행부행장 | 2023.12.08 | 상근,2026-09-16T11:15:32+09:00,000,raw/document/20240314001383.zip,b4a0f1f4f0a974d64dfd83f73185e34e1bc3080b3d736fcf9958465ae89138c8
우리금융지주,지주,2023,20240314001383,사업보고서 (2023.12),20240314,겸직표,대상회사,1. 임원 및 직원 등의 현황 | IX. 계열회사 등에 관한 사항,병합,4,송윤홍,우리금융경영연구소,감사,2023.12.12,비상근,,,,Y,성명 | 대상회사 | 직위 | 겸임일자 | 상근/비상근 여부,송윤홍 | 우리금융경영연구소 | 감사 | 2023.12.12 | 비상근,2026-09-16T11:15:32+09:00,000,raw/document/20240314001383.zip,b4a0f1f4f0a974d64dfd83f73185e34e1bc3080b3d736fcf9958465ae89138c8
우리금융지주,지주,2023,20240314001383,사업보고서 (2023.12),20240314,겸직표,대상회사,1. 임원 및 직원 등의 현황 | IX. 계열회사 등에 관한 사항,병합,4,이해광,우리금융경영연구소,기타비상무이사,2023.03.21,비상근,,,,Y,성명 | 대상회사 | 직위 | 겸임일자 | 상근/비상근 여부,이해광 | 우리금융경영연구소 | 기타비상무이사 | 2023.03.21 | 비상근,2026-09-16T11:15:32+09:00,000,raw/document/20240314001383.zip,b4a0f1f4f0a974d64dfd83f73185e34e1bc3080b3d736fcf9958465ae89138c8
우리금융지주,지주,2023,20240314001383,사업보고서 (2023.12),20240314,겸직표,대상회사,1. 임원 및 직원 등의 현황 | IX. 계열회사 등에 관한 사항,병합,4,곽성민,우리벤처파트너스,기타비상무이사,2023.03.23,비상근,,,,N,성명 | 대상회사 | 직위 | 겸임일자 | 상근/비상근 여부,곽성민 | 우리벤처파트너스 | 기타비상무이사 | 2023.03.23 | 비상근,2026-09-16T11:15:32+09:00,000,raw/document/20240314001383.zip,b4a0f1f4f0a974d64dfd83f73185e34e1bc3080b3d736fcf9958465ae89138c8
우리금융지주,지주,2023,20240314001383,사업보고서 (2023.12),20240314,겸직표,대상회사,1. 임원 및 직원 등의 현황 | IX. 계열회사 등에 관한 사항,병합,2,양기현,우리글로벌자산운용,감사,2021.01.26,비상근,,,,Y,성명 | 대상회사 | 직위 | 겸임일자 | 상근/비상근 여부,양기현 | 우리글로벌자산운용 | 감사 | 2021.01.26 | 비상근,2026-09-16T11:15:32+09:00,000,raw/document/20240314001383.zip,b4a0f1f4f0a974d64dfd83f73185e34e1bc3080b3d736fcf9958465ae89138c8
우리금융지주,지주,2023,20240314001383,사업보고서 (2023.12),20240314,겸직표,대상회사,1. 임원 및 직원 등의 현황 | IX. 계열회사 등에 관한 사항,병합,2,박연호,우리글로벌자산운용,기타비상무이사,2022.08.01,비상근,,,,Y,성명 | 대상회사 | 직위 | 겸임일자 | 상근/비상근 여부,박연호 | 우리글로벌자산운용 | 기타비상무이사 | 2022.08.01 | 비상근,2026-09-16T11:15:32+09:00,000,raw/document/20240314001383.zip,b4a0f1f4f0a974d64dfd83f73185e34e1bc3080b3d736fcf9958465ae89138c8
우리금융지주,지주,2023,20240314001383,사업보고서 (2023.12),20240314,겸직표,대상회사,1. 임원 및 직원 등의 현황 | IX. 계열회사 등에 관한 사항,병합,4,이동익,우리신용정보,감사,2023.03.23,비상근,,,,N,성명 | 대상회사 | 직위 | 겸임일자 | 상근/비상근 여부,이동익 | 우리신용정보 | 감사 | 2023.03.23 | 비상근,2026-09-16T11:15:32+09:00,000,raw/document/20240314001383.zip,b4a0f1f4f0a974d64dfd83f73185e34e1bc3080b3d736fcf9958465ae89138c8
우리금융지주,지주,2023,20240314001383,사업보고서 (2023.12),20240314,겸직표,대상회사,1. 임원 및 직원 등의 현황 | IX. 계열회사 등에 관한 사항,병합,4,한홍성,우리금융에프앤아이,감사,2023.03.23,비상근,,,,Y,성명 | 대상회사 | 직위 | 겸임일자 | 상근/비상근 여부,한홍성 | 우리금융에프앤아이 | 감사 | 2023.03.23 | 비상근,2026-09-16T11:15:32+09:00,000,raw/document/20240314001383.zip,b4a0f1f4f0a974d64dfd83f73185e34e1bc3080b3d736fcf9958465ae89138c8
우리금융지주,지주,2023,20240314001383,사업보고서 (2023.12),20240314,겸직표,대상회사,1. 임원 및 직원 등의 현황 | IX. 계열회사 등에 관한 사항,병합,4,오성역,우리에프아이에스,감사,2022.12.29,비상근,,,,N,성명 | 대상회사 | 직위 | 겸임일자 | 상근/비상근 여부,오성역 | 우리에프아이에스 | 감사 | 2022.12.29 | 비상근,2026-09-16T11:15:32+09:00,000,raw/document/20240314001383.zip,b4a0f1f4f0a974d64dfd83f73185e34e1bc3080b3d736fcf9958465ae89138c8
우리금융지주,지주,2023,20240314001383,사업보고서 (2023.12),20240314,겸직표,대상회사,1. 임원 및 직원 등의 현황 | IX. 계열회사 등에 관한 사항,병합,2,양기현,우리자산운용,기타비상무이사,2024.03.05,비상근,,,,Y,성명 | 대상회사 | 직위 | 겸임일자 | 상근/비상근 여부,양기현 | 우리자산운용 | 기타비상무이사 | 2024.03.05 | 비상근,2026-09-16T11:15:32+09:00,000,raw/document/20240314001383.zip,b4a0f1f4f0a974d64dfd83f73185e34e1bc3080b3d736fcf9958465ae89138c8
BNK금융지주,지주,2023,20240314001564,사업보고서 (2023.12),20240314,겸직표,대상회사,IX. 계열회사 등에 관한 사항,단독,1,김진한,부산은행,상무,2023.04.01,상근,,,,Y,성 명 | 대상회사 | 직 책 | 선임시기 | 비 고,김진한 | 부산은행 | 상무 | 2023.04.01 | 상근,2026-09-22T11:57:29+09:00,000,raw/document/20240314001564.zip,3b2f323a642d97ab4dac5467ef5e7d1555940c9c94b263b19c4b9fe5298b28b3
BNK금융지주,지주,2023,20240314001564,사업보고서 (2023.12),20240314,겸직표,대상회사,IX. 계열회사 등에 관한 사항,단독,1,윤석준,경남은행,상무,2023.08.09,상근,,,,Y,성 명 | 대상회사 | 직 책 | 선임시기 | 비 고,윤석준 | 경남은행 | 상무 | 2023.08.09 | 상근,2026-09-22T11:57:29+09:00,000,raw/document/20240314001564.zip,3b2f323a642d97ab4dac5467ef5e7d1555940c9c94b263b19c4b9fe5298b28b3
KB금융,지주,2023,20240314001585,사업보고서 (2023.12),20240314,겸직표,대상 계열사,1. 임원 및 직원 등의 현황 | IX. 계열회사 등에 관한 사항,병합,4,이재근,국민은행,은행장,2022. 1월,상근,,,,Y,성 명 | 대상 계열사 | 직책 | 선임시기 | 비 고,이재근 | 국민은행 | 은행장 | 2022. 1월 | 상근,2026-09-16T11:18:57+09:00,000,raw/document/20240314001585.zip,acf98f89b3051ab20dc165685969c35b65dfff86d14432eb8f5d64b1f4d68b86
KB금융,지주,2023,20240314001585,사업보고서 (2023.12),20240314,겸직표,대상 계열사,1. 임원 및 직원 등의 현황 | IX. 계열회사 등에 관한 사항,병합,2,김성현,KB증권,대표이사,2019. 1월,상근,,,,Y,성 명 | 대상 계열사 | 직책 | 선임시기 | 비 고,김성현 | KB증권 | 대표이사 | 2019. 1월 | 상근,2026-09-16T11:18:57+09:00,000,raw/document/20240314001585.zip,acf98f89b3051ab20dc165685969c35b65dfff86d14432eb8f5d64b1f4d68b86
KB금융,지주,2023,20240314001585,사업보고서 (2023.12),20240314,겸직표,대상 계열사,1. 임원 및 직원 등의 현황 | IX. 계열회사 등에 관한 사항,병합,2,이현승,KB자산운용,대표이사,2018. 1월,상근,,,,Y,성 명 | 대상 계열사 | 직책 | 선임시기 | 비 고,이현승 | KB자산운용 | 대표이사 | 2018. 1월 | 상근,2026-09-16T11:18:57+09:00,000,raw/document/20240314001585.zip,acf98f89b3051ab20dc165685969c35b65dfff86d14432eb8f5d64b1f4d68b86
KB금융,지주,2023,20240314001585,사업보고서 (2023.12),20240314,겸직표,대상 계열사,1. 임원 및 직원 등의 현황 | IX. 계열회사 등에 관한 사항,병합,2,문혜숙,국민은행,ESG본부장,2022. 1월,상근,,,,Y,성 명 | 대상 계열사 | 직책 | 선임시기 | 비 고,문혜숙 | 국민은행 | ESG본부장 | 2022. 1월 | 상근,2026-09-16T11:18:57+09:00,000,raw/document/20240314001585.zip,acf98f89b3051ab20dc165685969c35b65dfff86d14432eb8f5d64b1f4d68b86
KB금융,지주,2023,20240314001585,사업보고서 (2023.12),20240314,겸직표,대상 계열사,1. 임원 및 직원 등의 현황 | IX. 계열회사 등에 관한 사항,병합,2,김진영,국민은행,브랜드전략그룹 전무,2023. 1월,상근,,,,Y,성 명 | 대상 계열사 | 직책 | 선임시기 | 비 고,김진영 | 국민은행 | 브랜드전략그룹 전무 | 2023. 1월 | 상근,2026-09-16T11:18:57+09:00,000,raw/document/20240314001585.zip,acf98f89b3051ab20dc165685969c35b65dfff86d14432eb8f5d64b1f4d68b86
KB금융,지주,2023,20240314001585,사업보고서 (2023.12),20240314,겸직표,대상 계열사,1. 임원 및 직원 등의 현황 | IX. 계열회사 등에 관한 사항,병합,2,정문철,국민은행,개인고객그룹 부행장,2023. 1월,상근,,,,Y,성 명 | 대상 계열사 | 직책 | 선임시기 | 비 고,정문철 | 국민은행 | 개인고객그룹 부행장 | 2023. 1월 | 상근,2026-09-16T11:18:57+09:00,000,raw/document/20240314001585.zip,acf98f89b3051ab20dc165685969c35b65dfff86d14432eb8f5d64b1f4d68b86
KB금융,지주,2023,20240314001585,사업보고서 (2023.12),20240314,겸직표,대상 계열사,1. 임원 및 직원 등의 현황 | IX. 계열회사 등에 관한 사항,병합,2,최재영,국민은행,WM고객그룹 부행장,2023. 1월,상근,,,,Y,성 명 | 대상 계열사 | 직책 | 선임시기 | 비 고,최재영 | 국민은행 | WM고객그룹 부행장 | 2023. 1월 | 상근,2026-09-16T11:18:57+09:00,000,raw/document/20240314001585.zip,acf98f89b3051ab20dc165685969c35b65dfff86d14432eb8f5d64b1f4d68b86
KB금융,지주,2023,20240314001585,사업보고서 (2023.12),20240314,겸직표,대상 계열사,1. 임원 및 직원 등의 현황 | IX. 계열회사 등에 관한 사항,미매핑,24,,,,,,,,,N,성 명 | 대상 계열사 | 직책 | 선임시기 | 비 고,KB증권 | WM부문장 부사장 | 2022. 1월 | 상근,2026-09-16T11:18:57+09:00,000,raw/document/20240314001585.zip,acf98f89b3051ab20dc165685969c35b65dfff86d14432eb8f5d64b1f4d68b86
KB금융,지주,2023,20240314001585,사업보고서 (2023.12),20240314,겸직표,대상 계열사,1. 임원 및 직원 등의 현황 | IX. 계열회사 등에 관한 사항,병합,2,권성기,국민은행,중소기업고객그룹 부행장,2023. 1월,상근,,,,Y,성 명 | 대상 계열사 | 직책 | 선임시기 | 비 고,권성기 | 국민은행 | 중소기업고객그룹 부행장 | 2023. 1월 | 상근,2026-09-16T11:18:57+09:00,000,raw/document/20240314001585.zip,acf98f89b3051ab20dc165685969c35b65dfff86d14432eb8f5d64b1f4d68b86
KB금융,지주,2023,20240314001585,사업보고서 (2023.12),20240314,겸직표,대상 계열사,1. 임원 및 직원 등의 현황 | IX. 계열회사 등에 관한 사항,병합,2,조남훈,국민은행,글로벌사업그룹 전무,2021. 1월,상근,,,,Y,성 명 | 대상 계열사 | 직책 | 선임시기 | 비 고,조남훈 | 국민은행 | 글로벌사업그룹 전무 | 2021. 1월 | 상근,2026-09-16T11:18:57+09:00,000,raw/document/20240314001585.zip,acf98f89b3051ab20dc165685969c35b65dfff86d14432eb8f5d64b1f4d68b86
KB금융,지주,2023,20240314001585,사업보고서 (2023.12),20240314,겸직표,대상 계열사,1. 임원 및 직원 등의 현황 | IX. 계열회사 등에 관한 사항,병합,2,조영서,국민은행,DT전략본부 전무,2021. 1월,상근,,,,Y,성 명 | 대상 계열사 | 직책 | 선임시기 | 비 고,조영서 | 국민은행 | DT전략본부 전무 | 2021. 1월 | 상근,2026-09-16T11:18:57+09:00,000,raw/document/20240314001585.zip,acf98f89b3051ab20dc165685969c35b65dfff86d14432eb8f5d64b1f4d68b86
KB금융,지주,2023,20240314001585,사업보고서 (2023.12),20240314,겸직표,대상 계열사,1. 임원 및 직원 등의 현황 | IX. 계열회사 등에 관한 사항,병합,2,윤진수,국민은행,테크그룹 부행장,2021. 1월,상근,,,,Y,성 명 | 대상 계열사 | 직책 | 선임시기 | 비 고,윤진수 | 국민은행 | 테크그룹 부행장 | 2021. 1월 | 상근,2026-09-16T11:18:57+09:00,000,raw/document/20240314001585.zip,acf98f89b3051ab20dc165685969c35b65dfff86d14432eb8f5d64b1f4d68b86
KB금융,지주,2023,20240314001585,사업보고서 (2023.12),20240314,겸직표,대상 계열사,1. 임원 및 직원 등의 현황 | IX. 계열회사 등에 관한 사항,병합,2,육창화,국민은행,데이터/AI본부 전무,2023. 1월,상근,,,,Y,성 명 | 대상 계열사 | 직책 | 선임시기 | 비 고,육창화 | 국민은행 | 데이터/AI본부 전무 | 2023. 1월 | 상근,2026-09-16T11:18:57+09:00,000,raw/document/20240314001585.zip,acf98f89b3051ab20dc165685969c35b65dfff86d14432eb8f5d64b1f4d68b86
KB금융,지주,2023,20240314001585,사업보고서 (2023.12),20240314,겸직표,대상 계열사,1. 임원 및 직원 등의 현황 | IX. 계열회사 등에 관한 사항,병합,2,전성표,국민은행,고객컨택그룹 전무,2023. 1월,상근,,,,Y,성 명 | 대상 계열사 | 직책 | 선임시기 | 비 고,전성표 | 국민은행 | 고객컨택그룹 전무 | 2023. 1월 | 상근,2026-09-16T11:18:57+09:00,000,raw/document/20240314001585.zip,acf98f89b3051ab20dc165685969c35b65dfff86d14432eb8f5d64b1f4d68b86
KB금융,지주,2023,20240314001585,사업보고서 (2023.12),20240314,겸직표,대상 계열사,1. 임원 및 직원 등의 현황 | IX. 계열회사 등에 관한 사항,병합,2,하 정,국민은행,자본시장그룹 부행장,2021. 1월,상근,,,,Y,성 명 | 대상 계열사 | 직책 | 선임시기 | 비 고,하 정 | 국민은행 | 자본시장그룹 부행장 | 2021. 1월 | 상근,2026-09-16T11:18:57+09:00,000,raw/document/20240314001585.zip,acf98f89b3051ab20dc165685969c35b65dfff86d14432eb8f5d64b1f4d68b86
KB금융,지주,2023,20240314001585,사업보고서 (2023.12),20240314,겸직표,대상 계열사,1. 임원 및 직원 등의 현황 | IX. 계열회사 등에 관한 사항,병합,2,강순배,국민은행,CIB고객그룹 부행장,2023. 1월,상근,,,,Y,성 명 | 대상 계열사 | 직책 | 선임시기 | 비 고,강순배 | 국민은행 | CIB고객그룹 부행장 | 2023. 1월 | 상근,2026-09-16T11:18:57+09:00,000,raw/document/20240314001585.zip,acf98f89b3051ab20dc165685969c35b65dfff86d14432eb8f5d64b1f4d68b86
KB금융,지주,2023,20240314001585,사업보고서 (2023.12),20240314,겸직표,대상 계열사,1. 임원 및 직원 등의 현황 | IX. 계열회사 등에 관한 사항,병합,2,강남채,국민은행,글로벌성장지원본부장,2022. 1월,상근,,,,Y,성 명 | 대상 계열사 | 직책 | 선임시기 | 비 고,강남채 | 국민은행 | 글로벌성장지원본부장 | 2022. 1월 | 상근,2026-09-16T11:18:57+09:00,000,raw/document/20240314001585.zip,acf98f89b3051ab20dc165685969c35b65dfff86d14432eb8f5d64b1f4d68b86
KB금융,지주,2023,20240314001585,사업보고서 (2023.12),20240314,겸직표,대상 계열사,1. 임원 및 직원 등의 현황 | IX. 계열회사 등에 관한 사항,병합,4,하 윤,국민은행,고객경험디자인센터장,2022. 1월,상근,,,,Y,성 명 | 대상 계열사 | 직책 | 선임시기 | 비 고,하 윤 | 국민은행 | 고객경험디자인센터장 | 2022. 1월 | 상근,2026-09-16T11:18:57+09:00,000,raw/document/20240314001585.zip,acf98f89b3051ab20dc165685969c35b65dfff86d14432eb8f5d64b1f4d68b86
KB금융,지주,2023,20240314001585,사업보고서 (2023.12),20240314,겸직표,대상 계열사,1. 임원 및 직원 등의 현황 | IX. 계열회사 등에 관한 사항,병합,2,허유심,국민은행,디지털콘텐츠센터 상무,2022. 1월,상근,,,,Y,성 명 | 대상 계열사 | 직책 | 선임시기 | 비 고,허유심 | 국민은행 | 디지털콘텐츠센터 상무 | 2022. 1월 | 상근,2026-09-16T11:18:57+09:00,000,raw/document/20240314001585.zip,acf98f89b3051ab20dc165685969c35b65dfff86d14432eb8f5d64b1f4d68b86
KB금융,지주,2023,20240314001585,사업보고서 (2023.12),20240314,겸직표,대상 계열사,1. 임원 및 직원 등의 현황 | IX. 계열회사 등에 관한 사항,병합,2,박기은,국민은행,테크혁신본부 전무,2021. 7월,상근,,,,Y,성 명 | 대상 계열사 | 직책 | 선임시기 | 비 고,박기은 | 국민은행 | 테크혁신본부 전무 | 2021. 7월 | 상근,2026-09-16T11:18:57+09:00,000,raw/document/20240314001585.zip,acf98f89b3051ab20dc165685969c35b65dfff86d14432eb8f5d64b1f4d68b86
KB금융,지주,2023,20240314001585,사업보고서 (2023.12),20240314,겸직표,대상 계열사,1. 임원 및 직원 등의 현황 | IX. 계열회사 등에 관한 사항,병합,4,김주현,국민은행,클라우드플랫폼부 본부본부장,2022. 2월,상근,,,,Y,성 명 | 대상 계열사 | 직책 | 선임시기 | 비 고,김주현 | 국민은행 | 클라우드플랫폼부 본부본부장 | 2022. 2월 | 상근,2026-09-16T11:18:57+09:00,000,raw/document/20240314001585.zip,acf98f89b3051ab20dc165685969c35b65dfff86d14432eb8f5d64b1f4d68b86
KB금융,지주,2023,20240314001585,사업보고서 (2023.12),20240314,겸직표,대상 계열사,1. 임원 및 직원 등의 현황 | IX. 계열회사 등에 관한 사항,병합,2,오순영,국민은행,금융AI센터 상무,2022. 6월,상근,,,,Y,성 명 | 대상 계열사 | 직책 | 선임시기 | 비 고,오순영 | 국민은행 | 금융AI센터 상무 | 2022. 6월 | 상근,2026-09-16T11:18:57+09:00,000,raw/document/20240314001585.zip,acf98f89b3051ab20dc165685969c35b65dfff86d14432eb8f5d64b1f4d68b86
KB금융,지주,2023,20240314001585,사업보고서 (2023.12),20240314,겸직표,대상 계열사,1. 임원 및 직원 등의 현황 | IX. 계열회사 등에 관한 사항,병합,2,박찬용,국민은행,기획조정부 전무,2022. 1월,상근,,,,Y,성 명 | 대상 계열사 | 직책 | 선임시기 | 비 고,박찬용 | 국민은행 | 기획조정부 전무 | 2022. 1월 | 상근,2026-09-16T11:18:57+09:00,000,raw/document/20240314001585.zip,acf98f89b3051ab20dc165685969c35b65dfff86d14432eb8f5d64b1f4d68b86
KB금융,지주,2023,20240314001585,사업보고서 (2023.12),20240314,겸직표,대상 계열사,1. 임원 및 직원 등의 현황 | IX. 계열회사 등에 관한 사항,병합,2,강민혁,국민은행,자본시장기획부 본부본부장,2023. 1월,상근,,,,Y,성 명 | 대상 계열사 | 직책 | 선임시기 | 비 고,강민혁 | 국민은행 | 자본시장기획부 본부본부장 | 2023. 1월 | 상근,2026-09-16T11:18:57+09:00,000,raw/document/20240314001585.zip,acf98f89b3051ab20dc165685969c35b65dfff86d14432eb8f5d64b1f4d68b86
KB금융,지주,2023,20240314001585,사업보고서 (2023.12),20240314,겸직표,대상 계열사,1. 임원 및 직원 등의 현황 | IX. 계열회사 등에 관한 사항,병합,2,김 신,국민은행,세일즈총괄(소속) 전무,2023. 10월,상근,,,,Y,성 명 | 대상 계열사 | 직책 | 선임시기 | 비 고,김 신 | 국민은행 | 세일즈총괄(소속) 전무 | 2023. 10월 | 상근,2026-09-16T11:18:57+09:00,000,raw/document/20240314001585.zip,acf98f89b3051ab20dc165685969c35b65dfff86d14432eb8f5d64b1f4d68b86
KB금융,지주,2023,20240314001585,사업보고서 (2023.12),20240314,겸직표,대상 계열사,1. 임원 및 직원 등의 현황 | IX. 계열회사 등에 관한 사항,병합,2,김세민,KB증권,기타비상무이사,2022. 6월,비상근,,,,Y,성 명 | 대상 계열사 | 직책 | 선임시기 | 비 고,김세민 | KB증권 | 기타비상무이사 | 2022. 6월 | 비상근,2026-09-16T11:18:57+09:00,000,raw/document/20240314001585.zip,acf98f89b3051ab20dc165685969c35b65dfff86d14432eb8f5d64b1f4d68b86
KB금융,지주,2023,20240314001585,사업보고서 (2023.12),20240314,겸직표,대상 계열사,1. 임원 및 직원 등의 현황 | IX. 계열회사 등에 관한 사항,병합,4,서영호,KB손해보험,기타비상무이사,2022. 2월,비상근,,,,Y,성 명 | 대상 계열사 | 직책 | 선임시기 | 비 고,서영호 | KB손해보험 | 기타비상무이사 | 2022. 2월 | 비상근,2026-09-16T11:18:57+09:00,000,raw/document/20240314001585.zip,acf98f89b3051ab20dc165685969c35b65dfff86d14432eb8f5d64b1f4d68b86
KB금융,지주,2023,20240314001585,사업보고서 (2023.12),20240314,겸직표,대상 계열사,1. 임원 및 직원 등의 현황 | IX. 계열회사 등에 관한 사항,병합,2,김경남,국민은행,ESG상생본부장 상무,2024. 1월,상근,,,,Y,성 명 | 대상 계열사 | 직책 | 선임시기 | 비 고,김경남 | 국민은행 | ESG상생본부장 상무 | 2024. 1월 | 상근,2026-09-16T11:18:57+09:00,000,raw/document/20240314001585.zip,acf98f89b3051ab20dc165685969c35b65dfff86d14432eb8f5d64b1f4d68b86
KB금융,지주,2023,20240314001585,사업보고서 (2023.12),20240314,겸직표,대상 계열사,1. 임원 및 직원 등의 현황 | IX. 계열회사 등에 관한 사항,병합,2,박진영,국민은행,브랜드홍보그룹대표 상무,2024. 1월,상근,,,,Y,성 명 | 대상 계열사 | 직책 | 선임시기 | 비 고,박진영 | 국민은행 | 브랜드홍보그룹대표 상무 | 2024. 1월 | 상근,2026-09-16T11:18:57+09:00,000,raw/document/20240314001585.zip,acf98f89b3051ab20dc165685969c35b65dfff86d14432eb8f5d64b1f4d68b86
KB금융,지주,2023,20240314001585,사업보고서 (2023.12),20240314,겸직표,대상 계열사,1. 임원 및 직원 등의 현황 | IX. 계열회사 등에 관한 사항,병합,2,정진호,국민은행,DT추진본부장 부행장,2024. 1월,상근,,,,Y,성 명 | 대상 계열사 | 직책 | 선임시기 | 비 고,정진호 | 국민은행 | DT추진본부장 부행장 | 2024. 1월 | 상근,2026-09-16T11:18:57+09:00,000,raw/document/20240314001585.zip,acf98f89b3051ab20dc165685969c35b65dfff86d14432eb8f5d64b1f4d68b86
KB금융,지주,2023,20240314001585,사업보고서 (2023.12),20240314,겸직표,대상 계열사,1. 임원 및 직원 등의 현황 | IX. 계열회사 등에 관한 사항,병합,2,육창화,국민은행,AI데이터혁신본부장 부행장,2024. 1월,상근,,,,Y,성 명 | 대상 계열사 | 직책 | 선임시기 | 비 고,육창화 | 국민은행 | AI데이터혁신본부장 부행장 | 2024. 1월 | 상근,2026-09-16T11:18:57+09:00,000,raw/document/20240314001585.zip,acf98f89b3051ab20dc165685969c35b65dfff86d14432eb8f5d64b1f4d68b86
KB금융,지주,2023,20240314001585,사업보고서 (2023.12),20240314,겸직표,대상 계열사,1. 임원 및 직원 등의 현황 | IX. 계열회사 등에 관한 사항,병합,2,오상원,국민은행,테크그룹대표 부행장,2024. 1월,상근,,,,Y,성 명 | 대상 계열사 | 직책 | 선임시기 | 비 고,오상원 | 국민은행 | 테크그룹대표 부행장 | 2024. 1월 | 상근,2026-09-16T11:18:57+09:00,000,raw/document/20240314001585.zip,acf98f89b3051ab20dc165685969c35b65dfff86d14432eb8f5d64b1f4d68b86
KB금융,지주,2023,20240314001585,사업보고서 (2023.12),20240314,겸직표,대상 계열사,1. 임원 및 직원 등의 현황 | IX. 계열회사 등에 관한 사항,병합,2,오순영,국민은행,금융AI센터장 상무,2022. 6월,상근,,,,Y,성 명 | 대상 계열사 | 직책 | 선임시기 | 비 고,오순영 | 국민은행 | 금융AI센터장 상무 | 2022. 6월 | 상근,2026-09-16T11:18:57+09:00,000,raw/document/20240314001585.zip,acf98f89b3051ab20dc165685969c35b65dfff86d14432eb8f5d64b1f4d68b86
KB금융,지주,2023,20240314001585,사업보고서 (2023.12),20240314,겸직표,대상 계열사,1. 임원 및 직원 등의 현황 | IX. 계열회사 등에 관한 사항,병합,2,박기은,국민은행,테크개발본부장 부행장,2024. 1월,상근,,,,Y,성 명 | 대상 계열사 | 직책 | 선임시기 | 비 고,박기은 | 국민은행 | 테크개발본부장 부행장 | 2024. 1월 | 상근,2026-09-16T11:18:57+09:00,000,raw/document/20240314001585.zip,acf98f89b3051ab20dc165685969c35b65dfff86d14432eb8f5d64b1f4d68b86
KB금융,지주,2023,20240314001585,사업보고서 (2023.12),20240314,겸직표,대상 계열사,1. 임원 및 직원 등의 현황 | IX. 계열회사 등에 관한 사항,병합,2,박찬용,국민은행,기획조정부장 부행장,2024. 1월,상근,,,,Y,성 명 | 대상 계열사 | 직책 | 선임시기 | 비 고,박찬용 | 국민은행 | 기획조정부장 부행장 | 2024. 1월 | 상근,2026-09-16T11:18:57+09:00,000,raw/document/20240314001585.zip,acf98f89b3051ab20dc165685969c35b65dfff86d14432eb8f5d64b1f4d68b86
KB금융,지주,2023,20240314001585,사업보고서 (2023.12),20240314,겸직표,대상 계열사,1. 임원 및 직원 등의 현황 | IX. 계열회사 등에 관한 사항,병합,2,나상록,KB캐피탈,기타비상무이사,2021. 3월,비상근,,,,Y,성 명 | 대상 계열사 | 직책 | 선임시기 | 비 고,나상록 | KB캐피탈 | 기타비상무이사 | 2021. 3월 | 비상근,2026-09-16T11:18:57+09:00,000,raw/document/20240314001585.zip,acf98f89b3051ab20dc165685969c35b65dfff86d14432eb8f5d64b1f4d68b86
신한지주,지주,2023,20240318000635,사업보고서 (2023.12),20240318,겸직표,대상회사,IX. 계열회사 등에 관한 사항,단독,2,정상혁,신한은행,은행장,2023.02.15,상근,,,,Y,성명 | 대상회사 | 직위명 | 선임일 | 비고,정상혁 | 신한은행 | 은행장 | 2023.02.15 | 상근,2026-09-16T11:21:01+09:00,000,raw/document/20240318000635.zip,6d3749748f846491d31bc2372232ed3e18eaeb3f7ed19345521056d8183d1b08
신한지주,지주,2023,20240318000635,사업보고서 (2023.12),20240318,겸직표,대상회사,IX. 계열회사 등에 관한 사항,단독,1,장동기,신한자산운용,비상임이사,2023.01.01,비상근,,,,Y,성명 | 대상회사 | 직위명 | 선임일 | 비고,장동기 | 신한자산운용 | 비상임이사 | 2023.01.01 | 비상근,2026-09-16T11:21:01+09:00,000,raw/document/20240318000635.zip,6d3749748f846491d31bc2372232ed3e18eaeb3f7ed19345521056d8183d1b08
신한지주,지주,2023,20240318000635,사업보고서 (2023.12),20240318,겸직표,대상회사,IX. 계열회사 등에 관한 사항,단독,2,이인균,신한은행,비상임이사,2023.01.01,비상근,,,,Y,성명 | 대상회사 | 직위명 | 선임일 | 비고,이인균 | 신한은행 | 비상임이사 | 2023.01.01 | 비상근,2026-09-16T11:21:01+09:00,000,raw/document/20240318000635.zip,6d3749748f846491d31bc2372232ed3e18eaeb3f7ed19345521056d8183d1b08
신한지주,지주,2023,20240318000635,사업보고서 (2023.12),20240318,겸직표,대상회사,IX. 계열회사 등에 관한 사항,미매핑,23,,,,,,,,,N,성명 | 대상회사 | 직위명 | 선임일 | 비고,신한DS | 비상임이사 | 2019.01.01 | 비상근,2026-09-16T11:21:01+09:00,000,raw/document/20240318000635.zip,6d3749748f846491d31bc2372232ed3e18eaeb3f7ed19345521056d8183d1b08
신한지주,지주,2023,20240318000635,사업보고서 (2023.12),20240318,겸직표,대상회사,IX. 계열회사 등에 관한 사항,단독,1,안준식,신한은행,부행장,2021.01.01,상근,,,,Y,성명 | 대상회사 | 직위명 | 선임일 | 비고,안준식 | 신한은행 | 부행장 | 2021.01.01 | 상근,2026-09-16T11:21:01+09:00,000,raw/document/20240318000635.zip,6d3749748f846491d31bc2372232ed3e18eaeb3f7ed19345521056d8183d1b08
신한지주,지주,2023,20240318000635,사업보고서 (2023.12),20240318,겸직표,대상회사,IX. 계열회사 등에 관한 사항,단독,1,김성주,신한리츠운용,비상근감사,2018.02.08,비상근,,,,N,성명 | 대상회사 | 직위명 | 선임일 | 비고,김성주 | 신한리츠운용 | 비상근감사 | 2018.02.08 | 비상근,2026-09-16T11:21:01+09:00,000,raw/document/20240318000635.zip,6d3749748f846491d31bc2372232ed3e18eaeb3f7ed19345521056d8183d1b08
신한지주,지주,2023,20240318000635,사업보고서 (2023.12),20240318,겸직표,대상회사,IX. 계열회사 등에 관한 사항,단독,2,박현주,신한은행,부행장,2022.01.01,상근,,,,Y,성명 | 대상회사 | 직위명 | 선임일 | 비고,박현주 | 신한은행 | 부행장 | 2022.01.01 | 상근,2026-09-16T11:21:01+09:00,000,raw/document/20240318000635.zip,6d3749748f846491d31bc2372232ed3e18eaeb3f7ed19345521056d8183d1b08
신한지주,지주,2023,20240318000635,사업보고서 (2023.12),20240318,겸직표,대상회사,IX. 계열회사 등에 관한 사항,단독,1,이태경,신한투자증권,비상임이사,2023.01.01,비상근,,,,Y,성명 | 대상회사 | 직위명 | 선임일 | 비고,이태경 | 신한투자증권 | 비상임이사 | 2023.01.01 | 비상근,2026-09-16T11:21:01+09:00,000,raw/document/20240318000635.zip,6d3749748f846491d31bc2372232ed3e18eaeb3f7ed19345521056d8183d1b08
신한지주,지주,2023,20240318000635,사업보고서 (2023.12),20240318,겸직표,대상회사,IX. 계열회사 등에 관한 사항,단독,1,김명희,신한DS,비상임이사,2022.01.01,비상근,,,,N,성명 | 대상회사 | 직위명 | 선임일 | 비고,김명희 | 신한DS | 비상임이사 | 2022.01.01 | 비상근,2026-09-16T11:21:01+09:00,000,raw/document/20240318000635.zip,6d3749748f846491d31bc2372232ed3e18eaeb3f7ed19345521056d8183d1b08
신한지주,지주,2023,20240318000635,사업보고서 (2023.12),20240318,겸직표,대상회사,IX. 계열회사 등에 관한 사항,단독,1,고석헌,신한라이프생명,비상임이사,2020.01.01,비상근,,,,Y,성명 | 대상회사 | 직위명 | 선임일 | 비고,고석헌 | 신한라이프생명 | 비상임이사 | 2020.01.01 | 비상근,2026-09-16T11:21:01+09:00,000,raw/document/20240318000635.zip,6d3749748f846491d31bc2372232ed3e18eaeb3f7ed19345521056d8183d1b08
신한지주,지주,2023,20240318000635,사업보고서 (2023.12),20240318,겸직표,대상회사,IX. 계열회사 등에 관한 사항,단독,1,김태연,신한캐피탈,비상임이사,2022.01.01,비상근,,,,Y,성명 | 대상회사 | 직위명 | 선임일 | 비고,김태연 | 신한캐피탈 | 비상임이사 | 2022.01.01 | 비상근,2026-09-16T11:21:01+09:00,000,raw/document/20240318000635.zip,6d3749748f846491d31bc2372232ed3e18eaeb3f7ed19345521056d8183d1b08
신한지주,지주,2023,20240318000635,사업보고서 (2023.12),20240318,겸직표,대상회사,IX. 계열회사 등에 관한 사항,단독,1,천상영,신한저축은행,비상임이사,2022.01.01,비상근,,,,Y,성명 | 대상회사 | 직위명 | 선임일 | 비고,천상영 | 신한저축은행 | 비상임이사 | 2022.01.01 | 비상근,2026-09-16T11:21:01+09:00,000,raw/document/20240318000635.zip,6d3749748f846491d31bc2372232ed3e18eaeb3f7ed19345521056d8183d1b08
신한지주,지주,2023,20240318000635,사업보고서 (2023.12),20240318,겸직표,대상회사,IX. 계열회사 등에 관한 사항,단독,2,조정훈,신한리츠운용,비상임이사,2023.01.01,비상근,,,,N,성명 | 대상회사 | 직위명 | 선임일 | 비고,조정훈 | 신한리츠운용 | 비상임이사 | 2023.01.01 | 비상근,2026-09-16T11:21:01+09:00,000,raw/document/20240318000635.zip,6d3749748f846491d31bc2372232ed3e18eaeb3f7ed19345521056d8183d1b08
신한지주,지주,2023,20240318000635,사업보고서 (2023.12),20240318,겸직표,대상회사,IX. 계열회사 등에 관한 사항,단독,1,황인주,신한벤처투자,비상근감사,2021.09.13,비상근,,,,Y,성명 | 대상회사 | 직위명 | 선임일 | 비고,황인주 | 신한벤처투자 | 비상근감사 | 2021.09.13 | 비상근,2026-09-16T11:21:01+09:00,000,raw/document/20240318000635.zip,6d3749748f846491d31bc2372232ed3e18eaeb3f7ed19345521056d8183d1b08
신한지주,지주,2023,20240318000635,사업보고서 (2023.12),20240318,겸직표,대상회사,IX. 계열회사 등에 관한 사항,단독,1,고석헌,신한카드,비상임이사,2024.01.01,비상근,,,,Y,성명 | 대상회사 | 직위명 | 선임일 | 비고,고석헌 | 신한카드 | 비상임이사 | 2024.01.01 | 비상근,2026-09-16T11:21:01+09:00,000,raw/document/20240318000635.zip,6d3749748f846491d31bc2372232ed3e18eaeb3f7ed19345521056d8183d1b08
신한지주,지주,2023,20240318000635,사업보고서 (2023.12),20240318,겸직표,대상회사,IX. 계열회사 등에 관한 사항,단독,1,천상영,신한라이프,비상임이사,2024.01.01,비상근,,,,N,성명 | 대상회사 | 직위명 | 선임일 | 비고,천상영 | 신한라이프 | 비상임이사 | 2024.01.01 | 비상근,2026-09-16T11:21:01+09:00,000,raw/document/20240318000635.zip,6d3749748f846491d31bc2372232ed3e18eaeb3f7ed19345521056d8183d1b08
신한지주,지주,2023,20240318000635,사업보고서 (2023.12),20240318,겸직표,대상회사,IX. 계열회사 등에 관한 사항,단독,1,김지온,신한리츠운용,비상근감사,2024.01.01,비상근,,,,N,성명 | 대상회사 | 직위명 | 선임일 | 비고,김지온 | 신한리츠운용 | 비상근감사 | 2024.01.01 | 비상근,2026-09-16T11:21:01+09:00,000,raw/document/20240318000635.zip,6d3749748f846491d31bc2372232ed3e18eaeb3f7ed19345521056d8183d1b08
신한지주,지주,2023,20240318000635,사업보고서 (2023.12),20240318,겸직표,대상회사,IX. 계열회사 등에 관한 사항,단독,1,김준환,신한은행,상무,2024.01.01,상근,,,,Y,성명 | 대상회사 | 직위명 | 선임일 | 비고,김준환 | 신한은행 | 상무 | 2024.01.01 | 상근,2026-09-16T11:21:01+09:00,000,raw/document/20240318000635.zip,6d3749748f846491d31bc2372232ed3e18eaeb3f7ed19345521056d8183d1b08
신한지주,지주,2023,20240318000635,사업보고서 (2023.12),20240318,겸직표,대상회사,IX. 계열회사 등에 관한 사항,단독,1,황경업,신한펀드파트너스,비상임이사,2024.01.01,비상근,,,,N,성명 | 대상회사 | 직위명 | 선임일 | 비고,황경업 | 신한펀드파트너스 | 비상임이사 | 2024.01.01 | 비상근,2026-09-16T11:21:01+09:00,000,raw/document/20240318000635.zip,6d3749748f846491d31bc2372232ed3e18eaeb3f7ed19345521056d8183d1b08
신한지주,지주,2023,20240318000635,사업보고서 (2023.12),20240318,겸직표,대상회사,IX. 계열회사 등에 관한 사항,단독,1,고유선,신한자산운용,비상임이사,2024.01.01,비상근,,,,Y,성명 | 대상회사 | 직위명 | 선임일 | 비고,고유선 | 신한자산운용 | 비상임이사 | 2024.01.01 | 비상근,2026-09-16T11:21:01+09:00,000,raw/document/20240318000635.zip,6d3749748f846491d31bc2372232ed3e18eaeb3f7ed19345521056d8183d1b08
신한은행(구),은행,2023,20240318000766,사업보고서 (2023.12),20240318,겸직표,대상회사,IX. 계열회사 등에 관한 사항,단독,1,정상혁,신한금융지주,비상임이사,2023.03.23,비상근,,,,Y,성명 | 대상회사 | 직위명 | 선임일 | 비고,정상혁 | 신한금융지주 | 비상임이사 | 2023.03.23 | 비상근,2026-09-16T11:22:35+09:00,000,raw/document/20240318000766.zip,a3d2de0cedabf7fc04d1ea88355aecd696b5ebec3f4e0b75dbbd606422153881
신한은행(구),은행,2023,20240318000766,사업보고서 (2023.12),20240318,겸직표,대상회사,IX. 계열회사 등에 관한 사항,단독,1,이인균,신한금융지주,부사장,2021.01.01,상근,,,,Y,성명 | 대상회사 | 직위명 | 선임일 | 비고,이인균 | 신한금융지주 | 부사장 | 2021.01.01 | 상근,2026-09-16T11:22:35+09:00,000,raw/document/20240318000766.zip,a3d2de0cedabf7fc04d1ea88355aecd696b5ebec3f4e0b75dbbd606422153881
신한은행(구),은행,2023,20240318000766,사업보고서 (2023.12),20240318,겸직표,대상회사,IX. 계열회사 등에 관한 사항,미매핑,7,,,,,,,,,N,성명 | 대상회사 | 직위명 | 선임일 | 비고,신한DS | 비상임이사 | 2019.01.01 | 비상근,2026-09-16T11:22:35+09:00,000,raw/document/20240318000766.zip,a3d2de0cedabf7fc04d1ea88355aecd696b5ebec3f4e0b75dbbd606422153881
신한은행(구),은행,2023,20240318000766,사업보고서 (2023.12),20240318,겸직표,대상회사,IX. 계열회사 등에 관한 사항,단독,1,안준식,신한금융지주,부사장,2021.01.01,상근,,,,Y,성명 | 대상회사 | 직위명 | 선임일 | 비고,안준식 | 신한금융지주 | 부사장 | 2021.01.01 | 상근,2026-09-16T11:22:35+09:00,000,raw/document/20240318000766.zip,a3d2de0cedabf7fc04d1ea88355aecd696b5ebec3f4e0b75dbbd606422153881
신한은행(구),은행,2023,20240318000766,사업보고서 (2023.12),20240318,겸직표,대상회사,IX. 계열회사 등에 관한 사항,단독,1,정근수,신한투자증권,부사장,2021.01.01,상근,,,,Y,성명 | 대상회사 | 직위명 | 선임일 | 비고,정근수 | 신한투자증권 | 부사장 | 2021.01.01 | 상근,2026-09-16T11:22:35+09:00,000,raw/document/20240318000766.zip,a3d2de0cedabf7fc04d1ea88355aecd696b5ebec3f4e0b75dbbd606422153881
신한은행(구),은행,2023,20240318000766,사업보고서 (2023.12),20240318,겸직표,대상회사,IX. 계열회사 등에 관한 사항,단독,1,서승현,신한카드,부사장,2022.01.01,상근,,,,Y,성명 | 대상회사 | 직위명 | 선임일 | 비고,서승현 | 신한카드 | 부사장 | 2022.01.01 | 상근,2026-09-16T11:22:35+09:00,000,raw/document/20240318000766.zip,a3d2de0cedabf7fc04d1ea88355aecd696b5ebec3f4e0b75dbbd606422153881
신한은행(구),은행,2023,20240318000766,사업보고서 (2023.12),20240318,겸직표,대상회사,IX. 계열회사 등에 관한 사항,단독,1,김준환,신한에이아이,비상임이사,2022.01.01,비상근,,,,N,성명 | 대상회사 | 직위명 | 선임일 | 비고,김준환 | 신한에이아이 | 비상임이사 | 2022.01.01 | 비상근,2026-09-16T11:22:35+09:00,000,raw/document/20240318000766.zip,a3d2de0cedabf7fc04d1ea88355aecd696b5ebec3f4e0b75dbbd606422153881
신한은행(구),은행,2023,20240318000766,사업보고서 (2023.12),20240318,겸직표,대상회사,IX. 계열회사 등에 관한 사항,단독,1,박현주,신한금융지주,부사장,2023.07.01,상근,,,,Y,성명 | 대상회사 | 직위명 | 선임일 | 비고,박현주 | 신한금융지주 | 부사장 | 2023.07.01 | 상근,2026-09-16T11:22:35+09:00,000,raw/document/20240318000766.zip,a3d2de0cedabf7fc04d1ea88355aecd696b5ebec3f4e0b75dbbd606422153881
신한라이프생명보험,보험자회사,2023,20240319000450,사업보고서 (2023.12),20240319,겸직표,대상회사,IX. 계열회사 등에 관한 사항,단독,1,정상혁,신한은행,은행장,2023.02.15,상근,,,,Y,성명 | 대상회사 | 직위명 | 선임일 | 비고,정상혁 | 신한은행 | 은행장 | 2023.02.15 | 상근,2026-09-16T11:23:23+09:00,000,raw/document/20240319000450.zip,5543ff144e6145d1c2e654a0c28ddfd8e08f2ebcec5f5ac39f350353d8f1d82b
신한라이프생명보험,보험자회사,2023,20240319000450,사업보고서 (2023.12),20240319,겸직표,대상회사,IX. 계열회사 등에 관한 사항,단독,1,장동기,신한자산운용,비상임이사,2023.01.01,비상근,,,,Y,성명 | 대상회사 | 직위명 | 선임일 | 비고,장동기 | 신한자산운용 | 비상임이사 | 2023.01.01 | 비상근,2026-09-16T11:23:23+09:00,000,raw/document/20240319000450.zip,5543ff144e6145d1c2e654a0c28ddfd8e08f2ebcec5f5ac39f350353d8f1d82b
신한라이프생명보험,보험자회사,2023,20240319000450,사업보고서 (2023.12),20240319,겸직표,대상회사,IX. 계열회사 등에 관한 사항,단독,1,이인균,신한은행,비상임이사,2023.01.01,비상근,,,,Y,성명 | 대상회사 | 직위명 | 선임일 | 비고,이인균 | 신한은행 | 비상임이사 | 2023.01.01 | 비상근,2026-09-16T11:23:23+09:00,000,raw/document/20240319000450.zip,5543ff144e6145d1c2e654a0c28ddfd8e08f2ebcec5f5ac39f350353d8f1d82b
신한라이프생명보험,보험자회사,2023,20240319000450,사업보고서 (2023.12),20240319,겸직표,대상회사,IX. 계열회사 등에 관한 사항,미매핑,11,,,,,,,,,N,성명 | 대상회사 | 직위명 | 선임일 | 비고,신한DS | 비상임이사 | 2019.01.01 | 비상근,2026-09-16T11:23:23+09:00,000,raw/document/20240319000450.zip,5543ff144e6145d1c2e654a0c28ddfd8e08f2ebcec5f5ac39f350353d8f1d82b
신한라이프생명보험,보험자회사,2023,20240319000450,사업보고서 (2023.12),20240319,겸직표,대상회사,IX. 계열회사 등에 관한 사항,단독,1,안준식,신한은행,부행장,2021.01.01,상근,,,,Y,성명 | 대상회사 | 직위명 | 선임일 | 비고,안준식 | 신한은행 | 부행장 | 2021.01.01 | 상근,2026-09-16T11:23:23+09:00,000,raw/document/20240319000450.zip,5543ff144e6145d1c2e654a0c28ddfd8e08f2ebcec5f5ac39f350353d8f1d82b
신한라이프생명보험,보험자회사,2023,20240319000450,사업보고서 (2023.12),20240319,겸직표,대상회사,IX. 계열회사 등에 관한 사항,단독,1,김성주,신한리츠운용,비상근감사,2018.02.08,비상근,,,,N,성명 | 대상회사 | 직위명 | 선임일 | 비고,김성주 | 신한리츠운용 | 비상근감사 | 2018.02.08 | 비상근,2026-09-16T11:23:23+09:00,000,raw/document/20240319000450.zip,5543ff144e6145d1c2e654a0c28ddfd8e08f2ebcec5f5ac39f350353d8f1d82b
신한라이프생명보험,보험자회사,2023,20240319000450,사업보고서 (2023.12),20240319,겸직표,대상회사,IX. 계열회사 등에 관한 사항,단독,1,박현주,신한은행,부행장,2022.01.01,상근,,,,Y,성명 | 대상회사 | 직위명 | 선임일 | 비고,박현주 | 신한은행 | 부행장 | 2022.01.01 | 상근,2026-09-16T11:23:23+09:00,000,raw/document/20240319000450.zip,5543ff144e6145d1c2e654a0c28ddfd8e08f2ebcec5f5ac39f350353d8f1d82b
신한라이프생명보험,보험자회사,2023,20240319000450,사업보고서 (2023.12),20240319,겸직표,대상회사,IX. 계열회사 등에 관한 사항,단독,1,이태경,신한투자증권,비상임이사,2023.01.01,비상근,,,,Y,성명 | 대상회사 | 직위명 | 선임일 | 비고,이태경 | 신한투자증권 | 비상임이사 | 2023.01.01 | 비상근,2026-09-16T11:23:23+09:00,000,raw/document/20240319000450.zip,5543ff144e6145d1c2e654a0c28ddfd8e08f2ebcec5f5ac39f350353d8f1d82b
신한라이프생명보험,보험자회사,2023,20240319000450,사업보고서 (2023.12),20240319,겸직표,대상회사,IX. 계열회사 등에 관한 사항,단독,1,김명희,신한DS,비상임이사,2022.01.01,비상근,,,,N,성명 | 대상회사 | 직위명 | 선임일 | 비고,김명희 | 신한DS | 비상임이사 | 2022.01.01 | 비상근,2026-09-16T11:23:23+09:00,000,raw/document/20240319000450.zip,5543ff144e6145d1c2e654a0c28ddfd8e08f2ebcec5f5ac39f350353d8f1d82b
신한라이프생명보험,보험자회사,2023,20240319000450,사업보고서 (2023.12),20240319,겸직표,대상회사,IX. 계열회사 등에 관한 사항,단독,1,고석헌,신한라이프생명,비상임이사,2020.01.01,비상근,,,,Y,성명 | 대상회사 | 직위명 | 선임일 | 비고,고석헌 | 신한라이프생명 | 비상임이사 | 2020.01.01 | 비상근,2026-09-16T11:23:23+09:00,000,raw/document/20240319000450.zip,5543ff144e6145d1c2e654a0c28ddfd8e08f2ebcec5f5ac39f350353d8f1d82b
신한라이프생명보험,보험자회사,2023,20240319000450,사업보고서 (2023.12),20240319,겸직표,대상회사,IX. 계열회사 등에 관한 사항,단독,1,김태연,신한캐피탈,비상임이사,2022.01.01,비상근,,,,Y,성명 | 대상회사 | 직위명 | 선임일 | 비고,김태연 | 신한캐피탈 | 비상임이사 | 2022.01.01 | 비상근,2026-09-16T11:23:23+09:00,000,raw/document/20240319000450.zip,5543ff144e6145d1c2e654a0c28ddfd8e08f2ebcec5f5ac39f350353d8f1d82b
신한라이프생명보험,보험자회사,2023,20240319000450,사업보고서 (2023.12),20240319,겸직표,대상회사,IX. 계열회사 등에 관한 사항,단독,1,천상영,신한저축은행,비상임이사,2022.01.01,비상근,,,,Y,성명 | 대상회사 | 직위명 | 선임일 | 비고,천상영 | 신한저축은행 | 비상임이사 | 2022.01.01 | 비상근,2026-09-16T11:23:23+09:00,000,raw/document/20240319000450.zip,5543ff144e6145d1c2e654a0c28ddfd8e08f2ebcec5f5ac39f350353d8f1d82b
신한라이프생명보험,보험자회사,2023,20240319000450,사업보고서 (2023.12),20240319,겸직표,대상회사,IX. 계열회사 등에 관한 사항,단독,1,조정훈,신한리츠운용,비상임이사,2023.01.01,비상근,,,,N,성명 | 대상회사 | 직위명 | 선임일 | 비고,조정훈 | 신한리츠운용 | 비상임이사 | 2023.01.01 | 비상근,2026-09-16T11:23:23+09:00,000,raw/document/20240319000450.zip,5543ff144e6145d1c2e654a0c28ddfd8e08f2ebcec5f5ac39f350353d8f1d82b
신한라이프생명보험,보험자회사,2023,20240319000450,사업보고서 (2023.12),20240319,겸직표,대상회사,IX. 계열회사 등에 관한 사항,단독,1,황인주,신한벤처투자,비상근감사,2021.09.13,비상근,,,,Y,성명 | 대상회사 | 직위명 | 선임일 | 비고,황인주 | 신한벤처투자 | 비상근감사 | 2021.09.13 | 비상근,2026-09-16T11:23:23+09:00,000,raw/document/20240319000450.zip,5543ff144e6145d1c2e654a0c28ddfd8e08f2ebcec5f5ac39f350353d8f1d82b
iM금융지주,지주,2023,20240320001342,사업보고서 (2023.12),20240320,겸직표,대상회사,1. 임원 및 직원 등의 현황,단독,2,조강래,(주)에이비즈파트너스,부회장,2019.02,,,,,N,성 명 | 대상회사 | 직 책 | 선임시기,조강래 | (주)에이비즈파트너스 | 부회장 | 2019.02,2026-09-16T11:24:10+09:00,000,raw/document/20240320001342.zip,afe1bba38fabc381fc1e13176e844179a88920129e86b3f92a42139c26584e1a
iM금융지주,지주,2023,20240320001342,사업보고서 (2023.12),20240320,겸직표,대상 계열사,1. 임원 및 직원 등의 현황 | IX. 계열회사 등에 관한 사항,병합,2,김철호,㈜DGB유페이,감사,2023.01,비상근(등기),,,,N,성 명 | 대상 계열사 | 직 책 | 선임시기 | 비 고,김철호 | ㈜DGB유페이 | 감사 | 2023.01 | 비상근(등기),2026-09-16T11:24:10+09:00,000,raw/document/20240320001342.zip,afe1bba38fabc381fc1e13176e844179a88920129e86b3f92a42139c26584e1a
iM금융지주,지주,2023,20240320001342,사업보고서 (2023.12),20240320,겸직표,대상 계열사,1. 임원 및 직원 등의 현황 | IX. 계열회사 등에 관한 사항,병합,2,신현진,하이투자증권 (주),전무,2023.11,상근(미등기),,,,Y,성 명 | 대상 계열사 | 직 책 | 선임시기 | 비 고,신현진 | 하이투자증권 (주) | 전무 | 2023.11 | 상근(미등기),2026-09-16T11:24:10+09:00,000,raw/document/20240320001342.zip,afe1bba38fabc381fc1e13176e844179a88920129e86b3f92a42139c26584e1a
iM금융지주,지주,2023,20240320001342,사업보고서 (2023.12),20240320,겸직표,대상 계열사,1. 임원 및 직원 등의 현황 | IX. 계열회사 등에 관한 사항,병합,4,천병규,하이투자증권 (주),이사,2023.03,비상근(등기),,,,Y,성 명 | 대상 계열사 | 직 책 | 선임시기 | 비 고,천병규 | 하이투자증권 (주) | 이사 | 2023.03 | 비상근(등기),2026-09-16T11:24:10+09:00,000,raw/document/20240320001342.zip,afe1bba38fabc381fc1e13176e844179a88920129e86b3f92a42139c26584e1a
iM금융지주,지주,2023,20240320001342,사업보고서 (2023.12),20240320,겸직표,대상 계열사,1. 임원 및 직원 등의 현황 | IX. 계열회사 등에 관한 사항,병합,4,진영수,㈜대구은행,상무,2023.01,상근(미등기),,,,Y,성 명 | 대상 계열사 | 직 책 | 선임시기 | 비 고,진영수 | ㈜대구은행 | 상무 | 2023.01 | 상근(미등기),2026-09-16T11:24:10+09:00,000,raw/document/20240320001342.zip,afe1bba38fabc381fc1e13176e844179a88920129e86b3f92a42139c26584e1a
iM금융지주,지주,2023,20240320001342,사업보고서 (2023.12),20240320,겸직표,대상 계열사,1. 임원 및 직원 등의 현황 | IX. 계열회사 등에 관한 사항,병합,2,성태문,㈜DGB유페이,감사,2024.01,비상근(등기),,,,N,성 명 | 대상 계열사 | 직 책 | 선임시기 | 비 고,성태문 | ㈜DGB유페이 | 감사 | 2024.01 | 비상근(등기),2026-09-16T11:24:10+09:00,000,raw/document/20240320001342.zip,afe1bba38fabc381fc1e13176e844179a88920129e86b3f92a42139c26584e1a
JB금융지주,지주,2023,20240320001709,사업보고서 (2023.12),20240320,겸직표,대상 계열사,1. 임원 및 직원 등의 현황 | IX. 계열회사 등에 관한 사항,병합,4,송종근,(주)JB금융지주,부사장,,상근(미등기),,,,Y,성 명 | 대상 계열사 | 직 책 | 최초선임시기 | 비 고,송종근 | (주)JB금융지주 | 부사장 | 2023.02.01 | 상근(미등기),2026-09-22T11:59:37+09:00,000,raw/document/20240320001709.zip,a4fe0252b4d61d678371d49fcc0856050a15e984337ad1def0466982b5708f78
JB금융지주,지주,2023,20240320001709,사업보고서 (2023.12),20240320,겸직표,대상 계열사,1. 임원 및 직원 등의 현황 | IX. 계열회사 등에 관한 사항,미매핑,60,,,,,,,,,N,성 명 | 대상 계열사 | 직 책 | 최초선임시기 | 비 고,전북은행 | 비상임이사 | 2023.03.30 | 비상근(등기),2026-09-22T11:59:37+09:00,000,raw/document/20240320001709.zip,a4fe0252b4d61d678371d49fcc0856050a15e984337ad1def0466982b5708f78
JB금융지주,지주,2023,20240320001709,사업보고서 (2023.12),20240320,겸직표,대상 계열사,1. 임원 및 직원 등의 현황 | IX. 계열회사 등에 관한 사항,병합,6,송현,(주)JB금융지주,전무,,상근(미등기),,,,Y,성 명 | 대상 계열사 | 직 책 | 최초선임시기 | 비 고,송현 | (주)JB금융지주 | 전무 | 2021.04.01 | 상근(미등기),2026-09-22T11:59:37+09:00,000,raw/document/20240320001709.zip,a4fe0252b4d61d678371d49fcc0856050a15e984337ad1def0466982b5708f78
JB금융지주,지주,2023,20240320001709,사업보고서 (2023.12),20240320,겸직표,대상 계열사,1. 임원 및 직원 등의 현황 | IX. 계열회사 등에 관한 사항,병합,4,김성철,(주)JB금융지주,전무,,상근(미등기),,,,Y,성 명 | 대상 계열사 | 직 책 | 최초선임시기 | 비 고,김성철 | (주)JB금융지주 | 전무 | 2023.01.01 | 상근(미등기),2026-09-22T11:59:37+09:00,000,raw/document/20240320001709.zip,a4fe0252b4d61d678371d49fcc0856050a15e984337ad1def0466982b5708f78
JB금융지주,지주,2023,20240320001709,사업보고서 (2023.12),20240320,겸직표,대상 계열사,1. 임원 및 직원 등의 현황 | IX. 계열회사 등에 관한 사항,병합,2,이승국,(주)JB금융지주,전무,,상근(미등기),,,,Y,성 명 | 대상 계열사 | 직 책 | 최초선임시기 | 비 고,이승국 | (주)JB금융지주 | 전무 | 2019.05.01 | 상근(미등기),2026-09-22T11:59:37+09:00,000,raw/document/20240320001709.zip,a4fe0252b4d61d678371d49fcc0856050a15e984337ad1def0466982b5708f78
JB금융지주,지주,2023,20240320001709,사업보고서 (2023.12),20240320,겸직표,대상 계열사,1. 임원 및 직원 등의 현황 | IX. 계열회사 등에 관한 사항,병합,4,박종춘,(주)JB금융지주,전무,,상근(미등기),,,,Y,성 명 | 대상 계열사 | 직 책 | 최초선임시기 | 비 고,박종춘 | (주)JB금융지주 | 전무 | 2019.12.01 | 상근(미등기),2026-09-22T11:59:37+09:00,000,raw/document/20240320001709.zip,a4fe0252b4d61d678371d49fcc0856050a15e984337ad1def0466982b5708f78
JB금융지주,지주,2023,20240320001709,사업보고서 (2023.12),20240320,겸직표,대상 계열사,IX. 계열회사 등에 관한 사항,단독,2,권재중,(주)JB금융지주,부사장,,상근(미등기),,,,Y,성 명 | 대상 계열사 | 직 책 | 최초선임시기 | 비 고,권재중 | (주)JB금융지주 | 부사장 | 2019.04.01 | 상근(미등기),2026-09-22T11:59:37+09:00,000,raw/document/20240320001709.zip,a4fe0252b4d61d678371d49fcc0856050a15e984337ad1def0466982b5708f78
JB금융지주,지주,2023,20240320001709,사업보고서 (2023.12),20240320,겸직표,대상 계열사,IX. 계열회사 등에 관한 사항,단독,2,김선호,(주)JB금융지주,상무,,상근(미등기),,,,Y,성 명 | 대상 계열사 | 직 책 | 최초선임시기 | 비 고,김선호 | (주)JB금융지주 | 상무 | 2021.01.01 | 상근(미등기),2026-09-22T11:59:37+09:00,000,raw/document/20240320001709.zip,a4fe0252b4d61d678371d49fcc0856050a15e984337ad1def0466982b5708f78
JB금융지주,지주,2023,20240320001709,사업보고서 (2023.12),20240320,겸직표,대상 계열사,IX. 계열회사 등에 관한 사항,단독,2,이승국,(주)JB금융지주,상무,,상근(미등기),,,,Y,성 명 | 대상 계열사 | 직 책 | 최초선임시기 | 비 고,이승국 | (주)JB금융지주 | 상무 | 2019.05.01 | 상근(미등기),2026-09-22T11:59:37+09:00,000,raw/document/20240320001709.zip,a4fe0252b4d61d678371d49fcc0856050a15e984337ad1def0466982b5708f78
JB금융지주,지주,2023,20240320001709,사업보고서 (2023.12),20240320,겸직표,대상 계열사,IX. 계열회사 등에 관한 사항,단독,2,박종춘,(주)JB금융지주,상무,,상근(미등기),,,,Y,성 명 | 대상 계열사 | 직 책 | 최초선임시기 | 비 고,박종춘 | (주)JB금융지주 | 상무 | 2019.12.01 | 상근(미등기),2026-09-22T11:59:37+09:00,000,raw/document/20240320001709.zip,a4fe0252b4d61d678371d49fcc0856050a15e984337ad1def0466982b5708f78
한국금융지주,지주,2023,20240321001204,사업보고서 (2023.12),20240321,겸직표,회사명,IX. 계열회사 등에 관한 사항,단독,1,김남구,한국투자증권(주),회장,,상근,,,,Y,직명 | 성명 | 회사명 | 직책 | 상근여부,대표이사 | 김남구 | 한국투자증권(주) | 회장 | 상근,2026-09-16T11:27:25+09:00,000,raw/document/20240321001204.zip,89ccc3f8231fde47d8d106da3d6a13946fe57542082f1aa8700df9b25b6f29b0
한국금융지주,지주,2023,20240321001204,사업보고서 (2023.12),20240321,겸직표,회사명,IX. 계열회사 등에 관한 사항,단독,1,오태균,한국투자증권(주),기타비상무이사,,비상근,,,,Y,직명 | 성명 | 회사명 | 직책 | 상근여부,사장 | 오태균 | 한국투자증권(주) | 기타비상무이사 | 비상근,2026-09-16T11:27:25+09:00,000,raw/document/20240321001204.zip,89ccc3f8231fde47d8d106da3d6a13946fe57542082f1aa8700df9b25b6f29b0
한국금융지주,지주,2023,20240321001204,사업보고서 (2023.12),20240321,겸직표,회사명,IX. 계열회사 등에 관한 사항,단독,1,문성필,한국투자리얼에셋운용(주),기타비상무이사,,비상근,,,,Y,직명 | 성명 | 회사명 | 직책 | 상근여부,부사장 | 문성필 | 한국투자리얼에셋운용(주) | 기타비상무이사 | 비상근,2026-09-16T11:27:25+09:00,000,raw/document/20240321001204.zip,89ccc3f8231fde47d8d106da3d6a13946fe57542082f1aa8700df9b25b6f29b0
한국금융지주,지주,2023,20240321001204,사업보고서 (2023.12),20240321,겸직표,회사명,IX. 계열회사 등에 관한 사항,단독,1,유재권,한국투자캐피탈(주),기타비상무이사,,비상근,,,,Y,직명 | 성명 | 회사명 | 직책 | 상근여부,상무 | 유재권 | 한국투자캐피탈(주) | 기타비상무이사 | 비상근,2026-09-16T11:27:25+09:00,000,raw/document/20240321001204.zip,89ccc3f8231fde47d8d106da3d6a13946fe57542082f1aa8700df9b25b6f29b0
한국금융지주,지주,2023,20240321001204,사업보고서 (2023.12),20240321,겸직표,회사명,IX. 계열회사 등에 관한 사항,단독,1,김근수,한국투자파트너스(주),기타비상무이사,,비상근,,,,Y,직명 | 성명 | 회사명 | 직책 | 상근여부,상무 | 김근수 | 한국투자파트너스(주) | 기타비상무이사 | 비상근,2026-09-16T11:27:25+09:00,000,raw/document/20240321001204.zip,89ccc3f8231fde47d8d106da3d6a13946fe57542082f1aa8700df9b25b6f29b0
한국금융지주,지주,2023,20240321001204,사업보고서 (2023.12),20240321,겸직표,회사명,IX. 계열회사 등에 관한 사항,단독,1,김대종,한국투자증권(주),정보보호담당,,상근,,,,Y,직명 | 성명 | 회사명 | 직책 | 상근여부,상무보 | 김대종 | 한국투자증권(주) | 정보보호담당 | 상근,2026-09-16T11:27:25+09:00,000,raw/document/20240321001204.zip,89ccc3f8231fde47d8d106da3d6a13946fe57542082f1aa8700df9b25b6f29b0
한국금융지주,지주,2023,20240321001204,사업보고서 (2023.12),20240321,겸직표,회사명,IX. 계열회사 등에 관한 사항,단독,1,정영록,한국투자증권(주),사외이사,,비상근,,,,Y,직명 | 성명 | 회사명 | 직책 | 상근여부,사외이사 | 정영록 | 한국투자증권(주) | 사외이사 | 비상근,2026-09-16T11:27:25+09:00,000,raw/document/20240321001204.zip,89ccc3f8231fde47d8d106da3d6a13946fe57542082f1aa8700df9b25b6f29b0
한국금융지주,지주,2023,20240321001204,사업보고서 (2023.12),20240321,겸직표,회사명,IX. 계열회사 등에 관한 사항,단독,1,김정기,한국투자증권(주),사외이사,,비상근,,,,Y,직명 | 성명 | 회사명 | 직책 | 상근여부,사외이사 | 김정기 | 한국투자증권(주) | 사외이사 | 비상근,2026-09-16T11:27:25+09:00,000,raw/document/20240321001204.zip,89ccc3f8231fde47d8d106da3d6a13946fe57542082f1aa8700df9b25b6f29b0
한국금융지주,지주,2023,20240321001204,사업보고서 (2023.12),20240321,겸직표,회사명,IX. 계열회사 등에 관한 사항,단독,1,조영태,한국투자증권(주),사외이사,,비상근,,,,Y,직명 | 성명 | 회사명 | 직책 | 상근여부,사외이사 | 조영태 | 한국투자증권(주) | 사외이사 | 비상근,2026-09-16T11:27:25+09:00,000,raw/document/20240321001204.zip,89ccc3f8231fde47d8d106da3d6a13946fe57542082f1aa8700df9b25b6f29b0
한국금융지주,지주,2023,20240321001204,사업보고서 (2023.12),20240321,겸직표,회사명,IX. 계열회사 등에 관한 사항,단독,1,김태원,한국투자증권(주),사외이사,,비상근,,,,Y,직명 | 성명 | 회사명 | 직책 | 상근여부,사외이사 | 김태원 | 한국투자증권(주) | 사외이사 | 비상근,2026-09-16T11:27:25+09:00,000,raw/document/20240321001204.zip,89ccc3f8231fde47d8d106da3d6a13946fe57542082f1aa8700df9b25b6f29b0
한국금융지주,지주,2023,20240321001204,사업보고서 (2023.12),20240321,겸직표,회사명,IX. 계열회사 등에 관한 사항,단독,1,함춘승,한국투자증권(주),사외이사,,비상근,,,,Y,직명 | 성명 | 회사명 | 직책 | 상근여부,사외이사 | 함춘승 | 한국투자증권(주) | 사외이사 | 비상근,2026-09-16T11:27:25+09:00,000,raw/document/20240321001204.zip,89ccc3f8231fde47d8d106da3d6a13946fe57542082f1aa8700df9b25b6f29b0
한국금융지주,지주,2023,20240321001204,사업보고서 (2023.12),20240321,겸직표,회사명,IX. 계열회사 등에 관한 사항,단독,1,최수미,한국투자증권(주),사외이사,,비상근,,,,Y,직명 | 성명 | 회사명 | 직책 | 상근여부,사외이사 | 최수미 | 한국투자증권(주) | 사외이사 | 비상근,2026-09-16T11:27:25+09:00,000,raw/document/20240321001204.zip,89ccc3f8231fde47d8d106da3d6a13946fe57542082f1aa8700df9b25b6f29b0
한국금융지주,지주,2023,20240321001204,사업보고서 (2023.12),20240321,겸직표,회사명,IX. 계열회사 등에 관한 사항,단독,1,지영조,한국투자증권(주),사외이사,,비상근,,,,Y,직명 | 성명 | 회사명 | 직책 | 상근여부,사외이사 | 지영조 | 한국투자증권(주) | 사외이사 | 비상근,2026-09-16T11:27:25+09:00,000,raw/document/20240321001204.zip,89ccc3f8231fde47d8d106da3d6a13946fe57542082f1aa8700df9b25b6f29b0
한국금융지주,지주,2023,20240321001204,사업보고서 (2023.12),20240321,겸직표,회사명,IX. 계열회사 등에 관한 사항,단독,1,이성규,한국투자증권(주),사외이사,,비상근,,,,Y,직명 | 성명 | 회사명 | 직책 | 상근여부,사외이사 | 이성규 | 한국투자증권(주) | 사외이사 | 비상근,2026-09-16T11:27:25+09:00,000,raw/document/20240321001204.zip,89ccc3f8231fde47d8d106da3d6a13946fe57542082f1aa8700df9b25b6f29b0
신한은행(구),은행,2023,20240325000335,[기재정정]사업보고서 (2023.12),20240325,겸직표,대상회사,IX. 계열회사 등에 관한 사항,단독,1,정상혁,신한금융지주,비상임이사,2023.03.23,비상근,,,,Y,성명 | 대상회사 | 직위명 | 선임일 | 비고,정상혁 | 신한금융지주 | 비상임이사 | 2023.03.23 | 비상근,2026-09-16T11:28:49+09:00,000,raw/document/20240325000335.zip,473cd9d93b67923fc8e073ed166efc5063dff070a385ba4d7c756132d4704c4b
신한은행(구),은행,2023,20240325000335,[기재정정]사업보고서 (2023.12),20240325,겸직표,대상회사,IX. 계열회사 등에 관한 사항,단독,1,이인균,신한금융지주,부사장,2021.01.01,상근,,,,Y,성명 | 대상회사 | 직위명 | 선임일 | 비고,이인균 | 신한금융지주 | 부사장 | 2021.01.01 | 상근,2026-09-16T11:28:49+09:00,000,raw/document/20240325000335.zip,473cd9d93b67923fc8e073ed166efc5063dff070a385ba4d7c756132d4704c4b
신한은행(구),은행,2023,20240325000335,[기재정정]사업보고서 (2023.12),20240325,겸직표,대상회사,IX. 계열회사 등에 관한 사항,미매핑,7,,,,,,,,,N,성명 | 대상회사 | 직위명 | 선임일 | 비고,신한DS | 비상임이사 | 2019.01.01 | 비상근,2026-09-16T11:28:49+09:00,000,raw/document/20240325000335.zip,473cd9d93b67923fc8e073ed166efc5063dff070a385ba4d7c756132d4704c4b
신한은행(구),은행,2023,20240325000335,[기재정정]사업보고서 (2023.12),20240325,겸직표,대상회사,IX. 계열회사 등에 관한 사항,단독,1,안준식,신한금융지주,부사장,2021.01.01,상근,,,,Y,성명 | 대상회사 | 직위명 | 선임일 | 비고,안준식 | 신한금융지주 | 부사장 | 2021.01.01 | 상근,2026-09-16T11:28:49+09:00,000,raw/document/20240325000335.zip,473cd9d93b67923fc8e073ed166efc5063dff070a385ba4d7c756132d4704c4b
신한은행(구),은행,2023,20240325000335,[기재정정]사업보고서 (2023.12),20240325,겸직표,대상회사,IX. 계열회사 등에 관한 사항,단독,1,정근수,신한투자증권,부사장,2021.01.01,상근,,,,Y,성명 | 대상회사 | 직위명 | 선임일 | 비고,정근수 | 신한투자증권 | 부사장 | 2021.01.01 | 상근,2026-09-16T11:28:49+09:00,000,raw/document/20240325000335.zip,473cd9d93b67923fc8e073ed166efc5063dff070a385ba4d7c756132d4704c4b
신한은행(구),은행,2023,20240325000335,[기재정정]사업보고서 (2023.12),20240325,겸직표,대상회사,IX. 계열회사 등에 관한 사항,단독,1,서승현,신한카드,부사장,2022.01.01,상근,,,,Y,성명 | 대상회사 | 직위명 | 선임일 | 비고,서승현 | 신한카드 | 부사장 | 2022.01.01 | 상근,2026-09-16T11:28:49+09:00,000,raw/document/20240325000335.zip,473cd9d93b67923fc8e073ed166efc5063dff070a385ba4d7c756132d4704c4b
신한은행(구),은행,2023,20240325000335,[기재정정]사업보고서 (2023.12),20240325,겸직표,대상회사,IX. 계열회사 등에 관한 사항,단독,1,김준환,신한에이아이,비상임이사,2022.01.01,비상근,,,,N,성명 | 대상회사 | 직위명 | 선임일 | 비고,김준환 | 신한에이아이 | 비상임이사 | 2022.01.01 | 비상근,2026-09-16T11:28:49+09:00,000,raw/document/20240325000335.zip,473cd9d93b67923fc8e073ed166efc5063dff070a385ba4d7c756132d4704c4b
신한은행(구),은행,2023,20240325000335,[기재정정]사업보고서 (2023.12),20240325,겸직표,대상회사,IX. 계열회사 등에 관한 사항,단독,1,박현주,신한금융지주,부사장,2023.07.01,상근,,,,Y,성명 | 대상회사 | 직위명 | 선임일 | 비고,박현주 | 신한금융지주 | 부사장 | 2023.07.01 | 상근,2026-09-16T11:28:49+09:00,000,raw/document/20240325000335.zip,473cd9d93b67923fc8e073ed166efc5063dff070a385ba4d7c756132d4704c4b
KB금융,지주,2023,20240326000894,[기재정정]사업보고서 (2023.12),20240326,겸직표,대상 계열사,1. 임원 및 직원 등의 현황 | IX. 계열회사 등에 관한 사항,병합,4,이재근,국민은행,은행장,2022. 1월,상근,,,,Y,성 명 | 대상 계열사 | 직책 | 선임시기 | 비 고,이재근 | 국민은행 | 은행장 | 2022. 1월 | 상근,2026-09-16T11:31:24+09:00,000,raw/document/20240326000894.zip,ebb0fd8ac6fa520507561561019f546d42dad981cf7cb1dac84ade7eb19bba49
KB금융,지주,2023,20240326000894,[기재정정]사업보고서 (2023.12),20240326,겸직표,대상 계열사,1. 임원 및 직원 등의 현황 | IX. 계열회사 등에 관한 사항,병합,2,김성현,KB증권,대표이사,2019. 1월,상근,,,,Y,성 명 | 대상 계열사 | 직책 | 선임시기 | 비 고,김성현 | KB증권 | 대표이사 | 2019. 1월 | 상근,2026-09-16T11:31:24+09:00,000,raw/document/20240326000894.zip,ebb0fd8ac6fa520507561561019f546d42dad981cf7cb1dac84ade7eb19bba49
KB금융,지주,2023,20240326000894,[기재정정]사업보고서 (2023.12),20240326,겸직표,대상 계열사,1. 임원 및 직원 등의 현황 | IX. 계열회사 등에 관한 사항,병합,2,이현승,KB자산운용,대표이사,2018. 1월,상근,,,,Y,성 명 | 대상 계열사 | 직책 | 선임시기 | 비 고,이현승 | KB자산운용 | 대표이사 | 2018. 1월 | 상근,2026-09-16T11:31:24+09:00,000,raw/document/20240326000894.zip,ebb0fd8ac6fa520507561561019f546d42dad981cf7cb1dac84ade7eb19bba49
KB금융,지주,2023,20240326000894,[기재정정]사업보고서 (2023.12),20240326,겸직표,대상 계열사,1. 임원 및 직원 등의 현황 | IX. 계열회사 등에 관한 사항,병합,2,문혜숙,국민은행,ESG본부장,2022. 1월,상근,,,,Y,성 명 | 대상 계열사 | 직책 | 선임시기 | 비 고,문혜숙 | 국민은행 | ESG본부장 | 2022. 1월 | 상근,2026-09-16T11:31:24+09:00,000,raw/document/20240326000894.zip,ebb0fd8ac6fa520507561561019f546d42dad981cf7cb1dac84ade7eb19bba49
KB금융,지주,2023,20240326000894,[기재정정]사업보고서 (2023.12),20240326,겸직표,대상 계열사,1. 임원 및 직원 등의 현황 | IX. 계열회사 등에 관한 사항,병합,2,김진영,국민은행,브랜드전략그룹 전무,2023. 1월,상근,,,,Y,성 명 | 대상 계열사 | 직책 | 선임시기 | 비 고,김진영 | 국민은행 | 브랜드전략그룹 전무 | 2023. 1월 | 상근,2026-09-16T11:31:24+09:00,000,raw/document/20240326000894.zip,ebb0fd8ac6fa520507561561019f546d42dad981cf7cb1dac84ade7eb19bba49
KB금융,지주,2023,20240326000894,[기재정정]사업보고서 (2023.12),20240326,겸직표,대상 계열사,1. 임원 및 직원 등의 현황 | IX. 계열회사 등에 관한 사항,병합,2,정문철,국민은행,개인고객그룹 부행장,2023. 1월,상근,,,,Y,성 명 | 대상 계열사 | 직책 | 선임시기 | 비 고,정문철 | 국민은행 | 개인고객그룹 부행장 | 2023. 1월 | 상근,2026-09-16T11:31:24+09:00,000,raw/document/20240326000894.zip,ebb0fd8ac6fa520507561561019f546d42dad981cf7cb1dac84ade7eb19bba49
KB금융,지주,2023,20240326000894,[기재정정]사업보고서 (2023.12),20240326,겸직표,대상 계열사,1. 임원 및 직원 등의 현황 | IX. 계열회사 등에 관한 사항,병합,2,최재영,국민은행,WM고객그룹 부행장,2023. 1월,상근,,,,Y,성 명 | 대상 계열사 | 직책 | 선임시기 | 비 고,최재영 | 국민은행 | WM고객그룹 부행장 | 2023. 1월 | 상근,2026-09-16T11:31:24+09:00,000,raw/document/20240326000894.zip,ebb0fd8ac6fa520507561561019f546d42dad981cf7cb1dac84ade7eb19bba49
KB금융,지주,2023,20240326000894,[기재정정]사업보고서 (2023.12),20240326,겸직표,대상 계열사,1. 임원 및 직원 등의 현황 | IX. 계열회사 등에 관한 사항,미매핑,24,,,,,,,,,N,성 명 | 대상 계열사 | 직책 | 선임시기 | 비 고,KB증권 | WM부문장 부사장 | 2022. 1월 | 상근,2026-09-16T11:31:24+09:00,000,raw/document/20240326000894.zip,ebb0fd8ac6fa520507561561019f546d42dad981cf7cb1dac84ade7eb19bba49
KB금융,지주,2023,20240326000894,[기재정정]사업보고서 (2023.12),20240326,겸직표,대상 계열사,1. 임원 및 직원 등의 현황 | IX. 계열회사 등에 관한 사항,병합,2,권성기,국민은행,중소기업고객그룹 부행장,2023. 1월,상근,,,,Y,성 명 | 대상 계열사 | 직책 | 선임시기 | 비 고,권성기 | 국민은행 | 중소기업고객그룹 부행장 | 2023. 1월 | 상근,2026-09-16T11:31:24+09:00,000,raw/document/20240326000894.zip,ebb0fd8ac6fa520507561561019f546d42dad981cf7cb1dac84ade7eb19bba49
KB금융,지주,2023,20240326000894,[기재정정]사업보고서 (2023.12),20240326,겸직표,대상 계열사,1. 임원 및 직원 등의 현황 | IX. 계열회사 등에 관한 사항,병합,2,조남훈,국민은행,글로벌사업그룹 전무,2021. 1월,상근,,,,Y,성 명 | 대상 계열사 | 직책 | 선임시기 | 비 고,조남훈 | 국민은행 | 글로벌사업그룹 전무 | 2021. 1월 | 상근,2026-09-16T11:31:24+09:00,000,raw/document/20240326000894.zip,ebb0fd8ac6fa520507561561019f546d42dad981cf7cb1dac84ade7eb19bba49
KB금융,지주,2023,20240326000894,[기재정정]사업보고서 (2023.12),20240326,겸직표,대상 계열사,1. 임원 및 직원 등의 현황 | IX. 계열회사 등에 관한 사항,병합,2,조영서,국민은행,DT전략본부 전무,2021. 1월,상근,,,,Y,성 명 | 대상 계열사 | 직책 | 선임시기 | 비 고,조영서 | 국민은행 | DT전략본부 전무 | 2021. 1월 | 상근,2026-09-16T11:31:24+09:00,000,raw/document/20240326000894.zip,ebb0fd8ac6fa520507561561019f546d42dad981cf7cb1dac84ade7eb19bba49
KB금융,지주,2023,20240326000894,[기재정정]사업보고서 (2023.12),20240326,겸직표,대상 계열사,1. 임원 및 직원 등의 현황 | IX. 계열회사 등에 관한 사항,병합,2,윤진수,국민은행,테크그룹 부행장,2021. 1월,상근,,,,Y,성 명 | 대상 계열사 | 직책 | 선임시기 | 비 고,윤진수 | 국민은행 | 테크그룹 부행장 | 2021. 1월 | 상근,2026-09-16T11:31:24+09:00,000,raw/document/20240326000894.zip,ebb0fd8ac6fa520507561561019f546d42dad981cf7cb1dac84ade7eb19bba49
KB금융,지주,2023,20240326000894,[기재정정]사업보고서 (2023.12),20240326,겸직표,대상 계열사,1. 임원 및 직원 등의 현황 | IX. 계열회사 등에 관한 사항,병합,2,육창화,국민은행,데이터/AI본부 전무,2023. 1월,상근,,,,Y,성 명 | 대상 계열사 | 직책 | 선임시기 | 비 고,육창화 | 국민은행 | 데이터/AI본부 전무 | 2023. 1월 | 상근,2026-09-16T11:31:24+09:00,000,raw/document/20240326000894.zip,ebb0fd8ac6fa520507561561019f546d42dad981cf7cb1dac84ade7eb19bba49
KB금융,지주,2023,20240326000894,[기재정정]사업보고서 (2023.12),20240326,겸직표,대상 계열사,1. 임원 및 직원 등의 현황 | IX. 계열회사 등에 관한 사항,병합,2,전성표,국민은행,고객컨택그룹 전무,2023. 1월,상근,,,,Y,성 명 | 대상 계열사 | 직책 | 선임시기 | 비 고,전성표 | 국민은행 | 고객컨택그룹 전무 | 2023. 1월 | 상근,2026-09-16T11:31:24+09:00,000,raw/document/20240326000894.zip,ebb0fd8ac6fa520507561561019f546d42dad981cf7cb1dac84ade7eb19bba49
KB금융,지주,2023,20240326000894,[기재정정]사업보고서 (2023.12),20240326,겸직표,대상 계열사,1. 임원 및 직원 등의 현황 | IX. 계열회사 등에 관한 사항,병합,2,하 정,국민은행,자본시장그룹 부행장,2021. 1월,상근,,,,Y,성 명 | 대상 계열사 | 직책 | 선임시기 | 비 고,하 정 | 국민은행 | 자본시장그룹 부행장 | 2021. 1월 | 상근,2026-09-16T11:31:24+09:00,000,raw/document/20240326000894.zip,ebb0fd8ac6fa520507561561019f546d42dad981cf7cb1dac84ade7eb19bba49
KB금융,지주,2023,20240326000894,[기재정정]사업보고서 (2023.12),20240326,겸직표,대상 계열사,1. 임원 및 직원 등의 현황 | IX. 계열회사 등에 관한 사항,병합,2,강순배,국민은행,CIB고객그룹 부행장,2023. 1월,상근,,,,Y,성 명 | 대상 계열사 | 직책 | 선임시기 | 비 고,강순배 | 국민은행 | CIB고객그룹 부행장 | 2023. 1월 | 상근,2026-09-16T11:31:24+09:00,000,raw/document/20240326000894.zip,ebb0fd8ac6fa520507561561019f546d42dad981cf7cb1dac84ade7eb19bba49
KB금융,지주,2023,20240326000894,[기재정정]사업보고서 (2023.12),20240326,겸직표,대상 계열사,1. 임원 및 직원 등의 현황 | IX. 계열회사 등에 관한 사항,병합,2,강남채,국민은행,글로벌성장지원본부장,2022. 1월,상근,,,,Y,성 명 | 대상 계열사 | 직책 | 선임시기 | 비 고,강남채 | 국민은행 | 글로벌성장지원본부장 | 2022. 1월 | 상근,2026-09-16T11:31:24+09:00,000,raw/document/20240326000894.zip,ebb0fd8ac6fa520507561561019f546d42dad981cf7cb1dac84ade7eb19bba49
KB금융,지주,2023,20240326000894,[기재정정]사업보고서 (2023.12),20240326,겸직표,대상 계열사,1. 임원 및 직원 등의 현황 | IX. 계열회사 등에 관한 사항,병합,4,하 윤,국민은행,고객경험디자인센터장,2022. 1월,상근,,,,Y,성 명 | 대상 계열사 | 직책 | 선임시기 | 비 고,하 윤 | 국민은행 | 고객경험디자인센터장 | 2022. 1월 | 상근,2026-09-16T11:31:24+09:00,000,raw/document/20240326000894.zip,ebb0fd8ac6fa520507561561019f546d42dad981cf7cb1dac84ade7eb19bba49
KB금융,지주,2023,20240326000894,[기재정정]사업보고서 (2023.12),20240326,겸직표,대상 계열사,1. 임원 및 직원 등의 현황 | IX. 계열회사 등에 관한 사항,병합,2,허유심,국민은행,디지털콘텐츠센터 상무,2022. 1월,상근,,,,Y,성 명 | 대상 계열사 | 직책 | 선임시기 | 비 고,허유심 | 국민은행 | 디지털콘텐츠센터 상무 | 2022. 1월 | 상근,2026-09-16T11:31:24+09:00,000,raw/document/20240326000894.zip,ebb0fd8ac6fa520507561561019f546d42dad981cf7cb1dac84ade7eb19bba49
KB금융,지주,2023,20240326000894,[기재정정]사업보고서 (2023.12),20240326,겸직표,대상 계열사,1. 임원 및 직원 등의 현황 | IX. 계열회사 등에 관한 사항,병합,2,박기은,국민은행,테크혁신본부 전무,2021. 7월,상근,,,,Y,성 명 | 대상 계열사 | 직책 | 선임시기 | 비 고,박기은 | 국민은행 | 테크혁신본부 전무 | 2021. 7월 | 상근,2026-09-16T11:31:24+09:00,000,raw/document/20240326000894.zip,ebb0fd8ac6fa520507561561019f546d42dad981cf7cb1dac84ade7eb19bba49
KB금융,지주,2023,20240326000894,[기재정정]사업보고서 (2023.12),20240326,겸직표,대상 계열사,1. 임원 및 직원 등의 현황 | IX. 계열회사 등에 관한 사항,병합,4,김주현,국민은행,클라우드플랫폼부 본부본부장,2022. 2월,상근,,,,Y,성 명 | 대상 계열사 | 직책 | 선임시기 | 비 고,김주현 | 국민은행 | 클라우드플랫폼부 본부본부장 | 2022. 2월 | 상근,2026-09-16T11:31:24+09:00,000,raw/document/20240326000894.zip,ebb0fd8ac6fa520507561561019f546d42dad981cf7cb1dac84ade7eb19bba49
KB금융,지주,2023,20240326000894,[기재정정]사업보고서 (2023.12),20240326,겸직표,대상 계열사,1. 임원 및 직원 등의 현황 | IX. 계열회사 등에 관한 사항,병합,2,오순영,국민은행,금융AI센터 상무,2022. 6월,상근,,,,Y,성 명 | 대상 계열사 | 직책 | 선임시기 | 비 고,오순영 | 국민은행 | 금융AI센터 상무 | 2022. 6월 | 상근,2026-09-16T11:31:24+09:00,000,raw/document/20240326000894.zip,ebb0fd8ac6fa520507561561019f546d42dad981cf7cb1dac84ade7eb19bba49
KB금융,지주,2023,20240326000894,[기재정정]사업보고서 (2023.12),20240326,겸직표,대상 계열사,1. 임원 및 직원 등의 현황 | IX. 계열회사 등에 관한 사항,병합,2,박찬용,국민은행,기획조정부 전무,2022. 1월,상근,,,,Y,성 명 | 대상 계열사 | 직책 | 선임시기 | 비 고,박찬용 | 국민은행 | 기획조정부 전무 | 2022. 1월 | 상근,2026-09-16T11:31:24+09:00,000,raw/document/20240326000894.zip,ebb0fd8ac6fa520507561561019f546d42dad981cf7cb1dac84ade7eb19bba49
KB금융,지주,2023,20240326000894,[기재정정]사업보고서 (2023.12),20240326,겸직표,대상 계열사,1. 임원 및 직원 등의 현황 | IX. 계열회사 등에 관한 사항,병합,2,강민혁,국민은행,자본시장기획부 본부본부장,2023. 1월,상근,,,,Y,성 명 | 대상 계열사 | 직책 | 선임시기 | 비 고,강민혁 | 국민은행 | 자본시장기획부 본부본부장 | 2023. 1월 | 상근,2026-09-16T11:31:24+09:00,000,raw/document/20240326000894.zip,ebb0fd8ac6fa520507561561019f546d42dad981cf7cb1dac84ade7eb19bba49
KB금융,지주,2023,20240326000894,[기재정정]사업보고서 (2023.12),20240326,겸직표,대상 계열사,1. 임원 및 직원 등의 현황 | IX. 계열회사 등에 관한 사항,병합,2,김 신,국민은행,세일즈총괄(소속) 전무,2023. 10월,상근,,,,Y,성 명 | 대상 계열사 | 직책 | 선임시기 | 비 고,김 신 | 국민은행 | 세일즈총괄(소속) 전무 | 2023. 10월 | 상근,2026-09-16T11:31:24+09:00,000,raw/document/20240326000894.zip,ebb0fd8ac6fa520507561561019f546d42dad981cf7cb1dac84ade7eb19bba49
KB금융,지주,2023,20240326000894,[기재정정]사업보고서 (2023.12),20240326,겸직표,대상 계열사,1. 임원 및 직원 등의 현황 | IX. 계열회사 등에 관한 사항,병합,2,김세민,KB증권,기타비상무이사,2022. 6월,비상근,,,,Y,성 명 | 대상 계열사 | 직책 | 선임시기 | 비 고,김세민 | KB증권 | 기타비상무이사 | 2022. 6월 | 비상근,2026-09-16T11:31:24+09:00,000,raw/document/20240326000894.zip,ebb0fd8ac6fa520507561561019f546d42dad981cf7cb1dac84ade7eb19bba49
KB금융,지주,2023,20240326000894,[기재정정]사업보고서 (2023.12),20240326,겸직표,대상 계열사,1. 임원 및 직원 등의 현황 | IX. 계열회사 등에 관한 사항,병합,4,서영호,KB손해보험,기타비상무이사,2022. 2월,비상근,,,,Y,성 명 | 대상 계열사 | 직책 | 선임시기 | 비 고,서영호 | KB손해보험 | 기타비상무이사 | 2022. 2월 | 비상근,2026-09-16T11:31:24+09:00,000,raw/document/20240326000894.zip,ebb0fd8ac6fa520507561561019f546d42dad981cf7cb1dac84ade7eb19bba49
KB금융,지주,2023,20240326000894,[기재정정]사업보고서 (2023.12),20240326,겸직표,대상 계열사,1. 임원 및 직원 등의 현황 | IX. 계열회사 등에 관한 사항,병합,2,김경남,국민은행,ESG상생본부장 상무,2024. 1월,상근,,,,Y,성 명 | 대상 계열사 | 직책 | 선임시기 | 비 고,김경남 | 국민은행 | ESG상생본부장 상무 | 2024. 1월 | 상근,2026-09-16T11:31:24+09:00,000,raw/document/20240326000894.zip,ebb0fd8ac6fa520507561561019f546d42dad981cf7cb1dac84ade7eb19bba49
KB금융,지주,2023,20240326000894,[기재정정]사업보고서 (2023.12),20240326,겸직표,대상 계열사,1. 임원 및 직원 등의 현황 | IX. 계열회사 등에 관한 사항,병합,2,박진영,국민은행,브랜드홍보그룹대표 상무,2024. 1월,상근,,,,Y,성 명 | 대상 계열사 | 직책 | 선임시기 | 비 고,박진영 | 국민은행 | 브랜드홍보그룹대표 상무 | 2024. 1월 | 상근,2026-09-16T11:31:24+09:00,000,raw/document/20240326000894.zip,ebb0fd8ac6fa520507561561019f546d42dad981cf7cb1dac84ade7eb19bba49
KB금융,지주,2023,20240326000894,[기재정정]사업보고서 (2023.12),20240326,겸직표,대상 계열사,1. 임원 및 직원 등의 현황 | IX. 계열회사 등에 관한 사항,병합,2,정진호,국민은행,DT추진본부장 부행장,2024. 1월,상근,,,,Y,성 명 | 대상 계열사 | 직책 | 선임시기 | 비 고,정진호 | 국민은행 | DT추진본부장 부행장 | 2024. 1월 | 상근,2026-09-16T11:31:24+09:00,000,raw/document/20240326000894.zip,ebb0fd8ac6fa520507561561019f546d42dad981cf7cb1dac84ade7eb19bba49
KB금융,지주,2023,20240326000894,[기재정정]사업보고서 (2023.12),20240326,겸직표,대상 계열사,1. 임원 및 직원 등의 현황 | IX. 계열회사 등에 관한 사항,병합,2,육창화,국민은행,AI데이터혁신본부장 부행장,2024. 1월,상근,,,,Y,성 명 | 대상 계열사 | 직책 | 선임시기 | 비 고,육창화 | 국민은행 | AI데이터혁신본부장 부행장 | 2024. 1월 | 상근,2026-09-16T11:31:24+09:00,000,raw/document/20240326000894.zip,ebb0fd8ac6fa520507561561019f546d42dad981cf7cb1dac84ade7eb19bba49
KB금융,지주,2023,20240326000894,[기재정정]사업보고서 (2023.12),20240326,겸직표,대상 계열사,1. 임원 및 직원 등의 현황 | IX. 계열회사 등에 관한 사항,병합,2,오상원,국민은행,테크그룹대표 부행장,2024. 1월,상근,,,,Y,성 명 | 대상 계열사 | 직책 | 선임시기 | 비 고,오상원 | 국민은행 | 테크그룹대표 부행장 | 2024. 1월 | 상근,2026-09-16T11:31:24+09:00,000,raw/document/20240326000894.zip,ebb0fd8ac6fa520507561561019f546d42dad981cf7cb1dac84ade7eb19bba49
KB금융,지주,2023,20240326000894,[기재정정]사업보고서 (2023.12),20240326,겸직표,대상 계열사,1. 임원 및 직원 등의 현황 | IX. 계열회사 등에 관한 사항,병합,2,오순영,국민은행,금융AI센터장 상무,2022. 6월,상근,,,,Y,성 명 | 대상 계열사 | 직책 | 선임시기 | 비 고,오순영 | 국민은행 | 금융AI센터장 상무 | 2022. 6월 | 상근,2026-09-16T11:31:24+09:00,000,raw/document/20240326000894.zip,ebb0fd8ac6fa520507561561019f546d42dad981cf7cb1dac84ade7eb19bba49
KB금융,지주,2023,20240326000894,[기재정정]사업보고서 (2023.12),20240326,겸직표,대상 계열사,1. 임원 및 직원 등의 현황 | IX. 계열회사 등에 관한 사항,병합,2,박기은,국민은행,테크개발본부장 부행장,2024. 1월,상근,,,,Y,성 명 | 대상 계열사 | 직책 | 선임시기 | 비 고,박기은 | 국민은행 | 테크개발본부장 부행장 | 2024. 1월 | 상근,2026-09-16T11:31:24+09:00,000,raw/document/20240326000894.zip,ebb0fd8ac6fa520507561561019f546d42dad981cf7cb1dac84ade7eb19bba49
KB금융,지주,2023,20240326000894,[기재정정]사업보고서 (2023.12),20240326,겸직표,대상 계열사,1. 임원 및 직원 등의 현황 | IX. 계열회사 등에 관한 사항,병합,2,박찬용,국민은행,기획조정부장 부행장,2024. 1월,상근,,,,Y,성 명 | 대상 계열사 | 직책 | 선임시기 | 비 고,박찬용 | 국민은행 | 기획조정부장 부행장 | 2024. 1월 | 상근,2026-09-16T11:31:24+09:00,000,raw/document/20240326000894.zip,ebb0fd8ac6fa520507561561019f546d42dad981cf7cb1dac84ade7eb19bba49
KB금융,지주,2023,20240326000894,[기재정정]사업보고서 (2023.12),20240326,겸직표,대상 계열사,1. 임원 및 직원 등의 현황 | IX. 계열회사 등에 관한 사항,병합,2,나상록,KB캐피탈,기타비상무이사,2021. 3월,비상근,,,,Y,성 명 | 대상 계열사 | 직책 | 선임시기 | 비 고,나상록 | KB캐피탈 | 기타비상무이사 | 2021. 3월 | 비상근,2026-09-16T11:31:24+09:00,000,raw/document/20240326000894.zip,ebb0fd8ac6fa520507561561019f546d42dad981cf7cb1dac84ade7eb19bba49
JB금융지주,지주,2023,20240328001876,[기재정정]사업보고서 (2023.12),20240328,겸직표,대상 계열사,1. 임원 및 직원 등의 현황 | IX. 계열회사 등에 관한 사항,병합,4,송종근,(주)JB금융지주,부사장,,상근(미등기),,,,Y,성 명 | 대상 계열사 | 직 책 | 최초선임시기 | 비 고,송종근 | (주)JB금융지주 | 부사장 | 2023.02.01 | 상근(미등기),2026-09-22T12:00:21+09:00,000,raw/document/20240328001876.zip,ab0f5906b54517149f980651ce502a01235abc67223bbd19e0f896860fb764d0
JB금융지주,지주,2023,20240328001876,[기재정정]사업보고서 (2023.12),20240328,겸직표,대상 계열사,1. 임원 및 직원 등의 현황 | IX. 계열회사 등에 관한 사항,미매핑,60,,,,,,,,,N,성 명 | 대상 계열사 | 직 책 | 최초선임시기 | 비 고,전북은행 | 비상임이사 | 2023.03.30 | 비상근(등기),2026-09-22T12:00:21+09:00,000,raw/document/20240328001876.zip,ab0f5906b54517149f980651ce502a01235abc67223bbd19e0f896860fb764d0
JB금융지주,지주,2023,20240328001876,[기재정정]사업보고서 (2023.12),20240328,겸직표,대상 계열사,1. 임원 및 직원 등의 현황 | IX. 계열회사 등에 관한 사항,병합,6,송현,(주)JB금융지주,전무,,상근(미등기),,,,Y,성 명 | 대상 계열사 | 직 책 | 최초선임시기 | 비 고,송현 | (주)JB금융지주 | 전무 | 2021.04.01 | 상근(미등기),2026-09-22T12:00:21+09:00,000,raw/document/20240328001876.zip,ab0f5906b54517149f980651ce502a01235abc67223bbd19e0f896860fb764d0
JB금융지주,지주,2023,20240328001876,[기재정정]사업보고서 (2023.12),20240328,겸직표,대상 계열사,1. 임원 및 직원 등의 현황 | IX. 계열회사 등에 관한 사항,병합,4,김성철,(주)JB금융지주,전무,,상근(미등기),,,,Y,성 명 | 대상 계열사 | 직 책 | 최초선임시기 | 비 고,김성철 | (주)JB금융지주 | 전무 | 2023.01.01 | 상근(미등기),2026-09-22T12:00:21+09:00,000,raw/document/20240328001876.zip,ab0f5906b54517149f980651ce502a01235abc67223bbd19e0f896860fb764d0
JB금융지주,지주,2023,20240328001876,[기재정정]사업보고서 (2023.12),20240328,겸직표,대상 계열사,1. 임원 및 직원 등의 현황 | IX. 계열회사 등에 관한 사항,병합,2,이승국,(주)JB금융지주,전무,,상근(미등기),,,,Y,성 명 | 대상 계열사 | 직 책 | 최초선임시기 | 비 고,이승국 | (주)JB금융지주 | 전무 | 2019.05.01 | 상근(미등기),2026-09-22T12:00:21+09:00,000,raw/document/20240328001876.zip,ab0f5906b54517149f980651ce502a01235abc67223bbd19e0f896860fb764d0
JB금융지주,지주,2023,20240328001876,[기재정정]사업보고서 (2023.12),20240328,겸직표,대상 계열사,1. 임원 및 직원 등의 현황 | IX. 계열회사 등에 관한 사항,병합,4,박종춘,(주)JB금융지주,전무,,상근(미등기),,,,Y,성 명 | 대상 계열사 | 직 책 | 최초선임시기 | 비 고,박종춘 | (주)JB금융지주 | 전무 | 2019.12.01 | 상근(미등기),2026-09-22T12:00:21+09:00,000,raw/document/20240328001876.zip,ab0f5906b54517149f980651ce502a01235abc67223bbd19e0f896860fb764d0
JB금융지주,지주,2023,20240328001876,[기재정정]사업보고서 (2023.12),20240328,겸직표,대상 계열사,IX. 계열회사 등에 관한 사항,단독,2,권재중,(주)JB금융지주,부사장,,상근(미등기),,,,Y,성 명 | 대상 계열사 | 직 책 | 최초선임시기 | 비 고,권재중 | (주)JB금융지주 | 부사장 | 2019.04.01 | 상근(미등기),2026-09-22T12:00:21+09:00,000,raw/document/20240328001876.zip,ab0f5906b54517149f980651ce502a01235abc67223bbd19e0f896860fb764d0
JB금융지주,지주,2023,20240328001876,[기재정정]사업보고서 (2023.12),20240328,겸직표,대상 계열사,IX. 계열회사 등에 관한 사항,단독,2,김선호,(주)JB금융지주,상무,,상근(미등기),,,,Y,성 명 | 대상 계열사 | 직 책 | 최초선임시기 | 비 고,김선호 | (주)JB금융지주 | 상무 | 2021.01.01 | 상근(미등기),2026-09-22T12:00:21+09:00,000,raw/document/20240328001876.zip,ab0f5906b54517149f980651ce502a01235abc67223bbd19e0f896860fb764d0
JB금융지주,지주,2023,20240328001876,[기재정정]사업보고서 (2023.12),20240328,겸직표,대상 계열사,IX. 계열회사 등에 관한 사항,단독,2,이승국,(주)JB금융지주,상무,,상근(미등기),,,,Y,성 명 | 대상 계열사 | 직 책 | 최초선임시기 | 비 고,이승국 | (주)JB금융지주 | 상무 | 2019.05.01 | 상근(미등기),2026-09-22T12:00:21+09:00,000,raw/document/20240328001876.zip,ab0f5906b54517149f980651ce502a01235abc67223bbd19e0f896860fb764d0
JB금융지주,지주,2023,20240328001876,[기재정정]사업보고서 (2023.12),20240328,겸직표,대상 계열사,IX. 계열회사 등에 관한 사항,단독,2,박종춘,(주)JB금융지주,상무,,상근(미등기),,,,Y,성 명 | 대상 계열사 | 직 책 | 최초선임시기 | 비 고,박종춘 | (주)JB금융지주 | 상무 | 2019.12.01 | 상근(미등기),2026-09-22T12:00:21+09:00,000,raw/document/20240328001876.zip,ab0f5906b54517149f980651ce502a01235abc67223bbd19e0f896860fb764d0
농협금융지주,지주,2023,20240329003569,사업보고서 (2023.12),20240329,겸직표,대상 계열사,IX. 계열회사 등에 관한 사항,단독,1,김용기,농협은행,글로벌사업부문장,2022 년 1 월,상근,,,,Y,성명 | 대상 계열사 | 직책 | 선임시기 | 비고,김용기 | 농협은행 | 글로벌사업부문장 | 2022 년 1 월 | 상근,2026-09-22T12:01:23+09:00,000,raw/document/20240329003569.zip,5671168f7de4f4d69ff97ce7880cd1a1a0abde29bd3a6b26e23088bdfa93403b
농협금융지주,지주,2023,20240329003569,사업보고서 (2023.12),20240329,겸직표,대상 계열사,IX. 계열회사 등에 관한 사항,단독,1,오유성,NH 농협리츠운용,감사,2023 년 1 월,비상근,,,,N,성명 | 대상 계열사 | 직책 | 선임시기 | 비고,오유성 | NH 농협리츠운용 | 감사 | 2023 년 1 월 | 비상근,2026-09-22T12:01:23+09:00,000,raw/document/20240329003569.zip,5671168f7de4f4d69ff97ce7880cd1a1a0abde29bd3a6b26e23088bdfa93403b
농협금융지주,지주,2023,20240329003569,사업보고서 (2023.12),20240329,겸직표,대상 계열사,IX. 계열회사 등에 관한 사항,단독,1,이성남,NH 벤처투자,감사,2023 년 1 월,비상근,,,,Y,성명 | 대상 계열사 | 직책 | 선임시기 | 비고,이성남 | NH 벤처투자 | 감사 | 2023 년 1 월 | 비상근,2026-09-22T12:01:23+09:00,000,raw/document/20240329003569.zip,5671168f7de4f4d69ff97ce7880cd1a1a0abde29bd3a6b26e23088bdfa93403b
농협금융지주,지주,2023,20240329003569,사업보고서 (2023.12),20240329,겸직표,대상 계열사,IX. 계열회사 등에 관한 사항,단독,1,정민규,NH 벤처투자,비상임이사,2023 년 1 월,비상근,,,,Y,성명 | 대상 계열사 | 직책 | 선임시기 | 비고,정민규 | NH 벤처투자 | 비상임이사 | 2023 년 1 월 | 비상근,2026-09-22T12:01:23+09:00,000,raw/document/20240329003569.zip,5671168f7de4f4d69ff97ce7880cd1a1a0abde29bd3a6b26e23088bdfa93403b
농협금융지주,지주,2023,20240329003569,사업보고서 (2023.12),20240329,겸직표,대상 계열사,IX. 계열회사 등에 관한 사항,단독,1,정해웅,NH 헤지자산운용,비상임이사,2023 년 1 월,비상근,,,,Y,성명 | 대상 계열사 | 직책 | 선임시기 | 비고,정해웅 | NH 헤지자산운용 | 비상임이사 | 2023 년 1 월 | 비상근,2026-09-22T12:01:23+09:00,000,raw/document/20240329003569.zip,5671168f7de4f4d69ff97ce7880cd1a1a0abde29bd3a6b26e23088bdfa93403b
농협금융지주,지주,2023,20240329003569,사업보고서 (2023.12),20240329,겸직표,대상 계열사,IX. 계열회사 등에 관한 사항,단독,1,강신노 (주 ),농협은행,리스크관리부문장,2023 년 1 월,상근,,,,Y,성명 | 대상 계열사 | 직책 | 선임시기 | 비고,강신노 (주 ) | 농협은행 | 리스크관리부문장 | 2023 년 1 월 | 상근,2026-09-22T12:01:23+09:00,000,raw/document/20240329003569.zip,5671168f7de4f4d69ff97ce7880cd1a1a0abde29bd3a6b26e23088bdfa93403b
농협금융지주,지주,2023,20240329003569,사업보고서 (2023.12),20240329,겸직표,대상 계열사,IX. 계열회사 등에 관한 사항,단독,1,강태영 (주 ),농협은행,디지털금융부문장,2023 년 1 월,상근,,,,Y,성명 | 대상 계열사 | 직책 | 선임시기 | 비고,강태영 (주 ) | 농협은행 | 디지털금융부문장 | 2023 년 1 월 | 상근,2026-09-22T12:01:23+09:00,000,raw/document/20240329003569.zip,5671168f7de4f4d69ff97ce7880cd1a1a0abde29bd3a6b26e23088bdfa93403b
농협금융지주,지주,2023,20240329003569,사업보고서 (2023.12),20240329,겸직표,대상 계열사,IX. 계열회사 등에 관한 사항,단독,1,길정섭 (주 ),농협은행,에셋전략부문장,2023 년 1 월,상근,,,,Y,성명 | 대상 계열사 | 직책 | 선임시기 | 비고,길정섭 (주 ) | 농협은행 | 에셋전략부문장 | 2023 년 1 월 | 상근,2026-09-22T12:01:23+09:00,000,raw/document/20240329003569.zip,5671168f7de4f4d69ff97ce7880cd1a1a0abde29bd3a6b26e23088bdfa93403b
메리츠화재해상보험,보험자회사,2023,20240401003572,사업보고서 (2023.12),20240401,겸직표,계열회사 겸직내역,IX. 계열회사 등에 관한 사항,단독,1,김명애(등기임원),,사외이사,,비상근(미등기임원),,,,N,겸직대상자 | 계열회사 겸직내역·대상 계열회사 | 계열회사 겸직내역·직책 | 계열회사 겸직내역·상근여부,김명애(등기임원) | 메리츠금융지주 | 사외이사 | 비상근(미등기임원),2026-09-16T11:35:43+09:00,000,raw/document/20240401003572.zip,2daaba65baab3821893ab1ea187ba381a4a056eb97090c4fbaa0feb8f567ff92
메리츠화재해상보험,보험자회사,2023,20240401003572,사업보고서 (2023.12),20240401,겸직표,계열회사 겸직내역,IX. 계열회사 등에 관한 사항,단독,1,김종민 ( 미등기임원 ),,그룹운용부문,,상근 (미등기임원 ),,,,N,겸직대상자 | 계열회사 겸직내역·대상 계열회사 | 계열회사 겸직내역·직책 | 계열회사 겸직내역·상근여부,김종민 ( 미등기임원 ) | 메리츠금융지주 | 그룹운용부문 | 상근 (미등기임원 ),2026-09-16T11:35:43+09:00,000,raw/document/20240401003572.zip,2daaba65baab3821893ab1ea187ba381a4a056eb97090c4fbaa0feb8f567ff92
메리츠화재해상보험,보험자회사,2023,20240401003572,사업보고서 (2023.12),20240401,겸직표,계열회사 겸직내역,IX. 계열회사 등에 관한 사항,단독,1,김경환 ( 미등기임원 ),,그룹부채부문,,상근 (미등기임원 ),,,,N,겸직대상자 | 계열회사 겸직내역·대상 계열회사 | 계열회사 겸직내역·직책 | 계열회사 겸직내역·상근여부,김경환 ( 미등기임원 ) | 메리츠금융지주 | 그룹부채부문 | 상근 (미등기임원 ),2026-09-16T11:35:43+09:00,000,raw/document/20240401003572.zip,2daaba65baab3821893ab1ea187ba381a4a056eb97090c4fbaa0feb8f567ff92
메리츠화재해상보험,보험자회사,2023,20240401003572,사업보고서 (2023.12),20240401,겸직표,계열회사 겸직내역,IX. 계열회사 등에 관한 사항,단독,1,한정원 (미등기임원),,브랜드홍보총괄,,상근(미등기임원),,,,N,겸직대상자 | 계열회사 겸직내역·대상 계열회사 | 계열회사 겸직내역·직책 | 계열회사 겸직내역·상근여부,한정원 (미등기임원) | 메리츠금융지주 | 브랜드홍보총괄 | 상근(미등기임원),2026-09-16T11:35:43+09:00,000,raw/document/20240401003572.zip,2daaba65baab3821893ab1ea187ba381a4a056eb97090c4fbaa0feb8f567ff92
메리츠화재해상보험,보험자회사,2023,20240401003572,사업보고서 (2023.12),20240401,겸직표,계열회사 겸직내역,IX. 계열회사 등에 관한 사항,미매핑,1,,,,,,,,,N,겸직대상자 | 계열회사 겸직내역·대상 계열회사 | 계열회사 겸직내역·직책 | 계열회사 겸직내역·상근여부,메리츠증권 | 홍보본부장 | 상근(미등기임원),2026-09-16T11:35:43+09:00,000,raw/document/20240401003572.zip,2daaba65baab3821893ab1ea187ba381a4a056eb97090c4fbaa0feb8f567ff92
메리츠화재해상보험,보험자회사,2023,20240401003572,사업보고서 (2023.12),20240401,겸직표,계열회사 겸직내역,IX. 계열회사 등에 관한 사항,단독,1,김정일 ( 미등기임원 ),,그룹부채부문,,상근 (미등기임원 ),,,,N,겸직대상자 | 계열회사 겸직내역·대상 계열회사 | 계열회사 겸직내역·직책 | 계열회사 겸직내역·상근여부,김정일 ( 미등기임원 ) | 메리츠금융지주 | 그룹부채부문 | 상근 (미등기임원 ),2026-09-16T11:35:43+09:00,000,raw/document/20240401003572.zip,2daaba65baab3821893ab1ea187ba381a4a056eb97090c4fbaa0feb8f567ff92
메리츠화재해상보험,보험자회사,2023,20240401003572,사업보고서 (2023.12),20240401,겸직표,계열회사 겸직내역,IX. 계열회사 등에 관한 사항,단독,1,오종원 (미등기임원),,위험관리책임자/CRO,,상근(미등기임원),,,,N,겸직대상자 | 계열회사 겸직내역·대상 계열회사 | 계열회사 겸직내역·직책 | 계열회사 겸직내역·상근여부,오종원 (미등기임원) | 메리츠금융지주 | 위험관리책임자/CRO | 상근(미등기임원),2026-09-16T11:35:43+09:00,000,raw/document/20240401003572.zip,2daaba65baab3821893ab1ea187ba381a4a056eb97090c4fbaa0feb8f567ff92
메리츠화재해상보험,보험자회사,2023,20240401003572,사업보고서 (2023.12),20240401,겸직표,계열회사 겸직내역,IX. 계열회사 등에 관한 사항,단독,1,은상영 ( 미등기임원 ),,그룹부채부문,,상근 (미등기임원 ),,,,N,겸직대상자 | 계열회사 겸직내역·대상 계열회사 | 계열회사 겸직내역·직책 | 계열회사 겸직내역·상근여부,은상영 ( 미등기임원 ) | 메리츠금융지주 | 그룹부채부문 | 상근 (미등기임원 ),2026-09-16T11:35:43+09:00,000,raw/document/20240401003572.zip,2daaba65baab3821893ab1ea187ba381a4a056eb97090c4fbaa0feb8f567ff92
KB라이프생명보험,보험자회사,2023,20240429000408,[기재정정]사업보고서 (2023.12),20240429,겸직표,대상회사,1. 임원 및 직원 등의 현황,단독,1,-,-,-,-,,,,,N,성 명 | 대상회사 | 직책 | 선임시기,- | - | - | -,2026-09-16T11:37:07+09:00,000,raw/document/20240429000408.zip,8c7bf3775f8acc4a46457e63f848158f5c65578b912e4fb7dcb02071f77318ec
KB라이프생명보험,보험자회사,2023,20240429000408,[기재정정]사업보고서 (2023.12),20240429,겸직표,대상 계열사,1. 임원 및 직원 등의 현황 | IX. 계열회사 등에 관한 사항,병합,2,김세민,KB금융지주,전무,2022.05,상근,,,,Y,성 명 | 대상 계열사 | 직책 | 선임시기 | 비 고,김세민 | KB금융지주 | 전무 | 2022.05 | 상근,2026-09-16T11:37:07+09:00,000,raw/document/20240429000408.zip,8c7bf3775f8acc4a46457e63f848158f5c65578b912e4fb7dcb02071f77318ec
KB라이프생명보험,보험자회사,2023,20240429000408,[기재정정]사업보고서 (2023.12),20240429,겸직표,대상 계열사,1. 임원 및 직원 등의 현황 | IX. 계열회사 등에 관한 사항,병합,4,김세민,KB증권,기타비상무이사,2022.06,비상근,,,,Y,성 명 | 대상 계열사 | 직책 | 선임시기 | 비 고,김세민 | KB증권 | 기타비상무이사 | 2022.06 | 비상근,2026-09-16T11:37:07+09:00,000,raw/document/20240429000408.zip,8c7bf3775f8acc4a46457e63f848158f5c65578b912e4fb7dcb02071f77318ec
KB라이프생명보험,보험자회사,2023,20240429000408,[기재정정]사업보고서 (2023.12),20240429,겸직표,대상 계열사,1. 임원 및 직원 등의 현황 | IX. 계열회사 등에 관한 사항,병합,4,안진희,KB라이프파트너스,기타비상무이사,2022.05,비상근,,,,N,성 명 | 대상 계열사 | 직책 | 선임시기 | 비 고,안진희 | KB라이프파트너스 | 기타비상무이사 | 2022.05 | 비상근,2026-09-16T11:37:07+09:00,000,raw/document/20240429000408.zip,8c7bf3775f8acc4a46457e63f848158f5c65578b912e4fb7dcb02071f77318ec
KB라이프생명보험,보험자회사,2023,20240429000408,[기재정정]사업보고서 (2023.12),20240429,겸직표,대상 계열사,1. 임원 및 직원 등의 현황 | IX. 계열회사 등에 관한 사항,병합,2,홍한택,골든라이프케어,기타비상무이사,2023.10,비상근,,,,N,성 명 | 대상 계열사 | 직책 | 선임시기 | 비 고,홍한택 | 골든라이프케어 | 기타비상무이사 | 2023.10 | 비상근,2026-09-16T11:37:07+09:00,000,raw/document/20240429000408.zip,8c7bf3775f8acc4a46457e63f848158f5c65578b912e4fb7dcb02071f77318ec
KB라이프생명보험,보험자회사,2023,20240429000408,[기재정정]사업보고서 (2023.12),20240429,겸직표,대상 계열사,1. 임원 및 직원 등의 현황 | IX. 계열회사 등에 관한 사항,병합,4,정자영,골든라이프케어,기타비상무이사,2023.10,비상근,,,,N,성 명 | 대상 계열사 | 직책 | 선임시기 | 비 고,정자영 | 골든라이프케어 | 기타비상무이사 | 2023.10 | 비상근,2026-09-16T11:37:07+09:00,000,raw/document/20240429000408.zip,8c7bf3775f8acc4a46457e63f848158f5c65578b912e4fb7dcb02071f77318ec
KB라이프생명보험,보험자회사,2023,20240429000408,[기재정정]사업보고서 (2023.12),20240429,겸직표,대상 계열사,1. 임원 및 직원 등의 현황 | IX. 계열회사 등에 관한 사항,병합,2,김세민,KB국민카드,부사장,2024.01,상근,,,,Y,성 명 | 대상 계열사 | 직책 | 선임시기 | 비 고,김세민 | KB국민카드 | 부사장 | 2024.01 | 상근,2026-09-16T11:37:07+09:00,000,raw/document/20240429000408.zip,8c7bf3775f8acc4a46457e63f848158f5c65578b912e4fb7dcb02071f77318ec
KB라이프생명보험,보험자회사,2023,20240429000408,[기재정정]사업보고서 (2023.12),20240429,겸직표,대상 계열사,1. 임원 및 직원 등의 현황 | IX. 계열회사 등에 관한 사항,병합,2,박민하,골든라이프케어,기타비상무이사,2024.01,비상근,,,,N,성 명 | 대상 계열사 | 직책 | 선임시기 | 비 고,박민하 | 골든라이프케어 | 기타비상무이사 | 2024.01 | 비상근,2026-09-16T11:37:07+09:00,000,raw/document/20240429000408.zip,8c7bf3775f8acc4a46457e63f848158f5c65578b912e4fb7dcb02071f77318ec
KB손해보험,보험자회사,2023,20240430000217,[기재정정]사업보고서 (2023.12),20240430,겸직표,대상 계열사,1. 임원 및 직원 등의 현황 | IX. 계열회사 등에 관한 사항,병합,2,서영호,KB금융지주,재무총괄 부사장,2022-02-04,상근,,,,Y,성 명 | 대상 계열사 | 직책 | 선임시기 | 비 고,서영호 | KB금융지주 | 재무총괄 부사장 | 2022-02-04 | 상근,2026-09-16T11:39:54+09:00,000,raw/document/20240430000217.zip,80977d27bec6e9de92e7ccd043da82399bc84f57799678f30d3db7282a3b7e8d
KB손해보험,보험자회사,2023,20240430000217,[기재정정]사업보고서 (2023.12),20240430,겸직표,대상 계열사,1. 임원 및 직원 등의 현황 | IX. 계열회사 등에 관한 사항,병합,3,서영호,KB국민카드,기타비상무이사,2022-03-30,비상근,,,,Y,성 명 | 대상 계열사 | 직책 | 선임시기 | 비 고,서영호 | KB국민카드 | 기타비상무이사 | 2022-03-30 | 비상근,2026-09-16T11:39:54+09:00,000,raw/document/20240430000217.zip,80977d27bec6e9de92e7ccd043da82399bc84f57799678f30d3db7282a3b7e8d
KB손해보험,보험자회사,2023,20240430000217,[기재정정]사업보고서 (2023.12),20240430,겸직표,대상 계열사,1. 임원 및 직원 등의 현황 | IX. 계열회사 등에 관한 사항,병합,2,최재영,KB금융지주,WM/연금 총괄,2022-01-01,상근,,,,Y,성 명 | 대상 계열사 | 직책 | 선임시기 | 비 고,최재영 | KB금융지주 | WM/연금 총괄 | 2022-01-01 | 상근,2026-09-16T11:39:54+09:00,000,raw/document/20240430000217.zip,80977d27bec6e9de92e7ccd043da82399bc84f57799678f30d3db7282a3b7e8d
KB손해보험,보험자회사,2023,20240430000217,[기재정정]사업보고서 (2023.12),20240430,겸직표,대상 계열사,1. 임원 및 직원 등의 현황 | IX. 계열회사 등에 관한 사항,병합,2,최재영,KB국민은행,WM고객그룹 부행장,2022-01-01,상근,,,,Y,성 명 | 대상 계열사 | 직책 | 선임시기 | 비 고,최재영 | KB국민은행 | WM고객그룹 부행장 | 2022-01-01 | 상근,2026-09-16T11:39:54+09:00,000,raw/document/20240430000217.zip,80977d27bec6e9de92e7ccd043da82399bc84f57799678f30d3db7282a3b7e8d
KB손해보험,보험자회사,2023,20240430000217,[기재정정]사업보고서 (2023.12),20240430,겸직표,대상 계열사,1. 임원 및 직원 등의 현황 | IX. 계열회사 등에 관한 사항,병합,2,최재영,KB증권,WM부문장 부사장,2022-01-01,상근,,,,Y,성 명 | 대상 계열사 | 직책 | 선임시기 | 비 고,최재영 | KB증권 | WM부문장 부사장 | 2022-01-01 | 상근,2026-09-16T11:39:54+09:00,000,raw/document/20240430000217.zip,80977d27bec6e9de92e7ccd043da82399bc84f57799678f30d3db7282a3b7e8d
KB손해보험,보험자회사,2023,20240430000217,[기재정정]사업보고서 (2023.12),20240430,겸직표,대상 계열사,1. 임원 및 직원 등의 현황 | IX. 계열회사 등에 관한 사항,병합,2,전점식,케이비손해사정,기타비상무이사,2020-01-01,비상근,,,,Y,성 명 | 대상 계열사 | 직책 | 선임시기 | 비 고,전점식 | 케이비손해사정 | 기타비상무이사 | 2020-01-01 | 비상근,2026-09-16T11:39:54+09:00,000,raw/document/20240430000217.zip,80977d27bec6e9de92e7ccd043da82399bc84f57799678f30d3db7282a3b7e8d
KB손해보험,보험자회사,2023,20240430000217,[기재정정]사업보고서 (2023.12),20240430,겸직표,대상 계열사,1. 임원 및 직원 등의 현황 | IX. 계열회사 등에 관한 사항,병합,3,김 혁,케이비손해사정,기타비상무이사,2022-01-01,비상근,,,,Y,성 명 | 대상 계열사 | 직책 | 선임시기 | 비 고,김 혁 | 케이비손해사정 | 기타비상무이사 | 2022-01-01 | 비상근,2026-09-16T11:39:54+09:00,000,raw/document/20240430000217.zip,80977d27bec6e9de92e7ccd043da82399bc84f57799678f30d3db7282a3b7e8d
KB손해보험,보험자회사,2023,20240430000217,[기재정정]사업보고서 (2023.12),20240430,겸직표,대상 계열사,1. 임원 및 직원 등의 현황 | IX. 계열회사 등에 관한 사항,병합,3,정성욱,"Leading Insurance Services, Inc.",이사,2023-01-01,비상근,,,,N,성 명 | 대상 계열사 | 직책 | 선임시기 | 비 고,"정성욱 | Leading Insurance Services, Inc. | 이사 | 2023-01-01 | 비상근",2026-09-16T11:39:54+09:00,000,raw/document/20240430000217.zip,80977d27bec6e9de92e7ccd043da82399bc84f57799678f30d3db7282a3b7e8d
KB손해보험,보험자회사,2023,20240430000217,[기재정정]사업보고서 (2023.12),20240430,겸직표,대상 계열사,1. 임원 및 직원 등의 현황 | IX. 계열회사 등에 관한 사항,병합,3,정성욱,PT. KB Insurance Indonesia,이사,2023-10-25,비상근,,,,N,성 명 | 대상 계열사 | 직책 | 선임시기 | 비 고,정성욱 | PT. KB Insurance Indonesia | 이사 | 2023-10-25 | 비상근,2026-09-16T11:39:54+09:00,000,raw/document/20240430000217.zip,80977d27bec6e9de92e7ccd043da82399bc84f57799678f30d3db7282a3b7e8d
KB손해보험,보험자회사,2023,20240430000217,[기재정정]사업보고서 (2023.12),20240430,겸직표,대상 계열사,1. 임원 및 직원 등의 현황 | IX. 계열회사 등에 관한 사항,병합,2,조경희,케이비골든라이프케어,기타비상무이사,2021-01-01,비상근,,,,N,성 명 | 대상 계열사 | 직책 | 선임시기 | 비 고,조경희 | 케이비골든라이프케어 | 기타비상무이사 | 2021-01-01 | 비상근,2026-09-16T11:39:54+09:00,000,raw/document/20240430000217.zip,80977d27bec6e9de92e7ccd043da82399bc84f57799678f30d3db7282a3b7e8d
KB손해보험,보험자회사,2023,20240430000217,[기재정정]사업보고서 (2023.12),20240430,겸직표,대상 계열사,1. 임원 및 직원 등의 현황 | IX. 계열회사 등에 관한 사항,병합,3,고창영,케이비헬스케어,기타비상무이사,2023-01-01,비상근,,,,N,성 명 | 대상 계열사 | 직책 | 선임시기 | 비 고,고창영 | 케이비헬스케어 | 기타비상무이사 | 2023-01-01 | 비상근,2026-09-16T11:39:54+09:00,000,raw/document/20240430000217.zip,80977d27bec6e9de92e7ccd043da82399bc84f57799678f30d3db7282a3b7e8d
KB손해보험,보험자회사,2023,20240430000217,[기재정정]사업보고서 (2023.12),20240430,겸직표,대상 계열사,1. 임원 및 직원 등의 현황,단독,1,서영호,KB금융지주,글로벌사업부문장 부사장,2022-02-04,상근,,,,Y,성 명 | 대상 계열사 | 직책 | 선임시기 | 비 고,서영호 | KB금융지주 | 글로벌사업부문장 부사장 | 2022-02-04 | 상근,2026-09-16T11:39:54+09:00,000,raw/document/20240430000217.zip,80977d27bec6e9de92e7ccd043da82399bc84f57799678f30d3db7282a3b7e8d
KB손해보험,보험자회사,2023,20240430000217,[기재정정]사업보고서 (2023.12),20240430,겸직표,대상 계열사,1. 임원 및 직원 등의 현황,단독,1,박찬일,케이비손해사정,기타비상무이사,2024-01-01,비상근,,,,Y,성 명 | 대상 계열사 | 직책 | 선임시기 | 비 고,박찬일 | 케이비손해사정 | 기타비상무이사 | 2024-01-01 | 비상근,2026-09-16T11:39:54+09:00,000,raw/document/20240430000217.zip,80977d27bec6e9de92e7ccd043da82399bc84f57799678f30d3db7282a3b7e8d
iM금융지주,지주,2023,20240430000805,[기재정정]사업보고서 (2023.12),20240430,겸직표,대상회사,1. 임원 및 직원 등의 현황,단독,2,조강래,(주)에이비즈파트너스,부회장,2019.02,,,,,N,성 명 | 대상회사 | 직 책 | 선임시기,조강래 | (주)에이비즈파트너스 | 부회장 | 2019.02,2026-09-16T11:42:26+09:00,000,raw/document/20240430000805.zip,b9ab4327bd82893355e3e827d45e1da43fdc3a50ac308df7dcd79394ec08e46c
iM금융지주,지주,2023,20240430000805,[기재정정]사업보고서 (2023.12),20240430,겸직표,대상 계열사,1. 임원 및 직원 등의 현황 | IX. 계열회사 등에 관한 사항,병합,2,김철호,㈜DGB유페이,감사,2023.01,비상근(등기),,,,N,성 명 | 대상 계열사 | 직 책 | 선임시기 | 비 고,김철호 | ㈜DGB유페이 | 감사 | 2023.01 | 비상근(등기),2026-09-16T11:42:26+09:00,000,raw/document/20240430000805.zip,b9ab4327bd82893355e3e827d45e1da43fdc3a50ac308df7dcd79394ec08e46c
iM금융지주,지주,2023,20240430000805,[기재정정]사업보고서 (2023.12),20240430,겸직표,대상 계열사,1. 임원 및 직원 등의 현황 | IX. 계열회사 등에 관한 사항,병합,2,신현진,하이투자증권 (주),전무,2023.11,상근(미등기),,,,Y,성 명 | 대상 계열사 | 직 책 | 선임시기 | 비 고,신현진 | 하이투자증권 (주) | 전무 | 2023.11 | 상근(미등기),2026-09-16T11:42:26+09:00,000,raw/document/20240430000805.zip,b9ab4327bd82893355e3e827d45e1da43fdc3a50ac308df7dcd79394ec08e46c
iM금융지주,지주,2023,20240430000805,[기재정정]사업보고서 (2023.12),20240430,겸직표,대상 계열사,1. 임원 및 직원 등의 현황 | IX. 계열회사 등에 관한 사항,병합,4,천병규,하이투자증권 (주),이사,2023.03,비상근(등기),,,,Y,성 명 | 대상 계열사 | 직 책 | 선임시기 | 비 고,천병규 | 하이투자증권 (주) | 이사 | 2023.03 | 비상근(등기),2026-09-16T11:42:26+09:00,000,raw/document/20240430000805.zip,b9ab4327bd82893355e3e827d45e1da43fdc3a50ac308df7dcd79394ec08e46c
iM금융지주,지주,2023,20240430000805,[기재정정]사업보고서 (2023.12),20240430,겸직표,대상 계열사,1. 임원 및 직원 등의 현황 | IX. 계열회사 등에 관한 사항,병합,4,진영수,㈜대구은행,상무,2023.01,상근(미등기),,,,Y,성 명 | 대상 계열사 | 직 책 | 선임시기 | 비 고,진영수 | ㈜대구은행 | 상무 | 2023.01 | 상근(미등기),2026-09-16T11:42:26+09:00,000,raw/document/20240430000805.zip,b9ab4327bd82893355e3e827d45e1da43fdc3a50ac308df7dcd79394ec08e46c
iM금융지주,지주,2023,20240430000805,[기재정정]사업보고서 (2023.12),20240430,겸직표,대상 계열사,1. 임원 및 직원 등의 현황 | IX. 계열회사 등에 관한 사항,병합,2,성태문,㈜DGB유페이,감사,2024.01,비상근(등기),,,,N,성 명 | 대상 계열사 | 직 책 | 선임시기 | 비 고,성태문 | ㈜DGB유페이 | 감사 | 2024.01 | 비상근(등기),2026-09-16T11:42:26+09:00,000,raw/document/20240430000805.zip,b9ab4327bd82893355e3e827d45e1da43fdc3a50ac308df7dcd79394ec08e46c
메리츠화재해상보험,보험자회사,2023,20240430000865,[기재정정]사업보고서 (2023.12),20240430,겸직표,계열회사 겸직내역,IX. 계열회사 등에 관한 사항,단독,1,김명애(등기임원),,사외이사,,비상근(미등기임원),,,,N,겸직대상자 | 계열회사 겸직내역·대상 계열회사 | 계열회사 겸직내역·직책 | 계열회사 겸직내역·상근여부,김명애(등기임원) | 메리츠금융지주 | 사외이사 | 비상근(미등기임원),2026-09-16T11:42:50+09:00,000,raw/document/20240430000865.zip,e0454f53de48d52a72c0438c9f7966e902bcd0ff7935464606c2f47b09eb505e
메리츠화재해상보험,보험자회사,2023,20240430000865,[기재정정]사업보고서 (2023.12),20240430,겸직표,계열회사 겸직내역,IX. 계열회사 등에 관한 사항,단독,1,김종민 ( 미등기임원 ),,그룹운용부문,,상근 (미등기임원 ),,,,N,겸직대상자 | 계열회사 겸직내역·대상 계열회사 | 계열회사 겸직내역·직책 | 계열회사 겸직내역·상근여부,김종민 ( 미등기임원 ) | 메리츠금융지주 | 그룹운용부문 | 상근 (미등기임원 ),2026-09-16T11:42:50+09:00,000,raw/document/20240430000865.zip,e0454f53de48d52a72c0438c9f7966e902bcd0ff7935464606c2f47b09eb505e
메리츠화재해상보험,보험자회사,2023,20240430000865,[기재정정]사업보고서 (2023.12),20240430,겸직표,계열회사 겸직내역,IX. 계열회사 등에 관한 사항,단독,1,김경환 ( 미등기임원 ),,그룹부채부문,,상근 (미등기임원 ),,,,N,겸직대상자 | 계열회사 겸직내역·대상 계열회사 | 계열회사 겸직내역·직책 | 계열회사 겸직내역·상근여부,김경환 ( 미등기임원 ) | 메리츠금융지주 | 그룹부채부문 | 상근 (미등기임원 ),2026-09-16T11:42:50+09:00,000,raw/document/20240430000865.zip,e0454f53de48d52a72c0438c9f7966e902bcd0ff7935464606c2f47b09eb505e
메리츠화재해상보험,보험자회사,2023,20240430000865,[기재정정]사업보고서 (2023.12),20240430,겸직표,계열회사 겸직내역,IX. 계열회사 등에 관한 사항,단독,1,한정원 (미등기임원),,브랜드홍보총괄,,상근(미등기임원),,,,N,겸직대상자 | 계열회사 겸직내역·대상 계열회사 | 계열회사 겸직내역·직책 | 계열회사 겸직내역·상근여부,한정원 (미등기임원) | 메리츠금융지주 | 브랜드홍보총괄 | 상근(미등기임원),2026-09-16T11:42:50+09:00,000,raw/document/20240430000865.zip,e0454f53de48d52a72c0438c9f7966e902bcd0ff7935464606c2f47b09eb505e
메리츠화재해상보험,보험자회사,2023,20240430000865,[기재정정]사업보고서 (2023.12),20240430,겸직표,계열회사 겸직내역,IX. 계열회사 등에 관한 사항,미매핑,1,,,,,,,,,N,겸직대상자 | 계열회사 겸직내역·대상 계열회사 | 계열회사 겸직내역·직책 | 계열회사 겸직내역·상근여부,메리츠증권 | 홍보본부장 | 상근(미등기임원),2026-09-16T11:42:50+09:00,000,raw/document/20240430000865.zip,e0454f53de48d52a72c0438c9f7966e902bcd0ff7935464606c2f47b09eb505e
메리츠화재해상보험,보험자회사,2023,20240430000865,[기재정정]사업보고서 (2023.12),20240430,겸직표,계열회사 겸직내역,IX. 계열회사 등에 관한 사항,단독,1,김정일 ( 미등기임원 ),,그룹부채부문,,상근 (미등기임원 ),,,,N,겸직대상자 | 계열회사 겸직내역·대상 계열회사 | 계열회사 겸직내역·직책 | 계열회사 겸직내역·상근여부,김정일 ( 미등기임원 ) | 메리츠금융지주 | 그룹부채부문 | 상근 (미등기임원 ),2026-09-16T11:42:50+09:00,000,raw/document/20240430000865.zip,e0454f53de48d52a72c0438c9f7966e902bcd0ff7935464606c2f47b09eb505e
메리츠화재해상보험,보험자회사,2023,20240430000865,[기재정정]사업보고서 (2023.12),20240430,겸직표,계열회사 겸직내역,IX. 계열회사 등에 관한 사항,단독,1,오종원 (미등기임원),,위험관리책임자/CRO,,상근(미등기임원),,,,N,겸직대상자 | 계열회사 겸직내역·대상 계열회사 | 계열회사 겸직내역·직책 | 계열회사 겸직내역·상근여부,오종원 (미등기임원) | 메리츠금융지주 | 위험관리책임자/CRO | 상근(미등기임원),2026-09-16T11:42:50+09:00,000,raw/document/20240430000865.zip,e0454f53de48d52a72c0438c9f7966e902bcd0ff7935464606c2f47b09eb505e
메리츠화재해상보험,보험자회사,2023,20240430000865,[기재정정]사업보고서 (2023.12),20240430,겸직표,계열회사 겸직내역,IX. 계열회사 등에 관한 사항,단독,1,은상영 ( 미등기임원 ),,그룹부채부문,,상근 (미등기임원 ),,,,N,겸직대상자 | 계열회사 겸직내역·대상 계열회사 | 계열회사 겸직내역·직책 | 계열회사 겸직내역·상근여부,은상영 ( 미등기임원 ) | 메리츠금융지주 | 그룹부채부문 | 상근 (미등기임원 ),2026-09-16T11:42:50+09:00,000,raw/document/20240430000865.zip,e0454f53de48d52a72c0438c9f7966e902bcd0ff7935464606c2f47b09eb505e
메리츠금융지주,지주,2023,20240430000957,[기재정정]사업보고서 (2023.12),20240430,겸직표,계열회사 겸직내역,IX. 계열회사 등에 관한 사항,단독,1,김명애(등기임원),메리츠화재,사외이사,,비상근(등기임원),,,,Y,겸직대상자 | 계열회사 겸직내역·회사명 | 계열회사 겸직내역·직 책 | 계열회사 겸직내역·상근여부 | 비 고,김명애(등기임원) | 메리츠화재 | 사외이사 | 비상근(등기임원) | -,2026-09-16T11:44:03+09:00,000,raw/document/20240430000957.zip,1cf22ccd1d5e21a9896b3c3da20c793902e8bc1a922023940c03e19cacb0057f
메리츠금융지주,지주,2023,20240430000957,[기재정정]사업보고서 (2023.12),20240430,겸직표,계열회사 겸직내역,IX. 계열회사 등에 관한 사항,단독,1,김경환(미등기임원),메리츠화재,전략영업총괄,,상근(미등기임원),,,,Y,겸직대상자 | 계열회사 겸직내역·회사명 | 계열회사 겸직내역·직 책 | 계열회사 겸직내역·상근여부 | 비 고,김경환(미등기임원) | 메리츠화재 | 전략영업총괄 | 상근(미등기임원) | -,2026-09-16T11:44:03+09:00,000,raw/document/20240430000957.zip,1cf22ccd1d5e21a9896b3c3da20c793902e8bc1a922023940c03e19cacb0057f
메리츠금융지주,지주,2023,20240430000957,[기재정정]사업보고서 (2023.12),20240430,겸직표,계열회사 겸직내역,IX. 계열회사 등에 관한 사항,단독,1,김종민(미등기임원),메리츠화재,자산운용실장,,상근(미등기임원),,,,Y,겸직대상자 | 계열회사 겸직내역·회사명 | 계열회사 겸직내역·직 책 | 계열회사 겸직내역·상근여부 | 비 고,김종민(미등기임원) | 메리츠화재 | 자산운용실장 | 상근(미등기임원) | -,2026-09-16T11:44:03+09:00,000,raw/document/20240430000957.zip,1cf22ccd1d5e21a9896b3c3da20c793902e8bc1a922023940c03e19cacb0057f
메리츠금융지주,지주,2023,20240430000957,[기재정정]사업보고서 (2023.12),20240430,겸직표,계열회사 겸직내역,IX. 계열회사 등에 관한 사항,단독,1,여은석(미등기임원),메리츠증권,프로젝트금융사업본부장,,상근(미등기임원),,,,Y,겸직대상자 | 계열회사 겸직내역·회사명 | 계열회사 겸직내역·직 책 | 계열회사 겸직내역·상근여부 | 비 고,여은석(미등기임원) | 메리츠증권 | 프로젝트금융사업본부장 | 상근(미등기임원) | -,2026-09-16T11:44:03+09:00,000,raw/document/20240430000957.zip,1cf22ccd1d5e21a9896b3c3da20c793902e8bc1a922023940c03e19cacb0057f
메리츠금융지주,지주,2023,20240430000957,[기재정정]사업보고서 (2023.12),20240430,겸직표,계열회사 겸직내역,IX. 계열회사 등에 관한 사항,단독,1,한정원(미등기임원),메리츠화재,홍보본부장,,상근(미등기임원),,,,Y,겸직대상자 | 계열회사 겸직내역·회사명 | 계열회사 겸직내역·직 책 | 계열회사 겸직내역·상근여부 | 비 고,한정원(미등기임원) | 메리츠화재 | 홍보본부장 | 상근(미등기임원) | -,2026-09-16T11:44:03+09:00,000,raw/document/20240430000957.zip,1cf22ccd1d5e21a9896b3c3da20c793902e8bc1a922023940c03e19cacb0057f
메리츠금융지주,지주,2023,20240430000957,[기재정정]사업보고서 (2023.12),20240430,겸직표,계열회사 겸직내역,IX. 계열회사 등에 관한 사항,미매핑,2,,,,,,,,,N,겸직대상자 | 계열회사 겸직내역·회사명 | 계열회사 겸직내역·직 책 | 계열회사 겸직내역·상근여부 | 비 고,메리츠증권 | 홍보본부장 | 상근(미등기임원) | -,2026-09-16T11:44:03+09:00,000,raw/document/20240430000957.zip,1cf22ccd1d5e21a9896b3c3da20c793902e8bc1a922023940c03e19cacb0057f
메리츠금융지주,지주,2023,20240430000957,[기재정정]사업보고서 (2023.12),20240430,겸직표,계열회사 겸직내역,IX. 계열회사 등에 관한 사항,단독,1,오종원(미등기임원),메리츠화재,위험관리책임자/리스크관리팀장,,상근(미등기임원),,,,Y,겸직대상자 | 계열회사 겸직내역·회사명 | 계열회사 겸직내역·직 책 | 계열회사 겸직내역·상근여부 | 비 고,오종원(미등기임원) | 메리츠화재 | 위험관리책임자/리스크관리팀장 | 상근(미등기임원) | -,2026-09-16T11:44:03+09:00,000,raw/document/20240430000957.zip,1cf22ccd1d5e21a9896b3c3da20c793902e8bc1a922023940c03e19cacb0057f
메리츠금융지주,지주,2023,20240430000957,[기재정정]사업보고서 (2023.12),20240430,겸직표,계열회사 겸직내역,IX. 계열회사 등에 관한 사항,단독,1,김정일(미등기임원),메리츠화재,개인영업총괄,,상근(미등기임원),,,,Y,겸직대상자 | 계열회사 겸직내역·회사명 | 계열회사 겸직내역·직 책 | 계열회사 겸직내역·상근여부 | 비 고,김정일(미등기임원) | 메리츠화재 | 개인영업총괄 | 상근(미등기임원) | -,2026-09-16T11:44:03+09:00,000,raw/document/20240430000957.zip,1cf22ccd1d5e21a9896b3c3da20c793902e8bc1a922023940c03e19cacb0057f
메리츠금융지주,지주,2023,20240430000957,[기재정정]사업보고서 (2023.12),20240430,겸직표,계열회사 겸직내역,IX. 계열회사 등에 관한 사항,단독,1,김근영(미등기임원),메리츠증권,정보보호본부장,,상근(미등기임원),,,,Y,겸직대상자 | 계열회사 겸직내역·회사명 | 계열회사 겸직내역·직 책 | 계열회사 겸직내역·상근여부 | 비 고,김근영(미등기임원) | 메리츠증권 | 정보보호본부장 | 상근(미등기임원) | -,2026-09-16T11:44:03+09:00,000,raw/document/20240430000957.zip,1cf22ccd1d5e21a9896b3c3da20c793902e8bc1a922023940c03e19cacb0057f
메리츠금융지주,지주,2023,20240430000957,[기재정정]사업보고서 (2023.12),20240430,겸직표,계열회사 겸직내역,IX. 계열회사 등에 관한 사항,단독,1,은상영(미등기임원),메리츠화재,TM사업부문장,,상근(미등기임원),,,,Y,겸직대상자 | 계열회사 겸직내역·회사명 | 계열회사 겸직내역·직 책 | 계열회사 겸직내역·상근여부 | 비 고,은상영(미등기임원) | 메리츠화재 | TM사업부문장 | 상근(미등기임원) | -,2026-09-16T11:44:03+09:00,000,raw/document/20240430000957.zip,1cf22ccd1d5e21a9896b3c3da20c793902e8bc1a922023940c03e19cacb0057f
메리츠금융지주,지주,2023,20240430000957,[기재정정]사업보고서 (2023.12),20240430,겸직표,계열회사 겸직내역,IX. 계열회사 등에 관한 사항,단독,1,권동찬(미등기임원),메리츠증권,트레이딩본부장,,상근(미등기임원),,,,Y,겸직대상자 | 계열회사 겸직내역·회사명 | 계열회사 겸직내역·직 책 | 계열회사 겸직내역·상근여부 | 비 고,권동찬(미등기임원) | 메리츠증권 | 트레이딩본부장 | 상근(미등기임원) | -,2026-09-16T11:44:03+09:00,000,raw/document/20240430000957.zip,1cf22ccd1d5e21a9896b3c3da20c793902e8bc1a922023940c03e19cacb0057f
신한라이프생명보험,보험자회사,2023,20240430001046,[기재정정]사업보고서 (2023.12),20240430,겸직표,대상회사,IX. 계열회사 등에 관한 사항,단독,1,정상혁,신한은행,은행장,2023.02.15,상근,,,,Y,성명 | 대상회사 | 직위명 | 선임일 | 비고,정상혁 | 신한은행 | 은행장 | 2023.02.15 | 상근,2026-09-16T11:45:45+09:00,000,raw/document/20240430001046.zip,e1f09ab1cccfe525686d7e15caf21eb5c43259b20e3447951fe1398970797067
신한라이프생명보험,보험자회사,2023,20240430001046,[기재정정]사업보고서 (2023.12),20240430,겸직표,대상회사,IX. 계열회사 등에 관한 사항,단독,1,장동기,신한자산운용,비상임이사,2023.01.01,비상근,,,,Y,성명 | 대상회사 | 직위명 | 선임일 | 비고,장동기 | 신한자산운용 | 비상임이사 | 2023.01.01 | 비상근,2026-09-16T11:45:45+09:00,000,raw/document/20240430001046.zip,e1f09ab1cccfe525686d7e15caf21eb5c43259b20e3447951fe1398970797067
신한라이프생명보험,보험자회사,2023,20240430001046,[기재정정]사업보고서 (2023.12),20240430,겸직표,대상회사,IX. 계열회사 등에 관한 사항,단독,1,이인균,신한은행,비상임이사,2023.01.01,비상근,,,,Y,성명 | 대상회사 | 직위명 | 선임일 | 비고,이인균 | 신한은행 | 비상임이사 | 2023.01.01 | 비상근,2026-09-16T11:45:45+09:00,000,raw/document/20240430001046.zip,e1f09ab1cccfe525686d7e15caf21eb5c43259b20e3447951fe1398970797067
신한라이프생명보험,보험자회사,2023,20240430001046,[기재정정]사업보고서 (2023.12),20240430,겸직표,대상회사,IX. 계열회사 등에 관한 사항,미매핑,11,,,,,,,,,N,성명 | 대상회사 | 직위명 | 선임일 | 비고,신한DS | 비상임이사 | 2019.01.01 | 비상근,2026-09-16T11:45:45+09:00,000,raw/document/20240430001046.zip,e1f09ab1cccfe525686d7e15caf21eb5c43259b20e3447951fe1398970797067
신한라이프생명보험,보험자회사,2023,20240430001046,[기재정정]사업보고서 (2023.12),20240430,겸직표,대상회사,IX. 계열회사 등에 관한 사항,단독,1,안준식,신한은행,부행장,2021.01.01,상근,,,,Y,성명 | 대상회사 | 직위명 | 선임일 | 비고,안준식 | 신한은행 | 부행장 | 2021.01.01 | 상근,2026-09-16T11:45:45+09:00,000,raw/document/20240430001046.zip,e1f09ab1cccfe525686d7e15caf21eb5c43259b20e3447951fe1398970797067
신한라이프생명보험,보험자회사,2023,20240430001046,[기재정정]사업보고서 (2023.12),20240430,겸직표,대상회사,IX. 계열회사 등에 관한 사항,단독,1,김성주,신한리츠운용,비상근감사,2018.02.08,비상근,,,,N,성명 | 대상회사 | 직위명 | 선임일 | 비고,김성주 | 신한리츠운용 | 비상근감사 | 2018.02.08 | 비상근,2026-09-16T11:45:45+09:00,000,raw/document/20240430001046.zip,e1f09ab1cccfe525686d7e15caf21eb5c43259b20e3447951fe1398970797067
신한라이프생명보험,보험자회사,2023,20240430001046,[기재정정]사업보고서 (2023.12),20240430,겸직표,대상회사,IX. 계열회사 등에 관한 사항,단독,1,박현주,신한은행,부행장,2022.01.01,상근,,,,Y,성명 | 대상회사 | 직위명 | 선임일 | 비고,박현주 | 신한은행 | 부행장 | 2022.01.01 | 상근,2026-09-16T11:45:45+09:00,000,raw/document/20240430001046.zip,e1f09ab1cccfe525686d7e15caf21eb5c43259b20e3447951fe1398970797067
신한라이프생명보험,보험자회사,2023,20240430001046,[기재정정]사업보고서 (2023.12),20240430,겸직표,대상회사,IX. 계열회사 등에 관한 사항,단독,1,이태경,신한투자증권,비상임이사,2023.01.01,비상근,,,,Y,성명 | 대상회사 | 직위명 | 선임일 | 비고,이태경 | 신한투자증권 | 비상임이사 | 2023.01.01 | 비상근,2026-09-16T11:45:45+09:00,000,raw/document/20240430001046.zip,e1f09ab1cccfe525686d7e15caf21eb5c43259b20e3447951fe1398970797067
신한라이프생명보험,보험자회사,2023,20240430001046,[기재정정]사업보고서 (2023.12),20240430,겸직표,대상회사,IX. 계열회사 등에 관한 사항,단독,1,김명희,신한DS,비상임이사,2022.01.01,비상근,,,,N,성명 | 대상회사 | 직위명 | 선임일 | 비고,김명희 | 신한DS | 비상임이사 | 2022.01.01 | 비상근,2026-09-16T11:45:45+09:00,000,raw/document/20240430001046.zip,e1f09ab1cccfe525686d7e15caf21eb5c43259b20e3447951fe1398970797067
신한라이프생명보험,보험자회사,2023,20240430001046,[기재정정]사업보고서 (2023.12),20240430,겸직표,대상회사,IX. 계열회사 등에 관한 사항,단독,1,고석헌,신한라이프생명,비상임이사,2020.01.01,비상근,,,,Y,성명 | 대상회사 | 직위명 | 선임일 | 비고,고석헌 | 신한라이프생명 | 비상임이사 | 2020.01.01 | 비상근,2026-09-16T11:45:45+09:00,000,raw/document/20240430001046.zip,e1f09ab1cccfe525686d7e15caf21eb5c43259b20e3447951fe1398970797067
신한라이프생명보험,보험자회사,2023,20240430001046,[기재정정]사업보고서 (2023.12),20240430,겸직표,대상회사,IX. 계열회사 등에 관한 사항,단독,1,김태연,신한캐피탈,비상임이사,2022.01.01,비상근,,,,Y,성명 | 대상회사 | 직위명 | 선임일 | 비고,김태연 | 신한캐피탈 | 비상임이사 | 2022.01.01 | 비상근,2026-09-16T11:45:45+09:00,000,raw/document/20240430001046.zip,e1f09ab1cccfe525686d7e15caf21eb5c43259b20e3447951fe1398970797067
신한라이프생명보험,보험자회사,2023,20240430001046,[기재정정]사업보고서 (2023.12),20240430,겸직표,대상회사,IX. 계열회사 등에 관한 사항,단독,1,천상영,신한저축은행,비상임이사,2022.01.01,비상근,,,,Y,성명 | 대상회사 | 직위명 | 선임일 | 비고,천상영 | 신한저축은행 | 비상임이사 | 2022.01.01 | 비상근,2026-09-16T11:45:45+09:00,000,raw/document/20240430001046.zip,e1f09ab1cccfe525686d7e15caf21eb5c43259b20e3447951fe1398970797067
신한라이프생명보험,보험자회사,2023,20240430001046,[기재정정]사업보고서 (2023.12),20240430,겸직표,대상회사,IX. 계열회사 등에 관한 사항,단독,1,조정훈,신한리츠운용,비상임이사,2023.01.01,비상근,,,,N,성명 | 대상회사 | 직위명 | 선임일 | 비고,조정훈 | 신한리츠운용 | 비상임이사 | 2023.01.01 | 비상근,2026-09-16T11:45:45+09:00,000,raw/document/20240430001046.zip,e1f09ab1cccfe525686d7e15caf21eb5c43259b20e3447951fe1398970797067
신한라이프생명보험,보험자회사,2023,20240430001046,[기재정정]사업보고서 (2023.12),20240430,겸직표,대상회사,IX. 계열회사 등에 관한 사항,단독,1,황인주,신한벤처투자,비상근감사,2021.09.13,비상근,,,,Y,성명 | 대상회사 | 직위명 | 선임일 | 비고,황인주 | 신한벤처투자 | 비상근감사 | 2021.09.13 | 비상근,2026-09-16T11:45:45+09:00,000,raw/document/20240430001046.zip,e1f09ab1cccfe525686d7e15caf21eb5c43259b20e3447951fe1398970797067
신한지주,지주,2023,20240502000081,[기재정정]사업보고서 (2023.12),20240502,겸직표,대상회사,IX. 계열회사 등에 관한 사항,단독,2,정상혁,신한은행,은행장,2023.02.15,상근,,,,Y,성명 | 대상회사 | 직위명 | 선임일 | 비고,정상혁 | 신한은행 | 은행장 | 2023.02.15 | 상근,2026-09-16T11:47:20+09:00,000,raw/document/20240502000081.zip,011371bf744fbd64243db209ea66f06bfef85157ba07b4630ebfb15066537894
신한지주,지주,2023,20240502000081,[기재정정]사업보고서 (2023.12),20240502,겸직표,대상회사,IX. 계열회사 등에 관한 사항,단독,1,장동기,신한자산운용,비상임이사,2023.01.01,비상근,,,,Y,성명 | 대상회사 | 직위명 | 선임일 | 비고,장동기 | 신한자산운용 | 비상임이사 | 2023.01.01 | 비상근,2026-09-16T11:47:20+09:00,000,raw/document/20240502000081.zip,011371bf744fbd64243db209ea66f06bfef85157ba07b4630ebfb15066537894
신한지주,지주,2023,20240502000081,[기재정정]사업보고서 (2023.12),20240502,겸직표,대상회사,IX. 계열회사 등에 관한 사항,단독,2,이인균,신한은행,비상임이사,2023.01.01,비상근,,,,Y,성명 | 대상회사 | 직위명 | 선임일 | 비고,이인균 | 신한은행 | 비상임이사 | 2023.01.01 | 비상근,2026-09-16T11:47:20+09:00,000,raw/document/20240502000081.zip,011371bf744fbd64243db209ea66f06bfef85157ba07b4630ebfb15066537894
신한지주,지주,2023,20240502000081,[기재정정]사업보고서 (2023.12),20240502,겸직표,대상회사,IX. 계열회사 등에 관한 사항,미매핑,23,,,,,,,,,N,성명 | 대상회사 | 직위명 | 선임일 | 비고,신한DS | 비상임이사 | 2019.01.01 | 비상근,2026-09-16T11:47:20+09:00,000,raw/document/20240502000081.zip,011371bf744fbd64243db209ea66f06bfef85157ba07b4630ebfb15066537894
신한지주,지주,2023,20240502000081,[기재정정]사업보고서 (2023.12),20240502,겸직표,대상회사,IX. 계열회사 등에 관한 사항,단독,1,안준식,신한은행,부행장,2021.01.01,상근,,,,Y,성명 | 대상회사 | 직위명 | 선임일 | 비고,안준식 | 신한은행 | 부행장 | 2021.01.01 | 상근,2026-09-16T11:47:20+09:00,000,raw/document/20240502000081.zip,011371bf744fbd64243db209ea66f06bfef85157ba07b4630ebfb15066537894
신한지주,지주,2023,20240502000081,[기재정정]사업보고서 (2023.12),20240502,겸직표,대상회사,IX. 계열회사 등에 관한 사항,단독,1,김성주,신한리츠운용,비상근감사,2018.02.08,비상근,,,,N,성명 | 대상회사 | 직위명 | 선임일 | 비고,김성주 | 신한리츠운용 | 비상근감사 | 2018.02.08 | 비상근,2026-09-16T11:47:20+09:00,000,raw/document/20240502000081.zip,011371bf744fbd64243db209ea66f06bfef85157ba07b4630ebfb15066537894
신한지주,지주,2023,20240502000081,[기재정정]사업보고서 (2023.12),20240502,겸직표,대상회사,IX. 계열회사 등에 관한 사항,단독,2,박현주,신한은행,부행장,2022.01.01,상근,,,,Y,성명 | 대상회사 | 직위명 | 선임일 | 비고,박현주 | 신한은행 | 부행장 | 2022.01.01 | 상근,2026-09-16T11:47:20+09:00,000,raw/document/20240502000081.zip,011371bf744fbd64243db209ea66f06bfef85157ba07b4630ebfb15066537894
신한지주,지주,2023,20240502000081,[기재정정]사업보고서 (2023.12),20240502,겸직표,대상회사,IX. 계열회사 등에 관한 사항,단독,1,이태경,신한투자증권,비상임이사,2023.01.01,비상근,,,,Y,성명 | 대상회사 | 직위명 | 선임일 | 비고,이태경 | 신한투자증권 | 비상임이사 | 2023.01.01 | 비상근,2026-09-16T11:47:20+09:00,000,raw/document/20240502000081.zip,011371bf744fbd64243db209ea66f06bfef85157ba07b4630ebfb15066537894
신한지주,지주,2023,20240502000081,[기재정정]사업보고서 (2023.12),20240502,겸직표,대상회사,IX. 계열회사 등에 관한 사항,단독,1,김명희,신한DS,비상임이사,2022.01.01,비상근,,,,N,성명 | 대상회사 | 직위명 | 선임일 | 비고,김명희 | 신한DS | 비상임이사 | 2022.01.01 | 비상근,2026-09-16T11:47:20+09:00,000,raw/document/20240502000081.zip,011371bf744fbd64243db209ea66f06bfef85157ba07b4630ebfb15066537894
신한지주,지주,2023,20240502000081,[기재정정]사업보고서 (2023.12),20240502,겸직표,대상회사,IX. 계열회사 등에 관한 사항,단독,1,고석헌,신한라이프생명,비상임이사,2020.01.01,비상근,,,,Y,성명 | 대상회사 | 직위명 | 선임일 | 비고,고석헌 | 신한라이프생명 | 비상임이사 | 2020.01.01 | 비상근,2026-09-16T11:47:20+09:00,000,raw/document/20240502000081.zip,011371bf744fbd64243db209ea66f06bfef85157ba07b4630ebfb15066537894
신한지주,지주,2023,20240502000081,[기재정정]사업보고서 (2023.12),20240502,겸직표,대상회사,IX. 계열회사 등에 관한 사항,단독,1,김태연,신한캐피탈,비상임이사,2022.01.01,비상근,,,,Y,성명 | 대상회사 | 직위명 | 선임일 | 비고,김태연 | 신한캐피탈 | 비상임이사 | 2022.01.01 | 비상근,2026-09-16T11:47:20+09:00,000,raw/document/20240502000081.zip,011371bf744fbd64243db209ea66f06bfef85157ba07b4630ebfb15066537894
신한지주,지주,2023,20240502000081,[기재정정]사업보고서 (2023.12),20240502,겸직표,대상회사,IX. 계열회사 등에 관한 사항,단독,1,천상영,신한저축은행,비상임이사,2022.01.01,비상근,,,,Y,성명 | 대상회사 | 직위명 | 선임일 | 비고,천상영 | 신한저축은행 | 비상임이사 | 2022.01.01 | 비상근,2026-09-16T11:47:20+09:00,000,raw/document/20240502000081.zip,011371bf744fbd64243db209ea66f06bfef85157ba07b4630ebfb15066537894
신한지주,지주,2023,20240502000081,[기재정정]사업보고서 (2023.12),20240502,겸직표,대상회사,IX. 계열회사 등에 관한 사항,단독,2,조정훈,신한리츠운용,비상임이사,2023.01.01,비상근,,,,N,성명 | 대상회사 | 직위명 | 선임일 | 비고,조정훈 | 신한리츠운용 | 비상임이사 | 2023.01.01 | 비상근,2026-09-16T11:47:20+09:00,000,raw/document/20240502000081.zip,011371bf744fbd64243db209ea66f06bfef85157ba07b4630ebfb15066537894
신한지주,지주,2023,20240502000081,[기재정정]사업보고서 (2023.12),20240502,겸직표,대상회사,IX. 계열회사 등에 관한 사항,단독,1,황인주,신한벤처투자,비상근감사,2021.09.13,비상근,,,,Y,성명 | 대상회사 | 직위명 | 선임일 | 비고,황인주 | 신한벤처투자 | 비상근감사 | 2021.09.13 | 비상근,2026-09-16T11:47:20+09:00,000,raw/document/20240502000081.zip,011371bf744fbd64243db209ea66f06bfef85157ba07b4630ebfb15066537894
신한지주,지주,2023,20240502000081,[기재정정]사업보고서 (2023.12),20240502,겸직표,대상회사,IX. 계열회사 등에 관한 사항,단독,1,고석헌,신한카드,비상임이사,2024.01.01,비상근,,,,Y,성명 | 대상회사 | 직위명 | 선임일 | 비고,고석헌 | 신한카드 | 비상임이사 | 2024.01.01 | 비상근,2026-09-16T11:47:20+09:00,000,raw/document/20240502000081.zip,011371bf744fbd64243db209ea66f06bfef85157ba07b4630ebfb15066537894
신한지주,지주,2023,20240502000081,[기재정정]사업보고서 (2023.12),20240502,겸직표,대상회사,IX. 계열회사 등에 관한 사항,단독,1,천상영,신한라이프,비상임이사,2024.01.01,비상근,,,,N,성명 | 대상회사 | 직위명 | 선임일 | 비고,천상영 | 신한라이프 | 비상임이사 | 2024.01.01 | 비상근,2026-09-16T11:47:20+09:00,000,raw/document/20240502000081.zip,011371bf744fbd64243db209ea66f06bfef85157ba07b4630ebfb15066537894
신한지주,지주,2023,20240502000081,[기재정정]사업보고서 (2023.12),20240502,겸직표,대상회사,IX. 계열회사 등에 관한 사항,단독,1,김지온,신한리츠운용,비상근감사,2024.01.01,비상근,,,,N,성명 | 대상회사 | 직위명 | 선임일 | 비고,김지온 | 신한리츠운용 | 비상근감사 | 2024.01.01 | 비상근,2026-09-16T11:47:20+09:00,000,raw/document/20240502000081.zip,011371bf744fbd64243db209ea66f06bfef85157ba07b4630ebfb15066537894
신한지주,지주,2023,20240502000081,[기재정정]사업보고서 (2023.12),20240502,겸직표,대상회사,IX. 계열회사 등에 관한 사항,단독,1,김준환,신한은행,상무,2024.01.01,상근,,,,Y,성명 | 대상회사 | 직위명 | 선임일 | 비고,김준환 | 신한은행 | 상무 | 2024.01.01 | 상근,2026-09-16T11:47:20+09:00,000,raw/document/20240502000081.zip,011371bf744fbd64243db209ea66f06bfef85157ba07b4630ebfb15066537894
신한지주,지주,2023,20240502000081,[기재정정]사업보고서 (2023.12),20240502,겸직표,대상회사,IX. 계열회사 등에 관한 사항,단독,1,황경업,신한펀드파트너스,비상임이사,2024.01.01,비상근,,,,N,성명 | 대상회사 | 직위명 | 선임일 | 비고,황경업 | 신한펀드파트너스 | 비상임이사 | 2024.01.01 | 비상근,2026-09-16T11:47:20+09:00,000,raw/document/20240502000081.zip,011371bf744fbd64243db209ea66f06bfef85157ba07b4630ebfb15066537894
신한지주,지주,2023,20240502000081,[기재정정]사업보고서 (2023.12),20240502,겸직표,대상회사,IX. 계열회사 등에 관한 사항,단독,1,고유선,신한자산운용,비상임이사,2024.01.01,비상근,,,,Y,성명 | 대상회사 | 직위명 | 선임일 | 비고,고유선 | 신한자산운용 | 비상임이사 | 2024.01.01 | 비상근,2026-09-16T11:47:20+09:00,000,raw/document/20240502000081.zip,011371bf744fbd64243db209ea66f06bfef85157ba07b4630ebfb15066537894
JB금융지주,지주,2023,20240507000432,[기재정정]사업보고서 (2023.12),20240507,겸직표,대상 계열사,1. 임원 및 직원 등의 현황 | IX. 계열회사 등에 관한 사항,병합,4,송종근,(주)JB금융지주,부사장,,상근(미등기),,,,Y,성 명 | 대상 계열사 | 직 책 | 최초선임시기 | 비 고,송종근 | (주)JB금융지주 | 부사장 | 2023.02.01 | 상근(미등기),2026-09-22T12:02:07+09:00,000,raw/document/20240507000432.zip,0a0c1861edc2ef5fa99c5f65e3708924838826b65e4f7ecb44df247d33a0b2f2
JB금융지주,지주,2023,20240507000432,[기재정정]사업보고서 (2023.12),20240507,겸직표,대상 계열사,1. 임원 및 직원 등의 현황 | IX. 계열회사 등에 관한 사항,미매핑,60,,,,,,,,,N,성 명 | 대상 계열사 | 직 책 | 최초선임시기 | 비 고,전북은행 | 비상임이사 | 2023.03.30 | 비상근(등기),2026-09-22T12:02:07+09:00,000,raw/document/20240507000432.zip,0a0c1861edc2ef5fa99c5f65e3708924838826b65e4f7ecb44df247d33a0b2f2
JB금융지주,지주,2023,20240507000432,[기재정정]사업보고서 (2023.12),20240507,겸직표,대상 계열사,1. 임원 및 직원 등의 현황 | IX. 계열회사 등에 관한 사항,병합,6,송현,(주)JB금융지주,전무,,상근(미등기),,,,Y,성 명 | 대상 계열사 | 직 책 | 최초선임시기 | 비 고,송현 | (주)JB금융지주 | 전무 | 2021.04.01 | 상근(미등기),2026-09-22T12:02:07+09:00,000,raw/document/20240507000432.zip,0a0c1861edc2ef5fa99c5f65e3708924838826b65e4f7ecb44df247d33a0b2f2
JB금융지주,지주,2023,20240507000432,[기재정정]사업보고서 (2023.12),20240507,겸직표,대상 계열사,1. 임원 및 직원 등의 현황 | IX. 계열회사 등에 관한 사항,병합,4,김성철,(주)JB금융지주,전무,,상근(미등기),,,,Y,성 명 | 대상 계열사 | 직 책 | 최초선임시기 | 비 고,김성철 | (주)JB금융지주 | 전무 | 2023.01.01 | 상근(미등기),2026-09-22T12:02:07+09:00,000,raw/document/20240507000432.zip,0a0c1861edc2ef5fa99c5f65e3708924838826b65e4f7ecb44df247d33a0b2f2
JB금융지주,지주,2023,20240507000432,[기재정정]사업보고서 (2023.12),20240507,겸직표,대상 계열사,1. 임원 및 직원 등의 현황 | IX. 계열회사 등에 관한 사항,병합,2,이승국,(주)JB금융지주,전무,,상근(미등기),,,,Y,성 명 | 대상 계열사 | 직 책 | 최초선임시기 | 비 고,이승국 | (주)JB금융지주 | 전무 | 2019.05.01 | 상근(미등기),2026-09-22T12:02:07+09:00,000,raw/document/20240507000432.zip,0a0c1861edc2ef5fa99c5f65e3708924838826b65e4f7ecb44df247d33a0b2f2
JB금융지주,지주,2023,20240507000432,[기재정정]사업보고서 (2023.12),20240507,겸직표,대상 계열사,1. 임원 및 직원 등의 현황 | IX. 계열회사 등에 관한 사항,병합,4,박종춘,(주)JB금융지주,전무,,상근(미등기),,,,Y,성 명 | 대상 계열사 | 직 책 | 최초선임시기 | 비 고,박종춘 | (주)JB금융지주 | 전무 | 2019.12.01 | 상근(미등기),2026-09-22T12:02:07+09:00,000,raw/document/20240507000432.zip,0a0c1861edc2ef5fa99c5f65e3708924838826b65e4f7ecb44df247d33a0b2f2
JB금융지주,지주,2023,20240507000432,[기재정정]사업보고서 (2023.12),20240507,겸직표,대상 계열사,IX. 계열회사 등에 관한 사항,단독,2,권재중,(주)JB금융지주,부사장,,상근(미등기),,,,Y,성 명 | 대상 계열사 | 직 책 | 최초선임시기 | 비 고,권재중 | (주)JB금융지주 | 부사장 | 2019.04.01 | 상근(미등기),2026-09-22T12:02:07+09:00,000,raw/document/20240507000432.zip,0a0c1861edc2ef5fa99c5f65e3708924838826b65e4f7ecb44df247d33a0b2f2
JB금융지주,지주,2023,20240507000432,[기재정정]사업보고서 (2023.12),20240507,겸직표,대상 계열사,IX. 계열회사 등에 관한 사항,단독,2,김선호,(주)JB금융지주,상무,,상근(미등기),,,,Y,성 명 | 대상 계열사 | 직 책 | 최초선임시기 | 비 고,김선호 | (주)JB금융지주 | 상무 | 2021.01.01 | 상근(미등기),2026-09-22T12:02:07+09:00,000,raw/document/20240507000432.zip,0a0c1861edc2ef5fa99c5f65e3708924838826b65e4f7ecb44df247d33a0b2f2
JB금융지주,지주,2023,20240507000432,[기재정정]사업보고서 (2023.12),20240507,겸직표,대상 계열사,IX. 계열회사 등에 관한 사항,단독,2,이승국,(주)JB금융지주,상무,,상근(미등기),,,,Y,성 명 | 대상 계열사 | 직 책 | 최초선임시기 | 비 고,이승국 | (주)JB금융지주 | 상무 | 2019.05.01 | 상근(미등기),2026-09-22T12:02:07+09:00,000,raw/document/20240507000432.zip,0a0c1861edc2ef5fa99c5f65e3708924838826b65e4f7ecb44df247d33a0b2f2
JB금융지주,지주,2023,20240507000432,[기재정정]사업보고서 (2023.12),20240507,겸직표,대상 계열사,IX. 계열회사 등에 관한 사항,단독,2,박종춘,(주)JB금융지주,상무,,상근(미등기),,,,Y,성 명 | 대상 계열사 | 직 책 | 최초선임시기 | 비 고,박종춘 | (주)JB금융지주 | 상무 | 2019.12.01 | 상근(미등기),2026-09-22T12:02:07+09:00,000,raw/document/20240507000432.zip,0a0c1861edc2ef5fa99c5f65e3708924838826b65e4f7ecb44df247d33a0b2f2
우리금융지주,지주,2023,20240516001472,[기재정정]사업보고서 (2023.12),20240516,겸직표,대상회사,1. 임원 및 직원 등의 현황 | IX. 계열회사 등에 관한 사항,병합,4,정찬형,우리은행,사외이사,2019.01.11,비상근,,,,Y,성명 | 대상회사 | 직위 | 겸임일자 | 상근/비상근 여부,정찬형 | 우리은행 | 사외이사 | 2019.01.11 | 비상근,2026-09-16T11:48:38+09:00,000,raw/document/20240516001472.zip,59654b0281994796c7be67a1cce0874b59058932d0c666b42c527cf4a3d56e1c
우리금융지주,지주,2023,20240516001472,[기재정정]사업보고서 (2023.12),20240516,겸직표,대상회사,1. 임원 및 직원 등의 현황 | IX. 계열회사 등에 관한 사항,병합,4,윤수영,우리은행,사외이사,2023.03.24,비상근,,,,Y,성명 | 대상회사 | 직위 | 겸임일자 | 상근/비상근 여부,윤수영 | 우리은행 | 사외이사 | 2023.03.24 | 비상근,2026-09-16T11:48:38+09:00,000,raw/document/20240516001472.zip,59654b0281994796c7be67a1cce0874b59058932d0c666b42c527cf4a3d56e1c
우리금융지주,지주,2023,20240516001472,[기재정정]사업보고서 (2023.12),20240516,겸직표,대상회사,1. 임원 및 직원 등의 현황 | IX. 계열회사 등에 관한 사항,병합,4,이성욱,우리종합금융,기타비상무이사,2021.03.22,비상근,,,,Y,성명 | 대상회사 | 직위 | 겸임일자 | 상근/비상근 여부,이성욱 | 우리종합금융 | 기타비상무이사 | 2021.03.22 | 비상근,2026-09-16T11:48:38+09:00,000,raw/document/20240516001472.zip,59654b0281994796c7be67a1cce0874b59058932d0c666b42c527cf4a3d56e1c
우리금융지주,지주,2023,20240516001472,[기재정정]사업보고서 (2023.12),20240516,겸직표,대상회사,1. 임원 및 직원 등의 현황 | IX. 계열회사 등에 관한 사항,병합,4,장광익,우리은행,집행부행장,2023.04.03,상근,,,,Y,성명 | 대상회사 | 직위 | 겸임일자 | 상근/비상근 여부,장광익 | 우리은행 | 집행부행장 | 2023.04.03 | 상근,2026-09-16T11:48:38+09:00,000,raw/document/20240516001472.zip,59654b0281994796c7be67a1cce0874b59058932d0c666b42c527cf4a3d56e1c
우리금융지주,지주,2023,20240516001472,[기재정정]사업보고서 (2023.12),20240516,겸직표,대상회사,1. 임원 및 직원 등의 현황 | IX. 계열회사 등에 관한 사항,병합,4,옥일진,우리은행,집행부행장,2022.02.25,상근,,,,Y,성명 | 대상회사 | 직위 | 겸임일자 | 상근/비상근 여부,옥일진 | 우리은행 | 집행부행장 | 2022.02.25 | 상근,2026-09-16T11:48:38+09:00,000,raw/document/20240516001472.zip,59654b0281994796c7be67a1cce0874b59058932d0c666b42c527cf4a3d56e1c
우리금융지주,지주,2023,20240516001472,[기재정정]사업보고서 (2023.12),20240516,겸직표,대상회사,1. 임원 및 직원 등의 현황 | IX. 계열회사 등에 관한 사항,병합,4,박장근,우리은행,집행부행장,2023.03.07,상근,,,,Y,성명 | 대상회사 | 직위 | 겸임일자 | 상근/비상근 여부,박장근 | 우리은행 | 집행부행장 | 2023.03.07 | 상근,2026-09-16T11:48:38+09:00,000,raw/document/20240516001472.zip,59654b0281994796c7be67a1cce0874b59058932d0c666b42c527cf4a3d56e1c
우리금융지주,지주,2023,20240516001472,[기재정정]사업보고서 (2023.12),20240516,겸직표,대상회사,1. 임원 및 직원 등의 현황 | IX. 계열회사 등에 관한 사항,병합,4,이정수,우리금융에프앤아이,기타비상무이사,2023.03.23,비상근,,,,Y,성명 | 대상회사 | 직위 | 겸임일자 | 상근/비상근 여부,이정수 | 우리금융에프앤아이 | 기타비상무이사 | 2023.03.23 | 비상근,2026-09-16T11:48:38+09:00,000,raw/document/20240516001472.zip,59654b0281994796c7be67a1cce0874b59058932d0c666b42c527cf4a3d56e1c
우리금융지주,지주,2023,20240516001472,[기재정정]사업보고서 (2023.12),20240516,겸직표,대상회사,1. 임원 및 직원 등의 현황 | IX. 계열회사 등에 관한 사항,병합,4,정찬호,우리은행,집행부행장,2023.12.08,상근,,,,Y,성명 | 대상회사 | 직위 | 겸임일자 | 상근/비상근 여부,정찬호 | 우리은행 | 집행부행장 | 2023.12.08 | 상근,2026-09-16T11:48:38+09:00,000,raw/document/20240516001472.zip,59654b0281994796c7be67a1cce0874b59058932d0c666b42c527cf4a3d56e1c
우리금융지주,지주,2023,20240516001472,[기재정정]사업보고서 (2023.12),20240516,겸직표,대상회사,1. 임원 및 직원 등의 현황 | IX. 계열회사 등에 관한 사항,병합,4,송윤홍,우리금융경영연구소,감사,2023.12.12,비상근,,,,Y,성명 | 대상회사 | 직위 | 겸임일자 | 상근/비상근 여부,송윤홍 | 우리금융경영연구소 | 감사 | 2023.12.12 | 비상근,2026-09-16T11:48:38+09:00,000,raw/document/20240516001472.zip,59654b0281994796c7be67a1cce0874b59058932d0c666b42c527cf4a3d56e1c
우리금융지주,지주,2023,20240516001472,[기재정정]사업보고서 (2023.12),20240516,겸직표,대상회사,1. 임원 및 직원 등의 현황 | IX. 계열회사 등에 관한 사항,병합,4,이해광,우리금융경영연구소,기타비상무이사,2023.03.21,비상근,,,,Y,성명 | 대상회사 | 직위 | 겸임일자 | 상근/비상근 여부,이해광 | 우리금융경영연구소 | 기타비상무이사 | 2023.03.21 | 비상근,2026-09-16T11:48:38+09:00,000,raw/document/20240516001472.zip,59654b0281994796c7be67a1cce0874b59058932d0c666b42c527cf4a3d56e1c
우리금융지주,지주,2023,20240516001472,[기재정정]사업보고서 (2023.12),20240516,겸직표,대상회사,1. 임원 및 직원 등의 현황 | IX. 계열회사 등에 관한 사항,병합,4,곽성민,우리벤처파트너스,기타비상무이사,2023.03.23,비상근,,,,N,성명 | 대상회사 | 직위 | 겸임일자 | 상근/비상근 여부,곽성민 | 우리벤처파트너스 | 기타비상무이사 | 2023.03.23 | 비상근,2026-09-16T11:48:38+09:00,000,raw/document/20240516001472.zip,59654b0281994796c7be67a1cce0874b59058932d0c666b42c527cf4a3d56e1c
우리금융지주,지주,2023,20240516001472,[기재정정]사업보고서 (2023.12),20240516,겸직표,대상회사,1. 임원 및 직원 등의 현황 | IX. 계열회사 등에 관한 사항,병합,2,양기현,우리글로벌자산운용,감사,2021.01.26,비상근,,,,Y,성명 | 대상회사 | 직위 | 겸임일자 | 상근/비상근 여부,양기현 | 우리글로벌자산운용 | 감사 | 2021.01.26 | 비상근,2026-09-16T11:48:38+09:00,000,raw/document/20240516001472.zip,59654b0281994796c7be67a1cce0874b59058932d0c666b42c527cf4a3d56e1c
우리금융지주,지주,2023,20240516001472,[기재정정]사업보고서 (2023.12),20240516,겸직표,대상회사,1. 임원 및 직원 등의 현황 | IX. 계열회사 등에 관한 사항,병합,2,박연호,우리글로벌자산운용,기타비상무이사,2022.08.01,비상근,,,,Y,성명 | 대상회사 | 직위 | 겸임일자 | 상근/비상근 여부,박연호 | 우리글로벌자산운용 | 기타비상무이사 | 2022.08.01 | 비상근,2026-09-16T11:48:38+09:00,000,raw/document/20240516001472.zip,59654b0281994796c7be67a1cce0874b59058932d0c666b42c527cf4a3d56e1c
우리금융지주,지주,2023,20240516001472,[기재정정]사업보고서 (2023.12),20240516,겸직표,대상회사,1. 임원 및 직원 등의 현황 | IX. 계열회사 등에 관한 사항,병합,4,이동익,우리신용정보,감사,2023.03.23,비상근,,,,N,성명 | 대상회사 | 직위 | 겸임일자 | 상근/비상근 여부,이동익 | 우리신용정보 | 감사 | 2023.03.23 | 비상근,2026-09-16T11:48:38+09:00,000,raw/document/20240516001472.zip,59654b0281994796c7be67a1cce0874b59058932d0c666b42c527cf4a3d56e1c
우리금융지주,지주,2023,20240516001472,[기재정정]사업보고서 (2023.12),20240516,겸직표,대상회사,1. 임원 및 직원 등의 현황 | IX. 계열회사 등에 관한 사항,병합,4,한홍성,우리금융에프앤아이,감사,2023.03.23,비상근,,,,Y,성명 | 대상회사 | 직위 | 겸임일자 | 상근/비상근 여부,한홍성 | 우리금융에프앤아이 | 감사 | 2023.03.23 | 비상근,2026-09-16T11:48:38+09:00,000,raw/document/20240516001472.zip,59654b0281994796c7be67a1cce0874b59058932d0c666b42c527cf4a3d56e1c
우리금융지주,지주,2023,20240516001472,[기재정정]사업보고서 (2023.12),20240516,겸직표,대상회사,1. 임원 및 직원 등의 현황 | IX. 계열회사 등에 관한 사항,병합,4,오성역,우리에프아이에스,감사,2022.12.29,비상근,,,,N,성명 | 대상회사 | 직위 | 겸임일자 | 상근/비상근 여부,오성역 | 우리에프아이에스 | 감사 | 2022.12.29 | 비상근,2026-09-16T11:48:38+09:00,000,raw/document/20240516001472.zip,59654b0281994796c7be67a1cce0874b59058932d0c666b42c527cf4a3d56e1c
우리금융지주,지주,2023,20240516001472,[기재정정]사업보고서 (2023.12),20240516,겸직표,대상회사,1. 임원 및 직원 등의 현황 | IX. 계열회사 등에 관한 사항,병합,2,양기현,우리자산운용,기타비상무이사,2024.03.05,비상근,,,,Y,성명 | 대상회사 | 직위 | 겸임일자 | 상근/비상근 여부,양기현 | 우리자산운용 | 기타비상무이사 | 2024.03.05 | 비상근,2026-09-16T11:48:38+09:00,000,raw/document/20240516001472.zip,59654b0281994796c7be67a1cce0874b59058932d0c666b42c527cf4a3d56e1c
KB라이프생명보험,보험자회사,2024,20250314000905,사업보고서 (2024.12),20250314,겸직표,대상 계열사,1. 임원 및 직원 등의 현황 | IX. 계열회사 등에 관한 사항,병합,2,이승종,KB금융지주,부사장,2024.01,상근,,,,Y,성 명 | 대상 계열사 | 직책 | 선임시기 | 비 고,이승종 | KB금융지주 | 부사장 | 2024.01 | 상근,2026-09-16T11:58:24+09:00,000,raw/document/20250314000905.zip,750ce1a9ee1ddeb8ac620eef6cf292b48db082f22a878552e5dad8beab5cd370
KB라이프생명보험,보험자회사,2024,20250314000905,사업보고서 (2024.12),20250314,겸직표,대상 계열사,1. 임원 및 직원 등의 현황 | IX. 계열회사 등에 관한 사항,병합,2,이승종,KB증권,기타비상무이사,2024.03,비상근,,,,Y,성 명 | 대상 계열사 | 직책 | 선임시기 | 비 고,이승종 | KB증권 | 기타비상무이사 | 2024.03 | 비상근,2026-09-16T11:58:24+09:00,000,raw/document/20250314000905.zip,750ce1a9ee1ddeb8ac620eef6cf292b48db082f22a878552e5dad8beab5cd370
KB라이프생명보험,보험자회사,2024,20250314000905,사업보고서 (2024.12),20250314,겸직표,대상 계열사,1. 임원 및 직원 등의 현황 | IX. 계열회사 등에 관한 사항,병합,2,안진희,KB라이프파트너스,기타비상무이사,2022.05,비상근,,,,N,성 명 | 대상 계열사 | 직책 | 선임시기 | 비 고,안진희 | KB라이프파트너스 | 기타비상무이사 | 2022.05 | 비상근,2026-09-16T11:58:24+09:00,000,raw/document/20250314000905.zip,750ce1a9ee1ddeb8ac620eef6cf292b48db082f22a878552e5dad8beab5cd370
KB라이프생명보험,보험자회사,2024,20250314000905,사업보고서 (2024.12),20250314,겸직표,대상 계열사,1. 임원 및 직원 등의 현황 | IX. 계열회사 등에 관한 사항,병합,2,정자영,골든라이프케어,기타비상무이사,2023.10,비상근,,,,N,성 명 | 대상 계열사 | 직책 | 선임시기 | 비 고,정자영 | 골든라이프케어 | 기타비상무이사 | 2023.10 | 비상근,2026-09-16T11:58:24+09:00,000,raw/document/20250314000905.zip,750ce1a9ee1ddeb8ac620eef6cf292b48db082f22a878552e5dad8beab5cd370
KB라이프생명보험,보험자회사,2024,20250314000905,사업보고서 (2024.12),20250314,겸직표,대상 계열사,1. 임원 및 직원 등의 현황 | IX. 계열회사 등에 관한 사항,병합,4,박민하,골든라이프케어,기타비상무이사,2024.01,비상근,,,,N,성 명 | 대상 계열사 | 직책 | 선임시기 | 비 고,박민하 | 골든라이프케어 | 기타비상무이사 | 2024.01 | 비상근,2026-09-16T11:58:24+09:00,000,raw/document/20250314000905.zip,750ce1a9ee1ddeb8ac620eef6cf292b48db082f22a878552e5dad8beab5cd370
KB라이프생명보험,보험자회사,2024,20250314000905,사업보고서 (2024.12),20250314,겸직표,대상 계열사,1. 임원 및 직원 등의 현황 | IX. 계열회사 등에 관한 사항,병합,2,김효동,골든라이프케어,기타비상무이사,2025.01,비상근,,,,N,성 명 | 대상 계열사 | 직책 | 선임시기 | 비 고,김효동 | 골든라이프케어 | 기타비상무이사 | 2025.01 | 비상근,2026-09-16T11:58:24+09:00,000,raw/document/20250314000905.zip,750ce1a9ee1ddeb8ac620eef6cf292b48db082f22a878552e5dad8beab5cd370
KB라이프생명보험,보험자회사,2024,20250314000905,사업보고서 (2024.12),20250314,겸직표,대상 계열사,1. 임원 및 직원 등의 현황 | IX. 계열회사 등에 관한 사항,병합,2,최재형,KB라이프파트너스,기타비상무이사,2025.01,비상근,,,,N,성 명 | 대상 계열사 | 직책 | 선임시기 | 비 고,최재형 | KB라이프파트너스 | 기타비상무이사 | 2025.01 | 비상근,2026-09-16T11:58:24+09:00,000,raw/document/20250314000905.zip,750ce1a9ee1ddeb8ac620eef6cf292b48db082f22a878552e5dad8beab5cd370
KB라이프생명보험,보험자회사,2024,20250314000905,사업보고서 (2024.12),20250314,겸직표,대상회사,1. 임원 및 직원 등의 현황,단독,1,-,-,-,-,,,,,N,성 명 | 대상회사 | 직책 | 선임시기,- | - | - | -,2026-09-16T11:58:24+09:00,000,raw/document/20250314000905.zip,750ce1a9ee1ddeb8ac620eef6cf292b48db082f22a878552e5dad8beab5cd370
KB손해보험,보험자회사,2024,20250314001697,사업보고서 (2024.12),20250314,겸직표,대상 계열사,1. 임원 및 직원 등의 현황 | IX. 계열회사 등에 관한 사항,병합,2,김재관,KB금융지주,재무담당 부사장,2024-01-01,상근,,,,Y,성 명 | 대상 계열사 | 직책 | 선임시기 | 비 고,김재관 | KB금융지주 | 재무담당 부사장 | 2024-01-01 | 상근,2026-09-16T12:01:07+09:00,000,raw/document/20250314001697.zip,274b5dc207b1613d20711fad49c131a0416fc34bfc283415741eb849a6370d79
KB손해보험,보험자회사,2024,20250314001697,사업보고서 (2024.12),20250314,겸직표,대상 계열사,1. 임원 및 직원 등의 현황 | IX. 계열회사 등에 관한 사항,병합,2,김재관,KB국민카드,기타비상무이사,2024-03-21,비상근,,,,Y,성 명 | 대상 계열사 | 직책 | 선임시기 | 비 고,김재관 | KB국민카드 | 기타비상무이사 | 2024-03-21 | 비상근,2026-09-16T12:01:07+09:00,000,raw/document/20250314001697.zip,274b5dc207b1613d20711fad49c131a0416fc34bfc283415741eb849a6370d79
KB손해보험,보험자회사,2024,20250314001697,사업보고서 (2024.12),20250314,겸직표,대상 계열사,1. 임원 및 직원 등의 현황 | IX. 계열회사 등에 관한 사항,병합,3,박찬일,케이비손해사정,기타비상무이사,2024-01-01,비상근,,,,Y,성 명 | 대상 계열사 | 직책 | 선임시기 | 비 고,박찬일 | 케이비손해사정 | 기타비상무이사 | 2024-01-01 | 비상근,2026-09-16T12:01:07+09:00,000,raw/document/20250314001697.zip,274b5dc207b1613d20711fad49c131a0416fc34bfc283415741eb849a6370d79
KB손해보험,보험자회사,2024,20250314001697,사업보고서 (2024.12),20250314,겸직표,대상 계열사,1. 임원 및 직원 등의 현황 | IX. 계열회사 등에 관한 사항,병합,2,김 혁,케이비손해사정,기타비상무이사,2022-01-01,비상근,,,,Y,성 명 | 대상 계열사 | 직책 | 선임시기 | 비 고,김 혁 | 케이비손해사정 | 기타비상무이사 | 2022-01-01 | 비상근,2026-09-16T12:01:07+09:00,000,raw/document/20250314001697.zip,274b5dc207b1613d20711fad49c131a0416fc34bfc283415741eb849a6370d79
KB손해보험,보험자회사,2024,20250314001697,사업보고서 (2024.12),20250314,겸직표,대상 계열사,1. 임원 및 직원 등의 현황 | IX. 계열회사 등에 관한 사항,병합,2,정성욱,"Leading Insurance Services, Inc.",이사,2023-01-01,비상근,,,,N,성 명 | 대상 계열사 | 직책 | 선임시기 | 비 고,"정성욱 | Leading Insurance Services, Inc. | 이사 | 2023-01-01 | 비상근",2026-09-16T12:01:07+09:00,000,raw/document/20250314001697.zip,274b5dc207b1613d20711fad49c131a0416fc34bfc283415741eb849a6370d79
KB손해보험,보험자회사,2024,20250314001697,사업보고서 (2024.12),20250314,겸직표,대상 계열사,1. 임원 및 직원 등의 현황 | IX. 계열회사 등에 관한 사항,병합,3,정성욱,PT. KB Insurance Indonesia,이사,2023-10-25,비상근,,,,N,성 명 | 대상 계열사 | 직책 | 선임시기 | 비 고,정성욱 | PT. KB Insurance Indonesia | 이사 | 2023-10-25 | 비상근,2026-09-16T12:01:07+09:00,000,raw/document/20250314001697.zip,274b5dc207b1613d20711fad49c131a0416fc34bfc283415741eb849a6370d79
KB손해보험,보험자회사,2024,20250314001697,사업보고서 (2024.12),20250314,겸직표,대상 계열사,1. 임원 및 직원 등의 현황 | IX. 계열회사 등에 관한 사항,병합,2,고창영,케이비헬스케어,기타비상무이사,2023-01-01,비상근,,,,N,성 명 | 대상 계열사 | 직책 | 선임시기 | 비 고,고창영 | 케이비헬스케어 | 기타비상무이사 | 2023-01-01 | 비상근,2026-09-16T12:01:07+09:00,000,raw/document/20250314001697.zip,274b5dc207b1613d20711fad49c131a0416fc34bfc283415741eb849a6370d79
KB손해보험,보험자회사,2024,20250314001697,사업보고서 (2024.12),20250314,겸직표,대상 계열사,1. 임원 및 직원 등의 현황 | IX. 계열회사 등에 관한 사항,병합,2,윤희승,케이비헬스케어,기타비상무이사,2024-01-26,비상근,,,,N,성 명 | 대상 계열사 | 직책 | 선임시기 | 비 고,윤희승 | 케이비헬스케어 | 기타비상무이사 | 2024-01-26 | 비상근,2026-09-16T12:01:07+09:00,000,raw/document/20250314001697.zip,274b5dc207b1613d20711fad49c131a0416fc34bfc283415741eb849a6370d79
KB손해보험,보험자회사,2024,20250314001697,사업보고서 (2024.12),20250314,겸직표,대상 계열사,1. 임원 및 직원 등의 현황,단독,1,나상록,KB금융지주,재무기획부 상무,2024-01-01,상근,,,,Y,성 명 | 대상 계열사 | 직책 | 선임시기 | 비 고,나상록 | KB금융지주 | 재무기획부 상무 | 2024-01-01 | 상근,2026-09-16T12:01:07+09:00,000,raw/document/20250314001697.zip,274b5dc207b1613d20711fad49c131a0416fc34bfc283415741eb849a6370d79
KB손해보험,보험자회사,2024,20250314001697,사업보고서 (2024.12),20250314,겸직표,대상 계열사,1. 임원 및 직원 등의 현황,단독,1,나상록,KB캐피탈,기타비상무이사,2021-03-29,비상근,,,,Y,성 명 | 대상 계열사 | 직책 | 선임시기 | 비 고,나상록 | KB캐피탈 | 기타비상무이사 | 2021-03-29 | 비상근,2026-09-16T12:01:07+09:00,000,raw/document/20250314001697.zip,274b5dc207b1613d20711fad49c131a0416fc34bfc283415741eb849a6370d79
KB손해보험,보험자회사,2024,20250314001697,사업보고서 (2024.12),20250314,겸직표,대상 계열사,1. 임원 및 직원 등의 현황,단독,1,나상록,KB인베스트먼트,기타비상무이사,2020-08-28,비상근,,,,N,성 명 | 대상 계열사 | 직책 | 선임시기 | 비 고,나상록 | KB인베스트먼트 | 기타비상무이사 | 2020-08-28 | 비상근,2026-09-16T12:01:07+09:00,000,raw/document/20250314001697.zip,274b5dc207b1613d20711fad49c131a0416fc34bfc283415741eb849a6370d79
KB손해보험,보험자회사,2024,20250314001697,사업보고서 (2024.12),20250314,겸직표,대상 계열사,1. 임원 및 직원 등의 현황,단독,1,강동우,케이비손해사정,기타비상무이사,2025-01-01,비상근,,,,Y,성 명 | 대상 계열사 | 직책 | 선임시기 | 비 고,강동우 | 케이비손해사정 | 기타비상무이사 | 2025-01-01 | 비상근,2026-09-16T12:01:07+09:00,000,raw/document/20250314001697.zip,274b5dc207b1613d20711fad49c131a0416fc34bfc283415741eb849a6370d79
KB손해보험,보험자회사,2024,20250314001697,사업보고서 (2024.12),20250314,겸직표,대상 계열사,1. 임원 및 직원 등의 현황,단독,1,박상규,"Leading Insurance Services, Inc.",이사,2025-01-01,비상근,,,,N,성 명 | 대상 계열사 | 직책 | 선임시기 | 비 고,"박상규 | Leading Insurance Services, Inc. | 이사 | 2025-01-01 | 비상근",2026-09-16T12:01:07+09:00,000,raw/document/20250314001697.zip,274b5dc207b1613d20711fad49c131a0416fc34bfc283415741eb849a6370d79
KB손해보험,보험자회사,2024,20250314001697,사업보고서 (2024.12),20250314,겸직표,대상 계열사,1. 임원 및 직원 등의 현황,단독,1,황성수,"KBFG Insurance(China) Co., Ltd.",이사,2022-10-25,비상근,,,,N,성 명 | 대상 계열사 | 직책 | 선임시기 | 비 고,"황성수 | KBFG Insurance(China) Co., Ltd. | 이사 | 2022-10-25 | 비상근",2026-09-16T12:01:07+09:00,000,raw/document/20250314001697.zip,274b5dc207b1613d20711fad49c131a0416fc34bfc283415741eb849a6370d79
KB금융,지주,2024,20250314001704,사업보고서 (2024.12),20250314,겸직표,대상 계열사,1. 임원 및 직원 등의 현황 | IX. 계열회사 등에 관한 사항,병합,2,이재근,국민은행,은행장,2022. 1월,상근,,,,Y,성명 | 대상 계열사 | 직책 | 선임시기 | 비고,이재근 | 국민은행 | 은행장 | 2022. 1월 | 상근,2026-09-16T12:02:40+09:00,000,raw/document/20250314001704.zip,2279d1f9a284ebb0438b04f9b8d91cea4a34bc5cf0f3672ed6cc1c03f5086769
KB금융,지주,2024,20250314001704,사업보고서 (2024.12),20250314,겸직표,대상 계열사,1. 임원 및 직원 등의 현황 | IX. 계열회사 등에 관한 사항,병합,2,김경남,국민은행,ESG상생본부장 상무,2024. 1월,상근,,,,Y,성명 | 대상 계열사 | 직책 | 선임시기 | 비고,김경남 | 국민은행 | ESG상생본부장 상무 | 2024. 1월 | 상근,2026-09-16T12:02:40+09:00,000,raw/document/20250314001704.zip,2279d1f9a284ebb0438b04f9b8d91cea4a34bc5cf0f3672ed6cc1c03f5086769
KB금융,지주,2024,20250314001704,사업보고서 (2024.12),20250314,겸직표,대상 계열사,1. 임원 및 직원 등의 현황 | IX. 계열회사 등에 관한 사항,병합,4,박진영,국민은행,브랜드홍보그룹대표 상무,2024. 1월,상근,,,,Y,성명 | 대상 계열사 | 직책 | 선임시기 | 비고,박진영 | 국민은행 | 브랜드홍보그룹대표 상무 | 2024. 1월 | 상근,2026-09-16T12:02:40+09:00,000,raw/document/20250314001704.zip,2279d1f9a284ebb0438b04f9b8d91cea4a34bc5cf0f3672ed6cc1c03f5086769
KB금융,지주,2024,20250314001704,사업보고서 (2024.12),20250314,겸직표,대상 계열사,1. 임원 및 직원 등의 현황 | IX. 계열회사 등에 관한 사항,병합,2,정진호,국민은행,DT추진본부장 부행장,2024. 1월,상근,,,,Y,성명 | 대상 계열사 | 직책 | 선임시기 | 비고,정진호 | 국민은행 | DT추진본부장 부행장 | 2024. 1월 | 상근,2026-09-16T12:02:40+09:00,000,raw/document/20250314001704.zip,2279d1f9a284ebb0438b04f9b8d91cea4a34bc5cf0f3672ed6cc1c03f5086769
KB금융,지주,2024,20250314001704,사업보고서 (2024.12),20250314,겸직표,대상 계열사,1. 임원 및 직원 등의 현황 | IX. 계열회사 등에 관한 사항,병합,2,육창화,국민은행,AI데이터혁신본부장 부행장,2024. 1월,상근,,,,Y,성명 | 대상 계열사 | 직책 | 선임시기 | 비고,육창화 | 국민은행 | AI데이터혁신본부장 부행장 | 2024. 1월 | 상근,2026-09-16T12:02:40+09:00,000,raw/document/20250314001704.zip,2279d1f9a284ebb0438b04f9b8d91cea4a34bc5cf0f3672ed6cc1c03f5086769
KB금융,지주,2024,20250314001704,사업보고서 (2024.12),20250314,겸직표,대상 계열사,1. 임원 및 직원 등의 현황 | IX. 계열회사 등에 관한 사항,미매핑,10,,,,,,,,,N,성명 | 대상 계열사 | 직책 | 선임시기 | 비고,금융AI센터(P)장 | 2024. 6월 | 상근,2026-09-16T12:02:40+09:00,000,raw/document/20250314001704.zip,2279d1f9a284ebb0438b04f9b8d91cea4a34bc5cf0f3672ed6cc1c03f5086769
KB금융,지주,2024,20250314001704,사업보고서 (2024.12),20250314,겸직표,대상 계열사,1. 임원 및 직원 등의 현황 | IX. 계열회사 등에 관한 사항,병합,4,오상원,국민은행,테크그룹대표 부행장,2024. 1월,상근,,,,Y,성명 | 대상 계열사 | 직책 | 선임시기 | 비고,오상원 | 국민은행 | 테크그룹대표 부행장 | 2024. 1월 | 상근,2026-09-16T12:02:40+09:00,000,raw/document/20250314001704.zip,2279d1f9a284ebb0438b04f9b8d91cea4a34bc5cf0f3672ed6cc1c03f5086769
KB금융,지주,2024,20250314001704,사업보고서 (2024.12),20250314,겸직표,대상 계열사,1. 임원 및 직원 등의 현황 | IX. 계열회사 등에 관한 사항,병합,4,박영세,국민은행,소비자보호그룹대표 부행장,2024. 1월,상근,,,,Y,성명 | 대상 계열사 | 직책 | 선임시기 | 비고,박영세 | 국민은행 | 소비자보호그룹대표 부행장 | 2024. 1월 | 상근,2026-09-16T12:02:40+09:00,000,raw/document/20250314001704.zip,2279d1f9a284ebb0438b04f9b8d91cea4a34bc5cf0f3672ed6cc1c03f5086769
KB금융,지주,2024,20250314001704,사업보고서 (2024.12),20250314,겸직표,대상 계열사,1. 임원 및 직원 등의 현황 | IX. 계열회사 등에 관한 사항,병합,2,하 윤,국민은행,고객경험디자인센터장,2022. 1월,상근,,,,Y,성명 | 대상 계열사 | 직책 | 선임시기 | 비고,하 윤 | 국민은행 | 고객경험디자인센터장 | 2022. 1월 | 상근,2026-09-16T12:02:40+09:00,000,raw/document/20250314001704.zip,2279d1f9a284ebb0438b04f9b8d91cea4a34bc5cf0f3672ed6cc1c03f5086769
KB금융,지주,2024,20250314001704,사업보고서 (2024.12),20250314,겸직표,대상 계열사,1. 임원 및 직원 등의 현황 | IX. 계열회사 등에 관한 사항,병합,2,박기은,국민은행,테크개발본부장 부행장,2024. 1월,상근,,,,Y,성명 | 대상 계열사 | 직책 | 선임시기 | 비고,박기은 | 국민은행 | 테크개발본부장 부행장 | 2024. 1월 | 상근,2026-09-16T12:02:40+09:00,000,raw/document/20250314001704.zip,2279d1f9a284ebb0438b04f9b8d91cea4a34bc5cf0f3672ed6cc1c03f5086769
KB금융,지주,2024,20250314001704,사업보고서 (2024.12),20250314,겸직표,대상 계열사,1. 임원 및 직원 등의 현황 | IX. 계열회사 등에 관한 사항,병합,2,김주현,국민은행,클라우드플랫폼부 본부본부장,2022. 2월,상근,,,,Y,성명 | 대상 계열사 | 직책 | 선임시기 | 비고,김주현 | 국민은행 | 클라우드플랫폼부 본부본부장 | 2022. 2월 | 상근,2026-09-16T12:02:40+09:00,000,raw/document/20250314001704.zip,2279d1f9a284ebb0438b04f9b8d91cea4a34bc5cf0f3672ed6cc1c03f5086769
KB금융,지주,2024,20250314001704,사업보고서 (2024.12),20250314,겸직표,대상 계열사,1. 임원 및 직원 등의 현황 | IX. 계열회사 등에 관한 사항,병합,2,박찬용,국민은행,기획조정부장 부행장,2024. 1월,상근,,,,Y,성명 | 대상 계열사 | 직책 | 선임시기 | 비고,박찬용 | 국민은행 | 기획조정부장 부행장 | 2024. 1월 | 상근,2026-09-16T12:02:40+09:00,000,raw/document/20250314001704.zip,2279d1f9a284ebb0438b04f9b8d91cea4a34bc5cf0f3672ed6cc1c03f5086769
KB금융,지주,2024,20250314001704,사업보고서 (2024.12),20250314,겸직표,대상 계열사,1. 임원 및 직원 등의 현황 | IX. 계열회사 등에 관한 사항,병합,2,이승종,KB증권,기타비상무이사,2024. 3월,비상근,,,,Y,성명 | 대상 계열사 | 직책 | 선임시기 | 비고,이승종 | KB증권 | 기타비상무이사 | 2024. 3월 | 비상근,2026-09-16T12:02:40+09:00,000,raw/document/20250314001704.zip,2279d1f9a284ebb0438b04f9b8d91cea4a34bc5cf0f3672ed6cc1c03f5086769
KB금융,지주,2024,20250314001704,사업보고서 (2024.12),20250314,겸직표,대상 계열사,1. 임원 및 직원 등의 현황 | IX. 계열회사 등에 관한 사항,병합,2,김재관,KB손해보험,기타비상무이사,2024. 3월,비상근,,,,Y,성명 | 대상 계열사 | 직책 | 선임시기 | 비고,김재관 | KB손해보험 | 기타비상무이사 | 2024. 3월 | 비상근,2026-09-16T12:02:40+09:00,000,raw/document/20250314001704.zip,2279d1f9a284ebb0438b04f9b8d91cea4a34bc5cf0f3672ed6cc1c03f5086769
KB금융,지주,2024,20250314001704,사업보고서 (2024.12),20250314,겸직표,대상 계열사,1. 임원 및 직원 등의 현황 | IX. 계열회사 등에 관한 사항,병합,2,나상록,KB캐피탈,기타비상무이사,2021. 3월,비상근,,,,Y,성명 | 대상 계열사 | 직책 | 선임시기 | 비고,나상록 | KB캐피탈 | 기타비상무이사 | 2021. 3월 | 비상근,2026-09-16T12:02:40+09:00,000,raw/document/20250314001704.zip,2279d1f9a284ebb0438b04f9b8d91cea4a34bc5cf0f3672ed6cc1c03f5086769
KB금융,지주,2024,20250314001704,사업보고서 (2024.12),20250314,겸직표,대상 계열사,1. 임원 및 직원 등의 현황 | IX. 계열회사 등에 관한 사항,병합,2,김경남,국민은행,ESG상생본부장,2025. 1월,상근,,,,Y,성명 | 대상 계열사 | 직책 | 선임시기 | 비고,김경남 | 국민은행 | ESG상생본부장 | 2025. 1월 | 상근,2026-09-16T12:02:40+09:00,000,raw/document/20250314001704.zip,2279d1f9a284ebb0438b04f9b8d91cea4a34bc5cf0f3672ed6cc1c03f5086769
KB금융,지주,2024,20250314001704,사업보고서 (2024.12),20250314,겸직표,대상 계열사,1. 임원 및 직원 등의 현황,단독,1,조영서,국민은행,AI ㆍ DT추진그룹대표 부행장,2025. 1월,상근,,,,Y,성명 | 대상 계열사 | 직책 | 선임시기 | 비고,조영서 | 국민은행 | AI ㆍ DT추진그룹대표 부행장 | 2025. 1월 | 상근,2026-09-16T12:02:40+09:00,000,raw/document/20250314001704.zip,2279d1f9a284ebb0438b04f9b8d91cea4a34bc5cf0f3672ed6cc1c03f5086769
KB금융,지주,2024,20250314001704,사업보고서 (2024.12),20250314,겸직표,대상 계열사,1. 임원 및 직원 등의 현황 | IX. 계열회사 등에 관한 사항,병합,2,김병집,국민은행,금융AI1센터장 상무,2025. 1월,상근,,,,Y,성명 | 대상 계열사 | 직책 | 선임시기 | 비고,김병집 | 국민은행 | 금융AI1센터장 상무 | 2025. 1월 | 상근,2026-09-16T12:02:40+09:00,000,raw/document/20250314001704.zip,2279d1f9a284ebb0438b04f9b8d91cea4a34bc5cf0f3672ed6cc1c03f5086769
KB금융,지주,2024,20250314001704,사업보고서 (2024.12),20250314,겸직표,대상 계열사,1. 임원 및 직원 등의 현황 | IX. 계열회사 등에 관한 사항,병합,2,이경종,국민은행,금융AI2센터장 상무,2025. 1월,상근,,,,Y,성명 | 대상 계열사 | 직책 | 선임시기 | 비고,이경종 | 국민은행 | 금융AI2센터장 상무 | 2025. 1월 | 상근,2026-09-16T12:02:40+09:00,000,raw/document/20250314001704.zip,2279d1f9a284ebb0438b04f9b8d91cea4a34bc5cf0f3672ed6cc1c03f5086769
KB금융,지주,2024,20250314001704,사업보고서 (2024.12),20250314,겸직표,대상 계열사,1. 임원 및 직원 등의 현황 | IX. 계열회사 등에 관한 사항,병합,2,이현정,국민은행,고객경험디자인센터장,2025. 1월,상근,,,,Y,성명 | 대상 계열사 | 직책 | 선임시기 | 비고,이현정 | 국민은행 | 고객경험디자인센터장 | 2025. 1월 | 상근,2026-09-16T12:02:40+09:00,000,raw/document/20250314001704.zip,2279d1f9a284ebb0438b04f9b8d91cea4a34bc5cf0f3672ed6cc1c03f5086769
KB금융,지주,2024,20250314001704,사업보고서 (2024.12),20250314,겸직표,대상 계열사,1. 임원 및 직원 등의 현황 | IX. 계열회사 등에 관한 사항,병합,2,최병하,국민은행,테크개발본부장,2025. 1월,상근,,,,Y,성명 | 대상 계열사 | 직책 | 선임시기 | 비고,최병하 | 국민은행 | 테크개발본부장 | 2025. 1월 | 상근,2026-09-16T12:02:40+09:00,000,raw/document/20250314001704.zip,2279d1f9a284ebb0438b04f9b8d91cea4a34bc5cf0f3672ed6cc1c03f5086769
KB금융,지주,2024,20250314001704,사업보고서 (2024.12),20250314,겸직표,대상 계열사,1. 임원 및 직원 등의 현황 | IX. 계열회사 등에 관한 사항,병합,2,김주현,국민은행,클라우드플랫폼부장,2022. 2월,상근,,,,Y,성명 | 대상 계열사 | 직책 | 선임시기 | 비고,김주현 | 국민은행 | 클라우드플랫폼부장 | 2022. 2월 | 상근,2026-09-16T12:02:40+09:00,000,raw/document/20250314001704.zip,2279d1f9a284ebb0438b04f9b8d91cea4a34bc5cf0f3672ed6cc1c03f5086769
KB금융,지주,2024,20250314001704,사업보고서 (2024.12),20250314,겸직표,대상 계열사,1. 임원 및 직원 등의 현황 | IX. 계열회사 등에 관한 사항,병합,2,박명화,국민은행,기획조정부장,2025. 1월,상근,,,,Y,성명 | 대상 계열사 | 직책 | 선임시기 | 비고,박명화 | 국민은행 | 기획조정부장 | 2025. 1월 | 상근,2026-09-16T12:02:40+09:00,000,raw/document/20250314001704.zip,2279d1f9a284ebb0438b04f9b8d91cea4a34bc5cf0f3672ed6cc1c03f5086769
KB금융,지주,2024,20250314001704,사업보고서 (2024.12),20250314,겸직표,대상 계열사,1. 임원 및 직원 등의 현황 | IX. 계열회사 등에 관한 사항,병합,2,박영준,KB증권,기타비상무이사,2025. 2월,비상근,,,,Y,성명 | 대상 계열사 | 직책 | 선임시기 | 비고,박영준 | KB증권 | 기타비상무이사 | 2025. 2월 | 비상근,2026-09-16T12:02:40+09:00,000,raw/document/20250314001704.zip,2279d1f9a284ebb0438b04f9b8d91cea4a34bc5cf0f3672ed6cc1c03f5086769
KB금융,지주,2024,20250314001704,사업보고서 (2024.12),20250314,겸직표,대상 계열사,1. 임원 및 직원 등의 현황 | IX. 계열회사 등에 관한 사항,병합,2,나상록,KB손해보험,기타비상무이사,2025. 2월,비상근,,,,Y,성명 | 대상 계열사 | 직책 | 선임시기 | 비고,나상록 | KB손해보험 | 기타비상무이사 | 2025. 2월 | 비상근,2026-09-16T12:02:40+09:00,000,raw/document/20250314001704.zip,2279d1f9a284ebb0438b04f9b8d91cea4a34bc5cf0f3672ed6cc1c03f5086769
KB금융,지주,2024,20250314001704,사업보고서 (2024.12),20250314,겸직표,대상 계열사,IX. 계열회사 등에 관한 사항,단독,1,조영서,국민은행,AI ㆍDT추진그룹대표 부행장,2025. 1월,상근,,,,Y,성명 | 대상 계열사 | 직책 | 선임시기 | 비 고,조영서 | 국민은행 | AI ㆍDT추진그룹대표 부행장 | 2025. 1월 | 상근,2026-09-16T12:02:40+09:00,000,raw/document/20250314001704.zip,2279d1f9a284ebb0438b04f9b8d91cea4a34bc5cf0f3672ed6cc1c03f5086769
iM금융지주,지주,2024,20250318000693,사업보고서 (2024.12),20250318,겸직표,대상 계열사,1. 임원 및 직원 등의 현황 | IX. 계열회사 등에 관한 사항,병합,4,황병우,iM뱅크,은행장,2023.01,상근(등기),,,,N,성 명 | 대상 계열사 | 직 책 | 선임시기 | 비 고,황병우 | iM뱅크 | 은행장 | 2023.01 | 상근(등기),2026-09-16T12:03:30+09:00,000,raw/document/20250318000693.zip,14ede42e7fe43251257b4f0aecc7df8544657c60408846766d68f6de00eac141
iM금융지주,지주,2024,20250318000693,사업보고서 (2024.12),20250318,겸직표,대상 계열사,1. 임원 및 직원 등의 현황 | IX. 계열회사 등에 관한 사항,병합,2,박병수,iM뱅크,리스크관리그룹장,2025.01,상근 (미등기),,,,N,성 명 | 대상 계열사 | 직 책 | 선임시기 | 비 고,박병수 | iM뱅크 | 리스크관리그룹장 | 2025.01 | 상근 (미등기),2026-09-16T12:03:30+09:00,000,raw/document/20250318000693.zip,14ede42e7fe43251257b4f0aecc7df8544657c60408846766d68f6de00eac141
iM금융지주,지주,2024,20250318000693,사업보고서 (2024.12),20250318,겸직표,대상 계열사,1. 임원 및 직원 등의 현황 | IX. 계열회사 등에 관한 사항,병합,4,천병규,iM증권,비상임이사,2023.03,비상근(등기),,,,Y,성 명 | 대상 계열사 | 직 책 | 선임시기 | 비 고,천병규 | iM증권 | 비상임이사 | 2023.03 | 비상근(등기),2026-09-16T12:03:30+09:00,000,raw/document/20250318000693.zip,14ede42e7fe43251257b4f0aecc7df8544657c60408846766d68f6de00eac141
iM금융지주,지주,2024,20250318000693,사업보고서 (2024.12),20250318,겸직표,대상 계열사,1. 임원 및 직원 등의 현황 | IX. 계열회사 등에 관한 사항,병합,4,성태문,iM유페이,감사,2024.01,비상근(등기),,,,N,성 명 | 대상 계열사 | 직 책 | 선임시기 | 비 고,성태문 | iM유페이 | 감사 | 2024.01 | 비상근(등기),2026-09-16T12:03:30+09:00,000,raw/document/20250318000693.zip,14ede42e7fe43251257b4f0aecc7df8544657c60408846766d68f6de00eac141
iM금융지주,지주,2024,20250318000693,사업보고서 (2024.12),20250318,겸직표,대상 계열사,1. 임원 및 직원 등의 현황 | IX. 계열회사 등에 관한 사항,병합,2,이광원,iM뱅크,CISO,2024.01,상근 (미등기),,,,N,성 명 | 대상 계열사 | 직 책 | 선임시기 | 비 고,이광원 | iM뱅크 | CISO | 2024.01 | 상근 (미등기),2026-09-16T12:03:30+09:00,000,raw/document/20250318000693.zip,14ede42e7fe43251257b4f0aecc7df8544657c60408846766d68f6de00eac141
iM금융지주,지주,2024,20250318000693,사업보고서 (2024.12),20250318,겸직표,대상 계열사,1. 임원 및 직원 등의 현황 | IX. 계열회사 등에 관한 사항,병합,2,황원철,iM뱅크,디지털BIZ그룹장,2025.01,상근 (미등기),,,,N,성 명 | 대상 계열사 | 직 책 | 선임시기 | 비 고,황원철 | iM뱅크 | 디지털BIZ그룹장 | 2025.01 | 상근 (미등기),2026-09-16T12:03:30+09:00,000,raw/document/20250318000693.zip,14ede42e7fe43251257b4f0aecc7df8544657c60408846766d68f6de00eac141
iM금융지주,지주,2024,20250318000693,사업보고서 (2024.12),20250318,겸직표,대상회사,1. 임원 및 직원 등의 현황,단독,2,조강래,(주)에이비즈파트너스,부회장,2019.02,,,,,N,성 명 | 대상회사 | 직 책 | 선임시기,조강래 | (주)에이비즈파트너스 | 부회장 | 2019.02,2026-09-16T12:03:30+09:00,000,raw/document/20250318000693.zip,14ede42e7fe43251257b4f0aecc7df8544657c60408846766d68f6de00eac141
iM금융지주,지주,2024,20250318000693,사업보고서 (2024.12),20250318,겸직표,대상 계열사,1. 임원 및 직원 등의 현황 | IX. 계열회사 등에 관한 사항,병합,2,진영수,iM뱅크,상무,2023.01,상근(미등기),,,,N,성 명 | 대상 계열사 | 직 책 | 선임시기 | 비 고,진영수 | iM뱅크 | 상무 | 2023.01 | 상근(미등기),2026-09-16T12:03:30+09:00,000,raw/document/20250318000693.zip,14ede42e7fe43251257b4f0aecc7df8544657c60408846766d68f6de00eac141
신한지주,지주,2024,20250318000993,사업보고서 (2024.12),20250318,겸직표,대상회사,1. 임원 및 직원 등의 현황 | IX. 계열회사 등에 관한 사항,병합,4,정상혁,신한은행,은행장,2023.02.15,상근,,,,Y,성명 | 대상회사 | 직위명 | 선임일 | 비고,정상혁 | 신한은행 | 은행장 | 2023.02.15 | 상근,2026-09-16T12:04:49+09:00,000,raw/document/20250318000993.zip,22eeff37c00bcab23a105fb4a4cd6c69baa8bcf1d4e5492c1bf6105334d14583
신한지주,지주,2024,20250318000993,사업보고서 (2024.12),20250318,겸직표,대상회사,1. 임원 및 직원 등의 현황 | IX. 계열회사 등에 관한 사항,병합,4,고석헌,신한카드,비상임이사,2024.01.01,비상근,,,,Y,성명 | 대상회사 | 직위명 | 선임일 | 비고,고석헌 | 신한카드 | 비상임이사 | 2024.01.01 | 비상근,2026-09-16T12:04:49+09:00,000,raw/document/20250318000993.zip,22eeff37c00bcab23a105fb4a4cd6c69baa8bcf1d4e5492c1bf6105334d14583
신한지주,지주,2024,20250318000993,사업보고서 (2024.12),20250318,겸직표,대상회사,1. 임원 및 직원 등의 현황 | IX. 계열회사 등에 관한 사항,미매핑,48,,,,,,,,,N,성명 | 대상회사 | 직위명 | 선임일 | 비고,신한저축은행 | 비상임이사 | 2024.01.01 | 비상근,2026-09-16T12:04:49+09:00,000,raw/document/20250318000993.zip,22eeff37c00bcab23a105fb4a4cd6c69baa8bcf1d4e5492c1bf6105334d14583
신한지주,지주,2024,20250318000993,사업보고서 (2024.12),20250318,겸직표,대상회사,1. 임원 및 직원 등의 현황 | IX. 계열회사 등에 관한 사항,병합,4,천상영,신한라이프,비상임이사,2024.01.01,비상근,,,,N,성명 | 대상회사 | 직위명 | 선임일 | 비고,천상영 | 신한라이프 | 비상임이사 | 2024.01.01 | 비상근,2026-09-16T12:04:49+09:00,000,raw/document/20250318000993.zip,22eeff37c00bcab23a105fb4a4cd6c69baa8bcf1d4e5492c1bf6105334d14583
신한지주,지주,2024,20250318000993,사업보고서 (2024.12),20250318,겸직표,대상회사,1. 임원 및 직원 등의 현황 | IX. 계열회사 등에 관한 사항,병합,4,이인균,신한은행,비상임이사,2023.01.01,비상근,,,,Y,성명 | 대상회사 | 직위명 | 선임일 | 비고,이인균 | 신한은행 | 비상임이사 | 2023.01.01 | 비상근,2026-09-16T12:04:49+09:00,000,raw/document/20250318000993.zip,22eeff37c00bcab23a105fb4a4cd6c69baa8bcf1d4e5492c1bf6105334d14583
신한지주,지주,2024,20250318000993,사업보고서 (2024.12),20250318,겸직표,대상회사,1. 임원 및 직원 등의 현황 | IX. 계열회사 등에 관한 사항,병합,4,박현주,신한은행,부행장,2022.01.01,상근,,,,Y,성명 | 대상회사 | 직위명 | 선임일 | 비고,박현주 | 신한은행 | 부행장 | 2022.01.01 | 상근,2026-09-16T12:04:49+09:00,000,raw/document/20250318000993.zip,22eeff37c00bcab23a105fb4a4cd6c69baa8bcf1d4e5492c1bf6105334d14583
신한지주,지주,2024,20250318000993,사업보고서 (2024.12),20250318,겸직표,대상회사,1. 임원 및 직원 등의 현황 | IX. 계열회사 등에 관한 사항,병합,4,김지온,신한DS,비상근감사,2024.03.28,비상근,,,,N,성명 | 대상회사 | 직위명 | 선임일 | 비고,김지온 | 신한DS | 비상근감사 | 2024.03.28 | 비상근,2026-09-16T12:04:49+09:00,000,raw/document/20250318000993.zip,22eeff37c00bcab23a105fb4a4cd6c69baa8bcf1d4e5492c1bf6105334d14583
신한지주,지주,2024,20250318000993,사업보고서 (2024.12),20250318,겸직표,대상회사,1. 임원 및 직원 등의 현황 | IX. 계열회사 등에 관한 사항,병합,2,김준환,신한DS,비상임이사,2024.01.01,비상근,,,,N,성명 | 대상회사 | 직위명 | 선임일 | 비고,김준환 | 신한DS | 비상임이사 | 2024.01.01 | 비상근,2026-09-16T12:04:49+09:00,000,raw/document/20250318000993.zip,22eeff37c00bcab23a105fb4a4cd6c69baa8bcf1d4e5492c1bf6105334d14583
신한지주,지주,2024,20250318000993,사업보고서 (2024.12),20250318,겸직표,대상회사,1. 임원 및 직원 등의 현황 | IX. 계열회사 등에 관한 사항,병합,4,황경업,신한펀드파트너스,비상임이사,2024.01.01,비상근,,,,N,성명 | 대상회사 | 직위명 | 선임일 | 비고,황경업 | 신한펀드파트너스 | 비상임이사 | 2024.01.01 | 비상근,2026-09-16T12:04:49+09:00,000,raw/document/20250318000993.zip,22eeff37c00bcab23a105fb4a4cd6c69baa8bcf1d4e5492c1bf6105334d14583
신한지주,지주,2024,20250318000993,사업보고서 (2024.12),20250318,겸직표,대상회사,1. 임원 및 직원 등의 현황 | IX. 계열회사 등에 관한 사항,병합,4,고유선,신한자산운용,비상임이사,2024.01.01,비상근,,,,Y,성명 | 대상회사 | 직위명 | 선임일 | 비고,고유선 | 신한자산운용 | 비상임이사 | 2024.01.01 | 비상근,2026-09-16T12:04:49+09:00,000,raw/document/20250318000993.zip,22eeff37c00bcab23a105fb4a4cd6c69baa8bcf1d4e5492c1bf6105334d14583
신한지주,지주,2024,20250318000993,사업보고서 (2024.12),20250318,겸직표,대상회사,1. 임원 및 직원 등의 현황 | IX. 계열회사 등에 관한 사항,병합,2,이원태,신한투자증권,비상임이사,2025.01.01,비상근,,,,Y,성명 | 대상회사 | 직위명 | 선임일 | 비고,이원태 | 신한투자증권 | 비상임이사 | 2025.01.01 | 비상근,2026-09-16T12:04:49+09:00,000,raw/document/20250318000993.zip,22eeff37c00bcab23a105fb4a4cd6c69baa8bcf1d4e5492c1bf6105334d14583
신한지주,지주,2024,20250318000993,사업보고서 (2024.12),20250318,겸직표,대상회사,1. 임원 및 직원 등의 현황 | IX. 계열회사 등에 관한 사항,병합,2,김준환,신한은행,상무,2024.01.01,상근,,,,Y,성명 | 대상회사 | 직위명 | 선임일 | 비고,김준환 | 신한은행 | 상무 | 2024.01.01 | 상근,2026-09-16T12:04:49+09:00,000,raw/document/20250318000993.zip,22eeff37c00bcab23a105fb4a4cd6c69baa8bcf1d4e5492c1bf6105334d14583
신한지주,지주,2024,20250318000993,사업보고서 (2024.12),20250318,겸직표,대상회사,1. 임원 및 직원 등의 현황 | IX. 계열회사 등에 관한 사항,병합,2,조정훈,신한리츠운용,비상임이사,2023.01.01,비상근,,,,N,성명 | 대상회사 | 직위명 | 선임일 | 비고,조정훈 | 신한리츠운용 | 비상임이사 | 2023.01.01 | 비상근,2026-09-16T12:04:49+09:00,000,raw/document/20250318000993.zip,22eeff37c00bcab23a105fb4a4cd6c69baa8bcf1d4e5492c1bf6105334d14583
신한지주,지주,2024,20250318000993,사업보고서 (2024.12),20250318,겸직표,대상회사,1. 임원 및 직원 등의 현황 | IX. 계열회사 등에 관한 사항,병합,2,장정훈,신한투자증권,비상임이사,2024.01.01,비상근,,,,Y,성명 | 대상회사 | 직위명 | 선임일 | 비고,장정훈 | 신한투자증권 | 비상임이사 | 2024.01.01 | 비상근,2026-09-16T12:04:49+09:00,000,raw/document/20250318000993.zip,22eeff37c00bcab23a105fb4a4cd6c69baa8bcf1d4e5492c1bf6105334d14583
BNK금융지주,지주,2024,20250318001176,사업보고서 (2024.12),20250318,겸직표,대상회사,IX. 계열회사 등에 관한 사항,단독,1,권재중,경남은행,부행장,2024.01.01,상근,,,,Y,성 명 | 대상회사 | 직 책 | 선임시기 | 비 고,권재중 | 경남은행 | 부행장 | 2024.01.01 | 상근,2026-09-22T12:05:25+09:00,000,raw/document/20250318001176.zip,bda31e517ecfec8c3c69800dbf7466ce1dc57dd4acbf61b3ade23c380bc8ff60
BNK금융지주,지주,2024,20250318001176,사업보고서 (2024.12),20250318,겸직표,대상회사,IX. 계열회사 등에 관한 사항,미매핑,1,,,,,,,,,N,성 명 | 대상회사 | 직 책 | 선임시기 | 비 고,부산은행 | 부행장 | 2024.07.15 | 상근,2026-09-22T12:05:25+09:00,000,raw/document/20250318001176.zip,bda31e517ecfec8c3c69800dbf7466ce1dc57dd4acbf61b3ade23c380bc8ff60
BNK금융지주,지주,2024,20250318001176,사업보고서 (2024.12),20250318,겸직표,대상회사,IX. 계열회사 등에 관한 사항,단독,1,박성욱,부산은행,부행장보,2024.07.15,상근,,,,Y,성 명 | 대상회사 | 직 책 | 선임시기 | 비 고,박성욱 | 부산은행 | 부행장보 | 2024.07.15 | 상근,2026-09-22T12:05:25+09:00,000,raw/document/20250318001176.zip,bda31e517ecfec8c3c69800dbf7466ce1dc57dd4acbf61b3ade23c380bc8ff60
BNK금융지주,지주,2024,20250318001176,사업보고서 (2024.12),20250318,겸직표,대상회사,IX. 계열회사 등에 관한 사항,단독,1,안수일,"부산은행, 경남은행",부장,2024.01.01,상근,,,,Y,성 명 | 대상회사 | 직 책 | 선임시기 | 비 고,"안수일 | 부산은행, 경남은행 | 부장 | 2024.01.01 | 상근",2026-09-22T12:05:25+09:00,000,raw/document/20250318001176.zip,bda31e517ecfec8c3c69800dbf7466ce1dc57dd4acbf61b3ade23c380bc8ff60
BNK금융지주,지주,2024,20250318001176,사업보고서 (2024.12),20250318,겸직표,대상회사,IX. 계열회사 등에 관한 사항,단독,1,윤석준,부산은행,상무,2024.01.01,상근,,,,Y,성 명 | 대상회사 | 직 책 | 선임시기 | 비 고,윤석준 | 부산은행 | 상무 | 2024.01.01 | 상근,2026-09-22T12:05:25+09:00,000,raw/document/20250318001176.zip,bda31e517ecfec8c3c69800dbf7466ce1dc57dd4acbf61b3ade23c380bc8ff60
신한은행(구),은행,2024,20250318001188,사업보고서 (2024.12),20250318,겸직표,대상회사,IX. 계열회사 등에 관한 사항,단독,2,정상혁,신한은행,은행장,2023.02.15,상근,,,,Y,성명 | 대상회사 | 직위명 | 선임일 | 비고,정상혁 | 신한은행 | 은행장 | 2023.02.15 | 상근,2026-09-16T12:07:36+09:00,000,raw/document/20250318001188.zip,b79090d5c03d932d66cfa59e34ef57aa753f2e5077c275417f1bb03d870f14fd
신한은행(구),은행,2024,20250318001188,사업보고서 (2024.12),20250318,겸직표,대상회사,IX. 계열회사 등에 관한 사항,단독,2,고석헌,신한카드,비상임이사,2024.01.01,비상근,,,,Y,성명 | 대상회사 | 직위명 | 선임일 | 비고,고석헌 | 신한카드 | 비상임이사 | 2024.01.01 | 비상근,2026-09-16T12:07:36+09:00,000,raw/document/20250318001188.zip,b79090d5c03d932d66cfa59e34ef57aa753f2e5077c275417f1bb03d870f14fd
신한은행(구),은행,2024,20250318001188,사업보고서 (2024.12),20250318,겸직표,대상회사,IX. 계열회사 등에 관한 사항,미매핑,24,,,,,,,,,N,성명 | 대상회사 | 직위명 | 선임일 | 비고,신한저축은행 | 비상임이사 | 2024.01.01 | 비상근,2026-09-16T12:07:36+09:00,000,raw/document/20250318001188.zip,b79090d5c03d932d66cfa59e34ef57aa753f2e5077c275417f1bb03d870f14fd
신한은행(구),은행,2024,20250318001188,사업보고서 (2024.12),20250318,겸직표,대상회사,IX. 계열회사 등에 관한 사항,단독,2,천상영,신한라이프,비상임이사,2024.01.01,비상근,,,,N,성명 | 대상회사 | 직위명 | 선임일 | 비고,천상영 | 신한라이프 | 비상임이사 | 2024.01.01 | 비상근,2026-09-16T12:07:36+09:00,000,raw/document/20250318001188.zip,b79090d5c03d932d66cfa59e34ef57aa753f2e5077c275417f1bb03d870f14fd
신한은행(구),은행,2024,20250318001188,사업보고서 (2024.12),20250318,겸직표,대상회사,IX. 계열회사 등에 관한 사항,단독,2,이인균,신한은행,비상임이사,2023.01.01,비상근,,,,Y,성명 | 대상회사 | 직위명 | 선임일 | 비고,이인균 | 신한은행 | 비상임이사 | 2023.01.01 | 비상근,2026-09-16T12:07:36+09:00,000,raw/document/20250318001188.zip,b79090d5c03d932d66cfa59e34ef57aa753f2e5077c275417f1bb03d870f14fd
신한은행(구),은행,2024,20250318001188,사업보고서 (2024.12),20250318,겸직표,대상회사,IX. 계열회사 등에 관한 사항,단독,2,김지온,신한DS,비상근감사,2024.03.28,비상근,,,,N,성명 | 대상회사 | 직위명 | 선임일 | 비고,김지온 | 신한DS | 비상근감사 | 2024.03.28 | 비상근,2026-09-16T12:07:36+09:00,000,raw/document/20250318001188.zip,b79090d5c03d932d66cfa59e34ef57aa753f2e5077c275417f1bb03d870f14fd
신한은행(구),은행,2024,20250318001188,사업보고서 (2024.12),20250318,겸직표,대상회사,IX. 계열회사 등에 관한 사항,단독,1,김준환,신한은행,상무,2024.01.01,상근,,,,Y,성명 | 대상회사 | 직위명 | 선임일 | 비고,김준환 | 신한은행 | 상무 | 2024.01.01 | 상근,2026-09-16T12:07:36+09:00,000,raw/document/20250318001188.zip,b79090d5c03d932d66cfa59e34ef57aa753f2e5077c275417f1bb03d870f14fd
신한은행(구),은행,2024,20250318001188,사업보고서 (2024.12),20250318,겸직표,대상회사,IX. 계열회사 등에 관한 사항,단독,2,박현주,신한은행,부행장,2022.01.01,상근,,,,Y,성명 | 대상회사 | 직위명 | 선임일 | 비고,박현주 | 신한은행 | 부행장 | 2022.01.01 | 상근,2026-09-16T12:07:36+09:00,000,raw/document/20250318001188.zip,b79090d5c03d932d66cfa59e34ef57aa753f2e5077c275417f1bb03d870f14fd
신한은행(구),은행,2024,20250318001188,사업보고서 (2024.12),20250318,겸직표,대상회사,IX. 계열회사 등에 관한 사항,단독,1,조정훈,신한리츠운용,비상임이사,2023.01.01,비상근,,,,N,성명 | 대상회사 | 직위명 | 선임일 | 비고,조정훈 | 신한리츠운용 | 비상임이사 | 2023.01.01 | 비상근,2026-09-16T12:07:36+09:00,000,raw/document/20250318001188.zip,b79090d5c03d932d66cfa59e34ef57aa753f2e5077c275417f1bb03d870f14fd
신한은행(구),은행,2024,20250318001188,사업보고서 (2024.12),20250318,겸직표,대상회사,IX. 계열회사 등에 관한 사항,단독,1,장정훈,신한투자증권,비상임이사,2024.01.01,비상근,,,,Y,성명 | 대상회사 | 직위명 | 선임일 | 비고,장정훈 | 신한투자증권 | 비상임이사 | 2024.01.01 | 비상근,2026-09-16T12:07:36+09:00,000,raw/document/20250318001188.zip,b79090d5c03d932d66cfa59e34ef57aa753f2e5077c275417f1bb03d870f14fd
신한은행(구),은행,2024,20250318001188,사업보고서 (2024.12),20250318,겸직표,대상회사,IX. 계열회사 등에 관한 사항,단독,2,황경업,신한펀드파트너스,비상임이사,2024.01.01,비상근,,,,N,성명 | 대상회사 | 직위명 | 선임일 | 비고,황경업 | 신한펀드파트너스 | 비상임이사 | 2024.01.01 | 비상근,2026-09-16T12:07:36+09:00,000,raw/document/20250318001188.zip,b79090d5c03d932d66cfa59e34ef57aa753f2e5077c275417f1bb03d870f14fd
신한은행(구),은행,2024,20250318001188,사업보고서 (2024.12),20250318,겸직표,대상회사,IX. 계열회사 등에 관한 사항,단독,2,고유선,신한자산운용,비상임이사,2024.01.01,비상근,,,,Y,성명 | 대상회사 | 직위명 | 선임일 | 비고,고유선 | 신한자산운용 | 비상임이사 | 2024.01.01 | 비상근,2026-09-16T12:07:36+09:00,000,raw/document/20250318001188.zip,b79090d5c03d932d66cfa59e34ef57aa753f2e5077c275417f1bb03d870f14fd
신한은행(구),은행,2024,20250318001188,사업보고서 (2024.12),20250318,겸직표,대상회사,IX. 계열회사 등에 관한 사항,단독,1,김준환,신한DS,비상임이사,2024.01.01,비상근,,,,N,성명 | 대상회사 | 직위명 | 선임일 | 비고,김준환 | 신한DS | 비상임이사 | 2024.01.01 | 비상근,2026-09-16T12:07:36+09:00,000,raw/document/20250318001188.zip,b79090d5c03d932d66cfa59e34ef57aa753f2e5077c275417f1bb03d870f14fd
신한은행(구),은행,2024,20250318001188,사업보고서 (2024.12),20250318,겸직표,대상회사,IX. 계열회사 등에 관한 사항,단독,1,이원태,신한투자증권,비상임이사,2025.01.01,비상근,,,,Y,성명 | 대상회사 | 직위명 | 선임일 | 비고,이원태 | 신한투자증권 | 비상임이사 | 2025.01.01 | 비상근,2026-09-16T12:07:36+09:00,000,raw/document/20250318001188.zip,b79090d5c03d932d66cfa59e34ef57aa753f2e5077c275417f1bb03d870f14fd
우리금융지주,지주,2024,20250318001196,사업보고서 (2024.12),20250318,겸직표,대상회사,1. 임원 및 직원 등의 현황 | IX. 계열회사 등에 관한 사항,병합,2,윤인섭,우리아메리카은행,사외이사,2024.03.28,비상근,,,,Y,성명 | 대상회사 | 직위 | 겸임일자 | 상근/비상근 여부,윤인섭 | 우리아메리카은행 | 사외이사 | 2024.03.28 | 비상근,2026-09-16T12:08:42+09:00,000,raw/document/20250318001196.zip,7a4e4c34e094090abc8b824388592123ea45a0de13f9ddf7a26801c8ff126899
우리금융지주,지주,2024,20250318001196,사업보고서 (2024.12),20250318,겸직표,대상회사,1. 임원 및 직원 등의 현황 | IX. 계열회사 등에 관한 사항,병합,2,윤수영,우리은행,사외이사,2023.03.24,비상근,,,,Y,성명 | 대상회사 | 직위 | 겸임일자 | 상근/비상근 여부,윤수영 | 우리은행 | 사외이사 | 2023.03.24 | 비상근,2026-09-16T12:08:42+09:00,000,raw/document/20250318001196.zip,7a4e4c34e094090abc8b824388592123ea45a0de13f9ddf7a26801c8ff126899
우리금융지주,지주,2024,20250318001196,사업보고서 (2024.12),20250318,겸직표,대상회사,1. 임원 및 직원 등의 현황 | IX. 계열회사 등에 관한 사항,병합,2,박선영,우리벤처파트너스,사외이사,2024.03.26,비상근,,,,N,성명 | 대상회사 | 직위 | 겸임일자 | 상근/비상근 여부,박선영 | 우리벤처파트너스 | 사외이사 | 2024.03.26 | 비상근,2026-09-16T12:08:42+09:00,000,raw/document/20250318001196.zip,7a4e4c34e094090abc8b824388592123ea45a0de13f9ddf7a26801c8ff126899
우리금융지주,지주,2024,20250318001196,사업보고서 (2024.12),20250318,겸직표,대상회사,1. 임원 및 직원 등의 현황 | IX. 계열회사 등에 관한 사항,병합,2,옥일진,우리은행,집행부행장,2022.02.25,상근,,,,Y,성명 | 대상회사 | 직위 | 겸임일자 | 상근/비상근 여부,옥일진 | 우리은행 | 집행부행장 | 2022.02.25 | 상근,2026-09-16T12:08:42+09:00,000,raw/document/20250318001196.zip,7a4e4c34e094090abc8b824388592123ea45a0de13f9ddf7a26801c8ff126899
우리금융지주,지주,2024,20250318001196,사업보고서 (2024.12),20250318,겸직표,대상회사,1. 임원 및 직원 등의 현황 | IX. 계열회사 등에 관한 사항,병합,2,이정수,우리금융에프앤아이,기타비상무이사,2023.03.23,비상근,,,,Y,성명 | 대상회사 | 직위 | 겸임일자 | 상근/비상근 여부,이정수 | 우리금융에프앤아이 | 기타비상무이사 | 2023.03.23 | 비상근,2026-09-16T12:08:42+09:00,000,raw/document/20250318001196.zip,7a4e4c34e094090abc8b824388592123ea45a0de13f9ddf7a26801c8ff126899
우리금융지주,지주,2024,20250318001196,사업보고서 (2024.12),20250318,겸직표,대상회사,1. 임원 및 직원 등의 현황 | IX. 계열회사 등에 관한 사항,병합,2,전현기,우리금융경영연구소,감사,2024.12.16,비상근,,,,Y,성명 | 대상회사 | 직위 | 겸임일자 | 상근/비상근 여부,전현기 | 우리금융경영연구소 | 감사 | 2024.12.16 | 비상근,2026-09-16T12:08:42+09:00,000,raw/document/20250318001196.zip,7a4e4c34e094090abc8b824388592123ea45a0de13f9ddf7a26801c8ff126899
우리금융지주,지주,2024,20250318001196,사업보고서 (2024.12),20250318,겸직표,대상회사,1. 임원 및 직원 등의 현황 | IX. 계열회사 등에 관한 사항,병합,2,곽성민,우리벤처파트너스,기타비상무이사,2023.03.23,비상근,,,,N,성명 | 대상회사 | 직위 | 겸임일자 | 상근/비상근 여부,곽성민 | 우리벤처파트너스 | 기타비상무이사 | 2023.03.23 | 비상근,2026-09-16T12:08:42+09:00,000,raw/document/20250318001196.zip,7a4e4c34e094090abc8b824388592123ea45a0de13f9ddf7a26801c8ff126899
우리금융지주,지주,2024,20250318001196,사업보고서 (2024.12),20250318,겸직표,대상회사,1. 임원 및 직원 등의 현황 | IX. 계열회사 등에 관한 사항,병합,2,양기현,우리자산운용,기타비상무이사,2024.03.05,비상근,,,,Y,성명 | 대상회사 | 직위 | 겸임일자 | 상근/비상근 여부,양기현 | 우리자산운용 | 기타비상무이사 | 2024.03.05 | 비상근,2026-09-16T12:08:42+09:00,000,raw/document/20250318001196.zip,7a4e4c34e094090abc8b824388592123ea45a0de13f9ddf7a26801c8ff126899
우리금융지주,지주,2024,20250318001196,사업보고서 (2024.12),20250318,겸직표,대상회사,1. 임원 및 직원 등의 현황 | IX. 계열회사 등에 관한 사항,병합,2,박제성,우리금융경영연구소,기타비상무이사,2024.03.20,비상근,,,,Y,성명 | 대상회사 | 직위 | 겸임일자 | 상근/비상근 여부,박제성 | 우리금융경영연구소 | 기타비상무이사 | 2024.03.20 | 비상근,2026-09-16T12:08:42+09:00,000,raw/document/20250318001196.zip,7a4e4c34e094090abc8b824388592123ea45a0de13f9ddf7a26801c8ff126899
우리금융지주,지주,2024,20250318001196,사업보고서 (2024.12),20250318,겸직표,대상회사,1. 임원 및 직원 등의 현황 | IX. 계열회사 등에 관한 사항,병합,2,고원명,우리프라이빗에퀴티자산운용,기타비상무이사,2024.03.20,비상근,,,,Y,성명 | 대상회사 | 직위 | 겸임일자 | 상근/비상근 여부,고원명 | 우리프라이빗에퀴티자산운용 | 기타비상무이사 | 2024.03.20 | 비상근,2026-09-16T12:08:42+09:00,000,raw/document/20250318001196.zip,7a4e4c34e094090abc8b824388592123ea45a0de13f9ddf7a26801c8ff126899
우리금융지주,지주,2024,20250318001196,사업보고서 (2024.12),20250318,겸직표,대상회사,1. 임원 및 직원 등의 현황 | IX. 계열회사 등에 관한 사항,병합,2,박연호,우리금융저축은행,기타비상무이사,2024.03.20,비상근,,,,Y,성명 | 대상회사 | 직위 | 겸임일자 | 상근/비상근 여부,박연호 | 우리금융저축은행 | 기타비상무이사 | 2024.03.20 | 비상근,2026-09-16T12:08:42+09:00,000,raw/document/20250318001196.zip,7a4e4c34e094090abc8b824388592123ea45a0de13f9ddf7a26801c8ff126899
우리금융지주,지주,2024,20250318001196,사업보고서 (2024.12),20250318,겸직표,대상회사,1. 임원 및 직원 등의 현황 | IX. 계열회사 등에 관한 사항,병합,2,이동익,우리신용정보,감사,2023.03.23,비상근,,,,N,성명 | 대상회사 | 직위 | 겸임일자 | 상근/비상근 여부,이동익 | 우리신용정보 | 감사 | 2023.03.23 | 비상근,2026-09-16T12:08:42+09:00,000,raw/document/20250318001196.zip,7a4e4c34e094090abc8b824388592123ea45a0de13f9ddf7a26801c8ff126899
우리금융지주,지주,2024,20250318001196,사업보고서 (2024.12),20250318,겸직표,대상회사,1. 임원 및 직원 등의 현황 | IX. 계열회사 등에 관한 사항,병합,2,한홍성,우리금융에프앤아이,감사,2023.03.23,비상근,,,,Y,성명 | 대상회사 | 직위 | 겸임일자 | 상근/비상근 여부,한홍성 | 우리금융에프앤아이 | 감사 | 2023.03.23 | 비상근,2026-09-16T12:08:42+09:00,000,raw/document/20250318001196.zip,7a4e4c34e094090abc8b824388592123ea45a0de13f9ddf7a26801c8ff126899
우리금융지주,지주,2024,20250318001196,사업보고서 (2024.12),20250318,겸직표,대상회사,1. 임원 및 직원 등의 현황 | IX. 계열회사 등에 관한 사항,병합,2,오성역,우리에프아이에스,감사,2022.12.29,비상근,,,,N,성명 | 대상회사 | 직위 | 겸임일자 | 상근/비상근 여부,오성역 | 우리에프아이에스 | 감사 | 2022.12.29 | 비상근,2026-09-16T12:08:42+09:00,000,raw/document/20250318001196.zip,7a4e4c34e094090abc8b824388592123ea45a0de13f9ddf7a26801c8ff126899
우리금융지주,지주,2024,20250318001196,사업보고서 (2024.12),20250318,겸직표,대상회사,1. 임원 및 직원 등의 현황 | IX. 계열회사 등에 관한 사항,병합,2,이정섭,우리은행,상무,2024.12.16,상근,,,,Y,성명 | 대상회사 | 직위 | 겸임일자 | 상근/비상근 여부,이정섭 | 우리은행 | 상무 | 2024.12.16 | 상근,2026-09-16T12:08:42+09:00,000,raw/document/20250318001196.zip,7a4e4c34e094090abc8b824388592123ea45a0de13f9ddf7a26801c8ff126899
신한라이프생명보험,보험자회사,2024,20250318001216,사업보고서 (2024.12),20250318,겸직표,대상회사,IX. 계열회사 등에 관한 사항,단독,2,정상혁,신한은행,은행장,2023.02.15,상근,,,,Y,성명 | 대상회사 | 직위명 | 선임일 | 비고,정상혁 | 신한은행 | 은행장 | 2023.02.15 | 상근,2026-09-16T12:09:37+09:00,000,raw/document/20250318001216.zip,417f6fef3407e742ee6540c36ee66bb1de9f593facfa59a257cf9e4d50bce30b
신한라이프생명보험,보험자회사,2024,20250318001216,사업보고서 (2024.12),20250318,겸직표,대상회사,IX. 계열회사 등에 관한 사항,단독,2,고석헌,신한카드,비상임이사,2024.01.01,비상근,,,,Y,성명 | 대상회사 | 직위명 | 선임일 | 비고,고석헌 | 신한카드 | 비상임이사 | 2024.01.01 | 비상근,2026-09-16T12:09:37+09:00,000,raw/document/20250318001216.zip,417f6fef3407e742ee6540c36ee66bb1de9f593facfa59a257cf9e4d50bce30b
신한라이프생명보험,보험자회사,2024,20250318001216,사업보고서 (2024.12),20250318,겸직표,대상회사,IX. 계열회사 등에 관한 사항,미매핑,24,,,,,,,,,N,성명 | 대상회사 | 직위명 | 선임일 | 비고,신한저축은행 | 비상임이사 | 2024.01.01 | 비상근,2026-09-16T12:09:37+09:00,000,raw/document/20250318001216.zip,417f6fef3407e742ee6540c36ee66bb1de9f593facfa59a257cf9e4d50bce30b
신한라이프생명보험,보험자회사,2024,20250318001216,사업보고서 (2024.12),20250318,겸직표,대상회사,IX. 계열회사 등에 관한 사항,단독,2,천상영,신한라이프,비상임이사,2024.01.01,비상근,,,,N,성명 | 대상회사 | 직위명 | 선임일 | 비고,천상영 | 신한라이프 | 비상임이사 | 2024.01.01 | 비상근,2026-09-16T12:09:37+09:00,000,raw/document/20250318001216.zip,417f6fef3407e742ee6540c36ee66bb1de9f593facfa59a257cf9e4d50bce30b
신한라이프생명보험,보험자회사,2024,20250318001216,사업보고서 (2024.12),20250318,겸직표,대상회사,IX. 계열회사 등에 관한 사항,단독,2,이인균,신한은행,비상임이사,2023.01.01,비상근,,,,Y,성명 | 대상회사 | 직위명 | 선임일 | 비고,이인균 | 신한은행 | 비상임이사 | 2023.01.01 | 비상근,2026-09-16T12:09:37+09:00,000,raw/document/20250318001216.zip,417f6fef3407e742ee6540c36ee66bb1de9f593facfa59a257cf9e4d50bce30b
신한라이프생명보험,보험자회사,2024,20250318001216,사업보고서 (2024.12),20250318,겸직표,대상회사,IX. 계열회사 등에 관한 사항,단독,2,김지온,신한DS,비상근감사,2024.03.28,비상근,,,,N,성명 | 대상회사 | 직위명 | 선임일 | 비고,김지온 | 신한DS | 비상근감사 | 2024.03.28 | 비상근,2026-09-16T12:09:37+09:00,000,raw/document/20250318001216.zip,417f6fef3407e742ee6540c36ee66bb1de9f593facfa59a257cf9e4d50bce30b
신한라이프생명보험,보험자회사,2024,20250318001216,사업보고서 (2024.12),20250318,겸직표,대상회사,IX. 계열회사 등에 관한 사항,단독,1,김준환,신한은행,상무,2024.01.01,상근,,,,Y,성명 | 대상회사 | 직위명 | 선임일 | 비고,김준환 | 신한은행 | 상무 | 2024.01.01 | 상근,2026-09-16T12:09:37+09:00,000,raw/document/20250318001216.zip,417f6fef3407e742ee6540c36ee66bb1de9f593facfa59a257cf9e4d50bce30b
신한라이프생명보험,보험자회사,2024,20250318001216,사업보고서 (2024.12),20250318,겸직표,대상회사,IX. 계열회사 등에 관한 사항,단독,2,박현주,신한은행,부행장,2022.01.01,상근,,,,Y,성명 | 대상회사 | 직위명 | 선임일 | 비고,박현주 | 신한은행 | 부행장 | 2022.01.01 | 상근,2026-09-16T12:09:37+09:00,000,raw/document/20250318001216.zip,417f6fef3407e742ee6540c36ee66bb1de9f593facfa59a257cf9e4d50bce30b
신한라이프생명보험,보험자회사,2024,20250318001216,사업보고서 (2024.12),20250318,겸직표,대상회사,IX. 계열회사 등에 관한 사항,단독,1,조정훈,신한리츠운용,비상임이사,2023.01.01,비상근,,,,N,성명 | 대상회사 | 직위명 | 선임일 | 비고,조정훈 | 신한리츠운용 | 비상임이사 | 2023.01.01 | 비상근,2026-09-16T12:09:37+09:00,000,raw/document/20250318001216.zip,417f6fef3407e742ee6540c36ee66bb1de9f593facfa59a257cf9e4d50bce30b
신한라이프생명보험,보험자회사,2024,20250318001216,사업보고서 (2024.12),20250318,겸직표,대상회사,IX. 계열회사 등에 관한 사항,단독,1,장정훈,신한투자증권,비상임이사,2024.01.01,비상근,,,,Y,성명 | 대상회사 | 직위명 | 선임일 | 비고,장정훈 | 신한투자증권 | 비상임이사 | 2024.01.01 | 비상근,2026-09-16T12:09:37+09:00,000,raw/document/20250318001216.zip,417f6fef3407e742ee6540c36ee66bb1de9f593facfa59a257cf9e4d50bce30b
신한라이프생명보험,보험자회사,2024,20250318001216,사업보고서 (2024.12),20250318,겸직표,대상회사,IX. 계열회사 등에 관한 사항,단독,2,황경업,신한펀드파트너스,비상임이사,2024.01.01,비상근,,,,N,성명 | 대상회사 | 직위명 | 선임일 | 비고,황경업 | 신한펀드파트너스 | 비상임이사 | 2024.01.01 | 비상근,2026-09-16T12:09:37+09:00,000,raw/document/20250318001216.zip,417f6fef3407e742ee6540c36ee66bb1de9f593facfa59a257cf9e4d50bce30b
신한라이프생명보험,보험자회사,2024,20250318001216,사업보고서 (2024.12),20250318,겸직표,대상회사,IX. 계열회사 등에 관한 사항,단독,2,고유선,신한자산운용,비상임이사,2024.01.01,비상근,,,,Y,성명 | 대상회사 | 직위명 | 선임일 | 비고,고유선 | 신한자산운용 | 비상임이사 | 2024.01.01 | 비상근,2026-09-16T12:09:37+09:00,000,raw/document/20250318001216.zip,417f6fef3407e742ee6540c36ee66bb1de9f593facfa59a257cf9e4d50bce30b
신한라이프생명보험,보험자회사,2024,20250318001216,사업보고서 (2024.12),20250318,겸직표,대상회사,IX. 계열회사 등에 관한 사항,단독,1,김준환,신한DS,비상임이사,2024.01.01,비상근,,,,N,성명 | 대상회사 | 직위명 | 선임일 | 비고,김준환 | 신한DS | 비상임이사 | 2024.01.01 | 비상근,2026-09-16T12:09:37+09:00,000,raw/document/20250318001216.zip,417f6fef3407e742ee6540c36ee66bb1de9f593facfa59a257cf9e4d50bce30b
신한라이프생명보험,보험자회사,2024,20250318001216,사업보고서 (2024.12),20250318,겸직표,대상회사,IX. 계열회사 등에 관한 사항,단독,1,이원태,신한투자증권,비상임이사,2025.01.01,비상근,,,,Y,성명 | 대상회사 | 직위명 | 선임일 | 비고,이원태 | 신한투자증권 | 비상임이사 | 2025.01.01 | 비상근,2026-09-16T12:09:37+09:00,000,raw/document/20250318001216.zip,417f6fef3407e742ee6540c36ee66bb1de9f593facfa59a257cf9e4d50bce30b
동양생명보험,보험자회사,2024,20250319000486,사업보고서 (2024.12),20250319,겸직표,겸직회사,1. 임원 및 직원 등의 현황,단독,1,"Yang, Xiaoyan (양샤오옌)",시짱 즈훼이광업주식회사,사외이사,,,,,,N,겸직자·성명 | 겸직자·직위 | 겸직회사·회사명 | 겸직회사·직위,"Yang, Xiaoyan (양샤오옌) | 사외이사 | 시짱 즈훼이광업주식회사 | 사외이사",2026-09-16T12:11:14+09:00,000,raw/document/20250319000486.zip,4c745776253e786cfd15d1d10f58e69ad7c570acced107dfa24f34b45d1b7353
JB금융지주,지주,2024,20250319000926,사업보고서 (2024.12),20250319,겸직표,대상 계열사,1. 임원 및 직원 등의 현황 | IX. 계열회사 등에 관한 사항,병합,4,송종근,(주)JB금융지주,부사장,,상근(미등기),,,,Y,성 명 | 대상 계열사 | 직 책 | 최초선임시기 | 비 고,송종근 | (주)JB금융지주 | 부사장 | 2023.02.01 | 상근(미등기),2026-09-22T12:06:23+09:00,000,raw/document/20250319000926.zip,628d09d14ebd9160b3048908ab895a1da5ac0859ad9eb84462dce90c6e2f61e1
JB금융지주,지주,2024,20250319000926,사업보고서 (2024.12),20250319,겸직표,대상 계열사,1. 임원 및 직원 등의 현황 | IX. 계열회사 등에 관한 사항,미매핑,48,,,,,,,,,N,성 명 | 대상 계열사 | 직 책 | 최초선임시기 | 비 고,전북은행 | 비상임이사 | 2023.03.30 | 비상근(등기),2026-09-22T12:06:23+09:00,000,raw/document/20250319000926.zip,628d09d14ebd9160b3048908ab895a1da5ac0859ad9eb84462dce90c6e2f61e1
JB금융지주,지주,2024,20250319000926,사업보고서 (2024.12),20250319,겸직표,대상 계열사,1. 임원 및 직원 등의 현황 | IX. 계열회사 등에 관한 사항,병합,4,송현,(주)JB금융지주,전무,,상근(미등기),,,,Y,성 명 | 대상 계열사 | 직 책 | 최초선임시기 | 비 고,송현 | (주)JB금융지주 | 전무 | 2021.04.01 | 상근(미등기),2026-09-22T12:06:23+09:00,000,raw/document/20250319000926.zip,628d09d14ebd9160b3048908ab895a1da5ac0859ad9eb84462dce90c6e2f61e1
JB금융지주,지주,2024,20250319000926,사업보고서 (2024.12),20250319,겸직표,대상 계열사,1. 임원 및 직원 등의 현황 | IX. 계열회사 등에 관한 사항,병합,3,김성철,(주)JB금융지주,전무,,상근(미등기),,,,Y,성 명 | 대상 계열사 | 직 책 | 최초선임시기 | 비 고,김성철 | (주)JB금융지주 | 전무 | 2023.01.01 | 상근(미등기),2026-09-22T12:06:23+09:00,000,raw/document/20250319000926.zip,628d09d14ebd9160b3048908ab895a1da5ac0859ad9eb84462dce90c6e2f61e1
JB금융지주,지주,2024,20250319000926,사업보고서 (2024.12),20250319,겸직표,대상 계열사,1. 임원 및 직원 등의 현황 | IX. 계열회사 등에 관한 사항,병합,4,박종춘,(주)JB금융지주,전무,,상근(미등기),,,,Y,성 명 | 대상 계열사 | 직 책 | 최초선임시기 | 비 고,박종춘 | (주)JB금융지주 | 전무 | 2019.12.01 | 상근(미등기),2026-09-22T12:06:23+09:00,000,raw/document/20250319000926.zip,628d09d14ebd9160b3048908ab895a1da5ac0859ad9eb84462dce90c6e2f61e1
JB금융지주,지주,2024,20250319000926,사업보고서 (2024.12),20250319,겸직표,대상 계열사,1. 임원 및 직원 등의 현황,단독,1,김동성,(주)JB금융지주,부사장,,상근(미등기),,,,Y,성 명 | 대상 계열사 | 직 책 | 최초선임시기 | 비 고,김동성 | (주)JB금융지주 | 부사장 | 2025.01.01 | 상근(미등기),2026-09-22T12:06:23+09:00,000,raw/document/20250319000926.zip,628d09d14ebd9160b3048908ab895a1da5ac0859ad9eb84462dce90c6e2f61e1
JB금융지주,지주,2024,20250319000926,사업보고서 (2024.12),20250319,겸직표,대상 계열사,1. 임원 및 직원 등의 현황,단독,1,방극봉,(주)JB금융지주,전무,,상근(미등기),,,,Y,성 명 | 대상 계열사 | 직 책 | 최초선임시기 | 비 고,방극봉 | (주)JB금융지주 | 전무 | 2025.01.01 | 상근(미등기),2026-09-22T12:06:23+09:00,000,raw/document/20250319000926.zip,628d09d14ebd9160b3048908ab895a1da5ac0859ad9eb84462dce90c6e2f61e1
JB금융지주,지주,2024,20250319000926,사업보고서 (2024.12),20250319,겸직표,대상 계열사,IX. 계열회사 등에 관한 사항,단독,1,이승국,(주)JB금융지주,전무,,상근(미등기),,,,Y,성 명 | 대상 계열사 | 직 책 | 최초선임시기 | 비 고,이승국 | (주)JB금융지주 | 전무 | 2019.05.01 | 상근(미등기),2026-09-22T12:06:23+09:00,000,raw/document/20250319000926.zip,628d09d14ebd9160b3048908ab895a1da5ac0859ad9eb84462dce90c6e2f61e1
JB금융지주,지주,2024,20250319000926,사업보고서 (2024.12),20250319,겸직표,대상 계열사,IX. 계열회사 등에 관한 사항,단독,1,권재중,(주)JB금융지주,부사장,,상근(미등기),,,,Y,성 명 | 대상 계열사 | 직 책 | 최초선임시기 | 비 고,권재중 | (주)JB금융지주 | 부사장 | 2019.04.01 | 상근(미등기),2026-09-22T12:06:23+09:00,000,raw/document/20250319000926.zip,628d09d14ebd9160b3048908ab895a1da5ac0859ad9eb84462dce90c6e2f61e1
JB금융지주,지주,2024,20250319000926,사업보고서 (2024.12),20250319,겸직표,대상 계열사,IX. 계열회사 등에 관한 사항,단독,1,김선호,(주)JB금융지주,상무,,상근(미등기),,,,Y,성 명 | 대상 계열사 | 직 책 | 최초선임시기 | 비 고,김선호 | (주)JB금융지주 | 상무 | 2021.01.01 | 상근(미등기),2026-09-22T12:06:23+09:00,000,raw/document/20250319000926.zip,628d09d14ebd9160b3048908ab895a1da5ac0859ad9eb84462dce90c6e2f61e1
JB금융지주,지주,2024,20250319000926,사업보고서 (2024.12),20250319,겸직표,대상 계열사,IX. 계열회사 등에 관한 사항,단독,1,이승국,(주)JB금융지주,상무,,상근(미등기),,,,Y,성 명 | 대상 계열사 | 직 책 | 최초선임시기 | 비 고,이승국 | (주)JB금융지주 | 상무 | 2019.05.01 | 상근(미등기),2026-09-22T12:06:23+09:00,000,raw/document/20250319000926.zip,628d09d14ebd9160b3048908ab895a1da5ac0859ad9eb84462dce90c6e2f61e1
JB금융지주,지주,2024,20250319000926,사업보고서 (2024.12),20250319,겸직표,대상 계열사,IX. 계열회사 등에 관한 사항,단독,1,박종춘,(주)JB금융지주,상무,,상근(미등기),,,,Y,성 명 | 대상 계열사 | 직 책 | 최초선임시기 | 비 고,박종춘 | (주)JB금융지주 | 상무 | 2019.12.01 | 상근(미등기),2026-09-22T12:06:23+09:00,000,raw/document/20250319000926.zip,628d09d14ebd9160b3048908ab895a1da5ac0859ad9eb84462dce90c6e2f61e1
메리츠금융지주,지주,2024,20250319001090,사업보고서 (2024.12),20250319,겸직표,계열회사 겸직내역,IX. 계열회사 등에 관한 사항,단독,1,김명애(등기임원),메리츠화재,사외이사,,비상근(등기임원),,,,Y,겸직대상자 | 계열회사 겸직내역·회사명 | 계열회사 겸직내역·직 책 | 계열회사 겸직내역·상근여부 | 비 고,김명애(등기임원) | 메리츠화재 | 사외이사 | 비상근(등기임원) | -,2026-09-16T12:12:02+09:00,000,raw/document/20250319001090.zip,6cc3f1acb81d97af75b015820c13c218b90074e43d44319d62ef1ce7f205f7d0
메리츠금융지주,지주,2024,20250319001090,사업보고서 (2024.12),20250319,겸직표,계열회사 겸직내역,IX. 계열회사 등에 관한 사항,단독,1,김경환(미등기임원),메리츠화재,전략영업총괄,,상근(미등기임원),,,,Y,겸직대상자 | 계열회사 겸직내역·회사명 | 계열회사 겸직내역·직 책 | 계열회사 겸직내역·상근여부 | 비 고,김경환(미등기임원) | 메리츠화재 | 전략영업총괄 | 상근(미등기임원) | -,2026-09-16T12:12:02+09:00,000,raw/document/20250319001090.zip,6cc3f1acb81d97af75b015820c13c218b90074e43d44319d62ef1ce7f205f7d0
메리츠금융지주,지주,2024,20250319001090,사업보고서 (2024.12),20250319,겸직표,계열회사 겸직내역,IX. 계열회사 등에 관한 사항,단독,1,김종민(미등기임원),메리츠화재,자산운용실장,,상근(미등기임원),,,,Y,겸직대상자 | 계열회사 겸직내역·회사명 | 계열회사 겸직내역·직 책 | 계열회사 겸직내역·상근여부 | 비 고,김종민(미등기임원) | 메리츠화재 | 자산운용실장 | 상근(미등기임원) | -,2026-09-16T12:12:02+09:00,000,raw/document/20250319001090.zip,6cc3f1acb81d97af75b015820c13c218b90074e43d44319d62ef1ce7f205f7d0
메리츠금융지주,지주,2024,20250319001090,사업보고서 (2024.12),20250319,겸직표,계열회사 겸직내역,IX. 계열회사 등에 관한 사항,단독,1,여은석(미등기임원),메리츠증권,프로젝트금융사업본부장,,상근(미등기임원),,,,Y,겸직대상자 | 계열회사 겸직내역·회사명 | 계열회사 겸직내역·직 책 | 계열회사 겸직내역·상근여부 | 비 고,여은석(미등기임원) | 메리츠증권 | 프로젝트금융사업본부장 | 상근(미등기임원) | -,2026-09-16T12:12:02+09:00,000,raw/document/20250319001090.zip,6cc3f1acb81d97af75b015820c13c218b90074e43d44319d62ef1ce7f205f7d0
메리츠금융지주,지주,2024,20250319001090,사업보고서 (2024.12),20250319,겸직표,계열회사 겸직내역,IX. 계열회사 등에 관한 사항,단독,1,한정원(미등기임원),메리츠화재,홍보본부장,,상근(미등기임원),,,,Y,겸직대상자 | 계열회사 겸직내역·회사명 | 계열회사 겸직내역·직 책 | 계열회사 겸직내역·상근여부 | 비 고,한정원(미등기임원) | 메리츠화재 | 홍보본부장 | 상근(미등기임원) | -,2026-09-16T12:12:02+09:00,000,raw/document/20250319001090.zip,6cc3f1acb81d97af75b015820c13c218b90074e43d44319d62ef1ce7f205f7d0
메리츠금융지주,지주,2024,20250319001090,사업보고서 (2024.12),20250319,겸직표,계열회사 겸직내역,IX. 계열회사 등에 관한 사항,미매핑,2,,,,,,,,,N,겸직대상자 | 계열회사 겸직내역·회사명 | 계열회사 겸직내역·직 책 | 계열회사 겸직내역·상근여부 | 비 고,메리츠증권 | 홍보본부장 | 상근(미등기임원) | -,2026-09-16T12:12:02+09:00,000,raw/document/20250319001090.zip,6cc3f1acb81d97af75b015820c13c218b90074e43d44319d62ef1ce7f205f7d0
메리츠금융지주,지주,2024,20250319001090,사업보고서 (2024.12),20250319,겸직표,계열회사 겸직내역,IX. 계열회사 등에 관한 사항,단독,1,오종원(미등기임원),메리츠화재,위험관리책임자/리스크관리팀장,,상근(미등기임원),,,,Y,겸직대상자 | 계열회사 겸직내역·회사명 | 계열회사 겸직내역·직 책 | 계열회사 겸직내역·상근여부 | 비 고,오종원(미등기임원) | 메리츠화재 | 위험관리책임자/리스크관리팀장 | 상근(미등기임원) | -,2026-09-16T12:12:02+09:00,000,raw/document/20250319001090.zip,6cc3f1acb81d97af75b015820c13c218b90074e43d44319d62ef1ce7f205f7d0
메리츠금융지주,지주,2024,20250319001090,사업보고서 (2024.12),20250319,겸직표,계열회사 겸직내역,IX. 계열회사 등에 관한 사항,단독,1,김정일(미등기임원),메리츠화재,개인영업총괄,,상근(미등기임원),,,,Y,겸직대상자 | 계열회사 겸직내역·회사명 | 계열회사 겸직내역·직 책 | 계열회사 겸직내역·상근여부 | 비 고,김정일(미등기임원) | 메리츠화재 | 개인영업총괄 | 상근(미등기임원) | -,2026-09-16T12:12:02+09:00,000,raw/document/20250319001090.zip,6cc3f1acb81d97af75b015820c13c218b90074e43d44319d62ef1ce7f205f7d0
메리츠금융지주,지주,2024,20250319001090,사업보고서 (2024.12),20250319,겸직표,계열회사 겸직내역,IX. 계열회사 등에 관한 사항,단독,1,김근영(미등기임원),메리츠증권,정보보호본부장,,상근(미등기임원),,,,Y,겸직대상자 | 계열회사 겸직내역·회사명 | 계열회사 겸직내역·직 책 | 계열회사 겸직내역·상근여부 | 비 고,김근영(미등기임원) | 메리츠증권 | 정보보호본부장 | 상근(미등기임원) | -,2026-09-16T12:12:02+09:00,000,raw/document/20250319001090.zip,6cc3f1acb81d97af75b015820c13c218b90074e43d44319d62ef1ce7f205f7d0
메리츠금융지주,지주,2024,20250319001090,사업보고서 (2024.12),20250319,겸직표,계열회사 겸직내역,IX. 계열회사 등에 관한 사항,단독,1,은상영(미등기임원),메리츠화재,TM사업부문장,,상근(미등기임원),,,,Y,겸직대상자 | 계열회사 겸직내역·회사명 | 계열회사 겸직내역·직 책 | 계열회사 겸직내역·상근여부 | 비 고,은상영(미등기임원) | 메리츠화재 | TM사업부문장 | 상근(미등기임원) | -,2026-09-16T12:12:02+09:00,000,raw/document/20250319001090.zip,6cc3f1acb81d97af75b015820c13c218b90074e43d44319d62ef1ce7f205f7d0
메리츠금융지주,지주,2024,20250319001090,사업보고서 (2024.12),20250319,겸직표,계열회사 겸직내역,IX. 계열회사 등에 관한 사항,단독,1,권동찬(미등기임원),메리츠증권,트레이딩본부장,,상근(미등기임원),,,,Y,겸직대상자 | 계열회사 겸직내역·회사명 | 계열회사 겸직내역·직 책 | 계열회사 겸직내역·상근여부 | 비 고,권동찬(미등기임원) | 메리츠증권 | 트레이딩본부장 | 상근(미등기임원) | -,2026-09-16T12:12:02+09:00,000,raw/document/20250319001090.zip,6cc3f1acb81d97af75b015820c13c218b90074e43d44319d62ef1ce7f205f7d0
메리츠금융지주,지주,2024,20250319001090,사업보고서 (2024.12),20250319,겸직표,계열회사 겸직내역,IX. 계열회사 등에 관한 사항,단독,1,최대현(미등기임원),메리츠화재,감사팀장,,상근(미등기임원),,,,Y,겸직대상자 | 계열회사 겸직내역·회사명 | 계열회사 겸직내역·직 책 | 계열회사 겸직내역·상근여부 | 비 고,최대현(미등기임원) | 메리츠화재 | 감사팀장 | 상근(미등기임원) | -,2026-09-16T12:12:02+09:00,000,raw/document/20250319001090.zip,6cc3f1acb81d97af75b015820c13c218b90074e43d44319d62ef1ce7f205f7d0
한국금융지주,지주,2023,20250320000836,[기재정정]사업보고서 (2023.12),20250320,겸직표,회사명,IX. 계열회사 등에 관한 사항,단독,1,김남구,한국투자증권(주),회장,,상근,,,,Y,직명 | 성명 | 회사명 | 직책 | 상근여부,대표이사 | 김남구 | 한국투자증권(주) | 회장 | 상근,2026-09-16T12:12:39+09:00,000,raw/document/20250320000836.zip,e2c61b7d6f16d37e99797935aa75bba84fc46e6dad40dec2b6722d85cd7dcafa
한국금융지주,지주,2023,20250320000836,[기재정정]사업보고서 (2023.12),20250320,겸직표,회사명,IX. 계열회사 등에 관한 사항,단독,1,오태균,한국투자증권(주),기타비상무이사,,비상근,,,,Y,직명 | 성명 | 회사명 | 직책 | 상근여부,사장 | 오태균 | 한국투자증권(주) | 기타비상무이사 | 비상근,2026-09-16T12:12:39+09:00,000,raw/document/20250320000836.zip,e2c61b7d6f16d37e99797935aa75bba84fc46e6dad40dec2b6722d85cd7dcafa
한국금융지주,지주,2023,20250320000836,[기재정정]사업보고서 (2023.12),20250320,겸직표,회사명,IX. 계열회사 등에 관한 사항,단독,1,문성필,한국투자리얼에셋운용(주),기타비상무이사,,비상근,,,,Y,직명 | 성명 | 회사명 | 직책 | 상근여부,부사장 | 문성필 | 한국투자리얼에셋운용(주) | 기타비상무이사 | 비상근,2026-09-16T12:12:39+09:00,000,raw/document/20250320000836.zip,e2c61b7d6f16d37e99797935aa75bba84fc46e6dad40dec2b6722d85cd7dcafa
한국금융지주,지주,2023,20250320000836,[기재정정]사업보고서 (2023.12),20250320,겸직표,회사명,IX. 계열회사 등에 관한 사항,단독,1,유재권,한국투자캐피탈(주),기타비상무이사,,비상근,,,,Y,직명 | 성명 | 회사명 | 직책 | 상근여부,상무 | 유재권 | 한국투자캐피탈(주) | 기타비상무이사 | 비상근,2026-09-16T12:12:39+09:00,000,raw/document/20250320000836.zip,e2c61b7d6f16d37e99797935aa75bba84fc46e6dad40dec2b6722d85cd7dcafa
한국금융지주,지주,2023,20250320000836,[기재정정]사업보고서 (2023.12),20250320,겸직표,회사명,IX. 계열회사 등에 관한 사항,단독,1,김근수,한국투자파트너스(주),기타비상무이사,,비상근,,,,Y,직명 | 성명 | 회사명 | 직책 | 상근여부,상무 | 김근수 | 한국투자파트너스(주) | 기타비상무이사 | 비상근,2026-09-16T12:12:39+09:00,000,raw/document/20250320000836.zip,e2c61b7d6f16d37e99797935aa75bba84fc46e6dad40dec2b6722d85cd7dcafa
한국금융지주,지주,2023,20250320000836,[기재정정]사업보고서 (2023.12),20250320,겸직표,회사명,IX. 계열회사 등에 관한 사항,단독,1,김대종,한국투자증권(주),정보보호담당,,상근,,,,Y,직명 | 성명 | 회사명 | 직책 | 상근여부,상무보 | 김대종 | 한국투자증권(주) | 정보보호담당 | 상근,2026-09-16T12:12:39+09:00,000,raw/document/20250320000836.zip,e2c61b7d6f16d37e99797935aa75bba84fc46e6dad40dec2b6722d85cd7dcafa
한국금융지주,지주,2023,20250320000836,[기재정정]사업보고서 (2023.12),20250320,겸직표,회사명,IX. 계열회사 등에 관한 사항,단독,1,정영록,한국투자증권(주),사외이사,,비상근,,,,Y,직명 | 성명 | 회사명 | 직책 | 상근여부,사외이사 | 정영록 | 한국투자증권(주) | 사외이사 | 비상근,2026-09-16T12:12:39+09:00,000,raw/document/20250320000836.zip,e2c61b7d6f16d37e99797935aa75bba84fc46e6dad40dec2b6722d85cd7dcafa
한국금융지주,지주,2023,20250320000836,[기재정정]사업보고서 (2023.12),20250320,겸직표,회사명,IX. 계열회사 등에 관한 사항,단독,1,김정기,한국투자증권(주),사외이사,,비상근,,,,Y,직명 | 성명 | 회사명 | 직책 | 상근여부,사외이사 | 김정기 | 한국투자증권(주) | 사외이사 | 비상근,2026-09-16T12:12:39+09:00,000,raw/document/20250320000836.zip,e2c61b7d6f16d37e99797935aa75bba84fc46e6dad40dec2b6722d85cd7dcafa
한국금융지주,지주,2023,20250320000836,[기재정정]사업보고서 (2023.12),20250320,겸직표,회사명,IX. 계열회사 등에 관한 사항,단독,1,조영태,한국투자증권(주),사외이사,,비상근,,,,Y,직명 | 성명 | 회사명 | 직책 | 상근여부,사외이사 | 조영태 | 한국투자증권(주) | 사외이사 | 비상근,2026-09-16T12:12:39+09:00,000,raw/document/20250320000836.zip,e2c61b7d6f16d37e99797935aa75bba84fc46e6dad40dec2b6722d85cd7dcafa
한국금융지주,지주,2023,20250320000836,[기재정정]사업보고서 (2023.12),20250320,겸직표,회사명,IX. 계열회사 등에 관한 사항,단독,1,김태원,한국투자증권(주),사외이사,,비상근,,,,Y,직명 | 성명 | 회사명 | 직책 | 상근여부,사외이사 | 김태원 | 한국투자증권(주) | 사외이사 | 비상근,2026-09-16T12:12:39+09:00,000,raw/document/20250320000836.zip,e2c61b7d6f16d37e99797935aa75bba84fc46e6dad40dec2b6722d85cd7dcafa
한국금융지주,지주,2023,20250320000836,[기재정정]사업보고서 (2023.12),20250320,겸직표,회사명,IX. 계열회사 등에 관한 사항,단독,1,함춘승,한국투자증권(주),사외이사,,비상근,,,,Y,직명 | 성명 | 회사명 | 직책 | 상근여부,사외이사 | 함춘승 | 한국투자증권(주) | 사외이사 | 비상근,2026-09-16T12:12:39+09:00,000,raw/document/20250320000836.zip,e2c61b7d6f16d37e99797935aa75bba84fc46e6dad40dec2b6722d85cd7dcafa
한국금융지주,지주,2023,20250320000836,[기재정정]사업보고서 (2023.12),20250320,겸직표,회사명,IX. 계열회사 등에 관한 사항,단독,1,최수미,한국투자증권(주),사외이사,,비상근,,,,Y,직명 | 성명 | 회사명 | 직책 | 상근여부,사외이사 | 최수미 | 한국투자증권(주) | 사외이사 | 비상근,2026-09-16T12:12:39+09:00,000,raw/document/20250320000836.zip,e2c61b7d6f16d37e99797935aa75bba84fc46e6dad40dec2b6722d85cd7dcafa
한국금융지주,지주,2023,20250320000836,[기재정정]사업보고서 (2023.12),20250320,겸직표,회사명,IX. 계열회사 등에 관한 사항,단독,1,지영조,한국투자증권(주),사외이사,,비상근,,,,Y,직명 | 성명 | 회사명 | 직책 | 상근여부,사외이사 | 지영조 | 한국투자증권(주) | 사외이사 | 비상근,2026-09-16T12:12:39+09:00,000,raw/document/20250320000836.zip,e2c61b7d6f16d37e99797935aa75bba84fc46e6dad40dec2b6722d85cd7dcafa
한국금융지주,지주,2023,20250320000836,[기재정정]사업보고서 (2023.12),20250320,겸직표,회사명,IX. 계열회사 등에 관한 사항,단독,1,이성규,한국투자증권(주),사외이사,,비상근,,,,Y,직명 | 성명 | 회사명 | 직책 | 상근여부,사외이사 | 이성규 | 한국투자증권(주) | 사외이사 | 비상근,2026-09-16T12:12:39+09:00,000,raw/document/20250320000836.zip,e2c61b7d6f16d37e99797935aa75bba84fc46e6dad40dec2b6722d85cd7dcafa
한국금융지주,지주,2024,20250320000910,사업보고서 (2024.12),20250320,겸직표,회사명,IX. 계열회사 등에 관한 사항,단독,1,김남구,한국투자증권(주),회장,,상근,,,,Y,직명 | 성명 | 회사명 | 직책 | 상근여부,대표이사 | 김남구 | 한국투자증권(주) | 회장 | 상근,2026-09-16T12:13:36+09:00,000,raw/document/20250320000910.zip,9d3a8ec7e6619ff54b7632cf2c2eab067c0b8975c027b261aa4848aad672f22d
한국금융지주,지주,2024,20250320000910,사업보고서 (2024.12),20250320,겸직표,회사명,IX. 계열회사 등에 관한 사항,단독,1,오태균,한국투자증권(주),기타비상무이사,,비상근,,,,Y,직명 | 성명 | 회사명 | 직책 | 상근여부,사장 | 오태균 | 한국투자증권(주) | 기타비상무이사 | 비상근,2026-09-16T12:13:36+09:00,000,raw/document/20250320000910.zip,9d3a8ec7e6619ff54b7632cf2c2eab067c0b8975c027b261aa4848aad672f22d
한국금융지주,지주,2024,20250320000910,사업보고서 (2024.12),20250320,겸직표,회사명,IX. 계열회사 등에 관한 사항,단독,1,김근수,한국투자밸류자산운용(주),기타비상무이사,,비상근,,,,Y,직명 | 성명 | 회사명 | 직책 | 상근여부,상무 | 김근수 | 한국투자밸류자산운용(주) | 기타비상무이사 | 비상근,2026-09-16T12:13:36+09:00,000,raw/document/20250320000910.zip,9d3a8ec7e6619ff54b7632cf2c2eab067c0b8975c027b261aa4848aad672f22d
한국금융지주,지주,2024,20250320000910,사업보고서 (2024.12),20250320,겸직표,회사명,IX. 계열회사 등에 관한 사항,단독,1,김대종,한국투자증권(주),정보보호담당,,상근,,,,Y,직명 | 성명 | 회사명 | 직책 | 상근여부,상무 | 김대종 | 한국투자증권(주) | 정보보호담당 | 상근,2026-09-16T12:13:36+09:00,000,raw/document/20250320000910.zip,9d3a8ec7e6619ff54b7632cf2c2eab067c0b8975c027b261aa4848aad672f22d
한국금융지주,지주,2024,20250320000910,사업보고서 (2024.12),20250320,겸직표,회사명,IX. 계열회사 등에 관한 사항,단독,1,김정기,한국투자증권(주),사외이사,,비상근,,,,Y,직명 | 성명 | 회사명 | 직책 | 상근여부,사외이사 | 김정기 | 한국투자증권(주) | 사외이사 | 비상근,2026-09-16T12:13:36+09:00,000,raw/document/20250320000910.zip,9d3a8ec7e6619ff54b7632cf2c2eab067c0b8975c027b261aa4848aad672f22d
한국금융지주,지주,2024,20250320000910,사업보고서 (2024.12),20250320,겸직표,회사명,IX. 계열회사 등에 관한 사항,단독,1,조영태,한국투자증권(주),사외이사,,비상근,,,,Y,직명 | 성명 | 회사명 | 직책 | 상근여부,사외이사 | 조영태 | 한국투자증권(주) | 사외이사 | 비상근,2026-09-16T12:13:36+09:00,000,raw/document/20250320000910.zip,9d3a8ec7e6619ff54b7632cf2c2eab067c0b8975c027b261aa4848aad672f22d
한국금융지주,지주,2024,20250320000910,사업보고서 (2024.12),20250320,겸직표,회사명,IX. 계열회사 등에 관한 사항,단독,1,최수미,한국투자증권(주),사외이사,,비상근,,,,Y,직명 | 성명 | 회사명 | 직책 | 상근여부,사외이사 | 최수미 | 한국투자증권(주) | 사외이사 | 비상근,2026-09-16T12:13:36+09:00,000,raw/document/20250320000910.zip,9d3a8ec7e6619ff54b7632cf2c2eab067c0b8975c027b261aa4848aad672f22d
한국금융지주,지주,2024,20250320000910,사업보고서 (2024.12),20250320,겸직표,회사명,IX. 계열회사 등에 관한 사항,단독,1,지영조,한국투자증권(주),사외이사,,비상근,,,,Y,직명 | 성명 | 회사명 | 직책 | 상근여부,사외이사 | 지영조 | 한국투자증권(주) | 사외이사 | 비상근,2026-09-16T12:13:36+09:00,000,raw/document/20250320000910.zip,9d3a8ec7e6619ff54b7632cf2c2eab067c0b8975c027b261aa4848aad672f22d
한국금융지주,지주,2024,20250320000910,사업보고서 (2024.12),20250320,겸직표,회사명,IX. 계열회사 등에 관한 사항,단독,1,이성규,한국투자증권(주),사외이사,,비상근,,,,Y,직명 | 성명 | 회사명 | 직책 | 상근여부,사외이사 | 이성규 | 한국투자증권(주) | 사외이사 | 비상근,2026-09-16T12:13:36+09:00,000,raw/document/20250320000910.zip,9d3a8ec7e6619ff54b7632cf2c2eab067c0b8975c027b261aa4848aad672f22d
메리츠금융지주,지주,2024,20250328001697,[기재정정]사업보고서 (2024.12),20250328,겸직표,계열회사 겸직내역,IX. 계열회사 등에 관한 사항,단독,1,김명애(등기임원),메리츠화재,사외이사,,비상근(등기임원),,,,Y,겸직대상자 | 계열회사 겸직내역·회사명 | 계열회사 겸직내역·직 책 | 계열회사 겸직내역·상근여부 | 비 고,김명애(등기임원) | 메리츠화재 | 사외이사 | 비상근(등기임원) | -,2026-09-16T12:16:56+09:00,000,raw/document/20250328001697.zip,7cc127ead1dd04bddb2089fcfda285f664a59657276d39fb467049c9f288cd34
메리츠금융지주,지주,2024,20250328001697,[기재정정]사업보고서 (2024.12),20250328,겸직표,계열회사 겸직내역,IX. 계열회사 등에 관한 사항,단독,1,김경환(미등기임원),메리츠화재,전략영업총괄,,상근(미등기임원),,,,Y,겸직대상자 | 계열회사 겸직내역·회사명 | 계열회사 겸직내역·직 책 | 계열회사 겸직내역·상근여부 | 비 고,김경환(미등기임원) | 메리츠화재 | 전략영업총괄 | 상근(미등기임원) | -,2026-09-16T12:16:56+09:00,000,raw/document/20250328001697.zip,7cc127ead1dd04bddb2089fcfda285f664a59657276d39fb467049c9f288cd34
메리츠금융지주,지주,2024,20250328001697,[기재정정]사업보고서 (2024.12),20250328,겸직표,계열회사 겸직내역,IX. 계열회사 등에 관한 사항,단독,1,김종민(미등기임원),메리츠화재,자산운용실장,,상근(미등기임원),,,,Y,겸직대상자 | 계열회사 겸직내역·회사명 | 계열회사 겸직내역·직 책 | 계열회사 겸직내역·상근여부 | 비 고,김종민(미등기임원) | 메리츠화재 | 자산운용실장 | 상근(미등기임원) | -,2026-09-16T12:16:56+09:00,000,raw/document/20250328001697.zip,7cc127ead1dd04bddb2089fcfda285f664a59657276d39fb467049c9f288cd34
메리츠금융지주,지주,2024,20250328001697,[기재정정]사업보고서 (2024.12),20250328,겸직표,계열회사 겸직내역,IX. 계열회사 등에 관한 사항,단독,1,여은석(미등기임원),메리츠증권,프로젝트금융사업본부장,,상근(미등기임원),,,,Y,겸직대상자 | 계열회사 겸직내역·회사명 | 계열회사 겸직내역·직 책 | 계열회사 겸직내역·상근여부 | 비 고,여은석(미등기임원) | 메리츠증권 | 프로젝트금융사업본부장 | 상근(미등기임원) | -,2026-09-16T12:16:56+09:00,000,raw/document/20250328001697.zip,7cc127ead1dd04bddb2089fcfda285f664a59657276d39fb467049c9f288cd34
메리츠금융지주,지주,2024,20250328001697,[기재정정]사업보고서 (2024.12),20250328,겸직표,계열회사 겸직내역,IX. 계열회사 등에 관한 사항,단독,1,한정원(미등기임원),메리츠화재,홍보본부장,,상근(미등기임원),,,,Y,겸직대상자 | 계열회사 겸직내역·회사명 | 계열회사 겸직내역·직 책 | 계열회사 겸직내역·상근여부 | 비 고,한정원(미등기임원) | 메리츠화재 | 홍보본부장 | 상근(미등기임원) | -,2026-09-16T12:16:56+09:00,000,raw/document/20250328001697.zip,7cc127ead1dd04bddb2089fcfda285f664a59657276d39fb467049c9f288cd34
메리츠금융지주,지주,2024,20250328001697,[기재정정]사업보고서 (2024.12),20250328,겸직표,계열회사 겸직내역,IX. 계열회사 등에 관한 사항,미매핑,2,,,,,,,,,N,겸직대상자 | 계열회사 겸직내역·회사명 | 계열회사 겸직내역·직 책 | 계열회사 겸직내역·상근여부 | 비 고,메리츠증권 | 홍보본부장 | 상근(미등기임원) | -,2026-09-16T12:16:56+09:00,000,raw/document/20250328001697.zip,7cc127ead1dd04bddb2089fcfda285f664a59657276d39fb467049c9f288cd34
메리츠금융지주,지주,2024,20250328001697,[기재정정]사업보고서 (2024.12),20250328,겸직표,계열회사 겸직내역,IX. 계열회사 등에 관한 사항,단독,1,오종원(미등기임원),메리츠화재,위험관리책임자/리스크관리팀장,,상근(미등기임원),,,,Y,겸직대상자 | 계열회사 겸직내역·회사명 | 계열회사 겸직내역·직 책 | 계열회사 겸직내역·상근여부 | 비 고,오종원(미등기임원) | 메리츠화재 | 위험관리책임자/리스크관리팀장 | 상근(미등기임원) | -,2026-09-16T12:16:56+09:00,000,raw/document/20250328001697.zip,7cc127ead1dd04bddb2089fcfda285f664a59657276d39fb467049c9f288cd34
메리츠금융지주,지주,2024,20250328001697,[기재정정]사업보고서 (2024.12),20250328,겸직표,계열회사 겸직내역,IX. 계열회사 등에 관한 사항,단독,1,김정일(미등기임원),메리츠화재,개인영업총괄,,상근(미등기임원),,,,Y,겸직대상자 | 계열회사 겸직내역·회사명 | 계열회사 겸직내역·직 책 | 계열회사 겸직내역·상근여부 | 비 고,김정일(미등기임원) | 메리츠화재 | 개인영업총괄 | 상근(미등기임원) | -,2026-09-16T12:16:56+09:00,000,raw/document/20250328001697.zip,7cc127ead1dd04bddb2089fcfda285f664a59657276d39fb467049c9f288cd34
메리츠금융지주,지주,2024,20250328001697,[기재정정]사업보고서 (2024.12),20250328,겸직표,계열회사 겸직내역,IX. 계열회사 등에 관한 사항,단독,1,김근영(미등기임원),메리츠증권,정보보호본부장,,상근(미등기임원),,,,Y,겸직대상자 | 계열회사 겸직내역·회사명 | 계열회사 겸직내역·직 책 | 계열회사 겸직내역·상근여부 | 비 고,김근영(미등기임원) | 메리츠증권 | 정보보호본부장 | 상근(미등기임원) | -,2026-09-16T12:16:56+09:00,000,raw/document/20250328001697.zip,7cc127ead1dd04bddb2089fcfda285f664a59657276d39fb467049c9f288cd34
메리츠금융지주,지주,2024,20250328001697,[기재정정]사업보고서 (2024.12),20250328,겸직표,계열회사 겸직내역,IX. 계열회사 등에 관한 사항,단독,1,은상영(미등기임원),메리츠화재,TM사업부문장,,상근(미등기임원),,,,Y,겸직대상자 | 계열회사 겸직내역·회사명 | 계열회사 겸직내역·직 책 | 계열회사 겸직내역·상근여부 | 비 고,은상영(미등기임원) | 메리츠화재 | TM사업부문장 | 상근(미등기임원) | -,2026-09-16T12:16:56+09:00,000,raw/document/20250328001697.zip,7cc127ead1dd04bddb2089fcfda285f664a59657276d39fb467049c9f288cd34
메리츠금융지주,지주,2024,20250328001697,[기재정정]사업보고서 (2024.12),20250328,겸직표,계열회사 겸직내역,IX. 계열회사 등에 관한 사항,단독,1,권동찬(미등기임원),메리츠증권,트레이딩본부장,,상근(미등기임원),,,,Y,겸직대상자 | 계열회사 겸직내역·회사명 | 계열회사 겸직내역·직 책 | 계열회사 겸직내역·상근여부 | 비 고,권동찬(미등기임원) | 메리츠증권 | 트레이딩본부장 | 상근(미등기임원) | -,2026-09-16T12:16:56+09:00,000,raw/document/20250328001697.zip,7cc127ead1dd04bddb2089fcfda285f664a59657276d39fb467049c9f288cd34
메리츠금융지주,지주,2024,20250328001697,[기재정정]사업보고서 (2024.12),20250328,겸직표,계열회사 겸직내역,IX. 계열회사 등에 관한 사항,단독,1,최대현(미등기임원),메리츠화재,감사팀장,,상근(미등기임원),,,,Y,겸직대상자 | 계열회사 겸직내역·회사명 | 계열회사 겸직내역·직 책 | 계열회사 겸직내역·상근여부 | 비 고,최대현(미등기임원) | 메리츠화재 | 감사팀장 | 상근(미등기임원) | -,2026-09-16T12:16:56+09:00,000,raw/document/20250328001697.zip,7cc127ead1dd04bddb2089fcfda285f664a59657276d39fb467049c9f288cd34
동양생명보험,보험자회사,2024,20250331000321,[기재정정]사업보고서 (2024.12),20250331,겸직표,겸직회사,1. 임원 및 직원 등의 현황,단독,1,"Yang, Xiaoyan (양샤오옌)",시짱 즈훼이광업주식회사,사외이사,,,,,,N,겸직자·성명 | 겸직자·직위 | 겸직회사·회사명 | 겸직회사·직위,"Yang, Xiaoyan (양샤오옌) | 사외이사 | 시짱 즈훼이광업주식회사 | 사외이사",2026-08-31T15:10:08+09:00,000,raw/document/20250331000321.zip,55fd85102ab0345aa14537588ae8ef13cb6972d2d19d0ab3ed4e975ab622a222
KB라이프생명보험,보험자회사,2024,20250331002307,[기재정정]사업보고서 (2024.12),20250331,겸직표,대상 계열사,1. 임원 및 직원 등의 현황 | IX. 계열회사 등에 관한 사항,병합,2,이승종,KB금융지주,부사장,2024.01,상근,,,,Y,성 명 | 대상 계열사 | 직책 | 선임시기 | 비 고,이승종 | KB금융지주 | 부사장 | 2024.01 | 상근,2026-09-16T12:19:19+09:00,000,raw/document/20250331002307.zip,b8bed860df56dcdca736d6a647aae64f672aeba14516c75f49245edbe48f8f68
KB라이프생명보험,보험자회사,2024,20250331002307,[기재정정]사업보고서 (2024.12),20250331,겸직표,대상 계열사,1. 임원 및 직원 등의 현황 | IX. 계열회사 등에 관한 사항,병합,2,이승종,KB증권,기타비상무이사,2024.03,비상근,,,,Y,성 명 | 대상 계열사 | 직책 | 선임시기 | 비 고,이승종 | KB증권 | 기타비상무이사 | 2024.03 | 비상근,2026-09-16T12:19:19+09:00,000,raw/document/20250331002307.zip,b8bed860df56dcdca736d6a647aae64f672aeba14516c75f49245edbe48f8f68
KB라이프생명보험,보험자회사,2024,20250331002307,[기재정정]사업보고서 (2024.12),20250331,겸직표,대상 계열사,1. 임원 및 직원 등의 현황 | IX. 계열회사 등에 관한 사항,병합,2,안진희,KB라이프파트너스,기타비상무이사,2022.05,비상근,,,,N,성 명 | 대상 계열사 | 직책 | 선임시기 | 비 고,안진희 | KB라이프파트너스 | 기타비상무이사 | 2022.05 | 비상근,2026-09-16T12:19:19+09:00,000,raw/document/20250331002307.zip,b8bed860df56dcdca736d6a647aae64f672aeba14516c75f49245edbe48f8f68
KB라이프생명보험,보험자회사,2024,20250331002307,[기재정정]사업보고서 (2024.12),20250331,겸직표,대상 계열사,1. 임원 및 직원 등의 현황 | IX. 계열회사 등에 관한 사항,병합,2,정자영,골든라이프케어,기타비상무이사,2023.10,비상근,,,,N,성 명 | 대상 계열사 | 직책 | 선임시기 | 비 고,정자영 | 골든라이프케어 | 기타비상무이사 | 2023.10 | 비상근,2026-09-16T12:19:19+09:00,000,raw/document/20250331002307.zip,b8bed860df56dcdca736d6a647aae64f672aeba14516c75f49245edbe48f8f68
KB라이프생명보험,보험자회사,2024,20250331002307,[기재정정]사업보고서 (2024.12),20250331,겸직표,대상 계열사,1. 임원 및 직원 등의 현황 | IX. 계열회사 등에 관한 사항,병합,4,박민하,골든라이프케어,기타비상무이사,2024.01,비상근,,,,N,성 명 | 대상 계열사 | 직책 | 선임시기 | 비 고,박민하 | 골든라이프케어 | 기타비상무이사 | 2024.01 | 비상근,2026-09-16T12:19:19+09:00,000,raw/document/20250331002307.zip,b8bed860df56dcdca736d6a647aae64f672aeba14516c75f49245edbe48f8f68
KB라이프생명보험,보험자회사,2024,20250331002307,[기재정정]사업보고서 (2024.12),20250331,겸직표,대상 계열사,1. 임원 및 직원 등의 현황 | IX. 계열회사 등에 관한 사항,병합,2,김효동,골든라이프케어,기타비상무이사,2025.01,비상근,,,,N,성 명 | 대상 계열사 | 직책 | 선임시기 | 비 고,김효동 | 골든라이프케어 | 기타비상무이사 | 2025.01 | 비상근,2026-09-16T12:19:19+09:00,000,raw/document/20250331002307.zip,b8bed860df56dcdca736d6a647aae64f672aeba14516c75f49245edbe48f8f68
KB라이프생명보험,보험자회사,2024,20250331002307,[기재정정]사업보고서 (2024.12),20250331,겸직표,대상 계열사,1. 임원 및 직원 등의 현황 | IX. 계열회사 등에 관한 사항,병합,2,최재형,KB라이프파트너스,기타비상무이사,2025.01,비상근,,,,N,성 명 | 대상 계열사 | 직책 | 선임시기 | 비 고,최재형 | KB라이프파트너스 | 기타비상무이사 | 2025.01 | 비상근,2026-09-16T12:19:19+09:00,000,raw/document/20250331002307.zip,b8bed860df56dcdca736d6a647aae64f672aeba14516c75f49245edbe48f8f68
KB라이프생명보험,보험자회사,2024,20250331002307,[기재정정]사업보고서 (2024.12),20250331,겸직표,대상회사,1. 임원 및 직원 등의 현황,단독,1,-,-,-,-,,,,,N,성 명 | 대상회사 | 직책 | 선임시기,- | - | - | -,2026-09-16T12:19:19+09:00,000,raw/document/20250331002307.zip,b8bed860df56dcdca736d6a647aae64f672aeba14516c75f49245edbe48f8f68
신한라이프생명보험,보험자회사,2024,20250331002840,[기재정정]사업보고서 (2024.12),20250331,겸직표,대상회사,IX. 계열회사 등에 관한 사항,단독,2,정상혁,신한은행,은행장,2023.02.15,상근,,,,Y,성명 | 대상회사 | 직위명 | 선임일 | 비고,정상혁 | 신한은행 | 은행장 | 2023.02.15 | 상근,2026-09-16T12:19:52+09:00,000,raw/document/20250331002840.zip,736c8177431afaa0bd42ff38fbefe98eb497f532915ddece60e1af02173b2033
신한라이프생명보험,보험자회사,2024,20250331002840,[기재정정]사업보고서 (2024.12),20250331,겸직표,대상회사,IX. 계열회사 등에 관한 사항,단독,2,고석헌,신한카드,비상임이사,2024.01.01,비상근,,,,Y,성명 | 대상회사 | 직위명 | 선임일 | 비고,고석헌 | 신한카드 | 비상임이사 | 2024.01.01 | 비상근,2026-09-16T12:19:52+09:00,000,raw/document/20250331002840.zip,736c8177431afaa0bd42ff38fbefe98eb497f532915ddece60e1af02173b2033
신한라이프생명보험,보험자회사,2024,20250331002840,[기재정정]사업보고서 (2024.12),20250331,겸직표,대상회사,IX. 계열회사 등에 관한 사항,미매핑,24,,,,,,,,,N,성명 | 대상회사 | 직위명 | 선임일 | 비고,신한저축은행 | 비상임이사 | 2024.01.01 | 비상근,2026-09-16T12:19:52+09:00,000,raw/document/20250331002840.zip,736c8177431afaa0bd42ff38fbefe98eb497f532915ddece60e1af02173b2033
신한라이프생명보험,보험자회사,2024,20250331002840,[기재정정]사업보고서 (2024.12),20250331,겸직표,대상회사,IX. 계열회사 등에 관한 사항,단독,2,천상영,신한라이프,비상임이사,2024.01.01,비상근,,,,N,성명 | 대상회사 | 직위명 | 선임일 | 비고,천상영 | 신한라이프 | 비상임이사 | 2024.01.01 | 비상근,2026-09-16T12:19:52+09:00,000,raw/document/20250331002840.zip,736c8177431afaa0bd42ff38fbefe98eb497f532915ddece60e1af02173b2033
신한라이프생명보험,보험자회사,2024,20250331002840,[기재정정]사업보고서 (2024.12),20250331,겸직표,대상회사,IX. 계열회사 등에 관한 사항,단독,2,이인균,신한은행,비상임이사,2023.01.01,비상근,,,,Y,성명 | 대상회사 | 직위명 | 선임일 | 비고,이인균 | 신한은행 | 비상임이사 | 2023.01.01 | 비상근,2026-09-16T12:19:52+09:00,000,raw/document/20250331002840.zip,736c8177431afaa0bd42ff38fbefe98eb497f532915ddece60e1af02173b2033
신한라이프생명보험,보험자회사,2024,20250331002840,[기재정정]사업보고서 (2024.12),20250331,겸직표,대상회사,IX. 계열회사 등에 관한 사항,단독,2,김지온,신한DS,비상근감사,2024.03.28,비상근,,,,N,성명 | 대상회사 | 직위명 | 선임일 | 비고,김지온 | 신한DS | 비상근감사 | 2024.03.28 | 비상근,2026-09-16T12:19:52+09:00,000,raw/document/20250331002840.zip,736c8177431afaa0bd42ff38fbefe98eb497f532915ddece60e1af02173b2033
신한라이프생명보험,보험자회사,2024,20250331002840,[기재정정]사업보고서 (2024.12),20250331,겸직표,대상회사,IX. 계열회사 등에 관한 사항,단독,1,김준환,신한은행,상무,2024.01.01,상근,,,,Y,성명 | 대상회사 | 직위명 | 선임일 | 비고,김준환 | 신한은행 | 상무 | 2024.01.01 | 상근,2026-09-16T12:19:52+09:00,000,raw/document/20250331002840.zip,736c8177431afaa0bd42ff38fbefe98eb497f532915ddece60e1af02173b2033
신한라이프생명보험,보험자회사,2024,20250331002840,[기재정정]사업보고서 (2024.12),20250331,겸직표,대상회사,IX. 계열회사 등에 관한 사항,단독,2,박현주,신한은행,부행장,2022.01.01,상근,,,,Y,성명 | 대상회사 | 직위명 | 선임일 | 비고,박현주 | 신한은행 | 부행장 | 2022.01.01 | 상근,2026-09-16T12:19:52+09:00,000,raw/document/20250331002840.zip,736c8177431afaa0bd42ff38fbefe98eb497f532915ddece60e1af02173b2033
신한라이프생명보험,보험자회사,2024,20250331002840,[기재정정]사업보고서 (2024.12),20250331,겸직표,대상회사,IX. 계열회사 등에 관한 사항,단독,1,조정훈,신한리츠운용,비상임이사,2023.01.01,비상근,,,,N,성명 | 대상회사 | 직위명 | 선임일 | 비고,조정훈 | 신한리츠운용 | 비상임이사 | 2023.01.01 | 비상근,2026-09-16T12:19:52+09:00,000,raw/document/20250331002840.zip,736c8177431afaa0bd42ff38fbefe98eb497f532915ddece60e1af02173b2033
신한라이프생명보험,보험자회사,2024,20250331002840,[기재정정]사업보고서 (2024.12),20250331,겸직표,대상회사,IX. 계열회사 등에 관한 사항,단독,1,장정훈,신한투자증권,비상임이사,2024.01.01,비상근,,,,Y,성명 | 대상회사 | 직위명 | 선임일 | 비고,장정훈 | 신한투자증권 | 비상임이사 | 2024.01.01 | 비상근,2026-09-16T12:19:52+09:00,000,raw/document/20250331002840.zip,736c8177431afaa0bd42ff38fbefe98eb497f532915ddece60e1af02173b2033
신한라이프생명보험,보험자회사,2024,20250331002840,[기재정정]사업보고서 (2024.12),20250331,겸직표,대상회사,IX. 계열회사 등에 관한 사항,단독,2,황경업,신한펀드파트너스,비상임이사,2024.01.01,비상근,,,,N,성명 | 대상회사 | 직위명 | 선임일 | 비고,황경업 | 신한펀드파트너스 | 비상임이사 | 2024.01.01 | 비상근,2026-09-16T12:19:52+09:00,000,raw/document/20250331002840.zip,736c8177431afaa0bd42ff38fbefe98eb497f532915ddece60e1af02173b2033
신한라이프생명보험,보험자회사,2024,20250331002840,[기재정정]사업보고서 (2024.12),20250331,겸직표,대상회사,IX. 계열회사 등에 관한 사항,단독,2,고유선,신한자산운용,비상임이사,2024.01.01,비상근,,,,Y,성명 | 대상회사 | 직위명 | 선임일 | 비고,고유선 | 신한자산운용 | 비상임이사 | 2024.01.01 | 비상근,2026-09-16T12:19:52+09:00,000,raw/document/20250331002840.zip,736c8177431afaa0bd42ff38fbefe98eb497f532915ddece60e1af02173b2033
신한라이프생명보험,보험자회사,2024,20250331002840,[기재정정]사업보고서 (2024.12),20250331,겸직표,대상회사,IX. 계열회사 등에 관한 사항,단독,1,김준환,신한DS,비상임이사,2024.01.01,비상근,,,,N,성명 | 대상회사 | 직위명 | 선임일 | 비고,김준환 | 신한DS | 비상임이사 | 2024.01.01 | 비상근,2026-09-16T12:19:52+09:00,000,raw/document/20250331002840.zip,736c8177431afaa0bd42ff38fbefe98eb497f532915ddece60e1af02173b2033
신한라이프생명보험,보험자회사,2024,20250331002840,[기재정정]사업보고서 (2024.12),20250331,겸직표,대상회사,IX. 계열회사 등에 관한 사항,단독,1,이원태,신한투자증권,비상임이사,2025.01.01,비상근,,,,Y,성명 | 대상회사 | 직위명 | 선임일 | 비고,이원태 | 신한투자증권 | 비상임이사 | 2025.01.01 | 비상근,2026-09-16T12:19:52+09:00,000,raw/document/20250331002840.zip,736c8177431afaa0bd42ff38fbefe98eb497f532915ddece60e1af02173b2033
신한라이프생명보험,보험자회사,2024,20250331002957,[기재정정]사업보고서 (2024.12),20250331,겸직표,대상회사,IX. 계열회사 등에 관한 사항,단독,2,정상혁,신한은행,은행장,2023.02.15,상근,,,,Y,성명 | 대상회사 | 직위명 | 선임일 | 비고,정상혁 | 신한은행 | 은행장 | 2023.02.15 | 상근,2026-09-16T12:20:25+09:00,000,raw/document/20250331002957.zip,3f0044b117f702acc0c79b032d9f80fe44934c45b53c6dcddb7d29905544c576
신한라이프생명보험,보험자회사,2024,20250331002957,[기재정정]사업보고서 (2024.12),20250331,겸직표,대상회사,IX. 계열회사 등에 관한 사항,단독,2,고석헌,신한카드,비상임이사,2024.01.01,비상근,,,,Y,성명 | 대상회사 | 직위명 | 선임일 | 비고,고석헌 | 신한카드 | 비상임이사 | 2024.01.01 | 비상근,2026-09-16T12:20:25+09:00,000,raw/document/20250331002957.zip,3f0044b117f702acc0c79b032d9f80fe44934c45b53c6dcddb7d29905544c576
신한라이프생명보험,보험자회사,2024,20250331002957,[기재정정]사업보고서 (2024.12),20250331,겸직표,대상회사,IX. 계열회사 등에 관한 사항,미매핑,24,,,,,,,,,N,성명 | 대상회사 | 직위명 | 선임일 | 비고,신한저축은행 | 비상임이사 | 2024.01.01 | 비상근,2026-09-16T12:20:25+09:00,000,raw/document/20250331002957.zip,3f0044b117f702acc0c79b032d9f80fe44934c45b53c6dcddb7d29905544c576
신한라이프생명보험,보험자회사,2024,20250331002957,[기재정정]사업보고서 (2024.12),20250331,겸직표,대상회사,IX. 계열회사 등에 관한 사항,단독,2,천상영,신한라이프,비상임이사,2024.01.01,비상근,,,,N,성명 | 대상회사 | 직위명 | 선임일 | 비고,천상영 | 신한라이프 | 비상임이사 | 2024.01.01 | 비상근,2026-09-16T12:20:25+09:00,000,raw/document/20250331002957.zip,3f0044b117f702acc0c79b032d9f80fe44934c45b53c6dcddb7d29905544c576
신한라이프생명보험,보험자회사,2024,20250331002957,[기재정정]사업보고서 (2024.12),20250331,겸직표,대상회사,IX. 계열회사 등에 관한 사항,단독,2,이인균,신한은행,비상임이사,2023.01.01,비상근,,,,Y,성명 | 대상회사 | 직위명 | 선임일 | 비고,이인균 | 신한은행 | 비상임이사 | 2023.01.01 | 비상근,2026-09-16T12:20:25+09:00,000,raw/document/20250331002957.zip,3f0044b117f702acc0c79b032d9f80fe44934c45b53c6dcddb7d29905544c576
신한라이프생명보험,보험자회사,2024,20250331002957,[기재정정]사업보고서 (2024.12),20250331,겸직표,대상회사,IX. 계열회사 등에 관한 사항,단독,2,김지온,신한DS,비상근감사,2024.03.28,비상근,,,,N,성명 | 대상회사 | 직위명 | 선임일 | 비고,김지온 | 신한DS | 비상근감사 | 2024.03.28 | 비상근,2026-09-16T12:20:25+09:00,000,raw/document/20250331002957.zip,3f0044b117f702acc0c79b032d9f80fe44934c45b53c6dcddb7d29905544c576
신한라이프생명보험,보험자회사,2024,20250331002957,[기재정정]사업보고서 (2024.12),20250331,겸직표,대상회사,IX. 계열회사 등에 관한 사항,단독,1,김준환,신한은행,상무,2024.01.01,상근,,,,Y,성명 | 대상회사 | 직위명 | 선임일 | 비고,김준환 | 신한은행 | 상무 | 2024.01.01 | 상근,2026-09-16T12:20:25+09:00,000,raw/document/20250331002957.zip,3f0044b117f702acc0c79b032d9f80fe44934c45b53c6dcddb7d29905544c576
신한라이프생명보험,보험자회사,2024,20250331002957,[기재정정]사업보고서 (2024.12),20250331,겸직표,대상회사,IX. 계열회사 등에 관한 사항,단독,2,박현주,신한은행,부행장,2022.01.01,상근,,,,Y,성명 | 대상회사 | 직위명 | 선임일 | 비고,박현주 | 신한은행 | 부행장 | 2022.01.01 | 상근,2026-09-16T12:20:25+09:00,000,raw/document/20250331002957.zip,3f0044b117f702acc0c79b032d9f80fe44934c45b53c6dcddb7d29905544c576
신한라이프생명보험,보험자회사,2024,20250331002957,[기재정정]사업보고서 (2024.12),20250331,겸직표,대상회사,IX. 계열회사 등에 관한 사항,단독,1,조정훈,신한리츠운용,비상임이사,2023.01.01,비상근,,,,N,성명 | 대상회사 | 직위명 | 선임일 | 비고,조정훈 | 신한리츠운용 | 비상임이사 | 2023.01.01 | 비상근,2026-09-16T12:20:25+09:00,000,raw/document/20250331002957.zip,3f0044b117f702acc0c79b032d9f80fe44934c45b53c6dcddb7d29905544c576
신한라이프생명보험,보험자회사,2024,20250331002957,[기재정정]사업보고서 (2024.12),20250331,겸직표,대상회사,IX. 계열회사 등에 관한 사항,단독,1,장정훈,신한투자증권,비상임이사,2024.01.01,비상근,,,,Y,성명 | 대상회사 | 직위명 | 선임일 | 비고,장정훈 | 신한투자증권 | 비상임이사 | 2024.01.01 | 비상근,2026-09-16T12:20:25+09:00,000,raw/document/20250331002957.zip,3f0044b117f702acc0c79b032d9f80fe44934c45b53c6dcddb7d29905544c576
신한라이프생명보험,보험자회사,2024,20250331002957,[기재정정]사업보고서 (2024.12),20250331,겸직표,대상회사,IX. 계열회사 등에 관한 사항,단독,2,황경업,신한펀드파트너스,비상임이사,2024.01.01,비상근,,,,N,성명 | 대상회사 | 직위명 | 선임일 | 비고,황경업 | 신한펀드파트너스 | 비상임이사 | 2024.01.01 | 비상근,2026-09-16T12:20:25+09:00,000,raw/document/20250331002957.zip,3f0044b117f702acc0c79b032d9f80fe44934c45b53c6dcddb7d29905544c576
신한라이프생명보험,보험자회사,2024,20250331002957,[기재정정]사업보고서 (2024.12),20250331,겸직표,대상회사,IX. 계열회사 등에 관한 사항,단독,2,고유선,신한자산운용,비상임이사,2024.01.01,비상근,,,,Y,성명 | 대상회사 | 직위명 | 선임일 | 비고,고유선 | 신한자산운용 | 비상임이사 | 2024.01.01 | 비상근,2026-09-16T12:20:25+09:00,000,raw/document/20250331002957.zip,3f0044b117f702acc0c79b032d9f80fe44934c45b53c6dcddb7d29905544c576
신한라이프생명보험,보험자회사,2024,20250331002957,[기재정정]사업보고서 (2024.12),20250331,겸직표,대상회사,IX. 계열회사 등에 관한 사항,단독,1,김준환,신한DS,비상임이사,2024.01.01,비상근,,,,N,성명 | 대상회사 | 직위명 | 선임일 | 비고,김준환 | 신한DS | 비상임이사 | 2024.01.01 | 비상근,2026-09-16T12:20:25+09:00,000,raw/document/20250331002957.zip,3f0044b117f702acc0c79b032d9f80fe44934c45b53c6dcddb7d29905544c576
신한라이프생명보험,보험자회사,2024,20250331002957,[기재정정]사업보고서 (2024.12),20250331,겸직표,대상회사,IX. 계열회사 등에 관한 사항,단독,1,이원태,신한투자증권,비상임이사,2025.01.01,비상근,,,,Y,성명 | 대상회사 | 직위명 | 선임일 | 비고,이원태 | 신한투자증권 | 비상임이사 | 2025.01.01 | 비상근,2026-09-16T12:20:25+09:00,000,raw/document/20250331002957.zip,3f0044b117f702acc0c79b032d9f80fe44934c45b53c6dcddb7d29905544c576
메리츠화재해상보험,보험자회사,2024,20250331003145,사업보고서 (2024.12),20250331,겸직표,계열회사 겸직내역,IX. 계열회사 등에 관한 사항,단독,1,김경환 (미등기임원),,그룹부채부문,,상근(미등기임원),,,,N,겸직대상자 | 계열회사 겸직내역·대상 계열회사 | 계열회사 겸직내역·직책 | 계열회사 겸직내역·상근여부,김경환 (미등기임원) | 메리츠금융지주 | 그룹부채부문 | 상근(미등기임원),2026-09-16T12:21:37+09:00,000,raw/document/20250331003145.zip,3abbab44f66a6b11e93d5fe89476bd04ab6b1cff628e861148660f2851b04394
메리츠화재해상보험,보험자회사,2024,20250331003145,사업보고서 (2024.12),20250331,겸직표,계열회사 겸직내역,IX. 계열회사 등에 관한 사항,단독,1,김정일 (미등기임원),,그룹부채부문,,상근(미등기임원),,,,N,겸직대상자 | 계열회사 겸직내역·대상 계열회사 | 계열회사 겸직내역·직책 | 계열회사 겸직내역·상근여부,김정일 (미등기임원) | 메리츠금융지주 | 그룹부채부문 | 상근(미등기임원),2026-09-16T12:21:37+09:00,000,raw/document/20250331003145.zip,3abbab44f66a6b11e93d5fe89476bd04ab6b1cff628e861148660f2851b04394
메리츠화재해상보험,보험자회사,2024,20250331003145,사업보고서 (2024.12),20250331,겸직표,계열회사 겸직내역,IX. 계열회사 등에 관한 사항,단독,1,은상영 (미등기임원),,그룹부채부문,,상근(미등기임원),,,,N,겸직대상자 | 계열회사 겸직내역·대상 계열회사 | 계열회사 겸직내역·직책 | 계열회사 겸직내역·상근여부,은상영 (미등기임원) | 메리츠금융지주 | 그룹부채부문 | 상근(미등기임원),2026-09-16T12:21:37+09:00,000,raw/document/20250331003145.zip,3abbab44f66a6b11e93d5fe89476bd04ab6b1cff628e861148660f2851b04394
메리츠화재해상보험,보험자회사,2024,20250331003145,사업보고서 (2024.12),20250331,겸직표,계열회사 겸직내역,IX. 계열회사 등에 관한 사항,단독,1,한정원 (미등기임원),,브랜드홍보총괄,,상근(미등기임원),,,,N,겸직대상자 | 계열회사 겸직내역·대상 계열회사 | 계열회사 겸직내역·직책 | 계열회사 겸직내역·상근여부,한정원 (미등기임원) | 메리츠금융지주 | 브랜드홍보총괄 | 상근(미등기임원),2026-09-16T12:21:37+09:00,000,raw/document/20250331003145.zip,3abbab44f66a6b11e93d5fe89476bd04ab6b1cff628e861148660f2851b04394
메리츠화재해상보험,보험자회사,2024,20250331003145,사업보고서 (2024.12),20250331,겸직표,계열회사 겸직내역,IX. 계열회사 등에 관한 사항,미매핑,1,,,,,,,,,N,겸직대상자 | 계열회사 겸직내역·대상 계열회사 | 계열회사 겸직내역·직책 | 계열회사 겸직내역·상근여부,메리츠증권 | 홍보본부장 | 상근(미등기임원),2026-09-16T12:21:37+09:00,000,raw/document/20250331003145.zip,3abbab44f66a6b11e93d5fe89476bd04ab6b1cff628e861148660f2851b04394
메리츠화재해상보험,보험자회사,2024,20250331003145,사업보고서 (2024.12),20250331,겸직표,계열회사 겸직내역,IX. 계열회사 등에 관한 사항,단독,1,오종원 (미등기임원),,위험관리책임자/CRO,,상근(미등기임원),,,,N,겸직대상자 | 계열회사 겸직내역·대상 계열회사 | 계열회사 겸직내역·직책 | 계열회사 겸직내역·상근여부,오종원 (미등기임원) | 메리츠금융지주 | 위험관리책임자/CRO | 상근(미등기임원),2026-09-16T12:21:37+09:00,000,raw/document/20250331003145.zip,3abbab44f66a6b11e93d5fe89476bd04ab6b1cff628e861148660f2851b04394
메리츠화재해상보험,보험자회사,2024,20250331003145,사업보고서 (2024.12),20250331,겸직표,계열회사 겸직내역,IX. 계열회사 등에 관한 사항,단독,1,최대현 (미등기임원),,감사팀장,,상근(미등기임원),,,,N,겸직대상자 | 계열회사 겸직내역·대상 계열회사 | 계열회사 겸직내역·직책 | 계열회사 겸직내역·상근여부,최대현 (미등기임원) | 메리츠금융지주 | 감사팀장 | 상근(미등기임원),2026-09-16T12:21:37+09:00,000,raw/document/20250331003145.zip,3abbab44f66a6b11e93d5fe89476bd04ab6b1cff628e861148660f2851b04394
농협금융지주,지주,2024,20250331003837,사업보고서 (2024.12),20250331,겸직표,대상 계열사,IX. 계열회사 등에 관한 사항,단독,1,오유성,엔에이치농협리츠운용,감사,2023년 1월,비상근,,,,N,성명 | 대상 계열사 | 직책 | 선임시기 | 비고,오유성 | 엔에이치농협리츠운용 | 감사 | 2023년 1월 | 비상근,2026-09-22T12:07:30+09:00,000,raw/document/20250331003837.zip,cc0c2dfef53990003ff979f8a80414120a6e523155bd32693fac3c35884e09b7
농협금융지주,지주,2024,20250331003837,사업보고서 (2024.12),20250331,겸직표,대상 계열사,IX. 계열회사 등에 관한 사항,단독,1,이성남,엔에이치벤처투자,감사,2023년 1월,비상근,,,,Y,성명 | 대상 계열사 | 직책 | 선임시기 | 비고,이성남 | 엔에이치벤처투자 | 감사 | 2023년 1월 | 비상근,2026-09-22T12:07:30+09:00,000,raw/document/20250331003837.zip,cc0c2dfef53990003ff979f8a80414120a6e523155bd32693fac3c35884e09b7
농협금융지주,지주,2024,20250331003837,사업보고서 (2024.12),20250331,겸직표,대상 계열사,IX. 계열회사 등에 관한 사항,단독,1,박상필,엔에이치벤처투자,비상임이사,2024년 1월,비상근,,,,Y,성명 | 대상 계열사 | 직책 | 선임시기 | 비고,박상필 | 엔에이치벤처투자 | 비상임이사 | 2024년 1월 | 비상근,2026-09-22T12:07:30+09:00,000,raw/document/20250331003837.zip,cc0c2dfef53990003ff979f8a80414120a6e523155bd32693fac3c35884e09b7
농협금융지주,지주,2024,20250331003837,사업보고서 (2024.12),20250331,겸직표,대상 계열사,IX. 계열회사 등에 관한 사항,단독,1,정민규,엔에이치헤지자산운용,비상임이사,2024년 1월,비상근,,,,Y,성명 | 대상 계열사 | 직책 | 선임시기 | 비고,정민규 | 엔에이치헤지자산운용 | 비상임이사 | 2024년 1월 | 비상근,2026-09-22T12:07:30+09:00,000,raw/document/20250331003837.zip,cc0c2dfef53990003ff979f8a80414120a6e523155bd32693fac3c35884e09b7
농협금융지주,지주,2024,20250331003837,사업보고서 (2024.12),20250331,겸직표,대상 계열사,IX. 계열회사 등에 관한 사항,단독,1,강신노 (주),농협은행,리스크관리부문장,2023년 1월,상근,,,,Y,성명 | 대상 계열사 | 직책 | 선임시기 | 비고,강신노 (주) | 농협은행 | 리스크관리부문장 | 2023년 1월 | 상근,2026-09-22T12:07:30+09:00,000,raw/document/20250331003837.zip,cc0c2dfef53990003ff979f8a80414120a6e523155bd32693fac3c35884e09b7
농협금융지주,지주,2024,20250331003837,사업보고서 (2024.12),20250331,겸직표,대상 계열사,IX. 계열회사 등에 관한 사항,단독,1,정재호 (주),농협은행,디지털전략사업부문장,2023년 1월,상근,,,,Y,성명 | 대상 계열사 | 직책 | 선임시기 | 비고,정재호 (주) | 농협은행 | 디지털전략사업부문장 | 2023년 1월 | 상근,2026-09-22T12:07:30+09:00,000,raw/document/20250331003837.zip,cc0c2dfef53990003ff979f8a80414120a6e523155bd32693fac3c35884e09b7
농협금융지주,지주,2024,20250331003837,사업보고서 (2024.12),20250331,겸직표,대상 계열사,IX. 계열회사 등에 관한 사항,단독,1,서준호 (주),농협은행,자금시장부문장,2024년 1월,상근,,,,Y,성명 | 대상 계열사 | 직책 | 선임시기 | 비고,서준호 (주) | 농협은행 | 자금시장부문장 | 2024년 1월 | 상근,2026-09-22T12:07:30+09:00,000,raw/document/20250331003837.zip,cc0c2dfef53990003ff979f8a80414120a6e523155bd32693fac3c35884e09b7
KB손해보험,보험자회사,2024,20250331004034,[기재정정]사업보고서 (2024.12),20250331,겸직표,대상 계열사,1. 임원 및 직원 등의 현황 | IX. 계열회사 등에 관한 사항,병합,2,김재관,KB금융지주,재무담당 부사장,2024-01-01,상근,,,,Y,성 명 | 대상 계열사 | 직책 | 선임시기 | 비 고,김재관 | KB금융지주 | 재무담당 부사장 | 2024-01-01 | 상근,2026-09-16T12:28:18+09:00,000,raw/document/20250331004034.zip,ab2022b795e6b49511c8aa78862e3061d1db2d5e60b45028471e5a4f92d8e1e3
KB손해보험,보험자회사,2024,20250331004034,[기재정정]사업보고서 (2024.12),20250331,겸직표,대상 계열사,1. 임원 및 직원 등의 현황 | IX. 계열회사 등에 관한 사항,병합,2,김재관,KB국민카드,기타비상무이사,2024-03-21,비상근,,,,Y,성 명 | 대상 계열사 | 직책 | 선임시기 | 비 고,김재관 | KB국민카드 | 기타비상무이사 | 2024-03-21 | 비상근,2026-09-16T12:28:18+09:00,000,raw/document/20250331004034.zip,ab2022b795e6b49511c8aa78862e3061d1db2d5e60b45028471e5a4f92d8e1e3
KB손해보험,보험자회사,2024,20250331004034,[기재정정]사업보고서 (2024.12),20250331,겸직표,대상 계열사,1. 임원 및 직원 등의 현황 | IX. 계열회사 등에 관한 사항,병합,3,박찬일,케이비손해사정,기타비상무이사,2024-01-01,비상근,,,,Y,성 명 | 대상 계열사 | 직책 | 선임시기 | 비 고,박찬일 | 케이비손해사정 | 기타비상무이사 | 2024-01-01 | 비상근,2026-09-16T12:28:18+09:00,000,raw/document/20250331004034.zip,ab2022b795e6b49511c8aa78862e3061d1db2d5e60b45028471e5a4f92d8e1e3
KB손해보험,보험자회사,2024,20250331004034,[기재정정]사업보고서 (2024.12),20250331,겸직표,대상 계열사,1. 임원 및 직원 등의 현황 | IX. 계열회사 등에 관한 사항,병합,2,김 혁,케이비손해사정,기타비상무이사,2022-01-01,비상근,,,,Y,성 명 | 대상 계열사 | 직책 | 선임시기 | 비 고,김 혁 | 케이비손해사정 | 기타비상무이사 | 2022-01-01 | 비상근,2026-09-16T12:28:18+09:00,000,raw/document/20250331004034.zip,ab2022b795e6b49511c8aa78862e3061d1db2d5e60b45028471e5a4f92d8e1e3
KB손해보험,보험자회사,2024,20250331004034,[기재정정]사업보고서 (2024.12),20250331,겸직표,대상 계열사,1. 임원 및 직원 등의 현황 | IX. 계열회사 등에 관한 사항,병합,2,정성욱,"Leading Insurance Services, Inc.",이사,2023-01-01,비상근,,,,N,성 명 | 대상 계열사 | 직책 | 선임시기 | 비 고,"정성욱 | Leading Insurance Services, Inc. | 이사 | 2023-01-01 | 비상근",2026-09-16T12:28:18+09:00,000,raw/document/20250331004034.zip,ab2022b795e6b49511c8aa78862e3061d1db2d5e60b45028471e5a4f92d8e1e3
KB손해보험,보험자회사,2024,20250331004034,[기재정정]사업보고서 (2024.12),20250331,겸직표,대상 계열사,1. 임원 및 직원 등의 현황 | IX. 계열회사 등에 관한 사항,병합,3,정성욱,PT. KB Insurance Indonesia,이사,2023-10-25,비상근,,,,N,성 명 | 대상 계열사 | 직책 | 선임시기 | 비 고,정성욱 | PT. KB Insurance Indonesia | 이사 | 2023-10-25 | 비상근,2026-09-16T12:28:18+09:00,000,raw/document/20250331004034.zip,ab2022b795e6b49511c8aa78862e3061d1db2d5e60b45028471e5a4f92d8e1e3
KB손해보험,보험자회사,2024,20250331004034,[기재정정]사업보고서 (2024.12),20250331,겸직표,대상 계열사,1. 임원 및 직원 등의 현황 | IX. 계열회사 등에 관한 사항,병합,2,고창영,케이비헬스케어,기타비상무이사,2023-01-01,비상근,,,,N,성 명 | 대상 계열사 | 직책 | 선임시기 | 비 고,고창영 | 케이비헬스케어 | 기타비상무이사 | 2023-01-01 | 비상근,2026-09-16T12:28:18+09:00,000,raw/document/20250331004034.zip,ab2022b795e6b49511c8aa78862e3061d1db2d5e60b45028471e5a4f92d8e1e3
KB손해보험,보험자회사,2024,20250331004034,[기재정정]사업보고서 (2024.12),20250331,겸직표,대상 계열사,1. 임원 및 직원 등의 현황 | IX. 계열회사 등에 관한 사항,병합,2,윤희승,케이비헬스케어,기타비상무이사,2024-01-26,비상근,,,,N,성 명 | 대상 계열사 | 직책 | 선임시기 | 비 고,윤희승 | 케이비헬스케어 | 기타비상무이사 | 2024-01-26 | 비상근,2026-09-16T12:28:18+09:00,000,raw/document/20250331004034.zip,ab2022b795e6b49511c8aa78862e3061d1db2d5e60b45028471e5a4f92d8e1e3
KB손해보험,보험자회사,2024,20250331004034,[기재정정]사업보고서 (2024.12),20250331,겸직표,대상 계열사,1. 임원 및 직원 등의 현황,단독,1,나상록,KB금융지주,재무기획부 상무,2024-01-01,상근,,,,Y,성 명 | 대상 계열사 | 직책 | 선임시기 | 비 고,나상록 | KB금융지주 | 재무기획부 상무 | 2024-01-01 | 상근,2026-09-16T12:28:18+09:00,000,raw/document/20250331004034.zip,ab2022b795e6b49511c8aa78862e3061d1db2d5e60b45028471e5a4f92d8e1e3
KB손해보험,보험자회사,2024,20250331004034,[기재정정]사업보고서 (2024.12),20250331,겸직표,대상 계열사,1. 임원 및 직원 등의 현황,단독,1,나상록,KB캐피탈,기타비상무이사,2021-03-29,비상근,,,,Y,성 명 | 대상 계열사 | 직책 | 선임시기 | 비 고,나상록 | KB캐피탈 | 기타비상무이사 | 2021-03-29 | 비상근,2026-09-16T12:28:18+09:00,000,raw/document/20250331004034.zip,ab2022b795e6b49511c8aa78862e3061d1db2d5e60b45028471e5a4f92d8e1e3
KB손해보험,보험자회사,2024,20250331004034,[기재정정]사업보고서 (2024.12),20250331,겸직표,대상 계열사,1. 임원 및 직원 등의 현황,단독,1,나상록,KB인베스트먼트,기타비상무이사,2020-08-28,비상근,,,,N,성 명 | 대상 계열사 | 직책 | 선임시기 | 비 고,나상록 | KB인베스트먼트 | 기타비상무이사 | 2020-08-28 | 비상근,2026-09-16T12:28:18+09:00,000,raw/document/20250331004034.zip,ab2022b795e6b49511c8aa78862e3061d1db2d5e60b45028471e5a4f92d8e1e3
KB손해보험,보험자회사,2024,20250331004034,[기재정정]사업보고서 (2024.12),20250331,겸직표,대상 계열사,1. 임원 및 직원 등의 현황,단독,1,강동우,케이비손해사정,기타비상무이사,2025-01-01,비상근,,,,Y,성 명 | 대상 계열사 | 직책 | 선임시기 | 비 고,강동우 | 케이비손해사정 | 기타비상무이사 | 2025-01-01 | 비상근,2026-09-16T12:28:18+09:00,000,raw/document/20250331004034.zip,ab2022b795e6b49511c8aa78862e3061d1db2d5e60b45028471e5a4f92d8e1e3
KB손해보험,보험자회사,2024,20250331004034,[기재정정]사업보고서 (2024.12),20250331,겸직표,대상 계열사,1. 임원 및 직원 등의 현황,단독,1,박상규,"Leading Insurance Services, Inc.",이사,2025-01-01,비상근,,,,N,성 명 | 대상 계열사 | 직책 | 선임시기 | 비 고,"박상규 | Leading Insurance Services, Inc. | 이사 | 2025-01-01 | 비상근",2026-09-16T12:28:18+09:00,000,raw/document/20250331004034.zip,ab2022b795e6b49511c8aa78862e3061d1db2d5e60b45028471e5a4f92d8e1e3
KB손해보험,보험자회사,2024,20250331004034,[기재정정]사업보고서 (2024.12),20250331,겸직표,대상 계열사,1. 임원 및 직원 등의 현황,단독,1,황성수,"KBFG Insurance(China) Co., Ltd.",이사,2022-10-25,비상근,,,,N,성 명 | 대상 계열사 | 직책 | 선임시기 | 비 고,"황성수 | KBFG Insurance(China) Co., Ltd. | 이사 | 2022-10-25 | 비상근",2026-09-16T12:28:18+09:00,000,raw/document/20250331004034.zip,ab2022b795e6b49511c8aa78862e3061d1db2d5e60b45028471e5a4f92d8e1e3
KB라이프생명보험,보험자회사,2024,20250428000500,[기재정정]사업보고서 (2024.12),20250428,겸직표,대상 계열사,1. 임원 및 직원 등의 현황 | IX. 계열회사 등에 관한 사항,병합,2,이승종,KB금융지주,부사장,2024.01,상근,,,,Y,성 명 | 대상 계열사 | 직책 | 선임시기 | 비 고,이승종 | KB금융지주 | 부사장 | 2024.01 | 상근,2026-09-16T12:30:18+09:00,000,raw/document/20250428000500.zip,5e09f465eb92453a918957344f3185f4c05c50930df450222ed64350900dd3c9
KB라이프생명보험,보험자회사,2024,20250428000500,[기재정정]사업보고서 (2024.12),20250428,겸직표,대상 계열사,1. 임원 및 직원 등의 현황 | IX. 계열회사 등에 관한 사항,병합,2,이승종,KB증권,기타비상무이사,2024.03,비상근,,,,Y,성 명 | 대상 계열사 | 직책 | 선임시기 | 비 고,이승종 | KB증권 | 기타비상무이사 | 2024.03 | 비상근,2026-09-16T12:30:18+09:00,000,raw/document/20250428000500.zip,5e09f465eb92453a918957344f3185f4c05c50930df450222ed64350900dd3c9
KB라이프생명보험,보험자회사,2024,20250428000500,[기재정정]사업보고서 (2024.12),20250428,겸직표,대상 계열사,1. 임원 및 직원 등의 현황 | IX. 계열회사 등에 관한 사항,병합,2,안진희,KB라이프파트너스,기타비상무이사,2022.05,비상근,,,,N,성 명 | 대상 계열사 | 직책 | 선임시기 | 비 고,안진희 | KB라이프파트너스 | 기타비상무이사 | 2022.05 | 비상근,2026-09-16T12:30:18+09:00,000,raw/document/20250428000500.zip,5e09f465eb92453a918957344f3185f4c05c50930df450222ed64350900dd3c9
KB라이프생명보험,보험자회사,2024,20250428000500,[기재정정]사업보고서 (2024.12),20250428,겸직표,대상 계열사,1. 임원 및 직원 등의 현황 | IX. 계열회사 등에 관한 사항,병합,2,정자영,골든라이프케어,기타비상무이사,2023.10,비상근,,,,N,성 명 | 대상 계열사 | 직책 | 선임시기 | 비 고,정자영 | 골든라이프케어 | 기타비상무이사 | 2023.10 | 비상근,2026-09-16T12:30:18+09:00,000,raw/document/20250428000500.zip,5e09f465eb92453a918957344f3185f4c05c50930df450222ed64350900dd3c9
KB라이프생명보험,보험자회사,2024,20250428000500,[기재정정]사업보고서 (2024.12),20250428,겸직표,대상 계열사,1. 임원 및 직원 등의 현황 | IX. 계열회사 등에 관한 사항,병합,4,박민하,골든라이프케어,기타비상무이사,2024.01,비상근,,,,N,성 명 | 대상 계열사 | 직책 | 선임시기 | 비 고,박민하 | 골든라이프케어 | 기타비상무이사 | 2024.01 | 비상근,2026-09-16T12:30:18+09:00,000,raw/document/20250428000500.zip,5e09f465eb92453a918957344f3185f4c05c50930df450222ed64350900dd3c9
KB라이프생명보험,보험자회사,2024,20250428000500,[기재정정]사업보고서 (2024.12),20250428,겸직표,대상 계열사,1. 임원 및 직원 등의 현황 | IX. 계열회사 등에 관한 사항,병합,2,김효동,골든라이프케어,기타비상무이사,2025.01,비상근,,,,N,성 명 | 대상 계열사 | 직책 | 선임시기 | 비 고,김효동 | 골든라이프케어 | 기타비상무이사 | 2025.01 | 비상근,2026-09-16T12:30:18+09:00,000,raw/document/20250428000500.zip,5e09f465eb92453a918957344f3185f4c05c50930df450222ed64350900dd3c9
KB라이프생명보험,보험자회사,2024,20250428000500,[기재정정]사업보고서 (2024.12),20250428,겸직표,대상 계열사,1. 임원 및 직원 등의 현황 | IX. 계열회사 등에 관한 사항,병합,2,최재형,KB라이프파트너스,기타비상무이사,2025.01,비상근,,,,N,성 명 | 대상 계열사 | 직책 | 선임시기 | 비 고,최재형 | KB라이프파트너스 | 기타비상무이사 | 2025.01 | 비상근,2026-09-16T12:30:18+09:00,000,raw/document/20250428000500.zip,5e09f465eb92453a918957344f3185f4c05c50930df450222ed64350900dd3c9
KB라이프생명보험,보험자회사,2024,20250428000500,[기재정정]사업보고서 (2024.12),20250428,겸직표,대상회사,1. 임원 및 직원 등의 현황,단독,1,-,-,-,-,,,,,N,성 명 | 대상회사 | 직책 | 선임시기,- | - | - | -,2026-09-16T12:30:18+09:00,000,raw/document/20250428000500.zip,5e09f465eb92453a918957344f3185f4c05c50930df450222ed64350900dd3c9
KB금융,지주,2024,20250526000370,[기재정정]사업보고서 (2024.12),20250526,겸직표,대상 계열사,1. 임원 및 직원 등의 현황 | IX. 계열회사 등에 관한 사항,병합,2,이재근,국민은행,은행장,2022. 1월,상근,,,,Y,성명 | 대상 계열사 | 직책 | 선임시기 | 비고,이재근 | 국민은행 | 은행장 | 2022. 1월 | 상근,2026-09-16T21:43:19+09:00,000,raw/document/20250526000370.zip,514e39c4e52e739e2c0dc79febb848bab4d169dfc27b6f6d178266af0188379f
KB금융,지주,2024,20250526000370,[기재정정]사업보고서 (2024.12),20250526,겸직표,대상 계열사,1. 임원 및 직원 등의 현황 | IX. 계열회사 등에 관한 사항,병합,2,김경남,국민은행,ESG상생본부장 상무,2024. 1월,상근,,,,Y,성명 | 대상 계열사 | 직책 | 선임시기 | 비고,김경남 | 국민은행 | ESG상생본부장 상무 | 2024. 1월 | 상근,2026-09-16T21:43:19+09:00,000,raw/document/20250526000370.zip,514e39c4e52e739e2c0dc79febb848bab4d169dfc27b6f6d178266af0188379f
KB금융,지주,2024,20250526000370,[기재정정]사업보고서 (2024.12),20250526,겸직표,대상 계열사,1. 임원 및 직원 등의 현황 | IX. 계열회사 등에 관한 사항,병합,4,박진영,국민은행,브랜드홍보그룹대표 상무,2024. 1월,상근,,,,Y,성명 | 대상 계열사 | 직책 | 선임시기 | 비고,박진영 | 국민은행 | 브랜드홍보그룹대표 상무 | 2024. 1월 | 상근,2026-09-16T21:43:19+09:00,000,raw/document/20250526000370.zip,514e39c4e52e739e2c0dc79febb848bab4d169dfc27b6f6d178266af0188379f
KB금융,지주,2024,20250526000370,[기재정정]사업보고서 (2024.12),20250526,겸직표,대상 계열사,1. 임원 및 직원 등의 현황 | IX. 계열회사 등에 관한 사항,병합,2,정진호,국민은행,DT추진본부장 부행장,2024. 1월,상근,,,,Y,성명 | 대상 계열사 | 직책 | 선임시기 | 비고,정진호 | 국민은행 | DT추진본부장 부행장 | 2024. 1월 | 상근,2026-09-16T21:43:19+09:00,000,raw/document/20250526000370.zip,514e39c4e52e739e2c0dc79febb848bab4d169dfc27b6f6d178266af0188379f
KB금융,지주,2024,20250526000370,[기재정정]사업보고서 (2024.12),20250526,겸직표,대상 계열사,1. 임원 및 직원 등의 현황 | IX. 계열회사 등에 관한 사항,병합,2,육창화,국민은행,AI데이터혁신본부장 부행장,2024. 1월,상근,,,,Y,성명 | 대상 계열사 | 직책 | 선임시기 | 비고,육창화 | 국민은행 | AI데이터혁신본부장 부행장 | 2024. 1월 | 상근,2026-09-16T21:43:19+09:00,000,raw/document/20250526000370.zip,514e39c4e52e739e2c0dc79febb848bab4d169dfc27b6f6d178266af0188379f
KB금융,지주,2024,20250526000370,[기재정정]사업보고서 (2024.12),20250526,겸직표,대상 계열사,1. 임원 및 직원 등의 현황 | IX. 계열회사 등에 관한 사항,미매핑,10,,,,,,,,,N,성명 | 대상 계열사 | 직책 | 선임시기 | 비고,금융AI센터(P)장 | 2024. 6월 | 상근,2026-09-16T21:43:19+09:00,000,raw/document/20250526000370.zip,514e39c4e52e739e2c0dc79febb848bab4d169dfc27b6f6d178266af0188379f
KB금융,지주,2024,20250526000370,[기재정정]사업보고서 (2024.12),20250526,겸직표,대상 계열사,1. 임원 및 직원 등의 현황 | IX. 계열회사 등에 관한 사항,병합,4,오상원,국민은행,테크그룹대표 부행장,2024. 1월,상근,,,,Y,성명 | 대상 계열사 | 직책 | 선임시기 | 비고,오상원 | 국민은행 | 테크그룹대표 부행장 | 2024. 1월 | 상근,2026-09-16T21:43:19+09:00,000,raw/document/20250526000370.zip,514e39c4e52e739e2c0dc79febb848bab4d169dfc27b6f6d178266af0188379f
KB금융,지주,2024,20250526000370,[기재정정]사업보고서 (2024.12),20250526,겸직표,대상 계열사,1. 임원 및 직원 등의 현황 | IX. 계열회사 등에 관한 사항,병합,4,박영세,국민은행,소비자보호그룹대표 부행장,2024. 1월,상근,,,,Y,성명 | 대상 계열사 | 직책 | 선임시기 | 비고,박영세 | 국민은행 | 소비자보호그룹대표 부행장 | 2024. 1월 | 상근,2026-09-16T21:43:19+09:00,000,raw/document/20250526000370.zip,514e39c4e52e739e2c0dc79febb848bab4d169dfc27b6f6d178266af0188379f
KB금융,지주,2024,20250526000370,[기재정정]사업보고서 (2024.12),20250526,겸직표,대상 계열사,1. 임원 및 직원 등의 현황 | IX. 계열회사 등에 관한 사항,병합,2,하 윤,국민은행,고객경험디자인센터장,2022. 1월,상근,,,,Y,성명 | 대상 계열사 | 직책 | 선임시기 | 비고,하 윤 | 국민은행 | 고객경험디자인센터장 | 2022. 1월 | 상근,2026-09-16T21:43:19+09:00,000,raw/document/20250526000370.zip,514e39c4e52e739e2c0dc79febb848bab4d169dfc27b6f6d178266af0188379f
KB금융,지주,2024,20250526000370,[기재정정]사업보고서 (2024.12),20250526,겸직표,대상 계열사,1. 임원 및 직원 등의 현황 | IX. 계열회사 등에 관한 사항,병합,2,박기은,국민은행,테크개발본부장 부행장,2024. 1월,상근,,,,Y,성명 | 대상 계열사 | 직책 | 선임시기 | 비고,박기은 | 국민은행 | 테크개발본부장 부행장 | 2024. 1월 | 상근,2026-09-16T21:43:19+09:00,000,raw/document/20250526000370.zip,514e39c4e52e739e2c0dc79febb848bab4d169dfc27b6f6d178266af0188379f
KB금융,지주,2024,20250526000370,[기재정정]사업보고서 (2024.12),20250526,겸직표,대상 계열사,1. 임원 및 직원 등의 현황 | IX. 계열회사 등에 관한 사항,병합,2,김주현,국민은행,클라우드플랫폼부 본부본부장,2022. 2월,상근,,,,Y,성명 | 대상 계열사 | 직책 | 선임시기 | 비고,김주현 | 국민은행 | 클라우드플랫폼부 본부본부장 | 2022. 2월 | 상근,2026-09-16T21:43:19+09:00,000,raw/document/20250526000370.zip,514e39c4e52e739e2c0dc79febb848bab4d169dfc27b6f6d178266af0188379f
KB금융,지주,2024,20250526000370,[기재정정]사업보고서 (2024.12),20250526,겸직표,대상 계열사,1. 임원 및 직원 등의 현황 | IX. 계열회사 등에 관한 사항,병합,2,박찬용,국민은행,기획조정부장 부행장,2024. 1월,상근,,,,Y,성명 | 대상 계열사 | 직책 | 선임시기 | 비고,박찬용 | 국민은행 | 기획조정부장 부행장 | 2024. 1월 | 상근,2026-09-16T21:43:19+09:00,000,raw/document/20250526000370.zip,514e39c4e52e739e2c0dc79febb848bab4d169dfc27b6f6d178266af0188379f
KB금융,지주,2024,20250526000370,[기재정정]사업보고서 (2024.12),20250526,겸직표,대상 계열사,1. 임원 및 직원 등의 현황 | IX. 계열회사 등에 관한 사항,병합,2,이승종,KB증권,기타비상무이사,2024. 3월,비상근,,,,Y,성명 | 대상 계열사 | 직책 | 선임시기 | 비고,이승종 | KB증권 | 기타비상무이사 | 2024. 3월 | 비상근,2026-09-16T21:43:19+09:00,000,raw/document/20250526000370.zip,514e39c4e52e739e2c0dc79febb848bab4d169dfc27b6f6d178266af0188379f
KB금융,지주,2024,20250526000370,[기재정정]사업보고서 (2024.12),20250526,겸직표,대상 계열사,1. 임원 및 직원 등의 현황 | IX. 계열회사 등에 관한 사항,병합,2,김재관,KB손해보험,기타비상무이사,2024. 3월,비상근,,,,Y,성명 | 대상 계열사 | 직책 | 선임시기 | 비고,김재관 | KB손해보험 | 기타비상무이사 | 2024. 3월 | 비상근,2026-09-16T21:43:19+09:00,000,raw/document/20250526000370.zip,514e39c4e52e739e2c0dc79febb848bab4d169dfc27b6f6d178266af0188379f
KB금융,지주,2024,20250526000370,[기재정정]사업보고서 (2024.12),20250526,겸직표,대상 계열사,1. 임원 및 직원 등의 현황 | IX. 계열회사 등에 관한 사항,병합,2,나상록,KB캐피탈,기타비상무이사,2021. 3월,비상근,,,,Y,성명 | 대상 계열사 | 직책 | 선임시기 | 비고,나상록 | KB캐피탈 | 기타비상무이사 | 2021. 3월 | 비상근,2026-09-16T21:43:19+09:00,000,raw/document/20250526000370.zip,514e39c4e52e739e2c0dc79febb848bab4d169dfc27b6f6d178266af0188379f
KB금융,지주,2024,20250526000370,[기재정정]사업보고서 (2024.12),20250526,겸직표,대상 계열사,1. 임원 및 직원 등의 현황 | IX. 계열회사 등에 관한 사항,병합,2,김경남,국민은행,ESG상생본부장,2025. 1월,상근,,,,Y,성명 | 대상 계열사 | 직책 | 선임시기 | 비고,김경남 | 국민은행 | ESG상생본부장 | 2025. 1월 | 상근,2026-09-16T21:43:19+09:00,000,raw/document/20250526000370.zip,514e39c4e52e739e2c0dc79febb848bab4d169dfc27b6f6d178266af0188379f
KB금융,지주,2024,20250526000370,[기재정정]사업보고서 (2024.12),20250526,겸직표,대상 계열사,1. 임원 및 직원 등의 현황,단독,1,조영서,국민은행,AI ㆍ DT추진그룹대표 부행장,2025. 1월,상근,,,,Y,성명 | 대상 계열사 | 직책 | 선임시기 | 비고,조영서 | 국민은행 | AI ㆍ DT추진그룹대표 부행장 | 2025. 1월 | 상근,2026-09-16T21:43:19+09:00,000,raw/document/20250526000370.zip,514e39c4e52e739e2c0dc79febb848bab4d169dfc27b6f6d178266af0188379f
KB금융,지주,2024,20250526000370,[기재정정]사업보고서 (2024.12),20250526,겸직표,대상 계열사,1. 임원 및 직원 등의 현황 | IX. 계열회사 등에 관한 사항,병합,2,김병집,국민은행,금융AI1센터장 상무,2025. 1월,상근,,,,Y,성명 | 대상 계열사 | 직책 | 선임시기 | 비고,김병집 | 국민은행 | 금융AI1센터장 상무 | 2025. 1월 | 상근,2026-09-16T21:43:19+09:00,000,raw/document/20250526000370.zip,514e39c4e52e739e2c0dc79febb848bab4d169dfc27b6f6d178266af0188379f
KB금융,지주,2024,20250526000370,[기재정정]사업보고서 (2024.12),20250526,겸직표,대상 계열사,1. 임원 및 직원 등의 현황 | IX. 계열회사 등에 관한 사항,병합,2,이경종,국민은행,금융AI2센터장 상무,2025. 1월,상근,,,,Y,성명 | 대상 계열사 | 직책 | 선임시기 | 비고,이경종 | 국민은행 | 금융AI2센터장 상무 | 2025. 1월 | 상근,2026-09-16T21:43:19+09:00,000,raw/document/20250526000370.zip,514e39c4e52e739e2c0dc79febb848bab4d169dfc27b6f6d178266af0188379f
KB금융,지주,2024,20250526000370,[기재정정]사업보고서 (2024.12),20250526,겸직표,대상 계열사,1. 임원 및 직원 등의 현황 | IX. 계열회사 등에 관한 사항,병합,2,이현정,국민은행,고객경험디자인센터장,2025. 1월,상근,,,,Y,성명 | 대상 계열사 | 직책 | 선임시기 | 비고,이현정 | 국민은행 | 고객경험디자인센터장 | 2025. 1월 | 상근,2026-09-16T21:43:19+09:00,000,raw/document/20250526000370.zip,514e39c4e52e739e2c0dc79febb848bab4d169dfc27b6f6d178266af0188379f
KB금융,지주,2024,20250526000370,[기재정정]사업보고서 (2024.12),20250526,겸직표,대상 계열사,1. 임원 및 직원 등의 현황 | IX. 계열회사 등에 관한 사항,병합,2,최병하,국민은행,테크개발본부장,2025. 1월,상근,,,,Y,성명 | 대상 계열사 | 직책 | 선임시기 | 비고,최병하 | 국민은행 | 테크개발본부장 | 2025. 1월 | 상근,2026-09-16T21:43:19+09:00,000,raw/document/20250526000370.zip,514e39c4e52e739e2c0dc79febb848bab4d169dfc27b6f6d178266af0188379f
KB금융,지주,2024,20250526000370,[기재정정]사업보고서 (2024.12),20250526,겸직표,대상 계열사,1. 임원 및 직원 등의 현황 | IX. 계열회사 등에 관한 사항,병합,2,김주현,국민은행,클라우드플랫폼부장,2022. 2월,상근,,,,Y,성명 | 대상 계열사 | 직책 | 선임시기 | 비고,김주현 | 국민은행 | 클라우드플랫폼부장 | 2022. 2월 | 상근,2026-09-16T21:43:19+09:00,000,raw/document/20250526000370.zip,514e39c4e52e739e2c0dc79febb848bab4d169dfc27b6f6d178266af0188379f
KB금융,지주,2024,20250526000370,[기재정정]사업보고서 (2024.12),20250526,겸직표,대상 계열사,1. 임원 및 직원 등의 현황 | IX. 계열회사 등에 관한 사항,병합,2,박명화,국민은행,기획조정부장,2025. 1월,상근,,,,Y,성명 | 대상 계열사 | 직책 | 선임시기 | 비고,박명화 | 국민은행 | 기획조정부장 | 2025. 1월 | 상근,2026-09-16T21:43:19+09:00,000,raw/document/20250526000370.zip,514e39c4e52e739e2c0dc79febb848bab4d169dfc27b6f6d178266af0188379f
KB금융,지주,2024,20250526000370,[기재정정]사업보고서 (2024.12),20250526,겸직표,대상 계열사,1. 임원 및 직원 등의 현황 | IX. 계열회사 등에 관한 사항,병합,2,박영준,KB증권,기타비상무이사,2025. 2월,비상근,,,,Y,성명 | 대상 계열사 | 직책 | 선임시기 | 비고,박영준 | KB증권 | 기타비상무이사 | 2025. 2월 | 비상근,2026-09-16T21:43:19+09:00,000,raw/document/20250526000370.zip,514e39c4e52e739e2c0dc79febb848bab4d169dfc27b6f6d178266af0188379f
KB금융,지주,2024,20250526000370,[기재정정]사업보고서 (2024.12),20250526,겸직표,대상 계열사,1. 임원 및 직원 등의 현황 | IX. 계열회사 등에 관한 사항,병합,2,나상록,KB손해보험,기타비상무이사,2025. 2월,비상근,,,,Y,성명 | 대상 계열사 | 직책 | 선임시기 | 비고,나상록 | KB손해보험 | 기타비상무이사 | 2025. 2월 | 비상근,2026-09-16T21:43:19+09:00,000,raw/document/20250526000370.zip,514e39c4e52e739e2c0dc79febb848bab4d169dfc27b6f6d178266af0188379f
KB금융,지주,2024,20250526000370,[기재정정]사업보고서 (2024.12),20250526,겸직표,대상 계열사,IX. 계열회사 등에 관한 사항,단독,1,조영서,국민은행,AI ㆍDT추진그룹대표 부행장,2025. 1월,상근,,,,Y,성명 | 대상 계열사 | 직책 | 선임시기 | 비 고,조영서 | 국민은행 | AI ㆍDT추진그룹대표 부행장 | 2025. 1월 | 상근,2026-09-16T21:43:19+09:00,000,raw/document/20250526000370.zip,514e39c4e52e739e2c0dc79febb848bab4d169dfc27b6f6d178266af0188379f
KB손해보험,보험자회사,2025,20260313001064,사업보고서 (2025.12),20260313,겸직표,대상 계열사,1. 임원 및 직원 등의 현황 | IX. 계열회사 등에 관한 사항,병합,2,나상록,KB금융지주,재무기획부 상무,2024-01-01,상근,,,,Y,성 명 | 대상 계열사 | 직책 | 선임시기 | 비 고,나상록 | KB금융지주 | 재무기획부 상무 | 2024-01-01 | 상근,2026-08-31T17:14:45+09:00,000,raw/document/20260313001064.zip,6d04dea91c48467cd8fd705e7ab06a9ad46ddf0c858555037ffb028bb4bb69d6
KB손해보험,보험자회사,2025,20260313001064,사업보고서 (2025.12),20260313,겸직표,대상 계열사,1. 임원 및 직원 등의 현황 | IX. 계열회사 등에 관한 사항,병합,2,박찬일,케이비손해사정,기타비상무이사,2024-01-01,비상근,,,,Y,성 명 | 대상 계열사 | 직책 | 선임시기 | 비 고,박찬일 | 케이비손해사정 | 기타비상무이사 | 2024-01-01 | 비상근,2026-08-31T17:14:45+09:00,000,raw/document/20260313001064.zip,6d04dea91c48467cd8fd705e7ab06a9ad46ddf0c858555037ffb028bb4bb69d6
KB손해보험,보험자회사,2025,20260313001064,사업보고서 (2025.12),20260313,겸직표,대상 계열사,1. 임원 및 직원 등의 현황 | IX. 계열회사 등에 관한 사항,병합,3,강동우,케이비손해사정,기타비상무이사,2025-01-01,비상근,,,,Y,성 명 | 대상 계열사 | 직책 | 선임시기 | 비 고,강동우 | 케이비손해사정 | 기타비상무이사 | 2025-01-01 | 비상근,2026-08-31T17:14:45+09:00,000,raw/document/20260313001064.zip,6d04dea91c48467cd8fd705e7ab06a9ad46ddf0c858555037ffb028bb4bb69d6
KB손해보험,보험자회사,2025,20260313001064,사업보고서 (2025.12),20260313,겸직표,대상 계열사,1. 임원 및 직원 등의 현황 | IX. 계열회사 등에 관한 사항,병합,3,박상규,"Leading Insurance Services, Inc.",이사,2025-01-01,비상근,,,,N,성 명 | 대상 계열사 | 직책 | 선임시기 | 비 고,"박상규 | Leading Insurance Services, Inc. | 이사 | 2025-01-01 | 비상근",2026-08-31T17:14:45+09:00,000,raw/document/20260313001064.zip,6d04dea91c48467cd8fd705e7ab06a9ad46ddf0c858555037ffb028bb4bb69d6
KB손해보험,보험자회사,2025,20260313001064,사업보고서 (2025.12),20260313,겸직표,대상 계열사,1. 임원 및 직원 등의 현황 | IX. 계열회사 등에 관한 사항,병합,3,정성욱,PT. KB Insurance Indonesia,이사,2023-10-25,비상근,,,,N,성 명 | 대상 계열사 | 직책 | 선임시기 | 비 고,정성욱 | PT. KB Insurance Indonesia | 이사 | 2023-10-25 | 비상근,2026-08-31T17:14:45+09:00,000,raw/document/20260313001064.zip,6d04dea91c48467cd8fd705e7ab06a9ad46ddf0c858555037ffb028bb4bb69d6
KB손해보험,보험자회사,2025,20260313001064,사업보고서 (2025.12),20260313,겸직표,대상 계열사,1. 임원 및 직원 등의 현황 | IX. 계열회사 등에 관한 사항,병합,3,황성수,"KBFG Insurance(China) Co., Ltd.",이사,2022-10-25,비상근,,,,N,성 명 | 대상 계열사 | 직책 | 선임시기 | 비 고,"황성수 | KBFG Insurance(China) Co., Ltd. | 이사 | 2022-10-25 | 비상근",2026-08-31T17:14:45+09:00,000,raw/document/20260313001064.zip,6d04dea91c48467cd8fd705e7ab06a9ad46ddf0c858555037ffb028bb4bb69d6
KB손해보험,보험자회사,2025,20260313001064,사업보고서 (2025.12),20260313,겸직표,대상 계열사,1. 임원 및 직원 등의 현황 | IX. 계열회사 등에 관한 사항,병합,3,고창영,케이비헬스케어,기타비상무이사,2023-01-01,비상근,,,,N,성 명 | 대상 계열사 | 직책 | 선임시기 | 비 고,고창영 | 케이비헬스케어 | 기타비상무이사 | 2023-01-01 | 비상근,2026-08-31T17:14:45+09:00,000,raw/document/20260313001064.zip,6d04dea91c48467cd8fd705e7ab06a9ad46ddf0c858555037ffb028bb4bb69d6
KB손해보험,보험자회사,2025,20260313001064,사업보고서 (2025.12),20260313,겸직표,대상 계열사,1. 임원 및 직원 등의 현황,단독,1,나상록,KB금융지주,재무기획부 전무,2024-01-01,상근,,,,Y,성 명 | 대상 계열사 | 직책 | 선임시기 | 비 고,나상록 | KB금융지주 | 재무기획부 전무 | 2024-01-01 | 상근,2026-08-31T17:14:45+09:00,000,raw/document/20260313001064.zip,6d04dea91c48467cd8fd705e7ab06a9ad46ddf0c858555037ffb028bb4bb69d6
KB손해보험,보험자회사,2025,20260313001064,사업보고서 (2025.12),20260313,겸직표,대상 계열사,1. 임원 및 직원 등의 현황,단독,1,박영미,케이비손해사정,기타비상무이사,2026-01-01,비상근,,,,Y,성 명 | 대상 계열사 | 직책 | 선임시기 | 비 고,박영미 | 케이비손해사정 | 기타비상무이사 | 2026-01-01 | 비상근,2026-08-31T17:14:45+09:00,000,raw/document/20260313001064.zip,6d04dea91c48467cd8fd705e7ab06a9ad46ddf0c858555037ffb028bb4bb69d6
KB라이프생명보험,보험자회사,2025,20260313001119,사업보고서 (2025.12),20260313,겸직표,대상회사,1. 임원 및 직원 등의 현황,단독,1,박성종,(주) 에어레인,사외이사,2023.08,,,,,N,성 명 | 대상회사 | 직책 | 선임시기,박성종 | (주) 에어레인 | 사외이사 | 2023.08,2026-08-31T17:15:33+09:00,000,raw/document/20260313001119.zip,0e0bc2d9fc373b1f826b160704b3d97ef3d8ceb130528c6ef7480bb985dee1c3
KB라이프생명보험,보험자회사,2025,20260313001119,사업보고서 (2025.12),20260313,겸직표,대상회사,1. 임원 및 직원 등의 현황,단독,1,황현아,농업정책보험금융원,비상임이사,2023.03,,,,,Y,성 명 | 대상회사 | 직책 | 선임시기,황현아 | 농업정책보험금융원 | 비상임이사 | 2023.03,2026-08-31T17:15:33+09:00,000,raw/document/20260313001119.zip,0e0bc2d9fc373b1f826b160704b3d97ef3d8ceb130528c6ef7480bb985dee1c3
KB라이프생명보험,보험자회사,2025,20260313001119,사업보고서 (2025.12),20260313,겸직표,대상회사,1. 임원 및 직원 등의 현황,단독,1,고광철,에스케이증권 주식회사,사외이사,2025.03,,,,,Y,성 명 | 대상회사 | 직책 | 선임시기,고광철 | 에스케이증권 주식회사 | 사외이사 | 2025.03,2026-08-31T17:15:33+09:00,000,raw/document/20260313001119.zip,0e0bc2d9fc373b1f826b160704b3d97ef3d8ceb130528c6ef7480bb985dee1c3
KB라이프생명보험,보험자회사,2025,20260313001119,사업보고서 (2025.12),20260313,겸직표,대상 계열사,1. 임원 및 직원 등의 현황 | IX. 계열회사 등에 관한 사항,병합,2,권봉중,KB금융지주,전무,2021.01,상근,,,,Y,성 명 | 대상 계열사 | 직책 | 선임시기 | 비 고,권봉중 | KB금융지주 | 전무 | 2021.01 | 상근,2026-08-31T17:15:33+09:00,000,raw/document/20260313001119.zip,0e0bc2d9fc373b1f826b160704b3d97ef3d8ceb130528c6ef7480bb985dee1c3
KB라이프생명보험,보험자회사,2025,20260313001119,사업보고서 (2025.12),20260313,겸직표,대상 계열사,1. 임원 및 직원 등의 현황 | IX. 계열회사 등에 관한 사항,병합,4,조경희,KB라이프파트너스,기타비상무이사,2025.07,비상근,,,,N,성 명 | 대상 계열사 | 직책 | 선임시기 | 비 고,조경희 | KB라이프파트너스 | 기타비상무이사 | 2025.07 | 비상근,2026-08-31T17:15:33+09:00,000,raw/document/20260313001119.zip,0e0bc2d9fc373b1f826b160704b3d97ef3d8ceb130528c6ef7480bb985dee1c3
KB라이프생명보험,보험자회사,2025,20260313001119,사업보고서 (2025.12),20260313,겸직표,대상 계열사,1. 임원 및 직원 등의 현황 | IX. 계열회사 등에 관한 사항,병합,4,김효동,KB골든라이프케어,기타비상무이사,2025.01,비상근,,,,N,성 명 | 대상 계열사 | 직책 | 선임시기 | 비 고,김효동 | KB골든라이프케어 | 기타비상무이사 | 2025.01 | 비상근,2026-08-31T17:15:33+09:00,000,raw/document/20260313001119.zip,0e0bc2d9fc373b1f826b160704b3d97ef3d8ceb130528c6ef7480bb985dee1c3
KB라이프생명보험,보험자회사,2025,20260313001119,사업보고서 (2025.12),20260313,겸직표,대상 계열사,1. 임원 및 직원 등의 현황 | IX. 계열회사 등에 관한 사항,병합,4,박민하,KB골든라이프케어,기타비상무이사,2024.01,비상근,,,,N,성 명 | 대상 계열사 | 직책 | 선임시기 | 비 고,박민하 | KB골든라이프케어 | 기타비상무이사 | 2024.01 | 비상근,2026-08-31T17:15:33+09:00,000,raw/document/20260313001119.zip,0e0bc2d9fc373b1f826b160704b3d97ef3d8ceb130528c6ef7480bb985dee1c3
KB라이프생명보험,보험자회사,2025,20260313001119,사업보고서 (2025.12),20260313,겸직표,대상 계열사,1. 임원 및 직원 등의 현황 | IX. 계열회사 등에 관한 사항,병합,4,김대웅,KB라이프파트너스,상무,2025.01,상근,,,,N,성 명 | 대상 계열사 | 직책 | 선임시기 | 비 고,김대웅 | KB라이프파트너스 | 상무 | 2025.01 | 상근,2026-08-31T17:15:33+09:00,000,raw/document/20260313001119.zip,0e0bc2d9fc373b1f826b160704b3d97ef3d8ceb130528c6ef7480bb985dee1c3
KB금융,지주,2025,20260313001191,사업보고서 (2025.12),20260313,겸직표,대상 계열사,1. 임원 및 직원 등의 현황 | IX. 계열회사 등에 관한 사항,병합,4,이환주,국민은행,은행장,2025. 1월,상근,,,,Y,성 명 | 대상 계열사 | 직책 | 선임시기 | 비 고,이환주 | 국민은행 | 은행장 | 2025. 1월 | 상근,2026-09-16T21:51:00+09:00,000,raw/document/20260313001191.zip,5cc0f6a6e0b9d3e2b036a50403e6658dd7c75bdf9a47884bccee065d99484239
KB금융,지주,2025,20260313001191,사업보고서 (2025.12),20260313,겸직표,대상 계열사,1. 임원 및 직원 등의 현황 | IX. 계열회사 등에 관한 사항,병합,4,김경남,국민은행,ESG본부장,2025. 7월,상근,,,,Y,성 명 | 대상 계열사 | 직책 | 선임시기 | 비 고,김경남 | 국민은행 | ESG본부장 | 2025. 7월 | 상근,2026-09-16T21:51:00+09:00,000,raw/document/20260313001191.zip,5cc0f6a6e0b9d3e2b036a50403e6658dd7c75bdf9a47884bccee065d99484239
KB금융,지주,2025,20260313001191,사업보고서 (2025.12),20260313,겸직표,대상 계열사,1. 임원 및 직원 등의 현황 | IX. 계열회사 등에 관한 사항,병합,2,박진영,국민은행,브랜드홍보그룹대표 상무,2024. 1월,상근,,,,Y,성 명 | 대상 계열사 | 직책 | 선임시기 | 비 고,박진영 | 국민은행 | 브랜드홍보그룹대표 상무 | 2024. 1월 | 상근,2026-09-16T21:51:00+09:00,000,raw/document/20260313001191.zip,5cc0f6a6e0b9d3e2b036a50403e6658dd7c75bdf9a47884bccee065d99484239
KB금융,지주,2025,20260313001191,사업보고서 (2025.12),20260313,겸직표,대상 계열사,1. 임원 및 직원 등의 현황 | IX. 계열회사 등에 관한 사항,병합,2,박영세,국민은행,소비자보호그룹대표 부행장,2024. 1월,상근,,,,Y,성 명 | 대상 계열사 | 직책 | 선임시기 | 비 고,박영세 | 국민은행 | 소비자보호그룹대표 부행장 | 2024. 1월 | 상근,2026-09-16T21:51:00+09:00,000,raw/document/20260313001191.zip,5cc0f6a6e0b9d3e2b036a50403e6658dd7c75bdf9a47884bccee065d99484239
KB금융,지주,2025,20260313001191,사업보고서 (2025.12),20260313,겸직표,대상 계열사,1. 임원 및 직원 등의 현황 | IX. 계열회사 등에 관한 사항,병합,2,조영서,국민은행,AIㆍDT추진그룹대표 부행장,2025. 1월,상근,,,,Y,성 명 | 대상 계열사 | 직책 | 선임시기 | 비 고,조영서 | 국민은행 | AIㆍDT추진그룹대표 부행장 | 2025. 1월 | 상근,2026-09-16T21:51:00+09:00,000,raw/document/20260313001191.zip,5cc0f6a6e0b9d3e2b036a50403e6658dd7c75bdf9a47884bccee065d99484239
KB금융,지주,2025,20260313001191,사업보고서 (2025.12),20260313,겸직표,대상 계열사,1. 임원 및 직원 등의 현황 | IX. 계열회사 등에 관한 사항,병합,4,오상원,국민은행,테크그룹대표 부행장,2024. 1월,상근,,,,Y,성 명 | 대상 계열사 | 직책 | 선임시기 | 비 고,오상원 | 국민은행 | 테크그룹대표 부행장 | 2024. 1월 | 상근,2026-09-16T21:51:00+09:00,000,raw/document/20260313001191.zip,5cc0f6a6e0b9d3e2b036a50403e6658dd7c75bdf9a47884bccee065d99484239
KB금융,지주,2025,20260313001191,사업보고서 (2025.12),20260313,겸직표,대상 계열사,1. 임원 및 직원 등의 현황 | IX. 계열회사 등에 관한 사항,병합,2,김병집,국민은행,금융AI1센터장 상무,2025. 1월,상근,,,,Y,성 명 | 대상 계열사 | 직책 | 선임시기 | 비 고,김병집 | 국민은행 | 금융AI1센터장 상무 | 2025. 1월 | 상근,2026-09-16T21:51:00+09:00,000,raw/document/20260313001191.zip,5cc0f6a6e0b9d3e2b036a50403e6658dd7c75bdf9a47884bccee065d99484239
KB금융,지주,2025,20260313001191,사업보고서 (2025.12),20260313,겸직표,대상 계열사,1. 임원 및 직원 등의 현황 | IX. 계열회사 등에 관한 사항,병합,4,이경종,국민은행,금융AI2센터장 상무,2025. 1월,상근,,,,Y,성 명 | 대상 계열사 | 직책 | 선임시기 | 비 고,이경종 | 국민은행 | 금융AI2센터장 상무 | 2025. 1월 | 상근,2026-09-16T21:51:00+09:00,000,raw/document/20260313001191.zip,5cc0f6a6e0b9d3e2b036a50403e6658dd7c75bdf9a47884bccee065d99484239
KB금융,지주,2025,20260313001191,사업보고서 (2025.12),20260313,겸직표,대상 계열사,1. 임원 및 직원 등의 현황 | IX. 계열회사 등에 관한 사항,병합,4,이현정,국민은행,고객경험디자인센터장,2025. 1월,상근,,,,Y,성 명 | 대상 계열사 | 직책 | 선임시기 | 비 고,이현정 | 국민은행 | 고객경험디자인센터장 | 2025. 1월 | 상근,2026-09-16T21:51:00+09:00,000,raw/document/20260313001191.zip,5cc0f6a6e0b9d3e2b036a50403e6658dd7c75bdf9a47884bccee065d99484239
KB금융,지주,2025,20260313001191,사업보고서 (2025.12),20260313,겸직표,대상 계열사,1. 임원 및 직원 등의 현황 | IX. 계열회사 등에 관한 사항,병합,4,최병하,국민은행,테크개발본부장,2025. 1월,상근,,,,Y,성 명 | 대상 계열사 | 직책 | 선임시기 | 비 고,최병하 | 국민은행 | 테크개발본부장 | 2025. 1월 | 상근,2026-09-16T21:51:00+09:00,000,raw/document/20260313001191.zip,5cc0f6a6e0b9d3e2b036a50403e6658dd7c75bdf9a47884bccee065d99484239
KB금융,지주,2025,20260313001191,사업보고서 (2025.12),20260313,겸직표,대상 계열사,1. 임원 및 직원 등의 현황 | IX. 계열회사 등에 관한 사항,병합,2,김주현,국민은행,클라우드플랫폼부장,2022. 2월,상근,,,,Y,성 명 | 대상 계열사 | 직책 | 선임시기 | 비 고,김주현 | 국민은행 | 클라우드플랫폼부장 | 2022. 2월 | 상근,2026-09-16T21:51:00+09:00,000,raw/document/20260313001191.zip,5cc0f6a6e0b9d3e2b036a50403e6658dd7c75bdf9a47884bccee065d99484239
KB금융,지주,2025,20260313001191,사업보고서 (2025.12),20260313,겸직표,대상 계열사,1. 임원 및 직원 등의 현황 | IX. 계열회사 등에 관한 사항,병합,4,박명화,국민은행,기획조정부장,2025. 1월,상근,,,,Y,성 명 | 대상 계열사 | 직책 | 선임시기 | 비 고,박명화 | 국민은행 | 기획조정부장 | 2025. 1월 | 상근,2026-09-16T21:51:00+09:00,000,raw/document/20260313001191.zip,5cc0f6a6e0b9d3e2b036a50403e6658dd7c75bdf9a47884bccee065d99484239
KB금융,지주,2025,20260313001191,사업보고서 (2025.12),20260313,겸직표,대상 계열사,1. 임원 및 직원 등의 현황 | IX. 계열회사 등에 관한 사항,병합,2,박영준,KB증권,기타비상무이사,2025. 2월,비상근,,,,Y,성 명 | 대상 계열사 | 직책 | 선임시기 | 비 고,박영준 | KB증권 | 기타비상무이사 | 2025. 2월 | 비상근,2026-09-16T21:51:00+09:00,000,raw/document/20260313001191.zip,5cc0f6a6e0b9d3e2b036a50403e6658dd7c75bdf9a47884bccee065d99484239
KB금융,지주,2025,20260313001191,사업보고서 (2025.12),20260313,겸직표,대상 계열사,1. 임원 및 직원 등의 현황 | IX. 계열회사 등에 관한 사항,병합,4,나상록,KB손해보험,기타비상무이사,2025. 2월,비상근,,,,Y,성 명 | 대상 계열사 | 직책 | 선임시기 | 비 고,나상록 | KB손해보험 | 기타비상무이사 | 2025. 2월 | 비상근,2026-09-16T21:51:00+09:00,000,raw/document/20260313001191.zip,5cc0f6a6e0b9d3e2b036a50403e6658dd7c75bdf9a47884bccee065d99484239
KB금융,지주,2025,20260313001191,사업보고서 (2025.12),20260313,겸직표,대상 계열사,1. 임원 및 직원 등의 현황 | IX. 계열회사 등에 관한 사항,병합,2,전효성,KB국민카드,기타비상무이사,2025. 3월,비상근,,,,Y,성 명 | 대상 계열사 | 직책 | 선임시기 | 비 고,전효성 | KB국민카드 | 기타비상무이사 | 2025. 3월 | 비상근,2026-09-16T21:51:00+09:00,000,raw/document/20260313001191.zip,5cc0f6a6e0b9d3e2b036a50403e6658dd7c75bdf9a47884bccee065d99484239
KB금융,지주,2025,20260313001191,사업보고서 (2025.12),20260313,겸직표,대상 계열사,1. 임원 및 직원 등의 현황 | IX. 계열회사 등에 관한 사항,병합,2,권봉중,KB라이프생명보험,기타비상무이사,2025. 3월,비상근,,,,Y,성 명 | 대상 계열사 | 직책 | 선임시기 | 비 고,권봉중 | KB라이프생명보험 | 기타비상무이사 | 2025. 3월 | 비상근,2026-09-16T21:51:00+09:00,000,raw/document/20260313001191.zip,5cc0f6a6e0b9d3e2b036a50403e6658dd7c75bdf9a47884bccee065d99484239
KB금융,지주,2025,20260313001191,사업보고서 (2025.12),20260313,겸직표,대상 계열사,1. 임원 및 직원 등의 현황 | IX. 계열회사 등에 관한 사항,병합,2,박효익,KB자산운용,기타비상무이사,2025. 3월,비상근,,,,Y,성 명 | 대상 계열사 | 직책 | 선임시기 | 비 고,박효익 | KB자산운용 | 기타비상무이사 | 2025. 3월 | 비상근,2026-09-16T21:51:00+09:00,000,raw/document/20260313001191.zip,5cc0f6a6e0b9d3e2b036a50403e6658dd7c75bdf9a47884bccee065d99484239
KB금융,지주,2025,20260313001191,사업보고서 (2025.12),20260313,겸직표,대상 계열사,1. 임원 및 직원 등의 현황 | IX. 계열회사 등에 관한 사항,병합,2,박선현,국민은행,소비자보호그룹대표 부행장,2026. 1월,상근,,,,Y,성 명 | 대상 계열사 | 직책 | 선임시기 | 비 고,박선현 | 국민은행 | 소비자보호그룹대표 부행장 | 2026. 1월 | 상근,2026-09-16T21:51:00+09:00,000,raw/document/20260313001191.zip,5cc0f6a6e0b9d3e2b036a50403e6658dd7c75bdf9a47884bccee065d99484239
KB금융,지주,2025,20260313001191,사업보고서 (2025.12),20260313,겸직표,대상 계열사,1. 임원 및 직원 등의 현황 | IX. 계열회사 등에 관한 사항,병합,2,박진영,국민은행,브랜드홍보그룹대표 부행장,2026. 1월,상근,,,,Y,성 명 | 대상 계열사 | 직책 | 선임시기 | 비 고,박진영 | 국민은행 | 브랜드홍보그룹대표 부행장 | 2026. 1월 | 상근,2026-09-16T21:51:00+09:00,000,raw/document/20260313001191.zip,5cc0f6a6e0b9d3e2b036a50403e6658dd7c75bdf9a47884bccee065d99484239
KB금융,지주,2025,20260313001191,사업보고서 (2025.12),20260313,겸직표,대상 계열사,1. 임원 및 직원 등의 현황 | IX. 계열회사 등에 관한 사항,병합,2,박형주,국민은행,AIㆍDT추진본부장,2026. 1월,상근,,,,Y,성 명 | 대상 계열사 | 직책 | 선임시기 | 비 고,박형주 | 국민은행 | AIㆍDT추진본부장 | 2026. 1월 | 상근,2026-09-16T21:51:00+09:00,000,raw/document/20260313001191.zip,5cc0f6a6e0b9d3e2b036a50403e6658dd7c75bdf9a47884bccee065d99484239
KB금융,지주,2025,20260313001191,사업보고서 (2025.12),20260313,겸직표,대상 계열사,1. 임원 및 직원 등의 현황 | IX. 계열회사 등에 관한 사항,병합,2,이재용,국민은행,정보보호본부장 상무,2022. 8월,상근,,,,Y,성 명 | 대상 계열사 | 직책 | 선임시기 | 비 고,이재용 | 국민은행 | 정보보호본부장 상무 | 2022. 8월 | 상근,2026-09-16T21:51:00+09:00,000,raw/document/20260313001191.zip,5cc0f6a6e0b9d3e2b036a50403e6658dd7c75bdf9a47884bccee065d99484239
KB금융,지주,2025,20260313001191,사업보고서 (2025.12),20260313,겸직표,대상 계열사,1. 임원 및 직원 등의 현황 | IX. 계열회사 등에 관한 사항,병합,2,조영서,KB증권,기타비상무이사,2026. 2월,비상근,,,,Y,성 명 | 대상 계열사 | 직책 | 선임시기 | 비 고,조영서 | KB증권 | 기타비상무이사 | 2026. 2월 | 비상근,2026-09-16T21:51:00+09:00,000,raw/document/20260313001191.zip,5cc0f6a6e0b9d3e2b036a50403e6658dd7c75bdf9a47884bccee065d99484239
KB금융,지주,2025,20260313001191,사업보고서 (2025.12),20260313,겸직표,대상 계열사,1. 임원 및 직원 등의 현황 | IX. 계열회사 등에 관한 사항,병합,2,윤희승,KB자산운용,기타비상무이사,2026. 2월,비상근,,,,Y,성 명 | 대상 계열사 | 직책 | 선임시기 | 비 고,윤희승 | KB자산운용 | 기타비상무이사 | 2026. 2월 | 비상근,2026-09-16T21:51:00+09:00,000,raw/document/20260313001191.zip,5cc0f6a6e0b9d3e2b036a50403e6658dd7c75bdf9a47884bccee065d99484239
동양생명보험,보험자회사,2025,20260313001227,사업보고서 (2025.12),20260313,겸직표,겸직회사,1. 임원 및 직원 등의 현황,단독,1,최원석,아남전자,사외이사,,,,,,N,겸직자·성명 | 겸직자·직위 | 겸직회사·회사명 | 겸직회사·직위,최원석 | 사외이사 | 아남전자 | 사외이사,2026-08-31T17:17:00+09:00,000,raw/document/20260313001227.zip,b97b99a91f43cafbc3792f1514519ebe0f6c7666aa2a929b38c4cd2fd87f0197
동양생명보험,보험자회사,2025,20260313001227,사업보고서 (2025.12),20260313,겸직표,겸직회사 | 겸임회사,1. 임원 및 직원 등의 현황 | IX. 계열회사 등에 관한 사항,병합,2,이정수,우리금융지주,기타비상무이사,,,,,,Y,겸직자·성명 | 겸직자·직위 | 겸직회사·회사명 | 겸직회사·직위,이정수 | 기타비상무이사 | 우리금융지주 | 부사장,2026-08-31T17:17:00+09:00,000,raw/document/20260313001227.zip,b97b99a91f43cafbc3792f1514519ebe0f6c7666aa2a929b38c4cd2fd87f0197
우리금융지주,지주,2025,20260313001235,사업보고서 (2025.12),20260313,겸직표,대상회사,1. 임원 및 직원 등의 현황 | IX. 계열회사 등에 관한 사항,병합,4,옥일진,우리은행,부행장,2022.02.25,상근,,,,Y,성명 | 대상회사 | 직위 | 겸임일자 | 상근/비상근 여부,옥일진 | 우리은행 | 부행장 | 2022.02.25 | 상근,2026-09-16T21:52:36+09:00,000,raw/document/20260313001235.zip,46b584cf07718414939e4166dd8cfe31f9111df9e96dd653cca6133e98351320
우리금융지주,지주,2025,20260313001235,사업보고서 (2025.12),20260313,겸직표,대상회사,1. 임원 및 직원 등의 현황 | IX. 계열회사 등에 관한 사항,병합,2,전현기,우리은행,부행장,2025.12.08,상근,,,,Y,성명 | 대상회사 | 직위 | 겸임일자 | 상근/비상근 여부,전현기 | 우리은행 | 부행장 | 2025.12.08 | 상근,2026-09-16T21:52:36+09:00,000,raw/document/20260313001235.zip,46b584cf07718414939e4166dd8cfe31f9111df9e96dd653cca6133e98351320
우리금융지주,지주,2025,20260313001235,사업보고서 (2025.12),20260313,겸직표,대상회사,1. 임원 및 직원 등의 현황 | IX. 계열회사 등에 관한 사항,병합,4,이정섭,우리은행,상무,2024.12.16,상근,,,,Y,성명 | 대상회사 | 직위 | 겸임일자 | 상근/비상근 여부,이정섭 | 우리은행 | 상무 | 2024.12.16 | 상근,2026-09-16T21:52:36+09:00,000,raw/document/20260313001235.zip,46b584cf07718414939e4166dd8cfe31f9111df9e96dd653cca6133e98351320
우리금융지주,지주,2025,20260313001235,사업보고서 (2025.12),20260313,겸직표,대상회사,1. 임원 및 직원 등의 현황 | IX. 계열회사 등에 관한 사항,병합,4,이정수,동양생명보험,기타비상무이사,2025.07.01,비상근,,,,Y,성명 | 대상회사 | 직위 | 겸임일자 | 상근/비상근 여부,이정수 | 동양생명보험 | 기타비상무이사 | 2025.07.01 | 비상근,2026-09-16T21:52:36+09:00,000,raw/document/20260313001235.zip,46b584cf07718414939e4166dd8cfe31f9111df9e96dd653cca6133e98351320
우리금융지주,지주,2025,20260313001235,사업보고서 (2025.12),20260313,겸직표,대상회사,1. 임원 및 직원 등의 현황 | IX. 계열회사 등에 관한 사항,병합,4,박선영,우리벤처파트너스,사외이사,2024.03.26,비상근,,,,N,성명 | 대상회사 | 직위 | 겸임일자 | 상근/비상근 여부,박선영 | 우리벤처파트너스 | 사외이사 | 2024.03.26 | 비상근,2026-09-16T21:52:36+09:00,000,raw/document/20260313001235.zip,46b584cf07718414939e4166dd8cfe31f9111df9e96dd653cca6133e98351320
우리금융지주,지주,2025,20260313001235,사업보고서 (2025.12),20260313,겸직표,대상회사,1. 임원 및 직원 등의 현황 | IX. 계열회사 등에 관한 사항,병합,4,박제성,우리금융경영연구소,기타비상무이사,2024.03.20,비상근,,,,Y,성명 | 대상회사 | 직위 | 겸임일자 | 상근/비상근 여부,박제성 | 우리금융경영연구소 | 기타비상무이사 | 2024.03.20 | 비상근,2026-09-16T21:52:36+09:00,000,raw/document/20260313001235.zip,46b584cf07718414939e4166dd8cfe31f9111df9e96dd653cca6133e98351320
우리금융지주,지주,2025,20260313001235,사업보고서 (2025.12),20260313,겸직표,대상회사,1. 임원 및 직원 등의 현황 | IX. 계열회사 등에 관한 사항,병합,2,전현기,우리금융경영연구소,감사,2024.12.16,비상근,,,,Y,성명 | 대상회사 | 직위 | 겸임일자 | 상근/비상근 여부,전현기 | 우리금융경영연구소 | 감사 | 2024.12.16 | 비상근,2026-09-16T21:52:36+09:00,000,raw/document/20260313001235.zip,46b584cf07718414939e4166dd8cfe31f9111df9e96dd653cca6133e98351320
우리금융지주,지주,2025,20260313001235,사업보고서 (2025.12),20260313,겸직표,대상회사,1. 임원 및 직원 등의 현황 | IX. 계열회사 등에 관한 사항,병합,4,윤인섭,우리아메리카은행,사외이사,2024.03.28,비상근,,,,Y,성명 | 대상회사 | 직위 | 겸임일자 | 상근/비상근 여부,윤인섭 | 우리아메리카은행 | 사외이사 | 2024.03.28 | 비상근,2026-09-16T21:52:36+09:00,000,raw/document/20260313001235.zip,46b584cf07718414939e4166dd8cfe31f9111df9e96dd653cca6133e98351320
우리금융지주,지주,2025,20260313001235,사업보고서 (2025.12),20260313,겸직표,대상회사,1. 임원 및 직원 등의 현황 | IX. 계열회사 등에 관한 사항,병합,2,박연호,우리금융저축은행,기타비상무이사,2024.03.20,비상근,,,,Y,성명 | 대상회사 | 직위 | 겸임일자 | 상근/비상근 여부,박연호 | 우리금융저축은행 | 기타비상무이사 | 2024.03.20 | 비상근,2026-09-16T21:52:36+09:00,000,raw/document/20260313001235.zip,46b584cf07718414939e4166dd8cfe31f9111df9e96dd653cca6133e98351320
우리금융지주,지주,2025,20260313001235,사업보고서 (2025.12),20260313,겸직표,대상회사,1. 임원 및 직원 등의 현황 | IX. 계열회사 등에 관한 사항,병합,2,곽성민,우리벤처파트너스,기타비상무이사,2023.03.23,비상근,,,,N,성명 | 대상회사 | 직위 | 겸임일자 | 상근/비상근 여부,곽성민 | 우리벤처파트너스 | 기타비상무이사 | 2023.03.23 | 비상근,2026-09-16T21:52:36+09:00,000,raw/document/20260313001235.zip,46b584cf07718414939e4166dd8cfe31f9111df9e96dd653cca6133e98351320
우리금융지주,지주,2025,20260313001235,사업보고서 (2025.12),20260313,겸직표,대상회사,1. 임원 및 직원 등의 현황 | IX. 계열회사 등에 관한 사항,병합,2,김병규,우리PE자산운용,기타비상무이사,2026.01.15,비상근,,,,Y,성명 | 대상회사 | 직위 | 겸임일자 | 상근/비상근 여부,김병규 | 우리PE자산운용 | 기타비상무이사 | 2026.01.15 | 비상근,2026-09-16T21:52:36+09:00,000,raw/document/20260313001235.zip,46b584cf07718414939e4166dd8cfe31f9111df9e96dd653cca6133e98351320
신한지주,지주,2025,20260318000826,사업보고서 (2025.12),20260318,겸직표,대상회사,1. 임원 및 직원 등의 현황 | IX. 계열회사 등에 관한 사항,병합,4,정상혁,신한은행,은행장,2023.02.15,상근,,,,Y,성명 | 대상회사 | 직위명 | 선임일 | 비고,정상혁 | 신한은행 | 은행장 | 2023.02.15 | 상근,2026-09-16T21:55:56+09:00,000,raw/document/20260318000826.zip,6b0e5adaf709fb25131b09f28d4fd6f5b2caac10a246c51119643878383f2d51
신한지주,지주,2025,20260318000826,사업보고서 (2025.12),20260318,겸직표,대상회사,1. 임원 및 직원 등의 현황 | IX. 계열회사 등에 관한 사항,병합,4,최혁재,신한은행,부행장,2025.10.01,상근,,,,Y,성명 | 대상회사 | 직위명 | 선임일 | 비고,최혁재 | 신한은행 | 부행장 | 2025.10.01 | 상근,2026-09-16T21:55:56+09:00,000,raw/document/20260318000826.zip,6b0e5adaf709fb25131b09f28d4fd6f5b2caac10a246c51119643878383f2d51
신한지주,지주,2025,20260318000826,사업보고서 (2025.12),20260318,겸직표,대상회사,1. 임원 및 직원 등의 현황 | IX. 계열회사 등에 관한 사항,미매핑,34,,,,,,,,,N,성명 | 대상회사 | 직위명 | 선임일 | 비고,신한카드 | 비상임이사 | 2026.01.01 | 비상근,2026-09-16T21:55:56+09:00,000,raw/document/20260318000826.zip,6b0e5adaf709fb25131b09f28d4fd6f5b2caac10a246c51119643878383f2d51
신한지주,지주,2025,20260318000826,사업보고서 (2025.12),20260318,겸직표,대상회사,1. 임원 및 직원 등의 현황 | IX. 계열회사 등에 관한 사항,병합,2,고석헌,신한자산신탁,비상임이사,2026.01.01,비상근,,,,Y,성명 | 대상회사 | 직위명 | 선임일 | 비고,고석헌 | 신한자산신탁 | 비상임이사 | 2026.01.01 | 비상근,2026-09-16T21:55:56+09:00,000,raw/document/20260318000826.zip,6b0e5adaf709fb25131b09f28d4fd6f5b2caac10a246c51119643878383f2d51
신한지주,지주,2025,20260318000826,사업보고서 (2025.12),20260318,겸직표,대상회사,1. 임원 및 직원 등의 현황 | IX. 계열회사 등에 관한 사항,병합,2,장정훈,신한투자증권,비상임이사,2026.01.01,비상근,,,,Y,성명 | 대상회사 | 직위명 | 선임일 | 비고,장정훈 | 신한투자증권 | 비상임이사 | 2026.01.01 | 비상근,2026-09-16T21:55:56+09:00,000,raw/document/20260318000826.zip,6b0e5adaf709fb25131b09f28d4fd6f5b2caac10a246c51119643878383f2d51
신한지주,지주,2025,20260318000826,사업보고서 (2025.12),20260318,겸직표,대상회사,1. 임원 및 직원 등의 현황 | IX. 계열회사 등에 관한 사항,병합,4,이인균,신한은행,비상임이사,2023.01.01,비상근,,,,Y,성명 | 대상회사 | 직위명 | 선임일 | 비고,이인균 | 신한은행 | 비상임이사 | 2023.01.01 | 비상근,2026-09-16T21:55:56+09:00,000,raw/document/20260318000826.zip,6b0e5adaf709fb25131b09f28d4fd6f5b2caac10a246c51119643878383f2d51
신한지주,지주,2025,20260318000826,사업보고서 (2025.12),20260318,겸직표,대상회사,1. 임원 및 직원 등의 현황 | IX. 계열회사 등에 관한 사항,병합,4,박현주,신한은행,부행장,2022.01.01,상근,,,,Y,성명 | 대상회사 | 직위명 | 선임일 | 비고,박현주 | 신한은행 | 부행장 | 2022.01.01 | 상근,2026-09-16T21:55:56+09:00,000,raw/document/20260318000826.zip,6b0e5adaf709fb25131b09f28d4fd6f5b2caac10a246c51119643878383f2d51
신한지주,지주,2025,20260318000826,사업보고서 (2025.12),20260318,겸직표,대상회사,1. 임원 및 직원 등의 현황 | IX. 계열회사 등에 관한 사항,병합,4,김지온,신한DS,비상근감사,2024.03.28,비상근,,,,N,성명 | 대상회사 | 직위명 | 선임일 | 비고,김지온 | 신한DS | 비상근감사 | 2024.03.28 | 비상근,2026-09-16T21:55:56+09:00,000,raw/document/20260318000826.zip,6b0e5adaf709fb25131b09f28d4fd6f5b2caac10a246c51119643878383f2d51
신한지주,지주,2025,20260318000826,사업보고서 (2025.12),20260318,겸직표,대상회사,1. 임원 및 직원 등의 현황 | IX. 계열회사 등에 관한 사항,병합,4,김준환,신한DS,비상임이사,2024.01.01,비상근,,,,N,성명 | 대상회사 | 직위명 | 선임일 | 비고,김준환 | 신한DS | 비상임이사 | 2024.01.01 | 비상근,2026-09-16T21:55:56+09:00,000,raw/document/20260318000826.zip,6b0e5adaf709fb25131b09f28d4fd6f5b2caac10a246c51119643878383f2d51
신한지주,지주,2025,20260318000826,사업보고서 (2025.12),20260318,겸직표,대상회사,1. 임원 및 직원 등의 현황 | IX. 계열회사 등에 관한 사항,병합,4,고유선,신한자산운용,비상임이사,2024.01.01,비상근,,,,Y,성명 | 대상회사 | 직위명 | 선임일 | 비고,고유선 | 신한자산운용 | 비상임이사 | 2024.01.01 | 비상근,2026-09-16T21:55:56+09:00,000,raw/document/20260318000826.zip,6b0e5adaf709fb25131b09f28d4fd6f5b2caac10a246c51119643878383f2d51
신한지주,지주,2025,20260318000826,사업보고서 (2025.12),20260318,겸직표,대상회사,1. 임원 및 직원 등의 현황 | IX. 계열회사 등에 관한 사항,병합,2,이원태,신한벤처투자,비상임이사,2025.01.01,비상근,,,,Y,성명 | 대상회사 | 직위명 | 선임일 | 비고,이원태 | 신한벤처투자 | 비상임이사 | 2025.01.01 | 비상근,2026-09-16T21:55:56+09:00,000,raw/document/20260318000826.zip,6b0e5adaf709fb25131b09f28d4fd6f5b2caac10a246c51119643878383f2d51
신한지주,지주,2025,20260318000826,사업보고서 (2025.12),20260318,겸직표,대상회사,1. 임원 및 직원 등의 현황 | IX. 계열회사 등에 관한 사항,병합,2,한동영,신한펀드파트너스,비상임이사,2026.01.01,비상근,,,,N,성명 | 대상회사 | 직위명 | 선임일 | 비고,한동영 | 신한펀드파트너스 | 비상임이사 | 2026.01.01 | 비상근,2026-09-16T21:55:56+09:00,000,raw/document/20260318000826.zip,6b0e5adaf709fb25131b09f28d4fd6f5b2caac10a246c51119643878383f2d51
신한지주,지주,2025,20260318000826,사업보고서 (2025.12),20260318,겸직표,대상회사,1. 임원 및 직원 등의 현황 | IX. 계열회사 등에 관한 사항,병합,2,최종윤,신한벤처투자,비상임이사,2026.01.01,비상근,,,,Y,성명 | 대상회사 | 직위명 | 선임일 | 비고,최종윤 | 신한벤처투자 | 비상임이사 | 2026.01.01 | 비상근,2026-09-16T21:55:56+09:00,000,raw/document/20260318000826.zip,6b0e5adaf709fb25131b09f28d4fd6f5b2caac10a246c51119643878383f2d51
신한지주,지주,2025,20260318000826,사업보고서 (2025.12),20260318,겸직표,대상회사,1. 임원 및 직원 등의 현황 | IX. 계열회사 등에 관한 사항,병합,2,구교영,신한EZ손해보험,비상임이사,2026.01.01,비상근,,,,Y,성명 | 대상회사 | 직위명 | 선임일 | 비고,구교영 | 신한EZ손해보험 | 비상임이사 | 2026.01.01 | 비상근,2026-09-16T21:55:56+09:00,000,raw/document/20260318000826.zip,6b0e5adaf709fb25131b09f28d4fd6f5b2caac10a246c51119643878383f2d51
신한지주,지주,2025,20260318000826,사업보고서 (2025.12),20260318,겸직표,대상회사,1. 임원 및 직원 등의 현황 | IX. 계열회사 등에 관한 사항,병합,2,장선형,신한DS,비상임이사,2026.01.01,비상근,,,,N,성명 | 대상회사 | 직위명 | 선임일 | 비고,장선형 | 신한DS | 비상임이사 | 2026.01.01 | 비상근,2026-09-16T21:55:56+09:00,000,raw/document/20260318000826.zip,6b0e5adaf709fb25131b09f28d4fd6f5b2caac10a246c51119643878383f2d51
신한지주,지주,2025,20260318000826,사업보고서 (2025.12),20260318,겸직표,대상회사,1. 임원 및 직원 등의 현황 | IX. 계열회사 등에 관한 사항,병합,2,김원길,신한리츠운용,비상임이사,2026.01.01,비상근,,,,N,성명 | 대상회사 | 직위명 | 선임일 | 비고,김원길 | 신한리츠운용 | 비상임이사 | 2026.01.01 | 비상근,2026-09-16T21:55:56+09:00,000,raw/document/20260318000826.zip,6b0e5adaf709fb25131b09f28d4fd6f5b2caac10a246c51119643878383f2d51
신한지주,지주,2025,20260318000826,사업보고서 (2025.12),20260318,겸직표,대상회사,1. 임원 및 직원 등의 현황,단독,1,김동우,신한라이프생명보험,비상임이사,2026.01.01,비상근,,,,Y,성명 | 대상회사 | 직위명 | 선임일 | 비고,김동우 | 신한라이프생명보험 | 비상임이사 | 2026.01.01 | 비상근,2026-09-16T21:55:56+09:00,000,raw/document/20260318000826.zip,6b0e5adaf709fb25131b09f28d4fd6f5b2caac10a246c51119643878383f2d51
신한지주,지주,2025,20260318000826,사업보고서 (2025.12),20260318,겸직표,대상회사,1. 임원 및 직원 등의 현황 | IX. 계열회사 등에 관한 사항,병합,2,윤원희,신한벤처투자,비상근감사,2026.01.01,비상근,,,,Y,성명 | 대상회사 | 직위명 | 선임일 | 비고,윤원희 | 신한벤처투자 | 비상근감사 | 2026.01.01 | 비상근,2026-09-16T21:55:56+09:00,000,raw/document/20260318000826.zip,6b0e5adaf709fb25131b09f28d4fd6f5b2caac10a246c51119643878383f2d51
신한지주,지주,2025,20260318000826,사업보고서 (2025.12),20260318,겸직표,대상회사,1. 임원 및 직원 등의 현황 | IX. 계열회사 등에 관한 사항,병합,2,고석헌,신한카드,비상임이사,2024.01.01,비상근,,,,Y,성명 | 대상회사 | 직위명 | 선임일 | 비고,고석헌 | 신한카드 | 비상임이사 | 2024.01.01 | 비상근,2026-09-16T21:55:56+09:00,000,raw/document/20260318000826.zip,6b0e5adaf709fb25131b09f28d4fd6f5b2caac10a246c51119643878383f2d51
신한지주,지주,2025,20260318000826,사업보고서 (2025.12),20260318,겸직표,대상회사,1. 임원 및 직원 등의 현황,단독,1,천상영,신한라이프생명보험,비상임이사,2024.01.01,비상근,,,,Y,성명 | 대상회사 | 직위명 | 선임일 | 비고,천상영 | 신한라이프생명보험 | 비상임이사 | 2024.01.01 | 비상근,2026-09-16T21:55:56+09:00,000,raw/document/20260318000826.zip,6b0e5adaf709fb25131b09f28d4fd6f5b2caac10a246c51119643878383f2d51
신한지주,지주,2025,20260318000826,사업보고서 (2025.12),20260318,겸직표,대상회사,1. 임원 및 직원 등의 현황 | IX. 계열회사 등에 관한 사항,병합,2,황경업,신한펀드파트너스,비상임이사,2024.01.01,비상근,,,,N,성명 | 대상회사 | 직위명 | 선임일 | 비고,황경업 | 신한펀드파트너스 | 비상임이사 | 2024.01.01 | 비상근,2026-09-16T21:55:56+09:00,000,raw/document/20260318000826.zip,6b0e5adaf709fb25131b09f28d4fd6f5b2caac10a246c51119643878383f2d51
신한지주,지주,2025,20260318000826,사업보고서 (2025.12),20260318,겸직표,대상회사,1. 임원 및 직원 등의 현황 | IX. 계열회사 등에 관한 사항,병합,2,이원태,신한투자증권,비상임이사,2025.01.01,비상근,,,,Y,성명 | 대상회사 | 직위명 | 선임일 | 비고,이원태 | 신한투자증권 | 비상임이사 | 2025.01.01 | 비상근,2026-09-16T21:55:56+09:00,000,raw/document/20260318000826.zip,6b0e5adaf709fb25131b09f28d4fd6f5b2caac10a246c51119643878383f2d51
신한지주,지주,2025,20260318000826,사업보고서 (2025.12),20260318,겸직표,대상회사,1. 임원 및 직원 등의 현황 | IX. 계열회사 등에 관한 사항,병합,2,김원길,신한EZ손해보험,비상임이사,2025.03.21,비상근,,,,Y,성명 | 대상회사 | 직위명 | 선임일 | 비고,김원길 | 신한EZ손해보험 | 비상임이사 | 2025.03.21 | 비상근,2026-09-16T21:55:56+09:00,000,raw/document/20260318000826.zip,6b0e5adaf709fb25131b09f28d4fd6f5b2caac10a246c51119643878383f2d51
신한지주,지주,2025,20260318000826,사업보고서 (2025.12),20260318,겸직표,대상회사,IX. 계열회사 등에 관한 사항,단독,1,천상영,신한라이프,비상임이사,2024.01.01,비상근,,,,N,성명 | 대상회사 | 직위명 | 선임일 | 비고,천상영 | 신한라이프 | 비상임이사 | 2024.01.01 | 비상근,2026-09-16T21:55:56+09:00,000,raw/document/20260318000826.zip,6b0e5adaf709fb25131b09f28d4fd6f5b2caac10a246c51119643878383f2d51
신한지주,지주,2025,20260318000826,사업보고서 (2025.12),20260318,겸직표,대상회사,IX. 계열회사 등에 관한 사항,단독,1,김동우,신한라이프,비상임이사,2026.01.01,비상근,,,,N,성명 | 대상회사 | 직위명 | 선임일 | 비고,김동우 | 신한라이프 | 비상임이사 | 2026.01.01 | 비상근,2026-09-16T21:55:56+09:00,000,raw/document/20260318000826.zip,6b0e5adaf709fb25131b09f28d4fd6f5b2caac10a246c51119643878383f2d51
iM금융지주,지주,2025,20260318000971,사업보고서 (2025.12),20260318,겸직표,대상회사,1. 임원 및 직원 등의 현황,단독,2,조강래,(주)에이비즈파트너스,부회장,2019.02,,,,,N,성 명 | 대상회사 | 직 책 | 선임시기,조강래 | (주)에이비즈파트너스 | 부회장 | 2019.02,2026-08-31T17:19:52+09:00,000,raw/document/20260318000971.zip,ca2aaedf12bb7de9bbe2a3318a8bfadbf8e6df089c30ab44730d6acd005f903f
iM금융지주,지주,2025,20260318000971,사업보고서 (2025.12),20260318,겸직표,대상 계열사,1. 임원 및 직원 등의 현황 | IX. 계열회사 등에 관한 사항,병합,2,황병우,iM뱅크,은행장,2023.01,상근(등기),,,,N,성 명 | 대상 계열사 | 직 책 | 선임시기 | 비 고,황병우 | iM뱅크 | 은행장 | 2023.01 | 상근(등기),2026-08-31T17:19:52+09:00,000,raw/document/20260318000971.zip,ca2aaedf12bb7de9bbe2a3318a8bfadbf8e6df089c30ab44730d6acd005f903f
iM금융지주,지주,2025,20260318000971,사업보고서 (2025.12),20260318,겸직표,대상 계열사,1. 임원 및 직원 등의 현황 | IX. 계열회사 등에 관한 사항,병합,4,박병수,iM뱅크,리스크관리그룹장,2025.01,상근 (미등기),,,,N,성 명 | 대상 계열사 | 직 책 | 선임시기 | 비 고,박병수 | iM뱅크 | 리스크관리그룹장 | 2025.01 | 상근 (미등기),2026-08-31T17:19:52+09:00,000,raw/document/20260318000971.zip,ca2aaedf12bb7de9bbe2a3318a8bfadbf8e6df089c30ab44730d6acd005f903f
iM금융지주,지주,2025,20260318000971,사업보고서 (2025.12),20260318,겸직표,대상 계열사,1. 임원 및 직원 등의 현황 | IX. 계열회사 등에 관한 사항,병합,4,천병규,iM증권,비상임이사,2023.03,비상근(등기),,,,Y,성 명 | 대상 계열사 | 직 책 | 선임시기 | 비 고,천병규 | iM증권 | 비상임이사 | 2023.03 | 비상근(등기),2026-08-31T17:19:52+09:00,000,raw/document/20260318000971.zip,ca2aaedf12bb7de9bbe2a3318a8bfadbf8e6df089c30ab44730d6acd005f903f
iM금융지주,지주,2025,20260318000971,사업보고서 (2025.12),20260318,겸직표,대상 계열사,1. 임원 및 직원 등의 현황 | IX. 계열회사 등에 관한 사항,병합,2,성태문,iM유페이,감사,2024.01,비상근(등기),,,,N,성 명 | 대상 계열사 | 직 책 | 선임시기 | 비 고,성태문 | iM유페이 | 감사 | 2024.01 | 비상근(등기),2026-08-31T17:19:52+09:00,000,raw/document/20260318000971.zip,ca2aaedf12bb7de9bbe2a3318a8bfadbf8e6df089c30ab44730d6acd005f903f
iM금융지주,지주,2025,20260318000971,사업보고서 (2025.12),20260318,겸직표,대상 계열사,1. 임원 및 직원 등의 현황 | IX. 계열회사 등에 관한 사항,병합,4,이광원,iM뱅크,CISO,2024.01,상근 (미등기),,,,N,성 명 | 대상 계열사 | 직 책 | 선임시기 | 비 고,이광원 | iM뱅크 | CISO | 2024.01 | 상근 (미등기),2026-08-31T17:19:52+09:00,000,raw/document/20260318000971.zip,ca2aaedf12bb7de9bbe2a3318a8bfadbf8e6df089c30ab44730d6acd005f903f
iM금융지주,지주,2025,20260318000971,사업보고서 (2025.12),20260318,겸직표,대상 계열사,1. 임원 및 직원 등의 현황 | IX. 계열회사 등에 관한 사항,병합,4,황원철,iM뱅크,디지털BIZ그룹장,2025.01,상근 (미등기),,,,N,성 명 | 대상 계열사 | 직 책 | 선임시기 | 비 고,황원철 | iM뱅크 | 디지털BIZ그룹장 | 2025.01 | 상근 (미등기),2026-08-31T17:19:52+09:00,000,raw/document/20260318000971.zip,ca2aaedf12bb7de9bbe2a3318a8bfadbf8e6df089c30ab44730d6acd005f903f
iM금융지주,지주,2025,20260318000971,사업보고서 (2025.12),20260318,겸직표,대상 계열사,1. 임원 및 직원 등의 현황 | IX. 계열회사 등에 관한 사항,병합,4,성현탁,iM뱅크,ICT그룹장,2025.01,상근 (미등기),,,,N,성 명 | 대상 계열사 | 직 책 | 선임시기 | 비 고,성현탁 | iM뱅크 | ICT그룹장 | 2025.01 | 상근 (미등기),2026-08-31T17:19:52+09:00,000,raw/document/20260318000971.zip,ca2aaedf12bb7de9bbe2a3318a8bfadbf8e6df089c30ab44730d6acd005f903f
iM금융지주,지주,2025,20260318000971,사업보고서 (2025.12),20260318,겸직표,대상 계열사,1. 임원 및 직원 등의 현황 | IX. 계열회사 등에 관한 사항,병합,2,신용필,iM뱅크,가치경영그룹장,2025.01,상근 (미등기),,,,N,성 명 | 대상 계열사 | 직 책 | 선임시기 | 비 고,신용필 | iM뱅크 | 가치경영그룹장 | 2025.01 | 상근 (미등기),2026-08-31T17:19:52+09:00,000,raw/document/20260318000971.zip,ca2aaedf12bb7de9bbe2a3318a8bfadbf8e6df089c30ab44730d6acd005f903f
iM금융지주,지주,2025,20260318000971,사업보고서 (2025.12),20260318,겸직표,대상 계열사,1. 임원 및 직원 등의 현황 | IX. 계열회사 등에 관한 사항,병합,2,박은숙,iM뱅크,CCO,2025.01,상근 (미등기),,,,N,성 명 | 대상 계열사 | 직 책 | 선임시기 | 비 고,박은숙 | iM뱅크 | CCO | 2025.01 | 상근 (미등기),2026-08-31T17:19:52+09:00,000,raw/document/20260318000971.zip,ca2aaedf12bb7de9bbe2a3318a8bfadbf8e6df089c30ab44730d6acd005f903f
신한라이프생명보험,보험자회사,2025,20260318001034,사업보고서 (2025.12),20260318,겸직표,대상회사,IX. 계열회사 등에 관한 사항,단독,2,정상혁,신한은행,은행장,2023.02.15,상근,,,,Y,성명 | 대상회사 | 직위명 | 선임일 | 비고,정상혁 | 신한은행 | 은행장 | 2023.02.15 | 상근,2026-08-31T17:20:50+09:00,000,raw/document/20260318001034.zip,147192b0339fe60b8e59c0f29044728c6c87f8b6d12f14bda99ad26113f8a162
신한라이프생명보험,보험자회사,2025,20260318001034,사업보고서 (2025.12),20260318,겸직표,대상회사,IX. 계열회사 등에 관한 사항,단독,2,최혁재,신한은행,부행장,2025.10.01,상근,,,,Y,성명 | 대상회사 | 직위명 | 선임일 | 비고,최혁재 | 신한은행 | 부행장 | 2025.10.01 | 상근,2026-08-31T17:20:50+09:00,000,raw/document/20260318001034.zip,147192b0339fe60b8e59c0f29044728c6c87f8b6d12f14bda99ad26113f8a162
신한라이프생명보험,보험자회사,2025,20260318001034,사업보고서 (2025.12),20260318,겸직표,대상회사,IX. 계열회사 등에 관한 사항,단독,1,고석헌,신한카드,비상임이사,2024.01.01,비상근,,,,Y,성명 | 대상회사 | 직위명 | 선임일 | 비고,고석헌 | 신한카드 | 비상임이사 | 2024.01.01 | 비상근,2026-08-31T17:20:50+09:00,000,raw/document/20260318001034.zip,147192b0339fe60b8e59c0f29044728c6c87f8b6d12f14bda99ad26113f8a162
신한라이프생명보험,보험자회사,2025,20260318001034,사업보고서 (2025.12),20260318,겸직표,대상회사,IX. 계열회사 등에 관한 사항,미매핑,17,,,,,,,,,N,성명 | 대상회사 | 직위명 | 선임일 | 비고,신한저축은행 | 비상임이사 | 2024.01.01 | 비상근,2026-08-31T17:20:50+09:00,000,raw/document/20260318001034.zip,147192b0339fe60b8e59c0f29044728c6c87f8b6d12f14bda99ad26113f8a162
신한라이프생명보험,보험자회사,2025,20260318001034,사업보고서 (2025.12),20260318,겸직표,대상회사,IX. 계열회사 등에 관한 사항,단독,1,천상영,신한라이프,비상임이사,2024.01.01,비상근,,,,N,성명 | 대상회사 | 직위명 | 선임일 | 비고,천상영 | 신한라이프 | 비상임이사 | 2024.01.01 | 비상근,2026-08-31T17:20:50+09:00,000,raw/document/20260318001034.zip,147192b0339fe60b8e59c0f29044728c6c87f8b6d12f14bda99ad26113f8a162
신한라이프생명보험,보험자회사,2025,20260318001034,사업보고서 (2025.12),20260318,겸직표,대상회사,IX. 계열회사 등에 관한 사항,단독,2,이인균,신한은행,비상임이사,2023.01.01,비상근,,,,Y,성명 | 대상회사 | 직위명 | 선임일 | 비고,이인균 | 신한은행 | 비상임이사 | 2023.01.01 | 비상근,2026-08-31T17:20:50+09:00,000,raw/document/20260318001034.zip,147192b0339fe60b8e59c0f29044728c6c87f8b6d12f14bda99ad26113f8a162
신한라이프생명보험,보험자회사,2025,20260318001034,사업보고서 (2025.12),20260318,겸직표,대상회사,IX. 계열회사 등에 관한 사항,단독,2,박현주,신한은행,부행장,2022.01.01,상근,,,,Y,성명 | 대상회사 | 직위명 | 선임일 | 비고,박현주 | 신한은행 | 부행장 | 2022.01.01 | 상근,2026-08-31T17:20:50+09:00,000,raw/document/20260318001034.zip,147192b0339fe60b8e59c0f29044728c6c87f8b6d12f14bda99ad26113f8a162
신한라이프생명보험,보험자회사,2025,20260318001034,사업보고서 (2025.12),20260318,겸직표,대상회사,IX. 계열회사 등에 관한 사항,단독,2,김지온,신한DS,비상근감사,2024.03.28,비상근,,,,N,성명 | 대상회사 | 직위명 | 선임일 | 비고,김지온 | 신한DS | 비상근감사 | 2024.03.28 | 비상근,2026-08-31T17:20:50+09:00,000,raw/document/20260318001034.zip,147192b0339fe60b8e59c0f29044728c6c87f8b6d12f14bda99ad26113f8a162
신한라이프생명보험,보험자회사,2025,20260318001034,사업보고서 (2025.12),20260318,겸직표,대상회사,IX. 계열회사 등에 관한 사항,단독,2,김준환,신한DS,비상임이사,2024.01.01,비상근,,,,N,성명 | 대상회사 | 직위명 | 선임일 | 비고,김준환 | 신한DS | 비상임이사 | 2024.01.01 | 비상근,2026-08-31T17:20:50+09:00,000,raw/document/20260318001034.zip,147192b0339fe60b8e59c0f29044728c6c87f8b6d12f14bda99ad26113f8a162
신한라이프생명보험,보험자회사,2025,20260318001034,사업보고서 (2025.12),20260318,겸직표,대상회사,IX. 계열회사 등에 관한 사항,단독,1,황경업,신한펀드파트너스,비상임이사,2024.01.01,비상근,,,,N,성명 | 대상회사 | 직위명 | 선임일 | 비고,황경업 | 신한펀드파트너스 | 비상임이사 | 2024.01.01 | 비상근,2026-08-31T17:20:50+09:00,000,raw/document/20260318001034.zip,147192b0339fe60b8e59c0f29044728c6c87f8b6d12f14bda99ad26113f8a162
신한라이프생명보험,보험자회사,2025,20260318001034,사업보고서 (2025.12),20260318,겸직표,대상회사,IX. 계열회사 등에 관한 사항,단독,2,고유선,신한자산운용,비상임이사,2024.01.01,비상근,,,,Y,성명 | 대상회사 | 직위명 | 선임일 | 비고,고유선 | 신한자산운용 | 비상임이사 | 2024.01.01 | 비상근,2026-08-31T17:20:50+09:00,000,raw/document/20260318001034.zip,147192b0339fe60b8e59c0f29044728c6c87f8b6d12f14bda99ad26113f8a162
신한라이프생명보험,보험자회사,2025,20260318001034,사업보고서 (2025.12),20260318,겸직표,대상회사,IX. 계열회사 등에 관한 사항,단독,1,이원태,신한투자증권,비상임이사,2025.01.01,비상근,,,,Y,성명 | 대상회사 | 직위명 | 선임일 | 비고,이원태 | 신한투자증권 | 비상임이사 | 2025.01.01 | 비상근,2026-08-31T17:20:50+09:00,000,raw/document/20260318001034.zip,147192b0339fe60b8e59c0f29044728c6c87f8b6d12f14bda99ad26113f8a162
신한라이프생명보험,보험자회사,2025,20260318001034,사업보고서 (2025.12),20260318,겸직표,대상회사,IX. 계열회사 등에 관한 사항,단독,1,김원길,신한EZ손해보험,비상임이사,2025.03.21,비상근,,,,Y,성명 | 대상회사 | 직위명 | 선임일 | 비고,김원길 | 신한EZ손해보험 | 비상임이사 | 2025.03.21 | 비상근,2026-08-31T17:20:50+09:00,000,raw/document/20260318001034.zip,147192b0339fe60b8e59c0f29044728c6c87f8b6d12f14bda99ad26113f8a162
신한라이프생명보험,보험자회사,2025,20260318001034,사업보고서 (2025.12),20260318,겸직표,대상회사,IX. 계열회사 등에 관한 사항,단독,1,고석헌,신한자산신탁,비상임이사,2026.01.01,비상근,,,,Y,성명 | 대상회사 | 직위명 | 선임일 | 비고,고석헌 | 신한자산신탁 | 비상임이사 | 2026.01.01 | 비상근,2026-08-31T17:20:50+09:00,000,raw/document/20260318001034.zip,147192b0339fe60b8e59c0f29044728c6c87f8b6d12f14bda99ad26113f8a162
신한라이프생명보험,보험자회사,2025,20260318001034,사업보고서 (2025.12),20260318,겸직표,대상회사,IX. 계열회사 등에 관한 사항,단독,1,장정훈,신한투자증권,비상임이사,2026.01.01,비상근,,,,Y,성명 | 대상회사 | 직위명 | 선임일 | 비고,장정훈 | 신한투자증권 | 비상임이사 | 2026.01.01 | 비상근,2026-08-31T17:20:50+09:00,000,raw/document/20260318001034.zip,147192b0339fe60b8e59c0f29044728c6c87f8b6d12f14bda99ad26113f8a162
신한라이프생명보험,보험자회사,2025,20260318001034,사업보고서 (2025.12),20260318,겸직표,대상회사,IX. 계열회사 등에 관한 사항,단독,1,이원태,신한벤처투자,비상임이사,2025.01.01,비상근,,,,Y,성명 | 대상회사 | 직위명 | 선임일 | 비고,이원태 | 신한벤처투자 | 비상임이사 | 2025.01.01 | 비상근,2026-08-31T17:20:50+09:00,000,raw/document/20260318001034.zip,147192b0339fe60b8e59c0f29044728c6c87f8b6d12f14bda99ad26113f8a162
신한라이프생명보험,보험자회사,2025,20260318001034,사업보고서 (2025.12),20260318,겸직표,대상회사,IX. 계열회사 등에 관한 사항,단독,1,한동영,신한펀드파트너스,비상임이사,2026.01.01,비상근,,,,N,성명 | 대상회사 | 직위명 | 선임일 | 비고,한동영 | 신한펀드파트너스 | 비상임이사 | 2026.01.01 | 비상근,2026-08-31T17:20:50+09:00,000,raw/document/20260318001034.zip,147192b0339fe60b8e59c0f29044728c6c87f8b6d12f14bda99ad26113f8a162
신한라이프생명보험,보험자회사,2025,20260318001034,사업보고서 (2025.12),20260318,겸직표,대상회사,IX. 계열회사 등에 관한 사항,단독,1,최종윤,신한벤처투자,비상임이사,2026.01.01,비상근,,,,Y,성명 | 대상회사 | 직위명 | 선임일 | 비고,최종윤 | 신한벤처투자 | 비상임이사 | 2026.01.01 | 비상근,2026-08-31T17:20:50+09:00,000,raw/document/20260318001034.zip,147192b0339fe60b8e59c0f29044728c6c87f8b6d12f14bda99ad26113f8a162
신한라이프생명보험,보험자회사,2025,20260318001034,사업보고서 (2025.12),20260318,겸직표,대상회사,IX. 계열회사 등에 관한 사항,단독,1,구교영,신한EZ손해보험,비상임이사,2026.01.01,비상근,,,,Y,성명 | 대상회사 | 직위명 | 선임일 | 비고,구교영 | 신한EZ손해보험 | 비상임이사 | 2026.01.01 | 비상근,2026-08-31T17:20:50+09:00,000,raw/document/20260318001034.zip,147192b0339fe60b8e59c0f29044728c6c87f8b6d12f14bda99ad26113f8a162
신한라이프생명보험,보험자회사,2025,20260318001034,사업보고서 (2025.12),20260318,겸직표,대상회사,IX. 계열회사 등에 관한 사항,단독,1,장선형,신한DS,비상임이사,2026.01.01,비상근,,,,N,성명 | 대상회사 | 직위명 | 선임일 | 비고,장선형 | 신한DS | 비상임이사 | 2026.01.01 | 비상근,2026-08-31T17:20:50+09:00,000,raw/document/20260318001034.zip,147192b0339fe60b8e59c0f29044728c6c87f8b6d12f14bda99ad26113f8a162
신한라이프생명보험,보험자회사,2025,20260318001034,사업보고서 (2025.12),20260318,겸직표,대상회사,IX. 계열회사 등에 관한 사항,단독,1,김원길,신한리츠운용,비상임이사,2026.01.01,비상근,,,,N,성명 | 대상회사 | 직위명 | 선임일 | 비고,김원길 | 신한리츠운용 | 비상임이사 | 2026.01.01 | 비상근,2026-08-31T17:20:50+09:00,000,raw/document/20260318001034.zip,147192b0339fe60b8e59c0f29044728c6c87f8b6d12f14bda99ad26113f8a162
신한라이프생명보험,보험자회사,2025,20260318001034,사업보고서 (2025.12),20260318,겸직표,대상회사,IX. 계열회사 등에 관한 사항,단독,1,김동우,신한라이프,비상임이사,2026.01.01,비상근,,,,N,성명 | 대상회사 | 직위명 | 선임일 | 비고,김동우 | 신한라이프 | 비상임이사 | 2026.01.01 | 비상근,2026-08-31T17:20:50+09:00,000,raw/document/20260318001034.zip,147192b0339fe60b8e59c0f29044728c6c87f8b6d12f14bda99ad26113f8a162
신한라이프생명보험,보험자회사,2025,20260318001034,사업보고서 (2025.12),20260318,겸직표,대상회사,IX. 계열회사 등에 관한 사항,단독,1,윤원희,신한벤처투자,비상근감사,2026.01.01,비상근,,,,Y,성명 | 대상회사 | 직위명 | 선임일 | 비고,윤원희 | 신한벤처투자 | 비상근감사 | 2026.01.01 | 비상근,2026-08-31T17:20:50+09:00,000,raw/document/20260318001034.zip,147192b0339fe60b8e59c0f29044728c6c87f8b6d12f14bda99ad26113f8a162
BNK금융지주,지주,2025,20260318001147,사업보고서 (2025.12),20260318,겸직표,대상회사,1. 임원 및 직원 등의 현황 | IX. 계열회사 등에 관한 사항,병합,2,권재중,경남은행,부행장,2024.01.01,상근,,,,Y,성명 | 대상회사 | 직책 | 선임시기 | 비고,권재중 | 경남은행 | 부행장 | 2024.01.01 | 상근,2026-09-22T12:10:28+09:00,000,raw/document/20260318001147.zip,087b8f4625a4cac3948e20227655aacf37d66c007a390e18eb6b009ecd841ffb
BNK금융지주,지주,2025,20260318001147,사업보고서 (2025.12),20260318,겸직표,대상회사,1. 임원 및 직원 등의 현황 | IX. 계열회사 등에 관한 사항,미매핑,4,,,,,,,,,N,성명 | 대상회사 | 직책 | 선임시기 | 비고,부산은행 | 부행장 | 2024.07.15 | 상근,2026-09-22T12:10:28+09:00,000,raw/document/20260318001147.zip,087b8f4625a4cac3948e20227655aacf37d66c007a390e18eb6b009ecd841ffb
BNK금융지주,지주,2025,20260318001147,사업보고서 (2025.12),20260318,겸직표,대상회사,1. 임원 및 직원 등의 현황 | IX. 계열회사 등에 관한 사항,병합,2,강종훈,BNK캐피탈,비상임이사,2025.04.01,비상근,,,,Y,성명 | 대상회사 | 직책 | 선임시기 | 비고,강종훈 | BNK캐피탈 | 비상임이사 | 2025.04.01 | 비상근,2026-09-22T12:10:28+09:00,000,raw/document/20260318001147.zip,087b8f4625a4cac3948e20227655aacf37d66c007a390e18eb6b009ecd841ffb
BNK금융지주,지주,2025,20260318001147,사업보고서 (2025.12),20260318,겸직표,대상회사,1. 임원 및 직원 등의 현황 | IX. 계열회사 등에 관한 사항,병합,2,박성욱,BNK저축은행,비상임이사,2025.04.01,비상근,,,,Y,성명 | 대상회사 | 직책 | 선임시기 | 비고,박성욱 | BNK저축은행 | 비상임이사 | 2025.04.01 | 비상근,2026-09-22T12:10:28+09:00,000,raw/document/20260318001147.zip,087b8f4625a4cac3948e20227655aacf37d66c007a390e18eb6b009ecd841ffb
BNK금융지주,지주,2025,20260318001147,사업보고서 (2025.12),20260318,겸직표,대상회사,1. 임원 및 직원 등의 현황 | IX. 계열회사 등에 관한 사항,병합,2,문경호,BNK투자증권,비상임이사,2025.04.01,비상근,,,,Y,성명 | 대상회사 | 직책 | 선임시기 | 비고,문경호 | BNK투자증권 | 비상임이사 | 2025.04.01 | 비상근,2026-09-22T12:10:28+09:00,000,raw/document/20260318001147.zip,087b8f4625a4cac3948e20227655aacf37d66c007a390e18eb6b009ecd841ffb
BNK금융지주,지주,2025,20260318001147,사업보고서 (2025.12),20260318,겸직표,대상회사,1. 임원 및 직원 등의 현황 | IX. 계열회사 등에 관한 사항,병합,2,안수일,부산은행,상무,2025.01.01,상근,,,,Y,성명 | 대상회사 | 직책 | 선임시기 | 비고,안수일 | 부산은행 | 상무 | 2025.01.01 | 상근,2026-09-22T12:10:28+09:00,000,raw/document/20260318001147.zip,087b8f4625a4cac3948e20227655aacf37d66c007a390e18eb6b009ecd841ffb
BNK금융지주,지주,2025,20260318001147,사업보고서 (2025.12),20260318,겸직표,대상회사,1. 임원 및 직원 등의 현황 | IX. 계열회사 등에 관한 사항,병합,2,김주성,경남은행,부행장보,2026.01.01,상근,,,,Y,성명 | 대상회사 | 직책 | 선임시기 | 비고,김주성 | 경남은행 | 부행장보 | 2026.01.01 | 상근,2026-09-22T12:10:28+09:00,000,raw/document/20260318001147.zip,087b8f4625a4cac3948e20227655aacf37d66c007a390e18eb6b009ecd841ffb
BNK금융지주,지주,2025,20260318001147,사업보고서 (2025.12),20260318,겸직표,대상회사,1. 임원 및 직원 등의 현황 | IX. 계열회사 등에 관한 사항,병합,2,김태호,부산은행,상무,2025.04.28,상근,,,,Y,성명 | 대상회사 | 직책 | 선임시기 | 비고,김태호 | 부산은행 | 상무 | 2025.04.28 | 상근,2026-09-22T12:10:28+09:00,000,raw/document/20260318001147.zip,087b8f4625a4cac3948e20227655aacf37d66c007a390e18eb6b009ecd841ffb
JB금융지주,지주,2025,20260318001225,사업보고서 (2025.12),20260318,겸직표,대상 계열사,1. 임원 및 직원 등의 현황 | IX. 계열회사 등에 관한 사항,병합,5,송종근,(주)JB금융지주,부사장,,상근(미등기),,,,Y,성 명 | 대상 계열사 | 직 책 | 최초선임시기 | 비 고,송종근 | (주)JB금융지주 | 부사장 | 2023.02.01 | 상근(미등기),2026-09-22T12:11:31+09:00,000,raw/document/20260318001225.zip,191d87ac6c88b3cd01421e3d74bb9212a65667c772117066037a143e32eba0c6
JB금융지주,지주,2025,20260318001225,사업보고서 (2025.12),20260318,겸직표,대상 계열사,1. 임원 및 직원 등의 현황 | IX. 계열회사 등에 관한 사항,미매핑,44,,,,,,,,,N,성 명 | 대상 계열사 | 직 책 | 최초선임시기 | 비 고,전북은행 | 비상임이사 | 2023.03.30 | 비상근(등기),2026-09-22T12:11:31+09:00,000,raw/document/20260318001225.zip,191d87ac6c88b3cd01421e3d74bb9212a65667c772117066037a143e32eba0c6
JB금융지주,지주,2025,20260318001225,사업보고서 (2025.12),20260318,겸직표,대상 계열사,1. 임원 및 직원 등의 현황 | IX. 계열회사 등에 관한 사항,병합,3,김동성,(주)JB금융지주,부사장,,상근(미등기),,,,Y,성 명 | 대상 계열사 | 직 책 | 최초선임시기 | 비 고,김동성 | (주)JB금융지주 | 부사장 | 2025.01.01 | 상근(미등기),2026-09-22T12:11:31+09:00,000,raw/document/20260318001225.zip,191d87ac6c88b3cd01421e3d74bb9212a65667c772117066037a143e32eba0c6
JB금융지주,지주,2025,20260318001225,사업보고서 (2025.12),20260318,겸직표,대상 계열사,1. 임원 및 직원 등의 현황 | IX. 계열회사 등에 관한 사항,병합,4,박종춘,(주)JB금융지주,전무,,상근(미등기),,,,Y,성 명 | 대상 계열사 | 직 책 | 최초선임시기 | 비 고,박종춘 | (주)JB금융지주 | 전무 | 2019.12.01 | 상근(미등기),2026-09-22T12:11:31+09:00,000,raw/document/20260318001225.zip,191d87ac6c88b3cd01421e3d74bb9212a65667c772117066037a143e32eba0c6
JB금융지주,지주,2025,20260318001225,사업보고서 (2025.12),20260318,겸직표,대상 계열사,1. 임원 및 직원 등의 현황 | IX. 계열회사 등에 관한 사항,병합,3,방극봉,(주)JB금융지주,전무,,상근(미등기),,,,Y,성 명 | 대상 계열사 | 직 책 | 최초선임시기 | 비 고,방극봉 | (주)JB금융지주 | 전무 | 2025.01.01 | 상근(미등기),2026-09-22T12:11:31+09:00,000,raw/document/20260318001225.zip,191d87ac6c88b3cd01421e3d74bb9212a65667c772117066037a143e32eba0c6
JB금융지주,지주,2025,20260318001225,사업보고서 (2025.12),20260318,겸직표,대상 계열사,1. 임원 및 직원 등의 현황,단독,1,박종춘,(주)JB금융지주,부사장,,상근(미등기),,,,Y,성 명 | 대상 계열사 | 직 책 | 최초선임시기 | 비 고,박종춘 | (주)JB금융지주 | 부사장 | 2019.12.01 | 상근(미등기),2026-09-22T12:11:31+09:00,000,raw/document/20260318001225.zip,191d87ac6c88b3cd01421e3d74bb9212a65667c772117066037a143e32eba0c6
JB금융지주,지주,2025,20260318001225,사업보고서 (2025.12),20260318,겸직표,대상 계열사,IX. 계열회사 등에 관한 사항,단독,2,송현,(주)JB금융지주,전무,,상근(미등기),,,,Y,성 명 | 대상 계열사 | 직 책 | 최초선임시기 | 비 고,송현 | (주)JB금융지주 | 전무 | 2021.04.01 | 상근(미등기),2026-09-22T12:11:31+09:00,000,raw/document/20260318001225.zip,191d87ac6c88b3cd01421e3d74bb9212a65667c772117066037a143e32eba0c6
JB금융지주,지주,2025,20260318001225,사업보고서 (2025.12),20260318,겸직표,대상 계열사,IX. 계열회사 등에 관한 사항,단독,2,김성철,(주)JB금융지주,전무,,상근(미등기),,,,Y,성 명 | 대상 계열사 | 직 책 | 최초선임시기 | 비 고,김성철 | (주)JB금융지주 | 전무 | 2023.01.01 | 상근(미등기),2026-09-22T12:11:31+09:00,000,raw/document/20260318001225.zip,191d87ac6c88b3cd01421e3d74bb9212a65667c772117066037a143e32eba0c6
JB금융지주,지주,2025,20260318001225,사업보고서 (2025.12),20260318,겸직표,대상 계열사,IX. 계열회사 등에 관한 사항,단독,1,이승국,(주)JB금융지주,전무,,상근(미등기),,,,Y,성 명 | 대상 계열사 | 직 책 | 최초선임시기 | 비 고,이승국 | (주)JB금융지주 | 전무 | 2019.05.01 | 상근(미등기),2026-09-22T12:11:31+09:00,000,raw/document/20260318001225.zip,191d87ac6c88b3cd01421e3d74bb9212a65667c772117066037a143e32eba0c6
신한은행(구),은행,2025,20260318001285,사업보고서 (2025.12),20260318,겸직표,대상회사,IX. 계열회사 등에 관한 사항,단독,2,정상혁,신한은행,은행장,2023.02.15,상근,,,,Y,성명 | 대상회사 | 직위명 | 선임일 | 비고,정상혁 | 신한은행 | 은행장 | 2023.02.15 | 상근,2026-09-11T14:01:28+09:00,000,raw/document/20260318001285.zip,42f7b2bcc4e2ca1d2bc7ab4571daa49b0b77c07daca9239bd07c325892fd30fb
신한은행(구),은행,2025,20260318001285,사업보고서 (2025.12),20260318,겸직표,대상회사,IX. 계열회사 등에 관한 사항,단독,2,최혁재,신한은행,부행장,2025.10.01,상근,,,,Y,성명 | 대상회사 | 직위명 | 선임일 | 비고,최혁재 | 신한은행 | 부행장 | 2025.10.01 | 상근,2026-09-11T14:01:28+09:00,000,raw/document/20260318001285.zip,42f7b2bcc4e2ca1d2bc7ab4571daa49b0b77c07daca9239bd07c325892fd30fb
신한은행(구),은행,2025,20260318001285,사업보고서 (2025.12),20260318,겸직표,대상회사,IX. 계열회사 등에 관한 사항,단독,1,고석헌,신한카드,비상임이사,2024.01.01,비상근,,,,Y,성명 | 대상회사 | 직위명 | 선임일 | 비고,고석헌 | 신한카드 | 비상임이사 | 2024.01.01 | 비상근,2026-09-11T14:01:28+09:00,000,raw/document/20260318001285.zip,42f7b2bcc4e2ca1d2bc7ab4571daa49b0b77c07daca9239bd07c325892fd30fb
신한은행(구),은행,2025,20260318001285,사업보고서 (2025.12),20260318,겸직표,대상회사,IX. 계열회사 등에 관한 사항,미매핑,17,,,,,,,,,N,성명 | 대상회사 | 직위명 | 선임일 | 비고,신한저축은행 | 비상임이사 | 2024.01.01 | 비상근,2026-09-11T14:01:28+09:00,000,raw/document/20260318001285.zip,42f7b2bcc4e2ca1d2bc7ab4571daa49b0b77c07daca9239bd07c325892fd30fb
신한은행(구),은행,2025,20260318001285,사업보고서 (2025.12),20260318,겸직표,대상회사,IX. 계열회사 등에 관한 사항,단독,1,천상영,신한라이프,비상임이사,2024.01.01,비상근,,,,N,성명 | 대상회사 | 직위명 | 선임일 | 비고,천상영 | 신한라이프 | 비상임이사 | 2024.01.01 | 비상근,2026-09-11T14:01:28+09:00,000,raw/document/20260318001285.zip,42f7b2bcc4e2ca1d2bc7ab4571daa49b0b77c07daca9239bd07c325892fd30fb
신한은행(구),은행,2025,20260318001285,사업보고서 (2025.12),20260318,겸직표,대상회사,IX. 계열회사 등에 관한 사항,단독,2,이인균,신한은행,비상임이사,2023.01.01,비상근,,,,Y,성명 | 대상회사 | 직위명 | 선임일 | 비고,이인균 | 신한은행 | 비상임이사 | 2023.01.01 | 비상근,2026-09-11T14:01:28+09:00,000,raw/document/20260318001285.zip,42f7b2bcc4e2ca1d2bc7ab4571daa49b0b77c07daca9239bd07c325892fd30fb
신한은행(구),은행,2025,20260318001285,사업보고서 (2025.12),20260318,겸직표,대상회사,IX. 계열회사 등에 관한 사항,단독,2,박현주,신한은행,부행장,2022.01.01,상근,,,,Y,성명 | 대상회사 | 직위명 | 선임일 | 비고,박현주 | 신한은행 | 부행장 | 2022.01.01 | 상근,2026-09-11T14:01:28+09:00,000,raw/document/20260318001285.zip,42f7b2bcc4e2ca1d2bc7ab4571daa49b0b77c07daca9239bd07c325892fd30fb
신한은행(구),은행,2025,20260318001285,사업보고서 (2025.12),20260318,겸직표,대상회사,IX. 계열회사 등에 관한 사항,단독,2,김지온,신한DS,비상근감사,2024.03.28,비상근,,,,N,성명 | 대상회사 | 직위명 | 선임일 | 비고,김지온 | 신한DS | 비상근감사 | 2024.03.28 | 비상근,2026-09-11T14:01:28+09:00,000,raw/document/20260318001285.zip,42f7b2bcc4e2ca1d2bc7ab4571daa49b0b77c07daca9239bd07c325892fd30fb
신한은행(구),은행,2025,20260318001285,사업보고서 (2025.12),20260318,겸직표,대상회사,IX. 계열회사 등에 관한 사항,단독,2,김준환,신한DS,비상임이사,2024.01.01,비상근,,,,N,성명 | 대상회사 | 직위명 | 선임일 | 비고,김준환 | 신한DS | 비상임이사 | 2024.01.01 | 비상근,2026-09-11T14:01:28+09:00,000,raw/document/20260318001285.zip,42f7b2bcc4e2ca1d2bc7ab4571daa49b0b77c07daca9239bd07c325892fd30fb
신한은행(구),은행,2025,20260318001285,사업보고서 (2025.12),20260318,겸직표,대상회사,IX. 계열회사 등에 관한 사항,단독,1,황경업,신한펀드파트너스,비상임이사,2024.01.01,비상근,,,,N,성명 | 대상회사 | 직위명 | 선임일 | 비고,황경업 | 신한펀드파트너스 | 비상임이사 | 2024.01.01 | 비상근,2026-09-11T14:01:28+09:00,000,raw/document/20260318001285.zip,42f7b2bcc4e2ca1d2bc7ab4571daa49b0b77c07daca9239bd07c325892fd30fb
신한은행(구),은행,2025,20260318001285,사업보고서 (2025.12),20260318,겸직표,대상회사,IX. 계열회사 등에 관한 사항,단독,2,고유선,신한자산운용,비상임이사,2024.01.01,비상근,,,,Y,성명 | 대상회사 | 직위명 | 선임일 | 비고,고유선 | 신한자산운용 | 비상임이사 | 2024.01.01 | 비상근,2026-09-11T14:01:28+09:00,000,raw/document/20260318001285.zip,42f7b2bcc4e2ca1d2bc7ab4571daa49b0b77c07daca9239bd07c325892fd30fb
신한은행(구),은행,2025,20260318001285,사업보고서 (2025.12),20260318,겸직표,대상회사,IX. 계열회사 등에 관한 사항,단독,1,이원태,신한투자증권,비상임이사,2025.01.01,비상근,,,,Y,성명 | 대상회사 | 직위명 | 선임일 | 비고,이원태 | 신한투자증권 | 비상임이사 | 2025.01.01 | 비상근,2026-09-11T14:01:28+09:00,000,raw/document/20260318001285.zip,42f7b2bcc4e2ca1d2bc7ab4571daa49b0b77c07daca9239bd07c325892fd30fb
신한은행(구),은행,2025,20260318001285,사업보고서 (2025.12),20260318,겸직표,대상회사,IX. 계열회사 등에 관한 사항,단독,1,김원길,신한EZ손해보험,비상임이사,2025.03.21,비상근,,,,Y,성명 | 대상회사 | 직위명 | 선임일 | 비고,김원길 | 신한EZ손해보험 | 비상임이사 | 2025.03.21 | 비상근,2026-09-11T14:01:28+09:00,000,raw/document/20260318001285.zip,42f7b2bcc4e2ca1d2bc7ab4571daa49b0b77c07daca9239bd07c325892fd30fb
신한은행(구),은행,2025,20260318001285,사업보고서 (2025.12),20260318,겸직표,대상회사,IX. 계열회사 등에 관한 사항,단독,1,고석헌,신한자산신탁,비상임이사,2026.01.01,비상근,,,,Y,성명 | 대상회사 | 직위명 | 선임일 | 비고,고석헌 | 신한자산신탁 | 비상임이사 | 2026.01.01 | 비상근,2026-09-11T14:01:28+09:00,000,raw/document/20260318001285.zip,42f7b2bcc4e2ca1d2bc7ab4571daa49b0b77c07daca9239bd07c325892fd30fb
신한은행(구),은행,2025,20260318001285,사업보고서 (2025.12),20260318,겸직표,대상회사,IX. 계열회사 등에 관한 사항,단독,1,장정훈,신한투자증권,비상임이사,2026.01.01,비상근,,,,Y,성명 | 대상회사 | 직위명 | 선임일 | 비고,장정훈 | 신한투자증권 | 비상임이사 | 2026.01.01 | 비상근,2026-09-11T14:01:28+09:00,000,raw/document/20260318001285.zip,42f7b2bcc4e2ca1d2bc7ab4571daa49b0b77c07daca9239bd07c325892fd30fb
신한은행(구),은행,2025,20260318001285,사업보고서 (2025.12),20260318,겸직표,대상회사,IX. 계열회사 등에 관한 사항,단독,1,이원태,신한벤처투자,비상임이사,2025.01.01,비상근,,,,Y,성명 | 대상회사 | 직위명 | 선임일 | 비고,이원태 | 신한벤처투자 | 비상임이사 | 2025.01.01 | 비상근,2026-09-11T14:01:28+09:00,000,raw/document/20260318001285.zip,42f7b2bcc4e2ca1d2bc7ab4571daa49b0b77c07daca9239bd07c325892fd30fb
신한은행(구),은행,2025,20260318001285,사업보고서 (2025.12),20260318,겸직표,대상회사,IX. 계열회사 등에 관한 사항,단독,1,한동영,신한펀드파트너스,비상임이사,2026.01.01,비상근,,,,N,성명 | 대상회사 | 직위명 | 선임일 | 비고,한동영 | 신한펀드파트너스 | 비상임이사 | 2026.01.01 | 비상근,2026-09-11T14:01:28+09:00,000,raw/document/20260318001285.zip,42f7b2bcc4e2ca1d2bc7ab4571daa49b0b77c07daca9239bd07c325892fd30fb
신한은행(구),은행,2025,20260318001285,사업보고서 (2025.12),20260318,겸직표,대상회사,IX. 계열회사 등에 관한 사항,단독,1,최종윤,신한벤처투자,비상임이사,2026.01.01,비상근,,,,Y,성명 | 대상회사 | 직위명 | 선임일 | 비고,최종윤 | 신한벤처투자 | 비상임이사 | 2026.01.01 | 비상근,2026-09-11T14:01:28+09:00,000,raw/document/20260318001285.zip,42f7b2bcc4e2ca1d2bc7ab4571daa49b0b77c07daca9239bd07c325892fd30fb
신한은행(구),은행,2025,20260318001285,사업보고서 (2025.12),20260318,겸직표,대상회사,IX. 계열회사 등에 관한 사항,단독,1,구교영,신한EZ손해보험,비상임이사,2026.01.01,비상근,,,,Y,성명 | 대상회사 | 직위명 | 선임일 | 비고,구교영 | 신한EZ손해보험 | 비상임이사 | 2026.01.01 | 비상근,2026-09-11T14:01:28+09:00,000,raw/document/20260318001285.zip,42f7b2bcc4e2ca1d2bc7ab4571daa49b0b77c07daca9239bd07c325892fd30fb
신한은행(구),은행,2025,20260318001285,사업보고서 (2025.12),20260318,겸직표,대상회사,IX. 계열회사 등에 관한 사항,단독,1,장선형,신한DS,비상임이사,2026.01.01,비상근,,,,N,성명 | 대상회사 | 직위명 | 선임일 | 비고,장선형 | 신한DS | 비상임이사 | 2026.01.01 | 비상근,2026-09-11T14:01:28+09:00,000,raw/document/20260318001285.zip,42f7b2bcc4e2ca1d2bc7ab4571daa49b0b77c07daca9239bd07c325892fd30fb
신한은행(구),은행,2025,20260318001285,사업보고서 (2025.12),20260318,겸직표,대상회사,IX. 계열회사 등에 관한 사항,단독,1,김원길,신한리츠운용,비상임이사,2026.01.01,비상근,,,,N,성명 | 대상회사 | 직위명 | 선임일 | 비고,김원길 | 신한리츠운용 | 비상임이사 | 2026.01.01 | 비상근,2026-09-11T14:01:28+09:00,000,raw/document/20260318001285.zip,42f7b2bcc4e2ca1d2bc7ab4571daa49b0b77c07daca9239bd07c325892fd30fb
신한은행(구),은행,2025,20260318001285,사업보고서 (2025.12),20260318,겸직표,대상회사,IX. 계열회사 등에 관한 사항,단독,1,김동우,신한라이프,비상임이사,2026.01.01,비상근,,,,N,성명 | 대상회사 | 직위명 | 선임일 | 비고,김동우 | 신한라이프 | 비상임이사 | 2026.01.01 | 비상근,2026-09-11T14:01:28+09:00,000,raw/document/20260318001285.zip,42f7b2bcc4e2ca1d2bc7ab4571daa49b0b77c07daca9239bd07c325892fd30fb
신한은행(구),은행,2025,20260318001285,사업보고서 (2025.12),20260318,겸직표,대상회사,IX. 계열회사 등에 관한 사항,단독,1,윤원희,신한벤처투자,비상근감사,2026.01.01,비상근,,,,Y,성명 | 대상회사 | 직위명 | 선임일 | 비고,윤원희 | 신한벤처투자 | 비상근감사 | 2026.01.01 | 비상근,2026-09-11T14:01:28+09:00,000,raw/document/20260318001285.zip,42f7b2bcc4e2ca1d2bc7ab4571daa49b0b77c07daca9239bd07c325892fd30fb
메리츠금융지주,지주,2025,20260318001419,사업보고서 (2025.12),20260318,겸직표,계열회사 겸직내역,IX. 계열회사 등에 관한 사항,단독,2,김명애(등기임원),메리츠화재,사외이사,,비상근(등기임원),,,,Y,겸직대상자 | 계열회사 겸직내역·회사명 | 계열회사 겸직내역·직 책 | 계열회사 겸직내역·상근여부 | 비 고,김명애(등기임원) | 메리츠화재 | 사외이사 | 비상근(등기임원) | -,2026-09-11T11:03:17+09:00,000,raw/document/20260318001419.zip,e03a0bb0ccccead3a4b92ada3295868fde63de15d26485bb9c6810bc1ee129da
메리츠금융지주,지주,2025,20260318001419,사업보고서 (2025.12),20260318,겸직표,계열회사 겸직내역,IX. 계열회사 등에 관한 사항,단독,2,김경환(미등기임원),메리츠화재,전략영업총괄,,상근(미등기임원),,,,Y,겸직대상자 | 계열회사 겸직내역·회사명 | 계열회사 겸직내역·직 책 | 계열회사 겸직내역·상근여부 | 비 고,김경환(미등기임원) | 메리츠화재 | 전략영업총괄 | 상근(미등기임원) | -,2026-09-11T11:03:17+09:00,000,raw/document/20260318001419.zip,e03a0bb0ccccead3a4b92ada3295868fde63de15d26485bb9c6810bc1ee129da
메리츠금융지주,지주,2025,20260318001419,사업보고서 (2025.12),20260318,겸직표,계열회사 겸직내역,IX. 계열회사 등에 관한 사항,단독,2,김종민(미등기임원),메리츠증권,대표이사,,상근(등기임원),,,,Y,겸직대상자 | 계열회사 겸직내역·회사명 | 계열회사 겸직내역·직 책 | 계열회사 겸직내역·상근여부 | 비 고,김종민(미등기임원) | 메리츠증권 | 대표이사 | 상근(등기임원) | -,2026-09-11T11:03:17+09:00,000,raw/document/20260318001419.zip,e03a0bb0ccccead3a4b92ada3295868fde63de15d26485bb9c6810bc1ee129da
메리츠금융지주,지주,2025,20260318001419,사업보고서 (2025.12),20260318,겸직표,계열회사 겸직내역,IX. 계열회사 등에 관한 사항,단독,2,서수동(미등기임원),메리츠화재,윤리경영실장,,상근(미등기임원),,,,Y,겸직대상자 | 계열회사 겸직내역·회사명 | 계열회사 겸직내역·직 책 | 계열회사 겸직내역·상근여부 | 비 고,서수동(미등기임원) | 메리츠화재 | 윤리경영실장 | 상근(미등기임원) | -,2026-09-11T11:03:17+09:00,000,raw/document/20260318001419.zip,e03a0bb0ccccead3a4b92ada3295868fde63de15d26485bb9c6810bc1ee129da
메리츠금융지주,지주,2025,20260318001419,사업보고서 (2025.12),20260318,겸직표,계열회사 겸직내역,IX. 계열회사 등에 관한 사항,단독,2,여은석(미등기임원),메리츠증권,프로젝트금융사업본부장,,상근(미등기임원),,,,Y,겸직대상자 | 계열회사 겸직내역·회사명 | 계열회사 겸직내역·직 책 | 계열회사 겸직내역·상근여부 | 비 고,여은석(미등기임원) | 메리츠증권 | 프로젝트금융사업본부장 | 상근(미등기임원) | -,2026-09-11T11:03:17+09:00,000,raw/document/20260318001419.zip,e03a0bb0ccccead3a4b92ada3295868fde63de15d26485bb9c6810bc1ee129da
메리츠금융지주,지주,2025,20260318001419,사업보고서 (2025.12),20260318,겸직표,계열회사 겸직내역,IX. 계열회사 등에 관한 사항,단독,2,한정원(미등기임원),메리츠화재,홍보본부장,,상근(미등기임원),,,,Y,겸직대상자 | 계열회사 겸직내역·회사명 | 계열회사 겸직내역·직 책 | 계열회사 겸직내역·상근여부 | 비 고,한정원(미등기임원) | 메리츠화재 | 홍보본부장 | 상근(미등기임원) | -,2026-09-11T11:03:17+09:00,000,raw/document/20260318001419.zip,e03a0bb0ccccead3a4b92ada3295868fde63de15d26485bb9c6810bc1ee129da
메리츠금융지주,지주,2025,20260318001419,사업보고서 (2025.12),20260318,겸직표,계열회사 겸직내역,IX. 계열회사 등에 관한 사항,미매핑,3,,,,,,,,,N,겸직대상자 | 계열회사 겸직내역·회사명 | 계열회사 겸직내역·직 책 | 계열회사 겸직내역·상근여부 | 비 고,메리츠증권 | 홍보본부장 | 상근(미등기임원) | -,2026-09-11T11:03:17+09:00,000,raw/document/20260318001419.zip,e03a0bb0ccccead3a4b92ada3295868fde63de15d26485bb9c6810bc1ee129da
메리츠금융지주,지주,2025,20260318001419,사업보고서 (2025.12),20260318,겸직표,계열회사 겸직내역,IX. 계열회사 등에 관한 사항,단독,2,오종원(미등기임원),메리츠화재,위험관리책임자/리스크관리팀장,,상근(미등기임원),,,,Y,겸직대상자 | 계열회사 겸직내역·회사명 | 계열회사 겸직내역·직 책 | 계열회사 겸직내역·상근여부 | 비 고,오종원(미등기임원) | 메리츠화재 | 위험관리책임자/리스크관리팀장 | 상근(미등기임원) | -,2026-09-11T11:03:17+09:00,000,raw/document/20260318001419.zip,e03a0bb0ccccead3a4b92ada3295868fde63de15d26485bb9c6810bc1ee129da
메리츠금융지주,지주,2025,20260318001419,사업보고서 (2025.12),20260318,겸직표,계열회사 겸직내역,IX. 계열회사 등에 관한 사항,단독,2,김정일(미등기임원),메리츠화재,개인영업총괄,,상근(미등기임원),,,,Y,겸직대상자 | 계열회사 겸직내역·회사명 | 계열회사 겸직내역·직 책 | 계열회사 겸직내역·상근여부 | 비 고,김정일(미등기임원) | 메리츠화재 | 개인영업총괄 | 상근(미등기임원) | -,2026-09-11T11:03:17+09:00,000,raw/document/20260318001419.zip,e03a0bb0ccccead3a4b92ada3295868fde63de15d26485bb9c6810bc1ee129da
메리츠금융지주,지주,2025,20260318001419,사업보고서 (2025.12),20260318,겸직표,계열회사 겸직내역,IX. 계열회사 등에 관한 사항,단독,2,권동찬(미등기임원),메리츠증권,트레이딩본부장,,상근(미등기임원),,,,Y,겸직대상자 | 계열회사 겸직내역·회사명 | 계열회사 겸직내역·직 책 | 계열회사 겸직내역·상근여부 | 비 고,권동찬(미등기임원) | 메리츠증권 | 트레이딩본부장 | 상근(미등기임원) | -,2026-09-11T11:03:17+09:00,000,raw/document/20260318001419.zip,e03a0bb0ccccead3a4b92ada3295868fde63de15d26485bb9c6810bc1ee129da
메리츠금융지주,지주,2025,20260318001419,사업보고서 (2025.12),20260318,겸직표,계열회사 겸직내역,IX. 계열회사 등에 관한 사항,단독,1,김근영(미등기임원),메리츠증권,정보보호본부장,,상근(미등기임원),,,,Y,겸직대상자 | 계열회사 겸직내역·회사명 | 계열회사 겸직내역·직 책 | 계열회사 겸직내역·상근여부 | 비 고,김근영(미등기임원) | 메리츠증권 | 정보보호본부장 | 상근(미등기임원) | -,2026-09-11T11:03:17+09:00,000,raw/document/20260318001419.zip,e03a0bb0ccccead3a4b92ada3295868fde63de15d26485bb9c6810bc1ee129da
메리츠금융지주,지주,2025,20260318001419,사업보고서 (2025.12),20260318,겸직표,계열회사 겸직내역,IX. 계열회사 등에 관한 사항,단독,2,최대현(미등기임원),메리츠화재,윤리경영실,,상근(미등기임원),,,,Y,겸직대상자 | 계열회사 겸직내역·회사명 | 계열회사 겸직내역·직 책 | 계열회사 겸직내역·상근여부 | 비 고,최대현(미등기임원) | 메리츠화재 | 윤리경영실 | 상근(미등기임원) | -,2026-09-11T11:03:17+09:00,000,raw/document/20260318001419.zip,e03a0bb0ccccead3a4b92ada3295868fde63de15d26485bb9c6810bc1ee129da
메리츠금융지주,지주,2025,20260318001419,사업보고서 (2025.12),20260318,겸직표,계열회사 겸직내역,IX. 계열회사 등에 관한 사항,단독,1,안운기(미등기임원),메리츠화재,정보보안팀장 겸 정보보안지원파트장 겸 보안품질파트장 상무보,,상근(미등기임원),,,,Y,겸직대상자 | 계열회사 겸직내역·회사명 | 계열회사 겸직내역·직 책 | 계열회사 겸직내역·상근여부 | 비 고,안운기(미등기임원) | 메리츠화재 | 정보보안팀장 겸 정보보안지원파트장 겸 보안품질파트장 상무보 | 상근(미등기임원) | -,2026-09-11T11:03:17+09:00,000,raw/document/20260318001419.zip,e03a0bb0ccccead3a4b92ada3295868fde63de15d26485bb9c6810bc1ee129da
한국금융지주,지주,2025,20260319001006,사업보고서 (2025.12),20260319,겸직표,회사명,IX. 계열회사 등에 관한 사항,단독,1,김남구,한국투자증권(주),회장,,상근,,,,Y,직명 | 성명 | 회사명 | 직책 | 상근여부,대표이사 | 김남구 | 한국투자증권(주) | 회장 | 상근,2026-09-11T14:02:42+09:00,000,raw/document/20260319001006.zip,e16cf50d2fa0c2068aa8dabd4f660cf8ebf982a94e46763c50e8f6618dcc28c2
한국금융지주,지주,2025,20260319001006,사업보고서 (2025.12),20260319,겸직표,회사명,IX. 계열회사 등에 관한 사항,단독,1,오태균,한국투자증권(주),기타비상무이사,,비상근,,,,Y,직명 | 성명 | 회사명 | 직책 | 상근여부,사장 | 오태균 | 한국투자증권(주) | 기타비상무이사 | 비상근,2026-09-11T14:02:42+09:00,000,raw/document/20260319001006.zip,e16cf50d2fa0c2068aa8dabd4f660cf8ebf982a94e46763c50e8f6618dcc28c2
한국금융지주,지주,2025,20260319001006,사업보고서 (2025.12),20260319,겸직표,회사명,IX. 계열회사 등에 관한 사항,단독,1,김대종,한국투자증권(주),정보기획담당,,상근,,,,Y,직명 | 성명 | 회사명 | 직책 | 상근여부,상무 | 김대종 | 한국투자증권(주) | 정보기획담당 | 상근,2026-09-11T14:02:42+09:00,000,raw/document/20260319001006.zip,e16cf50d2fa0c2068aa8dabd4f660cf8ebf982a94e46763c50e8f6618dcc28c2
한국금융지주,지주,2025,20260319001006,사업보고서 (2025.12),20260319,겸직표,회사명,IX. 계열회사 등에 관한 사항,단독,1,한동우,KIH Advisors Japan Inc.,대표이사,,비상근,,,,N,직명 | 성명 | 회사명 | 직책 | 상근여부,상무 | 한동우 | KIH Advisors Japan Inc. | 대표이사 | 비상근,2026-09-11T14:02:42+09:00,000,raw/document/20260319001006.zip,e16cf50d2fa0c2068aa8dabd4f660cf8ebf982a94e46763c50e8f6618dcc28c2
한국금융지주,지주,2025,20260319001006,사업보고서 (2025.12),20260319,겸직표,회사명,IX. 계열회사 등에 관한 사항,단독,1,최수미,한국투자증권(주),사외이사,,비상근,,,,Y,직명 | 성명 | 회사명 | 직책 | 상근여부,사외이사 | 최수미 | 한국투자증권(주) | 사외이사 | 비상근,2026-09-11T14:02:42+09:00,000,raw/document/20260319001006.zip,e16cf50d2fa0c2068aa8dabd4f660cf8ebf982a94e46763c50e8f6618dcc28c2
한국금융지주,지주,2025,20260319001006,사업보고서 (2025.12),20260319,겸직표,회사명,IX. 계열회사 등에 관한 사항,단독,1,지영조,한국투자증권(주),사외이사,,비상근,,,,Y,직명 | 성명 | 회사명 | 직책 | 상근여부,사외이사 | 지영조 | 한국투자증권(주) | 사외이사 | 비상근,2026-09-11T14:02:42+09:00,000,raw/document/20260319001006.zip,e16cf50d2fa0c2068aa8dabd4f660cf8ebf982a94e46763c50e8f6618dcc28c2
한국금융지주,지주,2025,20260319001006,사업보고서 (2025.12),20260319,겸직표,회사명,IX. 계열회사 등에 관한 사항,단독,1,이성규,한국투자증권(주),사외이사,,비상근,,,,Y,직명 | 성명 | 회사명 | 직책 | 상근여부,사외이사 | 이성규 | 한국투자증권(주) | 사외이사 | 비상근,2026-09-11T14:02:42+09:00,000,raw/document/20260319001006.zip,e16cf50d2fa0c2068aa8dabd4f660cf8ebf982a94e46763c50e8f6618dcc28c2
한국금융지주,지주,2025,20260319001006,사업보고서 (2025.12),20260319,겸직표,회사명,IX. 계열회사 등에 관한 사항,단독,1,백영재,한국투자증권(주),사외이사,,비상근,,,,Y,직명 | 성명 | 회사명 | 직책 | 상근여부,사외이사 | 백영재 | 한국투자증권(주) | 사외이사 | 비상근,2026-09-11T14:02:42+09:00,000,raw/document/20260319001006.zip,e16cf50d2fa0c2068aa8dabd4f660cf8ebf982a94e46763c50e8f6618dcc28c2
KB금융,지주,2024,20260324000822,[기재정정]사업보고서 (2024.12),20260324,겸직표,대상 계열사,1. 임원 및 직원 등의 현황 | IX. 계열회사 등에 관한 사항,병합,2,이재근,국민은행,은행장,2022. 1월,상근,,,,Y,성명 | 대상 계열사 | 직책 | 선임시기 | 비고,이재근 | 국민은행 | 은행장 | 2022. 1월 | 상근,2026-09-16T22:00:17+09:00,000,raw/document/20260324000822.zip,a596efc699762203b1a7807250c6c0974aee701fb6d03d44a3e2657c3f90551c
KB금융,지주,2024,20260324000822,[기재정정]사업보고서 (2024.12),20260324,겸직표,대상 계열사,1. 임원 및 직원 등의 현황 | IX. 계열회사 등에 관한 사항,병합,2,김경남,국민은행,ESG상생본부장 상무,2024. 1월,상근,,,,Y,성명 | 대상 계열사 | 직책 | 선임시기 | 비고,김경남 | 국민은행 | ESG상생본부장 상무 | 2024. 1월 | 상근,2026-09-16T22:00:17+09:00,000,raw/document/20260324000822.zip,a596efc699762203b1a7807250c6c0974aee701fb6d03d44a3e2657c3f90551c
KB금융,지주,2024,20260324000822,[기재정정]사업보고서 (2024.12),20260324,겸직표,대상 계열사,1. 임원 및 직원 등의 현황 | IX. 계열회사 등에 관한 사항,병합,4,박진영,국민은행,브랜드홍보그룹대표 상무,2024. 1월,상근,,,,Y,성명 | 대상 계열사 | 직책 | 선임시기 | 비고,박진영 | 국민은행 | 브랜드홍보그룹대표 상무 | 2024. 1월 | 상근,2026-09-16T22:00:17+09:00,000,raw/document/20260324000822.zip,a596efc699762203b1a7807250c6c0974aee701fb6d03d44a3e2657c3f90551c
KB금융,지주,2024,20260324000822,[기재정정]사업보고서 (2024.12),20260324,겸직표,대상 계열사,1. 임원 및 직원 등의 현황 | IX. 계열회사 등에 관한 사항,병합,2,정진호,국민은행,DT추진본부장 부행장,2024. 1월,상근,,,,Y,성명 | 대상 계열사 | 직책 | 선임시기 | 비고,정진호 | 국민은행 | DT추진본부장 부행장 | 2024. 1월 | 상근,2026-09-16T22:00:17+09:00,000,raw/document/20260324000822.zip,a596efc699762203b1a7807250c6c0974aee701fb6d03d44a3e2657c3f90551c
KB금융,지주,2024,20260324000822,[기재정정]사업보고서 (2024.12),20260324,겸직표,대상 계열사,1. 임원 및 직원 등의 현황 | IX. 계열회사 등에 관한 사항,병합,2,육창화,국민은행,AI데이터혁신본부장 부행장,2024. 1월,상근,,,,Y,성명 | 대상 계열사 | 직책 | 선임시기 | 비고,육창화 | 국민은행 | AI데이터혁신본부장 부행장 | 2024. 1월 | 상근,2026-09-16T22:00:17+09:00,000,raw/document/20260324000822.zip,a596efc699762203b1a7807250c6c0974aee701fb6d03d44a3e2657c3f90551c
KB금융,지주,2024,20260324000822,[기재정정]사업보고서 (2024.12),20260324,겸직표,대상 계열사,1. 임원 및 직원 등의 현황 | IX. 계열회사 등에 관한 사항,미매핑,10,,,,,,,,,N,성명 | 대상 계열사 | 직책 | 선임시기 | 비고,금융AI센터(P)장 | 2024. 6월 | 상근,2026-09-16T22:00:17+09:00,000,raw/document/20260324000822.zip,a596efc699762203b1a7807250c6c0974aee701fb6d03d44a3e2657c3f90551c
KB금융,지주,2024,20260324000822,[기재정정]사업보고서 (2024.12),20260324,겸직표,대상 계열사,1. 임원 및 직원 등의 현황 | IX. 계열회사 등에 관한 사항,병합,4,오상원,국민은행,테크그룹대표 부행장,2024. 1월,상근,,,,Y,성명 | 대상 계열사 | 직책 | 선임시기 | 비고,오상원 | 국민은행 | 테크그룹대표 부행장 | 2024. 1월 | 상근,2026-09-16T22:00:17+09:00,000,raw/document/20260324000822.zip,a596efc699762203b1a7807250c6c0974aee701fb6d03d44a3e2657c3f90551c
KB금융,지주,2024,20260324000822,[기재정정]사업보고서 (2024.12),20260324,겸직표,대상 계열사,1. 임원 및 직원 등의 현황 | IX. 계열회사 등에 관한 사항,병합,4,박영세,국민은행,소비자보호그룹대표 부행장,2024. 1월,상근,,,,Y,성명 | 대상 계열사 | 직책 | 선임시기 | 비고,박영세 | 국민은행 | 소비자보호그룹대표 부행장 | 2024. 1월 | 상근,2026-09-16T22:00:17+09:00,000,raw/document/20260324000822.zip,a596efc699762203b1a7807250c6c0974aee701fb6d03d44a3e2657c3f90551c
KB금융,지주,2024,20260324000822,[기재정정]사업보고서 (2024.12),20260324,겸직표,대상 계열사,1. 임원 및 직원 등의 현황 | IX. 계열회사 등에 관한 사항,병합,2,하 윤,국민은행,고객경험디자인센터장,2022. 1월,상근,,,,Y,성명 | 대상 계열사 | 직책 | 선임시기 | 비고,하 윤 | 국민은행 | 고객경험디자인센터장 | 2022. 1월 | 상근,2026-09-16T22:00:17+09:00,000,raw/document/20260324000822.zip,a596efc699762203b1a7807250c6c0974aee701fb6d03d44a3e2657c3f90551c
KB금융,지주,2024,20260324000822,[기재정정]사업보고서 (2024.12),20260324,겸직표,대상 계열사,1. 임원 및 직원 등의 현황 | IX. 계열회사 등에 관한 사항,병합,2,박기은,국민은행,테크개발본부장 부행장,2024. 1월,상근,,,,Y,성명 | 대상 계열사 | 직책 | 선임시기 | 비고,박기은 | 국민은행 | 테크개발본부장 부행장 | 2024. 1월 | 상근,2026-09-16T22:00:17+09:00,000,raw/document/20260324000822.zip,a596efc699762203b1a7807250c6c0974aee701fb6d03d44a3e2657c3f90551c
KB금융,지주,2024,20260324000822,[기재정정]사업보고서 (2024.12),20260324,겸직표,대상 계열사,1. 임원 및 직원 등의 현황 | IX. 계열회사 등에 관한 사항,병합,2,김주현,국민은행,클라우드플랫폼부 본부본부장,2022. 2월,상근,,,,Y,성명 | 대상 계열사 | 직책 | 선임시기 | 비고,김주현 | 국민은행 | 클라우드플랫폼부 본부본부장 | 2022. 2월 | 상근,2026-09-16T22:00:17+09:00,000,raw/document/20260324000822.zip,a596efc699762203b1a7807250c6c0974aee701fb6d03d44a3e2657c3f90551c
KB금융,지주,2024,20260324000822,[기재정정]사업보고서 (2024.12),20260324,겸직표,대상 계열사,1. 임원 및 직원 등의 현황 | IX. 계열회사 등에 관한 사항,병합,2,박찬용,국민은행,기획조정부장 부행장,2024. 1월,상근,,,,Y,성명 | 대상 계열사 | 직책 | 선임시기 | 비고,박찬용 | 국민은행 | 기획조정부장 부행장 | 2024. 1월 | 상근,2026-09-16T22:00:17+09:00,000,raw/document/20260324000822.zip,a596efc699762203b1a7807250c6c0974aee701fb6d03d44a3e2657c3f90551c
KB금융,지주,2024,20260324000822,[기재정정]사업보고서 (2024.12),20260324,겸직표,대상 계열사,1. 임원 및 직원 등의 현황 | IX. 계열회사 등에 관한 사항,병합,2,이승종,KB증권,기타비상무이사,2024. 3월,비상근,,,,Y,성명 | 대상 계열사 | 직책 | 선임시기 | 비고,이승종 | KB증권 | 기타비상무이사 | 2024. 3월 | 비상근,2026-09-16T22:00:17+09:00,000,raw/document/20260324000822.zip,a596efc699762203b1a7807250c6c0974aee701fb6d03d44a3e2657c3f90551c
KB금융,지주,2024,20260324000822,[기재정정]사업보고서 (2024.12),20260324,겸직표,대상 계열사,1. 임원 및 직원 등의 현황 | IX. 계열회사 등에 관한 사항,병합,2,김재관,KB손해보험,기타비상무이사,2024. 3월,비상근,,,,Y,성명 | 대상 계열사 | 직책 | 선임시기 | 비고,김재관 | KB손해보험 | 기타비상무이사 | 2024. 3월 | 비상근,2026-09-16T22:00:17+09:00,000,raw/document/20260324000822.zip,a596efc699762203b1a7807250c6c0974aee701fb6d03d44a3e2657c3f90551c
KB금융,지주,2024,20260324000822,[기재정정]사업보고서 (2024.12),20260324,겸직표,대상 계열사,1. 임원 및 직원 등의 현황 | IX. 계열회사 등에 관한 사항,병합,2,나상록,KB캐피탈,기타비상무이사,2021. 3월,비상근,,,,Y,성명 | 대상 계열사 | 직책 | 선임시기 | 비고,나상록 | KB캐피탈 | 기타비상무이사 | 2021. 3월 | 비상근,2026-09-16T22:00:17+09:00,000,raw/document/20260324000822.zip,a596efc699762203b1a7807250c6c0974aee701fb6d03d44a3e2657c3f90551c
KB금융,지주,2024,20260324000822,[기재정정]사업보고서 (2024.12),20260324,겸직표,대상 계열사,1. 임원 및 직원 등의 현황 | IX. 계열회사 등에 관한 사항,병합,2,김경남,국민은행,ESG상생본부장,2025. 1월,상근,,,,Y,성명 | 대상 계열사 | 직책 | 선임시기 | 비고,김경남 | 국민은행 | ESG상생본부장 | 2025. 1월 | 상근,2026-09-16T22:00:17+09:00,000,raw/document/20260324000822.zip,a596efc699762203b1a7807250c6c0974aee701fb6d03d44a3e2657c3f90551c
KB금융,지주,2024,20260324000822,[기재정정]사업보고서 (2024.12),20260324,겸직표,대상 계열사,1. 임원 및 직원 등의 현황 | IX. 계열회사 등에 관한 사항,병합,2,조영서,국민은행,AIㆍDT추진그룹대표 부행장,2025. 1월,상근,,,,Y,성명 | 대상 계열사 | 직책 | 선임시기 | 비고,조영서 | 국민은행 | AIㆍDT추진그룹대표 부행장 | 2025. 1월 | 상근,2026-09-16T22:00:17+09:00,000,raw/document/20260324000822.zip,a596efc699762203b1a7807250c6c0974aee701fb6d03d44a3e2657c3f90551c
KB금융,지주,2024,20260324000822,[기재정정]사업보고서 (2024.12),20260324,겸직표,대상 계열사,1. 임원 및 직원 등의 현황 | IX. 계열회사 등에 관한 사항,병합,2,김병집,국민은행,금융AI1센터장 상무,2025. 1월,상근,,,,Y,성명 | 대상 계열사 | 직책 | 선임시기 | 비고,김병집 | 국민은행 | 금융AI1센터장 상무 | 2025. 1월 | 상근,2026-09-16T22:00:17+09:00,000,raw/document/20260324000822.zip,a596efc699762203b1a7807250c6c0974aee701fb6d03d44a3e2657c3f90551c
KB금융,지주,2024,20260324000822,[기재정정]사업보고서 (2024.12),20260324,겸직표,대상 계열사,1. 임원 및 직원 등의 현황 | IX. 계열회사 등에 관한 사항,병합,2,이경종,국민은행,금융AI2센터장 상무,2025. 1월,상근,,,,Y,성명 | 대상 계열사 | 직책 | 선임시기 | 비고,이경종 | 국민은행 | 금융AI2센터장 상무 | 2025. 1월 | 상근,2026-09-16T22:00:17+09:00,000,raw/document/20260324000822.zip,a596efc699762203b1a7807250c6c0974aee701fb6d03d44a3e2657c3f90551c
KB금융,지주,2024,20260324000822,[기재정정]사업보고서 (2024.12),20260324,겸직표,대상 계열사,1. 임원 및 직원 등의 현황 | IX. 계열회사 등에 관한 사항,병합,2,이현정,국민은행,고객경험디자인센터장,2025. 1월,상근,,,,Y,성명 | 대상 계열사 | 직책 | 선임시기 | 비고,이현정 | 국민은행 | 고객경험디자인센터장 | 2025. 1월 | 상근,2026-09-16T22:00:17+09:00,000,raw/document/20260324000822.zip,a596efc699762203b1a7807250c6c0974aee701fb6d03d44a3e2657c3f90551c
KB금융,지주,2024,20260324000822,[기재정정]사업보고서 (2024.12),20260324,겸직표,대상 계열사,1. 임원 및 직원 등의 현황 | IX. 계열회사 등에 관한 사항,병합,2,최병하,국민은행,테크개발본부장,2025. 1월,상근,,,,Y,성명 | 대상 계열사 | 직책 | 선임시기 | 비고,최병하 | 국민은행 | 테크개발본부장 | 2025. 1월 | 상근,2026-09-16T22:00:17+09:00,000,raw/document/20260324000822.zip,a596efc699762203b1a7807250c6c0974aee701fb6d03d44a3e2657c3f90551c
KB금융,지주,2024,20260324000822,[기재정정]사업보고서 (2024.12),20260324,겸직표,대상 계열사,1. 임원 및 직원 등의 현황 | IX. 계열회사 등에 관한 사항,병합,2,김주현,국민은행,클라우드플랫폼부장,2022. 2월,상근,,,,Y,성명 | 대상 계열사 | 직책 | 선임시기 | 비고,김주현 | 국민은행 | 클라우드플랫폼부장 | 2022. 2월 | 상근,2026-09-16T22:00:17+09:00,000,raw/document/20260324000822.zip,a596efc699762203b1a7807250c6c0974aee701fb6d03d44a3e2657c3f90551c
KB금융,지주,2024,20260324000822,[기재정정]사업보고서 (2024.12),20260324,겸직표,대상 계열사,1. 임원 및 직원 등의 현황 | IX. 계열회사 등에 관한 사항,병합,2,박명화,국민은행,기획조정부장,2025. 1월,상근,,,,Y,성명 | 대상 계열사 | 직책 | 선임시기 | 비고,박명화 | 국민은행 | 기획조정부장 | 2025. 1월 | 상근,2026-09-16T22:00:17+09:00,000,raw/document/20260324000822.zip,a596efc699762203b1a7807250c6c0974aee701fb6d03d44a3e2657c3f90551c
KB금융,지주,2024,20260324000822,[기재정정]사업보고서 (2024.12),20260324,겸직표,대상 계열사,1. 임원 및 직원 등의 현황 | IX. 계열회사 등에 관한 사항,병합,2,박영준,KB증권,기타비상무이사,2025. 2월,비상근,,,,Y,성명 | 대상 계열사 | 직책 | 선임시기 | 비고,박영준 | KB증권 | 기타비상무이사 | 2025. 2월 | 비상근,2026-09-16T22:00:17+09:00,000,raw/document/20260324000822.zip,a596efc699762203b1a7807250c6c0974aee701fb6d03d44a3e2657c3f90551c
KB금융,지주,2024,20260324000822,[기재정정]사업보고서 (2024.12),20260324,겸직표,대상 계열사,1. 임원 및 직원 등의 현황 | IX. 계열회사 등에 관한 사항,병합,2,나상록,KB손해보험,기타비상무이사,2025. 2월,비상근,,,,Y,성명 | 대상 계열사 | 직책 | 선임시기 | 비고,나상록 | KB손해보험 | 기타비상무이사 | 2025. 2월 | 비상근,2026-09-16T22:00:17+09:00,000,raw/document/20260324000822.zip,a596efc699762203b1a7807250c6c0974aee701fb6d03d44a3e2657c3f90551c
KB금융,지주,2025,20260324000835,[기재정정]사업보고서 (2025.12),20260324,겸직표,대상 계열사,1. 임원 및 직원 등의 현황 | IX. 계열회사 등에 관한 사항,병합,4,이환주,국민은행,은행장,2025. 1월,상근,,,,Y,성 명 | 대상 계열사 | 직책 | 선임시기 | 비 고,이환주 | 국민은행 | 은행장 | 2025. 1월 | 상근,2026-09-16T22:02:01+09:00,000,raw/document/20260324000835.zip,b66d6b1b5c69c6355a6a7759978fa29ccd9154f4c2ddf16ba0b359afe16f344e
KB금융,지주,2025,20260324000835,[기재정정]사업보고서 (2025.12),20260324,겸직표,대상 계열사,1. 임원 및 직원 등의 현황 | IX. 계열회사 등에 관한 사항,병합,4,김경남,국민은행,ESG본부장,2025. 7월,상근,,,,Y,성 명 | 대상 계열사 | 직책 | 선임시기 | 비 고,김경남 | 국민은행 | ESG본부장 | 2025. 7월 | 상근,2026-09-16T22:02:01+09:00,000,raw/document/20260324000835.zip,b66d6b1b5c69c6355a6a7759978fa29ccd9154f4c2ddf16ba0b359afe16f344e
KB금융,지주,2025,20260324000835,[기재정정]사업보고서 (2025.12),20260324,겸직표,대상 계열사,1. 임원 및 직원 등의 현황 | IX. 계열회사 등에 관한 사항,병합,2,박진영,국민은행,브랜드홍보그룹대표 상무,2024. 1월,상근,,,,Y,성 명 | 대상 계열사 | 직책 | 선임시기 | 비 고,박진영 | 국민은행 | 브랜드홍보그룹대표 상무 | 2024. 1월 | 상근,2026-09-16T22:02:01+09:00,000,raw/document/20260324000835.zip,b66d6b1b5c69c6355a6a7759978fa29ccd9154f4c2ddf16ba0b359afe16f344e
KB금융,지주,2025,20260324000835,[기재정정]사업보고서 (2025.12),20260324,겸직표,대상 계열사,1. 임원 및 직원 등의 현황 | IX. 계열회사 등에 관한 사항,병합,2,박영세,국민은행,소비자보호그룹대표 부행장,2024. 1월,상근,,,,Y,성 명 | 대상 계열사 | 직책 | 선임시기 | 비 고,박영세 | 국민은행 | 소비자보호그룹대표 부행장 | 2024. 1월 | 상근,2026-09-16T22:02:01+09:00,000,raw/document/20260324000835.zip,b66d6b1b5c69c6355a6a7759978fa29ccd9154f4c2ddf16ba0b359afe16f344e
KB금융,지주,2025,20260324000835,[기재정정]사업보고서 (2025.12),20260324,겸직표,대상 계열사,1. 임원 및 직원 등의 현황 | IX. 계열회사 등에 관한 사항,병합,2,조영서,국민은행,AIㆍDT추진그룹대표 부행장,2025. 1월,상근,,,,Y,성 명 | 대상 계열사 | 직책 | 선임시기 | 비 고,조영서 | 국민은행 | AIㆍDT추진그룹대표 부행장 | 2025. 1월 | 상근,2026-09-16T22:02:01+09:00,000,raw/document/20260324000835.zip,b66d6b1b5c69c6355a6a7759978fa29ccd9154f4c2ddf16ba0b359afe16f344e
KB금융,지주,2025,20260324000835,[기재정정]사업보고서 (2025.12),20260324,겸직표,대상 계열사,1. 임원 및 직원 등의 현황 | IX. 계열회사 등에 관한 사항,병합,4,오상원,국민은행,테크그룹대표 부행장,2024. 1월,상근,,,,Y,성 명 | 대상 계열사 | 직책 | 선임시기 | 비 고,오상원 | 국민은행 | 테크그룹대표 부행장 | 2024. 1월 | 상근,2026-09-16T22:02:01+09:00,000,raw/document/20260324000835.zip,b66d6b1b5c69c6355a6a7759978fa29ccd9154f4c2ddf16ba0b359afe16f344e
KB금융,지주,2025,20260324000835,[기재정정]사업보고서 (2025.12),20260324,겸직표,대상 계열사,1. 임원 및 직원 등의 현황 | IX. 계열회사 등에 관한 사항,병합,2,김병집,국민은행,금융AI1센터장 상무,2025. 1월,상근,,,,Y,성 명 | 대상 계열사 | 직책 | 선임시기 | 비 고,김병집 | 국민은행 | 금융AI1센터장 상무 | 2025. 1월 | 상근,2026-09-16T22:02:01+09:00,000,raw/document/20260324000835.zip,b66d6b1b5c69c6355a6a7759978fa29ccd9154f4c2ddf16ba0b359afe16f344e
KB금융,지주,2025,20260324000835,[기재정정]사업보고서 (2025.12),20260324,겸직표,대상 계열사,1. 임원 및 직원 등의 현황 | IX. 계열회사 등에 관한 사항,병합,4,이경종,국민은행,금융AI2센터장 상무,2025. 1월,상근,,,,Y,성 명 | 대상 계열사 | 직책 | 선임시기 | 비 고,이경종 | 국민은행 | 금융AI2센터장 상무 | 2025. 1월 | 상근,2026-09-16T22:02:01+09:00,000,raw/document/20260324000835.zip,b66d6b1b5c69c6355a6a7759978fa29ccd9154f4c2ddf16ba0b359afe16f344e
KB금융,지주,2025,20260324000835,[기재정정]사업보고서 (2025.12),20260324,겸직표,대상 계열사,1. 임원 및 직원 등의 현황 | IX. 계열회사 등에 관한 사항,병합,4,이현정,국민은행,고객경험디자인센터장,2025. 1월,상근,,,,Y,성 명 | 대상 계열사 | 직책 | 선임시기 | 비 고,이현정 | 국민은행 | 고객경험디자인센터장 | 2025. 1월 | 상근,2026-09-16T22:02:01+09:00,000,raw/document/20260324000835.zip,b66d6b1b5c69c6355a6a7759978fa29ccd9154f4c2ddf16ba0b359afe16f344e
KB금융,지주,2025,20260324000835,[기재정정]사업보고서 (2025.12),20260324,겸직표,대상 계열사,1. 임원 및 직원 등의 현황 | IX. 계열회사 등에 관한 사항,병합,4,최병하,국민은행,테크개발본부장,2025. 1월,상근,,,,Y,성 명 | 대상 계열사 | 직책 | 선임시기 | 비 고,최병하 | 국민은행 | 테크개발본부장 | 2025. 1월 | 상근,2026-09-16T22:02:01+09:00,000,raw/document/20260324000835.zip,b66d6b1b5c69c6355a6a7759978fa29ccd9154f4c2ddf16ba0b359afe16f344e
KB금융,지주,2025,20260324000835,[기재정정]사업보고서 (2025.12),20260324,겸직표,대상 계열사,1. 임원 및 직원 등의 현황 | IX. 계열회사 등에 관한 사항,병합,2,김주현,국민은행,클라우드플랫폼부장,2022. 2월,상근,,,,Y,성 명 | 대상 계열사 | 직책 | 선임시기 | 비 고,김주현 | 국민은행 | 클라우드플랫폼부장 | 2022. 2월 | 상근,2026-09-16T22:02:01+09:00,000,raw/document/20260324000835.zip,b66d6b1b5c69c6355a6a7759978fa29ccd9154f4c2ddf16ba0b359afe16f344e
KB금융,지주,2025,20260324000835,[기재정정]사업보고서 (2025.12),20260324,겸직표,대상 계열사,1. 임원 및 직원 등의 현황 | IX. 계열회사 등에 관한 사항,병합,4,박명화,국민은행,기획조정부장,2025. 1월,상근,,,,Y,성 명 | 대상 계열사 | 직책 | 선임시기 | 비 고,박명화 | 국민은행 | 기획조정부장 | 2025. 1월 | 상근,2026-09-16T22:02:01+09:00,000,raw/document/20260324000835.zip,b66d6b1b5c69c6355a6a7759978fa29ccd9154f4c2ddf16ba0b359afe16f344e
KB금융,지주,2025,20260324000835,[기재정정]사업보고서 (2025.12),20260324,겸직표,대상 계열사,1. 임원 및 직원 등의 현황 | IX. 계열회사 등에 관한 사항,병합,2,박영준,KB증권,기타비상무이사,2025. 2월,비상근,,,,Y,성 명 | 대상 계열사 | 직책 | 선임시기 | 비 고,박영준 | KB증권 | 기타비상무이사 | 2025. 2월 | 비상근,2026-09-16T22:02:01+09:00,000,raw/document/20260324000835.zip,b66d6b1b5c69c6355a6a7759978fa29ccd9154f4c2ddf16ba0b359afe16f344e
KB금융,지주,2025,20260324000835,[기재정정]사업보고서 (2025.12),20260324,겸직표,대상 계열사,1. 임원 및 직원 등의 현황 | IX. 계열회사 등에 관한 사항,병합,4,나상록,KB손해보험,기타비상무이사,2025. 2월,비상근,,,,Y,성 명 | 대상 계열사 | 직책 | 선임시기 | 비 고,나상록 | KB손해보험 | 기타비상무이사 | 2025. 2월 | 비상근,2026-09-16T22:02:01+09:00,000,raw/document/20260324000835.zip,b66d6b1b5c69c6355a6a7759978fa29ccd9154f4c2ddf16ba0b359afe16f344e
KB금융,지주,2025,20260324000835,[기재정정]사업보고서 (2025.12),20260324,겸직표,대상 계열사,1. 임원 및 직원 등의 현황 | IX. 계열회사 등에 관한 사항,병합,2,전효성,KB국민카드,기타비상무이사,2025. 3월,비상근,,,,Y,성 명 | 대상 계열사 | 직책 | 선임시기 | 비 고,전효성 | KB국민카드 | 기타비상무이사 | 2025. 3월 | 비상근,2026-09-16T22:02:01+09:00,000,raw/document/20260324000835.zip,b66d6b1b5c69c6355a6a7759978fa29ccd9154f4c2ddf16ba0b359afe16f344e
KB금융,지주,2025,20260324000835,[기재정정]사업보고서 (2025.12),20260324,겸직표,대상 계열사,1. 임원 및 직원 등의 현황 | IX. 계열회사 등에 관한 사항,병합,2,권봉중,KB라이프생명보험,기타비상무이사,2025. 3월,비상근,,,,Y,성 명 | 대상 계열사 | 직책 | 선임시기 | 비 고,권봉중 | KB라이프생명보험 | 기타비상무이사 | 2025. 3월 | 비상근,2026-09-16T22:02:01+09:00,000,raw/document/20260324000835.zip,b66d6b1b5c69c6355a6a7759978fa29ccd9154f4c2ddf16ba0b359afe16f344e
KB금융,지주,2025,20260324000835,[기재정정]사업보고서 (2025.12),20260324,겸직표,대상 계열사,1. 임원 및 직원 등의 현황 | IX. 계열회사 등에 관한 사항,병합,2,박효익,KB자산운용,기타비상무이사,2025. 3월,비상근,,,,Y,성 명 | 대상 계열사 | 직책 | 선임시기 | 비 고,박효익 | KB자산운용 | 기타비상무이사 | 2025. 3월 | 비상근,2026-09-16T22:02:01+09:00,000,raw/document/20260324000835.zip,b66d6b1b5c69c6355a6a7759978fa29ccd9154f4c2ddf16ba0b359afe16f344e
KB금융,지주,2025,20260324000835,[기재정정]사업보고서 (2025.12),20260324,겸직표,대상 계열사,1. 임원 및 직원 등의 현황 | IX. 계열회사 등에 관한 사항,병합,2,박선현,국민은행,소비자보호그룹대표 부행장,2026. 1월,상근,,,,Y,성 명 | 대상 계열사 | 직책 | 선임시기 | 비 고,박선현 | 국민은행 | 소비자보호그룹대표 부행장 | 2026. 1월 | 상근,2026-09-16T22:02:01+09:00,000,raw/document/20260324000835.zip,b66d6b1b5c69c6355a6a7759978fa29ccd9154f4c2ddf16ba0b359afe16f344e
KB금융,지주,2025,20260324000835,[기재정정]사업보고서 (2025.12),20260324,겸직표,대상 계열사,1. 임원 및 직원 등의 현황 | IX. 계열회사 등에 관한 사항,병합,2,박진영,국민은행,브랜드홍보그룹대표 부행장,2026. 1월,상근,,,,Y,성 명 | 대상 계열사 | 직책 | 선임시기 | 비 고,박진영 | 국민은행 | 브랜드홍보그룹대표 부행장 | 2026. 1월 | 상근,2026-09-16T22:02:01+09:00,000,raw/document/20260324000835.zip,b66d6b1b5c69c6355a6a7759978fa29ccd9154f4c2ddf16ba0b359afe16f344e
KB금융,지주,2025,20260324000835,[기재정정]사업보고서 (2025.12),20260324,겸직표,대상 계열사,1. 임원 및 직원 등의 현황 | IX. 계열회사 등에 관한 사항,병합,2,박형주,국민은행,AIㆍDT추진본부장,2026. 1월,상근,,,,Y,성 명 | 대상 계열사 | 직책 | 선임시기 | 비 고,박형주 | 국민은행 | AIㆍDT추진본부장 | 2026. 1월 | 상근,2026-09-16T22:02:01+09:00,000,raw/document/20260324000835.zip,b66d6b1b5c69c6355a6a7759978fa29ccd9154f4c2ddf16ba0b359afe16f344e
KB금융,지주,2025,20260324000835,[기재정정]사업보고서 (2025.12),20260324,겸직표,대상 계열사,1. 임원 및 직원 등의 현황 | IX. 계열회사 등에 관한 사항,병합,2,이재용,국민은행,정보보호본부장 상무,2022. 8월,상근,,,,Y,성 명 | 대상 계열사 | 직책 | 선임시기 | 비 고,이재용 | 국민은행 | 정보보호본부장 상무 | 2022. 8월 | 상근,2026-09-16T22:02:01+09:00,000,raw/document/20260324000835.zip,b66d6b1b5c69c6355a6a7759978fa29ccd9154f4c2ddf16ba0b359afe16f344e
KB금융,지주,2025,20260324000835,[기재정정]사업보고서 (2025.12),20260324,겸직표,대상 계열사,1. 임원 및 직원 등의 현황 | IX. 계열회사 등에 관한 사항,병합,2,조영서,KB증권,기타비상무이사,2026. 2월,비상근,,,,Y,성 명 | 대상 계열사 | 직책 | 선임시기 | 비 고,조영서 | KB증권 | 기타비상무이사 | 2026. 2월 | 비상근,2026-09-16T22:02:01+09:00,000,raw/document/20260324000835.zip,b66d6b1b5c69c6355a6a7759978fa29ccd9154f4c2ddf16ba0b359afe16f344e
KB금융,지주,2025,20260324000835,[기재정정]사업보고서 (2025.12),20260324,겸직표,대상 계열사,1. 임원 및 직원 등의 현황 | IX. 계열회사 등에 관한 사항,병합,2,윤희승,KB자산운용,기타비상무이사,2026. 2월,비상근,,,,Y,성 명 | 대상 계열사 | 직책 | 선임시기 | 비 고,윤희승 | KB자산운용 | 기타비상무이사 | 2026. 2월 | 비상근,2026-09-16T22:02:01+09:00,000,raw/document/20260324000835.zip,b66d6b1b5c69c6355a6a7759978fa29ccd9154f4c2ddf16ba0b359afe16f344e
KB손해보험,보험자회사,2025,20260331003209,[기재정정]사업보고서 (2025.12),20260331,겸직표,대상 계열사,1. 임원 및 직원 등의 현황 | IX. 계열회사 등에 관한 사항,병합,2,나상록,KB금융지주,재무기획부 상무,2024-01-01,상근,,,,Y,성 명 | 대상 계열사 | 직책 | 선임시기 | 비 고,나상록 | KB금융지주 | 재무기획부 상무 | 2024-01-01 | 상근,2026-09-16T22:05:05+09:00,000,raw/document/20260331003209.zip,90b554096e29fc67e9f5140f8213404ae5a8d306f382cc7423efa013b4829251
KB손해보험,보험자회사,2025,20260331003209,[기재정정]사업보고서 (2025.12),20260331,겸직표,대상 계열사,1. 임원 및 직원 등의 현황 | IX. 계열회사 등에 관한 사항,병합,2,박찬일,케이비손해사정,기타비상무이사,2024-01-01,비상근,,,,Y,성 명 | 대상 계열사 | 직책 | 선임시기 | 비 고,박찬일 | 케이비손해사정 | 기타비상무이사 | 2024-01-01 | 비상근,2026-09-16T22:05:05+09:00,000,raw/document/20260331003209.zip,90b554096e29fc67e9f5140f8213404ae5a8d306f382cc7423efa013b4829251
KB손해보험,보험자회사,2025,20260331003209,[기재정정]사업보고서 (2025.12),20260331,겸직표,대상 계열사,1. 임원 및 직원 등의 현황 | IX. 계열회사 등에 관한 사항,병합,3,강동우,케이비손해사정,기타비상무이사,2025-01-01,비상근,,,,Y,성 명 | 대상 계열사 | 직책 | 선임시기 | 비 고,강동우 | 케이비손해사정 | 기타비상무이사 | 2025-01-01 | 비상근,2026-09-16T22:05:05+09:00,000,raw/document/20260331003209.zip,90b554096e29fc67e9f5140f8213404ae5a8d306f382cc7423efa013b4829251
KB손해보험,보험자회사,2025,20260331003209,[기재정정]사업보고서 (2025.12),20260331,겸직표,대상 계열사,1. 임원 및 직원 등의 현황 | IX. 계열회사 등에 관한 사항,병합,3,박상규,"Leading Insurance Services, Inc.",이사,2025-01-01,비상근,,,,N,성 명 | 대상 계열사 | 직책 | 선임시기 | 비 고,"박상규 | Leading Insurance Services, Inc. | 이사 | 2025-01-01 | 비상근",2026-09-16T22:05:05+09:00,000,raw/document/20260331003209.zip,90b554096e29fc67e9f5140f8213404ae5a8d306f382cc7423efa013b4829251
KB손해보험,보험자회사,2025,20260331003209,[기재정정]사업보고서 (2025.12),20260331,겸직표,대상 계열사,1. 임원 및 직원 등의 현황 | IX. 계열회사 등에 관한 사항,병합,3,정성욱,PT. KB Insurance Indonesia,이사,2023-10-25,비상근,,,,N,성 명 | 대상 계열사 | 직책 | 선임시기 | 비 고,정성욱 | PT. KB Insurance Indonesia | 이사 | 2023-10-25 | 비상근,2026-09-16T22:05:05+09:00,000,raw/document/20260331003209.zip,90b554096e29fc67e9f5140f8213404ae5a8d306f382cc7423efa013b4829251
KB손해보험,보험자회사,2025,20260331003209,[기재정정]사업보고서 (2025.12),20260331,겸직표,대상 계열사,1. 임원 및 직원 등의 현황 | IX. 계열회사 등에 관한 사항,병합,3,황성수,"KBFG Insurance(China) Co., Ltd.",이사,2022-10-25,비상근,,,,N,성 명 | 대상 계열사 | 직책 | 선임시기 | 비 고,"황성수 | KBFG Insurance(China) Co., Ltd. | 이사 | 2022-10-25 | 비상근",2026-09-16T22:05:05+09:00,000,raw/document/20260331003209.zip,90b554096e29fc67e9f5140f8213404ae5a8d306f382cc7423efa013b4829251
KB손해보험,보험자회사,2025,20260331003209,[기재정정]사업보고서 (2025.12),20260331,겸직표,대상 계열사,1. 임원 및 직원 등의 현황 | IX. 계열회사 등에 관한 사항,병합,3,고창영,케이비헬스케어,기타비상무이사,2023-01-01,비상근,,,,N,성 명 | 대상 계열사 | 직책 | 선임시기 | 비 고,고창영 | 케이비헬스케어 | 기타비상무이사 | 2023-01-01 | 비상근,2026-09-16T22:05:05+09:00,000,raw/document/20260331003209.zip,90b554096e29fc67e9f5140f8213404ae5a8d306f382cc7423efa013b4829251
KB손해보험,보험자회사,2025,20260331003209,[기재정정]사업보고서 (2025.12),20260331,겸직표,대상 계열사,1. 임원 및 직원 등의 현황,단독,1,나상록,KB금융지주,재무기획부 전무,2024-01-01,상근,,,,Y,성 명 | 대상 계열사 | 직책 | 선임시기 | 비 고,나상록 | KB금융지주 | 재무기획부 전무 | 2024-01-01 | 상근,2026-09-16T22:05:05+09:00,000,raw/document/20260331003209.zip,90b554096e29fc67e9f5140f8213404ae5a8d306f382cc7423efa013b4829251
KB손해보험,보험자회사,2025,20260331003209,[기재정정]사업보고서 (2025.12),20260331,겸직표,대상 계열사,1. 임원 및 직원 등의 현황,단독,1,박영미,케이비손해사정,기타비상무이사,2026-01-01,비상근,,,,Y,성 명 | 대상 계열사 | 직책 | 선임시기 | 비 고,박영미 | 케이비손해사정 | 기타비상무이사 | 2026-01-01 | 비상근,2026-09-16T22:05:05+09:00,000,raw/document/20260331003209.zip,90b554096e29fc67e9f5140f8213404ae5a8d306f382cc7423efa013b4829251
KB라이프생명보험,보험자회사,2025,20260331003664,[기재정정]사업보고서 (2025.12),20260331,겸직표,대상회사,1. 임원 및 직원 등의 현황,단독,1,박성종,(주) 에어레인,사외이사,2023.08,,,,,N,성 명 | 대상회사 | 직책 | 선임시기,박성종 | (주) 에어레인 | 사외이사 | 2023.08,2026-09-16T22:07:10+09:00,000,raw/document/20260331003664.zip,b1ffd6707e01b6e8213cb0e01e871c3ca27d18724c6e469a19b1d0b4051e892f
KB라이프생명보험,보험자회사,2025,20260331003664,[기재정정]사업보고서 (2025.12),20260331,겸직표,대상회사,1. 임원 및 직원 등의 현황,단독,1,황현아,농업정책보험금융원,비상임이사,2023.03,,,,,Y,성 명 | 대상회사 | 직책 | 선임시기,황현아 | 농업정책보험금융원 | 비상임이사 | 2023.03,2026-09-16T22:07:10+09:00,000,raw/document/20260331003664.zip,b1ffd6707e01b6e8213cb0e01e871c3ca27d18724c6e469a19b1d0b4051e892f
KB라이프생명보험,보험자회사,2025,20260331003664,[기재정정]사업보고서 (2025.12),20260331,겸직표,대상회사,1. 임원 및 직원 등의 현황,단독,1,고광철,에스케이증권 주식회사,사외이사,2025.03,,,,,Y,성 명 | 대상회사 | 직책 | 선임시기,고광철 | 에스케이증권 주식회사 | 사외이사 | 2025.03,2026-09-16T22:07:10+09:00,000,raw/document/20260331003664.zip,b1ffd6707e01b6e8213cb0e01e871c3ca27d18724c6e469a19b1d0b4051e892f
KB라이프생명보험,보험자회사,2025,20260331003664,[기재정정]사업보고서 (2025.12),20260331,겸직표,대상 계열사,1. 임원 및 직원 등의 현황 | IX. 계열회사 등에 관한 사항,병합,2,권봉중,KB금융지주,전무,2021.01,상근,,,,Y,성 명 | 대상 계열사 | 직책 | 선임시기 | 비 고,권봉중 | KB금융지주 | 전무 | 2021.01 | 상근,2026-09-16T22:07:10+09:00,000,raw/document/20260331003664.zip,b1ffd6707e01b6e8213cb0e01e871c3ca27d18724c6e469a19b1d0b4051e892f
KB라이프생명보험,보험자회사,2025,20260331003664,[기재정정]사업보고서 (2025.12),20260331,겸직표,대상 계열사,1. 임원 및 직원 등의 현황 | IX. 계열회사 등에 관한 사항,병합,4,조경희,KB라이프파트너스,기타비상무이사,2025.07,비상근,,,,N,성 명 | 대상 계열사 | 직책 | 선임시기 | 비 고,조경희 | KB라이프파트너스 | 기타비상무이사 | 2025.07 | 비상근,2026-09-16T22:07:10+09:00,000,raw/document/20260331003664.zip,b1ffd6707e01b6e8213cb0e01e871c3ca27d18724c6e469a19b1d0b4051e892f
KB라이프생명보험,보험자회사,2025,20260331003664,[기재정정]사업보고서 (2025.12),20260331,겸직표,대상 계열사,1. 임원 및 직원 등의 현황 | IX. 계열회사 등에 관한 사항,병합,4,김효동,KB골든라이프케어,기타비상무이사,2025.01,비상근,,,,N,성 명 | 대상 계열사 | 직책 | 선임시기 | 비 고,김효동 | KB골든라이프케어 | 기타비상무이사 | 2025.01 | 비상근,2026-09-16T22:07:10+09:00,000,raw/document/20260331003664.zip,b1ffd6707e01b6e8213cb0e01e871c3ca27d18724c6e469a19b1d0b4051e892f
KB라이프생명보험,보험자회사,2025,20260331003664,[기재정정]사업보고서 (2025.12),20260331,겸직표,대상 계열사,1. 임원 및 직원 등의 현황 | IX. 계열회사 등에 관한 사항,병합,4,박민하,KB골든라이프케어,기타비상무이사,2024.01,비상근,,,,N,성 명 | 대상 계열사 | 직책 | 선임시기 | 비 고,박민하 | KB골든라이프케어 | 기타비상무이사 | 2024.01 | 비상근,2026-09-16T22:07:10+09:00,000,raw/document/20260331003664.zip,b1ffd6707e01b6e8213cb0e01e871c3ca27d18724c6e469a19b1d0b4051e892f
KB라이프생명보험,보험자회사,2025,20260331003664,[기재정정]사업보고서 (2025.12),20260331,겸직표,대상 계열사,1. 임원 및 직원 등의 현황 | IX. 계열회사 등에 관한 사항,병합,4,김대웅,KB라이프파트너스,상무,2025.01,상근,,,,N,성 명 | 대상 계열사 | 직책 | 선임시기 | 비 고,김대웅 | KB라이프파트너스 | 상무 | 2025.01 | 상근,2026-09-16T22:07:10+09:00,000,raw/document/20260331003664.zip,b1ffd6707e01b6e8213cb0e01e871c3ca27d18724c6e469a19b1d0b4051e892f
메리츠화재해상보험,보험자회사,2025,20260331003916,사업보고서 (2025.12),20260331,겸직표,계열회사 겸직내역,IX. 계열회사 등에 관한 사항,단독,1,김경환 (미등기임원),,그룹부채부문,,상근(미등기임원),,,,N,겸직대상자 | 계열회사 겸직내역·대상 계열회사 | 계열회사 겸직내역·직책 | 계열회사 겸직내역·상근여부,김경환 (미등기임원) | 메리츠금융지주 | 그룹부채부문 | 상근(미등기임원),2026-09-11T11:05:09+09:00,000,raw/document/20260331003916.zip,eb7e1f31d95e8e01f026b75a44c3f4b76a9a759c5240c63024aebcf89b3eedd9
메리츠화재해상보험,보험자회사,2025,20260331003916,사업보고서 (2025.12),20260331,겸직표,계열회사 겸직내역,IX. 계열회사 등에 관한 사항,단독,1,김정일 (미등기임원),,그룹부채부문,,상근(미등기임원),,,,N,겸직대상자 | 계열회사 겸직내역·대상 계열회사 | 계열회사 겸직내역·직책 | 계열회사 겸직내역·상근여부,김정일 (미등기임원) | 메리츠금융지주 | 그룹부채부문 | 상근(미등기임원),2026-09-11T11:05:09+09:00,000,raw/document/20260331003916.zip,eb7e1f31d95e8e01f026b75a44c3f4b76a9a759c5240c63024aebcf89b3eedd9
메리츠화재해상보험,보험자회사,2025,20260331003916,사업보고서 (2025.12),20260331,겸직표,계열회사 겸직내역,IX. 계열회사 등에 관한 사항,단독,1,서수동 (미등기임원),,관리총괄,,상근(미등기임원),,,,N,겸직대상자 | 계열회사 겸직내역·대상 계열회사 | 계열회사 겸직내역·직책 | 계열회사 겸직내역·상근여부,서수동 (미등기임원) | 메리츠금융지주 | 관리총괄 | 상근(미등기임원),2026-09-11T11:05:09+09:00,000,raw/document/20260331003916.zip,eb7e1f31d95e8e01f026b75a44c3f4b76a9a759c5240c63024aebcf89b3eedd9
메리츠화재해상보험,보험자회사,2025,20260331003916,사업보고서 (2025.12),20260331,겸직표,계열회사 겸직내역,IX. 계열회사 등에 관한 사항,단독,1,한정원 (미등기임원),,브랜드홍보총괄,,상근(미등기임원),,,,N,겸직대상자 | 계열회사 겸직내역·대상 계열회사 | 계열회사 겸직내역·직책 | 계열회사 겸직내역·상근여부,한정원 (미등기임원) | 메리츠금융지주 | 브랜드홍보총괄 | 상근(미등기임원),2026-09-11T11:05:09+09:00,000,raw/document/20260331003916.zip,eb7e1f31d95e8e01f026b75a44c3f4b76a9a759c5240c63024aebcf89b3eedd9
메리츠화재해상보험,보험자회사,2025,20260331003916,사업보고서 (2025.12),20260331,겸직표,계열회사 겸직내역,IX. 계열회사 등에 관한 사항,미매핑,1,,,,,,,,,N,겸직대상자 | 계열회사 겸직내역·대상 계열회사 | 계열회사 겸직내역·직책 | 계열회사 겸직내역·상근여부,메리츠증권 | 홍보본부장 | 상근(미등기임원),2026-09-11T11:05:09+09:00,000,raw/document/20260331003916.zip,eb7e1f31d95e8e01f026b75a44c3f4b76a9a759c5240c63024aebcf89b3eedd9
메리츠화재해상보험,보험자회사,2025,20260331003916,사업보고서 (2025.12),20260331,겸직표,계열회사 겸직내역,IX. 계열회사 등에 관한 사항,단독,1,오종원 (미등기임원),,위험관리책임자/CRO,,상근(미등기임원),,,,N,겸직대상자 | 계열회사 겸직내역·대상 계열회사 | 계열회사 겸직내역·직책 | 계열회사 겸직내역·상근여부,오종원 (미등기임원) | 메리츠금융지주 | 위험관리책임자/CRO | 상근(미등기임원),2026-09-11T11:05:09+09:00,000,raw/document/20260331003916.zip,eb7e1f31d95e8e01f026b75a44c3f4b76a9a759c5240c63024aebcf89b3eedd9
메리츠화재해상보험,보험자회사,2025,20260331003916,사업보고서 (2025.12),20260331,겸직표,계열회사 겸직내역,IX. 계열회사 등에 관한 사항,단독,1,최대현 (미등기임원),,경영지원팀 소속,,상근(미등기임원),,,,N,겸직대상자 | 계열회사 겸직내역·대상 계열회사 | 계열회사 겸직내역·직책 | 계열회사 겸직내역·상근여부,최대현 (미등기임원) | 메리츠금융지주 | 경영지원팀 소속 | 상근(미등기임원),2026-09-11T11:05:09+09:00,000,raw/document/20260331003916.zip,eb7e1f31d95e8e01f026b75a44c3f4b76a9a759c5240c63024aebcf89b3eedd9
메리츠금융지주,지주,2025,20260331004089,[기재정정]사업보고서 (2025.12),20260331,겸직표,계열회사 겸직내역,IX. 계열회사 등에 관한 사항,단독,2,김명애(등기임원),메리츠화재,사외이사,,비상근(등기임원),,,,Y,겸직대상자 | 계열회사 겸직내역·회사명 | 계열회사 겸직내역·직 책 | 계열회사 겸직내역·상근여부 | 비 고,김명애(등기임원) | 메리츠화재 | 사외이사 | 비상근(등기임원) | -,2026-09-16T22:09:51+09:00,000,raw/document/20260331004089.zip,6bf71311a535e281f72157d24085f7a12e1c7076bbc611d1ba1a1c4ddb41cfac
메리츠금융지주,지주,2025,20260331004089,[기재정정]사업보고서 (2025.12),20260331,겸직표,계열회사 겸직내역,IX. 계열회사 등에 관한 사항,단독,2,김경환(미등기임원),메리츠화재,전략영업총괄,,상근(미등기임원),,,,Y,겸직대상자 | 계열회사 겸직내역·회사명 | 계열회사 겸직내역·직 책 | 계열회사 겸직내역·상근여부 | 비 고,김경환(미등기임원) | 메리츠화재 | 전략영업총괄 | 상근(미등기임원) | -,2026-09-16T22:09:51+09:00,000,raw/document/20260331004089.zip,6bf71311a535e281f72157d24085f7a12e1c7076bbc611d1ba1a1c4ddb41cfac
메리츠금융지주,지주,2025,20260331004089,[기재정정]사업보고서 (2025.12),20260331,겸직표,계열회사 겸직내역,IX. 계열회사 등에 관한 사항,단독,2,김종민(미등기임원),메리츠증권,대표이사,,상근(등기임원),,,,Y,겸직대상자 | 계열회사 겸직내역·회사명 | 계열회사 겸직내역·직 책 | 계열회사 겸직내역·상근여부 | 비 고,김종민(미등기임원) | 메리츠증권 | 대표이사 | 상근(등기임원) | -,2026-09-16T22:09:51+09:00,000,raw/document/20260331004089.zip,6bf71311a535e281f72157d24085f7a12e1c7076bbc611d1ba1a1c4ddb41cfac
메리츠금융지주,지주,2025,20260331004089,[기재정정]사업보고서 (2025.12),20260331,겸직표,계열회사 겸직내역,IX. 계열회사 등에 관한 사항,단독,2,서수동(미등기임원),메리츠화재,윤리경영실장,,상근(미등기임원),,,,Y,겸직대상자 | 계열회사 겸직내역·회사명 | 계열회사 겸직내역·직 책 | 계열회사 겸직내역·상근여부 | 비 고,서수동(미등기임원) | 메리츠화재 | 윤리경영실장 | 상근(미등기임원) | -,2026-09-16T22:09:51+09:00,000,raw/document/20260331004089.zip,6bf71311a535e281f72157d24085f7a12e1c7076bbc611d1ba1a1c4ddb41cfac
메리츠금융지주,지주,2025,20260331004089,[기재정정]사업보고서 (2025.12),20260331,겸직표,계열회사 겸직내역,IX. 계열회사 등에 관한 사항,단독,2,여은석(미등기임원),메리츠증권,프로젝트금융사업본부장,,상근(미등기임원),,,,Y,겸직대상자 | 계열회사 겸직내역·회사명 | 계열회사 겸직내역·직 책 | 계열회사 겸직내역·상근여부 | 비 고,여은석(미등기임원) | 메리츠증권 | 프로젝트금융사업본부장 | 상근(미등기임원) | -,2026-09-16T22:09:51+09:00,000,raw/document/20260331004089.zip,6bf71311a535e281f72157d24085f7a12e1c7076bbc611d1ba1a1c4ddb41cfac
메리츠금융지주,지주,2025,20260331004089,[기재정정]사업보고서 (2025.12),20260331,겸직표,계열회사 겸직내역,IX. 계열회사 등에 관한 사항,단독,2,한정원(미등기임원),메리츠화재,홍보본부장,,상근(미등기임원),,,,Y,겸직대상자 | 계열회사 겸직내역·회사명 | 계열회사 겸직내역·직 책 | 계열회사 겸직내역·상근여부 | 비 고,한정원(미등기임원) | 메리츠화재 | 홍보본부장 | 상근(미등기임원) | -,2026-09-16T22:09:51+09:00,000,raw/document/20260331004089.zip,6bf71311a535e281f72157d24085f7a12e1c7076bbc611d1ba1a1c4ddb41cfac
메리츠금융지주,지주,2025,20260331004089,[기재정정]사업보고서 (2025.12),20260331,겸직표,계열회사 겸직내역,IX. 계열회사 등에 관한 사항,미매핑,3,,,,,,,,,N,겸직대상자 | 계열회사 겸직내역·회사명 | 계열회사 겸직내역·직 책 | 계열회사 겸직내역·상근여부 | 비 고,메리츠증권 | 홍보본부장 | 상근(미등기임원) | -,2026-09-16T22:09:51+09:00,000,raw/document/20260331004089.zip,6bf71311a535e281f72157d24085f7a12e1c7076bbc611d1ba1a1c4ddb41cfac
메리츠금융지주,지주,2025,20260331004089,[기재정정]사업보고서 (2025.12),20260331,겸직표,계열회사 겸직내역,IX. 계열회사 등에 관한 사항,단독,2,오종원(미등기임원),메리츠화재,위험관리책임자/리스크관리팀장,,상근(미등기임원),,,,Y,겸직대상자 | 계열회사 겸직내역·회사명 | 계열회사 겸직내역·직 책 | 계열회사 겸직내역·상근여부 | 비 고,오종원(미등기임원) | 메리츠화재 | 위험관리책임자/리스크관리팀장 | 상근(미등기임원) | -,2026-09-16T22:09:51+09:00,000,raw/document/20260331004089.zip,6bf71311a535e281f72157d24085f7a12e1c7076bbc611d1ba1a1c4ddb41cfac
메리츠금융지주,지주,2025,20260331004089,[기재정정]사업보고서 (2025.12),20260331,겸직표,계열회사 겸직내역,IX. 계열회사 등에 관한 사항,단독,2,김정일(미등기임원),메리츠화재,개인영업총괄,,상근(미등기임원),,,,Y,겸직대상자 | 계열회사 겸직내역·회사명 | 계열회사 겸직내역·직 책 | 계열회사 겸직내역·상근여부 | 비 고,김정일(미등기임원) | 메리츠화재 | 개인영업총괄 | 상근(미등기임원) | -,2026-09-16T22:09:51+09:00,000,raw/document/20260331004089.zip,6bf71311a535e281f72157d24085f7a12e1c7076bbc611d1ba1a1c4ddb41cfac
메리츠금융지주,지주,2025,20260331004089,[기재정정]사업보고서 (2025.12),20260331,겸직표,계열회사 겸직내역,IX. 계열회사 등에 관한 사항,단독,2,권동찬(미등기임원),메리츠증권,트레이딩본부장,,상근(미등기임원),,,,Y,겸직대상자 | 계열회사 겸직내역·회사명 | 계열회사 겸직내역·직 책 | 계열회사 겸직내역·상근여부 | 비 고,권동찬(미등기임원) | 메리츠증권 | 트레이딩본부장 | 상근(미등기임원) | -,2026-09-16T22:09:51+09:00,000,raw/document/20260331004089.zip,6bf71311a535e281f72157d24085f7a12e1c7076bbc611d1ba1a1c4ddb41cfac
메리츠금융지주,지주,2025,20260331004089,[기재정정]사업보고서 (2025.12),20260331,겸직표,계열회사 겸직내역,IX. 계열회사 등에 관한 사항,단독,1,김근영(미등기임원),메리츠증권,정보보호본부장,,상근(미등기임원),,,,Y,겸직대상자 | 계열회사 겸직내역·회사명 | 계열회사 겸직내역·직 책 | 계열회사 겸직내역·상근여부 | 비 고,김근영(미등기임원) | 메리츠증권 | 정보보호본부장 | 상근(미등기임원) | -,2026-09-16T22:09:51+09:00,000,raw/document/20260331004089.zip,6bf71311a535e281f72157d24085f7a12e1c7076bbc611d1ba1a1c4ddb41cfac
메리츠금융지주,지주,2025,20260331004089,[기재정정]사업보고서 (2025.12),20260331,겸직표,계열회사 겸직내역,IX. 계열회사 등에 관한 사항,단독,2,최대현(미등기임원),메리츠화재,윤리경영실,,상근(미등기임원),,,,Y,겸직대상자 | 계열회사 겸직내역·회사명 | 계열회사 겸직내역·직 책 | 계열회사 겸직내역·상근여부 | 비 고,최대현(미등기임원) | 메리츠화재 | 윤리경영실 | 상근(미등기임원) | -,2026-09-16T22:09:51+09:00,000,raw/document/20260331004089.zip,6bf71311a535e281f72157d24085f7a12e1c7076bbc611d1ba1a1c4ddb41cfac
메리츠금융지주,지주,2025,20260331004089,[기재정정]사업보고서 (2025.12),20260331,겸직표,계열회사 겸직내역,IX. 계열회사 등에 관한 사항,단독,1,안운기(미등기임원),메리츠화재,정보보안팀장 겸 정보보안지원파트장 겸 보안품질파트장 상무보,,상근(미등기임원),,,,Y,겸직대상자 | 계열회사 겸직내역·회사명 | 계열회사 겸직내역·직 책 | 계열회사 겸직내역·상근여부 | 비 고,안운기(미등기임원) | 메리츠화재 | 정보보안팀장 겸 정보보안지원파트장 겸 보안품질파트장 상무보 | 상근(미등기임원) | -,2026-09-16T22:09:51+09:00,000,raw/document/20260331004089.zip,6bf71311a535e281f72157d24085f7a12e1c7076bbc611d1ba1a1c4ddb41cfac
신한라이프생명보험,보험자회사,2025,20260331004136,[기재정정]사업보고서 (2025.12),20260331,겸직표,대상회사,IX. 계열회사 등에 관한 사항,단독,2,정상혁,신한은행,은행장,2023.02.15,상근,,,,Y,성명 | 대상회사 | 직위명 | 선임일 | 비고,정상혁 | 신한은행 | 은행장 | 2023.02.15 | 상근,2026-09-16T22:10:49+09:00,000,raw/document/20260331004136.zip,ed955aedfd62fe0d2032f317d81d4656e648a3c74719d17629ed19d457daf267
신한라이프생명보험,보험자회사,2025,20260331004136,[기재정정]사업보고서 (2025.12),20260331,겸직표,대상회사,IX. 계열회사 등에 관한 사항,단독,2,최혁재,신한은행,부행장,2025.10.01,상근,,,,Y,성명 | 대상회사 | 직위명 | 선임일 | 비고,최혁재 | 신한은행 | 부행장 | 2025.10.01 | 상근,2026-09-16T22:10:49+09:00,000,raw/document/20260331004136.zip,ed955aedfd62fe0d2032f317d81d4656e648a3c74719d17629ed19d457daf267
신한라이프생명보험,보험자회사,2025,20260331004136,[기재정정]사업보고서 (2025.12),20260331,겸직표,대상회사,IX. 계열회사 등에 관한 사항,단독,1,고석헌,신한카드,비상임이사,2024.01.01,비상근,,,,Y,성명 | 대상회사 | 직위명 | 선임일 | 비고,고석헌 | 신한카드 | 비상임이사 | 2024.01.01 | 비상근,2026-09-16T22:10:49+09:00,000,raw/document/20260331004136.zip,ed955aedfd62fe0d2032f317d81d4656e648a3c74719d17629ed19d457daf267
신한라이프생명보험,보험자회사,2025,20260331004136,[기재정정]사업보고서 (2025.12),20260331,겸직표,대상회사,IX. 계열회사 등에 관한 사항,미매핑,17,,,,,,,,,N,성명 | 대상회사 | 직위명 | 선임일 | 비고,신한저축은행 | 비상임이사 | 2024.01.01 | 비상근,2026-09-16T22:10:49+09:00,000,raw/document/20260331004136.zip,ed955aedfd62fe0d2032f317d81d4656e648a3c74719d17629ed19d457daf267
신한라이프생명보험,보험자회사,2025,20260331004136,[기재정정]사업보고서 (2025.12),20260331,겸직표,대상회사,IX. 계열회사 등에 관한 사항,단독,1,천상영,신한라이프,비상임이사,2024.01.01,비상근,,,,N,성명 | 대상회사 | 직위명 | 선임일 | 비고,천상영 | 신한라이프 | 비상임이사 | 2024.01.01 | 비상근,2026-09-16T22:10:49+09:00,000,raw/document/20260331004136.zip,ed955aedfd62fe0d2032f317d81d4656e648a3c74719d17629ed19d457daf267
신한라이프생명보험,보험자회사,2025,20260331004136,[기재정정]사업보고서 (2025.12),20260331,겸직표,대상회사,IX. 계열회사 등에 관한 사항,단독,2,이인균,신한은행,비상임이사,2023.01.01,비상근,,,,Y,성명 | 대상회사 | 직위명 | 선임일 | 비고,이인균 | 신한은행 | 비상임이사 | 2023.01.01 | 비상근,2026-09-16T22:10:49+09:00,000,raw/document/20260331004136.zip,ed955aedfd62fe0d2032f317d81d4656e648a3c74719d17629ed19d457daf267
신한라이프생명보험,보험자회사,2025,20260331004136,[기재정정]사업보고서 (2025.12),20260331,겸직표,대상회사,IX. 계열회사 등에 관한 사항,단독,2,박현주,신한은행,부행장,2022.01.01,상근,,,,Y,성명 | 대상회사 | 직위명 | 선임일 | 비고,박현주 | 신한은행 | 부행장 | 2022.01.01 | 상근,2026-09-16T22:10:49+09:00,000,raw/document/20260331004136.zip,ed955aedfd62fe0d2032f317d81d4656e648a3c74719d17629ed19d457daf267
신한라이프생명보험,보험자회사,2025,20260331004136,[기재정정]사업보고서 (2025.12),20260331,겸직표,대상회사,IX. 계열회사 등에 관한 사항,단독,2,김지온,신한DS,비상근감사,2024.03.28,비상근,,,,N,성명 | 대상회사 | 직위명 | 선임일 | 비고,김지온 | 신한DS | 비상근감사 | 2024.03.28 | 비상근,2026-09-16T22:10:49+09:00,000,raw/document/20260331004136.zip,ed955aedfd62fe0d2032f317d81d4656e648a3c74719d17629ed19d457daf267
신한라이프생명보험,보험자회사,2025,20260331004136,[기재정정]사업보고서 (2025.12),20260331,겸직표,대상회사,IX. 계열회사 등에 관한 사항,단독,2,김준환,신한DS,비상임이사,2024.01.01,비상근,,,,N,성명 | 대상회사 | 직위명 | 선임일 | 비고,김준환 | 신한DS | 비상임이사 | 2024.01.01 | 비상근,2026-09-16T22:10:49+09:00,000,raw/document/20260331004136.zip,ed955aedfd62fe0d2032f317d81d4656e648a3c74719d17629ed19d457daf267
신한라이프생명보험,보험자회사,2025,20260331004136,[기재정정]사업보고서 (2025.12),20260331,겸직표,대상회사,IX. 계열회사 등에 관한 사항,단독,1,황경업,신한펀드파트너스,비상임이사,2024.01.01,비상근,,,,N,성명 | 대상회사 | 직위명 | 선임일 | 비고,황경업 | 신한펀드파트너스 | 비상임이사 | 2024.01.01 | 비상근,2026-09-16T22:10:49+09:00,000,raw/document/20260331004136.zip,ed955aedfd62fe0d2032f317d81d4656e648a3c74719d17629ed19d457daf267
신한라이프생명보험,보험자회사,2025,20260331004136,[기재정정]사업보고서 (2025.12),20260331,겸직표,대상회사,IX. 계열회사 등에 관한 사항,단독,2,고유선,신한자산운용,비상임이사,2024.01.01,비상근,,,,Y,성명 | 대상회사 | 직위명 | 선임일 | 비고,고유선 | 신한자산운용 | 비상임이사 | 2024.01.01 | 비상근,2026-09-16T22:10:49+09:00,000,raw/document/20260331004136.zip,ed955aedfd62fe0d2032f317d81d4656e648a3c74719d17629ed19d457daf267
신한라이프생명보험,보험자회사,2025,20260331004136,[기재정정]사업보고서 (2025.12),20260331,겸직표,대상회사,IX. 계열회사 등에 관한 사항,단독,1,이원태,신한투자증권,비상임이사,2025.01.01,비상근,,,,Y,성명 | 대상회사 | 직위명 | 선임일 | 비고,이원태 | 신한투자증권 | 비상임이사 | 2025.01.01 | 비상근,2026-09-16T22:10:49+09:00,000,raw/document/20260331004136.zip,ed955aedfd62fe0d2032f317d81d4656e648a3c74719d17629ed19d457daf267
신한라이프생명보험,보험자회사,2025,20260331004136,[기재정정]사업보고서 (2025.12),20260331,겸직표,대상회사,IX. 계열회사 등에 관한 사항,단독,1,김원길,신한EZ손해보험,비상임이사,2025.03.21,비상근,,,,Y,성명 | 대상회사 | 직위명 | 선임일 | 비고,김원길 | 신한EZ손해보험 | 비상임이사 | 2025.03.21 | 비상근,2026-09-16T22:10:49+09:00,000,raw/document/20260331004136.zip,ed955aedfd62fe0d2032f317d81d4656e648a3c74719d17629ed19d457daf267
신한라이프생명보험,보험자회사,2025,20260331004136,[기재정정]사업보고서 (2025.12),20260331,겸직표,대상회사,IX. 계열회사 등에 관한 사항,단독,1,고석헌,신한자산신탁,비상임이사,2026.01.01,비상근,,,,Y,성명 | 대상회사 | 직위명 | 선임일 | 비고,고석헌 | 신한자산신탁 | 비상임이사 | 2026.01.01 | 비상근,2026-09-16T22:10:49+09:00,000,raw/document/20260331004136.zip,ed955aedfd62fe0d2032f317d81d4656e648a3c74719d17629ed19d457daf267
신한라이프생명보험,보험자회사,2025,20260331004136,[기재정정]사업보고서 (2025.12),20260331,겸직표,대상회사,IX. 계열회사 등에 관한 사항,단독,1,장정훈,신한투자증권,비상임이사,2026.01.01,비상근,,,,Y,성명 | 대상회사 | 직위명 | 선임일 | 비고,장정훈 | 신한투자증권 | 비상임이사 | 2026.01.01 | 비상근,2026-09-16T22:10:49+09:00,000,raw/document/20260331004136.zip,ed955aedfd62fe0d2032f317d81d4656e648a3c74719d17629ed19d457daf267
신한라이프생명보험,보험자회사,2025,20260331004136,[기재정정]사업보고서 (2025.12),20260331,겸직표,대상회사,IX. 계열회사 등에 관한 사항,단독,1,이원태,신한벤처투자,비상임이사,2025.01.01,비상근,,,,Y,성명 | 대상회사 | 직위명 | 선임일 | 비고,이원태 | 신한벤처투자 | 비상임이사 | 2025.01.01 | 비상근,2026-09-16T22:10:49+09:00,000,raw/document/20260331004136.zip,ed955aedfd62fe0d2032f317d81d4656e648a3c74719d17629ed19d457daf267
신한라이프생명보험,보험자회사,2025,20260331004136,[기재정정]사업보고서 (2025.12),20260331,겸직표,대상회사,IX. 계열회사 등에 관한 사항,단독,1,한동영,신한펀드파트너스,비상임이사,2026.01.01,비상근,,,,N,성명 | 대상회사 | 직위명 | 선임일 | 비고,한동영 | 신한펀드파트너스 | 비상임이사 | 2026.01.01 | 비상근,2026-09-16T22:10:49+09:00,000,raw/document/20260331004136.zip,ed955aedfd62fe0d2032f317d81d4656e648a3c74719d17629ed19d457daf267
신한라이프생명보험,보험자회사,2025,20260331004136,[기재정정]사업보고서 (2025.12),20260331,겸직표,대상회사,IX. 계열회사 등에 관한 사항,단독,1,최종윤,신한벤처투자,비상임이사,2026.01.01,비상근,,,,Y,성명 | 대상회사 | 직위명 | 선임일 | 비고,최종윤 | 신한벤처투자 | 비상임이사 | 2026.01.01 | 비상근,2026-09-16T22:10:49+09:00,000,raw/document/20260331004136.zip,ed955aedfd62fe0d2032f317d81d4656e648a3c74719d17629ed19d457daf267
신한라이프생명보험,보험자회사,2025,20260331004136,[기재정정]사업보고서 (2025.12),20260331,겸직표,대상회사,IX. 계열회사 등에 관한 사항,단독,1,구교영,신한EZ손해보험,비상임이사,2026.01.01,비상근,,,,Y,성명 | 대상회사 | 직위명 | 선임일 | 비고,구교영 | 신한EZ손해보험 | 비상임이사 | 2026.01.01 | 비상근,2026-09-16T22:10:49+09:00,000,raw/document/20260331004136.zip,ed955aedfd62fe0d2032f317d81d4656e648a3c74719d17629ed19d457daf267
신한라이프생명보험,보험자회사,2025,20260331004136,[기재정정]사업보고서 (2025.12),20260331,겸직표,대상회사,IX. 계열회사 등에 관한 사항,단독,1,장선형,신한DS,비상임이사,2026.01.01,비상근,,,,N,성명 | 대상회사 | 직위명 | 선임일 | 비고,장선형 | 신한DS | 비상임이사 | 2026.01.01 | 비상근,2026-09-16T22:10:49+09:00,000,raw/document/20260331004136.zip,ed955aedfd62fe0d2032f317d81d4656e648a3c74719d17629ed19d457daf267
신한라이프생명보험,보험자회사,2025,20260331004136,[기재정정]사업보고서 (2025.12),20260331,겸직표,대상회사,IX. 계열회사 등에 관한 사항,단독,1,김원길,신한리츠운용,비상임이사,2026.01.01,비상근,,,,N,성명 | 대상회사 | 직위명 | 선임일 | 비고,김원길 | 신한리츠운용 | 비상임이사 | 2026.01.01 | 비상근,2026-09-16T22:10:49+09:00,000,raw/document/20260331004136.zip,ed955aedfd62fe0d2032f317d81d4656e648a3c74719d17629ed19d457daf267
신한라이프생명보험,보험자회사,2025,20260331004136,[기재정정]사업보고서 (2025.12),20260331,겸직표,대상회사,IX. 계열회사 등에 관한 사항,단독,1,김동우,신한라이프,비상임이사,2026.01.01,비상근,,,,N,성명 | 대상회사 | 직위명 | 선임일 | 비고,김동우 | 신한라이프 | 비상임이사 | 2026.01.01 | 비상근,2026-09-16T22:10:49+09:00,000,raw/document/20260331004136.zip,ed955aedfd62fe0d2032f317d81d4656e648a3c74719d17629ed19d457daf267
신한라이프생명보험,보험자회사,2025,20260331004136,[기재정정]사업보고서 (2025.12),20260331,겸직표,대상회사,IX. 계열회사 등에 관한 사항,단독,1,윤원희,신한벤처투자,비상근감사,2026.01.01,비상근,,,,Y,성명 | 대상회사 | 직위명 | 선임일 | 비고,윤원희 | 신한벤처투자 | 비상근감사 | 2026.01.01 | 비상근,2026-09-16T22:10:49+09:00,000,raw/document/20260331004136.zip,ed955aedfd62fe0d2032f317d81d4656e648a3c74719d17629ed19d457daf267
메리츠금융지주,지주,2025,20260331004202,[기재정정]사업보고서 (2025.12),20260331,겸직표,계열회사 겸직내역,IX. 계열회사 등에 관한 사항,단독,2,김명애(등기임원),메리츠화재,사외이사,,비상근(등기임원),,,,Y,겸직대상자 | 계열회사 겸직내역·회사명 | 계열회사 겸직내역·직 책 | 계열회사 겸직내역·상근여부 | 비 고,김명애(등기임원) | 메리츠화재 | 사외이사 | 비상근(등기임원) | -,2026-09-16T22:11:24+09:00,000,raw/document/20260331004202.zip,01a8138283b74cbee04d45d6aac92d331d638f7671a5992bfcb1306b7553733f
메리츠금융지주,지주,2025,20260331004202,[기재정정]사업보고서 (2025.12),20260331,겸직표,계열회사 겸직내역,IX. 계열회사 등에 관한 사항,단독,2,김경환(미등기임원),메리츠화재,전략영업총괄,,상근(미등기임원),,,,Y,겸직대상자 | 계열회사 겸직내역·회사명 | 계열회사 겸직내역·직 책 | 계열회사 겸직내역·상근여부 | 비 고,김경환(미등기임원) | 메리츠화재 | 전략영업총괄 | 상근(미등기임원) | -,2026-09-16T22:11:24+09:00,000,raw/document/20260331004202.zip,01a8138283b74cbee04d45d6aac92d331d638f7671a5992bfcb1306b7553733f
메리츠금융지주,지주,2025,20260331004202,[기재정정]사업보고서 (2025.12),20260331,겸직표,계열회사 겸직내역,IX. 계열회사 등에 관한 사항,단독,2,김종민(미등기임원),메리츠증권,대표이사,,상근(등기임원),,,,Y,겸직대상자 | 계열회사 겸직내역·회사명 | 계열회사 겸직내역·직 책 | 계열회사 겸직내역·상근여부 | 비 고,김종민(미등기임원) | 메리츠증권 | 대표이사 | 상근(등기임원) | -,2026-09-16T22:11:24+09:00,000,raw/document/20260331004202.zip,01a8138283b74cbee04d45d6aac92d331d638f7671a5992bfcb1306b7553733f
메리츠금융지주,지주,2025,20260331004202,[기재정정]사업보고서 (2025.12),20260331,겸직표,계열회사 겸직내역,IX. 계열회사 등에 관한 사항,단독,2,서수동(미등기임원),메리츠화재,윤리경영실장,,상근(미등기임원),,,,Y,겸직대상자 | 계열회사 겸직내역·회사명 | 계열회사 겸직내역·직 책 | 계열회사 겸직내역·상근여부 | 비 고,서수동(미등기임원) | 메리츠화재 | 윤리경영실장 | 상근(미등기임원) | -,2026-09-16T22:11:24+09:00,000,raw/document/20260331004202.zip,01a8138283b74cbee04d45d6aac92d331d638f7671a5992bfcb1306b7553733f
메리츠금융지주,지주,2025,20260331004202,[기재정정]사업보고서 (2025.12),20260331,겸직표,계열회사 겸직내역,IX. 계열회사 등에 관한 사항,단독,2,여은석(미등기임원),메리츠증권,프로젝트금융사업본부장,,상근(미등기임원),,,,Y,겸직대상자 | 계열회사 겸직내역·회사명 | 계열회사 겸직내역·직 책 | 계열회사 겸직내역·상근여부 | 비 고,여은석(미등기임원) | 메리츠증권 | 프로젝트금융사업본부장 | 상근(미등기임원) | -,2026-09-16T22:11:24+09:00,000,raw/document/20260331004202.zip,01a8138283b74cbee04d45d6aac92d331d638f7671a5992bfcb1306b7553733f
메리츠금융지주,지주,2025,20260331004202,[기재정정]사업보고서 (2025.12),20260331,겸직표,계열회사 겸직내역,IX. 계열회사 등에 관한 사항,단독,2,한정원(미등기임원),메리츠화재,홍보본부장,,상근(미등기임원),,,,Y,겸직대상자 | 계열회사 겸직내역·회사명 | 계열회사 겸직내역·직 책 | 계열회사 겸직내역·상근여부 | 비 고,한정원(미등기임원) | 메리츠화재 | 홍보본부장 | 상근(미등기임원) | -,2026-09-16T22:11:24+09:00,000,raw/document/20260331004202.zip,01a8138283b74cbee04d45d6aac92d331d638f7671a5992bfcb1306b7553733f
메리츠금융지주,지주,2025,20260331004202,[기재정정]사업보고서 (2025.12),20260331,겸직표,계열회사 겸직내역,IX. 계열회사 등에 관한 사항,미매핑,3,,,,,,,,,N,겸직대상자 | 계열회사 겸직내역·회사명 | 계열회사 겸직내역·직 책 | 계열회사 겸직내역·상근여부 | 비 고,메리츠증권 | 홍보본부장 | 상근(미등기임원) | -,2026-09-16T22:11:24+09:00,000,raw/document/20260331004202.zip,01a8138283b74cbee04d45d6aac92d331d638f7671a5992bfcb1306b7553733f
메리츠금융지주,지주,2025,20260331004202,[기재정정]사업보고서 (2025.12),20260331,겸직표,계열회사 겸직내역,IX. 계열회사 등에 관한 사항,단독,2,오종원(미등기임원),메리츠화재,위험관리책임자/리스크관리팀장,,상근(미등기임원),,,,Y,겸직대상자 | 계열회사 겸직내역·회사명 | 계열회사 겸직내역·직 책 | 계열회사 겸직내역·상근여부 | 비 고,오종원(미등기임원) | 메리츠화재 | 위험관리책임자/리스크관리팀장 | 상근(미등기임원) | -,2026-09-16T22:11:24+09:00,000,raw/document/20260331004202.zip,01a8138283b74cbee04d45d6aac92d331d638f7671a5992bfcb1306b7553733f
메리츠금융지주,지주,2025,20260331004202,[기재정정]사업보고서 (2025.12),20260331,겸직표,계열회사 겸직내역,IX. 계열회사 등에 관한 사항,단독,2,김정일(미등기임원),메리츠화재,개인영업총괄,,상근(미등기임원),,,,Y,겸직대상자 | 계열회사 겸직내역·회사명 | 계열회사 겸직내역·직 책 | 계열회사 겸직내역·상근여부 | 비 고,김정일(미등기임원) | 메리츠화재 | 개인영업총괄 | 상근(미등기임원) | -,2026-09-16T22:11:24+09:00,000,raw/document/20260331004202.zip,01a8138283b74cbee04d45d6aac92d331d638f7671a5992bfcb1306b7553733f
메리츠금융지주,지주,2025,20260331004202,[기재정정]사업보고서 (2025.12),20260331,겸직표,계열회사 겸직내역,IX. 계열회사 등에 관한 사항,단독,2,권동찬(미등기임원),메리츠증권,트레이딩본부장,,상근(미등기임원),,,,Y,겸직대상자 | 계열회사 겸직내역·회사명 | 계열회사 겸직내역·직 책 | 계열회사 겸직내역·상근여부 | 비 고,권동찬(미등기임원) | 메리츠증권 | 트레이딩본부장 | 상근(미등기임원) | -,2026-09-16T22:11:24+09:00,000,raw/document/20260331004202.zip,01a8138283b74cbee04d45d6aac92d331d638f7671a5992bfcb1306b7553733f
메리츠금융지주,지주,2025,20260331004202,[기재정정]사업보고서 (2025.12),20260331,겸직표,계열회사 겸직내역,IX. 계열회사 등에 관한 사항,단독,1,김근영(미등기임원),메리츠증권,정보보호본부장,,상근(미등기임원),,,,Y,겸직대상자 | 계열회사 겸직내역·회사명 | 계열회사 겸직내역·직 책 | 계열회사 겸직내역·상근여부 | 비 고,김근영(미등기임원) | 메리츠증권 | 정보보호본부장 | 상근(미등기임원) | -,2026-09-16T22:11:24+09:00,000,raw/document/20260331004202.zip,01a8138283b74cbee04d45d6aac92d331d638f7671a5992bfcb1306b7553733f
메리츠금융지주,지주,2025,20260331004202,[기재정정]사업보고서 (2025.12),20260331,겸직표,계열회사 겸직내역,IX. 계열회사 등에 관한 사항,단독,2,최대현(미등기임원),메리츠화재,윤리경영실,,상근(미등기임원),,,,Y,겸직대상자 | 계열회사 겸직내역·회사명 | 계열회사 겸직내역·직 책 | 계열회사 겸직내역·상근여부 | 비 고,최대현(미등기임원) | 메리츠화재 | 윤리경영실 | 상근(미등기임원) | -,2026-09-16T22:11:24+09:00,000,raw/document/20260331004202.zip,01a8138283b74cbee04d45d6aac92d331d638f7671a5992bfcb1306b7553733f
메리츠금융지주,지주,2025,20260331004202,[기재정정]사업보고서 (2025.12),20260331,겸직표,계열회사 겸직내역,IX. 계열회사 등에 관한 사항,단독,1,안운기(미등기임원),메리츠화재,정보보안팀장 겸 정보보안지원파트장 겸 보안품질파트장 상무보,,상근(미등기임원),,,,Y,겸직대상자 | 계열회사 겸직내역·회사명 | 계열회사 겸직내역·직 책 | 계열회사 겸직내역·상근여부 | 비 고,안운기(미등기임원) | 메리츠화재 | 정보보안팀장 겸 정보보안지원파트장 겸 보안품질파트장 상무보 | 상근(미등기임원) | -,2026-09-16T22:11:24+09:00,000,raw/document/20260331004202.zip,01a8138283b74cbee04d45d6aac92d331d638f7671a5992bfcb1306b7553733f
동양생명보험,보험자회사,2025,20260331004234,[기재정정]사업보고서 (2025.12),20260331,겸직표,겸직회사,1. 임원 및 직원 등의 현황,단독,1,최원석,아남전자,사외이사,,,,,,N,겸직자·성명 | 겸직자·직위 | 겸직회사·회사명 | 겸직회사·직위,최원석 | 사외이사 | 아남전자 | 사외이사,2026-09-16T22:12:30+09:00,000,raw/document/20260331004234.zip,15765d543cde30105e5ed76d11f9b34cb1b293b6c519912dee83d20eb4ff3886
동양생명보험,보험자회사,2025,20260331004234,[기재정정]사업보고서 (2025.12),20260331,겸직표,겸직회사 | 겸임회사,1. 임원 및 직원 등의 현황 | IX. 계열회사 등에 관한 사항,병합,2,이정수,우리금융지주,기타비상무이사,,,,,,Y,겸직자·성명 | 겸직자·직위 | 겸직회사·회사명 | 겸직회사·직위,이정수 | 기타비상무이사 | 우리금융지주 | 부사장,2026-09-16T22:12:30+09:00,000,raw/document/20260331004234.zip,15765d543cde30105e5ed76d11f9b34cb1b293b6c519912dee83d20eb4ff3886
농협금융지주,지주,2025,20260331004252,사업보고서 (2025.12),20260331,겸직표,대상 계열사,IX. 계열회사 등에 관한 사항,단독,1,오유성,엔에이치농협리츠운용,감사,2023년 1월,비상근,,,,N,성명 | 대상 계열사 | 직책 | 선임시기 | 비고,오유성 | 엔에이치농협리츠운용 | 감사 | 2023년 1월 | 비상근,2026-09-22T12:12:39+09:00,000,raw/document/20260331004252.zip,b968de4bac472833f1e9975a2d054bbc85d0fe6d22cf6c1e517978322f0d6dac
농협금융지주,지주,2025,20260331004252,사업보고서 (2025.12),20260331,겸직표,대상 계열사,IX. 계열회사 등에 관한 사항,단독,1,이성남,엔에이치벤처투자,감사,2023년 1월,비상근,,,,Y,성명 | 대상 계열사 | 직책 | 선임시기 | 비고,이성남 | 엔에이치벤처투자 | 감사 | 2023년 1월 | 비상근,2026-09-22T12:12:39+09:00,000,raw/document/20260331004252.zip,b968de4bac472833f1e9975a2d054bbc85d0fe6d22cf6c1e517978322f0d6dac
농협금융지주,지주,2025,20260331004252,사업보고서 (2025.12),20260331,겸직표,대상 계열사,IX. 계열회사 등에 관한 사항,단독,1,황두선,엔에이치벤처투자,비상임이사,2025년 1월,비상근,,,,Y,성명 | 대상 계열사 | 직책 | 선임시기 | 비고,황두선 | 엔에이치벤처투자 | 비상임이사 | 2025년 1월 | 비상근,2026-09-22T12:12:39+09:00,000,raw/document/20260331004252.zip,b968de4bac472833f1e9975a2d054bbc85d0fe6d22cf6c1e517978322f0d6dac
농협금융지주,지주,2025,20260331004252,사업보고서 (2025.12),20260331,겸직표,대상 계열사,IX. 계열회사 등에 관한 사항,단독,1,하성국,엔에이치헤지자산운용,비상임이사,2025년 1월,비상근,,,,Y,성명 | 대상 계열사 | 직책 | 선임시기 | 비고,하성국 | 엔에이치헤지자산운용 | 비상임이사 | 2025년 1월 | 비상근,2026-09-22T12:12:39+09:00,000,raw/document/20260331004252.zip,b968de4bac472833f1e9975a2d054bbc85d0fe6d22cf6c1e517978322f0d6dac
농협금융지주,지주,2025,20260331004252,사업보고서 (2025.12),20260331,겸직표,대상 계열사,IX. 계열회사 등에 관한 사항,단독,1,양재영 (주),농협은행,리스크관리부문장,2025년 1월,상근,,,,Y,성명 | 대상 계열사 | 직책 | 선임시기 | 비고,양재영 (주) | 농협은행 | 리스크관리부문장 | 2025년 1월 | 상근,2026-09-22T12:12:39+09:00,000,raw/document/20260331004252.zip,b968de4bac472833f1e9975a2d054bbc85d0fe6d22cf6c1e517978322f0d6dac
농협금융지주,지주,2025,20260331004252,사업보고서 (2025.12),20260331,겸직표,대상 계열사,IX. 계열회사 등에 관한 사항,단독,1,최운재 (주),농협은행,디지털전략사업부문장,2025년 1월,상근,,,,Y,성명 | 대상 계열사 | 직책 | 선임시기 | 비고,최운재 (주) | 농협은행 | 디지털전략사업부문장 | 2025년 1월 | 상근,2026-09-22T12:12:39+09:00,000,raw/document/20260331004252.zip,b968de4bac472833f1e9975a2d054bbc85d0fe6d22cf6c1e517978322f0d6dac
iM금융지주,지주,2025,20260515000720,[기재정정]사업보고서 (2025.12),20260515,겸직표,대상회사,1. 임원 및 직원 등의 현황,단독,2,조강래,(주)에이비즈파트너스,부회장,2019.02,,,,,N,성 명 | 대상회사 | 직 책 | 선임시기,조강래 | (주)에이비즈파트너스 | 부회장 | 2019.02,2026-09-16T22:17:58+09:00,000,raw/document/20260515000720.zip,8d99c90b29996cd09c416efaca8586dbbc438a223a3402ac36dd423cbb357338
iM금융지주,지주,2025,20260515000720,[기재정정]사업보고서 (2025.12),20260515,겸직표,대상 계열사,1. 임원 및 직원 등의 현황 | IX. 계열회사 등에 관한 사항,병합,2,황병우,iM뱅크,은행장,2023.01,상근(등기),,,,N,성 명 | 대상 계열사 | 직 책 | 선임시기 | 비 고,황병우 | iM뱅크 | 은행장 | 2023.01 | 상근(등기),2026-09-16T22:17:58+09:00,000,raw/document/20260515000720.zip,8d99c90b29996cd09c416efaca8586dbbc438a223a3402ac36dd423cbb357338
iM금융지주,지주,2025,20260515000720,[기재정정]사업보고서 (2025.12),20260515,겸직표,대상 계열사,1. 임원 및 직원 등의 현황 | IX. 계열회사 등에 관한 사항,병합,4,박병수,iM뱅크,리스크관리그룹장,2025.01,상근 (미등기),,,,N,성 명 | 대상 계열사 | 직 책 | 선임시기 | 비 고,박병수 | iM뱅크 | 리스크관리그룹장 | 2025.01 | 상근 (미등기),2026-09-16T22:17:58+09:00,000,raw/document/20260515000720.zip,8d99c90b29996cd09c416efaca8586dbbc438a223a3402ac36dd423cbb357338
iM금융지주,지주,2025,20260515000720,[기재정정]사업보고서 (2025.12),20260515,겸직표,대상 계열사,1. 임원 및 직원 등의 현황 | IX. 계열회사 등에 관한 사항,병합,4,천병규,iM증권,비상임이사,2023.03,비상근(등기),,,,Y,성 명 | 대상 계열사 | 직 책 | 선임시기 | 비 고,천병규 | iM증권 | 비상임이사 | 2023.03 | 비상근(등기),2026-09-16T22:17:58+09:00,000,raw/document/20260515000720.zip,8d99c90b29996cd09c416efaca8586dbbc438a223a3402ac36dd423cbb357338
iM금융지주,지주,2025,20260515000720,[기재정정]사업보고서 (2025.12),20260515,겸직표,대상 계열사,1. 임원 및 직원 등의 현황 | IX. 계열회사 등에 관한 사항,병합,2,성태문,iM유페이,감사,2024.01,비상근(등기),,,,N,성 명 | 대상 계열사 | 직 책 | 선임시기 | 비 고,성태문 | iM유페이 | 감사 | 2024.01 | 비상근(등기),2026-09-16T22:17:58+09:00,000,raw/document/20260515000720.zip,8d99c90b29996cd09c416efaca8586dbbc438a223a3402ac36dd423cbb357338
iM금융지주,지주,2025,20260515000720,[기재정정]사업보고서 (2025.12),20260515,겸직표,대상 계열사,1. 임원 및 직원 등의 현황 | IX. 계열회사 등에 관한 사항,병합,4,이광원,iM뱅크,CISO,2024.01,상근 (미등기),,,,N,성 명 | 대상 계열사 | 직 책 | 선임시기 | 비 고,이광원 | iM뱅크 | CISO | 2024.01 | 상근 (미등기),2026-09-16T22:17:58+09:00,000,raw/document/20260515000720.zip,8d99c90b29996cd09c416efaca8586dbbc438a223a3402ac36dd423cbb357338
iM금융지주,지주,2025,20260515000720,[기재정정]사업보고서 (2025.12),20260515,겸직표,대상 계열사,1. 임원 및 직원 등의 현황 | IX. 계열회사 등에 관한 사항,병합,4,황원철,iM뱅크,디지털BIZ그룹장,2025.01,상근 (미등기),,,,N,성 명 | 대상 계열사 | 직 책 | 선임시기 | 비 고,황원철 | iM뱅크 | 디지털BIZ그룹장 | 2025.01 | 상근 (미등기),2026-09-16T22:17:58+09:00,000,raw/document/20260515000720.zip,8d99c90b29996cd09c416efaca8586dbbc438a223a3402ac36dd423cbb357338
iM금융지주,지주,2025,20260515000720,[기재정정]사업보고서 (2025.12),20260515,겸직표,대상 계열사,1. 임원 및 직원 등의 현황 | IX. 계열회사 등에 관한 사항,병합,4,성현탁,iM뱅크,ICT그룹장,2025.01,상근 (미등기),,,,N,성 명 | 대상 계열사 | 직 책 | 선임시기 | 비 고,성현탁 | iM뱅크 | ICT그룹장 | 2025.01 | 상근 (미등기),2026-09-16T22:17:58+09:00,000,raw/document/20260515000720.zip,8d99c90b29996cd09c416efaca8586dbbc438a223a3402ac36dd423cbb357338
iM금융지주,지주,2025,20260515000720,[기재정정]사업보고서 (2025.12),20260515,겸직표,대상 계열사,1. 임원 및 직원 등의 현황 | IX. 계열회사 등에 관한 사항,병합,2,신용필,iM뱅크,가치경영그룹장,2025.01,상근 (미등기),,,,N,성 명 | 대상 계열사 | 직 책 | 선임시기 | 비 고,신용필 | iM뱅크 | 가치경영그룹장 | 2025.01 | 상근 (미등기),2026-09-16T22:17:58+09:00,000,raw/document/20260515000720.zip,8d99c90b29996cd09c416efaca8586dbbc438a223a3402ac36dd423cbb357338
iM금융지주,지주,2025,20260515000720,[기재정정]사업보고서 (2025.12),20260515,겸직표,대상 계열사,1. 임원 및 직원 등의 현황 | IX. 계열회사 등에 관한 사항,병합,2,박은숙,iM뱅크,CCO,2025.01,상근 (미등기),,,,N,성 명 | 대상 계열사 | 직 책 | 선임시기 | 비 고,박은숙 | iM뱅크 | CCO | 2025.01 | 상근 (미등기),2026-09-16T22:17:58+09:00,000,raw/document/20260515000720.zip,8d99c90b29996cd09c416efaca8586dbbc438a223a3402ac36dd423cbb357338
신한은행(구),은행,2022,20230315001124,사업보고서 (2022.12),20230315,경력란서술,겸임,1. 임원 및 직원 등의 현황,,1,김명희,現 경기대,,,,비상임이사,"비상임이사,위험관리위 위원,보수위원회위원,임원후보추천위원회 위원",~현재|現,N,성명 | 성별 | 출생년월 | 직위 | 등기임원여부 | 상근여부 | 담당업무 | 주요경력 | 소유주식수·의결권있는 주식 | 소유주식수·의결권없는 주식 | 최대주주와의관계 | 재직기간 | 임기만료일,한국과학기술대 전산학부 서강대 경영학 석사 단국대 경영학 박사 SK텔레콤 솔루션컨설팅본부장 (2013.2~2017.1) 행정안전부 국가정보자원관리원장(2017.2~2020.2) 한컴MDS 대표이사(2020.4~2020.6) 現 투비웨이(주)빅데이터기술원장(2020.7~현재) 現 경기대 겸임교수(2021.3~현재) (겸) 신한금융지주 부사장,2026-09-22T11:56:12+09:00,000,raw/document/20230315001124.zip,13d7e290f2efc4381345cc33ffc45a1cddfe63d29aa68aa6e8b61e6963bb428b
하나금융지주,지주,2023,20240314001628,사업보고서 (2023.12),20240314,경력란서술,겸임,1. 임원 및 직원 등의 현황,,1,황보현우,트 빅데이터분석팀장 ㅇ 하나벤처스 경영전략본부장 ㅇ 연세대학교 정보대학원,,,,상무,데이터본부,現,N,성명 | 성별 | 출생년월 | 직위 | 등기임원여부 | 상근여부 | 담당업무 | 주요경력 | 소유주식수·의결권있는 주식 | 소유주식수·의결권없는 주식 | 최대주주와의관계 | 재직기간 | 임기만료일,"ㅇ 배명고 ㅇ 연세대 행정학 학사, 석사 ㅇ 연세대 정보대학원 정보시스템학 박사 ㅇ 코오롱베니트 빅데이터분석팀장 ㅇ 하나벤처스 경영전략본부장 ㅇ 연세대학교 정보대학원 겸임교수 ㅇ 現 하나은행 데이터&제휴본부장",2026-09-22T11:58:42+09:00,000,raw/document/20240314001628.zip,fb3527b17ce83972790320747457532d31afc6c4b7997a40c8bdd6da142e7105
하나금융지주,지주,2023,20240314001628,사업보고서 (2023.12),20240314,경력란서술,겸임,1. 임원 및 직원 등의 현황,,1,황보현우,트 빅데이터분석팀장 ㅇ 하나벤처스 경영전략본부장 ㅇ 연세대학교 정보대학원,,,,상무,데이터본부,現,N,성 명 | 성별 | 출생년월 | 직위 | 등기임원 여부 | 상근여부 | 담당업무 | 주요경력 | 소유주식수·의결권有 | 소유주식수·의결권無 | 최대주주와의관계 | 재직기간 | 퇴직일,"ㅇ 배명고 ㅇ 연세대 행정학 학사, 석사 ㅇ 연세대 정보대학원 정보시스템학 박사 ㅇ 코오롱베니트 빅데이터분석팀장 ㅇ 하나벤처스 경영전략본부장 ㅇ 연세대학교 정보대학원 겸임교수 ㅇ 現 하나은행 데이터&제휴본부장",2026-09-22T11:58:42+09:00,000,raw/document/20240314001628.zip,fb3527b17ce83972790320747457532d31afc6c4b7997a40c8bdd6da142e7105
신한지주,지주,2023,20240318000635,사업보고서 (2023.12),20240318,경력란서술,겸임,1. 임원 및 직원 등의 현황,,1,이용국,ㆍ서울대학교 법학전문대학원,,,,사외이사,"위험관리위원회 위원장,사외이사및감사위원회후보추천위원회 위원,회장후보추천위원회 위원,ESG전략위원회 위원",~현재,N,성명 | 성별 | 출생년월 | 직위 | 등기임원여부 | 상근여부 | 담당업무 | 주요경력 | 소유주식수·의결권있는 주식 | 소유주식수·의결권없는 주식 | 최대주주와의관계 | 재직기간 | 임기만료일,"ㆍ미국 하버드 로스쿨 법학전문 석사ㆍCleary Gottlieb Steen & Hamilton LLP 뉴욕·홍콩사무소 파트너변호사, 서울사무소 대표, 선임고문변호사(1992.2~현재)ㆍ서울대학교 법학전문대학원 겸임교수(2024.3~현재)ㆍ한동대학교 국제법률대학원 겸임교수(2024.3~현재)",2026-09-16T11:21:01+09:00,000,raw/document/20240318000635.zip,6d3749748f846491d31bc2372232ed3e18eaeb3f7ed19345521056d8183d1b08
신한지주,지주,2023,20240318000635,사업보고서 (2023.12),20240318,경력란서술,겸임,1. 임원 및 직원 등의 현황,,1,이용국,ㆍ한동대학교 국제법률대학원,,,,사외이사,"위험관리위원회 위원장,사외이사및감사위원회후보추천위원회 위원,회장후보추천위원회 위원,ESG전략위원회 위원",~현재,N,성명 | 성별 | 출생년월 | 직위 | 등기임원여부 | 상근여부 | 담당업무 | 주요경력 | 소유주식수·의결권있는 주식 | 소유주식수·의결권없는 주식 | 최대주주와의관계 | 재직기간 | 임기만료일,"ㆍ미국 하버드 로스쿨 법학전문 석사ㆍCleary Gottlieb Steen & Hamilton LLP 뉴욕·홍콩사무소 파트너변호사, 서울사무소 대표, 선임고문변호사(1992.2~현재)ㆍ서울대학교 법학전문대학원 겸임교수(2024.3~현재)ㆍ한동대학교 국제법률대학원 겸임교수(2024.3~현재)",2026-09-16T11:21:01+09:00,000,raw/document/20240318000635.zip,6d3749748f846491d31bc2372232ed3e18eaeb3f7ed19345521056d8183d1b08
신한지주,지주,2023,20240318000635,사업보고서 (2023.12),20240318,경력란서술,겸직,1. 임원 및 직원 등의 현황,,1,박현주,신한은행,,,,파트장 (부사장),소비자보호파트,~현재,Y,성명 | 성별 | 출생년월 | 직위 | 등기임원여부 | 상근여부 | 담당업무 | 주요경력 | 소유주식수·의결권있는 주식 | 소유주식수·의결권없는 주식 | 최대주주와의관계 | 재직기간 | 임기만료일,"ㆍ서울여자상업고등학교 졸ㆍ신한은행 소비자보호본부장 (2019.01~2019.12)ㆍ신한은행 서부본부장 (2020.01~2021.12)ㆍ신한은행 부행장 (2022.01~현재)ㆍ신한금융지주회사 부사장 (신한은행 부행장 겸직, 2023.07~현재)",2026-09-16T11:21:01+09:00,000,raw/document/20240318000635.zip,6d3749748f846491d31bc2372232ed3e18eaeb3f7ed19345521056d8183d1b08
신한지주,지주,2023,20240318000635,사업보고서 (2023.12),20240318,경력란서술,겸임,1. 임원 및 직원 등의 현황,,1,이용국,ㆍ서울대학교 법학전문대학원,,,,사외이사,"위험관리위원회 위원장,사외이사및감사위원회후보추천위원회 위원,회장후보추천위원회 위원,ESG전략위원회 위원",~현재,N,성명 | 성별 | 출생년월 | 직위 | 등기임원여부 | 상근여부 | 담당업무 | 주요경력 | 소유주식수·의결권있는 주식 | 소유주식수·의결권없는 주식 | 최대주주와의관계 | 재직기간 | 임기만료일,"ㆍ미국 하버드 로스쿨 법학전문 석사ㆍCleary Gottlieb Steen & Hamilton LLP 뉴욕·홍콩사무소 파트너변호사, 서울사무소 대표, 선임고문변호사(1992.2~현재)ㆍ서울대학교 법학전문대학원 겸임교수(2024.3~현재)ㆍ한동대학교 국제법률대학원 겸임교수(2024.3~현재)",2026-09-16T11:21:01+09:00,000,raw/document/20240318000635.zip,6d3749748f846491d31bc2372232ed3e18eaeb3f7ed19345521056d8183d1b08
신한지주,지주,2023,20240318000635,사업보고서 (2023.12),20240318,경력란서술,겸임,1. 임원 및 직원 등의 현황,,1,이용국,ㆍ한동대학교 국제법률대학원,,,,사외이사,"위험관리위원회 위원장,사외이사및감사위원회후보추천위원회 위원,회장후보추천위원회 위원,ESG전략위원회 위원",~현재,N,성명 | 성별 | 출생년월 | 직위 | 등기임원여부 | 상근여부 | 담당업무 | 주요경력 | 소유주식수·의결권있는 주식 | 소유주식수·의결권없는 주식 | 최대주주와의관계 | 재직기간 | 임기만료일,"ㆍ미국 하버드 로스쿨 법학전문 석사ㆍCleary Gottlieb Steen & Hamilton LLP 뉴욕·홍콩사무소 파트너변호사, 서울사무소 대표, 선임고문변호사(1992.2~현재)ㆍ서울대학교 법학전문대학원 겸임교수(2024.3~현재)ㆍ한동대학교 국제법률대학원 겸임교수(2024.3~현재)",2026-09-16T11:21:01+09:00,000,raw/document/20240318000635.zip,6d3749748f846491d31bc2372232ed3e18eaeb3f7ed19345521056d8183d1b08
신한지주,지주,2023,20240318000635,사업보고서 (2023.12),20240318,경력란서술,겸직,1. 임원 및 직원 등의 현황,,1,김준환,신한은행,,,,파트장 (상무),디지털파트,~현재,Y,성명 | 성별 | 출생년월 | 직위 | 등기임원여부 | 상근여부 | 담당업무 | 주요경력 | 소유주식수·의결권있는 주식 | 소유주식수·의결권없는 주식 | 최대주주와의관계 | 재직기간 | 임기만료일,"ㆍKAIST 정밀공학 졸, KAIST 컴퓨터응용설계학 석/박사ㆍ삼성전자, SK C&C 등ㆍ신한은행 Data Unit 상무 (2020.12)ㆍ신한은행 디지털혁신단장 상무 (2021.01~현재)ㆍ신한금융지주회사 상무 (신한은행 상무 겸직, 2024.01~현재)",2026-09-16T11:21:01+09:00,000,raw/document/20240318000635.zip,6d3749748f846491d31bc2372232ed3e18eaeb3f7ed19345521056d8183d1b08
신한지주,지주,2023,20240318000635,사업보고서 (2023.12),20240318,경력란서술,겸직,1. 임원 및 직원 등의 현황,,1,박현주,신한은행,,,,파트장 (부사장),소비자보호파트,~현재,Y,성명 | 성별 | 출생년월 | 직위 | 등기임원여부 | 상근여부 | 담당업무 | 주요경력 | 소유주식수·의결권있는 주식 | 소유주식수·의결권없는 주식 | 최대주주와의관계 | 재직기간 | 임기만료일,"ㆍ서울여자상업고등학교 졸ㆍ신한은행 소비자보호본부장 (2019.01~2019.12)ㆍ신한은행 서부본부장 (2020,01~2021.12)ㆍ신한은행 부행장 (2022.01~현재)ㆍ신한금융지주회사 부사장 (신한은행 부행장 겸직, 2023.07~현재)",2026-09-16T11:21:01+09:00,000,raw/document/20240318000635.zip,6d3749748f846491d31bc2372232ed3e18eaeb3f7ed19345521056d8183d1b08
신한라이프생명보험,보험자회사,2023,20240319000450,사업보고서 (2023.12),20240319,경력란서술,겸직,1. 임원 및 직원 등의 현황,,1,이영종,투자증권,,,,사장,대표이사,現,Y,성명 | 성별 | 출생년월 | 직위 | 등기임원여부 | 상근여부 | 담당업무 | 주요경력 | 소유주식수·의결권있는 주식 | 소유주식수·의결권없는 주식 | 최대주주와의관계 | 재직기간 | 임기만료일,"ㆍ서울대학교 경영학과 졸ㆍ신한금융지주 전략기획팀 본부장ㆍ신한은행 강서지역본부장ㆍ오렌지라이프 대표이사 부사장 ㆍ신한라이프 전략기획총괄 부사장ㆍ신한금융지주 부사장 (지주, 라이프, 은행, 투자증권 겸직 임원) ㆍ現 신한라이프 대표이사 사장",2026-09-16T11:23:23+09:00,000,raw/document/20240319000450.zip,5543ff144e6145d1c2e654a0c28ddfd8e08f2ebcec5f5ac39f350353d8f1d82b
신한라이프생명보험,보험자회사,2023,20240319000450,사업보고서 (2023.12),20240319,경력란서술,겸직,1. 임원 및 직원 등의 현황,,1,정근수,캐피탈,,,,부사장,GIB사업 그룹장,現,Y,성명 | 성별 | 출생년월 | 직위 | 등기임원여부 | 상근여부 | 담당업무 | 주요경력 | 소유주식수·의결권있는 주식 | 소유주식수·의결권없는 주식 | 최대주주와의관계 | 재직기간 | 임기만료일,"ㆍ고려대학교 중어중문학과 졸ㆍ신한은행 투자금융부장ㆍ신한은행 GIB본부장ㆍ신한은행 투자금융본부장ㆍ現 신한금융지주 부사장 (지주, 라이프, 은행, 투자증권, 캐피탈 겸직 임원)",2026-09-16T11:23:23+09:00,000,raw/document/20240319000450.zip,5543ff144e6145d1c2e654a0c28ddfd8e08f2ebcec5f5ac39f350353d8f1d82b
신한라이프생명보험,보험자회사,2023,20240319000450,사업보고서 (2023.12),20240319,경력란서술,겸직,1. 임원 및 직원 등의 현황,,1,서승현,투자증권,,,,부사장,글로벌사업 그룹장,現,Y,성명 | 성별 | 출생년월 | 직위 | 등기임원여부 | 상근여부 | 담당업무 | 주요경력 | 소유주식수·의결권있는 주식 | 소유주식수·의결권없는 주식 | 최대주주와의관계 | 재직기간 | 임기만료일,"ㆍ고려대학교 농업경제학과 졸ㆍ고려대학교 경제학 석사ㆍ신한은행 외환사업부장ㆍ신한은행 런던 지점장ㆍ신한은행 글로벌사업본부장ㆍ現 신한금융지주 부사장 (지주, 라이프, 은행, 카드, 투자증권 겸직 임원)",2026-09-16T11:23:23+09:00,000,raw/document/20240319000450.zip,5543ff144e6145d1c2e654a0c28ddfd8e08f2ebcec5f5ac39f350353d8f1d82b
신한라이프생명보험,보험자회사,2023,20240319000450,사업보고서 (2023.12),20240319,경력란서술,겸직,1. 임원 및 직원 등의 현황,,1,조문일,투자증권,,,,상무,One플랫폼본부 총괄,現,Y,성명 | 성별 | 출생년월 | 직위 | 등기임원여부 | 상근여부 | 담당업무 | 주요경력 | 소유주식수·의결권있는 주식 | 소유주식수·의결권없는 주식 | 최대주주와의관계 | 재직기간 | 임기만료일,"ㆍ서강대학교 경제학과 졸ㆍ신한카드 조직문화팀장ㆍ신한카드 전략기획팀장ㆍ신한카드 전략기획본부장ㆍ現 신한카드 본부장 (라이프, 은행, 카드, 투자증권 겸직 임원)",2026-09-16T11:23:23+09:00,000,raw/document/20240319000450.zip,5543ff144e6145d1c2e654a0c28ddfd8e08f2ebcec5f5ac39f350353d8f1d82b
신한라이프생명보험,보험자회사,2023,20240319000450,사업보고서 (2023.12),20240319,경력란서술,겸직,1. 임원 및 직원 등의 현황,,1,이영종,투자증권,,,,사장,대표이사,現,Y,성명 | 성별 | 출생년월 | 직위 | 등기임원여부 | 상근여부 | 담당업무 | 주요경력 | 소유주식수·의결권있는 주식 | 소유주식수·의결권없는 주식 | 최대주주와의관계 | 재직기간 | 임기만료일,"ㆍ서울대학교 경영학과 졸 ㆍ신한금융지주 전략기획팀 본부장 ㆍ신한은행 강서지역본부장 ㆍ오렌지라이프 대표이사 부사장 ㆍ신한라이프 전략기획총괄 부사장 ㆍ신한금융지주 부사장 (지주, 라이프, 은행, 투자증권 겸직 임원) ㆍ現 신한라이프 대표이사 사장",2026-09-16T11:23:23+09:00,000,raw/document/20240319000450.zip,5543ff144e6145d1c2e654a0c28ddfd8e08f2ebcec5f5ac39f350353d8f1d82b
신한라이프생명보험,보험자회사,2023,20240319000450,사업보고서 (2023.12),20240319,경력란서술,겸직,1. 임원 및 직원 등의 현황,,1,조문일,투자증권,,,,상무,슈퍼SOL플랫폼본부 총괄,現,Y,성명 | 성별 | 출생년월 | 직위 | 등기임원여부 | 상근여부 | 담당업무 | 주요경력 | 소유주식수·의결권있는 주식 | 소유주식수·의결권없는 주식 | 최대주주와의관계 | 재직기간 | 임기만료일,"ㆍ서강대학교 경제학과 졸 ㆍ신한카드 조직문화팀장 ㆍ신한카드 전략기획팀장 ㆍ신한카드 전략기획본부장 ㆍ신한카드 본부장 (라이프, 은행, 카드, 투자증권 겸직 임원) ㆍ現 신한라이프 슈퍼SOL플랫폼본부 상무",2026-09-16T11:23:23+09:00,000,raw/document/20240319000450.zip,5543ff144e6145d1c2e654a0c28ddfd8e08f2ebcec5f5ac39f350353d8f1d82b
신한라이프생명보험,보험자회사,2023,20240430001046,[기재정정]사업보고서 (2023.12),20240430,경력란서술,겸직,1. 임원 및 직원 등의 현황,,1,이영종,투자증권,,,,사장,대표이사,現,Y,성명 | 성별 | 출생년월 | 직위 | 등기임원여부 | 상근여부 | 담당업무 | 주요경력 | 소유주식수·의결권있는 주식 | 소유주식수·의결권없는 주식 | 최대주주와의관계 | 재직기간 | 임기만료일,"ㆍ서울대학교 경영학과 졸ㆍ신한금융지주 전략기획팀 본부장ㆍ신한은행 강서지역본부장ㆍ오렌지라이프 대표이사 부사장 ㆍ신한라이프 전략기획총괄 부사장ㆍ신한금융지주 부사장 (지주, 라이프, 은행, 투자증권 겸직 임원) ㆍ現 신한라이프 대표이사 사장",2026-09-16T11:45:45+09:00,000,raw/document/20240430001046.zip,e1f09ab1cccfe525686d7e15caf21eb5c43259b20e3447951fe1398970797067
신한라이프생명보험,보험자회사,2023,20240430001046,[기재정정]사업보고서 (2023.12),20240430,경력란서술,겸직,1. 임원 및 직원 등의 현황,,1,정근수,캐피탈,,,,부사장,GIB사업 그룹장,現,Y,성명 | 성별 | 출생년월 | 직위 | 등기임원여부 | 상근여부 | 담당업무 | 주요경력 | 소유주식수·의결권있는 주식 | 소유주식수·의결권없는 주식 | 최대주주와의관계 | 재직기간 | 임기만료일,"ㆍ고려대학교 중어중문학과 졸ㆍ신한은행 투자금융부장ㆍ신한은행 GIB본부장ㆍ신한은행 투자금융본부장ㆍ現 신한금융지주 부사장 (지주, 라이프, 은행, 투자증권, 캐피탈 겸직 임원)",2026-09-16T11:45:45+09:00,000,raw/document/20240430001046.zip,e1f09ab1cccfe525686d7e15caf21eb5c43259b20e3447951fe1398970797067
신한라이프생명보험,보험자회사,2023,20240430001046,[기재정정]사업보고서 (2023.12),20240430,경력란서술,겸직,1. 임원 및 직원 등의 현황,,1,서승현,투자증권,,,,부사장,글로벌사업 그룹장,現,Y,성명 | 성별 | 출생년월 | 직위 | 등기임원여부 | 상근여부 | 담당업무 | 주요경력 | 소유주식수·의결권있는 주식 | 소유주식수·의결권없는 주식 | 최대주주와의관계 | 재직기간 | 임기만료일,"ㆍ고려대학교 농업경제학과 졸ㆍ고려대학교 경제학 석사ㆍ신한은행 외환사업부장ㆍ신한은행 런던 지점장ㆍ신한은행 글로벌사업본부장ㆍ現 신한금융지주 부사장 (지주, 라이프, 은행, 카드, 투자증권 겸직 임원)",2026-09-16T11:45:45+09:00,000,raw/document/20240430001046.zip,e1f09ab1cccfe525686d7e15caf21eb5c43259b20e3447951fe1398970797067
신한라이프생명보험,보험자회사,2023,20240430001046,[기재정정]사업보고서 (2023.12),20240430,경력란서술,겸직,1. 임원 및 직원 등의 현황,,1,조문일,투자증권,,,,상무,One플랫폼본부 총괄,現,Y,성명 | 성별 | 출생년월 | 직위 | 등기임원여부 | 상근여부 | 담당업무 | 주요경력 | 소유주식수·의결권있는 주식 | 소유주식수·의결권없는 주식 | 최대주주와의관계 | 재직기간 | 임기만료일,"ㆍ서강대학교 경제학과 졸ㆍ신한카드 조직문화팀장ㆍ신한카드 전략기획팀장ㆍ신한카드 전략기획본부장ㆍ現 신한카드 본부장 (라이프, 은행, 카드, 투자증권 겸직 임원)",2026-09-16T11:45:45+09:00,000,raw/document/20240430001046.zip,e1f09ab1cccfe525686d7e15caf21eb5c43259b20e3447951fe1398970797067
신한라이프생명보험,보험자회사,2023,20240430001046,[기재정정]사업보고서 (2023.12),20240430,경력란서술,겸직,1. 임원 및 직원 등의 현황,,1,이영종,투자증권,,,,사장,대표이사,現,Y,성명 | 성별 | 출생년월 | 직위 | 등기임원여부 | 상근여부 | 담당업무 | 주요경력 | 소유주식수·의결권있는 주식 | 소유주식수·의결권없는 주식 | 최대주주와의관계 | 재직기간 | 임기만료일,"ㆍ서울대학교 경영학과 졸 ㆍ신한금융지주 전략기획팀 본부장 ㆍ신한은행 강서지역본부장 ㆍ오렌지라이프 대표이사 부사장 ㆍ신한라이프 전략기획총괄 부사장 ㆍ신한금융지주 부사장 (지주, 라이프, 은행, 투자증권 겸직 임원) ㆍ現 신한라이프 대표이사 사장",2026-09-16T11:45:45+09:00,000,raw/document/20240430001046.zip,e1f09ab1cccfe525686d7e15caf21eb5c43259b20e3447951fe1398970797067
신한라이프생명보험,보험자회사,2023,20240430001046,[기재정정]사업보고서 (2023.12),20240430,경력란서술,겸직,1. 임원 및 직원 등의 현황,,1,조문일,투자증권,,,,상무,슈퍼SOL플랫폼본부 총괄,現,Y,성명 | 성별 | 출생년월 | 직위 | 등기임원여부 | 상근여부 | 담당업무 | 주요경력 | 소유주식수·의결권있는 주식 | 소유주식수·의결권없는 주식 | 최대주주와의관계 | 재직기간 | 임기만료일,"ㆍ서강대학교 경제학과 졸 ㆍ신한카드 조직문화팀장 ㆍ신한카드 전략기획팀장 ㆍ신한카드 전략기획본부장 ㆍ신한카드 본부장 (라이프, 은행, 카드, 투자증권 겸직 임원) ㆍ現 신한라이프 슈퍼SOL플랫폼본부 상무",2026-09-16T11:45:45+09:00,000,raw/document/20240430001046.zip,e1f09ab1cccfe525686d7e15caf21eb5c43259b20e3447951fe1398970797067
신한지주,지주,2023,20240502000081,[기재정정]사업보고서 (2023.12),20240502,경력란서술,겸임,1. 임원 및 직원 등의 현황,,1,이용국,ㆍ서울대학교 법학전문대학원,,,,사외이사,"위험관리위원회 위원장,사외이사및감사위원회후보추천위원회 위원,회장후보추천위원회 위원,ESG전략위원회 위원",~현재,N,성명 | 성별 | 출생년월 | 직위 | 등기임원여부 | 상근여부 | 담당업무 | 주요경력 | 소유주식수·의결권있는 주식 | 소유주식수·의결권없는 주식 | 최대주주와의관계 | 재직기간 | 임기만료일,"ㆍ미국 하버드 로스쿨 법학전문 석사ㆍCleary Gottlieb Steen & Hamilton LLP 뉴욕·홍콩사무소 파트너변호사, 서울사무소 대표, 선임고문변호사(1992.2~현재)ㆍ서울대학교 법학전문대학원 겸임교수(2024.3~현재)ㆍ한동대학교 국제법률대학원 겸임교수(2024.3~현재)",2026-09-16T11:47:20+09:00,000,raw/document/20240502000081.zip,011371bf744fbd64243db209ea66f06bfef85157ba07b4630ebfb15066537894
신한지주,지주,2023,20240502000081,[기재정정]사업보고서 (2023.12),20240502,경력란서술,겸임,1. 임원 및 직원 등의 현황,,1,이용국,ㆍ한동대학교 국제법률대학원,,,,사외이사,"위험관리위원회 위원장,사외이사및감사위원회후보추천위원회 위원,회장후보추천위원회 위원,ESG전략위원회 위원",~현재,N,성명 | 성별 | 출생년월 | 직위 | 등기임원여부 | 상근여부 | 담당업무 | 주요경력 | 소유주식수·의결권있는 주식 | 소유주식수·의결권없는 주식 | 최대주주와의관계 | 재직기간 | 임기만료일,"ㆍ미국 하버드 로스쿨 법학전문 석사ㆍCleary Gottlieb Steen & Hamilton LLP 뉴욕·홍콩사무소 파트너변호사, 서울사무소 대표, 선임고문변호사(1992.2~현재)ㆍ서울대학교 법학전문대학원 겸임교수(2024.3~현재)ㆍ한동대학교 국제법률대학원 겸임교수(2024.3~현재)",2026-09-16T11:47:20+09:00,000,raw/document/20240502000081.zip,011371bf744fbd64243db209ea66f06bfef85157ba07b4630ebfb15066537894
신한지주,지주,2023,20240502000081,[기재정정]사업보고서 (2023.12),20240502,경력란서술,겸직,1. 임원 및 직원 등의 현황,,1,박현주,신한은행,,,,파트장 (부사장),소비자보호파트,~현재,Y,성명 | 성별 | 출생년월 | 직위 | 등기임원여부 | 상근여부 | 담당업무 | 주요경력 | 소유주식수·의결권있는 주식 | 소유주식수·의결권없는 주식 | 최대주주와의관계 | 재직기간 | 임기만료일,"ㆍ서울여자상업고등학교 졸ㆍ신한은행 소비자보호본부장 (2019.01~2019.12)ㆍ신한은행 서부본부장 (2020.01~2021.12)ㆍ신한은행 부행장 (2022.01~현재)ㆍ신한금융지주회사 부사장 (신한은행 부행장 겸직, 2023.07~현재)",2026-09-16T11:47:20+09:00,000,raw/document/20240502000081.zip,011371bf744fbd64243db209ea66f06bfef85157ba07b4630ebfb15066537894
신한지주,지주,2023,20240502000081,[기재정정]사업보고서 (2023.12),20240502,경력란서술,겸임,1. 임원 및 직원 등의 현황,,1,이용국,ㆍ서울대학교 법학전문대학원,,,,사외이사,"위험관리위원회 위원장,사외이사및감사위원회후보추천위원회 위원,회장후보추천위원회 위원,ESG전략위원회 위원",~현재,N,성명 | 성별 | 출생년월 | 직위 | 등기임원여부 | 상근여부 | 담당업무 | 주요경력 | 소유주식수·의결권있는 주식 | 소유주식수·의결권없는 주식 | 최대주주와의관계 | 재직기간 | 임기만료일,"ㆍ미국 하버드 로스쿨 법학전문 석사ㆍCleary Gottlieb Steen & Hamilton LLP 뉴욕·홍콩사무소 파트너변호사, 서울사무소 대표, 선임고문변호사(1992.2~현재)ㆍ서울대학교 법학전문대학원 겸임교수(2024.3~현재)ㆍ한동대학교 국제법률대학원 겸임교수(2024.3~현재)",2026-09-16T11:47:20+09:00,000,raw/document/20240502000081.zip,011371bf744fbd64243db209ea66f06bfef85157ba07b4630ebfb15066537894
신한지주,지주,2023,20240502000081,[기재정정]사업보고서 (2023.12),20240502,경력란서술,겸임,1. 임원 및 직원 등의 현황,,1,이용국,ㆍ한동대학교 국제법률대학원,,,,사외이사,"위험관리위원회 위원장,사외이사및감사위원회후보추천위원회 위원,회장후보추천위원회 위원,ESG전략위원회 위원",~현재,N,성명 | 성별 | 출생년월 | 직위 | 등기임원여부 | 상근여부 | 담당업무 | 주요경력 | 소유주식수·의결권있는 주식 | 소유주식수·의결권없는 주식 | 최대주주와의관계 | 재직기간 | 임기만료일,"ㆍ미국 하버드 로스쿨 법학전문 석사ㆍCleary Gottlieb Steen & Hamilton LLP 뉴욕·홍콩사무소 파트너변호사, 서울사무소 대표, 선임고문변호사(1992.2~현재)ㆍ서울대학교 법학전문대학원 겸임교수(2024.3~현재)ㆍ한동대학교 국제법률대학원 겸임교수(2024.3~현재)",2026-09-16T11:47:20+09:00,000,raw/document/20240502000081.zip,011371bf744fbd64243db209ea66f06bfef85157ba07b4630ebfb15066537894
신한지주,지주,2023,20240502000081,[기재정정]사업보고서 (2023.12),20240502,경력란서술,겸직,1. 임원 및 직원 등의 현황,,1,김준환,신한은행,,,,파트장 (상무),디지털파트,~현재,Y,성명 | 성별 | 출생년월 | 직위 | 등기임원여부 | 상근여부 | 담당업무 | 주요경력 | 소유주식수·의결권있는 주식 | 소유주식수·의결권없는 주식 | 최대주주와의관계 | 재직기간 | 임기만료일,"ㆍKAIST 정밀공학 졸, KAIST 컴퓨터응용설계학 석/박사ㆍ삼성전자, SK C&C 등ㆍ신한은행 Data Unit 상무 (2020.12)ㆍ신한은행 디지털혁신단장 상무 (2021.01~현재)ㆍ신한금융지주회사 상무 (신한은행 상무 겸직, 2024.01~현재)",2026-09-16T11:47:20+09:00,000,raw/document/20240502000081.zip,011371bf744fbd64243db209ea66f06bfef85157ba07b4630ebfb15066537894
신한지주,지주,2023,20240502000081,[기재정정]사업보고서 (2023.12),20240502,경력란서술,겸직,1. 임원 및 직원 등의 현황,,1,박현주,신한은행,,,,파트장 (부사장),소비자보호파트,~현재,Y,성명 | 성별 | 출생년월 | 직위 | 등기임원여부 | 상근여부 | 담당업무 | 주요경력 | 소유주식수·의결권있는 주식 | 소유주식수·의결권없는 주식 | 최대주주와의관계 | 재직기간 | 임기만료일,"ㆍ서울여자상업고등학교 졸ㆍ신한은행 소비자보호본부장 (2019.01~2019.12)ㆍ신한은행 서부본부장 (2020,01~2021.12)ㆍ신한은행 부행장 (2022.01~현재)ㆍ신한금융지주회사 부사장 (신한은행 부행장 겸직, 2023.07~현재)",2026-09-16T11:47:20+09:00,000,raw/document/20240502000081.zip,011371bf744fbd64243db209ea66f06bfef85157ba07b4630ebfb15066537894
하나금융지주,지주,2023,20240516001695,[기재정정]사업보고서 (2023.12),20240516,경력란서술,겸임,1. 임원 및 직원 등의 현황,,1,황보현우,트 빅데이터분석팀장 ㅇ 하나벤처스 경영전략본부장 ㅇ 연세대학교 정보대학원,,,,상무,데이터본부,現,N,성명 | 성별 | 출생년월 | 직위 | 등기임원여부 | 상근여부 | 담당업무 | 주요경력 | 소유주식수·의결권있는 주식 | 소유주식수·의결권없는 주식 | 최대주주와의관계 | 재직기간 | 임기만료일,"ㅇ 배명고 ㅇ 연세대 행정학 학사, 석사 ㅇ 연세대 정보대학원 정보시스템학 박사 ㅇ 코오롱베니트 빅데이터분석팀장 ㅇ 하나벤처스 경영전략본부장 ㅇ 연세대학교 정보대학원 겸임교수 ㅇ 現 하나은행 데이터&제휴본부장",2026-09-22T12:02:59+09:00,000,raw/document/20240516001695.zip,791a7ebca15cfaf722a435ac29606243e47e33df736dd384131e885c5fdfc295
하나금융지주,지주,2023,20240516001695,[기재정정]사업보고서 (2023.12),20240516,경력란서술,겸임,1. 임원 및 직원 등의 현황,,1,황보현우,트 빅데이터분석팀장 ㅇ 하나벤처스 경영전략본부장 ㅇ 연세대학교 정보대학원,,,,상무,데이터본부,現,N,성 명 | 성별 | 출생년월 | 직위 | 등기임원 여부 | 상근여부 | 담당업무 | 주요경력 | 소유주식수·의결권有 | 소유주식수·의결권無 | 최대주주와의관계 | 재직기간 | 퇴직일,"ㅇ 배명고 ㅇ 연세대 행정학 학사, 석사 ㅇ 연세대 정보대학원 정보시스템학 박사 ㅇ 코오롱베니트 빅데이터분석팀장 ㅇ 하나벤처스 경영전략본부장 ㅇ 연세대학교 정보대학원 겸임교수 ㅇ 現 하나은행 데이터&제휴본부장",2026-09-22T12:02:59+09:00,000,raw/document/20240516001695.zip,791a7ebca15cfaf722a435ac29606243e47e33df736dd384131e885c5fdfc295
신한지주,지주,2024,20250318000993,사업보고서 (2024.12),20250318,경력란서술,겸임,1. 임원 및 직원 등의 현황,,1,이용국,ㆍ서울대학교 법학전문대학원,,,,사외이사,"ESG 전략위원회 위원장, 위험관리위원회 위원, 자회사최고경영자후보추천위원회 위원",~현재,N,성명 | 성별 | 출생년월 | 직위 | 등기임원여부 | 상근여부 | 담당업무 | 주요경력 | 소유주식수·의결권있는 주식 | 소유주식수·의결권없는 주식 | 최대주주와의관계 | 재직기간 | 임기만료일,"ㆍ미국 하버드 로스쿨 법학전문 석사ㆍCleary Gottlieb Steen & Hamilton LLP/ 뉴욕·홍콩사무소 파트너변호사, 서울사무소 대표, 선임고문변호사(1992.2~현재)ㆍ서울대학교 법학전문대학원 겸임교수(2024.3~현재)ㆍ한동대학교 국제법률대학원 겸임교수(2024.3~현재)",2026-09-16T12:04:49+09:00,000,raw/document/20250318000993.zip,22eeff37c00bcab23a105fb4a4cd6c69baa8bcf1d4e5492c1bf6105334d14583
신한지주,지주,2024,20250318000993,사업보고서 (2024.12),20250318,경력란서술,겸임,1. 임원 및 직원 등의 현황,,1,이용국,ㆍ한동대학교 국제법률대학원,,,,사외이사,"ESG 전략위원회 위원장, 위험관리위원회 위원, 자회사최고경영자후보추천위원회 위원",~현재,N,성명 | 성별 | 출생년월 | 직위 | 등기임원여부 | 상근여부 | 담당업무 | 주요경력 | 소유주식수·의결권있는 주식 | 소유주식수·의결권없는 주식 | 최대주주와의관계 | 재직기간 | 임기만료일,"ㆍ미국 하버드 로스쿨 법학전문 석사ㆍCleary Gottlieb Steen & Hamilton LLP/ 뉴욕·홍콩사무소 파트너변호사, 서울사무소 대표, 선임고문변호사(1992.2~현재)ㆍ서울대학교 법학전문대학원 겸임교수(2024.3~현재)ㆍ한동대학교 국제법률대학원 겸임교수(2024.3~현재)",2026-09-16T12:04:49+09:00,000,raw/document/20250318000993.zip,22eeff37c00bcab23a105fb4a4cd6c69baa8bcf1d4e5492c1bf6105334d14583
신한지주,지주,2024,20250318000993,사업보고서 (2024.12),20250318,경력란서술,겸임,1. 임원 및 직원 등의 현황,,1,최영권,ㆍ서강대학교 경영전문대학원,,,,사외이사,"보수위원회 위원장, 위험관리위원회 위원, 회장후보추천위원회 위원",~현재,N,성명 | 성별 | 출생년월 | 직위 | 등기임원여부 | 상근여부 | 담당업무 | 주요경력 | 소유주식수·의결권있는 주식 | 소유주식수·의결권없는 주식 | 최대주주와의관계 | 재직기간 | 임기만료일,ㆍ숭실대학교 대학원 경영학과 재무관리 경영학 박사ㆍ공무원연금공단 자금운용단장(2014.07~2017.03)ㆍ우리자산운용 대표이사(2019.08~2023.03)ㆍ서강대학교 경영전문대학원 겸임교수(2022.09~현재),2026-09-16T12:04:49+09:00,000,raw/document/20250318000993.zip,22eeff37c00bcab23a105fb4a4cd6c69baa8bcf1d4e5492c1bf6105334d14583
신한지주,지주,2024,20250318000993,사업보고서 (2024.12),20250318,경력란서술,겸직,1. 임원 및 직원 등의 현황,,1,김준환,신한은행,,,,파트장 (상무),디지털파트,~현재,Y,성명 | 성별 | 출생년월 | 직위 | 등기임원여부 | 상근여부 | 담당업무 | 주요경력 | 소유주식수·의결권있는 주식 | 소유주식수·의결권없는 주식 | 최대주주와의관계 | 재직기간 | 임기만료일,"ㆍKAIST 정밀공학 졸, KAIST 컴퓨터응용설계학 석/박사ㆍ삼성전자, SK C&C 등ㆍ신한은행 Data Unit 상무 (2020.12)ㆍ신한은행 디지털혁신단장 상무 (2021.01~현재)ㆍ신한금융지주회사 상무 (신한은행 상무 겸직, 2024.01~현재)",2026-09-16T12:04:49+09:00,000,raw/document/20250318000993.zip,22eeff37c00bcab23a105fb4a4cd6c69baa8bcf1d4e5492c1bf6105334d14583
신한지주,지주,2024,20250318000993,사업보고서 (2024.12),20250318,경력란서술,겸직,1. 임원 및 직원 등의 현황,,1,박현주,신한은행,,,,파트장 (부사장),소비자보호파트,~현재,Y,성명 | 성별 | 출생년월 | 직위 | 등기임원여부 | 상근여부 | 담당업무 | 주요경력 | 소유주식수·의결권있는 주식 | 소유주식수·의결권없는 주식 | 최대주주와의관계 | 재직기간 | 임기만료일,"ㆍ서울여자상업고등학교 졸ㆍ신한은행 소비자보호본부장 (2019.01~2019.12)ㆍ신한은행 서부본부장 (2020.01~2021.12)ㆍ신한은행 부행장 (2022.01~현재)ㆍ신한금융지주회사 부사장 (신한은행 부행장 겸직, 2023.07~현재)",2026-09-16T12:04:49+09:00,000,raw/document/20250318000993.zip,22eeff37c00bcab23a105fb4a4cd6c69baa8bcf1d4e5492c1bf6105334d14583
신한지주,지주,2024,20250318000993,사업보고서 (2024.12),20250318,경력란서술,겸임,1. 임원 및 직원 등의 현황,,1,이용국,ㆍ서울대학교 법학전문대학원,,,,사외이사,"ESG 전략위원회 위원장, 위험관리위원회 위원, 자회사최고경영자후보추천위원회 위원",~현재,N,성명 | 성별 | 출생년월 | 직위 | 등기임원여부 | 상근여부 | 담당업무 | 주요경력 | 소유주식수·의결권있는 주식 | 소유주식수·의결권없는 주식 | 최대주주와의관계 | 재직기간 | 임기만료일,"ㆍ미국 하버드 로스쿨 법학전문 석사ㆍCleary Gottlieb Steen & Hamilton LLP/ 뉴욕·홍콩사무소 파트너변호사, 서울사무소 대표, 선임고문변호사(1992.2~현재)ㆍ서울대학교 법학전문대학원 겸임교수(2024.3~현재)ㆍ한동대학교 국제법률대학원 겸임교수(2024.3~현재)",2026-09-16T12:04:49+09:00,000,raw/document/20250318000993.zip,22eeff37c00bcab23a105fb4a4cd6c69baa8bcf1d4e5492c1bf6105334d14583
신한지주,지주,2024,20250318000993,사업보고서 (2024.12),20250318,경력란서술,겸임,1. 임원 및 직원 등의 현황,,1,이용국,ㆍ한동대학교 국제법률대학원,,,,사외이사,"ESG 전략위원회 위원장, 위험관리위원회 위원, 자회사최고경영자후보추천위원회 위원",~현재,N,성명 | 성별 | 출생년월 | 직위 | 등기임원여부 | 상근여부 | 담당업무 | 주요경력 | 소유주식수·의결권있는 주식 | 소유주식수·의결권없는 주식 | 최대주주와의관계 | 재직기간 | 임기만료일,"ㆍ미국 하버드 로스쿨 법학전문 석사ㆍCleary Gottlieb Steen & Hamilton LLP/ 뉴욕·홍콩사무소 파트너변호사, 서울사무소 대표, 선임고문변호사(1992.2~현재)ㆍ서울대학교 법학전문대학원 겸임교수(2024.3~현재)ㆍ한동대학교 국제법률대학원 겸임교수(2024.3~현재)",2026-09-16T12:04:49+09:00,000,raw/document/20250318000993.zip,22eeff37c00bcab23a105fb4a4cd6c69baa8bcf1d4e5492c1bf6105334d14583
신한지주,지주,2024,20250318000993,사업보고서 (2024.12),20250318,경력란서술,겸임,1. 임원 및 직원 등의 현황,,1,최영권,ㆍ서강대학교 경영전문대학원,,,,사외이사,"보수위원회 위원장, 위험관리위원회 위원, 회장후보추천위원회 위원",~현재,N,성명 | 성별 | 출생년월 | 직위 | 등기임원여부 | 상근여부 | 담당업무 | 주요경력 | 소유주식수·의결권있는 주식 | 소유주식수·의결권없는 주식 | 최대주주와의관계 | 재직기간 | 임기만료일,ㆍ숭실대학교 대학원 경영학과 재무관리 경영학 박사ㆍ공무원연금공단 자금운용단장(2014.07~2017.03)ㆍ우리자산운용 대표이사(2019.08~2023.03)ㆍ서강대학교 경영전문대학원 겸임교수(2022.09~현재),2026-09-16T12:04:49+09:00,000,raw/document/20250318000993.zip,22eeff37c00bcab23a105fb4a4cd6c69baa8bcf1d4e5492c1bf6105334d14583
신한지주,지주,2024,20250318000993,사업보고서 (2024.12),20250318,경력란서술,겸직,1. 임원 및 직원 등의 현황,,1,박현주,신한은행,,,,파트장 (부사장),소비자보호파트,~현재,Y,성명 | 성별 | 출생년월 | 직위 | 등기임원여부 | 상근여부 | 담당업무 | 주요경력 | 소유주식수·의결권있는 주식 | 소유주식수·의결권없는 주식 | 최대주주와의관계 | 재직기간 | 임기만료일,"ㆍ서울여자상업고등학교 졸ㆍ신한은행 소비자보호본부장 (2019.01~2019.12)ㆍ신한은행 서부본부장 (2020,01~2021.12)ㆍ신한은행 부행장 (2022.01~현재)ㆍ신한금융지주회사 부사장 (신한은행 부행장 겸직, 2023.07~현재)",2026-09-16T12:04:49+09:00,000,raw/document/20250318000993.zip,22eeff37c00bcab23a105fb4a4cd6c69baa8bcf1d4e5492c1bf6105334d14583
신한지주,지주,2024,20250318000993,사업보고서 (2024.12),20250318,경력란서술,겸직,1. 임원 및 직원 등의 현황,,1,김준환,신한은행,,,,파트장 (상무),디지털파트,~현재,Y,성명 | 성별 | 출생년월 | 직위 | 등기임원여부 | 상근여부 | 담당업무 | 주요경력 | 소유주식수·의결권있는 주식 | 소유주식수·의결권없는 주식 | 최대주주와의관계 | 재직기간 | 임기만료일,"ㆍKAIST 정밀공학 졸, KAIST 컴퓨터응용설계학 석/박사ㆍ삼성전자, SK C&C 등ㆍ신한은행 Data Unit 상무 (2020.12)ㆍ신한은행 디지털혁신단장 상무 (2021.01~현재)ㆍ신한금융지주회사 상무 (신한은행 상무 겸직, 2024.01~현재)",2026-09-16T12:04:49+09:00,000,raw/document/20250318000993.zip,22eeff37c00bcab23a105fb4a4cd6c69baa8bcf1d4e5492c1bf6105334d14583
신한라이프생명보험,보험자회사,2024,20250318001216,사업보고서 (2024.12),20250318,경력란서술,겸직,1. 임원 및 직원 등의 현황,,1,이영종,투자증권,,,,대표 이사,대표이사,現,Y,성명 | 성별 | 출생년월 | 직위 | 등기임원여부 | 상근여부 | 담당업무 | 주요경력 | 소유주식수·의결권있는 주식 | 소유주식수·의결권없는 주식 | 최대주주와의관계 | 재직기간 | 임기만료일,"ㆍ서울대학교 경영학 졸ㆍ신한금융지주 전략기획팀 본부장ㆍ신한은행 강서지역본부장ㆍ오렌지라이프 대표이사 부사장ㆍ신한라이프 전략기획총괄 부사장ㆍ신한금융지주 부사장 (지주, 라이프, 은행, 투자증권 겸직 임원) ㆍ現 신한라이프 대표이사 사장",2026-09-16T12:09:37+09:00,000,raw/document/20250318001216.zip,417f6fef3407e742ee6540c36ee66bb1de9f593facfa59a257cf9e4d50bce30b
신한라이프생명보험,보험자회사,2024,20250318001216,사업보고서 (2024.12),20250318,경력란서술,겸직,1. 임원 및 직원 등의 현황,,1,조문일,투자증권,,,,상무,슈퍼SOL플랫폼본부 총괄,現,Y,성명 | 성별 | 출생년월 | 직위 | 등기임원여부 | 상근여부 | 담당업무 | 주요경력 | 소유주식수·의결권있는 주식 | 소유주식수·의결권없는 주식 | 최대주주와의관계 | 재직기간 | 임기만료일,"ㆍ서강대학교 경제학 졸ㆍ신한카드 조직문화팀장ㆍ신한카드 전략기획팀장ㆍ신한카드 전략기획본부장ㆍ신한카드 본부장 (라이프, 은행, 카드, 투자증권 겸직 임원)ㆍ現 신한라이프 슈퍼SOL플랫폼본부장(상무)",2026-09-16T12:09:37+09:00,000,raw/document/20250318001216.zip,417f6fef3407e742ee6540c36ee66bb1de9f593facfa59a257cf9e4d50bce30b
신한라이프생명보험,보험자회사,2024,20250318001216,사업보고서 (2024.12),20250318,경력란서술,겸직,1. 임원 및 직원 등의 현황,,1,이영종,투자증권,,,,대표 이사,대표이사,現,Y,성명 | 성별 | 출생년월 | 직위 | 등기임원여부 | 상근여부 | 담당업무 | 주요경력 | 소유주식수·의결권있는 주식 | 소유주식수·의결권없는 주식 | 최대주주와의관계 | 재직기간 | 임기만료일,"ㆍ서울대학교 경영학 졸ㆍ신한금융지주 전략기획팀 본부장ㆍ신한은행 강서지역본부장ㆍ오렌지라이프 대표이사 부사장ㆍ신한라이프 전략기획총괄 부사장ㆍ신한금융지주 부사장 (지주, 라이프, 은행, 투자증권 겸직 임원) ㆍ現 신한라이프 대표이사 사장",2026-09-16T12:09:37+09:00,000,raw/document/20250318001216.zip,417f6fef3407e742ee6540c36ee66bb1de9f593facfa59a257cf9e4d50bce30b
신한라이프생명보험,보험자회사,2024,20250331002840,[기재정정]사업보고서 (2024.12),20250331,경력란서술,겸직,1. 임원 및 직원 등의 현황,,1,이영종,투자증권,,,,대표 이사,대표이사,現,Y,성명 | 성별 | 출생년월 | 직위 | 등기임원여부 | 상근여부 | 담당업무 | 주요경력 | 소유주식수·의결권있는 주식 | 소유주식수·의결권없는 주식 | 최대주주와의관계 | 재직기간 | 임기만료일,"ㆍ서울대학교 경영학 졸ㆍ신한금융지주 전략기획팀 본부장ㆍ신한은행 강서지역본부장ㆍ오렌지라이프 대표이사 부사장ㆍ신한라이프 전략기획총괄 부사장ㆍ신한금융지주 부사장 (지주, 라이프, 은행, 투자증권 겸직 임원) ㆍ現 신한라이프 대표이사 사장",2026-09-16T12:19:52+09:00,000,raw/document/20250331002840.zip,736c8177431afaa0bd42ff38fbefe98eb497f532915ddece60e1af02173b2033
신한라이프생명보험,보험자회사,2024,20250331002840,[기재정정]사업보고서 (2024.12),20250331,경력란서술,겸직,1. 임원 및 직원 등의 현황,,1,조문일,투자증권,,,,상무,슈퍼SOL플랫폼본부 총괄,現,Y,성명 | 성별 | 출생년월 | 직위 | 등기임원여부 | 상근여부 | 담당업무 | 주요경력 | 소유주식수·의결권있는 주식 | 소유주식수·의결권없는 주식 | 최대주주와의관계 | 재직기간 | 임기만료일,"ㆍ서강대학교 경제학 졸ㆍ신한카드 조직문화팀장ㆍ신한카드 전략기획팀장ㆍ신한카드 전략기획본부장ㆍ신한카드 본부장 (라이프, 은행, 카드, 투자증권 겸직 임원)ㆍ現 신한라이프 슈퍼SOL플랫폼본부장(상무)",2026-09-16T12:19:52+09:00,000,raw/document/20250331002840.zip,736c8177431afaa0bd42ff38fbefe98eb497f532915ddece60e1af02173b2033
신한라이프생명보험,보험자회사,2024,20250331002840,[기재정정]사업보고서 (2024.12),20250331,경력란서술,겸직,1. 임원 및 직원 등의 현황,,1,이영종,투자증권,,,,대표 이사,대표이사,現,Y,성명 | 성별 | 출생년월 | 직위 | 등기임원여부 | 상근여부 | 담당업무 | 주요경력 | 소유주식수·의결권있는 주식 | 소유주식수·의결권없는 주식 | 최대주주와의관계 | 재직기간 | 임기만료일,"ㆍ서울대학교 경영학 졸ㆍ신한금융지주 전략기획팀 본부장ㆍ신한은행 강서지역본부장ㆍ오렌지라이프 대표이사 부사장ㆍ신한라이프 전략기획총괄 부사장ㆍ신한금융지주 부사장 (지주, 라이프, 은행, 투자증권 겸직 임원) ㆍ現 신한라이프 대표이사 사장",2026-09-16T12:19:52+09:00,000,raw/document/20250331002840.zip,736c8177431afaa0bd42ff38fbefe98eb497f532915ddece60e1af02173b2033
신한라이프생명보험,보험자회사,2024,20250331002957,[기재정정]사업보고서 (2024.12),20250331,경력란서술,겸직,1. 임원 및 직원 등의 현황,,1,이영종,투자증권,,,,대표 이사,대표이사,現,Y,성명 | 성별 | 출생년월 | 직위 | 등기임원여부 | 상근여부 | 담당업무 | 주요경력 | 소유주식수·의결권있는 주식 | 소유주식수·의결권없는 주식 | 최대주주와의관계 | 재직기간 | 임기만료일,"ㆍ서울대학교 경영학 졸ㆍ신한금융지주 전략기획팀 본부장ㆍ신한은행 강서지역본부장ㆍ오렌지라이프 대표이사 부사장ㆍ신한라이프 전략기획총괄 부사장ㆍ신한금융지주 부사장 (지주, 라이프, 은행, 투자증권 겸직 임원) ㆍ現 신한라이프 대표이사 사장",2026-09-16T12:20:25+09:00,000,raw/document/20250331002957.zip,3f0044b117f702acc0c79b032d9f80fe44934c45b53c6dcddb7d29905544c576
신한라이프생명보험,보험자회사,2024,20250331002957,[기재정정]사업보고서 (2024.12),20250331,경력란서술,겸직,1. 임원 및 직원 등의 현황,,1,조문일,투자증권,,,,상무,슈퍼SOL플랫폼본부 총괄,現,Y,성명 | 성별 | 출생년월 | 직위 | 등기임원여부 | 상근여부 | 담당업무 | 주요경력 | 소유주식수·의결권있는 주식 | 소유주식수·의결권없는 주식 | 최대주주와의관계 | 재직기간 | 임기만료일,"ㆍ서강대학교 경제학 졸ㆍ신한카드 조직문화팀장ㆍ신한카드 전략기획팀장ㆍ신한카드 전략기획본부장ㆍ신한카드 본부장 (라이프, 은행, 카드, 투자증권 겸직 임원)ㆍ現 신한라이프 슈퍼SOL플랫폼본부장(상무)",2026-09-16T12:20:25+09:00,000,raw/document/20250331002957.zip,3f0044b117f702acc0c79b032d9f80fe44934c45b53c6dcddb7d29905544c576
신한라이프생명보험,보험자회사,2024,20250331002957,[기재정정]사업보고서 (2024.12),20250331,경력란서술,겸직,1. 임원 및 직원 등의 현황,,1,이영종,투자증권,,,,대표 이사,대표이사,現,Y,성명 | 성별 | 출생년월 | 직위 | 등기임원여부 | 상근여부 | 담당업무 | 주요경력 | 소유주식수·의결권있는 주식 | 소유주식수·의결권없는 주식 | 최대주주와의관계 | 재직기간 | 임기만료일,"ㆍ서울대학교 경영학 졸ㆍ신한금융지주 전략기획팀 본부장ㆍ신한은행 강서지역본부장ㆍ오렌지라이프 대표이사 부사장ㆍ신한라이프 전략기획총괄 부사장ㆍ신한금융지주 부사장 (지주, 라이프, 은행, 투자증권 겸직 임원) ㆍ現 신한라이프 대표이사 사장",2026-09-16T12:20:25+09:00,000,raw/document/20250331002957.zip,3f0044b117f702acc0c79b032d9f80fe44934c45b53c6dcddb7d29905544c576
신한지주,지주,2025,20260318000826,사업보고서 (2025.12),20260318,경력란서술,겸임,1. 임원 및 직원 등의 현황,,1,이용국,ㆍ서울대학교 법학전문대학원,,,,사외이사,"ESG전략위원회 위원장,감사위원회 위원,보수위원회 위원",~현재,N,성명 | 성별 | 출생년월 | 직위 | 등기임원여부 | 상근여부 | 담당업무 | 주요경력 | 소유주식수·의결권있는 주식 | 소유주식수·의결권없는 주식 | 최대주주와의관계 | 재직기간 | 임기만료일,"ㆍ미국 하버드 로스쿨 법학전문 석사ㆍCleary Gottlieb Steen & Hamilton LLP/ 뉴욕ㆍ홍콩사무소 파트너변호사, 서울사무소 대표, 선임고문변호사(1992.2~현재)ㆍ서울대학교 법학전문대학원 겸임교수(2024.3~현재)ㆍ한동대학교 국제법률대학원 겸임교수(2024.3~현재)",2026-09-16T21:55:56+09:00,000,raw/document/20260318000826.zip,6b0e5adaf709fb25131b09f28d4fd6f5b2caac10a246c51119643878383f2d51
신한지주,지주,2025,20260318000826,사업보고서 (2025.12),20260318,경력란서술,겸임,1. 임원 및 직원 등의 현황,,1,이용국,ㆍ한동대학교 국제법률대학원,,,,사외이사,"ESG전략위원회 위원장,감사위원회 위원,보수위원회 위원",~현재,N,성명 | 성별 | 출생년월 | 직위 | 등기임원여부 | 상근여부 | 담당업무 | 주요경력 | 소유주식수·의결권있는 주식 | 소유주식수·의결권없는 주식 | 최대주주와의관계 | 재직기간 | 임기만료일,"ㆍ미국 하버드 로스쿨 법학전문 석사ㆍCleary Gottlieb Steen & Hamilton LLP/ 뉴욕ㆍ홍콩사무소 파트너변호사, 서울사무소 대표, 선임고문변호사(1992.2~현재)ㆍ서울대학교 법학전문대학원 겸임교수(2024.3~현재)ㆍ한동대학교 국제법률대학원 겸임교수(2024.3~현재)",2026-09-16T21:55:56+09:00,000,raw/document/20260318000826.zip,6b0e5adaf709fb25131b09f28d4fd6f5b2caac10a246c51119643878383f2d51
신한지주,지주,2025,20260318000826,사업보고서 (2025.12),20260318,경력란서술,겸임,1. 임원 및 직원 등의 현황,,1,최영권,ㆍ서강대학교 경영전문대학원,,,,사외이사,"내부통제위원회 위원장,보수위원회 위원장,위험관리위원회 위원,회장후보추천위원회 위원",~현재,N,성명 | 성별 | 출생년월 | 직위 | 등기임원여부 | 상근여부 | 담당업무 | 주요경력 | 소유주식수·의결권있는 주식 | 소유주식수·의결권없는 주식 | 최대주주와의관계 | 재직기간 | 임기만료일,ㆍ숭실대학교 대학원 경영학과 재무관리 경영학 박사ㆍ공무원연금공단 자금운용단장(2014.07~2017.03)ㆍ우리자산운용 대표이사(2019.08~2023.03)ㆍ서강대학교 경영전문대학원 겸임교수(2022.09~현재),2026-09-16T21:55:56+09:00,000,raw/document/20260318000826.zip,6b0e5adaf709fb25131b09f28d4fd6f5b2caac10a246c51119643878383f2d51
신한지주,지주,2025,20260318000826,사업보고서 (2025.12),20260318,경력란서술,겸직,1. 임원 및 직원 등의 현황,,1,박현주,신한은행,,,,부문장 (부사장),그룹소비자보호부문(CCPO),~현재,Y,성명 | 성별 | 출생년월 | 직위 | 등기임원여부 | 상근여부 | 담당업무 | 주요경력 | 소유주식수·의결권있는 주식 | 소유주식수·의결권없는 주식 | 최대주주와의관계 | 재직기간 | 임기만료일,"ㆍ서울여자상업고등학교 졸ㆍ신한은행 소비자보호본부장 (2019.01~2019.12)ㆍ신한은행 서부본부장 (2020,01~2021.12)ㆍ신한은행 부행장 (2022.01~현재)ㆍ신한금융지주회사 부사장 (신한은행 부행장 겸직, 2023.07~현재)",2026-09-16T21:55:56+09:00,000,raw/document/20260318000826.zip,6b0e5adaf709fb25131b09f28d4fd6f5b2caac10a246c51119643878383f2d51
신한지주,지주,2025,20260318000826,사업보고서 (2025.12),20260318,경력란서술,겸직,1. 임원 및 직원 등의 현황,,1,최혁재,신한은행,,,,부문장(부사장),"그룹AXㆍ디지털부문(CAIO, CDO)",~현재,Y,성명 | 성별 | 출생년월 | 직위 | 등기임원여부 | 상근여부 | 담당업무 | 주요경력 | 소유주식수·의결권있는 주식 | 소유주식수·의결권없는 주식 | 최대주주와의관계 | 재직기간 | 임기만료일,"ㆍ국민대 경영학과 졸, 고려대(원) 인사조직 석사ㆍ신한은행 서소문지점 지점장(2021.01~2021.12)ㆍ신한은행 디지털마케팅부 Tribe Leader (2022.01~2022.12)ㆍ신한은행 디지털전략부 부장 (2023.01~2024.12)ㆍ신한은행 상무 (2025.01~2025.09)ㆍ신한은행 부행장 (2025.10~현재)ㆍ신한금융지주회사 부사장 (신한은행 부행장 겸직, 2025.10~현재)",2026-09-16T21:55:56+09:00,000,raw/document/20260318000826.zip,6b0e5adaf709fb25131b09f28d4fd6f5b2caac10a246c51119643878383f2d51
신한지주,지주,2025,20260318000826,사업보고서 (2025.12),20260318,경력란서술,겸임,1. 임원 및 직원 등의 현황,,1,이용국,ㆍ서울대학교 법학전문대학원,,,,사외이사,"ESG전략위원회 위원장,감사위원회 위원,보수위원회 위원",~현재,N,성명 | 성별 | 출생년월 | 직위 | 등기임원여부 | 상근여부 | 담당업무 | 주요경력 | 소유주식수·의결권있는 주식 | 소유주식수·의결권없는 주식 | 최대주주와의관계 | 재직기간 | 임기만료일,"ㆍ미국 하버드 로스쿨 법학전문 석사ㆍCleary Gottlieb Steen & Hamilton LLP/ 뉴욕ㆍ홍콩사무소 파트너변호사, 서울사무소 대표, 선임고문변호사(1992.2~현재)ㆍ서울대학교 법학전문대학원 겸임교수(2024.3~현재)ㆍ한동대학교 국제법률대학원 겸임교수(2024.3~현재)",2026-09-16T21:55:56+09:00,000,raw/document/20260318000826.zip,6b0e5adaf709fb25131b09f28d4fd6f5b2caac10a246c51119643878383f2d51
신한지주,지주,2025,20260318000826,사업보고서 (2025.12),20260318,경력란서술,겸임,1. 임원 및 직원 등의 현황,,1,이용국,ㆍ한동대학교 국제법률대학원,,,,사외이사,"ESG전략위원회 위원장,감사위원회 위원,보수위원회 위원",~현재,N,성명 | 성별 | 출생년월 | 직위 | 등기임원여부 | 상근여부 | 담당업무 | 주요경력 | 소유주식수·의결권있는 주식 | 소유주식수·의결권없는 주식 | 최대주주와의관계 | 재직기간 | 임기만료일,"ㆍ미국 하버드 로스쿨 법학전문 석사ㆍCleary Gottlieb Steen & Hamilton LLP/ 뉴욕ㆍ홍콩사무소 파트너변호사, 서울사무소 대표, 선임고문변호사(1992.2~현재)ㆍ서울대학교 법학전문대학원 겸임교수(2024.3~현재)ㆍ한동대학교 국제법률대학원 겸임교수(2024.3~현재)",2026-09-16T21:55:56+09:00,000,raw/document/20260318000826.zip,6b0e5adaf709fb25131b09f28d4fd6f5b2caac10a246c51119643878383f2d51
신한지주,지주,2025,20260318000826,사업보고서 (2025.12),20260318,경력란서술,겸직,1. 임원 및 직원 등의 현황,,1,박현주,신한은행,,,,부문장 (부사장),그룹소비자보호부문(CCPO),~현재,Y,성명 | 성별 | 출생년월 | 직위 | 등기임원여부 | 상근여부 | 담당업무 | 주요경력 | 소유주식수·의결권있는 주식 | 소유주식수·의결권없는 주식 | 최대주주와의관계 | 재직기간 | 임기만료일,"ㆍ서울여자상업고등학교 졸ㆍ신한은행 소비자보호본부장 (2019.01~2019.12)ㆍ신한은행 서부본부장 (2020,01~2021.12)ㆍ신한은행 부행장 (2022.01~현재)ㆍ신한금융지주회사 부사장 (신한은행 부행장 겸직, 2023.07~현재)",2026-09-16T21:55:56+09:00,000,raw/document/20260318000826.zip,6b0e5adaf709fb25131b09f28d4fd6f5b2caac10a246c51119643878383f2d51
신한지주,지주,2025,20260318000826,사업보고서 (2025.12),20260318,경력란서술,겸직,1. 임원 및 직원 등의 현황,,1,최혁재,신한은행,,,,부문장(부사장),"그룹AXㆍ디지털부문(CAIO, CDO)",~현재,Y,성명 | 성별 | 출생년월 | 직위 | 등기임원여부 | 상근여부 | 담당업무 | 주요경력 | 소유주식수·의결권있는 주식 | 소유주식수·의결권없는 주식 | 최대주주와의관계 | 재직기간 | 임기만료일,"ㆍ국민대 경영학과 졸, 고려대(원) 인사조직 석사ㆍ신한은행 서소문지점 지점장(2021.01~2021.12)ㆍ신한은행 디지털마케팅부 Tribe Leader (2022.01~2022.12)ㆍ신한은행 디지털전략부 부장 (2023.01~2024.12)ㆍ신한은행 상무 (2025.01~2025.09)ㆍ신한은행 부행장 (2025.10~현재)ㆍ신한금융지주회사 부사장 (신한은행 부행장 겸직, 2025.10~현재)",2026-09-16T21:55:56+09:00,000,raw/document/20260318000826.zip,6b0e5adaf709fb25131b09f28d4fd6f5b2caac10a246c51119643878383f2d51
신한라이프생명보험,보험자회사,2025,20260318001034,사업보고서 (2025.12),20260318,경력란서술,겸직,1. 임원 및 직원 등의 현황,,1,이영종,투자증권,,,,사장,대표이사,現,Y,성명 | 성별 | 출생년월 | 직위 | 등기임원여부 | 상근여부 | 담당업무 | 주요경력 | 소유주식수·의결권있는 주식 | 소유주식수·의결권없는 주식 | 최대주주와의관계 | 재직기간 | 임기만료일,"ㆍ서울대학교 경영학 졸ㆍ오렌지라이프 NewLife추진실장 (부사장)ㆍ오렌지라이프 대표이사 부사장ㆍ신한라이프 전략기획총괄 부사장ㆍ신한금융지주 부사장 (지주, 라이프, 은행, 투자증권 겸직 임원)ㆍ現 신한라이프 대표이사 사장",2026-08-31T17:20:50+09:00,000,raw/document/20260318001034.zip,147192b0339fe60b8e59c0f29044728c6c87f8b6d12f14bda99ad26113f8a162
신한라이프생명보험,보험자회사,2025,20260331004136,[기재정정]사업보고서 (2025.12),20260331,경력란서술,겸직,1. 임원 및 직원 등의 현황,,1,이영종,투자증권,,,,사장,대표이사,現,Y,성명 | 성별 | 출생년월 | 직위 | 등기임원여부 | 상근여부 | 담당업무 | 주요경력 | 소유주식수·의결권있는 주식 | 소유주식수·의결권없는 주식 | 최대주주와의관계 | 재직기간 | 임기만료일,"ㆍ서울대학교 경영학 졸ㆍ오렌지라이프 NewLife추진실장 (부사장)ㆍ오렌지라이프 대표이사 부사장ㆍ신한라이프 전략기획총괄 부사장ㆍ신한금융지주 부사장 (지주, 라이프, 은행, 투자증권 겸직 임원)ㆍ現 신한라이프 대표이사 사장",2026-09-16T22:10:49+09:00,000,raw/document/20260331004136.zip,ed955aedfd62fe0d2032f317d81d4656e648a3c74719d17629ed19d457daf267
