corp_label,period,metric,value,unit,doc_kind,rcept_no_or_url,doc_name,page,collected_at,source_text,note,원문_md
메리츠금융지주,2026-Q2,필요자본 대비 자기자본비율,180.31,"(단위 : 백만원,%)",반기보고서,20260814004036,반기보고서 (2026.06),,원문XML 2026-10-01T09:44:56+09:00 · 뷰어PDF 2026-10-01T09:51:58+09:00,[머리] 구 분 | 2026년2분기 | 2025년 | 2024년 ‖ [행] 필요자본 대비 자기자본비율(A/B) | 180.31 | 179.94 | 193.36,비은행지주 해당(원문 20260318001419: 「국내 금융지주회사는 은행을 자회사로 지배하는 은행지주회사와 은행을 지배하지 않는 비은행지주회사로 크게 구분되…」) / 값 열 머리 「2026년2분기」(당기 칸) · 맥락: [지배회사에 관한 사항_메리츠금융지주] / 가. 필요자본 대비 자기자본 비율,
메리츠금융지주,2026-Q2,부채비율,56.41,"(단위 : 백만원,%)",반기보고서,20260814004036,반기보고서 (2026.06),,원문XML 2026-10-01T09:44:56+09:00 · 뷰어PDF 2026-10-01T09:51:58+09:00,[머리] 구 분 | 2026년2분기 | 2025년 | 2024년 ‖ [행] 부채비율(A/B) | 56.41 | 53.96 | 42.65,비은행지주 해당(원문 20260318001419: 「국내 금융지주회사는 은행을 자회사로 지배하는 은행지주회사와 은행을 지배하지 않는 비은행지주회사로 크게 구분되…」) / 값 열 머리 「2026년2분기」(당기 칸) · 맥락: 주3) 필요자본 대비 자기자본비율 수치는 자회사인 메리츠화재의 K-ICS 방식으로 산출하였음 / 나. 부채비율,
메리츠금융지주,2026-Q2,이중레버리지비율,문서에 없음,,반기보고서,20260814004036,반기보고서 (2026.06),,원문XML 2026-10-01T09:44:56+09:00 · 뷰어PDF 2026-10-01T09:51:58+09:00,,비은행지주 해당(원문 20260318001419: 「국내 금융지주회사는 은행을 자회사로 지배하는 은행지주회사와 은행을 지배하지 않는 비은행지주회사로 크게 구분되…」) / Ⅱ 장 표에서 「이중레버리지비율」 행을 못 찾음(업계 현황표·자회사 표 제외); 같은 회사 2026.2Q 경영공시(dart_out/text/risk8/경영공시__*.txt)에도 「이중레버리지」 어휘 0건,
메리츠금융지주,2026-Q2,원화유동성비율,438,"(단위 : 백만원,%)",반기보고서,20260814004036,반기보고서 (2026.06),,원문XML 2026-10-01T09:44:56+09:00 · 뷰어PDF 2026-10-01T09:51:58+09:00,"[머리] 구 분 | 2026년2분기 | 2025년 | 2024년 ‖ [행] 원화유동성 비율(A/B) | 438 | 1,248 | 801",비은행지주 해당(원문 20260318001419: 「국내 금융지주회사는 은행을 자회사로 지배하는 은행지주회사와 은행을 지배하지 않는 비은행지주회사로 크게 구분되…」) / 값 열 머리 「2026년2분기」(당기 칸) · 맥락: 다. 원화 유동성비율,
메리츠금융지주,2026-Q2,지급여력비율(보험 자회사),230.5,"   (단위 : 백만원, %)",반기보고서,20260814004036,반기보고서 (2026.06),,원문XML 2026-10-01T09:44:56+09:00 · 뷰어PDF 2026-10-01T09:51:58+09:00,[머리] 구 분 | 제106기 반기 | 제105기 연간 | 제104기 연간 ‖ [행] 지급여력비율(A/B) | 230.5 | 241.3 | 248.2,비은행지주 해당(원문 20260318001419: 「국내 금융지주회사는 은행을 자회사로 지배하는 은행지주회사와 은행을 지배하지 않는 비은행지주회사로 크게 구분되…」) / 값 열 머리 「제106기 반기」(당기 칸) · 맥락: 나. 지급여력비율,
메리츠금융지주,2026-Q1,필요자본 대비 자기자본비율,185.52,"(단위 : 백만원,%)",분기보고서,20260529001907,[기재정정]분기보고서 (2026.03),,원문XML 2026-10-01T09:45:16+09:00 · 뷰어PDF 2026-10-01T09:52:30+09:00,[머리] 구 분 | 2026년1분기 | 2025년 | 2024년 ‖ [행] 필요자본 대비 자기자본비율(A/B) | 185.52 | 179.94 | 193.36,비은행지주 해당(원문 20260318001419: 「국내 금융지주회사는 은행을 자회사로 지배하는 은행지주회사와 은행을 지배하지 않는 비은행지주회사로 크게 구분되…」) / 값 열 머리 「2026년1분기」(당기 칸) · 맥락: [지배회사에 관한 사항_메리츠금융지주] / 가. 필요자본 대비 자기자본 비율,
메리츠금융지주,2026-Q1,부채비율,49.34,"(단위 : 백만원,%)",분기보고서,20260529001907,[기재정정]분기보고서 (2026.03),,원문XML 2026-10-01T09:45:16+09:00 · 뷰어PDF 2026-10-01T09:52:30+09:00,[머리] 구 분 | 2026년1분기 | 2025년 | 2024년 ‖ [행] 부채비율(A/B) | 49.34 | 53.96 | 42.65,비은행지주 해당(원문 20260318001419: 「국내 금융지주회사는 은행을 자회사로 지배하는 은행지주회사와 은행을 지배하지 않는 비은행지주회사로 크게 구분되…」) / 값 열 머리 「2026년1분기」(당기 칸) · 맥락: 주3) 필요자본 대비 자기자본비율 수치는 자회사인 메리츠화재의 K-ICS 방식으로  산출하였음 / 나. 부채비율,
메리츠금융지주,2026-Q1,이중레버리지비율,문서에 없음,,분기보고서,20260529001907,[기재정정]분기보고서 (2026.03),,원문XML 2026-10-01T09:45:16+09:00 · 뷰어PDF 2026-10-01T09:52:30+09:00,,비은행지주 해당(원문 20260318001419: 「국내 금융지주회사는 은행을 자회사로 지배하는 은행지주회사와 은행을 지배하지 않는 비은행지주회사로 크게 구분되…」) / Ⅱ 장 표에서 「이중레버리지비율」 행을 못 찾음(업계 현황표·자회사 표 제외); 같은 회사 2026.2Q 경영공시(dart_out/text/risk8/경영공시__*.txt)에도 「이중레버리지」 어휘 0건,
메리츠금융지주,2026-Q1,원화유동성비율,"1,128","(단위 : 백만원,%)",분기보고서,20260529001907,[기재정정]분기보고서 (2026.03),,원문XML 2026-10-01T09:45:16+09:00 · 뷰어PDF 2026-10-01T09:52:30+09:00,"[머리] 구 분 | 2026년1분기 | 2025년 | 2024년 ‖ [행] 원화유동성 비율(A/B) | 1,128 | 1,248 | 801",비은행지주 해당(원문 20260318001419: 「국내 금융지주회사는 은행을 자회사로 지배하는 은행지주회사와 은행을 지배하지 않는 비은행지주회사로 크게 구분되…」) / 값 열 머리 「2026년1분기」(당기 칸) · 맥락: 다. 원화 유동성비율,
메리츠금융지주,2026-Q1,지급여력비율(보험 자회사),240.6,"   (단위 : 백만원, %)",분기보고서,20260529001907,[기재정정]분기보고서 (2026.03),,원문XML 2026-10-01T09:45:16+09:00 · 뷰어PDF 2026-10-01T09:52:30+09:00,[머리] 구 분 | 제106기 1분기 | 제105기 연간 | 제104기 연간 ‖ [행] 지급여력비율(A/B) | 240.6 | 241.3 | 248.2,비은행지주 해당(원문 20260318001419: 「국내 금융지주회사는 은행을 자회사로 지배하는 은행지주회사와 은행을 지배하지 않는 비은행지주회사로 크게 구분되…」) / 값 열 머리 「제106기 1분기」(당기 칸) · 맥락: 나. 지급여력비율,
메리츠금융지주,2026-Q1,필요자본 대비 자기자본비율,184.99,"(단위 : 백만원,%)",분기보고서,20260515002625,분기보고서 (2026.03),,원문XML 2026-10-01T09:45:37+09:00 · 뷰어PDF 2026-10-01T09:52:51+09:00,[머리] 구 분 | 2026년1분기 | 2025년 | 2024년 ‖ [행] 필요자본 대비 자기자본비율(A/B) | 184.99 | 179.94 | 193.36,비은행지주 해당(원문 20260318001419: 「국내 금융지주회사는 은행을 자회사로 지배하는 은행지주회사와 은행을 지배하지 않는 비은행지주회사로 크게 구분되…」) / 값 열 머리 「2026년1분기」(당기 칸) · 맥락: [지배회사에 관한 사항_메리츠금융지주] / 가. 필요자본 대비 자기자본 비율,
메리츠금융지주,2026-Q1,부채비율,49.34,"(단위 : 백만원,%)",분기보고서,20260515002625,분기보고서 (2026.03),,원문XML 2026-10-01T09:45:37+09:00 · 뷰어PDF 2026-10-01T09:52:51+09:00,[머리] 구 분 | 2026년1분기 | 2025년 | 2024년 ‖ [행] 부채비율(A/B) | 49.34 | 53.96 | 42.65,"비은행지주 해당(원문 20260318001419: 「국내 금융지주회사는 은행을 자회사로 지배하는 은행지주회사와 은행을 지배하지 않는 비은행지주회사로 크게 구분되…」) / 값 열 머리 「2026년1분기」(당기 칸) · 맥락: 주3) 필요자본 대비 자기자본비율 수치는 자회사인 메리츠화재의 K-ICS 방식으로 산출하였으며, 현재는 잠정치에 해당하여 확정 산출 후 변동사항이 발생하는 경우 정정공시할 예정임 / 나. 부채비율",
메리츠금융지주,2026-Q1,이중레버리지비율,문서에 없음,,분기보고서,20260515002625,분기보고서 (2026.03),,원문XML 2026-10-01T09:45:37+09:00 · 뷰어PDF 2026-10-01T09:52:51+09:00,,비은행지주 해당(원문 20260318001419: 「국내 금융지주회사는 은행을 자회사로 지배하는 은행지주회사와 은행을 지배하지 않는 비은행지주회사로 크게 구분되…」) / Ⅱ 장 표에서 「이중레버리지비율」 행을 못 찾음(업계 현황표·자회사 표 제외); 같은 회사 2026.2Q 경영공시(dart_out/text/risk8/경영공시__*.txt)에도 「이중레버리지」 어휘 0건,
메리츠금융지주,2026-Q1,원화유동성비율,"1,128","(단위 : 백만원,%)",분기보고서,20260515002625,분기보고서 (2026.03),,원문XML 2026-10-01T09:45:37+09:00 · 뷰어PDF 2026-10-01T09:52:51+09:00,"[머리] 구 분 | 2026년1분기 | 2025년 | 2024년 ‖ [행] 원화유동성 비율(A/B) | 1,128 | 1,248 | 801",비은행지주 해당(원문 20260318001419: 「국내 금융지주회사는 은행을 자회사로 지배하는 은행지주회사와 은행을 지배하지 않는 비은행지주회사로 크게 구분되…」) / 값 열 머리 「2026년1분기」(당기 칸) · 맥락: 다. 원화 유동성비율,
메리츠금융지주,2026-Q1,지급여력비율(보험 자회사),240.7,"   (단위 : 백만원, %)",분기보고서,20260515002625,분기보고서 (2026.03),,원문XML 2026-10-01T09:45:37+09:00 · 뷰어PDF 2026-10-01T09:52:51+09:00,[머리] 구 분 | 제106기 1분기 | 제105기 연간 | 제104기 연간 ‖ [행] 지급여력비율(A/B) | 240.7 | 241.3 | 248.2,비은행지주 해당(원문 20260318001419: 「국내 금융지주회사는 은행을 자회사로 지배하는 은행지주회사와 은행을 지배하지 않는 비은행지주회사로 크게 구분되…」) / 값 열 머리 「제106기 1분기」(당기 칸) · 맥락: 나. 지급여력비율,
메리츠금융지주,2025-Q4,필요자본 대비 자기자본비율,문서에 없음,,사업보고서,20260406004144,[첨부정정]사업보고서 (2025.12),,원문XML 2026-09-30T17:23:46+09:00 · 뷰어PDF 2026-09-30T17:55:01+09:00,,비은행지주 해당(원문 20260318001419: 「국내 금융지주회사는 은행을 자회사로 지배하는 은행지주회사와 은행을 지배하지 않는 비은행지주회사로 크게 구분되…」) / 본문 XML 없음(첨부정정 등),
메리츠금융지주,2025-Q4,부채비율,문서에 없음,,사업보고서,20260406004144,[첨부정정]사업보고서 (2025.12),,원문XML 2026-09-30T17:23:46+09:00 · 뷰어PDF 2026-09-30T17:55:01+09:00,,비은행지주 해당(원문 20260318001419: 「국내 금융지주회사는 은행을 자회사로 지배하는 은행지주회사와 은행을 지배하지 않는 비은행지주회사로 크게 구분되…」) / 본문 XML 없음(첨부정정 등),
메리츠금융지주,2025-Q4,이중레버리지비율,문서에 없음,,사업보고서,20260406004144,[첨부정정]사업보고서 (2025.12),,원문XML 2026-09-30T17:23:46+09:00 · 뷰어PDF 2026-09-30T17:55:01+09:00,,비은행지주 해당(원문 20260318001419: 「국내 금융지주회사는 은행을 자회사로 지배하는 은행지주회사와 은행을 지배하지 않는 비은행지주회사로 크게 구분되…」) / 본문 XML 없음(첨부정정 등),
메리츠금융지주,2025-Q4,원화유동성비율,문서에 없음,,사업보고서,20260406004144,[첨부정정]사업보고서 (2025.12),,원문XML 2026-09-30T17:23:46+09:00 · 뷰어PDF 2026-09-30T17:55:01+09:00,,비은행지주 해당(원문 20260318001419: 「국내 금융지주회사는 은행을 자회사로 지배하는 은행지주회사와 은행을 지배하지 않는 비은행지주회사로 크게 구분되…」) / 본문 XML 없음(첨부정정 등),
메리츠금융지주,2025-Q4,필요자본 대비 자기자본비율,179.94,"(단위 : 백만원,%)",사업보고서,20260331004202,[기재정정]사업보고서 (2025.12),83,원문XML 2026-09-30T17:24:22+09:00 · 뷰어PDF 2026-09-30T17:56:23+09:00,[머리] 구 분 | 2025년 | 2024년 | 2023년 ‖ [행] 필요자본 대비 자기자본비율(A/B) | 179.94 | 193.36 | 206.77,비은행지주 해당(원문 20260318001419: 「국내 금융지주회사는 은행을 자회사로 지배하는 은행지주회사와 은행을 지배하지 않는 비은행지주회사로 크게 구분되…」) / 값 열 머리 「2025년」(당기 칸) · 맥락: [지배회사에 관한 사항_메리츠금융지주] / 가. 필요자본 대비 자기자본 비율,handoff/원문텍스트_9차/비은행지주_자본지표/20260331004202.md
메리츠금융지주,2025-Q4,부채비율,53.96,"(단위 : 백만원,%)",사업보고서,20260331004202,[기재정정]사업보고서 (2025.12),83,원문XML 2026-09-30T17:24:22+09:00 · 뷰어PDF 2026-09-30T17:56:23+09:00,[머리] 구 분 | 2025년 | 2024년 | 2023년 ‖ [행] 부채비율(A/B) | 53.96 | 42.65 | 36.36,비은행지주 해당(원문 20260318001419: 「국내 금융지주회사는 은행을 자회사로 지배하는 은행지주회사와 은행을 지배하지 않는 비은행지주회사로 크게 구분되…」) / 값 열 머리 「2025년」(당기 칸) · 맥락: 주3) 필요자본 대비 자기자본비율 수치는 자회사인 메리츠화재의 K-ICS 방식으로 산출하였음 / 나. 부채비율,handoff/원문텍스트_9차/비은행지주_자본지표/20260331004202.md
메리츠금융지주,2025-Q4,이중레버리지비율,문서에 없음,,사업보고서,20260331004202,[기재정정]사업보고서 (2025.12),,원문XML 2026-09-30T17:24:22+09:00 · 뷰어PDF 2026-09-30T17:56:23+09:00,,비은행지주 해당(원문 20260318001419: 「국내 금융지주회사는 은행을 자회사로 지배하는 은행지주회사와 은행을 지배하지 않는 비은행지주회사로 크게 구분되…」) / Ⅱ 장 표에서 「이중레버리지비율」 행을 못 찾음(업계 현황표·자회사 표 제외); 같은 회사 2026.2Q 경영공시(dart_out/text/risk8/경영공시__*.txt)에도 「이중레버리지」 어휘 0건,handoff/원문텍스트_9차/비은행지주_자본지표/20260331004202.md
메리츠금융지주,2025-Q4,원화유동성비율,"1,248","(단위 : 백만원,%)",사업보고서,20260331004202,[기재정정]사업보고서 (2025.12),83,원문XML 2026-09-30T17:24:22+09:00 · 뷰어PDF 2026-09-30T17:56:23+09:00,"[머리] 구 분 | 2025년 | 2024년 | 2023년 ‖ [행] 원화유동성 비율(A/B) | 1,248 | 801 | 214",비은행지주 해당(원문 20260318001419: 「국내 금융지주회사는 은행을 자회사로 지배하는 은행지주회사와 은행을 지배하지 않는 비은행지주회사로 크게 구분되…」) / 값 열 머리 「2025년」(당기 칸) · 맥락: 다. 원화 유동성비율,handoff/원문텍스트_9차/비은행지주_자본지표/20260331004202.md
메리츠금융지주,2025-Q4,지급여력비율(보험 자회사),241.3,"   (단위 : 백만원, %)",사업보고서,20260331004202,[기재정정]사업보고서 (2025.12),87,원문XML 2026-09-30T17:24:22+09:00 · 뷰어PDF 2026-09-30T17:56:23+09:00,[머리] 구 분 | 제105기 연간 | 제104기 연간 | 제103기 연간 ‖ [행] 지급여력비율(A/B) | 241.3 | 248.2 | 242.2,비은행지주 해당(원문 20260318001419: 「국내 금융지주회사는 은행을 자회사로 지배하는 은행지주회사와 은행을 지배하지 않는 비은행지주회사로 크게 구분되…」) / 값 열 머리 「제105기 연간」(당기 칸) · 맥락: 주1) 손해보험경영통일공시기준으로 작성 주2) 종전 기업회계기준서 제 1104호를 적용 주3) 책임준비금에는 투자계약부채를 포함하고 있음 / 나. 지급여력비율,handoff/원문텍스트_9차/비은행지주_자본지표/20260331004202.md
메리츠금융지주,2025-Q4,필요자본 대비 자기자본비율,179.94,"(단위 : 백만원,%)",사업보고서,20260331004089,[기재정정]사업보고서 (2025.12),83,원문XML 2026-09-30T17:24:57+09:00 · 뷰어PDF 2026-09-30T17:57:19+09:00,[머리] 구 분 | 2025년 | 2024년 | 2023년 ‖ [행] 필요자본 대비 자기자본비율(A/B) | 179.94 | 193.36 | 206.77,비은행지주 해당(원문 20260318001419: 「국내 금융지주회사는 은행을 자회사로 지배하는 은행지주회사와 은행을 지배하지 않는 비은행지주회사로 크게 구분되…」) / 값 열 머리 「2025년」(당기 칸) · 맥락: [지배회사에 관한 사항_메리츠금융지주] / 가. 필요자본 대비 자기자본 비율,handoff/원문텍스트_9차/비은행지주_자본지표/20260331004089.md
메리츠금융지주,2025-Q4,부채비율,53.96,"(단위 : 백만원,%)",사업보고서,20260331004089,[기재정정]사업보고서 (2025.12),83,원문XML 2026-09-30T17:24:57+09:00 · 뷰어PDF 2026-09-30T17:57:19+09:00,[머리] 구 분 | 2025년 | 2024년 | 2023년 ‖ [행] 부채비율(A/B) | 53.96 | 42.65 | 36.36,"비은행지주 해당(원문 20260318001419: 「국내 금융지주회사는 은행을 자회사로 지배하는 은행지주회사와 은행을 지배하지 않는 비은행지주회사로 크게 구분되…」) / 값 열 머리 「2025년」(당기 칸) · 맥락: 주3) 필요자본 대비 자기자본비율 수치는 자회사인 메리츠화재의 K-ICS 방식으로 산출하였으며, 현재는 잠정치에 해당하여 확정치 산출 후 정정공시할 예정 / 나. 부채비율",handoff/원문텍스트_9차/비은행지주_자본지표/20260331004089.md
메리츠금융지주,2025-Q4,이중레버리지비율,문서에 없음,,사업보고서,20260331004089,[기재정정]사업보고서 (2025.12),,원문XML 2026-09-30T17:24:57+09:00 · 뷰어PDF 2026-09-30T17:57:19+09:00,,비은행지주 해당(원문 20260318001419: 「국내 금융지주회사는 은행을 자회사로 지배하는 은행지주회사와 은행을 지배하지 않는 비은행지주회사로 크게 구분되…」) / Ⅱ 장 표에서 「이중레버리지비율」 행을 못 찾음(업계 현황표·자회사 표 제외); 같은 회사 2026.2Q 경영공시(dart_out/text/risk8/경영공시__*.txt)에도 「이중레버리지」 어휘 0건,handoff/원문텍스트_9차/비은행지주_자본지표/20260331004089.md
메리츠금융지주,2025-Q4,원화유동성비율,"1,248","(단위 : 백만원,%)",사업보고서,20260331004089,[기재정정]사업보고서 (2025.12),83,원문XML 2026-09-30T17:24:57+09:00 · 뷰어PDF 2026-09-30T17:57:19+09:00,"[머리] 구 분 | 2025년 | 2024년 | 2023년 ‖ [행] 원화유동성 비율(A/B) | 1,248 | 801 | 214",비은행지주 해당(원문 20260318001419: 「국내 금융지주회사는 은행을 자회사로 지배하는 은행지주회사와 은행을 지배하지 않는 비은행지주회사로 크게 구분되…」) / 값 열 머리 「2025년」(당기 칸) · 맥락: 다. 원화 유동성비율,handoff/원문텍스트_9차/비은행지주_자본지표/20260331004089.md
메리츠금융지주,2025-Q4,지급여력비율(보험 자회사),241.3,"   (단위 : 백만원, %)",사업보고서,20260331004089,[기재정정]사업보고서 (2025.12),87,원문XML 2026-09-30T17:24:57+09:00 · 뷰어PDF 2026-09-30T17:57:19+09:00,[머리] 구 분 | 제105기 연간 | 제104기 연간 | 제103기 연간 ‖ [행] 지급여력비율(A/B) | 241.3 | 248.2 | 242.2,비은행지주 해당(원문 20260318001419: 「국내 금융지주회사는 은행을 자회사로 지배하는 은행지주회사와 은행을 지배하지 않는 비은행지주회사로 크게 구분되…」) / 값 열 머리 「제105기 연간」(당기 칸) · 맥락: 주1) 손해보험경영통일공시기준으로 작성 주2) 종전 기업회계기준서 제 1104호를 적용 주3) 책임준비금에는 투자계약부채를 포함하고 있음 / 나. 지급여력비율,handoff/원문텍스트_9차/비은행지주_자본지표/20260331004089.md
메리츠금융지주,2025-Q4,필요자본 대비 자기자본비율,문서에 없음,,사업보고서,20260318001549,[첨부정정]사업보고서 (2025.12),,원문XML 2026-09-30T17:24:58+09:00 · 뷰어PDF 2026-09-30T17:57:24+09:00,,비은행지주 해당(원문 20260318001419: 「국내 금융지주회사는 은행을 자회사로 지배하는 은행지주회사와 은행을 지배하지 않는 비은행지주회사로 크게 구분되…」) / 본문 XML 없음(첨부정정 등),
메리츠금융지주,2025-Q4,부채비율,문서에 없음,,사업보고서,20260318001549,[첨부정정]사업보고서 (2025.12),,원문XML 2026-09-30T17:24:58+09:00 · 뷰어PDF 2026-09-30T17:57:24+09:00,,비은행지주 해당(원문 20260318001419: 「국내 금융지주회사는 은행을 자회사로 지배하는 은행지주회사와 은행을 지배하지 않는 비은행지주회사로 크게 구분되…」) / 본문 XML 없음(첨부정정 등),
메리츠금융지주,2025-Q4,이중레버리지비율,문서에 없음,,사업보고서,20260318001549,[첨부정정]사업보고서 (2025.12),,원문XML 2026-09-30T17:24:58+09:00 · 뷰어PDF 2026-09-30T17:57:24+09:00,,비은행지주 해당(원문 20260318001419: 「국내 금융지주회사는 은행을 자회사로 지배하는 은행지주회사와 은행을 지배하지 않는 비은행지주회사로 크게 구분되…」) / 본문 XML 없음(첨부정정 등),
메리츠금융지주,2025-Q4,원화유동성비율,문서에 없음,,사업보고서,20260318001549,[첨부정정]사업보고서 (2025.12),,원문XML 2026-09-30T17:24:58+09:00 · 뷰어PDF 2026-09-30T17:57:24+09:00,,비은행지주 해당(원문 20260318001419: 「국내 금융지주회사는 은행을 자회사로 지배하는 은행지주회사와 은행을 지배하지 않는 비은행지주회사로 크게 구분되…」) / 본문 XML 없음(첨부정정 등),
메리츠금융지주,2025-Q4,필요자본 대비 자기자본비율,179.94,"(단위 : 백만원,%)",사업보고서,20260318001419,사업보고서 (2025.12),79,원문XML 2026-09-30T17:25:48+09:00 · 뷰어PDF 2026-09-30T17:58:22+09:00,[머리] 구 분 | 2025년 | 2024년 | 2023년 ‖ [행] 필요자본 대비 자기자본비율(A/B) | 179.94 | 193.36 | 206.77,비은행지주 해당(원문 20260318001419: 「국내 금융지주회사는 은행을 자회사로 지배하는 은행지주회사와 은행을 지배하지 않는 비은행지주회사로 크게 구분되…」) / 값 열 머리 「2025년」(당기 칸) · 맥락: [지배회사에 관한 사항_메리츠금융지주] / 가. 필요자본 대비 자기자본 비율,handoff/원문텍스트_9차/비은행지주_자본지표/20260318001419.md
메리츠금융지주,2025-Q4,부채비율,53.96,"(단위 : 백만원,%)",사업보고서,20260318001419,사업보고서 (2025.12),79,원문XML 2026-09-30T17:25:48+09:00 · 뷰어PDF 2026-09-30T17:58:22+09:00,[머리] 구 분 | 2025년 | 2024년 | 2023년 ‖ [행] 부채비율(A/B) | 53.96 | 42.65 | 36.36,"비은행지주 해당(원문 20260318001419: 「국내 금융지주회사는 은행을 자회사로 지배하는 은행지주회사와 은행을 지배하지 않는 비은행지주회사로 크게 구분되…」) / 값 열 머리 「2025년」(당기 칸) · 맥락: 주3) 필요자본 대비 자기자본비율 수치는 자회사인 메리츠화재의 K-ICS 방식으로 산출하였으며, 현재는 잠정치에 해당하여 확정치 산출 후 정정공시할 예정 / 나. 부채비율",handoff/원문텍스트_9차/비은행지주_자본지표/20260318001419.md
메리츠금융지주,2025-Q4,이중레버리지비율,문서에 없음,,사업보고서,20260318001419,사업보고서 (2025.12),,원문XML 2026-09-30T17:25:48+09:00 · 뷰어PDF 2026-09-30T17:58:22+09:00,,비은행지주 해당(원문 20260318001419: 「국내 금융지주회사는 은행을 자회사로 지배하는 은행지주회사와 은행을 지배하지 않는 비은행지주회사로 크게 구분되…」) / Ⅱ 장 표에서 「이중레버리지비율」 행을 못 찾음(업계 현황표·자회사 표 제외); 같은 회사 2026.2Q 경영공시(dart_out/text/risk8/경영공시__*.txt)에도 「이중레버리지」 어휘 0건,handoff/원문텍스트_9차/비은행지주_자본지표/20260318001419.md
메리츠금융지주,2025-Q4,원화유동성비율,"1,248","(단위 : 백만원,%)",사업보고서,20260318001419,사업보고서 (2025.12),79,원문XML 2026-09-30T17:25:48+09:00 · 뷰어PDF 2026-09-30T17:58:22+09:00,"[머리] 구 분 | 2025년 | 2024년 | 2023년 ‖ [행] 원화유동성 비율(A/B) | 1,248 | 801 | 214",비은행지주 해당(원문 20260318001419: 「국내 금융지주회사는 은행을 자회사로 지배하는 은행지주회사와 은행을 지배하지 않는 비은행지주회사로 크게 구분되…」) / 값 열 머리 「2025년」(당기 칸) · 맥락: 다. 원화 유동성비율,handoff/원문텍스트_9차/비은행지주_자본지표/20260318001419.md
메리츠금융지주,2025-Q4,지급여력비율(보험 자회사),241.3,"   (단위 : 백만원, %)",사업보고서,20260318001419,사업보고서 (2025.12),83,원문XML 2026-09-30T17:25:48+09:00 · 뷰어PDF 2026-09-30T17:58:22+09:00,[머리] 구 분 | 제105기 연간 | 제104기 연간 | 제103기 연간 ‖ [행] 지급여력비율(A/B) | 241.3 | 248.2 | 242.2,비은행지주 해당(원문 20260318001419: 「국내 금융지주회사는 은행을 자회사로 지배하는 은행지주회사와 은행을 지배하지 않는 비은행지주회사로 크게 구분되…」) / 값 열 머리 「제105기 연간」(당기 칸) · 맥락: 주1) 손해보험경영통일공시기준으로 작성 주2) 종전 기업회계기준서 제 1104호를 적용 주3) 책임준비금에는 투자계약부채를 포함하고 있음 / 나. 지급여력비율,handoff/원문텍스트_9차/비은행지주_자본지표/20260318001419.md
메리츠금융지주,2025-Q3,필요자본 대비 자기자본비율,184.32,"(단위 : 백만원,%)",분기보고서,20251128001773,[기재정정]분기보고서 (2025.09),,원문XML 2026-10-01T09:45:57+09:00 · 뷰어PDF 2026-10-01T09:53:35+09:00,[머리] 구 분 | 2025년 3분기 | 2024년 | 2023년 ‖ [행] 필요자본 대비 자기자본비율(A/B) | 184.32 | 193.36 | 206.77,비은행지주 해당(원문 20260318001419: 「국내 금융지주회사는 은행을 자회사로 지배하는 은행지주회사와 은행을 지배하지 않는 비은행지주회사로 크게 구분되…」) / 값 열 머리 「2025년 3분기」(당기 칸) · 맥락: [지배회사에 관한 사항_메리츠금융지주] / 가. 필요자본 대비 자기자본 비율,
메리츠금융지주,2025-Q3,부채비율,52.81,"(단위 : 백만원,%)",분기보고서,20251128001773,[기재정정]분기보고서 (2025.09),,원문XML 2026-10-01T09:45:57+09:00 · 뷰어PDF 2026-10-01T09:53:35+09:00,[머리] 구 분 | 2025년 3분기 | 2024년 | 2023년 ‖ [행] 부채비율(A/B) | 52.81 | 42.65 | 36.36,비은행지주 해당(원문 20260318001419: 「국내 금융지주회사는 은행을 자회사로 지배하는 은행지주회사와 은행을 지배하지 않는 비은행지주회사로 크게 구분되…」) / 값 열 머리 「2025년 3분기」(당기 칸) · 맥락: 주3) 필요자본 대비 자기자본비율 수치는 자회사인 메리츠화재의 K-ICS 방식으로 산출하였음 / 나. 부채비율,
메리츠금융지주,2025-Q3,이중레버리지비율,문서에 없음,,분기보고서,20251128001773,[기재정정]분기보고서 (2025.09),,원문XML 2026-10-01T09:45:57+09:00 · 뷰어PDF 2026-10-01T09:53:35+09:00,,비은행지주 해당(원문 20260318001419: 「국내 금융지주회사는 은행을 자회사로 지배하는 은행지주회사와 은행을 지배하지 않는 비은행지주회사로 크게 구분되…」) / Ⅱ 장 표에서 「이중레버리지비율」 행을 못 찾음(업계 현황표·자회사 표 제외); 같은 회사 2026.2Q 경영공시(dart_out/text/risk8/경영공시__*.txt)에도 「이중레버리지」 어휘 0건,
메리츠금융지주,2025-Q3,원화유동성비율,179,"(단위 : 백만원,%)",분기보고서,20251128001773,[기재정정]분기보고서 (2025.09),,원문XML 2026-10-01T09:45:57+09:00 · 뷰어PDF 2026-10-01T09:53:35+09:00,[머리] 구 분 | 2025년 3분기 | 2024년 | 2023년 ‖ [행] 원화유동성 비율(A/B) | 179 | 801 | 214,비은행지주 해당(원문 20260318001419: 「국내 금융지주회사는 은행을 자회사로 지배하는 은행지주회사와 은행을 지배하지 않는 비은행지주회사로 크게 구분되…」) / 값 열 머리 「2025년 3분기」(당기 칸) · 맥락: 다. 원화 유동성비율,
메리츠금융지주,2025-Q3,지급여력비율(보험 자회사),243.7,"   (단위 : 백만원, %)",분기보고서,20251128001773,[기재정정]분기보고서 (2025.09),,원문XML 2026-10-01T09:45:57+09:00 · 뷰어PDF 2026-10-01T09:53:35+09:00,[머리] 구 분 | 제105기 3분기 | 제104기 연간 | 제103기 연간 ‖ [행] 위험기준 지급여력비율(A/B) | 243.7 | 248.2 | 242.2,비은행지주 해당(원문 20260318001419: 「국내 금융지주회사는 은행을 자회사로 지배하는 은행지주회사와 은행을 지배하지 않는 비은행지주회사로 크게 구분되…」) / 값 열 머리 「제105기 3분기」(당기 칸) · 맥락: 주1) 손해보험경영통일공시기준으로 작성 주2) 기업회계기준서 제 1104호를 적용 주3) 책임준비금에는 투자계약부채를 포함하고 있음 / 2. 위험기준지급여력비율,
메리츠금융지주,2025-Q3,필요자본 대비 자기자본비율,183.92,"(단위 : 백만원,%)",분기보고서,20251114002441,분기보고서 (2025.09),,원문XML 2026-10-01T09:46:18+09:00 · 뷰어PDF 2026-10-01T09:54:03+09:00,[머리] 구 분 | 2025년 3분기 | 2024년 | 2023년 ‖ [행] 필요자본 대비 자기자본비율(A/B) | 183.92 | 193.36 | 206.77,비은행지주 해당(원문 20260318001419: 「국내 금융지주회사는 은행을 자회사로 지배하는 은행지주회사와 은행을 지배하지 않는 비은행지주회사로 크게 구분되…」) / 값 열 머리 「2025년 3분기」(당기 칸) · 맥락: [지배회사에 관한 사항_메리츠금융지주] / 가. 필요자본 대비 자기자본 비율,
메리츠금융지주,2025-Q3,부채비율,52.81,"(단위 : 백만원,%)",분기보고서,20251114002441,분기보고서 (2025.09),,원문XML 2026-10-01T09:46:18+09:00 · 뷰어PDF 2026-10-01T09:54:03+09:00,[머리] 구 분 | 2025년 3분기 | 2024년 | 2023년 ‖ [행] 부채비율(A/B) | 52.81 | 42.65 | 36.36,"비은행지주 해당(원문 20260318001419: 「국내 금융지주회사는 은행을 자회사로 지배하는 은행지주회사와 은행을 지배하지 않는 비은행지주회사로 크게 구분되…」) / 값 열 머리 「2025년 3분기」(당기 칸) · 맥락: 주2) 금융지주회사감독규정 제25조에 의거 산출 / 주3) 필요자본 대비 자기자본비율 수치는 자회사인 메리츠화재의 K-ICS 방식으로 산출하였으며, 현재는 잠정치에 해당하여 확정치 산출 후 정정공시할 예정임 / 나.",
메리츠금융지주,2025-Q3,이중레버리지비율,문서에 없음,,분기보고서,20251114002441,분기보고서 (2025.09),,원문XML 2026-10-01T09:46:18+09:00 · 뷰어PDF 2026-10-01T09:54:03+09:00,,비은행지주 해당(원문 20260318001419: 「국내 금융지주회사는 은행을 자회사로 지배하는 은행지주회사와 은행을 지배하지 않는 비은행지주회사로 크게 구분되…」) / Ⅱ 장 표에서 「이중레버리지비율」 행을 못 찾음(업계 현황표·자회사 표 제외); 같은 회사 2026.2Q 경영공시(dart_out/text/risk8/경영공시__*.txt)에도 「이중레버리지」 어휘 0건,
메리츠금융지주,2025-Q3,원화유동성비율,179,"(단위 : 백만원,%)",분기보고서,20251114002441,분기보고서 (2025.09),,원문XML 2026-10-01T09:46:18+09:00 · 뷰어PDF 2026-10-01T09:54:03+09:00,[머리] 구 분 | 2025년 3분기 | 2024년 | 2023년 ‖ [행] 원화유동성 비율(A/B) | 179 | 801 | 214,비은행지주 해당(원문 20260318001419: 「국내 금융지주회사는 은행을 자회사로 지배하는 은행지주회사와 은행을 지배하지 않는 비은행지주회사로 크게 구분되…」) / 값 열 머리 「2025년 3분기」(당기 칸) · 맥락: 다. 원화 유동성비율,
메리츠금융지주,2025-Q3,지급여력비율(보험 자회사),242.7,"   (단위 : 백만원, %)",분기보고서,20251114002441,분기보고서 (2025.09),,원문XML 2026-10-01T09:46:18+09:00 · 뷰어PDF 2026-10-01T09:54:03+09:00,[머리] 구 분 | 제105기 3분기 | 제104기 연간 | 제103기 연간 ‖ [행] 위험기준 지급여력비율(A/B) | 242.7 | 248.2 | 242.2,비은행지주 해당(원문 20260318001419: 「국내 금융지주회사는 은행을 자회사로 지배하는 은행지주회사와 은행을 지배하지 않는 비은행지주회사로 크게 구분되…」) / 값 열 머리 「제105기 3분기」(당기 칸) · 맥락: 주1) 손해보험경영통일공시기준으로 작성 주2) 기업회계기준서 제 1104호를 적용 주3) 책임준비금에는 투자계약부채를 포함하고 있음 / 2. 위험기준지급여력비율,
메리츠금융지주,2025-Q2,필요자본 대비 자기자본비율,178.66,"(단위 : 백만원,%)",반기보고서,20250829002051,[기재정정]반기보고서 (2025.06),,원문XML 2026-10-01T09:46:44+09:00 · 뷰어PDF 2026-10-01T09:54:34+09:00,[머리] 구 분 | 2025년 2분기 | 2024년 | 2023년 ‖ [행] 필요자본 대비 자기자본비율(A/B) | 178.66 | 193.36 | 206.77,비은행지주 해당(원문 20260318001419: 「국내 금융지주회사는 은행을 자회사로 지배하는 은행지주회사와 은행을 지배하지 않는 비은행지주회사로 크게 구분되…」) / 값 열 머리 「2025년 2분기」(당기 칸) · 맥락: [지배회사에 관한 사항_메리츠금융지주] / 가. 필요자본 대비 자기자본 비율,
메리츠금융지주,2025-Q2,부채비율,52.02,"(단위 : 백만원,%)",반기보고서,20250829002051,[기재정정]반기보고서 (2025.06),,원문XML 2026-10-01T09:46:44+09:00 · 뷰어PDF 2026-10-01T09:54:34+09:00,[머리] 구 분 | 2025년 2분기 | 2024년 | 2023년 ‖ [행] 부채비율(A/B) | 52.02 | 42.65 | 36.36,비은행지주 해당(원문 20260318001419: 「국내 금융지주회사는 은행을 자회사로 지배하는 은행지주회사와 은행을 지배하지 않는 비은행지주회사로 크게 구분되…」) / 값 열 머리 「2025년 2분기」(당기 칸) · 맥락: 주2) 금융지주회사감독규정 제25조에 의거 산출 / 주3) 필요자본 대비 자기자본비율 수치는 자회사인 메리츠화재의 K-ICS 방식으로 산출하였음 / 나. 부채비율,
메리츠금융지주,2025-Q2,이중레버리지비율,문서에 없음,,반기보고서,20250829002051,[기재정정]반기보고서 (2025.06),,원문XML 2026-10-01T09:46:44+09:00 · 뷰어PDF 2026-10-01T09:54:34+09:00,,비은행지주 해당(원문 20260318001419: 「국내 금융지주회사는 은행을 자회사로 지배하는 은행지주회사와 은행을 지배하지 않는 비은행지주회사로 크게 구분되…」) / Ⅱ 장 표에서 「이중레버리지비율」 행을 못 찾음(업계 현황표·자회사 표 제외); 같은 회사 2026.2Q 경영공시(dart_out/text/risk8/경영공시__*.txt)에도 「이중레버리지」 어휘 0건,
메리츠금융지주,2025-Q2,원화유동성비율,104,"(단위 : 백만원,%)",반기보고서,20250829002051,[기재정정]반기보고서 (2025.06),,원문XML 2026-10-01T09:46:44+09:00 · 뷰어PDF 2026-10-01T09:54:34+09:00,[머리] 구 분 | 2025년 2분기 | 2024년 | 2023년 ‖ [행] 원화유동성 비율(A/B) | 104 | 801 | 214,비은행지주 해당(원문 20260318001419: 「국내 금융지주회사는 은행을 자회사로 지배하는 은행지주회사와 은행을 지배하지 않는 비은행지주회사로 크게 구분되…」) / 값 열 머리 「2025년 2분기」(당기 칸) · 맥락: 다. 원화 유동성비율,
메리츠금융지주,2025-Q2,지급여력비율(보험 자회사),239.8,"   (단위 : 백만원, %)",반기보고서,20250829002051,[기재정정]반기보고서 (2025.06),,원문XML 2026-10-01T09:46:44+09:00 · 뷰어PDF 2026-10-01T09:54:34+09:00,[머리] 구 분 | 제105기 2분기 | 제104기 연간 | 제103기 연간 ‖ [행] 위험기준 지급여력비율(A/B) | 239.8 | 248.2 | 242.2,비은행지주 해당(원문 20260318001419: 「국내 금융지주회사는 은행을 자회사로 지배하는 은행지주회사와 은행을 지배하지 않는 비은행지주회사로 크게 구분되…」) / 값 열 머리 「제105기 2분기」(당기 칸) · 맥락: 주1) 손해보험경영통일공시기준으로 작성 주2) 기업회계기준서 제 1104호를 적용 주3) 책임준비금에는 투자계약부채를 포함하고 있음  2. 위험기준지급여력비율,
메리츠금융지주,2025-Q2,필요자본 대비 자기자본비율,178.27,"(단위 : 백만원,%)",반기보고서,20250814004184,반기보고서 (2025.06),,원문XML 2026-10-01T09:47:10+09:00 · 뷰어PDF 2026-10-01T09:55:04+09:00,[머리] 구 분 | 2025년 2분기 | 2024년 | 2023년 ‖ [행] 필요자본 대비 자기자본비율(A/B) | 178.27 | 193.36 | 206.77,비은행지주 해당(원문 20260318001419: 「국내 금융지주회사는 은행을 자회사로 지배하는 은행지주회사와 은행을 지배하지 않는 비은행지주회사로 크게 구분되…」) / 값 열 머리 「2025년 2분기」(당기 칸) · 맥락: [지배회사에 관한 사항_메리츠금융지주] / 가. 필요자본 대비 자기자본 비율,
메리츠금융지주,2025-Q2,부채비율,52.02,"(단위 : 백만원,%)",반기보고서,20250814004184,반기보고서 (2025.06),,원문XML 2026-10-01T09:47:10+09:00 · 뷰어PDF 2026-10-01T09:55:04+09:00,[머리] 구 분 | 2025년 2분기 | 2024년 | 2023년 ‖ [행] 부채비율(A/B) | 52.02 | 42.65 | 36.36,"비은행지주 해당(원문 20260318001419: 「국내 금융지주회사는 은행을 자회사로 지배하는 은행지주회사와 은행을 지배하지 않는 비은행지주회사로 크게 구분되…」) / 값 열 머리 「2025년 2분기」(당기 칸) · 맥락: 주2) 금융지주회사감독규정 제25조에 의거 산출 / 주3) 필요자본 대비 자기자본비율 수치는 자회사인 메리츠화재의 K-ICS 방식으로 산출하였으며, 현재는 잠정치에 해당하여 확정치 산출 후 정정공시할 예정임 / 나.",
메리츠금융지주,2025-Q2,이중레버리지비율,문서에 없음,,반기보고서,20250814004184,반기보고서 (2025.06),,원문XML 2026-10-01T09:47:10+09:00 · 뷰어PDF 2026-10-01T09:55:04+09:00,,비은행지주 해당(원문 20260318001419: 「국내 금융지주회사는 은행을 자회사로 지배하는 은행지주회사와 은행을 지배하지 않는 비은행지주회사로 크게 구분되…」) / Ⅱ 장 표에서 「이중레버리지비율」 행을 못 찾음(업계 현황표·자회사 표 제외); 같은 회사 2026.2Q 경영공시(dart_out/text/risk8/경영공시__*.txt)에도 「이중레버리지」 어휘 0건,
메리츠금융지주,2025-Q2,원화유동성비율,104,"(단위 : 백만원,%)",반기보고서,20250814004184,반기보고서 (2025.06),,원문XML 2026-10-01T09:47:10+09:00 · 뷰어PDF 2026-10-01T09:55:04+09:00,[머리] 구 분 | 2025년 2분기 | 2024년 | 2023년 ‖ [행] 원화유동성 비율(A/B) | 104 | 801 | 214,비은행지주 해당(원문 20260318001419: 「국내 금융지주회사는 은행을 자회사로 지배하는 은행지주회사와 은행을 지배하지 않는 비은행지주회사로 크게 구분되…」) / 값 열 머리 「2025년 2분기」(당기 칸) · 맥락: 다. 원화 유동성비율,
메리츠금융지주,2025-Q2,지급여력비율(보험 자회사),238.9,"   (단위 : 백만원, %)",반기보고서,20250814004184,반기보고서 (2025.06),,원문XML 2026-10-01T09:47:10+09:00 · 뷰어PDF 2026-10-01T09:55:04+09:00,[머리] 구 분 | 제105기 반기 | 제104기 연간 | 제103기 연간 ‖ [행] 위험기준 지급여력비율(A/B) | 238.9 | 248.2 | 242.2,비은행지주 해당(원문 20260318001419: 「국내 금융지주회사는 은행을 자회사로 지배하는 은행지주회사와 은행을 지배하지 않는 비은행지주회사로 크게 구분되…」) / 값 열 머리 「제105기 반기」(당기 칸) · 맥락: 주1) 손해보험경영통일공시기준으로 작성 주2) 기업회계기준서 제 1104호를 적용 주3) 책임준비금에는 투자계약부채를 포함하고 있음  2. 위험기준지급여력비율,
메리츠금융지주,2025-Q1,필요자본 대비 자기자본비율,186.34,"(단위 : 백만원,%)",분기보고서,20250530002051,[기재정정]분기보고서 (2025.03),,원문XML 2026-10-01T09:47:30+09:00 · 뷰어PDF 2026-10-01T09:55:28+09:00,[머리] 구 분 | 제16기 1분기 | 제15기 | 제14기 ‖ [행] 필요자본 대비 자기자본비율(A/B) | 186.34 | 193.36 | 206.77,비은행지주 해당(원문 20260318001419: 「국내 금융지주회사는 은행을 자회사로 지배하는 은행지주회사와 은행을 지배하지 않는 비은행지주회사로 크게 구분되…」) / 값 열 머리 「제16기 1분기」(당기 칸) · 맥락: 5. 재무건전성 등 기타 참고사항   [지배회사에 관한 사항_메리츠금융지주] / 가. 필요자본 대비 자기자본 비율,
메리츠금융지주,2025-Q1,부채비율,46.73,"(단위 : 백만원,%)",분기보고서,20250530002051,[기재정정]분기보고서 (2025.03),,원문XML 2026-10-01T09:47:30+09:00 · 뷰어PDF 2026-10-01T09:55:28+09:00,[머리] 구 분 | 제16기 1분기 | 제15기 | 제14기 ‖ [행] 부채비율(A/B) | 46.73 | 42.65 | 36.36,비은행지주 해당(원문 20260318001419: 「국내 금융지주회사는 은행을 자회사로 지배하는 은행지주회사와 은행을 지배하지 않는 비은행지주회사로 크게 구분되…」) / 값 열 머리 「제16기 1분기」(당기 칸) · 맥락: 주2) 금융지주회사감독규정 제25조에 의거 산출 / 주3) 필요자본 대비 자기자본비율 수치는 자회사인 메리츠화재의 K-ICS 방식으로 산출하였음 / 나. 부채비율,
메리츠금융지주,2025-Q1,이중레버리지비율,문서에 없음,,분기보고서,20250530002051,[기재정정]분기보고서 (2025.03),,원문XML 2026-10-01T09:47:30+09:00 · 뷰어PDF 2026-10-01T09:55:28+09:00,,비은행지주 해당(원문 20260318001419: 「국내 금융지주회사는 은행을 자회사로 지배하는 은행지주회사와 은행을 지배하지 않는 비은행지주회사로 크게 구분되…」) / Ⅱ 장 표에서 「이중레버리지비율」 행을 못 찾음(업계 현황표·자회사 표 제외); 같은 회사 2026.2Q 경영공시(dart_out/text/risk8/경영공시__*.txt)에도 「이중레버리지」 어휘 0건,
메리츠금융지주,2025-Q1,원화유동성비율,279,"(단위 : 백만원,%)",분기보고서,20250530002051,[기재정정]분기보고서 (2025.03),,원문XML 2026-10-01T09:47:30+09:00 · 뷰어PDF 2026-10-01T09:55:28+09:00,[머리] 구 분 | 제16기 1분기 | 제15기 | 제14기 ‖ [행] 원화유동성 비율(A/B) | 279 | 801 | 214,비은행지주 해당(원문 20260318001419: 「국내 금융지주회사는 은행을 자회사로 지배하는 은행지주회사와 은행을 지배하지 않는 비은행지주회사로 크게 구분되…」) / 값 열 머리 「제16기 1분기」(당기 칸) · 맥락: 다. 원화 유동성비율,
메리츠금융지주,2025-Q1,지급여력비율(보험 자회사),238.9,"   (단위 : 백만원, %)",분기보고서,20250530002051,[기재정정]분기보고서 (2025.03),,원문XML 2026-10-01T09:47:30+09:00 · 뷰어PDF 2026-10-01T09:55:28+09:00,[머리] 구 분 | 제105기 1분기 | 제104기 연간 | 제103기 연간 ‖ [행] 위험기준 지급여력비율(A/B) | 238.9 | 248.2 | 242.2,비은행지주 해당(원문 20260318001419: 「국내 금융지주회사는 은행을 자회사로 지배하는 은행지주회사와 은행을 지배하지 않는 비은행지주회사로 크게 구분되…」) / 값 열 머리 「제105기 1분기」(당기 칸) · 맥락: 주1) 손해보험경영통일공시기준으로 작성 주2) 기업회계기준서 제 1104호를 적용 주3) 책임준비금에는 투자계약부채를 포함하고 있음 / 2. 위험기준지급여력비율,
메리츠금융지주,2025-Q1,필요자본 대비 자기자본비율,186.37,"(단위 : 백만원,%)",분기보고서,20250515002000,분기보고서 (2025.03),,원문XML 2026-10-01T09:47:49+09:00 · 뷰어PDF 2026-10-01T09:55:54+09:00,[머리] 구 분 | 제16기 1분기 | 제15기 | 제14기 ‖ [행] 필요자본 대비 자기자본비율(A/B) | 186.37 | 193.36 | 206.77,비은행지주 해당(원문 20260318001419: 「국내 금융지주회사는 은행을 자회사로 지배하는 은행지주회사와 은행을 지배하지 않는 비은행지주회사로 크게 구분되…」) / 값 열 머리 「제16기 1분기」(당기 칸) · 맥락: 5. 재무건전성 등 기타 참고사항   [지배회사에 관한 사항_메리츠금융지주] / 가. 필요자본 대비 자기자본 비율,
메리츠금융지주,2025-Q1,부채비율,46.73,"(단위 : 백만원,%)",분기보고서,20250515002000,분기보고서 (2025.03),,원문XML 2026-10-01T09:47:49+09:00 · 뷰어PDF 2026-10-01T09:55:54+09:00,[머리] 구 분 | 제16기 1분기 | 제15기 | 제14기 ‖ [행] 부채비율(A/B) | 46.73 | 42.65 | 36.36,"비은행지주 해당(원문 20260318001419: 「국내 금융지주회사는 은행을 자회사로 지배하는 은행지주회사와 은행을 지배하지 않는 비은행지주회사로 크게 구분되…」) / 값 열 머리 「제16기 1분기」(당기 칸) · 맥락: 주2) 금융지주회사감독규정 제25조에 의거 산출 / 주3) 필요자본 대비 자기자본비율 수치는 자회사인 메리츠화재의 K-ICS 방식으로 산출하였으며, 현재는 잠정치에 해당하여 확정치 산출 후 정정공시할 예정임 / 나.",
메리츠금융지주,2025-Q1,이중레버리지비율,문서에 없음,,분기보고서,20250515002000,분기보고서 (2025.03),,원문XML 2026-10-01T09:47:49+09:00 · 뷰어PDF 2026-10-01T09:55:54+09:00,,비은행지주 해당(원문 20260318001419: 「국내 금융지주회사는 은행을 자회사로 지배하는 은행지주회사와 은행을 지배하지 않는 비은행지주회사로 크게 구분되…」) / Ⅱ 장 표에서 「이중레버리지비율」 행을 못 찾음(업계 현황표·자회사 표 제외); 같은 회사 2026.2Q 경영공시(dart_out/text/risk8/경영공시__*.txt)에도 「이중레버리지」 어휘 0건,
메리츠금융지주,2025-Q1,원화유동성비율,279,"(단위 : 백만원,%)",분기보고서,20250515002000,분기보고서 (2025.03),,원문XML 2026-10-01T09:47:49+09:00 · 뷰어PDF 2026-10-01T09:55:54+09:00,[머리] 구 분 | 제16기 1분기 | 제15기 | 제14기 ‖ [행] 원화유동성 비율(A/B) | 279 | 801 | 214,비은행지주 해당(원문 20260318001419: 「국내 금융지주회사는 은행을 자회사로 지배하는 은행지주회사와 은행을 지배하지 않는 비은행지주회사로 크게 구분되…」) / 값 열 머리 「제16기 1분기」(당기 칸) · 맥락: 다. 원화 유동성비율,
메리츠금융지주,2025-Q1,지급여력비율(보험 자회사),239.0,"   (단위 : 백만원, %)",분기보고서,20250515002000,분기보고서 (2025.03),,원문XML 2026-10-01T09:47:49+09:00 · 뷰어PDF 2026-10-01T09:55:54+09:00,[머리] 구 분 | 제105기 1분기 | 제104기 연간 | 제103기 연간 ‖ [행] 위험기준 지급여력비율(A/B) | 239.0 | 248.2 | 242.2,비은행지주 해당(원문 20260318001419: 「국내 금융지주회사는 은행을 자회사로 지배하는 은행지주회사와 은행을 지배하지 않는 비은행지주회사로 크게 구분되…」) / 값 열 머리 「제105기 1분기」(당기 칸) · 맥락: 주1) 손해보험경영통일공시기준으로 작성 주2) 기업회계기준서 제 1104호를 적용 주3) 책임준비금에는 투자계약부채를 포함하고 있음 / 2. 위험기준지급여력비율,
메리츠금융지주,2024-Q4,필요자본 대비 자기자본비율,193.36,"(단위 : 백만원,%)",사업보고서,20250328001697,[기재정정]사업보고서 (2024.12),71,원문XML 2026-10-01T09:35:13+09:00 · 뷰어PDF 2026-10-01T09:34:45+09:00,[머리] 구 분 | 제15기 | 제14기 | 제13기 ‖ [행] 필요자본 대비 자기자본비율(A/B) | 193.36 | 206.77 | 168.87,비은행지주 해당(원문 20260318001419: 「국내 금융지주회사는 은행을 자회사로 지배하는 은행지주회사와 은행을 지배하지 않는 비은행지주회사로 크게 구분되…」) / 값 열 머리 「제15기」(당기 칸) · 맥락: 5. 재무건전성 등 기타 참고사항   [지배회사에 관한 사항_메리츠금융지주] / 가. 필요자본 대비 자기자본 비율,handoff/원문텍스트_9차/비은행지주_자본지표/20250328001697.md
메리츠금융지주,2024-Q4,부채비율,"42,65","(단위 : 백만원,%)",사업보고서,20250328001697,[기재정정]사업보고서 (2024.12),71,원문XML 2026-10-01T09:35:13+09:00 · 뷰어PDF 2026-10-01T09:34:45+09:00,"[머리] 구 분 | 제15기 | 제14기 | 제13기 ‖ [행] 부채비율(A/B) | 42,65 | 36.36 | 66.05","비은행지주 해당(원문 20260318001419: 「국내 금융지주회사는 은행을 자회사로 지배하는 은행지주회사와 은행을 지배하지 않는 비은행지주회사로 크게 구분되…」) / 값 열 머리 「제15기」(당기 칸) · 맥락: 주2) 금융지주회사감독규정 제25조에 의거 산출 / 주3)    제15기 말    기준 필요자본 대비 자기자본비율 수치는 자회사인 메리츠화재의 K-ICS 방식으로 산출함(   제14기 말 기준은 K-ICS 방식, 제",handoff/원문텍스트_9차/비은행지주_자본지표/20250328001697.md
메리츠금융지주,2024-Q4,이중레버리지비율,문서에 없음,,사업보고서,20250328001697,[기재정정]사업보고서 (2024.12),,원문XML 2026-10-01T09:35:13+09:00 · 뷰어PDF 2026-10-01T09:34:45+09:00,,비은행지주 해당(원문 20260318001419: 「국내 금융지주회사는 은행을 자회사로 지배하는 은행지주회사와 은행을 지배하지 않는 비은행지주회사로 크게 구분되…」) / Ⅱ 장 표에서 「이중레버리지비율」 행을 못 찾음(업계 현황표·자회사 표 제외); 같은 회사 2026.2Q 경영공시(dart_out/text/risk8/경영공시__*.txt)에도 「이중레버리지」 어휘 0건,handoff/원문텍스트_9차/비은행지주_자본지표/20250328001697.md
메리츠금융지주,2024-Q4,원화유동성비율,801,"(단위 : 백만원,%)",사업보고서,20250328001697,[기재정정]사업보고서 (2024.12),71,원문XML 2026-10-01T09:35:13+09:00 · 뷰어PDF 2026-10-01T09:34:45+09:00,"[머리] 구 분 | 제15기 | 제14기 | 제13기 ‖ [행] 원화유동성 비율(A/B) | 801 | 214 | 14,665",비은행지주 해당(원문 20260318001419: 「국내 금융지주회사는 은행을 자회사로 지배하는 은행지주회사와 은행을 지배하지 않는 비은행지주회사로 크게 구분되…」) / 값 열 머리 「제15기」(당기 칸) · 맥락: 다. 원화 유동성비율,handoff/원문텍스트_9차/비은행지주_자본지표/20250328001697.md
메리츠금융지주,2024-Q4,지급여력비율(보험 자회사),248.2,"   (단위 : 백만원, %)",사업보고서,20250328001697,[기재정정]사업보고서 (2024.12),75,원문XML 2026-10-01T09:35:13+09:00 · 뷰어PDF 2026-10-01T09:34:45+09:00,[머리] 구 분 | 제104기 연 간 | 제103기 연간 | 제102기 연간 ‖ [행] 위험기준 지급여력비율(A/B) | 248.2 | 242.2 | 165.7,비은행지주 해당(원문 20260318001419: 「국내 금융지주회사는 은행을 자회사로 지배하는 은행지주회사와 은행을 지배하지 않는 비은행지주회사로 크게 구분되…」) / 값 열 머리 「제104기 연 간」(당기 칸) · 맥락: 주1) 손해보험경영통일공시기준으로 작성  주2) 기업회계기준서 제1104호 기준  주3) 책임준비금에는 투자계약부채를 포함하고 있음 / 2. 위험기준지급여력비율,handoff/원문텍스트_9차/비은행지주_자본지표/20250328001697.md
메리츠금융지주,2024-Q4,필요자본 대비 자기자본비율,193.43,"(단위 : 백만원,%)",사업보고서,20250319001090,사업보고서 (2024.12),67,원문XML 2026-10-01T09:36:01+09:00 · 뷰어PDF 2026-10-01T09:35:14+09:00,[머리] 구 분 | 제15기 | 제14기 | 제13기 ‖ [행] 필요자본 대비 자기자본비율(A/B) | 193.43 | 206.77 | 168.87,비은행지주 해당(원문 20260318001419: 「국내 금융지주회사는 은행을 자회사로 지배하는 은행지주회사와 은행을 지배하지 않는 비은행지주회사로 크게 구분되…」) / 값 열 머리 「제15기」(당기 칸) · 맥락: 5. 재무건전성 등 기타 참고사항   [지배회사에 관한 사항_메리츠금융지주] / 가. 필요자본 대비 자기자본 비율,handoff/원문텍스트_9차/비은행지주_자본지표/20250319001090.md
메리츠금융지주,2024-Q4,부채비율,"42,65","(단위 : 백만원,%)",사업보고서,20250319001090,사업보고서 (2024.12),67,원문XML 2026-10-01T09:36:01+09:00 · 뷰어PDF 2026-10-01T09:35:14+09:00,"[머리] 구 분 | 제15기 | 제14기 | 제13기 ‖ [행] 부채비율(A/B) | 42,65 | 36.36 | 66.05","비은행지주 해당(원문 20260318001419: 「국내 금융지주회사는 은행을 자회사로 지배하는 은행지주회사와 은행을 지배하지 않는 비은행지주회사로 크게 구분되…」) / 값 열 머리 「제15기」(당기 칸) · 맥락: 주2) 금융지주회사감독규정 제25조에 의거 산출 / 주3)    제15기 말    기준 필요자본 대비 자기자본비율 수치는 자회사인 메리츠화재의 K-ICS 방식으로 산출하였으며, 현재는 잠정치에 해당하여 확정치 산출 ",handoff/원문텍스트_9차/비은행지주_자본지표/20250319001090.md
메리츠금융지주,2024-Q4,이중레버리지비율,문서에 없음,,사업보고서,20250319001090,사업보고서 (2024.12),,원문XML 2026-10-01T09:36:01+09:00 · 뷰어PDF 2026-10-01T09:35:14+09:00,,비은행지주 해당(원문 20260318001419: 「국내 금융지주회사는 은행을 자회사로 지배하는 은행지주회사와 은행을 지배하지 않는 비은행지주회사로 크게 구분되…」) / Ⅱ 장 표에서 「이중레버리지비율」 행을 못 찾음(업계 현황표·자회사 표 제외); 같은 회사 2026.2Q 경영공시(dart_out/text/risk8/경영공시__*.txt)에도 「이중레버리지」 어휘 0건,handoff/원문텍스트_9차/비은행지주_자본지표/20250319001090.md
메리츠금융지주,2024-Q4,원화유동성비율,801,"(단위 : 백만원,%)",사업보고서,20250319001090,사업보고서 (2024.12),67,원문XML 2026-10-01T09:36:01+09:00 · 뷰어PDF 2026-10-01T09:35:14+09:00,"[머리] 구 분 | 제15기 | 제14기 | 제13기 ‖ [행] 원화유동성 비율(A/B) | 801 | 214 | 14,665",비은행지주 해당(원문 20260318001419: 「국내 금융지주회사는 은행을 자회사로 지배하는 은행지주회사와 은행을 지배하지 않는 비은행지주회사로 크게 구분되…」) / 값 열 머리 「제15기」(당기 칸) · 맥락: 다. 원화 유동성비율,handoff/원문텍스트_9차/비은행지주_자본지표/20250319001090.md
메리츠금융지주,2024-Q4,지급여력비율(보험 자회사),248.43,"   (단위 : 백만원, %)",사업보고서,20250319001090,사업보고서 (2024.12),71,원문XML 2026-10-01T09:36:01+09:00 · 뷰어PDF 2026-10-01T09:35:14+09:00,[머리] 구 분 | 제104기 연 간 | 제103기 연간 | 제102기 연간 ‖ [행] 위험기준 지급여력비율(A/B) | 248.43 | 242.2 | 165.7,비은행지주 해당(원문 20260318001419: 「국내 금융지주회사는 은행을 자회사로 지배하는 은행지주회사와 은행을 지배하지 않는 비은행지주회사로 크게 구분되…」) / 값 열 머리 「제104기 연 간」(당기 칸) · 맥락: 주1) 손해보험경영통일공시기준으로 작성  주2) 기업회계기준서 제1104호 기준  주3) 책임준비금에는 투자계약부채를 포함하고 있음 / 2. 위험기준지급여력비율,handoff/원문텍스트_9차/비은행지주_자본지표/20250319001090.md
메리츠금융지주,2024-Q3,필요자본 대비 자기자본비율,202.42,"(단위 : 백만원,%)",분기보고서,20241230000337,[기재정정]분기보고서 (2024.09),,원문XML 2026-10-01T09:48:08+09:00 · 뷰어PDF 2026-10-01T09:56:21+09:00,[머리] 구 분 | 제15기 3분기 | 제14기 | 제13기 ‖ [행] 필요자본 대비 자기자본비율(A/B) | 202.42 | 206.77 | 168.87,비은행지주 해당(원문 20260318001419: 「국내 금융지주회사는 은행을 자회사로 지배하는 은행지주회사와 은행을 지배하지 않는 비은행지주회사로 크게 구분되…」) / 값 열 머리 「제15기 3분기」(당기 칸) · 맥락: [지배회사에 관한 사항_메리츠금융지주] / 가. 필요자본 대비 자기자본 비율,
메리츠금융지주,2024-Q3,부채비율,49.35,"(단위 : 백만원,%)",분기보고서,20241230000337,[기재정정]분기보고서 (2024.09),,원문XML 2026-10-01T09:48:08+09:00 · 뷰어PDF 2026-10-01T09:56:21+09:00,[머리] 구 분 | 제15기 3분기 | 제14기 | 제13기 ‖ [행] 부채비율(A/B) | 49.35 | 36.36 | 66.05,비은행지주 해당(원문 20260318001419: 「국내 금융지주회사는 은행을 자회사로 지배하는 은행지주회사와 은행을 지배하지 않는 비은행지주회사로 크게 구분되…」) / 값 열 머리 「제15기 3분기」(당기 칸) · 맥락: 주2) 금융지주회사감독규정 제25조에 의거 산출 / 주3)    제15기 3분기말    기준 필요자본 대비 자기자본비율 수치는 자회사인 메리츠화재의 K-ICS 방식으로 산출하였음(   제13기 말 기준은 RBC 방식,
메리츠금융지주,2024-Q3,이중레버리지비율,문서에 없음,,분기보고서,20241230000337,[기재정정]분기보고서 (2024.09),,원문XML 2026-10-01T09:48:08+09:00 · 뷰어PDF 2026-10-01T09:56:21+09:00,,비은행지주 해당(원문 20260318001419: 「국내 금융지주회사는 은행을 자회사로 지배하는 은행지주회사와 은행을 지배하지 않는 비은행지주회사로 크게 구분되…」) / Ⅱ 장 표에서 「이중레버리지비율」 행을 못 찾음(업계 현황표·자회사 표 제외); 같은 회사 2026.2Q 경영공시(dart_out/text/risk8/경영공시__*.txt)에도 「이중레버리지」 어휘 0건,
메리츠금융지주,2024-Q3,원화유동성비율,180,"(단위 : 백만원,%)",분기보고서,20241230000337,[기재정정]분기보고서 (2024.09),,원문XML 2026-10-01T09:48:08+09:00 · 뷰어PDF 2026-10-01T09:56:21+09:00,"[머리] 구 분 | 제15기 3분기 | 제14기 | 제13기 ‖ [행] 원화유동성 비율(A/B) | 180 | 214 | 14,665",비은행지주 해당(원문 20260318001419: 「국내 금융지주회사는 은행을 자회사로 지배하는 은행지주회사와 은행을 지배하지 않는 비은행지주회사로 크게 구분되…」) / 값 열 머리 「제15기 3분기」(당기 칸) · 맥락: 다. 원화 유동성비율,
메리츠금융지주,2024-Q3,지급여력비율(보험 자회사),257.0,"   (단위 : 백만원, %)",분기보고서,20241230000337,[기재정정]분기보고서 (2024.09),,원문XML 2026-10-01T09:48:08+09:00 · 뷰어PDF 2026-10-01T09:56:21+09:00,[머리] 구 분 | 제104기 3분기 | 제103기 연간 | 제102기 연간 ‖ [행] 위험기준 지급여력비율(A/B) | 257.0 | 242.2 | 165.7,비은행지주 해당(원문 20260318001419: 「국내 금융지주회사는 은행을 자회사로 지배하는 은행지주회사와 은행을 지배하지 않는 비은행지주회사로 크게 구분되…」) / 값 열 머리 「제104기 3분기」(당기 칸) · 맥락: 주1) 손해보험경영통일공시기준으로 작성 주2) 기업회계기준서 제 1104호를 적용 주3) 책임준비금에는 투자계약부채를 포함하고 있음 / 2. 위험기준지급여력비율,
메리츠금융지주,2024-Q3,필요자본 대비 자기자본비율,201.78,"(단위 : 백만원,%)",분기보고서,20241114002519,분기보고서 (2024.09),,원문XML 2026-10-01T09:48:27+09:00 · 뷰어PDF 2026-10-01T09:56:44+09:00,[머리] 구 분 | 제15기 3분기 | 제14기 | 제13기 ‖ [행] 필요자본 대비 자기자본비율(A/B) | 201.78 | 206.77 | 168.87,비은행지주 해당(원문 20260318001419: 「국내 금융지주회사는 은행을 자회사로 지배하는 은행지주회사와 은행을 지배하지 않는 비은행지주회사로 크게 구분되…」) / 값 열 머리 「제15기 3분기」(당기 칸) · 맥락: 5. 재무건전성 등 기타 참고사항 / [지배회사에 관한 사항_메리츠금융지주] / 가. 필요자본 대비 자기자본 비율,
메리츠금융지주,2024-Q3,부채비율,49.35,"(단위 : 백만원,%)",분기보고서,20241114002519,분기보고서 (2024.09),,원문XML 2026-10-01T09:48:27+09:00 · 뷰어PDF 2026-10-01T09:56:44+09:00,[머리] 구 분 | 제15기 3분기 | 제14기 | 제13기 ‖ [행] 부채비율(A/B) | 49.35 | 36.36 | 66.05,"비은행지주 해당(원문 20260318001419: 「국내 금융지주회사는 은행을 자회사로 지배하는 은행지주회사와 은행을 지배하지 않는 비은행지주회사로 크게 구분되…」) / 값 열 머리 「제15기 3분기」(당기 칸) · 맥락: 주2) 금융지주회사감독규정 제25조에 의거 산출 / 주3)  제15기 3분기말    기준 필요자본 대비 자기자본비율 수치는 자회사인 메리츠화재의 K-ICS 방식으로 현재는 잠정치이며, 확정치 산출 후 정정공시할 예정",
메리츠금융지주,2024-Q3,이중레버리지비율,문서에 없음,,분기보고서,20241114002519,분기보고서 (2024.09),,원문XML 2026-10-01T09:48:27+09:00 · 뷰어PDF 2026-10-01T09:56:44+09:00,,비은행지주 해당(원문 20260318001419: 「국내 금융지주회사는 은행을 자회사로 지배하는 은행지주회사와 은행을 지배하지 않는 비은행지주회사로 크게 구분되…」) / Ⅱ 장 표에서 「이중레버리지비율」 행을 못 찾음(업계 현황표·자회사 표 제외); 같은 회사 2026.2Q 경영공시(dart_out/text/risk8/경영공시__*.txt)에도 「이중레버리지」 어휘 0건,
메리츠금융지주,2024-Q3,원화유동성비율,180,"(단위 : 백만원,%)",분기보고서,20241114002519,분기보고서 (2024.09),,원문XML 2026-10-01T09:48:27+09:00 · 뷰어PDF 2026-10-01T09:56:44+09:00,"[머리] 구 분 | 제15기 3분기 | 제14기 | 제13기 ‖ [행] 원화유동성 비율(A/B) | 180 | 214 | 14,665",비은행지주 해당(원문 20260318001419: 「국내 금융지주회사는 은행을 자회사로 지배하는 은행지주회사와 은행을 지배하지 않는 비은행지주회사로 크게 구분되…」) / 값 열 머리 「제15기 3분기」(당기 칸) · 맥락: 다. 원화 유동성비율,
메리츠금융지주,2024-Q3,지급여력비율(보험 자회사),256.0,"   (단위 : 백만원, %)",분기보고서,20241114002519,분기보고서 (2024.09),,원문XML 2026-10-01T09:48:27+09:00 · 뷰어PDF 2026-10-01T09:56:44+09:00,[머리] 구 분 | 제104기 3분기 | 제103기 연간 | 제102기 연간 ‖ [행] 위험기준 지급여력비율(A/B) | 256.0 | 242.2 | 165.7,비은행지주 해당(원문 20260318001419: 「국내 금융지주회사는 은행을 자회사로 지배하는 은행지주회사와 은행을 지배하지 않는 비은행지주회사로 크게 구분되…」) / 값 열 머리 「제104기 3분기」(당기 칸) · 맥락: 주1) 손해보험경영통일공시기준으로 작성 주2) 기업회계기준서 제 1104호를 적용 주3) 책임준비금에는 투자계약부채를 포함하고 있음 / 2. 위험기준지급여력비율,
메리츠금융지주,2024-Q2,필요자본 대비 자기자본비율,196.72,"(단위 : 백만원,%)",반기보고서,20240930000405,[기재정정]반기보고서 (2024.06),,원문XML 2026-10-01T09:48:49+09:00 · 뷰어PDF 2026-10-01T09:57:11+09:00,[머리] 구 분 | 제15기 2분기 | 제14기 | 제13기 ‖ [행] 필요자본 대비 자기자본비율(A/B) | 196.72 | 206.77 | 168.87,비은행지주 해당(원문 20260318001419: 「국내 금융지주회사는 은행을 자회사로 지배하는 은행지주회사와 은행을 지배하지 않는 비은행지주회사로 크게 구분되…」) / 값 열 머리 「제15기 2분기」(당기 칸) · 맥락: 5. 재무건전성 등 기타 참고사항     [지배회사에 관한 사항_메리츠금융지주] / 가. 필요자본 대비 자기자본 비율,
메리츠금융지주,2024-Q2,부채비율,41.87,"(단위 : 백만원,%)",반기보고서,20240930000405,[기재정정]반기보고서 (2024.06),,원문XML 2026-10-01T09:48:49+09:00 · 뷰어PDF 2026-10-01T09:57:11+09:00,[머리] 구 분 | 제15기 2분기 | 제14기 | 제13기 ‖ [행] 부채비율(A/B) | 41.87 | 36.36 | 66.05,비은행지주 해당(원문 20260318001419: 「국내 금융지주회사는 은행을 자회사로 지배하는 은행지주회사와 은행을 지배하지 않는 비은행지주회사로 크게 구분되…」) / 값 열 머리 「제15기 2분기」(당기 칸) · 맥락: 주3)  제15기 2분기말 기준 필요자본 대비 자기자본비율 수치는 자회사인 메리츠화재의 K-ICS 방식으로 산출하였음(제13기 말 기준은 RBC 방식 반영) / 나. 부채비율,
메리츠금융지주,2024-Q2,이중레버리지비율,문서에 없음,,반기보고서,20240930000405,[기재정정]반기보고서 (2024.06),,원문XML 2026-10-01T09:48:49+09:00 · 뷰어PDF 2026-10-01T09:57:11+09:00,,비은행지주 해당(원문 20260318001419: 「국내 금융지주회사는 은행을 자회사로 지배하는 은행지주회사와 은행을 지배하지 않는 비은행지주회사로 크게 구분되…」) / Ⅱ 장 표에서 「이중레버리지비율」 행을 못 찾음(업계 현황표·자회사 표 제외); 같은 회사 2026.2Q 경영공시(dart_out/text/risk8/경영공시__*.txt)에도 「이중레버리지」 어휘 0건,
메리츠금융지주,2024-Q2,원화유동성비율,"5,073","(단위 : 백만원,%)",반기보고서,20240930000405,[기재정정]반기보고서 (2024.06),,원문XML 2026-10-01T09:48:49+09:00 · 뷰어PDF 2026-10-01T09:57:11+09:00,"[머리] 구 분 | 제15기 2분기 | 제14기 | 제13기 ‖ [행] 원화유동성 비율(A/B) | 5,073 | 214 | 14,665",비은행지주 해당(원문 20260318001419: 「국내 금융지주회사는 은행을 자회사로 지배하는 은행지주회사와 은행을 지배하지 않는 비은행지주회사로 크게 구분되…」) / 값 열 머리 「제15기 2분기」(당기 칸) · 맥락: 다. 원화 유동성비율,
메리츠금융지주,2024-Q2,지급여력비율(보험 자회사),224.8,"   (단위 : 백만원, %)",반기보고서,20240930000405,[기재정정]반기보고서 (2024.06),,원문XML 2026-10-01T09:48:49+09:00 · 뷰어PDF 2026-10-01T09:57:11+09:00,[머리] 구 분 | 제104기 반기 | 제103기 연간 | 제102기 연간 ‖ [행] 위험기준 지급여력비율(A/B) | 224.8 | 242.2 | 165.7,비은행지주 해당(원문 20260318001419: 「국내 금융지주회사는 은행을 자회사로 지배하는 은행지주회사와 은행을 지배하지 않는 비은행지주회사로 크게 구분되…」) / 값 열 머리 「제104기 반기」(당기 칸) · 맥락: 주1) 손해보험경영통일공시기준으로 작성주2) 기업회계기준서 제 1104호를 적용 주3) 책임준비금에는 투자계약부채를 포함하고 있음 / 2. 위험기준지급여력비율,
메리츠금융지주,2024-Q2,필요자본 대비 자기자본비율,196.77,"(단위 : 백만원,%)",반기보고서,20240816000180,[기재정정]반기보고서 (2024.06),,원문XML 2026-10-01T09:49:11+09:00 · 뷰어PDF 2026-10-01T09:57:38+09:00,[머리] 구 분 | 제15기 2분기 | 제14기 | 제13기 ‖ [행] 필요자본 대비 자기자본비율(A/B) | 196.77 | 206.77 | 168.87,비은행지주 해당(원문 20260318001419: 「국내 금융지주회사는 은행을 자회사로 지배하는 은행지주회사와 은행을 지배하지 않는 비은행지주회사로 크게 구분되…」) / 값 열 머리 「제15기 2분기」(당기 칸) · 맥락: 5. 재무건전성 등 기타 참고사항     [지배회사에 관한 사항_메리츠금융지주] / 가. 필요자본 대비 자기자본 비율,
메리츠금융지주,2024-Q2,부채비율,41.87,"(단위 : 백만원,%)",반기보고서,20240816000180,[기재정정]반기보고서 (2024.06),,원문XML 2026-10-01T09:49:11+09:00 · 뷰어PDF 2026-10-01T09:57:38+09:00,[머리] 구 분 | 제15기 2분기 | 제14기 | 제13기 ‖ [행] 부채비율(A/B) | 41.87 | 36.36 | 66.05,"비은행지주 해당(원문 20260318001419: 「국내 금융지주회사는 은행을 자회사로 지배하는 은행지주회사와 은행을 지배하지 않는 비은행지주회사로 크게 구분되…」) / 값 열 머리 「제15기 2분기」(당기 칸) · 맥락: 주2) 금융지주회사감독규정 제25조에 의거 산출 / 주   3)    제   15   기 2분기말 기준 필요자본 대비 자기자본비율 수치는 자회사인 메리츠화재의    K-ICS    방식으로 현재는 잠정치이며, 확정치",
메리츠금융지주,2024-Q2,이중레버리지비율,문서에 없음,,반기보고서,20240816000180,[기재정정]반기보고서 (2024.06),,원문XML 2026-10-01T09:49:11+09:00 · 뷰어PDF 2026-10-01T09:57:38+09:00,,비은행지주 해당(원문 20260318001419: 「국내 금융지주회사는 은행을 자회사로 지배하는 은행지주회사와 은행을 지배하지 않는 비은행지주회사로 크게 구분되…」) / Ⅱ 장 표에서 「이중레버리지비율」 행을 못 찾음(업계 현황표·자회사 표 제외); 같은 회사 2026.2Q 경영공시(dart_out/text/risk8/경영공시__*.txt)에도 「이중레버리지」 어휘 0건,
메리츠금융지주,2024-Q2,원화유동성비율,"5,073","(단위 : 백만원,%)",반기보고서,20240816000180,[기재정정]반기보고서 (2024.06),,원문XML 2026-10-01T09:49:11+09:00 · 뷰어PDF 2026-10-01T09:57:38+09:00,"[머리] 구 분 | 제15기 2분기 | 제14기 | 제13기 ‖ [행] 원화유동성 비율(A/B) | 5,073 | 214 | 14,665",비은행지주 해당(원문 20260318001419: 「국내 금융지주회사는 은행을 자회사로 지배하는 은행지주회사와 은행을 지배하지 않는 비은행지주회사로 크게 구분되…」) / 값 열 머리 「제15기 2분기」(당기 칸) · 맥락: 다. 원화 유동성비율,
메리츠금융지주,2024-Q2,지급여력비율(보험 자회사),224.9,"   (단위 : 백만원, %)",반기보고서,20240816000180,[기재정정]반기보고서 (2024.06),,원문XML 2026-10-01T09:49:11+09:00 · 뷰어PDF 2026-10-01T09:57:38+09:00,[머리] 구 분 | 제 104 기 반 기 | 제 103 기 연간 | 제 102 기 연간 ‖ [행] 위험기준 지급여력비율(A/B) | 224.9 | 242.2 | 165.7,비은행지주 해당(원문 20260318001419: 「국내 금융지주회사는 은행을 자회사로 지배하는 은행지주회사와 은행을 지배하지 않는 비은행지주회사로 크게 구분되…」) / 값 열 머리 「제 104 기 반 기」(당기 칸) · 맥락: 주1) 손해보험경영통일공시기준으로 작성주2) 기업회계기준서 제 1104호를 적용 주3) 책임준비금에는 투자계약부채를 포함하고 있음 / 2. 위험기준지급여력비율,
메리츠금융지주,2024-Q2,필요자본 대비 자기자본비율,196.77,"(단위 : 백만원,%)",반기보고서,20240814003802,반기보고서 (2024.06),,원문XML 2026-10-01T09:49:33+09:00 · 뷰어PDF 2026-10-01T09:58:01+09:00,[머리] 구 분 | 제15기 2분기 | 제14기 | 제13기 ‖ [행] 필요자본 대비 자기자본비율(A/B) | 196.77 | 206.77 | 168.87,비은행지주 해당(원문 20260318001419: 「국내 금융지주회사는 은행을 자회사로 지배하는 은행지주회사와 은행을 지배하지 않는 비은행지주회사로 크게 구분되…」) / 값 열 머리 「제15기 2분기」(당기 칸) · 맥락: 5. 재무건전성 등 기타 참고사항     [지배회사에 관한 사항_메리츠금융지주] / 가. 필요자본 대비 자기자본 비율,
메리츠금융지주,2024-Q2,부채비율,41.87,"(단위 : 백만원,%)",반기보고서,20240814003802,반기보고서 (2024.06),,원문XML 2026-10-01T09:49:33+09:00 · 뷰어PDF 2026-10-01T09:58:01+09:00,[머리] 구 분 | 제15기 2분기 | 제14기 | 제13기 ‖ [행] 부채비율(A/B) | 41.87 | 36.36 | 66.05,"비은행지주 해당(원문 20260318001419: 「국내 금융지주회사는 은행을 자회사로 지배하는 은행지주회사와 은행을 지배하지 않는 비은행지주회사로 크게 구분되…」) / 값 열 머리 「제15기 2분기」(당기 칸) · 맥락: 주2) 금융지주회사감독규정 제25조에 의거 산출 / 주   3)    제   15   기 2분기말 기준 필요자본 대비 자기자본비율 수치는 자회사인 메리츠화재의    K-ICS    방식으로 현재는 잠정치이며, 확정치",
메리츠금융지주,2024-Q2,이중레버리지비율,문서에 없음,,반기보고서,20240814003802,반기보고서 (2024.06),,원문XML 2026-10-01T09:49:33+09:00 · 뷰어PDF 2026-10-01T09:58:01+09:00,,비은행지주 해당(원문 20260318001419: 「국내 금융지주회사는 은행을 자회사로 지배하는 은행지주회사와 은행을 지배하지 않는 비은행지주회사로 크게 구분되…」) / Ⅱ 장 표에서 「이중레버리지비율」 행을 못 찾음(업계 현황표·자회사 표 제외); 같은 회사 2026.2Q 경영공시(dart_out/text/risk8/경영공시__*.txt)에도 「이중레버리지」 어휘 0건,
메리츠금융지주,2024-Q2,원화유동성비율,"5,073","(단위 : 백만원,%)",반기보고서,20240814003802,반기보고서 (2024.06),,원문XML 2026-10-01T09:49:33+09:00 · 뷰어PDF 2026-10-01T09:58:01+09:00,"[머리] 구 분 | 제15기 2분기 | 제14기 | 제13기 ‖ [행] 원화유동성 비율(A/B) | 5,073 | 214 | 14,665",비은행지주 해당(원문 20260318001419: 「국내 금융지주회사는 은행을 자회사로 지배하는 은행지주회사와 은행을 지배하지 않는 비은행지주회사로 크게 구분되…」) / 값 열 머리 「제15기 2분기」(당기 칸) · 맥락: 다. 원화 유동성비율,
메리츠금융지주,2024-Q2,지급여력비율(보험 자회사),224.9,"   (단위 : 백만원, %)",반기보고서,20240814003802,반기보고서 (2024.06),,원문XML 2026-10-01T09:49:33+09:00 · 뷰어PDF 2026-10-01T09:58:01+09:00,[머리] 구 분 | 제 104 기 반 기 | 제 103 기 연간 | 제 102 기 연간 ‖ [행] 위험기준 지급여력비율(A/B) | 224.9 | 242.2 | 165.7,비은행지주 해당(원문 20260318001419: 「국내 금융지주회사는 은행을 자회사로 지배하는 은행지주회사와 은행을 지배하지 않는 비은행지주회사로 크게 구분되…」) / 값 열 머리 「제 104 기 반 기」(당기 칸) · 맥락: 주1) 손해보험경영통일공시기준으로 작성주2) 기업회계기준서 제 1104호를 적용 주3) 책임준비금에는 투자계약부채를 포함하고 있음 / 2. 위험기준지급여력비율,
메리츠금융지주,2024-Q1,필요자본 대비 자기자본비율,203.74,"(단위 : 백만원,%)",분기보고서,20240628000729,[기재정정]분기보고서 (2024.03),,원문XML 2026-10-01T09:49:51+09:00 · 뷰어PDF 2026-10-01T09:58:31+09:00,[머리] 구 분 | 제15기 1분기 | 제14기 | 제13기 ‖ [행] 필요자본 대비 자기자본비율(A/B) | 203.74 | 206.77 | 168.87,비은행지주 해당(원문 20260318001419: 「국내 금융지주회사는 은행을 자회사로 지배하는 은행지주회사와 은행을 지배하지 않는 비은행지주회사로 크게 구분되…」) / 값 열 머리 「제15기 1분기」(당기 칸) · 맥락: [지배회사에 관한 사항_메리츠금융지주] / 가. 필요자본 대비 자기자본 비율,
메리츠금융지주,2024-Q1,부채비율,49.16,"(단위 : 백만원,%)",분기보고서,20240628000729,[기재정정]분기보고서 (2024.03),,원문XML 2026-10-01T09:49:51+09:00 · 뷰어PDF 2026-10-01T09:58:31+09:00,[머리] 구 분 | 제15기 1분기 | 제14기 | 제13기 ‖ [행] 부채비율(A/B) | 49.16 | 36.36 | 66.05,비은행지주 해당(원문 20260318001419: 「국내 금융지주회사는 은행을 자회사로 지배하는 은행지주회사와 은행을 지배하지 않는 비은행지주회사로 크게 구분되…」) / 값 열 머리 「제15기 1분기」(당기 칸) · 맥락: 주2) 금융지주회사감독규정 제25조에 의거 산출 / 주   3)    제   15   기 1분기말 기준 필요자본 대비 자기자본비율 수치는 자회사인 메리츠화재의    K-ICS    방식으로 산출되었음    (   제,
메리츠금융지주,2024-Q1,이중레버리지비율,문서에 없음,,분기보고서,20240628000729,[기재정정]분기보고서 (2024.03),,원문XML 2026-10-01T09:49:51+09:00 · 뷰어PDF 2026-10-01T09:58:31+09:00,,비은행지주 해당(원문 20260318001419: 「국내 금융지주회사는 은행을 자회사로 지배하는 은행지주회사와 은행을 지배하지 않는 비은행지주회사로 크게 구분되…」) / Ⅱ 장 표에서 「이중레버리지비율」 행을 못 찾음(업계 현황표·자회사 표 제외); 같은 회사 2026.2Q 경영공시(dart_out/text/risk8/경영공시__*.txt)에도 「이중레버리지」 어휘 0건,
메리츠금융지주,2024-Q1,원화유동성비율,105,"(단위 : 백만원,%)",분기보고서,20240628000729,[기재정정]분기보고서 (2024.03),,원문XML 2026-10-01T09:49:51+09:00 · 뷰어PDF 2026-10-01T09:58:31+09:00,"[머리] 구 분 | 제15기 1분기 | 제14기 | 제13기 ‖ [행] 원화유동성 비율(A/B) | 105 | 214 | 14,665",비은행지주 해당(원문 20260318001419: 「국내 금융지주회사는 은행을 자회사로 지배하는 은행지주회사와 은행을 지배하지 않는 비은행지주회사로 크게 구분되…」) / 값 열 머리 「제15기 1분기」(당기 칸) · 맥락: 36.36 / 66.05 / 다. 원화 유동성비율,
메리츠금융지주,2024-Q1,지급여력비율(보험 자회사),226.9,"   (단위 : 백만원, %)",분기보고서,20240628000729,[기재정정]분기보고서 (2024.03),,원문XML 2026-10-01T09:49:51+09:00 · 뷰어PDF 2026-10-01T09:58:31+09:00,[머리] 구 분 | 제 104 기 1 분기 | 제 103 기 연간 | 제 102 기 연간 ‖ [행] 위험기준 지급여력비율(A/B) | 226.9 | 242.2 | 165.7,"비은행지주 해당(원문 20260318001419: 「국내 금융지주회사는 은행을 자회사로 지배하는 은행지주회사와 은행을 지배하지 않는 비은행지주회사로 크게 구분되…」) / 값 열 머리 「제 104 기 1 분기」(당기 칸) · 맥락: 2. 위험기준지급여력비율 / (단위 : 백만원, %)",
메리츠금융지주,2024-Q1,필요자본 대비 자기자본비율,207.58,"(단위 : 백만원,%)",분기보고서,20240516001693,분기보고서 (2024.03),,원문XML 2026-10-01T09:50:08+09:00 · 뷰어PDF 2026-10-01T09:58:58+09:00,[머리] 구 분 | 제15기 1분기 | 제14기 | 제13기 ‖ [행] 필요자본 대비 자기자본비율(A/B) | 207.58 | 206.77 | 168.87,비은행지주 해당(원문 20260318001419: 「국내 금융지주회사는 은행을 자회사로 지배하는 은행지주회사와 은행을 지배하지 않는 비은행지주회사로 크게 구분되…」) / 값 열 머리 「제15기 1분기」(당기 칸) · 맥락: [지배회사에 관한 사항_메리츠금융지주] / 가. 필요자본 대비 자기자본 비율,
메리츠금융지주,2024-Q1,부채비율,49.16,"(단위 : 백만원,%)",분기보고서,20240516001693,분기보고서 (2024.03),,원문XML 2026-10-01T09:50:08+09:00 · 뷰어PDF 2026-10-01T09:58:58+09:00,[머리] 구 분 | 제15기 1분기 | 제14기 | 제13기 ‖ [행] 부채비율(A/B) | 49.16 | 36.36 | 66.05,비은행지주 해당(원문 20260318001419: 「국내 금융지주회사는 은행을 자회사로 지배하는 은행지주회사와 은행을 지배하지 않는 비은행지주회사로 크게 구분되…」) / 값 열 머리 「제15기 1분기」(당기 칸) · 맥락: 주2) 금융지주회사감독규정 제25조에 의거 산출 / 주   3)    제   14   기말 기준 필요자본 대비 자기자본비율 수치는 자회사인 메리츠화재의    K-ICS    방식으로 산출되었음    (   제   1,
메리츠금융지주,2024-Q1,이중레버리지비율,문서에 없음,,분기보고서,20240516001693,분기보고서 (2024.03),,원문XML 2026-10-01T09:50:08+09:00 · 뷰어PDF 2026-10-01T09:58:58+09:00,,비은행지주 해당(원문 20260318001419: 「국내 금융지주회사는 은행을 자회사로 지배하는 은행지주회사와 은행을 지배하지 않는 비은행지주회사로 크게 구분되…」) / Ⅱ 장 표에서 「이중레버리지비율」 행을 못 찾음(업계 현황표·자회사 표 제외); 같은 회사 2026.2Q 경영공시(dart_out/text/risk8/경영공시__*.txt)에도 「이중레버리지」 어휘 0건,
메리츠금융지주,2024-Q1,원화유동성비율,105,"(단위 : 백만원,%)",분기보고서,20240516001693,분기보고서 (2024.03),,원문XML 2026-10-01T09:50:08+09:00 · 뷰어PDF 2026-10-01T09:58:58+09:00,"[머리] 구 분 | 제15기 1분기 | 제14기 | 제13기 ‖ [행] 원화유동성 비율(A/B) | 105 | 214 | 14,665",비은행지주 해당(원문 20260318001419: 「국내 금융지주회사는 은행을 자회사로 지배하는 은행지주회사와 은행을 지배하지 않는 비은행지주회사로 크게 구분되…」) / 값 열 머리 「제15기 1분기」(당기 칸) · 맥락: 36.36 / 66.05 / 다. 원화 유동성비율,
메리츠금융지주,2024-Q1,지급여력비율(보험 자회사),문서에 없음,"   (단위 : 백만원, %)",분기보고서,20240516001693,분기보고서 (2024.03),,원문XML 2026-10-01T09:50:08+09:00 · 뷰어PDF 2026-10-01T09:58:58+09:00,[머리] 구 분 | 제 104 기 1 분기 | 제 103 기 연간 | 제 102 기 연간 ‖ [행] 위험기준 지급여력비율(A/B) | - | 242.2 | 165.7,"비은행지주 해당(원문 20260318001419: 「국내 금융지주회사는 은행을 자회사로 지배하는 은행지주회사와 은행을 지배하지 않는 비은행지주회사로 크게 구분되…」) / 값 열 머리 「제 104 기 1 분기」(당기 칸) · 맥락: 2. 위험기준지급여력비율 / (단위 : 백만원, %) · 당기 칸 원문 「-」(숫자 아님 — 옆 칸 값은 옮기지 않음)",
메리츠금융지주,2023-Q4,필요자본 대비 자기자본비율,206.77,"(단위 : 백만원,%)",사업보고서,20240430000957,[기재정정]사업보고서 (2023.12),70,원문XML 2026-10-01T09:36:31+09:00 · 뷰어PDF 2026-10-01T09:37:29+09:00,[머리] 구 분 | 제14기 | 제13기 | 제12기 ‖ [행] 필요자본 대비 자기자본비율(A/B) | 206.77 | 168.87 | 175.74,비은행지주 해당(원문 20260318001419: 「국내 금융지주회사는 은행을 자회사로 지배하는 은행지주회사와 은행을 지배하지 않는 비은행지주회사로 크게 구분되…」) / 값 열 머리 「제14기」(당기 칸) · 맥락: [지배회사에 관한 사항_메리츠금융지주]    가. 필요자본 대비 자기자본 비율,handoff/원문텍스트_9차/비은행지주_자본지표/20240430000957.md
메리츠금융지주,2023-Q4,부채비율,36.36,"(단위 : 백만원,%)",사업보고서,20240430000957,[기재정정]사업보고서 (2023.12),70,원문XML 2026-10-01T09:36:31+09:00 · 뷰어PDF 2026-10-01T09:37:29+09:00,[머리] 구 분 | 제14기 | 제13기 | 제12기 ‖ [행] 부채비율(A/B) | 36.36 | 66.05 | 45.36,비은행지주 해당(원문 20260318001419: 「국내 금융지주회사는 은행을 자회사로 지배하는 은행지주회사와 은행을 지배하지 않는 비은행지주회사로 크게 구분되…」) / 값 열 머리 「제14기」(당기 칸) · 맥락: 주2) 금융지주회사감독규정 제25조에 의거 산출 / 주3)    제   14   기말 기준 필요자본 대비 자기자본비율 수치는 자회사인 메리츠화재의    K-ICS    방식으로 산출되었음    (   전기말 및 전전,handoff/원문텍스트_9차/비은행지주_자본지표/20240430000957.md
메리츠금융지주,2023-Q4,이중레버리지비율,문서에 없음,,사업보고서,20240430000957,[기재정정]사업보고서 (2023.12),,원문XML 2026-10-01T09:36:31+09:00 · 뷰어PDF 2026-10-01T09:37:29+09:00,,비은행지주 해당(원문 20260318001419: 「국내 금융지주회사는 은행을 자회사로 지배하는 은행지주회사와 은행을 지배하지 않는 비은행지주회사로 크게 구분되…」) / Ⅱ 장 표에서 「이중레버리지비율」 행을 못 찾음(업계 현황표·자회사 표 제외); 같은 회사 2026.2Q 경영공시(dart_out/text/risk8/경영공시__*.txt)에도 「이중레버리지」 어휘 0건,handoff/원문텍스트_9차/비은행지주_자본지표/20240430000957.md
메리츠금융지주,2023-Q4,원화유동성비율,214,"(단위 : 백만원,%)",사업보고서,20240430000957,[기재정정]사업보고서 (2023.12),70,원문XML 2026-10-01T09:36:31+09:00 · 뷰어PDF 2026-10-01T09:37:29+09:00,"[머리] 구 분 | 제14기 | 제13기 | 제12기 ‖ [행] 원화유동성 비율(A/B) | 214 | 14,665 | 15,137",비은행지주 해당(원문 20260318001419: 「국내 금융지주회사는 은행을 자회사로 지배하는 은행지주회사와 은행을 지배하지 않는 비은행지주회사로 크게 구분되…」) / 값 열 머리 「제14기」(당기 칸) · 맥락: 66.05 / 45.36 / 다. 원화 유동성비율,handoff/원문텍스트_9차/비은행지주_자본지표/20240430000957.md
메리츠금융지주,2023-Q4,지급여력비율(보험 자회사),242.2,"   (단위 : 백만원, %)",사업보고서,20240430000957,[기재정정]사업보고서 (2023.12),74,원문XML 2026-10-01T09:36:31+09:00 · 뷰어PDF 2026-10-01T09:37:29+09:00,[머리] 구 분 | 제103기 연간 | 제102기 연간 | 제101기 연간 ‖ [행] 위험기준 지급여력비율(A/B) | 242.2 | 165.7 | 203.8,"비은행지주 해당(원문 20260318001419: 「국내 금융지주회사는 은행을 자회사로 지배하는 은행지주회사와 은행을 지배하지 않는 비은행지주회사로 크게 구분되…」) / 값 열 머리 「제103기 연간」(당기 칸) · 맥락: 2. 위험기준지급여력비율 / (단위 : 백만원, %)",handoff/원문텍스트_9차/비은행지주_자본지표/20240430000957.md
메리츠금융지주,2023-Q4,필요자본 대비 자기자본비율,205.87,"(단위 : 백만원,%)",사업보고서,20240314001248,[기재정정]사업보고서 (2023.12),67,원문XML 2026-10-01T09:37:02+09:00 · 뷰어PDF 2026-10-01T09:38:03+09:00,[머리] 구 분 | 제14기 | 제13기 | 제12기 ‖ [행] 필요자본 대비 자기자본비율(A/B) | 205.87 | 168.87 | 175.74,비은행지주 해당(원문 20260318001419: 「국내 금융지주회사는 은행을 자회사로 지배하는 은행지주회사와 은행을 지배하지 않는 비은행지주회사로 크게 구분되…」) / 값 열 머리 「제14기」(당기 칸) · 맥락: [지배회사에 관한 사항_메리츠금융지주]    가. 필요자본 대비 자기자본 비율,handoff/원문텍스트_9차/비은행지주_자본지표/20240314001248.md
메리츠금융지주,2023-Q4,부채비율,36.36,"(단위 : 백만원,%)",사업보고서,20240314001248,[기재정정]사업보고서 (2023.12),67,원문XML 2026-10-01T09:37:02+09:00 · 뷰어PDF 2026-10-01T09:38:03+09:00,[머리] 구 분 | 제14기 | 제13기 | 제12기 ‖ [행] 부채비율(A/B) | 36.36 | 66.05 | 45.36,"비은행지주 해당(원문 20260318001419: 「국내 금융지주회사는 은행을 자회사로 지배하는 은행지주회사와 은행을 지배하지 않는 비은행지주회사로 크게 구분되…」) / 값 열 머리 「제14기」(당기 칸) · 맥락: 주2) 금융지주회사감독규정 제25조에 의거 산출 / 주3) 제   14   기말 기준 필요자본 대비 자기자본비율 수치는 자회사인 메리츠화재의    K-ICS    방식으로 현재는 잠정치이며   ,    확정치 산출 ",handoff/원문텍스트_9차/비은행지주_자본지표/20240314001248.md
메리츠금융지주,2023-Q4,이중레버리지비율,문서에 없음,,사업보고서,20240314001248,[기재정정]사업보고서 (2023.12),,원문XML 2026-10-01T09:37:02+09:00 · 뷰어PDF 2026-10-01T09:38:03+09:00,,비은행지주 해당(원문 20260318001419: 「국내 금융지주회사는 은행을 자회사로 지배하는 은행지주회사와 은행을 지배하지 않는 비은행지주회사로 크게 구분되…」) / Ⅱ 장 표에서 「이중레버리지비율」 행을 못 찾음(업계 현황표·자회사 표 제외); 같은 회사 2026.2Q 경영공시(dart_out/text/risk8/경영공시__*.txt)에도 「이중레버리지」 어휘 0건,handoff/원문텍스트_9차/비은행지주_자본지표/20240314001248.md
메리츠금융지주,2023-Q4,원화유동성비율,214,"(단위 : 백만원,%)",사업보고서,20240314001248,[기재정정]사업보고서 (2023.12),67,원문XML 2026-10-01T09:37:02+09:00 · 뷰어PDF 2026-10-01T09:38:03+09:00,"[머리] 구 분 | 제14기 | 제13기 | 제12기 ‖ [행] 원화유동성 비율(A/B) | 214 | 14,665 | 15,137",비은행지주 해당(원문 20260318001419: 「국내 금융지주회사는 은행을 자회사로 지배하는 은행지주회사와 은행을 지배하지 않는 비은행지주회사로 크게 구분되…」) / 값 열 머리 「제14기」(당기 칸) · 맥락: 66.05 / 45.36 / 다. 원화 유동성비율,handoff/원문텍스트_9차/비은행지주_자본지표/20240314001248.md
메리츠금융지주,2023-Q4,지급여력비율(보험 자회사),240.6,"   (단위 : 백만원, %)",사업보고서,20240314001248,[기재정정]사업보고서 (2023.12),71,원문XML 2026-10-01T09:37:02+09:00 · 뷰어PDF 2026-10-01T09:38:03+09:00,[머리] 구 분 | 제103기 연간 | 제102기 연간 | 제101기 연간 ‖ [행] 위험기준 지급여력비율(A/B) | 240.6 | 165.7 | 203.8,"비은행지주 해당(원문 20260318001419: 「국내 금융지주회사는 은행을 자회사로 지배하는 은행지주회사와 은행을 지배하지 않는 비은행지주회사로 크게 구분되…」) / 값 열 머리 「제103기 연간」(당기 칸) · 맥락: 2. 위험기준지급여력비율 / (단위 : 백만원, %)",handoff/원문텍스트_9차/비은행지주_자본지표/20240314001248.md
메리츠금융지주,2023-Q4,필요자본 대비 자기자본비율,문서에 없음,,사업보고서,20240312001072,[첨부정정]사업보고서 (2023.12),,원문XML 2026-10-01T09:37:03+09:00 · 뷰어PDF 2026-10-01T09:38:12+09:00,,비은행지주 해당(원문 20260318001419: 「국내 금융지주회사는 은행을 자회사로 지배하는 은행지주회사와 은행을 지배하지 않는 비은행지주회사로 크게 구분되…」) / 본문 XML 없음(첨부정정 등),
메리츠금융지주,2023-Q4,부채비율,문서에 없음,,사업보고서,20240312001072,[첨부정정]사업보고서 (2023.12),,원문XML 2026-10-01T09:37:03+09:00 · 뷰어PDF 2026-10-01T09:38:12+09:00,,비은행지주 해당(원문 20260318001419: 「국내 금융지주회사는 은행을 자회사로 지배하는 은행지주회사와 은행을 지배하지 않는 비은행지주회사로 크게 구분되…」) / 본문 XML 없음(첨부정정 등),
메리츠금융지주,2023-Q4,이중레버리지비율,문서에 없음,,사업보고서,20240312001072,[첨부정정]사업보고서 (2023.12),,원문XML 2026-10-01T09:37:03+09:00 · 뷰어PDF 2026-10-01T09:38:12+09:00,,비은행지주 해당(원문 20260318001419: 「국내 금융지주회사는 은행을 자회사로 지배하는 은행지주회사와 은행을 지배하지 않는 비은행지주회사로 크게 구분되…」) / 본문 XML 없음(첨부정정 등),
메리츠금융지주,2023-Q4,원화유동성비율,문서에 없음,,사업보고서,20240312001072,[첨부정정]사업보고서 (2023.12),,원문XML 2026-10-01T09:37:03+09:00 · 뷰어PDF 2026-10-01T09:38:12+09:00,,비은행지주 해당(원문 20260318001419: 「국내 금융지주회사는 은행을 자회사로 지배하는 은행지주회사와 은행을 지배하지 않는 비은행지주회사로 크게 구분되…」) / 본문 XML 없음(첨부정정 등),
메리츠금융지주,2023-Q4,필요자본 대비 자기자본비율,205.87,"(단위 : 백만원,%)",사업보고서,20240312001044,사업보고서 (2023.12),65,원문XML 2026-10-01T09:37:48+09:00 · 뷰어PDF 2026-10-01T09:38:50+09:00,[머리] 구 분 | 제14기 | 제13기 | 제12기 ‖ [행] 필요자본 대비 자기자본비율(A/B) | 205.87 | 168.87 | 175.74,비은행지주 해당(원문 20260318001419: 「국내 금융지주회사는 은행을 자회사로 지배하는 은행지주회사와 은행을 지배하지 않는 비은행지주회사로 크게 구분되…」) / 값 열 머리 「제14기」(당기 칸) · 맥락: [지배회사에 관한 사항_메리츠금융지주]    가. 필요자본 대비 자기자본 비율,handoff/원문텍스트_9차/비은행지주_자본지표/20240312001044.md
메리츠금융지주,2023-Q4,부채비율,36.36,"(단위 : 백만원,%)",사업보고서,20240312001044,사업보고서 (2023.12),65,원문XML 2026-10-01T09:37:48+09:00 · 뷰어PDF 2026-10-01T09:38:50+09:00,[머리] 구 분 | 제14기 | 제13기 | 제12기 ‖ [행] 부채비율(A/B) | 36.36 | 66.05 | 45.36,"비은행지주 해당(원문 20260318001419: 「국내 금융지주회사는 은행을 자회사로 지배하는 은행지주회사와 은행을 지배하지 않는 비은행지주회사로 크게 구분되…」) / 값 열 머리 「제14기」(당기 칸) · 맥락: 주2) 금융지주회사감독규정 제25조에 의거 산출 / 주3) 제   14   기말 기준 필요자본 대비 자기자본비율 수치는 자회사인 메리츠화재의    K-ICS    방식으로 현재는 잠정치이며   ,    확정치 산출 ",handoff/원문텍스트_9차/비은행지주_자본지표/20240312001044.md
메리츠금융지주,2023-Q4,이중레버리지비율,문서에 없음,,사업보고서,20240312001044,사업보고서 (2023.12),,원문XML 2026-10-01T09:37:48+09:00 · 뷰어PDF 2026-10-01T09:38:50+09:00,,비은행지주 해당(원문 20260318001419: 「국내 금융지주회사는 은행을 자회사로 지배하는 은행지주회사와 은행을 지배하지 않는 비은행지주회사로 크게 구분되…」) / Ⅱ 장 표에서 「이중레버리지비율」 행을 못 찾음(업계 현황표·자회사 표 제외); 같은 회사 2026.2Q 경영공시(dart_out/text/risk8/경영공시__*.txt)에도 「이중레버리지」 어휘 0건,handoff/원문텍스트_9차/비은행지주_자본지표/20240312001044.md
메리츠금융지주,2023-Q4,원화유동성비율,214,"(단위 : 백만원,%)",사업보고서,20240312001044,사업보고서 (2023.12),65,원문XML 2026-10-01T09:37:48+09:00 · 뷰어PDF 2026-10-01T09:38:50+09:00,"[머리] 구 분 | 제14기 | 제13기 | 제12기 ‖ [행] 원화유동성 비율(A/B) | 214 | 14,665 | 15,137",비은행지주 해당(원문 20260318001419: 「국내 금융지주회사는 은행을 자회사로 지배하는 은행지주회사와 은행을 지배하지 않는 비은행지주회사로 크게 구분되…」) / 값 열 머리 「제14기」(당기 칸) · 맥락: 66.05 / 45.36 / 다. 원화 유동성비율,handoff/원문텍스트_9차/비은행지주_자본지표/20240312001044.md
메리츠금융지주,2023-Q4,지급여력비율(보험 자회사),240.6,"   (단위 : 백만원, %)",사업보고서,20240312001044,사업보고서 (2023.12),69,원문XML 2026-10-01T09:37:48+09:00 · 뷰어PDF 2026-10-01T09:38:50+09:00,[머리] 구 분 | 제103기 연간 | 제102기 연간 | 제101기 연간 ‖ [행] 위험기준 지급여력비율(A/B) | 240.6 | 165.7 | 203.8,"비은행지주 해당(원문 20260318001419: 「국내 금융지주회사는 은행을 자회사로 지배하는 은행지주회사와 은행을 지배하지 않는 비은행지주회사로 크게 구분되…」) / 값 열 머리 「제103기 연간」(당기 칸) · 맥락: 2. 위험기준지급여력비율 / (단위 : 백만원, %)",handoff/원문텍스트_9차/비은행지주_자본지표/20240312001044.md
메리츠금융지주,2023-Q3,필요자본 대비 자기자본비율,204.36,"(단위 : 백만원,%)",분기보고서,20240208001135,[기재정정]분기보고서 (2023.09),,원문XML 2026-10-01T09:50:29+09:00 · 뷰어PDF 2026-10-01T09:59:29+09:00,[머리] 구 분 | 제14기 3분기 | 제13기 | 제12기 ‖ [행] 필요자본 대비 자기자본비율(A/B) | 204.36 | 168.87 | 175.74,비은행지주 해당(원문 20260318001419: 「국내 금융지주회사는 은행을 자회사로 지배하는 은행지주회사와 은행을 지배하지 않는 비은행지주회사로 크게 구분되…」) / 값 열 머리 「제14기 3분기」(당기 칸) · 맥락: [지배회사에 관한 사항_메리츠금융지주]    가. 필요자본 대비 자기자본 비율,
메리츠금융지주,2023-Q3,부채비율,36.06,"(단위 : 백만원,%)",분기보고서,20240208001135,[기재정정]분기보고서 (2023.09),,원문XML 2026-10-01T09:50:29+09:00 · 뷰어PDF 2026-10-01T09:59:29+09:00,[머리] 구 분 | 제14기 3분기 | 제13기 | 제12기 ‖ [행] 부채비율(A/B) | 36.06 | 66.05 | 45.36,비은행지주 해당(원문 20260318001419: 「국내 금융지주회사는 은행을 자회사로 지배하는 은행지주회사와 은행을 지배하지 않는 비은행지주회사로 크게 구분되…」) / 값 열 머리 「제14기 3분기」(당기 칸) · 맥락: 주2) 금융지주회사감독규정 제25조에 의거 산출 / 주3) 제14기 3분기말 기준 필요자본 대비 자기자본비율 수치는 자회사인 메리츠화재의 K-ICS 방식이 반영되었음(전기밀 및 전전기말 기준은 RBC 방식 반영) /,
메리츠금융지주,2023-Q3,이중레버리지비율,문서에 없음,,분기보고서,20240208001135,[기재정정]분기보고서 (2023.09),,원문XML 2026-10-01T09:50:29+09:00 · 뷰어PDF 2026-10-01T09:59:29+09:00,,비은행지주 해당(원문 20260318001419: 「국내 금융지주회사는 은행을 자회사로 지배하는 은행지주회사와 은행을 지배하지 않는 비은행지주회사로 크게 구분되…」) / Ⅱ 장 표에서 「이중레버리지비율」 행을 못 찾음(업계 현황표·자회사 표 제외); 같은 회사 2026.2Q 경영공시(dart_out/text/risk8/경영공시__*.txt)에도 「이중레버리지」 어휘 0건,
메리츠금융지주,2023-Q3,원화유동성비율,"1,684","(단위 : 백만원,%)",분기보고서,20240208001135,[기재정정]분기보고서 (2023.09),,원문XML 2026-10-01T09:50:29+09:00 · 뷰어PDF 2026-10-01T09:59:29+09:00,"[머리] 구 분 | 제14기 3분기 | 제13기 | 제12기 ‖ [행] 원화유동성 비율(A/B) | 1,684 | 14,665 | 15,137",비은행지주 해당(원문 20260318001419: 「국내 금융지주회사는 은행을 자회사로 지배하는 은행지주회사와 은행을 지배하지 않는 비은행지주회사로 크게 구분되…」) / 값 열 머리 「제14기 3분기」(당기 칸) · 맥락: 66.05 / 45.36 / 다. 원화 유동성비율,
메리츠금융지주,2023-Q3,지급여력비율(보험 자회사),230.8,"   (단위 : 백만원, %)",분기보고서,20240208001135,[기재정정]분기보고서 (2023.09),,원문XML 2026-10-01T09:50:29+09:00 · 뷰어PDF 2026-10-01T09:59:29+09:00,[머리] 구 분 | 제103기 3분기 | 제102기 연간 | 제101기 연간 ‖ [행] 위험기준 지급여력비율(A/B) | 230.8 | 165.7 | 203.8,"비은행지주 해당(원문 20260318001419: 「국내 금융지주회사는 은행을 자회사로 지배하는 은행지주회사와 은행을 지배하지 않는 비은행지주회사로 크게 구분되…」) / 값 열 머리 「제103기 3분기」(당기 칸) · 맥락: 주1) 종전 기업회계기준서 제 1104호를 적용하여 작성주2) 책임준비금에는 투자계약부채를 포함하고 있음 / 2. 위험기준지급여력비율 / (단위 : 백만원, %)",
메리츠금융지주,2023-Q3,필요자본 대비 자기자본비율,204.36,"(단위 : 백만원,%)",분기보고서,20240206000415,[기재정정]분기보고서 (2023.09),,원문XML 2026-10-01T09:50:50+09:00 · 뷰어PDF 2026-10-01T09:59:59+09:00,[머리] 구 분 | 제14기 3분기 | 제13기 | 제12기 ‖ [행] 필요자본 대비 자기자본비율(A/B) | 204.36 | 168.87 | 175.74,비은행지주 해당(원문 20260318001419: 「국내 금융지주회사는 은행을 자회사로 지배하는 은행지주회사와 은행을 지배하지 않는 비은행지주회사로 크게 구분되…」) / 값 열 머리 「제14기 3분기」(당기 칸) · 맥락: [지배회사에 관한 사항_메리츠금융지주]    가. 필요자본 대비 자기자본 비율,
메리츠금융지주,2023-Q3,부채비율,36.06,"(단위 : 백만원,%)",분기보고서,20240206000415,[기재정정]분기보고서 (2023.09),,원문XML 2026-10-01T09:50:50+09:00 · 뷰어PDF 2026-10-01T09:59:59+09:00,[머리] 구 분 | 제14기 3분기 | 제13기 | 제12기 ‖ [행] 부채비율(A/B) | 36.06 | 66.05 | 45.36,비은행지주 해당(원문 20260318001419: 「국내 금융지주회사는 은행을 자회사로 지배하는 은행지주회사와 은행을 지배하지 않는 비은행지주회사로 크게 구분되…」) / 값 열 머리 「제14기 3분기」(당기 칸) · 맥락: 주2) 금융지주회사감독규정 제25조에 의거 산출 / 주3) 제14기 3분기말 기준 필요자본 대비 자기자본비율 수치는 자회사인 메리츠화재의 K-ICS 방식이 반영되었음(전기밀 및 전전기말 기준은 RBC 방식 반영) /,
메리츠금융지주,2023-Q3,이중레버리지비율,문서에 없음,,분기보고서,20240206000415,[기재정정]분기보고서 (2023.09),,원문XML 2026-10-01T09:50:50+09:00 · 뷰어PDF 2026-10-01T09:59:59+09:00,,비은행지주 해당(원문 20260318001419: 「국내 금융지주회사는 은행을 자회사로 지배하는 은행지주회사와 은행을 지배하지 않는 비은행지주회사로 크게 구분되…」) / Ⅱ 장 표에서 「이중레버리지비율」 행을 못 찾음(업계 현황표·자회사 표 제외); 같은 회사 2026.2Q 경영공시(dart_out/text/risk8/경영공시__*.txt)에도 「이중레버리지」 어휘 0건,
메리츠금융지주,2023-Q3,원화유동성비율,"1,684","(단위 : 백만원,%)",분기보고서,20240206000415,[기재정정]분기보고서 (2023.09),,원문XML 2026-10-01T09:50:50+09:00 · 뷰어PDF 2026-10-01T09:59:59+09:00,"[머리] 구 분 | 제14기 3분기 | 제13기 | 제12기 ‖ [행] 원화유동성 비율(A/B) | 1,684 | 14,665 | 15,137",비은행지주 해당(원문 20260318001419: 「국내 금융지주회사는 은행을 자회사로 지배하는 은행지주회사와 은행을 지배하지 않는 비은행지주회사로 크게 구분되…」) / 값 열 머리 「제14기 3분기」(당기 칸) · 맥락: 66.05 / 45.36 / 다. 원화 유동성비율,
메리츠금융지주,2023-Q3,지급여력비율(보험 자회사),230.8,"   (단위 : 백만원, %)",분기보고서,20240206000415,[기재정정]분기보고서 (2023.09),,원문XML 2026-10-01T09:50:50+09:00 · 뷰어PDF 2026-10-01T09:59:59+09:00,[머리] 구 분 | 제103기 3분기 | 제102기 연간 | 제101기 연간 ‖ [행] 위험기준 지급여력비율(A/B) | 230.8 | 165.7 | 203.8,"비은행지주 해당(원문 20260318001419: 「국내 금융지주회사는 은행을 자회사로 지배하는 은행지주회사와 은행을 지배하지 않는 비은행지주회사로 크게 구분되…」) / 값 열 머리 「제103기 3분기」(당기 칸) · 맥락: 주1) 종전 기업회계기준서 제 1104호를 적용하여 작성주2) 책임준비금에는 투자계약부채를 포함하고 있음 / 2. 위험기준지급여력비율 / (단위 : 백만원, %)",
메리츠금융지주,2023-Q2,필요자본 대비 자기자본비율,196.59,"(단위 : 백만원,%)",반기보고서,20240206000395,[기재정정]반기보고서 (2023.06),,원문XML 2026-10-01T09:51:14+09:00 · 뷰어PDF 2026-10-01T10:00:26+09:00,[머리] 구 분 | 제14기 2분기 | 제13기 | 제12기 ‖ [행] 필요자본 대비 자기자본비율(A/B) | 196.59 | 168.87 | 175.74,"비은행지주 해당(원문 20260318001419: 「국내 금융지주회사는 은행을 자회사로 지배하는 은행지주회사와 은행을 지배하지 않는 비은행지주회사로 크게 구분되…」) / 값 열 머리 「제14기 2분기」(당기 칸) · 맥락: 나. 영업설비 등 현황-  메리츠캐피탈이 보유하고 있는 토지 또는 건물은 없으며, 본점 및 지점 사무실은 임차하고 있습니다. / [지배회사에 관한 사항_메리츠금융지주]    가. 필요자본 대비 자기자본 비율",
메리츠금융지주,2023-Q2,부채비율,39.42,"(단위 : 백만원,%)",반기보고서,20240206000395,[기재정정]반기보고서 (2023.06),,원문XML 2026-10-01T09:51:14+09:00 · 뷰어PDF 2026-10-01T10:00:26+09:00,[머리] 구 분 | 제14기2분기 | 제13기 | 제12기 ‖ [행] 부채비율(A/B) | 39.42 | 66.05 | 45.36,비은행지주 해당(원문 20260318001419: 「국내 금융지주회사는 은행을 자회사로 지배하는 은행지주회사와 은행을 지배하지 않는 비은행지주회사로 크게 구분되…」) / 값 열 머리 「제14기2분기」(당기 칸) · 맥락: 주2) 금융지주회사감독규정 제25조에 의거 산출 / 주3) 제14기 2분기말 기준 필요자본 대비 자기자본비율 수치는 자회사인 메리츠화재의 K-ICS 방식이 반영되었음(전기말 및 전전기말 기준은 RBC 방식 반영) /,
메리츠금융지주,2023-Q2,이중레버리지비율,문서에 없음,,반기보고서,20240206000395,[기재정정]반기보고서 (2023.06),,원문XML 2026-10-01T09:51:14+09:00 · 뷰어PDF 2026-10-01T10:00:26+09:00,,비은행지주 해당(원문 20260318001419: 「국내 금융지주회사는 은행을 자회사로 지배하는 은행지주회사와 은행을 지배하지 않는 비은행지주회사로 크게 구분되…」) / Ⅱ 장 표에서 「이중레버리지비율」 행을 못 찾음(업계 현황표·자회사 표 제외); 같은 회사 2026.2Q 경영공시(dart_out/text/risk8/경영공시__*.txt)에도 「이중레버리지」 어휘 0건,
메리츠금융지주,2023-Q2,원화유동성비율,"6,955","(단위 : 백만원,%)",반기보고서,20240206000395,[기재정정]반기보고서 (2023.06),,원문XML 2026-10-01T09:51:14+09:00 · 뷰어PDF 2026-10-01T10:00:26+09:00,"[머리] 구 분 | 제14기2분기 | 제13기 | 제12기 ‖ [행] 원화유동성 비율(A/B) | 6,955 | 14,665 | 15,137",비은행지주 해당(원문 20260318001419: 「국내 금융지주회사는 은행을 자회사로 지배하는 은행지주회사와 은행을 지배하지 않는 비은행지주회사로 크게 구분되…」) / 값 열 머리 「제14기2분기」(당기 칸) · 맥락: 66.05 / 45.36 / 다. 원화 유동성비율,
메리츠금융지주,2023-Q2,지급여력비율(보험 자회사),205.7,"   (단위 : 백만원, %)",반기보고서,20240206000395,[기재정정]반기보고서 (2023.06),,원문XML 2026-10-01T09:51:14+09:00 · 뷰어PDF 2026-10-01T10:00:26+09:00,[머리] 구 분 | 제103기 2분기 | 제102기 연간 | 제101기 연간 ‖ [행] 위험기준 지급여력비율(A/B) | 205.7 | 165.7 | 203.8,"비은행지주 해당(원문 20260318001419: 「국내 금융지주회사는 은행을 자회사로 지배하는 은행지주회사와 은행을 지배하지 않는 비은행지주회사로 크게 구분되…」) / 값 열 머리 「제103기 2분기」(당기 칸) · 맥락: 주1) 종전 기업회계기준서 제 1104호를 적용하여 작성주2) 책임준비금에는 투자계약부채를 포함하고 있음 / 나. 위험기준지급여력비율 / (단위 : 백만원, %)",
메리츠금융지주,2023-Q1,필요자본 대비 자기자본비율,200.43,"(단위 : 백만원,%)",분기보고서,20240206000393,[기재정정]분기보고서 (2023.03),,원문XML 2026-10-01T09:51:32+09:00 · 뷰어PDF 2026-10-01T10:00:55+09:00,[머리] 구 분 | 제14기 1분기 | 제13기 | 제12기 ‖ [행] 필요자본 대비 자기자본비율(A/B) | 200.43 | 168.87 | 175.74,비은행지주 해당(원문 20260318001419: 「국내 금융지주회사는 은행을 자회사로 지배하는 은행지주회사와 은행을 지배하지 않는 비은행지주회사로 크게 구분되…」) / 값 열 머리 「제14기 1분기」(당기 칸) · 맥락: [지배회사에 관한 사항_메리츠금융지주] / 가. 필요자본 대비 자기자본 비율,
메리츠금융지주,2023-Q1,부채비율,65.24,"(단위 : 백만원,%)",분기보고서,20240206000393,[기재정정]분기보고서 (2023.03),,원문XML 2026-10-01T09:51:32+09:00 · 뷰어PDF 2026-10-01T10:00:55+09:00,[머리] 구 분 | 제14기1분기 | 제13기 | 제12기 ‖ [행] 부채비율(A/B) | 65.24 | 66.05 | 45.36,비은행지주 해당(원문 20260318001419: 「국내 금융지주회사는 은행을 자회사로 지배하는 은행지주회사와 은행을 지배하지 않는 비은행지주회사로 크게 구분되…」) / 값 열 머리 「제14기1분기」(당기 칸) · 맥락: 주2) 금융지주회사감독규정 제25조에 의거 산출 / 주3) 제14기 1분기말 기준 필요자본 대비 자기자본비율 수치는 자회사인 메리츠화재의 K-ICS 방식이 반영되었습니다. (전기말 및 전전기말 기준은 RBC 방식 반,
메리츠금융지주,2023-Q1,이중레버리지비율,문서에 없음,,분기보고서,20240206000393,[기재정정]분기보고서 (2023.03),,원문XML 2026-10-01T09:51:32+09:00 · 뷰어PDF 2026-10-01T10:00:55+09:00,,비은행지주 해당(원문 20260318001419: 「국내 금융지주회사는 은행을 자회사로 지배하는 은행지주회사와 은행을 지배하지 않는 비은행지주회사로 크게 구분되…」) / Ⅱ 장 표에서 「이중레버리지비율」 행을 못 찾음(업계 현황표·자회사 표 제외); 같은 회사 2026.2Q 경영공시(dart_out/text/risk8/경영공시__*.txt)에도 「이중레버리지」 어휘 0건,
메리츠금융지주,2023-Q1,원화유동성비율,306,"(단위 : 백만원,%)",분기보고서,20240206000393,[기재정정]분기보고서 (2023.03),,원문XML 2026-10-01T09:51:32+09:00 · 뷰어PDF 2026-10-01T10:00:55+09:00,"[머리] 구 분 | 제14기1분기 | 제13기 | 제12기 ‖ [행] 원화유동성 비율(A/B) | 306 | 14,665 | 15,137",비은행지주 해당(원문 20260318001419: 「국내 금융지주회사는 은행을 자회사로 지배하는 은행지주회사와 은행을 지배하지 않는 비은행지주회사로 크게 구분되…」) / 값 열 머리 「제14기1분기」(당기 칸) · 맥락: 66.05 / 45.36 / 다. 원화 유동성비율,
메리츠금융지주,2023-Q1,지급여력비율(보험 자회사),202.2,"   (단위 : 백만원, %)",분기보고서,20240206000393,[기재정정]분기보고서 (2023.03),,원문XML 2026-10-01T09:51:32+09:00 · 뷰어PDF 2026-10-01T10:00:55+09:00,[머리] 구 분 | 제103기 1분기 | 제102기 연간 | 제101기 연간 ‖ [행] 위험기준 지급여력비율(A/B) | 202.2 | 165.7 | 203.8,"비은행지주 해당(원문 20260318001419: 「국내 금융지주회사는 은행을 자회사로 지배하는 은행지주회사와 은행을 지배하지 않는 비은행지주회사로 크게 구분되…」) / 값 열 머리 「제103기 1분기」(당기 칸) · 맥락: 주1) K-IFRS 1104호 책임준비금 적립기준으로 기존과 동일주2) 책임준비금에는 투자계약부채를 포함하고 있음 / 나. 위험기준지급여력비율 / (단위 : 백만원, %)",
메리츠금융지주,2023-Q3,필요자본 대비 자기자본비율,204.36,"(단위 : 백만원,%)",분기보고서,20231229000512,[기재정정]분기보고서 (2023.09),,원문XML 2026-10-01T09:51:52+09:00 · 뷰어PDF 2026-10-01T10:01:23+09:00,[머리] 구 분 | 제14기 3분기 | 제13기 | 제12기 ‖ [행] 필요자본 대비 자기자본비율(A/B) | 204.36 | 168.87 | 175.74,비은행지주 해당(원문 20260318001419: 「국내 금융지주회사는 은행을 자회사로 지배하는 은행지주회사와 은행을 지배하지 않는 비은행지주회사로 크게 구분되…」) / 값 열 머리 「제14기 3분기」(당기 칸) · 맥락: [지배회사에 관한 사항_메리츠금융지주]    가. 필요자본 대비 자기자본 비율,
메리츠금융지주,2023-Q3,부채비율,36.06,"(단위 : 백만원,%)",분기보고서,20231229000512,[기재정정]분기보고서 (2023.09),,원문XML 2026-10-01T09:51:52+09:00 · 뷰어PDF 2026-10-01T10:01:23+09:00,[머리] 구 분 | 제14기 3분기 | 제13기 | 제12기 ‖ [행] 부채비율(A/B) | 36.06 | 66.05 | 45.36,비은행지주 해당(원문 20260318001419: 「국내 금융지주회사는 은행을 자회사로 지배하는 은행지주회사와 은행을 지배하지 않는 비은행지주회사로 크게 구분되…」) / 값 열 머리 「제14기 3분기」(당기 칸) · 맥락: 주2) 금융지주회사감독규정 제25조에 의거 산출 / 주3) 제14기 3분기말 기준 필요자본 대비 자기자본비율 수치는 자회사인 메리츠화재의 K-ICS 방식이 반영되었음(전기밀 및 전전기말 기준은 RBC 방식 반영) /,
메리츠금융지주,2023-Q3,이중레버리지비율,문서에 없음,,분기보고서,20231229000512,[기재정정]분기보고서 (2023.09),,원문XML 2026-10-01T09:51:52+09:00 · 뷰어PDF 2026-10-01T10:01:23+09:00,,비은행지주 해당(원문 20260318001419: 「국내 금융지주회사는 은행을 자회사로 지배하는 은행지주회사와 은행을 지배하지 않는 비은행지주회사로 크게 구분되…」) / Ⅱ 장 표에서 「이중레버리지비율」 행을 못 찾음(업계 현황표·자회사 표 제외); 같은 회사 2026.2Q 경영공시(dart_out/text/risk8/경영공시__*.txt)에도 「이중레버리지」 어휘 0건,
메리츠금융지주,2023-Q3,원화유동성비율,"1,684","(단위 : 백만원,%)",분기보고서,20231229000512,[기재정정]분기보고서 (2023.09),,원문XML 2026-10-01T09:51:52+09:00 · 뷰어PDF 2026-10-01T10:01:23+09:00,"[머리] 구 분 | 제14기 3분기 | 제13기 | 제12기 ‖ [행] 원화유동성 비율(A/B) | 1,684 | 14,665 | 15,137",비은행지주 해당(원문 20260318001419: 「국내 금융지주회사는 은행을 자회사로 지배하는 은행지주회사와 은행을 지배하지 않는 비은행지주회사로 크게 구분되…」) / 값 열 머리 「제14기 3분기」(당기 칸) · 맥락: 66.05 / 45.36 / 다. 원화 유동성비율,
메리츠금융지주,2023-Q3,지급여력비율(보험 자회사),230.8,"   (단위 : 백만원, %)",분기보고서,20231229000512,[기재정정]분기보고서 (2023.09),,원문XML 2026-10-01T09:51:52+09:00 · 뷰어PDF 2026-10-01T10:01:23+09:00,[머리] 구 분 | 제103기 3분기 | 제102기 연간 | 제101기 연간 ‖ [행] 위험기준 지급여력비율(A/B) | 230.8 | 165.7 | 203.8,"비은행지주 해당(원문 20260318001419: 「국내 금융지주회사는 은행을 자회사로 지배하는 은행지주회사와 은행을 지배하지 않는 비은행지주회사로 크게 구분되…」) / 값 열 머리 「제103기 3분기」(당기 칸) · 맥락: 주1) 종전 기업회계기준서 제 1104호를 적용하여 작성주2) 책임준비금에는 투자계약부채를 포함하고 있음 / 2. 위험기준지급여력비율 / (단위 : 백만원, %)",
메리츠금융지주,2023-Q3,필요자본 대비 자기자본비율,203.42,"(단위 : 백만원,%)",분기보고서,20231114002451,분기보고서 (2023.09),,원문XML 2026-10-01T09:52:13+09:00 · 뷰어PDF 2026-10-01T10:01:45+09:00,[머리] 구 분 | 제14기 3분기 | 제13기 | 제12기 ‖ [행] 필요자본 대비 자기자본비율(A/B) | 203.42 | 168.87 | 175.74,비은행지주 해당(원문 20260318001419: 「국내 금융지주회사는 은행을 자회사로 지배하는 은행지주회사와 은행을 지배하지 않는 비은행지주회사로 크게 구분되…」) / 값 열 머리 「제14기 3분기」(당기 칸) · 맥락: [지배회사에 관한 사항_메리츠금융지주]    가. 필요자본 대비 자기자본 비율,
메리츠금융지주,2023-Q3,부채비율,36.06,"(단위 : 백만원,%)",분기보고서,20231114002451,분기보고서 (2023.09),,원문XML 2026-10-01T09:52:13+09:00 · 뷰어PDF 2026-10-01T10:01:45+09:00,[머리] 구 분 | 제14기 3분기 | 제13기 | 제12기 ‖ [행] 부채비율(A/B) | 36.06 | 66.05 | 45.36,"비은행지주 해당(원문 20260318001419: 「국내 금융지주회사는 은행을 자회사로 지배하는 은행지주회사와 은행을 지배하지 않는 비은행지주회사로 크게 구분되…」) / 값 열 머리 「제14기 3분기」(당기 칸) · 맥락: 주2) 금융지주회사감독규정 제25조에 의거 산출 / 주3) 제14기 3분기말 기준 필요자본 대비 자기자본비율 수치는 자회사인 메리츠화재의 K-ICS 방식으로 현재는 잠정치이며, 확정치 산출 후 정정공시할 예정임(전기",
메리츠금융지주,2023-Q3,이중레버리지비율,문서에 없음,,분기보고서,20231114002451,분기보고서 (2023.09),,원문XML 2026-10-01T09:52:13+09:00 · 뷰어PDF 2026-10-01T10:01:45+09:00,,비은행지주 해당(원문 20260318001419: 「국내 금융지주회사는 은행을 자회사로 지배하는 은행지주회사와 은행을 지배하지 않는 비은행지주회사로 크게 구분되…」) / Ⅱ 장 표에서 「이중레버리지비율」 행을 못 찾음(업계 현황표·자회사 표 제외); 같은 회사 2026.2Q 경영공시(dart_out/text/risk8/경영공시__*.txt)에도 「이중레버리지」 어휘 0건,
메리츠금융지주,2023-Q3,원화유동성비율,"1,684","(단위 : 백만원,%)",분기보고서,20231114002451,분기보고서 (2023.09),,원문XML 2026-10-01T09:52:13+09:00 · 뷰어PDF 2026-10-01T10:01:45+09:00,"[머리] 구 분 | 제14기 3분기 | 제13기 | 제12기 ‖ [행] 원화유동성 비율(A/B) | 1,684 | 14,665 | 15,137",비은행지주 해당(원문 20260318001419: 「국내 금융지주회사는 은행을 자회사로 지배하는 은행지주회사와 은행을 지배하지 않는 비은행지주회사로 크게 구분되…」) / 값 열 머리 「제14기 3분기」(당기 칸) · 맥락: 66.05 / 45.36 / 다. 원화 유동성비율,
메리츠금융지주,2023-Q3,지급여력비율(보험 자회사),229.3,"   (단위 : 백만원, %)",분기보고서,20231114002451,분기보고서 (2023.09),,원문XML 2026-10-01T09:52:13+09:00 · 뷰어PDF 2026-10-01T10:01:45+09:00,[머리] 구 분 | 제103기 3분기 | 제102기 연간 | 제101기 연간 ‖ [행] 위험기준 지급여력비율(A/B) | 229.3 | 165.7 | 203.8,"비은행지주 해당(원문 20260318001419: 「국내 금융지주회사는 은행을 자회사로 지배하는 은행지주회사와 은행을 지배하지 않는 비은행지주회사로 크게 구분되…」) / 값 열 머리 「제103기 3분기」(당기 칸) · 맥락: 주1) 종전 기업회계기준서 제 1104호를 적용하여 작성주2) 책임준비금에는 투자계약부채를 포함하고 있음 / 2. 위험기준지급여력비율 / (단위 : 백만원, %)",
메리츠금융지주,2023-Q2,필요자본 대비 자기자본비율,196.59,"(단위 : 백만원,%)",반기보고서,20230927000739,[기재정정]반기보고서 (2023.06),,원문XML 2026-10-01T09:52:35+09:00 · 뷰어PDF -,[머리] 구 분 | 제14기 2분기 | 제13기 | 제12기 ‖ [행] 필요자본 대비 자기자본비율(A/B) | 196.59 | 168.87 | 175.74,"비은행지주 해당(원문 20260318001419: 「국내 금융지주회사는 은행을 자회사로 지배하는 은행지주회사와 은행을 지배하지 않는 비은행지주회사로 크게 구분되…」) / 값 열 머리 「제14기 2분기」(당기 칸) · 맥락: 나. 영업설비 등 현황-  메리츠캐피탈이 보유하고 있는 토지 또는 건물은 없으며, 본점 및 지점 사무실은 임차하고 있습니다. / [지배회사에 관한 사항_메리츠금융지주]    가. 필요자본 대비 자기자본 비율",
메리츠금융지주,2023-Q2,부채비율,39.42,"(단위 : 백만원,%)",반기보고서,20230927000739,[기재정정]반기보고서 (2023.06),,원문XML 2026-10-01T09:52:35+09:00 · 뷰어PDF -,[머리] 구 분 | 제14기2분기 | 제13기 | 제12기 ‖ [행] 부채비율(A/B) | 39.42 | 66.05 | 45.36,비은행지주 해당(원문 20260318001419: 「국내 금융지주회사는 은행을 자회사로 지배하는 은행지주회사와 은행을 지배하지 않는 비은행지주회사로 크게 구분되…」) / 값 열 머리 「제14기2분기」(당기 칸) · 맥락: 주2) 금융지주회사감독규정 제25조에 의거 산출 / 주3) 제14기 2분기말 기준 필요자본 대비 자기자본비율 수치는 자회사인 메리츠화재의 K-ICS 방식이 반영되었음(전기말 및 전전기말 기준은 RBC 방식 반영) /,
메리츠금융지주,2023-Q2,이중레버리지비율,문서에 없음,,반기보고서,20230927000739,[기재정정]반기보고서 (2023.06),,원문XML 2026-10-01T09:52:35+09:00 · 뷰어PDF -,,비은행지주 해당(원문 20260318001419: 「국내 금융지주회사는 은행을 자회사로 지배하는 은행지주회사와 은행을 지배하지 않는 비은행지주회사로 크게 구분되…」) / Ⅱ 장 표에서 「이중레버리지비율」 행을 못 찾음(업계 현황표·자회사 표 제외); 같은 회사 2026.2Q 경영공시(dart_out/text/risk8/경영공시__*.txt)에도 「이중레버리지」 어휘 0건,
메리츠금융지주,2023-Q2,원화유동성비율,"6,955","(단위 : 백만원,%)",반기보고서,20230927000739,[기재정정]반기보고서 (2023.06),,원문XML 2026-10-01T09:52:35+09:00 · 뷰어PDF -,"[머리] 구 분 | 제14기2분기 | 제13기 | 제12기 ‖ [행] 원화유동성 비율(A/B) | 6,955 | 14,665 | 15,137",비은행지주 해당(원문 20260318001419: 「국내 금융지주회사는 은행을 자회사로 지배하는 은행지주회사와 은행을 지배하지 않는 비은행지주회사로 크게 구분되…」) / 값 열 머리 「제14기2분기」(당기 칸) · 맥락: 66.05 / 45.36 / 다. 원화 유동성비율,
메리츠금융지주,2023-Q2,지급여력비율(보험 자회사),205.7,"   (단위 : 백만원, %)",반기보고서,20230927000739,[기재정정]반기보고서 (2023.06),,원문XML 2026-10-01T09:52:35+09:00 · 뷰어PDF -,[머리] 구 분 | 제103기 2분기 | 제102기 연간 | 제101기 연간 ‖ [행] 위험기준 지급여력비율(A/B) | 205.7 | 165.7 | 203.8,"비은행지주 해당(원문 20260318001419: 「국내 금융지주회사는 은행을 자회사로 지배하는 은행지주회사와 은행을 지배하지 않는 비은행지주회사로 크게 구분되…」) / 값 열 머리 「제103기 2분기」(당기 칸) · 맥락: 주1) 종전 기업회계기준서 제 1104호를 적용하여 작성주2) 책임준비금에는 투자계약부채를 포함하고 있음 / 나. 위험기준지급여력비율 / (단위 : 백만원, %)",
메리츠금융지주,2023-Q2,필요자본 대비 자기자본비율,문서에 없음,"(단위 : 백만원,%)",반기보고서,20230814002879,반기보고서 (2023.06),,원문XML 2026-10-01T09:52:57+09:00 · 뷰어PDF -,[머리] 구 분 | 제14기2분기 | 제13기 | 제12기 ‖ [행] 필요자본 대비 자기자본비율(A/B) | 주3) | 168.87 | 175.74,"비은행지주 해당(원문 20260318001419: 「국내 금융지주회사는 은행을 자회사로 지배하는 은행지주회사와 은행을 지배하지 않는 비은행지주회사로 크게 구분되…」) / 값 열 머리 「제14기2분기」(당기 칸) · 맥락: 나. 영업설비 등 현황-  메리츠캐피탈이 보유하고 있는 토지 또는 건물은 없으며, 본점 및 지점 사무실은 임차하고 있습니다. / [지배회사에 관한 사항_메리츠금융지주]    가. 필요자본 대비 자기자본 비율 · 당기 칸 원문 「주3)」(숫자 아님 — 옆 칸 값은 옮기지 않음)",
메리츠금융지주,2023-Q2,부채비율,39.42,"(단위 : 백만원,%)",반기보고서,20230814002879,반기보고서 (2023.06),,원문XML 2026-10-01T09:52:57+09:00 · 뷰어PDF -,[머리] 구 분 | 제14기2분기 | 제13기 | 제12기 ‖ [행] 부채비율(A/B) | 39.42 | 66.05 | 45.36,"비은행지주 해당(원문 20260318001419: 「국내 금융지주회사는 은행을 자회사로 지배하는 은행지주회사와 은행을 지배하지 않는 비은행지주회사로 크게 구분되…」) / 값 열 머리 「제14기2분기」(당기 칸) · 맥락: 주3) 제14기 2분기말 기준 필요자본 대비 자기자본비율 수치는 자회사인 메리츠화재의 K-ICS 방식이 / 반영될 예정으로 현재는 산출 전이며, 확정치 산출 후 정정공시할 예정임(전기밀 및 전전기말 기준은 RBC 방",
메리츠금융지주,2023-Q2,이중레버리지비율,문서에 없음,,반기보고서,20230814002879,반기보고서 (2023.06),,원문XML 2026-10-01T09:52:57+09:00 · 뷰어PDF -,,비은행지주 해당(원문 20260318001419: 「국내 금융지주회사는 은행을 자회사로 지배하는 은행지주회사와 은행을 지배하지 않는 비은행지주회사로 크게 구분되…」) / Ⅱ 장 표에서 「이중레버리지비율」 행을 못 찾음(업계 현황표·자회사 표 제외); 같은 회사 2026.2Q 경영공시(dart_out/text/risk8/경영공시__*.txt)에도 「이중레버리지」 어휘 0건,
메리츠금융지주,2023-Q2,원화유동성비율,"6,955","(단위 : 백만원,%)",반기보고서,20230814002879,반기보고서 (2023.06),,원문XML 2026-10-01T09:52:57+09:00 · 뷰어PDF -,"[머리] 구 분 | 제14기2분기 | 제13기 | 제12기 ‖ [행] 원화유동성 비율(A/B) | 6,955 | 14,665 | 15,137",비은행지주 해당(원문 20260318001419: 「국내 금융지주회사는 은행을 자회사로 지배하는 은행지주회사와 은행을 지배하지 않는 비은행지주회사로 크게 구분되…」) / 값 열 머리 「제14기2분기」(당기 칸) · 맥락: 66.05 / 45.36 / 다. 원화 유동성비율,
메리츠금융지주,2023-Q2,지급여력비율(보험 자회사),문서에 없음,"   (단위 : 백만원, %)",반기보고서,20230814002879,반기보고서 (2023.06),,원문XML 2026-10-01T09:52:57+09:00 · 뷰어PDF -,[머리] 구 분 | 제103기 2분기 | 제102기 연간 | 제101기 연간 ‖ [행] 위험기준 지급여력비율(A/B) |  | 165.7 | 203.8,"비은행지주 해당(원문 20260318001419: 「국내 금융지주회사는 은행을 자회사로 지배하는 은행지주회사와 은행을 지배하지 않는 비은행지주회사로 크게 구분되…」) / 값 열 머리 「제103기 2분기」(당기 칸) · 맥락: 나. 위험기준지급여력비율(RBC) / (단위 : 백만원, %) · 당기 칸 원문 「」(숫자 아님 — 옆 칸 값은 옮기지 않음)",
메리츠금융지주,2023-Q1,필요자본 대비 자기자본비율,200.43,"(단위 : 백만원,%)",분기보고서,20230627000387,[기재정정]분기보고서 (2023.03),,원문XML 2026-10-01T09:53:14+09:00 · 뷰어PDF -,[머리] 구 분 | 제14기 1분기 | 제13기 | 제12기 ‖ [행] 필요자본 대비 자기자본비율(A/B) | 200.43 | 168.87 | 175.74,비은행지주 해당(원문 20260318001419: 「국내 금융지주회사는 은행을 자회사로 지배하는 은행지주회사와 은행을 지배하지 않는 비은행지주회사로 크게 구분되…」) / 값 열 머리 「제14기 1분기」(당기 칸) · 맥락: [지배회사에 관한 사항_메리츠금융지주] / 가. 필요자본 대비 자기자본 비율,
메리츠금융지주,2023-Q1,부채비율,65.24,"(단위 : 백만원,%)",분기보고서,20230627000387,[기재정정]분기보고서 (2023.03),,원문XML 2026-10-01T09:53:14+09:00 · 뷰어PDF -,[머리] 구 분 | 제14기1분기 | 제13기 | 제12기 ‖ [행] 부채비율(A/B) | 65.24 | 66.05 | 45.36,비은행지주 해당(원문 20260318001419: 「국내 금융지주회사는 은행을 자회사로 지배하는 은행지주회사와 은행을 지배하지 않는 비은행지주회사로 크게 구분되…」) / 값 열 머리 「제14기1분기」(당기 칸) · 맥락: 주2) 금융지주회사감독규정 제25조에 의거 산출 / 주3) 제14기 1분기말 기준 필요자본 대비 자기자본비율 수치는 자회사인 메리츠화재의 K-ICS 방식이 반영되었습니다. (전기말 및 전전기말 기준은 RBC 방식 반,
메리츠금융지주,2023-Q1,이중레버리지비율,문서에 없음,,분기보고서,20230627000387,[기재정정]분기보고서 (2023.03),,원문XML 2026-10-01T09:53:14+09:00 · 뷰어PDF -,,비은행지주 해당(원문 20260318001419: 「국내 금융지주회사는 은행을 자회사로 지배하는 은행지주회사와 은행을 지배하지 않는 비은행지주회사로 크게 구분되…」) / Ⅱ 장 표에서 「이중레버리지비율」 행을 못 찾음(업계 현황표·자회사 표 제외); 같은 회사 2026.2Q 경영공시(dart_out/text/risk8/경영공시__*.txt)에도 「이중레버리지」 어휘 0건,
메리츠금융지주,2023-Q1,원화유동성비율,306,"(단위 : 백만원,%)",분기보고서,20230627000387,[기재정정]분기보고서 (2023.03),,원문XML 2026-10-01T09:53:14+09:00 · 뷰어PDF -,"[머리] 구 분 | 제14기1분기 | 제13기 | 제12기 ‖ [행] 원화유동성 비율(A/B) | 306 | 14,665 | 15,137",비은행지주 해당(원문 20260318001419: 「국내 금융지주회사는 은행을 자회사로 지배하는 은행지주회사와 은행을 지배하지 않는 비은행지주회사로 크게 구분되…」) / 값 열 머리 「제14기1분기」(당기 칸) · 맥락: 66.05 / 45.36 / 다. 원화 유동성비율,
메리츠금융지주,2023-Q1,지급여력비율(보험 자회사),202.2,"   (단위 : 백만원, %)",분기보고서,20230627000387,[기재정정]분기보고서 (2023.03),,원문XML 2026-10-01T09:53:14+09:00 · 뷰어PDF -,[머리] 구 분 | 제103기 1분기 | 제102기 연간 | 제101기 연간 ‖ [행] 위험기준 지급여력비율(A/B) | 202.2 | 165.7 | 203.8,"비은행지주 해당(원문 20260318001419: 「국내 금융지주회사는 은행을 자회사로 지배하는 은행지주회사와 은행을 지배하지 않는 비은행지주회사로 크게 구분되…」) / 값 열 머리 「제103기 1분기」(당기 칸) · 맥락: 주1) K-IFRS 1104호 책임준비금 적립기준으로 기존과 동일주2) 책임준비금에는 투자계약부채를 포함하고 있음 / 나. 위험기준지급여력비율 / (단위 : 백만원, %)",
메리츠금융지주,2023-Q1,필요자본 대비 자기자본비율,문서에 없음,"(단위 : 백만원,%)",분기보고서,20230515002396,분기보고서 (2023.03),,원문XML 2026-10-01T09:53:30+09:00 · 뷰어PDF -,[머리] 구 분 | 제14기1분기 | 제13기 | 제12기 ‖ [행] 필요자본 대비 자기자본비율(A/B) | 주3) | 168.87 | 175.74,비은행지주 해당(원문 20260318001419: 「국내 금융지주회사는 은행을 자회사로 지배하는 은행지주회사와 은행을 지배하지 않는 비은행지주회사로 크게 구분되…」) / 값 열 머리 「제14기1분기」(당기 칸) · 맥락: [지배회사에 관한 사항_메리츠금융지주]    가. 필요자본 대비 자기자본 비율 · 당기 칸 원문 「주3)」(숫자 아님 — 옆 칸 값은 옮기지 않음),
메리츠금융지주,2023-Q1,부채비율,65.24,"(단위 : 백만원,%)",분기보고서,20230515002396,분기보고서 (2023.03),,원문XML 2026-10-01T09:53:30+09:00 · 뷰어PDF -,[머리] 구 분 | 제14기1분기 | 제13기 | 제12기 ‖ [행] 부채비율(A/B) | 65.24 | 66.05 | 45.36,"비은행지주 해당(원문 20260318001419: 「국내 금융지주회사는 은행을 자회사로 지배하는 은행지주회사와 은행을 지배하지 않는 비은행지주회사로 크게 구분되…」) / 값 열 머리 「제14기1분기」(당기 칸) · 맥락: 반영될 예정으로 현재는 산출 전이며, 확정치 산출 후 정정공시할 예정임(전기밀 및 전전기말 / 기준은 RBC 방식 반영) / 나. 부채비율",
메리츠금융지주,2023-Q1,이중레버리지비율,문서에 없음,,분기보고서,20230515002396,분기보고서 (2023.03),,원문XML 2026-10-01T09:53:30+09:00 · 뷰어PDF -,,비은행지주 해당(원문 20260318001419: 「국내 금융지주회사는 은행을 자회사로 지배하는 은행지주회사와 은행을 지배하지 않는 비은행지주회사로 크게 구분되…」) / Ⅱ 장 표에서 「이중레버리지비율」 행을 못 찾음(업계 현황표·자회사 표 제외); 같은 회사 2026.2Q 경영공시(dart_out/text/risk8/경영공시__*.txt)에도 「이중레버리지」 어휘 0건,
메리츠금융지주,2023-Q1,원화유동성비율,306,"(단위 : 백만원,%)",분기보고서,20230515002396,분기보고서 (2023.03),,원문XML 2026-10-01T09:53:30+09:00 · 뷰어PDF -,"[머리] 구 분 | 제14기1분기 | 제13기 | 제12기 ‖ [행] 원화유동성 비율(A/B) | 306 | 14,665 | 15,137",비은행지주 해당(원문 20260318001419: 「국내 금융지주회사는 은행을 자회사로 지배하는 은행지주회사와 은행을 지배하지 않는 비은행지주회사로 크게 구분되…」) / 값 열 머리 「제14기1분기」(당기 칸) · 맥락: 66.05 / 45.36 / 다. 원화 유동성비율,
메리츠금융지주,2023-Q1,지급여력비율(보험 자회사),문서에 없음,"   (단위 : 백만원, %)",분기보고서,20230515002396,분기보고서 (2023.03),,원문XML 2026-10-01T09:53:30+09:00 · 뷰어PDF -,[머리] 구 분 | 제103기 1분기 | 제102기 연간 | 제101기 연간 ‖ [행] 위험기준 지급여력비율(A/B) | 주2) | 165.7 | 203.8,"비은행지주 해당(원문 20260318001419: 「국내 금융지주회사는 은행을 자회사로 지배하는 은행지주회사와 은행을 지배하지 않는 비은행지주회사로 크게 구분되…」) / 값 열 머리 「제103기 1분기」(당기 칸) · 맥락: 나. 위험기준지급여력비율(RBC) / (단위 : 백만원, %) · 당기 칸 원문 「주2)」(숫자 아님 — 옆 칸 값은 옮기지 않음)",
메리츠금융지주,2022-Q4,필요자본 대비 자기자본비율,168.87,"(단위 : 백만원,%)",사업보고서,20230309000894,사업보고서 (2022.12),,원문XML 2026-10-01T09:54:12+09:00 · 뷰어PDF -,[머리] 구 분 | 제13기 | 제12기 | 제11기 ‖ [행] 필요자본 대비 자기자본비율(A/B) | 168.87 | 175.74 | 188.62,"비은행지주 해당(원문 20260318001419: 「국내 금융지주회사는 은행을 자회사로 지배하는 은행지주회사와 은행을 지배하지 않는 비은행지주회사로 크게 구분되…」) / 값 열 머리 「제13기」(당기 칸) · 맥락: 나. 영업설비 등 현황 메리츠캐피탈이 보유하고 있는 토지 또는 건물은 없으며, 본점 및 지점 사무실은 임차하고 있습니다. / [지배회사에 관한 사항_메리츠금융지주]   가. 필요자본 대비 자기자본 비율",
메리츠금융지주,2022-Q4,부채비율,66.05,"(단위 : 백만원,%)",사업보고서,20230309000894,사업보고서 (2022.12),,원문XML 2026-10-01T09:54:12+09:00 · 뷰어PDF -,[머리] 구 분 | 제13기 | 제12기 | 제11기 ‖ [행] 부채비율(A/B) | 66.05 | 45.36 | 26.94,비은행지주 해당(원문 20260318001419: 「국내 금융지주회사는 은행을 자회사로 지배하는 은행지주회사와 은행을 지배하지 않는 비은행지주회사로 크게 구분되…」) / 값 열 머리 「제13기」(당기 칸) · 맥락: = {∑(금융기관별 자기자본-자회사 등에 대한 출자액)}/∑금융기관별 필요자본 / 주2) 금융지주회사감독규정 제25조에 의거 산출주3) 업무보고서 법정제출기한 미도래로 향후 변동가능성이 있습니다. / 나. 부채비율,
메리츠금융지주,2022-Q4,이중레버리지비율,문서에 없음,,사업보고서,20230309000894,사업보고서 (2022.12),,원문XML 2026-10-01T09:54:12+09:00 · 뷰어PDF -,,비은행지주 해당(원문 20260318001419: 「국내 금융지주회사는 은행을 자회사로 지배하는 은행지주회사와 은행을 지배하지 않는 비은행지주회사로 크게 구분되…」) / Ⅱ 장 표에서 「이중레버리지비율」 행을 못 찾음(업계 현황표·자회사 표 제외); 같은 회사 2026.2Q 경영공시(dart_out/text/risk8/경영공시__*.txt)에도 「이중레버리지」 어휘 0건,
메리츠금융지주,2022-Q4,원화유동성비율,"14,665","(단위 : 백만원,%)",사업보고서,20230309000894,사업보고서 (2022.12),,원문XML 2026-10-01T09:54:12+09:00 · 뷰어PDF -,"[머리] 구 분 | 제13기 | 제12기 | 제11기 ‖ [행] 원화유동성 비율(A/B) | 14,665 | 15,137 | 5,495",비은행지주 해당(원문 20260318001419: 「국내 금융지주회사는 은행을 자회사로 지배하는 은행지주회사와 은행을 지배하지 않는 비은행지주회사로 크게 구분되…」) / 값 열 머리 「제13기」(당기 칸) · 맥락: 45.36 / 26.94 / 다. 원화 유동성비율,
메리츠금융지주,2022-Q4,지급여력비율(보험 자회사),165.7,"   (단위 : 백만원, %)",사업보고서,20230309000894,사업보고서 (2022.12),,원문XML 2026-10-01T09:54:12+09:00 · 뷰어PDF -,[머리] 구 분 | 제102기 연간 | 제101기 연간 | 제100기 연간 ‖ [행] 위험기준 지급여력비율(A/B) | 165.7 | 203.8 | 211.5,"비은행지주 해당(원문 20260318001419: 「국내 금융지주회사는 은행을 자회사로 지배하는 은행지주회사와 은행을 지배하지 않는 비은행지주회사로 크게 구분되…」) / 값 열 머리 「제102기 연간」(당기 칸) · 맥락: 최근 지급여력비율(RBC비율)은 2020년 12월말 211.5%, 2021년 12월말 203.8%,2022년 12월말 165.7%입니다. 지급여력기준금액은 매출의 증가 및 그에 따른 운용자산의 증가, 제도의 변경 등",
메리츠금융지주,2022-Q3,필요자본 대비 자기자본비율,167.44,"(단위 : 백만원,%)",분기보고서,20221130001396,[기재정정]분기보고서 (2022.09),,원문XML 2026-10-01T09:54:30+09:00 · 뷰어PDF -,[머리] 구 분 | 제13기3분기 | 제12기 | 제11기 ‖ [행] 필요자본 대비 자기자본비율(A/B) | 167.44 | 175.74 | 188.62,"비은행지주 해당(원문 20260318001419: 「국내 금융지주회사는 은행을 자회사로 지배하는 은행지주회사와 은행을 지배하지 않는 비은행지주회사로 크게 구분되…」) / 값 열 머리 「제13기3분기」(당기 칸) · 맥락: 나. 영업설비 등 현황 메리츠캐피탈이 보유하고 있는 토지 또는 건물은 없으며, 본점 및 지점 사무실은 임차하고 있습니다. / [지배회사에 관한 사항_메리츠금융지주]    가. 필요자본 대비 자기자본 비율",
메리츠금융지주,2022-Q3,부채비율,44.62,"(단위 : 백만원,%)",분기보고서,20221130001396,[기재정정]분기보고서 (2022.09),,원문XML 2026-10-01T09:54:30+09:00 · 뷰어PDF -,[머리] 구 분 | 제13기3분기 | 제12기 | 제11기 ‖ [행] 부채비율(A/B) | 44.62 | 45.36 | 26.94,비은행지주 해당(원문 20260318001419: 「국내 금융지주회사는 은행을 자회사로 지배하는 은행지주회사와 은행을 지배하지 않는 비은행지주회사로 크게 구분되…」) / 값 열 머리 「제13기3분기」(당기 칸) · 맥락: = {∑(금융기관별 자기자본-자회사 등에 대한 출자액)}/∑금융기관별 필요자본 / 주2) 금융지주회사감독규정 제25조에 의거 산출주3) 업무보고서 법정제출기한 미도래로 향후 변동가능성이 있습니다. / 나. 부채비율,
메리츠금융지주,2022-Q3,이중레버리지비율,문서에 없음,,분기보고서,20221130001396,[기재정정]분기보고서 (2022.09),,원문XML 2026-10-01T09:54:30+09:00 · 뷰어PDF -,,비은행지주 해당(원문 20260318001419: 「국내 금융지주회사는 은행을 자회사로 지배하는 은행지주회사와 은행을 지배하지 않는 비은행지주회사로 크게 구분되…」) / Ⅱ 장 표에서 「이중레버리지비율」 행을 못 찾음(업계 현황표·자회사 표 제외); 같은 회사 2026.2Q 경영공시(dart_out/text/risk8/경영공시__*.txt)에도 「이중레버리지」 어휘 0건,
메리츠금융지주,2022-Q3,원화유동성비율,"11,173","(단위 : 백만원,%)",분기보고서,20221130001396,[기재정정]분기보고서 (2022.09),,원문XML 2026-10-01T09:54:30+09:00 · 뷰어PDF -,"[머리] 구 분 | 제13기3분기 | 제12기 | 제11기 ‖ [행] 원화유동성 비율(A/B) | 11,173 | 15,137 | 5,495",비은행지주 해당(원문 20260318001419: 「국내 금융지주회사는 은행을 자회사로 지배하는 은행지주회사와 은행을 지배하지 않는 비은행지주회사로 크게 구분되…」) / 값 열 머리 「제13기3분기」(당기 칸) · 맥락: 45.36 / 26.94 / 다. 원화 유동성비율,
메리츠금융지주,2022-Q3,지급여력비율(보험 자회사),182.3,"   (단위 : 백만원, %)",분기보고서,20221130001396,[기재정정]분기보고서 (2022.09),,원문XML 2026-10-01T09:54:30+09:00 · 뷰어PDF -,[머리] 구 분 | 제102기 3분기 | 제101기 연간 | 제100기 연간 ‖ [행] 위험기준 지급여력비율(A/B) | 182.3 | 203.8 | 211.5,"비은행지주 해당(원문 20260318001419: 「국내 금융지주회사는 은행을 자회사로 지배하는 은행지주회사와 은행을 지배하지 않는 비은행지주회사로 크게 구분되…」) / 값 열 머리 「제102기 3분기」(당기 칸) · 맥락: 나. 위험기준지급여력비율(RBC) / 최근 지급여력비율(RBC비율)은 2020년12월말 211.5%, 2021년12월말  203.8% , 2022년9월말  182.3% 입니다. 지급여력기준금액은 매출의 증가 및 그에",
메리츠금융지주,2022-Q2,필요자본 대비 자기자본비율,177.59,"(단위 : 백만원,%)",반기보고서,20221130001382,[기재정정]반기보고서 (2022.06),,원문XML 2026-10-01T09:54:52+09:00 · 뷰어PDF -,[머리] 구 분 | 제13기 2분기 | 제12기 | 제11기 ‖ [행] 필요자본 대비 자기자본비율(A/B) | 177.59 | 175.74 | 188.62,"비은행지주 해당(원문 20260318001419: 「국내 금융지주회사는 은행을 자회사로 지배하는 은행지주회사와 은행을 지배하지 않는 비은행지주회사로 크게 구분되…」) / 값 열 머리 「제13기 2분기」(당기 칸) · 맥락: 나. 영업설비 등 현황 메리츠캐피탈이 보유하고 있는 토지 또는 건물은 없으며, 본점 및 지점 사무실은 임차하고 있습니다. / [지배회사에 관한 사항_메리츠금융지주]   가. 필요자본 대비 자기자본 비율",
메리츠금융지주,2022-Q2,부채비율,41.57,"(단위 : 백만원,%)",반기보고서,20221130001382,[기재정정]반기보고서 (2022.06),,원문XML 2026-10-01T09:54:52+09:00 · 뷰어PDF -,[머리] 구 분 | 제13기2분기 | 제12기 | 제11기 ‖ [행] 부채비율(A/B) | 41.57 | 45.36 | 26.94,비은행지주 해당(원문 20260318001419: 「국내 금융지주회사는 은행을 자회사로 지배하는 은행지주회사와 은행을 지배하지 않는 비은행지주회사로 크게 구분되…」) / 값 열 머리 「제13기2분기」(당기 칸) · 맥락: = {∑(금융기관별 자기자본-자회사 등에 대한 출자액)}/∑금융기관별 필요자본 / 주2) 금융지주회사감독규정 제25조에 의거 산출주3) 업무보고서 법정제출기한 미도래로 향후 변동가능성이 있습니다. / 나. 부채비율,
메리츠금융지주,2022-Q2,이중레버리지비율,문서에 없음,,반기보고서,20221130001382,[기재정정]반기보고서 (2022.06),,원문XML 2026-10-01T09:54:52+09:00 · 뷰어PDF -,,비은행지주 해당(원문 20260318001419: 「국내 금융지주회사는 은행을 자회사로 지배하는 은행지주회사와 은행을 지배하지 않는 비은행지주회사로 크게 구분되…」) / Ⅱ 장 표에서 「이중레버리지비율」 행을 못 찾음(업계 현황표·자회사 표 제외); 같은 회사 2026.2Q 경영공시(dart_out/text/risk8/경영공시__*.txt)에도 「이중레버리지」 어휘 0건,
메리츠금융지주,2022-Q2,원화유동성비율,"12,563","(단위 : 백만원,%)",반기보고서,20221130001382,[기재정정]반기보고서 (2022.06),,원문XML 2026-10-01T09:54:52+09:00 · 뷰어PDF -,"[머리] 구 분 | 제13기2분기 | 제12기 | 제11기 ‖ [행] 원화유동성 비율(A/B) | 12,563 | 15,137 | 5,495",비은행지주 해당(원문 20260318001419: 「국내 금융지주회사는 은행을 자회사로 지배하는 은행지주회사와 은행을 지배하지 않는 비은행지주회사로 크게 구분되…」) / 값 열 머리 「제13기2분기」(당기 칸) · 맥락: 45.36 / 26.94 / 다. 원화 유동성비율,
메리츠금융지주,2022-Q2,지급여력비율(보험 자회사),208.8,"   (단위 : 백만원, %)",반기보고서,20221130001382,[기재정정]반기보고서 (2022.06),,원문XML 2026-10-01T09:54:52+09:00 · 뷰어PDF -,[머리] 구 분 | 제102기 반기 | 제101기 연간 | 제100기 연간 ‖ [행] 위험기준 지급여력비율(A/B) | 208.8 | 203.8 | 211.5,"비은행지주 해당(원문 20260318001419: 「국내 금융지주회사는 은행을 자회사로 지배하는 은행지주회사와 은행을 지배하지 않는 비은행지주회사로 크게 구분되…」) / 값 열 머리 「제102기 반기」(당기 칸) · 맥락: 주1) 손해보험경영통일공시 기준으로 작성됨주2) 책임준비금에는 투자계약부채를 포함하고 있음 / 나. 위험기준지급여력비율(RBC) / 최근 지급여력비율(RBC비율)은 2020년12월말 211.5%, 2021년12월말 ",
메리츠금융지주,2022-Q1,필요자본 대비 자기자본비율,167.68,"(단위 : 백만원,%)",분기보고서,20221130001365,[기재정정]분기보고서 (2022.03),,원문XML 2026-10-01T09:55:08+09:00 · 뷰어PDF -,[머리] 구 분 | 제13기1분기 | 제12기 | 제11기 ‖ [행] 필요자본 대비 자기자본비율(A/B) | 167.68 | 175.74 | 188.62,"비은행지주 해당(원문 20260318001419: 「국내 금융지주회사는 은행을 자회사로 지배하는 은행지주회사와 은행을 지배하지 않는 비은행지주회사로 크게 구분되…」) / 값 열 머리 「제13기1분기」(당기 칸) · 맥락: 나. 영업설비 등 현황 메리츠캐피탈이 보유하고 있는 토지 또는 건물은 없으며, 본점 및 지점 사무실은 임차하고 있습니다. / [지배회사에 관한 사항_메리츠금융지주]   가. 필요자본 대비 자기자본 비율",
메리츠금융지주,2022-Q1,부채비율,42.30,"(단위 : 백만원,%)",분기보고서,20221130001365,[기재정정]분기보고서 (2022.03),,원문XML 2026-10-01T09:55:08+09:00 · 뷰어PDF -,[머리] 구 분 | 제13기1분기 | 제12기 | 제11기 ‖ [행] 부채비율(A/B) | 42.30 | 45.36 | 26.94,비은행지주 해당(원문 20260318001419: 「국내 금융지주회사는 은행을 자회사로 지배하는 은행지주회사와 은행을 지배하지 않는 비은행지주회사로 크게 구분되…」) / 값 열 머리 「제13기1분기」(당기 칸) · 맥락: = {∑(금융기관별 자기자본-자회사 등에 대한 출자액)}/∑금융기관별 필요자본 / 주2) 금융지주회사감독규정 제25조에 의거 산출주3) 업무보고서 법정제출기한 미도래로 향후 변동가능성이 있습니다. / 나. 부채비율,
메리츠금융지주,2022-Q1,이중레버리지비율,문서에 없음,,분기보고서,20221130001365,[기재정정]분기보고서 (2022.03),,원문XML 2026-10-01T09:55:08+09:00 · 뷰어PDF -,,비은행지주 해당(원문 20260318001419: 「국내 금융지주회사는 은행을 자회사로 지배하는 은행지주회사와 은행을 지배하지 않는 비은행지주회사로 크게 구분되…」) / Ⅱ 장 표에서 「이중레버리지비율」 행을 못 찾음(업계 현황표·자회사 표 제외); 같은 회사 2026.2Q 경영공시(dart_out/text/risk8/경영공시__*.txt)에도 「이중레버리지」 어휘 0건,
메리츠금융지주,2022-Q1,원화유동성비율,"22,076","(단위 : 백만원,%)",분기보고서,20221130001365,[기재정정]분기보고서 (2022.03),,원문XML 2026-10-01T09:55:08+09:00 · 뷰어PDF -,"[머리] 구 분 | 제13기1분기 | 제12기 | 제11기 ‖ [행] 원화유동성 비율(A/B) | 22,076 | 15,137 | 5,495",비은행지주 해당(원문 20260318001419: 「국내 금융지주회사는 은행을 자회사로 지배하는 은행지주회사와 은행을 지배하지 않는 비은행지주회사로 크게 구분되…」) / 값 열 머리 「제13기1분기」(당기 칸) · 맥락: 45.36 / 26.94 / 다. 원화 유동성비율,
메리츠금융지주,2022-Q1,지급여력비율(보험 자회사),174.9,"   (단위 : 백만원, %)",분기보고서,20221130001365,[기재정정]분기보고서 (2022.03),,원문XML 2026-10-01T09:55:08+09:00 · 뷰어PDF -,[머리] 구 분 | 제102기 1분기 | 제101기 연간 | 제100기 연간 ‖ [행] 위험기준 지급여력비율(A/B) | 174.9 | 203.8 | 211.5,"비은행지주 해당(원문 20260318001419: 「국내 금융지주회사는 은행을 자회사로 지배하는 은행지주회사와 은행을 지배하지 않는 비은행지주회사로 크게 구분되…」) / 값 열 머리 「제102기 1분기」(당기 칸) · 맥락: 나. 위험기준지급여력비율(RBC) / 최근 지급여력비율(RBC비율)은 2020년 12월말 211.5%, 2021년 12월말  203.8% , 2022년 3월말  174.9% 입니다. 지급여력기준금액은 매출의 증가 및",
메리츠금융지주,2021-Q4,필요자본 대비 자기자본비율,175.74,"(단위 : 백만원,%)",사업보고서,20221130001331,[기재정정]사업보고서 (2021.12),,원문XML 2026-10-01T09:55:35+09:00 · 뷰어PDF -,[머리] 구 분 | 제12기 | 제11기 | 제10기 ‖ [행] 필요자본 대비 자기자본비율(A/B) | 175.74 | 188.62 | 146.80,"비은행지주 해당(원문 20260318001419: 「국내 금융지주회사는 은행을 자회사로 지배하는 은행지주회사와 은행을 지배하지 않는 비은행지주회사로 크게 구분되…」) / 값 열 머리 「제12기」(당기 칸) · 맥락: 나. 영업설비 등 현황 메리츠캐피탈이 보유하고 있는 토지 또는 건물은 없으며, 본점 및 지점 사무실은 임차하고 있습니다. / [지배회사에 관한 사항_메리츠금융지주]   가. 필요자본 대비 자기자본 비율",
메리츠금융지주,2021-Q4,부채비율,45.36,"(단위 : 백만원,%)",사업보고서,20221130001331,[기재정정]사업보고서 (2021.12),,원문XML 2026-10-01T09:55:35+09:00 · 뷰어PDF -,[머리] 구 분 | 제12기 | 제11기 | 제10기 ‖ [행] 부채비율(A/B) | 45.36 | 26.94 | 33.03,비은행지주 해당(원문 20260318001419: 「국내 금융지주회사는 은행을 자회사로 지배하는 은행지주회사와 은행을 지배하지 않는 비은행지주회사로 크게 구분되…」) / 값 열 머리 「제12기」(당기 칸) · 맥락: = {∑(금융기관별 자기자본-자회사 등에 대한 출자액)}/∑금융기관별 필요자본 / 주2) 금융지주회사감독규정 제25조에 의거 산출주3) 업무보고서 법정제출기한 미도래로 향후 변동가능성이 있습니다. / 나. 부채비율,
메리츠금융지주,2021-Q4,이중레버리지비율,문서에 없음,,사업보고서,20221130001331,[기재정정]사업보고서 (2021.12),,원문XML 2026-10-01T09:55:35+09:00 · 뷰어PDF -,,비은행지주 해당(원문 20260318001419: 「국내 금융지주회사는 은행을 자회사로 지배하는 은행지주회사와 은행을 지배하지 않는 비은행지주회사로 크게 구분되…」) / Ⅱ 장 표에서 「이중레버리지비율」 행을 못 찾음(업계 현황표·자회사 표 제외); 같은 회사 2026.2Q 경영공시(dart_out/text/risk8/경영공시__*.txt)에도 「이중레버리지」 어휘 0건,
메리츠금융지주,2021-Q4,원화유동성비율,"15,137","(단위 : 백만원,%)",사업보고서,20221130001331,[기재정정]사업보고서 (2021.12),,원문XML 2026-10-01T09:55:35+09:00 · 뷰어PDF -,"[머리] 구 분 | 제12기 | 제11기 | 제10기 ‖ [행] 원화유동성 비율(A/B) | 15,137 | 5,495 | 4,659",비은행지주 해당(원문 20260318001419: 「국내 금융지주회사는 은행을 자회사로 지배하는 은행지주회사와 은행을 지배하지 않는 비은행지주회사로 크게 구분되…」) / 값 열 머리 「제12기」(당기 칸) · 맥락: 26.94 / 33.03 / 다. 원화 유동성비율,
메리츠금융지주,2021-Q4,지급여력비율(보험 자회사),203.8,"   (단위 : 백만원, %)",사업보고서,20221130001331,[기재정정]사업보고서 (2021.12),,원문XML 2026-10-01T09:55:35+09:00 · 뷰어PDF -,[머리] 구 분 | 제101기 연간 | 제100기 연간 | 제99기 연간 ‖ [행] 위험기준 지급여력비율(A/B) | 203.8 | 211.5 | 196.5,"비은행지주 해당(원문 20260318001419: 「국내 금융지주회사는 은행을 자회사로 지배하는 은행지주회사와 은행을 지배하지 않는 비은행지주회사로 크게 구분되…」) / 값 열 머리 「제101기 연간」(당기 칸) · 맥락: 나. 위험기준지급여력비율(RBC) / 최근 지급여력비율(RBC비율)은 2019년 12월말 196.5%, 2020년 12월말 211.5%, 2021년 12월말  203.8% 입니다. 지급여력기준금액은 매출의 증가 및 ",
메리츠금융지주,2021-Q3,필요자본 대비 자기자본비율,180.54,"(단위 : 백만원,%)",분기보고서,20221130001306,[기재정정]분기보고서 (2021.09),,원문XML 2026-10-01T09:55:56+09:00 · 뷰어PDF -,[머리] 구 분 | 제12기 3분기 | 제11기 | 제10기 ‖ [행] 필요자본 대비 자기자본비율(A/B) | 180.54 | 188.62 | 146.80,비은행지주 해당(원문 20260318001419: 「국내 금융지주회사는 은행을 자회사로 지배하는 은행지주회사와 은행을 지배하지 않는 비은행지주회사로 크게 구분되…」) / 값 열 머리 「제12기 3분기」(당기 칸) · 맥락: [지배회사에 관한 사항_메리츠금융지주]   가. 필요자본 대비 자기자본 비율,
메리츠금융지주,2021-Q3,부채비율,31.58,"(단위 : 백만원,%)",분기보고서,20221130001306,[기재정정]분기보고서 (2021.09),,원문XML 2026-10-01T09:55:56+09:00 · 뷰어PDF -,[머리] 구 분 | 제12기 3분기 | 제11기 | 제10기 ‖ [행] 부채비율(A/B) | 31.58 | 26.94 | 33.03,비은행지주 해당(원문 20260318001419: 「국내 금융지주회사는 은행을 자회사로 지배하는 은행지주회사와 은행을 지배하지 않는 비은행지주회사로 크게 구분되…」) / 값 열 머리 「제12기 3분기」(당기 칸) · 맥락: = {∑(금융기관별 자기자본-자회사 등에 대한 출자액)}/∑금융기관별 필요자본 / 주2) 금융지주회사감독규정 제25조에 의거 산출주3) 업무보고서 법정제출기한 미도래로 향후 변동가능성이 있습니다. / 나. 부채비율,
메리츠금융지주,2021-Q3,이중레버리지비율,문서에 없음,,분기보고서,20221130001306,[기재정정]분기보고서 (2021.09),,원문XML 2026-10-01T09:55:56+09:00 · 뷰어PDF -,,비은행지주 해당(원문 20260318001419: 「국내 금융지주회사는 은행을 자회사로 지배하는 은행지주회사와 은행을 지배하지 않는 비은행지주회사로 크게 구분되…」) / Ⅱ 장 표에서 「이중레버리지비율」 행을 못 찾음(업계 현황표·자회사 표 제외); 같은 회사 2026.2Q 경영공시(dart_out/text/risk8/경영공시__*.txt)에도 「이중레버리지」 어휘 0건,
메리츠금융지주,2021-Q3,원화유동성비율,"1,278","(단위 : 백만원,%)",분기보고서,20221130001306,[기재정정]분기보고서 (2021.09),,원문XML 2026-10-01T09:55:56+09:00 · 뷰어PDF -,"[머리] 구 분 | 제12기 3분기 | 제11기 | 제10기 ‖ [행] 원화유동성 비율(A/B) | 1,278 | 5,495 | 4,659",비은행지주 해당(원문 20260318001419: 「국내 금융지주회사는 은행을 자회사로 지배하는 은행지주회사와 은행을 지배하지 않는 비은행지주회사로 크게 구분되…」) / 값 열 머리 「제12기 3분기」(당기 칸) · 맥락: 26.94 / 33.03 / 다. 원화 유동성비율,
메리츠금융지주,2021-Q3,지급여력비율(보험 자회사),215.6,"   (단위 : 백만원, %)",분기보고서,20221130001306,[기재정정]분기보고서 (2021.09),,원문XML 2026-10-01T09:55:56+09:00 · 뷰어PDF -,[머리] 구 분 | 제101기 3분기 | 제100기 연간 | 제99기 연간 ‖ [행] 위험기준 지급여력비율(A/B) | 215.6 | 211.5 | 196.5,"비은행지주 해당(원문 20260318001419: 「국내 금융지주회사는 은행을 자회사로 지배하는 은행지주회사와 은행을 지배하지 않는 비은행지주회사로 크게 구분되…」) / 값 열 머리 「제101기 3분기」(당기 칸) · 맥락: 나. 위험기준지급여력비율(RBC) / 최근 지급여력비율(RBC비율)은 2019년 12월말 196.5%, 2020년 12월말 211.5%, 2021년 9월말  215.6% 입니다. 지급여력기준금액은 매출의 증가 및 그",
메리츠금융지주,2022-Q3,필요자본 대비 자기자본비율,169.49,"(단위 : 백만원,%)",분기보고서,20221114002050,분기보고서 (2022.09),,원문XML 2026-10-01T09:56:13+09:00 · 뷰어PDF -,[머리] 구 분 | 제13기3분기 | 제12기 | 제11기 ‖ [행] 필요자본 대비 자기자본비율(A/B) | 169.49 | 177.29 | 188.62,"비은행지주 해당(원문 20260318001419: 「국내 금융지주회사는 은행을 자회사로 지배하는 은행지주회사와 은행을 지배하지 않는 비은행지주회사로 크게 구분되…」) / 값 열 머리 「제13기3분기」(당기 칸) · 맥락: 나. 영업설비 등 현황 메리츠캐피탈이 보유하고 있는 토지 또는 건물은 없으며, 본점 및 지점 사무실은 임차하고 있습니다. / [지배회사에 관한 사항_메리츠금융지주]    가. 필요자본 대비 자기자본 비율",
메리츠금융지주,2022-Q3,부채비율,44.62,"(단위 : 백만원,%)",분기보고서,20221114002050,분기보고서 (2022.09),,원문XML 2026-10-01T09:56:13+09:00 · 뷰어PDF -,[머리] 구 분 | 제13기3분기 | 제12기 | 제11기 ‖ [행] 부채비율(A/B) | 44.62 | 45.36 | 26.94,비은행지주 해당(원문 20260318001419: 「국내 금융지주회사는 은행을 자회사로 지배하는 은행지주회사와 은행을 지배하지 않는 비은행지주회사로 크게 구분되…」) / 값 열 머리 「제13기3분기」(당기 칸) · 맥락: = {∑(금융기관별 자기자본-자회사 등에 대한 출자액)}/∑금융기관별 필요자본 / 주2) 금융지주회사감독규정 제25조에 의거 산출주3) 업무보고서 법정제출기한 미도래로 향후 변동가능성이 있습니다. / 나. 부채비율,
메리츠금융지주,2022-Q3,이중레버리지비율,문서에 없음,,분기보고서,20221114002050,분기보고서 (2022.09),,원문XML 2026-10-01T09:56:13+09:00 · 뷰어PDF -,,비은행지주 해당(원문 20260318001419: 「국내 금융지주회사는 은행을 자회사로 지배하는 은행지주회사와 은행을 지배하지 않는 비은행지주회사로 크게 구분되…」) / Ⅱ 장 표에서 「이중레버리지비율」 행을 못 찾음(업계 현황표·자회사 표 제외); 같은 회사 2026.2Q 경영공시(dart_out/text/risk8/경영공시__*.txt)에도 「이중레버리지」 어휘 0건,
메리츠금융지주,2022-Q3,원화유동성비율,"11,173","(단위 : 백만원,%)",분기보고서,20221114002050,분기보고서 (2022.09),,원문XML 2026-10-01T09:56:13+09:00 · 뷰어PDF -,"[머리] 구 분 | 제13기3분기 | 제12기 | 제11기 ‖ [행] 원화유동성 비율(A/B) | 11,173 | 15,137 | 5,495",비은행지주 해당(원문 20260318001419: 「국내 금융지주회사는 은행을 자회사로 지배하는 은행지주회사와 은행을 지배하지 않는 비은행지주회사로 크게 구분되…」) / 값 열 머리 「제13기3분기」(당기 칸) · 맥락: 45.36 / 26.94 / 다. 원화 유동성비율,
메리츠금융지주,2022-Q3,지급여력비율(보험 자회사),185.4,"   (단위 : 백만원, %)",분기보고서,20221114002050,분기보고서 (2022.09),,원문XML 2026-10-01T09:56:13+09:00 · 뷰어PDF -,[머리] 구 분 | 제102기 3분기 | 제101기 연간 | 제100기 연간 ‖ [행] 위험기준 지급여력비율(A/B) | 185.4 | 207.4 | 211.5,"비은행지주 해당(원문 20260318001419: 「국내 금융지주회사는 은행을 자회사로 지배하는 은행지주회사와 은행을 지배하지 않는 비은행지주회사로 크게 구분되…」) / 값 열 머리 「제102기 3분기」(당기 칸) · 맥락: 나. 위험기준지급여력비율(RBC) / 최근 지급여력비율(RBC비율)은 2020년12월말 211.5%, 2021년12월말 207.4%, 2022년9월말 185.4%입니다. 지급여력기준금액은 매출의 증가 및 그에 따른 ",
메리츠금융지주,2022-Q2,필요자본 대비 자기자본비율,179.17,"(단위 : 백만원,%)",반기보고서,20220816001962,반기보고서 (2022.06),,원문XML 2026-10-01T09:56:35+09:00 · 뷰어PDF -,[머리] 구 분 | 제13기 2분기 | 제12기 | 제11기 ‖ [행] 필요자본 대비 자기자본비율(A/B) | 179.17 | 177.29 | 188.62,"비은행지주 해당(원문 20260318001419: 「국내 금융지주회사는 은행을 자회사로 지배하는 은행지주회사와 은행을 지배하지 않는 비은행지주회사로 크게 구분되…」) / 값 열 머리 「제13기 2분기」(당기 칸) · 맥락: 나. 영업설비 등 현황 메리츠캐피탈이 보유하고 있는 토지 또는 건물은 없으며, 본점 및 지점 사무실은 임차하고 있습니다. / [지배회사에 관한 사항_메리츠금융지주]   가. 필요자본 대비 자기자본 비율",
메리츠금융지주,2022-Q2,부채비율,41.57,"(단위 : 백만원,%)",반기보고서,20220816001962,반기보고서 (2022.06),,원문XML 2026-10-01T09:56:35+09:00 · 뷰어PDF -,[머리] 구 분 | 제13기2분기 | 제12기 | 제11기 ‖ [행] 부채비율(A/B) | 41.57 | 45.36 | 26.94,비은행지주 해당(원문 20260318001419: 「국내 금융지주회사는 은행을 자회사로 지배하는 은행지주회사와 은행을 지배하지 않는 비은행지주회사로 크게 구분되…」) / 값 열 머리 「제13기2분기」(당기 칸) · 맥락: = {∑(금융기관별 자기자본-자회사 등에 대한 출자액)}/∑금융기관별 필요자본 / 주2) 금융지주회사감독규정 제25조에 의거 산출주3) 업무보고서 법정제출기한 미도래로 향후 변동가능성이 있습니다. / 나. 부채비율,
메리츠금융지주,2022-Q2,이중레버리지비율,문서에 없음,,반기보고서,20220816001962,반기보고서 (2022.06),,원문XML 2026-10-01T09:56:35+09:00 · 뷰어PDF -,,비은행지주 해당(원문 20260318001419: 「국내 금융지주회사는 은행을 자회사로 지배하는 은행지주회사와 은행을 지배하지 않는 비은행지주회사로 크게 구분되…」) / Ⅱ 장 표에서 「이중레버리지비율」 행을 못 찾음(업계 현황표·자회사 표 제외); 같은 회사 2026.2Q 경영공시(dart_out/text/risk8/경영공시__*.txt)에도 「이중레버리지」 어휘 0건,
메리츠금융지주,2022-Q2,원화유동성비율,"12,563","(단위 : 백만원,%)",반기보고서,20220816001962,반기보고서 (2022.06),,원문XML 2026-10-01T09:56:35+09:00 · 뷰어PDF -,"[머리] 구 분 | 제13기2분기 | 제12기 | 제11기 ‖ [행] 원화유동성 비율(A/B) | 12,563 | 15,137 | 5,495",비은행지주 해당(원문 20260318001419: 「국내 금융지주회사는 은행을 자회사로 지배하는 은행지주회사와 은행을 지배하지 않는 비은행지주회사로 크게 구분되…」) / 값 열 머리 「제13기2분기」(당기 칸) · 맥락: 45.36 / 26.94 / 다. 원화 유동성비율,
메리츠금융지주,2022-Q2,지급여력비율(보험 자회사),212.4,"   (단위 : 백만원, %)",반기보고서,20220816001962,반기보고서 (2022.06),,원문XML 2026-10-01T09:56:35+09:00 · 뷰어PDF -,[머리] 구 분 | 제102기 반기 | 제101기 연간 | 제100기 연간 ‖ [행] 위험기준 지급여력비율(A/B) | 212.4 | 207.4 | 211.5,"비은행지주 해당(원문 20260318001419: 「국내 금융지주회사는 은행을 자회사로 지배하는 은행지주회사와 은행을 지배하지 않는 비은행지주회사로 크게 구분되…」) / 값 열 머리 「제102기 반기」(당기 칸) · 맥락: 주1) 손해보험경영통일공시 기준으로 작성됨주2) 책임준비금에는 투자계약부채를 포함하고 있음 / 나. 위험기준지급여력비율(RBC) / 최근 지급여력비율(RBC비율)은 2020년12월말 211.5%, 2021년12월말 ",
메리츠금융지주,2021-Q4,필요자본 대비 자기자본비율,177.29,"(단위 : 백만원,%)",사업보고서,20220816001893,[기재정정]사업보고서 (2021.12),,원문XML 2026-10-01T09:57:01+09:00 · 뷰어PDF -,[머리] 구 분 | 제12기 | 제11기 | 제10기 ‖ [행] 필요자본 대비 자기자본비율(A/B) | 177.29 | 188.62 | 146.80,"비은행지주 해당(원문 20260318001419: 「국내 금융지주회사는 은행을 자회사로 지배하는 은행지주회사와 은행을 지배하지 않는 비은행지주회사로 크게 구분되…」) / 값 열 머리 「제12기」(당기 칸) · 맥락: 나. 영업설비 등 현황 메리츠캐피탈이 보유하고 있는 토지 또는 건물은 없으며, 본점 및 지점 사무실은 임차하고 있습니다. / [지배회사에 관한 사항_메리츠금융지주]   가. 필요자본 대비 자기자본 비율",
메리츠금융지주,2021-Q4,부채비율,45.36,"(단위 : 백만원,%)",사업보고서,20220816001893,[기재정정]사업보고서 (2021.12),,원문XML 2026-10-01T09:57:01+09:00 · 뷰어PDF -,[머리] 구 분 | 제12기 | 제11기 | 제10기 ‖ [행] 부채비율(A/B) | 45.36 | 26.94 | 33.03,비은행지주 해당(원문 20260318001419: 「국내 금융지주회사는 은행을 자회사로 지배하는 은행지주회사와 은행을 지배하지 않는 비은행지주회사로 크게 구분되…」) / 값 열 머리 「제12기」(당기 칸) · 맥락: = {∑(금융기관별 자기자본-자회사 등에 대한 출자액)}/∑금융기관별 필요자본 / 주2) 금융지주회사감독규정 제25조에 의거 산출주3) 업무보고서 법정제출기한 미도래로 향후 변동가능성이 있습니다. / 나. 부채비율,
메리츠금융지주,2021-Q4,이중레버리지비율,문서에 없음,,사업보고서,20220816001893,[기재정정]사업보고서 (2021.12),,원문XML 2026-10-01T09:57:01+09:00 · 뷰어PDF -,,비은행지주 해당(원문 20260318001419: 「국내 금융지주회사는 은행을 자회사로 지배하는 은행지주회사와 은행을 지배하지 않는 비은행지주회사로 크게 구분되…」) / Ⅱ 장 표에서 「이중레버리지비율」 행을 못 찾음(업계 현황표·자회사 표 제외); 같은 회사 2026.2Q 경영공시(dart_out/text/risk8/경영공시__*.txt)에도 「이중레버리지」 어휘 0건,
메리츠금융지주,2021-Q4,원화유동성비율,"15,137","(단위 : 백만원,%)",사업보고서,20220816001893,[기재정정]사업보고서 (2021.12),,원문XML 2026-10-01T09:57:01+09:00 · 뷰어PDF -,"[머리] 구 분 | 제12기 | 제11기 | 제10기 ‖ [행] 원화유동성 비율(A/B) | 15,137 | 5,495 | 4,659",비은행지주 해당(원문 20260318001419: 「국내 금융지주회사는 은행을 자회사로 지배하는 은행지주회사와 은행을 지배하지 않는 비은행지주회사로 크게 구분되…」) / 값 열 머리 「제12기」(당기 칸) · 맥락: 26.94 / 33.03 / 다. 원화 유동성비율,
메리츠금융지주,2021-Q4,지급여력비율(보험 자회사),207.4,"   (단위 : 백만원, %)",사업보고서,20220816001893,[기재정정]사업보고서 (2021.12),,원문XML 2026-10-01T09:57:01+09:00 · 뷰어PDF -,[머리] 구 분 | 제101기 연간 | 제100기 연간 | 제99기 연간 ‖ [행] 위험기준 지급여력비율(A/B) | 207.4 | 211.5 | 196.5,"비은행지주 해당(원문 20260318001419: 「국내 금융지주회사는 은행을 자회사로 지배하는 은행지주회사와 은행을 지배하지 않는 비은행지주회사로 크게 구분되…」) / 값 열 머리 「제101기 연간」(당기 칸) · 맥락: 나. 위험기준지급여력비율(RBC) / 최근 지급여력비율(RBC비율)은 2019년 12월말 196.5%, 2020년 12월말 211.5%, 2021년 12월말 207.4%입니다. 지급여력기준금액은 매출의 증가 및 그에",
메리츠금융지주,2022-Q1,필요자본 대비 자기자본비율,169.39,"(단위 : 백만원,%)",분기보고서,20220516002041,분기보고서 (2022.03),,원문XML 2026-10-01T09:57:16+09:00 · 뷰어PDF -,[머리] 구 분 | 제13기1분기 | 제12기 | 제11기 ‖ [행] 필요자본 대비 자기자본비율(A/B) | 169.39 | 177.29 | 188.62,"비은행지주 해당(원문 20260318001419: 「국내 금융지주회사는 은행을 자회사로 지배하는 은행지주회사와 은행을 지배하지 않는 비은행지주회사로 크게 구분되…」) / 값 열 머리 「제13기1분기」(당기 칸) · 맥락: &cr;  나. 영업설비 등 현황&cr; 메리츠캐피탈이 보유하고 있는 토지 또는 건물은 없으며, 본점 및 지점 사무실은 임차하고 있습니다. / &cr;  [지배회사에 관한 사항_메리츠금융지주]&cr; &cr;  가.",
메리츠금융지주,2022-Q1,부채비율,42.30,"(단위 : 백만원,%)",분기보고서,20220516002041,분기보고서 (2022.03),,원문XML 2026-10-01T09:57:16+09:00 · 뷰어PDF -,[머리] 구 분 | 제13기1분기 | 제12기 | 제11기 ‖ [행] 부채비율(A/B) | 42.30 | 45.36 | 26.94,비은행지주 해당(원문 20260318001419: 「국내 금융지주회사는 은행을 자회사로 지배하는 은행지주회사와 은행을 지배하지 않는 비은행지주회사로 크게 구분되…」) / 값 열 머리 「제13기1분기」(당기 칸) · 맥락: = {∑(금융기관별 자기자본-자회사 등에 대한 출자액)}/∑금융기관별 필요자본 / 주2) 금융지주회사감독규정 제25조에 의거 산출&cr;주3) 업무보고서 법정제출기한 미도래로 향후 변동가능성이 있습니다. / &cr;,
메리츠금융지주,2022-Q1,이중레버리지비율,문서에 없음,,분기보고서,20220516002041,분기보고서 (2022.03),,원문XML 2026-10-01T09:57:16+09:00 · 뷰어PDF -,,비은행지주 해당(원문 20260318001419: 「국내 금융지주회사는 은행을 자회사로 지배하는 은행지주회사와 은행을 지배하지 않는 비은행지주회사로 크게 구분되…」) / Ⅱ 장 표에서 「이중레버리지비율」 행을 못 찾음(업계 현황표·자회사 표 제외); 같은 회사 2026.2Q 경영공시(dart_out/text/risk8/경영공시__*.txt)에도 「이중레버리지」 어휘 0건,
메리츠금융지주,2022-Q1,원화유동성비율,"22,076","(단위 : 백만원,%)",분기보고서,20220516002041,분기보고서 (2022.03),,원문XML 2026-10-01T09:57:16+09:00 · 뷰어PDF -,"[머리] 구 분 | 제13기1분기 | 제12기 | 제11기 ‖ [행] 원화유동성 비율(A/B) | 22,076 | 15,137 | 5,495",비은행지주 해당(원문 20260318001419: 「국내 금융지주회사는 은행을 자회사로 지배하는 은행지주회사와 은행을 지배하지 않는 비은행지주회사로 크게 구분되…」) / 값 열 머리 「제13기1분기」(당기 칸) · 맥락: 45.36 / 26.94 / &cr;  다. 원화 유동성비율,
메리츠금융지주,2022-Q1,지급여력비율(보험 자회사),178.9,"   (단위 : 백만원, %)",분기보고서,20220516002041,분기보고서 (2022.03),,원문XML 2026-10-01T09:57:16+09:00 · 뷰어PDF -,[머리] 구 분 | 제102기 1분기 | 제101기 연간 | 제100기 연간 ‖ [행] 위험기준 지급여력비율(A/B) | 178.9 | 207.4 | 211.5,"비은행지주 해당(원문 20260318001419: 「국내 금융지주회사는 은행을 자회사로 지배하는 은행지주회사와 은행을 지배하지 않는 비은행지주회사로 크게 구분되…」) / 값 열 머리 「제102기 1분기」(당기 칸) · 맥락: 나. 위험기준지급여력비율(RBC) / 최근 지급여력비율(RBC비율)은 2020년 12월말 211.5%, 2021년 12월말 207.4%, 2022년 3월말 178.9%입니다. 지급여력기준금액은 매출의 증가 및 그에 ",
메리츠금융지주,2021-Q4,필요자본 대비 자기자본비율,177.29,"(단위 : 백만원,%)",사업보고서,20220316001217,사업보고서 (2021.12),,원문XML 2026-10-01T09:57:55+09:00 · 뷰어PDF -,[머리] 구 분 | 제12기 | 제11기 | 제10기 ‖ [행] 필요자본 대비 자기자본비율(A/B) | 177.29 | 188.62 | 146.80,"비은행지주 해당(원문 20260318001419: 「국내 금융지주회사는 은행을 자회사로 지배하는 은행지주회사와 은행을 지배하지 않는 비은행지주회사로 크게 구분되…」) / 값 열 머리 「제12기」(당기 칸) · 맥락: &cr;  나. 영업설비 등 현황&cr; 메리츠캐피탈이 보유하고 있는 토지 또는 건물은 없으며, 본점 및 지점 사무실은 임차하고 있습니다. / &cr;  [지배회사에 관한 사항_메리츠금융지주]&cr; &cr;  가.",
메리츠금융지주,2021-Q4,부채비율,45.36,"(단위 : 백만원,%)",사업보고서,20220316001217,사업보고서 (2021.12),,원문XML 2026-10-01T09:57:55+09:00 · 뷰어PDF -,[머리] 구 분 | 제12기 | 제11기 | 제10기 ‖ [행] 부채비율(A/B) | 45.36 | 26.94 | 33.03,비은행지주 해당(원문 20260318001419: 「국내 금융지주회사는 은행을 자회사로 지배하는 은행지주회사와 은행을 지배하지 않는 비은행지주회사로 크게 구분되…」) / 값 열 머리 「제12기」(당기 칸) · 맥락: = {∑(금융기관별 자기자본-자회사 등에 대한 출자액)}/∑금융기관별 필요자본 / 주2) 금융지주회사감독규정 제25조에 의거 산출&cr;주3) 업무보고서 법정제출기한 미도래로 향후 변동가능성이 있습니다. / &cr;,
메리츠금융지주,2021-Q4,이중레버리지비율,문서에 없음,,사업보고서,20220316001217,사업보고서 (2021.12),,원문XML 2026-10-01T09:57:55+09:00 · 뷰어PDF -,,비은행지주 해당(원문 20260318001419: 「국내 금융지주회사는 은행을 자회사로 지배하는 은행지주회사와 은행을 지배하지 않는 비은행지주회사로 크게 구분되…」) / Ⅱ 장 표에서 「이중레버리지비율」 행을 못 찾음(업계 현황표·자회사 표 제외); 같은 회사 2026.2Q 경영공시(dart_out/text/risk8/경영공시__*.txt)에도 「이중레버리지」 어휘 0건,
메리츠금융지주,2021-Q4,원화유동성비율,"15,137","(단위 : 백만원,%)",사업보고서,20220316001217,사업보고서 (2021.12),,원문XML 2026-10-01T09:57:55+09:00 · 뷰어PDF -,"[머리] 구 분 | 제12기 | 제11기 | 제10기 ‖ [행] 원화유동성 비율(A/B) | 15,137 | 5,495 | 4,659",비은행지주 해당(원문 20260318001419: 「국내 금융지주회사는 은행을 자회사로 지배하는 은행지주회사와 은행을 지배하지 않는 비은행지주회사로 크게 구분되…」) / 값 열 머리 「제12기」(당기 칸) · 맥락: 26.94 / 33.03 / &cr;  다. 원화 유동성비율,
메리츠금융지주,2021-Q4,지급여력비율(보험 자회사),207.4,"   (단위 : 백만원, %)",사업보고서,20220316001217,사업보고서 (2021.12),,원문XML 2026-10-01T09:57:55+09:00 · 뷰어PDF -,[머리] 구 분 | 제101기 연간 | 제100기 연간 | 제99기 연간 ‖ [행] 위험기준 지급여력비율(A/B) | 207.4 | 211.5 | 196.5,"비은행지주 해당(원문 20260318001419: 「국내 금융지주회사는 은행을 자회사로 지배하는 은행지주회사와 은행을 지배하지 않는 비은행지주회사로 크게 구분되…」) / 값 열 머리 「제101기 연간」(당기 칸) · 맥락: 나. 위험기준지급여력비율(RBC) / &cr;   최근 지급여력비율(RBC비율)은 2019년 12월말 196.5%, 2020년 12월말 211.5%, 2021년 12월말 207.4%입니다. 지급여력기준금액은 매출의 ",
메리츠금융지주,2021-Q3,필요자본 대비 자기자본비율,181.38,"(단위 : 백만원,%)",분기보고서,20211115002214,분기보고서 (2021.09),,원문XML 2026-10-01T09:58:15+09:00 · 뷰어PDF -,[머리] 구 분 | 제12기 3분기 | 제11기 | 제10기 ‖ [행] 필요자본 대비 자기자본비율(A/B) | 181.38 | 188.62 | 146.80,비은행지주 해당(원문 20260318001419: 「국내 금융지주회사는 은행을 자회사로 지배하는 은행지주회사와 은행을 지배하지 않는 비은행지주회사로 크게 구분되…」) / 값 열 머리 「제12기 3분기」(당기 칸) · 맥락: &cr;  [지배회사에 관한 사항_메리츠금융지주]&cr; &cr;  가. 필요자본 대비 자기자본 비율,
메리츠금융지주,2021-Q3,부채비율,31.58,"(단위 : 백만원,%)",분기보고서,20211115002214,분기보고서 (2021.09),,원문XML 2026-10-01T09:58:15+09:00 · 뷰어PDF -,[머리] 구 분 | 제12기 3분기 | 제11기 | 제10기 ‖ [행] 부채비율(A/B) | 31.58 | 26.94 | 33.03,비은행지주 해당(원문 20260318001419: 「국내 금융지주회사는 은행을 자회사로 지배하는 은행지주회사와 은행을 지배하지 않는 비은행지주회사로 크게 구분되…」) / 값 열 머리 「제12기 3분기」(당기 칸) · 맥락: = {∑(금융기관별 자기자본-자회사 등에 대한 출자액)}/∑금융기관별 필요자본 / 주2) 금융지주회사감독규정 제25조에 의거 산출&cr;주3) 업무보고서 법정제출기한 미도래로 향후 변동가능성이 있습니다. / &cr;,
메리츠금융지주,2021-Q3,이중레버리지비율,문서에 없음,,분기보고서,20211115002214,분기보고서 (2021.09),,원문XML 2026-10-01T09:58:15+09:00 · 뷰어PDF -,,비은행지주 해당(원문 20260318001419: 「국내 금융지주회사는 은행을 자회사로 지배하는 은행지주회사와 은행을 지배하지 않는 비은행지주회사로 크게 구분되…」) / Ⅱ 장 표에서 「이중레버리지비율」 행을 못 찾음(업계 현황표·자회사 표 제외); 같은 회사 2026.2Q 경영공시(dart_out/text/risk8/경영공시__*.txt)에도 「이중레버리지」 어휘 0건,
메리츠금융지주,2021-Q3,원화유동성비율,"1,278","(단위 : 백만원,%)",분기보고서,20211115002214,분기보고서 (2021.09),,원문XML 2026-10-01T09:58:15+09:00 · 뷰어PDF -,"[머리] 구 분 | 제12기 3분기 | 제11기 | 제10기 ‖ [행] 원화유동성 비율(A/B) | 1,278 | 5,495 | 4,659",비은행지주 해당(원문 20260318001419: 「국내 금융지주회사는 은행을 자회사로 지배하는 은행지주회사와 은행을 지배하지 않는 비은행지주회사로 크게 구분되…」) / 값 열 머리 「제12기 3분기」(당기 칸) · 맥락: 26.94 / 33.03 / &cr;  다. 원화 유동성비율,
메리츠금융지주,2021-Q3,지급여력비율(보험 자회사),217.6,"   (단위 : 백만원, %)",분기보고서,20211115002214,분기보고서 (2021.09),,원문XML 2026-10-01T09:58:15+09:00 · 뷰어PDF -,[머리] 구 분 | 제101기 3분기 | 제100기 연간 | 제99기 연간 ‖ [행] 위험기준 지급여력비율(A/B) | 217.6 | 211.5 | 196.5,"비은행지주 해당(원문 20260318001419: 「국내 금융지주회사는 은행을 자회사로 지배하는 은행지주회사와 은행을 지배하지 않는 비은행지주회사로 크게 구분되…」) / 값 열 머리 「제101기 3분기」(당기 칸) · 맥락: 나. 위험기준지급여력비율(RBC) / 최근 지급여력비율(RBC비율)은 2019년 12월말 196.5%, 2020년 12월말 211.5%, 2021년 9월말 217.6%입니다. 지급여력기준금액은 매출의 증가 및 그에 ",
메리츠금융지주,2021-Q2,필요자본 대비 자기자본비율,180.55,"(단위 : 백만원,%)",반기보고서,20210817001949,반기보고서 (2021.06),,원문XML 2026-10-01T09:58:33+09:00 · 뷰어PDF -,[머리] 구 분 | 제12기 2분기 | 제11기 | 제10기 ‖ [행] 필요자본 대비 자기자본비율(A/B) | 180.55 | 188.62 | 146.80,비은행지주 해당(원문 20260318001419: 「국내 금융지주회사는 은행을 자회사로 지배하는 은행지주회사와 은행을 지배하지 않는 비은행지주회사로 크게 구분되…」) / 값 열 머리 「제12기 2분기」(당기 칸) · 맥락: &cr;  [지배회사에 관한 사항_메리츠금융지주]&cr; &cr;  가. 필요자본 대비 자기자본 비율,
메리츠금융지주,2021-Q2,부채비율,33.29,"(단위 : 백만원,%)",반기보고서,20210817001949,반기보고서 (2021.06),,원문XML 2026-10-01T09:58:33+09:00 · 뷰어PDF -,[머리] 구 분 | 제12기 2분기 | 제11기 | 제10기 ‖ [행] 부채비율(A/B) | 33.29 | 26.94 | 33.03,비은행지주 해당(원문 20260318001419: 「국내 금융지주회사는 은행을 자회사로 지배하는 은행지주회사와 은행을 지배하지 않는 비은행지주회사로 크게 구분되…」) / 값 열 머리 「제12기 2분기」(당기 칸) · 맥락: = {∑(금융기관별 자기자본-자회사 등에 대한 출자액)}/∑금융기관별 필요자본 / 주2) 금융지주회사감독규정 제25조에 의거 산출&cr;주3) 업무보고서 법정제출기한 미도래로 향후 변동가능성이 있습니다. / &cr;,
메리츠금융지주,2021-Q2,이중레버리지비율,문서에 없음,,반기보고서,20210817001949,반기보고서 (2021.06),,원문XML 2026-10-01T09:58:33+09:00 · 뷰어PDF -,,비은행지주 해당(원문 20260318001419: 「국내 금융지주회사는 은행을 자회사로 지배하는 은행지주회사와 은행을 지배하지 않는 비은행지주회사로 크게 구분되…」) / Ⅱ 장 표에서 「이중레버리지비율」 행을 못 찾음(업계 현황표·자회사 표 제외); 같은 회사 2026.2Q 경영공시(dart_out/text/risk8/경영공시__*.txt)에도 「이중레버리지」 어휘 0건,
메리츠금융지주,2021-Q2,원화유동성비율,"2,948","(단위 : 백만원,%)",반기보고서,20210817001949,반기보고서 (2021.06),,원문XML 2026-10-01T09:58:33+09:00 · 뷰어PDF -,"[머리] 구 분 | 제12기 2분기 | 제11기 | 제10기 ‖ [행] 원화유동성 비율(A/B) | 2,948 | 5,495 | 4,659",비은행지주 해당(원문 20260318001419: 「국내 금융지주회사는 은행을 자회사로 지배하는 은행지주회사와 은행을 지배하지 않는 비은행지주회사로 크게 구분되…」) / 값 열 머리 「제12기 2분기」(당기 칸) · 맥락: 26.94 / 33.03 / &cr;  다. 원화 유동성비율,
메리츠금융지주,2021-Q2,지급여력비율(보험 자회사),222.2,"   (단위 : 백만원, %)",반기보고서,20210817001949,반기보고서 (2021.06),,원문XML 2026-10-01T09:58:33+09:00 · 뷰어PDF -,[머리] 구 분 | 제101기 반기 | 제100기 연간 | 제99기 연간 ‖ [행] 위험기준 지급여력비율(A/B) | 222.2 | 211.5 | 196.5,비은행지주 해당(원문 20260318001419: 「국내 금융지주회사는 은행을 자회사로 지배하는 은행지주회사와 은행을 지배하지 않는 비은행지주회사로 크게 구분되…」) / 값 열 머리 「제101기 반기」(당기 칸) · 맥락: 주1) 손해보험경영통일공시 기준으로 작성됨&cr;주2) 책임준비금에는 투자계약부채를 포함하고 있음&cr; / 나. 위험기준지급여력비율(RBC)&cr;   &cr;   최근 지급여력비율(RBC비율)은 2019년 12월,
메리츠금융지주,2021-Q1,필요자본 대비 자기자본비율,188.12,"(단위 : 백만원,%)",분기보고서,20210517001913,분기보고서 (2021.03),,원문XML 2026-10-01T09:58:50+09:00 · 뷰어PDF -,[머리] 구 분 | 제12기 1분기 | 제11기 | 제10기 ‖ [행] 필요자본 대비 자기자본비율(A/B) | 188.12 | 188.62 | 146.80,비은행지주 해당(원문 20260318001419: 「국내 금융지주회사는 은행을 자회사로 지배하는 은행지주회사와 은행을 지배하지 않는 비은행지주회사로 크게 구분되…」) / 값 열 머리 「제12기 1분기」(당기 칸) · 맥락: &cr; / 6. 그 밖에 투자의사결정에 필요한 사항&cr; &cr;당사 및 주요종속회사(사업부문별)의 자본적정성 및 재무건전성 관련 지표는 다음과&cr;같습니다. &cr;&cr;  [지배회사에 관한 사항_메리츠금융,
메리츠금융지주,2021-Q1,부채비율,33.76,"(단위 : 백만원,%)",분기보고서,20210517001913,분기보고서 (2021.03),,원문XML 2026-10-01T09:58:50+09:00 · 뷰어PDF -,[머리] 구 분 | 제12기 1분기 | 제11기 | 제10기 ‖ [행] 부채비율(A/B) | 33.76 | 26.94 | 33.03,비은행지주 해당(원문 20260318001419: 「국내 금융지주회사는 은행을 자회사로 지배하는 은행지주회사와 은행을 지배하지 않는 비은행지주회사로 크게 구분되…」) / 값 열 머리 「제12기 1분기」(당기 칸) · 맥락: = {∑(금융기관별 자기자본-자회사 등에 대한 출자액)}/∑금융기관별 필요자본 / 주2) 금융지주회사감독규정 제25조에 의거 산출 / &cr;  나. 부채비율,
메리츠금융지주,2021-Q1,이중레버리지비율,문서에 없음,,분기보고서,20210517001913,분기보고서 (2021.03),,원문XML 2026-10-01T09:58:50+09:00 · 뷰어PDF -,,비은행지주 해당(원문 20260318001419: 「국내 금융지주회사는 은행을 자회사로 지배하는 은행지주회사와 은행을 지배하지 않는 비은행지주회사로 크게 구분되…」) / Ⅱ 장 표에서 「이중레버리지비율」 행을 못 찾음(업계 현황표·자회사 표 제외); 같은 회사 2026.2Q 경영공시(dart_out/text/risk8/경영공시__*.txt)에도 「이중레버리지」 어휘 0건,
메리츠금융지주,2021-Q1,원화유동성비율,213,"(단위 : 백만원,%)",분기보고서,20210517001913,분기보고서 (2021.03),,원문XML 2026-10-01T09:58:50+09:00 · 뷰어PDF -,"[머리] 구 분 | 제12기 1분기 | 제11기 | 제10기 ‖ [행] 원화유동성 비율(A/B) | 213 | 5,495 | 4,659",비은행지주 해당(원문 20260318001419: 「국내 금융지주회사는 은행을 자회사로 지배하는 은행지주회사와 은행을 지배하지 않는 비은행지주회사로 크게 구분되…」) / 값 열 머리 「제12기 1분기」(당기 칸) · 맥락: 26.94 / 33.03 / &cr;  다. 원화 유동성비율,
메리츠금융지주,2021-Q1,지급여력비율(보험 자회사),212.5,"   (단위 : 백만원, %)",분기보고서,20210517001913,분기보고서 (2021.03),,원문XML 2026-10-01T09:58:50+09:00 · 뷰어PDF -,[머리] 구 분 | 제101기 1분기 | 제100기 연간 | 제99기 연간 ‖ [행] 위험기준 지급여력비율(A/B) | 212.5 | 211.5 | 196.5,비은행지주 해당(원문 20260318001419: 「국내 금융지주회사는 은행을 자회사로 지배하는 은행지주회사와 은행을 지배하지 않는 비은행지주회사로 크게 구분되…」) / 값 열 머리 「제101기 1분기」(당기 칸) · 맥락: 주1) 손해보험경영통일공시 기준으로 작성됨&cr;주2) 책임준비금에는 투자계약부채를 포함하고 있음&cr;&cr;      나. 위험기준지급여력비율(RBC)&cr;   최근 지급여력비율(RBC비율)은 2019년 12월,
한국투자금융지주,2026-Q2,필요자본 대비 자기자본비율,141.37,"(단위 :백만원,%, %p)",반기보고서,20260814002697,반기보고서 (2026.06),,원문XML 2026-10-01T09:59:34+09:00 · 뷰어PDF -,[머리] 구 분 | FY2026 반기 | FY2025 | 증감 ‖ [행] 필요자본대비자기자본비율(A/B) | 141.37 | 138.98 | 2.38,비은행지주 해당(원문 20260319001006: 「그러나 2019년 11월 보유한 한국카카오은행 지분을 매각하여 비은행금융지주로 다시 전환됨에 따라 자본적정성…」) / 값 열 머리 「FY2026 반기」(당기 칸) · 맥락: ,
한국투자금융지주,2026-Q2,부채비율,80.26,"(단위: 백만원, %)",반기보고서,20260814002697,반기보고서 (2026.06),,원문XML 2026-10-01T09:59:34+09:00 · 뷰어PDF -,[머리] 구 분 | FY2026 반기 | FY2025 | FY2024 ‖ [행] 부채비율(A/B) | 80.26 | 61.94 | 61.69,비은행지주 해당(원문 20260319001006: 「그러나 2019년 11월 보유한 한국카카오은행 지분을 매각하여 비은행금융지주로 다시 전환됨에 따라 자본적정성…」) / 값 열 머리 「FY2026 반기」(당기 칸) · 맥락: 주) 2018년부터 자산총액 1조원 이상 저축은행은 BIS 자기자본비율 기준비율을 8%로 적용받음 (그 외 저축은행의 기준비율은 7%로 현행과 동일함) / [재무건전성 관련 지표] ① 부채비율,
한국투자금융지주,2026-Q2,이중레버리지비율,문서에 없음,,반기보고서,20260814002697,반기보고서 (2026.06),,원문XML 2026-10-01T09:59:34+09:00 · 뷰어PDF -,,비은행지주 해당(원문 20260319001006: 「그러나 2019년 11월 보유한 한국카카오은행 지분을 매각하여 비은행금융지주로 다시 전환됨에 따라 자본적정성…」) / Ⅱ 장 표에서 「이중레버리지비율」 행을 못 찾음(업계 현황표·자회사 표 제외); 같은 회사 2026.2Q 경영공시(dart_out/text/risk8/경영공시__*.txt)에도 「이중레버리지」 어휘 0건,
한국투자금융지주,2026-Q2,원화유동성비율,149.21,"(단위: 억원,%)",반기보고서,20260814002697,반기보고서 (2026.06),,원문XML 2026-10-01T09:59:34+09:00 · 뷰어PDF -,"[머리] 구분 | 회사명 | FY2026반기원화유동성자산 | FY2026반기원화유동성부채 | FY2026반기원화유동성비율 | FY2025원화유동성자산 | FY2025원화유동성부채 | FY2025원화유동성비율 | FY2024원화유동성자산 | FY2024원화유동성부채 | FY2024원화유동성비율 ‖ [행] 지주회사 | 한국투자금융지주 | 15,045 | 10,083 | 149.21 | 15,908 | 1,333 | 1,193.67 | 3,458 | 1,843 | 187.65",비은행지주 해당(원문 20260319001006: 「그러나 2019년 11월 보유한 한국카카오은행 지분을 매각하여 비은행금융지주로 다시 전환됨에 따라 자본적정성…」) / 값 열 머리 「FY2026반기원화유동성비율」(당기 칸) · 맥락: 주) K-IFRS 별도기준  ② 원화유동성 비율,
한국투자금융지주,2026-Q1,필요자본 대비 자기자본비율,136.80,"(단위 :백만원,%, %p)",분기보고서,20260515002256,분기보고서 (2026.03),,원문XML 2026-10-01T10:00:08+09:00 · 뷰어PDF -,[머리] 구 분 | FY2026 1분기 | FY2025 | 증감 ‖ [행] 필요자본대비자기자본비율(A/B) | 136.80 | 138.98 | -2.18,비은행지주 해당(원문 20260319001006: 「그러나 2019년 11월 보유한 한국카카오은행 지분을 매각하여 비은행금융지주로 다시 전환됨에 따라 자본적정성…」) / 값 열 머리 「FY2026 1분기」(당기 칸) · 맥락: ,
한국투자금융지주,2026-Q1,부채비율,78.04,"(단위: 백만원, %)",분기보고서,20260515002256,분기보고서 (2026.03),,원문XML 2026-10-01T10:00:08+09:00 · 뷰어PDF -,[머리] 구 분 | FY2026 1분기 | FY2025 | FY2024 ‖ [행] 부채비율(A/B) | 78.04 | 61.94 | 61.69,비은행지주 해당(원문 20260319001006: 「그러나 2019년 11월 보유한 한국카카오은행 지분을 매각하여 비은행금융지주로 다시 전환됨에 따라 자본적정성…」) / 값 열 머리 「FY2026 1분기」(당기 칸) · 맥락: 주) 2018년부터 자산총액 1조원 이상 저축은행은 BIS 자기자본비율 기준비율을 8%로 적용받음 (그 외 저축은행의 기준비율은 7%로 현행과 동일함) / [재무건전성 관련 지표] ① 부채비율,
한국투자금융지주,2026-Q1,이중레버리지비율,문서에 없음,,분기보고서,20260515002256,분기보고서 (2026.03),,원문XML 2026-10-01T10:00:08+09:00 · 뷰어PDF -,,비은행지주 해당(원문 20260319001006: 「그러나 2019년 11월 보유한 한국카카오은행 지분을 매각하여 비은행금융지주로 다시 전환됨에 따라 자본적정성…」) / Ⅱ 장 표에서 「이중레버리지비율」 행을 못 찾음(업계 현황표·자회사 표 제외); 같은 회사 2026.2Q 경영공시(dart_out/text/risk8/경영공시__*.txt)에도 「이중레버리지」 어휘 0건,
한국투자금융지주,2026-Q1,원화유동성비율,135.96,"(단위: 억원,%)",분기보고서,20260515002256,분기보고서 (2026.03),,원문XML 2026-10-01T10:00:08+09:00 · 뷰어PDF -,"[머리] 구분 | 회사명 | FY20261분기원화유동성자산 | FY20261분기원화유동성부채 | FY20261분기원화유동성비율 | FY2025원화유동성자산 | FY2025원화유동성부채 | FY2025원화유동성비율 | FY2024원화유동성자산 | FY2024원화유동성부채 | FY2024원화유동성비율 ‖ [행] 지주회사 | 한국투자금융지주 | 11,556 | 8,500 | 135.96 | 15,908 | 1,333 | 1,193.67 | 3,458 | 1,843 | 187.65",비은행지주 해당(원문 20260319001006: 「그러나 2019년 11월 보유한 한국카카오은행 지분을 매각하여 비은행금융지주로 다시 전환됨에 따라 자본적정성…」) / 값 열 머리 「FY20261분기원화유동성비율」(당기 칸) · 맥락: 주) K-IFRS 별도기준  ② 원화유동성 비율,
한국투자금융지주,2025-Q4,필요자본 대비 자기자본비율,138.91,"(단위 :백만원,%, %p)",사업보고서,20260319001006,사업보고서 (2025.12),81,원문XML 2026-09-30T17:31:26+09:00 · 뷰어PDF 2026-09-30T18:06:06+09:00,[머리] 구 분 | FY2025 | FY2024 | 증감 ‖ [행] 필요자본대비자기자본비율(A/B) | 138.91 | 132.35 | 6.56,비은행지주 해당(원문 20260319001006: 「그러나 2019년 11월 보유한 한국카카오은행 지분을 매각하여 비은행금융지주로 다시 전환됨에 따라 자본적정성…」) / 값 열 머리 「FY2025」(당기 칸) · 맥락:  · 같은 본 서술문(값 다름): 「 2025년말 기준 한국투자금융지주의 필요자본대비 자기자본비율은 139.04%를 나타내었습니다.」,handoff/원문텍스트_9차/비은행지주_자본지표/20260319001006.md
한국투자금융지주,2025-Q4,부채비율,61.94,"(단위: 백만원, %)",사업보고서,20260319001006,사업보고서 (2025.12),81,원문XML 2026-09-30T17:31:26+09:00 · 뷰어PDF 2026-09-30T18:06:06+09:00,[머리] 구 분 | FY2025 | FY2024 | FY2023 ‖ [행] 부채비율(A/B) | 61.94 | 61.69 | 54.90,비은행지주 해당(원문 20260319001006: 「그러나 2019년 11월 보유한 한국카카오은행 지분을 매각하여 비은행금융지주로 다시 전환됨에 따라 자본적정성…」) / 값 열 머리 「FY2025」(당기 칸) · 맥락: 주) 2018년부터 자산총액 1조원 이상 저축은행은 BIS 자기자본비율 기준비율을 8%로 적용받음 (그 외 저축은행의 기준비율은 7%로 현행과 동일함) / [재무건전성 관련 지표] ① 부채비율,handoff/원문텍스트_9차/비은행지주_자본지표/20260319001006.md
한국투자금융지주,2025-Q4,이중레버리지비율,문서에 없음,,사업보고서,20260319001006,사업보고서 (2025.12),,원문XML 2026-09-30T17:31:26+09:00 · 뷰어PDF 2026-09-30T18:06:06+09:00,,비은행지주 해당(원문 20260319001006: 「그러나 2019년 11월 보유한 한국카카오은행 지분을 매각하여 비은행금융지주로 다시 전환됨에 따라 자본적정성…」) / Ⅱ 장 표에서 「이중레버리지비율」 행을 못 찾음(업계 현황표·자회사 표 제외); 같은 회사 2026.2Q 경영공시(dart_out/text/risk8/경영공시__*.txt)에도 「이중레버리지」 어휘 0건,handoff/원문텍스트_9차/비은행지주_자본지표/20260319001006.md
한국투자금융지주,2025-Q4,원화유동성비율,"1,193.67","(단위: 억원,%)",사업보고서,20260319001006,사업보고서 (2025.12),81,원문XML 2026-09-30T17:31:26+09:00 · 뷰어PDF 2026-09-30T18:06:06+09:00,"[머리] 구분 | 회사명 | FY2025원화유동성자산 | FY2025원화유동성부채 | FY2025원화유동성비율 | FY2024원화유동성자산 | FY2024원화유동성부채 | FY2024원화유동성비율 | FY2023원화유동성자산 | FY2023원화유동성부채 | FY2023원화유동성비율 ‖ [행] 지주회사 | 한국투자금융지주 | 15,908 | 1,333 | 1,193.67 | 3,458 | 1,843 | 187.65 | 1,675 | 67 | 2,516.42",비은행지주 해당(원문 20260319001006: 「그러나 2019년 11월 보유한 한국카카오은행 지분을 매각하여 비은행금융지주로 다시 전환됨에 따라 자본적정성…」) / 값 열 머리 「FY2025원화유동성비율」(당기 칸) · 맥락: 주) K-IFRS 별도기준  ② 원화유동성 비율,handoff/원문텍스트_9차/비은행지주_자본지표/20260319001006.md
한국투자금융지주,2025-Q3,필요자본 대비 자기자본비율,143.59,"(단위 :백만원,%, %p)",분기보고서,20251114002797,분기보고서 (2025.09),,원문XML 2026-10-01T10:00:46+09:00 · 뷰어PDF -,[머리] 구 분 | FY2025 3분기 | FY2024 | 증감 ‖ [행] 필요자본대비자기자본비율(A/B) | 143.59 | 132.35 | +11.24,비은행지주 해당(원문 20260319001006: 「그러나 2019년 11월 보유한 한국카카오은행 지분을 매각하여 비은행금융지주로 다시 전환됨에 따라 자본적정성…」) / 값 열 머리 「FY2025 3분기」(당기 칸) · 맥락: ,
한국투자금융지주,2025-Q3,부채비율,69.32,"(단위: 백만원, %)",분기보고서,20251114002797,분기보고서 (2025.09),,원문XML 2026-10-01T10:00:46+09:00 · 뷰어PDF -,[머리] 구 분 | FY2025 3분기 | FY2024 | FY2023 ‖ [행] 부채비율(A/B) | 69.32 | 61.69 | 54.90,비은행지주 해당(원문 20260319001006: 「그러나 2019년 11월 보유한 한국카카오은행 지분을 매각하여 비은행금융지주로 다시 전환됨에 따라 자본적정성…」) / 값 열 머리 「FY2025 3분기」(당기 칸) · 맥락: 주) 2018년부터 자산총액 1조원 이상 저축은행은 BIS 자기자본비율 기준비율을 8%로 적용받음 (그 외 저축은행의 기준비율은 7%로 현행과 동일함) / [재무건전성 관련 지표] ① 부채비율,
한국투자금융지주,2025-Q3,이중레버리지비율,문서에 없음,,분기보고서,20251114002797,분기보고서 (2025.09),,원문XML 2026-10-01T10:00:46+09:00 · 뷰어PDF -,,비은행지주 해당(원문 20260319001006: 「그러나 2019년 11월 보유한 한국카카오은행 지분을 매각하여 비은행금융지주로 다시 전환됨에 따라 자본적정성…」) / Ⅱ 장 표에서 「이중레버리지비율」 행을 못 찾음(업계 현황표·자회사 표 제외); 같은 회사 2026.2Q 경영공시(dart_out/text/risk8/경영공시__*.txt)에도 「이중레버리지」 어휘 0건,
한국투자금융지주,2025-Q3,원화유동성비율,189.91,"(단위: 억원,%)",분기보고서,20251114002797,분기보고서 (2025.09),,원문XML 2026-10-01T10:00:46+09:00 · 뷰어PDF -,"[머리] 구분 | 회사명 | FY20253분기원화유동성자산 | FY20253분기원화유동성부채 | FY20253분기원화유동성비율 | FY2024원화유동성자산 | FY2024원화유동성부채 | FY2024원화유동성비율 | FY2023원화유동성자산 | FY2023원화유동성부채 | FY2023원화유동성비율 ‖ [행] 지주회사 | 한국투자금융지주 | 3,847 | 2,026 | 189.91 | 3,458 | 1,843 | 187.65 | 1,675 | 67 | 2,516.42",비은행지주 해당(원문 20260319001006: 「그러나 2019년 11월 보유한 한국카카오은행 지분을 매각하여 비은행금융지주로 다시 전환됨에 따라 자본적정성…」) / 값 열 머리 「FY20253분기원화유동성비율」(당기 칸) · 맥락: 주) K-IFRS 별도기준  ② 원화유동성 비율,
한국투자금융지주,2025-Q2,필요자본 대비 자기자본비율,132.51,"(단위 :백만원,%, %p)",반기보고서,20250814002462,반기보고서 (2025.06),,원문XML 2026-10-01T10:01:25+09:00 · 뷰어PDF -,[머리] 구 분 | FY2025 2분기 | FY2024 | 증감 ‖ [행] 필요자본대비자기자본비율(A/B) | 132.51 | 132.35 | +0.16,비은행지주 해당(원문 20260319001006: 「그러나 2019년 11월 보유한 한국카카오은행 지분을 매각하여 비은행금융지주로 다시 전환됨에 따라 자본적정성…」) / 값 열 머리 「FY2025 2분기」(당기 칸) · 맥락: ,
한국투자금융지주,2025-Q2,부채비율,65.20,"(단위: 백만원, %)",반기보고서,20250814002462,반기보고서 (2025.06),,원문XML 2026-10-01T10:01:25+09:00 · 뷰어PDF -,[머리] 구 분 | FY2025 반기 | FY2024 | FY2023 ‖ [행] 부채비율(A/B) | 65.20 | 61.69 | 54.90,비은행지주 해당(원문 20260319001006: 「그러나 2019년 11월 보유한 한국카카오은행 지분을 매각하여 비은행금융지주로 다시 전환됨에 따라 자본적정성…」) / 값 열 머리 「FY2025 반기」(당기 칸) · 맥락: 주) 2018년부터 자산총액 1조원 이상 저축은행은 BIS 자기자본비율 기준비율을 8%로 적용받음 (그 외 저축은행의 기준비율은 7%로 현행과 동일함) / [재무건전성 관련 지표] ① 부채비율,
한국투자금융지주,2025-Q2,이중레버리지비율,문서에 없음,,반기보고서,20250814002462,반기보고서 (2025.06),,원문XML 2026-10-01T10:01:25+09:00 · 뷰어PDF -,,비은행지주 해당(원문 20260319001006: 「그러나 2019년 11월 보유한 한국카카오은행 지분을 매각하여 비은행금융지주로 다시 전환됨에 따라 자본적정성…」) / Ⅱ 장 표에서 「이중레버리지비율」 행을 못 찾음(업계 현황표·자회사 표 제외); 같은 회사 2026.2Q 경영공시(dart_out/text/risk8/경영공시__*.txt)에도 「이중레버리지」 어휘 0건,
한국투자금융지주,2025-Q2,원화유동성비율,120.30,"(단위: 억원,%)",반기보고서,20250814002462,반기보고서 (2025.06),,원문XML 2026-10-01T10:01:25+09:00 · 뷰어PDF -,"[머리] 구분 | 회사명 | FY2025반기원화유동성자산 | FY2025반기원화유동성부채 | FY2025반기원화유동성비율 | FY2024원화유동성자산 | FY2024원화유동성부채 | FY2024원화유동성비율 | FY2023원화유동성자산 | FY2023원화유동성부채 | FY2023원화유동성비율 ‖ [행] 지주회사 | 한국투자금융지주 | 2,868 | 2,384 | 120.30 | 3,458 | 1,843 | 187.65 | 1,675 | 67 | 2,516.42",비은행지주 해당(원문 20260319001006: 「그러나 2019년 11월 보유한 한국카카오은행 지분을 매각하여 비은행금융지주로 다시 전환됨에 따라 자본적정성…」) / 값 열 머리 「FY2025반기원화유동성비율」(당기 칸) · 맥락: 주) K-IFRS 별도기준  ② 원화유동성 비율,
한국투자금융지주,2025-Q1,필요자본 대비 자기자본비율,132.33,"(단위 :백만원,%, %p)",분기보고서,20250515001552,분기보고서 (2025.03),,원문XML 2026-10-01T10:01:51+09:00 · 뷰어PDF -,[머리] 구 분 | FY2025 1분기 | FY2024 | 증감 ‖ [행] 필요자본대비자기자본비율(A/B) | 132.33 | 132.35 | -0.02,비은행지주 해당(원문 20260319001006: 「그러나 2019년 11월 보유한 한국카카오은행 지분을 매각하여 비은행금융지주로 다시 전환됨에 따라 자본적정성…」) / 값 열 머리 「FY2025 1분기」(당기 칸) · 맥락: ,
한국투자금융지주,2025-Q1,부채비율,69.11,"(단위: 백만원, %)",분기보고서,20250515001552,분기보고서 (2025.03),,원문XML 2026-10-01T10:01:51+09:00 · 뷰어PDF -,[머리] 구 분 | FY2025 1분기 | FY2024 | FY2023 ‖ [행] 부채비율(A/B) | 69.11 | 61.69 | 54.90,비은행지주 해당(원문 20260319001006: 「그러나 2019년 11월 보유한 한국카카오은행 지분을 매각하여 비은행금융지주로 다시 전환됨에 따라 자본적정성…」) / 값 열 머리 「FY2025 1분기」(당기 칸) · 맥락: 주) 2018년부터 자산총액 1조원 이상 저축은행은 BIS 자기자본비율 기준비율을 8%로 적용받음 (그 외 저축은행의 기준비율은 7%로 현행과 동일함) / [재무건전성 관련 지표] ① 부채비율,
한국투자금융지주,2025-Q1,이중레버리지비율,문서에 없음,,분기보고서,20250515001552,분기보고서 (2025.03),,원문XML 2026-10-01T10:01:51+09:00 · 뷰어PDF -,,비은행지주 해당(원문 20260319001006: 「그러나 2019년 11월 보유한 한국카카오은행 지분을 매각하여 비은행금융지주로 다시 전환됨에 따라 자본적정성…」) / Ⅱ 장 표에서 「이중레버리지비율」 행을 못 찾음(업계 현황표·자회사 표 제외); 같은 회사 2026.2Q 경영공시(dart_out/text/risk8/경영공시__*.txt)에도 「이중레버리지」 어휘 0건,
한국투자금융지주,2025-Q1,원화유동성비율,269.72,"(단위: 억원,%)",분기보고서,20250515001552,분기보고서 (2025.03),,원문XML 2026-10-01T10:01:51+09:00 · 뷰어PDF -,"[머리] 구분 | 회사명 | FY20251분기원화유동성자산 | FY20251분기원화유동성부채 | FY20251분기원화유동성비율 | FY2024원화유동성자산 | FY2024원화유동성부채 | FY2024원화유동성비율 | FY2023원화유동성자산 | FY2023원화유동성부채 | FY2023원화유동성비율 ‖ [행] 지주회사 | 한국투자금융지주 | 6,744 | 2,500 | 269.72 | 3,458 | 1,843 | 187.65 | 1,675 | 67 | 2,516.42",비은행지주 해당(원문 20260319001006: 「그러나 2019년 11월 보유한 한국카카오은행 지분을 매각하여 비은행금융지주로 다시 전환됨에 따라 자본적정성…」) / 값 열 머리 「FY20251분기원화유동성비율」(당기 칸) · 맥락: 주) K-IFRS 별도기준  ② 원화유동성 비율,
한국투자금융지주,2024-Q4,필요자본 대비 자기자본비율,132.21,"(단위 :백만원,%, %p)",사업보고서,20250320000910,사업보고서 (2024.12),78,원문XML 2026-10-01T09:42:49+09:00 · 뷰어PDF 2026-10-01T09:47:56+09:00,[머리] 구 분 | FY2024 | FY2023 | 증감 ‖ [행] 필요자본대비자기자본비율(A/B) | 132.21 | 129.70 | 2.51,비은행지주 해당(원문 20260319001006: 「그러나 2019년 11월 보유한 한국카카오은행 지분을 매각하여 비은행금융지주로 다시 전환됨에 따라 자본적정성…」) / 값 열 머리 「FY2024」(당기 칸) · 맥락: [자본적정성 관련 지표] ① 필요자본대비 자기자본비율,handoff/원문텍스트_9차/비은행지주_자본지표/20250320000910.md
한국투자금융지주,2024-Q4,부채비율,61.69,"(단위: 백만원, %)",사업보고서,20250320000910,사업보고서 (2024.12),78,원문XML 2026-10-01T09:42:49+09:00 · 뷰어PDF 2026-10-01T09:47:56+09:00,[머리] 구 분 | FY2024 | FY2023 | FY2022 ‖ [행] 부채비율(A/B) | 61.69 | 54.90 | 48.81,비은행지주 해당(원문 20260319001006: 「그러나 2019년 11월 보유한 한국카카오은행 지분을 매각하여 비은행금융지주로 다시 전환됨에 따라 자본적정성…」) / 값 열 머리 「FY2024」(당기 칸) · 맥락: 주) 2018년부터 자산총액 1조원 이상 저축은행은 BIS 자기자본비율 기준비율을 8%로 적용받음 (그 외 저축은행의 기준비율은 7%로 현행과 동일함) / [재무건전성 관련 지표] ① 부채비율,handoff/원문텍스트_9차/비은행지주_자본지표/20250320000910.md
한국투자금융지주,2024-Q4,이중레버리지비율,문서에 없음,,사업보고서,20250320000910,사업보고서 (2024.12),,원문XML 2026-10-01T09:42:49+09:00 · 뷰어PDF 2026-10-01T09:47:56+09:00,,비은행지주 해당(원문 20260319001006: 「그러나 2019년 11월 보유한 한국카카오은행 지분을 매각하여 비은행금융지주로 다시 전환됨에 따라 자본적정성…」) / Ⅱ 장 표에서 「이중레버리지비율」 행을 못 찾음(업계 현황표·자회사 표 제외); 같은 회사 2026.2Q 경영공시(dart_out/text/risk8/경영공시__*.txt)에도 「이중레버리지」 어휘 0건,handoff/원문텍스트_9차/비은행지주_자본지표/20250320000910.md
한국투자금융지주,2024-Q4,원화유동성비율,187.65,"(단위: 억원,%)",사업보고서,20250320000910,사업보고서 (2024.12),78,원문XML 2026-10-01T09:42:49+09:00 · 뷰어PDF 2026-10-01T09:47:56+09:00,"[머리] 구분 | 회사명 | FY2024원화유동성자산 | FY2024원화유동성부채 | FY2024원화유동성비율 | FY2023원화유동성자산 | FY2023원화유동성부채 | FY2023원화유동성비율 | FY2022원화유동성자산 | FY2022원화유동성부채 | FY2022원화유동성비율 ‖ [행] 지주회사 | 한국투자금융지주 | 3,458 | 1,843 | 187.65 | 1,675 | 67 | 2,516.42 | 2,702 | 22 | 12,104.66",비은행지주 해당(원문 20260319001006: 「그러나 2019년 11월 보유한 한국카카오은행 지분을 매각하여 비은행금융지주로 다시 전환됨에 따라 자본적정성…」) / 값 열 머리 「FY2024원화유동성비율」(당기 칸) · 맥락: 주) K-IFRS 별도기준  ② 원화유동성 비율,handoff/원문텍스트_9차/비은행지주_자본지표/20250320000910.md
한국투자금융지주,2023-Q4,필요자본 대비 자기자본비율,129.70,"(단위 :백만원,%, %p)",사업보고서,20250320000836,[기재정정]사업보고서 (2023.12),92,원문XML 2026-10-01T09:43:26+09:00 · 뷰어PDF 2026-10-01T09:49:34+09:00,[머리] 구 분 | FY2023 | FY2022 | 증감 ‖ [행] 필요자본대비자기자본비율(A/B) | 129.70 | 135.13 | -5.43,비은행지주 해당(원문 20260319001006: 「그러나 2019년 11월 보유한 한국카카오은행 지분을 매각하여 비은행금융지주로 다시 전환됨에 따라 자본적정성…」) / 값 열 머리 「FY2023」(당기 칸) · 맥락: ,handoff/원문텍스트_9차/비은행지주_자본지표/20250320000836.md
한국투자금융지주,2023-Q4,부채비율,54.90,"(단위: 백만원, %)",사업보고서,20250320000836,[기재정정]사업보고서 (2023.12),93,원문XML 2026-10-01T09:43:26+09:00 · 뷰어PDF 2026-10-01T09:49:34+09:00,[머리] 구 분 | FY2023 | FY2022 | FY2021 ‖ [행] 부채비율(A/B) | 54.90 | 48.81 | 45.38,비은행지주 해당(원문 20260319001006: 「그러나 2019년 11월 보유한 한국카카오은행 지분을 매각하여 비은행금융지주로 다시 전환됨에 따라 자본적정성…」) / 값 열 머리 「FY2023」(당기 칸) · 맥락: 주) 2018년부터 자산총액 1조원 이상 저축은행은 BIS 자기자본비율 기준비율을 8%로 적용받음 (그 외 저축은행의 기준비율은 7%로 현행과 동일함) / [재무건전성 관련 지표] ① 부채비율,handoff/원문텍스트_9차/비은행지주_자본지표/20250320000836.md
한국투자금융지주,2023-Q4,이중레버리지비율,문서에 없음,,사업보고서,20250320000836,[기재정정]사업보고서 (2023.12),,원문XML 2026-10-01T09:43:26+09:00 · 뷰어PDF 2026-10-01T09:49:34+09:00,,비은행지주 해당(원문 20260319001006: 「그러나 2019년 11월 보유한 한국카카오은행 지분을 매각하여 비은행금융지주로 다시 전환됨에 따라 자본적정성…」) / Ⅱ 장 표에서 「이중레버리지비율」 행을 못 찾음(업계 현황표·자회사 표 제외); 같은 회사 2026.2Q 경영공시(dart_out/text/risk8/경영공시__*.txt)에도 「이중레버리지」 어휘 0건,handoff/원문텍스트_9차/비은행지주_자본지표/20250320000836.md
한국투자금융지주,2023-Q4,원화유동성비율,"2,516.42","(단위: 억원,%)",사업보고서,20250320000836,[기재정정]사업보고서 (2023.12),93,원문XML 2026-10-01T09:43:26+09:00 · 뷰어PDF 2026-10-01T09:49:34+09:00,"[머리] 구분 | 회사명 | FY2023원화유동성자산 | FY2023원화유동성부채 | FY2023원화유동성비율 | FY2022원화유동성자산 | FY2022원화유동성부채 | FY2022원화유동성비율 | FY2021원화유동성자산 | FY2021원화유동성부채 | FY2021원화유동성비율 ‖ [행] 지주회사 | 한국투자금융지주 | 1,675 | 67 | 2,516.42 | 2,702 | 22 | 12,104.66 | 99 | 27 | 366.17",비은행지주 해당(원문 20260319001006: 「그러나 2019년 11월 보유한 한국카카오은행 지분을 매각하여 비은행금융지주로 다시 전환됨에 따라 자본적정성…」) / 값 열 머리 「FY2023원화유동성비율」(당기 칸) · 맥락: 주) K-IFRS 별도기준  ② 원화유동성 비율,handoff/원문텍스트_9차/비은행지주_자본지표/20250320000836.md
한국투자금융지주,2022-Q4,필요자본 대비 자기자본비율,문서에 없음,,사업보고서,20250320000814,[기재정정]사업보고서 (2022.12),,원문XML - · 뷰어PDF -,,비은행지주 해당(원문 20260319001006: 「그러나 2019년 11월 보유한 한국카카오은행 지분을 매각하여 비은행금융지주로 다시 전환됨에 따라 자본적정성…」) / 본문 XML 없음(첨부정정 등),
한국투자금융지주,2022-Q4,부채비율,문서에 없음,,사업보고서,20250320000814,[기재정정]사업보고서 (2022.12),,원문XML - · 뷰어PDF -,,비은행지주 해당(원문 20260319001006: 「그러나 2019년 11월 보유한 한국카카오은행 지분을 매각하여 비은행금융지주로 다시 전환됨에 따라 자본적정성…」) / 본문 XML 없음(첨부정정 등),
한국투자금융지주,2022-Q4,이중레버리지비율,문서에 없음,,사업보고서,20250320000814,[기재정정]사업보고서 (2022.12),,원문XML - · 뷰어PDF -,,비은행지주 해당(원문 20260319001006: 「그러나 2019년 11월 보유한 한국카카오은행 지분을 매각하여 비은행금융지주로 다시 전환됨에 따라 자본적정성…」) / 본문 XML 없음(첨부정정 등),
한국투자금융지주,2022-Q4,원화유동성비율,문서에 없음,,사업보고서,20250320000814,[기재정정]사업보고서 (2022.12),,원문XML - · 뷰어PDF -,,비은행지주 해당(원문 20260319001006: 「그러나 2019년 11월 보유한 한국카카오은행 지분을 매각하여 비은행금융지주로 다시 전환됨에 따라 자본적정성…」) / 본문 XML 없음(첨부정정 등),
한국투자금융지주,2021-Q4,필요자본 대비 자기자본비율,문서에 없음,,사업보고서,20250320000804,[기재정정]사업보고서 (2021.12),,원문XML - · 뷰어PDF -,,비은행지주 해당(원문 20260319001006: 「그러나 2019년 11월 보유한 한국카카오은행 지분을 매각하여 비은행금융지주로 다시 전환됨에 따라 자본적정성…」) / 본문 XML 없음(첨부정정 등),
한국투자금융지주,2021-Q4,부채비율,문서에 없음,,사업보고서,20250320000804,[기재정정]사업보고서 (2021.12),,원문XML - · 뷰어PDF -,,비은행지주 해당(원문 20260319001006: 「그러나 2019년 11월 보유한 한국카카오은행 지분을 매각하여 비은행금융지주로 다시 전환됨에 따라 자본적정성…」) / 본문 XML 없음(첨부정정 등),
한국투자금융지주,2021-Q4,이중레버리지비율,문서에 없음,,사업보고서,20250320000804,[기재정정]사업보고서 (2021.12),,원문XML - · 뷰어PDF -,,비은행지주 해당(원문 20260319001006: 「그러나 2019년 11월 보유한 한국카카오은행 지분을 매각하여 비은행금융지주로 다시 전환됨에 따라 자본적정성…」) / 본문 XML 없음(첨부정정 등),
한국투자금융지주,2021-Q4,원화유동성비율,문서에 없음,,사업보고서,20250320000804,[기재정정]사업보고서 (2021.12),,원문XML - · 뷰어PDF -,,비은행지주 해당(원문 20260319001006: 「그러나 2019년 11월 보유한 한국카카오은행 지분을 매각하여 비은행금융지주로 다시 전환됨에 따라 자본적정성…」) / 본문 XML 없음(첨부정정 등),
한국투자금융지주,2024-Q3,필요자본 대비 자기자본비율,문서에 없음,,분기보고서,20241114002093,분기보고서 (2024.09),,원문XML - · 뷰어PDF -,,비은행지주 해당(원문 20260319001006: 「그러나 2019년 11월 보유한 한국카카오은행 지분을 매각하여 비은행금융지주로 다시 전환됨에 따라 자본적정성…」) / 본문 XML 없음(첨부정정 등),
한국투자금융지주,2024-Q3,부채비율,문서에 없음,,분기보고서,20241114002093,분기보고서 (2024.09),,원문XML - · 뷰어PDF -,,비은행지주 해당(원문 20260319001006: 「그러나 2019년 11월 보유한 한국카카오은행 지분을 매각하여 비은행금융지주로 다시 전환됨에 따라 자본적정성…」) / 본문 XML 없음(첨부정정 등),
한국투자금융지주,2024-Q3,이중레버리지비율,문서에 없음,,분기보고서,20241114002093,분기보고서 (2024.09),,원문XML - · 뷰어PDF -,,비은행지주 해당(원문 20260319001006: 「그러나 2019년 11월 보유한 한국카카오은행 지분을 매각하여 비은행금융지주로 다시 전환됨에 따라 자본적정성…」) / 본문 XML 없음(첨부정정 등),
한국투자금융지주,2024-Q3,원화유동성비율,문서에 없음,,분기보고서,20241114002093,분기보고서 (2024.09),,원문XML - · 뷰어PDF -,,비은행지주 해당(원문 20260319001006: 「그러나 2019년 11월 보유한 한국카카오은행 지분을 매각하여 비은행금융지주로 다시 전환됨에 따라 자본적정성…」) / 본문 XML 없음(첨부정정 등),
한국투자금융지주,2024-Q2,필요자본 대비 자기자본비율,문서에 없음,,반기보고서,20240814003126,반기보고서 (2024.06),,원문XML - · 뷰어PDF -,,비은행지주 해당(원문 20260319001006: 「그러나 2019년 11월 보유한 한국카카오은행 지분을 매각하여 비은행금융지주로 다시 전환됨에 따라 자본적정성…」) / 본문 XML 없음(첨부정정 등),
한국투자금융지주,2024-Q2,부채비율,문서에 없음,,반기보고서,20240814003126,반기보고서 (2024.06),,원문XML - · 뷰어PDF -,,비은행지주 해당(원문 20260319001006: 「그러나 2019년 11월 보유한 한국카카오은행 지분을 매각하여 비은행금융지주로 다시 전환됨에 따라 자본적정성…」) / 본문 XML 없음(첨부정정 등),
한국투자금융지주,2024-Q2,이중레버리지비율,문서에 없음,,반기보고서,20240814003126,반기보고서 (2024.06),,원문XML - · 뷰어PDF -,,비은행지주 해당(원문 20260319001006: 「그러나 2019년 11월 보유한 한국카카오은행 지분을 매각하여 비은행금융지주로 다시 전환됨에 따라 자본적정성…」) / 본문 XML 없음(첨부정정 등),
한국투자금융지주,2024-Q2,원화유동성비율,문서에 없음,,반기보고서,20240814003126,반기보고서 (2024.06),,원문XML - · 뷰어PDF -,,비은행지주 해당(원문 20260319001006: 「그러나 2019년 11월 보유한 한국카카오은행 지분을 매각하여 비은행금융지주로 다시 전환됨에 따라 자본적정성…」) / 본문 XML 없음(첨부정정 등),
한국투자금융지주,2024-Q1,필요자본 대비 자기자본비율,문서에 없음,,분기보고서,20240516001341,분기보고서 (2024.03),,원문XML - · 뷰어PDF -,,비은행지주 해당(원문 20260319001006: 「그러나 2019년 11월 보유한 한국카카오은행 지분을 매각하여 비은행금융지주로 다시 전환됨에 따라 자본적정성…」) / 본문 XML 없음(첨부정정 등),
한국투자금융지주,2024-Q1,부채비율,문서에 없음,,분기보고서,20240516001341,분기보고서 (2024.03),,원문XML - · 뷰어PDF -,,비은행지주 해당(원문 20260319001006: 「그러나 2019년 11월 보유한 한국카카오은행 지분을 매각하여 비은행금융지주로 다시 전환됨에 따라 자본적정성…」) / 본문 XML 없음(첨부정정 등),
한국투자금융지주,2024-Q1,이중레버리지비율,문서에 없음,,분기보고서,20240516001341,분기보고서 (2024.03),,원문XML - · 뷰어PDF -,,비은행지주 해당(원문 20260319001006: 「그러나 2019년 11월 보유한 한국카카오은행 지분을 매각하여 비은행금융지주로 다시 전환됨에 따라 자본적정성…」) / 본문 XML 없음(첨부정정 등),
한국투자금융지주,2024-Q1,원화유동성비율,문서에 없음,,분기보고서,20240516001341,분기보고서 (2024.03),,원문XML - · 뷰어PDF -,,비은행지주 해당(원문 20260319001006: 「그러나 2019년 11월 보유한 한국카카오은행 지분을 매각하여 비은행금융지주로 다시 전환됨에 따라 자본적정성…」) / 본문 XML 없음(첨부정정 등),
한국투자금융지주,2023-Q4,필요자본 대비 자기자본비율,129.70,"(단위 :백만원,%, %p)",사업보고서,20240321001204,사업보고서 (2023.12),72,원문XML 2026-10-01T09:44:17+09:00 · 뷰어PDF 2026-10-01T09:50:18+09:00,[머리] 구 분 | FY2023 | FY2022 | 증감 ‖ [행] 필요자본대비자기자본비율(A/B) | 129.70 | 135.13 | -5.43,비은행지주 해당(원문 20260319001006: 「그러나 2019년 11월 보유한 한국카카오은행 지분을 매각하여 비은행금융지주로 다시 전환됨에 따라 자본적정성…」) / 값 열 머리 「FY2023」(당기 칸) · 맥락: ,handoff/원문텍스트_9차/비은행지주_자본지표/20240321001204.md
한국투자금융지주,2023-Q4,부채비율,54.90,"(단위: 백만원, %)",사업보고서,20240321001204,사업보고서 (2023.12),73,원문XML 2026-10-01T09:44:17+09:00 · 뷰어PDF 2026-10-01T09:50:18+09:00,[머리] 구 분 | FY2023 | FY2022 | FY2021 ‖ [행] 부채비율(A/B) | 54.90 | 48.81 | 45.38,비은행지주 해당(원문 20260319001006: 「그러나 2019년 11월 보유한 한국카카오은행 지분을 매각하여 비은행금융지주로 다시 전환됨에 따라 자본적정성…」) / 값 열 머리 「FY2023」(당기 칸) · 맥락: 주) 2018년부터 자산총액 1조원 이상 저축은행은 BIS 자기자본비율 기준비율을 8%로 적용받음 (그 외 저축은행의 기준비율은 7%로 현행과 동일함) / [재무건전성 관련 지표] ① 부채비율,handoff/원문텍스트_9차/비은행지주_자본지표/20240321001204.md
한국투자금융지주,2023-Q4,이중레버리지비율,문서에 없음,,사업보고서,20240321001204,사업보고서 (2023.12),,원문XML 2026-10-01T09:44:17+09:00 · 뷰어PDF 2026-10-01T09:50:18+09:00,,비은행지주 해당(원문 20260319001006: 「그러나 2019년 11월 보유한 한국카카오은행 지분을 매각하여 비은행금융지주로 다시 전환됨에 따라 자본적정성…」) / Ⅱ 장 표에서 「이중레버리지비율」 행을 못 찾음(업계 현황표·자회사 표 제외); 같은 회사 2026.2Q 경영공시(dart_out/text/risk8/경영공시__*.txt)에도 「이중레버리지」 어휘 0건,handoff/원문텍스트_9차/비은행지주_자본지표/20240321001204.md
한국투자금융지주,2023-Q4,원화유동성비율,"2,516.42","(단위: 억원,%)",사업보고서,20240321001204,사업보고서 (2023.12),73,원문XML 2026-10-01T09:44:17+09:00 · 뷰어PDF 2026-10-01T09:50:18+09:00,"[머리] 구분 | 회사명 | FY2023원화유동성자산 | FY2023원화유동성부채 | FY2023원화유동성비율 | FY2022원화유동성자산 | FY2022원화유동성부채 | FY2022원화유동성비율 | FY2021원화유동성자산 | FY2021원화유동성부채 | FY2021원화유동성비율 ‖ [행] 지주회사 | 한국투자금융지주 | 1,675 | 67 | 2,516.42 | 2,702 | 22 | 12,104.66 | 99 | 27 | 366.17",비은행지주 해당(원문 20260319001006: 「그러나 2019년 11월 보유한 한국카카오은행 지분을 매각하여 비은행금융지주로 다시 전환됨에 따라 자본적정성…」) / 값 열 머리 「FY2023원화유동성비율」(당기 칸) · 맥락: 주) K-IFRS 별도기준  ② 원화유동성 비율,handoff/원문텍스트_9차/비은행지주_자본지표/20240321001204.md
한국투자금융지주,2023-Q3,필요자본 대비 자기자본비율,문서에 없음,,분기보고서,20231114001247,분기보고서 (2023.09),,원문XML - · 뷰어PDF -,,비은행지주 해당(원문 20260319001006: 「그러나 2019년 11월 보유한 한국카카오은행 지분을 매각하여 비은행금융지주로 다시 전환됨에 따라 자본적정성…」) / 본문 XML 없음(첨부정정 등),
한국투자금융지주,2023-Q3,부채비율,문서에 없음,,분기보고서,20231114001247,분기보고서 (2023.09),,원문XML - · 뷰어PDF -,,비은행지주 해당(원문 20260319001006: 「그러나 2019년 11월 보유한 한국카카오은행 지분을 매각하여 비은행금융지주로 다시 전환됨에 따라 자본적정성…」) / 본문 XML 없음(첨부정정 등),
한국투자금융지주,2023-Q3,이중레버리지비율,문서에 없음,,분기보고서,20231114001247,분기보고서 (2023.09),,원문XML - · 뷰어PDF -,,비은행지주 해당(원문 20260319001006: 「그러나 2019년 11월 보유한 한국카카오은행 지분을 매각하여 비은행금융지주로 다시 전환됨에 따라 자본적정성…」) / 본문 XML 없음(첨부정정 등),
한국투자금융지주,2023-Q3,원화유동성비율,문서에 없음,,분기보고서,20231114001247,분기보고서 (2023.09),,원문XML - · 뷰어PDF -,,비은행지주 해당(원문 20260319001006: 「그러나 2019년 11월 보유한 한국카카오은행 지분을 매각하여 비은행금융지주로 다시 전환됨에 따라 자본적정성…」) / 본문 XML 없음(첨부정정 등),
한국투자금융지주,2023-Q2,필요자본 대비 자기자본비율,문서에 없음,,반기보고서,20230814002148,반기보고서 (2023.06),,원문XML - · 뷰어PDF -,,비은행지주 해당(원문 20260319001006: 「그러나 2019년 11월 보유한 한국카카오은행 지분을 매각하여 비은행금융지주로 다시 전환됨에 따라 자본적정성…」) / 본문 XML 없음(첨부정정 등),
한국투자금융지주,2023-Q2,부채비율,문서에 없음,,반기보고서,20230814002148,반기보고서 (2023.06),,원문XML - · 뷰어PDF -,,비은행지주 해당(원문 20260319001006: 「그러나 2019년 11월 보유한 한국카카오은행 지분을 매각하여 비은행금융지주로 다시 전환됨에 따라 자본적정성…」) / 본문 XML 없음(첨부정정 등),
한국투자금융지주,2023-Q2,이중레버리지비율,문서에 없음,,반기보고서,20230814002148,반기보고서 (2023.06),,원문XML - · 뷰어PDF -,,비은행지주 해당(원문 20260319001006: 「그러나 2019년 11월 보유한 한국카카오은행 지분을 매각하여 비은행금융지주로 다시 전환됨에 따라 자본적정성…」) / 본문 XML 없음(첨부정정 등),
한국투자금융지주,2023-Q2,원화유동성비율,문서에 없음,,반기보고서,20230814002148,반기보고서 (2023.06),,원문XML - · 뷰어PDF -,,비은행지주 해당(원문 20260319001006: 「그러나 2019년 11월 보유한 한국카카오은행 지분을 매각하여 비은행금융지주로 다시 전환됨에 따라 자본적정성…」) / 본문 XML 없음(첨부정정 등),
한국투자금융지주,2023-Q1,필요자본 대비 자기자본비율,문서에 없음,,분기보고서,20230515002367,분기보고서 (2023.03),,원문XML - · 뷰어PDF -,,비은행지주 해당(원문 20260319001006: 「그러나 2019년 11월 보유한 한국카카오은행 지분을 매각하여 비은행금융지주로 다시 전환됨에 따라 자본적정성…」) / 본문 XML 없음(첨부정정 등),
한국투자금융지주,2023-Q1,부채비율,문서에 없음,,분기보고서,20230515002367,분기보고서 (2023.03),,원문XML - · 뷰어PDF -,,비은행지주 해당(원문 20260319001006: 「그러나 2019년 11월 보유한 한국카카오은행 지분을 매각하여 비은행금융지주로 다시 전환됨에 따라 자본적정성…」) / 본문 XML 없음(첨부정정 등),
한국투자금융지주,2023-Q1,이중레버리지비율,문서에 없음,,분기보고서,20230515002367,분기보고서 (2023.03),,원문XML - · 뷰어PDF -,,비은행지주 해당(원문 20260319001006: 「그러나 2019년 11월 보유한 한국카카오은행 지분을 매각하여 비은행금융지주로 다시 전환됨에 따라 자본적정성…」) / 본문 XML 없음(첨부정정 등),
한국투자금융지주,2023-Q1,원화유동성비율,문서에 없음,,분기보고서,20230515002367,분기보고서 (2023.03),,원문XML - · 뷰어PDF -,,비은행지주 해당(원문 20260319001006: 「그러나 2019년 11월 보유한 한국카카오은행 지분을 매각하여 비은행금융지주로 다시 전환됨에 따라 자본적정성…」) / 본문 XML 없음(첨부정정 등),
한국투자금융지주,2022-Q4,필요자본 대비 자기자본비율,문서에 없음,,사업보고서,20230316000852,사업보고서 (2022.12),,원문XML - · 뷰어PDF -,,비은행지주 해당(원문 20260319001006: 「그러나 2019년 11월 보유한 한국카카오은행 지분을 매각하여 비은행금융지주로 다시 전환됨에 따라 자본적정성…」) / 본문 XML 없음(첨부정정 등),
한국투자금융지주,2022-Q4,부채비율,문서에 없음,,사업보고서,20230316000852,사업보고서 (2022.12),,원문XML - · 뷰어PDF -,,비은행지주 해당(원문 20260319001006: 「그러나 2019년 11월 보유한 한국카카오은행 지분을 매각하여 비은행금융지주로 다시 전환됨에 따라 자본적정성…」) / 본문 XML 없음(첨부정정 등),
한국투자금융지주,2022-Q4,이중레버리지비율,문서에 없음,,사업보고서,20230316000852,사업보고서 (2022.12),,원문XML - · 뷰어PDF -,,비은행지주 해당(원문 20260319001006: 「그러나 2019년 11월 보유한 한국카카오은행 지분을 매각하여 비은행금융지주로 다시 전환됨에 따라 자본적정성…」) / 본문 XML 없음(첨부정정 등),
한국투자금융지주,2022-Q4,원화유동성비율,문서에 없음,,사업보고서,20230316000852,사업보고서 (2022.12),,원문XML - · 뷰어PDF -,,비은행지주 해당(원문 20260319001006: 「그러나 2019년 11월 보유한 한국카카오은행 지분을 매각하여 비은행금융지주로 다시 전환됨에 따라 자본적정성…」) / 본문 XML 없음(첨부정정 등),
한국투자금융지주,2022-Q3,필요자본 대비 자기자본비율,문서에 없음,,분기보고서,20221114001297,분기보고서 (2022.09),,원문XML - · 뷰어PDF -,,비은행지주 해당(원문 20260319001006: 「그러나 2019년 11월 보유한 한국카카오은행 지분을 매각하여 비은행금융지주로 다시 전환됨에 따라 자본적정성…」) / 본문 XML 없음(첨부정정 등),
한국투자금융지주,2022-Q3,부채비율,문서에 없음,,분기보고서,20221114001297,분기보고서 (2022.09),,원문XML - · 뷰어PDF -,,비은행지주 해당(원문 20260319001006: 「그러나 2019년 11월 보유한 한국카카오은행 지분을 매각하여 비은행금융지주로 다시 전환됨에 따라 자본적정성…」) / 본문 XML 없음(첨부정정 등),
한국투자금융지주,2022-Q3,이중레버리지비율,문서에 없음,,분기보고서,20221114001297,분기보고서 (2022.09),,원문XML - · 뷰어PDF -,,비은행지주 해당(원문 20260319001006: 「그러나 2019년 11월 보유한 한국카카오은행 지분을 매각하여 비은행금융지주로 다시 전환됨에 따라 자본적정성…」) / 본문 XML 없음(첨부정정 등),
한국투자금융지주,2022-Q3,원화유동성비율,문서에 없음,,분기보고서,20221114001297,분기보고서 (2022.09),,원문XML - · 뷰어PDF -,,비은행지주 해당(원문 20260319001006: 「그러나 2019년 11월 보유한 한국카카오은행 지분을 매각하여 비은행금융지주로 다시 전환됨에 따라 자본적정성…」) / 본문 XML 없음(첨부정정 등),
한국투자금융지주,2022-Q2,필요자본 대비 자기자본비율,문서에 없음,,반기보고서,20220816001954,반기보고서 (2022.06),,원문XML - · 뷰어PDF -,,비은행지주 해당(원문 20260319001006: 「그러나 2019년 11월 보유한 한국카카오은행 지분을 매각하여 비은행금융지주로 다시 전환됨에 따라 자본적정성…」) / 본문 XML 없음(첨부정정 등),
한국투자금융지주,2022-Q2,부채비율,문서에 없음,,반기보고서,20220816001954,반기보고서 (2022.06),,원문XML - · 뷰어PDF -,,비은행지주 해당(원문 20260319001006: 「그러나 2019년 11월 보유한 한국카카오은행 지분을 매각하여 비은행금융지주로 다시 전환됨에 따라 자본적정성…」) / 본문 XML 없음(첨부정정 등),
한국투자금융지주,2022-Q2,이중레버리지비율,문서에 없음,,반기보고서,20220816001954,반기보고서 (2022.06),,원문XML - · 뷰어PDF -,,비은행지주 해당(원문 20260319001006: 「그러나 2019년 11월 보유한 한국카카오은행 지분을 매각하여 비은행금융지주로 다시 전환됨에 따라 자본적정성…」) / 본문 XML 없음(첨부정정 등),
한국투자금융지주,2022-Q2,원화유동성비율,문서에 없음,,반기보고서,20220816001954,반기보고서 (2022.06),,원문XML - · 뷰어PDF -,,비은행지주 해당(원문 20260319001006: 「그러나 2019년 11월 보유한 한국카카오은행 지분을 매각하여 비은행금융지주로 다시 전환됨에 따라 자본적정성…」) / 본문 XML 없음(첨부정정 등),
한국투자금융지주,2022-Q1,필요자본 대비 자기자본비율,문서에 없음,,분기보고서,20220516001259,분기보고서 (2022.03),,원문XML - · 뷰어PDF -,,비은행지주 해당(원문 20260319001006: 「그러나 2019년 11월 보유한 한국카카오은행 지분을 매각하여 비은행금융지주로 다시 전환됨에 따라 자본적정성…」) / 본문 XML 없음(첨부정정 등),
한국투자금융지주,2022-Q1,부채비율,문서에 없음,,분기보고서,20220516001259,분기보고서 (2022.03),,원문XML - · 뷰어PDF -,,비은행지주 해당(원문 20260319001006: 「그러나 2019년 11월 보유한 한국카카오은행 지분을 매각하여 비은행금융지주로 다시 전환됨에 따라 자본적정성…」) / 본문 XML 없음(첨부정정 등),
한국투자금융지주,2022-Q1,이중레버리지비율,문서에 없음,,분기보고서,20220516001259,분기보고서 (2022.03),,원문XML - · 뷰어PDF -,,비은행지주 해당(원문 20260319001006: 「그러나 2019년 11월 보유한 한국카카오은행 지분을 매각하여 비은행금융지주로 다시 전환됨에 따라 자본적정성…」) / 본문 XML 없음(첨부정정 등),
한국투자금융지주,2022-Q1,원화유동성비율,문서에 없음,,분기보고서,20220516001259,분기보고서 (2022.03),,원문XML - · 뷰어PDF -,,비은행지주 해당(원문 20260319001006: 「그러나 2019년 11월 보유한 한국카카오은행 지분을 매각하여 비은행금융지주로 다시 전환됨에 따라 자본적정성…」) / 본문 XML 없음(첨부정정 등),
한국투자금융지주,2021-Q4,필요자본 대비 자기자본비율,문서에 없음,,사업보고서,20220317000665,사업보고서 (2021.12),,원문XML - · 뷰어PDF -,,비은행지주 해당(원문 20260319001006: 「그러나 2019년 11월 보유한 한국카카오은행 지분을 매각하여 비은행금융지주로 다시 전환됨에 따라 자본적정성…」) / 본문 XML 없음(첨부정정 등),
한국투자금융지주,2021-Q4,부채비율,문서에 없음,,사업보고서,20220317000665,사업보고서 (2021.12),,원문XML - · 뷰어PDF -,,비은행지주 해당(원문 20260319001006: 「그러나 2019년 11월 보유한 한국카카오은행 지분을 매각하여 비은행금융지주로 다시 전환됨에 따라 자본적정성…」) / 본문 XML 없음(첨부정정 등),
한국투자금융지주,2021-Q4,이중레버리지비율,문서에 없음,,사업보고서,20220317000665,사업보고서 (2021.12),,원문XML - · 뷰어PDF -,,비은행지주 해당(원문 20260319001006: 「그러나 2019년 11월 보유한 한국카카오은행 지분을 매각하여 비은행금융지주로 다시 전환됨에 따라 자본적정성…」) / 본문 XML 없음(첨부정정 등),
한국투자금융지주,2021-Q4,원화유동성비율,문서에 없음,,사업보고서,20220317000665,사업보고서 (2021.12),,원문XML - · 뷰어PDF -,,비은행지주 해당(원문 20260319001006: 「그러나 2019년 11월 보유한 한국카카오은행 지분을 매각하여 비은행금융지주로 다시 전환됨에 따라 자본적정성…」) / 본문 XML 없음(첨부정정 등),
한국투자금융지주,2021-Q3,필요자본 대비 자기자본비율,문서에 없음,,분기보고서,20211115001031,분기보고서 (2021.09),,원문XML - · 뷰어PDF -,,비은행지주 해당(원문 20260319001006: 「그러나 2019년 11월 보유한 한국카카오은행 지분을 매각하여 비은행금융지주로 다시 전환됨에 따라 자본적정성…」) / 본문 XML 없음(첨부정정 등),
한국투자금융지주,2021-Q3,부채비율,문서에 없음,,분기보고서,20211115001031,분기보고서 (2021.09),,원문XML - · 뷰어PDF -,,비은행지주 해당(원문 20260319001006: 「그러나 2019년 11월 보유한 한국카카오은행 지분을 매각하여 비은행금융지주로 다시 전환됨에 따라 자본적정성…」) / 본문 XML 없음(첨부정정 등),
한국투자금융지주,2021-Q3,이중레버리지비율,문서에 없음,,분기보고서,20211115001031,분기보고서 (2021.09),,원문XML - · 뷰어PDF -,,비은행지주 해당(원문 20260319001006: 「그러나 2019년 11월 보유한 한국카카오은행 지분을 매각하여 비은행금융지주로 다시 전환됨에 따라 자본적정성…」) / 본문 XML 없음(첨부정정 등),
한국투자금융지주,2021-Q3,원화유동성비율,문서에 없음,,분기보고서,20211115001031,분기보고서 (2021.09),,원문XML - · 뷰어PDF -,,비은행지주 해당(원문 20260319001006: 「그러나 2019년 11월 보유한 한국카카오은행 지분을 매각하여 비은행금융지주로 다시 전환됨에 따라 자본적정성…」) / 본문 XML 없음(첨부정정 등),
한국투자금융지주,2021-Q2,필요자본 대비 자기자본비율,문서에 없음,,반기보고서,20210817001137,반기보고서 (2021.06),,원문XML - · 뷰어PDF -,,비은행지주 해당(원문 20260319001006: 「그러나 2019년 11월 보유한 한국카카오은행 지분을 매각하여 비은행금융지주로 다시 전환됨에 따라 자본적정성…」) / 본문 XML 없음(첨부정정 등),
한국투자금융지주,2021-Q2,부채비율,문서에 없음,,반기보고서,20210817001137,반기보고서 (2021.06),,원문XML - · 뷰어PDF -,,비은행지주 해당(원문 20260319001006: 「그러나 2019년 11월 보유한 한국카카오은행 지분을 매각하여 비은행금융지주로 다시 전환됨에 따라 자본적정성…」) / 본문 XML 없음(첨부정정 등),
한국투자금융지주,2021-Q2,이중레버리지비율,문서에 없음,,반기보고서,20210817001137,반기보고서 (2021.06),,원문XML - · 뷰어PDF -,,비은행지주 해당(원문 20260319001006: 「그러나 2019년 11월 보유한 한국카카오은행 지분을 매각하여 비은행금융지주로 다시 전환됨에 따라 자본적정성…」) / 본문 XML 없음(첨부정정 등),
한국투자금융지주,2021-Q2,원화유동성비율,문서에 없음,,반기보고서,20210817001137,반기보고서 (2021.06),,원문XML - · 뷰어PDF -,,비은행지주 해당(원문 20260319001006: 「그러나 2019년 11월 보유한 한국카카오은행 지분을 매각하여 비은행금융지주로 다시 전환됨에 따라 자본적정성…」) / 본문 XML 없음(첨부정정 등),
한국투자금융지주,2021-Q1,필요자본 대비 자기자본비율,문서에 없음,,분기보고서,20210517000969,분기보고서 (2021.03),,원문XML - · 뷰어PDF -,,비은행지주 해당(원문 20260319001006: 「그러나 2019년 11월 보유한 한국카카오은행 지분을 매각하여 비은행금융지주로 다시 전환됨에 따라 자본적정성…」) / 본문 XML 없음(첨부정정 등),
한국투자금융지주,2021-Q1,부채비율,문서에 없음,,분기보고서,20210517000969,분기보고서 (2021.03),,원문XML - · 뷰어PDF -,,비은행지주 해당(원문 20260319001006: 「그러나 2019년 11월 보유한 한국카카오은행 지분을 매각하여 비은행금융지주로 다시 전환됨에 따라 자본적정성…」) / 본문 XML 없음(첨부정정 등),
한국투자금융지주,2021-Q1,이중레버리지비율,문서에 없음,,분기보고서,20210517000969,분기보고서 (2021.03),,원문XML - · 뷰어PDF -,,비은행지주 해당(원문 20260319001006: 「그러나 2019년 11월 보유한 한국카카오은행 지분을 매각하여 비은행금융지주로 다시 전환됨에 따라 자본적정성…」) / 본문 XML 없음(첨부정정 등),
한국투자금융지주,2021-Q1,원화유동성비율,문서에 없음,,분기보고서,20210517000969,분기보고서 (2021.03),,원문XML - · 뷰어PDF -,,비은행지주 해당(원문 20260319001006: 「그러나 2019년 11월 보유한 한국카카오은행 지분을 매각하여 비은행금융지주로 다시 전환됨에 따라 자본적정성…」) / 본문 XML 없음(첨부정정 등),
