corp_label,fy,doc_kind,doc_id,section_title,field,page,quote,검색,source_file,source_url,source_sha256,text_sha256
KB금융지주,FY2025,연차보고서,연차보고서__KB금융지주_지배구조연차보고서_2026,9. 리스크관리위원회 / 14. 리스크관리협의회 / 1. 평가보상위원회 / 2. 보상체계 / 2. 이사회 / 첨부 2. 이사회규정 / 첨부 9. 리스크관리위원회규정,risk_committee,161,"리스크관리위원회는 그룹이 당면한 리스크 수준과 리스크 관리 현황을 검토하고 리스크관리 시스템 및 방법론, 주요 개선사항에 대한 적용을 승인하는 등 이사회를 대신하여 회사 및 자회사 등의 각종 거래에서 발생하는 제반 리스크를 적시에 인식・측정・감시・통제할 수 있도록 리스크 관리 기준 및 전략을 수립, 승인하는 최고 의사결정기관으로서의 역할을 하고 있습니다.",,dart_out/raw/governance/KB금융지주/KB금융지주_지배구조연차보고서_2026.pdf,https://www.kbfg.com/api/download/board/14406,21449e031dcc707be9dad2b4a13c72a9e2a9c90371de0fd8ab926d32e95061d9,31fb9290c976d19e6e3c1a2af9f4c35f2f846cb5bd95889f1bcb6719c3ceaf43
KB금융지주,FY2025,연차보고서,연차보고서__KB금융지주_지배구조연차보고서_2026,9. 리스크관리위원회 / 14. 리스크관리협의회 / 1. 평가보상위원회 / 2. 보상체계 / 2. 이사회 / 첨부 2. 이사회규정 / 첨부 9. 리스크관리위원회규정,risk_committee,163,"리스크관리위원회는 「리스크관리위원회규정」 제2조(구성)에 의거하여 이사 중 10인 이내의 위원으로 구성하며, 사외이사 수가 위원 총수의 과반수가 되도록 합니다. 위원장은 리스크에 대한 전문성을 갖춘 사외이사 위원을 위원회에서 선임하도록 되어 있습니다. 위원장 및 위원의 임기는 1년이며, 현재 리스크관리위원회 위원은 사외이사 4인으로 구성되어 있습니다.",,dart_out/raw/governance/KB금융지주/KB금융지주_지배구조연차보고서_2026.pdf,https://www.kbfg.com/api/download/board/14406,21449e031dcc707be9dad2b4a13c72a9e2a9c90371de0fd8ab926d32e95061d9,31fb9290c976d19e6e3c1a2af9f4c35f2f846cb5bd95889f1bcb6719c3ceaf43
KB금융지주,FY2025,연차보고서,연차보고서__KB금융지주_지배구조연차보고서_2026,9. 리스크관리위원회 / 14. 리스크관리협의회 / 1. 평가보상위원회 / 2. 보상체계 / 2. 이사회 / 첨부 2. 이사회규정 / 첨부 9. 리스크관리위원회규정,risk_committee,164,"2025년에는 총 11회의 리스크관리위원회가 개최되었고, 각 회차별 리스크관리위원 참석률은 모두 100% 입니다. 동 기간 중 부의된 안건은 총 36건으로, 결의 안건 7건, 심의 안건 8건, 보고 안건 21건입니다.",,dart_out/raw/governance/KB금융지주/KB금융지주_지배구조연차보고서_2026.pdf,https://www.kbfg.com/api/download/board/14406,21449e031dcc707be9dad2b4a13c72a9e2a9c90371de0fd8ab926d32e95061d9,31fb9290c976d19e6e3c1a2af9f4c35f2f846cb5bd95889f1bcb6719c3ceaf43
KB금융지주,FY2025,연차보고서,연차보고서__KB금융지주_지배구조연차보고서_2026,9. 리스크관리위원회 / 14. 리스크관리협의회 / 1. 평가보상위원회 / 2. 보상체계 / 2. 이사회 / 첨부 2. 이사회규정 / 첨부 9. 리스크관리위원회규정,group_council,202,"리스크관리협의회는 리스크관리위원회로부터 위임받은 사항 및 그룹 경영관리위원회 검토 요청 사항 등에 대해 심의하고, 리스크관리정책, 전략 및 절차를 각 계열사별로 실행함에 있어 세부적인 사항을 협의하며, 그룹의 리스크관리 현황을 모니터링하고 필요한 조치를 수립 및 시행하는 역할을 수행합니다.",,dart_out/raw/governance/KB금융지주/KB금융지주_지배구조연차보고서_2026.pdf,https://www.kbfg.com/api/download/board/14406,21449e031dcc707be9dad2b4a13c72a9e2a9c90371de0fd8ab926d32e95061d9,31fb9290c976d19e6e3c1a2af9f4c35f2f846cb5bd95889f1bcb6719c3ceaf43
KB금융지주,FY2025,연차보고서,연차보고서__KB금융지주_지배구조연차보고서_2026,9. 리스크관리위원회 / 14. 리스크관리협의회 / 1. 평가보상위원회 / 2. 보상체계 / 2. 이사회 / 첨부 2. 이사회규정 / 첨부 9. 리스크관리위원회규정,group_council,202,"리스크관리협의회 위원은 「리스크관리협의회규정」 제2조에 따라 지주회사의 위험관리책임자, 리스크관리부장 및 각 계열사의 위험관리책임자로 합니다.",,dart_out/raw/governance/KB금융지주/KB금융지주_지배구조연차보고서_2026.pdf,https://www.kbfg.com/api/download/board/14406,21449e031dcc707be9dad2b4a13c72a9e2a9c90371de0fd8ab926d32e95061d9,31fb9290c976d19e6e3c1a2af9f4c35f2f846cb5bd95889f1bcb6719c3ceaf43
KB금융지주,FY2025,연차보고서,연차보고서__KB금융지주_지배구조연차보고서_2026,9. 리스크관리위원회 / 14. 리스크관리협의회 / 1. 평가보상위원회 / 2. 보상체계 / 2. 이사회 / 첨부 2. 이사회규정 / 첨부 9. 리스크관리위원회규정,group_council,203,"2025년 리스크관리협의회는 총 8회 개최되었으며, 협의 안건 14건을 처리했습니다. 주요 안건으로 그룹 리스크관리 정책방향, 그룹 및 계열사 리스크 제한도 설정(안), 계열사 리스크관리 실태점검 결과 등에 대해 협의했습니다.",,dart_out/raw/governance/KB금융지주/KB금융지주_지배구조연차보고서_2026.pdf,https://www.kbfg.com/api/download/board/14406,21449e031dcc707be9dad2b4a13c72a9e2a9c90371de0fd8ab926d32e95061d9,31fb9290c976d19e6e3c1a2af9f4c35f2f846cb5bd95889f1bcb6719c3ceaf43
KB금융지주,FY2025,연차보고서,연차보고서__KB금융지주_지배구조연차보고서_2026,9. 리스크관리위원회 / 14. 리스크관리협의회 / 1. 평가보상위원회 / 2. 보상체계 / 2. 이사회 / 첨부 2. 이사회규정 / 첨부 9. 리스크관리위원회규정,cro,260,"사. 준법감시인, 위험관리책임자, 「금융회사의 지배구조에 관한 법률」(이하 “금융사지배구조법” 이라고 한다) 제8조에서 정한 주요업무집행책임자의  임면",,dart_out/raw/governance/KB금융지주/KB금융지주_지배구조연차보고서_2026.pdf,https://www.kbfg.com/api/download/board/14406,21449e031dcc707be9dad2b4a13c72a9e2a9c90371de0fd8ab926d32e95061d9,31fb9290c976d19e6e3c1a2af9f4c35f2f846cb5bd95889f1bcb6719c3ceaf43
KB금융지주,FY2025,연차보고서,연차보고서__KB금융지주_지배구조연차보고서_2026,9. 리스크관리위원회 / 14. 리스크관리협의회 / 1. 평가보상위원회 / 2. 보상체계 / 2. 이사회 / 첨부 2. 이사회규정 / 첨부 9. 리스크관리위원회규정,cro,202,협의회의 위원장은 지주회사 위험관리책임자가 직무를 수행하고 있습니다.,,dart_out/raw/governance/KB금융지주/KB금융지주_지배구조연차보고서_2026.pdf,https://www.kbfg.com/api/download/board/14406,21449e031dcc707be9dad2b4a13c72a9e2a9c90371de0fd8ab926d32e95061d9,31fb9290c976d19e6e3c1a2af9f4c35f2f846cb5bd95889f1bcb6719c3ceaf43
KB금융지주,FY2025,연차보고서,연차보고서__KB금융지주_지배구조연차보고서_2026,9. 리스크관리위원회 / 14. 리스크관리협의회 / 1. 평가보상위원회 / 2. 보상체계 / 2. 이사회 / 첨부 2. 이사회규정 / 첨부 9. 리스크관리위원회규정,cro,225,"한편, 업무의 독립성이 요구되는 리스크담당임원, 준법감시인, 감사업무담당임원의 경우에는 회사 성과와 무관한 지표로 성과지표를 구성하여 독립성을 확보하고 있습니다.",,dart_out/raw/governance/KB금융지주/KB금융지주_지배구조연차보고서_2026.pdf,https://www.kbfg.com/api/download/board/14406,21449e031dcc707be9dad2b4a13c72a9e2a9c90371de0fd8ab926d32e95061d9,31fb9290c976d19e6e3c1a2af9f4c35f2f846cb5bd95889f1bcb6719c3ceaf43
KB금융지주,FY2025,연차보고서,연차보고서__KB금융지주_지배구조연차보고서_2026,9. 리스크관리위원회 / 14. 리스크관리협의회 / 1. 평가보상위원회 / 2. 보상체계 / 2. 이사회 / 첨부 2. 이사회규정 / 첨부 9. 리스크관리위원회규정,raf,162,"KB금융지주의 위험 성향(Risk Appetite)은 그룹의 자기자본 대비 리스크 부담 수준에 대한 의사결정 등 리스크 수용 정도에 대한 이사회의 판단을 의미하며, 리스크관리위원회는 이사회로부터의 위임을 받아 그룹이 감내할 수 있는 리스크 수준 등을 설정하고, 경영진으로 하여금 이를 준수하도록 하고 있습니다.",,dart_out/raw/governance/KB금융지주/KB금융지주_지배구조연차보고서_2026.pdf,https://www.kbfg.com/api/download/board/14406,21449e031dcc707be9dad2b4a13c72a9e2a9c90371de0fd8ab926d32e95061d9,31fb9290c976d19e6e3c1a2af9f4c35f2f846cb5bd95889f1bcb6719c3ceaf43
KB금융지주,FY2025,연차보고서,연차보고서__KB금융지주_지배구조연차보고서_2026,9. 리스크관리위원회 / 14. 리스크관리협의회 / 1. 평가보상위원회 / 2. 보상체계 / 2. 이사회 / 첨부 2. 이사회규정 / 첨부 9. 리스크관리위원회규정,raf,162,KB금융지주는 위험 성향(Risk Appetite) 목표수준에 따른 총 위험 자본 한도 범위 내에서 계열사별 총 한도와 리스크 유형별 한도를 설정하여 운영하고 있습니다.,,dart_out/raw/governance/KB금융지주/KB금융지주_지배구조연차보고서_2026.pdf,https://www.kbfg.com/api/download/board/14406,21449e031dcc707be9dad2b4a13c72a9e2a9c90371de0fd8ab926d32e95061d9,31fb9290c976d19e6e3c1a2af9f4c35f2f846cb5bd95889f1bcb6719c3ceaf43
KB금융지주,FY2025,연차보고서,연차보고서__KB금융지주_지배구조연차보고서_2026,9. 리스크관리위원회 / 14. 리스크관리협의회 / 1. 평가보상위원회 / 2. 보상체계 / 2. 이사회 / 첨부 2. 이사회규정 / 첨부 9. 리스크관리위원회규정,raf,161,"- 위험 자본(Risk Capital)이란 미래의 예상하지 못한 손실 가능액을 보전하기 위해 요구 되는 자본을 의미하며, 그룹 총 위험 자본과 리스크 유형별, 계열사별 위험 자본 한도를 설정하여 배분하고, 한도 준수 여부를 정기적으로 점검한다.",,dart_out/raw/governance/KB금융지주/KB금융지주_지배구조연차보고서_2026.pdf,https://www.kbfg.com/api/download/board/14406,21449e031dcc707be9dad2b4a13c72a9e2a9c90371de0fd8ab926d32e95061d9,31fb9290c976d19e6e3c1a2af9f4c35f2f846cb5bd95889f1bcb6719c3ceaf43
KB금융지주,FY2025,연차보고서,연차보고서__KB금융지주_지배구조연차보고서_2026,9. 리스크관리위원회 / 14. 리스크관리협의회 / 1. 평가보상위원회 / 2. 보상체계 / 2. 이사회 / 첨부 2. 이사회규정 / 첨부 9. 리스크관리위원회규정,measurement,174,"나. [보고] 그룹 내부자본 적정성 평가 결과 보고: 「금융지주회사감독규정시행세칙」 제12조의 2 및 「리스크 관리위원회규정」 제4조 제3항에 따라, 리스크별 내부 자본 산출 방법, 한도 설정, 스트레스 테스트 실시 내역 및 모니터링 점검 등을 보고",,dart_out/raw/governance/KB금융지주/KB금융지주_지배구조연차보고서_2026.pdf,https://www.kbfg.com/api/download/board/14406,21449e031dcc707be9dad2b4a13c72a9e2a9c90371de0fd8ab926d32e95061d9,31fb9290c976d19e6e3c1a2af9f4c35f2f846cb5bd95889f1bcb6719c3ceaf43
KB금융지주,FY2025,연차보고서,연차보고서__KB금융지주_지배구조연차보고서_2026,9. 리스크관리위원회 / 14. 리스크관리협의회 / 1. 평가보상위원회 / 2. 보상체계 / 2. 이사회 / 첨부 2. 이사회규정 / 첨부 9. 리스크관리위원회규정,measurement,174,"가. [보고] 그룹 신용평가모델 및 리스크 측정시스템 검증결과 보고: 「금융지주회사감독규정시행세칙」 <별표1- 2> 및 「리스크관리위원회규정」 제4조 제3항에 따라, 신용평가모델의 성능 점검을 통한 모델 사용 적정성 여부, PD/LGD/CCF 적정성 여부 보고",,dart_out/raw/governance/KB금융지주/KB금융지주_지배구조연차보고서_2026.pdf,https://www.kbfg.com/api/download/board/14406,21449e031dcc707be9dad2b4a13c72a9e2a9c90371de0fd8ab926d32e95061d9,31fb9290c976d19e6e3c1a2af9f4c35f2f846cb5bd95889f1bcb6719c3ceaf43
KB금융지주,FY2025,연차보고서,연차보고서__KB금융지주_지배구조연차보고서_2026,9. 리스크관리위원회 / 14. 리스크관리협의회 / 1. 평가보상위원회 / 2. 보상체계 / 2. 이사회 / 첨부 2. 이사회규정 / 첨부 9. 리스크관리위원회규정,measurement,305,"7. 그룹 BIS비율에 영향을 미치는 내부모형 관련 시스템(신용평가모형, 리스크측정요소(PD, LGD, EAD), 위험가중자산 산출 등)의 신규 적용과 기존 모델의 중요한 변경 및 개선",,dart_out/raw/governance/KB금융지주/KB금융지주_지배구조연차보고서_2026.pdf,https://www.kbfg.com/api/download/board/14406,21449e031dcc707be9dad2b4a13c72a9e2a9c90371de0fd8ab926d32e95061d9,31fb9290c976d19e6e3c1a2af9f4c35f2f846cb5bd95889f1bcb6719c3ceaf43
KB금융지주,FY2025,연차보고서,연차보고서__KB금융지주_지배구조연차보고서_2026,9. 리스크관리위원회 / 14. 리스크관리협의회 / 1. 평가보상위원회 / 2. 보상체계 / 2. 이사회 / 첨부 2. 이사회규정 / 첨부 9. 리스크관리위원회규정,reporting,161,"또한, 그룹 및 계열사의 리스크 한도 준수 여부의 정기적 점검을 위해 『그룹 리스크 모니터 링 현황 보고』를 분기 1회(총 4회, 제1차 위원회(개최일: 2025.2.25.), 제4차 위원회(개최 일: 2025.5.27.), 제8차 위원회(개최일: 2025.9.12.), 제11차 위원회(개최일: 2025.12.12.)) 보고받았습니다.",,dart_out/raw/governance/KB금융지주/KB금융지주_지배구조연차보고서_2026.pdf,https://www.kbfg.com/api/download/board/14406,21449e031dcc707be9dad2b4a13c72a9e2a9c90371de0fd8ab926d32e95061d9,31fb9290c976d19e6e3c1a2af9f4c35f2f846cb5bd95889f1bcb6719c3ceaf43
KB금융지주,FY2025,연차보고서,연차보고서__KB금융지주_지배구조연차보고서_2026,9. 리스크관리위원회 / 14. 리스크관리협의회 / 1. 평가보상위원회 / 2. 보상체계 / 2. 이사회 / 첨부 2. 이사회규정 / 첨부 9. 리스크관리위원회규정,reporting,202,"각 계열사의 리스크관리 담당 임원은 협의회에서 실행하기로 한 협의사항에 대해서는 구체적인 실행 계획을 수립하여 시행하여야 하며, 실행 결과를 협의회에 보고해야 합니다. 협의회 운영 결과는 리스크관리위원회에 매 분기 보고가 이루어지고 있습니다.",,dart_out/raw/governance/KB금융지주/KB금융지주_지배구조연차보고서_2026.pdf,https://www.kbfg.com/api/download/board/14406,21449e031dcc707be9dad2b4a13c72a9e2a9c90371de0fd8ab926d32e95061d9,31fb9290c976d19e6e3c1a2af9f4c35f2f846cb5bd95889f1bcb6719c3ceaf43
KB금융지주,FY2025,연차보고서,연차보고서__KB금융지주_지배구조연차보고서_2026,9. 리스크관리위원회 / 14. 리스크관리협의회 / 1. 평가보상위원회 / 2. 보상체계 / 2. 이사회 / 첨부 2. 이사회규정 / 첨부 9. 리스크관리위원회규정,reporting,306,③ 위원회의 보고사항은 다음 각 호와 같다. 1. 리스크관리 실태 및 한도관리 현황 2. “리스크관리협의회” 운영현황 3. 자회사 “리스크관리위원회” 회의결과 4. 위원회에서 결정한 사항의 이행현황 5. 그룹의 리스크 관련 중요사항의 현황 및 모니터링 결과,,dart_out/raw/governance/KB금융지주/KB금융지주_지배구조연차보고서_2026.pdf,https://www.kbfg.com/api/download/board/14406,21449e031dcc707be9dad2b4a13c72a9e2a9c90371de0fd8ab926d32e95061d9,31fb9290c976d19e6e3c1a2af9f4c35f2f846cb5bd95889f1bcb6719c3ceaf43
KB금융지주,FY2025,연차보고서,연차보고서__KB금융지주_지배구조연차보고서_2026,9. 리스크관리위원회 / 14. 리스크관리협의회 / 1. 평가보상위원회 / 2. 보상체계 / 2. 이사회 / 첨부 2. 이사회규정 / 첨부 9. 리스크관리위원회규정,stress,172,"가. [보고] 2025년 하반기 그룹 통합위기상황 분석 결과 보고: 「리스크관리위원회규정」 제4조 제3항에 따라, 2025년 6월말 기준 연결 자산을 대상으로 그룹 통합위기상황 분석 결과 및 대응방안 보고",,dart_out/raw/governance/KB금융지주/KB금융지주_지배구조연차보고서_2026.pdf,https://www.kbfg.com/api/download/board/14406,21449e031dcc707be9dad2b4a13c72a9e2a9c90371de0fd8ab926d32e95061d9,31fb9290c976d19e6e3c1a2af9f4c35f2f846cb5bd95889f1bcb6719c3ceaf43
KB금융지주,FY2025,연차보고서,연차보고서__KB금융지주_지배구조연차보고서_2026,9. 리스크관리위원회 / 14. 리스크관리협의회 / 1. 평가보상위원회 / 2. 보상체계 / 2. 이사회 / 첨부 2. 이사회규정 / 첨부 9. 리스크관리위원회규정,stress,172,가. 그룹 유동성 비상조달 계획 갱신(안): 그룹 차원의 유동성 위기상황에 대비하기 위한 유동성 리스크 관리 방안 마련과 위험단계별 세부계획 갱신 및 효과적인 대응체계 구축을 위한 2025년 그룹 유동성 비상조달 계획 갱신(안) 결의,,dart_out/raw/governance/KB금융지주/KB금융지주_지배구조연차보고서_2026.pdf,https://www.kbfg.com/api/download/board/14406,21449e031dcc707be9dad2b4a13c72a9e2a9c90371de0fd8ab926d32e95061d9,31fb9290c976d19e6e3c1a2af9f4c35f2f846cb5bd95889f1bcb6719c3ceaf43
KB금융지주,FY2025,연차보고서,연차보고서__KB금융지주_지배구조연차보고서_2026,9. 리스크관리위원회 / 14. 리스크관리협의회 / 1. 평가보상위원회 / 2. 보상체계 / 2. 이사회 / 첨부 2. 이사회규정 / 첨부 9. 리스크관리위원회규정,stress,172,가. [심의] 2025년 KB금융지주 자체정상화계획 갱신(안): 「금융산업의 구조개선에 관한 법률」 개정 및 시행에 따라 국내 금융체계상 중요한 금융기관(D-SIFI)으로서 위기 발생 시 신속하고 효과적인 대응을 위한 2025 년 KB금융지주 자체정상화계획 갱신(안) 심의,,dart_out/raw/governance/KB금융지주/KB금융지주_지배구조연차보고서_2026.pdf,https://www.kbfg.com/api/download/board/14406,21449e031dcc707be9dad2b4a13c72a9e2a9c90371de0fd8ab926d32e95061d9,31fb9290c976d19e6e3c1a2af9f4c35f2f846cb5bd95889f1bcb6719c3ceaf43
KB금융지주,FY2025,연차보고서,연차보고서__KB금융지주_지배구조연차보고서_2026,9. 리스크관리위원회 / 14. 리스크관리협의회 / 1. 평가보상위원회 / 2. 보상체계 / 2. 이사회 / 첨부 2. 이사회규정 / 첨부 9. 리스크관리위원회규정,oprisk,204,[협의 안건] 계열사별 운영리스크 관리 실효성 강화 조치 수행 보고,,dart_out/raw/governance/KB금융지주/KB금융지주_지배구조연차보고서_2026.pdf,https://www.kbfg.com/api/download/board/14406,21449e031dcc707be9dad2b4a13c72a9e2a9c90371de0fd8ab926d32e95061d9,31fb9290c976d19e6e3c1a2af9f4c35f2f846cb5bd95889f1bcb6719c3ceaf43
KB금융지주,FY2025,연차보고서,연차보고서__KB금융지주_지배구조연차보고서_2026,9. 리스크관리위원회 / 14. 리스크관리협의회 / 1. 평가보상위원회 / 2. 보상체계 / 2. 이사회 / 첨부 2. 이사회규정 / 첨부 9. 리스크관리위원회규정,oprisk,42,"가. [보고] 「개인정보 보호의 계획 수립 및 시행」 결과 보고: 「개인정보보호법 시행령」 개정으로 개인정보 보호 책임자(CPO)의 이사회 보고의무가 신설됨에 따라 당사의 개인정보보호 관리조직 및 관리체계, 개인정보보호 및 IT보안 관련 2024년 추진실적과 2025년 추진계획 등을 보고",,dart_out/raw/governance/KB금융지주/KB금융지주_지배구조연차보고서_2026.pdf,https://www.kbfg.com/api/download/board/14406,21449e031dcc707be9dad2b4a13c72a9e2a9c90371de0fd8ab926d32e95061d9,31fb9290c976d19e6e3c1a2af9f4c35f2f846cb5bd95889f1bcb6719c3ceaf43
KB금융지주,FY2025,연차보고서,연차보고서__KB금융지주_지배구조연차보고서_2026,9. 리스크관리위원회 / 14. 리스크관리협의회 / 1. 평가보상위원회 / 2. 보상체계 / 2. 이사회 / 첨부 2. 이사회규정 / 첨부 9. 리스크관리위원회규정,compensation,229,"KB금융지주는 신용리스크, 시장리스크, 운영리스크를 발생 가능한 중요한 리스크로 인식하고 관련된 건전성 및 자본적정성 지표를 성과평가에 반영하여 보상까지 연결되도록 운영하고 있습니다.",,dart_out/raw/governance/KB금융지주/KB금융지주_지배구조연차보고서_2026.pdf,https://www.kbfg.com/api/download/board/14406,21449e031dcc707be9dad2b4a13c72a9e2a9c90371de0fd8ab926d32e95061d9,31fb9290c976d19e6e3c1a2af9f4c35f2f846cb5bd95889f1bcb6719c3ceaf43
KB금융지주,FY2025,연차보고서,연차보고서__KB금융지주_지배구조연차보고서_2026,9. 리스크관리위원회 / 14. 리스크관리협의회 / 1. 평가보상위원회 / 2. 보상체계 / 2. 이사회 / 첨부 2. 이사회규정 / 첨부 9. 리스크관리위원회규정,compensation,226,"KB금융지주의 성과 보상은 성과평가 지표의 평가 기간에 따라 단기 성과급(연간 평가)과 장기성과급(다년 누적 평가)으로 구분하나, 그 명칭에 상관없이 성과평가 결과에 따라 산출된 성과 보상의 40~60%(대표이사 회장은 40%)는 현금으로 일시 지급하며, 나머지 60~40%(대표이사 회장은 60%)는 제한주식으로 전환하여 3년 이상 이연 지급하고 있습니다.",,dart_out/raw/governance/KB금융지주/KB금융지주_지배구조연차보고서_2026.pdf,https://www.kbfg.com/api/download/board/14406,21449e031dcc707be9dad2b4a13c72a9e2a9c90371de0fd8ab926d32e95061d9,31fb9290c976d19e6e3c1a2af9f4c35f2f846cb5bd95889f1bcb6719c3ceaf43
KB금융지주,FY2025,연차보고서,연차보고서__KB금융지주_지배구조연차보고서_2026,9. 리스크관리위원회 / 14. 리스크관리협의회 / 1. 평가보상위원회 / 2. 보상체계 / 2. 이사회 / 첨부 2. 이사회규정 / 첨부 9. 리스크관리위원회규정,compensation,226,"또한 비윤리적 행위, 법률 위반, 손실 발생 등의 경우 성과보상액을 환수할 수 있도록 하여 보상을 조정하고 있습니다.",,dart_out/raw/governance/KB금융지주/KB금융지주_지배구조연차보고서_2026.pdf,https://www.kbfg.com/api/download/board/14406,21449e031dcc707be9dad2b4a13c72a9e2a9c90371de0fd8ab926d32e95061d9,31fb9290c976d19e6e3c1a2af9f4c35f2f846cb5bd95889f1bcb6719c3ceaf43
KB금융지주,FY2025,연차보고서,연차보고서__KB금융지주_지배구조연차보고서_2026,9. 리스크관리위원회 / 14. 리스크관리협의회 / 1. 평가보상위원회 / 2. 보상체계 / 2. 이사회 / 첨부 2. 이사회규정 / 첨부 9. 리스크관리위원회규정,org,214,"KB금융지주의 위험관리 부서는 리스크관리부이며, 준법 감시 부서는 준법추진부입니다. 2025년 12월말 기준 각각 19명, 11명(변호사 4명 포함)이 근무하고 있습니다.",,dart_out/raw/governance/KB금융지주/KB금융지주_지배구조연차보고서_2026.pdf,https://www.kbfg.com/api/download/board/14406,21449e031dcc707be9dad2b4a13c72a9e2a9c90371de0fd8ab926d32e95061d9,31fb9290c976d19e6e3c1a2af9f4c35f2f846cb5bd95889f1bcb6719c3ceaf43
KB금융지주,FY2025,연차보고서,연차보고서__KB금융지주_지배구조연차보고서_2026,9. 리스크관리위원회 / 14. 리스크관리협의회 / 1. 평가보상위원회 / 2. 보상체계 / 2. 이사회 / 첨부 2. 이사회규정 / 첨부 9. 리스크관리위원회규정,org,214,"리스크관리부는 계열사 및 외부에서 관련 업무 경험이 풍부(해당 업무 평균 근속 연수 9.6년)하고 자격증(FRM, CFA)을 보유한 전문적 역량을 충분히 갖춘 직원으로 구성되어 있으며, 준법추진부 역시 그룹내 유관부서에서 관련 업무 경험이 풍부(해당 업무 평균 근속 연수 6.3년)하고 자격증(변호사, CAMS, 영업점 컴플라이언스 오피서)을 보유한 직원들로 구성되어 해당 분야의 전문적 역량을 충분히 보유하고 있습니다.",,dart_out/raw/governance/KB금융지주/KB금융지주_지배구조연차보고서_2026.pdf,https://www.kbfg.com/api/download/board/14406,21449e031dcc707be9dad2b4a13c72a9e2a9c90371de0fd8ab926d32e95061d9,31fb9290c976d19e6e3c1a2af9f4c35f2f846cb5bd95889f1bcb6719c3ceaf43
KB금융지주,FY2025,연차보고서,연차보고서__KB금융지주_지배구조연차보고서_2026,9. 리스크관리위원회 / 14. 리스크관리협의회 / 1. 평가보상위원회 / 2. 보상체계 / 2. 이사회 / 첨부 2. 이사회규정 / 첨부 9. 리스크관리위원회규정,org,228,"리스크관리, 준법감시, 감사 업무를 담당하는 집행임원 및 부서장의 성과평가는 이해상충(conflict of interest)을 방지하기 위해 회사의 재무적 성과에 연동되지 않는 방식으로 운영하고 있어 독립성이 확보되어 있습니다.",,dart_out/raw/governance/KB금융지주/KB금융지주_지배구조연차보고서_2026.pdf,https://www.kbfg.com/api/download/board/14406,21449e031dcc707be9dad2b4a13c72a9e2a9c90371de0fd8ab926d32e95061d9,31fb9290c976d19e6e3c1a2af9f4c35f2f846cb5bd95889f1bcb6719c3ceaf43
신한금융지주,FY2025,연차보고서,연차보고서__신한금융지주_지배구조연차보고서_2026,나. 지배구조 현황 / 2. 이사회 / 사. 선임사외이사 및 지원부서 활동내역 / 8. 위험관리위원회 / 9. 내부통제위원회 / 13. 그룹리스크협의회 / 2. 보수체계 / 제8장 내부통제 및 리스크관리 등 / 15. 그룹리스크협의회규정,risk_committee,160,"당사 위험관리위원회는 이사회에서 위임한 사항에 대하여 심의, 결의하며 회사 및 자회사 등의 각종 거래에서 발생하는 제반 리스크를 적시에 인식•측정•감시•통제하는 등 리스크를 적절히 관리할 수 있는 체제를 갖추고 이를 종합적으로 관리합니다.",,dart_out/raw/governance/신한금융지주/신한금융지주_지배구조연차보고서_2026.pdf,https://www.shinhangroup.com/main/downloadAttach?attachNo=55653e68caad4dffa2f2e55c8401e6cb&seq=1,239f924252b0b185613c424cca9a5689e0850dc32498bdbb36c46e8e99891564,b2fa0c76f55bd85c13c661a71bddafd67cb81e7399cd75c1411fca8199c6e035
신한금융지주,FY2025,연차보고서,연차보고서__신한금융지주_지배구조연차보고서_2026,나. 지배구조 현황 / 2. 이사회 / 사. 선임사외이사 및 지원부서 활동내역 / 8. 위험관리위원회 / 9. 내부통제위원회 / 13. 그룹리스크협의회 / 2. 보수체계 / 제8장 내부통제 및 리스크관리 등 / 15. 그룹리스크협의회규정,risk_committee,161,"당사 위험관리위원회는 위험관리위원회규정 제3조에 따라 2인 이상 5인 이내의 이사로 구성하되 총위원의 과반수를 사외이사로 구성해야 하며, 2025년도 위험관리위원회는 3인의 사외이사로만 구성되어 있습니다.",,dart_out/raw/governance/신한금융지주/신한금융지주_지배구조연차보고서_2026.pdf,https://www.shinhangroup.com/main/downloadAttach?attachNo=55653e68caad4dffa2f2e55c8401e6cb&seq=1,239f924252b0b185613c424cca9a5689e0850dc32498bdbb36c46e8e99891564,b2fa0c76f55bd85c13c661a71bddafd67cb81e7399cd75c1411fca8199c6e035
신한금융지주,FY2025,연차보고서,연차보고서__신한금융지주_지배구조연차보고서_2026,나. 지배구조 현황 / 2. 이사회 / 사. 선임사외이사 및 지원부서 활동내역 / 8. 위험관리위원회 / 9. 내부통제위원회 / 13. 그룹리스크협의회 / 2. 보수체계 / 제8장 내부통제 및 리스크관리 등 / 15. 그룹리스크협의회규정,risk_committee,162,"위험관리위원회는 위험관리위원회규정 제5조에 따라 분기 1회 소집함을 원칙으로 하며, 위원장은 필요한 경우 위원회를 수시로 소집할 수 있습니다. 2025년에는 총14회의 위험관리위원회가 개최되었고, 기간 중 부의된 안건은 총 51건이며, 위험관리위원회 위원은 모든 회차에 100% 참석하였습니다.",,dart_out/raw/governance/신한금융지주/신한금융지주_지배구조연차보고서_2026.pdf,https://www.shinhangroup.com/main/downloadAttach?attachNo=55653e68caad4dffa2f2e55c8401e6cb&seq=1,239f924252b0b185613c424cca9a5689e0850dc32498bdbb36c46e8e99891564,b2fa0c76f55bd85c13c661a71bddafd67cb81e7399cd75c1411fca8199c6e035
신한금융지주,FY2025,연차보고서,연차보고서__신한금융지주_지배구조연차보고서_2026,나. 지배구조 현황 / 2. 이사회 / 사. 선임사외이사 및 지원부서 활동내역 / 8. 위험관리위원회 / 9. 내부통제위원회 / 13. 그룹리스크협의회 / 2. 보수체계 / 제8장 내부통제 및 리스크관리 등 / 15. 그룹리스크협의회규정,group_council,193,당사 그룹리스크협의회는 그룹리스크협의회규정 제2조에 따라 지주회사와 자회사 리스크정책 및 전략을 일관되게 유지하기 위하여 그룹의 제반 리스크관련 사항을 협의하고 위험관리위원회에서 정한 정책을 수행하기 위하여 필요한 사항을 의결합니다.,,dart_out/raw/governance/신한금융지주/신한금융지주_지배구조연차보고서_2026.pdf,https://www.shinhangroup.com/main/downloadAttach?attachNo=55653e68caad4dffa2f2e55c8401e6cb&seq=1,239f924252b0b185613c424cca9a5689e0850dc32498bdbb36c46e8e99891564,b2fa0c76f55bd85c13c661a71bddafd67cb81e7399cd75c1411fca8199c6e035
신한금융지주,FY2025,연차보고서,연차보고서__신한금융지주_지배구조연차보고서_2026,나. 지배구조 현황 / 2. 이사회 / 사. 선임사외이사 및 지원부서 활동내역 / 8. 위험관리위원회 / 9. 내부통제위원회 / 13. 그룹리스크협의회 / 2. 보수체계 / 제8장 내부통제 및 리스크관리 등 / 15. 그룹리스크협의회규정,group_council,193,"그룹리스크협의회는 그룹리스크협의회규정 제3조에 따라 당사의 위험관리책임자, 『금융회사의 지배구조에 관한 법률』 에 따른 자회사의 위험관리책임자로 구성되어 있습니다. 그룹리스크협의회의 위원장은 당사의 위험관리책임자이며, 위원장은 협의안건에 따라 위험관리책임자가 아닌 자회사의 소관업무담당 최고책임자를 위원으로 지정하여 협의회에 참석시킬 수 있습니다.",,dart_out/raw/governance/신한금융지주/신한금융지주_지배구조연차보고서_2026.pdf,https://www.shinhangroup.com/main/downloadAttach?attachNo=55653e68caad4dffa2f2e55c8401e6cb&seq=1,239f924252b0b185613c424cca9a5689e0850dc32498bdbb36c46e8e99891564,b2fa0c76f55bd85c13c661a71bddafd67cb81e7399cd75c1411fca8199c6e035
신한금융지주,FY2025,연차보고서,연차보고서__신한금융지주_지배구조연차보고서_2026,나. 지배구조 현황 / 2. 이사회 / 사. 선임사외이사 및 지원부서 활동내역 / 8. 위험관리위원회 / 9. 내부통제위원회 / 13. 그룹리스크협의회 / 2. 보수체계 / 제8장 내부통제 및 리스크관리 등 / 15. 그룹리스크협의회규정,group_council,194,"당사 그룹리스크협의회는 그룹리스크협의회규정 제4조에 따라 분기 1회 개최하는 것을 원칙으로 하며, 위원장이 필요하다고 인정하는 때 또는 위원의 요청에 의해 수시로 소집합니다.",,dart_out/raw/governance/신한금융지주/신한금융지주_지배구조연차보고서_2026.pdf,https://www.shinhangroup.com/main/downloadAttach?attachNo=55653e68caad4dffa2f2e55c8401e6cb&seq=1,239f924252b0b185613c424cca9a5689e0850dc32498bdbb36c46e8e99891564,b2fa0c76f55bd85c13c661a71bddafd67cb81e7399cd75c1411fca8199c6e035
신한금융지주,FY2025,연차보고서,연차보고서__신한금융지주_지배구조연차보고서_2026,나. 지배구조 현황 / 2. 이사회 / 사. 선임사외이사 및 지원부서 활동내역 / 8. 위험관리위원회 / 9. 내부통제위원회 / 13. 그룹리스크협의회 / 2. 보수체계 / 제8장 내부통제 및 리스크관리 등 / 15. 그룹리스크협의회규정,cro,249,"회사가 위험관리책임자를 임면하려는 경우에는 이사회의 의결을 거쳐야 하며, 해임할 경우에는 이사 총수의 3분의 2 이상의 찬성으로 의결한다.",,dart_out/raw/governance/신한금융지주/신한금융지주_지배구조연차보고서_2026.pdf,https://www.shinhangroup.com/main/downloadAttach?attachNo=55653e68caad4dffa2f2e55c8401e6cb&seq=1,239f924252b0b185613c424cca9a5689e0850dc32498bdbb36c46e8e99891564,b2fa0c76f55bd85c13c661a71bddafd67cb81e7399cd75c1411fca8199c6e035
신한금융지주,FY2025,연차보고서,연차보고서__신한금융지주_지배구조연차보고서_2026,나. 지배구조 현황 / 2. 이사회 / 사. 선임사외이사 및 지원부서 활동내역 / 8. 위험관리위원회 / 9. 내부통제위원회 / 13. 그룹리스크협의회 / 2. 보수체계 / 제8장 내부통제 및 리스크관리 등 / 15. 그룹리스크협의회규정,cro,249,위험관리책임자의 임기는 2년 이상으로 한다. 회사는 위험관리책임자에 대하여 회사의 재무적 경영성과와 연동하지 아니하는 별도의 보수지급 및 평가기준을 마련하여 운영한다.,,dart_out/raw/governance/신한금융지주/신한금융지주_지배구조연차보고서_2026.pdf,https://www.shinhangroup.com/main/downloadAttach?attachNo=55653e68caad4dffa2f2e55c8401e6cb&seq=1,239f924252b0b185613c424cca9a5689e0850dc32498bdbb36c46e8e99891564,b2fa0c76f55bd85c13c661a71bddafd67cb81e7399cd75c1411fca8199c6e035
신한금융지주,FY2025,연차보고서,연차보고서__신한금융지주_지배구조연차보고서_2026,나. 지배구조 현황 / 2. 이사회 / 사. 선임사외이사 및 지원부서 활동내역 / 8. 위험관리위원회 / 9. 내부통제위원회 / 13. 그룹리스크협의회 / 2. 보수체계 / 제8장 내부통제 및 리스크관리 등 / 15. 그룹리스크협의회규정,cro,28,"특히, 위험관리위원회 및 감사위원회의 운영실적은 반드시 위험관리책임자와 감사 담당 임원이 직접 보고하도록 운영함으로써 해당 위원회가 경영진과 독립된 위치에서 역할과 책임을 다할 수 있도록 지원하고 있습니다.",,dart_out/raw/governance/신한금융지주/신한금융지주_지배구조연차보고서_2026.pdf,https://www.shinhangroup.com/main/downloadAttach?attachNo=55653e68caad4dffa2f2e55c8401e6cb&seq=1,239f924252b0b185613c424cca9a5689e0850dc32498bdbb36c46e8e99891564,b2fa0c76f55bd85c13c661a71bddafd67cb81e7399cd75c1411fca8199c6e035
신한금융지주,FY2025,연차보고서,연차보고서__신한금융지주_지배구조연차보고서_2026,나. 지배구조 현황 / 2. 이사회 / 사. 선임사외이사 및 지원부서 활동내역 / 8. 위험관리위원회 / 9. 내부통제위원회 / 13. 그룹리스크협의회 / 2. 보수체계 / 제8장 내부통제 및 리스크관리 등 / 15. 그룹리스크협의회규정,raf,160,"위험관리위원회규정 제6조 제1항 제2호에 따라 위험관리위원회는 그룹의 리스크를 자기자본 대비 적정수준으로 관리하기 위하여 위험관리 계획을 수립하고 있으며, 그룹 및 자회사별 최소자기자본비율을 설정합니다.",,dart_out/raw/governance/신한금융지주/신한금융지주_지배구조연차보고서_2026.pdf,https://www.shinhangroup.com/main/downloadAttach?attachNo=55653e68caad4dffa2f2e55c8401e6cb&seq=1,239f924252b0b185613c424cca9a5689e0850dc32498bdbb36c46e8e99891564,b2fa0c76f55bd85c13c661a71bddafd67cb81e7399cd75c1411fca8199c6e035
신한금융지주,FY2025,연차보고서,연차보고서__신한금융지주_지배구조연차보고서_2026,나. 지배구조 현황 / 2. 이사회 / 사. 선임사외이사 및 지원부서 활동내역 / 8. 위험관리위원회 / 9. 내부통제위원회 / 13. 그룹리스크협의회 / 2. 보수체계 / 제8장 내부통제 및 리스크관리 등 / 15. 그룹리스크협의회규정,raf,160,"또한 그룹 자본비율 관리 목표와 대내외 금융환경 등을 고려하여 그룹 위험성향과 리스크한도, 자회사별 리스크 총한도를 설정하고 있으며, 자회사는 지주회사 위험관리위원회가 설정한 리스크한도 이내에서 자회사별 리스크총한도와 리스크 유형별 한도를 설정•운영하고 있습니다.",,dart_out/raw/governance/신한금융지주/신한금융지주_지배구조연차보고서_2026.pdf,https://www.shinhangroup.com/main/downloadAttach?attachNo=55653e68caad4dffa2f2e55c8401e6cb&seq=1,239f924252b0b185613c424cca9a5689e0850dc32498bdbb36c46e8e99891564,b2fa0c76f55bd85c13c661a71bddafd67cb81e7399cd75c1411fca8199c6e035
신한금융지주,FY2025,연차보고서,연차보고서__신한금융지주_지배구조연차보고서_2026,나. 지배구조 현황 / 2. 이사회 / 사. 선임사외이사 및 지원부서 활동내역 / 8. 위험관리위원회 / 9. 내부통제위원회 / 13. 그룹리스크협의회 / 2. 보수체계 / 제8장 내부통제 및 리스크관리 등 / 15. 그룹리스크협의회규정,raf,161,"위험관리위원회규정 제6조 제1항 제3호에 따라 중점관리영역에 대한 그룹차원의 편중리스크 관리를 위해 중점관리영역 그룹익스포저 한도 설정 및 관리를 그룹리스크협의회에 위임하고, 한도 설정 내역과 관리 현황을 매분기 보고 받고 있습니다.",,dart_out/raw/governance/신한금융지주/신한금융지주_지배구조연차보고서_2026.pdf,https://www.shinhangroup.com/main/downloadAttach?attachNo=55653e68caad4dffa2f2e55c8401e6cb&seq=1,239f924252b0b185613c424cca9a5689e0850dc32498bdbb36c46e8e99891564,b2fa0c76f55bd85c13c661a71bddafd67cb81e7399cd75c1411fca8199c6e035
신한금융지주,FY2025,연차보고서,연차보고서__신한금융지주_지배구조연차보고서_2026,나. 지배구조 현황 / 2. 이사회 / 사. 선임사외이사 및 지원부서 활동내역 / 8. 위험관리위원회 / 9. 내부통제위원회 / 13. 그룹리스크협의회 / 2. 보수체계 / 제8장 내부통제 및 리스크관리 등 / 15. 그룹리스크협의회규정,measurement,169,"금융감독원에 매년 제출하는 내부자본적정성 평가 보고서에 대해 위험관리위원회에 보고하고 있습니다. 주요 내용으로 리스크 지배구조, 가용자본 및 내부자본 현황, 스트레스 테스트 실시 내역 등에 대해 위험관리위원회에 보고하였습니다.",,dart_out/raw/governance/신한금융지주/신한금융지주_지배구조연차보고서_2026.pdf,https://www.shinhangroup.com/main/downloadAttach?attachNo=55653e68caad4dffa2f2e55c8401e6cb&seq=1,239f924252b0b185613c424cca9a5689e0850dc32498bdbb36c46e8e99891564,b2fa0c76f55bd85c13c661a71bddafd67cb81e7399cd75c1411fca8199c6e035
신한금융지주,FY2025,연차보고서,연차보고서__신한금융지주_지배구조연차보고서_2026,나. 지배구조 현황 / 2. 이사회 / 사. 선임사외이사 및 지원부서 활동내역 / 8. 위험관리위원회 / 9. 내부통제위원회 / 13. 그룹리스크협의회 / 2. 보수체계 / 제8장 내부통제 및 리스크관리 등 / 15. 그룹리스크협의회규정,measurement,163,"위험자본의 질적 성장 및 위험 대비 수익성 제고를 위하여 내부자본(리스크) 기준의 위험조정 성과평가지표를 운영하고 있으며, 자회사별 현황 및 목표 수준 등을 보고하였습니다.",,dart_out/raw/governance/신한금융지주/신한금융지주_지배구조연차보고서_2026.pdf,https://www.shinhangroup.com/main/downloadAttach?attachNo=55653e68caad4dffa2f2e55c8401e6cb&seq=1,239f924252b0b185613c424cca9a5689e0850dc32498bdbb36c46e8e99891564,b2fa0c76f55bd85c13c661a71bddafd67cb81e7399cd75c1411fca8199c6e035
신한금융지주,FY2025,연차보고서,연차보고서__신한금융지주_지배구조연차보고서_2026,나. 지배구조 현황 / 2. 이사회 / 사. 선임사외이사 및 지원부서 활동내역 / 8. 위험관리위원회 / 9. 내부통제위원회 / 13. 그룹리스크협의회 / 2. 보수체계 / 제8장 내부통제 및 리스크관리 등 / 15. 그룹리스크협의회규정,measurement,169,그룹 소매(소매SOHO포함) 내부등급법 적용대상 신용평가모형 및 리스크측정요소에 대한 사후검증 결과를 보고하였습니다.,,dart_out/raw/governance/신한금융지주/신한금융지주_지배구조연차보고서_2026.pdf,https://www.shinhangroup.com/main/downloadAttach?attachNo=55653e68caad4dffa2f2e55c8401e6cb&seq=1,239f924252b0b185613c424cca9a5689e0850dc32498bdbb36c46e8e99891564,b2fa0c76f55bd85c13c661a71bddafd67cb81e7399cd75c1411fca8199c6e035
신한금융지주,FY2025,연차보고서,연차보고서__신한금융지주_지배구조연차보고서_2026,나. 지배구조 현황 / 2. 이사회 / 사. 선임사외이사 및 지원부서 활동내역 / 8. 위험관리위원회 / 9. 내부통제위원회 / 13. 그룹리스크협의회 / 2. 보수체계 / 제8장 내부통제 및 리스크관리 등 / 15. 그룹리스크협의회규정,reporting,163,"당사는 분기 단위로 위험관리위원회가 결정한 부담 가능한 리스크 수준 대비 운영 현황, 주요 리스크 관리 관련 모니터링 현황 등을 보고하고 있습니다.",,dart_out/raw/governance/신한금융지주/신한금융지주_지배구조연차보고서_2026.pdf,https://www.shinhangroup.com/main/downloadAttach?attachNo=55653e68caad4dffa2f2e55c8401e6cb&seq=1,239f924252b0b185613c424cca9a5689e0850dc32498bdbb36c46e8e99891564,b2fa0c76f55bd85c13c661a71bddafd67cb81e7399cd75c1411fca8199c6e035
신한금융지주,FY2025,연차보고서,연차보고서__신한금융지주_지배구조연차보고서_2026,나. 지배구조 현황 / 2. 이사회 / 사. 선임사외이사 및 지원부서 활동내역 / 8. 위험관리위원회 / 9. 내부통제위원회 / 13. 그룹리스크협의회 / 2. 보수체계 / 제8장 내부통제 및 리스크관리 등 / 15. 그룹리스크협의회규정,reporting,161,"그룹의 리스크관리 주요 지표 및 관리 체계 현황, 그룹의 익스포저 한도 관리 현황, 해외 법인의 리스크관리현황 등을 매 분기 보고 받고 자회사 등과 연결한 주요 리스크 변동 상황을 종합적으로 인식하고 모니터링 합니다.",,dart_out/raw/governance/신한금융지주/신한금융지주_지배구조연차보고서_2026.pdf,https://www.shinhangroup.com/main/downloadAttach?attachNo=55653e68caad4dffa2f2e55c8401e6cb&seq=1,239f924252b0b185613c424cca9a5689e0850dc32498bdbb36c46e8e99891564,b2fa0c76f55bd85c13c661a71bddafd67cb81e7399cd75c1411fca8199c6e035
신한금융지주,FY2025,연차보고서,연차보고서__신한금융지주_지배구조연차보고서_2026,나. 지배구조 현황 / 2. 이사회 / 사. 선임사외이사 및 지원부서 활동내역 / 8. 위험관리위원회 / 9. 내부통제위원회 / 13. 그룹리스크협의회 / 2. 보수체계 / 제8장 내부통제 및 리스크관리 등 / 15. 그룹리스크협의회규정,reporting,298,"각 자회사의 리스크관리부서는 결의 및 협의사항에 대한 실행 결과를 회사 리스크관리팀에 보고하여야 하며, 협의회의 간사는 실행 결과를 위원장과 협의회 의 차기 회의에 보고하여야 한다.",,dart_out/raw/governance/신한금융지주/신한금융지주_지배구조연차보고서_2026.pdf,https://www.shinhangroup.com/main/downloadAttach?attachNo=55653e68caad4dffa2f2e55c8401e6cb&seq=1,239f924252b0b185613c424cca9a5689e0850dc32498bdbb36c46e8e99891564,b2fa0c76f55bd85c13c661a71bddafd67cb81e7399cd75c1411fca8199c6e035
신한금융지주,FY2025,연차보고서,연차보고서__신한금융지주_지배구조연차보고서_2026,나. 지배구조 현황 / 2. 이사회 / 사. 선임사외이사 및 지원부서 활동내역 / 8. 위험관리위원회 / 9. 내부통제위원회 / 13. 그룹리스크협의회 / 2. 보수체계 / 제8장 내부통제 및 리스크관리 등 / 15. 그룹리스크협의회규정,stress,163,"당사는 매반기별로 그룹 통합위기상황분석을 수행 중이며, 2025년 제1회 그룹리스크협의회에서 결의한 2024년 12월말 기준 그룹 통합위기상황분석 실시 계획에 대해 위험관리위원회에 보고하였습니다.",,dart_out/raw/governance/신한금융지주/신한금융지주_지배구조연차보고서_2026.pdf,https://www.shinhangroup.com/main/downloadAttach?attachNo=55653e68caad4dffa2f2e55c8401e6cb&seq=1,239f924252b0b185613c424cca9a5689e0850dc32498bdbb36c46e8e99891564,b2fa0c76f55bd85c13c661a71bddafd67cb81e7399cd75c1411fca8199c6e035
신한금융지주,FY2025,연차보고서,연차보고서__신한금융지주_지배구조연차보고서_2026,나. 지배구조 현황 / 2. 이사회 / 사. 선임사외이사 및 지원부서 활동내역 / 8. 위험관리위원회 / 9. 내부통제위원회 / 13. 그룹리스크협의회 / 2. 보수체계 / 제8장 내부통제 및 리스크관리 등 / 15. 그룹리스크협의회규정,stress,165,"2025년 제2회 위험관리위원회에서 보고한 그룹 통합위기상황분석 실시 계획에 따라 수행한 결과를 보고하고, 위기 상황 시의 자본관리계획 및 비상조달계획에 대해 결의하였습니다.",,dart_out/raw/governance/신한금융지주/신한금융지주_지배구조연차보고서_2026.pdf,https://www.shinhangroup.com/main/downloadAttach?attachNo=55653e68caad4dffa2f2e55c8401e6cb&seq=1,239f924252b0b185613c424cca9a5689e0850dc32498bdbb36c46e8e99891564,b2fa0c76f55bd85c13c661a71bddafd67cb81e7399cd75c1411fca8199c6e035
신한금융지주,FY2025,연차보고서,연차보고서__신한금융지주_지배구조연차보고서_2026,나. 지배구조 현황 / 2. 이사회 / 사. 선임사외이사 및 지원부서 활동내역 / 8. 위험관리위원회 / 9. 내부통제위원회 / 13. 그룹리스크협의회 / 2. 보수체계 / 제8장 내부통제 및 리스크관리 등 / 15. 그룹리스크협의회규정,stress,167,자체정상화계획은 그룹의 위기상황 발생 시 사전에 마련된 정상화수단의 신속한 실행을 통해 그룹의 핵심기능 및 핵심사업을 유지하며 경영을 정상화하기 위한 사전 계획으로 이사회 결의 사항입니다.,,dart_out/raw/governance/신한금융지주/신한금융지주_지배구조연차보고서_2026.pdf,https://www.shinhangroup.com/main/downloadAttach?attachNo=55653e68caad4dffa2f2e55c8401e6cb&seq=1,239f924252b0b185613c424cca9a5689e0850dc32498bdbb36c46e8e99891564,b2fa0c76f55bd85c13c661a71bddafd67cb81e7399cd75c1411fca8199c6e035
신한금융지주,FY2025,연차보고서,연차보고서__신한금융지주_지배구조연차보고서_2026,나. 지배구조 현황 / 2. 이사회 / 사. 선임사외이사 및 지원부서 활동내역 / 8. 위험관리위원회 / 9. 내부통제위원회 / 13. 그룹리스크협의회 / 2. 보수체계 / 제8장 내부통제 및 리스크관리 등 / 15. 그룹리스크협의회규정,oprisk,162,"또한, 자회사 위험관리위원회 결의 및 보고사항, 그룹의 리스크관리 주요 지표 및 위기 관리 현황, 운영리스크 관리 현황, 고객자산리스크 관리 현황 등을 매분기 보고 받았습니다.",,dart_out/raw/governance/신한금융지주/신한금융지주_지배구조연차보고서_2026.pdf,https://www.shinhangroup.com/main/downloadAttach?attachNo=55653e68caad4dffa2f2e55c8401e6cb&seq=1,239f924252b0b185613c424cca9a5689e0850dc32498bdbb36c46e8e99891564,b2fa0c76f55bd85c13c661a71bddafd67cb81e7399cd75c1411fca8199c6e035
신한금융지주,FY2025,연차보고서,연차보고서__신한금융지주_지배구조연차보고서_2026,나. 지배구조 현황 / 2. 이사회 / 사. 선임사외이사 및 지원부서 활동내역 / 8. 위험관리위원회 / 9. 내부통제위원회 / 13. 그룹리스크협의회 / 2. 보수체계 / 제8장 내부통제 및 리스크관리 등 / 15. 그룹리스크협의회규정,oprisk,168,그룹 운영리스크 손실데이터 관리체계 사후검증 결과 보고 : 그룹 운영리스크 손실데이터 관리 및 인식 체계 전반에 대한 적정성 점검 결과를 보고하였습니다.,,dart_out/raw/governance/신한금융지주/신한금융지주_지배구조연차보고서_2026.pdf,https://www.shinhangroup.com/main/downloadAttach?attachNo=55653e68caad4dffa2f2e55c8401e6cb&seq=1,239f924252b0b185613c424cca9a5689e0850dc32498bdbb36c46e8e99891564,b2fa0c76f55bd85c13c661a71bddafd67cb81e7399cd75c1411fca8199c6e035
신한금융지주,FY2025,연차보고서,연차보고서__신한금융지주_지배구조연차보고서_2026,나. 지배구조 현황 / 2. 이사회 / 사. 선임사외이사 및 지원부서 활동내역 / 8. 위험관리위원회 / 9. 내부통제위원회 / 13. 그룹리스크협의회 / 2. 보수체계 / 제8장 내부통제 및 리스크관리 등 / 15. 그룹리스크협의회규정,oprisk,174,보고 3호 안건인 ‘2025년도 그룹 운영리스크 관리 방향 보고’는 그룹 차원 운영리스크 관리체계의 지속적인 개선을 위해 점검 체계를 강화•운영 추진 사항을 보고 하였습니다.,,dart_out/raw/governance/신한금융지주/신한금융지주_지배구조연차보고서_2026.pdf,https://www.shinhangroup.com/main/downloadAttach?attachNo=55653e68caad4dffa2f2e55c8401e6cb&seq=1,239f924252b0b185613c424cca9a5689e0850dc32498bdbb36c46e8e99891564,b2fa0c76f55bd85c13c661a71bddafd67cb81e7399cd75c1411fca8199c6e035
신한금융지주,FY2025,연차보고서,연차보고서__신한금융지주_지배구조연차보고서_2026,나. 지배구조 현황 / 2. 이사회 / 사. 선임사외이사 및 지원부서 활동내역 / 8. 위험관리위원회 / 9. 내부통제위원회 / 13. 그룹리스크협의회 / 2. 보수체계 / 제8장 내부통제 및 리스크관리 등 / 15. 그룹리스크협의회규정,compensation,210,"지주회사 CEO에 대해서는 재무 성과지표로 그룹KPI 항목인 주주가치 관련 지표(총주주수익률), 수익성 지표(ROE, ROTCE), 건전성 지표(고정이하여신비율), 리스크 관련 지표(RAROC), 효율성 지표(총이익경비율) 등을 사용하고 있습니다.",,dart_out/raw/governance/신한금융지주/신한금융지주_지배구조연차보고서_2026.pdf,https://www.shinhangroup.com/main/downloadAttach?attachNo=55653e68caad4dffa2f2e55c8401e6cb&seq=1,239f924252b0b185613c424cca9a5689e0850dc32498bdbb36c46e8e99891564,b2fa0c76f55bd85c13c661a71bddafd67cb81e7399cd75c1411fca8199c6e035
신한금융지주,FY2025,연차보고서,연차보고서__신한금융지주_지배구조연차보고서_2026,나. 지배구조 현황 / 2. 이사회 / 사. 선임사외이사 및 지원부서 활동내역 / 8. 위험관리위원회 / 9. 내부통제위원회 / 13. 그룹리스크협의회 / 2. 보수체계 / 제8장 내부통제 및 리스크관리 등 / 15. 그룹리스크협의회규정,compensation,210,"당사의 성과보수는 연간성과급과 장기성과급으로 구성되어 있으며, 전체 성과보수 중 장기성과급 비중을 일반 임원은 50% 이상, 최고 경영진은 60% 이상으로 구성하고 있습니다. 이 중 연간성과급은 전년도 성과평가 결과에 따라 현금으로 일시 지급하며, 장기성과급은 부여 이후 4년간의 성과평가 결과에 따라 일괄 이연지급하고 있습니다.",,dart_out/raw/governance/신한금융지주/신한금융지주_지배구조연차보고서_2026.pdf,https://www.shinhangroup.com/main/downloadAttach?attachNo=55653e68caad4dffa2f2e55c8401e6cb&seq=1,239f924252b0b185613c424cca9a5689e0850dc32498bdbb36c46e8e99891564,b2fa0c76f55bd85c13c661a71bddafd67cb81e7399cd75c1411fca8199c6e035
신한금융지주,FY2025,연차보고서,연차보고서__신한금융지주_지배구조연차보고서_2026,나. 지배구조 현황 / 2. 이사회 / 사. 선임사외이사 및 지원부서 활동내역 / 8. 위험관리위원회 / 9. 내부통제위원회 / 13. 그룹리스크협의회 / 2. 보수체계 / 제8장 내부통제 및 리스크관리 등 / 15. 그룹리스크협의회규정,compensation,210,"아울러 성과급 지급 이전에 본인의 귀책사유로 퇴임하거나, 회사에 손해를 초래하거나, 감독기관의 중징계를 받는 등의 사유가 발생할 경우 성과보수액을 환수할 수 있도록 하여 보수액을 조정하고 있습니다.",,dart_out/raw/governance/신한금융지주/신한금융지주_지배구조연차보고서_2026.pdf,https://www.shinhangroup.com/main/downloadAttach?attachNo=55653e68caad4dffa2f2e55c8401e6cb&seq=1,239f924252b0b185613c424cca9a5689e0850dc32498bdbb36c46e8e99891564,b2fa0c76f55bd85c13c661a71bddafd67cb81e7399cd75c1411fca8199c6e035
신한금융지주,FY2025,연차보고서,연차보고서__신한금융지주_지배구조연차보고서_2026,나. 지배구조 현황 / 2. 이사회 / 사. 선임사외이사 및 지원부서 활동내역 / 8. 위험관리위원회 / 9. 내부통제위원회 / 13. 그룹리스크협의회 / 2. 보수체계 / 제8장 내부통제 및 리스크관리 등 / 15. 그룹리스크협의회규정,org,14,리스크관리팀 (14명),,dart_out/raw/governance/신한금융지주/신한금융지주_지배구조연차보고서_2026.pdf,https://www.shinhangroup.com/main/downloadAttach?attachNo=55653e68caad4dffa2f2e55c8401e6cb&seq=1,239f924252b0b185613c424cca9a5689e0850dc32498bdbb36c46e8e99891564,b2fa0c76f55bd85c13c661a71bddafd67cb81e7399cd75c1411fca8199c6e035
신한금융지주,FY2025,연차보고서,연차보고서__신한금융지주_지배구조연차보고서_2026,나. 지배구조 현황 / 2. 이사회 / 사. 선임사외이사 및 지원부서 활동내역 / 8. 위험관리위원회 / 9. 내부통제위원회 / 13. 그룹리스크협의회 / 2. 보수체계 / 제8장 내부통제 및 리스크관리 등 / 15. 그룹리스크협의회규정,org,160,④ 영업부문과 독립적인 리스크 관리 조직을 구성하고 운영한다.,,dart_out/raw/governance/신한금융지주/신한금융지주_지배구조연차보고서_2026.pdf,https://www.shinhangroup.com/main/downloadAttach?attachNo=55653e68caad4dffa2f2e55c8401e6cb&seq=1,239f924252b0b185613c424cca9a5689e0850dc32498bdbb36c46e8e99891564,b2fa0c76f55bd85c13c661a71bddafd67cb81e7399cd75c1411fca8199c6e035
신한금융지주,FY2025,연차보고서,연차보고서__신한금융지주_지배구조연차보고서_2026,나. 지배구조 현황 / 2. 이사회 / 사. 선임사외이사 및 지원부서 활동내역 / 8. 위험관리위원회 / 9. 내부통제위원회 / 13. 그룹리스크협의회 / 2. 보수체계 / 제8장 내부통제 및 리스크관리 등 / 15. 그룹리스크협의회규정,org,129,"또한 일부 이사회내위원회는 유관 업무를 담당하는 회사 내 부서에서 지원하고 있으며, 해당 부서는 감사팀(감사위원회), 준법지원팀(내부통제위원회), 리스크관리팀 (위험관리위원회), SDGs기획팀(ESG전략위원회), 신한리더십센터(보수위원회, 회장후보추천위원회, 자회사최고경영자후보추천위원회) 입니다.",,dart_out/raw/governance/신한금융지주/신한금융지주_지배구조연차보고서_2026.pdf,https://www.shinhangroup.com/main/downloadAttach?attachNo=55653e68caad4dffa2f2e55c8401e6cb&seq=1,239f924252b0b185613c424cca9a5689e0850dc32498bdbb36c46e8e99891564,b2fa0c76f55bd85c13c661a71bddafd67cb81e7399cd75c1411fca8199c6e035
하나금융지주,FY2025,연차보고서,연차보고서__하나금융지주_지배구조연차보고서_2026,2. 이사회 / 8. 리스크관리위원회 / 14. 리스크관리집행위원회 / 1. 보수위원회 / 2. 보수체계 / 2. 지배구조 내부규범,risk_committee,226,"2025년도 리스크관리위원회 위원은 4인의 사외이사로 구성되어 있으며, 리스크관리의 독립성을 확보하기 위하여 관련 분야의 전문지식과 풍부한 경험을 보유한 사외이사로 적절하게 구성되어 있습니다.",,dart_out/raw/governance/하나금융지주/하나금융지주_지배구조연차보고서_2026.pdf,https://www.hanafn.com:8002/download/10072114/crossDownload.do,e0f7dfd42aee1e195ce4c42c4a7124f065a66d725ec5d9b6f9bdcb1aa3a6696e,503e6751ba2f9a8e885e174cf7c8203e84ba1ab097d784da11891a3a79777d64
하나금융지주,FY2025,연차보고서,연차보고서__하나금융지주_지배구조연차보고서_2026,2. 이사회 / 8. 리스크관리위원회 / 14. 리스크관리집행위원회 / 1. 보수위원회 / 2. 보수체계 / 2. 지배구조 내부규범,risk_committee,29,"리스크관리위원회에서는 리스크관리 기본방침 수립, 리스크 허용한도의 설정, 리스크 관련 규정의 제☞개정 등 리스크에 대한 정책 및 기본관리계획을 수립☞승인하고 이를 종합적으로 관리하고 있습니다.",,dart_out/raw/governance/하나금융지주/하나금융지주_지배구조연차보고서_2026.pdf,https://www.hanafn.com:8002/download/10072114/crossDownload.do,e0f7dfd42aee1e195ce4c42c4a7124f065a66d725ec5d9b6f9bdcb1aa3a6696e,503e6751ba2f9a8e885e174cf7c8203e84ba1ab097d784da11891a3a79777d64
하나금융지주,FY2025,연차보고서,연차보고서__하나금융지주_지배구조연차보고서_2026,2. 이사회 / 8. 리스크관리위원회 / 14. 리스크관리집행위원회 / 1. 보수위원회 / 2. 보수체계 / 2. 지배구조 내부규범,risk_committee,227,"2025년에는 총 10회의 리스크관리위원회가 개최되었고 위원들의 참석률은 100%입니다. 20 25년도 의안은 심의 의안 3건, 결의 의안 16건 및 보고 의안 15건으로 총 34건이었습니다.",,dart_out/raw/governance/하나금융지주/하나금융지주_지배구조연차보고서_2026.pdf,https://www.hanafn.com:8002/download/10072114/crossDownload.do,e0f7dfd42aee1e195ce4c42c4a7124f065a66d725ec5d9b6f9bdcb1aa3a6696e,503e6751ba2f9a8e885e174cf7c8203e84ba1ab097d784da11891a3a79777d64
하나금융지주,FY2025,연차보고서,연차보고서__하나금융지주_지배구조연차보고서_2026,2. 이사회 / 8. 리스크관리위원회 / 14. 리스크관리집행위원회 / 1. 보수위원회 / 2. 보수체계 / 2. 지배구조 내부규범,group_council,285,리스크관리집행위원회는 위험관리업무의 효율적 수행을 위해 리스크관리위원회로부터 위임받은 세부적인 사항을 수립 및 수행하는 역할을 수행하고 있습니다.,,dart_out/raw/governance/하나금융지주/하나금융지주_지배구조연차보고서_2026.pdf,https://www.hanafn.com:8002/download/10072114/crossDownload.do,e0f7dfd42aee1e195ce4c42c4a7124f065a66d725ec5d9b6f9bdcb1aa3a6696e,503e6751ba2f9a8e885e174cf7c8203e84ba1ab097d784da11891a3a79777d64
하나금융지주,FY2025,연차보고서,연차보고서__하나금융지주_지배구조연차보고서_2026,2. 이사회 / 8. 리스크관리위원회 / 14. 리스크관리집행위원회 / 1. 보수위원회 / 2. 보수체계 / 2. 지배구조 내부규범,group_council,285,"리스크관리집행위원회규정 제2조에 따라 리스크관리집행위원회는 그룹리스크관리담당임원, 그룹리스크관리담당부서장 및 관계회사 리스크관리담당임원 중 집행위원장이 정하는 자로 구성되어 있습니다.",,dart_out/raw/governance/하나금융지주/하나금융지주_지배구조연차보고서_2026.pdf,https://www.hanafn.com:8002/download/10072114/crossDownload.do,e0f7dfd42aee1e195ce4c42c4a7124f065a66d725ec5d9b6f9bdcb1aa3a6696e,503e6751ba2f9a8e885e174cf7c8203e84ba1ab097d784da11891a3a79777d64
하나금융지주,FY2025,연차보고서,연차보고서__하나금융지주_지배구조연차보고서_2026,2. 이사회 / 8. 리스크관리위원회 / 14. 리스크관리집행위원회 / 1. 보수위원회 / 2. 보수체계 / 2. 지배구조 내부규범,group_council,286,"2025년도에는 총 14회의 리스크관리집행위원회가 개최되었고, 심의 의안 총 28건, 결의 의안 총 4건, 보고 의안 32건으로 총 64건의 의안이 상정되었습니다.",,dart_out/raw/governance/하나금융지주/하나금융지주_지배구조연차보고서_2026.pdf,https://www.hanafn.com:8002/download/10072114/crossDownload.do,e0f7dfd42aee1e195ce4c42c4a7124f065a66d725ec5d9b6f9bdcb1aa3a6696e,503e6751ba2f9a8e885e174cf7c8203e84ba1ab097d784da11891a3a79777d64
하나금융지주,FY2025,연차보고서,연차보고서__하나금융지주_지배구조연차보고서_2026,2. 이사회 / 8. 리스크관리위원회 / 14. 리스크관리집행위원회 / 1. 보수위원회 / 2. 보수체계 / 2. 지배구조 내부규범,cro,29,"또한, 그룹 리스크관리 담당 임원(Group Chief Risk Officer) 은 리스크관리위원회에서 결의된 사항 및 주요 리스크 현안에 대하여 이사회에 정기적으로 보고하고, 이사회는 동 내용을 검토함으로써 리스크관리기준에 대한 평가 적정성을 확보하고 있습니다.",,dart_out/raw/governance/하나금융지주/하나금융지주_지배구조연차보고서_2026.pdf,https://www.hanafn.com:8002/download/10072114/crossDownload.do,e0f7dfd42aee1e195ce4c42c4a7124f065a66d725ec5d9b6f9bdcb1aa3a6696e,503e6751ba2f9a8e885e174cf7c8203e84ba1ab097d784da11891a3a79777d64
하나금융지주,FY2025,연차보고서,연차보고서__하나금융지주_지배구조연차보고서_2026,2. 이사회 / 8. 리스크관리위원회 / 14. 리스크관리집행위원회 / 1. 보수위원회 / 2. 보수체계 / 2. 지배구조 내부규범,cro,371,"제2항에도 불구하고 그룹전략담당임원, 그룹재무담당임원, 그룹리스크관리담당임원(이하 ""주요업무집행책임자""라 한다), 그룹준법감시인, 위험관리책임자 및 그룹감사담당임원은 대표이사의 추천을 거쳐 이사회의 결의로 임면한다.",,dart_out/raw/governance/하나금융지주/하나금융지주_지배구조연차보고서_2026.pdf,https://www.hanafn.com:8002/download/10072114/crossDownload.do,e0f7dfd42aee1e195ce4c42c4a7124f065a66d725ec5d9b6f9bdcb1aa3a6696e,503e6751ba2f9a8e885e174cf7c8203e84ba1ab097d784da11891a3a79777d64
하나금융지주,FY2025,연차보고서,연차보고서__하나금융지주_지배구조연차보고서_2026,2. 이사회 / 8. 리스크관리위원회 / 14. 리스크관리집행위원회 / 1. 보수위원회 / 2. 보수체계 / 2. 지배구조 내부규범,cro,371,준법감시인 및 위험관리책임자의 임기는 2년 이상으로 한다.,,dart_out/raw/governance/하나금융지주/하나금융지주_지배구조연차보고서_2026.pdf,https://www.hanafn.com:8002/download/10072114/crossDownload.do,e0f7dfd42aee1e195ce4c42c4a7124f065a66d725ec5d9b6f9bdcb1aa3a6696e,503e6751ba2f9a8e885e174cf7c8203e84ba1ab097d784da11891a3a79777d64
하나금융지주,FY2025,연차보고서,연차보고서__하나금융지주_지배구조연차보고서_2026,2. 이사회 / 8. 리스크관리위원회 / 14. 리스크관리집행위원회 / 1. 보수위원회 / 2. 보수체계 / 2. 지배구조 내부규범,raf,224,리스크관리위원회 규정 제5조 제1항 제2호에 따라 리스크관리위원회는 보유한 자기자본 대비 위험을 적정 수준으로 유지하기 위한 한도관리(규제자본 및 내부자본)체계를 수립하여 운영하고 있습니다.,,dart_out/raw/governance/하나금융지주/하나금융지주_지배구조연차보고서_2026.pdf,https://www.hanafn.com:8002/download/10072114/crossDownload.do,e0f7dfd42aee1e195ce4c42c4a7124f065a66d725ec5d9b6f9bdcb1aa3a6696e,503e6751ba2f9a8e885e174cf7c8203e84ba1ab097d784da11891a3a79777d64
하나금융지주,FY2025,연차보고서,연차보고서__하나금융지주_지배구조연차보고서_2026,2. 이사회 / 8. 리스크관리위원회 / 14. 리스크관리집행위원회 / 1. 보수위원회 / 2. 보수체계 / 2. 지배구조 내부규범,raf,224,"내부자본 한도는 가용자본 규모 및 경영계획 등을 감안한 리스크성향(Risk Appetite, 내부자본한도/가용자본)에 근거하여, 그룹 총한도 및 관계회사별 총한도, 리스크유형별(신용☞시장☞운영☞금리☞유동성☞보험리스크 등) 한도를 설정하고 있습니다.",,dart_out/raw/governance/하나금융지주/하나금융지주_지배구조연차보고서_2026.pdf,https://www.hanafn.com:8002/download/10072114/crossDownload.do,e0f7dfd42aee1e195ce4c42c4a7124f065a66d725ec5d9b6f9bdcb1aa3a6696e,503e6751ba2f9a8e885e174cf7c8203e84ba1ab097d784da11891a3a79777d64
하나금융지주,FY2025,연차보고서,연차보고서__하나금융지주_지배구조연차보고서_2026,2. 이사회 / 8. 리스크관리위원회 / 14. 리스크관리집행위원회 / 1. 보수위원회 / 2. 보수체계 / 2. 지배구조 내부규범,raf,236,"2026년 리스크한도 설정(안) : 그룹의 ‘기업가치 제고 계획’ 이행을 위해 목표자본비율을 고려한 효율적인 자본 배분 및 관리를 목적으로 그룹과 하나은행, 하나증권, 하나카드, 하나캐피탈, 하나생명보험, 하나손해보험, 하나저축은행, 하나자산신탁, 하나대체투자자산운용, 그리고 하나벤처스의 규제자본비율 한도, Risk Appetite 및 내부자본한도가 가결되었고, 동일차주 및 동일 개인법인 신용공여한도, 바젤 기준 거액익스포져 한도, 국가별 신용공여 한도, 산업별 신용공여 한도, 유동성리스크 한도, 해외 대체투자 한도가 가결되었습니다.",,dart_out/raw/governance/하나금융지주/하나금융지주_지배구조연차보고서_2026.pdf,https://www.hanafn.com:8002/download/10072114/crossDownload.do,e0f7dfd42aee1e195ce4c42c4a7124f065a66d725ec5d9b6f9bdcb1aa3a6696e,503e6751ba2f9a8e885e174cf7c8203e84ba1ab097d784da11891a3a79777d64
하나금융지주,FY2025,연차보고서,연차보고서__하나금융지주_지배구조연차보고서_2026,2. 이사회 / 8. 리스크관리위원회 / 14. 리스크관리집행위원회 / 1. 보수위원회 / 2. 보수체계 / 2. 지배구조 내부규범,measurement,235,2025년 그룹 내부자본적정성 평가 및 적합성검증 결과 : 그룹 내부자본 관리체계에 대한 자체 적정성 평가 결과 및 독립적 제3자의 적합성검증 결과에 대하여 보고받았습니다.,,dart_out/raw/governance/하나금융지주/하나금융지주_지배구조연차보고서_2026.pdf,https://www.hanafn.com:8002/download/10072114/crossDownload.do,e0f7dfd42aee1e195ce4c42c4a7124f065a66d725ec5d9b6f9bdcb1aa3a6696e,503e6751ba2f9a8e885e174cf7c8203e84ba1ab097d784da11891a3a79777d64
하나금융지주,FY2025,연차보고서,연차보고서__하나금융지주_지배구조연차보고서_2026,2. 이사회 / 8. 리스크관리위원회 / 14. 리스크관리집행위원회 / 1. 보수위원회 / 2. 보수체계 / 2. 지배구조 내부규범,measurement,339,"당사는 회사의 경영활동과 관련하여 신용리스크, 시장리스크, 운영리스크를 발생 가능한 주요 리스크로 인식하여 건전성 지표 및 자본적정성 지표를 측정 및 관리하고 있습니다.",,dart_out/raw/governance/하나금융지주/하나금융지주_지배구조연차보고서_2026.pdf,https://www.hanafn.com:8002/download/10072114/crossDownload.do,e0f7dfd42aee1e195ce4c42c4a7124f065a66d725ec5d9b6f9bdcb1aa3a6696e,503e6751ba2f9a8e885e174cf7c8203e84ba1ab097d784da11891a3a79777d64
하나금융지주,FY2025,연차보고서,연차보고서__하나금융지주_지배구조연차보고서_2026,2. 이사회 / 8. 리스크관리위원회 / 14. 리스크관리집행위원회 / 1. 보수위원회 / 2. 보수체계 / 2. 지배구조 내부규범,measurement,232,그룹 신용평가시스템 사용 승인 : 금융감독원의 신용리스크 내부등급법 변경승인 완료에 따라 그룹 기업신용평가모형 및 RC 변경 적용을 위하여 그룹 신용평가시스템 사용 승인이 가결되었습니다.,,dart_out/raw/governance/하나금융지주/하나금융지주_지배구조연차보고서_2026.pdf,https://www.hanafn.com:8002/download/10072114/crossDownload.do,e0f7dfd42aee1e195ce4c42c4a7124f065a66d725ec5d9b6f9bdcb1aa3a6696e,503e6751ba2f9a8e885e174cf7c8203e84ba1ab097d784da11891a3a79777d64
하나금융지주,FY2025,연차보고서,연차보고서__하나금융지주_지배구조연차보고서_2026,2. 이사회 / 8. 리스크관리위원회 / 14. 리스크관리집행위원회 / 1. 보수위원회 / 2. 보수체계 / 2. 지배구조 내부규범,reporting,224,"한편, 그룹 차원의 리스크정책 및 전략의 효율적 관리를 위하여 관계회사와의 적절한 보고체계를 구축하고 있어, 그룹의 리스크정책 및 전략이 적절하게 시행되고 있는지를 점검하기 위하여 관계회사의 리스크관리위원회 결의사항 등을 정기적으로 보고받고 있습니다(2025년도 총 4회: 제1회(1/23), 제3회(4/24), 제6회(7/24), 제8회(10/27)).",,dart_out/raw/governance/하나금융지주/하나금융지주_지배구조연차보고서_2026.pdf,https://www.hanafn.com:8002/download/10072114/crossDownload.do,e0f7dfd42aee1e195ce4c42c4a7124f065a66d725ec5d9b6f9bdcb1aa3a6696e,503e6751ba2f9a8e885e174cf7c8203e84ba1ab097d784da11891a3a79777d64
하나금융지주,FY2025,연차보고서,연차보고서__하나금융지주_지배구조연차보고서_2026,2. 이사회 / 8. 리스크관리위원회 / 14. 리스크관리집행위원회 / 1. 보수위원회 / 2. 보수체계 / 2. 지배구조 내부규범,reporting,225,"한도관리의 효율성 및 적시성 등을 위하여 산업별 신용공여한도의 일부인 부동산 PF 한도 등은 리스크관리집행위원회에 위임하여 관리하고 있으며, 리스크관리위원회에서 설정한 각종 한도 및 위임한 한도에 대한 모니터링 결과를 매 분기별로 보고하고 있습니다.",,dart_out/raw/governance/하나금융지주/하나금융지주_지배구조연차보고서_2026.pdf,https://www.hanafn.com:8002/download/10072114/crossDownload.do,e0f7dfd42aee1e195ce4c42c4a7124f065a66d725ec5d9b6f9bdcb1aa3a6696e,503e6751ba2f9a8e885e174cf7c8203e84ba1ab097d784da11891a3a79777d64
하나금융지주,FY2025,연차보고서,연차보고서__하나금융지주_지배구조연차보고서_2026,2. 이사회 / 8. 리스크관리위원회 / 14. 리스크관리집행위원회 / 1. 보수위원회 / 2. 보수체계 / 2. 지배구조 내부규범,reporting,285,"리스크관리집행위원회는 월 1회 소집함을 원칙으로 하되, 운영의 효율성을 위하여 위원장이 필요하다고 인정할 경우 수시로 소집할 수 있도록 하고 있습니다. 결의 의안은 재적위원 과반수의 찬성으로 결의하고, 결의된 내용은 리스크관리위원회에 보고하고 있으며, 관계회사 리스크관리부서에 전자문서로 통지하고 있습니다.",,dart_out/raw/governance/하나금융지주/하나금융지주_지배구조연차보고서_2026.pdf,https://www.hanafn.com:8002/download/10072114/crossDownload.do,e0f7dfd42aee1e195ce4c42c4a7124f065a66d725ec5d9b6f9bdcb1aa3a6696e,503e6751ba2f9a8e885e174cf7c8203e84ba1ab097d784da11891a3a79777d64
하나금융지주,FY2025,연차보고서,연차보고서__하나금융지주_지배구조연차보고서_2026,2. 이사회 / 8. 리스크관리위원회 / 14. 리스크관리집행위원회 / 1. 보수위원회 / 2. 보수체계 / 2. 지배구조 내부규범,stress,229,2025년 상반기 통합위기상황분석 시나리오 설정 : 2025 년 상반기 그룹 정기 통합위기상황분석 및 유동성위기상황분석 실시를 위한 위기상황 시나리오 설정이 가결되었습니다.,,dart_out/raw/governance/하나금융지주/하나금융지주_지배구조연차보고서_2026.pdf,https://www.hanafn.com:8002/download/10072114/crossDownload.do,e0f7dfd42aee1e195ce4c42c4a7124f065a66d725ec5d9b6f9bdcb1aa3a6696e,503e6751ba2f9a8e885e174cf7c8203e84ba1ab097d784da11891a3a79777d64
하나금융지주,FY2025,연차보고서,연차보고서__하나금융지주_지배구조연차보고서_2026,2. 이사회 / 8. 리스크관리위원회 / 14. 리스크관리집행위원회 / 1. 보수위원회 / 2. 보수체계 / 2. 지배구조 내부규범,stress,230,"2025년 상반기 통합위기상황분석 결과 및 대응방안 : 2025 년 상반기 위기상황 시나리오, 위기상황별 주요 거시 변수, 통합위기상황분석 및 유동성위기상황분석 결과를 보고받고, 그룹 자본관리계획과 시나리오별 유동성 과부족금액에 따른 그룹 비상조달계획이 가결되었습니다.",,dart_out/raw/governance/하나금융지주/하나금융지주_지배구조연차보고서_2026.pdf,https://www.hanafn.com:8002/download/10072114/crossDownload.do,e0f7dfd42aee1e195ce4c42c4a7124f065a66d725ec5d9b6f9bdcb1aa3a6696e,503e6751ba2f9a8e885e174cf7c8203e84ba1ab097d784da11891a3a79777d64
하나금융지주,FY2025,연차보고서,연차보고서__하나금융지주_지배구조연차보고서_2026,2. 이사회 / 8. 리스크관리위원회 / 14. 리스크관리집행위원회 / 1. 보수위원회 / 2. 보수체계 / 2. 지배구조 내부규범,stress,226,"또한, 금융산업의 구조개선에 관한 법률과 금융위원회의 금융체계상 중요한 금융기관 선정에 따라 당 그룹의 자체정상화계획을 이사회 의결을 거쳐 금융감독원 앞 제출하기 위하여 10월에 개최된 제7회 리스크관리위원회에서 2025년 자체정상화계획 정기갱신(안)을 심의하였습니다.",,dart_out/raw/governance/하나금융지주/하나금융지주_지배구조연차보고서_2026.pdf,https://www.hanafn.com:8002/download/10072114/crossDownload.do,e0f7dfd42aee1e195ce4c42c4a7124f065a66d725ec5d9b6f9bdcb1aa3a6696e,503e6751ba2f9a8e885e174cf7c8203e84ba1ab097d784da11891a3a79777d64
하나금융지주,FY2025,연차보고서,연차보고서__하나금융지주_지배구조연차보고서_2026,2. 이사회 / 8. 리스크관리위원회 / 14. 리스크관리집행위원회 / 1. 보수위원회 / 2. 보수체계 / 2. 지배구조 내부규범,compensation,340,"고정이하여신비율 및 RoRWA는 경영진의 성과평가 지표로 반영되고 있으며, 성과평가의 결과는 보수체계에 반영되고 있습니다.",,dart_out/raw/governance/하나금융지주/하나금융지주_지배구조연차보고서_2026.pdf,https://www.hanafn.com:8002/download/10072114/crossDownload.do,e0f7dfd42aee1e195ce4c42c4a7124f065a66d725ec5d9b6f9bdcb1aa3a6696e,503e6751ba2f9a8e885e174cf7c8203e84ba1ab097d784da11891a3a79777d64
하나금융지주,FY2025,연차보고서,연차보고서__하나금융지주_지배구조연차보고서_2026,2. 이사회 / 8. 리스크관리위원회 / 14. 리스크관리집행위원회 / 1. 보수위원회 / 2. 보수체계 / 2. 지배구조 내부규범,compensation,336,"또한, 장기성과급 지급 이전 해당 임직원의 재무성과 미달, 법률 위반, 업무상 중과실, 비윤리적 행위가 있는 경우에는 이연된 보수액에 대해 별도로 정한 기준에 따라 환수할 수 있도록 하여 성과급을 조정하고 있습니다.",,dart_out/raw/governance/하나금융지주/하나금융지주_지배구조연차보고서_2026.pdf,https://www.hanafn.com:8002/download/10072114/crossDownload.do,e0f7dfd42aee1e195ce4c42c4a7124f065a66d725ec5d9b6f9bdcb1aa3a6696e,503e6751ba2f9a8e885e174cf7c8203e84ba1ab097d784da11891a3a79777d64
하나금융지주,FY2025,연차보고서,연차보고서__하나금융지주_지배구조연차보고서_2026,2. 이사회 / 8. 리스크관리위원회 / 14. 리스크관리집행위원회 / 1. 보수위원회 / 2. 보수체계 / 2. 지배구조 내부규범,compensation,335,"한편, 업무의 독립성이 요구되는 리스크담당임원, 준법감시인, 감사업무담당임원의 경우에는 회사의 경영 성과와 연동하지 않는 지표로 성과평가지표를 구성하여 독립성을 확보하고 있습니다.",,dart_out/raw/governance/하나금융지주/하나금융지주_지배구조연차보고서_2026.pdf,https://www.hanafn.com:8002/download/10072114/crossDownload.do,e0f7dfd42aee1e195ce4c42c4a7124f065a66d725ec5d9b6f9bdcb1aa3a6696e,503e6751ba2f9a8e885e174cf7c8203e84ba1ab097d784da11891a3a79777d64
하나금융지주,FY2025,연차보고서,연차보고서__하나금융지주_지배구조연차보고서_2026,2. 이사회 / 8. 리스크관리위원회 / 14. 리스크관리집행위원회 / 1. 보수위원회 / 2. 보수체계 / 2. 지배구조 내부규범,org,321,"당사의 리스크관리 관련 부서는 리스크관리팀, 리스크분석팀(2016년 7월 리스크모형팀 신설, 2025년 2월 부서명 변경), 리스크검증팀(2023년 7월 리스크검증셀 신설, 2025년 2월 부서명 변경)이며, 준법감시 부서는 준법지원팀입니다.",,dart_out/raw/governance/하나금융지주/하나금융지주_지배구조연차보고서_2026.pdf,https://www.hanafn.com:8002/download/10072114/crossDownload.do,e0f7dfd42aee1e195ce4c42c4a7124f065a66d725ec5d9b6f9bdcb1aa3a6696e,503e6751ba2f9a8e885e174cf7c8203e84ba1ab097d784da11891a3a79777d64
하나금융지주,FY2025,연차보고서,연차보고서__하나금융지주_지배구조연차보고서_2026,2. 이사회 / 8. 리스크관리위원회 / 14. 리스크관리집행위원회 / 1. 보수위원회 / 2. 보수체계 / 2. 지배구조 내부규범,org,321,"2025년 말 기준, 각각 9명, 12명, 7명, 9명(변호사 2명 포함)이 근무하고 있습니다(단, 근무직원 수는 관계사 파견 직원 및 겸직 직원 포함 기준입니다).",,dart_out/raw/governance/하나금융지주/하나금융지주_지배구조연차보고서_2026.pdf,https://www.hanafn.com:8002/download/10072114/crossDownload.do,e0f7dfd42aee1e195ce4c42c4a7124f065a66d725ec5d9b6f9bdcb1aa3a6696e,503e6751ba2f9a8e885e174cf7c8203e84ba1ab097d784da11891a3a79777d64
하나금융지주,FY2025,연차보고서,연차보고서__하나금융지주_지배구조연차보고서_2026,2. 이사회 / 8. 리스크관리위원회 / 14. 리스크관리집행위원회 / 1. 보수위원회 / 2. 보수체계 / 2. 지배구조 내부규범,org,338,"또한, 리스크관리 부서(리스크관리팀/리스크분석팀/리스크검증팀)와 준법감시 부서(준법지원팀)의 직원에 대한 성과평가는 순이익 규모나 외형 성장 등의 경영성과가 아닌 해당 부서 고유 직무에 대한 충실도를 기준으로 하고 있습니다.",,dart_out/raw/governance/하나금융지주/하나금융지주_지배구조연차보고서_2026.pdf,https://www.hanafn.com:8002/download/10072114/crossDownload.do,e0f7dfd42aee1e195ce4c42c4a7124f065a66d725ec5d9b6f9bdcb1aa3a6696e,503e6751ba2f9a8e885e174cf7c8203e84ba1ab097d784da11891a3a79777d64
하나금융지주,FY2025,연차보고서,연차보고서__하나금융지주_지배구조연차보고서_2026,2. 이사회 / 8. 리스크관리위원회 / 14. 리스크관리집행위원회 / 1. 보수위원회 / 2. 보수체계 / 2. 지배구조 내부규범,oprisk,,문서에 없음,범위 문서 전체 p.1~456 · 정규식 운영\s*(리스크|위험)|손실\s*사건|손실\s*데이터|BCP|업무\s*연속성|위탁|IT\s*리스크|정보\s*보호|사이버 · 후보 16건 — 읽고 해당 서술 없음으로 판단,dart_out/raw/governance/하나금융지주/하나금융지주_지배구조연차보고서_2026.pdf,https://www.hanafn.com:8002/download/10072114/crossDownload.do,e0f7dfd42aee1e195ce4c42c4a7124f065a66d725ec5d9b6f9bdcb1aa3a6696e,503e6751ba2f9a8e885e174cf7c8203e84ba1ab097d784da11891a3a79777d64
우리금융지주,FY2025,연차보고서,연차보고서__우리금융지주_지배구조연차보고서_2026,2. 이사회 / 7. 리스크관리위원회 / 11. 그룹경영협의회 / 12. 그룹리스크관리협의회 / 1. 보상위원회 / 2. 보상체계 / 2. 지배구조 내부규범 / 6. 리스크관리위원회규정,risk_committee,161,"당사의 리스크관리위원회는 지주회사 및 그 자회사등에서 경영상 발생할 수 있는 제반 리스크를 적시에 인식, 측정, 감시, 통제할 수 있도록 그룹 차원에서 리스크를 종합적으로 관리하는 역할을 수행합니다.",,dart_out/raw/governance/우리금융지주/우리금융지주_지배구조연차보고서_2026.pdf,https://www.woorifg.com/cmm/fms/FileDown.do?fileId=FILE_000000000003960&saveFileNm=202602270537409700.pdf&fileSeq=0,3d52e76ec7f6ac400fa3122779576e26dc066b63a3271004e35cb3ceb9f9e6ca,11c0c14a5223ae13f91e745c957d9e6af8f13ec076e1dbfa4dbb50b9161798d2
우리금융지주,FY2025,연차보고서,연차보고서__우리금융지주_지배구조연차보고서_2026,2. 이사회 / 7. 리스크관리위원회 / 11. 그룹경영협의회 / 12. 그룹리스크관리협의회 / 1. 보상위원회 / 2. 보상체계 / 2. 지배구조 내부규범 / 6. 리스크관리위원회규정,risk_committee,163,"2025년 말 현재 리스크관리위원회는 모두 4명의 사외이사로 구성되어 있으며, 금융회사 또는 회사의 금융, 회계 또는 재무 분야에서 종사한 경험이 있는 자를 2명 포함하고 있습니다. 위원장은 경제분야 전문가인 박선영 사외이사로 임기는 1년입니다.",,dart_out/raw/governance/우리금융지주/우리금융지주_지배구조연차보고서_2026.pdf,https://www.woorifg.com/cmm/fms/FileDown.do?fileId=FILE_000000000003960&saveFileNm=202602270537409700.pdf&fileSeq=0,3d52e76ec7f6ac400fa3122779576e26dc066b63a3271004e35cb3ceb9f9e6ca,11c0c14a5223ae13f91e745c957d9e6af8f13ec076e1dbfa4dbb50b9161798d2
우리금융지주,FY2025,연차보고서,연차보고서__우리금융지주_지배구조연차보고서_2026,2. 이사회 / 7. 리스크관리위원회 / 11. 그룹경영협의회 / 12. 그룹리스크관리협의회 / 1. 보상위원회 / 2. 보상체계 / 2. 지배구조 내부규범 / 6. 리스크관리위원회규정,risk_committee,164,"리스크관리위원회는 리스크관리위원회규정 제7조에 따라 분기 1회 개최합니다. 다만, 위원장이 필요하다고 인정할 경우에는 수시로 소집할 수 있습니다. 2025년에는 총 9회의 리스크관리위원회가 개최되었고, 기간 중 부의된 안건은 총 42건이며, 리스크관리위원회 위원의 평균 참석률은 100% 입니다.",,dart_out/raw/governance/우리금융지주/우리금융지주_지배구조연차보고서_2026.pdf,https://www.woorifg.com/cmm/fms/FileDown.do?fileId=FILE_000000000003960&saveFileNm=202602270537409700.pdf&fileSeq=0,3d52e76ec7f6ac400fa3122779576e26dc066b63a3271004e35cb3ceb9f9e6ca,11c0c14a5223ae13f91e745c957d9e6af8f13ec076e1dbfa4dbb50b9161798d2
우리금융지주,FY2025,연차보고서,연차보고서__우리금융지주_지배구조연차보고서_2026,2. 이사회 / 7. 리스크관리위원회 / 11. 그룹경영협의회 / 12. 그룹리스크관리협의회 / 1. 보상위원회 / 2. 보상체계 / 2. 지배구조 내부규범 / 6. 리스크관리위원회규정,group_council,195,"그룹리스크관리협의회는 리스크관리위원회가 수립한 리스크관리 정책을 지주회사 및 그 자회사별로 실행함에 있어 필요한 세부적인 사항을 심의하고, 리스크관리위원회로부터 위임받은 사항 등에 대하여 결의할 수 있으며, 그룹 전체 및 각 회사의 리스크관리 현황의 파악 및 각 자회사 등 리스크관리 관련 정보를 교환하는 역할을 수행합니다.",,dart_out/raw/governance/우리금융지주/우리금융지주_지배구조연차보고서_2026.pdf,https://www.woorifg.com/cmm/fms/FileDown.do?fileId=FILE_000000000003960&saveFileNm=202602270537409700.pdf&fileSeq=0,3d52e76ec7f6ac400fa3122779576e26dc066b63a3271004e35cb3ceb9f9e6ca,11c0c14a5223ae13f91e745c957d9e6af8f13ec076e1dbfa4dbb50b9161798d2
우리금융지주,FY2025,연차보고서,연차보고서__우리금융지주_지배구조연차보고서_2026,2. 이사회 / 7. 리스크관리위원회 / 11. 그룹경영협의회 / 12. 그룹리스크관리협의회 / 1. 보상위원회 / 2. 보상체계 / 2. 지배구조 내부규범 / 6. 리스크관리위원회규정,group_council,196,"그룹리스크관리협의회 위원은 지주회사 리스크관리책임자 및 리스크관리 담당부서장, 각 자회사 등 리스크관리책임자(리스크관리업무 담당임원 포함) 중 지주회사 리스크관리책임자가 정하는 자로 구성됩니다. 그룹리스크관리협의회의 의장은 지주회사 리스크관리책임자이며 의장은 협의안건에 따라 리스크관리책임자가 아닌 자회사 등의 소관업무 담당 임원을 위원으로 지정하여 그룹리스크관리협의회에 참석시킬 수 있습니다.",,dart_out/raw/governance/우리금융지주/우리금융지주_지배구조연차보고서_2026.pdf,https://www.woorifg.com/cmm/fms/FileDown.do?fileId=FILE_000000000003960&saveFileNm=202602270537409700.pdf&fileSeq=0,3d52e76ec7f6ac400fa3122779576e26dc066b63a3271004e35cb3ceb9f9e6ca,11c0c14a5223ae13f91e745c957d9e6af8f13ec076e1dbfa4dbb50b9161798d2
우리금융지주,FY2025,연차보고서,연차보고서__우리금융지주_지배구조연차보고서_2026,2. 이사회 / 7. 리스크관리위원회 / 11. 그룹경영협의회 / 12. 그룹리스크관리협의회 / 1. 보상위원회 / 2. 보상체계 / 2. 지배구조 내부규범 / 6. 리스크관리위원회규정,group_council,195,그룹리스크관리협의회는 분기 1회 이상 개최하는 것을 원칙으로 하며 의장이 필요하다고 인정할 경우에는 수시로 소집할 수 있습니다.,,dart_out/raw/governance/우리금융지주/우리금융지주_지배구조연차보고서_2026.pdf,https://www.woorifg.com/cmm/fms/FileDown.do?fileId=FILE_000000000003960&saveFileNm=202602270537409700.pdf&fileSeq=0,3d52e76ec7f6ac400fa3122779576e26dc066b63a3271004e35cb3ceb9f9e6ca,11c0c14a5223ae13f91e745c957d9e6af8f13ec076e1dbfa4dbb50b9161798d2
우리금융지주,FY2025,연차보고서,연차보고서__우리금융지주_지배구조연차보고서_2026,2. 이사회 / 7. 리스크관리위원회 / 11. 그룹경영협의회 / 12. 그룹리스크관리협의회 / 1. 보상위원회 / 2. 보상체계 / 2. 지배구조 내부규범 / 6. 리스크관리위원회규정,cro,257,"③ 제1항에도 불구하고 「금융회사의 지배구조에 관한 법률」에서 정한 주요업무집행책임자(전략기획, 재무관리, 리스크관리 업무를 집행하는 업무집행책임자를 의미한다. 이하 같다)와 준법감시인 및 리스크관리책임자는 대표이사의 추천을 거쳐 이사회의 결의로 선임한다. ④ 주요업무집행책임자의 임기는 정관에 다른 규정이 없으면 3년을 초과하지 못한다. ⑤ 준법감시인 및 리스크관리책임자의 임기는 2년 이상으로 한다.",,dart_out/raw/governance/우리금융지주/우리금융지주_지배구조연차보고서_2026.pdf,https://www.woorifg.com/cmm/fms/FileDown.do?fileId=FILE_000000000003960&saveFileNm=202602270537409700.pdf&fileSeq=0,3d52e76ec7f6ac400fa3122779576e26dc066b63a3271004e35cb3ceb9f9e6ca,11c0c14a5223ae13f91e745c957d9e6af8f13ec076e1dbfa4dbb50b9161798d2
우리금융지주,FY2025,연차보고서,연차보고서__우리금융지주_지배구조연차보고서_2026,2. 이사회 / 7. 리스크관리위원회 / 11. 그룹경영협의회 / 12. 그룹리스크관리협의회 / 1. 보상위원회 / 2. 보상체계 / 2. 지배구조 내부규범 / 6. 리스크관리위원회규정,cro,257,"② 제1항에도 불구하고 주요업무집행책임자의 해임은 이사회의 의결을 거쳐야 하며, 준법감시인 또는 리스크관리책임자를 해임할 경우에는 이사 총수의 3분의 2이상 찬성으로 의결한다.",,dart_out/raw/governance/우리금융지주/우리금융지주_지배구조연차보고서_2026.pdf,https://www.woorifg.com/cmm/fms/FileDown.do?fileId=FILE_000000000003960&saveFileNm=202602270537409700.pdf&fileSeq=0,3d52e76ec7f6ac400fa3122779576e26dc066b63a3271004e35cb3ceb9f9e6ca,11c0c14a5223ae13f91e745c957d9e6af8f13ec076e1dbfa4dbb50b9161798d2
우리금융지주,FY2025,연차보고서,연차보고서__우리금융지주_지배구조연차보고서_2026,2. 이사회 / 7. 리스크관리위원회 / 11. 그룹경영협의회 / 12. 그룹리스크관리협의회 / 1. 보상위원회 / 2. 보상체계 / 2. 지배구조 내부규범 / 6. 리스크관리위원회규정,cro,282,"② 리스크관리책임자는 위원회의 간사가 되며, 위원회 개최와 관련된 준비를 총괄하고 의사진행에 관하여 위원장을 보좌한다.",,dart_out/raw/governance/우리금융지주/우리금융지주_지배구조연차보고서_2026.pdf,https://www.woorifg.com/cmm/fms/FileDown.do?fileId=FILE_000000000003960&saveFileNm=202602270537409700.pdf&fileSeq=0,3d52e76ec7f6ac400fa3122779576e26dc066b63a3271004e35cb3ceb9f9e6ca,11c0c14a5223ae13f91e745c957d9e6af8f13ec076e1dbfa4dbb50b9161798d2
우리금융지주,FY2025,연차보고서,연차보고서__우리금융지주_지배구조연차보고서_2026,2. 이사회 / 7. 리스크관리위원회 / 11. 그룹경영협의회 / 12. 그룹리스크관리협의회 / 1. 보상위원회 / 2. 보상체계 / 2. 지배구조 내부규범 / 6. 리스크관리위원회규정,raf,162,리스크관리위원회는 매년 국내외 경제 및 금융환경을 고려하여 그룹 및 자회사별 부담가능한 위험성향을 결정합니다.,,dart_out/raw/governance/우리금융지주/우리금융지주_지배구조연차보고서_2026.pdf,https://www.woorifg.com/cmm/fms/FileDown.do?fileId=FILE_000000000003960&saveFileNm=202602270537409700.pdf&fileSeq=0,3d52e76ec7f6ac400fa3122779576e26dc066b63a3271004e35cb3ceb9f9e6ca,11c0c14a5223ae13f91e745c957d9e6af8f13ec076e1dbfa4dbb50b9161798d2
우리금융지주,FY2025,연차보고서,연차보고서__우리금융지주_지배구조연차보고서_2026,2. 이사회 / 7. 리스크관리위원회 / 11. 그룹경영협의회 / 12. 그룹리스크관리협의회 / 1. 보상위원회 / 2. 보상체계 / 2. 지배구조 내부규범 / 6. 리스크관리위원회규정,raf,162,"2025년 기준 그룹의 위험성향은 68.0% 였으며, 2026년 위험성향은 보험사 편입, 증권업 확장 등 그룹 포트폴리오 변화와 「생산적 금융」 전환에 따른 자산 성장 계획 등을 반영하여 위험성향을 상향, 76.9%로 설정하였습니다.",,dart_out/raw/governance/우리금융지주/우리금융지주_지배구조연차보고서_2026.pdf,https://www.woorifg.com/cmm/fms/FileDown.do?fileId=FILE_000000000003960&saveFileNm=202602270537409700.pdf&fileSeq=0,3d52e76ec7f6ac400fa3122779576e26dc066b63a3271004e35cb3ceb9f9e6ca,11c0c14a5223ae13f91e745c957d9e6af8f13ec076e1dbfa4dbb50b9161798d2
우리금융지주,FY2025,연차보고서,연차보고서__우리금융지주_지배구조연차보고서_2026,2. 이사회 / 7. 리스크관리위원회 / 11. 그룹경영협의회 / 12. 그룹리스크관리협의회 / 1. 보상위원회 / 2. 보상체계 / 2. 지배구조 내부규범 / 6. 리스크관리위원회규정,raf,162,"리스크관리위원회규정 제5조에 의거 리스크관리위원회는 매년 결정된 위험성향에 따라 가용자본 중 사용가능한 내부자본을 결정하고 이를 리스크유형별, 그룹사별로 허용한도를 결정하고 배분합니다.",,dart_out/raw/governance/우리금융지주/우리금융지주_지배구조연차보고서_2026.pdf,https://www.woorifg.com/cmm/fms/FileDown.do?fileId=FILE_000000000003960&saveFileNm=202602270537409700.pdf&fileSeq=0,3d52e76ec7f6ac400fa3122779576e26dc066b63a3271004e35cb3ceb9f9e6ca,11c0c14a5223ae13f91e745c957d9e6af8f13ec076e1dbfa4dbb50b9161798d2
우리금융지주,FY2025,연차보고서,연차보고서__우리금융지주_지배구조연차보고서_2026,2. 이사회 / 7. 리스크관리위원회 / 11. 그룹경영협의회 / 12. 그룹리스크관리협의회 / 1. 보상위원회 / 2. 보상체계 / 2. 지배구조 내부규범 / 6. 리스크관리위원회규정,measurement,170,‘2025년 그룹 내부자본 적정성 평가 결과 보고’에 대해 보고 받았습니다.,,dart_out/raw/governance/우리금융지주/우리금융지주_지배구조연차보고서_2026.pdf,https://www.woorifg.com/cmm/fms/FileDown.do?fileId=FILE_000000000003960&saveFileNm=202602270537409700.pdf&fileSeq=0,3d52e76ec7f6ac400fa3122779576e26dc066b63a3271004e35cb3ceb9f9e6ca,11c0c14a5223ae13f91e745c957d9e6af8f13ec076e1dbfa4dbb50b9161798d2
우리금융지주,FY2025,연차보고서,연차보고서__우리금융지주_지배구조연차보고서_2026,2. 이사회 / 7. 리스크관리위원회 / 11. 그룹경영협의회 / 12. 그룹리스크관리협의회 / 1. 보상위원회 / 2. 보상체계 / 2. 지배구조 내부규범 / 6. 리스크관리위원회규정,measurement,280,2. 리스크측정기준 및 측정방법의 수립 및 변경,,dart_out/raw/governance/우리금융지주/우리금융지주_지배구조연차보고서_2026.pdf,https://www.woorifg.com/cmm/fms/FileDown.do?fileId=FILE_000000000003960&saveFileNm=202602270537409700.pdf&fileSeq=0,3d52e76ec7f6ac400fa3122779576e26dc066b63a3271004e35cb3ceb9f9e6ca,11c0c14a5223ae13f91e745c957d9e6af8f13ec076e1dbfa4dbb50b9161798d2
우리금융지주,FY2025,연차보고서,연차보고서__우리금융지주_지배구조연차보고서_2026,2. 이사회 / 7. 리스크관리위원회 / 11. 그룹경영협의회 / 12. 그룹리스크관리협의회 / 1. 보상위원회 / 2. 보상체계 / 2. 지배구조 내부규범 / 6. 리스크관리위원회규정,measurement,280,7. 그룹 내부등급법 승인 대상 신용평가 시스템 및 신용리스크 측정요소 관련 의사결정에 필요한 중요사항,,dart_out/raw/governance/우리금융지주/우리금융지주_지배구조연차보고서_2026.pdf,https://www.woorifg.com/cmm/fms/FileDown.do?fileId=FILE_000000000003960&saveFileNm=202602270537409700.pdf&fileSeq=0,3d52e76ec7f6ac400fa3122779576e26dc066b63a3271004e35cb3ceb9f9e6ca,11c0c14a5223ae13f91e745c957d9e6af8f13ec076e1dbfa4dbb50b9161798d2
우리금융지주,FY2025,연차보고서,연차보고서__우리금융지주_지배구조연차보고서_2026,2. 이사회 / 7. 리스크관리위원회 / 11. 그룹경영협의회 / 12. 그룹리스크관리협의회 / 1. 보상위원회 / 2. 보상체계 / 2. 지배구조 내부규범 / 6. 리스크관리위원회규정,reporting,162,"리스크관리위원회는 이사회의 결의가 필요한 조직의 변경, 신사업진출 및 대규모 투자 등 그룹 차원의 중요한 경영사항에 수반되는 리스크관리 관련 부분을 심의하며 그룹의 리스크관리 현황 및 주요 이슈사항에 대해서 보고받고 있습니다.",,dart_out/raw/governance/우리금융지주/우리금융지주_지배구조연차보고서_2026.pdf,https://www.woorifg.com/cmm/fms/FileDown.do?fileId=FILE_000000000003960&saveFileNm=202602270537409700.pdf&fileSeq=0,3d52e76ec7f6ac400fa3122779576e26dc066b63a3271004e35cb3ceb9f9e6ca,11c0c14a5223ae13f91e745c957d9e6af8f13ec076e1dbfa4dbb50b9161798d2
우리금융지주,FY2025,연차보고서,연차보고서__우리금융지주_지배구조연차보고서_2026,2. 이사회 / 7. 리스크관리위원회 / 11. 그룹경영협의회 / 12. 그룹리스크관리협의회 / 1. 보상위원회 / 2. 보상체계 / 2. 지배구조 내부규범 / 6. 리스크관리위원회규정,reporting,281,② 위원회의 보고사항은 다음 각 호로 한다. 1. 부문별 리스크관리 상태 및 한도관리 현황 2. 위원회의 위임에 따라 그룹리스크관리협의회가 심의·결의한 사항 3. 자회사등의 리스크관리위원회가 결의한 사항 4. 위원회가 심의·결의하거나 지시한 사항에 대한 진행 현황 5. 그룹의 리스크와 관련된 중요사항에 대한 현황 및 모니터링 결과 6. 그룹 내부등급법 대상 신용평가 시스템 및 신용리스크 측정요소에 대한 적합성 검증(Validation) 결과 7. 기타 이사회 또는 위원회가 필요하다고 인정하는 사항,,dart_out/raw/governance/우리금융지주/우리금융지주_지배구조연차보고서_2026.pdf,https://www.woorifg.com/cmm/fms/FileDown.do?fileId=FILE_000000000003960&saveFileNm=202602270537409700.pdf&fileSeq=0,3d52e76ec7f6ac400fa3122779576e26dc066b63a3271004e35cb3ceb9f9e6ca,11c0c14a5223ae13f91e745c957d9e6af8f13ec076e1dbfa4dbb50b9161798d2
우리금융지주,FY2025,연차보고서,연차보고서__우리금융지주_지배구조연차보고서_2026,2. 이사회 / 7. 리스크관리위원회 / 11. 그룹경영협의회 / 12. 그룹리스크관리협의회 / 1. 보상위원회 / 2. 보상체계 / 2. 지배구조 내부규범 / 6. 리스크관리위원회규정,reporting,282,제9조(결의사항의 처리) ① 위원회는 결의된 사항을 이사회에 보고하여야 한다. ② 위원회 결의사항 및 지시사항은 소관부서에서 이행하고 그 결과를 위원회에 보고하여야 한다.,,dart_out/raw/governance/우리금융지주/우리금융지주_지배구조연차보고서_2026.pdf,https://www.woorifg.com/cmm/fms/FileDown.do?fileId=FILE_000000000003960&saveFileNm=202602270537409700.pdf&fileSeq=0,3d52e76ec7f6ac400fa3122779576e26dc066b63a3271004e35cb3ceb9f9e6ca,11c0c14a5223ae13f91e745c957d9e6af8f13ec076e1dbfa4dbb50b9161798d2
우리금융지주,FY2025,연차보고서,연차보고서__우리금융지주_지배구조연차보고서_2026,2. 이사회 / 7. 리스크관리위원회 / 11. 그룹경영협의회 / 12. 그룹리스크관리협의회 / 1. 보상위원회 / 2. 보상체계 / 2. 지배구조 내부규범 / 6. 리스크관리위원회규정,stress,168,규제자본 및 내부자본 통합위기상황분석 결과와 위기대응계획 실행 효과 등 자본관리계획에 대하여 결의하였습니다.,,dart_out/raw/governance/우리금융지주/우리금융지주_지배구조연차보고서_2026.pdf,https://www.woorifg.com/cmm/fms/FileDown.do?fileId=FILE_000000000003960&saveFileNm=202602270537409700.pdf&fileSeq=0,3d52e76ec7f6ac400fa3122779576e26dc066b63a3271004e35cb3ceb9f9e6ca,11c0c14a5223ae13f91e745c957d9e6af8f13ec076e1dbfa4dbb50b9161798d2
우리금융지주,FY2025,연차보고서,연차보고서__우리금융지주_지배구조연차보고서_2026,2. 이사회 / 7. 리스크관리위원회 / 11. 그룹경영협의회 / 12. 그룹리스크관리협의회 / 1. 보상위원회 / 2. 보상체계 / 2. 지배구조 내부규범 / 6. 리스크관리위원회규정,stress,169,"‘경제전망 및 대내외 환경을 반영한 2026년 그룹 리스크관리전략 수립’, ‘2026년 그룹 유동성리스크 관리방안 점검 및 26년 비상조달계획 수립’을 결의하였습니다.",,dart_out/raw/governance/우리금융지주/우리금융지주_지배구조연차보고서_2026.pdf,https://www.woorifg.com/cmm/fms/FileDown.do?fileId=FILE_000000000003960&saveFileNm=202602270537409700.pdf&fileSeq=0,3d52e76ec7f6ac400fa3122779576e26dc066b63a3271004e35cb3ceb9f9e6ca,11c0c14a5223ae13f91e745c957d9e6af8f13ec076e1dbfa4dbb50b9161798d2
우리금융지주,FY2025,연차보고서,연차보고서__우리금융지주_지배구조연차보고서_2026,2. 이사회 / 7. 리스크관리위원회 / 11. 그룹경영협의회 / 12. 그룹리스크관리협의회 / 1. 보상위원회 / 2. 보상체계 / 2. 지배구조 내부규범 / 6. 리스크관리위원회규정,stress,23,"또한 리스크관리와 관련한 주요 활동으로 2025년 9월 25일 개최한 제10차 임시이사회에서 ‘2025년 우리금융지주 자체정상화계획 수립(案)’을 의결하였습니다. 해당 안건은 「금융산업의 구조개선에 관한 법률」 에 의거하여 경영위기 상황 대비 자구계획을 수립하기 위함이며, 작성 지침에 의거 지배구조 수립, 중요자회사 선정 등 7개 항목에 따라 계획안을 수립하고 이사회의 승인을 득하여 2025년 10월 금융감독원에 제출하였습니다.",,dart_out/raw/governance/우리금융지주/우리금융지주_지배구조연차보고서_2026.pdf,https://www.woorifg.com/cmm/fms/FileDown.do?fileId=FILE_000000000003960&saveFileNm=202602270537409700.pdf&fileSeq=0,3d52e76ec7f6ac400fa3122779576e26dc066b63a3271004e35cb3ceb9f9e6ca,11c0c14a5223ae13f91e745c957d9e6af8f13ec076e1dbfa4dbb50b9161798d2
우리금융지주,FY2025,연차보고서,연차보고서__우리금융지주_지배구조연차보고서_2026,2. 이사회 / 7. 리스크관리위원회 / 11. 그룹경영협의회 / 12. 그룹리스크관리협의회 / 1. 보상위원회 / 2. 보상체계 / 2. 지배구조 내부규범 / 6. 리스크관리위원회규정,oprisk,48,가) 그룹 정보보호 관리체계 및 보안취약점 점검 현황 보고: 현재 진행중인 그룹 정보보호 관리체계 및 보안취약점 점검 현황을 이사회에 보고하였습니다.,,dart_out/raw/governance/우리금융지주/우리금융지주_지배구조연차보고서_2026.pdf,https://www.woorifg.com/cmm/fms/FileDown.do?fileId=FILE_000000000003960&saveFileNm=202602270537409700.pdf&fileSeq=0,3d52e76ec7f6ac400fa3122779576e26dc066b63a3271004e35cb3ceb9f9e6ca,11c0c14a5223ae13f91e745c957d9e6af8f13ec076e1dbfa4dbb50b9161798d2
우리금융지주,FY2025,연차보고서,연차보고서__우리금융지주_지배구조연차보고서_2026,2. 이사회 / 7. 리스크관리위원회 / 11. 그룹경영협의회 / 12. 그룹리스크관리협의회 / 1. 보상위원회 / 2. 보상체계 / 2. 지배구조 내부규범 / 6. 리스크관리위원회규정,compensation,216,"또한 2025년 3월 18일 개최된 제2차 보상위원회에서 임원 성과평가지표 결의시 보통주자본비율, RORWA, 고정이하여신비율 등의 지표가 반영되어 당사의 보상체계가 재무상황 및 위험과 적절하게 연계될 수 있도록 하였으며, 다년간 장기성과평가 후 장기성과급 지급 시 만 3년 이상의 이연기간을 적용하여 경영진이 과도하게 위험을 감수하지 않도록 하고, 사유 및 대상에 따라 성과급을 환수 및 차감하는 등 성과보수의 원칙, 이연지급, 성과급 환수 및 차감과 같은 보상체계 관련 법규 전반에 관해 내규 및 운용에서 법규를 준수하고 있음을 확인하였습니다.",,dart_out/raw/governance/우리금융지주/우리금융지주_지배구조연차보고서_2026.pdf,https://www.woorifg.com/cmm/fms/FileDown.do?fileId=FILE_000000000003960&saveFileNm=202602270537409700.pdf&fileSeq=0,3d52e76ec7f6ac400fa3122779576e26dc066b63a3271004e35cb3ceb9f9e6ca,11c0c14a5223ae13f91e745c957d9e6af8f13ec076e1dbfa4dbb50b9161798d2
우리금융지주,FY2025,연차보고서,연차보고서__우리금융지주_지배구조연차보고서_2026,2. 이사회 / 7. 리스크관리위원회 / 11. 그룹경영협의회 / 12. 그룹리스크관리협의회 / 1. 보상위원회 / 2. 보상체계 / 2. 지배구조 내부규범 / 6. 리스크관리위원회규정,compensation,222,"직급별 직무의 특성 및 업무책임의 정도에 따라, 상위 직급으로 갈수록 총보상(기본급,성과급) 중 변동보상(성과급) 비율을 확대하여 차등 적용하고 있으며, 변동보상액 중 당해 연도 성과 측정 결과에 따라 산정된 변동보상의 33% ~ 42%는 즉시 지급하나, 58% ~ 67%는 당해 연도 성과가 당해 연도 이후 성과에 영향을 미치는 정도에 따라 별도평가를 통하여 3년간 이연 후 지급하는 제도를 운영하고 있습니다.",,dart_out/raw/governance/우리금융지주/우리금융지주_지배구조연차보고서_2026.pdf,https://www.woorifg.com/cmm/fms/FileDown.do?fileId=FILE_000000000003960&saveFileNm=202602270537409700.pdf&fileSeq=0,3d52e76ec7f6ac400fa3122779576e26dc066b63a3271004e35cb3ceb9f9e6ca,11c0c14a5223ae13f91e745c957d9e6af8f13ec076e1dbfa4dbb50b9161798d2
우리금융지주,FY2025,연차보고서,연차보고서__우리금융지주_지배구조연차보고서_2026,2. 이사회 / 7. 리스크관리위원회 / 11. 그룹경영협의회 / 12. 그룹리스크관리협의회 / 1. 보상위원회 / 2. 보상체계 / 2. 지배구조 내부규범 / 6. 리스크관리위원회규정,compensation,221,"한편 업무의 독립성이 요구되는 감사담당임원, 준법감시인, 리스크관리책임자의 경우에는 재무성과와 무관한 지표로 성과지표를 구성하여 독립성을 확보하고 있습니다. 단 리스크관리책임자의 경우 업무특성을 감안하여 자본적정성, 리스크반영 수익성, 건전성 부문에 한하여 평가합니다.",,dart_out/raw/governance/우리금융지주/우리금융지주_지배구조연차보고서_2026.pdf,https://www.woorifg.com/cmm/fms/FileDown.do?fileId=FILE_000000000003960&saveFileNm=202602270537409700.pdf&fileSeq=0,3d52e76ec7f6ac400fa3122779576e26dc066b63a3271004e35cb3ceb9f9e6ca,11c0c14a5223ae13f91e745c957d9e6af8f13ec076e1dbfa4dbb50b9161798d2
우리금융지주,FY2025,연차보고서,연차보고서__우리금융지주_지배구조연차보고서_2026,2. 이사회 / 7. 리스크관리위원회 / 11. 그룹경영협의회 / 12. 그룹리스크관리협의회 / 1. 보상위원회 / 2. 보상체계 / 2. 지배구조 내부규범 / 6. 리스크관리위원회규정,org,161,원칙 3 리스크관리조직은 영업부문과 독립적으로 구성되고 운영되어야 한다.,,dart_out/raw/governance/우리금융지주/우리금융지주_지배구조연차보고서_2026.pdf,https://www.woorifg.com/cmm/fms/FileDown.do?fileId=FILE_000000000003960&saveFileNm=202602270537409700.pdf&fileSeq=0,3d52e76ec7f6ac400fa3122779576e26dc066b63a3271004e35cb3ceb9f9e6ca,11c0c14a5223ae13f91e745c957d9e6af8f13ec076e1dbfa4dbb50b9161798d2
우리금융지주,FY2025,연차보고서,연차보고서__우리금융지주_지배구조연차보고서_2026,2. 이사회 / 7. 리스크관리위원회 / 11. 그룹경영협의회 / 12. 그룹리스크관리협의회 / 1. 보상위원회 / 2. 보상체계 / 2. 지배구조 내부규범 / 6. 리스크관리위원회규정,org,282,제12조(지원조직) ① 리스크관리 담당부서는 위원회 운영에 관한 실무지원을 담당한다.,,dart_out/raw/governance/우리금융지주/우리금융지주_지배구조연차보고서_2026.pdf,https://www.woorifg.com/cmm/fms/FileDown.do?fileId=FILE_000000000003960&saveFileNm=202602270537409700.pdf&fileSeq=0,3d52e76ec7f6ac400fa3122779576e26dc066b63a3271004e35cb3ceb9f9e6ca,11c0c14a5223ae13f91e745c957d9e6af8f13ec076e1dbfa4dbb50b9161798d2
우리금융지주,FY2025,연차보고서,연차보고서__우리금융지주_지배구조연차보고서_2026,2. 이사회 / 7. 리스크관리위원회 / 11. 그룹경영협의회 / 12. 그룹리스크관리협의회 / 1. 보상위원회 / 2. 보상체계 / 2. 지배구조 내부규범 / 6. 리스크관리위원회규정,org,193,박장근 우리금융지주 부사장 2023.03.07. 리스크관리부문,,dart_out/raw/governance/우리금융지주/우리금융지주_지배구조연차보고서_2026.pdf,https://www.woorifg.com/cmm/fms/FileDown.do?fileId=FILE_000000000003960&saveFileNm=202602270537409700.pdf&fileSeq=0,3d52e76ec7f6ac400fa3122779576e26dc066b63a3271004e35cb3ceb9f9e6ca,11c0c14a5223ae13f91e745c957d9e6af8f13ec076e1dbfa4dbb50b9161798d2
메리츠금융지주,FY2025,연차보고서,연차보고서__메리츠금융지주_지배구조연차보고서_2026,2. 이사회 / 7. 그룹리스크관리위원회 / 10. 그룹리스크협의회 / 제 2 절 보수체계 연차보고서 / 2. 보수체계 / 그룹리스크관리위원회규정 / 지배구조내부규범,risk_committee,87,"메리츠금융지주 그룹리스크관리위원회는 리스크를 그룹차원에서 관리하기 위해 필요한 사항을 정함으로써 금융지주회사의 건전한 경영을 도모하고 금융시스템의 안정을 유지하는 데에 힘쓰고, 경영상 발생할 수 있는 각종 리스크에 대한 정책 및 기본관리계획을 수립, 승인하고 이를 종합적으로 관리하는 역할을 합니다.",,dart_out/raw/governance/메리츠금융지주/메리츠금융지주_지배구조연차보고서_2026.pdf,https://www.meritzgroup.com/commfiles/hld/attach/2026/20260311/202603111712088150009U.pdf,83bb54ffc25e1187018532d53940495fd39b9df6e4119eb6c31faae5ef631540,009f356a57d6ea233c775f73fc43a4896b219d397d73e1359938e41f8080f8a0
메리츠금융지주,FY2025,연차보고서,연차보고서__메리츠금융지주_지배구조연차보고서_2026,2. 이사회 / 7. 그룹리스크관리위원회 / 10. 그룹리스크협의회 / 제 2 절 보수체계 연차보고서 / 2. 보수체계 / 그룹리스크관리위원회규정 / 지배구조내부규범,risk_committee,87,"구성원은 독립성이 보장된 사외이사 3명과 대표이사로 구성되어 있으며, 이중 위원장은 사외이사가 맡고 있습니다.",,dart_out/raw/governance/메리츠금융지주/메리츠금융지주_지배구조연차보고서_2026.pdf,https://www.meritzgroup.com/commfiles/hld/attach/2026/20260311/202603111712088150009U.pdf,83bb54ffc25e1187018532d53940495fd39b9df6e4119eb6c31faae5ef631540,009f356a57d6ea233c775f73fc43a4896b219d397d73e1359938e41f8080f8a0
메리츠금융지주,FY2025,연차보고서,연차보고서__메리츠금융지주_지배구조연차보고서_2026,2. 이사회 / 7. 그룹리스크관리위원회 / 10. 그룹리스크협의회 / 제 2 절 보수체계 연차보고서 / 2. 보수체계 / 그룹리스크관리위원회규정 / 지배구조내부규범,risk_committee,89,"2025년도 그룹리스크관리위원회는 총 9회 소집되었고, 평균 참석율은 100%로 차질 없는 위원회 운영이 가능했습니다.",,dart_out/raw/governance/메리츠금융지주/메리츠금융지주_지배구조연차보고서_2026.pdf,https://www.meritzgroup.com/commfiles/hld/attach/2026/20260311/202603111712088150009U.pdf,83bb54ffc25e1187018532d53940495fd39b9df6e4119eb6c31faae5ef631540,009f356a57d6ea233c775f73fc43a4896b219d397d73e1359938e41f8080f8a0
메리츠금융지주,FY2025,연차보고서,연차보고서__메리츠금융지주_지배구조연차보고서_2026,2. 이사회 / 7. 그룹리스크관리위원회 / 10. 그룹리스크협의회 / 제 2 절 보수체계 연차보고서 / 2. 보수체계 / 그룹리스크관리위원회규정 / 지배구조내부규범,group_council,102,"메리츠금융그룹의 지주 및 자회사 리스크관리를 위한 협의체인 그룹리스크협의회에서는 그룹리스크관리위원회의 리스크관리 정책을 각 계열사별로 실행함에 있어서 세부적인 사항을 협의ㆍ조정하고, 위원회로부터 위임받은 사항 등에 대해서 심의ㆍ의결할 수 있으며, 그룹의 리스크관리 현황 파악 및 각 자회사 리스크관리 관련 정보를 교환하는 역할을 합니다.",,dart_out/raw/governance/메리츠금융지주/메리츠금융지주_지배구조연차보고서_2026.pdf,https://www.meritzgroup.com/commfiles/hld/attach/2026/20260311/202603111712088150009U.pdf,83bb54ffc25e1187018532d53940495fd39b9df6e4119eb6c31faae5ef631540,009f356a57d6ea233c775f73fc43a4896b219d397d73e1359938e41f8080f8a0
메리츠금융지주,FY2025,연차보고서,연차보고서__메리츠금융지주_지배구조연차보고서_2026,2. 이사회 / 7. 그룹리스크관리위원회 / 10. 그룹리스크협의회 / 제 2 절 보수체계 연차보고서 / 2. 보수체계 / 그룹리스크관리위원회규정 / 지배구조내부규범,group_council,103,"회사는 그룹 내 전략적 의사결정에 대한 리스크를 측정·관리하고자 그룹리스크협의회를 설치하고 있으며 협의회의 위원은 그룹리스크관리최고책임자 및 그룹리스크관리부서장, 각 자회사 리스크관리담당 임원(단, 임원이 없는 경우 리스크관리담당 부서장)으로 구성합니다.",,dart_out/raw/governance/메리츠금융지주/메리츠금융지주_지배구조연차보고서_2026.pdf,https://www.meritzgroup.com/commfiles/hld/attach/2026/20260311/202603111712088150009U.pdf,83bb54ffc25e1187018532d53940495fd39b9df6e4119eb6c31faae5ef631540,009f356a57d6ea233c775f73fc43a4896b219d397d73e1359938e41f8080f8a0
메리츠금융지주,FY2025,연차보고서,연차보고서__메리츠금융지주_지배구조연차보고서_2026,2. 이사회 / 7. 그룹리스크관리위원회 / 10. 그룹리스크협의회 / 제 2 절 보수체계 연차보고서 / 2. 보수체계 / 그룹리스크관리위원회규정 / 지배구조내부규범,group_council,102,"그룹리스크협의회는 최소 분기 1회 개최하는 것을 원칙으로 하며, 그 외에 의장이 인정하는 경우 별도로 회의를 소집할 수 있습니다. 2025년도에는 총 3회의 그룹리스크협의회가 개최되었습니다.",,dart_out/raw/governance/메리츠금융지주/메리츠금융지주_지배구조연차보고서_2026.pdf,https://www.meritzgroup.com/commfiles/hld/attach/2026/20260311/202603111712088150009U.pdf,83bb54ffc25e1187018532d53940495fd39b9df6e4119eb6c31faae5ef631540,009f356a57d6ea233c775f73fc43a4896b219d397d73e1359938e41f8080f8a0
메리츠금융지주,FY2025,연차보고서,연차보고서__메리츠금융지주_지배구조연차보고서_2026,2. 이사회 / 7. 그룹리스크관리위원회 / 10. 그룹리스크협의회 / 제 2 절 보수체계 연차보고서 / 2. 보수체계 / 그룹리스크관리위원회규정 / 지배구조내부규범,cro,19,"다만, 위험관리기준의 폐지 권한을 제외한 제·개정 권한에 대해서는 의사결정의 독립성과 전문성 등의 측면을 고려하여 관련 법령 및 내규가 정하는 범위 내에서 리스크관리위원회 및 위험관리책임자에게 효율적으로 위임하여 운영하고 있습니다.",,dart_out/raw/governance/메리츠금융지주/메리츠금융지주_지배구조연차보고서_2026.pdf,https://www.meritzgroup.com/commfiles/hld/attach/2026/20260311/202603111712088150009U.pdf,83bb54ffc25e1187018532d53940495fd39b9df6e4119eb6c31faae5ef631540,009f356a57d6ea233c775f73fc43a4896b219d397d73e1359938e41f8080f8a0
메리츠금융지주,FY2025,연차보고서,연차보고서__메리츠금융지주_지배구조연차보고서_2026,2. 이사회 / 7. 그룹리스크관리위원회 / 10. 그룹리스크협의회 / 제 2 절 보수체계 연차보고서 / 2. 보수체계 / 그룹리스크관리위원회규정 / 지배구조내부규범,cro,188,"다만, 다음 각 호의 자는 이사회에서 선임한다. 1. 준법감시인 2. 위험관리책임자 3. 주요업무집행책임자 4. 그 밖에 관련법령에서 정하는 자",,dart_out/raw/governance/메리츠금융지주/메리츠금융지주_지배구조연차보고서_2026.pdf,https://www.meritzgroup.com/commfiles/hld/attach/2026/20260311/202603111712088150009U.pdf,83bb54ffc25e1187018532d53940495fd39b9df6e4119eb6c31faae5ef631540,009f356a57d6ea233c775f73fc43a4896b219d397d73e1359938e41f8080f8a0
메리츠금융지주,FY2025,연차보고서,연차보고서__메리츠금융지주_지배구조연차보고서_2026,2. 이사회 / 7. 그룹리스크관리위원회 / 10. 그룹리스크협의회 / 제 2 절 보수체계 연차보고서 / 2. 보수체계 / 그룹리스크관리위원회규정 / 지배구조내부규범,cro,103,"오종원 메리츠금융지주 CRO / 메리츠화재 CRO 위원장, 화재 CRO 겸직",,dart_out/raw/governance/메리츠금융지주/메리츠금융지주_지배구조연차보고서_2026.pdf,https://www.meritzgroup.com/commfiles/hld/attach/2026/20260311/202603111712088150009U.pdf,83bb54ffc25e1187018532d53940495fd39b9df6e4119eb6c31faae5ef631540,009f356a57d6ea233c775f73fc43a4896b219d397d73e1359938e41f8080f8a0
메리츠금융지주,FY2025,연차보고서,연차보고서__메리츠금융지주_지배구조연차보고서_2026,2. 이사회 / 7. 그룹리스크관리위원회 / 10. 그룹리스크협의회 / 제 2 절 보수체계 연차보고서 / 2. 보수체계 / 그룹리스크관리위원회규정 / 지배구조내부규범,raf,87,"사전에 정한 위험한도 내에서 리스크, 수익, 자본의 균형을 고려한 선제적 리스크관리를 통해 그룹의 영속성과 안정성을 유지한다.",,dart_out/raw/governance/메리츠금융지주/메리츠금융지주_지배구조연차보고서_2026.pdf,https://www.meritzgroup.com/commfiles/hld/attach/2026/20260311/202603111712088150009U.pdf,83bb54ffc25e1187018532d53940495fd39b9df6e4119eb6c31faae5ef631540,009f356a57d6ea233c775f73fc43a4896b219d397d73e1359938e41f8080f8a0
메리츠금융지주,FY2025,연차보고서,연차보고서__메리츠금융지주_지배구조연차보고서_2026,2. 이사회 / 7. 그룹리스크관리위원회 / 10. 그룹리스크협의회 / 제 2 절 보수체계 연차보고서 / 2. 보수체계 / 그룹리스크관리위원회규정 / 지배구조내부규범,raf,87,이에 따라 ’25년 12월에 개최된 2025년 제9차 그룹리스크관리위원회에서는 그룹 및 각 자회사의 2026년도 부담 가능한 리스크 수준인 그룹 및 계열사의 리스크 허용한도를 승인하는 등 매년 그룹리스크관리위원회에서 그룹 전체 및 각 계열사의 부담 가능한 리스크 수준을 결정하고 있습니다.,,dart_out/raw/governance/메리츠금융지주/메리츠금융지주_지배구조연차보고서_2026.pdf,https://www.meritzgroup.com/commfiles/hld/attach/2026/20260311/202603111712088150009U.pdf,83bb54ffc25e1187018532d53940495fd39b9df6e4119eb6c31faae5ef631540,009f356a57d6ea233c775f73fc43a4896b219d397d73e1359938e41f8080f8a0
메리츠금융지주,FY2025,연차보고서,연차보고서__메리츠금융지주_지배구조연차보고서_2026,2. 이사회 / 7. 그룹리스크관리위원회 / 10. 그룹리스크협의회 / 제 2 절 보수체계 연차보고서 / 2. 보수체계 / 그룹리스크관리위원회규정 / 지배구조내부규범,raf,88,"그룹리스크관리위원회는 그룹리스크관리규정에서 정하는 그룹 전체의 투자한도를 설정하여 관리하고 있으며, 각 자회사의 리스크관리위원회에서 승인하는 적정투자한도 및 손실허용한도 등 리스크관리 관련 사업계획에 대해서 보고안건을 통해 점검하고 있습니다.",,dart_out/raw/governance/메리츠금융지주/메리츠금융지주_지배구조연차보고서_2026.pdf,https://www.meritzgroup.com/commfiles/hld/attach/2026/20260311/202603111712088150009U.pdf,83bb54ffc25e1187018532d53940495fd39b9df6e4119eb6c31faae5ef631540,009f356a57d6ea233c775f73fc43a4896b219d397d73e1359938e41f8080f8a0
메리츠금융지주,FY2025,연차보고서,연차보고서__메리츠금융지주_지배구조연차보고서_2026,2. 이사회 / 7. 그룹리스크관리위원회 / 10. 그룹리스크협의회 / 제 2 절 보수체계 연차보고서 / 2. 보수체계 / 그룹리스크관리위원회규정 / 지배구조내부규범,measurement,88,"그룹리스크관리위원회는 지주 및 자회사의 리스크관련 주요 규정의 제개정 및 폐지, 관리대상 리스크 유형 및 리스크 측정방법에 관한 기준 결정 또는 승인 등에 대해 결의하고 있습니다.",,dart_out/raw/governance/메리츠금융지주/메리츠금융지주_지배구조연차보고서_2026.pdf,https://www.meritzgroup.com/commfiles/hld/attach/2026/20260311/202603111712088150009U.pdf,83bb54ffc25e1187018532d53940495fd39b9df6e4119eb6c31faae5ef631540,009f356a57d6ea233c775f73fc43a4896b219d397d73e1359938e41f8080f8a0
메리츠금융지주,FY2025,연차보고서,연차보고서__메리츠금융지주_지배구조연차보고서_2026,2. 이사회 / 7. 그룹리스크관리위원회 / 10. 그룹리스크협의회 / 제 2 절 보수체계 연차보고서 / 2. 보수체계 / 그룹리스크관리위원회규정 / 지배구조내부규범,measurement,102,· 리스크 측정 및 운영에 관한 사항,,dart_out/raw/governance/메리츠금융지주/메리츠금융지주_지배구조연차보고서_2026.pdf,https://www.meritzgroup.com/commfiles/hld/attach/2026/20260311/202603111712088150009U.pdf,83bb54ffc25e1187018532d53940495fd39b9df6e4119eb6c31faae5ef631540,009f356a57d6ea233c775f73fc43a4896b219d397d73e1359938e41f8080f8a0
메리츠금융지주,FY2025,연차보고서,연차보고서__메리츠금융지주_지배구조연차보고서_2026,2. 이사회 / 7. 그룹리스크관리위원회 / 10. 그룹리스크협의회 / 제 2 절 보수체계 연차보고서 / 2. 보수체계 / 그룹리스크관리위원회규정 / 지배구조내부규범,measurement,102,"· 위험자본금의 배분, 관리에 관한 사항",,dart_out/raw/governance/메리츠금융지주/메리츠금융지주_지배구조연차보고서_2026.pdf,https://www.meritzgroup.com/commfiles/hld/attach/2026/20260311/202603111712088150009U.pdf,83bb54ffc25e1187018532d53940495fd39b9df6e4119eb6c31faae5ef631540,009f356a57d6ea233c775f73fc43a4896b219d397d73e1359938e41f8080f8a0
메리츠금융지주,FY2025,연차보고서,연차보고서__메리츠금융지주_지배구조연차보고서_2026,2. 이사회 / 7. 그룹리스크관리위원회 / 10. 그룹리스크협의회 / 제 2 절 보수체계 연차보고서 / 2. 보수체계 / 그룹리스크관리위원회규정 / 지배구조내부규범,reporting,87,이사회 산하 소위원회로서 업무를 수행하며 이사회에서 그룹 및 자회사의 리스크 관련 주요사항에 대한 심의 및 의결을 하고 이사회에 보고를 합니다.,,dart_out/raw/governance/메리츠금융지주/메리츠금융지주_지배구조연차보고서_2026.pdf,https://www.meritzgroup.com/commfiles/hld/attach/2026/20260311/202603111712088150009U.pdf,83bb54ffc25e1187018532d53940495fd39b9df6e4119eb6c31faae5ef631540,009f356a57d6ea233c775f73fc43a4896b219d397d73e1359938e41f8080f8a0
메리츠금융지주,FY2025,연차보고서,연차보고서__메리츠금융지주_지배구조연차보고서_2026,2. 이사회 / 7. 그룹리스크관리위원회 / 10. 그룹리스크협의회 / 제 2 절 보수체계 연차보고서 / 2. 보수체계 / 그룹리스크관리위원회규정 / 지배구조내부규범,reporting,89,"위원회에서는 그룹의 리스크상태 및 한도관리 현황, 자회사 리스크관리위원회의 결의사항에 대한 내용을 보고합니다.",,dart_out/raw/governance/메리츠금융지주/메리츠금융지주_지배구조연차보고서_2026.pdf,https://www.meritzgroup.com/commfiles/hld/attach/2026/20260311/202603111712088150009U.pdf,83bb54ffc25e1187018532d53940495fd39b9df6e4119eb6c31faae5ef631540,009f356a57d6ea233c775f73fc43a4896b219d397d73e1359938e41f8080f8a0
메리츠금융지주,FY2025,연차보고서,연차보고서__메리츠금융지주_지배구조연차보고서_2026,2. 이사회 / 7. 그룹리스크관리위원회 / 10. 그룹리스크협의회 / 제 2 절 보수체계 연차보고서 / 2. 보수체계 / 그룹리스크관리위원회규정 / 지배구조내부규범,reporting,164,"위원회는 다음 각 호의 사항을 보고 받으며 , 자회사등은 당해 자회사등에 해당되는 사항을 그룹리스크관리최고책임자 등을 경유하여 보고하여야 한다.",,dart_out/raw/governance/메리츠금융지주/메리츠금융지주_지배구조연차보고서_2026.pdf,https://www.meritzgroup.com/commfiles/hld/attach/2026/20260311/202603111712088150009U.pdf,83bb54ffc25e1187018532d53940495fd39b9df6e4119eb6c31faae5ef631540,009f356a57d6ea233c775f73fc43a4896b219d397d73e1359938e41f8080f8a0
메리츠금융지주,FY2025,연차보고서,연차보고서__메리츠금융지주_지배구조연차보고서_2026,2. 이사회 / 7. 그룹리스크관리위원회 / 10. 그룹리스크협의회 / 제 2 절 보수체계 연차보고서 / 2. 보수체계 / 그룹리스크관리위원회규정 / 지배구조내부규범,stress,89,"나. 금융회사 지배구조에 관련 법률 감독규정 제8조 및 그룹리스크관리규정 제57조, 제58조에 의거, ’24.12월말 기준 그룹 통합 위기상황분석 및 유동성 관리현황 보고",,dart_out/raw/governance/메리츠금융지주/메리츠금융지주_지배구조연차보고서_2026.pdf,https://www.meritzgroup.com/commfiles/hld/attach/2026/20260311/202603111712088150009U.pdf,83bb54ffc25e1187018532d53940495fd39b9df6e4119eb6c31faae5ef631540,009f356a57d6ea233c775f73fc43a4896b219d397d73e1359938e41f8080f8a0
메리츠금융지주,FY2025,연차보고서,연차보고서__메리츠금융지주_지배구조연차보고서_2026,2. 이사회 / 7. 그룹리스크관리위원회 / 10. 그룹리스크협의회 / 제 2 절 보수체계 연차보고서 / 2. 보수체계 / 그룹리스크관리위원회규정 / 지배구조내부규범,stress,102,· 그룹 부동산 스트레스 테스트 시나리오 설정 및 변경,,dart_out/raw/governance/메리츠금융지주/메리츠금융지주_지배구조연차보고서_2026.pdf,https://www.meritzgroup.com/commfiles/hld/attach/2026/20260311/202603111712088150009U.pdf,83bb54ffc25e1187018532d53940495fd39b9df6e4119eb6c31faae5ef631540,009f356a57d6ea233c775f73fc43a4896b219d397d73e1359938e41f8080f8a0
메리츠금융지주,FY2025,연차보고서,연차보고서__메리츠금융지주_지배구조연차보고서_2026,2. 이사회 / 7. 그룹리스크관리위원회 / 10. 그룹리스크협의회 / 제 2 절 보수체계 연차보고서 / 2. 보수체계 / 그룹리스크관리위원회규정 / 지배구조내부규범,stress,102,· 그룹 유동성위기 시나리오 설정 및 변경,,dart_out/raw/governance/메리츠금융지주/메리츠금융지주_지배구조연차보고서_2026.pdf,https://www.meritzgroup.com/commfiles/hld/attach/2026/20260311/202603111712088150009U.pdf,83bb54ffc25e1187018532d53940495fd39b9df6e4119eb6c31faae5ef631540,009f356a57d6ea233c775f73fc43a4896b219d397d73e1359938e41f8080f8a0
메리츠금융지주,FY2025,연차보고서,연차보고서__메리츠금융지주_지배구조연차보고서_2026,2. 이사회 / 7. 그룹리스크관리위원회 / 10. 그룹리스크협의회 / 제 2 절 보수체계 연차보고서 / 2. 보수체계 / 그룹리스크관리위원회규정 / 지배구조내부규범,compensation,114,"재무지표로는 계열사 정량평가 평점 평균 등을 주요 성과측정 지표로 활용하고 있으며, 비재무지표로는 리스크한도 준수 실적, 필요자본대비 자기자본비율, 부채비율 등을 사용하고 있습니다",,dart_out/raw/governance/메리츠금융지주/메리츠금융지주_지배구조연차보고서_2026.pdf,https://www.meritzgroup.com/commfiles/hld/attach/2026/20260311/202603111712088150009U.pdf,83bb54ffc25e1187018532d53940495fd39b9df6e4119eb6c31faae5ef631540,009f356a57d6ea233c775f73fc43a4896b219d397d73e1359938e41f8080f8a0
메리츠금융지주,FY2025,연차보고서,연차보고서__메리츠금융지주_지배구조연차보고서_2026,2. 이사회 / 7. 그룹리스크관리위원회 / 10. 그룹리스크협의회 / 제 2 절 보수체계 연차보고서 / 2. 보수체계 / 그룹리스크관리위원회규정 / 지배구조내부규범,compensation,114,"성과평가 결과에 따라 산출된 성과보수액 중 40%는 현금으로 일시 지급하며, 나머지는 회사의 장기성과와 연계하기 위하여 주가연계 현금 or 현금으로 3년간 이연지급하고 있습니다.",,dart_out/raw/governance/메리츠금융지주/메리츠금융지주_지배구조연차보고서_2026.pdf,https://www.meritzgroup.com/commfiles/hld/attach/2026/20260311/202603111712088150009U.pdf,83bb54ffc25e1187018532d53940495fd39b9df6e4119eb6c31faae5ef631540,009f356a57d6ea233c775f73fc43a4896b219d397d73e1359938e41f8080f8a0
메리츠금융지주,FY2025,연차보고서,연차보고서__메리츠금융지주_지배구조연차보고서_2026,2. 이사회 / 7. 그룹리스크관리위원회 / 10. 그룹리스크협의회 / 제 2 절 보수체계 연차보고서 / 2. 보수체계 / 그룹리스크관리위원회규정 / 지배구조내부규범,compensation,114,"또한, 부적절한 행위로 인해 회사에 손해를 끼친 사실이 있는 경우 이연보수액 전부 또는 일부를 지급하지 아니하며, 성과보수 지급의 기준이 되는 재무제표가 오류 또는 부정 등으로 인하여 정정되는 경우 기지급된 성과보수는 정정내용을 반영하여 조정하고 있습니다.",,dart_out/raw/governance/메리츠금융지주/메리츠금융지주_지배구조연차보고서_2026.pdf,https://www.meritzgroup.com/commfiles/hld/attach/2026/20260311/202603111712088150009U.pdf,83bb54ffc25e1187018532d53940495fd39b9df6e4119eb6c31faae5ef631540,009f356a57d6ea233c775f73fc43a4896b219d397d73e1359938e41f8080f8a0
메리츠금융지주,FY2025,연차보고서,연차보고서__메리츠금융지주_지배구조연차보고서_2026,2. 이사회 / 7. 그룹리스크관리위원회 / 10. 그룹리스크협의회 / 제 2 절 보수체계 연차보고서 / 2. 보수체계 / 그룹리스크관리위원회규정 / 지배구조내부규범,org,163,소관부서 리스크관리팀,,dart_out/raw/governance/메리츠금융지주/메리츠금융지주_지배구조연차보고서_2026.pdf,https://www.meritzgroup.com/commfiles/hld/attach/2026/20260311/202603111712088150009U.pdf,83bb54ffc25e1187018532d53940495fd39b9df6e4119eb6c31faae5ef631540,009f356a57d6ea233c775f73fc43a4896b219d397d73e1359938e41f8080f8a0
메리츠금융지주,FY2025,연차보고서,연차보고서__메리츠금융지주_지배구조연차보고서_2026,2. 이사회 / 7. 그룹리스크관리위원회 / 10. 그룹리스크협의회 / 제 2 절 보수체계 연차보고서 / 2. 보수체계 / 그룹리스크관리위원회규정 / 지배구조내부규범,org,103,최병갑 메리츠금융지주 리스크관리담당부서장 그룹리스크관리 담당부서장,,dart_out/raw/governance/메리츠금융지주/메리츠금융지주_지배구조연차보고서_2026.pdf,https://www.meritzgroup.com/commfiles/hld/attach/2026/20260311/202603111712088150009U.pdf,83bb54ffc25e1187018532d53940495fd39b9df6e4119eb6c31faae5ef631540,009f356a57d6ea233c775f73fc43a4896b219d397d73e1359938e41f8080f8a0
메리츠금융지주,FY2025,연차보고서,연차보고서__메리츠금융지주_지배구조연차보고서_2026,2. 이사회 / 7. 그룹리스크관리위원회 / 10. 그룹리스크협의회 / 제 2 절 보수체계 연차보고서 / 2. 보수체계 / 그룹리스크관리위원회규정 / 지배구조내부규범,org,165,그룹리스크관리부서는 위원회의 운영과 ① 관련된 실무를 주관한다.,,dart_out/raw/governance/메리츠금융지주/메리츠금융지주_지배구조연차보고서_2026.pdf,https://www.meritzgroup.com/commfiles/hld/attach/2026/20260311/202603111712088150009U.pdf,83bb54ffc25e1187018532d53940495fd39b9df6e4119eb6c31faae5ef631540,009f356a57d6ea233c775f73fc43a4896b219d397d73e1359938e41f8080f8a0
메리츠금융지주,FY2025,연차보고서,연차보고서__메리츠금융지주_지배구조연차보고서_2026,2. 이사회 / 7. 그룹리스크관리위원회 / 10. 그룹리스크협의회 / 제 2 절 보수체계 연차보고서 / 2. 보수체계 / 그룹리스크관리위원회규정 / 지배구조내부규범,oprisk,,문서에 없음,범위 문서 전체 p.1~220 · 정규식 운영\s*(리스크|위험)|손실\s*사건|손실\s*데이터|BCP|업무\s*연속성|위탁|IT\s*리스크|정보\s*보호|사이버 · 후보 9건 — 읽고 해당 서술 없음으로 판단,dart_out/raw/governance/메리츠금융지주/메리츠금융지주_지배구조연차보고서_2026.pdf,https://www.meritzgroup.com/commfiles/hld/attach/2026/20260311/202603111712088150009U.pdf,83bb54ffc25e1187018532d53940495fd39b9df6e4119eb6c31faae5ef631540,009f356a57d6ea233c775f73fc43a4896b219d397d73e1359938e41f8080f8a0
iM금융지주,FY2025,연차보고서,연차보고서__iM금융지주_지배구조연차보고서_2026,9. 위험관리위원회 / 14. 위험관리협의회 / 2. 보수체계 / 지배구조내부규범 / 위험관리협의회규정 / 리스크관리규정,risk_committee,107,"위험관리위원회는 그룹 리스크의 인식, 평가, 관리 등 리스크관리 전반사항을 통할하는 리스크관리 최고 의사결정기구로서, 그룹 경영의 건전성과 안정성을 유지하기 위하여 리스크관리의 기본방침 및 전략을 수립하며, 그룹이 부담 가능한 리스크 수준을 결정하고 허용한도를 설정하여 통제하는 역할을 수행합니다.",,dart_out/raw/governance/iM금융지주/iM금융지주_지배구조연차보고서_2026.pdf,https://www.imfngroup.com/nbbsR3.fg?putup_writ_seq=4271&file_seq=1,1b008a7d6a2952cfb20abc8aef7f3f2288a7b4478f3e9c7bf81500fc55c79bdf,398b92029caa564e315cdef07f30228ede3a58c5b8d511849a27b0252207a74f
iM금융지주,FY2025,연차보고서,연차보고서__iM금융지주_지배구조연차보고서_2026,9. 위험관리위원회 / 14. 위험관리협의회 / 2. 보수체계 / 지배구조내부규범 / 위험관리협의회규정 / 리스크관리규정,risk_committee,109,"위험관리위원회는 당사 위험관리위원회 규정 제2조 및 제3조에 의거 5인 이내 이사로 구성하되 위원의 과반수는 사외이사로 구성하며, 위원장은 사외이사로 선임하고 있습니다.",,dart_out/raw/governance/iM금융지주/iM금융지주_지배구조연차보고서_2026.pdf,https://www.imfngroup.com/nbbsR3.fg?putup_writ_seq=4271&file_seq=1,1b008a7d6a2952cfb20abc8aef7f3f2288a7b4478f3e9c7bf81500fc55c79bdf,398b92029caa564e315cdef07f30228ede3a58c5b8d511849a27b0252207a74f
iM금융지주,FY2025,연차보고서,연차보고서__iM금융지주_지배구조연차보고서_2026,9. 위험관리위원회 / 14. 위험관리협의회 / 2. 보수체계 / 지배구조내부규범 / 위험관리협의회규정 / 리스크관리규정,risk_committee,109,"2025년도 위험관리위원회는 총 7회 개최되었고, 이사의 참석율은 100% 입니다. 동 기간 동안 부의된 안건은 총 47건이었으며, 결의 안건 15건, 심의안건 6건, 보고 안건 26건 입니다.",,dart_out/raw/governance/iM금융지주/iM금융지주_지배구조연차보고서_2026.pdf,https://www.imfngroup.com/nbbsR3.fg?putup_writ_seq=4271&file_seq=1,1b008a7d6a2952cfb20abc8aef7f3f2288a7b4478f3e9c7bf81500fc55c79bdf,398b92029caa564e315cdef07f30228ede3a58c5b8d511849a27b0252207a74f
iM금융지주,FY2025,연차보고서,연차보고서__iM금융지주_지배구조연차보고서_2026,9. 위험관리위원회 / 14. 위험관리협의회 / 2. 보수체계 / 지배구조내부규범 / 위험관리협의회규정 / 리스크관리규정,group_council,134,"위험관리협의회는 그룹과 자회사 리스크정책 및 전략을 일관되게 유지하기 위하여 그룹의 제반 리스크관련 세부사항을 관리하는 기구로서, 위험관리위원회에서 정한 리스크 허용 한도의 운영에 따른 대책을 수립하고, 리스크관련 지침의 제·개정, 리스크관리시스템의 주요 변경에 관한 사항, 유동성 관리 목적으로 지주회사가 발행하는 신규 유가증권투자 등에 대한 리스크를 검토하며, 기타 위험관리위원회가 위임한 사항 등에 대해 결의하고 있습니다.",,dart_out/raw/governance/iM금융지주/iM금융지주_지배구조연차보고서_2026.pdf,https://www.imfngroup.com/nbbsR3.fg?putup_writ_seq=4271&file_seq=1,1b008a7d6a2952cfb20abc8aef7f3f2288a7b4478f3e9c7bf81500fc55c79bdf,398b92029caa564e315cdef07f30228ede3a58c5b8d511849a27b0252207a74f
iM금융지주,FY2025,연차보고서,연차보고서__iM금융지주_지배구조연차보고서_2026,9. 위험관리위원회 / 14. 위험관리협의회 / 2. 보수체계 / 지배구조내부규범 / 위험관리협의회규정 / 리스크관리규정,group_council,134,"위험관리협의회는 분기 1회 소집을 원칙으로 하되, 의장이 필요하다 인정할 때 또는 위원의 요청에 의하여 수시 소집할 수 있습니다.",,dart_out/raw/governance/iM금융지주/iM금융지주_지배구조연차보고서_2026.pdf,https://www.imfngroup.com/nbbsR3.fg?putup_writ_seq=4271&file_seq=1,1b008a7d6a2952cfb20abc8aef7f3f2288a7b4478f3e9c7bf81500fc55c79bdf,398b92029caa564e315cdef07f30228ede3a58c5b8d511849a27b0252207a74f
iM금융지주,FY2025,연차보고서,연차보고서__iM금융지주_지배구조연차보고서_2026,9. 위험관리위원회 / 14. 위험관리협의회 / 2. 보수체계 / 지배구조내부규범 / 위험관리협의회규정 / 리스크관리규정,group_council,134,"위험관리협의회는 지주회사 위험관리책임자 및 리스크관리부장, 각 자회사의 위험관리책임자로 구성됩니다.",,dart_out/raw/governance/iM금융지주/iM금융지주_지배구조연차보고서_2026.pdf,https://www.imfngroup.com/nbbsR3.fg?putup_writ_seq=4271&file_seq=1,1b008a7d6a2952cfb20abc8aef7f3f2288a7b4478f3e9c7bf81500fc55c79bdf,398b92029caa564e315cdef07f30228ede3a58c5b8d511849a27b0252207a74f
iM금융지주,FY2025,연차보고서,연차보고서__iM금융지주_지배구조연차보고서_2026,9. 위험관리위원회 / 14. 위험관리협의회 / 2. 보수체계 / 지배구조내부규범 / 위험관리협의회규정 / 리스크관리규정,cro,189,"위험관리책임자는 리스크관리체제를 총괄하며 그 직무는 다음과 같다. 1. 그룹 리스크관리 정책 및 제도 총괄 2. 그룹 리스크관리 기준 및 절차의 이행 여부에 대한 점검, 지도, 평가 3. 위험관리위원회, 이사회, 임원에 대한 리스크관리정보의 적시 제공 4. 리스크관리 관련 시스템의 구축 및 운영 5. 기타 리스크관리에 필요하다고 인정하는 사항",,dart_out/raw/governance/iM금융지주/iM금융지주_지배구조연차보고서_2026.pdf,https://www.imfngroup.com/nbbsR3.fg?putup_writ_seq=4271&file_seq=1,1b008a7d6a2952cfb20abc8aef7f3f2288a7b4478f3e9c7bf81500fc55c79bdf,398b92029caa564e315cdef07f30228ede3a58c5b8d511849a27b0252207a74f
iM금융지주,FY2025,연차보고서,연차보고서__iM금융지주_지배구조연차보고서_2026,9. 위험관리위원회 / 14. 위험관리협의회 / 2. 보수체계 / 지배구조내부규범 / 위험관리협의회규정 / 리스크관리규정,cro,190,"준법감시인 및 위험관리책임자는 상임이사 또는 업무집행책임자 중에서 회장의 추천을 받아 이사회 결의로 선임하며 임기는 2년 이상으로 하되, 연임시의 임기도 2년이상으로 한다.",,dart_out/raw/governance/iM금융지주/iM금융지주_지배구조연차보고서_2026.pdf,https://www.imfngroup.com/nbbsR3.fg?putup_writ_seq=4271&file_seq=1,1b008a7d6a2952cfb20abc8aef7f3f2288a7b4478f3e9c7bf81500fc55c79bdf,398b92029caa564e315cdef07f30228ede3a58c5b8d511849a27b0252207a74f
iM금융지주,FY2025,연차보고서,연차보고서__iM금융지주_지배구조연차보고서_2026,9. 위험관리위원회 / 14. 위험관리협의회 / 2. 보수체계 / 지배구조내부규범 / 위험관리협의회규정 / 리스크관리규정,cro,279,"그룹위험관리책임자는 이사회, 이사회 내 위원회, 그룹경영관리협의회 등 각종 회의에 참석하여 발언할 수 있으며 중요한 사항에 대하여는 직접 보고할 수 있다.",,dart_out/raw/governance/iM금융지주/iM금융지주_지배구조연차보고서_2026.pdf,https://www.imfngroup.com/nbbsR3.fg?putup_writ_seq=4271&file_seq=1,1b008a7d6a2952cfb20abc8aef7f3f2288a7b4478f3e9c7bf81500fc55c79bdf,398b92029caa564e315cdef07f30228ede3a58c5b8d511849a27b0252207a74f
iM금융지주,FY2025,연차보고서,연차보고서__iM금융지주_지배구조연차보고서_2026,9. 위험관리위원회 / 14. 위험관리협의회 / 2. 보수체계 / 지배구조내부규범 / 위험관리협의회규정 / 리스크관리규정,raf,107,"그룹의 위험자본은 위험자산의 가치변화로부터 발생할 수 있는 비예상손실을 보전하기 위해 요구되는 자본을 의미하며, 가용자본 대비 위험자본의 비중을 그룹의 위험성향으로 결정합니다.",,dart_out/raw/governance/iM금융지주/iM금융지주_지배구조연차보고서_2026.pdf,https://www.imfngroup.com/nbbsR3.fg?putup_writ_seq=4271&file_seq=1,1b008a7d6a2952cfb20abc8aef7f3f2288a7b4478f3e9c7bf81500fc55c79bdf,398b92029caa564e315cdef07f30228ede3a58c5b8d511849a27b0252207a74f
iM금융지주,FY2025,연차보고서,연차보고서__iM금융지주_지배구조연차보고서_2026,9. 위험관리위원회 / 14. 위험관리협의회 / 2. 보수체계 / 지배구조내부규범 / 위험관리협의회규정 / 리스크관리규정,raf,281,리스크관리 담당부서는 자본적정성을 관리하기 위하여 다음 각 호를 설정하여 위험관리위원회의 승인을 득하여야 한다.(2017.12.19 개정) 1. 그룹의 지속가능한 목표(Target) 위험성향 및 연간 계획에 따른 위험성향 (2017.12.19 신설) 2. 그룹 총위험자본 및 리스크 유형별 허용한도(2016.10.27 개정) 3. 자회사별 총리스크 허용한도 (2016.10.27 개정),,dart_out/raw/governance/iM금융지주/iM금융지주_지배구조연차보고서_2026.pdf,https://www.imfngroup.com/nbbsR3.fg?putup_writ_seq=4271&file_seq=1,1b008a7d6a2952cfb20abc8aef7f3f2288a7b4478f3e9c7bf81500fc55c79bdf,398b92029caa564e315cdef07f30228ede3a58c5b8d511849a27b0252207a74f
iM금융지주,FY2025,연차보고서,연차보고서__iM금융지주_지배구조연차보고서_2026,9. 위험관리위원회 / 14. 위험관리협의회 / 2. 보수체계 / 지배구조내부규범 / 위험관리협의회규정 / 리스크관리규정,raf,108,"2024년 제9차 위험관리위원회에서는 2025년도 위험자본한도를 53,898억원 (계획위험성향 83.8% 이하)으로 결정하였습니다.",,dart_out/raw/governance/iM금융지주/iM금융지주_지배구조연차보고서_2026.pdf,https://www.imfngroup.com/nbbsR3.fg?putup_writ_seq=4271&file_seq=1,1b008a7d6a2952cfb20abc8aef7f3f2288a7b4478f3e9c7bf81500fc55c79bdf,398b92029caa564e315cdef07f30228ede3a58c5b8d511849a27b0252207a74f
iM금융지주,FY2025,연차보고서,연차보고서__iM금융지주_지배구조연차보고서_2026,9. 위험관리위원회 / 14. 위험관리협의회 / 2. 보수체계 / 지배구조내부규범 / 위험관리협의회규정 / 리스크관리규정,measurement,107,"그룹은 경영상 직면한 모든 손실위험을 보전하기 위하여 사용가능한 자본규모인 가용자본을 정의하고, 가용자본 범위 내에서 그룹이 부담 가능한 리스크수준인 위험자본과 위기상황 발생에 대비한 예비자본을 구분하여 관리합니다.",,dart_out/raw/governance/iM금융지주/iM금융지주_지배구조연차보고서_2026.pdf,https://www.imfngroup.com/nbbsR3.fg?putup_writ_seq=4271&file_seq=1,1b008a7d6a2952cfb20abc8aef7f3f2288a7b4478f3e9c7bf81500fc55c79bdf,398b92029caa564e315cdef07f30228ede3a58c5b8d511849a27b0252207a74f
iM금융지주,FY2025,연차보고서,연차보고서__iM금융지주_지배구조연차보고서_2026,9. 위험관리위원회 / 14. 위험관리협의회 / 2. 보수체계 / 지배구조내부규범 / 위험관리협의회규정 / 리스크관리규정,measurement,278,"그룹은 직면하고 있는 리스크에 대해 그 유형별로 적합한 측정방법론을 정하여야 한다. 다만, 자회사 등의 리스크관리 수준에 따라 측정방법 등을 달리 적용할 수 있다.",,dart_out/raw/governance/iM금융지주/iM금융지주_지배구조연차보고서_2026.pdf,https://www.imfngroup.com/nbbsR3.fg?putup_writ_seq=4271&file_seq=1,1b008a7d6a2952cfb20abc8aef7f3f2288a7b4478f3e9c7bf81500fc55c79bdf,398b92029caa564e315cdef07f30228ede3a58c5b8d511849a27b0252207a74f
iM금융지주,FY2025,연차보고서,연차보고서__iM금융지주_지배구조연차보고서_2026,9. 위험관리위원회 / 14. 위험관리협의회 / 2. 보수체계 / 지배구조내부규범 / 위험관리협의회규정 / 리스크관리규정,measurement,277,"“자본적정성”은 다양한 리스크에 의해 발생할 수 있는 예상하지 못한 손실을 현재의 자기자본 수준이 충분히 감내할 수 있는지의 여부로서, 필요자본 대비 자기자본 수준의 적정성을 말한다.",,dart_out/raw/governance/iM금융지주/iM금융지주_지배구조연차보고서_2026.pdf,https://www.imfngroup.com/nbbsR3.fg?putup_writ_seq=4271&file_seq=1,1b008a7d6a2952cfb20abc8aef7f3f2288a7b4478f3e9c7bf81500fc55c79bdf,398b92029caa564e315cdef07f30228ede3a58c5b8d511849a27b0252207a74f
iM금융지주,FY2025,연차보고서,연차보고서__iM금융지주_지배구조연차보고서_2026,9. 위험관리위원회 / 14. 위험관리협의회 / 2. 보수체계 / 지배구조내부규범 / 위험관리협의회규정 / 리스크관리규정,reporting,107,"위험관리위원회는 분기 1회 정기적으로 개최되며, 기타 안건이 있는 경우 수시로 소집할 수 있으며, 위원회 안건 결의는 위원 전원의 과반수로 결의하며, 회의내용과 결과를 이사회에 보고합니다.",,dart_out/raw/governance/iM금융지주/iM금융지주_지배구조연차보고서_2026.pdf,https://www.imfngroup.com/nbbsR3.fg?putup_writ_seq=4271&file_seq=1,1b008a7d6a2952cfb20abc8aef7f3f2288a7b4478f3e9c7bf81500fc55c79bdf,398b92029caa564e315cdef07f30228ede3a58c5b8d511849a27b0252207a74f
iM금융지주,FY2025,연차보고서,연차보고서__iM금융지주_지배구조연차보고서_2026,9. 위험관리위원회 / 14. 위험관리협의회 / 2. 보수체계 / 지배구조내부규범 / 위험관리협의회규정 / 리스크관리규정,reporting,108,"그리고 위험관리위원회는 자본적정성 및 부문별 리스크관리현황, 위험관리협의회 회의결과, 자회사 위험관리위원회 결의사항 등 아래와 같은 리스크관리에 관한 중요 사항에 대해 보고받고 있습니다.",,dart_out/raw/governance/iM금융지주/iM금융지주_지배구조연차보고서_2026.pdf,https://www.imfngroup.com/nbbsR3.fg?putup_writ_seq=4271&file_seq=1,1b008a7d6a2952cfb20abc8aef7f3f2288a7b4478f3e9c7bf81500fc55c79bdf,398b92029caa564e315cdef07f30228ede3a58c5b8d511849a27b0252207a74f
iM금융지주,FY2025,연차보고서,연차보고서__iM금융지주_지배구조연차보고서_2026,9. 위험관리위원회 / 14. 위험관리협의회 / 2. 보수체계 / 지배구조내부규범 / 위험관리협의회규정 / 리스크관리규정,reporting,282,"지주회사의 리스크관리 담당부서는 제16조의 리스크허용한도 준수 여부를 정기적으로 점검하여야 하고, 위험관리위원회에 보고하여야 한다.",,dart_out/raw/governance/iM금융지주/iM금융지주_지배구조연차보고서_2026.pdf,https://www.imfngroup.com/nbbsR3.fg?putup_writ_seq=4271&file_seq=1,1b008a7d6a2952cfb20abc8aef7f3f2288a7b4478f3e9c7bf81500fc55c79bdf,398b92029caa564e315cdef07f30228ede3a58c5b8d511849a27b0252207a74f
iM금융지주,FY2025,연차보고서,연차보고서__iM금융지주_지배구조연차보고서_2026,9. 위험관리위원회 / 14. 위험관리협의회 / 2. 보수체계 / 지배구조내부규범 / 위험관리협의회규정 / 리스크관리규정,stress,285,"그룹차원의 위기상황을 조기에 감지하여 선제적으로 대응하고, 위기상황 발생시 효과적 대응으로 지속가능한 조직을 유지하기 위하여 그룹 위기관리쳬계를 수립하여야 한다.",,dart_out/raw/governance/iM금융지주/iM금융지주_지배구조연차보고서_2026.pdf,https://www.imfngroup.com/nbbsR3.fg?putup_writ_seq=4271&file_seq=1,1b008a7d6a2952cfb20abc8aef7f3f2288a7b4478f3e9c7bf81500fc55c79bdf,398b92029caa564e315cdef07f30228ede3a58c5b8d511849a27b0252207a74f
iM금융지주,FY2025,연차보고서,연차보고서__iM금융지주_지배구조연차보고서_2026,9. 위험관리위원회 / 14. 위험관리협의회 / 2. 보수체계 / 지배구조내부규범 / 위험관리협의회규정 / 리스크관리규정,stress,286,그룹은 예외적이지만 발생 가능한 사건에 대한 그룹의 잠재적 취약성을 평가하기 위하여 그룹 통합위기상황분석을 실시하여야 한다.,,dart_out/raw/governance/iM금융지주/iM금융지주_지배구조연차보고서_2026.pdf,https://www.imfngroup.com/nbbsR3.fg?putup_writ_seq=4271&file_seq=1,1b008a7d6a2952cfb20abc8aef7f3f2288a7b4478f3e9c7bf81500fc55c79bdf,398b92029caa564e315cdef07f30228ede3a58c5b8d511849a27b0252207a74f
iM금융지주,FY2025,연차보고서,연차보고서__iM금융지주_지배구조연차보고서_2026,9. 위험관리위원회 / 14. 위험관리협의회 / 2. 보수체계 / 지배구조내부규범 / 위험관리협의회규정 / 리스크관리규정,stress,286,리스크관리 담당부서는 위기상황에 대응하기 위하여 리스크관리 비상조치계획 (Contingency Plan)을 수립하여야 한다. 비상조치계획 및 비상자금조달계획 등 위기대응 방안은 “그룹 위기관리지침”에서 정하는 바에 따른다.,,dart_out/raw/governance/iM금융지주/iM금융지주_지배구조연차보고서_2026.pdf,https://www.imfngroup.com/nbbsR3.fg?putup_writ_seq=4271&file_seq=1,1b008a7d6a2952cfb20abc8aef7f3f2288a7b4478f3e9c7bf81500fc55c79bdf,398b92029caa564e315cdef07f30228ede3a58c5b8d511849a27b0252207a74f
iM금융지주,FY2025,연차보고서,연차보고서__iM금융지주_지배구조연차보고서_2026,9. 위험관리위원회 / 14. 위험관리협의회 / 2. 보수체계 / 지배구조내부규범 / 위험관리협의회규정 / 리스크관리규정,oprisk,277,"“운영리스크”라 함은 부적절하거나 잘못된 내부의 절차, 인력 및 시스템 또는 외부의 사건으로 인하여 발생할 수 있는 손실위험을 말하며, 법률리스크를 포함한다.",,dart_out/raw/governance/iM금융지주/iM금융지주_지배구조연차보고서_2026.pdf,https://www.imfngroup.com/nbbsR3.fg?putup_writ_seq=4271&file_seq=1,1b008a7d6a2952cfb20abc8aef7f3f2288a7b4478f3e9c7bf81500fc55c79bdf,398b92029caa564e315cdef07f30228ede3a58c5b8d511849a27b0252207a74f
iM금융지주,FY2025,연차보고서,연차보고서__iM금융지주_지배구조연차보고서_2026,9. 위험관리위원회 / 14. 위험관리협의회 / 2. 보수체계 / 지배구조내부규범 / 위험관리협의회규정 / 리스크관리규정,oprisk,272,5. 그룹의 중대한 운영리스크 사건 발생시 대응방안 수립에 관한 사항,,dart_out/raw/governance/iM금융지주/iM금융지주_지배구조연차보고서_2026.pdf,https://www.imfngroup.com/nbbsR3.fg?putup_writ_seq=4271&file_seq=1,1b008a7d6a2952cfb20abc8aef7f3f2288a7b4478f3e9c7bf81500fc55c79bdf,398b92029caa564e315cdef07f30228ede3a58c5b8d511849a27b0252207a74f
iM금융지주,FY2025,연차보고서,연차보고서__iM금융지주_지배구조연차보고서_2026,9. 위험관리위원회 / 14. 위험관리협의회 / 2. 보수체계 / 지배구조내부규범 / 위험관리협의회규정 / 리스크관리규정,oprisk,112,6. 2025년 상반기 그룹 운영리스크 현황 보고 특이의견 없음,,dart_out/raw/governance/iM금융지주/iM금융지주_지배구조연차보고서_2026.pdf,https://www.imfngroup.com/nbbsR3.fg?putup_writ_seq=4271&file_seq=1,1b008a7d6a2952cfb20abc8aef7f3f2288a7b4478f3e9c7bf81500fc55c79bdf,398b92029caa564e315cdef07f30228ede3a58c5b8d511849a27b0252207a74f
iM금융지주,FY2025,연차보고서,연차보고서__iM금융지주_지배구조연차보고서_2026,9. 위험관리위원회 / 14. 위험관리협의회 / 2. 보수체계 / 지배구조내부규범 / 위험관리협의회규정 / 리스크관리규정,compensation,150,"그룹리스크관리총괄 및 리스크관리부의 경우 손익과 관련된 KPI를 제외(수익성 지표 제외, 단 RORWA 사용)하고, CET1, 고정이하여신비율 및 계열사의 NCR비율, K-ICS비율, 연체비율 등을 반영한 성과평가를 하고 있습니다.",,dart_out/raw/governance/iM금융지주/iM금융지주_지배구조연차보고서_2026.pdf,https://www.imfngroup.com/nbbsR3.fg?putup_writ_seq=4271&file_seq=1,1b008a7d6a2952cfb20abc8aef7f3f2288a7b4478f3e9c7bf81500fc55c79bdf,398b92029caa564e315cdef07f30228ede3a58c5b8d511849a27b0252207a74f
iM금융지주,FY2025,연차보고서,연차보고서__iM금융지주_지배구조연차보고서_2026,9. 위험관리위원회 / 14. 위험관리협의회 / 2. 보수체계 / 지배구조내부규범 / 위험관리협의회규정 / 리스크관리규정,compensation,150,"임원의 성과보수액은 단기성과급과 장기성과급으로 구분하며, 장·단기성과급 모두 성과급의 40%를 현금으로 일시 지급하고, 나머지 60%는 iM금융지주 주식으로 환산후 익년도부터 5년간 균등 배정하며, 이연지급시 배정된 주식에 iM금융지주의 가중평균주가를 반영한 현금으로 지급합니다.",,dart_out/raw/governance/iM금융지주/iM금융지주_지배구조연차보고서_2026.pdf,https://www.imfngroup.com/nbbsR3.fg?putup_writ_seq=4271&file_seq=1,1b008a7d6a2952cfb20abc8aef7f3f2288a7b4478f3e9c7bf81500fc55c79bdf,398b92029caa564e315cdef07f30228ede3a58c5b8d511849a27b0252207a74f
iM금융지주,FY2025,연차보고서,연차보고서__iM금융지주_지배구조연차보고서_2026,9. 위험관리위원회 / 14. 위험관리협의회 / 2. 보수체계 / 지배구조내부규범 / 위험관리협의회규정 / 리스크관리규정,compensation,149,"또한, 개인적인 업무과실이나 회사 경영실적이 상당히 악화된 경우에는 성과보수액을 환수할 수 있도록 하여 보수를 조정하고 있습니다.",,dart_out/raw/governance/iM금융지주/iM금융지주_지배구조연차보고서_2026.pdf,https://www.imfngroup.com/nbbsR3.fg?putup_writ_seq=4271&file_seq=1,1b008a7d6a2952cfb20abc8aef7f3f2288a7b4478f3e9c7bf81500fc55c79bdf,398b92029caa564e315cdef07f30228ede3a58c5b8d511849a27b0252207a74f
iM금융지주,FY2025,연차보고서,연차보고서__iM금융지주_지배구조연차보고서_2026,9. 위험관리위원회 / 14. 위험관리협의회 / 2. 보수체계 / 지배구조내부규범 / 위험관리협의회규정 / 리스크관리규정,org,278,"리스크관리조직은 위험관리위원회, 위험관리협의회, 그룹위험관리책임자와 독립적 리스크관리 전담조직인 리스크관리부(이하 “리스크관리 담당부서”라 한다) 및 리스크검증팀으로 구성한다.",,dart_out/raw/governance/iM금융지주/iM금융지주_지배구조연차보고서_2026.pdf,https://www.imfngroup.com/nbbsR3.fg?putup_writ_seq=4271&file_seq=1,1b008a7d6a2952cfb20abc8aef7f3f2288a7b4478f3e9c7bf81500fc55c79bdf,398b92029caa564e315cdef07f30228ede3a58c5b8d511849a27b0252207a74f
iM금융지주,FY2025,연차보고서,연차보고서__iM금융지주_지배구조연차보고서_2026,9. 위험관리위원회 / 14. 위험관리협의회 / 2. 보수체계 / 지배구조내부규범 / 위험관리협의회규정 / 리스크관리규정,org,277,리스크관리조직은 영업부문과 독립적으로 구성되고 운영한다.,,dart_out/raw/governance/iM금융지주/iM금융지주_지배구조연차보고서_2026.pdf,https://www.imfngroup.com/nbbsR3.fg?putup_writ_seq=4271&file_seq=1,1b008a7d6a2952cfb20abc8aef7f3f2288a7b4478f3e9c7bf81500fc55c79bdf,398b92029caa564e315cdef07f30228ede3a58c5b8d511849a27b0252207a74f
iM금융지주,FY2025,연차보고서,연차보고서__iM금융지주_지배구조연차보고서_2026,9. 위험관리위원회 / 14. 위험관리협의회 / 2. 보수체계 / 지배구조내부규범 / 위험관리협의회규정 / 리스크관리규정,org,280,"지주회사 리스크관리 담당부서는 다음 각 호의 업무를 수행한다. 1. 그룹 위험자본 및 리스크관련 한도의 관리 등 그룹 리스크관리에 관한 사항의 통할 2. 지주회사 리스크관리에 관한 세부정책, 절차 및 업무프로세스 운영 3. 지주회사와 자회사간 또는 자회사 상호간의 위험전이 방지",,dart_out/raw/governance/iM금융지주/iM금융지주_지배구조연차보고서_2026.pdf,https://www.imfngroup.com/nbbsR3.fg?putup_writ_seq=4271&file_seq=1,1b008a7d6a2952cfb20abc8aef7f3f2288a7b4478f3e9c7bf81500fc55c79bdf,398b92029caa564e315cdef07f30228ede3a58c5b8d511849a27b0252207a74f
NH농협금융지주,FY2025,연차보고서,연차보고서__NH농협금융지주_지배구조연차보고서_2026,1) 조직도 / 바) 위험관리기준 수립 ž 평가 / 7. 리스크관리위원회(가. 역할(권한과 책무) · 나. 구성(리스크관리위원회 위원) · 다. 활동내역 및 평가) / 2. 이사회 > 다. 활동내역 > 2) 회의 개최내역 / 9. 내부통제위원회 > 라. 활동내역 및 평가 > 3) 회의 개최내역 / 【 농협금융지주 리스크관리협의회 구성 】(가. 역할 · 나. 협의절차 (운영현황) · 다. 구성) / 제2절 보수체계 연차보고서 > 1. 보수위원회 · 가. 주요사항 / 지배구조내부규범 / 리스크관리위원회규정,risk_committee,174,이에 따라 농협금융지주의 리스크관리위원회는 경영진의 무리한 사업추진을 견제하고 건전 경영 달성을 위한 리스크관리 전략을 수립하는 등 독립적인 최고의사결정기구 역할을 수행 합니다.,,dart_out/raw/governance/NH농협금융지주/NH농협금융지주_지배구조연차보고서_2026.pdf,https://www.nhfngroup.com/common/downLoad.do?siteId=nhfngroup&fileSeq=5831803&flag=A&albumType=1,bc1463afbba6446cf087fcb7f714ff64fbda86033adc4b7167ae3a199cac68bb,97ae6b443575e607822e4c5071bbfe673cb9b73ac13b46df260a35271192446b
NH농협금융지주,FY2025,연차보고서,연차보고서__NH농협금융지주_지배구조연차보고서_2026,1) 조직도 / 바) 위험관리기준 수립 ž 평가 / 7. 리스크관리위원회(가. 역할(권한과 책무) · 나. 구성(리스크관리위원회 위원) · 다. 활동내역 및 평가) / 2. 이사회 > 다. 활동내역 > 2) 회의 개최내역 / 9. 내부통제위원회 > 라. 활동내역 및 평가 > 3) 회의 개최내역 / 【 농협금융지주 리스크관리협의회 구성 】(가. 역할 · 나. 협의절차 (운영현황) · 다. 구성) / 제2절 보수체계 연차보고서 > 1. 보수위원회 · 가. 주요사항 / 지배구조내부규범 / 리스크관리위원회규정,risk_committee,176,"농협금융지주 리스크관리위원회는 이사 10인 이내로 구성하고 위원의 과반수를 사외이사로 하되, 위원 중 1인 이상은 금융회사 또는 상법상 회사의 금융·회계 또는 재무 분야에서 종사한 경험이 있는 자로 합니다. 위원회의 위원장은 사외이사인 위원 중에서 위원회 의결로 선임하고, 위원의 임기는 해당 위원의 이사 임기 만료 시까지로 합니다. 現 리스크관리위원회 위원은 4인(사외이사 3인, 사내이사 1인)으로 구성되어 있습니다.",,dart_out/raw/governance/NH농협금융지주/NH농협금융지주_지배구조연차보고서_2026.pdf,https://www.nhfngroup.com/common/downLoad.do?siteId=nhfngroup&fileSeq=5831803&flag=A&albumType=1,bc1463afbba6446cf087fcb7f714ff64fbda86033adc4b7167ae3a199cac68bb,97ae6b443575e607822e4c5071bbfe673cb9b73ac13b46df260a35271192446b
NH농협금융지주,FY2025,연차보고서,연차보고서__NH농협금융지주_지배구조연차보고서_2026,1) 조직도 / 바) 위험관리기준 수립 ž 평가 / 7. 리스크관리위원회(가. 역할(권한과 책무) · 나. 구성(리스크관리위원회 위원) · 다. 활동내역 및 평가) / 2. 이사회 > 다. 활동내역 > 2) 회의 개최내역 / 9. 내부통제위원회 > 라. 활동내역 및 평가 > 3) 회의 개최내역 / 【 농협금융지주 리스크관리협의회 구성 】(가. 역할 · 나. 협의절차 (운영현황) · 다. 구성) / 제2절 보수체계 연차보고서 > 1. 보수위원회 · 가. 주요사항 / 지배구조내부규범 / 리스크관리위원회규정,risk_committee,177,"2025년 총 14회의 리스크관리위원회가 소집되었고, 위원의 평균 참석률은 100%이며, 13건 의 의결안건과 5건의 심의안건, 17건의 보고안건 등 총 35건의 안건을 처리하였습니다.",,dart_out/raw/governance/NH농협금융지주/NH농협금융지주_지배구조연차보고서_2026.pdf,https://www.nhfngroup.com/common/downLoad.do?siteId=nhfngroup&fileSeq=5831803&flag=A&albumType=1,bc1463afbba6446cf087fcb7f714ff64fbda86033adc4b7167ae3a199cac68bb,97ae6b443575e607822e4c5071bbfe673cb9b73ac13b46df260a35271192446b
NH농협금융지주,FY2025,연차보고서,연차보고서__NH농협금융지주_지배구조연차보고서_2026,1) 조직도 / 바) 위험관리기준 수립 ž 평가 / 7. 리스크관리위원회(가. 역할(권한과 책무) · 나. 구성(리스크관리위원회 위원) · 다. 활동내역 및 평가) / 2. 이사회 > 다. 활동내역 > 2) 회의 개최내역 / 9. 내부통제위원회 > 라. 활동내역 및 평가 > 3) 회의 개최내역 / 【 농협금융지주 리스크관리협의회 구성 】(가. 역할 · 나. 협의절차 (운영현황) · 다. 구성) / 제2절 보수체계 연차보고서 > 1. 보수위원회 · 가. 주요사항 / 지배구조내부규범 / 리스크관리위원회규정,group_council,217,"리스크관리협의회는 금융지주 리스크관리위원회로부터 위임받은 사항 등에 대해 의결하고, 위원회의 리스크관리 정책 및 절차를 각 자회사별로 실행하기 위한 세부적인 사항을 협의하며, 그룹의 리스크관리현황을 모니터링하고 필요한 조치를 수립, 시행하는 역할을 합니다.",,dart_out/raw/governance/NH농협금융지주/NH농협금융지주_지배구조연차보고서_2026.pdf,https://www.nhfngroup.com/common/downLoad.do?siteId=nhfngroup&fileSeq=5831803&flag=A&albumType=1,bc1463afbba6446cf087fcb7f714ff64fbda86033adc4b7167ae3a199cac68bb,97ae6b443575e607822e4c5071bbfe673cb9b73ac13b46df260a35271192446b
NH농협금융지주,FY2025,연차보고서,연차보고서__NH농협금융지주_지배구조연차보고서_2026,1) 조직도 / 바) 위험관리기준 수립 ž 평가 / 7. 리스크관리위원회(가. 역할(권한과 책무) · 나. 구성(리스크관리위원회 위원) · 다. 활동내역 및 평가) / 2. 이사회 > 다. 활동내역 > 2) 회의 개최내역 / 9. 내부통제위원회 > 라. 활동내역 및 평가 > 3) 회의 개최내역 / 【 농협금융지주 리스크관리협의회 구성 】(가. 역할 · 나. 협의절차 (운영현황) · 다. 구성) / 제2절 보수체계 연차보고서 > 1. 보수위원회 · 가. 주요사항 / 지배구조내부규범 / 리스크관리위원회규정,group_council,217,"리스크관리협의회는 분기 1회 이상 소집하는 것을 원칙으로 하며, 의장이 필요하다고 인정할 경우 수시로 소집할 수 있습니다.",,dart_out/raw/governance/NH농협금융지주/NH농협금융지주_지배구조연차보고서_2026.pdf,https://www.nhfngroup.com/common/downLoad.do?siteId=nhfngroup&fileSeq=5831803&flag=A&albumType=1,bc1463afbba6446cf087fcb7f714ff64fbda86033adc4b7167ae3a199cac68bb,97ae6b443575e607822e4c5071bbfe673cb9b73ac13b46df260a35271192446b
NH농협금융지주,FY2025,연차보고서,연차보고서__NH농협금융지주_지배구조연차보고서_2026,1) 조직도 / 바) 위험관리기준 수립 ž 평가 / 7. 리스크관리위원회(가. 역할(권한과 책무) · 나. 구성(리스크관리위원회 위원) · 다. 활동내역 및 평가) / 2. 이사회 > 다. 활동내역 > 2) 회의 개최내역 / 9. 내부통제위원회 > 라. 활동내역 및 평가 > 3) 회의 개최내역 / 【 농협금융지주 리스크관리협의회 구성 】(가. 역할 · 나. 협의절차 (운영현황) · 다. 구성) / 제2절 보수체계 연차보고서 > 1. 보수위원회 · 가. 주요사항 / 지배구조내부규범 / 리스크관리위원회규정,group_council,218,리스크관리협의회 의장은 지주회사 위험관리책임자로 하고 지주회사 리스크관리부서장 및 각 자회사 위험관리책임자 등을 위원으로 하여 총 14명으로 구성되어 있습니다.,,dart_out/raw/governance/NH농협금융지주/NH농협금융지주_지배구조연차보고서_2026.pdf,https://www.nhfngroup.com/common/downLoad.do?siteId=nhfngroup&fileSeq=5831803&flag=A&albumType=1,bc1463afbba6446cf087fcb7f714ff64fbda86033adc4b7167ae3a199cac68bb,97ae6b443575e607822e4c5071bbfe673cb9b73ac13b46df260a35271192446b
NH농협금융지주,FY2025,연차보고서,연차보고서__NH농협금융지주_지배구조연차보고서_2026,1) 조직도 / 바) 위험관리기준 수립 ž 평가 / 7. 리스크관리위원회(가. 역할(권한과 책무) · 나. 구성(리스크관리위원회 위원) · 다. 활동내역 및 평가) / 2. 이사회 > 다. 활동내역 > 2) 회의 개최내역 / 9. 내부통제위원회 > 라. 활동내역 및 평가 > 3) 회의 개최내역 / 【 농협금융지주 리스크관리협의회 구성 】(가. 역할 · 나. 협의절차 (운영현황) · 다. 구성) / 제2절 보수체계 연차보고서 > 1. 보수위원회 · 가. 주요사항 / 지배구조내부규범 / 리스크관리위원회규정,cro,276,"③ 위험관리책임자는 자산의 운용이나 업무의 수행, 그 밖의 각종 거래에서 발생하는 위험 을 점검하고 관리하는 업무를 총괄한다.",,dart_out/raw/governance/NH농협금융지주/NH농협금융지주_지배구조연차보고서_2026.pdf,https://www.nhfngroup.com/common/downLoad.do?siteId=nhfngroup&fileSeq=5831803&flag=A&albumType=1,bc1463afbba6446cf087fcb7f714ff64fbda86033adc4b7167ae3a199cac68bb,97ae6b443575e607822e4c5071bbfe673cb9b73ac13b46df260a35271192446b
NH농협금융지주,FY2025,연차보고서,연차보고서__NH농협금융지주_지배구조연차보고서_2026,1) 조직도 / 바) 위험관리기준 수립 ž 평가 / 7. 리스크관리위원회(가. 역할(권한과 책무) · 나. 구성(리스크관리위원회 위원) · 다. 활동내역 및 평가) / 2. 이사회 > 다. 활동내역 > 2) 회의 개최내역 / 9. 내부통제위원회 > 라. 활동내역 및 평가 > 3) 회의 개최내역 / 【 농협금융지주 리스크관리협의회 구성 】(가. 역할 · 나. 협의절차 (운영현황) · 다. 구성) / 제2절 보수체계 연차보고서 > 1. 보수위원회 · 가. 주요사항 / 지배구조내부규범 / 리스크관리위원회규정,cro,277,② 준법감시인 및 위험관리책임자는 회장의 추천으로 이사회 결의를 거쳐 선임한다.,,dart_out/raw/governance/NH농협금융지주/NH농협금융지주_지배구조연차보고서_2026.pdf,https://www.nhfngroup.com/common/downLoad.do?siteId=nhfngroup&fileSeq=5831803&flag=A&albumType=1,bc1463afbba6446cf087fcb7f714ff64fbda86033adc4b7167ae3a199cac68bb,97ae6b443575e607822e4c5071bbfe673cb9b73ac13b46df260a35271192446b
NH농협금융지주,FY2025,연차보고서,연차보고서__NH농협금융지주_지배구조연차보고서_2026,1) 조직도 / 바) 위험관리기준 수립 ž 평가 / 7. 리스크관리위원회(가. 역할(권한과 책무) · 나. 구성(리스크관리위원회 위원) · 다. 활동내역 및 평가) / 2. 이사회 > 다. 활동내역 > 2) 회의 개최내역 / 9. 내부통제위원회 > 라. 활동내역 및 평가 > 3) 회의 개최내역 / 【 농협금융지주 리스크관리협의회 구성 】(가. 역할 · 나. 협의절차 (운영현황) · 다. 구성) / 제2절 보수체계 연차보고서 > 1. 보수위원회 · 가. 주요사항 / 지배구조내부규범 / 리스크관리위원회규정,cro,277,"② 주요업무집행책임자, 준법감시인 및 위험관리책임자의 임기는 2년으로 하되 연임할 수 있다.",,dart_out/raw/governance/NH농협금융지주/NH농협금융지주_지배구조연차보고서_2026.pdf,https://www.nhfngroup.com/common/downLoad.do?siteId=nhfngroup&fileSeq=5831803&flag=A&albumType=1,bc1463afbba6446cf087fcb7f714ff64fbda86033adc4b7167ae3a199cac68bb,97ae6b443575e607822e4c5071bbfe673cb9b73ac13b46df260a35271192446b
NH농협금융지주,FY2025,연차보고서,연차보고서__NH농협금융지주_지배구조연차보고서_2026,1) 조직도 / 바) 위험관리기준 수립 ž 평가 / 7. 리스크관리위원회(가. 역할(권한과 책무) · 나. 구성(리스크관리위원회 위원) · 다. 활동내역 및 평가) / 2. 이사회 > 다. 활동내역 > 2) 회의 개최내역 / 9. 내부통제위원회 > 라. 활동내역 및 평가 > 3) 회의 개최내역 / 【 농협금융지주 리스크관리협의회 구성 】(가. 역할 · 나. 협의절차 (운영현황) · 다. 구성) / 제2절 보수체계 연차보고서 > 1. 보수위원회 · 가. 주요사항 / 지배구조내부규범 / 리스크관리위원회규정,raf,174,위험성향(Risk Appetite)이란 금융회사가 보유한 가용자본 이내에서 측정 및 관리 대상 리스크 총 합계의 최대한도를 설정하는 것으로 위험성향이 높으면 높을수록 리스크 선호적 성향을 나타낸다고 할 수 있습니다.,,dart_out/raw/governance/NH농협금융지주/NH농협금융지주_지배구조연차보고서_2026.pdf,https://www.nhfngroup.com/common/downLoad.do?siteId=nhfngroup&fileSeq=5831803&flag=A&albumType=1,bc1463afbba6446cf087fcb7f714ff64fbda86033adc4b7167ae3a199cac68bb,97ae6b443575e607822e4c5071bbfe673cb9b73ac13b46df260a35271192446b
NH농협금융지주,FY2025,연차보고서,연차보고서__NH농협금융지주_지배구조연차보고서_2026,1) 조직도 / 바) 위험관리기준 수립 ž 평가 / 7. 리스크관리위원회(가. 역할(권한과 책무) · 나. 구성(리스크관리위원회 위원) · 다. 활동내역 및 평가) / 2. 이사회 > 다. 활동내역 > 2) 회의 개최내역 / 9. 내부통제위원회 > 라. 활동내역 및 평가 > 3) 회의 개최내역 / 【 농협금융지주 리스크관리협의회 구성 】(가. 역할 · 나. 협의절차 (운영현황) · 다. 구성) / 제2절 보수체계 연차보고서 > 1. 보수위원회 · 가. 주요사항 / 지배구조내부규범 / 리스크관리위원회규정,raf,174,2025년의 경우 제12차 리스크관리위원회 안건 “2026년 농협금융 위험자본 관리계획 ” 에서 그룹 위험성향을 85%로 설정하였습니다 .,,dart_out/raw/governance/NH농협금융지주/NH농협금융지주_지배구조연차보고서_2026.pdf,https://www.nhfngroup.com/common/downLoad.do?siteId=nhfngroup&fileSeq=5831803&flag=A&albumType=1,bc1463afbba6446cf087fcb7f714ff64fbda86033adc4b7167ae3a199cac68bb,97ae6b443575e607822e4c5071bbfe673cb9b73ac13b46df260a35271192446b
NH농협금융지주,FY2025,연차보고서,연차보고서__NH농협금융지주_지배구조연차보고서_2026,1) 조직도 / 바) 위험관리기준 수립 ž 평가 / 7. 리스크관리위원회(가. 역할(권한과 책무) · 나. 구성(리스크관리위원회 위원) · 다. 활동내역 및 평가) / 2. 이사회 > 다. 활동내역 > 2) 회의 개최내역 / 9. 내부통제위원회 > 라. 활동내역 및 평가 > 3) 회의 개최내역 / 【 농협금융지주 리스크관리협의회 구성 】(가. 역할 · 나. 협의절차 (운영현황) · 다. 구성) / 제2절 보수체계 연차보고서 > 1. 보수위원회 · 가. 주요사항 / 지배구조내부규범 / 리스크관리위원회규정,raf,175,농협금융지주는 ｢위험자본 관리계획｣에서 설정한 위험성향 이내에서 개별 리스크 유형별로 위험자본 한도를 세분화하여 체계적인 리스크관리를 도모합니다.,,dart_out/raw/governance/NH농협금융지주/NH농협금융지주_지배구조연차보고서_2026.pdf,https://www.nhfngroup.com/common/downLoad.do?siteId=nhfngroup&fileSeq=5831803&flag=A&albumType=1,bc1463afbba6446cf087fcb7f714ff64fbda86033adc4b7167ae3a199cac68bb,97ae6b443575e607822e4c5071bbfe673cb9b73ac13b46df260a35271192446b
NH농협금융지주,FY2025,연차보고서,연차보고서__NH농협금융지주_지배구조연차보고서_2026,1) 조직도 / 바) 위험관리기준 수립 ž 평가 / 7. 리스크관리위원회(가. 역할(권한과 책무) · 나. 구성(리스크관리위원회 위원) · 다. 활동내역 및 평가) / 2. 이사회 > 다. 활동내역 > 2) 회의 개최내역 / 9. 내부통제위원회 > 라. 활동내역 및 평가 > 3) 회의 개최내역 / 【 농협금융지주 리스크관리협의회 구성 】(가. 역할 · 나. 협의절차 (운영현황) · 다. 구성) / 제2절 보수체계 연차보고서 > 1. 보수위원회 · 가. 주요사항 / 지배구조내부규범 / 리스크관리위원회규정,measurement,188,"◦ (보고 제15호) 2025년 농협금융 내부자본적정성 평가 결과 : 2025년 농협금융 가용자본 설정, 위험자본 한도 관리 등 내부자본 적정성평가 결과 보고",,dart_out/raw/governance/NH농협금융지주/NH농협금융지주_지배구조연차보고서_2026.pdf,https://www.nhfngroup.com/common/downLoad.do?siteId=nhfngroup&fileSeq=5831803&flag=A&albumType=1,bc1463afbba6446cf087fcb7f714ff64fbda86033adc4b7167ae3a199cac68bb,97ae6b443575e607822e4c5071bbfe673cb9b73ac13b46df260a35271192446b
NH농협금융지주,FY2025,연차보고서,연차보고서__NH농협금융지주_지배구조연차보고서_2026,1) 조직도 / 바) 위험관리기준 수립 ž 평가 / 7. 리스크관리위원회(가. 역할(권한과 책무) · 나. 구성(리스크관리위원회 위원) · 다. 활동내역 및 평가) / 2. 이사회 > 다. 활동내역 > 2) 회의 개최내역 / 9. 내부통제위원회 > 라. 활동내역 및 평가 > 3) 회의 개최내역 / 【 농협금융지주 리스크관리협의회 구성 】(가. 역할 · 나. 협의절차 (운영현황) · 다. 구성) / 제2절 보수체계 연차보고서 > 1. 보수위원회 · 가. 주요사항 / 지배구조내부규범 / 리스크관리위원회규정,measurement,181,◦ (보고 제6호) 농협금융 리스크유형별 측정시스템 적합성검증 결과 : 농협금융 리스 크유형별 측정시스템에 대한 적합성 검증 결과 보고,,dart_out/raw/governance/NH농협금융지주/NH농협금융지주_지배구조연차보고서_2026.pdf,https://www.nhfngroup.com/common/downLoad.do?siteId=nhfngroup&fileSeq=5831803&flag=A&albumType=1,bc1463afbba6446cf087fcb7f714ff64fbda86033adc4b7167ae3a199cac68bb,97ae6b443575e607822e4c5071bbfe673cb9b73ac13b46df260a35271192446b
NH농협금융지주,FY2025,연차보고서,연차보고서__NH농협금융지주_지배구조연차보고서_2026,1) 조직도 / 바) 위험관리기준 수립 ž 평가 / 7. 리스크관리위원회(가. 역할(권한과 책무) · 나. 구성(리스크관리위원회 위원) · 다. 활동내역 및 평가) / 2. 이사회 > 다. 활동내역 > 2) 회의 개최내역 / 9. 내부통제위원회 > 라. 활동내역 및 평가 > 3) 회의 개최내역 / 【 농협금융지주 리스크관리협의회 구성 】(가. 역할 · 나. 협의절차 (운영현황) · 다. 구성) / 제2절 보수체계 연차보고서 > 1. 보수위원회 · 가. 주요사항 / 지배구조내부규범 / 리스크관리위원회규정,measurement,186,◦ (의안 제8호) 2026년 상반기 농협금융 규제자본 관리계획(안) : 2026년 상반기 자본적정성 목표비율 및 RWA 한도 설정,,dart_out/raw/governance/NH농협금융지주/NH농협금융지주_지배구조연차보고서_2026.pdf,https://www.nhfngroup.com/common/downLoad.do?siteId=nhfngroup&fileSeq=5831803&flag=A&albumType=1,bc1463afbba6446cf087fcb7f714ff64fbda86033adc4b7167ae3a199cac68bb,97ae6b443575e607822e4c5071bbfe673cb9b73ac13b46df260a35271192446b
NH농협금융지주,FY2025,연차보고서,연차보고서__NH농협금융지주_지배구조연차보고서_2026,1) 조직도 / 바) 위험관리기준 수립 ž 평가 / 7. 리스크관리위원회(가. 역할(권한과 책무) · 나. 구성(리스크관리위원회 위원) · 다. 활동내역 및 평가) / 2. 이사회 > 다. 활동내역 > 2) 회의 개최내역 / 9. 내부통제위원회 > 라. 활동내역 및 평가 > 3) 회의 개최내역 / 【 농협금융지주 리스크관리협의회 구성 】(가. 역할 · 나. 협의절차 (운영현황) · 다. 구성) / 제2절 보수체계 연차보고서 > 1. 보수위원회 · 가. 주요사항 / 지배구조내부규범 / 리스크관리위원회규정,reporting,311,③ 위원회의 보고사항은 다음 각 호와 같다 1. 그룹 리스크관리 현황 및 한도관리 현황 2. 지주회사 리스크관리협의회 운영 현황,,dart_out/raw/governance/NH농협금융지주/NH농협금융지주_지배구조연차보고서_2026.pdf,https://www.nhfngroup.com/common/downLoad.do?siteId=nhfngroup&fileSeq=5831803&flag=A&albumType=1,bc1463afbba6446cf087fcb7f714ff64fbda86033adc4b7167ae3a199cac68bb,97ae6b443575e607822e4c5071bbfe673cb9b73ac13b46df260a35271192446b
NH농협금융지주,FY2025,연차보고서,연차보고서__NH농협금융지주_지배구조연차보고서_2026,1) 조직도 / 바) 위험관리기준 수립 ž 평가 / 7. 리스크관리위원회(가. 역할(권한과 책무) · 나. 구성(리스크관리위원회 위원) · 다. 활동내역 및 평가) / 2. 이사회 > 다. 활동내역 > 2) 회의 개최내역 / 9. 내부통제위원회 > 라. 활동내역 및 평가 > 3) 회의 개최내역 / 【 농협금융지주 리스크관리협의회 구성 】(가. 역할 · 나. 협의절차 (운영현황) · 다. 구성) / 제2절 보수체계 연차보고서 > 1. 보수위원회 · 가. 주요사항 / 지배구조내부규범 / 리스크관리위원회규정,reporting,217,"자회사 위험관리책임자는 리스크관리협의회에서 실행하기로 한 의결 및 보고 사항에 대해서는 구체적인 실행계획을 수립하여 시행하여야 하며, 리스크관리협의회에서 의결, 보고된 사항이 지정된 시기에 이행되지 않았을 경우 자회사의 위험관리책임자는 그 사유 및 이행계획을 리스크관리협의회에 보고하여야 합니다.",,dart_out/raw/governance/NH농협금융지주/NH농협금융지주_지배구조연차보고서_2026.pdf,https://www.nhfngroup.com/common/downLoad.do?siteId=nhfngroup&fileSeq=5831803&flag=A&albumType=1,bc1463afbba6446cf087fcb7f714ff64fbda86033adc4b7167ae3a199cac68bb,97ae6b443575e607822e4c5071bbfe673cb9b73ac13b46df260a35271192446b
NH농협금융지주,FY2025,연차보고서,연차보고서__NH농협금융지주_지배구조연차보고서_2026,1) 조직도 / 바) 위험관리기준 수립 ž 평가 / 7. 리스크관리위원회(가. 역할(권한과 책무) · 나. 구성(리스크관리위원회 위원) · 다. 활동내역 및 평가) / 2. 이사회 > 다. 활동내역 > 2) 회의 개최내역 / 9. 내부통제위원회 > 라. 활동내역 및 평가 > 3) 회의 개최내역 / 【 농협금융지주 리스크관리협의회 구성 】(가. 역할 · 나. 협의절차 (운영현황) · 다. 구성) / 제2절 보수체계 연차보고서 > 1. 보수위원회 · 가. 주요사항 / 지배구조내부규범 / 리스크관리위원회규정,reporting,313,➁ 위험관리책임자는 위원회가 필요하다고 인정하는 사항에 대하여 이사회에 보고 할 수 있다.,,dart_out/raw/governance/NH농협금융지주/NH농협금융지주_지배구조연차보고서_2026.pdf,https://www.nhfngroup.com/common/downLoad.do?siteId=nhfngroup&fileSeq=5831803&flag=A&albumType=1,bc1463afbba6446cf087fcb7f714ff64fbda86033adc4b7167ae3a199cac68bb,97ae6b443575e607822e4c5071bbfe673cb9b73ac13b46df260a35271192446b
NH농협금융지주,FY2025,연차보고서,연차보고서__NH농협금융지주_지배구조연차보고서_2026,1) 조직도 / 바) 위험관리기준 수립 ž 평가 / 7. 리스크관리위원회(가. 역할(권한과 책무) · 나. 구성(리스크관리위원회 위원) · 다. 활동내역 및 평가) / 2. 이사회 > 다. 활동내역 > 2) 회의 개최내역 / 9. 내부통제위원회 > 라. 활동내역 및 평가 > 3) 회의 개최내역 / 【 농협금융지주 리스크관리협의회 구성 】(가. 역할 · 나. 협의절차 (운영현황) · 다. 구성) / 제2절 보수체계 연차보고서 > 1. 보수위원회 · 가. 주요사항 / 지배구조내부규범 / 리스크관리위원회규정,stress,20,그리고 그룹 차원에서 예외적 손실에 대한 잠재적인 취약성을 평가하기 위하여 연 2회 정 기적으로 위기상황분석을 시행하고 있습니다.,,dart_out/raw/governance/NH농협금융지주/NH농협금융지주_지배구조연차보고서_2026.pdf,https://www.nhfngroup.com/common/downLoad.do?siteId=nhfngroup&fileSeq=5831803&flag=A&albumType=1,bc1463afbba6446cf087fcb7f714ff64fbda86033adc4b7167ae3a199cac68bb,97ae6b443575e607822e4c5071bbfe673cb9b73ac13b46df260a35271192446b
NH농협금융지주,FY2025,연차보고서,연차보고서__NH농협금융지주_지배구조연차보고서_2026,1) 조직도 / 바) 위험관리기준 수립 ž 평가 / 7. 리스크관리위원회(가. 역할(권한과 책무) · 나. 구성(리스크관리위원회 위원) · 다. 활동내역 및 평가) / 2. 이사회 > 다. 활동내역 > 2) 회의 개최내역 / 9. 내부통제위원회 > 라. 활동내역 및 평가 > 3) 회의 개최내역 / 【 농협금융지주 리스크관리협의회 구성 】(가. 역할 · 나. 협의절차 (운영현황) · 다. 구성) / 제2절 보수체계 연차보고서 > 1. 보수위원회 · 가. 주요사항 / 지배구조내부규범 / 리스크관리위원회규정,stress,20,"금리, 환율 및 주가 등 주요 경제지표 악화 시나리오를 설정한 후, 시나리오별 손익변동성, 자본비율 변동성 등을 추정하여 경영진과 리스크관리위원회에 보고하고 있으며, 위기상황분석 결과는 그룹의 위험성향 설정 시 활용 합니다.",,dart_out/raw/governance/NH농협금융지주/NH농협금융지주_지배구조연차보고서_2026.pdf,https://www.nhfngroup.com/common/downLoad.do?siteId=nhfngroup&fileSeq=5831803&flag=A&albumType=1,bc1463afbba6446cf087fcb7f714ff64fbda86033adc4b7167ae3a199cac68bb,97ae6b443575e607822e4c5071bbfe673cb9b73ac13b46df260a35271192446b
NH농협금융지주,FY2025,연차보고서,연차보고서__NH농협금융지주_지배구조연차보고서_2026,1) 조직도 / 바) 위험관리기준 수립 ž 평가 / 7. 리스크관리위원회(가. 역할(권한과 책무) · 나. 구성(리스크관리위원회 위원) · 다. 활동내역 및 평가) / 2. 이사회 > 다. 활동내역 > 2) 회의 개최내역 / 9. 내부통제위원회 > 라. 활동내역 및 평가 > 3) 회의 개최내역 / 【 농협금융지주 리스크관리협의회 구성 】(가. 역할 · 나. 협의절차 (운영현황) · 다. 구성) / 제2절 보수체계 연차보고서 > 1. 보수위원회 · 가. 주요사항 / 지배구조내부규범 / 리스크관리위원회규정,stress,175,"2025년의 경우 내부 리스크관리 체계 개선을 위해 ｢트레이딩정책준칙｣, ｢자본적정성비상계획｣, ｢유동성비상계획｣을 제·개정하였습니다.",,dart_out/raw/governance/NH농협금융지주/NH농협금융지주_지배구조연차보고서_2026.pdf,https://www.nhfngroup.com/common/downLoad.do?siteId=nhfngroup&fileSeq=5831803&flag=A&albumType=1,bc1463afbba6446cf087fcb7f714ff64fbda86033adc4b7167ae3a199cac68bb,97ae6b443575e607822e4c5071bbfe673cb9b73ac13b46df260a35271192446b
NH농협금융지주,FY2025,연차보고서,연차보고서__NH농협금융지주_지배구조연차보고서_2026,1) 조직도 / 바) 위험관리기준 수립 ž 평가 / 7. 리스크관리위원회(가. 역할(권한과 책무) · 나. 구성(리스크관리위원회 위원) · 다. 활동내역 및 평가) / 2. 이사회 > 다. 활동내역 > 2) 회의 개최내역 / 9. 내부통제위원회 > 라. 활동내역 및 평가 > 3) 회의 개최내역 / 【 농협금융지주 리스크관리협의회 구성 】(가. 역할 · 나. 협의절차 (운영현황) · 다. 구성) / 제2절 보수체계 연차보고서 > 1. 보수위원회 · 가. 주요사항 / 지배구조내부규범 / 리스크관리위원회규정,oprisk,48,"◦ (보고 제29호) 2025년 업무연속성계획(BCP) 이행 결과 : 2025년도 업무영향분석 (BIA), 업무복구계획 점검 및 BCP모의훈련 결과 보고",,dart_out/raw/governance/NH농협금융지주/NH농협금융지주_지배구조연차보고서_2026.pdf,https://www.nhfngroup.com/common/downLoad.do?siteId=nhfngroup&fileSeq=5831803&flag=A&albumType=1,bc1463afbba6446cf087fcb7f714ff64fbda86033adc4b7167ae3a199cac68bb,97ae6b443575e607822e4c5071bbfe673cb9b73ac13b46df260a35271192446b
NH농협금융지주,FY2025,연차보고서,연차보고서__NH농협금융지주_지배구조연차보고서_2026,1) 조직도 / 바) 위험관리기준 수립 ž 평가 / 7. 리스크관리위원회(가. 역할(권한과 책무) · 나. 구성(리스크관리위원회 위원) · 다. 활동내역 및 평가) / 2. 이사회 > 다. 활동내역 > 2) 회의 개최내역 / 9. 내부통제위원회 > 라. 활동내역 및 평가 > 3) 회의 개최내역 / 【 농협금융지주 리스크관리협의회 구성 】(가. 역할 · 나. 협의절차 (운영현황) · 다. 구성) / 제2절 보수체계 연차보고서 > 1. 보수위원회 · 가. 주요사항 / 지배구조내부규범 / 리스크관리위원회규정,oprisk,205,◦ (보고 제2호) 2025년 농협금융 사이버보안 대응현황 보고 : 사이버보안에 대한 농 협금융 대응현황 및 향후 추진계획,,dart_out/raw/governance/NH농협금융지주/NH농협금융지주_지배구조연차보고서_2026.pdf,https://www.nhfngroup.com/common/downLoad.do?siteId=nhfngroup&fileSeq=5831803&flag=A&albumType=1,bc1463afbba6446cf087fcb7f714ff64fbda86033adc4b7167ae3a199cac68bb,97ae6b443575e607822e4c5071bbfe673cb9b73ac13b46df260a35271192446b
NH농협금융지주,FY2025,연차보고서,연차보고서__NH농협금융지주_지배구조연차보고서_2026,1) 조직도 / 바) 위험관리기준 수립 ž 평가 / 7. 리스크관리위원회(가. 역할(권한과 책무) · 나. 구성(리스크관리위원회 위원) · 다. 활동내역 및 평가) / 2. 이사회 > 다. 활동내역 > 2) 회의 개최내역 / 9. 내부통제위원회 > 라. 활동내역 및 평가 > 3) 회의 개최내역 / 【 농협금융지주 리스크관리협의회 구성 】(가. 역할 · 나. 협의절차 (운영현황) · 다. 구성) / 제2절 보수체계 연차보고서 > 1. 보수위원회 · 가. 주요사항 / 지배구조내부규범 / 리스크관리위원회규정,compensation,230,"또한, 경영진 성과보수와 연동되는 성과평가 측정지표로 수익성 지표(자기자본이익률(ROE) 등), 자 산건전성 지표(고정이하여신비율 등), 생산성 지표(총영업이익경비율(CIR) 등), 자본적정성 지표(BIS자기자본 비율 등) 등을 활용하여, 보수체계가 재무성과·리스크관리 지표와 적절하게 조화되도록 하였습 니다.",,dart_out/raw/governance/NH농협금융지주/NH농협금융지주_지배구조연차보고서_2026.pdf,https://www.nhfngroup.com/common/downLoad.do?siteId=nhfngroup&fileSeq=5831803&flag=A&albumType=1,bc1463afbba6446cf087fcb7f714ff64fbda86033adc4b7167ae3a199cac68bb,97ae6b443575e607822e4c5071bbfe673cb9b73ac13b46df260a35271192446b
NH농협금융지주,FY2025,연차보고서,연차보고서__NH농협금융지주_지배구조연차보고서_2026,1) 조직도 / 바) 위험관리기준 수립 ž 평가 / 7. 리스크관리위원회(가. 역할(권한과 책무) · 나. 구성(리스크관리위원회 위원) · 다. 활동내역 및 평가) / 2. 이사회 > 다. 활동내역 > 2) 회의 개최내역 / 9. 내부통제위원회 > 라. 활동내역 및 평가 > 3) 회의 개최내역 / 【 농협금융지주 리스크관리협의회 구성 】(가. 역할 · 나. 협의절차 (운영현황) · 다. 구성) / 제2절 보수체계 연차보고서 > 1. 보수위원회 · 가. 주요사항 / 지배구조내부규범 / 리스크관리위원회규정,compensation,241,"경영진(위험관리책임자 및 준법감시인 제외)에 대하여 성과평가 결과에 따라 산출된 지급 금액 중 40%∼55%를 현금으로 일시 지급하며, 나머지는 현금으로 3년간 이연 지급하고 있습니다.",,dart_out/raw/governance/NH농협금융지주/NH농협금융지주_지배구조연차보고서_2026.pdf,https://www.nhfngroup.com/common/downLoad.do?siteId=nhfngroup&fileSeq=5831803&flag=A&albumType=1,bc1463afbba6446cf087fcb7f714ff64fbda86033adc4b7167ae3a199cac68bb,97ae6b443575e607822e4c5071bbfe673cb9b73ac13b46df260a35271192446b
NH농협금융지주,FY2025,연차보고서,연차보고서__NH농협금융지주_지배구조연차보고서_2026,1) 조직도 / 바) 위험관리기준 수립 ž 평가 / 7. 리스크관리위원회(가. 역할(권한과 책무) · 나. 구성(리스크관리위원회 위원) · 다. 활동내역 및 평가) / 2. 이사회 > 다. 활동내역 > 2) 회의 개최내역 / 9. 내부통제위원회 > 라. 활동내역 및 평가 > 3) 회의 개최내역 / 【 농협금융지주 리스크관리협의회 구성 】(가. 역할 · 나. 협의절차 (운영현황) · 다. 구성) / 제2절 보수체계 연차보고서 > 1. 보수위원회 · 가. 주요사항 / 지배구조내부규범 / 리스크관리위원회규정,compensation,241,"성과보수의 지급률을 △30%∼120%로 설정함에 따라 음(-)의 성과보수 지급률이 결정되면 이연 예정인 보수액을 재산정하여 조정하고, 기 지급된 보수액도 환수 조정하는 정책을 마 련하고 있습니다.",,dart_out/raw/governance/NH농협금융지주/NH농협금융지주_지배구조연차보고서_2026.pdf,https://www.nhfngroup.com/common/downLoad.do?siteId=nhfngroup&fileSeq=5831803&flag=A&albumType=1,bc1463afbba6446cf087fcb7f714ff64fbda86033adc4b7167ae3a199cac68bb,97ae6b443575e607822e4c5071bbfe673cb9b73ac13b46df260a35271192446b
NH농협금융지주,FY2025,연차보고서,연차보고서__NH농협금융지주_지배구조연차보고서_2026,1) 조직도 / 바) 위험관리기준 수립 ž 평가 / 7. 리스크관리위원회(가. 역할(권한과 책무) · 나. 구성(리스크관리위원회 위원) · 다. 활동내역 및 평가) / 2. 이사회 > 다. 활동내역 > 2) 회의 개최내역 / 9. 내부통제위원회 > 라. 활동내역 및 평가 > 3) 회의 개최내역 / 【 농협금융지주 리스크관리협의회 구성 】(가. 역할 · 나. 협의절차 (운영현황) · 다. 구성) / 제2절 보수체계 연차보고서 > 1. 보수위원회 · 가. 주요사항 / 지배구조내부규범 / 리스크관리위원회규정,org,11,"리스크관리위윈회 (사외이사 3, 사내이사 1) 리스크관리부",,dart_out/raw/governance/NH농협금융지주/NH농협금융지주_지배구조연차보고서_2026.pdf,https://www.nhfngroup.com/common/downLoad.do?siteId=nhfngroup&fileSeq=5831803&flag=A&albumType=1,bc1463afbba6446cf087fcb7f714ff64fbda86033adc4b7167ae3a199cac68bb,97ae6b443575e607822e4c5071bbfe673cb9b73ac13b46df260a35271192446b
NH농협금융지주,FY2025,연차보고서,연차보고서__NH농협금융지주_지배구조연차보고서_2026,1) 조직도 / 바) 위험관리기준 수립 ž 평가 / 7. 리스크관리위원회(가. 역할(권한과 책무) · 나. 구성(리스크관리위원회 위원) · 다. 활동내역 및 평가) / 2. 이사회 > 다. 활동내역 > 2) 회의 개최내역 / 9. 내부통제위원회 > 라. 활동내역 및 평가 > 3) 회의 개최내역 / 【 농협금융지주 리스크관리협의회 구성 】(가. 역할 · 나. 협의절차 (운영현황) · 다. 구성) / 제2절 보수체계 연차보고서 > 1. 보수위원회 · 가. 주요사항 / 지배구조내부규범 / 리스크관리위원회규정,org,218,서동완 농협금융지주 리스크검증단장 2024. 08. 01. - 위원,,dart_out/raw/governance/NH농협금융지주/NH농협금융지주_지배구조연차보고서_2026.pdf,https://www.nhfngroup.com/common/downLoad.do?siteId=nhfngroup&fileSeq=5831803&flag=A&albumType=1,bc1463afbba6446cf087fcb7f714ff64fbda86033adc4b7167ae3a199cac68bb,97ae6b443575e607822e4c5071bbfe673cb9b73ac13b46df260a35271192446b
NH농협금융지주,FY2025,연차보고서,연차보고서__NH농협금융지주_지배구조연차보고서_2026,1) 조직도 / 바) 위험관리기준 수립 ž 평가 / 7. 리스크관리위원회(가. 역할(권한과 책무) · 나. 구성(리스크관리위원회 위원) · 다. 활동내역 및 평가) / 2. 이사회 > 다. 활동내역 > 2) 회의 개최내역 / 9. 내부통제위원회 > 라. 활동내역 및 평가 > 3) 회의 개최내역 / 【 농협금융지주 리스크관리협의회 구성 】(가. 역할 · 나. 협의절차 (운영현황) · 다. 구성) / 제2절 보수체계 연차보고서 > 1. 보수위원회 · 가. 주요사항 / 지배구조내부규범 / 리스크관리위원회규정,org,312,⑤ 지주회사 리스크관리부서는 의결 사항을 각 자회사가 실행할 수 있도록 관련 내용을 자 회사에 지체없이 통보하여야 한다.,,dart_out/raw/governance/NH농협금융지주/NH농협금융지주_지배구조연차보고서_2026.pdf,https://www.nhfngroup.com/common/downLoad.do?siteId=nhfngroup&fileSeq=5831803&flag=A&albumType=1,bc1463afbba6446cf087fcb7f714ff64fbda86033adc4b7167ae3a199cac68bb,97ae6b443575e607822e4c5071bbfe673cb9b73ac13b46df260a35271192446b
한국투자금융지주,FY2025,연차보고서,연차보고서__한국투자금융지주_지배구조연차보고서_2026,7. 리스크관리위원회 / 12. 그룹리스크관리협의회 / 2. 이사회 / 1. 보상위원회 / 2. 보수체계 / 이사회규정 / 그룹리스크관리위원회 규정 / 보상위원회규정 / 그룹경영협의회규정 / 지배구조내부규정,risk_committee,93,그룹리스크관리위원회(이하 “위원회”라 한다)는 금융지주 및 자회사 등의 경영상 발생하는 제반 리스크를 적시에 인식ㆍ측정ㆍ감시ㆍ통제할 수 있도록 그룹 차원에서 리스크를 종합적으로 관리하고 통제하는 역할을 수행합니다.,,dart_out/raw/governance/한국투자금융지주/한국투자금융지주_지배구조연차보고서_2026.pdf,https://www.koreaholdings.com/common/fildDownload,2a2eb84be49a66a9b0c30358d3d9f4ea7c824665932462689d14aac696124680,98826fd4f69af6f53b1c800006a93515812f9798ff788b50d8a7e927a1cb25f9
한국투자금융지주,FY2025,연차보고서,연차보고서__한국투자금융지주_지배구조연차보고서_2026,7. 리스크관리위원회 / 12. 그룹리스크관리협의회 / 2. 이사회 / 1. 보상위원회 / 2. 보수체계 / 이사회규정 / 그룹리스크관리위원회 규정 / 보상위원회규정 / 그룹경영협의회규정 / 지배구조내부규정,risk_committee,95,"본 위원회는 위원장 포함 총 3 명으로 구성되어 있으며, 위원회의 독립성과 공정성을 기하기 위해 총 위원의 과반수 이상을 사외이사로 구성하였습니다. 20 25 년말 기준 이성규 사외이사가 위원장으로, 최수미 사외이사 및 오태균 사장이 위원으로 활동 중이며, 김태원 사외이사는 임기만료로 3 월 중 사임하였습니다.",,dart_out/raw/governance/한국투자금융지주/한국투자금융지주_지배구조연차보고서_2026.pdf,https://www.koreaholdings.com/common/fildDownload,2a2eb84be49a66a9b0c30358d3d9f4ea7c824665932462689d14aac696124680,98826fd4f69af6f53b1c800006a93515812f9798ff788b50d8a7e927a1cb25f9
한국투자금융지주,FY2025,연차보고서,연차보고서__한국투자금융지주_지배구조연차보고서_2026,7. 리스크관리위원회 / 12. 그룹리스크관리협의회 / 2. 이사회 / 1. 보상위원회 / 2. 보수체계 / 이사회규정 / 그룹리스크관리위원회 규정 / 보상위원회규정 / 그룹경영협의회규정 / 지배구조내부규정,risk_committee,96,"본 위원회는 2025 년 중 총 11 회 개최되었습니다. 동 기간 중 부의된 안건은 총 25 건이며 그 중 결의안건은 13 건, 보고안건은 12 건이었습니다.",,dart_out/raw/governance/한국투자금융지주/한국투자금융지주_지배구조연차보고서_2026.pdf,https://www.koreaholdings.com/common/fildDownload,2a2eb84be49a66a9b0c30358d3d9f4ea7c824665932462689d14aac696124680,98826fd4f69af6f53b1c800006a93515812f9798ff788b50d8a7e927a1cb25f9
한국투자금융지주,FY2025,연차보고서,연차보고서__한국투자금융지주_지배구조연차보고서_2026,7. 리스크관리위원회 / 12. 그룹리스크관리협의회 / 2. 이사회 / 1. 보상위원회 / 2. 보수체계 / 이사회규정 / 그룹리스크관리위원회 규정 / 보상위원회규정 / 그룹경영협의회규정 / 지배구조내부규정,group_council,112,"그룹리스크관리협의회(이하 “협의회”라 한다)는 리스크관리 정책 및 절차를 금융지주 및 자회사 등별로 실행함에 있어 세부적인 사항을 협의하며, 리스크관리 현황을 모니터링 하고 필요한 조치를 수립∙시행하는 역할을 수행합니다.",,dart_out/raw/governance/한국투자금융지주/한국투자금융지주_지배구조연차보고서_2026.pdf,https://www.koreaholdings.com/common/fildDownload,2a2eb84be49a66a9b0c30358d3d9f4ea7c824665932462689d14aac696124680,98826fd4f69af6f53b1c800006a93515812f9798ff788b50d8a7e927a1cb25f9
한국투자금융지주,FY2025,연차보고서,연차보고서__한국투자금융지주_지배구조연차보고서_2026,7. 리스크관리위원회 / 12. 그룹리스크관리협의회 / 2. 이사회 / 1. 보상위원회 / 2. 보수체계 / 이사회규정 / 그룹리스크관리위원회 규정 / 보상위원회규정 / 그룹경영협의회규정 / 지배구조내부규정,group_council,113,본 협의회는 그룹리스크관리책임자와 자회사 등의 리스크관리 담당 임원 또는 부서장으로 구성되며 위원장은 그룹리스크관리책임자로 합니다.,,dart_out/raw/governance/한국투자금융지주/한국투자금융지주_지배구조연차보고서_2026.pdf,https://www.koreaholdings.com/common/fildDownload,2a2eb84be49a66a9b0c30358d3d9f4ea7c824665932462689d14aac696124680,98826fd4f69af6f53b1c800006a93515812f9798ff788b50d8a7e927a1cb25f9
한국투자금융지주,FY2025,연차보고서,연차보고서__한국투자금융지주_지배구조연차보고서_2026,7. 리스크관리위원회 / 12. 그룹리스크관리협의회 / 2. 이사회 / 1. 보상위원회 / 2. 보수체계 / 이사회규정 / 그룹리스크관리위원회 규정 / 보상위원회규정 / 그룹경영협의회규정 / 지배구조내부규정,group_council,113,"본 협의회는 분기 1 회 소집하는 것을 원칙으로 합니다. 다만, 위원장이 필요하다고 인정할 경우 수시로 소집할 수 있습니다.",,dart_out/raw/governance/한국투자금융지주/한국투자금융지주_지배구조연차보고서_2026.pdf,https://www.koreaholdings.com/common/fildDownload,2a2eb84be49a66a9b0c30358d3d9f4ea7c824665932462689d14aac696124680,98826fd4f69af6f53b1c800006a93515812f9798ff788b50d8a7e927a1cb25f9
한국투자금융지주,FY2025,연차보고서,연차보고서__한국투자금융지주_지배구조연차보고서_2026,7. 리스크관리위원회 / 12. 그룹리스크관리협의회 / 2. 이사회 / 1. 보상위원회 / 2. 보수체계 / 이사회규정 / 그룹리스크관리위원회 규정 / 보상위원회규정 / 그룹경영협의회규정 / 지배구조내부규정,cro,200,"④ 리스크관리책임자는 리스크관리에 대한 전문적인 지식과 실무경험을 갖춘 사람으로서 「지배구조법」제28조 제3항의 자격요건을 모두 충족한 사람이어야 하며, 리스크관리책임자가 된 후에 「지배구조법」제28조 제3항 제1호의 자격요건을 충족하지 못하게 된 경우에는 그 직을 잃는다.",,dart_out/raw/governance/한국투자금융지주/한국투자금융지주_지배구조연차보고서_2026.pdf,https://www.koreaholdings.com/common/fildDownload,2a2eb84be49a66a9b0c30358d3d9f4ea7c824665932462689d14aac696124680,98826fd4f69af6f53b1c800006a93515812f9798ff788b50d8a7e927a1cb25f9
한국투자금융지주,FY2025,연차보고서,연차보고서__한국투자금융지주_지배구조연차보고서_2026,7. 리스크관리위원회 / 12. 그룹리스크관리협의회 / 2. 이사회 / 1. 보상위원회 / 2. 보수체계 / 이사회규정 / 그룹리스크관리위원회 규정 / 보상위원회규정 / 그룹경영협의회규정 / 지배구조내부규정,cro,153,23.  준법감시인 및 리스크관리책임자의 선·해임,,dart_out/raw/governance/한국투자금융지주/한국투자금융지주_지배구조연차보고서_2026.pdf,https://www.koreaholdings.com/common/fildDownload,2a2eb84be49a66a9b0c30358d3d9f4ea7c824665932462689d14aac696124680,98826fd4f69af6f53b1c800006a93515812f9798ff788b50d8a7e927a1cb25f9
한국투자금융지주,FY2025,연차보고서,연차보고서__한국투자금융지주_지배구조연차보고서_2026,7. 리스크관리위원회 / 12. 그룹리스크관리협의회 / 2. 이사회 / 1. 보상위원회 / 2. 보수체계 / 이사회규정 / 그룹리스크관리위원회 규정 / 보상위원회규정 / 그룹경영협의회규정 / 지배구조내부규정,cro,35,"2. 금융회사 지배구조에 관한 법률 제 28 조 제 2 항에 의거, 위험관리책임자 선임 승인",,dart_out/raw/governance/한국투자금융지주/한국투자금융지주_지배구조연차보고서_2026.pdf,https://www.koreaholdings.com/common/fildDownload,2a2eb84be49a66a9b0c30358d3d9f4ea7c824665932462689d14aac696124680,98826fd4f69af6f53b1c800006a93515812f9798ff788b50d8a7e927a1cb25f9
한국투자금융지주,FY2025,연차보고서,연차보고서__한국투자금융지주_지배구조연차보고서_2026,7. 리스크관리위원회 / 12. 그룹리스크관리협의회 / 2. 이사회 / 1. 보상위원회 / 2. 보수체계 / 이사회규정 / 그룹리스크관리위원회 규정 / 보상위원회규정 / 그룹경영협의회규정 / 지배구조내부규정,raf,94,당사는 금융지주 및 자회사 등의 자본 적정성 및 리스크 관리를 위하여 리스크 한도를 자회사별로 배분하고 이를 통합하여 그룹 리스크 한도를 설정합니다. 매년 초 위원회의 승인을 통해 위 사항을 확정하며 설정 수준의 적정성 및 한도 준수 여부는 정기적으로 점검합니다.,,dart_out/raw/governance/한국투자금융지주/한국투자금융지주_지배구조연차보고서_2026.pdf,https://www.koreaholdings.com/common/fildDownload,2a2eb84be49a66a9b0c30358d3d9f4ea7c824665932462689d14aac696124680,98826fd4f69af6f53b1c800006a93515812f9798ff788b50d8a7e927a1cb25f9
한국투자금융지주,FY2025,연차보고서,연차보고서__한국투자금융지주_지배구조연차보고서_2026,7. 리스크관리위원회 / 12. 그룹리스크관리협의회 / 2. 이사회 / 1. 보상위원회 / 2. 보수체계 / 이사회규정 / 그룹리스크관리위원회 규정 / 보상위원회규정 / 그룹경영협의회규정 / 지배구조내부규정,raf,94,"자회사는 금융지주 리스크관리위원회가 승인한 위험 한도 내에서 투자활동을 하고 있으며, 자회사별로 상품 또는 조직별 투자한도 및 손실 한도를 설정하여 운영하고 있습니다.",,dart_out/raw/governance/한국투자금융지주/한국투자금융지주_지배구조연차보고서_2026.pdf,https://www.koreaholdings.com/common/fildDownload,2a2eb84be49a66a9b0c30358d3d9f4ea7c824665932462689d14aac696124680,98826fd4f69af6f53b1c800006a93515812f9798ff788b50d8a7e927a1cb25f9
한국투자금융지주,FY2025,연차보고서,연차보고서__한국투자금융지주_지배구조연차보고서_2026,7. 리스크관리위원회 / 12. 그룹리스크관리협의회 / 2. 이사회 / 1. 보상위원회 / 2. 보수체계 / 이사회규정 / 그룹리스크관리위원회 규정 / 보상위원회규정 / 그룹경영협의회규정 / 지배구조내부규정,raf,94,본 위원회는 금융지주 및 자회사 등의 자본계획을 수립하고 배분합니다. 그룹의 전략적 목표를 감안하여 현재 및 미래의 소요 자본을 분석하고 이에 따라 금융지주 및 자회사 등이 보유한 자본을 효율적으로 배분합니다.,,dart_out/raw/governance/한국투자금융지주/한국투자금융지주_지배구조연차보고서_2026.pdf,https://www.koreaholdings.com/common/fildDownload,2a2eb84be49a66a9b0c30358d3d9f4ea7c824665932462689d14aac696124680,98826fd4f69af6f53b1c800006a93515812f9798ff788b50d8a7e927a1cb25f9
한국투자금융지주,FY2025,연차보고서,연차보고서__한국투자금융지주_지배구조연차보고서_2026,7. 리스크관리위원회 / 12. 그룹리스크관리협의회 / 2. 이사회 / 1. 보상위원회 / 2. 보수체계 / 이사회규정 / 그룹리스크관리위원회 규정 / 보상위원회규정 / 그룹경영협의회규정 / 지배구조내부규정,measurement,94,"금융지주 및 자회사 등의 소요 자본을 규제변경이나 위기상황,",,dart_out/raw/governance/한국투자금융지주/한국투자금융지주_지배구조연차보고서_2026.pdf,https://www.koreaholdings.com/common/fildDownload,2a2eb84be49a66a9b0c30358d3d9f4ea7c824665932462689d14aac696124680,98826fd4f69af6f53b1c800006a93515812f9798ff788b50d8a7e927a1cb25f9
한국투자금융지주,FY2025,연차보고서,연차보고서__한국투자금융지주_지배구조연차보고서_2026,7. 리스크관리위원회 / 12. 그룹리스크관리협의회 / 2. 이사회 / 1. 보상위원회 / 2. 보수체계 / 이사회규정 / 그룹리스크관리위원회 규정 / 보상위원회규정 / 그룹경영협의회규정 / 지배구조내부규정,measurement,95,기타 감안하지 못한 상황을 충분히 고려한 후의 그룹 가용자본 이내로 관리하는 것을 원칙으로 합니다.,,dart_out/raw/governance/한국투자금융지주/한국투자금융지주_지배구조연차보고서_2026.pdf,https://www.koreaholdings.com/common/fildDownload,2a2eb84be49a66a9b0c30358d3d9f4ea7c824665932462689d14aac696124680,98826fd4f69af6f53b1c800006a93515812f9798ff788b50d8a7e927a1cb25f9
한국투자금융지주,FY2025,연차보고서,연차보고서__한국투자금융지주_지배구조연차보고서_2026,7. 리스크관리위원회 / 12. 그룹리스크관리협의회 / 2. 이사회 / 1. 보상위원회 / 2. 보수체계 / 이사회규정 / 그룹리스크관리위원회 규정 / 보상위원회규정 / 그룹경영협의회규정 / 지배구조내부규정,measurement,114,"지주 그룹 필자비율 현황, FY25 그룹 위험한도 설정, FY25 사업목표",,dart_out/raw/governance/한국투자금융지주/한국투자금융지주_지배구조연차보고서_2026.pdf,https://www.koreaholdings.com/common/fildDownload,2a2eb84be49a66a9b0c30358d3d9f4ea7c824665932462689d14aac696124680,98826fd4f69af6f53b1c800006a93515812f9798ff788b50d8a7e927a1cb25f9
한국투자금융지주,FY2025,연차보고서,연차보고서__한국투자금융지주_지배구조연차보고서_2026,7. 리스크관리위원회 / 12. 그룹리스크관리협의회 / 2. 이사회 / 1. 보상위원회 / 2. 보수체계 / 이사회규정 / 그룹리스크관리위원회 규정 / 보상위원회규정 / 그룹경영협의회규정 / 지배구조내부규정,reporting,94,또한 위원회의 지원조직인 RM 실로부터 매분기 집계한 그룹 전체 한도 소진 현황을 보고받아 한도 사용추이를 파악하고 있습니다.,,dart_out/raw/governance/한국투자금융지주/한국투자금융지주_지배구조연차보고서_2026.pdf,https://www.koreaholdings.com/common/fildDownload,2a2eb84be49a66a9b0c30358d3d9f4ea7c824665932462689d14aac696124680,98826fd4f69af6f53b1c800006a93515812f9798ff788b50d8a7e927a1cb25f9
한국투자금융지주,FY2025,연차보고서,연차보고서__한국투자금융지주_지배구조연차보고서_2026,7. 리스크관리위원회 / 12. 그룹리스크관리협의회 / 2. 이사회 / 1. 보상위원회 / 2. 보수체계 / 이사회규정 / 그룹리스크관리위원회 규정 / 보상위원회규정 / 그룹경영협의회규정 / 지배구조내부규정,reporting,94,"일별 현황을 집계하여 모니터링하고 있으며, 동 내용을 지주에서 정기적으로 점검합니다.",,dart_out/raw/governance/한국투자금융지주/한국투자금융지주_지배구조연차보고서_2026.pdf,https://www.koreaholdings.com/common/fildDownload,2a2eb84be49a66a9b0c30358d3d9f4ea7c824665932462689d14aac696124680,98826fd4f69af6f53b1c800006a93515812f9798ff788b50d8a7e927a1cb25f9
한국투자금융지주,FY2025,연차보고서,연차보고서__한국투자금융지주_지배구조연차보고서_2026,7. 리스크관리위원회 / 12. 그룹리스크관리협의회 / 2. 이사회 / 1. 보상위원회 / 2. 보수체계 / 이사회규정 / 그룹리스크관리위원회 규정 / 보상위원회규정 / 그룹경영협의회규정 / 지배구조내부규정,reporting,162,제6조(보고사항) 위원회에 대한 보고사항은 다음 각 호와 같다. 1. 위원회가 정한 사항에 대한 진행 현황 2. 금융지주 및 자회사 등의 리스크관리 상태 및 한도관리 현황 3. 자회사 등의 리스크관리위원회가 결의한 사항 4. 금융지주 및 자회사 등의 리스크와 관련된 중요사항에 대한 현황 및 모니터링 결과 5. 그룹 위기상황분석 결과에 관한 사항,,dart_out/raw/governance/한국투자금융지주/한국투자금융지주_지배구조연차보고서_2026.pdf,https://www.koreaholdings.com/common/fildDownload,2a2eb84be49a66a9b0c30358d3d9f4ea7c824665932462689d14aac696124680,98826fd4f69af6f53b1c800006a93515812f9798ff788b50d8a7e927a1cb25f9
한국투자금융지주,FY2025,연차보고서,연차보고서__한국투자금융지주_지배구조연차보고서_2026,7. 리스크관리위원회 / 12. 그룹리스크관리협의회 / 2. 이사회 / 1. 보상위원회 / 2. 보수체계 / 이사회규정 / 그룹리스크관리위원회 규정 / 보상위원회규정 / 그룹경영협의회규정 / 지배구조내부규정,stress,94,"제1차, 제11차 위원회에서는 그룹통합위기상황 분석 결과를 보고 받았고 부동산금융에 대해서는 개별 사업장별 특성을 반영하여 추가적인 스트레스 테스트 결과를 11 차 위원회에서 보고 받았습니다.",,dart_out/raw/governance/한국투자금융지주/한국투자금융지주_지배구조연차보고서_2026.pdf,https://www.koreaholdings.com/common/fildDownload,2a2eb84be49a66a9b0c30358d3d9f4ea7c824665932462689d14aac696124680,98826fd4f69af6f53b1c800006a93515812f9798ff788b50d8a7e927a1cb25f9
한국투자금융지주,FY2025,연차보고서,연차보고서__한국투자금융지주_지배구조연차보고서_2026,7. 리스크관리위원회 / 12. 그룹리스크관리협의회 / 2. 이사회 / 1. 보상위원회 / 2. 보수체계 / 이사회규정 / 그룹리스크관리위원회 규정 / 보상위원회규정 / 그룹경영협의회규정 / 지배구조내부규정,stress,112,본 협의회는 금융지주 및 자회사 등이 실시하는 스트레스 테스트를 통해 주어진 위기상황에서 그룹전체 및 각 자회사의 손실 정도를 예측하고 이를 방지하기 위한 대응방안을 함께 논의하고 있습니다.,,dart_out/raw/governance/한국투자금융지주/한국투자금융지주_지배구조연차보고서_2026.pdf,https://www.koreaholdings.com/common/fildDownload,2a2eb84be49a66a9b0c30358d3d9f4ea7c824665932462689d14aac696124680,98826fd4f69af6f53b1c800006a93515812f9798ff788b50d8a7e927a1cb25f9
한국투자금융지주,FY2025,연차보고서,연차보고서__한국투자금융지주_지배구조연차보고서_2026,7. 리스크관리위원회 / 12. 그룹리스크관리협의회 / 2. 이사회 / 1. 보상위원회 / 2. 보수체계 / 이사회규정 / 그룹리스크관리위원회 규정 / 보상위원회규정 / 그룹경영협의회규정 / 지배구조내부규정,stress,186,제8조(그룹비상경영위원회) ① 회사 및 자회사 등의 위기상황 발생 시 그룹리스크관리책임자의 소집 요청에 따라 그룹경영협의회는 「그룹위기상황대응지침」에 따른 그룹비상경영위원회로 즉시 전환되어 가동하는 것을 원칙으로 한다.,,dart_out/raw/governance/한국투자금융지주/한국투자금융지주_지배구조연차보고서_2026.pdf,https://www.koreaholdings.com/common/fildDownload,2a2eb84be49a66a9b0c30358d3d9f4ea7c824665932462689d14aac696124680,98826fd4f69af6f53b1c800006a93515812f9798ff788b50d8a7e927a1cb25f9
한국투자금융지주,FY2025,연차보고서,연차보고서__한국투자금융지주_지배구조연차보고서_2026,7. 리스크관리위원회 / 12. 그룹리스크관리협의회 / 2. 이사회 / 1. 보상위원회 / 2. 보수체계 / 이사회규정 / 그룹리스크관리위원회 규정 / 보상위원회규정 / 그룹경영협의회규정 / 지배구조내부규정,compensation,120,"동 위원회 점검 결과, 성과평가 시 계량지표 중 위험지표(필요자본에 대하 자기자본비율, 연체율 등), 건전성 지표(고정이하 여신비율 등) 등을 적절히 반영하고 있는 것으로 확인되었습니다.",,dart_out/raw/governance/한국투자금융지주/한국투자금융지주_지배구조연차보고서_2026.pdf,https://www.koreaholdings.com/common/fildDownload,2a2eb84be49a66a9b0c30358d3d9f4ea7c824665932462689d14aac696124680,98826fd4f69af6f53b1c800006a93515812f9798ff788b50d8a7e927a1cb25f9
한국투자금융지주,FY2025,연차보고서,연차보고서__한국투자금융지주_지배구조연차보고서_2026,7. 리스크관리위원회 / 12. 그룹리스크관리협의회 / 2. 이사회 / 1. 보상위원회 / 2. 보수체계 / 이사회규정 / 그룹리스크관리위원회 규정 / 보상위원회규정 / 그룹경영협의회규정 / 지배구조내부규정,compensation,126,"성과보수액 중 이연된 보수액은 3 년간에 걸쳐 이연지급을 하며, 회사 및 자회사등의 재무성과가 목표에 미달하거나 손실이 발생한 경우에 그 책임범위에 상응하여 경영진의 성과보수 중 당기 보수액과 과거발생분에 대한 미래이연지급액의 축소 등을 통해 보수액을 조정하고 있으며, 그 조정 금액은 보상위원회에서 결정하고 있습니다.",,dart_out/raw/governance/한국투자금융지주/한국투자금융지주_지배구조연차보고서_2026.pdf,https://www.koreaholdings.com/common/fildDownload,2a2eb84be49a66a9b0c30358d3d9f4ea7c824665932462689d14aac696124680,98826fd4f69af6f53b1c800006a93515812f9798ff788b50d8a7e927a1cb25f9
한국투자금융지주,FY2025,연차보고서,연차보고서__한국투자금융지주_지배구조연차보고서_2026,7. 리스크관리위원회 / 12. 그룹리스크관리협의회 / 2. 이사회 / 1. 보상위원회 / 2. 보수체계 / 이사회규정 / 그룹리스크관리위원회 규정 / 보상위원회규정 / 그룹경영협의회규정 / 지배구조내부규정,compensation,167,③ 리스크관리책임자 및 준법감시인에 대하여 회사의 재무적 경영성과와 연동되지 아니하는 별도의 보상지급 및 평가 기준을 마련하여 운영하여야 한다.,,dart_out/raw/governance/한국투자금융지주/한국투자금융지주_지배구조연차보고서_2026.pdf,https://www.koreaholdings.com/common/fildDownload,2a2eb84be49a66a9b0c30358d3d9f4ea7c824665932462689d14aac696124680,98826fd4f69af6f53b1c800006a93515812f9798ff788b50d8a7e927a1cb25f9
한국투자금융지주,FY2025,연차보고서,연차보고서__한국투자금융지주_지배구조연차보고서_2026,7. 리스크관리위원회 / 12. 그룹리스크관리협의회 / 2. 이사회 / 1. 보상위원회 / 2. 보수체계 / 이사회규정 / 그룹리스크관리위원회 규정 / 보상위원회규정 / 그룹경영협의회규정 / 지배구조내부규정,org,113,정영태 한국투자금융지주 RM 실장 의장,,dart_out/raw/governance/한국투자금융지주/한국투자금융지주_지배구조연차보고서_2026.pdf,https://www.koreaholdings.com/common/fildDownload,2a2eb84be49a66a9b0c30358d3d9f4ea7c824665932462689d14aac696124680,98826fd4f69af6f53b1c800006a93515812f9798ff788b50d8a7e927a1cb25f9
한국투자금융지주,FY2025,연차보고서,연차보고서__한국투자금융지주_지배구조연차보고서_2026,7. 리스크관리위원회 / 12. 그룹리스크관리협의회 / 2. 이사회 / 1. 보상위원회 / 2. 보수체계 / 이사회규정 / 그룹리스크관리위원회 규정 / 보상위원회규정 / 그룹경영협의회규정 / 지배구조내부규정,org,167,"④ 회사의 리스크 관리, 준법감시 및 감사업무 등의 담당자는 그 자회사등의 리스크관리, 준법감시, 감사업무 등의 업무를 총괄한다.",,dart_out/raw/governance/한국투자금융지주/한국투자금융지주_지배구조연차보고서_2026.pdf,https://www.koreaholdings.com/common/fildDownload,2a2eb84be49a66a9b0c30358d3d9f4ea7c824665932462689d14aac696124680,98826fd4f69af6f53b1c800006a93515812f9798ff788b50d8a7e927a1cb25f9
한국투자금융지주,FY2025,연차보고서,연차보고서__한국투자금융지주_지배구조연차보고서_2026,7. 리스크관리위원회 / 12. 그룹리스크관리협의회 / 2. 이사회 / 1. 보상위원회 / 2. 보수체계 / 이사회규정 / 그룹리스크관리위원회 규정 / 보상위원회규정 / 그룹경영협의회규정 / 지배구조내부규정,org,167,② 리스크관리 및 준법감시 부서가 보상 관련 리스크를 적절히 관리·통제할 수 있도록 독립 성과 권한을 부여한다.,,dart_out/raw/governance/한국투자금융지주/한국투자금융지주_지배구조연차보고서_2026.pdf,https://www.koreaholdings.com/common/fildDownload,2a2eb84be49a66a9b0c30358d3d9f4ea7c824665932462689d14aac696124680,98826fd4f69af6f53b1c800006a93515812f9798ff788b50d8a7e927a1cb25f9
한국투자금융지주,FY2025,연차보고서,연차보고서__한국투자금융지주_지배구조연차보고서_2026,7. 리스크관리위원회 / 12. 그룹리스크관리협의회 / 2. 이사회 / 1. 보상위원회 / 2. 보수체계 / 이사회규정 / 그룹리스크관리위원회 규정 / 보상위원회규정 / 그룹경영협의회규정 / 지배구조내부규정,oprisk,,문서에 없음,범위 문서 전체 p.1~207 · 정규식 운영\s*(리스크|위험)|손실\s*사건|손실\s*데이터|BCP|업무\s*연속성|위탁|IT\s*리스크|정보\s*보호|사이버 · 후보 2건 — 읽고 해당 서술 없음으로 판단,dart_out/raw/governance/한국투자금융지주/한국투자금융지주_지배구조연차보고서_2026.pdf,https://www.koreaholdings.com/common/fildDownload,2a2eb84be49a66a9b0c30358d3d9f4ea7c824665932462689d14aac696124680,98826fd4f69af6f53b1c800006a93515812f9798ff788b50d8a7e927a1cb25f9
KB금융지주,FY2025,사업보고서,사업보고서__KB금융지주__20260313001191,라. 파생상품 및 위험관리정책에 관한 사항 / (1) 개요 / (2) 신용리스크 관리 / (4) 금리리스크 관리 / (5) 유동성리스크 관리 / (6) 운영리스크 관리 / (7) Basel III,risk_committee,796,"리스크관리위원회는 이사회를 대신하여 그룹의 각종 거래에서 발생하는 제반 리스크를 적시에 인식 ·측정·감시·통제할 수 있도록 리스크 관리 기준 및 전략를 수립, 승인하는 최고의사결정기관으로서의 역할을 하고 있으며, 부담 가능한 리스크 수준(Risk Appetite)을 결정하고 그룹이 당면한 리스크 수준 과 리스크 관리활동 현황을 검토하며, 리스크 관리 시스템 및 방법론, 주요 개선사항에 대한 적용의 승인 등의 역할을 수행하고 있습니다.",,dart_out/doc/20260313001191/본문.pdf,https://dart.fss.or.kr/dsaf001/main.do?rcpNo=20260313001191,123cea162ff0cf6d8f3a956553f494d089ed1fc61c571769e8f18ae8d0ff209d,30897a5e4fb819a263e0d5ecdc7a938b42ced790066ca9f40aa4d82f49bcedfc
KB금융지주,FY2025,사업보고서,사업보고서__KB금융지주__20260313001191,라. 파생상품 및 위험관리정책에 관한 사항 / (1) 개요 / (2) 신용리스크 관리 / (4) 금리리스크 관리 / (5) 유동성리스크 관리 / (6) 운영리스크 관리 / (7) Basel III,risk_committee,796,3) 2025년 리스크관리위원회 주요 활동 가) 개최 횟수 : 11회,,dart_out/doc/20260313001191/본문.pdf,https://dart.fss.or.kr/dsaf001/main.do?rcpNo=20260313001191,123cea162ff0cf6d8f3a956553f494d089ed1fc61c571769e8f18ae8d0ff209d,30897a5e4fb819a263e0d5ecdc7a938b42ced790066ca9f40aa4d82f49bcedfc
KB금융지주,FY2025,사업보고서,사업보고서__KB금융지주__20260313001191,라. 파생상품 및 위험관리정책에 관한 사항 / (1) 개요 / (2) 신용리스크 관리 / (4) 금리리스크 관리 / (5) 유동성리스크 관리 / (6) 운영리스크 관리 / (7) Basel III,risk_committee,797,* 주요 결의 사항 - 「리스크관리규정」개정(안) - 「리스크관리협의회규정」개정(안) - 그룹 소매익스포져 신용평가모델 및 리스크 측정용 PD개선(안) - 2025년 그룹 유동성 비상조달계획 갱신(안) - 2026년 그룹 리스크관리 전략 방향 - 2026년 그룹 및 계열사 리스크 제한도 설정(안),,dart_out/doc/20260313001191/본문.pdf,https://dart.fss.or.kr/dsaf001/main.do?rcpNo=20260313001191,123cea162ff0cf6d8f3a956553f494d089ed1fc61c571769e8f18ae8d0ff209d,30897a5e4fb819a263e0d5ecdc7a938b42ced790066ca9f40aa4d82f49bcedfc
KB금융지주,FY2025,사업보고서,사업보고서__KB금융지주__20260313001191,라. 파생상품 및 위험관리정책에 관한 사항 / (1) 개요 / (2) 신용리스크 관리 / (4) 금리리스크 관리 / (5) 유동성리스크 관리 / (6) 운영리스크 관리 / (7) Basel III,group_council,796,"리스크관리협의회는 지주 및 계열사 리스크담당임원으로 구성된 리스크관리 협의기구로 리스크관리위원회로부터 위임받은 사항 및 그룹 경영관리위원회 검토요청 사항 등에 대해 심의하고, 리스크관리 정책, 전략 및 절차를 각 계열사별로 실행함에 있어 세부적인 사항을 협의하며, 그룹의 리 스크관리 현황을 모니터링하고 필요한 조치를 수립 및 실행하는 역할을 수행합니다.",,dart_out/doc/20260313001191/본문.pdf,https://dart.fss.or.kr/dsaf001/main.do?rcpNo=20260313001191,123cea162ff0cf6d8f3a956553f494d089ed1fc61c571769e8f18ae8d0ff209d,30897a5e4fb819a263e0d5ecdc7a938b42ced790066ca9f40aa4d82f49bcedfc
KB금융지주,FY2025,사업보고서,사업보고서__KB금융지주__20260313001191,라. 파생상품 및 위험관리정책에 관한 사항 / (1) 개요 / (2) 신용리스크 관리 / (4) 금리리스크 관리 / (5) 유동성리스크 관리 / (6) 운영리스크 관리 / (7) Basel III,group_council,799,금리리스크 관리부서는 중장기 경영전략 및 거시경제 현황을 감안하여 리스크관리협의체 결의에 의 해 연 1회 금리리스크 관리정책 수립 및 한도를 설정합니다.,,dart_out/doc/20260313001191/본문.pdf,https://dart.fss.or.kr/dsaf001/main.do?rcpNo=20260313001191,123cea162ff0cf6d8f3a956553f494d089ed1fc61c571769e8f18ae8d0ff209d,30897a5e4fb819a263e0d5ecdc7a938b42ced790066ca9f40aa4d82f49bcedfc
KB금융지주,FY2025,사업보고서,사업보고서__KB금융지주__20260313001191,라. 파생상품 및 위험관리정책에 관한 사항 / (1) 개요 / (2) 신용리스크 관리 / (4) 금리리스크 관리 / (5) 유동성리스크 관리 / (6) 운영리스크 관리 / (7) Basel III,raf,796,"리스크관리위원회는 이사회를 대신하여 그룹의 각종 거래에서 발생하는 제반 리스크를 적시에 인식 ·측정·감시·통제할 수 있도록 리스크 관리 기준 및 전략를 수립, 승인하는 최고의사결정기관으로서의 역할을 하고 있으며, 부담 가능한 리스크 수준(Risk Appetite)을 결정하고 그룹이 당면한 리스크 수준 과 리스크 관리활동 현황을 검토하며, 리스크 관리 시스템 및 방법론, 주요 개선사항에 대한 적용의 승인 등의 역할을 수행하고 있습니다.",,dart_out/doc/20260313001191/본문.pdf,https://dart.fss.or.kr/dsaf001/main.do?rcpNo=20260313001191,123cea162ff0cf6d8f3a956553f494d089ed1fc61c571769e8f18ae8d0ff209d,30897a5e4fb819a263e0d5ecdc7a938b42ced790066ca9f40aa4d82f49bcedfc
KB금융지주,FY2025,사업보고서,사업보고서__KB금융지주__20260313001191,라. 파생상품 및 위험관리정책에 관한 사항 / (1) 개요 / (2) 신용리스크 관리 / (4) 금리리스크 관리 / (5) 유동성리스크 관리 / (6) 운영리스크 관리 / (7) Basel III,raf,797,"KB금융그룹은 난내 및 난외거래를 포함한 신용리스크 관리대상 자산에 대해 예상손실(Expected Loss) 및 내부자본(Internal Capital)을 측정하여 관리지표로 사용하고 있으며, 그룹 및 주요 계열사에 대해서도 신용리스크 내부자본 한도를 배분하여 관리하고 있습니다.",,dart_out/doc/20260313001191/본문.pdf,https://dart.fss.or.kr/dsaf001/main.do?rcpNo=20260313001191,123cea162ff0cf6d8f3a956553f494d089ed1fc61c571769e8f18ae8d0ff209d,30897a5e4fb819a263e0d5ecdc7a938b42ced790066ca9f40aa4d82f49bcedfc
KB금융지주,FY2025,사업보고서,사업보고서__KB금융지주__20260313001191,라. 파생상품 및 위험관리정책에 관한 사항 / (1) 개요 / (2) 신용리스크 관리 / (4) 금리리스크 관리 / (5) 유동성리스크 관리 / (6) 운영리스크 관리 / (7) Basel III,raf,800,그룹 리스크 관리위원회는 계열사별 운영리스크 위험자본을 설정·배분하고 계열사는 배분된 위험자본 범위내에 서 적정 수준의 운영리스크를 관리하고 있습니다.,,dart_out/doc/20260313001191/본문.pdf,https://dart.fss.or.kr/dsaf001/main.do?rcpNo=20260313001191,123cea162ff0cf6d8f3a956553f494d089ed1fc61c571769e8f18ae8d0ff209d,30897a5e4fb819a263e0d5ecdc7a938b42ced790066ca9f40aa4d82f49bcedfc
KB금융지주,FY2025,사업보고서,사업보고서__KB금융지주__20260313001191,라. 파생상품 및 위험관리정책에 관한 사항 / (1) 개요 / (2) 신용리스크 관리 / (4) 금리리스크 관리 / (5) 유동성리스크 관리 / (6) 운영리스크 관리 / (7) Basel III,measurement,796,"신용리스크, 시장리스크, 운영리스크, 금 리리스크, 보험리스크, 유동성리스크, 신용편중리스크, 전략리스크, 평판리스크를 중요한 리스크로 인식하고 있으며 통계적 기법을 이용하여 내부자본(Internal Capital) 또는 VaR(Value at Risk) 형태로 계량화하여 측정 및 관리하고 있습니다.",,dart_out/doc/20260313001191/본문.pdf,https://dart.fss.or.kr/dsaf001/main.do?rcpNo=20260313001191,123cea162ff0cf6d8f3a956553f494d089ed1fc61c571769e8f18ae8d0ff209d,30897a5e4fb819a263e0d5ecdc7a938b42ced790066ca9f40aa4d82f49bcedfc
KB금융지주,FY2025,사업보고서,사업보고서__KB금융지주__20260313001191,라. 파생상품 및 위험관리정책에 관한 사항 / (1) 개요 / (2) 신용리스크 관리 / (4) 금리리스크 관리 / (5) 유동성리스크 관리 / (6) 운영리스크 관리 / (7) Basel III,measurement,800,"KB금융그룹은 2020년 9월말 바젤III 개편안 조기 도입을 통해 영업활동에서 발생 가능한 중요 리스크 에 대비할 수 있는 적정 자기자본을 보유하고 관리할 수 있는 체계를 구축하고 있으며, 자본적정성 평 가결과를 그룹의 경영활동 및 의사결정에 적극 반영하고 있습니다.",,dart_out/doc/20260313001191/본문.pdf,https://dart.fss.or.kr/dsaf001/main.do?rcpNo=20260313001191,123cea162ff0cf6d8f3a956553f494d089ed1fc61c571769e8f18ae8d0ff209d,30897a5e4fb819a263e0d5ecdc7a938b42ced790066ca9f40aa4d82f49bcedfc
KB금융지주,FY2025,사업보고서,사업보고서__KB금융지주__20260313001191,라. 파생상품 및 위험관리정책에 관한 사항 / (1) 개요 / (2) 신용리스크 관리 / (4) 금리리스크 관리 / (5) 유동성리스크 관리 / (6) 운영리스크 관리 / (7) Basel III,measurement,797,- 그룹 내부자본 적정성 평가 결과 보고,,dart_out/doc/20260313001191/본문.pdf,https://dart.fss.or.kr/dsaf001/main.do?rcpNo=20260313001191,123cea162ff0cf6d8f3a956553f494d089ed1fc61c571769e8f18ae8d0ff209d,30897a5e4fb819a263e0d5ecdc7a938b42ced790066ca9f40aa4d82f49bcedfc
KB금융지주,FY2025,사업보고서,사업보고서__KB금융지주__20260313001191,라. 파생상품 및 위험관리정책에 관한 사항 / (1) 개요 / (2) 신용리스크 관리 / (4) 금리리스크 관리 / (5) 유동성리스크 관리 / (6) 운영리스크 관리 / (7) Basel III,reporting,799,"KB금융그룹은 유동성위험의 관리를 위해 조달, 운용되는 원·외화자금의 유출입에 영향을 미치는 모 든 거래와 유동성 관련 부외거래를 대상으로 유동성비율 등을 산출 및 관리하며, 정기적으로 리스크 관리위원회에 보고합니다.",,dart_out/doc/20260313001191/본문.pdf,https://dart.fss.or.kr/dsaf001/main.do?rcpNo=20260313001191,123cea162ff0cf6d8f3a956553f494d089ed1fc61c571769e8f18ae8d0ff209d,30897a5e4fb819a263e0d5ecdc7a938b42ced790066ca9f40aa4d82f49bcedfc
KB금융지주,FY2025,사업보고서,사업보고서__KB금융지주__20260313001191,라. 파생상품 및 위험관리정책에 관한 사항 / (1) 개요 / (2) 신용리스크 관리 / (4) 금리리스크 관리 / (5) 유동성리스크 관리 / (6) 운영리스크 관리 / (7) Basel III,reporting,799,"금리리스크 관리부서는 비정상적인 금리 변동 상황을 가정하는 금리리스크 위기상황분석을 실시하여 그 결과를 리스크관리협의체에 보고하고 있으며, 금리리스크의 변동상황 및 리스크한도 준수 여부를 관찰하여 적시에 대응방안을 강구하며 관 리현황에 대해 리스크관리협의체에 정기 및 수시 보고합니다.",,dart_out/doc/20260313001191/본문.pdf,https://dart.fss.or.kr/dsaf001/main.do?rcpNo=20260313001191,123cea162ff0cf6d8f3a956553f494d089ed1fc61c571769e8f18ae8d0ff209d,30897a5e4fb819a263e0d5ecdc7a938b42ced790066ca9f40aa4d82f49bcedfc
KB금융지주,FY2025,사업보고서,사업보고서__KB금융지주__20260313001191,라. 파생상품 및 위험관리정책에 관한 사항 / (1) 개요 / (2) 신용리스크 관리 / (4) 금리리스크 관리 / (5) 유동성리스크 관리 / (6) 운영리스크 관리 / (7) Basel III,reporting,797,- 그룹 리스크 모니터링 현황 보고,,dart_out/doc/20260313001191/본문.pdf,https://dart.fss.or.kr/dsaf001/main.do?rcpNo=20260313001191,123cea162ff0cf6d8f3a956553f494d089ed1fc61c571769e8f18ae8d0ff209d,30897a5e4fb819a263e0d5ecdc7a938b42ced790066ca9f40aa4d82f49bcedfc
KB금융지주,FY2025,사업보고서,사업보고서__KB금융지주__20260313001191,라. 파생상품 및 위험관리정책에 관한 사항 / (1) 개요 / (2) 신용리스크 관리 / (4) 금리리스크 관리 / (5) 유동성리스크 관리 / (6) 운영리스크 관리 / (7) Basel III,stress,797,- 2025년 상/하반기 통합위기상황 분석을 위한 시나리오(안) 보고 - 2025년 상/하반기 통합위기상황 분석 결과 보고,,dart_out/doc/20260313001191/본문.pdf,https://dart.fss.or.kr/dsaf001/main.do?rcpNo=20260313001191,123cea162ff0cf6d8f3a956553f494d089ed1fc61c571769e8f18ae8d0ff209d,30897a5e4fb819a263e0d5ecdc7a938b42ced790066ca9f40aa4d82f49bcedfc
KB금융지주,FY2025,사업보고서,사업보고서__KB금융지주__20260313001191,라. 파생상품 및 위험관리정책에 관한 사항 / (1) 개요 / (2) 신용리스크 관리 / (4) 금리리스크 관리 / (5) 유동성리스크 관리 / (6) 운영리스크 관리 / (7) Basel III,stress,797,- 2025년 그룹 유동성 비상조달계획 갱신(안),,dart_out/doc/20260313001191/본문.pdf,https://dart.fss.or.kr/dsaf001/main.do?rcpNo=20260313001191,123cea162ff0cf6d8f3a956553f494d089ed1fc61c571769e8f18ae8d0ff209d,30897a5e4fb819a263e0d5ecdc7a938b42ced790066ca9f40aa4d82f49bcedfc
KB금융지주,FY2025,사업보고서,사업보고서__KB금융지주__20260313001191,라. 파생상품 및 위험관리정책에 관한 사항 / (1) 개요 / (2) 신용리스크 관리 / (4) 금리리스크 관리 / (5) 유동성리스크 관리 / (6) 운영리스크 관리 / (7) Basel III,stress,797,- 2025년 KB금융지주 자체정상화계획 갱신(안),,dart_out/doc/20260313001191/본문.pdf,https://dart.fss.or.kr/dsaf001/main.do?rcpNo=20260313001191,123cea162ff0cf6d8f3a956553f494d089ed1fc61c571769e8f18ae8d0ff209d,30897a5e4fb819a263e0d5ecdc7a938b42ced790066ca9f40aa4d82f49bcedfc
KB금융지주,FY2025,사업보고서,사업보고서__KB금융지주__20260313001191,라. 파생상품 및 위험관리정책에 관한 사항 / (1) 개요 / (2) 신용리스크 관리 / (4) 금리리스크 관리 / (5) 유동성리스크 관리 / (6) 운영리스크 관리 / (7) Basel III,oprisk,799,"운영리스크란 부적절하거나 잘못된 내부의 절차, 인력 및 시스템 또는 외부의 사건으로 인하여 발생 할 수 있는 손실 위험을 말합니다.",,dart_out/doc/20260313001191/본문.pdf,https://dart.fss.or.kr/dsaf001/main.do?rcpNo=20260313001191,123cea162ff0cf6d8f3a956553f494d089ed1fc61c571769e8f18ae8d0ff209d,30897a5e4fb819a263e0d5ecdc7a938b42ced790066ca9f40aa4d82f49bcedfc
KB금융지주,FY2025,사업보고서,사업보고서__KB금융지주__20260313001191,라. 파생상품 및 위험관리정책에 관한 사항 / (1) 개요 / (2) 신용리스크 관리 / (4) 금리리스크 관리 / (5) 유동성리스크 관리 / (6) 운영리스크 관리 / (7) Basel III,oprisk,800,"KB금융그룹은 지주회사가 그룹 전체의 운영리스크 관리를 통할하고, 각 계열사별로 자체 위험수준에 맞게 운영리스크의 관리 정책을 수립·실행하고 관련 시스템을 구축·운영하고 있습니다.",,dart_out/doc/20260313001191/본문.pdf,https://dart.fss.or.kr/dsaf001/main.do?rcpNo=20260313001191,123cea162ff0cf6d8f3a956553f494d089ed1fc61c571769e8f18ae8d0ff209d,30897a5e4fb819a263e0d5ecdc7a938b42ced790066ca9f40aa4d82f49bcedfc
KB금융지주,FY2025,사업보고서,사업보고서__KB금융지주__20260313001191,라. 파생상품 및 위험관리정책에 관한 사항 / (1) 개요 / (2) 신용리스크 관리 / (4) 금리리스크 관리 / (5) 유동성리스크 관리 / (6) 운영리스크 관리 / (7) Basel III,oprisk,800,또한 KB금융그룹은 바젤Ⅲ 표준방법의 손실데이터 사용을 위한 ‘건전한 운영리스크 관리원칙'기준을 준수하며 데이터 수집의 건전성 및 정확성과 완전성을 확보하고 있습니다.,,dart_out/doc/20260313001191/본문.pdf,https://dart.fss.or.kr/dsaf001/main.do?rcpNo=20260313001191,123cea162ff0cf6d8f3a956553f494d089ed1fc61c571769e8f18ae8d0ff209d,30897a5e4fb819a263e0d5ecdc7a938b42ced790066ca9f40aa4d82f49bcedfc
KB금융지주,FY2025,사업보고서,사업보고서__KB금융지주__20260313001191,라. 파생상품 및 위험관리정책에 관한 사항 / (1) 개요 / (2) 신용리스크 관리 / (4) 금리리스크 관리 / (5) 유동성리스크 관리 / (6) 운영리스크 관리 / (7) Basel III,org,796,"지주 리스크관리부는 그룹 리스크관리 세부정책, 절차 및 업무 프로세스 운영하는 등의 업무를 수행 하며 그룹 위험가중자산 산출, 신용평가모델 내부자본한도 모니터링 및 관리를 담당합니다.",,dart_out/doc/20260313001191/본문.pdf,https://dart.fss.or.kr/dsaf001/main.do?rcpNo=20260313001191,123cea162ff0cf6d8f3a956553f494d089ed1fc61c571769e8f18ae8d0ff209d,30897a5e4fb819a263e0d5ecdc7a938b42ced790066ca9f40aa4d82f49bcedfc
KB금융지주,FY2025,사업보고서,사업보고서__KB금융지주__20260313001191,라. 파생상품 및 위험관리정책에 관한 사항 / (1) 개요 / (2) 신용리스크 관리 / (4) 금리리스크 관리 / (5) 유동성리스크 관리 / (6) 운영리스크 관리 / (7) Basel III,org,796,"지주 모델검증부는 그룹 신용평가모형 및 리스크측정요소(PD, LGD, EAD)에 대한 모델· 시스템 적합성 검증 업무를 담당합니다.",,dart_out/doc/20260313001191/본문.pdf,https://dart.fss.or.kr/dsaf001/main.do?rcpNo=20260313001191,123cea162ff0cf6d8f3a956553f494d089ed1fc61c571769e8f18ae8d0ff209d,30897a5e4fb819a263e0d5ecdc7a938b42ced790066ca9f40aa4d82f49bcedfc
KB금융지주,FY2025,사업보고서,사업보고서__KB금융지주__20260313001191,라. 파생상품 및 위험관리정책에 관한 사항 / (1) 개요 / (2) 신용리스크 관리 / (4) 금리리스크 관리 / (5) 유동성리스크 관리 / (6) 운영리스크 관리 / (7) Basel III,org,798,"그룹의 신용리스크관리 체계 확립을 위해 각 계열사는 별도의 리스크관리 전담조직을 구성하여 계열 사별 신용리스크 관리를 총괄하고 있으며, 영업그룹과 독립적으로 리스크 부서에서 신용리스크 내부 자본 측정, 한도관리, 신용감리, 신용평가모델 검증 등의 업무를 담당하고 있습니다.",,dart_out/doc/20260313001191/본문.pdf,https://dart.fss.or.kr/dsaf001/main.do?rcpNo=20260313001191,123cea162ff0cf6d8f3a956553f494d089ed1fc61c571769e8f18ae8d0ff209d,30897a5e4fb819a263e0d5ecdc7a938b42ced790066ca9f40aa4d82f49bcedfc
KB금융지주,FY2025,사업보고서,사업보고서__KB금융지주__20260313001191,라. 파생상품 및 위험관리정책에 관한 사항 / (1) 개요 / (2) 신용리스크 관리 / (4) 금리리스크 관리 / (5) 유동성리스크 관리 / (6) 운영리스크 관리 / (7) Basel III,cro,,문서에 없음,범위 Ⅳ-6 라.파생상품및위험관리정책에관한사항 p.796~801 · 정규식 CRO|위험관리\s*책임자|리스크\s*관리\s*책임자|최고\s*리스크|Chief\s*Risk · 후보 0건 — 읽고 해당 서술 없음으로 판단,dart_out/doc/20260313001191/본문.pdf,https://dart.fss.or.kr/dsaf001/main.do?rcpNo=20260313001191,123cea162ff0cf6d8f3a956553f494d089ed1fc61c571769e8f18ae8d0ff209d,30897a5e4fb819a263e0d5ecdc7a938b42ced790066ca9f40aa4d82f49bcedfc
KB금융지주,FY2025,사업보고서,사업보고서__KB금융지주__20260313001191,라. 파생상품 및 위험관리정책에 관한 사항 / (1) 개요 / (2) 신용리스크 관리 / (4) 금리리스크 관리 / (5) 유동성리스크 관리 / (6) 운영리스크 관리 / (7) Basel III,compensation,,문서에 없음,"범위 Ⅳ-6 라.파생상품및위험관리정책에관한사항 p.796~801 · 정규식 성과\s*보수|이연\s*지급|환수|Clawback|클로백|(리스크|위험)\s*(를|을)?\s*(고려|반영|조정)[^.。]{0,20}(성과|보수|평가)|(성과|보수)[^.。]{0,30}(리스크|위험)\s*(조정|반영|고려)|보수\s*체계|보수\s*정책|리스크\s*조정 · 후보 0건 — 읽고 해당 서술 없음으로 판단",dart_out/doc/20260313001191/본문.pdf,https://dart.fss.or.kr/dsaf001/main.do?rcpNo=20260313001191,123cea162ff0cf6d8f3a956553f494d089ed1fc61c571769e8f18ae8d0ff209d,30897a5e4fb819a263e0d5ecdc7a938b42ced790066ca9f40aa4d82f49bcedfc
신한금융지주,FY2025,사업보고서,사업보고서__신한금융지주__20260318000826,마. 위험관리정책에 관한 사항 / (1) 리스크관리 개요 / (2) 신용위험 / (3) 시장위험 / (4) 유동성위험 / (5) 자본위험관리,risk_committee,792,"그룹의 위험관리에 대한 기본정책은 지배기업 이사회에서 수립하고 있으며, 위험관리 기본방침 및 전략은 지배기업 이사회 내의 위험관리위원회(이하 ""그룹위험관리위원회"")에서 수립됩니다.",,dart_out/doc/20260318000826/본문.pdf,https://dart.fss.or.kr/dsaf001/main.do?rcpNo=20260318000826,e4b070361b20eb6c110d5538291bf665224e8aa25348367b431d984f014bcf45,0f2cd3ef8e9c3d7001cb1f2283210591272d357073db5fb49e8129a9e4b363be
신한금융지주,FY2025,사업보고서,사업보고서__신한금융지주__20260318000826,마. 위험관리정책에 관한 사항 / (1) 리스크관리 개요 / (2) 신용위험 / (3) 시장위험 / (4) 유동성위험 / (5) 자본위험관리,risk_committee,793,위원회는 지배기업의 이사로 구성됩니다.,,dart_out/doc/20260318000826/본문.pdf,https://dart.fss.or.kr/dsaf001/main.do?rcpNo=20260318000826,e4b070361b20eb6c110d5538291bf665224e8aa25348367b431d984f014bcf45,0f2cd3ef8e9c3d7001cb1f2283210591272d357073db5fb49e8129a9e4b363be
신한금융지주,FY2025,사업보고서,사업보고서__신한금융지주__20260318000826,마. 위험관리정책에 관한 사항 / (1) 리스크관리 개요 / (2) 신용위험 / (3) 시장위험 / (4) 유동성위험 / (5) 자본위험관리,risk_committee,793,위원회의 결의사항은 다음과 같습니다. ㆍ경영전략에 부합하는 위험관리 기본방침 수립 ㆍ그룹 및 각 종속기업별 부담가능한 위험 수준의 결정 ㆍ적정투자한도 또는 손실허용한도 승인 ㆍ그룹리스크관리규정과 그룹리스크협의회규정의 제정 및 개정 ㆍ리스크관리조직 구조 및 업무분장에 관한 사항 ㆍ리스크관리시스템의 운영에 관한 사항 ㆍ각종 한도의 설정 및 한도초과의 승인에 관한 사항,,dart_out/doc/20260318000826/본문.pdf,https://dart.fss.or.kr/dsaf001/main.do?rcpNo=20260318000826,e4b070361b20eb6c110d5538291bf665224e8aa25348367b431d984f014bcf45,0f2cd3ef8e9c3d7001cb1f2283210591272d357073db5fb49e8129a9e4b363be
신한금융지주,FY2025,사업보고서,사업보고서__신한금융지주__20260318000826,마. 위험관리정책에 관한 사항 / (1) 리스크관리 개요 / (2) 신용위험 / (3) 시장위험 / (4) 유동성위험 / (5) 자본위험관리,group_council,793,그룹의 리스크관리정책 및 전략을 일관되게 유지하기 위하여 그룹의 제반 리스크 관련 사항을 협의하고 그룹위험관리위원회에서 정한 정책을 수행하기 위하여 필요한 사항을 결의합니다.,,dart_out/doc/20260318000826/본문.pdf,https://dart.fss.or.kr/dsaf001/main.do?rcpNo=20260318000826,e4b070361b20eb6c110d5538291bf665224e8aa25348367b431d984f014bcf45,0f2cd3ef8e9c3d7001cb1f2283210591272d357073db5fb49e8129a9e4b363be
신한금융지주,FY2025,사업보고서,사업보고서__신한금융지주__20260318000826,마. 위험관리정책에 관한 사항 / (1) 리스크관리 개요 / (2) 신용위험 / (3) 시장위험 / (4) 유동성위험 / (5) 자본위험관리,group_council,793,"구성원은 그룹의 위험관리책임자가 위원장이 되고, 주요 종속기업의 위험관리책임자로 구성됩니다.",,dart_out/doc/20260318000826/본문.pdf,https://dart.fss.or.kr/dsaf001/main.do?rcpNo=20260318000826,e4b070361b20eb6c110d5538291bf665224e8aa25348367b431d984f014bcf45,0f2cd3ef8e9c3d7001cb1f2283210591272d357073db5fb49e8129a9e4b363be
신한금융지주,FY2025,사업보고서,사업보고서__신한금융지주__20260318000826,마. 위험관리정책에 관한 사항 / (1) 리스크관리 개요 / (2) 신용위험 / (3) 시장위험 / (4) 유동성위험 / (5) 자본위험관리,group_council,794,"신한은행의 신용리스크 관리에 대한 기본 정책은 리스크정책위원회에서 결정됩니다.리스크정책위원회는 CRO(Chief Risk Officer)를 위원장으로, CCO(Chief Credit Officer)와 사업그룹 담당 그룹장 및 리스크총괄부장으로 구성되어, 은행 전반의 신용위험관리 방안과 여신 정책 방향을 의사결정하고 있습니다.",,dart_out/doc/20260318000826/본문.pdf,https://dart.fss.or.kr/dsaf001/main.do?rcpNo=20260318000826,e4b070361b20eb6c110d5538291bf665224e8aa25348367b431d984f014bcf45,0f2cd3ef8e9c3d7001cb1f2283210591272d357073db5fb49e8129a9e4b363be
신한금융지주,FY2025,사업보고서,사업보고서__신한금융지주__20260318000826,마. 위험관리정책에 관한 사항 / (1) 리스크관리 개요 / (2) 신용위험 / (3) 시장위험 / (4) 유동성위험 / (5) 자본위험관리,cro,792,그룹의 위험관리책임자(CRO)는 그룹 위험관리위원회를 보좌하고 각 종속기업의 위험관리책임자를 구성원으로 하는 그룹 리스크협의회를 통하여 그룹 및 각 종속기업의 위험관리정책 및 전략을 협의합니다.,,dart_out/doc/20260318000826/본문.pdf,https://dart.fss.or.kr/dsaf001/main.do?rcpNo=20260318000826,e4b070361b20eb6c110d5538291bf665224e8aa25348367b431d984f014bcf45,0f2cd3ef8e9c3d7001cb1f2283210591272d357073db5fb49e8129a9e4b363be
신한금융지주,FY2025,사업보고서,사업보고서__신한금융지주__20260318000826,마. 위험관리정책에 관한 사항 / (1) 리스크관리 개요 / (2) 신용위험 / (3) 시장위험 / (4) 유동성위험 / (5) 자본위험관리,raf,793,"위험자본은 잠재적인 손실(리스크)이 실제로 실현되었을 경우 이를 보전하는데 필요한 자본을 의미하며, 위험자본관리는 가용자본 대비 리스크 부담 수준에 대한 의사결정인 위험성향(Risk Appetite)을 고려하여 위험자본이 적정 수준으로 유지될 수 있도록 위험자산을 관리하는 것을 의미합니다.",,dart_out/doc/20260318000826/본문.pdf,https://dart.fss.or.kr/dsaf001/main.do?rcpNo=20260318000826,e4b070361b20eb6c110d5538291bf665224e8aa25348367b431d984f014bcf45,0f2cd3ef8e9c3d7001cb1f2283210591272d357073db5fb49e8129a9e4b363be
신한금융지주,FY2025,사업보고서,사업보고서__신한금융지주__20260318000826,마. 위험관리정책에 관한 사항 / (1) 리스크관리 개요 / (2) 신용위험 / (3) 시장위험 / (4) 유동성위험 / (5) 자본위험관리,raf,792,"그룹은 그룹의 위험을 적정 수준으로 관리하기 위하여 계층적인 한도체계를 가지고 있습니다. 그룹위험관리위원회는 그룹 및 종속기업별로 부담 가능한 위험 한도를 설정하고, 각 종속기업의 위험관리위원회 및 경영진차원의 리스크회의체에서는 위험 유형별, 부서별, 데스크별 및 상품별 등 세부 위험 한도를 설정하여 관리합니다.",,dart_out/doc/20260318000826/본문.pdf,https://dart.fss.or.kr/dsaf001/main.do?rcpNo=20260318000826,e4b070361b20eb6c110d5538291bf665224e8aa25348367b431d984f014bcf45,0f2cd3ef8e9c3d7001cb1f2283210591272d357073db5fb49e8129a9e4b363be
신한금융지주,FY2025,사업보고서,사업보고서__신한금융지주__20260318000826,마. 위험관리정책에 관한 사항 / (1) 리스크관리 개요 / (2) 신용위험 / (3) 시장위험 / (4) 유동성위험 / (5) 자본위험관리,raf,793,"지배기업 및 종속기업은 위험자본 관리를 위하여 재무ㆍ사업계획 수립시에 사전적으로 위험계획이 반영되도록 위험계획 프로 세스를 수립 및 운용하고 있으며, 적정 수준으로 위험을 통제하기 위한 리스크한도관리체계를 수립 및 운용하고 있습니다.",,dart_out/doc/20260318000826/본문.pdf,https://dart.fss.or.kr/dsaf001/main.do?rcpNo=20260318000826,e4b070361b20eb6c110d5538291bf665224e8aa25348367b431d984f014bcf45,0f2cd3ef8e9c3d7001cb1f2283210591272d357073db5fb49e8129a9e4b363be
신한금융지주,FY2025,사업보고서,사업보고서__신한금융지주__20260318000826,마. 위험관리정책에 관한 사항 / (1) 리스크관리 개요 / (2) 신용위험 / (3) 시장위험 / (4) 유동성위험 / (5) 자본위험관리,measurement,796,"VaR는 그룹 시장리스 크측정시스템을 이용하여 표준방법 시장리스크량을 산출하고 있으며, 신한은행은 자체적인 시장리스크 산출시스템을 사용하여 표준방법 시장리스크량을 산출하고 있습니다.",,dart_out/doc/20260318000826/본문.pdf,https://dart.fss.or.kr/dsaf001/main.do?rcpNo=20260318000826,e4b070361b20eb6c110d5538291bf665224e8aa25348367b431d984f014bcf45,0f2cd3ef8e9c3d7001cb1f2283210591272d357073db5fb49e8129a9e4b363be
신한금융지주,FY2025,사업보고서,사업보고서__신한금융지주__20260318000826,마. 위험관리정책에 관한 사항 / (1) 리스크관리 개요 / (2) 신용위험 / (3) 시장위험 / (4) 유동성위험 / (5) 자본위험관리,measurement,799,"그룹은 금융지주회사감독규정시행세칙개정에 따라 바젤III기준 IRRBB 표준방법으로 금리위험을 측정하며, 기존 BIS표준Framework에 비해 금리 만기구간의 세분화, 고객행동모형 반영 및 금리충격 시나리오 다양화로 금리위험을 보다 정교하게 측정합니다.",,dart_out/doc/20260318000826/본문.pdf,https://dart.fss.or.kr/dsaf001/main.do?rcpNo=20260318000826,e4b070361b20eb6c110d5538291bf665224e8aa25348367b431d984f014bcf45,0f2cd3ef8e9c3d7001cb1f2283210591272d357073db5fb49e8129a9e4b363be
신한금융지주,FY2025,사업보고서,사업보고서__신한금융지주__20260318000826,마. 위험관리정책에 관한 사항 / (1) 리스크관리 개요 / (2) 신용위험 / (3) 시장위험 / (4) 유동성위험 / (5) 자본위험관리,measurement,803,"연결실체는 금융지주회사법에 따라 연결기준 위험가중자산에 대한 총자본비율(이하""바젤III 기준 자본비율"")을 100분의 8이상으로 유지해야 합니다.",,dart_out/doc/20260318000826/본문.pdf,https://dart.fss.or.kr/dsaf001/main.do?rcpNo=20260318000826,e4b070361b20eb6c110d5538291bf665224e8aa25348367b431d984f014bcf45,0f2cd3ef8e9c3d7001cb1f2283210591272d357073db5fb49e8129a9e4b363be
신한금융지주,FY2025,사업보고서,사업보고서__신한금융지주__20260318000826,마. 위험관리정책에 관한 사항 / (1) 리스크관리 개요 / (2) 신용위험 / (3) 시장위험 / (4) 유동성위험 / (5) 자본위험관리,reporting,793,그룹의 경영환경에 영향을 줄 수 있는 위험 요소들을 주기적으로 파악하여 선제적인 위험관리를 도모하기 위하여 다차원 리스크 모니터링 체제를 구축하고 있습니다.,,dart_out/doc/20260318000826/본문.pdf,https://dart.fss.or.kr/dsaf001/main.do?rcpNo=20260318000826,e4b070361b20eb6c110d5538291bf665224e8aa25348367b431d984f014bcf45,0f2cd3ef8e9c3d7001cb1f2283210591272d357073db5fb49e8129a9e4b363be
신한금융지주,FY2025,사업보고서,사업보고서__신한금융지주__20260318000826,마. 위험관리정책에 관한 사항 / (1) 리스크관리 개요 / (2) 신용위험 / (3) 시장위험 / (4) 유동성위험 / (5) 자본위험관리,reporting,793,"각 종속기업은 그룹차원의 위험관리에 영향을 미치는 주요사항에 대하여 의무적으로 지배기업에 보고하여야 하며, 지배기업은 주별ㆍ월별ㆍ수시 모니터링보고서를 작성하 여 CRO를 포함한 그룹 경영진에게 보고하고 있습니다.",,dart_out/doc/20260318000826/본문.pdf,https://dart.fss.or.kr/dsaf001/main.do?rcpNo=20260318000826,e4b070361b20eb6c110d5538291bf665224e8aa25348367b431d984f014bcf45,0f2cd3ef8e9c3d7001cb1f2283210591272d357073db5fb49e8129a9e4b363be
신한금융지주,FY2025,사업보고서,사업보고서__신한금융지주__20260318000826,마. 위험관리정책에 관한 사항 / (1) 리스크관리 개요 / (2) 신용위험 / (3) 시장위험 / (4) 유동성위험 / (5) 자본위험관리,reporting,793,그룹위험관리위원회 결의사항은 이사회에 보고합니다.,,dart_out/doc/20260318000826/본문.pdf,https://dart.fss.or.kr/dsaf001/main.do?rcpNo=20260318000826,e4b070361b20eb6c110d5538291bf665224e8aa25348367b431d984f014bcf45,0f2cd3ef8e9c3d7001cb1f2283210591272d357073db5fb49e8129a9e4b363be
신한금융지주,FY2025,사업보고서,사업보고서__신한금융지주__20260318000826,마. 위험관리정책에 관한 사항 / (1) 리스크관리 개요 / (2) 신용위험 / (3) 시장위험 / (4) 유동성위험 / (5) 자본위험관리,stress,794,"위기상황 발생가능성을 조기에 감지하여 선제적으로 대응하며, 위기상황 발생시 적 시적, 효율적, 유기적 대응으로 위기상황을 극복하고 궁극적으로 지속가능한 조직을 유지하기 위하여 그룹차원의 위기관리체계를 운영하고 있습니다.",,dart_out/doc/20260318000826/본문.pdf,https://dart.fss.or.kr/dsaf001/main.do?rcpNo=20260318000826,e4b070361b20eb6c110d5538291bf665224e8aa25348367b431d984f014bcf45,0f2cd3ef8e9c3d7001cb1f2283210591272d357073db5fb49e8129a9e4b363be
신한금융지주,FY2025,사업보고서,사업보고서__신한금융지주__20260318000826,마. 위험관리정책에 관한 사항 / (1) 리스크관리 개요 / (2) 신용위험 / (3) 시장위험 / (4) 유동성위험 / (5) 자본위험관리,stress,794,지배기업은 그룹차원 의 일관된 위기상황인식 및 대응체계를 수립하여 운영하고 2개 이상의 종속기업이 '주의' 이상 단계에 진입하는 등 그룹 차원의 위기대응이 필요하다고 판단되는 경우 지배기업 차원에서 직접적으로 위기관리를 수행하게 됩니다.,,dart_out/doc/20260318000826/본문.pdf,https://dart.fss.or.kr/dsaf001/main.do?rcpNo=20260318000826,e4b070361b20eb6c110d5538291bf665224e8aa25348367b431d984f014bcf45,0f2cd3ef8e9c3d7001cb1f2283210591272d357073db5fb49e8129a9e4b363be
신한금융지주,FY2025,사업보고서,사업보고서__신한금융지주__20260318000826,마. 위험관리정책에 관한 사항 / (1) 리스크관리 개요 / (2) 신용위험 / (3) 시장위험 / (4) 유동성위험 / (5) 자본위험관리,stress,802,"자금 경색을 유발할 수 있는 고유 위기 / 대외 시장 위기 / 대내외 총체적 위기에 대한 그룹 공통 기준의 3가지 시나리오를 반영하여, 매월 스트레스테스트를 수행함으로써 평상시 위기상황에 대비하여 유동성 측면의 이상여부를 점검하고 있습니다.",,dart_out/doc/20260318000826/본문.pdf,https://dart.fss.or.kr/dsaf001/main.do?rcpNo=20260318000826,e4b070361b20eb6c110d5538291bf665224e8aa25348367b431d984f014bcf45,0f2cd3ef8e9c3d7001cb1f2283210591272d357073db5fb49e8129a9e4b363be
신한금융지주,FY2025,사업보고서,사업보고서__신한금융지주__20260318000826,마. 위험관리정책에 관한 사항 / (1) 리스크관리 개요 / (2) 신용위험 / (3) 시장위험 / (4) 유동성위험 / (5) 자본위험관리,compensation,792,ㆍ 비즈니스 의사결정 시 위험을 명확히 고려하게 하는 성과관리체계를 운영한다.,,dart_out/doc/20260318000826/본문.pdf,https://dart.fss.or.kr/dsaf001/main.do?rcpNo=20260318000826,e4b070361b20eb6c110d5538291bf665224e8aa25348367b431d984f014bcf45,0f2cd3ef8e9c3d7001cb1f2283210591272d357073db5fb49e8129a9e4b363be
신한금융지주,FY2025,사업보고서,사업보고서__신한금융지주__20260318000826,마. 위험관리정책에 관한 사항 / (1) 리스크관리 개요 / (2) 신용위험 / (3) 시장위험 / (4) 유동성위험 / (5) 자본위험관리,org,792,지배기업의 리스크관리팀은 그룹위험관리책임자를 보좌하여 위험관리 및 감독업무를 수행합니다.,,dart_out/doc/20260318000826/본문.pdf,https://dart.fss.or.kr/dsaf001/main.do?rcpNo=20260318000826,e4b070361b20eb6c110d5538291bf665224e8aa25348367b431d984f014bcf45,0f2cd3ef8e9c3d7001cb1f2283210591272d357073db5fb49e8129a9e4b363be
신한금융지주,FY2025,사업보고서,사업보고서__신한금융지주__20260318000826,마. 위험관리정책에 관한 사항 / (1) 리스크관리 개요 / (2) 신용위험 / (3) 시장위험 / (4) 유동성위험 / (5) 자본위험관리,org,792,ㆍ 영업부문과 독립적인 위험관리조직을 구성하고 운영한다.,,dart_out/doc/20260318000826/본문.pdf,https://dart.fss.or.kr/dsaf001/main.do?rcpNo=20260318000826,e4b070361b20eb6c110d5538291bf665224e8aa25348367b431d984f014bcf45,0f2cd3ef8e9c3d7001cb1f2283210591272d357073db5fb49e8129a9e4b363be
신한금융지주,FY2025,사업보고서,사업보고서__신한금융지주__20260318000826,마. 위험관리정책에 관한 사항 / (1) 리스크관리 개요 / (2) 신용위험 / (3) 시장위험 / (4) 유동성위험 / (5) 자본위험관리,org,792,"종속기업은 각 사별 위험관리위원회 및 위험 관련 실무위원회, 위험관리전담조직을 통하여 그룹의 위험관리정책 및 전략을 이행하고, 이와 일관되게 종속기업 세부 위험관리정책 및 전략을수립하고 시행합니다.",,dart_out/doc/20260318000826/본문.pdf,https://dart.fss.or.kr/dsaf001/main.do?rcpNo=20260318000826,e4b070361b20eb6c110d5538291bf665224e8aa25348367b431d984f014bcf45,0f2cd3ef8e9c3d7001cb1f2283210591272d357073db5fb49e8129a9e4b363be
신한금융지주,FY2025,사업보고서,사업보고서__신한금융지주__20260318000826,마. 위험관리정책에 관한 사항 / (1) 리스크관리 개요 / (2) 신용위험 / (3) 시장위험 / (4) 유동성위험 / (5) 자본위험관리,oprisk,,문서에 없음,범위 Ⅳ-6 마.위험관리정책에관한사항 p.792~805 · 정규식 운영\s*(리스크|위험)|손실\s*사건|손실\s*데이터|BCP|업무\s*연속성|위탁|IT\s*리스크|정보\s*보호|사이버 · 후보 0건 — 읽고 해당 서술 없음으로 판단,dart_out/doc/20260318000826/본문.pdf,https://dart.fss.or.kr/dsaf001/main.do?rcpNo=20260318000826,e4b070361b20eb6c110d5538291bf665224e8aa25348367b431d984f014bcf45,0f2cd3ef8e9c3d7001cb1f2283210591272d357073db5fb49e8129a9e4b363be
하나금융지주,FY2025,사업보고서,사업보고서__하나금융지주__20260316001292,라. 파생상품 및 위험관리정책에 관한 사항 / 1) 파생상품 / 2) 위험관리정책에 관한 사항 / 3) 각 리스크 별 관리 전략,risk_committee,756,"이사회는 경영전략에 부합하는 위험관리를 위한 환경 및 체제를 갖추고 있으며, 리스크관리에 대한 책임과 권한의 일부를 리스크관리위원회(Risk Management Committee)에 위임하고 있습니다.",,dart_out/doc/20260316001292/본문.pdf,https://dart.fss.or.kr/dsaf001/main.do?rcpNo=20260316001292,8e86b1170b76515ac2f2734726714b8b83c0ed6f1806f57439d6a26b6b6e4bc2,92e50a34f16959449ac56a19f383276ae38a96144eaccb2333782203436d3014
하나금융지주,FY2025,사업보고서,사업보고서__하나금융지주__20260316001292,라. 파생상품 및 위험관리정책에 관한 사항 / 1) 파생상품 / 2) 위험관리정책에 관한 사항 / 3) 각 리스크 별 관리 전략,risk_committee,756,그룹 리스크관리의 최고 의사결정기구인 리스크관리위원회는 경영상 발생할 수 있는 각종,,dart_out/doc/20260316001292/본문.pdf,https://dart.fss.or.kr/dsaf001/main.do?rcpNo=20260316001292,8e86b1170b76515ac2f2734726714b8b83c0ed6f1806f57439d6a26b6b6e4bc2,92e50a34f16959449ac56a19f383276ae38a96144eaccb2333782203436d3014
하나금융지주,FY2025,사업보고서,사업보고서__하나금융지주__20260316001292,라. 파생상품 및 위험관리정책에 관한 사항 / 1) 파생상품 / 2) 위험관리정책에 관한 사항 / 3) 각 리스크 별 관리 전략,risk_committee,757,"리스크에 대한 그룹 차원의 정책 및 기본 관리계획을 수립, 승인, 관리하고 있으며, 월간 단위의 리스크관리집행위원회를 통해 주력 자회사인 하나은행을 포함한 자회사 별 리스크 현안 및 통제방안 등을 긴밀히 협의하는 등 자회사와의 원활한 커뮤니케이션을 위한 유기적인 지배구조 체제를 운영하고 있습니다.",,dart_out/doc/20260316001292/본문.pdf,https://dart.fss.or.kr/dsaf001/main.do?rcpNo=20260316001292,8e86b1170b76515ac2f2734726714b8b83c0ed6f1806f57439d6a26b6b6e4bc2,92e50a34f16959449ac56a19f383276ae38a96144eaccb2333782203436d3014
하나금융지주,FY2025,사업보고서,사업보고서__하나금융지주__20260316001292,라. 파생상품 및 위험관리정책에 관한 사항 / 1) 파생상품 / 2) 위험관리정책에 관한 사항 / 3) 각 리스크 별 관리 전략,group_council,757,"리스크에 대한 그룹 차원의 정책 및 기본 관리계획을 수립, 승인, 관리하고 있으며, 월간 단위의 리스크관리집행위원회를 통해 주력 자회사인 하나은행을 포함한 자회사 별 리스크 현안 및 통제방안 등을 긴밀히 협의하는 등 자회사와의 원활한 커뮤니케이션을 위한 유기적인 지배구조 체제를 운영하고 있습니다.",,dart_out/doc/20260316001292/본문.pdf,https://dart.fss.or.kr/dsaf001/main.do?rcpNo=20260316001292,8e86b1170b76515ac2f2734726714b8b83c0ed6f1806f57439d6a26b6b6e4bc2,92e50a34f16959449ac56a19f383276ae38a96144eaccb2333782203436d3014
하나금융지주,FY2025,사업보고서,사업보고서__하나금융지주__20260316001292,라. 파생상품 및 위험관리정책에 관한 사항 / 1) 파생상품 / 2) 위험관리정책에 관한 사항 / 3) 각 리스크 별 관리 전략,raf,757,"한편, 자산시장 변동성 확대 및 일부 산업의 리스크 증가 등으로 인한 한계기업의 증가, 대외적인 불안정성 확대 등 리스크 요인에 대응하기 위하여 그룹 차원의 한도관리 체계를 정교화하여 동일 차주별 신용공여한도를 차등하여 설정하고, 산업등급에 기반한 산업별 한도 설정 및 경기 전망치를 반영한 중점관리산업 선정, 부동산PF 한도, 국가별 익스포져 한도 등을 통하여 포트폴리오를 분산 관리함으로써 거래상대방 부실로 인한 손실을 최소화하고 있습니다.",,dart_out/doc/20260316001292/본문.pdf,https://dart.fss.or.kr/dsaf001/main.do?rcpNo=20260316001292,8e86b1170b76515ac2f2734726714b8b83c0ed6f1806f57439d6a26b6b6e4bc2,92e50a34f16959449ac56a19f383276ae38a96144eaccb2333782203436d3014
하나금융지주,FY2025,사업보고서,사업보고서__하나금융지주__20260316001292,라. 파생상품 및 위험관리정책에 관한 사항 / 1) 파생상품 / 2) 위험관리정책에 관한 사항 / 3) 각 리스크 별 관리 전략,raf,758,"하나금융그룹은 시장리스크를 선제적으로 관리하기 위해 상품ㆍ조직 등 세부 단위 별로 익스포져 한도 및 손실한도 등 각종 시장리스크 한도를 설정하여 운영하고 있으며, 일별로 시장리스크량을 측정하고, 그 수준을 일별로 모니터링 하여, 매월 및 분기별로 리스크관리집행위원회와 리스크관리위원회 보고를 통해 시장리스크가 적정한 수준에서 통제될 수 있도록 관리하고 있습니다.",,dart_out/doc/20260316001292/본문.pdf,https://dart.fss.or.kr/dsaf001/main.do?rcpNo=20260316001292,8e86b1170b76515ac2f2734726714b8b83c0ed6f1806f57439d6a26b6b6e4bc2,92e50a34f16959449ac56a19f383276ae38a96144eaccb2333782203436d3014
하나금융지주,FY2025,사업보고서,사업보고서__하나금융지주__20260316001292,라. 파생상품 및 위험관리정책에 관한 사항 / 1) 파생상품 / 2) 위험관리정책에 관한 사항 / 3) 각 리스크 별 관리 전략,raf,759,"하나금융그룹은 유동성리스크에 대해 한도를 부여하여 관리하고 있을 뿐 아니라, 유동성 위기상황을 보다 선제적으로 인지하기 위하여 각 관계회사별 특성에 맞는 조기경보지표를 측정, 관리하고 있습니다.",,dart_out/doc/20260316001292/본문.pdf,https://dart.fss.or.kr/dsaf001/main.do?rcpNo=20260316001292,8e86b1170b76515ac2f2734726714b8b83c0ed6f1806f57439d6a26b6b6e4bc2,92e50a34f16959449ac56a19f383276ae38a96144eaccb2333782203436d3014
하나금융지주,FY2025,사업보고서,사업보고서__하나금융지주__20260316001292,라. 파생상품 및 위험관리정책에 관한 사항 / 1) 파생상품 / 2) 위험관리정책에 관한 사항 / 3) 각 리스크 별 관리 전략,measurement,756,"주요 관리대상은 신용리스크, 시장리스크, 유동성리스크, 운영리스크 등으로 이는 그룹 리스크관리규정에 따라 인식, 측정, 모니터링, 통제 및 보고됩니다.",,dart_out/doc/20260316001292/본문.pdf,https://dart.fss.or.kr/dsaf001/main.do?rcpNo=20260316001292,8e86b1170b76515ac2f2734726714b8b83c0ed6f1806f57439d6a26b6b6e4bc2,92e50a34f16959449ac56a19f383276ae38a96144eaccb2333782203436d3014
하나금융지주,FY2025,사업보고서,사업보고서__하나금융지주__20260316001292,라. 파생상품 및 위험관리정책에 관한 사항 / 1) 파생상품 / 2) 위험관리정책에 관한 사항 / 3) 각 리스크 별 관리 전략,measurement,758,하나금융그룹은 시장리스크 소요 자기자본비율 산출방법을 일관되게 유지ㆍ적용하기 위해 트레이딩 정책규정을 마련하여 운영하고 있습니다.,,dart_out/doc/20260316001292/본문.pdf,https://dart.fss.or.kr/dsaf001/main.do?rcpNo=20260316001292,8e86b1170b76515ac2f2734726714b8b83c0ed6f1806f57439d6a26b6b6e4bc2,92e50a34f16959449ac56a19f383276ae38a96144eaccb2333782203436d3014
하나금융지주,FY2025,사업보고서,사업보고서__하나금융지주__20260316001292,라. 파생상품 및 위험관리정책에 관한 사항 / 1) 파생상품 / 2) 위험관리정책에 관한 사항 / 3) 각 리스크 별 관리 전략,measurement,758,"금리리스크는 금리민감 자산/부채의 만기 구조와 금리 개정만기의 불일치로 인해 주로 발생하며, 금리리스크 관리를 위해 하나금융그룹은 금리민감 자산/부채에 대한 금리리스크량을 월별로 측정하여 일정 한도 범위 이내에서 관리하고 있으며, 하나은행의 경우에는 한도 관리 외 금리갭 분석 및 듀레이션 갭 분석 등 보다",,dart_out/doc/20260316001292/본문.pdf,https://dart.fss.or.kr/dsaf001/main.do?rcpNo=20260316001292,8e86b1170b76515ac2f2734726714b8b83c0ed6f1806f57439d6a26b6b6e4bc2,92e50a34f16959449ac56a19f383276ae38a96144eaccb2333782203436d3014
하나금융지주,FY2025,사업보고서,사업보고서__하나금융지주__20260316001292,라. 파생상품 및 위험관리정책에 관한 사항 / 1) 파생상품 / 2) 위험관리정책에 관한 사항 / 3) 각 리스크 별 관리 전략,reporting,757,"하나금융그룹은 리스크관리위원회 및 리스크관리집행위원회를 통하여 월간 또는 분기 단위로 그룹 및 각 관계회사의 익스포져 변화, 한도준수현황, 연체율 및 충당금 변동내역 등 신용리스크를 점검하여 적정하게 관리 중에 있습니다.",,dart_out/doc/20260316001292/본문.pdf,https://dart.fss.or.kr/dsaf001/main.do?rcpNo=20260316001292,8e86b1170b76515ac2f2734726714b8b83c0ed6f1806f57439d6a26b6b6e4bc2,92e50a34f16959449ac56a19f383276ae38a96144eaccb2333782203436d3014
하나금융지주,FY2025,사업보고서,사업보고서__하나금융지주__20260316001292,라. 파생상품 및 위험관리정책에 관한 사항 / 1) 파생상품 / 2) 위험관리정책에 관한 사항 / 3) 각 리스크 별 관리 전략,reporting,758,"하나금융그룹은 시장리스크를 선제적으로 관리하기 위해 상품ㆍ조직 등 세부 단위 별로 익스포져 한도 및 손실한도 등 각종 시장리스크 한도를 설정하여 운영하고 있으며, 일별로 시장리스크량을 측정하고, 그 수준을 일별로 모니터링 하여, 매월 및 분기별로 리스크관리집행위원회와 리스크관리위원회 보고를 통해 시장리스크가 적정한 수준에서 통제될 수 있도록 관리하고 있습니다.",,dart_out/doc/20260316001292/본문.pdf,https://dart.fss.or.kr/dsaf001/main.do?rcpNo=20260316001292,8e86b1170b76515ac2f2734726714b8b83c0ed6f1806f57439d6a26b6b6e4bc2,92e50a34f16959449ac56a19f383276ae38a96144eaccb2333782203436d3014
하나금융지주,FY2025,사업보고서,사업보고서__하나금융지주__20260316001292,라. 파생상품 및 위험관리정책에 관한 사항 / 1) 파생상품 / 2) 위험관리정책에 관한 사항 / 3) 각 리스크 별 관리 전략,reporting,758,"각 관계회사는 운영리스크량을 산출하여 매월 및 분기별로 리스크관리집행위원회와 리스크관리위원회에 보고하고 있으며, 운영리스크에 대한 감독규제가 없는 관계회사도 운영리스크 손실사건, IT장애 발생현황 등을 모니터링하여 정기적으로 리스크관리집행위원회에 보고하고 있습니다.",,dart_out/doc/20260316001292/본문.pdf,https://dart.fss.or.kr/dsaf001/main.do?rcpNo=20260316001292,8e86b1170b76515ac2f2734726714b8b83c0ed6f1806f57439d6a26b6b6e4bc2,92e50a34f16959449ac56a19f383276ae38a96144eaccb2333782203436d3014
하나금융지주,FY2025,사업보고서,사업보고서__하나금융지주__20260316001292,라. 파생상품 및 위험관리정책에 관한 사항 / 1) 파생상품 / 2) 위험관리정책에 관한 사항 / 3) 각 리스크 별 관리 전략,stress,759,"또한, 다양한 유동성 스트레스 시나리오를 설정하고 통계분석 및 자금량 시뮬레이션을 통해 유동성 부족상황을 지속적으로 점검하고 있으며, 유동성 비상조달계획을 수립하여 만일의 사태에 대비하고 있습니다.",,dart_out/doc/20260316001292/본문.pdf,https://dart.fss.or.kr/dsaf001/main.do?rcpNo=20260316001292,8e86b1170b76515ac2f2734726714b8b83c0ed6f1806f57439d6a26b6b6e4bc2,92e50a34f16959449ac56a19f383276ae38a96144eaccb2333782203436d3014
하나금융지주,FY2025,사업보고서,사업보고서__하나금융지주__20260316001292,라. 파생상품 및 위험관리정책에 관한 사항 / 1) 파생상품 / 2) 위험관리정책에 관한 사항 / 3) 각 리스크 별 관리 전략,stress,758,"또한, 금융시장 불안에 따른 금융위기 재발가능성에 대비하기 위해 설정한 다양한 조기경보지표와 내부 관리지표를 모니터링하여 위기상황을 선제적으로 포착할 수 있는 체계를 운영하고 있으며, 구체적으로 수립된 단계별 대응방안을 통해 위기 발생 시 선제적 대응으로 손실 확대 가능성을 최소화할 수 있는 관리체계를 구축하여 운영하고 있습니다.",,dart_out/doc/20260316001292/본문.pdf,https://dart.fss.or.kr/dsaf001/main.do?rcpNo=20260316001292,8e86b1170b76515ac2f2734726714b8b83c0ed6f1806f57439d6a26b6b6e4bc2,92e50a34f16959449ac56a19f383276ae38a96144eaccb2333782203436d3014
하나금융지주,FY2025,사업보고서,사업보고서__하나금융지주__20260316001292,라. 파생상품 및 위험관리정책에 관한 사항 / 1) 파생상품 / 2) 위험관리정책에 관한 사항 / 3) 각 리스크 별 관리 전략,stress,755,"또한, 극단적인 시장상황을 고려하기 위해서 Stress 시장 시나리오를 설정하고 이에 따른 손실예상금액을 계산하는 Stress Test도 매일 시행하고 있습니다.",,dart_out/doc/20260316001292/본문.pdf,https://dart.fss.or.kr/dsaf001/main.do?rcpNo=20260316001292,8e86b1170b76515ac2f2734726714b8b83c0ed6f1806f57439d6a26b6b6e4bc2,92e50a34f16959449ac56a19f383276ae38a96144eaccb2333782203436d3014
하나금융지주,FY2025,사업보고서,사업보고서__하나금융지주__20260316001292,라. 파생상품 및 위험관리정책에 관한 사항 / 1) 파생상품 / 2) 위험관리정책에 관한 사항 / 3) 각 리스크 별 관리 전략,oprisk,758,"운영리스크는 인력, 업무 및 시스템의 부적절한 운영 또는 외부사건으로 인하여 손실이 발생하는 리스크로 회사의 경영 및 영업 활동 전반에서 발생합니다.",,dart_out/doc/20260316001292/본문.pdf,https://dart.fss.or.kr/dsaf001/main.do?rcpNo=20260316001292,8e86b1170b76515ac2f2734726714b8b83c0ed6f1806f57439d6a26b6b6e4bc2,92e50a34f16959449ac56a19f383276ae38a96144eaccb2333782203436d3014
하나금융지주,FY2025,사업보고서,사업보고서__하나금융지주__20260316001292,라. 파생상품 및 위험관리정책에 관한 사항 / 1) 파생상품 / 2) 위험관리정책에 관한 사항 / 3) 각 리스크 별 관리 전략,oprisk,758,하나금융그룹은 영업환경 및 내부통제 수준의 변화에 따른 운영리스크량을 적정한 수준에서 관리 및 통제할 수 있도록 정기적으로 운영리스크량을 측정하고 한도준수 여부를 모니터링하고 있습니다.,,dart_out/doc/20260316001292/본문.pdf,https://dart.fss.or.kr/dsaf001/main.do?rcpNo=20260316001292,8e86b1170b76515ac2f2734726714b8b83c0ed6f1806f57439d6a26b6b6e4bc2,92e50a34f16959449ac56a19f383276ae38a96144eaccb2333782203436d3014
하나금융지주,FY2025,사업보고서,사업보고서__하나금융지주__20260316001292,라. 파생상품 및 위험관리정책에 관한 사항 / 1) 파생상품 / 2) 위험관리정책에 관한 사항 / 3) 각 리스크 별 관리 전략,oprisk,758,"각 관계회사는 운영리스크량을 산출하여 매월 및 분기별로 리스크관리집행위원회와 리스크관리위원회에 보고하고 있으며, 운영리스크에 대한 감독규제가 없는 관계회사도 운영리스크 손실사건, IT장애 발생현황 등을 모니터링하여 정기적으로 리스크관리집행위원회에 보고하고 있습니다.",,dart_out/doc/20260316001292/본문.pdf,https://dart.fss.or.kr/dsaf001/main.do?rcpNo=20260316001292,8e86b1170b76515ac2f2734726714b8b83c0ed6f1806f57439d6a26b6b6e4bc2,92e50a34f16959449ac56a19f383276ae38a96144eaccb2333782203436d3014
하나금융지주,FY2025,사업보고서,사업보고서__하나금융지주__20260316001292,라. 파생상품 및 위험관리정책에 관한 사항 / 1) 파생상품 / 2) 위험관리정책에 관한 사항 / 3) 각 리스크 별 관리 전략,org,757,"하나금융그룹은 전 부문의 신용리스크 관리를 위하여 신용등급 평가체계 구축과 독립적인 리스크관리 조직, 조기 경보 시스템 등의 모니터링 체계를 마련하여 운영하고 있습니다.",,dart_out/doc/20260316001292/본문.pdf,https://dart.fss.or.kr/dsaf001/main.do?rcpNo=20260316001292,8e86b1170b76515ac2f2734726714b8b83c0ed6f1806f57439d6a26b6b6e4bc2,92e50a34f16959449ac56a19f383276ae38a96144eaccb2333782203436d3014
하나금융지주,FY2025,사업보고서,사업보고서__하나금융지주__20260316001292,라. 파생상품 및 위험관리정책에 관한 사항 / 1) 파생상품 / 2) 위험관리정책에 관한 사항 / 3) 각 리스크 별 관리 전략,cro,,문서에 없음,범위 Ⅳ-6 라.파생상품및위험관리정책에관한사항 p.755~760 · 정규식 CRO|위험관리\s*책임자|리스크\s*관리\s*책임자|최고\s*리스크|Chief\s*Risk · 후보 0건 — 읽고 해당 서술 없음으로 판단,dart_out/doc/20260316001292/본문.pdf,https://dart.fss.or.kr/dsaf001/main.do?rcpNo=20260316001292,8e86b1170b76515ac2f2734726714b8b83c0ed6f1806f57439d6a26b6b6e4bc2,92e50a34f16959449ac56a19f383276ae38a96144eaccb2333782203436d3014
하나금융지주,FY2025,사업보고서,사업보고서__하나금융지주__20260316001292,라. 파생상품 및 위험관리정책에 관한 사항 / 1) 파생상품 / 2) 위험관리정책에 관한 사항 / 3) 각 리스크 별 관리 전략,compensation,,문서에 없음,"범위 Ⅳ-6 라.파생상품및위험관리정책에관한사항 p.755~760 · 정규식 성과\s*보수|이연\s*지급|환수|Clawback|클로백|(리스크|위험)\s*(를|을)?\s*(고려|반영|조정)[^.。]{0,20}(성과|보수|평가)|(성과|보수)[^.。]{0,30}(리스크|위험)\s*(조정|반영|고려)|보수\s*체계|보수\s*정책|리스크\s*조정 · 후보 0건 — 읽고 해당 서술 없음으로 판단",dart_out/doc/20260316001292/본문.pdf,https://dart.fss.or.kr/dsaf001/main.do?rcpNo=20260316001292,8e86b1170b76515ac2f2734726714b8b83c0ed6f1806f57439d6a26b6b6e4bc2,92e50a34f16959449ac56a19f383276ae38a96144eaccb2333782203436d3014
우리금융지주,FY2025,사업보고서,사업보고서__우리금융지주__20260313001235,라. 파생상품 및 위험관리정책에 관한 사항 / (1) 파생상품 (우리은행) / (2) 리스크관리 개요 / (3) 신용위험 / (4) 시장위험 / (6) 운영위험 / (7) 자본관리,risk_committee,669,"위험은 의결된 정책을 기준으로 리스크관리부에서 관리되며, 리스크관리위원회는 위험관리의 최고 의사결정기구로서 내부자본의 배분 및 한도설정 등 위험 전략에 대한 의사결정을 하고 있습니다.",,dart_out/doc/20260313001235/본문.pdf,https://dart.fss.or.kr/dsaf001/main.do?rcpNo=20260313001235,ec3f9fcf1ec1d19ac8af76e108972380864638306bd14ab9af44dc6c37130631,4a166e410c55e2ee707e4de0b35d0b070778bd1a399735bd8064f657e54da89a
우리금융지주,FY2025,사업보고서,사업보고서__우리금융지주__20260313001235,라. 파생상품 및 위험관리정책에 관한 사항 / (1) 파생상품 (우리은행) / (2) 리스크관리 개요 / (3) 신용위험 / (4) 시장위험 / (6) 운영위험 / (7) 자본관리,risk_committee,669,"리스크관리위원회는 지주회사 및 그 자회사등에서 경영상 발생할 수 있는 제반 리스크를 적시에 인식, 측정, 감시, 통제할 수 있도록 그룹 차원에서 리스크를 종합적으로 관리하고 통제하는 역할을 수행합니다.",,dart_out/doc/20260313001235/본문.pdf,https://dart.fss.or.kr/dsaf001/main.do?rcpNo=20260313001235,ec3f9fcf1ec1d19ac8af76e108972380864638306bd14ab9af44dc6c37130631,4a166e410c55e2ee707e4de0b35d0b070778bd1a399735bd8064f657e54da89a
우리금융지주,FY2025,사업보고서,사업보고서__우리금융지주__20260313001235,라. 파생상품 및 위험관리정책에 관한 사항 / (1) 파생상품 (우리은행) / (2) 리스크관리 개요 / (3) 신용위험 / (4) 시장위험 / (6) 운영위험 / (7) 자본관리,risk_committee,669,- 리스크관리의 기본방침 및 전략 수립 · 체계적인 리스크관리를 위해 그룹의 리스크관리 철학 및 이를 구현하기 위한 리스크관리원칙 등을 반영하여 리스크관리 기본방침과 전략을 수립합니다.,,dart_out/doc/20260313001235/본문.pdf,https://dart.fss.or.kr/dsaf001/main.do?rcpNo=20260313001235,ec3f9fcf1ec1d19ac8af76e108972380864638306bd14ab9af44dc6c37130631,4a166e410c55e2ee707e4de0b35d0b070778bd1a399735bd8064f657e54da89a
우리금융지주,FY2025,사업보고서,사업보고서__우리금융지주__20260313001235,라. 파생상품 및 위험관리정책에 관한 사항 / (1) 파생상품 (우리은행) / (2) 리스크관리 개요 / (3) 신용위험 / (4) 시장위험 / (6) 운영위험 / (7) 자본관리,group_council,670,"그룹리스크관리협의회는 리스크관리위원회가 수립한 리스크관리 정책을 지주회사 및 그 자회사별로 실행함에 있어 필요한 세부적인 사항을 심의하고 리스크관리위원회로부터 위임 받은 사항 등에 대하여 결의할 수 있으며, 그룹 전체 및 각 회사의 리스크관리 현황의 파악 및 각 자회사등 리스크관리 관련 정보를 교환하는 역할을 수행합니다.",,dart_out/doc/20260313001235/본문.pdf,https://dart.fss.or.kr/dsaf001/main.do?rcpNo=20260313001235,ec3f9fcf1ec1d19ac8af76e108972380864638306bd14ab9af44dc6c37130631,4a166e410c55e2ee707e4de0b35d0b070778bd1a399735bd8064f657e54da89a
우리금융지주,FY2025,사업보고서,사업보고서__우리금융지주__20260313001235,라. 파생상품 및 위험관리정책에 관한 사항 / (1) 파생상품 (우리은행) / (2) 리스크관리 개요 / (3) 신용위험 / (4) 시장위험 / (6) 운영위험 / (7) 자본관리,group_council,670,"- 심의사항 · 위원회 상정 안건에 관한 사항(단, 심의안건은 지주회사 리스크관리책임자가 필요하다고 판단할 때에는 생략 가능) · 자회사등의 리스크관리위원회 결의사항 중 중요 사안 및 그 실행 결과 · 위원회가 정한 기준에 따른 자산건전성 분류·대손충당금등 적립에 관한 조정사항 · 그룹차원의 신상품 도입에 관한 사항",,dart_out/doc/20260313001235/본문.pdf,https://dart.fss.or.kr/dsaf001/main.do?rcpNo=20260313001235,ec3f9fcf1ec1d19ac8af76e108972380864638306bd14ab9af44dc6c37130631,4a166e410c55e2ee707e4de0b35d0b070778bd1a399735bd8064f657e54da89a
우리금융지주,FY2025,사업보고서,사업보고서__우리금융지주__20260313001235,라. 파생상품 및 위험관리정책에 관한 사항 / (1) 파생상품 (우리은행) / (2) 리스크관리 개요 / (3) 신용위험 / (4) 시장위험 / (6) 운영위험 / (7) 자본관리,cro,670,"위원회 상정 안건에 관한 사항(단, 심의안건은 지주회사 리스크관리책임자가 필요하다고 판단할 때에는 생략 가능)",,dart_out/doc/20260313001235/본문.pdf,https://dart.fss.or.kr/dsaf001/main.do?rcpNo=20260313001235,ec3f9fcf1ec1d19ac8af76e108972380864638306bd14ab9af44dc6c37130631,4a166e410c55e2ee707e4de0b35d0b070778bd1a399735bd8064f657e54da89a
우리금융지주,FY2025,사업보고서,사업보고서__우리금융지주__20260313001235,라. 파생상품 및 위험관리정책에 관한 사항 / (1) 파생상품 (우리은행) / (2) 리스크관리 개요 / (3) 신용위험 / (4) 시장위험 / (6) 운영위험 / (7) 자본관리,raf,669,- 회사의 부담가능한 리스크 수준 결정 · 매년 국내외 경제 및 금융환경을 고려하여 그룹 통합 및 자회사별 부담가능한 위험성향을 결정합니다.,,dart_out/doc/20260313001235/본문.pdf,https://dart.fss.or.kr/dsaf001/main.do?rcpNo=20260313001235,ec3f9fcf1ec1d19ac8af76e108972380864638306bd14ab9af44dc6c37130631,4a166e410c55e2ee707e4de0b35d0b070778bd1a399735bd8064f657e54da89a
우리금융지주,FY2025,사업보고서,사업보고서__우리금융지주__20260313001235,라. 파생상품 및 위험관리정책에 관한 사항 / (1) 파생상품 (우리은행) / (2) 리스크관리 개요 / (3) 신용위험 / (4) 시장위험 / (6) 운영위험 / (7) 자본관리,raf,669,"- 적정투자한도 및 손실허용한도 승인 · 매년 결정된 위험성향에 따라 가용자본 중 사용가능한 내부자본을 결정하고 이를 리스크유형별, 그룹사별로 허용한도를 결정하고 배분합니다.",,dart_out/doc/20260313001235/본문.pdf,https://dart.fss.or.kr/dsaf001/main.do?rcpNo=20260313001235,ec3f9fcf1ec1d19ac8af76e108972380864638306bd14ab9af44dc6c37130631,4a166e410c55e2ee707e4de0b35d0b070778bd1a399735bd8064f657e54da89a
우리금융지주,FY2025,사업보고서,사업보고서__우리금융지주__20260313001235,라. 파생상품 및 위험관리정책에 관한 사항 / (1) 파생상품 (우리은행) / (2) 리스크관리 개요 / (3) 신용위험 / (4) 시장위험 / (6) 운영위험 / (7) 자본관리,raf,670,"신용위험의 한도관리를 위해 공동차주 관리, 총 익스포저 관리, 포트폴리오 관리 등을 통해 여신 취급시 공동차주별, 기업별, 산업별, 적절한 신용리스크 한도를 산정하여 관리하고 있습니다.",,dart_out/doc/20260313001235/본문.pdf,https://dart.fss.or.kr/dsaf001/main.do?rcpNo=20260313001235,ec3f9fcf1ec1d19ac8af76e108972380864638306bd14ab9af44dc6c37130631,4a166e410c55e2ee707e4de0b35d0b070778bd1a399735bd8064f657e54da89a
우리금융지주,FY2025,사업보고서,사업보고서__우리금융지주__20260313001235,라. 파생상품 및 위험관리정책에 관한 사항 / (1) 파생상품 (우리은행) / (2) 리스크관리 개요 / (3) 신용위험 / (4) 시장위험 / (6) 운영위험 / (7) 자본관리,measurement,670,"우리금융그룹은 신용위험을 측정하기 위해 고객 또는 계약 의무상 거래상대방의 의무불이행 가능성, 거래상대방에 대한 익스포저와 인과관계에 의한 부도 익스포저, 부도시손실률 등을 고려하고 있습니다.",,dart_out/doc/20260313001235/본문.pdf,https://dart.fss.or.kr/dsaf001/main.do?rcpNo=20260313001235,ec3f9fcf1ec1d19ac8af76e108972380864638306bd14ab9af44dc6c37130631,4a166e410c55e2ee707e4de0b35d0b070778bd1a399735bd8064f657e54da89a
우리금융지주,FY2025,사업보고서,사업보고서__우리금융지주__20260313001235,라. 파생상품 및 위험관리정책에 관한 사항 / (1) 파생상품 (우리은행) / (2) 리스크관리 개요 / (3) 신용위험 / (4) 시장위험 / (6) 운영위험 / (7) 자본관리,measurement,671,"우리금융그룹은 트레이딩 계정에 대한 시장위험의 측정을 위해 은행 등 주요 자회사는 표준방법을 적용하고 있으며, 트레이딩 규모가 미미한 자회사 등은 간편법을 적용하고 있습니다.",,dart_out/doc/20260313001235/본문.pdf,https://dart.fss.or.kr/dsaf001/main.do?rcpNo=20260313001235,ec3f9fcf1ec1d19ac8af76e108972380864638306bd14ab9af44dc6c37130631,4a166e410c55e2ee707e4de0b35d0b070778bd1a399735bd8064f657e54da89a
우리금융지주,FY2025,사업보고서,사업보고서__우리금융지주__20260313001235,라. 파생상품 및 위험관리정책에 관한 사항 / (1) 파생상품 (우리은행) / (2) 리스크관리 개요 / (3) 신용위험 / (4) 시장위험 / (6) 운영위험 / (7) 자본관리,measurement,672,자기자본비율은 연결재무제표를 기초로 하여 자기자본금액을 위험가중자산 총액으로 나누어 산출합니다.,,dart_out/doc/20260313001235/본문.pdf,https://dart.fss.or.kr/dsaf001/main.do?rcpNo=20260313001235,ec3f9fcf1ec1d19ac8af76e108972380864638306bd14ab9af44dc6c37130631,4a166e410c55e2ee707e4de0b35d0b070778bd1a399735bd8064f657e54da89a
우리금융지주,FY2025,사업보고서,사업보고서__우리금융지주__20260313001235,라. 파생상품 및 위험관리정책에 관한 사항 / (1) 파생상품 (우리은행) / (2) 리스크관리 개요 / (3) 신용위험 / (4) 시장위험 / (6) 운영위험 / (7) 자본관리,reporting,671,그룹 및 자회사의 리스크관리 부서는 트레이딩 계정에 대한 시장리스크 내부자본 한도와 손실한도 등의 세부한도를 관리하고 있으며 관리 결과는 리스크관리위원회에 정기적으로 보고되고 있습니다.,,dart_out/doc/20260313001235/본문.pdf,https://dart.fss.or.kr/dsaf001/main.do?rcpNo=20260313001235,ec3f9fcf1ec1d19ac8af76e108972380864638306bd14ab9af44dc6c37130631,4a166e410c55e2ee707e4de0b35d0b070778bd1a399735bd8064f657e54da89a
우리금융지주,FY2025,사업보고서,사업보고서__우리금융지주__20260313001235,라. 파생상품 및 위험관리정책에 관한 사항 / (1) 파생상품 (우리은행) / (2) 리스크관리 개요 / (3) 신용위험 / (4) 시장위험 / (6) 운영위험 / (7) 자본관리,reporting,669,"우리금융그룹은 과도한 위험을 제거하고 적정수준의 위험을 관리하여 위험 대비 수익을 극대화하는 전략을 취하고 있으며, 이를 위해 위험의 인식, 위험의 측정 및 평가, 위험의 통제 및 감시와 보고 절차를 운영하고 있습니다.",,dart_out/doc/20260313001235/본문.pdf,https://dart.fss.or.kr/dsaf001/main.do?rcpNo=20260313001235,ec3f9fcf1ec1d19ac8af76e108972380864638306bd14ab9af44dc6c37130631,4a166e410c55e2ee707e4de0b35d0b070778bd1a399735bd8064f657e54da89a
우리금융지주,FY2025,사업보고서,사업보고서__우리금융지주__20260313001235,라. 파생상품 및 위험관리정책에 관한 사항 / (1) 파생상품 (우리은행) / (2) 리스크관리 개요 / (3) 신용위험 / (4) 시장위험 / (6) 운영위험 / (7) 자본관리,oprisk,672,"우리금융그룹은 운영위험을 부적절하거나 잘못된 내부의 절차, 인력 및 시스템 또는 외부요인으로 인해 발생하는 손실위험으로 정의하고 있습니다.",,dart_out/doc/20260313001235/본문.pdf,https://dart.fss.or.kr/dsaf001/main.do?rcpNo=20260313001235,ec3f9fcf1ec1d19ac8af76e108972380864638306bd14ab9af44dc6c37130631,4a166e410c55e2ee707e4de0b35d0b070778bd1a399735bd8064f657e54da89a
우리금융지주,FY2025,사업보고서,사업보고서__우리금융지주__20260313001235,라. 파생상품 및 위험관리정책에 관한 사항 / (1) 파생상품 (우리은행) / (2) 리스크관리 개요 / (3) 신용위험 / (4) 시장위험 / (6) 운영위험 / (7) 자본관리,oprisk,672,"바젤 규제 준수를 통한 대외경쟁력 강화, 내부자본량감소, 운영리스크 관리 역량 제고 및 사고예방 등을 위하여 운영리스크 관리체계 도입하여, 2023년 도입된 바젤Ⅲ 글로벌 新규제에 대응하고 있습니다.",,dart_out/doc/20260313001235/본문.pdf,https://dart.fss.or.kr/dsaf001/main.do?rcpNo=20260313001235,ec3f9fcf1ec1d19ac8af76e108972380864638306bd14ab9af44dc6c37130631,4a166e410c55e2ee707e4de0b35d0b070778bd1a399735bd8064f657e54da89a
우리금융지주,FY2025,사업보고서,사업보고서__우리금융지주__20260313001235,라. 파생상품 및 위험관리정책에 관한 사항 / (1) 파생상품 (우리은행) / (2) 리스크관리 개요 / (3) 신용위험 / (4) 시장위험 / (6) 운영위험 / (7) 자본관리,compensation,669,- 성과관리체계는 영업 의사결정시 리스크가 명확히 고려되도록 운영되어야 한다.,,dart_out/doc/20260313001235/본문.pdf,https://dart.fss.or.kr/dsaf001/main.do?rcpNo=20260313001235,ec3f9fcf1ec1d19ac8af76e108972380864638306bd14ab9af44dc6c37130631,4a166e410c55e2ee707e4de0b35d0b070778bd1a399735bd8064f657e54da89a
우리금융지주,FY2025,사업보고서,사업보고서__우리금융지주__20260313001235,라. 파생상품 및 위험관리정책에 관한 사항 / (1) 파생상품 (우리은행) / (2) 리스크관리 개요 / (3) 신용위험 / (4) 시장위험 / (6) 운영위험 / (7) 자본관리,org,670,"③ 리스크관리부 리스크의 모니터링, 통제 및 보고 등 금융지주회사 및 자회사등의 리스크관리 업무를 총괄적으로 담당하며, 금융지주회사 내의 부서 및 자회사등의 영업 및 지원 부서와는 독립적으로 운영합니다.",,dart_out/doc/20260313001235/본문.pdf,https://dart.fss.or.kr/dsaf001/main.do?rcpNo=20260313001235,ec3f9fcf1ec1d19ac8af76e108972380864638306bd14ab9af44dc6c37130631,4a166e410c55e2ee707e4de0b35d0b070778bd1a399735bd8064f657e54da89a
우리금융지주,FY2025,사업보고서,사업보고서__우리금융지주__20260313001235,라. 파생상품 및 위험관리정책에 관한 사항 / (1) 파생상품 (우리은행) / (2) 리스크관리 개요 / (3) 신용위험 / (4) 시장위험 / (6) 운영위험 / (7) 자본관리,org,669,- 리스크관리조직은 영업부문과 독립적으로 구성되고 운영되어야 한다.,,dart_out/doc/20260313001235/본문.pdf,https://dart.fss.or.kr/dsaf001/main.do?rcpNo=20260313001235,ec3f9fcf1ec1d19ac8af76e108972380864638306bd14ab9af44dc6c37130631,4a166e410c55e2ee707e4de0b35d0b070778bd1a399735bd8064f657e54da89a
우리금융지주,FY2025,사업보고서,사업보고서__우리금융지주__20260313001235,라. 파생상품 및 위험관리정책에 관한 사항 / (1) 파생상품 (우리은행) / (2) 리스크관리 개요 / (3) 신용위험 / (4) 시장위험 / (6) 운영위험 / (7) 자본관리,org,669,또한 필요에 의해 비정형거래(복합파생상품) 또는 신종파생상품을 거래할 경우 발생위험에 대한 사전점검을 위해 위험관리 전담부서인 리스크총괄부의 검토를 거쳐 리스크관리심의회의 심의를 받아 거래를 실행할 수 있도록 하고 있습니다.,,dart_out/doc/20260313001235/본문.pdf,https://dart.fss.or.kr/dsaf001/main.do?rcpNo=20260313001235,ec3f9fcf1ec1d19ac8af76e108972380864638306bd14ab9af44dc6c37130631,4a166e410c55e2ee707e4de0b35d0b070778bd1a399735bd8064f657e54da89a
우리금융지주,FY2025,사업보고서,사업보고서__우리금융지주__20260313001235,라. 파생상품 및 위험관리정책에 관한 사항 / (1) 파생상품 (우리은행) / (2) 리스크관리 개요 / (3) 신용위험 / (4) 시장위험 / (6) 운영위험 / (7) 자본관리,stress,,문서에 없음,범위 Ⅳ-6 라.파생상품및위험관리정책에관한사항 p.668~672 · 정규식 위기\s*상황\s*분석|스트레스\s*테스트|Stress|위기\s*상황\s*시나리오|비상\s*(조달|자금|계획)|컨틴전시|Contingency|위기\s*관리 · 후보 0건 — 읽고 해당 서술 없음으로 판단,dart_out/doc/20260313001235/본문.pdf,https://dart.fss.or.kr/dsaf001/main.do?rcpNo=20260313001235,ec3f9fcf1ec1d19ac8af76e108972380864638306bd14ab9af44dc6c37130631,4a166e410c55e2ee707e4de0b35d0b070778bd1a399735bd8064f657e54da89a
메리츠금융지주,FY2025,사업보고서,사업보고서__메리츠금융지주__20260318001419,나. 위험관리에 관한 사항 / (1) 위험관리 조직 및 정책 / (2) 신용위험관리 / (3) 시장위험관리 / (4) 유동성위험관리 / (5) 운영위험관리,risk_committee,89,"리스크관리위원회는 이사회로부터 리스크관리와 관련된 결정권한을 위임받아 회사의 발생 가능한 리스크를 인식, 측정, 감시, 통제하는데 필요한 정책 및 원칙을 수립하고, 리스크의 총괄적인 감독수행 및 효율적인 통제 환경을 조성하고 있으며, 리스크관리전략 이행을 위하여 회사의 총리스크한도를 설정ㆍ관리하고, 리스크관리 중장기 종합계획의 세부추진 현황을 점검하며, 전사적인 리스크관리문화 및 내부통제환경 정착에 노력하고 있습니다.",,dart_out/doc/20260318001419/본문.pdf,https://dart.fss.or.kr/dsaf001/main.do?rcpNo=20260318001419,d25d873b458fb4bb601776ea39e257577d00bf74be96b4cb356babef2648273b,3f66775d7df56aa77f52f7290c2e5013d6be513c2764b8280168e2490ba046f3
메리츠금융지주,FY2025,사업보고서,사업보고서__메리츠금융지주__20260318001419,나. 위험관리에 관한 사항 / (1) 위험관리 조직 및 정책 / (2) 신용위험관리 / (3) 시장위험관리 / (4) 유동성위험관리 / (5) 운영위험관리,risk_committee,89,리스크관리위원회는 이사회로부터 위임 받은 리스크관리 관련 의사결정 권한을 수행하도록 등기이사 3인(사외이사 2인 포함)을 포함 총3인으로 구성되어 있습니다.,,dart_out/doc/20260318001419/본문.pdf,https://dart.fss.or.kr/dsaf001/main.do?rcpNo=20260318001419,d25d873b458fb4bb601776ea39e257577d00bf74be96b4cb356babef2648273b,3f66775d7df56aa77f52f7290c2e5013d6be513c2764b8280168e2490ba046f3
메리츠금융지주,FY2025,사업보고서,사업보고서__메리츠금융지주__20260318001419,나. 위험관리에 관한 사항 / (1) 위험관리 조직 및 정책 / (2) 신용위험관리 / (3) 시장위험관리 / (4) 유동성위험관리 / (5) 운영위험관리,group_council,89,"리스크관리실무위원회는 이사회 및 리스크관리위원회로부터 권한을 위임받아 전사적 리스크측정방법의 수립, 변경 및 적정성을 점검하며, 리스크관리정책 및 전략 변경 시 리스크관리와 관련된 사안에 대하여 검토하고, 부문별 리스크한도 및 포지션한도를 배정하는 등 실무사안에 대하여 심의ㆍ의결하고 있습니다.",,dart_out/doc/20260318001419/본문.pdf,https://dart.fss.or.kr/dsaf001/main.do?rcpNo=20260318001419,d25d873b458fb4bb601776ea39e257577d00bf74be96b4cb356babef2648273b,3f66775d7df56aa77f52f7290c2e5013d6be513c2764b8280168e2490ba046f3
메리츠금융지주,FY2025,사업보고서,사업보고서__메리츠금융지주__20260318001419,나. 위험관리에 관한 사항 / (1) 위험관리 조직 및 정책 / (2) 신용위험관리 / (3) 시장위험관리 / (4) 유동성위험관리 / (5) 운영위험관리,group_council,89,"일반적인 리스크관리 실무사안에 대한 심의ㆍ의결의 전문성 및 적시성을 확보하고, 전사적으로 종합적인 리스크분석 및 심의가 가능하도록 현재 각 부문의 본부장 및 회사 전 부문에 걸쳐 현업, 후선 및 리스크관리와 내부통제까지 총 4명으로 구성되어 있습니다.",,dart_out/doc/20260318001419/본문.pdf,https://dart.fss.or.kr/dsaf001/main.do?rcpNo=20260318001419,d25d873b458fb4bb601776ea39e257577d00bf74be96b4cb356babef2648273b,3f66775d7df56aa77f52f7290c2e5013d6be513c2764b8280168e2490ba046f3
메리츠금융지주,FY2025,사업보고서,사업보고서__메리츠금융지주__20260318001419,나. 위험관리에 관한 사항 / (1) 위험관리 조직 및 정책 / (2) 신용위험관리 / (3) 시장위험관리 / (4) 유동성위험관리 / (5) 운영위험관리,group_council,89,"회사에서 발생할 수 있는 리스크 점검과 개선방안 등을 종합적으로 논의 할 수 있도록 부문별 실무협의회를 두고 있으며, 위원회의 실무적인 업무 수행을 위한 실무적 검토를 강화하기 위한 기구로서 리스크관리 관련 사안의 실무를 검토하고 있습니다.",,dart_out/doc/20260318001419/본문.pdf,https://dart.fss.or.kr/dsaf001/main.do?rcpNo=20260318001419,d25d873b458fb4bb601776ea39e257577d00bf74be96b4cb356babef2648273b,3f66775d7df56aa77f52f7290c2e5013d6be513c2764b8280168e2490ba046f3
메리츠금융지주,FY2025,사업보고서,사업보고서__메리츠금융지주__20260318001419,나. 위험관리에 관한 사항 / (1) 위험관리 조직 및 정책 / (2) 신용위험관리 / (3) 시장위험관리 / (4) 유동성위험관리 / (5) 운영위험관리,raf,88,"전사적으로 적정 순자본비율을 유지할 수 있는 수준의 총리스크한도를 설정하고, 이를 시장리스크, 신용리스크, 기타리스크(운영리스크)로 구분하여 배정함으로써 전사적인 통합 한도관리체제를 유지하고 있습니다.",,dart_out/doc/20260318001419/본문.pdf,https://dart.fss.or.kr/dsaf001/main.do?rcpNo=20260318001419,d25d873b458fb4bb601776ea39e257577d00bf74be96b4cb356babef2648273b,3f66775d7df56aa77f52f7290c2e5013d6be513c2764b8280168e2490ba046f3
메리츠금융지주,FY2025,사업보고서,사업보고서__메리츠금융지주__20260318001419,나. 위험관리에 관한 사항 / (1) 위험관리 조직 및 정책 / (2) 신용위험관리 / (3) 시장위험관리 / (4) 유동성위험관리 / (5) 운영위험관리,raf,90,시장위험 한도는 거래부서가 시장위험이 있는 거래를 하고자 할 경우 리스크관리팀과 사전협의 및 검토 후 리스크관리실무위원회를 통해 부서별/운용별/상품별 한도를 부여받습니다.,,dart_out/doc/20260318001419/본문.pdf,https://dart.fss.or.kr/dsaf001/main.do?rcpNo=20260318001419,d25d873b458fb4bb601776ea39e257577d00bf74be96b4cb356babef2648273b,3f66775d7df56aa77f52f7290c2e5013d6be513c2764b8280168e2490ba046f3
메리츠금융지주,FY2025,사업보고서,사업보고서__메리츠금융지주__20260318001419,나. 위험관리에 관한 사항 / (1) 위험관리 조직 및 정책 / (2) 신용위험관리 / (3) 시장위험관리 / (4) 유동성위험관리 / (5) 운영위험관리,raf,90,시장위험 한도는 ①포지션한도 ②손실한도 ③위험액한도 ④민감도한도 등을 기본으로 하고 있습니다.,,dart_out/doc/20260318001419/본문.pdf,https://dart.fss.or.kr/dsaf001/main.do?rcpNo=20260318001419,d25d873b458fb4bb601776ea39e257577d00bf74be96b4cb356babef2648273b,3f66775d7df56aa77f52f7290c2e5013d6be513c2764b8280168e2490ba046f3
메리츠금융지주,FY2025,사업보고서,사업보고서__메리츠금융지주__20260318001419,나. 위험관리에 관한 사항 / (1) 위험관리 조직 및 정책 / (2) 신용위험관리 / (3) 시장위험관리 / (4) 유동성위험관리 / (5) 운영위험관리,measurement,88,"당사는 급변하는 금융 환경변화에 대응하고자 전문화된 리스크관리체계 구축을 위한 리스크관리시스템을 도입하여 운영하고 있으며, 리스크관리시스템을 통하여 내부모형(VaR)에 의한 시장리스크 측정, 신용 Exposure 및 신용리스크 측정, 유동성비율 및 유동성갭 측정 등 다양한 리스크를 통합하여 관리하고 있습니다.",,dart_out/doc/20260318001419/본문.pdf,https://dart.fss.or.kr/dsaf001/main.do?rcpNo=20260318001419,d25d873b458fb4bb601776ea39e257577d00bf74be96b4cb356babef2648273b,3f66775d7df56aa77f52f7290c2e5013d6be513c2764b8280168e2490ba046f3
메리츠금융지주,FY2025,사업보고서,사업보고서__메리츠금융지주__20260318001419,나. 위험관리에 관한 사항 / (1) 위험관리 조직 및 정책 / (2) 신용위험관리 / (3) 시장위험관리 / (4) 유동성위험관리 / (5) 운영위험관리,measurement,91,"유동성비율을 주요 지표로 하고, 유동성갭 분석, 유동성 시나리오 분석을 보조지표로 활용하고 있습니다.",,dart_out/doc/20260318001419/본문.pdf,https://dart.fss.or.kr/dsaf001/main.do?rcpNo=20260318001419,d25d873b458fb4bb601776ea39e257577d00bf74be96b4cb356babef2648273b,3f66775d7df56aa77f52f7290c2e5013d6be513c2764b8280168e2490ba046f3
메리츠금융지주,FY2025,사업보고서,사업보고서__메리츠금융지주__20260318001419,나. 위험관리에 관한 사항 / (1) 위험관리 조직 및 정책 / (2) 신용위험관리 / (3) 시장위험관리 / (4) 유동성위험관리 / (5) 운영위험관리,reporting,90,시장위험 한도관리는 일별로 한도 준수여부 및 운용내역을 파악하여 현황을 작성하여 보고하고 있으며 이를 통해 거래부서의 한도 적정성을 검토하여 최소 연 1회 이상 전사한도배,,dart_out/doc/20260318001419/본문.pdf,https://dart.fss.or.kr/dsaf001/main.do?rcpNo=20260318001419,d25d873b458fb4bb601776ea39e257577d00bf74be96b4cb356babef2648273b,3f66775d7df56aa77f52f7290c2e5013d6be513c2764b8280168e2490ba046f3
메리츠금융지주,FY2025,사업보고서,사업보고서__메리츠금융지주__20260318001419,나. 위험관리에 관한 사항 / (1) 위험관리 조직 및 정책 / (2) 신용위험관리 / (3) 시장위험관리 / (4) 유동성위험관리 / (5) 운영위험관리,reporting,90,"전사적으로 해당 팀의 리스크보고체계 수립 및 리스크 측정분석보고 등을 위하여 거래담당자와 독립적으로 팀별 리스크관리자를 선정하여 운영하고 있으며, 리스크관리팀과의 긴밀한 협조체제를 통하여 전사적인 리스크관리 문화정착에 노력하고 있습니다.",,dart_out/doc/20260318001419/본문.pdf,https://dart.fss.or.kr/dsaf001/main.do?rcpNo=20260318001419,d25d873b458fb4bb601776ea39e257577d00bf74be96b4cb356babef2648273b,3f66775d7df56aa77f52f7290c2e5013d6be513c2764b8280168e2490ba046f3
메리츠금융지주,FY2025,사업보고서,사업보고서__메리츠금융지주__20260318001419,나. 위험관리에 관한 사항 / (1) 위험관리 조직 및 정책 / (2) 신용위험관리 / (3) 시장위험관리 / (4) 유동성위험관리 / (5) 운영위험관리,reporting,90,"신용Exposure 측정 및 한도관리, 모니터링, 경영진 보고 등 체계적인 관리체계를 구축하여 운영하고 있습니다.",,dart_out/doc/20260318001419/본문.pdf,https://dart.fss.or.kr/dsaf001/main.do?rcpNo=20260318001419,d25d873b458fb4bb601776ea39e257577d00bf74be96b4cb356babef2648273b,3f66775d7df56aa77f52f7290c2e5013d6be513c2764b8280168e2490ba046f3
메리츠금융지주,FY2025,사업보고서,사업보고서__메리츠금융지주__20260318001419,나. 위험관리에 관한 사항 / (1) 위험관리 조직 및 정책 / (2) 신용위험관리 / (3) 시장위험관리 / (4) 유동성위험관리 / (5) 운영위험관리,stress,91,"또, 시장상황의 급변에 당사 포지션이 어느 정도 위험에 노출되었는지 파악하기 위해 금융위기와 같은 다양한 시나리오를 바탕으로 시장위험 위기상황분석(Stress-Testing)을 정기적으로 수행하고 있습니다.",,dart_out/doc/20260318001419/본문.pdf,https://dart.fss.or.kr/dsaf001/main.do?rcpNo=20260318001419,d25d873b458fb4bb601776ea39e257577d00bf74be96b4cb356babef2648273b,3f66775d7df56aa77f52f7290c2e5013d6be513c2764b8280168e2490ba046f3
메리츠금융지주,FY2025,사업보고서,사업보고서__메리츠금융지주__20260318001419,나. 위험관리에 관한 사항 / (1) 위험관리 조직 및 정책 / (2) 신용위험관리 / (3) 시장위험관리 / (4) 유동성위험관리 / (5) 운영위험관리,stress,91,유동성리스크 발생에 따른 위기상황에 대비하기 위하여 위기상황 단계별 대비책을 마련하고 있습니다.,,dart_out/doc/20260318001419/본문.pdf,https://dart.fss.or.kr/dsaf001/main.do?rcpNo=20260318001419,d25d873b458fb4bb601776ea39e257577d00bf74be96b4cb356babef2648273b,3f66775d7df56aa77f52f7290c2e5013d6be513c2764b8280168e2490ba046f3
메리츠금융지주,FY2025,사업보고서,사업보고서__메리츠금융지주__20260318001419,나. 위험관리에 관한 사항 / (1) 위험관리 조직 및 정책 / (2) 신용위험관리 / (3) 시장위험관리 / (4) 유동성위험관리 / (5) 운영위험관리,oprisk,91,"운영위험이란 Basel Ⅱ에서는 부적절하거나 잘못된 내부 프로세스, 인력, 시스템 및 외부사건으로부터 초래될 수 있는 손실발생 위험으로 정의하고 있으며, 내부 직원의 고의 또는 실수, 부적절한 업무 처리 절차, 불확실한 의사소통, 전산시스템 장애 등에 의해 우리가 일상적인 업무를 수행하면서 발생할 수 있는 모든 위험을 말합니다.",,dart_out/doc/20260318001419/본문.pdf,https://dart.fss.or.kr/dsaf001/main.do?rcpNo=20260318001419,d25d873b458fb4bb601776ea39e257577d00bf74be96b4cb356babef2648273b,3f66775d7df56aa77f52f7290c2e5013d6be513c2764b8280168e2490ba046f3
메리츠금융지주,FY2025,사업보고서,사업보고서__메리츠금융지주__20260318001419,나. 위험관리에 관한 사항 / (1) 위험관리 조직 및 정책 / (2) 신용위험관리 / (3) 시장위험관리 / (4) 유동성위험관리 / (5) 운영위험관리,oprisk,91,"운영위험 관리시스템은 업무 프로세스 분석, RCSA(리스크통제자가진단), KRI(핵심리스크지표), 손실데이터 수집 및 분석, 운영위험액 측정 등으로 구성되어 있습니다.",,dart_out/doc/20260318001419/본문.pdf,https://dart.fss.or.kr/dsaf001/main.do?rcpNo=20260318001419,d25d873b458fb4bb601776ea39e257577d00bf74be96b4cb356babef2648273b,3f66775d7df56aa77f52f7290c2e5013d6be513c2764b8280168e2490ba046f3
메리츠금융지주,FY2025,사업보고서,사업보고서__메리츠금융지주__20260318001419,나. 위험관리에 관한 사항 / (1) 위험관리 조직 및 정책 / (2) 신용위험관리 / (3) 시장위험관리 / (4) 유동성위험관리 / (5) 운영위험관리,oprisk,91,"메리츠증권은 운영위험관리 체제를 구축하였으며, 분기마다 리스크자가평가를 통하여 회사에 내재되어 있는 운영위험을 측정ㆍ관리하고 있으며, 이를 경감시키기 위한 개선과제를 도출ㆍ실행하고 있습니다.",,dart_out/doc/20260318001419/본문.pdf,https://dart.fss.or.kr/dsaf001/main.do?rcpNo=20260318001419,d25d873b458fb4bb601776ea39e257577d00bf74be96b4cb356babef2648273b,3f66775d7df56aa77f52f7290c2e5013d6be513c2764b8280168e2490ba046f3
메리츠금융지주,FY2025,사업보고서,사업보고서__메리츠금융지주__20260318001419,나. 위험관리에 관한 사항 / (1) 위험관리 조직 및 정책 / (2) 신용위험관리 / (3) 시장위험관리 / (4) 유동성위험관리 / (5) 운영위험관리,org,90,"리스크관리팀은 리스크의 관리, 통제 및 보고 등 리스크관리업무를 총괄적으로 담당하며, 거래 및 결제담당부서와 독립적으로 리스크측정 및 관리방안의 수립 및 적정성 분석, 리스크관리시스템 구축 및 운영 등 리스크관리업무를 수행하고 있습니다.",,dart_out/doc/20260318001419/본문.pdf,https://dart.fss.or.kr/dsaf001/main.do?rcpNo=20260318001419,d25d873b458fb4bb601776ea39e257577d00bf74be96b4cb356babef2648273b,3f66775d7df56aa77f52f7290c2e5013d6be513c2764b8280168e2490ba046f3
메리츠금융지주,FY2025,사업보고서,사업보고서__메리츠금융지주__20260318001419,나. 위험관리에 관한 사항 / (1) 위험관리 조직 및 정책 / (2) 신용위험관리 / (3) 시장위험관리 / (4) 유동성위험관리 / (5) 운영위험관리,org,88,"전사적으로 영업 및 자산운용활동의 자율성을 최대한 부여하면서 견제와 균형이 이루어질 수 있도록 거래에 따른 결제기능을 분리하여 결제담당부서에서 집중 관리하도록 하며, 각종 리스크에 대한 관리 및 통제기능을 리스크관리팀에서 집중 관리하고 있습니다.",,dart_out/doc/20260318001419/본문.pdf,https://dart.fss.or.kr/dsaf001/main.do?rcpNo=20260318001419,d25d873b458fb4bb601776ea39e257577d00bf74be96b4cb356babef2648273b,3f66775d7df56aa77f52f7290c2e5013d6be513c2764b8280168e2490ba046f3
메리츠금융지주,FY2025,사업보고서,사업보고서__메리츠금융지주__20260318001419,나. 위험관리에 관한 사항 / (1) 위험관리 조직 및 정책 / (2) 신용위험관리 / (3) 시장위험관리 / (4) 유동성위험관리 / (5) 운영위험관리,org,89,"이사회, 리스크관리위원회, 리스크관리실무위원회, 심사위원회, 리스크관리팀, 심사기획팀, 심사분석팀, 심사관리팀, 해외대체심사팀, 부문별 리스크관리 실무협의회, 거래담당부서, 결제담당부서 등의 구성, 역할, 업무, 각 조직 간의 유기적 관계 등을 정하여 효율적인 리스크관리조직체계를 구성하고 있습니다.",,dart_out/doc/20260318001419/본문.pdf,https://dart.fss.or.kr/dsaf001/main.do?rcpNo=20260318001419,d25d873b458fb4bb601776ea39e257577d00bf74be96b4cb356babef2648273b,3f66775d7df56aa77f52f7290c2e5013d6be513c2764b8280168e2490ba046f3
메리츠금융지주,FY2025,사업보고서,사업보고서__메리츠금융지주__20260318001419,나. 위험관리에 관한 사항 / (1) 위험관리 조직 및 정책 / (2) 신용위험관리 / (3) 시장위험관리 / (4) 유동성위험관리 / (5) 운영위험관리,cro,,문서에 없음,범위 Ⅱ-5 [메리츠증권] 나.위험관리에관한사항 p.88~91 · 정규식 CRO|위험관리\s*책임자|리스크\s*관리\s*책임자|최고\s*리스크|Chief\s*Risk · 후보 0건 — 읽고 해당 서술 없음으로 판단,dart_out/doc/20260318001419/본문.pdf,https://dart.fss.or.kr/dsaf001/main.do?rcpNo=20260318001419,d25d873b458fb4bb601776ea39e257577d00bf74be96b4cb356babef2648273b,3f66775d7df56aa77f52f7290c2e5013d6be513c2764b8280168e2490ba046f3
메리츠금융지주,FY2025,사업보고서,사업보고서__메리츠금융지주__20260318001419,나. 위험관리에 관한 사항 / (1) 위험관리 조직 및 정책 / (2) 신용위험관리 / (3) 시장위험관리 / (4) 유동성위험관리 / (5) 운영위험관리,compensation,,문서에 없음,"범위 Ⅱ-5 [메리츠증권] 나.위험관리에관한사항 p.88~91 · 정규식 성과\s*보수|이연\s*지급|환수|Clawback|클로백|(리스크|위험)\s*(를|을)?\s*(고려|반영|조정)[^.。]{0,20}(성과|보수|평가)|(성과|보수)[^.。]{0,30}(리스크|위험)\s*(조정|반영|고려)|보수\s*체계|보수\s*정책|리스크\s*조정 · 후보 0건 — 읽고 해당 서술 없음으로 판단",dart_out/doc/20260318001419/본문.pdf,https://dart.fss.or.kr/dsaf001/main.do?rcpNo=20260318001419,d25d873b458fb4bb601776ea39e257577d00bf74be96b4cb356babef2648273b,3f66775d7df56aa77f52f7290c2e5013d6be513c2764b8280168e2490ba046f3
iM금융지주,FY2025,사업보고서,사업보고서__iM금융지주__20260318000971,다. 파생상품 및 위험관리 정책에 관한 사항,risk_committee,442,"위험관리위원회는 그룹 리스크의 인식, 평가, 관리 등 리스크관리 전반사항을 통할하는 리스크관리 최고 의사결정기구로서, 그룹 경영의 건전성과 안정성을 유지하기 위하여 리스크관리의 기본방침 및 전략을 수립하며, 그룹이 부담 가능한 리스크 수준을 결정하고 허용한도를 설정하여 통제하는 역할을 수행합니다.",,dart_out/doc/20260318000971/본문.pdf,https://dart.fss.or.kr/dsaf001/main.do?rcpNo=20260318000971,4441edd1d992ccfdfc101031bdd1b69105c376861de80afab5f409a9f316b484,c6d4c0a6ea494bf6d9754b9f4566a43b4bf38ddb2eaf908d120dbdc06a4be1ef
iM금융지주,FY2025,사업보고서,사업보고서__iM금융지주__20260318000971,다. 파생상품 및 위험관리 정책에 관한 사항,risk_committee,442,"위험관리위원회는 5인 이내의 이사로 구성하되, 위원의 과반수",,dart_out/doc/20260318000971/본문.pdf,https://dart.fss.or.kr/dsaf001/main.do?rcpNo=20260318000971,4441edd1d992ccfdfc101031bdd1b69105c376861de80afab5f409a9f316b484,c6d4c0a6ea494bf6d9754b9f4566a43b4bf38ddb2eaf908d120dbdc06a4be1ef
iM금융지주,FY2025,사업보고서,사업보고서__iM금융지주__20260318000971,다. 파생상품 및 위험관리 정책에 관한 사항,risk_committee,443,"는 사외이사로 구성됩니다. 위험관리위원회는 분기 1회 정기적으로 개최되며, 기타 안건이 있는 경우 수시로 소집할 수 있으며, 위원회 안건 결의는 위원 전원의 과반수로 결의하며, 회의내용과 결과를 이사회에 보고합니다.",,dart_out/doc/20260318000971/본문.pdf,https://dart.fss.or.kr/dsaf001/main.do?rcpNo=20260318000971,4441edd1d992ccfdfc101031bdd1b69105c376861de80afab5f409a9f316b484,c6d4c0a6ea494bf6d9754b9f4566a43b4bf38ddb2eaf908d120dbdc06a4be1ef
iM금융지주,FY2025,사업보고서,사업보고서__iM금융지주__20260318000971,다. 파생상품 및 위험관리 정책에 관한 사항,group_council,443,"위험관리협의회는 위험관리위원회의 결의사항에 대한 사전심의, 위험관리위원회의 위임사항의 결의 또는 심의, 리스크관리 전략 및 정책에 관한 관리ㆍ조정기구로서 각 자회사 리스크 관리 담당 임직원을 포함하여 구성합니다.",,dart_out/doc/20260318000971/본문.pdf,https://dart.fss.or.kr/dsaf001/main.do?rcpNo=20260318000971,4441edd1d992ccfdfc101031bdd1b69105c376861de80afab5f409a9f316b484,c6d4c0a6ea494bf6d9754b9f4566a43b4bf38ddb2eaf908d120dbdc06a4be1ef
iM금융지주,FY2025,사업보고서,사업보고서__iM금융지주__20260318000971,다. 파생상품 및 위험관리 정책에 관한 사항,cro,443,"경영과정에서 발생하는 위험을 점검하고 관리하는 리스크관리체계 총괄업무담당자로서, 위험한도의 운영상황을 점검하고 그룹 리스크 정책 및 전략을 적절한 수준으로 유지하는 업무를 담당합니다.",,dart_out/doc/20260318000971/본문.pdf,https://dart.fss.or.kr/dsaf001/main.do?rcpNo=20260318000971,4441edd1d992ccfdfc101031bdd1b69105c376861de80afab5f409a9f316b484,c6d4c0a6ea494bf6d9754b9f4566a43b4bf38ddb2eaf908d120dbdc06a4be1ef
iM금융지주,FY2025,사업보고서,사업보고서__iM금융지주__20260318000971,다. 파생상품 및 위험관리 정책에 관한 사항,raf,442,당사는 그룹 경영상 발생하는 중요한 리스크를 종합적으로 평가·관리하여 자본의 적정성과 경영의 안정성을 유지하고 경영목표와 리스크 관리의 연계성을 강화하기 위해 위험자본한도 설정을 통하여 종합 리스크관리를 추진하고 있습니다.,,dart_out/doc/20260318000971/본문.pdf,https://dart.fss.or.kr/dsaf001/main.do?rcpNo=20260318000971,4441edd1d992ccfdfc101031bdd1b69105c376861de80afab5f409a9f316b484,c6d4c0a6ea494bf6d9754b9f4566a43b4bf38ddb2eaf908d120dbdc06a4be1ef
iM금융지주,FY2025,사업보고서,사업보고서__iM금융지주__20260318000971,다. 파생상품 및 위험관리 정책에 관한 사항,raf,442,그룹은 지속가능한 성장을 위해 모든 업무활동을 리스크와 수익의 균형을 추구하며  그룹이 감내할 수 있는 위험성향(Risk Appetite)내에서 유지됨을 리스크관리 철학으로 규정하고 있습니다.,,dart_out/doc/20260318000971/본문.pdf,https://dart.fss.or.kr/dsaf001/main.do?rcpNo=20260318000971,4441edd1d992ccfdfc101031bdd1b69105c376861de80afab5f409a9f316b484,c6d4c0a6ea494bf6d9754b9f4566a43b4bf38ddb2eaf908d120dbdc06a4be1ef
iM금융지주,FY2025,사업보고서,사업보고서__iM금융지주__20260318000971,다. 파생상품 및 위험관리 정책에 관한 사항,measurement,442,"당사는 그룹이 경영활동 과정에서 직면할 수 있는 리스크를 신용리스크, 시장리스크, 금리리스크, 유동성리스크, 보험리스크, 운영리스크, 신용편중리스크 등으로 구분하여 관리하며, 리스크관리는 복합적인 위험을 분석 측정하고 수용 가능한 리스크의 수준을 결정하여 적정 수준으로 관리하는 일련의 과정으로 정의합니다.",,dart_out/doc/20260318000971/본문.pdf,https://dart.fss.or.kr/dsaf001/main.do?rcpNo=20260318000971,4441edd1d992ccfdfc101031bdd1b69105c376861de80afab5f409a9f316b484,c6d4c0a6ea494bf6d9754b9f4566a43b4bf38ddb2eaf908d120dbdc06a4be1ef
iM금융지주,FY2025,사업보고서,사업보고서__iM금융지주__20260318000971,다. 파생상품 및 위험관리 정책에 관한 사항,measurement,443,"통합리스크관리시스템(ERMS)을 통하여 그룹 리스크관리데이터를 집적하고 자회사별, 자산군별 등 리스크량을 산출 및 검증하고 있으며, 대내외 보고서, 공시자료 등 다양한 목적의 정보를 제공하고 있습니다.",,dart_out/doc/20260318000971/본문.pdf,https://dart.fss.or.kr/dsaf001/main.do?rcpNo=20260318000971,4441edd1d992ccfdfc101031bdd1b69105c376861de80afab5f409a9f316b484,c6d4c0a6ea494bf6d9754b9f4566a43b4bf38ddb2eaf908d120dbdc06a4be1ef
iM금융지주,FY2025,사업보고서,사업보고서__iM금융지주__20260318000971,다. 파생상품 및 위험관리 정책에 관한 사항,measurement,443,"통합리스크관리시스템은 규제기준의 신용, 시장, 운영리스크량을 측정.분석 가능하며, 위기상황 시 시나리오에 따른 신용리스크량의 변화를 측정할 수 있습니다.",,dart_out/doc/20260318000971/본문.pdf,https://dart.fss.or.kr/dsaf001/main.do?rcpNo=20260318000971,4441edd1d992ccfdfc101031bdd1b69105c376861de80afab5f409a9f316b484,c6d4c0a6ea494bf6d9754b9f4566a43b4bf38ddb2eaf908d120dbdc06a4be1ef
iM금융지주,FY2025,사업보고서,사업보고서__iM금융지주__20260318000971,다. 파생상품 및 위험관리 정책에 관한 사항,reporting,443,"리스크 관련 정보는 수시 및 정기적으로 경영진에게 보고하고 있으며, 독립된 리스크 관리 전담조직을 통해 리스크 관련 사항을 모니터링하고 정기적으로 위험관리위원회 및 위험관리협의회, 경영진에게 보고하고 있습니다.",,dart_out/doc/20260318000971/본문.pdf,https://dart.fss.or.kr/dsaf001/main.do?rcpNo=20260318000971,4441edd1d992ccfdfc101031bdd1b69105c376861de80afab5f409a9f316b484,c6d4c0a6ea494bf6d9754b9f4566a43b4bf38ddb2eaf908d120dbdc06a4be1ef
iM금융지주,FY2025,사업보고서,사업보고서__iM금융지주__20260318000971,다. 파생상품 및 위험관리 정책에 관한 사항,reporting,443,또 그룹 전체 또는 자회사별 다양한 분석기준에 의한 토탈익스포져(Total Exposure) 현황을 모니터링 할 수 있습니다.,,dart_out/doc/20260318000971/본문.pdf,https://dart.fss.or.kr/dsaf001/main.do?rcpNo=20260318000971,4441edd1d992ccfdfc101031bdd1b69105c376861de80afab5f409a9f316b484,c6d4c0a6ea494bf6d9754b9f4566a43b4bf38ddb2eaf908d120dbdc06a4be1ef
iM금융지주,FY2025,사업보고서,사업보고서__iM금융지주__20260318000971,다. 파생상품 및 위험관리 정책에 관한 사항,stress,442,위기상황을 전제로 한 리스크 평가를 실시,,dart_out/doc/20260318000971/본문.pdf,https://dart.fss.or.kr/dsaf001/main.do?rcpNo=20260318000971,4441edd1d992ccfdfc101031bdd1b69105c376861de80afab5f409a9f316b484,c6d4c0a6ea494bf6d9754b9f4566a43b4bf38ddb2eaf908d120dbdc06a4be1ef
iM금융지주,FY2025,사업보고서,사업보고서__iM금융지주__20260318000971,다. 파생상품 및 위험관리 정책에 관한 사항,stress,443,"경영진은 그룹이 부담하는 리스크 특성 및 사업계획 등을 반영하여 리스크관리 정책 및 절차를 마련하고 적절하게 유지/관리하며, 사업계획 수립시 필요 위험자본 규모를 분석하고 이에 대한 리스크관리 전략을 수립하며, 위기상황에 효과적으로 대응할 수 있는 위기관리체계를 운영합니다.",,dart_out/doc/20260318000971/본문.pdf,https://dart.fss.or.kr/dsaf001/main.do?rcpNo=20260318000971,4441edd1d992ccfdfc101031bdd1b69105c376861de80afab5f409a9f316b484,c6d4c0a6ea494bf6d9754b9f4566a43b4bf38ddb2eaf908d120dbdc06a4be1ef
iM금융지주,FY2025,사업보고서,사업보고서__iM금융지주__20260318000971,다. 파생상품 및 위험관리 정책에 관한 사항,stress,443,"통합리스크관리시스템은 규제기준의 신용, 시장, 운영리스크량을 측정.분석 가능하며, 위기상황 시 시나리오에 따른 신용리스크량의 변화를 측정할 수 있습니다.",,dart_out/doc/20260318000971/본문.pdf,https://dart.fss.or.kr/dsaf001/main.do?rcpNo=20260318000971,4441edd1d992ccfdfc101031bdd1b69105c376861de80afab5f409a9f316b484,c6d4c0a6ea494bf6d9754b9f4566a43b4bf38ddb2eaf908d120dbdc06a4be1ef
iM금융지주,FY2025,사업보고서,사업보고서__iM금융지주__20260318000971,다. 파생상품 및 위험관리 정책에 관한 사항,org,443,"지주회사의 리스크관리부는 통합 리스크 관리체계 구축을 위하여 리스크관리에 관한 세부정책, 절차 및 업무 프로세스를 운영하며, 리스크관련 회의체에 정보를 제공하고 의사결정을 지원하고 있습니다.",,dart_out/doc/20260318000971/본문.pdf,https://dart.fss.or.kr/dsaf001/main.do?rcpNo=20260318000971,4441edd1d992ccfdfc101031bdd1b69105c376861de80afab5f409a9f316b484,c6d4c0a6ea494bf6d9754b9f4566a43b4bf38ddb2eaf908d120dbdc06a4be1ef
iM금융지주,FY2025,사업보고서,사업보고서__iM금융지주__20260318000971,다. 파생상품 및 위험관리 정책에 관한 사항,org,442,리스크관리조직은 영업부문과 독립적으로 구성되고 운영,,dart_out/doc/20260318000971/본문.pdf,https://dart.fss.or.kr/dsaf001/main.do?rcpNo=20260318000971,4441edd1d992ccfdfc101031bdd1b69105c376861de80afab5f409a9f316b484,c6d4c0a6ea494bf6d9754b9f4566a43b4bf38ddb2eaf908d120dbdc06a4be1ef
iM금융지주,FY2025,사업보고서,사업보고서__iM금융지주__20260318000971,다. 파생상품 및 위험관리 정책에 관한 사항,oprisk,,문서에 없음,범위 Ⅳ-6 다.파생상품및위험관리정책에관한사항 p.442~445 · 정규식 운영\s*(리스크|위험)|손실\s*사건|손실\s*데이터|BCP|업무\s*연속성|위탁|IT\s*리스크|정보\s*보호|사이버 · 후보 3건 — 읽고 해당 서술 없음으로 판단,dart_out/doc/20260318000971/본문.pdf,https://dart.fss.or.kr/dsaf001/main.do?rcpNo=20260318000971,4441edd1d992ccfdfc101031bdd1b69105c376861de80afab5f409a9f316b484,c6d4c0a6ea494bf6d9754b9f4566a43b4bf38ddb2eaf908d120dbdc06a4be1ef
iM금융지주,FY2025,사업보고서,사업보고서__iM금융지주__20260318000971,다. 파생상품 및 위험관리 정책에 관한 사항,compensation,,문서에 없음,"범위 Ⅳ-6 다.파생상품및위험관리정책에관한사항 p.442~445 · 정규식 성과\s*보수|이연\s*지급|환수|Clawback|클로백|(리스크|위험)\s*(를|을)?\s*(고려|반영|조정)[^.。]{0,20}(성과|보수|평가)|(성과|보수)[^.。]{0,30}(리스크|위험)\s*(조정|반영|고려)|보수\s*체계|보수\s*정책|리스크\s*조정 · 후보 0건 — 읽고 해당 서술 없음으로 판단",dart_out/doc/20260318000971/본문.pdf,https://dart.fss.or.kr/dsaf001/main.do?rcpNo=20260318000971,4441edd1d992ccfdfc101031bdd1b69105c376861de80afab5f409a9f316b484,c6d4c0a6ea494bf6d9754b9f4566a43b4bf38ddb2eaf908d120dbdc06a4be1ef
NH농협금융지주,FY2025,사업보고서,사업보고서__NH농협금융지주__20260331004252,라. 파생상품 및 위험관리정책에 관한 사항 > (2) 위험관리정책에 관한 사항 / 1) 신용위험 / 2) 시장위험,risk_committee,569,"리스크관리위원회는 연결기업의 전반적인 리스크관리 기본방침의 수립, 리스크 허용수준의 결정 및 관리 등 중요사항을 심의, 의결하며, 이러한 내용 중 일상적 반복적인변경사항은 리 스크관리협의회에서 심의, 의결할 수 있도록 규정하고 있습니다.",,dart_out/doc/20260331004252/본문.pdf,https://dart.fss.or.kr/dsaf001/main.do?rcpNo=20260331004252,67bb619ad880bb3b1848b036d1d4c6f5e0c4aaa37a8a300c0c5cdac4fa417e26,86123b8d7f6a592e3797137f94756a72ed73cb1c7ad463f382812b7db32ce939
NH농협금융지주,FY2025,사업보고서,사업보고서__NH농협금융지주__20260331004252,라. 파생상품 및 위험관리정책에 관한 사항 > (2) 위험관리정책에 관한 사항 / 1) 신용위험 / 2) 시장위험,group_council,569,"연결기업의 리스크관리 조직은 리스크관리 최고 의사결정기구인 리스크관리위원회와 실무 적 의사결정기구인 리스크관리협의회, 위험관리책임자(CRO, Chief Risk Officer), 리스크관 리부서 및 리스크검증단 등으로 구성되어 있습니다.",,dart_out/doc/20260331004252/본문.pdf,https://dart.fss.or.kr/dsaf001/main.do?rcpNo=20260331004252,67bb619ad880bb3b1848b036d1d4c6f5e0c4aaa37a8a300c0c5cdac4fa417e26,86123b8d7f6a592e3797137f94756a72ed73cb1c7ad463f382812b7db32ce939
NH농협금융지주,FY2025,사업보고서,사업보고서__NH농협금융지주__20260331004252,라. 파생상품 및 위험관리정책에 관한 사항 > (2) 위험관리정책에 관한 사항 / 1) 신용위험 / 2) 시장위험,group_council,569,"리스크관리위원회는 연결기업의 전반적인 리스크관리 기본방침의 수립, 리스크 허용수준의 결정 및 관리 등 중요사항을 심의, 의결하며, 이러한 내용 중 일상적 반복적인변경사항은 리 스크관리협의회에서 심의, 의결할 수 있도록 규정하고 있습니다.",,dart_out/doc/20260331004252/본문.pdf,https://dart.fss.or.kr/dsaf001/main.do?rcpNo=20260331004252,67bb619ad880bb3b1848b036d1d4c6f5e0c4aaa37a8a300c0c5cdac4fa417e26,86123b8d7f6a592e3797137f94756a72ed73cb1c7ad463f382812b7db32ce939
NH농협금융지주,FY2025,사업보고서,사업보고서__NH농협금융지주__20260331004252,라. 파생상품 및 위험관리정책에 관한 사항 > (2) 위험관리정책에 관한 사항 / 1) 신용위험 / 2) 시장위험,cro,569,"위험관리책임자는 리스크관리에 대한 전문적인 지식과 실무경험을 갖춘 사람으로서 리스크 관리위원회 보좌 및 리스크관리위원회로부터 위임받은 업무를 수행하며, 리스크관리 정책 및 전략을 적절한 수준으로 유지하고, 자산운용이나 업무수행 등에서 발생하는 리스크 점검 및 관리를 하고 있습니다.",,dart_out/doc/20260331004252/본문.pdf,https://dart.fss.or.kr/dsaf001/main.do?rcpNo=20260331004252,67bb619ad880bb3b1848b036d1d4c6f5e0c4aaa37a8a300c0c5cdac4fa417e26,86123b8d7f6a592e3797137f94756a72ed73cb1c7ad463f382812b7db32ce939
NH농협금융지주,FY2025,사업보고서,사업보고서__NH농협금융지주__20260331004252,라. 파생상품 및 위험관리정책에 관한 사항 > (2) 위험관리정책에 관한 사항 / 1) 신용위험 / 2) 시장위험,raf,569,"리스크관리위원회는 연결기업의 전반적인 리스크관리 기본방침의 수립, 리스크 허용수준의 결정 및 관리 등 중요사항을 심의, 의결하며, 이러한 내용 중 일상적 반복적인변경사항은 리 스크관리협의회에서 심의, 의결할 수 있도록 규정하고 있습니다.",,dart_out/doc/20260331004252/본문.pdf,https://dart.fss.or.kr/dsaf001/main.do?rcpNo=20260331004252,67bb619ad880bb3b1848b036d1d4c6f5e0c4aaa37a8a300c0c5cdac4fa417e26,86123b8d7f6a592e3797137f94756a72ed73cb1c7ad463f382812b7db32ce939
NH농협금융지주,FY2025,사업보고서,사업보고서__NH농협금융지주__20260331004252,라. 파생상품 및 위험관리정책에 관한 사항 > (2) 위험관리정책에 관한 사항 / 1) 신용위험 / 2) 시장위험,raf,569,"리스크관리부서는 자회사별 또는 리스크유형별로 리스크 허용한도를 설정 및 운영하여 리스 크 측정 및 분석결과에 대한 관리 실태를 정기적으로 리스크관리협의체에 보고하고 있으며, 리스크의 적정수준 유지를 위한 상시 모니터링, 리스크를 감안한 성과평가 및 자본배분 등의 다양한 리스크관리 정책 및 시스템을 갖추고 있으며, 이렇게 리스크를 측정하고 분석한 결과 등을 포함한 리스크관리현황은 주기적으로 리스크관리위원회 및 리스크관리협의회에 보고 하고 있습니다.",,dart_out/doc/20260331004252/본문.pdf,https://dart.fss.or.kr/dsaf001/main.do?rcpNo=20260331004252,67bb619ad880bb3b1848b036d1d4c6f5e0c4aaa37a8a300c0c5cdac4fa417e26,86123b8d7f6a592e3797137f94756a72ed73cb1c7ad463f382812b7db32ce939
NH농협금융지주,FY2025,사업보고서,사업보고서__NH농협금융지주__20260331004252,라. 파생상품 및 위험관리정책에 관한 사항 > (2) 위험관리정책에 관한 사항 / 1) 신용위험 / 2) 시장위험,raf,570,"또한, 계열별, 차주별 편중여신의 해소, 위험의 분산 등을 위한 토탈 익스포저 (Total Exposure) 관리와 고위험 상품군에 대한 부문 익스포저(Sectoral Exposure) 관리, 외국의 경제ㆍ사회ㆍ정치적 상황 및 사건 등이 그룹에 영향을 미쳐 초래되는 손실에 대한 국 가별 익스포저, 특정산업에 대한 익스포저의 편중을 예방하고자 산업별익스포저 한도 관리 를 하고 있습니다.",,dart_out/doc/20260331004252/본문.pdf,https://dart.fss.or.kr/dsaf001/main.do?rcpNo=20260331004252,67bb619ad880bb3b1848b036d1d4c6f5e0c4aaa37a8a300c0c5cdac4fa417e26,86123b8d7f6a592e3797137f94756a72ed73cb1c7ad463f382812b7db32ce939
NH농협금융지주,FY2025,사업보고서,사업보고서__NH농협금융지주__20260331004252,라. 파생상품 및 위험관리정책에 관한 사항 > (2) 위험관리정책에 관한 사항 / 1) 신용위험 / 2) 시장위험,measurement,572,연결기업은 트레이딩 포지션에 대한 시장리스크 측정 시 역사적 시뮬레이션 모형에 의하여 VaR를 측정합니다.,,dart_out/doc/20260331004252/본문.pdf,https://dart.fss.or.kr/dsaf001/main.do?rcpNo=20260331004252,67bb619ad880bb3b1848b036d1d4c6f5e0c4aaa37a8a300c0c5cdac4fa417e26,86123b8d7f6a592e3797137f94756a72ed73cb1c7ad463f382812b7db32ce939
NH농협금융지주,FY2025,사업보고서,사업보고서__NH농협금융지주__20260331004252,라. 파생상품 및 위험관리정책에 관한 사항 > (2) 위험관리정책에 관한 사항 / 1) 신용위험 / 2) 시장위험,measurement,572,VaR 모델의 적정성을 검증하기 위하여 일단위로 실제손익 및 가상손익과 VaR산출 결과를 비교하는 백테스팅을 실시하여 사전에 설정된 신뢰수준 99%를 초과하는 손익결과를 면밀히 분석합니다.,,dart_out/doc/20260331004252/본문.pdf,https://dart.fss.or.kr/dsaf001/main.do?rcpNo=20260331004252,67bb619ad880bb3b1848b036d1d4c6f5e0c4aaa37a8a300c0c5cdac4fa417e26,86123b8d7f6a592e3797137f94756a72ed73cb1c7ad463f382812b7db32ce939
NH농협금융지주,FY2025,사업보고서,사업보고서__NH농협금융지주__20260331004252,라. 파생상품 및 위험관리정책에 관한 사항 > (2) 위험관리정책에 관한 사항 / 1) 신용위험 / 2) 시장위험,measurement,572,"금리리스크 산출 대상 자회사는 IRRBB 기준으로 △EVE를 측정하고 있으며, 보험 자회사는 K-ICS기준으로 금리리스크를 측정하고 있습니다.",,dart_out/doc/20260331004252/본문.pdf,https://dart.fss.or.kr/dsaf001/main.do?rcpNo=20260331004252,67bb619ad880bb3b1848b036d1d4c6f5e0c4aaa37a8a300c0c5cdac4fa417e26,86123b8d7f6a592e3797137f94756a72ed73cb1c7ad463f382812b7db32ce939
NH농협금융지주,FY2025,사업보고서,사업보고서__NH농협금융지주__20260331004252,라. 파생상품 및 위험관리정책에 관한 사항 > (2) 위험관리정책에 관한 사항 / 1) 신용위험 / 2) 시장위험,reporting,569,"리스크관리부서는 자회사별 또는 리스크유형별로 리스크 허용한도를 설정 및 운영하여 리스 크 측정 및 분석결과에 대한 관리 실태를 정기적으로 리스크관리협의체에 보고하고 있으며, 리스크의 적정수준 유지를 위한 상시 모니터링, 리스크를 감안한 성과평가 및 자본배분 등의 다양한 리스크관리 정책 및 시스템을 갖추고 있으며, 이렇게 리스크를 측정하고 분석한 결과 등을 포함한 리스크관리현황은 주기적으로 리스크관리위원회 및 리스크관리협의회에 보고 하고 있습니다.",,dart_out/doc/20260331004252/본문.pdf,https://dart.fss.or.kr/dsaf001/main.do?rcpNo=20260331004252,67bb619ad880bb3b1848b036d1d4c6f5e0c4aaa37a8a300c0c5cdac4fa417e26,86123b8d7f6a592e3797137f94756a72ed73cb1c7ad463f382812b7db32ce939
NH농협금융지주,FY2025,사업보고서,사업보고서__NH농협금융지주__20260331004252,라. 파생상품 및 위험관리정책에 관한 사항 > (2) 위험관리정책에 관한 사항 / 1) 신용위험 / 2) 시장위험,reporting,571,- 대상포지션은 리스크관리를 위하여 주기적으로 경영진에게 보고되어야 한다.,,dart_out/doc/20260331004252/본문.pdf,https://dart.fss.or.kr/dsaf001/main.do?rcpNo=20260331004252,67bb619ad880bb3b1848b036d1d4c6f5e0c4aaa37a8a300c0c5cdac4fa417e26,86123b8d7f6a592e3797137f94756a72ed73cb1c7ad463f382812b7db32ce939
NH농협금융지주,FY2025,사업보고서,사업보고서__NH농협금융지주__20260331004252,라. 파생상품 및 위험관리정책에 관한 사항 > (2) 위험관리정책에 관한 사항 / 1) 신용위험 / 2) 시장위험,stress,572,"위기상황에서 포트폴리오 가치에 중요한 영향을 주는 금리, 주가, 환율, 파생상품의 내재 변 동성과 같은 개별 위험요소들의 변화를 반영하여 트레이딩 포지션에 대한 위기상황분석을 정기적으로 실시합니다.",,dart_out/doc/20260331004252/본문.pdf,https://dart.fss.or.kr/dsaf001/main.do?rcpNo=20260331004252,67bb619ad880bb3b1848b036d1d4c6f5e0c4aaa37a8a300c0c5cdac4fa417e26,86123b8d7f6a592e3797137f94756a72ed73cb1c7ad463f382812b7db32ce939
NH농협금융지주,FY2025,사업보고서,사업보고서__NH농협금융지주__20260331004252,라. 파생상품 및 위험관리정책에 관한 사항 > (2) 위험관리정책에 관한 사항 / 1) 신용위험 / 2) 시장위험,stress,572,연결기업은 가상시나리오를 위기 상황분석의 주 시나리오로 활용하 며 보조적으로 역사적 시나리오 분석도 활용하고 있습니다.,,dart_out/doc/20260331004252/본문.pdf,https://dart.fss.or.kr/dsaf001/main.do?rcpNo=20260331004252,67bb619ad880bb3b1848b036d1d4c6f5e0c4aaa37a8a300c0c5cdac4fa417e26,86123b8d7f6a592e3797137f94756a72ed73cb1c7ad463f382812b7db32ce939
NH농협금융지주,FY2025,사업보고서,사업보고서__NH농협금융지주__20260331004252,라. 파생상품 및 위험관리정책에 관한 사항 > (2) 위험관리정책에 관한 사항 / 1) 신용위험 / 2) 시장위험,compensation,569,"리스크관리부서는 자회사별 또는 리스크유형별로 리스크 허용한도를 설정 및 운영하여 리스 크 측정 및 분석결과에 대한 관리 실태를 정기적으로 리스크관리협의체에 보고하고 있으며, 리스크의 적정수준 유지를 위한 상시 모니터링, 리스크를 감안한 성과평가 및 자본배분 등의 다양한 리스크관리 정책 및 시스템을 갖추고 있으며, 이렇게 리스크를 측정하고 분석한 결과 등을 포함한 리스크관리현황은 주기적으로 리스크관리위원회 및 리스크관리협의회에 보고 하고 있습니다.",,dart_out/doc/20260331004252/본문.pdf,https://dart.fss.or.kr/dsaf001/main.do?rcpNo=20260331004252,67bb619ad880bb3b1848b036d1d4c6f5e0c4aaa37a8a300c0c5cdac4fa417e26,86123b8d7f6a592e3797137f94756a72ed73cb1c7ad463f382812b7db32ce939
NH농협금융지주,FY2025,사업보고서,사업보고서__NH농협금융지주__20260331004252,라. 파생상품 및 위험관리정책에 관한 사항 > (2) 위험관리정책에 관한 사항 / 1) 신용위험 / 2) 시장위험,org,569,"연결기업의 리스크관리 조직은 리스크관리 최고 의사결정기구인 리스크관리위원회와 실무 적 의사결정기구인 리스크관리협의회, 위험관리책임자(CRO, Chief Risk Officer), 리스크관 리부서 및 리스크검증단 등으로 구성되어 있습니다.",,dart_out/doc/20260331004252/본문.pdf,https://dart.fss.or.kr/dsaf001/main.do?rcpNo=20260331004252,67bb619ad880bb3b1848b036d1d4c6f5e0c4aaa37a8a300c0c5cdac4fa417e26,86123b8d7f6a592e3797137f94756a72ed73cb1c7ad463f382812b7db32ce939
NH농협금융지주,FY2025,사업보고서,사업보고서__NH농협금융지주__20260331004252,라. 파생상품 및 위험관리정책에 관한 사항 > (2) 위험관리정책에 관한 사항 / 1) 신용위험 / 2) 시장위험,org,569,리스크검증단은 BIS비율 산출의 적정성과 각종 신용평가모형 운영의 정합성 등을 검증합니다.,,dart_out/doc/20260331004252/본문.pdf,https://dart.fss.or.kr/dsaf001/main.do?rcpNo=20260331004252,67bb619ad880bb3b1848b036d1d4c6f5e0c4aaa37a8a300c0c5cdac4fa417e26,86123b8d7f6a592e3797137f94756a72ed73cb1c7ad463f382812b7db32ce939
NH농협금융지주,FY2025,사업보고서,사업보고서__NH농협금융지주__20260331004252,라. 파생상품 및 위험관리정책에 관한 사항 > (2) 위험관리정책에 관한 사항 / 1) 신용위험 / 2) 시장위험,oprisk,,문서에 없음,범위 Ⅳ-6 라.파생상품및위험관리정책에관한사항 p.568~574 · 정규식 운영\s*(리스크|위험)|손실\s*사건|손실\s*데이터|BCP|업무\s*연속성|위탁|IT\s*리스크|정보\s*보호|사이버 · 후보 0건 — 읽고 해당 서술 없음으로 판단,dart_out/doc/20260331004252/본문.pdf,https://dart.fss.or.kr/dsaf001/main.do?rcpNo=20260331004252,67bb619ad880bb3b1848b036d1d4c6f5e0c4aaa37a8a300c0c5cdac4fa417e26,86123b8d7f6a592e3797137f94756a72ed73cb1c7ad463f382812b7db32ce939
한국투자금융지주,FY2025,사업보고서,사업보고서__한국투자금융지주__20260319001006,Ⅱ-5 [주요 종속회사] 1) 한국투자증권 라. 위험관리에 관한 사항,risk_committee,84,"리스크관리위원회는 대표이사와 이사회에서 선임한 이사로 총 위원의 과반수가 사외이사로 구성되어 있으며, 이사회에서 위임한 사항에 대하여 심의·의결기능을 수행하고 있습니다.",,dart_out/doc/20260319001006/본문.pdf,https://dart.fss.or.kr/dsaf001/main.do?rcpNo=20260319001006,2009c0a48c271761dd34936cfe9e4d8badad7d22707b9b03d6865b0fcb0ca43c,d3fcc72bd137084322d62c268e7457c68917bf6c1cfd0b76d8bdb684314e66bc
한국투자금융지주,FY2025,사업보고서,사업보고서__한국투자금융지주__20260319001006,Ⅱ-5 [주요 종속회사] 1) 한국투자증권 라. 위험관리에 관한 사항,risk_committee,84,"주요 의결사항으로 리스크관리규정 제·개정, 회사 전체한도 규모 설정, 위기상황분석지침의 제정·개정, 1,000억 초과의 집중심사대상인 투자성 거래 등을 심의·의결합니다.",,dart_out/doc/20260319001006/본문.pdf,https://dart.fss.or.kr/dsaf001/main.do?rcpNo=20260319001006,2009c0a48c271761dd34936cfe9e4d8badad7d22707b9b03d6865b0fcb0ca43c,d3fcc72bd137084322d62c268e7457c68917bf6c1cfd0b76d8bdb684314e66bc
한국투자금융지주,FY2025,사업보고서,사업보고서__한국투자금융지주__20260319001006,Ⅱ-5 [주요 종속회사] 1) 한국투자증권 라. 위험관리에 관한 사항,group_council,84,리스크관리실무위원회는 리스크관리위원회의 하위 위원회로서 리스크관리위원회에서 위임한 사항에 대하여 심의·의결기능을 수행하고 있습니다.,,dart_out/doc/20260319001006/본문.pdf,https://dart.fss.or.kr/dsaf001/main.do?rcpNo=20260319001006,2009c0a48c271761dd34936cfe9e4d8badad7d22707b9b03d6865b0fcb0ca43c,d3fcc72bd137084322d62c268e7457c68917bf6c1cfd0b76d8bdb684314e66bc
한국투자금융지주,FY2025,사업보고서,사업보고서__한국투자금융지주__20260319001006,Ⅱ-5 [주요 종속회사] 1) 한국투자증권 라. 위험관리에 관한 사항,group_council,84,장외파생상품과 관련하여 장외파생상품실무협의위원회에서 제반 리스크 측정 모델 및 평가모형의 설정·변경과 관련된 심의를 진행하고 하고 있습니다.,,dart_out/doc/20260319001006/본문.pdf,https://dart.fss.or.kr/dsaf001/main.do?rcpNo=20260319001006,2009c0a48c271761dd34936cfe9e4d8badad7d22707b9b03d6865b0fcb0ca43c,d3fcc72bd137084322d62c268e7457c68917bf6c1cfd0b76d8bdb684314e66bc
한국투자금융지주,FY2025,사업보고서,사업보고서__한국투자금융지주__20260319001006,Ⅱ-5 [주요 종속회사] 1) 한국투자증권 라. 위험관리에 관한 사항,group_council,84,"IPO, 유상증자, 기업 신용공여 등 IB업무에 대해서는 리스크관리실무협의회에서 사전적으로 리스크 요인을 점검한 후 상위 의사결정기구의 심의를 받도록 하고 있습니다.",,dart_out/doc/20260319001006/본문.pdf,https://dart.fss.or.kr/dsaf001/main.do?rcpNo=20260319001006,2009c0a48c271761dd34936cfe9e4d8badad7d22707b9b03d6865b0fcb0ca43c,d3fcc72bd137084322d62c268e7457c68917bf6c1cfd0b76d8bdb684314e66bc
한국투자금융지주,FY2025,사업보고서,사업보고서__한국투자금융지주__20260319001006,Ⅱ-5 [주요 종속회사] 1) 한국투자증권 라. 위험관리에 관한 사항,raf,84,"회사는 순자본비율 관리를 위하여 부담하여야 할 총위험액 한도를 설정하고, 총위험액 한도 내에서 각 부서별, 상품별, 운용목적별 한도를 배분하여 관리하고 있습니다.",,dart_out/doc/20260319001006/본문.pdf,https://dart.fss.or.kr/dsaf001/main.do?rcpNo=20260319001006,2009c0a48c271761dd34936cfe9e4d8badad7d22707b9b03d6865b0fcb0ca43c,d3fcc72bd137084322d62c268e7457c68917bf6c1cfd0b76d8bdb684314e66bc
한국투자금융지주,FY2025,사업보고서,사업보고서__한국투자금융지주__20260319001006,Ⅱ-5 [주요 종속회사] 1) 한국투자증권 라. 위험관리에 관한 사항,raf,85,"리스크관리부서는 「신용리스크관리시행세칙」을 통하여 개별업체별 한도, BBB급 한도, 그룹별 한도 등을 설정하여 등급에 따른 신용공여한도를 관리하고 있으며, 내부등급에 따른 취급가능종목 운영하여 거래상대방에 대한 관리를 강화하고 있습니다.",,dart_out/doc/20260319001006/본문.pdf,https://dart.fss.or.kr/dsaf001/main.do?rcpNo=20260319001006,2009c0a48c271761dd34936cfe9e4d8badad7d22707b9b03d6865b0fcb0ca43c,d3fcc72bd137084322d62c268e7457c68917bf6c1cfd0b76d8bdb684314e66bc
한국투자금융지주,FY2025,사업보고서,사업보고서__한국투자금융지주__20260319001006,Ⅱ-5 [주요 종속회사] 1) 한국투자증권 라. 위험관리에 관한 사항,raf,87,⑤ 부서별 Cash한도를 부여하여 사용가능 재원을 할당함으로써 체계적인 유동성리스크관리를 시행하고 있습니다.,,dart_out/doc/20260319001006/본문.pdf,https://dart.fss.or.kr/dsaf001/main.do?rcpNo=20260319001006,2009c0a48c271761dd34936cfe9e4d8badad7d22707b9b03d6865b0fcb0ca43c,d3fcc72bd137084322d62c268e7457c68917bf6c1cfd0b76d8bdb684314e66bc
한국투자금융지주,FY2025,사업보고서,사업보고서__한국투자금융지주__20260319001006,Ⅱ-5 [주요 종속회사] 1) 한국투자증권 라. 위험관리에 관한 사항,measurement,84,회사는 2015년부터 규제자본비율 준수 기준을 기존 영업용순자본비율에서 순자본비율관리 체계로 전환하여 순자본비율이 100%를 하회하지 않도록 관리하고 있습니다.,,dart_out/doc/20260319001006/본문.pdf,https://dart.fss.or.kr/dsaf001/main.do?rcpNo=20260319001006,2009c0a48c271761dd34936cfe9e4d8badad7d22707b9b03d6865b0fcb0ca43c,d3fcc72bd137084322d62c268e7457c68917bf6c1cfd0b76d8bdb684314e66bc
한국투자금융지주,FY2025,사업보고서,사업보고서__한국투자금융지주__20260319001006,Ⅱ-5 [주요 종속회사] 1) 한국투자증권 라. 위험관리에 관한 사항,measurement,84,"리스크관리부는 현업부서의 Internal system(Wink)뿐 아니라 별도의 RMS (Risk Management System)을 통하여 조직별, 상품별, 전략별 위험 포지션을 측정하고 모니터링하고 있습니다.",,dart_out/doc/20260319001006/본문.pdf,https://dart.fss.or.kr/dsaf001/main.do?rcpNo=20260319001006,2009c0a48c271761dd34936cfe9e4d8badad7d22707b9b03d6865b0fcb0ca43c,d3fcc72bd137084322d62c268e7457c68917bf6c1cfd0b76d8bdb684314e66bc
한국투자금융지주,FY2025,사업보고서,사업보고서__한국투자금융지주__20260319001006,Ⅱ-5 [주요 종속회사] 1) 한국투자증권 라. 위험관리에 관한 사항,reporting,84,리스크관리부는 운용현황에 대하여 현업부서와 독립적으로 리스크관리(실무)위원 및 경영진에 정기적으로 보고하고 있으며 시장상황에 따른 이슈발생시 수시로 현황에,,dart_out/doc/20260319001006/본문.pdf,https://dart.fss.or.kr/dsaf001/main.do?rcpNo=20260319001006,2009c0a48c271761dd34936cfe9e4d8badad7d22707b9b03d6865b0fcb0ca43c,d3fcc72bd137084322d62c268e7457c68917bf6c1cfd0b76d8bdb684314e66bc
한국투자금융지주,FY2025,사업보고서,사업보고서__한국투자금융지주__20260319001006,Ⅱ-5 [주요 종속회사] 1) 한국투자증권 라. 위험관리에 관한 사항,reporting,86,"회사의 총 리스크한도 및 상품별·운용부서별 한도를 설정하고, 운용한도의 준수여부 및 운용내역의 파악을 위하여 매일 현황보고서를 작성·관리하며, 상품운용의 적정성 및 한도의 준수여부를 점검하기 위하여 리스크관리부에서 모니터링 하고 있습니다.",,dart_out/doc/20260319001006/본문.pdf,https://dart.fss.or.kr/dsaf001/main.do?rcpNo=20260319001006,2009c0a48c271761dd34936cfe9e4d8badad7d22707b9b03d6865b0fcb0ca43c,d3fcc72bd137084322d62c268e7457c68917bf6c1cfd0b76d8bdb684314e66bc
한국투자금융지주,FY2025,사업보고서,사업보고서__한국투자금융지주__20260319001006,Ⅱ-5 [주요 종속회사] 1) 한국투자증권 라. 위험관리에 관한 사항,reporting,86,"① 리스크관리부에서 매일 자금의 조달 및 운용현황, 유동성Gap 등을 점검하고, 경영진에게 보고합니다.",,dart_out/doc/20260319001006/본문.pdf,https://dart.fss.or.kr/dsaf001/main.do?rcpNo=20260319001006,2009c0a48c271761dd34936cfe9e4d8badad7d22707b9b03d6865b0fcb0ca43c,d3fcc72bd137084322d62c268e7457c68917bf6c1cfd0b76d8bdb684314e66bc
한국투자금융지주,FY2025,사업보고서,사업보고서__한국투자금융지주__20260319001006,Ⅱ-5 [주요 종속회사] 1) 한국투자증권 라. 위험관리에 관한 사항,stress,86,"리스크시스템부에서는 시장리스크 지표 산출 및 전사포지션 스트레스 테스트를 통한 DB 정보 및 평가로직에 대한 정합성을 최신으로 유지하여 위험을 체계적으로 관리하고 있으며, 상품별 위험관리 프로세스는 아래와 같습니다.",,dart_out/doc/20260319001006/본문.pdf,https://dart.fss.or.kr/dsaf001/main.do?rcpNo=20260319001006,2009c0a48c271761dd34936cfe9e4d8badad7d22707b9b03d6865b0fcb0ca43c,d3fcc72bd137084322d62c268e7457c68917bf6c1cfd0b76d8bdb684314e66bc
한국투자금융지주,FY2025,사업보고서,사업보고서__한국투자금융지주__20260319001006,Ⅱ-5 [주요 종속회사] 1) 한국투자증권 라. 위험관리에 관한 사항,stress,86,"④ 위기상황 발생을 대비하여 즉시 유동화 가능한 상품을 사전에 파악하며, 각각의 위기 상",,dart_out/doc/20260319001006/본문.pdf,https://dart.fss.or.kr/dsaf001/main.do?rcpNo=20260319001006,2009c0a48c271761dd34936cfe9e4d8badad7d22707b9b03d6865b0fcb0ca43c,d3fcc72bd137084322d62c268e7457c68917bf6c1cfd0b76d8bdb684314e66bc
한국투자금융지주,FY2025,사업보고서,사업보고서__한국투자금융지주__20260319001006,Ⅱ-5 [주요 종속회사] 1) 한국투자증권 라. 위험관리에 관한 사항,stress,87,황에 따른 비상대책을 마련하고 있습니다.,,dart_out/doc/20260319001006/본문.pdf,https://dart.fss.or.kr/dsaf001/main.do?rcpNo=20260319001006,2009c0a48c271761dd34936cfe9e4d8badad7d22707b9b03d6865b0fcb0ca43c,d3fcc72bd137084322d62c268e7457c68917bf6c1cfd0b76d8bdb684314e66bc
한국투자금융지주,FY2025,사업보고서,사업보고서__한국투자금융지주__20260319001006,Ⅱ-5 [주요 종속회사] 1) 한국투자증권 라. 위험관리에 관한 사항,compensation,85,"당사는 적절한 리스크관리를 통하여 자산을 효율적으로 운용할 수 있도록 규정 및 업무프로세스를 정립하고 표준화하여 리스크체계를 구축 관리 하고 있으며, 성과평가시 수익만 고려하지 않고 수익을 얻기 위해 사용한 위험에 대하여 비용을 부과하는 방식으로 RAPM (Risk Adjusted Performance Measurement)을 운영하고 있습니다.",,dart_out/doc/20260319001006/본문.pdf,https://dart.fss.or.kr/dsaf001/main.do?rcpNo=20260319001006,2009c0a48c271761dd34936cfe9e4d8badad7d22707b9b03d6865b0fcb0ca43c,d3fcc72bd137084322d62c268e7457c68917bf6c1cfd0b76d8bdb684314e66bc
한국투자금융지주,FY2025,사업보고서,사업보고서__한국투자금융지주__20260319001006,Ⅱ-5 [주요 종속회사] 1) 한국투자증권 라. 위험관리에 관한 사항,org,83,"리스크관리조직은 이사회, 리스크관리위원회, 리스크관리실무위원회, 리스크관리담당임원, 각부문별 리스크 관리지침에서 정한 실무협의회, 리스크관리부서(리스크관리부, 리스크전략부, 리스크시스템부, 심사부, 투자관리부, 글로벌심사부)로 구성되어 있으며,",,dart_out/doc/20260319001006/본문.pdf,https://dart.fss.or.kr/dsaf001/main.do?rcpNo=20260319001006,2009c0a48c271761dd34936cfe9e4d8badad7d22707b9b03d6865b0fcb0ca43c,d3fcc72bd137084322d62c268e7457c68917bf6c1cfd0b76d8bdb684314e66bc
한국투자금융지주,FY2025,사업보고서,사업보고서__한국투자금융지주__20260319001006,Ⅱ-5 [주요 종속회사] 1) 한국투자증권 라. 위험관리에 관한 사항,org,84,"리스크관리부서(리스크관리부, 리스크전략부, 리스크시스템부, 심사부, 투자관리부, 글로벌심사부)는 위험관리 업무 총괄, 자산운용 전반 및 재무건전성 관리 등을 수행하며, 현업과 분리되어 업무의 독립성을 확보하고 있으며, 상위 리스크관리 조직을 보좌하는 역할을 수행하고 있습니다.",,dart_out/doc/20260319001006/본문.pdf,https://dart.fss.or.kr/dsaf001/main.do?rcpNo=20260319001006,2009c0a48c271761dd34936cfe9e4d8badad7d22707b9b03d6865b0fcb0ca43c,d3fcc72bd137084322d62c268e7457c68917bf6c1cfd0b76d8bdb684314e66bc
한국투자금융지주,FY2025,사업보고서,사업보고서__한국투자금융지주__20260319001006,Ⅱ-5 [주요 종속회사] 1) 한국투자증권 라. 위험관리에 관한 사항,org,84,"리스크관리 기능이 유용하기 위해서는 Front-Middle-Back의 형태로 조직을 구성하여 상호 견제 기능을 수행하여야 하며, 이를 위해서 당사의 리스크관리부서(Middle)는 자산운용부서(Front) 및 결제부서(Back)와 독립되어 존재하고 있습니다.",,dart_out/doc/20260319001006/본문.pdf,https://dart.fss.or.kr/dsaf001/main.do?rcpNo=20260319001006,2009c0a48c271761dd34936cfe9e4d8badad7d22707b9b03d6865b0fcb0ca43c,d3fcc72bd137084322d62c268e7457c68917bf6c1cfd0b76d8bdb684314e66bc
한국투자금융지주,FY2025,사업보고서,사업보고서__한국투자금융지주__20260319001006,Ⅱ-5 [주요 종속회사] 1) 한국투자증권 라. 위험관리에 관한 사항,cro,,문서에 없음,범위 Ⅱ-5 [한국투자증권] 라.위험관리에관한사항 p.83~87 · 정규식 CRO|위험관리\s*책임자|리스크\s*관리\s*책임자|최고\s*리스크|Chief\s*Risk · 후보 0건 — 읽고 해당 서술 없음으로 판단,dart_out/doc/20260319001006/본문.pdf,https://dart.fss.or.kr/dsaf001/main.do?rcpNo=20260319001006,2009c0a48c271761dd34936cfe9e4d8badad7d22707b9b03d6865b0fcb0ca43c,d3fcc72bd137084322d62c268e7457c68917bf6c1cfd0b76d8bdb684314e66bc
한국투자금융지주,FY2025,사업보고서,사업보고서__한국투자금융지주__20260319001006,Ⅱ-5 [주요 종속회사] 1) 한국투자증권 라. 위험관리에 관한 사항,oprisk,,문서에 없음,범위 Ⅱ-5 [한국투자증권] 라.위험관리에관한사항 p.83~87 · 정규식 운영\s*(리스크|위험)|손실\s*사건|손실\s*데이터|BCP|업무\s*연속성|위탁|IT\s*리스크|정보\s*보호|사이버 · 후보 0건 — 읽고 해당 서술 없음으로 판단,dart_out/doc/20260319001006/본문.pdf,https://dart.fss.or.kr/dsaf001/main.do?rcpNo=20260319001006,2009c0a48c271761dd34936cfe9e4d8badad7d22707b9b03d6865b0fcb0ca43c,d3fcc72bd137084322d62c268e7457c68917bf6c1cfd0b76d8bdb684314e66bc
KB금융지주,2026.2Q(2026.6.30 기준),경영공시,경영공시__KB금융지주,"사. 리스크별 익스포저 및 위험가중자산, 요구자본 현황 (1) 그룹의 자본적정성 평가방법 / 나. 원화유동성커버리지비율(KB국민은행) / 라. 측정방법별 현황 / 유동성리스크",risk_committee,151,"KB금융그룹은 그룹 BIS비율에 영향을 미치는 내부등급법 적용 계열사의 신용리스크 관련 모형(신용평가모델, 리스크측정요소(PD, LGD, EAD 추정)의 신규, 변경 시 그룹 리스크관리위원회의 결의를 거치고, 관련 적합성 검증 결과도 보고하도록 하고 있습니다.",,dart_out/raw/risk8/경영공시/KB금융지주/KB금융지주_경영공시_2026_2Q.pdf,https://www.kbfg.com/api/download/board/14863,8ebb6330a8a0b5867dfa3910cbe19337f2d90c4fde91b98c6f966f01b616f25c,51dec5285477144f532072480cdc4b4c0c8ae9967b9436dd455c5f2f2285ee2d
KB금융지주,2026.2Q(2026.6.30 기준),경영공시,경영공시__KB금융지주,"사. 리스크별 익스포저 및 위험가중자산, 요구자본 현황 (1) 그룹의 자본적정성 평가방법 / 나. 원화유동성커버리지비율(KB국민은행) / 라. 측정방법별 현황 / 유동성리스크",raf,128,당행은 리스크관리부에서 유동성리스크 관리정책을 수립하고 리스크 허용한도 부여 및 현황을 모니터링하고 보고하는 역할을 담당합니다.,,dart_out/raw/risk8/경영공시/KB금융지주/KB금융지주_경영공시_2026_2Q.pdf,https://www.kbfg.com/api/download/board/14863,8ebb6330a8a0b5867dfa3910cbe19337f2d90c4fde91b98c6f966f01b616f25c,51dec5285477144f532072480cdc4b4c0c8ae9967b9436dd455c5f2f2285ee2d
KB금융지주,2026.2Q(2026.6.30 기준),경영공시,경영공시__KB금융지주,"사. 리스크별 익스포저 및 위험가중자산, 요구자본 현황 (1) 그룹의 자본적정성 평가방법 / 나. 원화유동성커버리지비율(KB국민은행) / 라. 측정방법별 현황 / 유동성리스크",measurement,117,"KB금융그룹은 2013년말부터 바젤3 자본규제기준을 적용하여 BIS자기자본비율을 산출하고 있으며, 위험가중자산에 대한 자기자본비율을 매 분기 측정 및 공시하고 있습니다.",,dart_out/raw/risk8/경영공시/KB금융지주/KB금융지주_경영공시_2026_2Q.pdf,https://www.kbfg.com/api/download/board/14863,8ebb6330a8a0b5867dfa3910cbe19337f2d90c4fde91b98c6f966f01b616f25c,51dec5285477144f532072480cdc4b4c0c8ae9967b9436dd455c5f2f2285ee2d
KB금융지주,2026.2Q(2026.6.30 기준),경영공시,경영공시__KB금융지주,"사. 리스크별 익스포저 및 위험가중자산, 요구자본 현황 (1) 그룹의 자본적정성 평가방법 / 나. 원화유동성커버리지비율(KB국민은행) / 라. 측정방법별 현황 / 유동성리스크",measurement,117,"또한 KB금융그룹은 영업활동에서 발생 가능한 주요 리스크에 대비할 수 있도록 적정 수준의 자기자본을 보유 및 관리하고 있으며, 자본적정성 평가 결과를 그룹의 경영활동 및 의사결정에 적극 반영하고 있습니다.",,dart_out/raw/risk8/경영공시/KB금융지주/KB금융지주_경영공시_2026_2Q.pdf,https://www.kbfg.com/api/download/board/14863,8ebb6330a8a0b5867dfa3910cbe19337f2d90c4fde91b98c6f966f01b616f25c,51dec5285477144f532072480cdc4b4c0c8ae9967b9436dd455c5f2f2285ee2d
KB금융지주,2026.2Q(2026.6.30 기준),경영공시,경영공시__KB금융지주,"사. 리스크별 익스포저 및 위험가중자산, 요구자본 현황 (1) 그룹의 자본적정성 평가방법 / 나. 원화유동성커버리지비율(KB국민은행) / 라. 측정방법별 현황 / 유동성리스크",measurement,145,"KB금융그룹은 KB국민은행과 KB국민카드에 대하여 내부등급법을 적용하고 있으며, 그 외 관계회사의 경우 표준방법으로 그룹 신용리스크 위 험가중자산을 산출하고 있습니다.",,dart_out/raw/risk8/경영공시/KB금융지주/KB금융지주_경영공시_2026_2Q.pdf,https://www.kbfg.com/api/download/board/14863,8ebb6330a8a0b5867dfa3910cbe19337f2d90c4fde91b98c6f966f01b616f25c,51dec5285477144f532072480cdc4b4c0c8ae9967b9436dd455c5f2f2285ee2d
KB금융지주,2026.2Q(2026.6.30 기준),경영공시,경영공시__KB금융지주,"사. 리스크별 익스포저 및 위험가중자산, 요구자본 현황 (1) 그룹의 자본적정성 평가방법 / 나. 원화유동성커버리지비율(KB국민은행) / 라. 측정방법별 현황 / 유동성리스크",reporting,184,지주사 및 각 계열사는 업권별 규제 기준에 따라 LCR 또는 유동성 비율 등의 유동성관리 지표를 모니터링하며 관리하고 있음.,,dart_out/raw/risk8/경영공시/KB금융지주/KB금융지주_경영공시_2026_2Q.pdf,https://www.kbfg.com/api/download/board/14863,8ebb6330a8a0b5867dfa3910cbe19337f2d90c4fde91b98c6f966f01b616f25c,51dec5285477144f532072480cdc4b4c0c8ae9967b9436dd455c5f2f2285ee2d
KB금융지주,2026.2Q(2026.6.30 기준),경영공시,경영공시__KB금융지주,"사. 리스크별 익스포저 및 위험가중자산, 요구자본 현황 (1) 그룹의 자본적정성 평가방법 / 나. 원화유동성커버리지비율(KB국민은행) / 라. 측정방법별 현황 / 유동성리스크",reporting,127,"2026년 2분기 현재 최저규제수준은 100%이며, 당행은 금융감독원 은행업감독업무시행세칙 <별표3-6> 유동 성커버리지비율 산출 기준에 의거하여 바젤3 유동성규제비율 시스템을 구축하여 월별로 유동성커버리지비율 수준을 모니터링하고 있습니다.",,dart_out/raw/risk8/경영공시/KB금융지주/KB금융지주_경영공시_2026_2Q.pdf,https://www.kbfg.com/api/download/board/14863,8ebb6330a8a0b5867dfa3910cbe19337f2d90c4fde91b98c6f966f01b616f25c,51dec5285477144f532072480cdc4b4c0c8ae9967b9436dd455c5f2f2285ee2d
KB금융지주,2026.2Q(2026.6.30 기준),경영공시,경영공시__KB금융지주,"사. 리스크별 익스포저 및 위험가중자산, 요구자본 현황 (1) 그룹의 자본적정성 평가방법 / 나. 원화유동성커버리지비율(KB국민은행) / 라. 측정방법별 현황 / 유동성리스크",reporting,185,"주력 계열사인 KB국민은행은 국외점포의 자금조달구조 관리를 위해 정기적으로 유동성지표를 모니터링 하고 있으며, 국외점포 내부한도지표 를 설정 및 관리하고 있음",,dart_out/raw/risk8/경영공시/KB금융지주/KB금융지주_경영공시_2026_2Q.pdf,https://www.kbfg.com/api/download/board/14863,8ebb6330a8a0b5867dfa3910cbe19337f2d90c4fde91b98c6f966f01b616f25c,51dec5285477144f532072480cdc4b4c0c8ae9967b9436dd455c5f2f2285ee2d
KB금융지주,2026.2Q(2026.6.30 기준),경영공시,경영공시__KB금융지주,"사. 리스크별 익스포저 및 위험가중자산, 요구자본 현황 (1) 그룹의 자본적정성 평가방법 / 나. 원화유동성커버리지비율(KB국민은행) / 라. 측정방법별 현황 / 유동성리스크",org,151,"신용평가시스템의 설계 및 운영은 지주사의 리스크관리부 주관 하에 자회사(은행 신용평가모델부, 카드사 리스크관리부)와 협업하여 수행하 고 있습니다.",,dart_out/raw/risk8/경영공시/KB금융지주/KB금융지주_경영공시_2026_2Q.pdf,https://www.kbfg.com/api/download/board/14863,8ebb6330a8a0b5867dfa3910cbe19337f2d90c4fde91b98c6f966f01b616f25c,51dec5285477144f532072480cdc4b4c0c8ae9967b9436dd455c5f2f2285ee2d
KB금융지주,2026.2Q(2026.6.30 기준),경영공시,경영공시__KB금융지주,"사. 리스크별 익스포저 및 위험가중자산, 요구자본 현황 (1) 그룹의 자본적정성 평가방법 / 나. 원화유동성커버리지비율(KB국민은행) / 라. 측정방법별 현황 / 유동성리스크",org,151,"모델검증부서(지주사 및 은행 겸직)가 신용평가시스템에 대한 적합성 검증을 연 1회 이상 실시하고 있으며, 지주사 및 은행의 모형개발 및 운영 조직과 분리하여 독립성을 보장하고 있습니다.",,dart_out/raw/risk8/경영공시/KB금융지주/KB금융지주_경영공시_2026_2Q.pdf,https://www.kbfg.com/api/download/board/14863,8ebb6330a8a0b5867dfa3910cbe19337f2d90c4fde91b98c6f966f01b616f25c,51dec5285477144f532072480cdc4b4c0c8ae9967b9436dd455c5f2f2285ee2d
KB금융지주,2026.2Q(2026.6.30 기준),경영공시,경영공시__KB금융지주,"사. 리스크별 익스포저 및 위험가중자산, 요구자본 현황 (1) 그룹의 자본적정성 평가방법 / 나. 원화유동성커버리지비율(KB국민은행) / 라. 측정방법별 현황 / 유동성리스크",org,128,당행은 리스크관리부에서 유동성리스크 관리정책을 수립하고 리스크 허용한도 부여 및 현황을 모니터링하고 보고하는 역할을 담당합니다.,,dart_out/raw/risk8/경영공시/KB금융지주/KB금융지주_경영공시_2026_2Q.pdf,https://www.kbfg.com/api/download/board/14863,8ebb6330a8a0b5867dfa3910cbe19337f2d90c4fde91b98c6f966f01b616f25c,51dec5285477144f532072480cdc4b4c0c8ae9967b9436dd455c5f2f2285ee2d
KB금융지주,2026.2Q(2026.6.30 기준),경영공시,경영공시__KB금융지주,"사. 리스크별 익스포저 및 위험가중자산, 요구자본 현황 (1) 그룹의 자본적정성 평가방법 / 나. 원화유동성커버리지비율(KB국민은행) / 라. 측정방법별 현황 / 유동성리스크",group_council,,문서에 없음,범위 문서 전체 p.1~204 · 정규식 (리스크|위험)\s*(관리)?\s*(실무)?\s*(협의회|협의체|심의회)|리스크정책위원회|실무\s*위원회|실무\s*협의회 · 후보 0건 — 읽고 해당 서술 없음으로 판단,dart_out/raw/risk8/경영공시/KB금융지주/KB금융지주_경영공시_2026_2Q.pdf,https://www.kbfg.com/api/download/board/14863,8ebb6330a8a0b5867dfa3910cbe19337f2d90c4fde91b98c6f966f01b616f25c,51dec5285477144f532072480cdc4b4c0c8ae9967b9436dd455c5f2f2285ee2d
KB금융지주,2026.2Q(2026.6.30 기준),경영공시,경영공시__KB금융지주,"사. 리스크별 익스포저 및 위험가중자산, 요구자본 현황 (1) 그룹의 자본적정성 평가방법 / 나. 원화유동성커버리지비율(KB국민은행) / 라. 측정방법별 현황 / 유동성리스크",cro,,문서에 없음,범위 문서 전체 p.1~204 · 정규식 CRO|위험관리\s*책임자|리스크\s*관리\s*책임자|최고\s*리스크|Chief\s*Risk · 후보 0건 — 읽고 해당 서술 없음으로 판단,dart_out/raw/risk8/경영공시/KB금융지주/KB금융지주_경영공시_2026_2Q.pdf,https://www.kbfg.com/api/download/board/14863,8ebb6330a8a0b5867dfa3910cbe19337f2d90c4fde91b98c6f966f01b616f25c,51dec5285477144f532072480cdc4b4c0c8ae9967b9436dd455c5f2f2285ee2d
KB금융지주,2026.2Q(2026.6.30 기준),경영공시,경영공시__KB금융지주,"사. 리스크별 익스포저 및 위험가중자산, 요구자본 현황 (1) 그룹의 자본적정성 평가방법 / 나. 원화유동성커버리지비율(KB국민은행) / 라. 측정방법별 현황 / 유동성리스크",stress,,문서에 없음,범위 문서 전체 p.1~204 · 정규식 위기\s*상황\s*분석|스트레스\s*테스트|Stress|위기\s*상황\s*시나리오|비상\s*(조달|자금|계획)|컨틴전시|Contingency|위기\s*관리 · 후보 0건 — 읽고 해당 서술 없음으로 판단,dart_out/raw/risk8/경영공시/KB금융지주/KB금융지주_경영공시_2026_2Q.pdf,https://www.kbfg.com/api/download/board/14863,8ebb6330a8a0b5867dfa3910cbe19337f2d90c4fde91b98c6f966f01b616f25c,51dec5285477144f532072480cdc4b4c0c8ae9967b9436dd455c5f2f2285ee2d
KB금융지주,2026.2Q(2026.6.30 기준),경영공시,경영공시__KB금융지주,"사. 리스크별 익스포저 및 위험가중자산, 요구자본 현황 (1) 그룹의 자본적정성 평가방법 / 나. 원화유동성커버리지비율(KB국민은행) / 라. 측정방법별 현황 / 유동성리스크",oprisk,,문서에 없음,범위 문서 전체 p.1~204 · 정규식 운영\s*(리스크|위험)|손실\s*사건|손실\s*데이터|BCP|업무\s*연속성|위탁|IT\s*리스크|정보\s*보호|사이버 · 후보 5건 — 읽고 해당 서술 없음으로 판단,dart_out/raw/risk8/경영공시/KB금융지주/KB금융지주_경영공시_2026_2Q.pdf,https://www.kbfg.com/api/download/board/14863,8ebb6330a8a0b5867dfa3910cbe19337f2d90c4fde91b98c6f966f01b616f25c,51dec5285477144f532072480cdc4b4c0c8ae9967b9436dd455c5f2f2285ee2d
KB금융지주,2026.2Q(2026.6.30 기준),경영공시,경영공시__KB금융지주,"사. 리스크별 익스포저 및 위험가중자산, 요구자본 현황 (1) 그룹의 자본적정성 평가방법 / 나. 원화유동성커버리지비율(KB국민은행) / 라. 측정방법별 현황 / 유동성리스크",compensation,,문서에 없음,"범위 문서 전체 p.1~204 · 정규식 성과\s*보수|이연\s*지급|환수|Clawback|클로백|(리스크|위험)\s*(를|을)?\s*(고려|반영|조정)[^.。]{0,20}(성과|보수|평가)|(성과|보수)[^.。]{0,30}(리스크|위험)\s*(조정|반영|고려)|보수\s*체계|보수\s*정책|리스크\s*조정 · 후보 26건 — 읽고 해당 서술 없음으로 판단",dart_out/raw/risk8/경영공시/KB금융지주/KB금융지주_경영공시_2026_2Q.pdf,https://www.kbfg.com/api/download/board/14863,8ebb6330a8a0b5867dfa3910cbe19337f2d90c4fde91b98c6f966f01b616f25c,51dec5285477144f532072480cdc4b4c0c8ae9967b9436dd455c5f2f2285ee2d
신한금융지주,2026.2Q(2026.6.30 기준),경영공시,경영공시__신한금융지주,Ⅳ. 경영지표 / 사. 그룹 자본적정성 평가방법 / 나. 유동성커버리지비율_신한은행 / 나. 유동성커버리지비율_제주은행 / Ⅴ. 리스크 관리 / (2) 내부등급법 / 유동성리스크,risk_committee,81,"이사회/위험관리위원회 은행이 직면하는 모든 리스크의 인식 및 측정, 통제 등 종합적인 리스크관리 정책을 수립하고 이의 준수여부를 감시",,dart_out/raw/risk8/경영공시/신한금융지주/신한금융지주_경영공시_2026_2Q.pdf,https://www.shinhangroup.com/main/downloadAttach?attachNo=952cc7137d344eaebd5df5a8191a45bf&seq=1,84f2c76f34e63217513f054cb3d99d8f39cd6063af18a35233e94dc9f8047bb4,6b0e22f4053587cc7cc4ba017ff61e4c3dd6e5e049c828708b133991eca400d0
신한금융지주,2026.2Q(2026.6.30 기준),경영공시,경영공시__신한금융지주,Ⅳ. 경영지표 / 사. 그룹 자본적정성 평가방법 / 나. 유동성커버리지비율_신한은행 / 나. 유동성커버리지비율_제주은행 / Ⅴ. 리스크 관리 / (2) 내부등급법 / 유동성리스크,risk_committee,82,유동성리스크 관리부서는 위험관리위원회에서 승인한 ‘유동성리스크 관리전략’에 따라 유동성리스크를 관리하고 있습니다.,,dart_out/raw/risk8/경영공시/신한금융지주/신한금융지주_경영공시_2026_2Q.pdf,https://www.shinhangroup.com/main/downloadAttach?attachNo=952cc7137d344eaebd5df5a8191a45bf&seq=1,84f2c76f34e63217513f054cb3d99d8f39cd6063af18a35233e94dc9f8047bb4,6b0e22f4053587cc7cc4ba017ff61e4c3dd6e5e049c828708b133991eca400d0
신한금융지주,2026.2Q(2026.6.30 기준),경영공시,경영공시__신한금융지주,Ⅳ. 경영지표 / 사. 그룹 자본적정성 평가방법 / 나. 유동성커버리지비율_신한은행 / 나. 유동성커버리지비율_제주은행 / Ⅴ. 리스크 관리 / (2) 내부등급법 / 유동성리스크,group_council,81,리스크정책위원회 리스크허용수준에 맞춰 유동성리스크를 관리하고 이에 관한 사항을 이사회 및 위험관리위원회에 보고,,dart_out/raw/risk8/경영공시/신한금융지주/신한금융지주_경영공시_2026_2Q.pdf,https://www.shinhangroup.com/main/downloadAttach?attachNo=952cc7137d344eaebd5df5a8191a45bf&seq=1,84f2c76f34e63217513f054cb3d99d8f39cd6063af18a35233e94dc9f8047bb4,6b0e22f4053587cc7cc4ba017ff61e4c3dd6e5e049c828708b133991eca400d0
신한금융지주,2026.2Q(2026.6.30 기준),경영공시,경영공시__신한금융지주,Ⅳ. 경영지표 / 사. 그룹 자본적정성 평가방법 / 나. 유동성커버리지비율_신한은행 / 나. 유동성커버리지비율_제주은행 / Ⅴ. 리스크 관리 / (2) 내부등급법 / 유동성리스크,group_council,85,"제주은행은 위험관리위원회 및 리스크관리운영위원회에서 유동성위험관리에 관한 정책수립과 세부한도 설정 등 의사결정 기능을 수행하며, 동 원칙 및 한도내에서 자금총괄파트, 신탁Biz파트 등 계정별 관리부서가 1차적으로 유동성위험을 인식하고 관리합니다.",,dart_out/raw/risk8/경영공시/신한금융지주/신한금융지주_경영공시_2026_2Q.pdf,https://www.shinhangroup.com/main/downloadAttach?attachNo=952cc7137d344eaebd5df5a8191a45bf&seq=1,84f2c76f34e63217513f054cb3d99d8f39cd6063af18a35233e94dc9f8047bb4,6b0e22f4053587cc7cc4ba017ff61e4c3dd6e5e049c828708b133991eca400d0
신한금융지주,2026.2Q(2026.6.30 기준),경영공시,경영공시__신한금융지주,Ⅳ. 경영지표 / 사. 그룹 자본적정성 평가방법 / 나. 유동성커버리지비율_신한은행 / 나. 유동성커버리지비율_제주은행 / Ⅴ. 리스크 관리 / (2) 내부등급법 / 유동성리스크,cro,110,"지주회사 리스크관리팀은 신용평가모형의 적정성을 유지하기 위하여 모형별/등급별 분포, 부도율, 등급유지율, 모형별 변별력 등을 반기별 모니터링하고 그 결과를 그룹위험관리책임자에게 보고하고 있으며, 보고내용 중 중요사항에 대해서는 그룹위험관리위원회에 보고하고 있습니다.",,dart_out/raw/risk8/경영공시/신한금융지주/신한금융지주_경영공시_2026_2Q.pdf,https://www.shinhangroup.com/main/downloadAttach?attachNo=952cc7137d344eaebd5df5a8191a45bf&seq=1,84f2c76f34e63217513f054cb3d99d8f39cd6063af18a35233e94dc9f8047bb4,6b0e22f4053587cc7cc4ba017ff61e4c3dd6e5e049c828708b133991eca400d0
신한금융지주,2026.2Q(2026.6.30 기준),경영공시,경영공시__신한금융지주,Ⅳ. 경영지표 / 사. 그룹 자본적정성 평가방법 / 나. 유동성커버리지비율_신한은행 / 나. 유동성커버리지비율_제주은행 / Ⅴ. 리스크 관리 / (2) 내부등급법 / 유동성리스크,raf,82,유동성리스크 한도는 연 1회 위험관리위원회 또는 리스크정책위원회 결의를 거쳐 설정합니다.,,dart_out/raw/risk8/경영공시/신한금융지주/신한금융지주_경영공시_2026_2Q.pdf,https://www.shinhangroup.com/main/downloadAttach?attachNo=952cc7137d344eaebd5df5a8191a45bf&seq=1,84f2c76f34e63217513f054cb3d99d8f39cd6063af18a35233e94dc9f8047bb4,6b0e22f4053587cc7cc4ba017ff61e4c3dd6e5e049c828708b133991eca400d0
신한금융지주,2026.2Q(2026.6.30 기준),경영공시,경영공시__신한금융지주,Ⅳ. 경영지표 / 사. 그룹 자본적정성 평가방법 / 나. 유동성커버리지비율_신한은행 / 나. 유동성커버리지비율_제주은행 / Ⅴ. 리스크 관리 / (2) 내부등급법 / 유동성리스크,raf,82,"신한은행은 매년 초 사업계획과 연계하여 발생 가능한 위기상황에 대비할 수 있도록 유동성리스크 한도(유동성VaR, 유동성비율, 유동성커버리지비율, 실질유동성갭비율, 중장기 외화자금 관리비율, ABCP매입약정 등)를 설정하여 관리하고 있으며, 유동성리스크 소관부서는 설정된 한도의 운용현황을 모니터링하고 리스크관리 정기점검 항목에 대하여 리스크 측정주기에 따라 담당 그룹장 및 리스크정책위원회에 보고하고 있습니다.",,dart_out/raw/risk8/경영공시/신한금융지주/신한금융지주_경영공시_2026_2Q.pdf,https://www.shinhangroup.com/main/downloadAttach?attachNo=952cc7137d344eaebd5df5a8191a45bf&seq=1,84f2c76f34e63217513f054cb3d99d8f39cd6063af18a35233e94dc9f8047bb4,6b0e22f4053587cc7cc4ba017ff61e4c3dd6e5e049c828708b133991eca400d0
신한금융지주,2026.2Q(2026.6.30 기준),경영공시,경영공시__신한금융지주,Ⅳ. 경영지표 / 사. 그룹 자본적정성 평가방법 / 나. 유동성커버리지비율_신한은행 / 나. 유동성커버리지비율_제주은행 / Ⅴ. 리스크 관리 / (2) 내부등급법 / 유동성리스크,measurement,74,"신한금융그룹은 2013년 말부터 바젤3 자본규제 기준을 적용하여 BIS자기자본비율을 산출하고 있으며, 자본보전완충자본, 시스템적 중요은행, 경기대응완충자본의 추가자본까지 감안하여 적정수준 이상 BIS자기자본비율을 유지하고 있습니다.",,dart_out/raw/risk8/경영공시/신한금융지주/신한금융지주_경영공시_2026_2Q.pdf,https://www.shinhangroup.com/main/downloadAttach?attachNo=952cc7137d344eaebd5df5a8191a45bf&seq=1,84f2c76f34e63217513f054cb3d99d8f39cd6063af18a35233e94dc9f8047bb4,6b0e22f4053587cc7cc4ba017ff61e4c3dd6e5e049c828708b133991eca400d0
신한금융지주,2026.2Q(2026.6.30 기준),경영공시,경영공시__신한금융지주,Ⅳ. 경영지표 / 사. 그룹 자본적정성 평가방법 / 나. 유동성커버리지비율_신한은행 / 나. 유동성커버리지비율_제주은행 / Ⅴ. 리스크 관리 / (2) 내부등급법 / 유동성리스크,measurement,74,"신한금융그룹은 2020년 9월말부터 바젤3 최종안 중 신용리스크 부문을 조기도입하여 위험가중자산을 산출하고 있으며 2023년부터 시장리스크, 운영리스크도 바젤3를 도입하여 위험가중자산을 산출하고 있습니다.",,dart_out/raw/risk8/경영공시/신한금융지주/신한금융지주_경영공시_2026_2Q.pdf,https://www.shinhangroup.com/main/downloadAttach?attachNo=952cc7137d344eaebd5df5a8191a45bf&seq=1,84f2c76f34e63217513f054cb3d99d8f39cd6063af18a35233e94dc9f8047bb4,6b0e22f4053587cc7cc4ba017ff61e4c3dd6e5e049c828708b133991eca400d0
신한금융지주,2026.2Q(2026.6.30 기준),경영공시,경영공시__신한금융지주,Ⅳ. 경영지표 / 사. 그룹 자본적정성 평가방법 / 나. 유동성커버리지비율_신한은행 / 나. 유동성커버리지비율_제주은행 / Ⅴ. 리스크 관리 / (2) 내부등급법 / 유동성리스크,measurement,107,"신용리스크 측정요소(Risk Component)는 규제목적 RC 외 내부목적 RC(재무회계, 관리회계, 신용자본원가, 내부자본) 에도 활용하고 있습니다.",,dart_out/raw/risk8/경영공시/신한금융지주/신한금융지주_경영공시_2026_2Q.pdf,https://www.shinhangroup.com/main/downloadAttach?attachNo=952cc7137d344eaebd5df5a8191a45bf&seq=1,84f2c76f34e63217513f054cb3d99d8f39cd6063af18a35233e94dc9f8047bb4,6b0e22f4053587cc7cc4ba017ff61e4c3dd6e5e049c828708b133991eca400d0
신한금융지주,2026.2Q(2026.6.30 기준),경영공시,경영공시__신한금융지주,Ⅳ. 경영지표 / 사. 그룹 자본적정성 평가방법 / 나. 유동성커버리지비율_신한은행 / 나. 유동성커버리지비율_제주은행 / Ⅴ. 리스크 관리 / (2) 내부등급법 / 유동성리스크,reporting,74,이를 위해 매분기 위험가중자산 및 BIS자기자본비율에 대해 모니터링하고 보고하는 체계를 유지 하고 있습니다.,,dart_out/raw/risk8/경영공시/신한금융지주/신한금융지주_경영공시_2026_2Q.pdf,https://www.shinhangroup.com/main/downloadAttach?attachNo=952cc7137d344eaebd5df5a8191a45bf&seq=1,84f2c76f34e63217513f054cb3d99d8f39cd6063af18a35233e94dc9f8047bb4,6b0e22f4053587cc7cc4ba017ff61e4c3dd6e5e049c828708b133991eca400d0
신한금융지주,2026.2Q(2026.6.30 기준),경영공시,경영공시__신한금융지주,Ⅳ. 경영지표 / 사. 그룹 자본적정성 평가방법 / 나. 유동성커버리지비율_신한은행 / 나. 유동성커버리지비율_제주은행 / Ⅴ. 리스크 관리 / (2) 내부등급법 / 유동성리스크,reporting,110,지주회사 모형검증팀은 연 1회 이상 정기적으로 모형 개발 이후 운용 현황의 적정성에 대하여 독립적 사후검증 (Validation)을 실시하고 적합성 검증 결과는 그룹 위험관리책임자 및 그룹위험관리위원회에 보고하고 있습니다.,,dart_out/raw/risk8/경영공시/신한금융지주/신한금융지주_경영공시_2026_2Q.pdf,https://www.shinhangroup.com/main/downloadAttach?attachNo=952cc7137d344eaebd5df5a8191a45bf&seq=1,84f2c76f34e63217513f054cb3d99d8f39cd6063af18a35233e94dc9f8047bb4,6b0e22f4053587cc7cc4ba017ff61e4c3dd6e5e049c828708b133991eca400d0
신한금융지주,2026.2Q(2026.6.30 기준),경영공시,경영공시__신한금융지주,Ⅳ. 경영지표 / 사. 그룹 자본적정성 평가방법 / 나. 유동성커버리지비율_신한은행 / 나. 유동성커버리지비율_제주은행 / Ⅴ. 리스크 관리 / (2) 내부등급법 / 유동성리스크,reporting,82,"위험관리위원회 및 리스크정책위원회, ALM위원회에 유동성리스크 한도대비 운용상황, 위기상황분석 결과 등을 정기보고하고 있습니다.",,dart_out/raw/risk8/경영공시/신한금융지주/신한금융지주_경영공시_2026_2Q.pdf,https://www.shinhangroup.com/main/downloadAttach?attachNo=952cc7137d344eaebd5df5a8191a45bf&seq=1,84f2c76f34e63217513f054cb3d99d8f39cd6063af18a35233e94dc9f8047bb4,6b0e22f4053587cc7cc4ba017ff61e4c3dd6e5e049c828708b133991eca400d0
신한금융지주,2026.2Q(2026.6.30 기준),경영공시,경영공시__신한금융지주,Ⅳ. 경영지표 / 사. 그룹 자본적정성 평가방법 / 나. 유동성커버리지비율_신한은행 / 나. 유동성커버리지비율_제주은행 / Ⅴ. 리스크 관리 / (2) 내부등급법 / 유동성리스크,stress,127,신한금융그룹은 다양한 위기 상황에서 유동성에 미치는 영향을 평가하고 취약점을 개선하고자 매월 회사별로 유동성 위기상황분석을 실시하고 있습니다.,,dart_out/raw/risk8/경영공시/신한금융지주/신한금융지주_경영공시_2026_2Q.pdf,https://www.shinhangroup.com/main/downloadAttach?attachNo=952cc7137d344eaebd5df5a8191a45bf&seq=1,84f2c76f34e63217513f054cb3d99d8f39cd6063af18a35233e94dc9f8047bb4,6b0e22f4053587cc7cc4ba017ff61e4c3dd6e5e049c828708b133991eca400d0
신한금융지주,2026.2Q(2026.6.30 기준),경영공시,경영공시__신한금융지주,Ⅳ. 경영지표 / 사. 그룹 자본적정성 평가방법 / 나. 유동성커버리지비율_신한은행 / 나. 유동성커버리지비율_제주은행 / Ⅴ. 리스크 관리 / (2) 내부등급법 / 유동성리스크,stress,127,"난외 미사용, 지급보증, 약정 등의 위험을 포함한 난내외 고객의 행동변화를 반영한 미래 실질만기갭을 산출하여 기간별로 과부족액을 측정하고, 위기 시의 자금부족액이 각 회사의 비상조달계획을 초과하는 경우에는 취약요인을 분석하여 개선하고 있습니다.",,dart_out/raw/risk8/경영공시/신한금융지주/신한금융지주_경영공시_2026_2Q.pdf,https://www.shinhangroup.com/main/downloadAttach?attachNo=952cc7137d344eaebd5df5a8191a45bf&seq=1,84f2c76f34e63217513f054cb3d99d8f39cd6063af18a35233e94dc9f8047bb4,6b0e22f4053587cc7cc4ba017ff61e4c3dd6e5e049c828708b133991eca400d0
신한금융지주,2026.2Q(2026.6.30 기준),경영공시,경영공시__신한금융지주,Ⅳ. 경영지표 / 사. 그룹 자본적정성 평가방법 / 나. 유동성커버리지비율_신한은행 / 나. 유동성커버리지비율_제주은행 / Ⅴ. 리스크 관리 / (2) 내부등급법 / 유동성리스크,stress,83,"또한 시장환경의 급변, 통화정책의 변경 등으로 인한 예상치 못한 자금부족 상태에 대비하기 위하여 고객 행동 변화에 대한 시나리오를 반영한 스트레스 테스트를 월별로 실시하고 있으며, 스트레스 테스트와 연계한 비상조달계획 (Contingency Funding Plan)을 수립하여 만약의 상황에 대비하고 있습니다.",,dart_out/raw/risk8/경영공시/신한금융지주/신한금융지주_경영공시_2026_2Q.pdf,https://www.shinhangroup.com/main/downloadAttach?attachNo=952cc7137d344eaebd5df5a8191a45bf&seq=1,84f2c76f34e63217513f054cb3d99d8f39cd6063af18a35233e94dc9f8047bb4,6b0e22f4053587cc7cc4ba017ff61e4c3dd6e5e049c828708b133991eca400d0
신한금융지주,2026.2Q(2026.6.30 기준),경영공시,경영공시__신한금융지주,Ⅳ. 경영지표 / 사. 그룹 자본적정성 평가방법 / 나. 유동성커버리지비율_신한은행 / 나. 유동성커버리지비율_제주은행 / Ⅴ. 리스크 관리 / (2) 내부등급법 / 유동성리스크,org,108,"지주회사 리스크관리팀 주관으로 비소매 신용평가모형을 개발하고, 자회사(신한은행 모형공학부, 신한카드 리스크총괄팀/모형공학팀, 제주은행 리스크총괄파트)와 함께 모형을 운영하고 있습니다.",,dart_out/raw/risk8/경영공시/신한금융지주/신한금융지주_경영공시_2026_2Q.pdf,https://www.shinhangroup.com/main/downloadAttach?attachNo=952cc7137d344eaebd5df5a8191a45bf&seq=1,84f2c76f34e63217513f054cb3d99d8f39cd6063af18a35233e94dc9f8047bb4,6b0e22f4053587cc7cc4ba017ff61e4c3dd6e5e049c828708b133991eca400d0
신한금융지주,2026.2Q(2026.6.30 기준),경영공시,경영공시__신한금융지주,Ⅳ. 경영지표 / 사. 그룹 자본적정성 평가방법 / 나. 유동성커버리지비율_신한은행 / 나. 유동성커버리지비율_제주은행 / Ⅴ. 리스크 관리 / (2) 내부등급법 / 유동성리스크,org,108,"모형개발 부서와 독립된 지주회사 모형검증팀(은행 겸직)에서는 지주회사와 신한카드 모형에 대한 적합성 검증을 수행(연 1회 이상)하고 있으며, 신한은행 리스크모형검증실 및 제주은행 모형검증파트(은행겸직)는 자체적으로 신한은행 및 제주은행 각사의 모형에 대해 적합성 검증(연 1회 이상)을 수행하고 있습니다.",,dart_out/raw/risk8/경영공시/신한금융지주/신한금융지주_경영공시_2026_2Q.pdf,https://www.shinhangroup.com/main/downloadAttach?attachNo=952cc7137d344eaebd5df5a8191a45bf&seq=1,84f2c76f34e63217513f054cb3d99d8f39cd6063af18a35233e94dc9f8047bb4,6b0e22f4053587cc7cc4ba017ff61e4c3dd6e5e049c828708b133991eca400d0
신한금융지주,2026.2Q(2026.6.30 기준),경영공시,경영공시__신한금융지주,Ⅳ. 경영지표 / 사. 그룹 자본적정성 평가방법 / 나. 유동성커버리지비율_신한은행 / 나. 유동성커버리지비율_제주은행 / Ⅴ. 리스크 관리 / (2) 내부등급법 / 유동성리스크,org,81,리스크총괄부/리스크공학부 위원회에서 수립된 정책과 절차에 따라 전행적인 유동성리스크를 평가하고 관리,,dart_out/raw/risk8/경영공시/신한금융지주/신한금융지주_경영공시_2026_2Q.pdf,https://www.shinhangroup.com/main/downloadAttach?attachNo=952cc7137d344eaebd5df5a8191a45bf&seq=1,84f2c76f34e63217513f054cb3d99d8f39cd6063af18a35233e94dc9f8047bb4,6b0e22f4053587cc7cc4ba017ff61e4c3dd6e5e049c828708b133991eca400d0
신한금융지주,2026.2Q(2026.6.30 기준),경영공시,경영공시__신한금융지주,Ⅳ. 경영지표 / 사. 그룹 자본적정성 평가방법 / 나. 유동성커버리지비율_신한은행 / 나. 유동성커버리지비율_제주은행 / Ⅴ. 리스크 관리 / (2) 내부등급법 / 유동성리스크,oprisk,,문서에 없음,범위 문서 전체 p.1~145 · 정규식 운영\s*(리스크|위험)|손실\s*사건|손실\s*데이터|BCP|업무\s*연속성|위탁|IT\s*리스크|정보\s*보호|사이버 · 후보 7건 — 읽고 해당 서술 없음으로 판단,dart_out/raw/risk8/경영공시/신한금융지주/신한금융지주_경영공시_2026_2Q.pdf,https://www.shinhangroup.com/main/downloadAttach?attachNo=952cc7137d344eaebd5df5a8191a45bf&seq=1,84f2c76f34e63217513f054cb3d99d8f39cd6063af18a35233e94dc9f8047bb4,6b0e22f4053587cc7cc4ba017ff61e4c3dd6e5e049c828708b133991eca400d0
신한금융지주,2026.2Q(2026.6.30 기준),경영공시,경영공시__신한금융지주,Ⅳ. 경영지표 / 사. 그룹 자본적정성 평가방법 / 나. 유동성커버리지비율_신한은행 / 나. 유동성커버리지비율_제주은행 / Ⅴ. 리스크 관리 / (2) 내부등급법 / 유동성리스크,compensation,,문서에 없음,"범위 문서 전체 p.1~145 · 정규식 성과\s*보수|이연\s*지급|환수|Clawback|클로백|(리스크|위험)\s*(를|을)?\s*(고려|반영|조정)[^.。]{0,20}(성과|보수|평가)|(성과|보수)[^.。]{0,30}(리스크|위험)\s*(조정|반영|고려)|보수\s*체계|보수\s*정책|리스크\s*조정 · 후보 8건 — 읽고 해당 서술 없음으로 판단",dart_out/raw/risk8/경영공시/신한금융지주/신한금융지주_경영공시_2026_2Q.pdf,https://www.shinhangroup.com/main/downloadAttach?attachNo=952cc7137d344eaebd5df5a8191a45bf&seq=1,84f2c76f34e63217513f054cb3d99d8f39cd6063af18a35233e94dc9f8047bb4,6b0e22f4053587cc7cc4ba017ff61e4c3dd6e5e049c828708b133991eca400d0
하나금융지주,2026.2Q(2026.6.30 기준),경영공시,경영공시__하나금융지주,조직 및 영업점 현황 / 자본적정성 지표 / 유동성 지표 / 신용리스크 / 유동성 리스크 / 금리리스크,risk_committee,105,하나금융그룹은 신용평가모형의 운영현황 및 적합성검증 결과를 각각 그룹리스크관리위원회에 보고하고 있습니다.,,dart_out/raw/risk8/경영공시/하나금융지주/하나금융지주_경영공시_2026_2Q.pdf,https://www.hanafn.com/download/10080193/crossDownload.do,79106be521b9cd8d9ca0ee9638569b570c2cdd9f5d1734395390fa27b0dc4673,96cb349c2c171f588e8d69af3a7f9a80193869fba257b1fa8f6c1f69455ca826
하나금융지주,2026.2Q(2026.6.30 기준),경영공시,경영공시__하나금융지주,조직 및 영업점 현황 / 자본적정성 지표 / 유동성 지표 / 신용리스크 / 유동성 리스크 / 금리리스크,group_council,5,리스크관리 집행위원회,,dart_out/raw/risk8/경영공시/하나금융지주/하나금융지주_경영공시_2026_2Q.pdf,https://www.hanafn.com/download/10080193/crossDownload.do,79106be521b9cd8d9ca0ee9638569b570c2cdd9f5d1734395390fa27b0dc4673,96cb349c2c171f588e8d69af3a7f9a80193869fba257b1fa8f6c1f69455ca826
하나금융지주,2026.2Q(2026.6.30 기준),경영공시,경영공시__하나금융지주,조직 및 영업점 현황 / 자본적정성 지표 / 유동성 지표 / 신용리스크 / 유동성 리스크 / 금리리스크,raf,77,"규제자본 측면에서는 매월 신용, 시장, 운영위험가중자산을 산출하여 BIS비율을 모니터링하고 있고, 내부자본 측면에서는 그룹의 가용자본 범위 내에서 리스크 종류별로 내부자본 한도를 설정한 후, 한도초과여부 및 한도소진율을 매월 모니터링하고 있습니다.",,dart_out/raw/risk8/경영공시/하나금융지주/하나금융지주_경영공시_2026_2Q.pdf,https://www.hanafn.com/download/10080193/crossDownload.do,79106be521b9cd8d9ca0ee9638569b570c2cdd9f5d1734395390fa27b0dc4673,96cb349c2c171f588e8d69af3a7f9a80193869fba257b1fa8f6c1f69455ca826
하나금융지주,2026.2Q(2026.6.30 기준),경영공시,경영공시__하나금융지주,조직 및 영업점 현황 / 자본적정성 지표 / 유동성 지표 / 신용리스크 / 유동성 리스크 / 금리리스크,raf,124,"매년 리스크관리위원회를 통해 경영계획 및 금융환경을 감안한 금리리스크 내부자본 한도 및 이를 토대로 한 △EVE, △EVE비율, △NII비율한도를 설정하고 있으며, 매월 한도 준수 여부를 리스크관리(운영)위원회를 통해 경영진 앞 보고하고 있습니다.",,dart_out/raw/risk8/경영공시/하나금융지주/하나금융지주_경영공시_2026_2Q.pdf,https://www.hanafn.com/download/10080193/crossDownload.do,79106be521b9cd8d9ca0ee9638569b570c2cdd9f5d1734395390fa27b0dc4673,96cb349c2c171f588e8d69af3a7f9a80193869fba257b1fa8f6c1f69455ca826
하나금융지주,2026.2Q(2026.6.30 기준),경영공시,경영공시__하나금융지주,조직 및 영업점 현황 / 자본적정성 지표 / 유동성 지표 / 신용리스크 / 유동성 리스크 / 금리리스크,raf,120,"해외점포의 자산 규모에 따라 5억불 이상 점포는 외화유동성커버리지비율 80% 이상(부득이한 경우는 외화 유동성 3개월 비율), 5억불 미만 점포는 현지 유동성 규제비율로 관리가 원칙이며 현지 규제비율이 없는 경우 자체적으로 설정한 유동성 비율로 관리하고 있습니다.",,dart_out/raw/risk8/경영공시/하나금융지주/하나금융지주_경영공시_2026_2Q.pdf,https://www.hanafn.com/download/10080193/crossDownload.do,79106be521b9cd8d9ca0ee9638569b570c2cdd9f5d1734395390fa27b0dc4673,96cb349c2c171f588e8d69af3a7f9a80193869fba257b1fa8f6c1f69455ca826
하나금융지주,2026.2Q(2026.6.30 기준),경영공시,경영공시__하나금융지주,조직 및 영업점 현황 / 자본적정성 지표 / 유동성 지표 / 신용리스크 / 유동성 리스크 / 금리리스크,measurement,77,하나금융그룹은 규제자본 및 내부자본 측면에서 자본적정성을 평가하여 관리하고 있습니다.,,dart_out/raw/risk8/경영공시/하나금융지주/하나금융지주_경영공시_2026_2Q.pdf,https://www.hanafn.com/download/10080193/crossDownload.do,79106be521b9cd8d9ca0ee9638569b570c2cdd9f5d1734395390fa27b0dc4673,96cb349c2c171f588e8d69af3a7f9a80193869fba257b1fa8f6c1f69455ca826
하나금융지주,2026.2Q(2026.6.30 기준),경영공시,경영공시__하나금융지주,조직 및 영업점 현황 / 자본적정성 지표 / 유동성 지표 / 신용리스크 / 유동성 리스크 / 금리리스크,measurement,98,"하나금융그룹은 2021.3월말부터 바젤3 최종안을 신용리스크부문에 조기도입하여 신용위험가중자산을 산출하고 있습니다. 하나은행 및 하나카드는 내부등급법을, 그 외 자회사는 표준방법을 적용하고 있습니다.",,dart_out/raw/risk8/경영공시/하나금융지주/하나금융지주_경영공시_2026_2Q.pdf,https://www.hanafn.com/download/10080193/crossDownload.do,79106be521b9cd8d9ca0ee9638569b570c2cdd9f5d1734395390fa27b0dc4673,96cb349c2c171f588e8d69af3a7f9a80193869fba257b1fa8f6c1f69455ca826
하나금융지주,2026.2Q(2026.6.30 기준),경영공시,경영공시__하나금융지주,조직 및 영업점 현황 / 자본적정성 지표 / 유동성 지표 / 신용리스크 / 유동성 리스크 / 금리리스크,measurement,124,"금리리스크 측정을 위한 현금흐름은 ALM in house 시스템을 사용하며, 산출된 현금흐름을 활용하여 금리리스크량(△EVE, △NII)을 측정하고 보고서를 월단위로 생성하고 있습니다.",,dart_out/raw/risk8/경영공시/하나금융지주/하나금융지주_경영공시_2026_2Q.pdf,https://www.hanafn.com/download/10080193/crossDownload.do,79106be521b9cd8d9ca0ee9638569b570c2cdd9f5d1734395390fa27b0dc4673,96cb349c2c171f588e8d69af3a7f9a80193869fba257b1fa8f6c1f69455ca826
하나금융지주,2026.2Q(2026.6.30 기준),경영공시,경영공시__하나금융지주,조직 및 영업점 현황 / 자본적정성 지표 / 유동성 지표 / 신용리스크 / 유동성 리스크 / 금리리스크,reporting,105,하나금융그룹은 신용평가모형의 운영현황 및 적합성검증 결과를 각각 그룹리스크관리위원회에 보고하고 있습니다.,,dart_out/raw/risk8/경영공시/하나금융지주/하나금융지주_경영공시_2026_2Q.pdf,https://www.hanafn.com/download/10080193/crossDownload.do,79106be521b9cd8d9ca0ee9638569b570c2cdd9f5d1734395390fa27b0dc4673,96cb349c2c171f588e8d69af3a7f9a80193869fba257b1fa8f6c1f69455ca826
하나금융지주,2026.2Q(2026.6.30 기준),경영공시,경영공시__하나금융지주,조직 및 영업점 현황 / 자본적정성 지표 / 유동성 지표 / 신용리스크 / 유동성 리스크 / 금리리스크,reporting,124,"매년 리스크관리위원회를 통해 경영계획 및 금융환경을 감안한 금리리스크 내부자본 한도 및 이를 토대로 한 △EVE, △EVE비율, △NII비율한도를 설정하고 있으며, 매월 한도 준수 여부를 리스크관리(운영)위원회를 통해 경영진 앞 보고하고 있습니다.",,dart_out/raw/risk8/경영공시/하나금융지주/하나금융지주_경영공시_2026_2Q.pdf,https://www.hanafn.com/download/10080193/crossDownload.do,79106be521b9cd8d9ca0ee9638569b570c2cdd9f5d1734395390fa27b0dc4673,96cb349c2c171f588e8d69af3a7f9a80193869fba257b1fa8f6c1f69455ca826
하나금융지주,2026.2Q(2026.6.30 기준),경영공시,경영공시__하나금융지주,조직 및 영업점 현황 / 자본적정성 지표 / 유동성 지표 / 신용리스크 / 유동성 리스크 / 금리리스크,reporting,120,"주력 자회사인 하나은행은 한도 관리지표 이외 별도 관리가 필요하다고 판단되는 지표를 모니터링 지표로 선정하여 관리 중이며, 자금조달 원천에 대한 편중 관리, 해외점포에 대한 유동성 관리도 수행하고 있습니다.",,dart_out/raw/risk8/경영공시/하나금융지주/하나금융지주_경영공시_2026_2Q.pdf,https://www.hanafn.com/download/10080193/crossDownload.do,79106be521b9cd8d9ca0ee9638569b570c2cdd9f5d1734395390fa27b0dc4673,96cb349c2c171f588e8d69af3a7f9a80193869fba257b1fa8f6c1f69455ca826
하나금융지주,2026.2Q(2026.6.30 기준),경영공시,경영공시__하나금융지주,조직 및 영업점 현황 / 자본적정성 지표 / 유동성 지표 / 신용리스크 / 유동성 리스크 / 금리리스크,stress,124,또한 정상적인 상황 외 비정상적인 금리변동 상황을 가정한 위기상황분석을 다양한 방법을 통하여 정기적으로 실시하여 그 결과를 리스크관리(운영)위원회에 보고하고 있습니다.,,dart_out/raw/risk8/경영공시/하나금융지주/하나금융지주_경영공시_2026_2Q.pdf,https://www.hanafn.com/download/10080193/crossDownload.do,79106be521b9cd8d9ca0ee9638569b570c2cdd9f5d1734395390fa27b0dc4673,96cb349c2c171f588e8d69af3a7f9a80193869fba257b1fa8f6c1f69455ca826
하나금융지주,2026.2Q(2026.6.30 기준),경영공시,경영공시__하나금융지주,조직 및 영업점 현황 / 자본적정성 지표 / 유동성 지표 / 신용리스크 / 유동성 리스크 / 금리리스크,org,104,"신용평가시스템의 설계 및 적합성 검증 업무는 지주회사 내 독립된 부서에서 각각 수행하고 있으며, 지주회사 감사담당부서는 신용평가시스템의 독립적 점검 업무를 담당하고 있습니다.",,dart_out/raw/risk8/경영공시/하나금융지주/하나금융지주_경영공시_2026_2Q.pdf,https://www.hanafn.com/download/10080193/crossDownload.do,79106be521b9cd8d9ca0ee9638569b570c2cdd9f5d1734395390fa27b0dc4673,96cb349c2c171f588e8d69af3a7f9a80193869fba257b1fa8f6c1f69455ca826
하나금융지주,2026.2Q(2026.6.30 기준),경영공시,경영공시__하나금융지주,조직 및 영업점 현황 / 자본적정성 지표 / 유동성 지표 / 신용리스크 / 유동성 리스크 / 금리리스크,org,5,리스크관리팀 리스크분석팀 리스크검증팀,,dart_out/raw/risk8/경영공시/하나금융지주/하나금융지주_경영공시_2026_2Q.pdf,https://www.hanafn.com/download/10080193/crossDownload.do,79106be521b9cd8d9ca0ee9638569b570c2cdd9f5d1734395390fa27b0dc4673,96cb349c2c171f588e8d69af3a7f9a80193869fba257b1fa8f6c1f69455ca826
하나금융지주,2026.2Q(2026.6.30 기준),경영공시,경영공시__하나금융지주,조직 및 영업점 현황 / 자본적정성 지표 / 유동성 지표 / 신용리스크 / 유동성 리스크 / 금리리스크,org,85,당행은 유동성커버리지비율의 산출 및 관리를 담당하는 종합리스크관리부와 유동성 포트폴리오의 구성을 담당하는 경영기획부 간의 업무협조를 통해 유동성 관리의 집중도를 높이고 있습니다.,,dart_out/raw/risk8/경영공시/하나금융지주/하나금융지주_경영공시_2026_2Q.pdf,https://www.hanafn.com/download/10080193/crossDownload.do,79106be521b9cd8d9ca0ee9638569b570c2cdd9f5d1734395390fa27b0dc4673,96cb349c2c171f588e8d69af3a7f9a80193869fba257b1fa8f6c1f69455ca826
하나금융지주,2026.2Q(2026.6.30 기준),경영공시,경영공시__하나금융지주,조직 및 영업점 현황 / 자본적정성 지표 / 유동성 지표 / 신용리스크 / 유동성 리스크 / 금리리스크,cro,,문서에 없음,범위 문서 전체 p.1~137 · 정규식 CRO|위험관리\s*책임자|리스크\s*관리\s*책임자|최고\s*리스크|Chief\s*Risk · 후보 0건 — 읽고 해당 서술 없음으로 판단,dart_out/raw/risk8/경영공시/하나금융지주/하나금융지주_경영공시_2026_2Q.pdf,https://www.hanafn.com/download/10080193/crossDownload.do,79106be521b9cd8d9ca0ee9638569b570c2cdd9f5d1734395390fa27b0dc4673,96cb349c2c171f588e8d69af3a7f9a80193869fba257b1fa8f6c1f69455ca826
하나금융지주,2026.2Q(2026.6.30 기준),경영공시,경영공시__하나금융지주,조직 및 영업점 현황 / 자본적정성 지표 / 유동성 지표 / 신용리스크 / 유동성 리스크 / 금리리스크,oprisk,,문서에 없음,범위 문서 전체 p.1~137 · 정규식 운영\s*(리스크|위험)|손실\s*사건|손실\s*데이터|BCP|업무\s*연속성|위탁|IT\s*리스크|정보\s*보호|사이버 · 후보 6건 — 읽고 해당 서술 없음으로 판단,dart_out/raw/risk8/경영공시/하나금융지주/하나금융지주_경영공시_2026_2Q.pdf,https://www.hanafn.com/download/10080193/crossDownload.do,79106be521b9cd8d9ca0ee9638569b570c2cdd9f5d1734395390fa27b0dc4673,96cb349c2c171f588e8d69af3a7f9a80193869fba257b1fa8f6c1f69455ca826
하나금융지주,2026.2Q(2026.6.30 기준),경영공시,경영공시__하나금융지주,조직 및 영업점 현황 / 자본적정성 지표 / 유동성 지표 / 신용리스크 / 유동성 리스크 / 금리리스크,compensation,,문서에 없음,"범위 문서 전체 p.1~137 · 정규식 성과\s*보수|이연\s*지급|환수|Clawback|클로백|(리스크|위험)\s*(를|을)?\s*(고려|반영|조정)[^.。]{0,20}(성과|보수|평가)|(성과|보수)[^.。]{0,30}(리스크|위험)\s*(조정|반영|고려)|보수\s*체계|보수\s*정책|리스크\s*조정 · 후보 2건 — 읽고 해당 서술 없음으로 판단",dart_out/raw/risk8/경영공시/하나금융지주/하나금융지주_경영공시_2026_2Q.pdf,https://www.hanafn.com/download/10080193/crossDownload.do,79106be521b9cd8d9ca0ee9638569b570c2cdd9f5d1734395390fa27b0dc4673,96cb349c2c171f588e8d69af3a7f9a80193869fba257b1fa8f6c1f69455ca826
우리금융지주,2026.2Q(2026.6.30 기준),경영공시,경영공시__우리금융지주,자본적정성 지표 / 유동성 지표 / 신용리스크 / 유동성리스크 / 금리리스크,risk_committee,90,이사회 리스크관리위원회 리스크관리 기본방침∙전략 수립 유동성리스크 비율 및 허용한도 승인,,dart_out/raw/risk8/경영공시/우리금융지주/우리금융지주_경영공시_2026_2Q.pdf,https://www.woorifg.com/cmm/fms/FileDown.do?fileId=FILE_000000000004555&saveFileNm=202608310428140410.pdf&fileSeq=0,955877f85f460bd1427fc5e90d2768ccc53f45c3faedef52c4afcf0fe7946d6c,9b9b556239a6c9ebb70b2bb73e0cf3e72967f6c9c4eaaa502ee2198cf6c3e336
우리금융지주,2026.2Q(2026.6.30 기준),경영공시,경영공시__우리금융지주,자본적정성 지표 / 유동성 지표 / 신용리스크 / 유동성리스크 / 금리리스크,group_council,105,"신용평가모형 관리부서는 신용평가 모형의 적정성을 유지하기 위해, 모형의 안정성/예측력/변별력 등에 대해, 모니터링하여 그룹리스크관리협의회에 보고하고 있습니다.",,dart_out/raw/risk8/경영공시/우리금융지주/우리금융지주_경영공시_2026_2Q.pdf,https://www.woorifg.com/cmm/fms/FileDown.do?fileId=FILE_000000000004555&saveFileNm=202608310428140410.pdf&fileSeq=0,955877f85f460bd1427fc5e90d2768ccc53f45c3faedef52c4afcf0fe7946d6c,9b9b556239a6c9ebb70b2bb73e0cf3e72967f6c9c4eaaa502ee2198cf6c3e336
우리금융지주,2026.2Q(2026.6.30 기준),경영공시,경영공시__우리금융지주,자본적정성 지표 / 유동성 지표 / 신용리스크 / 유동성리스크 / 금리리스크,group_council,90,리스크관리심의회 유동성리스크 비율 및 허용한도 관리∙통제 유동성리스크 관리 현황 이사회/리스크관리위원회 보고,,dart_out/raw/risk8/경영공시/우리금융지주/우리금융지주_경영공시_2026_2Q.pdf,https://www.woorifg.com/cmm/fms/FileDown.do?fileId=FILE_000000000004555&saveFileNm=202608310428140410.pdf&fileSeq=0,955877f85f460bd1427fc5e90d2768ccc53f45c3faedef52c4afcf0fe7946d6c,9b9b556239a6c9ebb70b2bb73e0cf3e72967f6c9c4eaaa502ee2198cf6c3e336
우리금융지주,2026.2Q(2026.6.30 기준),경영공시,경영공시__우리금융지주,자본적정성 지표 / 유동성 지표 / 신용리스크 / 유동성리스크 / 금리리스크,raf,117,유동성리스크 관리를 위해 금융감독원 규제지표 외에 원·외화 만기불일치 한도를 설정하여 관리하고 있습니다.,,dart_out/raw/risk8/경영공시/우리금융지주/우리금융지주_경영공시_2026_2Q.pdf,https://www.woorifg.com/cmm/fms/FileDown.do?fileId=FILE_000000000004555&saveFileNm=202608310428140410.pdf&fileSeq=0,955877f85f460bd1427fc5e90d2768ccc53f45c3faedef52c4afcf0fe7946d6c,9b9b556239a6c9ebb70b2bb73e0cf3e72967f6c9c4eaaa502ee2198cf6c3e336
우리금융지주,2026.2Q(2026.6.30 기준),경영공시,경영공시__우리금융지주,자본적정성 지표 / 유동성 지표 / 신용리스크 / 유동성리스크 / 금리리스크,raf,117,자금조달 편중리스크 관리를 위해 상품/거래상대방별 목표비율 설정하여 관리하고 있습니다.,,dart_out/raw/risk8/경영공시/우리금융지주/우리금융지주_경영공시_2026_2Q.pdf,https://www.woorifg.com/cmm/fms/FileDown.do?fileId=FILE_000000000004555&saveFileNm=202608310428140410.pdf&fileSeq=0,955877f85f460bd1427fc5e90d2768ccc53f45c3faedef52c4afcf0fe7946d6c,9b9b556239a6c9ebb70b2bb73e0cf3e72967f6c9c4eaaa502ee2198cf6c3e336
우리금융지주,2026.2Q(2026.6.30 기준),경영공시,경영공시__우리금융지주,자본적정성 지표 / 유동성 지표 / 신용리스크 / 유동성리스크 / 금리리스크,measurement,83,우리금융그룹은 바젤Ⅲ 자본규제 기준을 적용하여 BIS 자기자본비율을 매분기 산출 및 공시하고 있으며 해당 지표는 금융회사가 보유한 자본이 리스크 대비 충분히 감내할 수 있는 수준인지 판단하는 지표입니다.,,dart_out/raw/risk8/경영공시/우리금융지주/우리금융지주_경영공시_2026_2Q.pdf,https://www.woorifg.com/cmm/fms/FileDown.do?fileId=FILE_000000000004555&saveFileNm=202608310428140410.pdf&fileSeq=0,955877f85f460bd1427fc5e90d2768ccc53f45c3faedef52c4afcf0fe7946d6c,9b9b556239a6c9ebb70b2bb73e0cf3e72967f6c9c4eaaa502ee2198cf6c3e336
우리금융지주,2026.2Q(2026.6.30 기준),경영공시,경영공시__우리금융지주,자본적정성 지표 / 유동성 지표 / 신용리스크 / 유동성리스크 / 금리리스크,measurement,105,"회사는 금융감독원으로부터 2020 년 6 월 우리은행(외감기업 익스포져 제외) 익스포져, 2021 년 9 월 우리은행 외감기업 익스포져 및 우리카드 익스포져에 대해 내부등급법 승인을 받아 운영하고 있으며, 2026년 3 월 그룹 기업(비외감1) 신용평가모형, 2026년 7 월 은행 소매 신용평가모형을 변경 승인받아 2026년 6 월 산출시부터 적용하고 있습니다.",,dart_out/raw/risk8/경영공시/우리금융지주/우리금융지주_경영공시_2026_2Q.pdf,https://www.woorifg.com/cmm/fms/FileDown.do?fileId=FILE_000000000004555&saveFileNm=202608310428140410.pdf&fileSeq=0,955877f85f460bd1427fc5e90d2768ccc53f45c3faedef52c4afcf0fe7946d6c,9b9b556239a6c9ebb70b2bb73e0cf3e72967f6c9c4eaaa502ee2198cf6c3e336
우리금융지주,2026.2Q(2026.6.30 기준),경영공시,경영공시__우리금융지주,자본적정성 지표 / 유동성 지표 / 신용리스크 / 유동성리스크 / 금리리스크,measurement,121,주) 해당값은 IRRBB 방법론을 적용하여 금리 리스크를 관리하는 자회사의 내부자본 기준 경제적 가치 변화(△EVE)와 순이자이익 변화(△NII) 산출량임.,,dart_out/raw/risk8/경영공시/우리금융지주/우리금융지주_경영공시_2026_2Q.pdf,https://www.woorifg.com/cmm/fms/FileDown.do?fileId=FILE_000000000004555&saveFileNm=202608310428140410.pdf&fileSeq=0,955877f85f460bd1427fc5e90d2768ccc53f45c3faedef52c4afcf0fe7946d6c,9b9b556239a6c9ebb70b2bb73e0cf3e72967f6c9c4eaaa502ee2198cf6c3e336
우리금융지주,2026.2Q(2026.6.30 기준),경영공시,경영공시__우리금융지주,자본적정성 지표 / 유동성 지표 / 신용리스크 / 유동성리스크 / 금리리스크,reporting,105,모형검증 부서는 연 1 회 신용평가 모형에 대하여 독립적인 사후검증(Validation)을 수행하고 동 결과를 리스크관리위원회에 보고합니다.,,dart_out/raw/risk8/경영공시/우리금융지주/우리금융지주_경영공시_2026_2Q.pdf,https://www.woorifg.com/cmm/fms/FileDown.do?fileId=FILE_000000000004555&saveFileNm=202608310428140410.pdf&fileSeq=0,955877f85f460bd1427fc5e90d2768ccc53f45c3faedef52c4afcf0fe7946d6c,9b9b556239a6c9ebb70b2bb73e0cf3e72967f6c9c4eaaa502ee2198cf6c3e336
우리금융지주,2026.2Q(2026.6.30 기준),경영공시,경영공시__우리금융지주,자본적정성 지표 / 유동성 지표 / 신용리스크 / 유동성리스크 / 금리리스크,reporting,105,"신용평가모형 관리부서는 신용평가 모형의 적정성을 유지하기 위해, 모형의 안정성/예측력/변별력 등에 대해, 모니터링하여 그룹리스크관리협의회에 보고하고 있습니다.",,dart_out/raw/risk8/경영공시/우리금융지주/우리금융지주_경영공시_2026_2Q.pdf,https://www.woorifg.com/cmm/fms/FileDown.do?fileId=FILE_000000000004555&saveFileNm=202608310428140410.pdf&fileSeq=0,955877f85f460bd1427fc5e90d2768ccc53f45c3faedef52c4afcf0fe7946d6c,9b9b556239a6c9ebb70b2bb73e0cf3e72967f6c9c4eaaa502ee2198cf6c3e336
우리금융지주,2026.2Q(2026.6.30 기준),경영공시,경영공시__우리금융지주,자본적정성 지표 / 유동성 지표 / 신용리스크 / 유동성리스크 / 금리리스크,reporting,90,리스크관리심의회 유동성리스크 비율 및 허용한도 관리∙통제 유동성리스크 관리 현황 이사회/리스크관리위원회 보고,,dart_out/raw/risk8/경영공시/우리금융지주/우리금융지주_경영공시_2026_2Q.pdf,https://www.woorifg.com/cmm/fms/FileDown.do?fileId=FILE_000000000004555&saveFileNm=202608310428140410.pdf&fileSeq=0,955877f85f460bd1427fc5e90d2768ccc53f45c3faedef52c4afcf0fe7946d6c,9b9b556239a6c9ebb70b2bb73e0cf3e72967f6c9c4eaaa502ee2198cf6c3e336
우리금융지주,2026.2Q(2026.6.30 기준),경영공시,경영공시__우리금융지주,자본적정성 지표 / 유동성 지표 / 신용리스크 / 유동성리스크 / 금리리스크,stress,118,"우리은행은 국외영업점의 자금조달 구조 관리를 위해 정기적으로 유동성지표를 모니터링하고 있으며, 국외영업점별 위기상황분석을 통해 위험요인을 사전에 파악하고 비상지원계획 수립 및 관리하고 있습니다.",,dart_out/raw/risk8/경영공시/우리금융지주/우리금융지주_경영공시_2026_2Q.pdf,https://www.woorifg.com/cmm/fms/FileDown.do?fileId=FILE_000000000004555&saveFileNm=202608310428140410.pdf&fileSeq=0,955877f85f460bd1427fc5e90d2768ccc53f45c3faedef52c4afcf0fe7946d6c,9b9b556239a6c9ebb70b2bb73e0cf3e72967f6c9c4eaaa502ee2198cf6c3e336
우리금융지주,2026.2Q(2026.6.30 기준),경영공시,경영공시__우리금융지주,자본적정성 지표 / 유동성 지표 / 신용리스크 / 유동성리스크 / 금리리스크,stress,90,자금부 전행 유동성 총괄 관리 및 분석 조달자금 편중도 관리를 통한 자금조달 다변화 추진 전행 비상자금조달계획 수립 및 관리 보유 유동성자산 관리 및 보고,,dart_out/raw/risk8/경영공시/우리금융지주/우리금융지주_경영공시_2026_2Q.pdf,https://www.woorifg.com/cmm/fms/FileDown.do?fileId=FILE_000000000004555&saveFileNm=202608310428140410.pdf&fileSeq=0,955877f85f460bd1427fc5e90d2768ccc53f45c3faedef52c4afcf0fe7946d6c,9b9b556239a6c9ebb70b2bb73e0cf3e72967f6c9c4eaaa502ee2198cf6c3e336
우리금융지주,2026.2Q(2026.6.30 기준),경영공시,경영공시__우리금융지주,자본적정성 지표 / 유동성 지표 / 신용리스크 / 유동성리스크 / 금리리스크,stress,90,리스크총괄부 유동성리스크 관리 전략 수립 유동성리스크 허용한도 설정 및 모니터링 유동성리스크 측정 시스템 개발 및 관리 유동성 위기상황 시나리오 설계 및 분석,,dart_out/raw/risk8/경영공시/우리금융지주/우리금융지주_경영공시_2026_2Q.pdf,https://www.woorifg.com/cmm/fms/FileDown.do?fileId=FILE_000000000004555&saveFileNm=202608310428140410.pdf&fileSeq=0,955877f85f460bd1427fc5e90d2768ccc53f45c3faedef52c4afcf0fe7946d6c,9b9b556239a6c9ebb70b2bb73e0cf3e72967f6c9c4eaaa502ee2198cf6c3e336
우리금융지주,2026.2Q(2026.6.30 기준),경영공시,경영공시__우리금융지주,자본적정성 지표 / 유동성 지표 / 신용리스크 / 유동성리스크 / 금리리스크,org,90,리스크총괄부 유동성리스크 관리 전략 수립 유동성리스크 허용한도 설정 및 모니터링 유동성리스크 측정 시스템 개발 및 관리 유동성 위기상황 시나리오 설계 및 분석,,dart_out/raw/risk8/경영공시/우리금융지주/우리금융지주_경영공시_2026_2Q.pdf,https://www.woorifg.com/cmm/fms/FileDown.do?fileId=FILE_000000000004555&saveFileNm=202608310428140410.pdf&fileSeq=0,955877f85f460bd1427fc5e90d2768ccc53f45c3faedef52c4afcf0fe7946d6c,9b9b556239a6c9ebb70b2bb73e0cf3e72967f6c9c4eaaa502ee2198cf6c3e336
우리금융지주,2026.2Q(2026.6.30 기준),경영공시,경영공시__우리금융지주,자본적정성 지표 / 유동성 지표 / 신용리스크 / 유동성리스크 / 금리리스크,org,105,"모형개발부서와 독립된 리스크모형검증부에서 신용평가 시스템의 적합성 검증업무를 수행하고 있으며, 지주 감사부에서 제 3 자 Review 를 실시하고 있습니다.",,dart_out/raw/risk8/경영공시/우리금융지주/우리금융지주_경영공시_2026_2Q.pdf,https://www.woorifg.com/cmm/fms/FileDown.do?fileId=FILE_000000000004555&saveFileNm=202608310428140410.pdf&fileSeq=0,955877f85f460bd1427fc5e90d2768ccc53f45c3faedef52c4afcf0fe7946d6c,9b9b556239a6c9ebb70b2bb73e0cf3e72967f6c9c4eaaa502ee2198cf6c3e336
우리금융지주,2026.2Q(2026.6.30 기준),경영공시,경영공시__우리금융지주,자본적정성 지표 / 유동성 지표 / 신용리스크 / 유동성리스크 / 금리리스크,cro,,문서에 없음,범위 문서 전체 p.1~132 · 정규식 CRO|위험관리\s*책임자|리스크\s*관리\s*책임자|최고\s*리스크|Chief\s*Risk · 후보 0건 — 읽고 해당 서술 없음으로 판단,dart_out/raw/risk8/경영공시/우리금융지주/우리금융지주_경영공시_2026_2Q.pdf,https://www.woorifg.com/cmm/fms/FileDown.do?fileId=FILE_000000000004555&saveFileNm=202608310428140410.pdf&fileSeq=0,955877f85f460bd1427fc5e90d2768ccc53f45c3faedef52c4afcf0fe7946d6c,9b9b556239a6c9ebb70b2bb73e0cf3e72967f6c9c4eaaa502ee2198cf6c3e336
우리금융지주,2026.2Q(2026.6.30 기준),경영공시,경영공시__우리금융지주,자본적정성 지표 / 유동성 지표 / 신용리스크 / 유동성리스크 / 금리리스크,oprisk,,문서에 없음,범위 문서 전체 p.1~132 · 정규식 운영\s*(리스크|위험)|손실\s*사건|손실\s*데이터|BCP|업무\s*연속성|위탁|IT\s*리스크|정보\s*보호|사이버 · 후보 3건 — 읽고 해당 서술 없음으로 판단,dart_out/raw/risk8/경영공시/우리금융지주/우리금융지주_경영공시_2026_2Q.pdf,https://www.woorifg.com/cmm/fms/FileDown.do?fileId=FILE_000000000004555&saveFileNm=202608310428140410.pdf&fileSeq=0,955877f85f460bd1427fc5e90d2768ccc53f45c3faedef52c4afcf0fe7946d6c,9b9b556239a6c9ebb70b2bb73e0cf3e72967f6c9c4eaaa502ee2198cf6c3e336
우리금융지주,2026.2Q(2026.6.30 기준),경영공시,경영공시__우리금융지주,자본적정성 지표 / 유동성 지표 / 신용리스크 / 유동성리스크 / 금리리스크,compensation,,문서에 없음,"범위 문서 전체 p.1~132 · 정규식 성과\s*보수|이연\s*지급|환수|Clawback|클로백|(리스크|위험)\s*(를|을)?\s*(고려|반영|조정)[^.。]{0,20}(성과|보수|평가)|(성과|보수)[^.。]{0,30}(리스크|위험)\s*(조정|반영|고려)|보수\s*체계|보수\s*정책|리스크\s*조정 · 후보 6건 — 읽고 해당 서술 없음으로 판단",dart_out/raw/risk8/경영공시/우리금융지주/우리금융지주_경영공시_2026_2Q.pdf,https://www.woorifg.com/cmm/fms/FileDown.do?fileId=FILE_000000000004555&saveFileNm=202608310428140410.pdf&fileSeq=0,955877f85f460bd1427fc5e90d2768ccc53f45c3faedef52c4afcf0fe7946d6c,9b9b556239a6c9ebb70b2bb73e0cf3e72967f6c9c4eaaa502ee2198cf6c3e336
메리츠금융지주,2026.2Q(2026.6.30 기준),경영공시,경영공시__메리츠금융지주,,risk_committee,,문서에 없음,범위 문서 전체 p.1~37 · 정규식 위험관리\s*위원회|리스크\s*관리\s*위원회|리스크위원회|Risk\s*Management\s*Committee · 후보 0건 — 읽고 해당 서술 없음으로 판단,dart_out/raw/risk8/경영공시/메리츠금융지주/메리츠금융지주_경영공시_2026_2Q.pdf,https://www.meritzgroup.com/commfiles/hld/attach/2026/20260831/202608311425251450031U.pdf,ca8c83ac4e99eb4b9cdcad010b922819ea4778d7726c61d8c4a56cb5844f4b2e,218051d04a7d926d8fbe64020ff93339f9145babb77ad63c6c0c573872565a96
메리츠금융지주,2026.2Q(2026.6.30 기준),경영공시,경영공시__메리츠금융지주,,group_council,,문서에 없음,범위 문서 전체 p.1~37 · 정규식 (리스크|위험)\s*(관리)?\s*(실무)?\s*(협의회|협의체|심의회)|리스크정책위원회|실무\s*위원회|실무\s*협의회 · 후보 0건 — 읽고 해당 서술 없음으로 판단,dart_out/raw/risk8/경영공시/메리츠금융지주/메리츠금융지주_경영공시_2026_2Q.pdf,https://www.meritzgroup.com/commfiles/hld/attach/2026/20260831/202608311425251450031U.pdf,ca8c83ac4e99eb4b9cdcad010b922819ea4778d7726c61d8c4a56cb5844f4b2e,218051d04a7d926d8fbe64020ff93339f9145babb77ad63c6c0c573872565a96
메리츠금융지주,2026.2Q(2026.6.30 기준),경영공시,경영공시__메리츠금융지주,,cro,,문서에 없음,범위 문서 전체 p.1~37 · 정규식 CRO|위험관리\s*책임자|리스크\s*관리\s*책임자|최고\s*리스크|Chief\s*Risk · 후보 0건 — 읽고 해당 서술 없음으로 판단,dart_out/raw/risk8/경영공시/메리츠금융지주/메리츠금융지주_경영공시_2026_2Q.pdf,https://www.meritzgroup.com/commfiles/hld/attach/2026/20260831/202608311425251450031U.pdf,ca8c83ac4e99eb4b9cdcad010b922819ea4778d7726c61d8c4a56cb5844f4b2e,218051d04a7d926d8fbe64020ff93339f9145babb77ad63c6c0c573872565a96
메리츠금융지주,2026.2Q(2026.6.30 기준),경영공시,경영공시__메리츠금융지주,,raf,,문서에 없음,범위 문서 전체 p.1~37 · 정규식 위험\s*선호|리스크\s*선호|Risk\s*Appetite|RAF|위험\s*성향|리스크\s*성향|(위험|리스크)\s*한도|허용\s*한도|한도\s*(관리|설정|배분)|(위험)?자본\s*배분|위험\s*자본\s*(한도|배분) · 후보 0건 — 읽고 해당 서술 없음으로 판단,dart_out/raw/risk8/경영공시/메리츠금융지주/메리츠금융지주_경영공시_2026_2Q.pdf,https://www.meritzgroup.com/commfiles/hld/attach/2026/20260831/202608311425251450031U.pdf,ca8c83ac4e99eb4b9cdcad010b922819ea4778d7726c61d8c4a56cb5844f4b2e,218051d04a7d926d8fbe64020ff93339f9145babb77ad63c6c0c573872565a96
메리츠금융지주,2026.2Q(2026.6.30 기준),경영공시,경영공시__메리츠금융지주,,measurement,,문서에 없음,범위 문서 전체 p.1~37 · 정규식 요구\s*자본|내부\s*자본|가용\s*자본|통합\s*(위험|리스크)|VaR|자본\s*적정성|ICAAP|위험\s*자본|경제적\s*자본|Risk\s*Capital|위험\s*측정|리스크\s*측정 · 후보 3건 — 읽고 해당 서술 없음으로 판단,dart_out/raw/risk8/경영공시/메리츠금융지주/메리츠금융지주_경영공시_2026_2Q.pdf,https://www.meritzgroup.com/commfiles/hld/attach/2026/20260831/202608311425251450031U.pdf,ca8c83ac4e99eb4b9cdcad010b922819ea4778d7726c61d8c4a56cb5844f4b2e,218051d04a7d926d8fbe64020ff93339f9145babb77ad63c6c0c573872565a96
메리츠금융지주,2026.2Q(2026.6.30 기준),경영공시,경영공시__메리츠금융지주,,reporting,,문서에 없음,"범위 문서 전체 p.1~37 · 정규식 (리스크|위험)[^.。]{0,40}보고|보고[^.。]{0,20}(리스크|위험)|MIS|모니터링|리스크\s*관리\s*시스템 · 후보 0건 — 읽고 해당 서술 없음으로 판단",dart_out/raw/risk8/경영공시/메리츠금융지주/메리츠금융지주_경영공시_2026_2Q.pdf,https://www.meritzgroup.com/commfiles/hld/attach/2026/20260831/202608311425251450031U.pdf,ca8c83ac4e99eb4b9cdcad010b922819ea4778d7726c61d8c4a56cb5844f4b2e,218051d04a7d926d8fbe64020ff93339f9145babb77ad63c6c0c573872565a96
메리츠금융지주,2026.2Q(2026.6.30 기준),경영공시,경영공시__메리츠금융지주,,stress,,문서에 없음,범위 문서 전체 p.1~37 · 정규식 위기\s*상황\s*분석|스트레스\s*테스트|Stress|위기\s*상황\s*시나리오|비상\s*(조달|자금|계획)|컨틴전시|Contingency|위기\s*관리 · 후보 0건 — 읽고 해당 서술 없음으로 판단,dart_out/raw/risk8/경영공시/메리츠금융지주/메리츠금융지주_경영공시_2026_2Q.pdf,https://www.meritzgroup.com/commfiles/hld/attach/2026/20260831/202608311425251450031U.pdf,ca8c83ac4e99eb4b9cdcad010b922819ea4778d7726c61d8c4a56cb5844f4b2e,218051d04a7d926d8fbe64020ff93339f9145babb77ad63c6c0c573872565a96
메리츠금융지주,2026.2Q(2026.6.30 기준),경영공시,경영공시__메리츠금융지주,,oprisk,,문서에 없음,범위 문서 전체 p.1~37 · 정규식 운영\s*(리스크|위험)|손실\s*사건|손실\s*데이터|BCP|업무\s*연속성|위탁|IT\s*리스크|정보\s*보호|사이버 · 후보 1건 — 읽고 해당 서술 없음으로 판단,dart_out/raw/risk8/경영공시/메리츠금융지주/메리츠금융지주_경영공시_2026_2Q.pdf,https://www.meritzgroup.com/commfiles/hld/attach/2026/20260831/202608311425251450031U.pdf,ca8c83ac4e99eb4b9cdcad010b922819ea4778d7726c61d8c4a56cb5844f4b2e,218051d04a7d926d8fbe64020ff93339f9145babb77ad63c6c0c573872565a96
메리츠금융지주,2026.2Q(2026.6.30 기준),경영공시,경영공시__메리츠금융지주,,compensation,,문서에 없음,"범위 문서 전체 p.1~37 · 정규식 성과\s*보수|이연\s*지급|환수|Clawback|클로백|(리스크|위험)\s*(를|을)?\s*(고려|반영|조정)[^.。]{0,20}(성과|보수|평가)|(성과|보수)[^.。]{0,30}(리스크|위험)\s*(조정|반영|고려)|보수\s*체계|보수\s*정책|리스크\s*조정 · 후보 2건 — 읽고 해당 서술 없음으로 판단",dart_out/raw/risk8/경영공시/메리츠금융지주/메리츠금융지주_경영공시_2026_2Q.pdf,https://www.meritzgroup.com/commfiles/hld/attach/2026/20260831/202608311425251450031U.pdf,ca8c83ac4e99eb4b9cdcad010b922819ea4778d7726c61d8c4a56cb5844f4b2e,218051d04a7d926d8fbe64020ff93339f9145babb77ad63c6c0c573872565a96
메리츠금융지주,2026.2Q(2026.6.30 기준),경영공시,경영공시__메리츠금융지주,,org,,문서에 없음,범위 문서 전체 p.1~37 · 정규식 리스크\s*관리\s*(부|팀|본부|부문|실|총괄|그룹|센터|조직)|위험\s*관리\s*(부|팀|본부|부문|실|조직|전담)|리스크\s*총괄|리스크\s*검증|전담\s*조직|리스크\s*관리\s*인력 · 후보 0건 — 읽고 해당 서술 없음으로 판단,dart_out/raw/risk8/경영공시/메리츠금융지주/메리츠금융지주_경영공시_2026_2Q.pdf,https://www.meritzgroup.com/commfiles/hld/attach/2026/20260831/202608311425251450031U.pdf,ca8c83ac4e99eb4b9cdcad010b922819ea4778d7726c61d8c4a56cb5844f4b2e,218051d04a7d926d8fbe64020ff93339f9145babb77ad63c6c0c573872565a96
iM금융지주,2026.2Q(2026.6.30 기준),경영공시,경영공시__iM금융지주,"사. 리스크별 익스포져 및 위험가중자산, 요구자본 현황 / (바) 유동성 관리의 집중도 정도 및 그룹 내 부서간의 상호관계에 대한 설명 / (2) 내부등급법",risk_committee,75,유동성관리의 최고의사결정기구인 위험관리위원회에서 유동성 리스크 관리전략을 통할하고 있음.,,dart_out/raw/risk8/경영공시/iM금융지주/iM금융지주_경영공시_2026_2Q.pdf,https://www.imfngroup.com/ybbsR3.fg?putup_writ_seq=4421&file_seq=1,00f65186d55d2d8ac5e6205f70f9c844a8160848383b0adf53fe8d3ee99e6323,b41a021f569b868fd9486dc33f7c683b6cb884a02755809a0e94ec2b2deb6e63
iM금융지주,2026.2Q(2026.6.30 기준),경영공시,경영공시__iM금융지주,"사. 리스크별 익스포져 및 위험가중자산, 요구자본 현황 / (바) 유동성 관리의 집중도 정도 및 그룹 내 부서간의 상호관계에 대한 설명 / (2) 내부등급법",group_council,75,각 부서는 독립적이고 유기적인 견제와 협력의 관계에 있으며 위험관리집행  위원회 등 협의체를 통해 중요의사결정을 수행함.,,dart_out/raw/risk8/경영공시/iM금융지주/iM금융지주_경영공시_2026_2Q.pdf,https://www.imfngroup.com/ybbsR3.fg?putup_writ_seq=4421&file_seq=1,00f65186d55d2d8ac5e6205f70f9c844a8160848383b0adf53fe8d3ee99e6323,b41a021f569b868fd9486dc33f7c683b6cb884a02755809a0e94ec2b2deb6e63
iM금융지주,2026.2Q(2026.6.30 기준),경영공시,경영공시__iM금융지주,"사. 리스크별 익스포져 및 위험가중자산, 요구자본 현황 / (바) 유동성 관리의 집중도 정도 및 그룹 내 부서간의 상호관계에 대한 설명 / (2) 내부등급법",raf,75,"안정적 유동성관리를 위해 한도관리,위기상황분석 실시 및 비상자금조달계획 등을 수립하여 관리하고 있으며, 정기적으로 유동성 종합현황을 위험관리집행위원회 및 위험관리위원회에 보고하고 있음.",,dart_out/raw/risk8/경영공시/iM금융지주/iM금융지주_경영공시_2026_2Q.pdf,https://www.imfngroup.com/ybbsR3.fg?putup_writ_seq=4421&file_seq=1,00f65186d55d2d8ac5e6205f70f9c844a8160848383b0adf53fe8d3ee99e6323,b41a021f569b868fd9486dc33f7c683b6cb884a02755809a0e94ec2b2deb6e63
iM금융지주,2026.2Q(2026.6.30 기준),경영공시,경영공시__iM금융지주,"사. 리스크별 익스포져 및 위험가중자산, 요구자본 현황 / (바) 유동성 관리의 집중도 정도 및 그룹 내 부서간의 상호관계에 대한 설명 / (2) 내부등급법",measurement,67,"당사는 바젤III자본규제체계에 의거하여, 위험가중자산에 대한 자기자본비율을 매월마다 측정하고 자본규제에 따른 자본적정성을 평가하여 관리하고 있으며 위험가중자산은 신용, 시장, 운영리스크로 구분하여 측정하고 있습니다.",,dart_out/raw/risk8/경영공시/iM금융지주/iM금융지주_경영공시_2026_2Q.pdf,https://www.imfngroup.com/ybbsR3.fg?putup_writ_seq=4421&file_seq=1,00f65186d55d2d8ac5e6205f70f9c844a8160848383b0adf53fe8d3ee99e6323,b41a021f569b868fd9486dc33f7c683b6cb884a02755809a0e94ec2b2deb6e63
iM금융지주,2026.2Q(2026.6.30 기준),경영공시,경영공시__iM금융지주,"사. 리스크별 익스포져 및 위험가중자산, 요구자본 현황 / (바) 유동성 관리의 집중도 정도 및 그룹 내 부서간의 상호관계에 대한 설명 / (2) 내부등급법",measurement,94,2021년4월 8일신용평가모형및신 용리스크계 량화모델에대하 여금감 원의신용리스크기본내부등급법사용에대한승인을 받았습니다.,,dart_out/raw/risk8/경영공시/iM금융지주/iM금융지주_경영공시_2026_2Q.pdf,https://www.imfngroup.com/ybbsR3.fg?putup_writ_seq=4421&file_seq=1,00f65186d55d2d8ac5e6205f70f9c844a8160848383b0adf53fe8d3ee99e6323,b41a021f569b868fd9486dc33f7c683b6cb884a02755809a0e94ec2b2deb6e63
iM금융지주,2026.2Q(2026.6.30 기준),경영공시,경영공시__iM금융지주,"사. 리스크별 익스포져 및 위험가중자산, 요구자본 현황 / (바) 유동성 관리의 집중도 정도 및 그룹 내 부서간의 상호관계에 대한 설명 / (2) 내부등급법",measurement,94,"소매익스포져는ASS및BSS모형(각10등급체계)으로구분된여신(4개)및카드(4개),총8개의신용평가모형(스코어카드)을 운영하고,동질적인리스크특성을가진자산군(Pool)별리스크를측정,관리하고있습니다.",,dart_out/raw/risk8/경영공시/iM금융지주/iM금융지주_경영공시_2026_2Q.pdf,https://www.imfngroup.com/ybbsR3.fg?putup_writ_seq=4421&file_seq=1,00f65186d55d2d8ac5e6205f70f9c844a8160848383b0adf53fe8d3ee99e6323,b41a021f569b868fd9486dc33f7c683b6cb884a02755809a0e94ec2b2deb6e63
iM금융지주,2026.2Q(2026.6.30 기준),경영공시,경영공시__iM금융지주,"사. 리스크별 익스포져 및 위험가중자산, 요구자본 현황 / (바) 유동성 관리의 집중도 정도 및 그룹 내 부서간의 상호관계에 대한 설명 / (2) 내부등급법",reporting,94,"지주회사리스크관리부는신 용평 가모형 의적정 성을유지하기위하여모형 별/등급별분포,부도율,등급유지율,모형별변별력 등을모니터링하고그결과 를그룹위험 관리책임 자및그룹위험관리 위원회(중요사항)에보고하고있습니다.",,dart_out/raw/risk8/경영공시/iM금융지주/iM금융지주_경영공시_2026_2Q.pdf,https://www.imfngroup.com/ybbsR3.fg?putup_writ_seq=4421&file_seq=1,00f65186d55d2d8ac5e6205f70f9c844a8160848383b0adf53fe8d3ee99e6323,b41a021f569b868fd9486dc33f7c683b6cb884a02755809a0e94ec2b2deb6e63
iM금융지주,2026.2Q(2026.6.30 기준),경영공시,경영공시__iM금융지주,"사. 리스크별 익스포져 및 위험가중자산, 요구자본 현황 / (바) 유동성 관리의 집중도 정도 및 그룹 내 부서간의 상호관계에 대한 설명 / (2) 내부등급법",reporting,94,지주회사리스크검증팀은연1회이상정기적으로모형개발이후운용현황 의적정성 에대하여독립적사후검증(V alid ation)을 실시하고적 합성검증결과는그룹위험 관리 책임자및그룹위험관 리위원 회에보고하고있습니 다.,,dart_out/raw/risk8/경영공시/iM금융지주/iM금융지주_경영공시_2026_2Q.pdf,https://www.imfngroup.com/ybbsR3.fg?putup_writ_seq=4421&file_seq=1,00f65186d55d2d8ac5e6205f70f9c844a8160848383b0adf53fe8d3ee99e6323,b41a021f569b868fd9486dc33f7c683b6cb884a02755809a0e94ec2b2deb6e63
iM금융지주,2026.2Q(2026.6.30 기준),경영공시,경영공시__iM금융지주,"사. 리스크별 익스포져 및 위험가중자산, 요구자본 현황 / (바) 유동성 관리의 집중도 정도 및 그룹 내 부서간의 상호관계에 대한 설명 / (2) 내부등급법",reporting,75,"안정적 유동성관리를 위해 한도관리,위기상황분석 실시 및 비상자금조달계획 등을 수립하여 관리하고 있으며, 정기적으로 유동성 종합현황을 위험관리집행위원회 및 위험관리위원회에 보고하고 있음.",,dart_out/raw/risk8/경영공시/iM금융지주/iM금융지주_경영공시_2026_2Q.pdf,https://www.imfngroup.com/ybbsR3.fg?putup_writ_seq=4421&file_seq=1,00f65186d55d2d8ac5e6205f70f9c844a8160848383b0adf53fe8d3ee99e6323,b41a021f569b868fd9486dc33f7c683b6cb884a02755809a0e94ec2b2deb6e63
iM금융지주,2026.2Q(2026.6.30 기준),경영공시,경영공시__iM금융지주,"사. 리스크별 익스포져 및 위험가중자산, 요구자본 현황 / (바) 유동성 관리의 집중도 정도 및 그룹 내 부서간의 상호관계에 대한 설명 / (2) 내부등급법",stress,75,"안정적 유동성관리를 위해 한도관리,위기상황분석 실시 및 비상자금조달계획 등을 수립하여 관리하고 있으며, 정기적으로 유동성 종합현황을 위험관리집행위원회 및 위험관리위원회에 보고하고 있음.",,dart_out/raw/risk8/경영공시/iM금융지주/iM금융지주_경영공시_2026_2Q.pdf,https://www.imfngroup.com/ybbsR3.fg?putup_writ_seq=4421&file_seq=1,00f65186d55d2d8ac5e6205f70f9c844a8160848383b0adf53fe8d3ee99e6323,b41a021f569b868fd9486dc33f7c683b6cb884a02755809a0e94ec2b2deb6e63
iM금융지주,2026.2Q(2026.6.30 기준),경영공시,경영공시__iM금융지주,"사. 리스크별 익스포져 및 위험가중자산, 요구자본 현황 / (바) 유동성 관리의 집중도 정도 및 그룹 내 부서간의 상호관계에 대한 설명 / (2) 내부등급법",org,94,"신용평가시스템개발및운영은지주회사리스크관리부에서담당하고,적합성검증은운영부서와독립된지주회사리스크 검증팀(은행겸직)에서연1회이상검증을수행하며,제3자점검은지주사검사부에서수행하고있습니 다.",,dart_out/raw/risk8/경영공시/iM금융지주/iM금융지주_경영공시_2026_2Q.pdf,https://www.imfngroup.com/ybbsR3.fg?putup_writ_seq=4421&file_seq=1,00f65186d55d2d8ac5e6205f70f9c844a8160848383b0adf53fe8d3ee99e6323,b41a021f569b868fd9486dc33f7c683b6cb884a02755809a0e94ec2b2deb6e63
iM금융지주,2026.2Q(2026.6.30 기준),경영공시,경영공시__iM금융지주,"사. 리스크별 익스포져 및 위험가중자산, 요구자본 현황 / (바) 유동성 관리의 집중도 정도 및 그룹 내 부서간의 상호관계에 대한 설명 / (2) 내부등급법",org,75,"자금의 기획 및 관리를 담당하는 부서, 유동성리스크를 인식, 측정, 통제, 점검하는 부서 및 조달ㆍ운용의 정책을 수립하고 시행하는 부서는 분리되어 있음.",,dart_out/raw/risk8/경영공시/iM금융지주/iM금융지주_경영공시_2026_2Q.pdf,https://www.imfngroup.com/ybbsR3.fg?putup_writ_seq=4421&file_seq=1,00f65186d55d2d8ac5e6205f70f9c844a8160848383b0adf53fe8d3ee99e6323,b41a021f569b868fd9486dc33f7c683b6cb884a02755809a0e94ec2b2deb6e63
iM금융지주,2026.2Q(2026.6.30 기준),경영공시,경영공시__iM금융지주,"사. 리스크별 익스포져 및 위험가중자산, 요구자본 현황 / (바) 유동성 관리의 집중도 정도 및 그룹 내 부서간의 상호관계에 대한 설명 / (2) 내부등급법",cro,,문서에 없음,범위 문서 전체 p.1~123 · 정규식 CRO|위험관리\s*책임자|리스크\s*관리\s*책임자|최고\s*리스크|Chief\s*Risk · 후보 5건 — 읽고 해당 서술 없음으로 판단,dart_out/raw/risk8/경영공시/iM금융지주/iM금융지주_경영공시_2026_2Q.pdf,https://www.imfngroup.com/ybbsR3.fg?putup_writ_seq=4421&file_seq=1,00f65186d55d2d8ac5e6205f70f9c844a8160848383b0adf53fe8d3ee99e6323,b41a021f569b868fd9486dc33f7c683b6cb884a02755809a0e94ec2b2deb6e63
iM금융지주,2026.2Q(2026.6.30 기준),경영공시,경영공시__iM금융지주,"사. 리스크별 익스포져 및 위험가중자산, 요구자본 현황 / (바) 유동성 관리의 집중도 정도 및 그룹 내 부서간의 상호관계에 대한 설명 / (2) 내부등급법",oprisk,,문서에 없음,범위 문서 전체 p.1~123 · 정규식 운영\s*(리스크|위험)|손실\s*사건|손실\s*데이터|BCP|업무\s*연속성|위탁|IT\s*리스크|정보\s*보호|사이버 · 후보 3건 — 읽고 해당 서술 없음으로 판단,dart_out/raw/risk8/경영공시/iM금융지주/iM금융지주_경영공시_2026_2Q.pdf,https://www.imfngroup.com/ybbsR3.fg?putup_writ_seq=4421&file_seq=1,00f65186d55d2d8ac5e6205f70f9c844a8160848383b0adf53fe8d3ee99e6323,b41a021f569b868fd9486dc33f7c683b6cb884a02755809a0e94ec2b2deb6e63
iM금융지주,2026.2Q(2026.6.30 기준),경영공시,경영공시__iM금융지주,"사. 리스크별 익스포져 및 위험가중자산, 요구자본 현황 / (바) 유동성 관리의 집중도 정도 및 그룹 내 부서간의 상호관계에 대한 설명 / (2) 내부등급법",compensation,,문서에 없음,"범위 문서 전체 p.1~123 · 정규식 성과\s*보수|이연\s*지급|환수|Clawback|클로백|(리스크|위험)\s*(를|을)?\s*(고려|반영|조정)[^.。]{0,20}(성과|보수|평가)|(성과|보수)[^.。]{0,30}(리스크|위험)\s*(조정|반영|고려)|보수\s*체계|보수\s*정책|리스크\s*조정 · 후보 7건 — 읽고 해당 서술 없음으로 판단",dart_out/raw/risk8/경영공시/iM금융지주/iM금융지주_경영공시_2026_2Q.pdf,https://www.imfngroup.com/ybbsR3.fg?putup_writ_seq=4421&file_seq=1,00f65186d55d2d8ac5e6205f70f9c844a8160848383b0adf53fe8d3ee99e6323,b41a021f569b868fd9486dc33f7c683b6cb884a02755809a0e94ec2b2deb6e63
NH농협금융지주,2026.2Q(2026.6.30 기준),경영공시,경영공시__NH농협금융지주,"Ⅴ. 리스크관리 > 2. 신용리스크(가) 내부등급법 적용에 대해 감독원장으로부터 승인받은 산출방법 / 마) 신용평가시스템 통제기준(검증 및 제3자 점검) / 사) 내부 모형의 개발, 통제, 변화 / 아) 신용리스크모형 관련 보고 범위와 주요 보고 내용 / 자) 각 포트폴리오에 대한 필수적인 설명) / 5. 유동성리스크 / Ⅳ. 경영지표 > 3. 유동성지표 > 라) 유동성 관리의 집중화 정도 및 그룹 내 부서간의 상호관계에 대한 설명",risk_committee,101,당사는 신용리스크 내부등급법 적용대상 신용평가시스템의 신규 개발 및 주요 변경사항과 신용리 스크 측정요소 추정 결과 및 주요 변경사항을 리스크관리위원회 의결로서 정하고 있습니다.,,dart_out/raw/risk8/경영공시/NH농협금융지주/NH농협금융지주_경영공시_2026_2Q.pdf,https://www.nhfngroup.com/user/disclosureDown.do?siteId=nhfngroup&disclosureSeq=339,f9bd0098b21da43e33b5ac3f0f15f160661967dfcfb20e0a7ea1ab5ef7ff050e,d52e2cfa90951f59806746906a89eb25f7e0c62642a943d298c1e37f4ddbbee4
NH농협금융지주,2026.2Q(2026.6.30 기준),경영공시,경영공시__NH농협금융지주,"Ⅴ. 리스크관리 > 2. 신용리스크(가) 내부등급법 적용에 대해 감독원장으로부터 승인받은 산출방법 / 마) 신용평가시스템 통제기준(검증 및 제3자 점검) / 사) 내부 모형의 개발, 통제, 변화 / 아) 신용리스크모형 관련 보고 범위와 주요 보고 내용 / 자) 각 포트폴리오에 대한 필수적인 설명) / 5. 유동성리스크 / Ⅳ. 경영지표 > 3. 유동성지표 > 라) 유동성 관리의 집중화 정도 및 그룹 내 부서간의 상호관계에 대한 설명",group_council,100,"모형개발 타당성 검토 → 관련부서 협의 → 모형개발, 시스템 설계 및 전산구현 → 리스크관리협의회 및 위원회 의결 → 금융감독원 승인(표준방법 적용 대상은 제외)",,dart_out/raw/risk8/경영공시/NH농협금융지주/NH농협금융지주_경영공시_2026_2Q.pdf,https://www.nhfngroup.com/user/disclosureDown.do?siteId=nhfngroup&disclosureSeq=339,f9bd0098b21da43e33b5ac3f0f15f160661967dfcfb20e0a7ea1ab5ef7ff050e,d52e2cfa90951f59806746906a89eb25f7e0c62642a943d298c1e37f4ddbbee4
NH농협금융지주,2026.2Q(2026.6.30 기준),경영공시,경영공시__NH농협금융지주,"Ⅴ. 리스크관리 > 2. 신용리스크(가) 내부등급법 적용에 대해 감독원장으로부터 승인받은 산출방법 / 마) 신용평가시스템 통제기준(검증 및 제3자 점검) / 사) 내부 모형의 개발, 통제, 변화 / 아) 신용리스크모형 관련 보고 범위와 주요 보고 내용 / 자) 각 포트폴리오에 대한 필수적인 설명) / 5. 유동성리스크 / Ⅳ. 경영지표 > 3. 유동성지표 > 라) 유동성 관리의 집중화 정도 및 그룹 내 부서간의 상호관계에 대한 설명",raf,120,"또한 미래 현금흐름의 불일치 정도를 파악할 수 있는 원ž외화·신탁 ｢유동성비율｣과 1년 이상 외화 자금에 대한 관리를 위해 ｢중장기외화자금조달비율｣ 등을 조기경보지표 및 허용한도로 설정하여, 일정 목표비율 이상으로 관리하고 있습니다.",,dart_out/raw/risk8/경영공시/NH농협금융지주/NH농협금융지주_경영공시_2026_2Q.pdf,https://www.nhfngroup.com/user/disclosureDown.do?siteId=nhfngroup&disclosureSeq=339,f9bd0098b21da43e33b5ac3f0f15f160661967dfcfb20e0a7ea1ab5ef7ff050e,d52e2cfa90951f59806746906a89eb25f7e0c62642a943d298c1e37f4ddbbee4
NH농협금융지주,2026.2Q(2026.6.30 기준),경영공시,경영공시__NH농협금융지주,"Ⅴ. 리스크관리 > 2. 신용리스크(가) 내부등급법 적용에 대해 감독원장으로부터 승인받은 산출방법 / 마) 신용평가시스템 통제기준(검증 및 제3자 점검) / 사) 내부 모형의 개발, 통제, 변화 / 아) 신용리스크모형 관련 보고 범위와 주요 보고 내용 / 자) 각 포트폴리오에 대한 필수적인 설명) / 5. 유동성리스크 / Ⅳ. 경영지표 > 3. 유동성지표 > 라) 유동성 관리의 집중화 정도 및 그룹 내 부서간의 상호관계에 대한 설명",measurement,95,"당사는 2016년말 기업 및 소매 익스포져 등에 대한 기본내부등급법 승인을 획득하였으며, 내부등급법 적용 대상 자회사는 NH농협은행입니다.",,dart_out/raw/risk8/경영공시/NH농협금융지주/NH농협금융지주_경영공시_2026_2Q.pdf,https://www.nhfngroup.com/user/disclosureDown.do?siteId=nhfngroup&disclosureSeq=339,f9bd0098b21da43e33b5ac3f0f15f160661967dfcfb20e0a7ea1ab5ef7ff050e,d52e2cfa90951f59806746906a89eb25f7e0c62642a943d298c1e37f4ddbbee4
NH농협금융지주,2026.2Q(2026.6.30 기준),경영공시,경영공시__NH농협금융지주,"Ⅴ. 리스크관리 > 2. 신용리스크(가) 내부등급법 적용에 대해 감독원장으로부터 승인받은 산출방법 / 마) 신용평가시스템 통제기준(검증 및 제3자 점검) / 사) 내부 모형의 개발, 통제, 변화 / 아) 신용리스크모형 관련 보고 범위와 주요 보고 내용 / 자) 각 포트폴리오에 대한 필수적인 설명) / 5. 유동성리스크 / Ⅳ. 경영지표 > 3. 유동성지표 > 라) 유동성 관리의 집중화 정도 및 그룹 내 부서간의 상호관계에 대한 설명",measurement,102,"- PD 추정방법: 경기침체기 포함 5년 이상 부도관측 데이터를 활용하여 장기평균 부도율을 추정하되, 소매 익스포져는 리스크 특성이 유사한 계좌를 Pool 단위로 그룹화 하여 Pool 별 부도율을 추정. 매년 1회 이상 추정치의 적정여부를 점검",,dart_out/raw/risk8/경영공시/NH농협금융지주/NH농협금융지주_경영공시_2026_2Q.pdf,https://www.nhfngroup.com/user/disclosureDown.do?siteId=nhfngroup&disclosureSeq=339,f9bd0098b21da43e33b5ac3f0f15f160661967dfcfb20e0a7ea1ab5ef7ff050e,d52e2cfa90951f59806746906a89eb25f7e0c62642a943d298c1e37f4ddbbee4
NH농협금융지주,2026.2Q(2026.6.30 기준),경영공시,경영공시__NH농협금융지주,"Ⅴ. 리스크관리 > 2. 신용리스크(가) 내부등급법 적용에 대해 감독원장으로부터 승인받은 산출방법 / 마) 신용평가시스템 통제기준(검증 및 제3자 점검) / 사) 내부 모형의 개발, 통제, 변화 / 아) 신용리스크모형 관련 보고 범위와 주요 보고 내용 / 자) 각 포트폴리오에 대한 필수적인 설명) / 5. 유동성리스크 / Ⅳ. 경영지표 > 3. 유동성지표 > 라) 유동성 관리의 집중화 정도 및 그룹 내 부서간의 상호관계에 대한 설명",measurement,103,- 당사는 신용위험요소 추정치에 대해 모니터링 및 적합성검증을 최소 연 1회 이상 정기적으로 실시하도록 규정화하였습니다.,,dart_out/raw/risk8/경영공시/NH농협금융지주/NH농협금융지주_경영공시_2026_2Q.pdf,https://www.nhfngroup.com/user/disclosureDown.do?siteId=nhfngroup&disclosureSeq=339,f9bd0098b21da43e33b5ac3f0f15f160661967dfcfb20e0a7ea1ab5ef7ff050e,d52e2cfa90951f59806746906a89eb25f7e0c62642a943d298c1e37f4ddbbee4
NH농협금융지주,2026.2Q(2026.6.30 기준),경영공시,경영공시__NH농협금융지주,"Ⅴ. 리스크관리 > 2. 신용리스크(가) 내부등급법 적용에 대해 감독원장으로부터 승인받은 산출방법 / 마) 신용평가시스템 통제기준(검증 및 제3자 점검) / 사) 내부 모형의 개발, 통제, 변화 / 아) 신용리스크모형 관련 보고 범위와 주요 보고 내용 / 자) 각 포트폴리오에 대한 필수적인 설명) / 5. 유동성리스크 / Ⅳ. 경영지표 > 3. 유동성지표 > 라) 유동성 관리의 집중화 정도 및 그룹 내 부서간의 상호관계에 대한 설명",reporting,101,"또한, 신용평가시스템 및 신용리스크 측정요소 추정치의 적합성 검증결과를 정기적으로 리 스크관리위원회에 보고하고 있습니다.",,dart_out/raw/risk8/경영공시/NH농협금융지주/NH농협금융지주_경영공시_2026_2Q.pdf,https://www.nhfngroup.com/user/disclosureDown.do?siteId=nhfngroup&disclosureSeq=339,f9bd0098b21da43e33b5ac3f0f15f160661967dfcfb20e0a7ea1ab5ef7ff050e,d52e2cfa90951f59806746906a89eb25f7e0c62642a943d298c1e37f4ddbbee4
NH농협금융지주,2026.2Q(2026.6.30 기준),경영공시,경영공시__NH농협금융지주,"Ⅴ. 리스크관리 > 2. 신용리스크(가) 내부등급법 적용에 대해 감독원장으로부터 승인받은 산출방법 / 마) 신용평가시스템 통제기준(검증 및 제3자 점검) / 사) 내부 모형의 개발, 통제, 변화 / 아) 신용리스크모형 관련 보고 범위와 주요 보고 내용 / 자) 각 포트폴리오에 대한 필수적인 설명) / 5. 유동성리스크 / Ⅳ. 경영지표 > 3. 유동성지표 > 라) 유동성 관리의 집중화 정도 및 그룹 내 부서간의 상호관계에 대한 설명",reporting,78,"또한 유동성위기에 대비한 별도의 비상조달계획(Contingency Funding Plan)을 수립하고 시장상황 에 따라 수시로 조정하며, 유동성리스크 관리현황은 매월 리스크관리협의체에 보고됩니다.",,dart_out/raw/risk8/경영공시/NH농협금융지주/NH농협금융지주_경영공시_2026_2Q.pdf,https://www.nhfngroup.com/user/disclosureDown.do?siteId=nhfngroup&disclosureSeq=339,f9bd0098b21da43e33b5ac3f0f15f160661967dfcfb20e0a7ea1ab5ef7ff050e,d52e2cfa90951f59806746906a89eb25f7e0c62642a943d298c1e37f4ddbbee4
NH농협금융지주,2026.2Q(2026.6.30 기준),경영공시,경영공시__NH농협금융지주,"Ⅴ. 리스크관리 > 2. 신용리스크(가) 내부등급법 적용에 대해 감독원장으로부터 승인받은 산출방법 / 마) 신용평가시스템 통제기준(검증 및 제3자 점검) / 사) 내부 모형의 개발, 통제, 변화 / 아) 신용리스크모형 관련 보고 범위와 주요 보고 내용 / 자) 각 포트폴리오에 대한 필수적인 설명) / 5. 유동성리스크 / Ⅳ. 경영지표 > 3. 유동성지표 > 라) 유동성 관리의 집중화 정도 및 그룹 내 부서간의 상호관계에 대한 설명",reporting,120,"해당 지표들은 매월 산출하여 모니터링 하며, 산출대상에는 재무상태표 상의 자산ž부채 및 파생거래 등 난외계정으로부터의 현금흐름을 포함합니다.",,dart_out/raw/risk8/경영공시/NH농협금융지주/NH농협금융지주_경영공시_2026_2Q.pdf,https://www.nhfngroup.com/user/disclosureDown.do?siteId=nhfngroup&disclosureSeq=339,f9bd0098b21da43e33b5ac3f0f15f160661967dfcfb20e0a7ea1ab5ef7ff050e,d52e2cfa90951f59806746906a89eb25f7e0c62642a943d298c1e37f4ddbbee4
NH농협금융지주,2026.2Q(2026.6.30 기준),경영공시,경영공시__NH농협금융지주,"Ⅴ. 리스크관리 > 2. 신용리스크(가) 내부등급법 적용에 대해 감독원장으로부터 승인받은 산출방법 / 마) 신용평가시스템 통제기준(검증 및 제3자 점검) / 사) 내부 모형의 개발, 통제, 변화 / 아) 신용리스크모형 관련 보고 범위와 주요 보고 내용 / 자) 각 포트폴리오에 대한 필수적인 설명) / 5. 유동성리스크 / Ⅳ. 경영지표 > 3. 유동성지표 > 라) 유동성 관리의 집중화 정도 및 그룹 내 부서간의 상호관계에 대한 설명",stress,78,"또한 유동성위기에 대비한 별도의 비상조달계획(Contingency Funding Plan)을 수립하고 시장상황 에 따라 수시로 조정하며, 유동성리스크 관리현황은 매월 리스크관리협의체에 보고됩니다.",,dart_out/raw/risk8/경영공시/NH농협금융지주/NH농협금융지주_경영공시_2026_2Q.pdf,https://www.nhfngroup.com/user/disclosureDown.do?siteId=nhfngroup&disclosureSeq=339,f9bd0098b21da43e33b5ac3f0f15f160661967dfcfb20e0a7ea1ab5ef7ff050e,d52e2cfa90951f59806746906a89eb25f7e0c62642a943d298c1e37f4ddbbee4
NH농협금융지주,2026.2Q(2026.6.30 기준),경영공시,경영공시__NH농협금융지주,"Ⅴ. 리스크관리 > 2. 신용리스크(가) 내부등급법 적용에 대해 감독원장으로부터 승인받은 산출방법 / 마) 신용평가시스템 통제기준(검증 및 제3자 점검) / 사) 내부 모형의 개발, 통제, 변화 / 아) 신용리스크모형 관련 보고 범위와 주요 보고 내용 / 자) 각 포트폴리오에 대한 필수적인 설명) / 5. 유동성리스크 / Ⅳ. 경영지표 > 3. 유동성지표 > 라) 유동성 관리의 집중화 정도 및 그룹 내 부서간의 상호관계에 대한 설명",stress,78,"리스크관리총괄부서는 유동성리스크 측정ž분석, 관리체계 수립, 관리지표 설정, 관리지표의 목표비율 준수 여부 모니터링 및 위기상황분석을 실시합니다.",,dart_out/raw/risk8/경영공시/NH농협금융지주/NH농협금융지주_경영공시_2026_2Q.pdf,https://www.nhfngroup.com/user/disclosureDown.do?siteId=nhfngroup&disclosureSeq=339,f9bd0098b21da43e33b5ac3f0f15f160661967dfcfb20e0a7ea1ab5ef7ff050e,d52e2cfa90951f59806746906a89eb25f7e0c62642a943d298c1e37f4ddbbee4
NH농협금융지주,2026.2Q(2026.6.30 기준),경영공시,경영공시__NH농협금융지주,"Ⅴ. 리스크관리 > 2. 신용리스크(가) 내부등급법 적용에 대해 감독원장으로부터 승인받은 산출방법 / 마) 신용평가시스템 통제기준(검증 및 제3자 점검) / 사) 내부 모형의 개발, 통제, 변화 / 아) 신용리스크모형 관련 보고 범위와 주요 보고 내용 / 자) 각 포트폴리오에 대한 필수적인 설명) / 5. 유동성리스크 / Ⅳ. 경영지표 > 3. 유동성지표 > 라) 유동성 관리의 집중화 정도 및 그룹 내 부서간의 상호관계에 대한 설명",stress,121,"또한, 해외지점의 자체 위기상황분석(Stress Test)을 주기적으로 실시하여 위기상황 발생 시 유동성과부족 규모를 선제적으로 파악하고 있습니다.",,dart_out/raw/risk8/경영공시/NH농협금융지주/NH농협금융지주_경영공시_2026_2Q.pdf,https://www.nhfngroup.com/user/disclosureDown.do?siteId=nhfngroup&disclosureSeq=339,f9bd0098b21da43e33b5ac3f0f15f160661967dfcfb20e0a7ea1ab5ef7ff050e,d52e2cfa90951f59806746906a89eb25f7e0c62642a943d298c1e37f4ddbbee4
NH농협금융지주,2026.2Q(2026.6.30 기준),경영공시,경영공시__NH농협금융지주,"Ⅴ. 리스크관리 > 2. 신용리스크(가) 내부등급법 적용에 대해 감독원장으로부터 승인받은 산출방법 / 마) 신용평가시스템 통제기준(검증 및 제3자 점검) / 사) 내부 모형의 개발, 통제, 변화 / 아) 신용리스크모형 관련 보고 범위와 주요 보고 내용 / 자) 각 포트폴리오에 대한 필수적인 설명) / 5. 유동성리스크 / Ⅳ. 경영지표 > 3. 유동성지표 > 라) 유동성 관리의 집중화 정도 및 그룹 내 부서간의 상호관계에 대한 설명",org,101,자회사에서 진행한 신용평가시스템 및 신용리스크 측정요소의 변경 및 모니터링 결과는 지 주회사 리스크관리부에서 사전협의를 수행하고 있습니다.,,dart_out/raw/risk8/경영공시/NH농협금융지주/NH농협금융지주_경영공시_2026_2Q.pdf,https://www.nhfngroup.com/user/disclosureDown.do?siteId=nhfngroup&disclosureSeq=339,f9bd0098b21da43e33b5ac3f0f15f160661967dfcfb20e0a7ea1ab5ef7ff050e,d52e2cfa90951f59806746906a89eb25f7e0c62642a943d298c1e37f4ddbbee4
NH농협금융지주,2026.2Q(2026.6.30 기준),경영공시,경영공시__NH농협금융지주,"Ⅴ. 리스크관리 > 2. 신용리스크(가) 내부등급법 적용에 대해 감독원장으로부터 승인받은 산출방법 / 마) 신용평가시스템 통제기준(검증 및 제3자 점검) / 사) 내부 모형의 개발, 통제, 변화 / 아) 신용리스크모형 관련 보고 범위와 주요 보고 내용 / 자) 각 포트폴리오에 대한 필수적인 설명) / 5. 유동성리스크 / Ⅳ. 경영지표 > 3. 유동성지표 > 라) 유동성 관리의 집중화 정도 및 그룹 내 부서간의 상호관계에 대한 설명",org,100,"- 평가시스템에 대한 점검은 신용평가시스템 개발 및 운영 부서와 기능적으로 독립된 리스크검 증단에서 수행하고 있으며, 독립적인 제3자 점검은 감사부에서 주기적으로 수행하고 있습 니다.",,dart_out/raw/risk8/경영공시/NH농협금융지주/NH농협금융지주_경영공시_2026_2Q.pdf,https://www.nhfngroup.com/user/disclosureDown.do?siteId=nhfngroup&disclosureSeq=339,f9bd0098b21da43e33b5ac3f0f15f160661967dfcfb20e0a7ea1ab5ef7ff050e,d52e2cfa90951f59806746906a89eb25f7e0c62642a943d298c1e37f4ddbbee4
NH농협금융지주,2026.2Q(2026.6.30 기준),경영공시,경영공시__NH농협금융지주,"Ⅴ. 리스크관리 > 2. 신용리스크(가) 내부등급법 적용에 대해 감독원장으로부터 승인받은 산출방법 / 마) 신용평가시스템 통제기준(검증 및 제3자 점검) / 사) 내부 모형의 개발, 통제, 변화 / 아) 신용리스크모형 관련 보고 범위와 주요 보고 내용 / 자) 각 포트폴리오에 대한 필수적인 설명) / 5. 유동성리스크 / Ⅳ. 경영지표 > 3. 유동성지표 > 라) 유동성 관리의 집중화 정도 및 그룹 내 부서간의 상호관계에 대한 설명",org,98,"당사는 익스포져 생성 및 확대를 위한 영업활동 부문과 신용리스크 통제업무(신용평가시스템 설계 및 운영, 적합성 검증, 독립적 제3자 점검) 부문이 서로 기능적(인사ㆍ조직ㆍ보고)으로 분리되어 있어 신용평가시스템의 독립성을 확보하고 있습니다.",,dart_out/raw/risk8/경영공시/NH농협금융지주/NH농협금융지주_경영공시_2026_2Q.pdf,https://www.nhfngroup.com/user/disclosureDown.do?siteId=nhfngroup&disclosureSeq=339,f9bd0098b21da43e33b5ac3f0f15f160661967dfcfb20e0a7ea1ab5ef7ff050e,d52e2cfa90951f59806746906a89eb25f7e0c62642a943d298c1e37f4ddbbee4
NH농협금융지주,2026.2Q(2026.6.30 기준),경영공시,경영공시__NH농협금융지주,"Ⅴ. 리스크관리 > 2. 신용리스크(가) 내부등급법 적용에 대해 감독원장으로부터 승인받은 산출방법 / 마) 신용평가시스템 통제기준(검증 및 제3자 점검) / 사) 내부 모형의 개발, 통제, 변화 / 아) 신용리스크모형 관련 보고 범위와 주요 보고 내용 / 자) 각 포트폴리오에 대한 필수적인 설명) / 5. 유동성리스크 / Ⅳ. 경영지표 > 3. 유동성지표 > 라) 유동성 관리의 집중화 정도 및 그룹 내 부서간의 상호관계에 대한 설명",cro,,문서에 없음,범위 문서 전체 p.1~137 · 정규식 CRO|위험관리\s*책임자|리스크\s*관리\s*책임자|최고\s*리스크|Chief\s*Risk · 후보 0건 — 읽고 해당 서술 없음으로 판단,dart_out/raw/risk8/경영공시/NH농협금융지주/NH농협금융지주_경영공시_2026_2Q.pdf,https://www.nhfngroup.com/user/disclosureDown.do?siteId=nhfngroup&disclosureSeq=339,f9bd0098b21da43e33b5ac3f0f15f160661967dfcfb20e0a7ea1ab5ef7ff050e,d52e2cfa90951f59806746906a89eb25f7e0c62642a943d298c1e37f4ddbbee4
NH농협금융지주,2026.2Q(2026.6.30 기준),경영공시,경영공시__NH농협금융지주,"Ⅴ. 리스크관리 > 2. 신용리스크(가) 내부등급법 적용에 대해 감독원장으로부터 승인받은 산출방법 / 마) 신용평가시스템 통제기준(검증 및 제3자 점검) / 사) 내부 모형의 개발, 통제, 변화 / 아) 신용리스크모형 관련 보고 범위와 주요 보고 내용 / 자) 각 포트폴리오에 대한 필수적인 설명) / 5. 유동성리스크 / Ⅳ. 경영지표 > 3. 유동성지표 > 라) 유동성 관리의 집중화 정도 및 그룹 내 부서간의 상호관계에 대한 설명",oprisk,,문서에 없음,범위 문서 전체 p.1~137 · 정규식 운영\s*(리스크|위험)|손실\s*사건|손실\s*데이터|BCP|업무\s*연속성|위탁|IT\s*리스크|정보\s*보호|사이버 · 후보 3건 — 읽고 해당 서술 없음으로 판단,dart_out/raw/risk8/경영공시/NH농협금융지주/NH농협금융지주_경영공시_2026_2Q.pdf,https://www.nhfngroup.com/user/disclosureDown.do?siteId=nhfngroup&disclosureSeq=339,f9bd0098b21da43e33b5ac3f0f15f160661967dfcfb20e0a7ea1ab5ef7ff050e,d52e2cfa90951f59806746906a89eb25f7e0c62642a943d298c1e37f4ddbbee4
NH농협금융지주,2026.2Q(2026.6.30 기준),경영공시,경영공시__NH농협금융지주,"Ⅴ. 리스크관리 > 2. 신용리스크(가) 내부등급법 적용에 대해 감독원장으로부터 승인받은 산출방법 / 마) 신용평가시스템 통제기준(검증 및 제3자 점검) / 사) 내부 모형의 개발, 통제, 변화 / 아) 신용리스크모형 관련 보고 범위와 주요 보고 내용 / 자) 각 포트폴리오에 대한 필수적인 설명) / 5. 유동성리스크 / Ⅳ. 경영지표 > 3. 유동성지표 > 라) 유동성 관리의 집중화 정도 및 그룹 내 부서간의 상호관계에 대한 설명",compensation,,문서에 없음,"범위 문서 전체 p.1~137 · 정규식 성과\s*보수|이연\s*지급|환수|Clawback|클로백|(리스크|위험)\s*(를|을)?\s*(고려|반영|조정)[^.。]{0,20}(성과|보수|평가)|(성과|보수)[^.。]{0,30}(리스크|위험)\s*(조정|반영|고려)|보수\s*체계|보수\s*정책|리스크\s*조정 · 후보 3건 — 읽고 해당 서술 없음으로 판단",dart_out/raw/risk8/경영공시/NH농협금융지주/NH농협금융지주_경영공시_2026_2Q.pdf,https://www.nhfngroup.com/user/disclosureDown.do?siteId=nhfngroup&disclosureSeq=339,f9bd0098b21da43e33b5ac3f0f15f160661967dfcfb20e0a7ea1ab5ef7ff050e,d52e2cfa90951f59806746906a89eb25f7e0c62642a943d298c1e37f4ddbbee4
한국투자금융지주,2026.2Q(2026.6.30 기준),경영공시,경영공시__한국투자금융지주,1. 일반 현황 나. 조직도,org,4,위험관리책임자 준법감시인 윤리경영지원실 RM실 준법지원실,,dart_out/raw/risk8/경영공시/한국투자금융지주/한국투자금융지주_경영공시_2026_2Q.pdf,https://www.koreaholdings.com/common/fildDownload,b137f68e0454ab4384736725d38f9b2b556d07d3b9e5925a14fd774f03955e71,5579245e519f7bc8e6410cedb274a2a251ea3b0893a1602a6c6d65b8c1a8bcba
한국투자금융지주,2026.2Q(2026.6.30 기준),경영공시,경영공시__한국투자금융지주,1. 일반 현황 나. 조직도,risk_committee,,문서에 없음,범위 문서 전체 p.1~55 · 정규식 위험관리\s*위원회|리스크\s*관리\s*위원회|리스크위원회|Risk\s*Management\s*Committee · 후보 1건 — 읽고 해당 서술 없음으로 판단,dart_out/raw/risk8/경영공시/한국투자금융지주/한국투자금융지주_경영공시_2026_2Q.pdf,https://www.koreaholdings.com/common/fildDownload,b137f68e0454ab4384736725d38f9b2b556d07d3b9e5925a14fd774f03955e71,5579245e519f7bc8e6410cedb274a2a251ea3b0893a1602a6c6d65b8c1a8bcba
한국투자금융지주,2026.2Q(2026.6.30 기준),경영공시,경영공시__한국투자금융지주,1. 일반 현황 나. 조직도,group_council,,문서에 없음,범위 문서 전체 p.1~55 · 정규식 (리스크|위험)\s*(관리)?\s*(실무)?\s*(협의회|협의체|심의회)|리스크정책위원회|실무\s*위원회|실무\s*협의회 · 후보 0건 — 읽고 해당 서술 없음으로 판단,dart_out/raw/risk8/경영공시/한국투자금융지주/한국투자금융지주_경영공시_2026_2Q.pdf,https://www.koreaholdings.com/common/fildDownload,b137f68e0454ab4384736725d38f9b2b556d07d3b9e5925a14fd774f03955e71,5579245e519f7bc8e6410cedb274a2a251ea3b0893a1602a6c6d65b8c1a8bcba
한국투자금융지주,2026.2Q(2026.6.30 기준),경영공시,경영공시__한국투자금융지주,1. 일반 현황 나. 조직도,cro,,문서에 없음,범위 문서 전체 p.1~55 · 정규식 CRO|위험관리\s*책임자|리스크\s*관리\s*책임자|최고\s*리스크|Chief\s*Risk · 후보 1건 — 읽고 해당 서술 없음으로 판단,dart_out/raw/risk8/경영공시/한국투자금융지주/한국투자금융지주_경영공시_2026_2Q.pdf,https://www.koreaholdings.com/common/fildDownload,b137f68e0454ab4384736725d38f9b2b556d07d3b9e5925a14fd774f03955e71,5579245e519f7bc8e6410cedb274a2a251ea3b0893a1602a6c6d65b8c1a8bcba
한국투자금융지주,2026.2Q(2026.6.30 기준),경영공시,경영공시__한국투자금융지주,1. 일반 현황 나. 조직도,raf,,문서에 없음,범위 문서 전체 p.1~55 · 정규식 위험\s*선호|리스크\s*선호|Risk\s*Appetite|RAF|위험\s*성향|리스크\s*성향|(위험|리스크)\s*한도|허용\s*한도|한도\s*(관리|설정|배분)|(위험)?자본\s*배분|위험\s*자본\s*(한도|배분) · 후보 0건 — 읽고 해당 서술 없음으로 판단,dart_out/raw/risk8/경영공시/한국투자금융지주/한국투자금융지주_경영공시_2026_2Q.pdf,https://www.koreaholdings.com/common/fildDownload,b137f68e0454ab4384736725d38f9b2b556d07d3b9e5925a14fd774f03955e71,5579245e519f7bc8e6410cedb274a2a251ea3b0893a1602a6c6d65b8c1a8bcba
한국투자금융지주,2026.2Q(2026.6.30 기준),경영공시,경영공시__한국투자금융지주,1. 일반 현황 나. 조직도,measurement,,문서에 없음,범위 문서 전체 p.1~55 · 정규식 요구\s*자본|내부\s*자본|가용\s*자본|통합\s*(위험|리스크)|VaR|자본\s*적정성|ICAAP|위험\s*자본|경제적\s*자본|Risk\s*Capital|위험\s*측정|리스크\s*측정 · 후보 3건 — 읽고 해당 서술 없음으로 판단,dart_out/raw/risk8/경영공시/한국투자금융지주/한국투자금융지주_경영공시_2026_2Q.pdf,https://www.koreaholdings.com/common/fildDownload,b137f68e0454ab4384736725d38f9b2b556d07d3b9e5925a14fd774f03955e71,5579245e519f7bc8e6410cedb274a2a251ea3b0893a1602a6c6d65b8c1a8bcba
한국투자금융지주,2026.2Q(2026.6.30 기준),경영공시,경영공시__한국투자금융지주,1. 일반 현황 나. 조직도,reporting,,문서에 없음,"범위 문서 전체 p.1~55 · 정규식 (리스크|위험)[^.。]{0,40}보고|보고[^.。]{0,20}(리스크|위험)|MIS|모니터링|리스크\s*관리\s*시스템 · 후보 0건 — 읽고 해당 서술 없음으로 판단",dart_out/raw/risk8/경영공시/한국투자금융지주/한국투자금융지주_경영공시_2026_2Q.pdf,https://www.koreaholdings.com/common/fildDownload,b137f68e0454ab4384736725d38f9b2b556d07d3b9e5925a14fd774f03955e71,5579245e519f7bc8e6410cedb274a2a251ea3b0893a1602a6c6d65b8c1a8bcba
한국투자금융지주,2026.2Q(2026.6.30 기준),경영공시,경영공시__한국투자금융지주,1. 일반 현황 나. 조직도,stress,,문서에 없음,범위 문서 전체 p.1~55 · 정규식 위기\s*상황\s*분석|스트레스\s*테스트|Stress|위기\s*상황\s*시나리오|비상\s*(조달|자금|계획)|컨틴전시|Contingency|위기\s*관리 · 후보 0건 — 읽고 해당 서술 없음으로 판단,dart_out/raw/risk8/경영공시/한국투자금융지주/한국투자금융지주_경영공시_2026_2Q.pdf,https://www.koreaholdings.com/common/fildDownload,b137f68e0454ab4384736725d38f9b2b556d07d3b9e5925a14fd774f03955e71,5579245e519f7bc8e6410cedb274a2a251ea3b0893a1602a6c6d65b8c1a8bcba
한국투자금융지주,2026.2Q(2026.6.30 기준),경영공시,경영공시__한국투자금융지주,1. 일반 현황 나. 조직도,oprisk,,문서에 없음,범위 문서 전체 p.1~55 · 정규식 운영\s*(리스크|위험)|손실\s*사건|손실\s*데이터|BCP|업무\s*연속성|위탁|IT\s*리스크|정보\s*보호|사이버 · 후보 1건 — 읽고 해당 서술 없음으로 판단,dart_out/raw/risk8/경영공시/한국투자금융지주/한국투자금융지주_경영공시_2026_2Q.pdf,https://www.koreaholdings.com/common/fildDownload,b137f68e0454ab4384736725d38f9b2b556d07d3b9e5925a14fd774f03955e71,5579245e519f7bc8e6410cedb274a2a251ea3b0893a1602a6c6d65b8c1a8bcba
한국투자금융지주,2026.2Q(2026.6.30 기준),경영공시,경영공시__한국투자금융지주,1. 일반 현황 나. 조직도,compensation,,문서에 없음,"범위 문서 전체 p.1~55 · 정규식 성과\s*보수|이연\s*지급|환수|Clawback|클로백|(리스크|위험)\s*(를|을)?\s*(고려|반영|조정)[^.。]{0,20}(성과|보수|평가)|(성과|보수)[^.。]{0,30}(리스크|위험)\s*(조정|반영|고려)|보수\s*체계|보수\s*정책|리스크\s*조정 · 후보 5건 — 읽고 해당 서술 없음으로 판단",dart_out/raw/risk8/경영공시/한국투자금융지주/한국투자금융지주_경영공시_2026_2Q.pdf,https://www.koreaholdings.com/common/fildDownload,b137f68e0454ab4384736725d38f9b2b556d07d3b9e5925a14fd774f03955e71,5579245e519f7bc8e6410cedb274a2a251ea3b0893a1602a6c6d65b8c1a8bcba
우리금융지주,2018(접수 2018-11-08),증권신고서,증권신고서__우리금융지주__20181108000394,1. 주식이전의 목적 / 다. 리스크 및 안정성관리 위험 / 라. 고객정보유출과 관련된 위험 / 5. 사업계획 등 / ① 임원 현황 / 4. 위험관리 / (2) 시장위험 / (4) 운영위험 / (5) 자본관리 / 1. 이사회에 관한 사항 / 다. 이사회 내의 위원회 / 2. 감사제도에 관한 사항 / 2. 임원의 보수 등,risk_committee,224,"㈜우리금융지주는 이사회 산하 리스크관리위원회와, 대표이사 산하 리스크관리본부, 리스크관리부를 설립하여, i) 그룹 표준리스크 측정기준을 설정 및 관리 ii) 그룹 위험자본 및 리스크한도 정책 수립 및 배분 iii) 리스크 수반 중요 결정 검토(리스크 모니터링) 등의 업무를 수행할 예정입니다.",,dart_out/doc/20181108000394/본문.pdf,https://dart.fss.or.kr/dsaf001/main.do?rcpNo=20181108000394,925b5988e8ef8eecf9c24d5ea37c0dda49ba6c25648f9fff6c71cb3eba51ed23,7718c5550f877ee57471fb3e21578f2a19b7a435e1490a0d7b20fd07a8b5c0a9
우리금융지주,2018(접수 2018-11-08),증권신고서,증권신고서__우리금융지주__20181108000394,1. 주식이전의 목적 / 다. 리스크 및 안정성관리 위험 / 라. 고객정보유출과 관련된 위험 / 5. 사업계획 등 / ① 임원 현황 / 4. 위험관리 / (2) 시장위험 / (4) 운영위험 / (5) 자본관리 / 1. 이사회에 관한 사항 / 다. 이사회 내의 위원회 / 2. 감사제도에 관한 사항 / 2. 임원의 보수 등,risk_committee,648,리스크관리 위원회 사외이사 3명 비상임이사 1명 노성태(사외이사) 박상용(사외이사) 전지평(사외이사) 배창식(비상임이사),,dart_out/doc/20181108000394/본문.pdf,https://dart.fss.or.kr/dsaf001/main.do?rcpNo=20181108000394,925b5988e8ef8eecf9c24d5ea37c0dda49ba6c25648f9fff6c71cb3eba51ed23,7718c5550f877ee57471fb3e21578f2a19b7a435e1490a0d7b20fd07a8b5c0a9
우리금융지주,2018(접수 2018-11-08),증권신고서,증권신고서__우리금융지주__20181108000394,1. 주식이전의 목적 / 다. 리스크 및 안정성관리 위험 / 라. 고객정보유출과 관련된 위험 / 5. 사업계획 등 / ① 임원 현황 / 4. 위험관리 / (2) 시장위험 / (4) 운영위험 / (5) 자본관리 / 1. 이사회에 관한 사항 / 다. 이사회 내의 위원회 / 2. 감사제도에 관한 사항 / 2. 임원의 보수 등,risk_committee,424,"위험은 의결된 정책을 기준으로 리스크총괄부에서 관리되며, 리스크관리위원회는 위험관리의 최고 의사결정기구로서 위험자본의 배분 및 한도설정 등 위험 전략에 대한 의사결정을 하고 있습니다.",,dart_out/doc/20181108000394/본문.pdf,https://dart.fss.or.kr/dsaf001/main.do?rcpNo=20181108000394,925b5988e8ef8eecf9c24d5ea37c0dda49ba6c25648f9fff6c71cb3eba51ed23,7718c5550f877ee57471fb3e21578f2a19b7a435e1490a0d7b20fd07a8b5c0a9
우리금융지주,2018(접수 2018-11-08),증권신고서,증권신고서__우리금융지주__20181108000394,1. 주식이전의 목적 / 다. 리스크 및 안정성관리 위험 / 라. 고객정보유출과 관련된 위험 / 5. 사업계획 등 / ① 임원 현황 / 4. 위험관리 / (2) 시장위험 / (4) 운영위험 / (5) 자본관리 / 1. 이사회에 관한 사항 / 다. 이사회 내의 위원회 / 2. 감사제도에 관한 사항 / 2. 임원의 보수 등,group_council,536,"한도 준수여부는 운용부서와 독립적으로 리스크총괄부가 모니터링을 실시하고, 한도 모니터링 내역은 리스크관리심의회와 리스크관리위원회에 정기적으로 보고하고 있습니다.",,dart_out/doc/20181108000394/본문.pdf,https://dart.fss.or.kr/dsaf001/main.do?rcpNo=20181108000394,925b5988e8ef8eecf9c24d5ea37c0dda49ba6c25648f9fff6c71cb3eba51ed23,7718c5550f877ee57471fb3e21578f2a19b7a435e1490a0d7b20fd07a8b5c0a9
우리금융지주,2018(접수 2018-11-08),증권신고서,증권신고서__우리금융지주__20181108000394,1. 주식이전의 목적 / 다. 리스크 및 안정성관리 위험 / 라. 고객정보유출과 관련된 위험 / 5. 사업계획 등 / ① 임원 현황 / 4. 위험관리 / (2) 시장위험 / (4) 운영위험 / (5) 자본관리 / 1. 이사회에 관한 사항 / 다. 이사회 내의 위원회 / 2. 감사제도에 관한 사항 / 2. 임원의 보수 등,group_council,648,"- 리스크관리심의회규정, 여신협의회규정, 리스크관리규정의 개폐 (다만, 이 조항에도 불구하고 이사회에서 승인한 사항 및 조직변경에 따른 관련규정의 변경은 리스크관리심의회에 위임한다)",,dart_out/doc/20181108000394/본문.pdf,https://dart.fss.or.kr/dsaf001/main.do?rcpNo=20181108000394,925b5988e8ef8eecf9c24d5ea37c0dda49ba6c25648f9fff6c71cb3eba51ed23,7718c5550f877ee57471fb3e21578f2a19b7a435e1490a0d7b20fd07a8b5c0a9
우리금융지주,2018(접수 2018-11-08),증권신고서,증권신고서__우리금융지주__20181108000394,1. 주식이전의 목적 / 다. 리스크 및 안정성관리 위험 / 라. 고객정보유출과 관련된 위험 / 5. 사업계획 등 / ① 임원 현황 / 4. 위험관리 / (2) 시장위험 / (4) 운영위험 / (5) 자본관리 / 1. 이사회에 관한 사항 / 다. 이사회 내의 위원회 / 2. 감사제도에 관한 사항 / 2. 임원의 보수 등,group_council,649,- 2018년 1/4분기 리스크관리심의회 회의결과 보고,,dart_out/doc/20181108000394/본문.pdf,https://dart.fss.or.kr/dsaf001/main.do?rcpNo=20181108000394,925b5988e8ef8eecf9c24d5ea37c0dda49ba6c25648f9fff6c71cb3eba51ed23,7718c5550f877ee57471fb3e21578f2a19b7a435e1490a0d7b20fd07a8b5c0a9
우리금융지주,2018(접수 2018-11-08),증권신고서,증권신고서__우리금융지주__20181108000394,1. 주식이전의 목적 / 다. 리스크 및 안정성관리 위험 / 라. 고객정보유출과 관련된 위험 / 5. 사업계획 등 / ① 임원 현황 / 4. 위험관리 / (2) 시장위험 / (4) 운영위험 / (5) 자본관리 / 1. 이사회에 관한 사항 / 다. 이사회 내의 위원회 / 2. 감사제도에 관한 사항 / 2. 임원의 보수 등,cro,44,이종인 남 1960.10 상무 미등기임원 상근 리스크 관리그룹 (리스크관리 책임자),,dart_out/doc/20181108000394/본문.pdf,https://dart.fss.or.kr/dsaf001/main.do?rcpNo=20181108000394,925b5988e8ef8eecf9c24d5ea37c0dda49ba6c25648f9fff6c71cb3eba51ed23,7718c5550f877ee57471fb3e21578f2a19b7a435e1490a0d7b20fd07a8b5c0a9
우리금융지주,2018(접수 2018-11-08),증권신고서,증권신고서__우리금융지주__20181108000394,1. 주식이전의 목적 / 다. 리스크 및 안정성관리 위험 / 라. 고객정보유출과 관련된 위험 / 5. 사업계획 등 / ① 임원 현황 / 4. 위험관리 / (2) 시장위험 / (4) 운영위험 / (5) 자본관리 / 1. 이사회에 관한 사항 / 다. 이사회 내의 위원회 / 2. 감사제도에 관한 사항 / 2. 임원의 보수 등,raf,224,"㈜우리금융지주는 이사회 산하 리스크관리위원회와, 대표이사 산하 리스크관리본부, 리스크관리부를 설립하여, i) 그룹 표준리스크 측정기준을 설정 및 관리 ii) 그룹 위험자본 및 리스크한도 정책 수립 및 배분 iii) 리스크 수반 중요 결정 검토(리스크 모니터링) 등의 업무를 수행할 예정입니다.",,dart_out/doc/20181108000394/본문.pdf,https://dart.fss.or.kr/dsaf001/main.do?rcpNo=20181108000394,925b5988e8ef8eecf9c24d5ea37c0dda49ba6c25648f9fff6c71cb3eba51ed23,7718c5550f877ee57471fb3e21578f2a19b7a435e1490a0d7b20fd07a8b5c0a9
우리금융지주,2018(접수 2018-11-08),증권신고서,증권신고서__우리금융지주__20181108000394,1. 주식이전의 목적 / 다. 리스크 및 안정성관리 위험 / 라. 고객정보유출과 관련된 위험 / 5. 사업계획 등 / ① 임원 현황 / 4. 위험관리 / (2) 시장위험 / (4) 운영위험 / (5) 자본관리 / 1. 이사회에 관한 사항 / 다. 이사회 내의 위원회 / 2. 감사제도에 관한 사항 / 2. 임원의 보수 등,raf,536,"VaR한도, 손실한도, 위험자본한도 등 시장위험 한도는 매년 리스크관리위원회에서 사업그룹별, 부서별 또는 팀별, 리스크요인별 등으로 관리단위를 구분하여 부여하며,파생상품북을 제외한 하부 영업단위에 대한 한도는 주어진 한도 범위 내에서 포지션 운용부서가 설정하고 있습니다.",,dart_out/doc/20181108000394/본문.pdf,https://dart.fss.or.kr/dsaf001/main.do?rcpNo=20181108000394,925b5988e8ef8eecf9c24d5ea37c0dda49ba6c25648f9fff6c71cb3eba51ed23,7718c5550f877ee57471fb3e21578f2a19b7a435e1490a0d7b20fd07a8b5c0a9
우리금융지주,2018(접수 2018-11-08),증권신고서,증권신고서__우리금융지주__20181108000394,1. 주식이전의 목적 / 다. 리스크 및 안정성관리 위험 / 라. 고객정보유출과 관련된 위험 / 5. 사업계획 등 / ① 임원 현황 / 4. 위험관리 / (2) 시장위험 / (4) 운영위험 / (5) 자본관리 / 1. 이사회에 관한 사항 / 다. 이사회 내의 위원회 / 2. 감사제도에 관한 사항 / 2. 임원의 보수 등,raf,648,- 은행이 부담가능한 리스크수준의 결정,,dart_out/doc/20181108000394/본문.pdf,https://dart.fss.or.kr/dsaf001/main.do?rcpNo=20181108000394,925b5988e8ef8eecf9c24d5ea37c0dda49ba6c25648f9fff6c71cb3eba51ed23,7718c5550f877ee57471fb3e21578f2a19b7a435e1490a0d7b20fd07a8b5c0a9
우리금융지주,2018(접수 2018-11-08),증권신고서,증권신고서__우리금융지주__20181108000394,1. 주식이전의 목적 / 다. 리스크 및 안정성관리 위험 / 라. 고객정보유출과 관련된 위험 / 5. 사업계획 등 / ① 임원 현황 / 4. 위험관리 / (2) 시장위험 / (4) 운영위험 / (5) 자본관리 / 1. 이사회에 관한 사항 / 다. 이사회 내의 위원회 / 2. 감사제도에 관한 사항 / 2. 임원의 보수 등,measurement,224,"㈜우리금융지주는 이사회 산하 리스크관리위원회와, 대표이사 산하 리스크관리본부, 리스크관리부를 설립하여, i) 그룹 표준리스크 측정기준을 설정 및 관리 ii) 그룹 위험자본 및 리스크한도 정책 수립 및 배분 iii) 리스크 수반 중요 결정 검토(리스크 모니터링) 등의 업무를 수행할 예정입니다.",,dart_out/doc/20181108000394/본문.pdf,https://dart.fss.or.kr/dsaf001/main.do?rcpNo=20181108000394,925b5988e8ef8eecf9c24d5ea37c0dda49ba6c25648f9fff6c71cb3eba51ed23,7718c5550f877ee57471fb3e21578f2a19b7a435e1490a0d7b20fd07a8b5c0a9
우리금융지주,2018(접수 2018-11-08),증권신고서,증권신고서__우리금융지주__20181108000394,1. 주식이전의 목적 / 다. 리스크 및 안정성관리 위험 / 라. 고객정보유출과 관련된 위험 / 5. 사업계획 등 / ① 임원 현황 / 4. 위험관리 / (2) 시장위험 / (4) 운영위험 / (5) 자본관리 / 1. 이사회에 관한 사항 / 다. 이사회 내의 위원회 / 2. 감사제도에 관한 사항 / 2. 임원의 보수 등,measurement,536,"금융감독원으로부터 사용을 승인받은 내부모형을 사용하여 99% 신뢰수준, 보유 기간 10일 기준으로 Historical Simulation Method를 이용하여 VaR를 측정하고 BIS비율 계산에 사용되는 시장위험 소요자기자본을 산출하고 있으며, 내부 관리목적으로는 99%, 1일 VaR를 기준으로 측정하여 일별로 한도관리를 수행합니다.",,dart_out/doc/20181108000394/본문.pdf,https://dart.fss.or.kr/dsaf001/main.do?rcpNo=20181108000394,925b5988e8ef8eecf9c24d5ea37c0dda49ba6c25648f9fff6c71cb3eba51ed23,7718c5550f877ee57471fb3e21578f2a19b7a435e1490a0d7b20fd07a8b5c0a9
우리금융지주,2018(접수 2018-11-08),증권신고서,증권신고서__우리금융지주__20181108000394,1. 주식이전의 목적 / 다. 리스크 및 안정성관리 위험 / 라. 고객정보유출과 관련된 위험 / 5. 사업계획 등 / ① 임원 현황 / 4. 위험관리 / (2) 시장위험 / (4) 운영위험 / (5) 자본관리 / 1. 이사회에 관한 사항 / 다. 이사회 내의 위원회 / 2. 감사제도에 관한 사항 / 2. 임원의 보수 등,measurement,541,은행은 금융감독당국이 제시하는 자본적정성 기준을 준수하고 있습니다.,,dart_out/doc/20181108000394/본문.pdf,https://dart.fss.or.kr/dsaf001/main.do?rcpNo=20181108000394,925b5988e8ef8eecf9c24d5ea37c0dda49ba6c25648f9fff6c71cb3eba51ed23,7718c5550f877ee57471fb3e21578f2a19b7a435e1490a0d7b20fd07a8b5c0a9
우리금융지주,2018(접수 2018-11-08),증권신고서,증권신고서__우리금융지주__20181108000394,1. 주식이전의 목적 / 다. 리스크 및 안정성관리 위험 / 라. 고객정보유출과 관련된 위험 / 5. 사업계획 등 / ① 임원 현황 / 4. 위험관리 / (2) 시장위험 / (4) 운영위험 / (5) 자본관리 / 1. 이사회에 관한 사항 / 다. 이사회 내의 위원회 / 2. 감사제도에 관한 사항 / 2. 임원의 보수 등,reporting,224,"㈜우리금융지주는 이사회 산하 리스크관리위원회와, 대표이사 산하 리스크관리본부, 리스크관리부를 설립하여, i) 그룹 표준리스크 측정기준을 설정 및 관리 ii) 그룹 위험자본 및 리스크한도 정책 수립 및 배분 iii) 리스크 수반 중요 결정 검토(리스크 모니터링) 등의 업무를 수행할 예정입니다.",,dart_out/doc/20181108000394/본문.pdf,https://dart.fss.or.kr/dsaf001/main.do?rcpNo=20181108000394,925b5988e8ef8eecf9c24d5ea37c0dda49ba6c25648f9fff6c71cb3eba51ed23,7718c5550f877ee57471fb3e21578f2a19b7a435e1490a0d7b20fd07a8b5c0a9
우리금융지주,2018(접수 2018-11-08),증권신고서,증권신고서__우리금융지주__20181108000394,1. 주식이전의 목적 / 다. 리스크 및 안정성관리 위험 / 라. 고객정보유출과 관련된 위험 / 5. 사업계획 등 / ① 임원 현황 / 4. 위험관리 / (2) 시장위험 / (4) 운영위험 / (5) 자본관리 / 1. 이사회에 관한 사항 / 다. 이사회 내의 위원회 / 2. 감사제도에 관한 사항 / 2. 임원의 보수 등,reporting,536,"한도 준수여부는 운용부서와 독립적으로 리스크총괄부가 모니터링을 실시하고, 한도 모니터링 내역은 리스크관리심의회와 리스크관리위원회에 정기적으로 보고하고 있습니다.",,dart_out/doc/20181108000394/본문.pdf,https://dart.fss.or.kr/dsaf001/main.do?rcpNo=20181108000394,925b5988e8ef8eecf9c24d5ea37c0dda49ba6c25648f9fff6c71cb3eba51ed23,7718c5550f877ee57471fb3e21578f2a19b7a435e1490a0d7b20fd07a8b5c0a9
우리금융지주,2018(접수 2018-11-08),증권신고서,증권신고서__우리금융지주__20181108000394,1. 주식이전의 목적 / 다. 리스크 및 안정성관리 위험 / 라. 고객정보유출과 관련된 위험 / 5. 사업계획 등 / ① 임원 현황 / 4. 위험관리 / (2) 시장위험 / (4) 운영위험 / (5) 자본관리 / 1. 이사회에 관한 사항 / 다. 이사회 내의 위원회 / 2. 감사제도에 관한 사항 / 2. 임원의 보수 등,reporting,649,- 2018년 1/4분기 부문별 리스크관리현황 보고,,dart_out/doc/20181108000394/본문.pdf,https://dart.fss.or.kr/dsaf001/main.do?rcpNo=20181108000394,925b5988e8ef8eecf9c24d5ea37c0dda49ba6c25648f9fff6c71cb3eba51ed23,7718c5550f877ee57471fb3e21578f2a19b7a435e1490a0d7b20fd07a8b5c0a9
우리금융지주,2018(접수 2018-11-08),증권신고서,증권신고서__우리금융지주__20181108000394,1. 주식이전의 목적 / 다. 리스크 및 안정성관리 위험 / 라. 고객정보유출과 관련된 위험 / 5. 사업계획 등 / ① 임원 현황 / 4. 위험관리 / (2) 시장위험 / (4) 운영위험 / (5) 자본관리 / 1. 이사회에 관한 사항 / 다. 이사회 내의 위원회 / 2. 감사제도에 관한 사항 / 2. 임원의 보수 등,stress,648,- 감독원장이 정하는 방법에 따른 위기상황분석 결과 및 결과 관련 자본관리계획 및 자금조달계획,,dart_out/doc/20181108000394/본문.pdf,https://dart.fss.or.kr/dsaf001/main.do?rcpNo=20181108000394,925b5988e8ef8eecf9c24d5ea37c0dda49ba6c25648f9fff6c71cb3eba51ed23,7718c5550f877ee57471fb3e21578f2a19b7a435e1490a0d7b20fd07a8b5c0a9
우리금융지주,2018(접수 2018-11-08),증권신고서,증권신고서__우리금융지주__20181108000394,1. 주식이전의 목적 / 다. 리스크 및 안정성관리 위험 / 라. 고객정보유출과 관련된 위험 / 5. 사업계획 등 / ① 임원 현황 / 4. 위험관리 / (2) 시장위험 / (4) 운영위험 / (5) 자본관리 / 1. 이사회에 관한 사항 / 다. 이사회 내의 위원회 / 2. 감사제도에 관한 사항 / 2. 임원의 보수 등,stress,536,"한편, IMF 사태와 글로벌 금융위기 등 극단적인 상황이 발생할 때 손실규모를 측정하는 스트레스 테스트를 매월 실시하여 위기상황에 대비하고 있습니다.",,dart_out/doc/20181108000394/본문.pdf,https://dart.fss.or.kr/dsaf001/main.do?rcpNo=20181108000394,925b5988e8ef8eecf9c24d5ea37c0dda49ba6c25648f9fff6c71cb3eba51ed23,7718c5550f877ee57471fb3e21578f2a19b7a435e1490a0d7b20fd07a8b5c0a9
우리금융지주,2018(접수 2018-11-08),증권신고서,증권신고서__우리금융지주__20181108000394,1. 주식이전의 목적 / 다. 리스크 및 안정성관리 위험 / 라. 고객정보유출과 관련된 위험 / 5. 사업계획 등 / ① 임원 현황 / 4. 위험관리 / (2) 시장위험 / (4) 운영위험 / (5) 자본관리 / 1. 이사회에 관한 사항 / 다. 이사회 내의 위원회 / 2. 감사제도에 관한 사항 / 2. 임원의 보수 등,stress,649,2018.03.02 (2018-2차) 1. 결의사항 - 2017년 12월말 기준 위기상황 분석 결과 및 대응 계획,,dart_out/doc/20181108000394/본문.pdf,https://dart.fss.or.kr/dsaf001/main.do?rcpNo=20181108000394,925b5988e8ef8eecf9c24d5ea37c0dda49ba6c25648f9fff6c71cb3eba51ed23,7718c5550f877ee57471fb3e21578f2a19b7a435e1490a0d7b20fd07a8b5c0a9
우리금융지주,2018(접수 2018-11-08),증권신고서,증권신고서__우리금융지주__20181108000394,1. 주식이전의 목적 / 다. 리스크 및 안정성관리 위험 / 라. 고객정보유출과 관련된 위험 / 5. 사업계획 등 / ① 임원 현황 / 4. 위험관리 / (2) 시장위험 / (4) 운영위험 / (5) 자본관리 / 1. 이사회에 관한 사항 / 다. 이사회 내의 위원회 / 2. 감사제도에 관한 사항 / 2. 임원의 보수 등,oprisk,225,"이처럼, ㈜우리금융지주는 개인정보보호법, 신용정보의 이용 및 보호에 관한 법률, 전자금융거래법 등 정보보호관련 법률에 따른 개인정보의 안전성 확보를 위한 기술적, 물리적, 관리적 조치에 대한 사항을 준수하고 전자금융 안전성 강화, 내부통제 강화 및 고객정보 보호강화를 위하여 상시 모니터링 및 시스템 통제를 이행할 예정입니다.",,dart_out/doc/20181108000394/본문.pdf,https://dart.fss.or.kr/dsaf001/main.do?rcpNo=20181108000394,925b5988e8ef8eecf9c24d5ea37c0dda49ba6c25648f9fff6c71cb3eba51ed23,7718c5550f877ee57471fb3e21578f2a19b7a435e1490a0d7b20fd07a8b5c0a9
우리금융지주,2018(접수 2018-11-08),증권신고서,증권신고서__우리금융지주__20181108000394,1. 주식이전의 목적 / 다. 리스크 및 안정성관리 위험 / 라. 고객정보유출과 관련된 위험 / 5. 사업계획 등 / ① 임원 현황 / 4. 위험관리 / (2) 시장위험 / (4) 운영위험 / (5) 자본관리 / 1. 이사회에 관한 사항 / 다. 이사회 내의 위원회 / 2. 감사제도에 관한 사항 / 2. 임원의 보수 등,oprisk,541,"은행은 Basel II 준수를 통한 대외경쟁력 강화, 위험자본량 감소, 운영리스크관리 역량제고 및 사고예방 등을 위하여 운영리스크관리 시스템을 구축하여 운영하고 있으며, 자체 적합성 검증 및 독립적인 제3자 점검 결과를 바탕으로 고급측정법에 대한 금융감독원 승인을 획득하였습니다.",,dart_out/doc/20181108000394/본문.pdf,https://dart.fss.or.kr/dsaf001/main.do?rcpNo=20181108000394,925b5988e8ef8eecf9c24d5ea37c0dda49ba6c25648f9fff6c71cb3eba51ed23,7718c5550f877ee57471fb3e21578f2a19b7a435e1490a0d7b20fd07a8b5c0a9
우리금융지주,2018(접수 2018-11-08),증권신고서,증권신고서__우리금융지주__20181108000394,1. 주식이전의 목적 / 다. 리스크 및 안정성관리 위험 / 라. 고객정보유출과 관련된 위험 / 5. 사업계획 등 / ① 임원 현황 / 4. 위험관리 / (2) 시장위험 / (4) 운영위험 / (5) 자본관리 / 1. 이사회에 관한 사항 / 다. 이사회 내의 위원회 / 2. 감사제도에 관한 사항 / 2. 임원의 보수 등,oprisk,541,"은행은 운영리스크 규제자본 산출목적으로 고급측정법을 적용하고 있으며, 운영리스크소요자기자본을 산출하기 위한 주요 관리수단으로는 내부손실자료, 외부손실자료,영업환경 및 내부통제요소 및 시나리오 분석 등을 활용하고 있습니다.",,dart_out/doc/20181108000394/본문.pdf,https://dart.fss.or.kr/dsaf001/main.do?rcpNo=20181108000394,925b5988e8ef8eecf9c24d5ea37c0dda49ba6c25648f9fff6c71cb3eba51ed23,7718c5550f877ee57471fb3e21578f2a19b7a435e1490a0d7b20fd07a8b5c0a9
우리금융지주,2018(접수 2018-11-08),증권신고서,증권신고서__우리금융지주__20181108000394,1. 주식이전의 목적 / 다. 리스크 및 안정성관리 위험 / 라. 고객정보유출과 관련된 위험 / 5. 사업계획 등 / ① 임원 현황 / 4. 위험관리 / (2) 시장위험 / (4) 운영위험 / (5) 자본관리 / 1. 이사회에 관한 사항 / 다. 이사회 내의 위원회 / 2. 감사제도에 관한 사항 / 2. 임원의 보수 등,compensation,670,"보상위원회에서 결의된 경영진 보수지급기준에 따라 BIS자기자본비율과 같은 자본적정성 지표, 총자산이익률, 자기자본이익률과 같은 수익성 지표, 고정이하여신비율과 같은 건전성 지표 등으로 구성된 재무지표와 경영과제, 그룹 경영 관리, 대 이사회 관계, 윤리경영 등으로 구성된 비재무지표를 종합적으로 평가하여 평가대상기간 다음 해에 기본성과급을 40%의 비율로 지급하고, 장기달성도를 고려하여 3년이 지난 시점에 이연성과급을 60% 비율로 지급",,dart_out/doc/20181108000394/본문.pdf,https://dart.fss.or.kr/dsaf001/main.do?rcpNo=20181108000394,925b5988e8ef8eecf9c24d5ea37c0dda49ba6c25648f9fff6c71cb3eba51ed23,7718c5550f877ee57471fb3e21578f2a19b7a435e1490a0d7b20fd07a8b5c0a9
우리금융지주,2018(접수 2018-11-08),증권신고서,증권신고서__우리금융지주__20181108000394,1. 주식이전의 목적 / 다. 리스크 및 안정성관리 위험 / 라. 고객정보유출과 관련된 위험 / 5. 사업계획 등 / ① 임원 현황 / 4. 위험관리 / (2) 시장위험 / (4) 운영위험 / (5) 자본관리 / 1. 이사회에 관한 사항 / 다. 이사회 내의 위원회 / 2. 감사제도에 관한 사항 / 2. 임원의 보수 등,compensation,648,ㅇ 설치목적 - 성과보상체계의 설계와 운영을 감시 - 독립적으로 보상정책을 수립하고 업무를 수행,,dart_out/doc/20181108000394/본문.pdf,https://dart.fss.or.kr/dsaf001/main.do?rcpNo=20181108000394,925b5988e8ef8eecf9c24d5ea37c0dda49ba6c25648f9fff6c71cb3eba51ed23,7718c5550f877ee57471fb3e21578f2a19b7a435e1490a0d7b20fd07a8b5c0a9
우리금융지주,2018(접수 2018-11-08),증권신고서,증권신고서__우리금융지주__20181108000394,1. 주식이전의 목적 / 다. 리스크 및 안정성관리 위험 / 라. 고객정보유출과 관련된 위험 / 5. 사업계획 등 / ① 임원 현황 / 4. 위험관리 / (2) 시장위험 / (4) 운영위험 / (5) 자본관리 / 1. 이사회에 관한 사항 / 다. 이사회 내의 위원회 / 2. 감사제도에 관한 사항 / 2. 임원의 보수 등,org,224,"㈜우리금융지주는 이사회 산하 리스크관리위원회와, 대표이사 산하 리스크관리본부, 리스크관리부를 설립하여, i) 그룹 표준리스크 측정기준을 설정 및 관리 ii) 그룹 위험자본 및 리스크한도 정책 수립 및 배분 iii) 리스크 수반 중요 결정 검토(리스크 모니터링) 등의 업무를 수행할 예정입니다.",,dart_out/doc/20181108000394/본문.pdf,https://dart.fss.or.kr/dsaf001/main.do?rcpNo=20181108000394,925b5988e8ef8eecf9c24d5ea37c0dda49ba6c25648f9fff6c71cb3eba51ed23,7718c5550f877ee57471fb3e21578f2a19b7a435e1490a0d7b20fd07a8b5c0a9
우리금융지주,2018(접수 2018-11-08),증권신고서,증권신고서__우리금융지주__20181108000394,1. 주식이전의 목적 / 다. 리스크 및 안정성관리 위험 / 라. 고객정보유출과 관련된 위험 / 5. 사업계획 등 / ① 임원 현황 / 4. 위험관리 / (2) 시장위험 / (4) 운영위험 / (5) 자본관리 / 1. 이사회에 관한 사항 / 다. 이사회 내의 위원회 / 2. 감사제도에 관한 사항 / 2. 임원의 보수 등,org,424,"위험은 의결된 정책을 기준으로 리스크총괄부에서 관리되며, 리스크관리위원회는 위험관리의 최고 의사결정기구로서 위험자본의 배분 및 한도설정 등 위험 전략에 대한 의사결정을 하고 있습니다.",,dart_out/doc/20181108000394/본문.pdf,https://dart.fss.or.kr/dsaf001/main.do?rcpNo=20181108000394,925b5988e8ef8eecf9c24d5ea37c0dda49ba6c25648f9fff6c71cb3eba51ed23,7718c5550f877ee57471fb3e21578f2a19b7a435e1490a0d7b20fd07a8b5c0a9
우리금융지주,2018(접수 2018-11-08),증권신고서,증권신고서__우리금융지주__20181108000394,1. 주식이전의 목적 / 다. 리스크 및 안정성관리 위험 / 라. 고객정보유출과 관련된 위험 / 5. 사업계획 등 / ① 임원 현황 / 4. 위험관리 / (2) 시장위험 / (4) 운영위험 / (5) 자본관리 / 1. 이사회에 관한 사항 / 다. 이사회 내의 위원회 / 2. 감사제도에 관한 사항 / 2. 임원의 보수 등,internal_control,225,"이처럼, ㈜우리금융지주는 개인정보보호법, 신용정보의 이용 및 보호에 관한 법률, 전자금융거래법 등 정보보호관련 법률에 따른 개인정보의 안전성 확보를 위한 기술적, 물리적, 관리적 조치에 대한 사항을 준수하고 전자금융 안전성 강화, 내부통제 강화 및 고객정보 보호강화를 위하여 상시 모니터링 및 시스템 통제를 이행할 예정입니다.",,dart_out/doc/20181108000394/본문.pdf,https://dart.fss.or.kr/dsaf001/main.do?rcpNo=20181108000394,925b5988e8ef8eecf9c24d5ea37c0dda49ba6c25648f9fff6c71cb3eba51ed23,7718c5550f877ee57471fb3e21578f2a19b7a435e1490a0d7b20fd07a8b5c0a9
우리금융지주,2018(접수 2018-11-08),증권신고서,증권신고서__우리금융지주__20181108000394,1. 주식이전의 목적 / 다. 리스크 및 안정성관리 위험 / 라. 고객정보유출과 관련된 위험 / 5. 사업계획 등 / ① 임원 현황 / 4. 위험관리 / (2) 시장위험 / (4) 운영위험 / (5) 자본관리 / 1. 이사회에 관한 사항 / 다. 이사회 내의 위원회 / 2. 감사제도에 관한 사항 / 2. 임원의 보수 등,internal_control,645,- 내부통제기준 및 위험관리기준의 제정·개정 및 폐지에 관한 사항,,dart_out/doc/20181108000394/본문.pdf,https://dart.fss.or.kr/dsaf001/main.do?rcpNo=20181108000394,925b5988e8ef8eecf9c24d5ea37c0dda49ba6c25648f9fff6c71cb3eba51ed23,7718c5550f877ee57471fb3e21578f2a19b7a435e1490a0d7b20fd07a8b5c0a9
우리금융지주,2018(접수 2018-11-08),증권신고서,증권신고서__우리금융지주__20181108000394,1. 주식이전의 목적 / 다. 리스크 및 안정성관리 위험 / 라. 고객정보유출과 관련된 위험 / 5. 사업계획 등 / ① 임원 현황 / 4. 위험관리 / (2) 시장위험 / (4) 운영위험 / (5) 자본관리 / 1. 이사회에 관한 사항 / 다. 이사회 내의 위원회 / 2. 감사제도에 관한 사항 / 2. 임원의 보수 등,internal_control,654,또한 감사위원회는 그 직무를 이사회의 의결 및 각 사업본부로부터 독립된 위치에서 수행하여야 합니다.,,dart_out/doc/20181108000394/본문.pdf,https://dart.fss.or.kr/dsaf001/main.do?rcpNo=20181108000394,925b5988e8ef8eecf9c24d5ea37c0dda49ba6c25648f9fff6c71cb3eba51ed23,7718c5550f877ee57471fb3e21578f2a19b7a435e1490a0d7b20fd07a8b5c0a9
우리금융지주,2018(접수 2018-11-08),증권신고서,증권신고서__우리금융지주__20181108000394,1. 주식이전의 목적 / 다. 리스크 및 안정성관리 위험 / 라. 고객정보유출과 관련된 위험 / 5. 사업계획 등 / ① 임원 현황 / 4. 위험관리 / (2) 시장위험 / (4) 운영위험 / (5) 자본관리 / 1. 이사회에 관한 사항 / 다. 이사회 내의 위원회 / 2. 감사제도에 관한 사항 / 2. 임원의 보수 등,internal_control,654,○ 2017년 내부통제시스템 적정성 평가 결과,,dart_out/doc/20181108000394/본문.pdf,https://dart.fss.or.kr/dsaf001/main.do?rcpNo=20181108000394,925b5988e8ef8eecf9c24d5ea37c0dda49ba6c25648f9fff6c71cb3eba51ed23,7718c5550f877ee57471fb3e21578f2a19b7a435e1490a0d7b20fd07a8b5c0a9
우리금융지주,2018(접수 2018-11-08),증권신고서,증권신고서__우리금융지주__20181108000394,1. 주식이전의 목적 / 다. 리스크 및 안정성관리 위험 / 라. 고객정보유출과 관련된 위험 / 5. 사업계획 등 / ① 임원 현황 / 4. 위험관리 / (2) 시장위험 / (4) 운영위험 / (5) 자본관리 / 1. 이사회에 관한 사항 / 다. 이사회 내의 위원회 / 2. 감사제도에 관한 사항 / 2. 임원의 보수 등,internal_control,43,박성일 남 1958.01 준법 감시인 미등기임원 상근 준법감시인,,dart_out/doc/20181108000394/본문.pdf,https://dart.fss.or.kr/dsaf001/main.do?rcpNo=20181108000394,925b5988e8ef8eecf9c24d5ea37c0dda49ba6c25648f9fff6c71cb3eba51ed23,7718c5550f877ee57471fb3e21578f2a19b7a435e1490a0d7b20fd07a8b5c0a9
우리금융지주,2018(접수 2018-11-08),증권신고서,증권신고서__우리금융지주__20181108000394,1. 주식이전의 목적 / 다. 리스크 및 안정성관리 위험 / 라. 고객정보유출과 관련된 위험 / 5. 사업계획 등 / ① 임원 현황 / 4. 위험관리 / (2) 시장위험 / (4) 운영위험 / (5) 자본관리 / 1. 이사회에 관한 사항 / 다. 이사회 내의 위원회 / 2. 감사제도에 관한 사항 / 2. 임원의 보수 등,holding_plan,39,"㈜우리은행을 비롯한 주식이전 당사회사들은 비은행 및 글로벌 사업포트폴리오의 적극적 확대 및 이를 바탕으로 한 고객 맞춤형 원스톱 종합자산관리서비스 제공, 계열사 연계서비스 및 다양한 복합 금융서비스 제공을 통한 고객만족 증대, 시너지 창출 및 수익성 극대화를 위하여 주식이전을 통해 금융지주회사 체제로 전환하고자 합니다.",,dart_out/doc/20181108000394/본문.pdf,https://dart.fss.or.kr/dsaf001/main.do?rcpNo=20181108000394,925b5988e8ef8eecf9c24d5ea37c0dda49ba6c25648f9fff6c71cb3eba51ed23,7718c5550f877ee57471fb3e21578f2a19b7a435e1490a0d7b20fd07a8b5c0a9
우리금융지주,2018(접수 2018-11-08),증권신고서,증권신고서__우리금융지주__20181108000394,1. 주식이전의 목적 / 다. 리스크 및 안정성관리 위험 / 라. 고객정보유출과 관련된 위험 / 5. 사업계획 등 / ① 임원 현황 / 4. 위험관리 / (2) 시장위험 / (4) 운영위험 / (5) 자본관리 / 1. 이사회에 관한 사항 / 다. 이사회 내의 위원회 / 2. 감사제도에 관한 사항 / 2. 임원의 보수 등,holding_plan,40,"㈜우리금융지주의 설립으로 규제변화 등 외부환경 변화에 탄력적으로 대응할 수 있는 효율적인 경영체계를 갖추고, 계열사 간 시너지 극대화를 통해, 이미 금융지주회사로 전환한 타은행지주사와의 경쟁환경에 효과적으로 대응할 것으로 기대하고 있습니다.",,dart_out/doc/20181108000394/본문.pdf,https://dart.fss.or.kr/dsaf001/main.do?rcpNo=20181108000394,925b5988e8ef8eecf9c24d5ea37c0dda49ba6c25648f9fff6c71cb3eba51ed23,7718c5550f877ee57471fb3e21578f2a19b7a435e1490a0d7b20fd07a8b5c0a9
우리금융지주,2018(접수 2018-11-08),증권신고서,증권신고서__우리금융지주__20181108000394,1. 주식이전의 목적 / 다. 리스크 및 안정성관리 위험 / 라. 고객정보유출과 관련된 위험 / 5. 사업계획 등 / ① 임원 현황 / 4. 위험관리 / (2) 시장위험 / (4) 운영위험 / (5) 자본관리 / 1. 이사회에 관한 사항 / 다. 이사회 내의 위원회 / 2. 감사제도에 관한 사항 / 2. 임원의 보수 등,holding_plan,40,㈜우리금융지주 설립 이후 ㈜우리카드와 우리종합금융㈜에 대한 ㈜우리금융지주 자회사 추가 편입 여부를 검토 후 확정할 계획입니다.,,dart_out/doc/20181108000394/본문.pdf,https://dart.fss.or.kr/dsaf001/main.do?rcpNo=20181108000394,925b5988e8ef8eecf9c24d5ea37c0dda49ba6c25648f9fff6c71cb3eba51ed23,7718c5550f877ee57471fb3e21578f2a19b7a435e1490a0d7b20fd07a8b5c0a9
우리금융지주,2018(접수 2018-11-08),증권신고서,증권신고서__우리금융지주__20181108000394,1. 주식이전의 목적 / 다. 리스크 및 안정성관리 위험 / 라. 고객정보유출과 관련된 위험 / 5. 사업계획 등 / ① 임원 현황 / 4. 위험관리 / (2) 시장위험 / (4) 운영위험 / (5) 자본관리 / 1. 이사회에 관한 사항 / 다. 이사회 내의 위원회 / 2. 감사제도에 관한 사항 / 2. 임원의 보수 등,holding_plan,224,"아울러, 리스크관리체제를 구축함에 있어 “금융지주회사 통합리스크관리 모범규준” 상에서 요구하는 내용을 충분히 반영하여 구축할 계획입니다.",,dart_out/doc/20181108000394/본문.pdf,https://dart.fss.or.kr/dsaf001/main.do?rcpNo=20181108000394,925b5988e8ef8eecf9c24d5ea37c0dda49ba6c25648f9fff6c71cb3eba51ed23,7718c5550f877ee57471fb3e21578f2a19b7a435e1490a0d7b20fd07a8b5c0a9
우리금융지주,2018(접수 2018-11-08),증권신고서,증권신고서__우리금융지주__20181108000394,1. 주식이전의 목적 / 다. 리스크 및 안정성관리 위험 / 라. 고객정보유출과 관련된 위험 / 5. 사업계획 등 / ① 임원 현황 / 4. 위험관리 / (2) 시장위험 / (4) 운영위험 / (5) 자본관리 / 1. 이사회에 관한 사항 / 다. 이사회 내의 위원회 / 2. 감사제도에 관한 사항 / 2. 임원의 보수 등,holding_plan,291,신설 완전모회사인 ㈜우리금융지주는 금융지주회사법상 자회사의 지배 내지 경영관리업무와 그에 부수하는 업무 등의 사업을 영위할 예정입니다.,,dart_out/doc/20181108000394/본문.pdf,https://dart.fss.or.kr/dsaf001/main.do?rcpNo=20181108000394,925b5988e8ef8eecf9c24d5ea37c0dda49ba6c25648f9fff6c71cb3eba51ed23,7718c5550f877ee57471fb3e21578f2a19b7a435e1490a0d7b20fd07a8b5c0a9
메리츠금융지주,2010(접수 2010-12-10),증권신고서,증권신고서__메리츠금융지주__20101210000020,1. 목적 / 3. 분할이 성사될 경우 관련 증권에 투자함에 있어 고려할 위험 / 5. 사업계획 등 / 5. 내부통제에 관한 사항 / 1. 이사회에 관한 사항 / 다. 이사회내 위원회 / 2. 감사제도에 관한 사항 / 1. 임원 및 직원의 현황,risk_committee,85,"증권신고서 제출일 현재 회사는 경영상 발생할 수 있는 리스크의 효율적인감독 및 정책 수립 등 리스크관리와 관련한 이사회로부터 위임받은 사항을 심의, 결의하기 위하여 리스크관리위원회를 구성하여 운영하고 있습니다.",,dart_out/doc/20101210000020/본문.pdf,https://dart.fss.or.kr/dsaf001/main.do?rcpNo=20101210000020,d7c65aa2c092df40ec30a6af97e56a441014bd3125b4a7ea9caab9fe9520c161,70fae820d5d55c88409bc97ea74b3994b9203006b8d5b442edf894e6555a6afe
메리츠금융지주,2010(접수 2010-12-10),증권신고서,증권신고서__메리츠금융지주__20101210000020,1. 목적 / 3. 분할이 성사될 경우 관련 증권에 투자함에 있어 고려할 위험 / 5. 사업계획 등 / 5. 내부통제에 관한 사항 / 1. 이사회에 관한 사항 / 다. 이사회내 위원회 / 2. 감사제도에 관한 사항 / 1. 임원 및 직원의 현황,risk_committee,85,"리스크관리위원회는 대표이사(원명수 부회장) 및 사외이사 2명(강정호 사외이사, 지범하 사외이사)으로 구성되어 있으며, 재적위원 과반수 출석으로 성립하고 참석위원 과반수 찬성으로 결의하고 있습니다.",,dart_out/doc/20101210000020/본문.pdf,https://dart.fss.or.kr/dsaf001/main.do?rcpNo=20101210000020,d7c65aa2c092df40ec30a6af97e56a441014bd3125b4a7ea9caab9fe9520c161,70fae820d5d55c88409bc97ea74b3994b9203006b8d5b442edf894e6555a6afe
메리츠금융지주,2010(접수 2010-12-10),증권신고서,증권신고서__메리츠금융지주__20101210000020,1. 목적 / 3. 분할이 성사될 경우 관련 증권에 투자함에 있어 고려할 위험 / 5. 사업계획 등 / 5. 내부통제에 관한 사항 / 1. 이사회에 관한 사항 / 다. 이사회내 위원회 / 2. 감사제도에 관한 사항 / 1. 임원 및 직원의 현황,risk_committee,85,"리스크관리위원회는 리스크관리 기본방침 수립, 리스크 허용한도 설정 및 변경,재보험 운영 전략 설정, SAA 설정, 리스크관련 제규정 제정 및 개정, 리스크관리 현황 등에 관하여 심의합니다.",,dart_out/doc/20101210000020/본문.pdf,https://dart.fss.or.kr/dsaf001/main.do?rcpNo=20101210000020,d7c65aa2c092df40ec30a6af97e56a441014bd3125b4a7ea9caab9fe9520c161,70fae820d5d55c88409bc97ea74b3994b9203006b8d5b442edf894e6555a6afe
메리츠금융지주,2010(접수 2010-12-10),증권신고서,증권신고서__메리츠금융지주__20101210000020,1. 목적 / 3. 분할이 성사될 경우 관련 증권에 투자함에 있어 고려할 위험 / 5. 사업계획 등 / 5. 내부통제에 관한 사항 / 1. 이사회에 관한 사항 / 다. 이사회내 위원회 / 2. 감사제도에 관한 사항 / 1. 임원 및 직원의 현황,raf,85,"리스크관리위원회는 리스크관리 기본방침 수립, 리스크 허용한도 설정 및 변경,재보험 운영 전략 설정, SAA 설정, 리스크관련 제규정 제정 및 개정, 리스크관리 현황 등에 관하여 심의합니다.",,dart_out/doc/20101210000020/본문.pdf,https://dart.fss.or.kr/dsaf001/main.do?rcpNo=20101210000020,d7c65aa2c092df40ec30a6af97e56a441014bd3125b4a7ea9caab9fe9520c161,70fae820d5d55c88409bc97ea74b3994b9203006b8d5b442edf894e6555a6afe
메리츠금융지주,2010(접수 2010-12-10),증권신고서,증권신고서__메리츠금융지주__20101210000020,1. 목적 / 3. 분할이 성사될 경우 관련 증권에 투자함에 있어 고려할 위험 / 5. 사업계획 등 / 5. 내부통제에 관한 사항 / 1. 이사회에 관한 사항 / 다. 이사회내 위원회 / 2. 감사제도에 관한 사항 / 1. 임원 및 직원의 현황,raf,85,2010.6.30 1. 파생상품 손실한도 초과 매각 유에 건 승 인,,dart_out/doc/20101210000020/본문.pdf,https://dart.fss.or.kr/dsaf001/main.do?rcpNo=20101210000020,d7c65aa2c092df40ec30a6af97e56a441014bd3125b4a7ea9caab9fe9520c161,70fae820d5d55c88409bc97ea74b3994b9203006b8d5b442edf894e6555a6afe
메리츠금융지주,2010(접수 2010-12-10),증권신고서,증권신고서__메리츠금융지주__20101210000020,1. 목적 / 3. 분할이 성사될 경우 관련 증권에 투자함에 있어 고려할 위험 / 5. 사업계획 등 / 5. 내부통제에 관한 사항 / 1. 이사회에 관한 사항 / 다. 이사회내 위원회 / 2. 감사제도에 관한 사항 / 1. 임원 및 직원의 현황,reporting,85,2. FY2010_5월 리스크현황 종합분석,,dart_out/doc/20101210000020/본문.pdf,https://dart.fss.or.kr/dsaf001/main.do?rcpNo=20101210000020,d7c65aa2c092df40ec30a6af97e56a441014bd3125b4a7ea9caab9fe9520c161,70fae820d5d55c88409bc97ea74b3994b9203006b8d5b442edf894e6555a6afe
메리츠금융지주,2010(접수 2010-12-10),증권신고서,증권신고서__메리츠금융지주__20101210000020,1. 목적 / 3. 분할이 성사될 경우 관련 증권에 투자함에 있어 고려할 위험 / 5. 사업계획 등 / 5. 내부통제에 관한 사항 / 1. 이사회에 관한 사항 / 다. 이사회내 위원회 / 2. 감사제도에 관한 사항 / 1. 임원 및 직원의 현황,reporting,85,1. FY2010_1/4분기 리스크현황 종합분석 보 고,,dart_out/doc/20101210000020/본문.pdf,https://dart.fss.or.kr/dsaf001/main.do?rcpNo=20101210000020,d7c65aa2c092df40ec30a6af97e56a441014bd3125b4a7ea9caab9fe9520c161,70fae820d5d55c88409bc97ea74b3994b9203006b8d5b442edf894e6555a6afe
메리츠금융지주,2010(접수 2010-12-10),증권신고서,증권신고서__메리츠금융지주__20101210000020,1. 목적 / 3. 분할이 성사될 경우 관련 증권에 투자함에 있어 고려할 위험 / 5. 사업계획 등 / 5. 내부통제에 관한 사항 / 1. 이사회에 관한 사항 / 다. 이사회내 위원회 / 2. 감사제도에 관한 사항 / 1. 임원 및 직원의 현황,stress,85,1. 위기상황분석(StressTest) 결과 및 대응방안 보 고,,dart_out/doc/20101210000020/본문.pdf,https://dart.fss.or.kr/dsaf001/main.do?rcpNo=20101210000020,d7c65aa2c092df40ec30a6af97e56a441014bd3125b4a7ea9caab9fe9520c161,70fae820d5d55c88409bc97ea74b3994b9203006b8d5b442edf894e6555a6afe
메리츠금융지주,2010(접수 2010-12-10),증권신고서,증권신고서__메리츠금융지주__20101210000020,1. 목적 / 3. 분할이 성사될 경우 관련 증권에 투자함에 있어 고려할 위험 / 5. 사업계획 등 / 5. 내부통제에 관한 사항 / 1. 이사회에 관한 사항 / 다. 이사회내 위원회 / 2. 감사제도에 관한 사항 / 1. 임원 및 직원의 현황,org,99,상무보 (상  근) 미등기임원 이준근 62.09.09 서울대 경영학 연세대대학원 경영학 메리츠화재 자산운용기획부장 메리츠자산운용 경영관리본부장(상무 보) 리스크관리 본부장,,dart_out/doc/20101210000020/본문.pdf,https://dart.fss.or.kr/dsaf001/main.do?rcpNo=20101210000020,d7c65aa2c092df40ec30a6af97e56a441014bd3125b4a7ea9caab9fe9520c161,70fae820d5d55c88409bc97ea74b3994b9203006b8d5b442edf894e6555a6afe
메리츠금융지주,2010(접수 2010-12-10),증권신고서,증권신고서__메리츠금융지주__20101210000020,1. 목적 / 3. 분할이 성사될 경우 관련 증권에 투자함에 있어 고려할 위험 / 5. 사업계획 등 / 5. 내부통제에 관한 사항 / 1. 이사회에 관한 사항 / 다. 이사회내 위원회 / 2. 감사제도에 관한 사항 / 1. 임원 및 직원의 현황,internal_control,84,- FY2009 내부통제시스템 운영 평가보고 보고 보고 보고 보고,,dart_out/doc/20101210000020/본문.pdf,https://dart.fss.or.kr/dsaf001/main.do?rcpNo=20101210000020,d7c65aa2c092df40ec30a6af97e56a441014bd3125b4a7ea9caab9fe9520c161,70fae820d5d55c88409bc97ea74b3994b9203006b8d5b442edf894e6555a6afe
메리츠금융지주,2010(접수 2010-12-10),증권신고서,증권신고서__메리츠금융지주__20101210000020,1. 목적 / 3. 분할이 성사될 경우 관련 증권에 투자함에 있어 고려할 위험 / 5. 사업계획 등 / 5. 내부통제에 관한 사항 / 1. 이사회에 관한 사항 / 다. 이사회내 위원회 / 2. 감사제도에 관한 사항 / 1. 임원 및 직원의 현황,internal_control,83,"회계감사인은 회사의 2010년 3월 31일 현재의 내부회계관리제도 운영실태평가보고서를 검토하고, 중요성의 관점에서 내부회계관리제도 모범규준의 규정에 따라 작성되지 않았다고 판단하게 하는 점이 발견되지 아니하였다는 의견을 표명하였습니다.",,dart_out/doc/20101210000020/본문.pdf,https://dart.fss.or.kr/dsaf001/main.do?rcpNo=20101210000020,d7c65aa2c092df40ec30a6af97e56a441014bd3125b4a7ea9caab9fe9520c161,70fae820d5d55c88409bc97ea74b3994b9203006b8d5b442edf894e6555a6afe
메리츠금융지주,2010(접수 2010-12-10),증권신고서,증권신고서__메리츠금융지주__20101210000020,1. 목적 / 3. 분할이 성사될 경우 관련 증권에 투자함에 있어 고려할 위험 / 5. 사업계획 등 / 5. 내부통제에 관한 사항 / 1. 이사회에 관한 사항 / 다. 이사회내 위원회 / 2. 감사제도에 관한 사항 / 1. 임원 및 직원의 현황,internal_control,87,"「감사위원회규정」제6조(독립의 원칙) 위원회는 그 직무를 이사회, 집행기관으로부터 독립된 위치에서 수행하여야 한다.",,dart_out/doc/20101210000020/본문.pdf,https://dart.fss.or.kr/dsaf001/main.do?rcpNo=20101210000020,d7c65aa2c092df40ec30a6af97e56a441014bd3125b4a7ea9caab9fe9520c161,70fae820d5d55c88409bc97ea74b3994b9203006b8d5b442edf894e6555a6afe
메리츠금융지주,2010(접수 2010-12-10),증권신고서,증권신고서__메리츠금융지주__20101210000020,1. 목적 / 3. 분할이 성사될 경우 관련 증권에 투자함에 있어 고려할 위험 / 5. 사업계획 등 / 5. 내부통제에 관한 사항 / 1. 이사회에 관한 사항 / 다. 이사회내 위원회 / 2. 감사제도에 관한 사항 / 1. 임원 및 직원의 현황,internal_control,87,"- 회의의 종류 : 위원회의 회의는 정기회의와 임시회의로 구분하며, 정기회의는 분기당 1회 이상 개최하며, 임시회의는 필요에 따라 수시로 개최함",,dart_out/doc/20101210000020/본문.pdf,https://dart.fss.or.kr/dsaf001/main.do?rcpNo=20101210000020,d7c65aa2c092df40ec30a6af97e56a441014bd3125b4a7ea9caab9fe9520c161,70fae820d5d55c88409bc97ea74b3994b9203006b8d5b442edf894e6555a6afe
메리츠금융지주,2010(접수 2010-12-10),증권신고서,증권신고서__메리츠금융지주__20101210000020,1. 목적 / 3. 분할이 성사될 경우 관련 증권에 투자함에 있어 고려할 위험 / 5. 사업계획 등 / 5. 내부통제에 관한 사항 / 1. 이사회에 관한 사항 / 다. 이사회내 위원회 / 2. 감사제도에 관한 사항 / 1. 임원 및 직원의 현황,internal_control,98,"상  무 (상  근) 미등기임원 이용규 57.07.08 고려대 경제학 메리츠화재 해상항공업무부 팀장, 메리츠화재 교육부 팀장 메리츠화재 자금부 부장 준법감시인",,dart_out/doc/20101210000020/본문.pdf,https://dart.fss.or.kr/dsaf001/main.do?rcpNo=20101210000020,d7c65aa2c092df40ec30a6af97e56a441014bd3125b4a7ea9caab9fe9520c161,70fae820d5d55c88409bc97ea74b3994b9203006b8d5b442edf894e6555a6afe
메리츠금융지주,2010(접수 2010-12-10),증권신고서,증권신고서__메리츠금융지주__20101210000020,1. 목적 / 3. 분할이 성사될 경우 관련 증권에 투자함에 있어 고려할 위험 / 5. 사업계획 등 / 5. 내부통제에 관한 사항 / 1. 이사회에 관한 사항 / 다. 이사회내 위원회 / 2. 감사제도에 관한 사항 / 1. 임원 및 직원의 현황,holding_plan,6,"또한 고객정보 공유, 공동마케팅, 비용절감 등 지주회사체제의 다양한 시너지 효과를 통하여 그룹 전체의 지속적인 발전을 도모할 수 있는 계기를 마련할 수 있을 것으로 판단됩니다.",,dart_out/doc/20101210000020/본문.pdf,https://dart.fss.or.kr/dsaf001/main.do?rcpNo=20101210000020,d7c65aa2c092df40ec30a6af97e56a441014bd3125b4a7ea9caab9fe9520c161,70fae820d5d55c88409bc97ea74b3994b9203006b8d5b442edf894e6555a6afe
메리츠금융지주,2010(접수 2010-12-10),증권신고서,증권신고서__메리츠금융지주__20101210000020,1. 목적 / 3. 분할이 성사될 경우 관련 증권에 투자함에 있어 고려할 위험 / 5. 사업계획 등 / 5. 내부통제에 관한 사항 / 1. 이사회에 관한 사항 / 다. 이사회내 위원회 / 2. 감사제도에 관한 사항 / 1. 임원 및 직원의 현황,holding_plan,21,"분할신설법인은 지주회사로의 역할을 수행하게 됨으로써 지배구조의 투명성이 증대되고 경영의 효율성을 강화함으로써 주주가치를 높이고, 사업부문별 특성에 적합한 의사결정 체제 확립과 경영 자원의 효율적 배분을 통해 사업 경쟁력을 강화하여 성장잠재력을 확보하고 경영상의 리스크를 최소화 할 수 있는 장점이 있습니다.",,dart_out/doc/20101210000020/본문.pdf,https://dart.fss.or.kr/dsaf001/main.do?rcpNo=20101210000020,d7c65aa2c092df40ec30a6af97e56a441014bd3125b4a7ea9caab9fe9520c161,70fae820d5d55c88409bc97ea74b3994b9203006b8d5b442edf894e6555a6afe
메리츠금융지주,2010(접수 2010-12-10),증권신고서,증권신고서__메리츠금융지주__20101210000020,1. 목적 / 3. 분할이 성사될 경우 관련 증권에 투자함에 있어 고려할 위험 / 5. 사업계획 등 / 5. 내부통제에 관한 사항 / 1. 이사회에 관한 사항 / 다. 이사회내 위원회 / 2. 감사제도에 관한 사항 / 1. 임원 및 직원의 현황,holding_plan,21,"당 분할은 다각적이고 장기적인 검토 끝에 결정된 분할이지만, 업계에서 최초로 시도되는 보험지주회사로의 전환이기 때문에 성공적인 지주회사체제 정착을 위해 분할 후에도 지속적인 보완을 진행이 될 예정이며, 따라서 보다 안정적인 궤도에 오르기까지는 다소의 시간이 필요할 것으로 판단됩니다.",,dart_out/doc/20101210000020/본문.pdf,https://dart.fss.or.kr/dsaf001/main.do?rcpNo=20101210000020,d7c65aa2c092df40ec30a6af97e56a441014bd3125b4a7ea9caab9fe9520c161,70fae820d5d55c88409bc97ea74b3994b9203006b8d5b442edf894e6555a6afe
메리츠금융지주,2010(접수 2010-12-10),증권신고서,증권신고서__메리츠금융지주__20101210000020,1. 목적 / 3. 분할이 성사될 경우 관련 증권에 투자함에 있어 고려할 위험 / 5. 사업계획 등 / 5. 내부통제에 관한 사항 / 1. 이사회에 관한 사항 / 다. 이사회내 위원회 / 2. 감사제도에 관한 사항 / 1. 임원 및 직원의 현황,holding_plan,30,"금번 분할은 지주회사 전환을 통한 지배구조의 투명성 강화 및 사업부문별 특성에 적합한 의사결정체제 확립 등을 통해 사업경쟁력 강화를 목적으로 하며, 현재 시점에서 분할존속회사는 보험사업부문만을 전담하는 사업회사로 변화하게 되고 분할신설회사는 지주회사로서 자회사 경영관리 등의 업무를 영위하게 됩니다.",,dart_out/doc/20101210000020/본문.pdf,https://dart.fss.or.kr/dsaf001/main.do?rcpNo=20101210000020,d7c65aa2c092df40ec30a6af97e56a441014bd3125b4a7ea9caab9fe9520c161,70fae820d5d55c88409bc97ea74b3994b9203006b8d5b442edf894e6555a6afe
메리츠금융지주,2010(접수 2010-12-10),증권신고서,증권신고서__메리츠금융지주__20101210000020,1. 목적 / 3. 분할이 성사될 경우 관련 증권에 투자함에 있어 고려할 위험 / 5. 사업계획 등 / 5. 내부통제에 관한 사항 / 1. 이사회에 관한 사항 / 다. 이사회내 위원회 / 2. 감사제도에 관한 사항 / 1. 임원 및 직원의 현황,holding_plan,30,"분할 후에는 분할신설회사가 분할존속회사 주식의 공개매수를 통해 지주회사 체제 구축을 완료할 예정이며, 이외의 현재 추진중이거나 계획중인 회사구조 개편에 대해 확정된 사항은 없습니다.",,dart_out/doc/20101210000020/본문.pdf,https://dart.fss.or.kr/dsaf001/main.do?rcpNo=20101210000020,d7c65aa2c092df40ec30a6af97e56a441014bd3125b4a7ea9caab9fe9520c161,70fae820d5d55c88409bc97ea74b3994b9203006b8d5b442edf894e6555a6afe
메리츠금융지주,2010(접수 2010-12-10),증권신고서,증권신고서__메리츠금융지주__20101210000020,1. 목적 / 3. 분할이 성사될 경우 관련 증권에 투자함에 있어 고려할 위험 / 5. 사업계획 등 / 5. 내부통제에 관한 사항 / 1. 이사회에 관한 사항 / 다. 이사회내 위원회 / 2. 감사제도에 관한 사항 / 1. 임원 및 직원의 현황,group_council,,문서에 없음,범위 문서 전체 p.1~107 · 정규식 (리스크|위험)\s*(관리)?\s*(실무)?\s*(협의회|협의체|심의회)|리스크정책위원회|실무\s*위원회|실무\s*협의회 · 후보 0건 — 읽고 해당 서술 없음으로 판단,dart_out/doc/20101210000020/본문.pdf,https://dart.fss.or.kr/dsaf001/main.do?rcpNo=20101210000020,d7c65aa2c092df40ec30a6af97e56a441014bd3125b4a7ea9caab9fe9520c161,70fae820d5d55c88409bc97ea74b3994b9203006b8d5b442edf894e6555a6afe
메리츠금융지주,2010(접수 2010-12-10),증권신고서,증권신고서__메리츠금융지주__20101210000020,1. 목적 / 3. 분할이 성사될 경우 관련 증권에 투자함에 있어 고려할 위험 / 5. 사업계획 등 / 5. 내부통제에 관한 사항 / 1. 이사회에 관한 사항 / 다. 이사회내 위원회 / 2. 감사제도에 관한 사항 / 1. 임원 및 직원의 현황,cro,,문서에 없음,범위 문서 전체 p.1~107 · 정규식 CRO|위험관리\s*책임자|리스크\s*관리\s*책임자|최고\s*리스크|Chief\s*Risk · 후보 0건 — 읽고 해당 서술 없음으로 판단,dart_out/doc/20101210000020/본문.pdf,https://dart.fss.or.kr/dsaf001/main.do?rcpNo=20101210000020,d7c65aa2c092df40ec30a6af97e56a441014bd3125b4a7ea9caab9fe9520c161,70fae820d5d55c88409bc97ea74b3994b9203006b8d5b442edf894e6555a6afe
메리츠금융지주,2010(접수 2010-12-10),증권신고서,증권신고서__메리츠금융지주__20101210000020,1. 목적 / 3. 분할이 성사될 경우 관련 증권에 투자함에 있어 고려할 위험 / 5. 사업계획 등 / 5. 내부통제에 관한 사항 / 1. 이사회에 관한 사항 / 다. 이사회내 위원회 / 2. 감사제도에 관한 사항 / 1. 임원 및 직원의 현황,measurement,,문서에 없음,범위 문서 전체 p.1~107 · 정규식 요구\s*자본|내부\s*자본|가용\s*자본|통합\s*(위험|리스크)|VaR|자본\s*적정성|ICAAP|위험\s*자본|경제적\s*자본|Risk\s*Capital|위험\s*측정|리스크\s*측정 · 후보 0건 — 읽고 해당 서술 없음으로 판단,dart_out/doc/20101210000020/본문.pdf,https://dart.fss.or.kr/dsaf001/main.do?rcpNo=20101210000020,d7c65aa2c092df40ec30a6af97e56a441014bd3125b4a7ea9caab9fe9520c161,70fae820d5d55c88409bc97ea74b3994b9203006b8d5b442edf894e6555a6afe
메리츠금융지주,2010(접수 2010-12-10),증권신고서,증권신고서__메리츠금융지주__20101210000020,1. 목적 / 3. 분할이 성사될 경우 관련 증권에 투자함에 있어 고려할 위험 / 5. 사업계획 등 / 5. 내부통제에 관한 사항 / 1. 이사회에 관한 사항 / 다. 이사회내 위원회 / 2. 감사제도에 관한 사항 / 1. 임원 및 직원의 현황,oprisk,,문서에 없음,범위 문서 전체 p.1~107 · 정규식 운영\s*(리스크|위험)|손실\s*사건|손실\s*데이터|BCP|업무\s*연속성|위탁|IT\s*리스크|정보\s*보호|사이버 · 후보 2건 — 읽고 해당 서술 없음으로 판단,dart_out/doc/20101210000020/본문.pdf,https://dart.fss.or.kr/dsaf001/main.do?rcpNo=20101210000020,d7c65aa2c092df40ec30a6af97e56a441014bd3125b4a7ea9caab9fe9520c161,70fae820d5d55c88409bc97ea74b3994b9203006b8d5b442edf894e6555a6afe
메리츠금융지주,2010(접수 2010-12-10),증권신고서,증권신고서__메리츠금융지주__20101210000020,1. 목적 / 3. 분할이 성사될 경우 관련 증권에 투자함에 있어 고려할 위험 / 5. 사업계획 등 / 5. 내부통제에 관한 사항 / 1. 이사회에 관한 사항 / 다. 이사회내 위원회 / 2. 감사제도에 관한 사항 / 1. 임원 및 직원의 현황,compensation,,문서에 없음,"범위 문서 전체 p.1~107 · 정규식 성과\s*보수|이연\s*지급|환수|Clawback|클로백|(리스크|위험)\s*(를|을)?\s*(고려|반영|조정)[^.。]{0,20}(성과|보수|평가)|(성과|보수)[^.。]{0,30}(리스크|위험)\s*(조정|반영|고려)|보수\s*체계|보수\s*정책|리스크\s*조정 · 후보 0건 — 읽고 해당 서술 없음으로 판단",dart_out/doc/20101210000020/본문.pdf,https://dart.fss.or.kr/dsaf001/main.do?rcpNo=20101210000020,d7c65aa2c092df40ec30a6af97e56a441014bd3125b4a7ea9caab9fe9520c161,70fae820d5d55c88409bc97ea74b3994b9203006b8d5b442edf894e6555a6afe
메리츠금융지주,2022(접수 2022-11-21),증권신고서,증권신고서__메리츠금융지주__20221121000209,1. 주식교환의 목적 / 5) 정보통신 기술 관련 사고 발생 가능성 / 사. 주요 사업의 내용 / 나. 임원간의 상호 겸직 / 38. 위험관리 / 28. 위험관리 / 1. 이사회에 관한 사항 / 라. 이사회내 위원회 / 2. 감사제도에 관한 사항 / 사. 준법지원인 등 지원조직 현황 / 1. 임원 및 직원 등의 현황 / 2. 임원의 보수 등,risk_committee,526,"한편, 이사회는 이사회의 효율적인 운영과 신속한 의사결정 체계 확립을 위해 관련법령이 허용하는 범위내에서 이사회 권한중 일부를 이사회내 산하 위원회로 위임하고 있으며, 금융관계법령 및 정관 규정에 따라 감사위원회 및 보수위원회, 리스크관리위원회, 임원후보추천위원회 총 4개 위원회를 이사회 산하에 설치ㆍ운영 중에 있습니다.",,dart_out/doc/20221121000209/본문.pdf,https://dart.fss.or.kr/dsaf001/main.do?rcpNo=20221121000209,30ed8f6d226ffe21b6b0e4f4b98e2c483463fdd2b9d736a55f084dbdcc54d6da,b6a46d0cc4b9e07fbf263ba0470ac7164a8ade1c02ae9eafb2d29385ba6c0a79
메리츠금융지주,2022(접수 2022-11-21),증권신고서,증권신고서__메리츠금융지주__20221121000209,1. 주식교환의 목적 / 5) 정보통신 기술 관련 사고 발생 가능성 / 사. 주요 사업의 내용 / 나. 임원간의 상호 겸직 / 38. 위험관리 / 28. 위험관리 / 1. 이사회에 관한 사항 / 라. 이사회내 위원회 / 2. 감사제도에 관한 사항 / 사. 준법지원인 등 지원조직 현황 / 1. 임원 및 직원 등의 현황 / 2. 임원의 보수 등,risk_committee,528,"② 리스크관리위원회 사외이사 2명 상근이사 1명 조홍희(위원장), 안동현 김용범 그룹 전체의 리스크관리 기본방향 수립 및 관리 -",,dart_out/doc/20221121000209/본문.pdf,https://dart.fss.or.kr/dsaf001/main.do?rcpNo=20221121000209,30ed8f6d226ffe21b6b0e4f4b98e2c483463fdd2b9d736a55f084dbdcc54d6da,b6a46d0cc4b9e07fbf263ba0470ac7164a8ade1c02ae9eafb2d29385ba6c0a79
메리츠금융지주,2022(접수 2022-11-21),증권신고서,증권신고서__메리츠금융지주__20221121000209,1. 주식교환의 목적 / 5) 정보통신 기술 관련 사고 발생 가능성 / 사. 주요 사업의 내용 / 나. 임원간의 상호 겸직 / 38. 위험관리 / 28. 위험관리 / 1. 이사회에 관한 사항 / 라. 이사회내 위원회 / 2. 감사제도에 관한 사항 / 사. 준법지원인 등 지원조직 현황 / 1. 임원 및 직원 등의 현황 / 2. 임원의 보수 등,risk_committee,529,2022-04 22.08.03 보고 1. 그룹의 리스크상태 및 한도관리 현황(‘22.6월) - - - -2. 그룹 통합 위기상황분석 및 유동성 관리현황(’22.6월) 3. 그룹리스크협의회 및 계열사 리스크관리위원회 결의사항,,dart_out/doc/20221121000209/본문.pdf,https://dart.fss.or.kr/dsaf001/main.do?rcpNo=20221121000209,30ed8f6d226ffe21b6b0e4f4b98e2c483463fdd2b9d736a55f084dbdcc54d6da,b6a46d0cc4b9e07fbf263ba0470ac7164a8ade1c02ae9eafb2d29385ba6c0a79
메리츠금융지주,2022(접수 2022-11-21),증권신고서,증권신고서__메리츠금융지주__20221121000209,1. 주식교환의 목적 / 5) 정보통신 기술 관련 사고 발생 가능성 / 사. 주요 사업의 내용 / 나. 임원간의 상호 겸직 / 38. 위험관리 / 28. 위험관리 / 1. 이사회에 관한 사항 / 라. 이사회내 위원회 / 2. 감사제도에 관한 사항 / 사. 준법지원인 등 지원조직 현황 / 1. 임원 및 직원 등의 현황 / 2. 임원의 보수 등,group_council,442,"위험관리업무를 수행함에 있어 기본적인절차와 기준을 그룹리스크관리규정, 그룹리스크관리위원회규정, 그룹리스크협의회운영세칙으로 구성하고 있으며, 위험관리조직의 역할, 위험전략, 부문별 위험측정, 한도관리, 위기상황 분석 및 보고 등 위험관리 업무 및 위원회에 관한 전반적인 사항을 규정하여 관리하고 있습니다.",,dart_out/doc/20221121000209/본문.pdf,https://dart.fss.or.kr/dsaf001/main.do?rcpNo=20221121000209,30ed8f6d226ffe21b6b0e4f4b98e2c483463fdd2b9d736a55f084dbdcc54d6da,b6a46d0cc4b9e07fbf263ba0470ac7164a8ade1c02ae9eafb2d29385ba6c0a79
메리츠금융지주,2022(접수 2022-11-21),증권신고서,증권신고서__메리츠금융지주__20221121000209,1. 주식교환의 목적 / 5) 정보통신 기술 관련 사고 발생 가능성 / 사. 주요 사업의 내용 / 나. 임원간의 상호 겸직 / 38. 위험관리 / 28. 위험관리 / 1. 이사회에 관한 사항 / 라. 이사회내 위원회 / 2. 감사제도에 관한 사항 / 사. 준법지원인 등 지원조직 현황 / 1. 임원 및 직원 등의 현황 / 2. 임원의 보수 등,group_council,442,"이에 대한 요구자본 할당 및 한도기준에 대해서는 그룹리스크협의회를 통해 협의 및 그룹리스크관리위원회 승인을 받아 운영하고, 관련사항에 대해서는 정기적인 모니터링을 통해 통제 및 관리하고 있으며, 위원회 및 경영진에게 정기적으로 보고하고 있습니다.",,dart_out/doc/20221121000209/본문.pdf,https://dart.fss.or.kr/dsaf001/main.do?rcpNo=20221121000209,30ed8f6d226ffe21b6b0e4f4b98e2c483463fdd2b9d736a55f084dbdcc54d6da,b6a46d0cc4b9e07fbf263ba0470ac7164a8ade1c02ae9eafb2d29385ba6c0a79
메리츠금융지주,2022(접수 2022-11-21),증권신고서,증권신고서__메리츠금융지주__20221121000209,1. 주식교환의 목적 / 5) 정보통신 기술 관련 사고 발생 가능성 / 사. 주요 사업의 내용 / 나. 임원간의 상호 겸직 / 38. 위험관리 / 28. 위험관리 / 1. 이사회에 관한 사항 / 라. 이사회내 위원회 / 2. 감사제도에 관한 사항 / 사. 준법지원인 등 지원조직 현황 / 1. 임원 및 직원 등의 현황 / 2. 임원의 보수 등,group_council,494,"당사는 경제환경 변화에 능동적인 대처를 하기 위하여 제반 리스크를 신용위험, 시장위험, 유동성위험으로 분류하고 있으며, 위험관리를 위해 리스크관리위원회와 그룹리스크협의회 및 독립적으로 리스크관리부서를 운영하고 있습니다.",,dart_out/doc/20221121000209/본문.pdf,https://dart.fss.or.kr/dsaf001/main.do?rcpNo=20221121000209,30ed8f6d226ffe21b6b0e4f4b98e2c483463fdd2b9d736a55f084dbdcc54d6da,b6a46d0cc4b9e07fbf263ba0470ac7164a8ade1c02ae9eafb2d29385ba6c0a79
메리츠금융지주,2022(접수 2022-11-21),증권신고서,증권신고서__메리츠금융지주__20221121000209,1. 주식교환의 목적 / 5) 정보통신 기술 관련 사고 발생 가능성 / 사. 주요 사업의 내용 / 나. 임원간의 상호 겸직 / 38. 위험관리 / 28. 위험관리 / 1. 이사회에 관한 사항 / 라. 이사회내 위원회 / 2. 감사제도에 관한 사항 / 사. 준법지원인 등 지원조직 현황 / 1. 임원 및 직원 등의 현황 / 2. 임원의 보수 등,cro,545,오종원 남 1975.03 상무 미등기 상근 CRO 겸 위험관리책임자 ·한국과학기술원 경영공학 석사 ·삼성자산운용 투자전략팀 수석 (2002~2012) ·메리츠증권Solution팀 상무보 (2012~2020) ·現 메리츠화재 리스크관리팀장 겸 위험관리책임자 상무 (2021~),,dart_out/doc/20221121000209/본문.pdf,https://dart.fss.or.kr/dsaf001/main.do?rcpNo=20221121000209,30ed8f6d226ffe21b6b0e4f4b98e2c483463fdd2b9d736a55f084dbdcc54d6da,b6a46d0cc4b9e07fbf263ba0470ac7164a8ade1c02ae9eafb2d29385ba6c0a79
메리츠금융지주,2022(접수 2022-11-21),증권신고서,증권신고서__메리츠금융지주__20221121000209,1. 주식교환의 목적 / 5) 정보통신 기술 관련 사고 발생 가능성 / 사. 주요 사업의 내용 / 나. 임원간의 상호 겸직 / 38. 위험관리 / 28. 위험관리 / 1. 이사회에 관한 사항 / 라. 이사회내 위원회 / 2. 감사제도에 관한 사항 / 사. 준법지원인 등 지원조직 현황 / 1. 임원 및 직원 등의 현황 / 2. 임원의 보수 등,cro,218,오종원(미등기임원) 메리츠화재 위험관리책임자/리스크관리팀장 상근(미등기임원) -,,dart_out/doc/20221121000209/본문.pdf,https://dart.fss.or.kr/dsaf001/main.do?rcpNo=20221121000209,30ed8f6d226ffe21b6b0e4f4b98e2c483463fdd2b9d736a55f084dbdcc54d6da,b6a46d0cc4b9e07fbf263ba0470ac7164a8ade1c02ae9eafb2d29385ba6c0a79
메리츠금융지주,2022(접수 2022-11-21),증권신고서,증권신고서__메리츠금융지주__20221121000209,1. 주식교환의 목적 / 5) 정보통신 기술 관련 사고 발생 가능성 / 사. 주요 사업의 내용 / 나. 임원간의 상호 겸직 / 38. 위험관리 / 28. 위험관리 / 1. 이사회에 관한 사항 / 라. 이사회내 위원회 / 2. 감사제도에 관한 사항 / 사. 준법지원인 등 지원조직 현황 / 1. 임원 및 직원 등의 현황 / 2. 임원의 보수 등,raf,442,"연결기업은 금융지주회사 위험기준 자기자본의 건전성을 나타내는 지표로 감독기관에서 규정하고 있는 규제자본 제도기준에 따라 필요자본 대비 자기자본비율을 산출하고 있으며, 각 자회사 및 계열사의 규제자본 제도인 RBC, 순자본비율, 조정자기자본비율제도 최소영업자본액 등의 요구자본을 기준으로 개별 리스크별(보험, 금리, 시장, 신용 및 운영위험)로 요구자본을 배분하고, 할당된 요구자본 내 관리를 위한 한도를 설정하여 안정적 자본관리를 위해 노력하고 있습니다.",,dart_out/doc/20221121000209/본문.pdf,https://dart.fss.or.kr/dsaf001/main.do?rcpNo=20221121000209,30ed8f6d226ffe21b6b0e4f4b98e2c483463fdd2b9d736a55f084dbdcc54d6da,b6a46d0cc4b9e07fbf263ba0470ac7164a8ade1c02ae9eafb2d29385ba6c0a79
메리츠금융지주,2022(접수 2022-11-21),증권신고서,증권신고서__메리츠금융지주__20221121000209,1. 주식교환의 목적 / 5) 정보통신 기술 관련 사고 발생 가능성 / 사. 주요 사업의 내용 / 나. 임원간의 상호 겸직 / 38. 위험관리 / 28. 위험관리 / 1. 이사회에 관한 사항 / 라. 이사회내 위원회 / 2. 감사제도에 관한 사항 / 사. 준법지원인 등 지원조직 현황 / 1. 임원 및 직원 등의 현황 / 2. 임원의 보수 등,raf,442,"이에 대한 요구자본 할당 및 한도기준에 대해서는 그룹리스크협의회를 통해 협의 및 그룹리스크관리위원회 승인을 받아 운영하고, 관련사항에 대해서는 정기적인 모니터링을 통해 통제 및 관리하고 있으며, 위원회 및 경영진에게 정기적으로 보고하고 있습니다.",,dart_out/doc/20221121000209/본문.pdf,https://dart.fss.or.kr/dsaf001/main.do?rcpNo=20221121000209,30ed8f6d226ffe21b6b0e4f4b98e2c483463fdd2b9d736a55f084dbdcc54d6da,b6a46d0cc4b9e07fbf263ba0470ac7164a8ade1c02ae9eafb2d29385ba6c0a79
메리츠금융지주,2022(접수 2022-11-21),증권신고서,증권신고서__메리츠금융지주__20221121000209,1. 주식교환의 목적 / 5) 정보통신 기술 관련 사고 발생 가능성 / 사. 주요 사업의 내용 / 나. 임원간의 상호 겸직 / 38. 위험관리 / 28. 위험관리 / 1. 이사회에 관한 사항 / 라. 이사회내 위원회 / 2. 감사제도에 관한 사항 / 사. 준법지원인 등 지원조직 현황 / 1. 임원 및 직원 등의 현황 / 2. 임원의 보수 등,raf,529,2022-05 22.08.30 결의 1. 그룹 및 계열사 비청산 장외파생상품 개시증거금 면제 한도 설정의 건 가결 찬성 찬성 찬성,,dart_out/doc/20221121000209/본문.pdf,https://dart.fss.or.kr/dsaf001/main.do?rcpNo=20221121000209,30ed8f6d226ffe21b6b0e4f4b98e2c483463fdd2b9d736a55f084dbdcc54d6da,b6a46d0cc4b9e07fbf263ba0470ac7164a8ade1c02ae9eafb2d29385ba6c0a79
메리츠금융지주,2022(접수 2022-11-21),증권신고서,증권신고서__메리츠금융지주__20221121000209,1. 주식교환의 목적 / 5) 정보통신 기술 관련 사고 발생 가능성 / 사. 주요 사업의 내용 / 나. 임원간의 상호 겸직 / 38. 위험관리 / 28. 위험관리 / 1. 이사회에 관한 사항 / 라. 이사회내 위원회 / 2. 감사제도에 관한 사항 / 사. 준법지원인 등 지원조직 현황 / 1. 임원 및 직원 등의 현황 / 2. 임원의 보수 등,measurement,442,"연결기업은 금융지주회사 위험기준 자기자본의 건전성을 나타내는 지표로 감독기관에서 규정하고 있는 규제자본 제도기준에 따라 필요자본 대비 자기자본비율을 산출하고 있으며, 각 자회사 및 계열사의 규제자본 제도인 RBC, 순자본비율, 조정자기자본비율제도 최소영업자본액 등의 요구자본을 기준으로 개별 리스크별(보험, 금리, 시장, 신용 및 운영위험)로 요구자본을 배분하고, 할당된 요구자본 내 관리를 위한 한도를 설정하여 안정적 자본관리를 위해 노력하고 있습니다.",,dart_out/doc/20221121000209/본문.pdf,https://dart.fss.or.kr/dsaf001/main.do?rcpNo=20221121000209,30ed8f6d226ffe21b6b0e4f4b98e2c483463fdd2b9d736a55f084dbdcc54d6da,b6a46d0cc4b9e07fbf263ba0470ac7164a8ade1c02ae9eafb2d29385ba6c0a79
메리츠금융지주,2022(접수 2022-11-21),증권신고서,증권신고서__메리츠금융지주__20221121000209,1. 주식교환의 목적 / 5) 정보통신 기술 관련 사고 발생 가능성 / 사. 주요 사업의 내용 / 나. 임원간의 상호 겸직 / 38. 위험관리 / 28. 위험관리 / 1. 이사회에 관한 사항 / 라. 이사회내 위원회 / 2. 감사제도에 관한 사항 / 사. 준법지원인 등 지원조직 현황 / 1. 임원 및 직원 등의 현황 / 2. 임원의 보수 등,measurement,442,"연결기업은 보험, 금리, 시장 및 신용위험에 대한 각 위험별 위험관리체계를 구축하여 개별 위험액 산출 및 스트레스 테스트 등을 수행하고 있으며, 산출된 위험액으로 한도관리를 하는 등 위험관리에 활용하고 있습니다.",,dart_out/doc/20221121000209/본문.pdf,https://dart.fss.or.kr/dsaf001/main.do?rcpNo=20221121000209,30ed8f6d226ffe21b6b0e4f4b98e2c483463fdd2b9d736a55f084dbdcc54d6da,b6a46d0cc4b9e07fbf263ba0470ac7164a8ade1c02ae9eafb2d29385ba6c0a79
메리츠금융지주,2022(접수 2022-11-21),증권신고서,증권신고서__메리츠금융지주__20221121000209,1. 주식교환의 목적 / 5) 정보통신 기술 관련 사고 발생 가능성 / 사. 주요 사업의 내용 / 나. 임원간의 상호 겸직 / 38. 위험관리 / 28. 위험관리 / 1. 이사회에 관한 사항 / 라. 이사회내 위원회 / 2. 감사제도에 관한 사항 / 사. 준법지원인 등 지원조직 현황 / 1. 임원 및 직원 등의 현황 / 2. 임원의 보수 등,reporting,442,"이에 대한 요구자본 할당 및 한도기준에 대해서는 그룹리스크협의회를 통해 협의 및 그룹리스크관리위원회 승인을 받아 운영하고, 관련사항에 대해서는 정기적인 모니터링을 통해 통제 및 관리하고 있으며, 위원회 및 경영진에게 정기적으로 보고하고 있습니다.",,dart_out/doc/20221121000209/본문.pdf,https://dart.fss.or.kr/dsaf001/main.do?rcpNo=20221121000209,30ed8f6d226ffe21b6b0e4f4b98e2c483463fdd2b9d736a55f084dbdcc54d6da,b6a46d0cc4b9e07fbf263ba0470ac7164a8ade1c02ae9eafb2d29385ba6c0a79
메리츠금융지주,2022(접수 2022-11-21),증권신고서,증권신고서__메리츠금융지주__20221121000209,1. 주식교환의 목적 / 5) 정보통신 기술 관련 사고 발생 가능성 / 사. 주요 사업의 내용 / 나. 임원간의 상호 겸직 / 38. 위험관리 / 28. 위험관리 / 1. 이사회에 관한 사항 / 라. 이사회내 위원회 / 2. 감사제도에 관한 사항 / 사. 준법지원인 등 지원조직 현황 / 1. 임원 및 직원 등의 현황 / 2. 임원의 보수 등,reporting,528,보고 1. 그룹의 리스크상태 및 한도관리 현황(’21.12월),,dart_out/doc/20221121000209/본문.pdf,https://dart.fss.or.kr/dsaf001/main.do?rcpNo=20221121000209,30ed8f6d226ffe21b6b0e4f4b98e2c483463fdd2b9d736a55f084dbdcc54d6da,b6a46d0cc4b9e07fbf263ba0470ac7164a8ade1c02ae9eafb2d29385ba6c0a79
메리츠금융지주,2022(접수 2022-11-21),증권신고서,증권신고서__메리츠금융지주__20221121000209,1. 주식교환의 목적 / 5) 정보통신 기술 관련 사고 발생 가능성 / 사. 주요 사업의 내용 / 나. 임원간의 상호 겸직 / 38. 위험관리 / 28. 위험관리 / 1. 이사회에 관한 사항 / 라. 이사회내 위원회 / 2. 감사제도에 관한 사항 / 사. 준법지원인 등 지원조직 현황 / 1. 임원 및 직원 등의 현황 / 2. 임원의 보수 등,reporting,529,2022-06 22.11.14 보고 1. 그룹의 리스크상태 및 한도관리 현황(’22.9월) 2. 그룹리스크협의회 및 계열사 리스크관리위원회 결의사항,,dart_out/doc/20221121000209/본문.pdf,https://dart.fss.or.kr/dsaf001/main.do?rcpNo=20221121000209,30ed8f6d226ffe21b6b0e4f4b98e2c483463fdd2b9d736a55f084dbdcc54d6da,b6a46d0cc4b9e07fbf263ba0470ac7164a8ade1c02ae9eafb2d29385ba6c0a79
메리츠금융지주,2022(접수 2022-11-21),증권신고서,증권신고서__메리츠금융지주__20221121000209,1. 주식교환의 목적 / 5) 정보통신 기술 관련 사고 발생 가능성 / 사. 주요 사업의 내용 / 나. 임원간의 상호 겸직 / 38. 위험관리 / 28. 위험관리 / 1. 이사회에 관한 사항 / 라. 이사회내 위원회 / 2. 감사제도에 관한 사항 / 사. 준법지원인 등 지원조직 현황 / 1. 임원 및 직원 등의 현황 / 2. 임원의 보수 등,stress,442,"연결기업은 보험, 금리, 시장 및 신용위험에 대한 각 위험별 위험관리체계를 구축하여 개별 위험액 산출 및 스트레스 테스트 등을 수행하고 있으며, 산출된 위험액으로 한도관리를 하는 등 위험관리에 활용하고 있습니다.",,dart_out/doc/20221121000209/본문.pdf,https://dart.fss.or.kr/dsaf001/main.do?rcpNo=20221121000209,30ed8f6d226ffe21b6b0e4f4b98e2c483463fdd2b9d736a55f084dbdcc54d6da,b6a46d0cc4b9e07fbf263ba0470ac7164a8ade1c02ae9eafb2d29385ba6c0a79
메리츠금융지주,2022(접수 2022-11-21),증권신고서,증권신고서__메리츠금융지주__20221121000209,1. 주식교환의 목적 / 5) 정보통신 기술 관련 사고 발생 가능성 / 사. 주요 사업의 내용 / 나. 임원간의 상호 겸직 / 38. 위험관리 / 28. 위험관리 / 1. 이사회에 관한 사항 / 라. 이사회내 위원회 / 2. 감사제도에 관한 사항 / 사. 준법지원인 등 지원조직 현황 / 1. 임원 및 직원 등의 현황 / 2. 임원의 보수 등,stress,528,2. 그룹 통합 위기상황분석 및 유동성 관리현황(’21.12월),,dart_out/doc/20221121000209/본문.pdf,https://dart.fss.or.kr/dsaf001/main.do?rcpNo=20221121000209,30ed8f6d226ffe21b6b0e4f4b98e2c483463fdd2b9d736a55f084dbdcc54d6da,b6a46d0cc4b9e07fbf263ba0470ac7164a8ade1c02ae9eafb2d29385ba6c0a79
메리츠금융지주,2022(접수 2022-11-21),증권신고서,증권신고서__메리츠금융지주__20221121000209,1. 주식교환의 목적 / 5) 정보통신 기술 관련 사고 발생 가능성 / 사. 주요 사업의 내용 / 나. 임원간의 상호 겸직 / 38. 위험관리 / 28. 위험관리 / 1. 이사회에 관한 사항 / 라. 이사회내 위원회 / 2. 감사제도에 관한 사항 / 사. 준법지원인 등 지원조직 현황 / 1. 임원 및 직원 등의 현황 / 2. 임원의 보수 등,oprisk,97,이처럼 개인정보가 중요시 되고 있는 가운데 당사는「금융지주회사법」제48조의2 규정에 의거 당사와 당사의 자회사 등 사이에서 고객정보의 제공 및 이용을 함에 있어 엄격한 관리를 통한 금융소비자의 보호 및 그룹 내 고객 정보의 적법하면서도 효율적 이용을 도모함을 목적으로「고객정보 등의 이용및 제공에 관한 규정」을 제정ㆍ운영하고 있습니다.,,dart_out/doc/20221121000209/본문.pdf,https://dart.fss.or.kr/dsaf001/main.do?rcpNo=20221121000209,30ed8f6d226ffe21b6b0e4f4b98e2c483463fdd2b9d736a55f084dbdcc54d6da,b6a46d0cc4b9e07fbf263ba0470ac7164a8ade1c02ae9eafb2d29385ba6c0a79
메리츠금융지주,2022(접수 2022-11-21),증권신고서,증권신고서__메리츠금융지주__20221121000209,1. 주식교환의 목적 / 5) 정보통신 기술 관련 사고 발생 가능성 / 사. 주요 사업의 내용 / 나. 임원간의 상호 겸직 / 38. 위험관리 / 28. 위험관리 / 1. 이사회에 관한 사항 / 라. 이사회내 위원회 / 2. 감사제도에 관한 사항 / 사. 준법지원인 등 지원조직 현황 / 1. 임원 및 직원 등의 현황 / 2. 임원의 보수 등,oprisk,97,"또한, 고객정보 보호를 위해 내부통제절차에 의한 내부보안을 한층 더 강화하고 고객정보 관리에 주기적인 점검 수준을 높이는 노력을 할 예정입니다.",,dart_out/doc/20221121000209/본문.pdf,https://dart.fss.or.kr/dsaf001/main.do?rcpNo=20221121000209,30ed8f6d226ffe21b6b0e4f4b98e2c483463fdd2b9d736a55f084dbdcc54d6da,b6a46d0cc4b9e07fbf263ba0470ac7164a8ade1c02ae9eafb2d29385ba6c0a79
메리츠금융지주,2022(접수 2022-11-21),증권신고서,증권신고서__메리츠금융지주__20221121000209,1. 주식교환의 목적 / 5) 정보통신 기술 관련 사고 발생 가능성 / 사. 주요 사업의 내용 / 나. 임원간의 상호 겸직 / 38. 위험관리 / 28. 위험관리 / 1. 이사회에 관한 사항 / 라. 이사회내 위원회 / 2. 감사제도에 관한 사항 / 사. 준법지원인 등 지원조직 현황 / 1. 임원 및 직원 등의 현황 / 2. 임원의 보수 등,oprisk,527,2. CY2022 2분기 고객정보의 제공ㆍ이용에 관한 현황 및 업무 처리의 적정성 점검 결과 보고,,dart_out/doc/20221121000209/본문.pdf,https://dart.fss.or.kr/dsaf001/main.do?rcpNo=20221121000209,30ed8f6d226ffe21b6b0e4f4b98e2c483463fdd2b9d736a55f084dbdcc54d6da,b6a46d0cc4b9e07fbf263ba0470ac7164a8ade1c02ae9eafb2d29385ba6c0a79
메리츠금융지주,2022(접수 2022-11-21),증권신고서,증권신고서__메리츠금융지주__20221121000209,1. 주식교환의 목적 / 5) 정보통신 기술 관련 사고 발생 가능성 / 사. 주요 사업의 내용 / 나. 임원간의 상호 겸직 / 38. 위험관리 / 28. 위험관리 / 1. 이사회에 관한 사항 / 라. 이사회내 위원회 / 2. 감사제도에 관한 사항 / 사. 준법지원인 등 지원조직 현황 / 1. 임원 및 직원 등의 현황 / 2. 임원의 보수 등,compensation,548,"참고로 회사 성과평가는 주요계열사 정량평가 평점 평균으로 구성된 정량평가 부문과 중장기 성장,리스크관리 항목등을 반영한 정성평가 부문을 종합하여 평가하고 있음.",,dart_out/doc/20221121000209/본문.pdf,https://dart.fss.or.kr/dsaf001/main.do?rcpNo=20221121000209,30ed8f6d226ffe21b6b0e4f4b98e2c483463fdd2b9d736a55f084dbdcc54d6da,b6a46d0cc4b9e07fbf263ba0470ac7164a8ade1c02ae9eafb2d29385ba6c0a79
메리츠금융지주,2022(접수 2022-11-21),증권신고서,증권신고서__메리츠금융지주__20221121000209,1. 주식교환의 목적 / 5) 정보통신 기술 관련 사고 발생 가능성 / 사. 주요 사업의 내용 / 나. 임원간의 상호 겸직 / 38. 위험관리 / 28. 위험관리 / 1. 이사회에 관한 사항 / 라. 이사회내 위원회 / 2. 감사제도에 관한 사항 / 사. 준법지원인 등 지원조직 현황 / 1. 임원 및 직원 등의 현황 / 2. 임원의 보수 등,compensation,548,당사는 금융회사의 지배구조에 관한 법률에 의거하여 성과급의 상당액(60%이상)을이연하여 이를 주가연계 등으로 지급하고 있음.,,dart_out/doc/20221121000209/본문.pdf,https://dart.fss.or.kr/dsaf001/main.do?rcpNo=20221121000209,30ed8f6d226ffe21b6b0e4f4b98e2c483463fdd2b9d736a55f084dbdcc54d6da,b6a46d0cc4b9e07fbf263ba0470ac7164a8ade1c02ae9eafb2d29385ba6c0a79
메리츠금융지주,2022(접수 2022-11-21),증권신고서,증권신고서__메리츠금융지주__20221121000209,1. 주식교환의 목적 / 5) 정보통신 기술 관련 사고 발생 가능성 / 사. 주요 사업의 내용 / 나. 임원간의 상호 겸직 / 38. 위험관리 / 28. 위험관리 / 1. 이사회에 관한 사항 / 라. 이사회내 위원회 / 2. 감사제도에 관한 사항 / 사. 준법지원인 등 지원조직 현황 / 1. 임원 및 직원 등의 현황 / 2. 임원의 보수 등,compensation,528,"① 보수위원회 사외이사 2명 상근이사 1명 이상훈(위원장),조홍희 김용범 회사 및 경영진 등에 대한 성과평가 및 보수의 결정/관리 -",,dart_out/doc/20221121000209/본문.pdf,https://dart.fss.or.kr/dsaf001/main.do?rcpNo=20221121000209,30ed8f6d226ffe21b6b0e4f4b98e2c483463fdd2b9d736a55f084dbdcc54d6da,b6a46d0cc4b9e07fbf263ba0470ac7164a8ade1c02ae9eafb2d29385ba6c0a79
메리츠금융지주,2022(접수 2022-11-21),증권신고서,증권신고서__메리츠금융지주__20221121000209,1. 주식교환의 목적 / 5) 정보통신 기술 관련 사고 발생 가능성 / 사. 주요 사업의 내용 / 나. 임원간의 상호 겸직 / 38. 위험관리 / 28. 위험관리 / 1. 이사회에 관한 사항 / 라. 이사회내 위원회 / 2. 감사제도에 관한 사항 / 사. 준법지원인 등 지원조직 현황 / 1. 임원 및 직원 등의 현황 / 2. 임원의 보수 등,org,442,"연결기업의 위험관리는 ""그룹리스크관리위원회"", ""그룹리스크협의회"", ""위험관리전담조직"", ""위험관리담당조직""에서 수행합니다.",,dart_out/doc/20221121000209/본문.pdf,https://dart.fss.or.kr/dsaf001/main.do?rcpNo=20221121000209,30ed8f6d226ffe21b6b0e4f4b98e2c483463fdd2b9d736a55f084dbdcc54d6da,b6a46d0cc4b9e07fbf263ba0470ac7164a8ade1c02ae9eafb2d29385ba6c0a79
메리츠금융지주,2022(접수 2022-11-21),증권신고서,증권신고서__메리츠금융지주__20221121000209,1. 주식교환의 목적 / 5) 정보통신 기술 관련 사고 발생 가능성 / 사. 주요 사업의 내용 / 나. 임원간의 상호 겸직 / 38. 위험관리 / 28. 위험관리 / 1. 이사회에 관한 사항 / 라. 이사회내 위원회 / 2. 감사제도에 관한 사항 / 사. 준법지원인 등 지원조직 현황 / 1. 임원 및 직원 등의 현황 / 2. 임원의 보수 등,org,494,"당사는 경제환경 변화에 능동적인 대처를 하기 위하여 제반 리스크를 신용위험, 시장위험, 유동성위험으로 분류하고 있으며, 위험관리를 위해 리스크관리위원회와 그룹리스크협의회 및 독립적으로 리스크관리부서를 운영하고 있습니다.",,dart_out/doc/20221121000209/본문.pdf,https://dart.fss.or.kr/dsaf001/main.do?rcpNo=20221121000209,30ed8f6d226ffe21b6b0e4f4b98e2c483463fdd2b9d736a55f084dbdcc54d6da,b6a46d0cc4b9e07fbf263ba0470ac7164a8ade1c02ae9eafb2d29385ba6c0a79
메리츠금융지주,2022(접수 2022-11-21),증권신고서,증권신고서__메리츠금융지주__20221121000209,1. 주식교환의 목적 / 5) 정보통신 기술 관련 사고 발생 가능성 / 사. 주요 사업의 내용 / 나. 임원간의 상호 겸직 / 38. 위험관리 / 28. 위험관리 / 1. 이사회에 관한 사항 / 라. 이사회내 위원회 / 2. 감사제도에 관한 사항 / 사. 준법지원인 등 지원조직 현황 / 1. 임원 및 직원 등의 현황 / 2. 임원의 보수 등,internal_control,536,매월 그룹사 내부통제 활동내역 점검 특이사항 없음,,dart_out/doc/20221121000209/본문.pdf,https://dart.fss.or.kr/dsaf001/main.do?rcpNo=20221121000209,30ed8f6d226ffe21b6b0e4f4b98e2c483463fdd2b9d736a55f084dbdcc54d6da,b6a46d0cc4b9e07fbf263ba0470ac7164a8ade1c02ae9eafb2d29385ba6c0a79
메리츠금융지주,2022(접수 2022-11-21),증권신고서,증권신고서__메리츠금융지주__20221121000209,1. 주식교환의 목적 / 5) 정보통신 기술 관련 사고 발생 가능성 / 사. 주요 사업의 내용 / 나. 임원간의 상호 겸직 / 38. 위험관리 / 28. 위험관리 / 1. 이사회에 관한 사항 / 라. 이사회내 위원회 / 2. 감사제도에 관한 사항 / 사. 준법지원인 등 지원조직 현황 / 1. 임원 및 직원 등의 현황 / 2. 임원의 보수 등,internal_control,536,반기 내부통제위원회 활동(내부통제 주요 이슈 점검 등) 특이사항 없음,,dart_out/doc/20221121000209/본문.pdf,https://dart.fss.or.kr/dsaf001/main.do?rcpNo=20221121000209,30ed8f6d226ffe21b6b0e4f4b98e2c483463fdd2b9d736a55f084dbdcc54d6da,b6a46d0cc4b9e07fbf263ba0470ac7164a8ade1c02ae9eafb2d29385ba6c0a79
메리츠금융지주,2022(접수 2022-11-21),증권신고서,증권신고서__메리츠금융지주__20221121000209,1. 주식교환의 목적 / 5) 정보통신 기술 관련 사고 발생 가능성 / 사. 주요 사업의 내용 / 나. 임원간의 상호 겸직 / 38. 위험관리 / 28. 위험관리 / 1. 이사회에 관한 사항 / 라. 이사회내 위원회 / 2. 감사제도에 관한 사항 / 사. 준법지원인 등 지원조직 현황 / 1. 임원 및 직원 등의 현황 / 2. 임원의 보수 등,internal_control,536,"Compliance팀 2 상무보(6.8년) 과   장(0.2년) 내부통제 활동(임직원교육, 내부통제시스템 점검, 주요 일상업무 사전 검토 등)",,dart_out/doc/20221121000209/본문.pdf,https://dart.fss.or.kr/dsaf001/main.do?rcpNo=20221121000209,30ed8f6d226ffe21b6b0e4f4b98e2c483463fdd2b9d736a55f084dbdcc54d6da,b6a46d0cc4b9e07fbf263ba0470ac7164a8ade1c02ae9eafb2d29385ba6c0a79
메리츠금융지주,2022(접수 2022-11-21),증권신고서,증권신고서__메리츠금융지주__20221121000209,1. 주식교환의 목적 / 5) 정보통신 기술 관련 사고 발생 가능성 / 사. 주요 사업의 내용 / 나. 임원간의 상호 겸직 / 38. 위험관리 / 28. 위험관리 / 1. 이사회에 관한 사항 / 라. 이사회내 위원회 / 2. 감사제도에 관한 사항 / 사. 준법지원인 등 지원조직 현황 / 1. 임원 및 직원 등의 현황 / 2. 임원의 보수 등,internal_control,534,4. CY2021 내부통제시스템 평가결과 승인의 건 가결 찬성 찬성 찬성,,dart_out/doc/20221121000209/본문.pdf,https://dart.fss.or.kr/dsaf001/main.do?rcpNo=20221121000209,30ed8f6d226ffe21b6b0e4f4b98e2c483463fdd2b9d736a55f084dbdcc54d6da,b6a46d0cc4b9e07fbf263ba0470ac7164a8ade1c02ae9eafb2d29385ba6c0a79
메리츠금융지주,2022(접수 2022-11-21),증권신고서,증권신고서__메리츠금융지주__20221121000209,1. 주식교환의 목적 / 5) 정보통신 기술 관련 사고 발생 가능성 / 사. 주요 사업의 내용 / 나. 임원간의 상호 겸직 / 38. 위험관리 / 28. 위험관리 / 1. 이사회에 관한 사항 / 라. 이사회내 위원회 / 2. 감사제도에 관한 사항 / 사. 준법지원인 등 지원조직 현황 / 1. 임원 및 직원 등의 현황 / 2. 임원의 보수 등,internal_control,535,"감사팀 3 부장 1명(6.5년) 차장 1명(8.2년) 과장 1명(0.9년) 회사 및 계열사 감사 및 지적사항 조치 확인, 회사 일상감사, 계열사 자체감사 모니터링 등",,dart_out/doc/20221121000209/본문.pdf,https://dart.fss.or.kr/dsaf001/main.do?rcpNo=20221121000209,30ed8f6d226ffe21b6b0e4f4b98e2c483463fdd2b9d736a55f084dbdcc54d6da,b6a46d0cc4b9e07fbf263ba0470ac7164a8ade1c02ae9eafb2d29385ba6c0a79
메리츠금융지주,2022(접수 2022-11-21),증권신고서,증권신고서__메리츠금융지주__20221121000209,1. 주식교환의 목적 / 5) 정보통신 기술 관련 사고 발생 가능성 / 사. 주요 사업의 내용 / 나. 임원간의 상호 겸직 / 38. 위험관리 / 28. 위험관리 / 1. 이사회에 관한 사항 / 라. 이사회내 위원회 / 2. 감사제도에 관한 사항 / 사. 준법지원인 등 지원조직 현황 / 1. 임원 및 직원 등의 현황 / 2. 임원의 보수 등,holding_plan,25,"(주)메리츠금융지주는 이러한 사업 환경 변화를 적극적으로 대응하고 주주가치를 제고하기 위해 그룹 내 자본의 효율적 배분과, 신속한 경영의사 결정이 그 어느 때보다 중요하다고 판단한 바, 메리츠화재해상보험(주)를 완전 자회사로 편입하는 본 주식교환을 결의하게 되었습니다.",,dart_out/doc/20221121000209/본문.pdf,https://dart.fss.or.kr/dsaf001/main.do?rcpNo=20221121000209,30ed8f6d226ffe21b6b0e4f4b98e2c483463fdd2b9d736a55f084dbdcc54d6da,b6a46d0cc4b9e07fbf263ba0470ac7164a8ade1c02ae9eafb2d29385ba6c0a79
메리츠금융지주,2022(접수 2022-11-21),증권신고서,증권신고서__메리츠금융지주__20221121000209,1. 주식교환의 목적 / 5) 정보통신 기술 관련 사고 발생 가능성 / 사. 주요 사업의 내용 / 나. 임원간의 상호 겸직 / 38. 위험관리 / 28. 위험관리 / 1. 이사회에 관한 사항 / 라. 이사회내 위원회 / 2. 감사제도에 관한 사항 / 사. 준법지원인 등 지원조직 현황 / 1. 임원 및 직원 등의 현황 / 2. 임원의 보수 등,holding_plan,26,"본 주식교환 완료 시 (주)메리츠금융지주는 메리츠화재해상보험(주)와 메리츠증권(주)의 완전 자회사 편입을 통해 1) 양사의 견조한 수익성과 유동성을 내재화하여 그룹 전반의 유기적인 재무 유연성을 발휘하고, 2) 각 사의 전문성이 합쳐져 시너지 효과를 극대화시키며, 3) 주주간 이해상충 관계를 해소하고 의사결정의 간소화를 통해 안정적이고 효율적인 경영체계를 확립하고자 합니다.",,dart_out/doc/20221121000209/본문.pdf,https://dart.fss.or.kr/dsaf001/main.do?rcpNo=20221121000209,30ed8f6d226ffe21b6b0e4f4b98e2c483463fdd2b9d736a55f084dbdcc54d6da,b6a46d0cc4b9e07fbf263ba0470ac7164a8ade1c02ae9eafb2d29385ba6c0a79
메리츠금융지주,2022(접수 2022-11-21),증권신고서,증권신고서__메리츠금융지주__20221121000209,1. 주식교환의 목적 / 5) 정보통신 기술 관련 사고 발생 가능성 / 사. 주요 사업의 내용 / 나. 임원간의 상호 겸직 / 38. 위험관리 / 28. 위험관리 / 1. 이사회에 관한 사항 / 라. 이사회내 위원회 / 2. 감사제도에 관한 사항 / 사. 준법지원인 등 지원조직 현황 / 1. 임원 및 직원 등의 현황 / 2. 임원의 보수 등,holding_plan,26,"(주)메리츠금융지주는 메리츠화재해상보험(주) 및 메리츠증권(주)를 완전자회사로 전환함으로써 자회사 자본 배분의 효율성을 증대시키고, 자회사의 우수한 영업현금흐름을 내재화하여 지주의 재무유연성을 증가시키며, 결과적으로 그룹 내 계열사 간 일체성을 강화시켜 경영체계의 효율성을 증가시킬 것으로 기대하고 있습니다.",,dart_out/doc/20221121000209/본문.pdf,https://dart.fss.or.kr/dsaf001/main.do?rcpNo=20221121000209,30ed8f6d226ffe21b6b0e4f4b98e2c483463fdd2b9d736a55f084dbdcc54d6da,b6a46d0cc4b9e07fbf263ba0470ac7164a8ade1c02ae9eafb2d29385ba6c0a79
메리츠금융지주,2022(접수 2022-11-21),증권신고서,증권신고서__메리츠금융지주__20221121000209,1. 주식교환의 목적 / 5) 정보통신 기술 관련 사고 발생 가능성 / 사. 주요 사업의 내용 / 나. 임원간의 상호 겸직 / 38. 위험관리 / 28. 위험관리 / 1. 이사회에 관한 사항 / 라. 이사회내 위원회 / 2. 감사제도에 관한 사항 / 사. 준법지원인 등 지원조직 현황 / 1. 임원 및 직원 등의 현황 / 2. 임원의 보수 등,holding_plan,27,"아울러, (주)메리츠금융지주는 종속회사의 경영관리, 금융그룹 전략 수립 등의 역할을 수행함으로써 사업 자회사간 시너지 효과 창출을 조정하는 역할을 담당할 예정입니다.",,dart_out/doc/20221121000209/본문.pdf,https://dart.fss.or.kr/dsaf001/main.do?rcpNo=20221121000209,30ed8f6d226ffe21b6b0e4f4b98e2c483463fdd2b9d736a55f084dbdcc54d6da,b6a46d0cc4b9e07fbf263ba0470ac7164a8ade1c02ae9eafb2d29385ba6c0a79
메리츠금융지주,2022(접수 2022-11-21),증권신고서,증권신고서__메리츠금융지주__20221121000209,1. 주식교환의 목적 / 5) 정보통신 기술 관련 사고 발생 가능성 / 사. 주요 사업의 내용 / 나. 임원간의 상호 겸직 / 38. 위험관리 / 28. 위험관리 / 1. 이사회에 관한 사항 / 라. 이사회내 위원회 / 2. 감사제도에 관한 사항 / 사. 준법지원인 등 지원조직 현황 / 1. 임원 및 직원 등의 현황 / 2. 임원의 보수 등,holding_plan,241,"이에 따라, 주식회사 메리츠금융지주는 자회사등에 대한 사업목표의 부여 및 사업계획의 승인, 경영성과의 평가 및 보상의 결정, 경영지배구조의 결정, 업무와 재산상태의 검사, 내부통제 및 위험관리 업무 등 자회사에 대한 경영관리 업무와 자회사 출자 또는 자회사 등에 대한 자금지원 및 자금지원을 위한 자금조달 등 경영관리에 부수하는 업무만을 영위합니다.",,dart_out/doc/20221121000209/본문.pdf,https://dart.fss.or.kr/dsaf001/main.do?rcpNo=20221121000209,30ed8f6d226ffe21b6b0e4f4b98e2c483463fdd2b9d736a55f084dbdcc54d6da,b6a46d0cc4b9e07fbf263ba0470ac7164a8ade1c02ae9eafb2d29385ba6c0a79
메리츠금융지주,2023(접수 2023-01-19),증권신고서,증권신고서__메리츠금융지주__20230119000440,1. 주식교환의 목적 / ③ 사업현황 등 회사 경영 안정성에 영향을 미칠 수 있는 주요 내용 / 5) 정보통신 기술 관련 사고 발생 가능성 / 사. 주요 사업의 내용 / 나. 임원간의 상호 겸직 / 38. 위험관리 / 28. 위험관리 / 1. 이사회에 관한 사항 / 라. 이사회내 위원회 / 2. 감사제도에 관한 사항 / 사. 준법지원인 등 지원조직 현황 / 1. 임원 및 직원 등의 현황 / 2. 임원의 보수 등,risk_committee,551,"한편, 이사회는 이사회의 효율적인 운영과 신속한 의사결정 체계 확립을 위해 관련법령이 허용하는 범위내에서 이사회 권한중 일부를 이사회내 산하 위원회로 위임하고 있으며, 금융관계법령 및 정관 규정에 따라 감사위원회 및 보수위원회, 리스크관리위원회, 임원후보추천위원회 총 4개 위원회를 이사회 산하에 설치ㆍ운영 중에 있습니다.",,dart_out/doc/20230119000440/본문.pdf,https://dart.fss.or.kr/dsaf001/main.do?rcpNo=20230119000440,4dcbccc059860d4c9989f8094a616da72e075cdf01f3375f7f9fb37cdd84747a,e213dc580a1e24a3b4e263eb8d7e61761b1a2d66a17495b2ab1eed503014a545
메리츠금융지주,2023(접수 2023-01-19),증권신고서,증권신고서__메리츠금융지주__20230119000440,1. 주식교환의 목적 / ③ 사업현황 등 회사 경영 안정성에 영향을 미칠 수 있는 주요 내용 / 5) 정보통신 기술 관련 사고 발생 가능성 / 사. 주요 사업의 내용 / 나. 임원간의 상호 겸직 / 38. 위험관리 / 28. 위험관리 / 1. 이사회에 관한 사항 / 라. 이사회내 위원회 / 2. 감사제도에 관한 사항 / 사. 준법지원인 등 지원조직 현황 / 1. 임원 및 직원 등의 현황 / 2. 임원의 보수 등,risk_committee,553,"② 리스크관리위원회 사외이사 2명 상근이사 1명 조홍희(위원장), 안동현 김용범 그룹 전체의 리스크관리 기본방향 수립 및 관리 -",,dart_out/doc/20230119000440/본문.pdf,https://dart.fss.or.kr/dsaf001/main.do?rcpNo=20230119000440,4dcbccc059860d4c9989f8094a616da72e075cdf01f3375f7f9fb37cdd84747a,e213dc580a1e24a3b4e263eb8d7e61761b1a2d66a17495b2ab1eed503014a545
메리츠금융지주,2023(접수 2023-01-19),증권신고서,증권신고서__메리츠금융지주__20230119000440,1. 주식교환의 목적 / ③ 사업현황 등 회사 경영 안정성에 영향을 미칠 수 있는 주요 내용 / 5) 정보통신 기술 관련 사고 발생 가능성 / 사. 주요 사업의 내용 / 나. 임원간의 상호 겸직 / 38. 위험관리 / 28. 위험관리 / 1. 이사회에 관한 사항 / 라. 이사회내 위원회 / 2. 감사제도에 관한 사항 / 사. 준법지원인 등 지원조직 현황 / 1. 임원 및 직원 등의 현황 / 2. 임원의 보수 등,risk_committee,554,2022-07 22.12.23 결의 1. CY2023 그룹 및 계열사 리스크 허용한도 설정의 건 가결 찬성 찬성 찬성 결의 2. 부동산 PF NTE 총량한도 기준 변경의 건 가결 찬성 찬성 찬성 보고 1. 그룹리스크협의회 및 계열사 리스크관리위원회 결의사항 - - - -,,dart_out/doc/20230119000440/본문.pdf,https://dart.fss.or.kr/dsaf001/main.do?rcpNo=20230119000440,4dcbccc059860d4c9989f8094a616da72e075cdf01f3375f7f9fb37cdd84747a,e213dc580a1e24a3b4e263eb8d7e61761b1a2d66a17495b2ab1eed503014a545
메리츠금융지주,2023(접수 2023-01-19),증권신고서,증권신고서__메리츠금융지주__20230119000440,1. 주식교환의 목적 / ③ 사업현황 등 회사 경영 안정성에 영향을 미칠 수 있는 주요 내용 / 5) 정보통신 기술 관련 사고 발생 가능성 / 사. 주요 사업의 내용 / 나. 임원간의 상호 겸직 / 38. 위험관리 / 28. 위험관리 / 1. 이사회에 관한 사항 / 라. 이사회내 위원회 / 2. 감사제도에 관한 사항 / 사. 준법지원인 등 지원조직 현황 / 1. 임원 및 직원 등의 현황 / 2. 임원의 보수 등,group_council,467,"위험관리업무를 수행함에 있어 기본적인절차와 기준을 그룹리스크관리규정, 그룹리스크관리위원회규정, 그룹리스크협의회운영세칙으로 구성하고 있으며, 위험관리조직의 역할, 위험전략, 부문별 위험측정, 한도관리, 위기상황 분석 및 보고 등 위험관리 업무 및 위원회에 관한 전반적인 사항을 규정하여 관리하고 있습니다.",,dart_out/doc/20230119000440/본문.pdf,https://dart.fss.or.kr/dsaf001/main.do?rcpNo=20230119000440,4dcbccc059860d4c9989f8094a616da72e075cdf01f3375f7f9fb37cdd84747a,e213dc580a1e24a3b4e263eb8d7e61761b1a2d66a17495b2ab1eed503014a545
메리츠금융지주,2023(접수 2023-01-19),증권신고서,증권신고서__메리츠금융지주__20230119000440,1. 주식교환의 목적 / ③ 사업현황 등 회사 경영 안정성에 영향을 미칠 수 있는 주요 내용 / 5) 정보통신 기술 관련 사고 발생 가능성 / 사. 주요 사업의 내용 / 나. 임원간의 상호 겸직 / 38. 위험관리 / 28. 위험관리 / 1. 이사회에 관한 사항 / 라. 이사회내 위원회 / 2. 감사제도에 관한 사항 / 사. 준법지원인 등 지원조직 현황 / 1. 임원 및 직원 등의 현황 / 2. 임원의 보수 등,group_council,467,"이에 대한 요구자본 할당 및 한도기준에 대해서는 그룹리스크협의회를 통해 협의 및 그룹리스크관리위원회 승인을 받아 운영하고, 관련사항에 대해서는 정기적인 모니터링을 통해 통제 및 관리하고 있으며, 위원회 및 경영진에게 정기적으로 보고하고 있습니다.",,dart_out/doc/20230119000440/본문.pdf,https://dart.fss.or.kr/dsaf001/main.do?rcpNo=20230119000440,4dcbccc059860d4c9989f8094a616da72e075cdf01f3375f7f9fb37cdd84747a,e213dc580a1e24a3b4e263eb8d7e61761b1a2d66a17495b2ab1eed503014a545
메리츠금융지주,2023(접수 2023-01-19),증권신고서,증권신고서__메리츠금융지주__20230119000440,1. 주식교환의 목적 / ③ 사업현황 등 회사 경영 안정성에 영향을 미칠 수 있는 주요 내용 / 5) 정보통신 기술 관련 사고 발생 가능성 / 사. 주요 사업의 내용 / 나. 임원간의 상호 겸직 / 38. 위험관리 / 28. 위험관리 / 1. 이사회에 관한 사항 / 라. 이사회내 위원회 / 2. 감사제도에 관한 사항 / 사. 준법지원인 등 지원조직 현황 / 1. 임원 및 직원 등의 현황 / 2. 임원의 보수 등,group_council,519,"당사는 경제환경 변화에 능동적인 대처를 하기 위하여 제반 리스크를 신용위험, 시장위험, 유동성위험으로 분류하고 있으며, 위험관리를 위해 리스크관리위원회와 그룹리스크협의회 및 독립적으로 리스크관리부서를 운영하고 있습니다.",,dart_out/doc/20230119000440/본문.pdf,https://dart.fss.or.kr/dsaf001/main.do?rcpNo=20230119000440,4dcbccc059860d4c9989f8094a616da72e075cdf01f3375f7f9fb37cdd84747a,e213dc580a1e24a3b4e263eb8d7e61761b1a2d66a17495b2ab1eed503014a545
메리츠금융지주,2023(접수 2023-01-19),증권신고서,증권신고서__메리츠금융지주__20230119000440,1. 주식교환의 목적 / ③ 사업현황 등 회사 경영 안정성에 영향을 미칠 수 있는 주요 내용 / 5) 정보통신 기술 관련 사고 발생 가능성 / 사. 주요 사업의 내용 / 나. 임원간의 상호 겸직 / 38. 위험관리 / 28. 위험관리 / 1. 이사회에 관한 사항 / 라. 이사회내 위원회 / 2. 감사제도에 관한 사항 / 사. 준법지원인 등 지원조직 현황 / 1. 임원 및 직원 등의 현황 / 2. 임원의 보수 등,cro,570,오종원 남 1975.03 상무 미등기 상근 CRO 겸 위험관리책임자 ·한국과학기술원 경영공학 석사 ·삼성자산운용 투자전략팀 수석 (2002~2012) ·메리츠증권Solution팀 상무보 (2012~2020) ·現 메리츠화재 리스크관리팀장 겸 위험관리책임자 상무 (2021~),,dart_out/doc/20230119000440/본문.pdf,https://dart.fss.or.kr/dsaf001/main.do?rcpNo=20230119000440,4dcbccc059860d4c9989f8094a616da72e075cdf01f3375f7f9fb37cdd84747a,e213dc580a1e24a3b4e263eb8d7e61761b1a2d66a17495b2ab1eed503014a545
메리츠금융지주,2023(접수 2023-01-19),증권신고서,증권신고서__메리츠금융지주__20230119000440,1. 주식교환의 목적 / ③ 사업현황 등 회사 경영 안정성에 영향을 미칠 수 있는 주요 내용 / 5) 정보통신 기술 관련 사고 발생 가능성 / 사. 주요 사업의 내용 / 나. 임원간의 상호 겸직 / 38. 위험관리 / 28. 위험관리 / 1. 이사회에 관한 사항 / 라. 이사회내 위원회 / 2. 감사제도에 관한 사항 / 사. 준법지원인 등 지원조직 현황 / 1. 임원 및 직원 등의 현황 / 2. 임원의 보수 등,cro,241,오종원(미등기임원) 메리츠화재 위험관리책임자/리스크관리팀장 상근(미등기임원) -,,dart_out/doc/20230119000440/본문.pdf,https://dart.fss.or.kr/dsaf001/main.do?rcpNo=20230119000440,4dcbccc059860d4c9989f8094a616da72e075cdf01f3375f7f9fb37cdd84747a,e213dc580a1e24a3b4e263eb8d7e61761b1a2d66a17495b2ab1eed503014a545
메리츠금융지주,2023(접수 2023-01-19),증권신고서,증권신고서__메리츠금융지주__20230119000440,1. 주식교환의 목적 / ③ 사업현황 등 회사 경영 안정성에 영향을 미칠 수 있는 주요 내용 / 5) 정보통신 기술 관련 사고 발생 가능성 / 사. 주요 사업의 내용 / 나. 임원간의 상호 겸직 / 38. 위험관리 / 28. 위험관리 / 1. 이사회에 관한 사항 / 라. 이사회내 위원회 / 2. 감사제도에 관한 사항 / 사. 준법지원인 등 지원조직 현황 / 1. 임원 및 직원 등의 현황 / 2. 임원의 보수 등,cro,552,결의 4. 위험관리책임자 및 주요업무집행책임자 선임의 건 가결 찬성 찬성 찬성 찬성 찬성,,dart_out/doc/20230119000440/본문.pdf,https://dart.fss.or.kr/dsaf001/main.do?rcpNo=20230119000440,4dcbccc059860d4c9989f8094a616da72e075cdf01f3375f7f9fb37cdd84747a,e213dc580a1e24a3b4e263eb8d7e61761b1a2d66a17495b2ab1eed503014a545
메리츠금융지주,2023(접수 2023-01-19),증권신고서,증권신고서__메리츠금융지주__20230119000440,1. 주식교환의 목적 / ③ 사업현황 등 회사 경영 안정성에 영향을 미칠 수 있는 주요 내용 / 5) 정보통신 기술 관련 사고 발생 가능성 / 사. 주요 사업의 내용 / 나. 임원간의 상호 겸직 / 38. 위험관리 / 28. 위험관리 / 1. 이사회에 관한 사항 / 라. 이사회내 위원회 / 2. 감사제도에 관한 사항 / 사. 준법지원인 등 지원조직 현황 / 1. 임원 및 직원 등의 현황 / 2. 임원의 보수 등,raf,467,"연결기업은 금융지주회사 위험기준 자기자본의 건전성을 나타내는 지표로 감독기관에서 규정하고 있는 규제자본 제도기준에 따라 필요자본 대비 자기자본비율을 산출하고 있으며, 각 자회사 및 계열사의 규제자본 제도인 RBC, 순자본비율, 조정자기자본비율제도 최소영업자본액 등의 요구자본을 기준으로 개별 리스크별(보험, 금리, 시장, 신용 및 운영위험)로 요구자본을 배분하고, 할당된 요구자본 내 관리를 위한 한도를 설정하여 안정적 자본관리를 위해 노력하고 있습니다.",,dart_out/doc/20230119000440/본문.pdf,https://dart.fss.or.kr/dsaf001/main.do?rcpNo=20230119000440,4dcbccc059860d4c9989f8094a616da72e075cdf01f3375f7f9fb37cdd84747a,e213dc580a1e24a3b4e263eb8d7e61761b1a2d66a17495b2ab1eed503014a545
메리츠금융지주,2023(접수 2023-01-19),증권신고서,증권신고서__메리츠금융지주__20230119000440,1. 주식교환의 목적 / ③ 사업현황 등 회사 경영 안정성에 영향을 미칠 수 있는 주요 내용 / 5) 정보통신 기술 관련 사고 발생 가능성 / 사. 주요 사업의 내용 / 나. 임원간의 상호 겸직 / 38. 위험관리 / 28. 위험관리 / 1. 이사회에 관한 사항 / 라. 이사회내 위원회 / 2. 감사제도에 관한 사항 / 사. 준법지원인 등 지원조직 현황 / 1. 임원 및 직원 등의 현황 / 2. 임원의 보수 등,raf,467,"이에 대한 요구자본 할당 및 한도기준에 대해서는 그룹리스크협의회를 통해 협의 및 그룹리스크관리위원회 승인을 받아 운영하고, 관련사항에 대해서는 정기적인 모니터링을 통해 통제 및 관리하고 있으며, 위원회 및 경영진에게 정기적으로 보고하고 있습니다.",,dart_out/doc/20230119000440/본문.pdf,https://dart.fss.or.kr/dsaf001/main.do?rcpNo=20230119000440,4dcbccc059860d4c9989f8094a616da72e075cdf01f3375f7f9fb37cdd84747a,e213dc580a1e24a3b4e263eb8d7e61761b1a2d66a17495b2ab1eed503014a545
메리츠금융지주,2023(접수 2023-01-19),증권신고서,증권신고서__메리츠금융지주__20230119000440,1. 주식교환의 목적 / ③ 사업현황 등 회사 경영 안정성에 영향을 미칠 수 있는 주요 내용 / 5) 정보통신 기술 관련 사고 발생 가능성 / 사. 주요 사업의 내용 / 나. 임원간의 상호 겸직 / 38. 위험관리 / 28. 위험관리 / 1. 이사회에 관한 사항 / 라. 이사회내 위원회 / 2. 감사제도에 관한 사항 / 사. 준법지원인 등 지원조직 현황 / 1. 임원 및 직원 등의 현황 / 2. 임원의 보수 등,raf,554,2022-07 22.12.23 결의 1. CY2023 그룹 및 계열사 리스크 허용한도 설정의 건 가결 찬성 찬성 찬성,,dart_out/doc/20230119000440/본문.pdf,https://dart.fss.or.kr/dsaf001/main.do?rcpNo=20230119000440,4dcbccc059860d4c9989f8094a616da72e075cdf01f3375f7f9fb37cdd84747a,e213dc580a1e24a3b4e263eb8d7e61761b1a2d66a17495b2ab1eed503014a545
메리츠금융지주,2023(접수 2023-01-19),증권신고서,증권신고서__메리츠금융지주__20230119000440,1. 주식교환의 목적 / ③ 사업현황 등 회사 경영 안정성에 영향을 미칠 수 있는 주요 내용 / 5) 정보통신 기술 관련 사고 발생 가능성 / 사. 주요 사업의 내용 / 나. 임원간의 상호 겸직 / 38. 위험관리 / 28. 위험관리 / 1. 이사회에 관한 사항 / 라. 이사회내 위원회 / 2. 감사제도에 관한 사항 / 사. 준법지원인 등 지원조직 현황 / 1. 임원 및 직원 등의 현황 / 2. 임원의 보수 등,measurement,467,"연결기업은 금융지주회사 위험기준 자기자본의 건전성을 나타내는 지표로 감독기관에서 규정하고 있는 규제자본 제도기준에 따라 필요자본 대비 자기자본비율을 산출하고 있으며, 각 자회사 및 계열사의 규제자본 제도인 RBC, 순자본비율, 조정자기자본비율제도 최소영업자본액 등의 요구자본을 기준으로 개별 리스크별(보험, 금리, 시장, 신용 및 운영위험)로 요구자본을 배분하고, 할당된 요구자본 내 관리를 위한 한도를 설정하여 안정적 자본관리를 위해 노력하고 있습니다.",,dart_out/doc/20230119000440/본문.pdf,https://dart.fss.or.kr/dsaf001/main.do?rcpNo=20230119000440,4dcbccc059860d4c9989f8094a616da72e075cdf01f3375f7f9fb37cdd84747a,e213dc580a1e24a3b4e263eb8d7e61761b1a2d66a17495b2ab1eed503014a545
메리츠금융지주,2023(접수 2023-01-19),증권신고서,증권신고서__메리츠금융지주__20230119000440,1. 주식교환의 목적 / ③ 사업현황 등 회사 경영 안정성에 영향을 미칠 수 있는 주요 내용 / 5) 정보통신 기술 관련 사고 발생 가능성 / 사. 주요 사업의 내용 / 나. 임원간의 상호 겸직 / 38. 위험관리 / 28. 위험관리 / 1. 이사회에 관한 사항 / 라. 이사회내 위원회 / 2. 감사제도에 관한 사항 / 사. 준법지원인 등 지원조직 현황 / 1. 임원 및 직원 등의 현황 / 2. 임원의 보수 등,measurement,467,"연결기업은 보험, 금리, 시장 및 신용위험에 대한 각 위험별 위험관리체계를 구축하여 개별 위험액 산출 및 스트레스 테스트 등을 수행하고 있으며, 산출된 위험액으로 한도관리를 하는 등 위험관리에 활용하고 있습니다.",,dart_out/doc/20230119000440/본문.pdf,https://dart.fss.or.kr/dsaf001/main.do?rcpNo=20230119000440,4dcbccc059860d4c9989f8094a616da72e075cdf01f3375f7f9fb37cdd84747a,e213dc580a1e24a3b4e263eb8d7e61761b1a2d66a17495b2ab1eed503014a545
메리츠금융지주,2023(접수 2023-01-19),증권신고서,증권신고서__메리츠금융지주__20230119000440,1. 주식교환의 목적 / ③ 사업현황 등 회사 경영 안정성에 영향을 미칠 수 있는 주요 내용 / 5) 정보통신 기술 관련 사고 발생 가능성 / 사. 주요 사업의 내용 / 나. 임원간의 상호 겸직 / 38. 위험관리 / 28. 위험관리 / 1. 이사회에 관한 사항 / 라. 이사회내 위원회 / 2. 감사제도에 관한 사항 / 사. 준법지원인 등 지원조직 현황 / 1. 임원 및 직원 등의 현황 / 2. 임원의 보수 등,reporting,467,"이에 대한 요구자본 할당 및 한도기준에 대해서는 그룹리스크협의회를 통해 협의 및 그룹리스크관리위원회 승인을 받아 운영하고, 관련사항에 대해서는 정기적인 모니터링을 통해 통제 및 관리하고 있으며, 위원회 및 경영진에게 정기적으로 보고하고 있습니다.",,dart_out/doc/20230119000440/본문.pdf,https://dart.fss.or.kr/dsaf001/main.do?rcpNo=20230119000440,4dcbccc059860d4c9989f8094a616da72e075cdf01f3375f7f9fb37cdd84747a,e213dc580a1e24a3b4e263eb8d7e61761b1a2d66a17495b2ab1eed503014a545
메리츠금융지주,2023(접수 2023-01-19),증권신고서,증권신고서__메리츠금융지주__20230119000440,1. 주식교환의 목적 / ③ 사업현황 등 회사 경영 안정성에 영향을 미칠 수 있는 주요 내용 / 5) 정보통신 기술 관련 사고 발생 가능성 / 사. 주요 사업의 내용 / 나. 임원간의 상호 겸직 / 38. 위험관리 / 28. 위험관리 / 1. 이사회에 관한 사항 / 라. 이사회내 위원회 / 2. 감사제도에 관한 사항 / 사. 준법지원인 등 지원조직 현황 / 1. 임원 및 직원 등의 현황 / 2. 임원의 보수 등,reporting,554,보고 1. 그룹의 리스크상태 및 한도관리 현황(’21.12월),,dart_out/doc/20230119000440/본문.pdf,https://dart.fss.or.kr/dsaf001/main.do?rcpNo=20230119000440,4dcbccc059860d4c9989f8094a616da72e075cdf01f3375f7f9fb37cdd84747a,e213dc580a1e24a3b4e263eb8d7e61761b1a2d66a17495b2ab1eed503014a545
메리츠금융지주,2023(접수 2023-01-19),증권신고서,증권신고서__메리츠금융지주__20230119000440,1. 주식교환의 목적 / ③ 사업현황 등 회사 경영 안정성에 영향을 미칠 수 있는 주요 내용 / 5) 정보통신 기술 관련 사고 발생 가능성 / 사. 주요 사업의 내용 / 나. 임원간의 상호 겸직 / 38. 위험관리 / 28. 위험관리 / 1. 이사회에 관한 사항 / 라. 이사회내 위원회 / 2. 감사제도에 관한 사항 / 사. 준법지원인 등 지원조직 현황 / 1. 임원 및 직원 등의 현황 / 2. 임원의 보수 등,reporting,554,2022-06 22.11.14 보고 1. 그룹의 리스크상태 및 한도관리 현황(’22.9월) 2. 그룹리스크협의회 및 계열사 리스크관리위원회 결의사항,,dart_out/doc/20230119000440/본문.pdf,https://dart.fss.or.kr/dsaf001/main.do?rcpNo=20230119000440,4dcbccc059860d4c9989f8094a616da72e075cdf01f3375f7f9fb37cdd84747a,e213dc580a1e24a3b4e263eb8d7e61761b1a2d66a17495b2ab1eed503014a545
메리츠금융지주,2023(접수 2023-01-19),증권신고서,증권신고서__메리츠금융지주__20230119000440,1. 주식교환의 목적 / ③ 사업현황 등 회사 경영 안정성에 영향을 미칠 수 있는 주요 내용 / 5) 정보통신 기술 관련 사고 발생 가능성 / 사. 주요 사업의 내용 / 나. 임원간의 상호 겸직 / 38. 위험관리 / 28. 위험관리 / 1. 이사회에 관한 사항 / 라. 이사회내 위원회 / 2. 감사제도에 관한 사항 / 사. 준법지원인 등 지원조직 현황 / 1. 임원 및 직원 등의 현황 / 2. 임원의 보수 등,stress,467,"연결기업은 보험, 금리, 시장 및 신용위험에 대한 각 위험별 위험관리체계를 구축하여 개별 위험액 산출 및 스트레스 테스트 등을 수행하고 있으며, 산출된 위험액으로 한도관리를 하는 등 위험관리에 활용하고 있습니다.",,dart_out/doc/20230119000440/본문.pdf,https://dart.fss.or.kr/dsaf001/main.do?rcpNo=20230119000440,4dcbccc059860d4c9989f8094a616da72e075cdf01f3375f7f9fb37cdd84747a,e213dc580a1e24a3b4e263eb8d7e61761b1a2d66a17495b2ab1eed503014a545
메리츠금융지주,2023(접수 2023-01-19),증권신고서,증권신고서__메리츠금융지주__20230119000440,1. 주식교환의 목적 / ③ 사업현황 등 회사 경영 안정성에 영향을 미칠 수 있는 주요 내용 / 5) 정보통신 기술 관련 사고 발생 가능성 / 사. 주요 사업의 내용 / 나. 임원간의 상호 겸직 / 38. 위험관리 / 28. 위험관리 / 1. 이사회에 관한 사항 / 라. 이사회내 위원회 / 2. 감사제도에 관한 사항 / 사. 준법지원인 등 지원조직 현황 / 1. 임원 및 직원 등의 현황 / 2. 임원의 보수 등,stress,554,2. 그룹 통합 위기상황분석 및 유동성 관리현황(’22.6월),,dart_out/doc/20230119000440/본문.pdf,https://dart.fss.or.kr/dsaf001/main.do?rcpNo=20230119000440,4dcbccc059860d4c9989f8094a616da72e075cdf01f3375f7f9fb37cdd84747a,e213dc580a1e24a3b4e263eb8d7e61761b1a2d66a17495b2ab1eed503014a545
메리츠금융지주,2023(접수 2023-01-19),증권신고서,증권신고서__메리츠금융지주__20230119000440,1. 주식교환의 목적 / ③ 사업현황 등 회사 경영 안정성에 영향을 미칠 수 있는 주요 내용 / 5) 정보통신 기술 관련 사고 발생 가능성 / 사. 주요 사업의 내용 / 나. 임원간의 상호 겸직 / 38. 위험관리 / 28. 위험관리 / 1. 이사회에 관한 사항 / 라. 이사회내 위원회 / 2. 감사제도에 관한 사항 / 사. 준법지원인 등 지원조직 현황 / 1. 임원 및 직원 등의 현황 / 2. 임원의 보수 등,oprisk,99,이처럼 개인정보가 중요시 되고 있는 가운데 당사는「금융지주회사법」제48조의2 규정에 의거 당사와 당사의 자회사 등 사이에서 고객정보의 제공 및 이용을 함에 있어 엄격한 관리를 통한 금융소비자의 보호 및 그룹 내 고객 정보의 적법하면서도 효율적 이용을 도모함을 목적으로「고객정보 등의 이용및 제공에 관한 규정」을 제정ㆍ운영하고 있습니다.,,dart_out/doc/20230119000440/본문.pdf,https://dart.fss.or.kr/dsaf001/main.do?rcpNo=20230119000440,4dcbccc059860d4c9989f8094a616da72e075cdf01f3375f7f9fb37cdd84747a,e213dc580a1e24a3b4e263eb8d7e61761b1a2d66a17495b2ab1eed503014a545
메리츠금융지주,2023(접수 2023-01-19),증권신고서,증권신고서__메리츠금융지주__20230119000440,1. 주식교환의 목적 / ③ 사업현황 등 회사 경영 안정성에 영향을 미칠 수 있는 주요 내용 / 5) 정보통신 기술 관련 사고 발생 가능성 / 사. 주요 사업의 내용 / 나. 임원간의 상호 겸직 / 38. 위험관리 / 28. 위험관리 / 1. 이사회에 관한 사항 / 라. 이사회내 위원회 / 2. 감사제도에 관한 사항 / 사. 준법지원인 등 지원조직 현황 / 1. 임원 및 직원 등의 현황 / 2. 임원의 보수 등,oprisk,99,"또한, 고객정보 보호를 위해 내부통제절차에 의한 내부보안을 한층 더 강화하고 고객정보 관리에 주기적인 점검 수준을 높이는 노력을 할 예정입니다.",,dart_out/doc/20230119000440/본문.pdf,https://dart.fss.or.kr/dsaf001/main.do?rcpNo=20230119000440,4dcbccc059860d4c9989f8094a616da72e075cdf01f3375f7f9fb37cdd84747a,e213dc580a1e24a3b4e263eb8d7e61761b1a2d66a17495b2ab1eed503014a545
메리츠금융지주,2023(접수 2023-01-19),증권신고서,증권신고서__메리츠금융지주__20230119000440,1. 주식교환의 목적 / ③ 사업현황 등 회사 경영 안정성에 영향을 미칠 수 있는 주요 내용 / 5) 정보통신 기술 관련 사고 발생 가능성 / 사. 주요 사업의 내용 / 나. 임원간의 상호 겸직 / 38. 위험관리 / 28. 위험관리 / 1. 이사회에 관한 사항 / 라. 이사회내 위원회 / 2. 감사제도에 관한 사항 / 사. 준법지원인 등 지원조직 현황 / 1. 임원 및 직원 등의 현황 / 2. 임원의 보수 등,oprisk,552,2. CY2022 2분기 고객정보의 제공ㆍ이용에 관한 현황 및 업무 처리의 적정성 점검 결과 보고,,dart_out/doc/20230119000440/본문.pdf,https://dart.fss.or.kr/dsaf001/main.do?rcpNo=20230119000440,4dcbccc059860d4c9989f8094a616da72e075cdf01f3375f7f9fb37cdd84747a,e213dc580a1e24a3b4e263eb8d7e61761b1a2d66a17495b2ab1eed503014a545
메리츠금융지주,2023(접수 2023-01-19),증권신고서,증권신고서__메리츠금융지주__20230119000440,1. 주식교환의 목적 / ③ 사업현황 등 회사 경영 안정성에 영향을 미칠 수 있는 주요 내용 / 5) 정보통신 기술 관련 사고 발생 가능성 / 사. 주요 사업의 내용 / 나. 임원간의 상호 겸직 / 38. 위험관리 / 28. 위험관리 / 1. 이사회에 관한 사항 / 라. 이사회내 위원회 / 2. 감사제도에 관한 사항 / 사. 준법지원인 등 지원조직 현황 / 1. 임원 및 직원 등의 현황 / 2. 임원의 보수 등,compensation,573,"참고로 회사 성과평가는 주요계열사 정량평가 평점 평균으로 구성된 정량평가 부문과 중장기 성장,리스크관리 항목등을 반영한 정성평가 부문을 종합하여 평가하고 있음.",,dart_out/doc/20230119000440/본문.pdf,https://dart.fss.or.kr/dsaf001/main.do?rcpNo=20230119000440,4dcbccc059860d4c9989f8094a616da72e075cdf01f3375f7f9fb37cdd84747a,e213dc580a1e24a3b4e263eb8d7e61761b1a2d66a17495b2ab1eed503014a545
메리츠금융지주,2023(접수 2023-01-19),증권신고서,증권신고서__메리츠금융지주__20230119000440,1. 주식교환의 목적 / ③ 사업현황 등 회사 경영 안정성에 영향을 미칠 수 있는 주요 내용 / 5) 정보통신 기술 관련 사고 발생 가능성 / 사. 주요 사업의 내용 / 나. 임원간의 상호 겸직 / 38. 위험관리 / 28. 위험관리 / 1. 이사회에 관한 사항 / 라. 이사회내 위원회 / 2. 감사제도에 관한 사항 / 사. 준법지원인 등 지원조직 현황 / 1. 임원 및 직원 등의 현황 / 2. 임원의 보수 등,compensation,573,당사는 금융회사의 지배구조에 관한 법률에 의거하여 성과급의 상당액(60%이상)을이연하여 이를 주가연계 등으로 지급하고 있음.,,dart_out/doc/20230119000440/본문.pdf,https://dart.fss.or.kr/dsaf001/main.do?rcpNo=20230119000440,4dcbccc059860d4c9989f8094a616da72e075cdf01f3375f7f9fb37cdd84747a,e213dc580a1e24a3b4e263eb8d7e61761b1a2d66a17495b2ab1eed503014a545
메리츠금융지주,2023(접수 2023-01-19),증권신고서,증권신고서__메리츠금융지주__20230119000440,1. 주식교환의 목적 / ③ 사업현황 등 회사 경영 안정성에 영향을 미칠 수 있는 주요 내용 / 5) 정보통신 기술 관련 사고 발생 가능성 / 사. 주요 사업의 내용 / 나. 임원간의 상호 겸직 / 38. 위험관리 / 28. 위험관리 / 1. 이사회에 관한 사항 / 라. 이사회내 위원회 / 2. 감사제도에 관한 사항 / 사. 준법지원인 등 지원조직 현황 / 1. 임원 및 직원 등의 현황 / 2. 임원의 보수 등,compensation,553,"① 보수위원회 사외이사 2명 상근이사 1명 이상훈(위원장),조홍희 김용범 회사 및 경영진 등에 대한 성과평가 및 보수의 결정/관리 -",,dart_out/doc/20230119000440/본문.pdf,https://dart.fss.or.kr/dsaf001/main.do?rcpNo=20230119000440,4dcbccc059860d4c9989f8094a616da72e075cdf01f3375f7f9fb37cdd84747a,e213dc580a1e24a3b4e263eb8d7e61761b1a2d66a17495b2ab1eed503014a545
메리츠금융지주,2023(접수 2023-01-19),증권신고서,증권신고서__메리츠금융지주__20230119000440,1. 주식교환의 목적 / ③ 사업현황 등 회사 경영 안정성에 영향을 미칠 수 있는 주요 내용 / 5) 정보통신 기술 관련 사고 발생 가능성 / 사. 주요 사업의 내용 / 나. 임원간의 상호 겸직 / 38. 위험관리 / 28. 위험관리 / 1. 이사회에 관한 사항 / 라. 이사회내 위원회 / 2. 감사제도에 관한 사항 / 사. 준법지원인 등 지원조직 현황 / 1. 임원 및 직원 등의 현황 / 2. 임원의 보수 등,org,467,"연결기업의 위험관리는 ""그룹리스크관리위원회"", ""그룹리스크협의회"", ""위험관리전담조직"", ""위험관리담당조직""에서 수행합니다.",,dart_out/doc/20230119000440/본문.pdf,https://dart.fss.or.kr/dsaf001/main.do?rcpNo=20230119000440,4dcbccc059860d4c9989f8094a616da72e075cdf01f3375f7f9fb37cdd84747a,e213dc580a1e24a3b4e263eb8d7e61761b1a2d66a17495b2ab1eed503014a545
메리츠금융지주,2023(접수 2023-01-19),증권신고서,증권신고서__메리츠금융지주__20230119000440,1. 주식교환의 목적 / ③ 사업현황 등 회사 경영 안정성에 영향을 미칠 수 있는 주요 내용 / 5) 정보통신 기술 관련 사고 발생 가능성 / 사. 주요 사업의 내용 / 나. 임원간의 상호 겸직 / 38. 위험관리 / 28. 위험관리 / 1. 이사회에 관한 사항 / 라. 이사회내 위원회 / 2. 감사제도에 관한 사항 / 사. 준법지원인 등 지원조직 현황 / 1. 임원 및 직원 등의 현황 / 2. 임원의 보수 등,org,519,"당사는 경제환경 변화에 능동적인 대처를 하기 위하여 제반 리스크를 신용위험, 시장위험, 유동성위험으로 분류하고 있으며, 위험관리를 위해 리스크관리위원회와 그룹리스크협의회 및 독립적으로 리스크관리부서를 운영하고 있습니다.",,dart_out/doc/20230119000440/본문.pdf,https://dart.fss.or.kr/dsaf001/main.do?rcpNo=20230119000440,4dcbccc059860d4c9989f8094a616da72e075cdf01f3375f7f9fb37cdd84747a,e213dc580a1e24a3b4e263eb8d7e61761b1a2d66a17495b2ab1eed503014a545
메리츠금융지주,2023(접수 2023-01-19),증권신고서,증권신고서__메리츠금융지주__20230119000440,1. 주식교환의 목적 / ③ 사업현황 등 회사 경영 안정성에 영향을 미칠 수 있는 주요 내용 / 5) 정보통신 기술 관련 사고 발생 가능성 / 사. 주요 사업의 내용 / 나. 임원간의 상호 겸직 / 38. 위험관리 / 28. 위험관리 / 1. 이사회에 관한 사항 / 라. 이사회내 위원회 / 2. 감사제도에 관한 사항 / 사. 준법지원인 등 지원조직 현황 / 1. 임원 및 직원 등의 현황 / 2. 임원의 보수 등,internal_control,561,매월 그룹사 내부통제 활동내역 점검 특이사항 없음,,dart_out/doc/20230119000440/본문.pdf,https://dart.fss.or.kr/dsaf001/main.do?rcpNo=20230119000440,4dcbccc059860d4c9989f8094a616da72e075cdf01f3375f7f9fb37cdd84747a,e213dc580a1e24a3b4e263eb8d7e61761b1a2d66a17495b2ab1eed503014a545
메리츠금융지주,2023(접수 2023-01-19),증권신고서,증권신고서__메리츠금융지주__20230119000440,1. 주식교환의 목적 / ③ 사업현황 등 회사 경영 안정성에 영향을 미칠 수 있는 주요 내용 / 5) 정보통신 기술 관련 사고 발생 가능성 / 사. 주요 사업의 내용 / 나. 임원간의 상호 겸직 / 38. 위험관리 / 28. 위험관리 / 1. 이사회에 관한 사항 / 라. 이사회내 위원회 / 2. 감사제도에 관한 사항 / 사. 준법지원인 등 지원조직 현황 / 1. 임원 및 직원 등의 현황 / 2. 임원의 보수 등,internal_control,561,반기 내부통제위원회 활동(내부통제 주요 이슈 점검 등) 특이사항 없음,,dart_out/doc/20230119000440/본문.pdf,https://dart.fss.or.kr/dsaf001/main.do?rcpNo=20230119000440,4dcbccc059860d4c9989f8094a616da72e075cdf01f3375f7f9fb37cdd84747a,e213dc580a1e24a3b4e263eb8d7e61761b1a2d66a17495b2ab1eed503014a545
메리츠금융지주,2023(접수 2023-01-19),증권신고서,증권신고서__메리츠금융지주__20230119000440,1. 주식교환의 목적 / ③ 사업현황 등 회사 경영 안정성에 영향을 미칠 수 있는 주요 내용 / 5) 정보통신 기술 관련 사고 발생 가능성 / 사. 주요 사업의 내용 / 나. 임원간의 상호 겸직 / 38. 위험관리 / 28. 위험관리 / 1. 이사회에 관한 사항 / 라. 이사회내 위원회 / 2. 감사제도에 관한 사항 / 사. 준법지원인 등 지원조직 현황 / 1. 임원 및 직원 등의 현황 / 2. 임원의 보수 등,internal_control,561,"Compliance팀 2 상  무(7.1년) 과  장(0.5년) 내부통제 활동(임직원교육, 내부통제시스템 점검, 주요 일상업무 사전 검토 등)",,dart_out/doc/20230119000440/본문.pdf,https://dart.fss.or.kr/dsaf001/main.do?rcpNo=20230119000440,4dcbccc059860d4c9989f8094a616da72e075cdf01f3375f7f9fb37cdd84747a,e213dc580a1e24a3b4e263eb8d7e61761b1a2d66a17495b2ab1eed503014a545
메리츠금융지주,2023(접수 2023-01-19),증권신고서,증권신고서__메리츠금융지주__20230119000440,1. 주식교환의 목적 / ③ 사업현황 등 회사 경영 안정성에 영향을 미칠 수 있는 주요 내용 / 5) 정보통신 기술 관련 사고 발생 가능성 / 사. 주요 사업의 내용 / 나. 임원간의 상호 겸직 / 38. 위험관리 / 28. 위험관리 / 1. 이사회에 관한 사항 / 라. 이사회내 위원회 / 2. 감사제도에 관한 사항 / 사. 준법지원인 등 지원조직 현황 / 1. 임원 및 직원 등의 현황 / 2. 임원의 보수 등,internal_control,560,4. CY2021 내부통제시스템 평가결과 승인의 건 가결 찬성 찬성 찬성,,dart_out/doc/20230119000440/본문.pdf,https://dart.fss.or.kr/dsaf001/main.do?rcpNo=20230119000440,4dcbccc059860d4c9989f8094a616da72e075cdf01f3375f7f9fb37cdd84747a,e213dc580a1e24a3b4e263eb8d7e61761b1a2d66a17495b2ab1eed503014a545
메리츠금융지주,2023(접수 2023-01-19),증권신고서,증권신고서__메리츠금융지주__20230119000440,1. 주식교환의 목적 / ③ 사업현황 등 회사 경영 안정성에 영향을 미칠 수 있는 주요 내용 / 5) 정보통신 기술 관련 사고 발생 가능성 / 사. 주요 사업의 내용 / 나. 임원간의 상호 겸직 / 38. 위험관리 / 28. 위험관리 / 1. 이사회에 관한 사항 / 라. 이사회내 위원회 / 2. 감사제도에 관한 사항 / 사. 준법지원인 등 지원조직 현황 / 1. 임원 및 직원 등의 현황 / 2. 임원의 보수 등,internal_control,37,- 자회사등에 대한 내부통제 및 위험관리업무,,dart_out/doc/20230119000440/본문.pdf,https://dart.fss.or.kr/dsaf001/main.do?rcpNo=20230119000440,4dcbccc059860d4c9989f8094a616da72e075cdf01f3375f7f9fb37cdd84747a,e213dc580a1e24a3b4e263eb8d7e61761b1a2d66a17495b2ab1eed503014a545
메리츠금융지주,2023(접수 2023-01-19),증권신고서,증권신고서__메리츠금융지주__20230119000440,1. 주식교환의 목적 / ③ 사업현황 등 회사 경영 안정성에 영향을 미칠 수 있는 주요 내용 / 5) 정보통신 기술 관련 사고 발생 가능성 / 사. 주요 사업의 내용 / 나. 임원간의 상호 겸직 / 38. 위험관리 / 28. 위험관리 / 1. 이사회에 관한 사항 / 라. 이사회내 위원회 / 2. 감사제도에 관한 사항 / 사. 준법지원인 등 지원조직 현황 / 1. 임원 및 직원 등의 현황 / 2. 임원의 보수 등,holding_plan,27,"(주)메리츠금융지주는 이러한 사업 환경 변화를 적극적으로 대응하고 주주가치를 제고하기 위해 그룹 내 자본의 효율적 배분과, 신속한 경영의사 결정이 그 어느 때보다 중요하다고 판단한 바, 메리츠화재해상보험(주) 및 메리츠증권(주)를 완전 자회사로 편입하는 본 주식교환을 결의하게 되었습니다.",,dart_out/doc/20230119000440/본문.pdf,https://dart.fss.or.kr/dsaf001/main.do?rcpNo=20230119000440,4dcbccc059860d4c9989f8094a616da72e075cdf01f3375f7f9fb37cdd84747a,e213dc580a1e24a3b4e263eb8d7e61761b1a2d66a17495b2ab1eed503014a545
메리츠금융지주,2023(접수 2023-01-19),증권신고서,증권신고서__메리츠금융지주__20230119000440,1. 주식교환의 목적 / ③ 사업현황 등 회사 경영 안정성에 영향을 미칠 수 있는 주요 내용 / 5) 정보통신 기술 관련 사고 발생 가능성 / 사. 주요 사업의 내용 / 나. 임원간의 상호 겸직 / 38. 위험관리 / 28. 위험관리 / 1. 이사회에 관한 사항 / 라. 이사회내 위원회 / 2. 감사제도에 관한 사항 / 사. 준법지원인 등 지원조직 현황 / 1. 임원 및 직원 등의 현황 / 2. 임원의 보수 등,holding_plan,28,"본 주식교환 완료 시 (주)메리츠금융지주는 메리츠화재해상보험(주)와 메리츠증권(주)의 완전 자회사 편입을 통해 1) 양사의 견조한 수익성과 유동성을 내재화하여 그룹 전반의 유기적인 재무 유연성을 발휘하고, 2) 각 사의 전문성이 합쳐져 시너지 효과를 극대화시키며, 3) 주주간 이해상충 관계를 해소하고 의사결정의 간소화를 통해 안정적이고 효율적인 경영체계를 확립하고자 합니다.",,dart_out/doc/20230119000440/본문.pdf,https://dart.fss.or.kr/dsaf001/main.do?rcpNo=20230119000440,4dcbccc059860d4c9989f8094a616da72e075cdf01f3375f7f9fb37cdd84747a,e213dc580a1e24a3b4e263eb8d7e61761b1a2d66a17495b2ab1eed503014a545
메리츠금융지주,2023(접수 2023-01-19),증권신고서,증권신고서__메리츠금융지주__20230119000440,1. 주식교환의 목적 / ③ 사업현황 등 회사 경영 안정성에 영향을 미칠 수 있는 주요 내용 / 5) 정보통신 기술 관련 사고 발생 가능성 / 사. 주요 사업의 내용 / 나. 임원간의 상호 겸직 / 38. 위험관리 / 28. 위험관리 / 1. 이사회에 관한 사항 / 라. 이사회내 위원회 / 2. 감사제도에 관한 사항 / 사. 준법지원인 등 지원조직 현황 / 1. 임원 및 직원 등의 현황 / 2. 임원의 보수 등,holding_plan,28,"(주)메리츠금융지주는 메리츠화재해상보험(주) 및 메리츠증권(주)를 완전자회사로 전환함으로써 자회사 자본 배분의 효율성을 증대시키고, 자회사의 우수한 영업현금흐름을 내재화하여 지주의 재무유연성을 증가시키며, 결과적으로 그룹 내 계열사 간 일체성을 강화시켜 경영체계의 효율성을 증가시킬 것으로 기대하고 있습니다.",,dart_out/doc/20230119000440/본문.pdf,https://dart.fss.or.kr/dsaf001/main.do?rcpNo=20230119000440,4dcbccc059860d4c9989f8094a616da72e075cdf01f3375f7f9fb37cdd84747a,e213dc580a1e24a3b4e263eb8d7e61761b1a2d66a17495b2ab1eed503014a545
메리츠금융지주,2023(접수 2023-01-19),증권신고서,증권신고서__메리츠금융지주__20230119000440,1. 주식교환의 목적 / ③ 사업현황 등 회사 경영 안정성에 영향을 미칠 수 있는 주요 내용 / 5) 정보통신 기술 관련 사고 발생 가능성 / 사. 주요 사업의 내용 / 나. 임원간의 상호 겸직 / 38. 위험관리 / 28. 위험관리 / 1. 이사회에 관한 사항 / 라. 이사회내 위원회 / 2. 감사제도에 관한 사항 / 사. 준법지원인 등 지원조직 현황 / 1. 임원 및 직원 등의 현황 / 2. 임원의 보수 등,holding_plan,29,"아울러, (주)메리츠금융지주는 종속회사의 경영관리, 금융그룹 전략 수립 등의 역할을 수행함으로써 사업 자회사간 시너지 효과 창출을 조정하는 역할을 담당할 예정입니다.",,dart_out/doc/20230119000440/본문.pdf,https://dart.fss.or.kr/dsaf001/main.do?rcpNo=20230119000440,4dcbccc059860d4c9989f8094a616da72e075cdf01f3375f7f9fb37cdd84747a,e213dc580a1e24a3b4e263eb8d7e61761b1a2d66a17495b2ab1eed503014a545
메리츠금융지주,2023(접수 2023-01-19),증권신고서,증권신고서__메리츠금융지주__20230119000440,1. 주식교환의 목적 / ③ 사업현황 등 회사 경영 안정성에 영향을 미칠 수 있는 주요 내용 / 5) 정보통신 기술 관련 사고 발생 가능성 / 사. 주요 사업의 내용 / 나. 임원간의 상호 겸직 / 38. 위험관리 / 28. 위험관리 / 1. 이사회에 관한 사항 / 라. 이사회내 위원회 / 2. 감사제도에 관한 사항 / 사. 준법지원인 등 지원조직 현황 / 1. 임원 및 직원 등의 현황 / 2. 임원의 보수 등,holding_plan,265,"이에 따라, 주식회사 메리츠금융지주는 자회사등에 대한 사업목표의 부여 및 사업계획의 승인, 경영성과의 평가 및 보상의 결정, 경영지배구조의 결정, 업무와 재산상태의 검사, 내부통제 및 위험관리 업무 등 자회사에 대한 경영관리 업무와 자회사 출자 또는 자회사 등에 대한 자금지원 및 자금지원을 위한 자금조달 등 경영관리에 부수하는 업무만을 영위합니다.",,dart_out/doc/20230119000440/본문.pdf,https://dart.fss.or.kr/dsaf001/main.do?rcpNo=20230119000440,4dcbccc059860d4c9989f8094a616da72e075cdf01f3375f7f9fb37cdd84747a,e213dc580a1e24a3b4e263eb8d7e61761b1a2d66a17495b2ab1eed503014a545
