corp_label,구분,fy,rcept_no,report_nm,rcept_dt,section_title,table_index,row_index,원문헤더,원문행,비고_원문,겸직인원_언급,fetched_at,status,raw_path,raw_sha256
iM금융지주,지주,2011,20120330000343,사업보고서 (2011.12),20120330,II. 사업의 내용,5,0,사업부문 | 내 용,"금융지주업 | 자회사에 대한 자금 지원, 경영관리 업무 등",,N,2026-08-31T17:08:45+09:00,000,raw/document/20120330000343.zip,c15c7f3278da07744e8831002573ed7379e5cb38d0d8c680a7752b1530922cb1
iM금융지주,지주,2011,20120330000343,사업보고서 (2011.12),20120330,II. 사업의 내용,5,1,사업부문 | 내 용,은행업 | 일반대중으로부터 예금 등의 형태로 취득한 자금을 주 재원으로 하여 자금수요자에게 장.단기 대출형식으로 자금을 공급하는 업무 등,,N,2026-08-31T17:08:45+09:00,000,raw/document/20120330000343.zip,c15c7f3278da07744e8831002573ed7379e5cb38d0d8c680a7752b1530922cb1
iM금융지주,지주,2011,20120330000343,사업보고서 (2011.12),20120330,직원 현황,1,2,사업부문 | 성별 | 직 원 수·정규직 | 직 원 수·계약직 | 직 원 수·기 타 | 직 원 수·합 계 | 평 균근속연수 | 연간급여총 액 | 1인평균급여액 | 비고,"금융업 | 남 | 27 | 8 | 8 | 43 | 0 | 2,331 | 54 | 기타 : 겸직",,N,2026-08-31T17:08:45+09:00,000,raw/document/20120330000343.zip,c15c7f3278da07744e8831002573ed7379e5cb38d0d8c680a7752b1530922cb1
iM금융지주,지주,2011,20120330000343,사업보고서 (2011.12),20120330,직원 현황,1,3,사업부문 | 성별 | 직 원 수·정규직 | 직 원 수·계약직 | 직 원 수·기 타 | 직 원 수·합 계 | 평 균근속연수 | 연간급여총 액 | 1인평균급여액 | 비고,금융업 | 녀 | - | 3 | 1 | 4 | 0 | 37 | 9 | 기타 : 겸직,,N,2026-08-31T17:08:45+09:00,000,raw/document/20120330000343.zip,c15c7f3278da07744e8831002573ed7379e5cb38d0d8c680a7752b1530922cb1
iM금융지주,지주,2011,20120330000343,사업보고서 (2011.12),20120330,직원 현황,1,4,사업부문 | 성별 | 직 원 수·정규직 | 직 원 수·계약직 | 직 원 수·기 타 | 직 원 수·합 계 | 평 균근속연수 | 연간급여총 액 | 1인평균급여액 | 비고,"합 계 | 27 | 11 | 9 | 47 | - | 2,368 | 50 | -",,N,2026-08-31T17:08:45+09:00,000,raw/document/20120330000343.zip,c15c7f3278da07744e8831002573ed7379e5cb38d0d8c680a7752b1530922cb1
BNK금융지주,지주,2011,20120330002741,사업보고서 (2011.12),20120330,II. 사업의 내용,3,5,사업부문 | 내 용,"금융지주업 | 자회사에 대한 자금 지원, 경영관리 업무 등",,N,2026-09-22T11:40:17+09:00,000,raw/document/20120330002741.zip,2b43a0eb336d5c8388fde578ed79b205c021f29b0523c989ff2a6207620b7b79
BNK금융지주,지주,2011,20120330002741,사업보고서 (2011.12),20120330,II. 사업의 내용,3,6,사업부문 | 내 용,은행업 | 일반대중으로부터 예금 등의 형태로 취득한 자금을 주 재원으로 하여 자금수요자에게 장.단기 대출형식으로 자금을 공급하는 업무 등,,N,2026-09-22T11:40:17+09:00,000,raw/document/20120330002741.zip,2b43a0eb336d5c8388fde578ed79b205c021f29b0523c989ff2a6207620b7b79
BNK금융지주,지주,2011,20120330002741,사업보고서 (2011.12),20120330,II. 사업의 내용,3,7,사업부문 | 내 용,"금융투자업 | 투자매매업,투자중개업,투자일임업 등",,N,2026-09-22T11:40:17+09:00,000,raw/document/20120330002741.zip,2b43a0eb336d5c8388fde578ed79b205c021f29b0523c989ff2a6207620b7b79
BNK금융지주,지주,2011,20120330002741,사업보고서 (2011.12),20120330,II. 사업의 내용,3,8,사업부문 | 내 용,"여신전문업 | 할부금융업,시설대여업, 일반대출 등",,N,2026-09-22T11:40:17+09:00,000,raw/document/20120330002741.zip,2b43a0eb336d5c8388fde578ed79b205c021f29b0523c989ff2a6207620b7b79
BNK금융지주,지주,2011,20120330002741,사업보고서 (2011.12),20120330,직원 현황,1,9,사업부문 | 성별 | 직 원 수·정규직 | 직 원 수·계약직 | 직 원 수·기 타 | 직 원 수·합 계 | 평 균근속연수 | 연간급여총 액 | 1인평균급여액 | 비고,"금융업 | 남 | 20 | 4 | 19 | 43 | 8개월 | 1,924 | 45 | 기타 : 겸직직원",기타 : 겸직직원,Y,2026-09-22T11:40:17+09:00,000,raw/document/20120330002741.zip,2b43a0eb336d5c8388fde578ed79b205c021f29b0523c989ff2a6207620b7b79
BNK금융지주,지주,2011,20120330002741,사업보고서 (2011.12),20120330,직원 현황,1,10,사업부문 | 성별 | 직 원 수·정규직 | 직 원 수·계약직 | 직 원 수·기 타 | 직 원 수·합 계 | 평 균근속연수 | 연간급여총 액 | 1인평균급여액 | 비고,금융업 | 녀 | - | 2 | - | 2 | 2개월 | 26 | 13 | -,기타 : 겸직직원,Y,2026-09-22T11:40:17+09:00,000,raw/document/20120330002741.zip,2b43a0eb336d5c8388fde578ed79b205c021f29b0523c989ff2a6207620b7b79
BNK금융지주,지주,2011,20120330002741,사업보고서 (2011.12),20120330,직원 현황,1,11,사업부문 | 성별 | 직 원 수·정규직 | 직 원 수·계약직 | 직 원 수·기 타 | 직 원 수·합 계 | 평 균근속연수 | 연간급여총 액 | 1인평균급여액 | 비고,"합 계 | 20 | 6 | 19 | 45 | 8개월 | 1,950 | 43 | -",기타 : 겸직직원,Y,2026-09-22T11:40:17+09:00,000,raw/document/20120330002741.zip,2b43a0eb336d5c8388fde578ed79b205c021f29b0523c989ff2a6207620b7b79
농협금융지주,지주,2012,20130329002244,사업보고서 (2012.12),20130329,1. 임원 및 직원의 현황,5,12,사업부문 | 성별 | 직 원 수·정규직 | 직 원 수·계약직 | 직 원 수·기 타 | 직 원 수·합 계 | 평 균근속연수 | 연간급여총 액 | 1인평균급여액 | 비고,"금융지주 | 남 | 78 | - | - | 78 | 10개월 | 6,156 | 79 | -",,N,2026-09-22T11:43:25+09:00,000,raw/document/20130329002244.zip,54ca584a404958b9e52fb9a2f1b82d24bc6a04c8d9858acdfddb4aa287c9db22
농협금융지주,지주,2012,20130329002244,사업보고서 (2012.12),20130329,1. 임원 및 직원의 현황,5,13,사업부문 | 성별 | 직 원 수·정규직 | 직 원 수·계약직 | 직 원 수·기 타 | 직 원 수·합 계 | 평 균근속연수 | 연간급여총 액 | 1인평균급여액 | 비고,여 | 7 | 7 | 3 | 17 | 9개월 | 599 | 35 | -,,N,2026-09-22T11:43:25+09:00,000,raw/document/20130329002244.zip,54ca584a404958b9e52fb9a2f1b82d24bc6a04c8d9858acdfddb4aa287c9db22
농협금융지주,지주,2012,20130329002244,사업보고서 (2012.12),20130329,1. 임원 및 직원의 현황,5,14,사업부문 | 성별 | 직 원 수·정규직 | 직 원 수·계약직 | 직 원 수·기 타 | 직 원 수·합 계 | 평 균근속연수 | 연간급여총 액 | 1인평균급여액 | 비고,"합 계 | 85 | 7 | 3 | 95 | 10개월 | 6,755 | 71 | -",,N,2026-09-22T11:43:25+09:00,000,raw/document/20130329002244.zip,54ca584a404958b9e52fb9a2f1b82d24bc6a04c8d9858acdfddb4aa287c9db22
JB금융지주,지주,2013,20140326000207,사업보고서 (2013.12),20140326,II. 사업의 내용,3,15,사업부문 | 내 용,"금융지주업 | 자회사에 대한 자금 지원, 경영관리 업무 등",,N,2026-09-22T11:43:43+09:00,000,raw/document/20140326000207.zip,783dcb7d1ae63972048e761e70964362c1c6ac7fce30c537cc6f2b9237ae227f
JB금융지주,지주,2013,20140326000207,사업보고서 (2013.12),20140326,II. 사업의 내용,3,16,사업부문 | 내 용,은행업 | 일반대중으로부터 예금 등의 형태로 취득한 자금을 주 재원으로 하여 자금수요자에게 장.단기 대출형식으로 자금을 공급하는 업무 등,,N,2026-09-22T11:43:43+09:00,000,raw/document/20140326000207.zip,783dcb7d1ae63972048e761e70964362c1c6ac7fce30c537cc6f2b9237ae227f
JB금융지주,지주,2013,20140326000207,사업보고서 (2013.12),20140326,II. 사업의 내용,3,17,사업부문 | 내 용,"여신전문금융업 | 시설대여업, 할부금융업, 신기술사업금융업",,N,2026-09-22T11:43:43+09:00,000,raw/document/20140326000207.zip,783dcb7d1ae63972048e761e70964362c1c6ac7fce30c537cc6f2b9237ae227f
JB금융지주,지주,2013,20140326000207,사업보고서 (2013.12),20140326,1. 임원 및 직원의 현황,8,18,사업부문 | 성별 | 직 원 수·정규직 | 직 원 수·계약직 | 직 원 수·기 타 | 직 원 수·합 계 | 평 균근속연수 | 연간급여총 액 | 1인평균급여액 | 비고,금융업 | 남 | 11 | 2 | 14 | 27 | 5개월 10일 | 671 | 25 | -,,N,2026-09-22T11:43:43+09:00,000,raw/document/20140326000207.zip,783dcb7d1ae63972048e761e70964362c1c6ac7fce30c537cc6f2b9237ae227f
JB금융지주,지주,2013,20140326000207,사업보고서 (2013.12),20140326,1. 임원 및 직원의 현황,8,19,사업부문 | 성별 | 직 원 수·정규직 | 직 원 수·계약직 | 직 원 수·기 타 | 직 원 수·합 계 | 평 균근속연수 | 연간급여총 액 | 1인평균급여액 | 비고,금융업 | 여 | 1 | 3 | 1 | 5 | 4개월 24일 | 96 | 19 | -,,N,2026-09-22T11:43:43+09:00,000,raw/document/20140326000207.zip,783dcb7d1ae63972048e761e70964362c1c6ac7fce30c537cc6f2b9237ae227f
JB금융지주,지주,2013,20140326000207,사업보고서 (2013.12),20140326,1. 임원 및 직원의 현황,8,20,사업부문 | 성별 | 직 원 수·정규직 | 직 원 수·계약직 | 직 원 수·기 타 | 직 원 수·합 계 | 평 균근속연수 | 연간급여총 액 | 1인평균급여액 | 비고,합 계 | 12 | 5 | 15 | 32 | 5개월 13일 | 767 | 24 | -,,N,2026-09-22T11:43:43+09:00,000,raw/document/20140326000207.zip,783dcb7d1ae63972048e761e70964362c1c6ac7fce30c537cc6f2b9237ae227f
신한은행(구),은행,2019,20200330003827,사업보고서 (2019.12),20200330,1. 임원 및 직원 등의 현황,5,21,사업부문 | 성별 | 직 원 수·기간의 정함이없는 근로자 | 직 원 수·기간제근로자 | 직 원 수·합 계 | 직 원 수 | 직 원 수 | 평 균근속연수 | 연간급여총 액 | 1인평균급여액 | 남 | 여 | 계,전체 | (단시간근로자) | 전체 | (단시간근로자),,N,2026-09-22T11:48:51+09:00,000,raw/document/20200330003827.zip,188228bfef4a1674336916a1a32d6828978769538e7d33775dd15e82e36f1416
신한은행(구),은행,2019,20200330003827,사업보고서 (2019.12),20200330,1. 임원 및 직원 등의 현황,5,22,사업부문 | 성별 | 직 원 수·기간의 정함이없는 근로자 | 직 원 수·기간제근로자 | 직 원 수·합 계 | 직 원 수 | 직 원 수 | 평 균근속연수 | 연간급여총 액 | 1인평균급여액 | 남 | 여 | 계,"금융서비스 | 남 | 7,046 | - | 745 | 335 | 7,791 | 16년 11개월 | 855,803 | 110 | 1,825 | 2,305 | 4,130 | -",,N,2026-09-22T11:48:51+09:00,000,raw/document/20200330003827.zip,188228bfef4a1674336916a1a32d6828978769538e7d33775dd15e82e36f1416
신한은행(구),은행,2019,20200330003827,사업보고서 (2019.12),20200330,1. 임원 및 직원 등의 현황,5,23,사업부문 | 성별 | 직 원 수·기간의 정함이없는 근로자 | 직 원 수·기간제근로자 | 직 원 수·합 계 | 직 원 수 | 직 원 수 | 평 균근속연수 | 연간급여총 액 | 1인평균급여액 | 남 | 여 | 계,"금융서비스 | 여 | 6,119 | 194 | 272 | 162 | 6,391 | 12년 7개월 | 440,081 | 69 | -",,N,2026-09-22T11:48:51+09:00,000,raw/document/20200330003827.zip,188228bfef4a1674336916a1a32d6828978769538e7d33775dd15e82e36f1416
신한은행(구),은행,2019,20200330003827,사업보고서 (2019.12),20200330,1. 임원 및 직원 등의 현황,5,24,사업부문 | 성별 | 직 원 수·기간의 정함이없는 근로자 | 직 원 수·기간제근로자 | 직 원 수·합 계 | 직 원 수 | 직 원 수 | 평 균근속연수 | 연간급여총 액 | 1인평균급여액 | 남 | 여 | 계,"합 계 | 13,165 | 194 | 1,017 | 497 | 14,182 | 14년 11개월 | 1,295,884 | 91 | -",,N,2026-09-22T11:48:51+09:00,000,raw/document/20200330003827.zip,188228bfef4a1674336916a1a32d6828978769538e7d33775dd15e82e36f1416
신한지주,지주,2019,20200330003956,사업보고서 (2019.12),20200330,1. 임원 및 직원 등의 현황,9,25,사업부문 | 성별 | 직 원 수·기간의 정함이없는 근로자 | 직 원 수·기간제근로자 | 직 원 수·합 계 | 직 원 수 | 직 원 수 | 평 균근속연수 | 연간급여총 액 | 1인평균급여액 | 남 | 여 | 계,전체 | (단시간근로자) | 전체 | (단시간근로자),,N,2026-09-22T11:49:52+09:00,000,raw/document/20200330003956.zip,2a775d1fa784ec4b99cc2b439da10ab615261bc19c3b45b6573616248677446c
신한지주,지주,2019,20200330003956,사업보고서 (2019.12),20200330,1. 임원 및 직원 등의 현황,9,26,사업부문 | 성별 | 직 원 수·기간의 정함이없는 근로자 | 직 원 수·기간제근로자 | 직 원 수·합 계 | 직 원 수 | 직 원 수 | 평 균근속연수 | 연간급여총 액 | 1인평균급여액 | 남 | 여 | 계,"- | 남 | 125 | - | 18 | - | 143 | 2년 11개월 (14년7개월) | 16,109 | 137 | - | - | - | -",,N,2026-09-22T11:49:52+09:00,000,raw/document/20200330003956.zip,2a775d1fa784ec4b99cc2b439da10ab615261bc19c3b45b6573616248677446c
신한지주,지주,2019,20200330003956,사업보고서 (2019.12),20200330,1. 임원 및 직원 등의 현황,9,27,사업부문 | 성별 | 직 원 수·기간의 정함이없는 근로자 | 직 원 수·기간제근로자 | 직 원 수·합 계 | 직 원 수 | 직 원 수 | 평 균근속연수 | 연간급여총 액 | 1인평균급여액 | 남 | 여 | 계,"- | 여 | 27 | - | 2 | - | 29 | 4년 4개월 (10년 3개월) | 2,283 | 78 | -",,N,2026-09-22T11:49:52+09:00,000,raw/document/20200330003956.zip,2a775d1fa784ec4b99cc2b439da10ab615261bc19c3b45b6573616248677446c
신한지주,지주,2019,20200330003956,사업보고서 (2019.12),20200330,1. 임원 및 직원 등의 현황,9,28,사업부문 | 성별 | 직 원 수·기간의 정함이없는 근로자 | 직 원 수·기간제근로자 | 직 원 수·합 계 | 직 원 수 | 직 원 수 | 평 균근속연수 | 연간급여총 액 | 1인평균급여액 | 남 | 여 | 계,"합 계 | 152 | - | 20 | - | 172 | 3년 2개월 (13년 11개월) | 18,393 | 115 | -",,N,2026-09-22T11:49:52+09:00,000,raw/document/20200330003956.zip,2a775d1fa784ec4b99cc2b439da10ab615261bc19c3b45b6573616248677446c
우리금융지주,지주,2019,20200330004490,사업보고서 (2019.12),20200330,1. 임원 및 직원 등의 현황,10,29,사업부문 | 성별 | 직 원 수·기간의 정함이없는 근로자 | 직 원 수·기간제근로자 | 직 원 수·합 계 | 직 원 수 | 직 원 수 | 평 균근속연수 | 연간급여총 액 | 1인평균급여액 | 남 | 여 | 계,전체 | (단시간근로자) | 전체 | (단시간근로자),,N,2026-09-16T11:04:51+09:00,000,raw/document/20200330004490.zip,10fb2f3cff15eba2d5974129ca2bdbcb0bf3bb0fe8a7755d920b8f4f75d319ca
우리금융지주,지주,2019,20200330004490,사업보고서 (2019.12),20200330,1. 임원 및 직원 등의 현황,10,30,사업부문 | 성별 | 직 원 수·기간의 정함이없는 근로자 | 직 원 수·기간제근로자 | 직 원 수·합 계 | 직 원 수 | 직 원 수 | 평 균근속연수 | 연간급여총 액 | 1인평균급여액 | 남 | 여 | 계,"- | 남 | 117 | - | 22 | - | 139 | 11개월 (15년 1개월) | 13,949 | 128 | - | - | - | -",,N,2026-09-16T11:04:51+09:00,000,raw/document/20200330004490.zip,10fb2f3cff15eba2d5974129ca2bdbcb0bf3bb0fe8a7755d920b8f4f75d319ca
우리금융지주,지주,2019,20200330004490,사업보고서 (2019.12),20200330,1. 임원 및 직원 등의 현황,10,31,사업부문 | 성별 | 직 원 수·기간의 정함이없는 근로자 | 직 원 수·기간제근로자 | 직 원 수·합 계 | 직 원 수 | 직 원 수 | 평 균근속연수 | 연간급여총 액 | 1인평균급여액 | 남 | 여 | 계,"- | 여 | 13 | - | 7 | - | 20 | 10개월 (9년 8개월) | 1,074 | 77 | -",,N,2026-09-16T11:04:51+09:00,000,raw/document/20200330004490.zip,10fb2f3cff15eba2d5974129ca2bdbcb0bf3bb0fe8a7755d920b8f4f75d319ca
우리금융지주,지주,2019,20200330004490,사업보고서 (2019.12),20200330,1. 임원 및 직원 등의 현황,10,32,사업부문 | 성별 | 직 원 수·기간의 정함이없는 근로자 | 직 원 수·기간제근로자 | 직 원 수·합 계 | 직 원 수 | 직 원 수 | 평 균근속연수 | 연간급여총 액 | 1인평균급여액 | 남 | 여 | 계,"합 계 | 130 | - | 29 | - | 159 | 11개월 (14년 6개월) | 15,023 | 122 | -",,N,2026-09-16T11:04:51+09:00,000,raw/document/20200330004490.zip,10fb2f3cff15eba2d5974129ca2bdbcb0bf3bb0fe8a7755d920b8f4f75d319ca
신한지주,지주,2020,20210317001127,사업보고서 (2020.12),20210317,1. 임원 및 직원 등의 현황,13,33,사업부문 | 성별 | 직 원 수·기간의 정함이없는 근로자 | 직 원 수·기간제근로자 | 직 원 수·합 계 | 직 원 수 | 직 원 수 | 평 균근속연수 | 연간급여총 액 | 1인평균급여액 | 남 | 여 | 계,전체 | (단시간근로자) | 전체 | (단시간근로자),,N,2026-09-22T11:50:55+09:00,000,raw/document/20210317001127.zip,70d82cae25fec76fc3626c8c2886272fa0d670e80180166b93e55500ccc791f0
신한지주,지주,2020,20210317001127,사업보고서 (2020.12),20210317,1. 임원 및 직원 등의 현황,13,34,사업부문 | 성별 | 직 원 수·기간의 정함이없는 근로자 | 직 원 수·기간제근로자 | 직 원 수·합 계 | 직 원 수 | 직 원 수 | 평 균근속연수 | 연간급여총 액 | 1인평균급여액 | 남 | 여 | 계,"- | 남 | 118 | - | 16 | - | 134 | 2년 9개월 (14년 10개월) | 20,558 | 153 | - | - | - | -",,N,2026-09-22T11:50:55+09:00,000,raw/document/20210317001127.zip,70d82cae25fec76fc3626c8c2886272fa0d670e80180166b93e55500ccc791f0
신한지주,지주,2020,20210317001127,사업보고서 (2020.12),20210317,1. 임원 및 직원 등의 현황,13,35,사업부문 | 성별 | 직 원 수·기간의 정함이없는 근로자 | 직 원 수·기간제근로자 | 직 원 수·합 계 | 직 원 수 | 직 원 수 | 평 균근속연수 | 연간급여총 액 | 1인평균급여액 | 남 | 여 | 계,"- | 여 | 32 | - | 1 | 1 | 33 | 3년 9개월 (11년) | 3,000 | 91 | -",,N,2026-09-22T11:50:55+09:00,000,raw/document/20210317001127.zip,70d82cae25fec76fc3626c8c2886272fa0d670e80180166b93e55500ccc791f0
신한지주,지주,2020,20210317001127,사업보고서 (2020.12),20210317,1. 임원 및 직원 등의 현황,13,36,사업부문 | 성별 | 직 원 수·기간의 정함이없는 근로자 | 직 원 수·기간제근로자 | 직 원 수·합 계 | 직 원 수 | 직 원 수 | 평 균근속연수 | 연간급여총 액 | 1인평균급여액 | 남 | 여 | 계,"합 계 | 150 | - | 17 | 1 | 167 | 3년 (14년 1개월) | 23,558 | 141 | -",,N,2026-09-22T11:50:55+09:00,000,raw/document/20210317001127.zip,70d82cae25fec76fc3626c8c2886272fa0d670e80180166b93e55500ccc791f0
신한은행(구),은행,2020,20210318000426,사업보고서 (2020.12),20210318,1. 임원 및 직원 등의 현황,5,37,사업부문 | 성별 | 직 원 수·기간의 정함이없는 근로자 | 직 원 수·기간제근로자 | 직 원 수·합 계 | 직 원 수 | 직 원 수 | 평 균근속연수 | 연간급여총 액 | 1인평균급여액 | 남 | 여 | 계,전체 | (단시간근로자) | 전체 | (단시간근로자),,N,2026-09-22T11:51:48+09:00,000,raw/document/20210318000426.zip,5c4fa97167ff322ee4bbd48d7ec9a367f4695e32164c67cc917490f544f156c3
신한은행(구),은행,2020,20210318000426,사업보고서 (2020.12),20210318,1. 임원 및 직원 등의 현황,5,38,사업부문 | 성별 | 직 원 수·기간의 정함이없는 근로자 | 직 원 수·기간제근로자 | 직 원 수·합 계 | 직 원 수 | 직 원 수 | 평 균근속연수 | 연간급여총 액 | 1인평균급여액 | 남 | 여 | 계,"금융서비스 | 남 | 6,862 | - | 830 | 319 | 7,692 | 17 년 2 개월 | 865,852 | 112 | 1,763 | 2,455 | 4,218 | -",,N,2026-09-22T11:51:48+09:00,000,raw/document/20210318000426.zip,5c4fa97167ff322ee4bbd48d7ec9a367f4695e32164c67cc917490f544f156c3
신한은행(구),은행,2020,20210318000426,사업보고서 (2020.12),20210318,1. 임원 및 직원 등의 현황,5,39,사업부문 | 성별 | 직 원 수·기간의 정함이없는 근로자 | 직 원 수·기간제근로자 | 직 원 수·합 계 | 직 원 수 | 직 원 수 | 평 균근속연수 | 연간급여총 액 | 1인평균급여액 | 남 | 여 | 계,"금융서비스 | 여 | 6,155 | 169 | 159 | 60 | 6,314 | 13 년 3 개월 | 478,660 | 76 | -",,N,2026-09-22T11:51:48+09:00,000,raw/document/20210318000426.zip,5c4fa97167ff322ee4bbd48d7ec9a367f4695e32164c67cc917490f544f156c3
신한은행(구),은행,2020,20210318000426,사업보고서 (2020.12),20210318,1. 임원 및 직원 등의 현황,5,40,사업부문 | 성별 | 직 원 수·기간의 정함이없는 근로자 | 직 원 수·기간제근로자 | 직 원 수·합 계 | 직 원 수 | 직 원 수 | 평 균근속연수 | 연간급여총 액 | 1인평균급여액 | 남 | 여 | 계,"합 계 | 13,017 | 169 | 989 | 379 | 14,006 | 15 년 4 개월 | 1,344,512 | 96 | -",,N,2026-09-22T11:51:48+09:00,000,raw/document/20210318000426.zip,5c4fa97167ff322ee4bbd48d7ec9a367f4695e32164c67cc917490f544f156c3
신한지주,지주,2021,20220316000748,사업보고서 (2021.12),20220316,1. 임원 및 직원 등의 현황,13,41,사업부문 | 성별 | 직 원 수·기간의 정함이없는 근로자 | 직 원 수·기간제근로자 | 직 원 수·합 계 | 직 원 수 | 직 원 수 | 평 균근속연수 | 연간급여총 액 | 1인평균급여액 | 남 | 여 | 계,전체 | (단시간근로자) | 전체 | (단시간근로자),,N,2026-09-22T11:52:56+09:00,000,raw/document/20220316000748.zip,44048b31e89f5ba190d2b8c27f1ae37b0cf1f0db7586af6f4255b546170bfa82
신한지주,지주,2021,20220316000748,사업보고서 (2021.12),20220316,1. 임원 및 직원 등의 현황,13,42,사업부문 | 성별 | 직 원 수·기간의 정함이없는 근로자 | 직 원 수·기간제근로자 | 직 원 수·합 계 | 직 원 수 | 직 원 수 | 평 균근속연수 | 연간급여총 액 | 1인평균급여액 | 남 | 여 | 계,"- | 남 | 131 | - | 16 | - | 147 | 3년 (15년 4개월) | 24,781 | 175 | - | - | - | -",,N,2026-09-22T11:52:56+09:00,000,raw/document/20220316000748.zip,44048b31e89f5ba190d2b8c27f1ae37b0cf1f0db7586af6f4255b546170bfa82
신한지주,지주,2021,20220316000748,사업보고서 (2021.12),20220316,1. 임원 및 직원 등의 현황,13,43,사업부문 | 성별 | 직 원 수·기간의 정함이없는 근로자 | 직 원 수·기간제근로자 | 직 원 수·합 계 | 직 원 수 | 직 원 수 | 평 균근속연수 | 연간급여총 액 | 1인평균급여액 | 남 | 여 | 계,"- | 여 | 34 | - | 2 | 1 | 36 | 3년 10개월 (11년 6개월) | 3,647 | 104 | -",,N,2026-09-22T11:52:56+09:00,000,raw/document/20220316000748.zip,44048b31e89f5ba190d2b8c27f1ae37b0cf1f0db7586af6f4255b546170bfa82
신한지주,지주,2021,20220316000748,사업보고서 (2021.12),20220316,1. 임원 및 직원 등의 현황,13,44,사업부문 | 성별 | 직 원 수·기간의 정함이없는 근로자 | 직 원 수·기간제근로자 | 직 원 수·합 계 | 직 원 수 | 직 원 수 | 평 균근속연수 | 연간급여총 액 | 1인평균급여액 | 남 | 여 | 계,"합 계 | 165 | - | 18 | 1 | 183 | 3년 2개월 (14년 7개월) | 28,428 | 161 | -",,N,2026-09-22T11:52:56+09:00,000,raw/document/20220316000748.zip,44048b31e89f5ba190d2b8c27f1ae37b0cf1f0db7586af6f4255b546170bfa82
신한은행(구),은행,2021,20220316001081,사업보고서 (2021.12),20220316,1. 임원 및 직원 등의 현황,6,45,사업부문 | 성별 | 직 원 수·기간의 정함이없는 근로자 | 직 원 수·기간제근로자 | 직 원 수·합 계 | 직 원 수 | 직 원 수 | 평 균근속연수 | 연간급여총 액 | 1인평균급여액 | 남 | 여 | 계,전체 | (단시간근로자) | 전체 | (단시간근로자),,N,2026-09-22T11:53:52+09:00,000,raw/document/20220316001081.zip,939d66c3014f08d1b9c426714f23bb14b38a9111732c8dc3af74a8ed5082d107
신한은행(구),은행,2021,20220316001081,사업보고서 (2021.12),20220316,1. 임원 및 직원 등의 현황,6,46,사업부문 | 성별 | 직 원 수·기간의 정함이없는 근로자 | 직 원 수·기간제근로자 | 직 원 수·합 계 | 직 원 수 | 직 원 수 | 평 균근속연수 | 연간급여총 액 | 1인평균급여액 | 남 | 여 | 계,"금융서비스 | 남 | 6,661 | - | 784 | 218 | 7,445 | 17 년 3개월 | 931,994 | 124 | 1,667 | 2,276 | 3,943 | -",,N,2026-09-22T11:53:52+09:00,000,raw/document/20220316001081.zip,939d66c3014f08d1b9c426714f23bb14b38a9111732c8dc3af74a8ed5082d107
신한은행(구),은행,2021,20220316001081,사업보고서 (2021.12),20220316,1. 임원 및 직원 등의 현황,6,47,사업부문 | 성별 | 직 원 수·기간의 정함이없는 근로자 | 직 원 수·기간제근로자 | 직 원 수·합 계 | 직 원 수 | 직 원 수 | 평 균근속연수 | 연간급여총 액 | 1인평균급여액 | 남 | 여 | 계,"금융서비스 | 여 | 6,018 | 160 | 172 | 47 | 6,190 | 13 년 9개월 | 521,435 | 83 | -",,N,2026-09-22T11:53:52+09:00,000,raw/document/20220316001081.zip,939d66c3014f08d1b9c426714f23bb14b38a9111732c8dc3af74a8ed5082d107
신한은행(구),은행,2021,20220316001081,사업보고서 (2021.12),20220316,1. 임원 및 직원 등의 현황,6,48,사업부문 | 성별 | 직 원 수·기간의 정함이없는 근로자 | 직 원 수·기간제근로자 | 직 원 수·합 계 | 직 원 수 | 직 원 수 | 평 균근속연수 | 연간급여총 액 | 1인평균급여액 | 남 | 여 | 계,"합 계 | 12,679 | 160 | 956 | 265 | 13,635 | 15 년 7개월 | 1,453,429 | 107 | -",,N,2026-09-22T11:53:52+09:00,000,raw/document/20220316001081.zip,939d66c3014f08d1b9c426714f23bb14b38a9111732c8dc3af74a8ed5082d107
신한지주,지주,2022,20230315001015,사업보고서 (2022.12),20230315,1. 임원 및 직원 등의 현황,13,49,사업부문 | 성별 | 직 원 수·기간의 정함이없는 근로자 | 직 원 수·기간제근로자 | 직 원 수·합 계 | 직 원 수 | 직 원 수 | 평 균근속연수 | 연간급여총 액 | 1인평균급여액 | 남 | 여 | 계,전체 | (단시간근로자) | 전체 | (단시간근로자),,N,2026-09-22T11:55:13+09:00,000,raw/document/20230315001015.zip,d7aa6f003ac73c513de23caa824c7db09681b75bf4d07d037a3375706512c918
신한지주,지주,2022,20230315001015,사업보고서 (2022.12),20230315,1. 임원 및 직원 등의 현황,13,50,사업부문 | 성별 | 직 원 수·기간의 정함이없는 근로자 | 직 원 수·기간제근로자 | 직 원 수·합 계 | 직 원 수 | 직 원 수 | 평 균근속연수 | 연간급여총 액 | 1인평균급여액 | 남 | 여 | 계,"- | 남 | 132 | - | 13 | - | 145 | 3년 3개월 (15년 8개월) | 26,025 | 178 | - | - | - | -",,N,2026-09-22T11:55:13+09:00,000,raw/document/20230315001015.zip,d7aa6f003ac73c513de23caa824c7db09681b75bf4d07d037a3375706512c918
신한지주,지주,2022,20230315001015,사업보고서 (2022.12),20230315,1. 임원 및 직원 등의 현황,13,51,사업부문 | 성별 | 직 원 수·기간의 정함이없는 근로자 | 직 원 수·기간제근로자 | 직 원 수·합 계 | 직 원 수 | 직 원 수 | 평 균근속연수 | 연간급여총 액 | 1인평균급여액 | 남 | 여 | 계,"- | 여 | 39 | - | 6 | 1 | 45 | 3년 6개월 (10년 10개월) | 5,298 | 118 | -",,N,2026-09-22T11:55:13+09:00,000,raw/document/20230315001015.zip,d7aa6f003ac73c513de23caa824c7db09681b75bf4d07d037a3375706512c918
신한지주,지주,2022,20230315001015,사업보고서 (2022.12),20230315,1. 임원 및 직원 등의 현황,13,52,사업부문 | 성별 | 직 원 수·기간의 정함이없는 근로자 | 직 원 수·기간제근로자 | 직 원 수·합 계 | 직 원 수 | 직 원 수 | 평 균근속연수 | 연간급여총 액 | 1인평균급여액 | 남 | 여 | 계,"합 계 | 171 | - | 19 | 1 | 190 | 3년 4개월 (14년 6개월) | 31,323 | 164 | -",,N,2026-09-22T11:55:13+09:00,000,raw/document/20230315001015.zip,d7aa6f003ac73c513de23caa824c7db09681b75bf4d07d037a3375706512c918
신한은행(구),은행,2022,20230315001124,사업보고서 (2022.12),20230315,1. 임원 및 직원 등의 현황,6,53,사업부문 | 성별 | 직 원 수·기간의 정함이없는 근로자 | 직 원 수·기간제근로자 | 직 원 수·합 계 | 직 원 수 | 직 원 수 | 평 균근속연수 | 연간급여총 액 | 1인평균급여액 | 남 | 여 | 계,전체 | (단시간근로자) | 전체 | (단시간근로자),,N,2026-09-22T11:56:12+09:00,000,raw/document/20230315001124.zip,13d7e290f2efc4381345cc33ffc45a1cddfe63d29aa68aa6e8b61e6963bb428b
신한은행(구),은행,2022,20230315001124,사업보고서 (2022.12),20230315,1. 임원 및 직원 등의 현황,6,54,사업부문 | 성별 | 직 원 수·기간의 정함이없는 근로자 | 직 원 수·기간제근로자 | 직 원 수·합 계 | 직 원 수 | 직 원 수 | 평 균근속연수 | 연간급여총 액 | 1인평균급여액 | 남 | 여 | 계,"금융서비스 | 남 | 6,526 | - | 855 | 228 | 7,381 | 17년 4개월 | 972,968 | 132 | 1,749 | 2,432 | 4,181 | -",,N,2026-09-22T11:56:12+09:00,000,raw/document/20230315001124.zip,13d7e290f2efc4381345cc33ffc45a1cddfe63d29aa68aa6e8b61e6963bb428b
신한은행(구),은행,2022,20230315001124,사업보고서 (2022.12),20230315,1. 임원 및 직원 등의 현황,6,55,사업부문 | 성별 | 직 원 수·기간의 정함이없는 근로자 | 직 원 수·기간제근로자 | 직 원 수·합 계 | 직 원 수 | 직 원 수 | 평 균근속연수 | 연간급여총 액 | 1인평균급여액 | 남 | 여 | 계,"금융서비스 | 여 | 6,035 | 150 | 188 | 54 | 6,223 | 14년 4개월 | 560,956 | 90 | -",,N,2026-09-22T11:56:12+09:00,000,raw/document/20230315001124.zip,13d7e290f2efc4381345cc33ffc45a1cddfe63d29aa68aa6e8b61e6963bb428b
신한은행(구),은행,2022,20230315001124,사업보고서 (2022.12),20230315,1. 임원 및 직원 등의 현황,6,56,사업부문 | 성별 | 직 원 수·기간의 정함이없는 근로자 | 직 원 수·기간제근로자 | 직 원 수·합 계 | 직 원 수 | 직 원 수 | 평 균근속연수 | 연간급여총 액 | 1인평균급여액 | 남 | 여 | 계,"합 계 | 12,561 | 150 | 1,043 | 282 | 13,604 | 15년 11개월 | 1,533,924 | 113 | -",,N,2026-09-22T11:56:12+09:00,000,raw/document/20230315001124.zip,13d7e290f2efc4381345cc33ffc45a1cddfe63d29aa68aa6e8b61e6963bb428b
KB손해보험,보험자회사,2023,20240312000746,사업보고서 (2023.12),20240312,1. 임원 및 직원 등의 현황,15,57,사업부문 | 성별 | 직 원 수·기간의 정함이없는 근로자 | 직 원 수·기간제근로자 | 직 원 수·합 계 | 직 원 수 | 직 원 수 | 평 균근속연수 | 연간급여총 액 | 1인평균급여액 | 남 | 여 | 계,전체 | (단시간근로자) | 전체 | (단시간근로자),,N,2026-09-16T11:06:33+09:00,000,raw/document/20240312000746.zip,501d651aa63935c92002c9f7674fd05ba2d1144f6168babafe52f524588150a8
KB손해보험,보험자회사,2023,20240312000746,사업보고서 (2023.12),20240312,1. 임원 및 직원 등의 현황,15,58,사업부문 | 성별 | 직 원 수·기간의 정함이없는 근로자 | 직 원 수·기간제근로자 | 직 원 수·합 계 | 직 원 수 | 직 원 수 | 평 균근속연수 | 연간급여총 액 | 1인평균급여액 | 남 | 여 | 계,"금융업 | 남 | 1,450 | - | 42 | - | 1,492 | 16.1 | 157,051 | 105 | 740 | 997 | 1,737 | -",,N,2026-09-16T11:06:33+09:00,000,raw/document/20240312000746.zip,501d651aa63935c92002c9f7674fd05ba2d1144f6168babafe52f524588150a8
KB손해보험,보험자회사,2023,20240312000746,사업보고서 (2023.12),20240312,1. 임원 및 직원 등의 현황,15,59,사업부문 | 성별 | 직 원 수·기간의 정함이없는 근로자 | 직 원 수·기간제근로자 | 직 원 수·합 계 | 직 원 수 | 직 원 수 | 평 균근속연수 | 연간급여총 액 | 1인평균급여액 | 남 | 여 | 계,"금융업 | 여 | 1,470 | - | 76 | - | 1,546 | 13.3 | 100,766 | 65 | -",,N,2026-09-16T11:06:33+09:00,000,raw/document/20240312000746.zip,501d651aa63935c92002c9f7674fd05ba2d1144f6168babafe52f524588150a8
KB손해보험,보험자회사,2023,20240312000746,사업보고서 (2023.12),20240312,1. 임원 및 직원 등의 현황,15,60,사업부문 | 성별 | 직 원 수·기간의 정함이없는 근로자 | 직 원 수·기간제근로자 | 직 원 수·합 계 | 직 원 수 | 직 원 수 | 평 균근속연수 | 연간급여총 액 | 1인평균급여액 | 남 | 여 | 계,"합 계 | 2,920 | - | 118 | - | 3,038 | 14.7 | 257,817 | 85 | -",,N,2026-09-16T11:06:33+09:00,000,raw/document/20240312000746.zip,501d651aa63935c92002c9f7674fd05ba2d1144f6168babafe52f524588150a8
메리츠금융지주,지주,2023,20240312001044,사업보고서 (2023.12),20240312,1. 임원 및 직원 등의 현황,5,61,사업부문 | 성별 | 직 원 수·기간의 정함이없는 근로자 | 직 원 수·기간제근로자 | 직 원 수·합 계 | 직 원 수 | 직 원 수 | 평 균근속연수 | 연간급여총 액 | 1인평균급여액 | 남 | 여 | 계,전체 | (단시간근로자) | 전체 | (단시간근로자),,N,2026-09-16T11:07:21+09:00,000,raw/document/20240312001044.zip,baa4665617c4cbb873d76b3926a88dbe1afed89fb2e58df9466fcc87494c1ab0
메리츠금융지주,지주,2023,20240312001044,사업보고서 (2023.12),20240312,1. 임원 및 직원 등의 현황,5,62,사업부문 | 성별 | 직 원 수·기간의 정함이없는 근로자 | 직 원 수·기간제근로자 | 직 원 수·합 계 | 직 원 수 | 직 원 수 | 평 균근속연수 | 연간급여총 액 | 1인평균급여액 | 남 | 여 | 계,"경영관리 | 남 | 13 | - | 16 | - | 29 | 3.2 | 4,438 | 153 | - | - | - | -",,N,2026-09-16T11:07:21+09:00,000,raw/document/20240312001044.zip,baa4665617c4cbb873d76b3926a88dbe1afed89fb2e58df9466fcc87494c1ab0
메리츠금융지주,지주,2023,20240312001044,사업보고서 (2023.12),20240312,1. 임원 및 직원 등의 현황,5,63,사업부문 | 성별 | 직 원 수·기간의 정함이없는 근로자 | 직 원 수·기간제근로자 | 직 원 수·합 계 | 직 원 수 | 직 원 수 | 평 균근속연수 | 연간급여총 액 | 1인평균급여액 | 남 | 여 | 계,"경영관리 | 여 | 9 | - | 1 | - | 10 | 4.9 | 1,253 | 125 | -",,N,2026-09-16T11:07:21+09:00,000,raw/document/20240312001044.zip,baa4665617c4cbb873d76b3926a88dbe1afed89fb2e58df9466fcc87494c1ab0
메리츠금융지주,지주,2023,20240312001044,사업보고서 (2023.12),20240312,1. 임원 및 직원 등의 현황,5,64,사업부문 | 성별 | 직 원 수·기간의 정함이없는 근로자 | 직 원 수·기간제근로자 | 직 원 수·합 계 | 직 원 수 | 직 원 수 | 평 균근속연수 | 연간급여총 액 | 1인평균급여액 | 남 | 여 | 계,"합 계 | 22 | - | 17 | - | 39 | 3.6 | 5,691 | 146 | -",,N,2026-09-16T11:07:21+09:00,000,raw/document/20240312001044.zip,baa4665617c4cbb873d76b3926a88dbe1afed89fb2e58df9466fcc87494c1ab0
KB라이프생명보험,보험자회사,2023,20240314000804,사업보고서 (2023.12),20240314,1. 임원 및 직원 등의 현황,17,65,사업부문 | 성별 | 직 원 수·기간의 정함이없는 근로자 | 직 원 수·기간제근로자 | 직 원 수·합 계 | 직 원 수 | 직 원 수 | 평 균근속연수 | 연간급여총 액 | 1인평균급여액 | 남 | 여 | 계,전체 | (단시간근로자) | 전체 | (단시간근로자),,N,2026-09-16T11:12:00+09:00,000,raw/document/20240314000804.zip,81356fa68bad707334b70c182392899a938e01fe99528ea93fc351a73f40761c
KB라이프생명보험,보험자회사,2023,20240314000804,사업보고서 (2023.12),20240314,1. 임원 및 직원 등의 현황,17,66,사업부문 | 성별 | 직 원 수·기간의 정함이없는 근로자 | 직 원 수·기간제근로자 | 직 원 수·합 계 | 직 원 수 | 직 원 수 | 평 균근속연수 | 연간급여총 액 | 1인평균급여액 | 남 | 여 | 계,"전사 | 남 | 335 | 335 | 32 | 32 | 367 | 9.0 | 37,901 | 103 | 135 | 182 | 317 | -",,N,2026-09-16T11:12:00+09:00,000,raw/document/20240314000804.zip,81356fa68bad707334b70c182392899a938e01fe99528ea93fc351a73f40761c
KB라이프생명보험,보험자회사,2023,20240314000804,사업보고서 (2023.12),20240314,1. 임원 및 직원 등의 현황,17,67,사업부문 | 성별 | 직 원 수·기간의 정함이없는 근로자 | 직 원 수·기간제근로자 | 직 원 수·합 계 | 직 원 수 | 직 원 수 | 평 균근속연수 | 연간급여총 액 | 1인평균급여액 | 남 | 여 | 계,"전사 | 여 | 325 | 325 | 35 | 35 | 360 | 9.5 | 27,361 | 76 | -",,N,2026-09-16T11:12:00+09:00,000,raw/document/20240314000804.zip,81356fa68bad707334b70c182392899a938e01fe99528ea93fc351a73f40761c
KB라이프생명보험,보험자회사,2023,20240314000804,사업보고서 (2023.12),20240314,1. 임원 및 직원 등의 현황,17,68,사업부문 | 성별 | 직 원 수·기간의 정함이없는 근로자 | 직 원 수·기간제근로자 | 직 원 수·합 계 | 직 원 수 | 직 원 수 | 평 균근속연수 | 연간급여총 액 | 1인평균급여액 | 남 | 여 | 계,"합 계 | 660 | 660 | 67 | 67 | 727 | 9.3 | 65,262 | 90 | -",,N,2026-09-16T11:12:00+09:00,000,raw/document/20240314000804.zip,81356fa68bad707334b70c182392899a938e01fe99528ea93fc351a73f40761c
메리츠금융지주,지주,2023,20240314001248,[기재정정]사업보고서 (2023.12),20240314,1. 임원 및 직원 등의 현황,5,69,사업부문 | 성별 | 직 원 수·기간의 정함이없는 근로자 | 직 원 수·기간제근로자 | 직 원 수·합 계 | 직 원 수 | 직 원 수 | 평 균근속연수 | 연간급여총 액 | 1인평균급여액 | 남 | 여 | 계,전체 | (단시간근로자) | 전체 | (단시간근로자),,N,2026-09-16T11:14:30+09:00,000,raw/document/20240314001248.zip,15b26984f48f087f55b61c0e344e6b0fa16637b3cf2cd9a40284194398b180ec
메리츠금융지주,지주,2023,20240314001248,[기재정정]사업보고서 (2023.12),20240314,1. 임원 및 직원 등의 현황,5,70,사업부문 | 성별 | 직 원 수·기간의 정함이없는 근로자 | 직 원 수·기간제근로자 | 직 원 수·합 계 | 직 원 수 | 직 원 수 | 평 균근속연수 | 연간급여총 액 | 1인평균급여액 | 남 | 여 | 계,"경영관리 | 남 | 13 | - | 16 | - | 29 | 3.2 | 4,438 | 153 | - | - | - | -",,N,2026-09-16T11:14:30+09:00,000,raw/document/20240314001248.zip,15b26984f48f087f55b61c0e344e6b0fa16637b3cf2cd9a40284194398b180ec
메리츠금융지주,지주,2023,20240314001248,[기재정정]사업보고서 (2023.12),20240314,1. 임원 및 직원 등의 현황,5,71,사업부문 | 성별 | 직 원 수·기간의 정함이없는 근로자 | 직 원 수·기간제근로자 | 직 원 수·합 계 | 직 원 수 | 직 원 수 | 평 균근속연수 | 연간급여총 액 | 1인평균급여액 | 남 | 여 | 계,"경영관리 | 여 | 9 | - | 1 | - | 10 | 4.9 | 1,253 | 125 | -",,N,2026-09-16T11:14:30+09:00,000,raw/document/20240314001248.zip,15b26984f48f087f55b61c0e344e6b0fa16637b3cf2cd9a40284194398b180ec
메리츠금융지주,지주,2023,20240314001248,[기재정정]사업보고서 (2023.12),20240314,1. 임원 및 직원 등의 현황,5,72,사업부문 | 성별 | 직 원 수·기간의 정함이없는 근로자 | 직 원 수·기간제근로자 | 직 원 수·합 계 | 직 원 수 | 직 원 수 | 평 균근속연수 | 연간급여총 액 | 1인평균급여액 | 남 | 여 | 계,"합 계 | 22 | - | 17 | - | 39 | 3.6 | 5,691 | 146 | -",,N,2026-09-16T11:14:30+09:00,000,raw/document/20240314001248.zip,15b26984f48f087f55b61c0e344e6b0fa16637b3cf2cd9a40284194398b180ec
우리금융지주,지주,2023,20240314001383,사업보고서 (2023.12),20240314,1. 임원 및 직원 등의 현황,10,73,사업부문 | 성별 | 직 원 수·기간의 정함이없는 근로자 | 직 원 수·기간제근로자 | 직 원 수·합 계 | 직 원 수 | 직 원 수 | 평 균근속연수 | 연간급여총 액 | 1인평균급여액 | 남 | 여 | 계,전체 | (단시간근로자) | 전체 | (단시간근로자),,N,2026-09-16T11:15:32+09:00,000,raw/document/20240314001383.zip,b4a0f1f4f0a974d64dfd83f73185e34e1bc3080b3d736fcf9958465ae89138c8
우리금융지주,지주,2023,20240314001383,사업보고서 (2023.12),20240314,1. 임원 및 직원 등의 현황,10,74,사업부문 | 성별 | 직 원 수·기간의 정함이없는 근로자 | 직 원 수·기간제근로자 | 직 원 수·합 계 | 직 원 수 | 직 원 수 | 평 균근속연수 | 연간급여총 액 | 1인평균급여액 | 남 | 여 | 계,"- | 남 | 64 | - | 30 | - | 94 | 2년 11개월 (14년 3개월) | 19,702 | 176 | - | - | - | -",,N,2026-09-16T11:15:32+09:00,000,raw/document/20240314001383.zip,b4a0f1f4f0a974d64dfd83f73185e34e1bc3080b3d736fcf9958465ae89138c8
우리금융지주,지주,2023,20240314001383,사업보고서 (2023.12),20240314,1. 임원 및 직원 등의 현황,10,75,사업부문 | 성별 | 직 원 수·기간의 정함이없는 근로자 | 직 원 수·기간제근로자 | 직 원 수·합 계 | 직 원 수 | 직 원 수 | 평 균근속연수 | 연간급여총 액 | 1인평균급여액 | 남 | 여 | 계,"- | 여 | 14 | - | 7 | - | 21 | 3년 00개월 (10년 2개월) | 2,700 | 121 | -",,N,2026-09-16T11:15:32+09:00,000,raw/document/20240314001383.zip,b4a0f1f4f0a974d64dfd83f73185e34e1bc3080b3d736fcf9958465ae89138c8
우리금융지주,지주,2023,20240314001383,사업보고서 (2023.12),20240314,1. 임원 및 직원 등의 현황,10,76,사업부문 | 성별 | 직 원 수·기간의 정함이없는 근로자 | 직 원 수·기간제근로자 | 직 원 수·합 계 | 직 원 수 | 직 원 수 | 평 균근속연수 | 연간급여총 액 | 1인평균급여액 | 남 | 여 | 계,"합 계 | 78 | - | 37 | - | 115 | 2년 11개월 (13년 6개월) | 22,402 | 167 | -",,N,2026-09-16T11:15:32+09:00,000,raw/document/20240314001383.zip,b4a0f1f4f0a974d64dfd83f73185e34e1bc3080b3d736fcf9958465ae89138c8
BNK금융지주,지주,2023,20240314001564,사업보고서 (2023.12),20240314,1. 임원 및 직원 등의 현황,9,77,사업부문 | 성별 | 직 원 수·기간의 정함이없는 근로자 | 직 원 수·기간제근로자 | 직 원 수·합 계 | 직 원 수 | 직 원 수 | 평 균근속연수 | 연간급여총 액 | 1인평균급여액 | 남 | 여 | 계,전체 | (단시간근로자) | 전체 | (단시간근로자),,N,2026-09-22T11:57:29+09:00,000,raw/document/20240314001564.zip,3b2f323a642d97ab4dac5467ef5e7d1555940c9c94b263b19c4b9fe5298b28b3
BNK금융지주,지주,2023,20240314001564,사업보고서 (2023.12),20240314,1. 임원 및 직원 등의 현황,9,78,사업부문 | 성별 | 직 원 수·기간의 정함이없는 근로자 | 직 원 수·기간제근로자 | 직 원 수·합 계 | 직 원 수 | 직 원 수 | 평 균근속연수 | 연간급여총 액 | 1인평균급여액 | 남 | 여 | 계,"금융업 | 남 | 98 | - | 8 | - | 106 | 26개월 | 18,400 | 172 | - | - | - | -",,N,2026-09-22T11:57:29+09:00,000,raw/document/20240314001564.zip,3b2f323a642d97ab4dac5467ef5e7d1555940c9c94b263b19c4b9fe5298b28b3
BNK금융지주,지주,2023,20240314001564,사업보고서 (2023.12),20240314,1. 임원 및 직원 등의 현황,9,79,사업부문 | 성별 | 직 원 수·기간의 정함이없는 근로자 | 직 원 수·기간제근로자 | 직 원 수·합 계 | 직 원 수 | 직 원 수 | 평 균근속연수 | 연간급여총 액 | 1인평균급여액 | 남 | 여 | 계,"금융업 | 여 | 5 | - | 10 | - | 15 | 22개월 | 1,216 | 99 | -",,N,2026-09-22T11:57:29+09:00,000,raw/document/20240314001564.zip,3b2f323a642d97ab4dac5467ef5e7d1555940c9c94b263b19c4b9fe5298b28b3
BNK금융지주,지주,2023,20240314001564,사업보고서 (2023.12),20240314,1. 임원 및 직원 등의 현황,9,80,사업부문 | 성별 | 직 원 수·기간의 정함이없는 근로자 | 직 원 수·기간제근로자 | 직 원 수·합 계 | 직 원 수 | 직 원 수 | 평 균근속연수 | 연간급여총 액 | 1인평균급여액 | 남 | 여 | 계,"합 계 | 103 | - | 18 | - | 121 | 25개월 | 19,616 | 164 | -",,N,2026-09-22T11:57:29+09:00,000,raw/document/20240314001564.zip,3b2f323a642d97ab4dac5467ef5e7d1555940c9c94b263b19c4b9fe5298b28b3
KB금융,지주,2023,20240314001585,사업보고서 (2023.12),20240314,1. 임원 및 직원 등의 현황,15,81,사업부문 | 성별 | 직 원 수·기간의 정함이없는 근로자 | 직 원 수·기간제근로자 | 직 원 수·합 계 | 직 원 수 | 직 원 수 | 평 균근속연수 | 연간급여총 액 | 1인평균급여액 | 남 | 여 | 계,전체 | (단시간근로자) | 전체 | (단시간근로자),,N,2026-09-16T11:18:57+09:00,000,raw/document/20240314001585.zip,acf98f89b3051ab20dc165685969c35b65dfff86d14432eb8f5d64b1f4d68b86
KB금융,지주,2023,20240314001585,사업보고서 (2023.12),20240314,1. 임원 및 직원 등의 현황,15,82,사업부문 | 성별 | 직 원 수·기간의 정함이없는 근로자 | 직 원 수·기간제근로자 | 직 원 수·합 계 | 직 원 수 | 직 원 수 | 평 균근속연수 | 연간급여총 액 | 1인평균급여액 | 남 | 여 | 계,"- | 남 | 116 | - | - | - | 116 | 4년8개월 (16년 10개월) | 23,990 | 204 | - | - | - | -",,N,2026-09-16T11:18:57+09:00,000,raw/document/20240314001585.zip,acf98f89b3051ab20dc165685969c35b65dfff86d14432eb8f5d64b1f4d68b86
KB금융,지주,2023,20240314001585,사업보고서 (2023.12),20240314,1. 임원 및 직원 등의 현황,15,83,사업부문 | 성별 | 직 원 수·기간의 정함이없는 근로자 | 직 원 수·기간제근로자 | 직 원 수·합 계 | 직 원 수 | 직 원 수 | 평 균근속연수 | 연간급여총 액 | 1인평균급여액 | 남 | 여 | 계,"- | 여 | 36 | - | - | - | 36 | 4년 1개월 (14년 2개월) | 5,425 | 148 | -",,N,2026-09-16T11:18:57+09:00,000,raw/document/20240314001585.zip,acf98f89b3051ab20dc165685969c35b65dfff86d14432eb8f5d64b1f4d68b86
KB금융,지주,2023,20240314001585,사업보고서 (2023.12),20240314,1. 임원 및 직원 등의 현황,15,84,사업부문 | 성별 | 직 원 수·기간의 정함이없는 근로자 | 직 원 수·기간제근로자 | 직 원 수·합 계 | 직 원 수 | 직 원 수 | 평 균근속연수 | 연간급여총 액 | 1인평균급여액 | 남 | 여 | 계,"합 계 | 152 | - | - | - | 152 | 4년 6개월(16년 2개월) | 29,415 | 191 | -",,N,2026-09-16T11:18:57+09:00,000,raw/document/20240314001585.zip,acf98f89b3051ab20dc165685969c35b65dfff86d14432eb8f5d64b1f4d68b86
하나금융지주,지주,2023,20240314001628,사업보고서 (2023.12),20240314,1. 임원 및 직원 등의 현황,9,85,사업부문 | 성별 | 직 원 수·기간의 정함이없는 근로자 | 직 원 수·기간제근로자 | 직 원 수·합 계 | 직 원 수 | 직 원 수 | 평 균근속연수 | 연간급여총 액 | 1인평균급여액 | 남 | 여 | 계,전체 | (단시간근로자) | 전체 | (단시간근로자),,N,2026-09-22T11:58:42+09:00,000,raw/document/20240314001628.zip,fb3527b17ce83972790320747457532d31afc6c4b7997a40c8bdd6da142e7105
하나금융지주,지주,2023,20240314001628,사업보고서 (2023.12),20240314,1. 임원 및 직원 등의 현황,9,86,사업부문 | 성별 | 직 원 수·기간의 정함이없는 근로자 | 직 원 수·기간제근로자 | 직 원 수·합 계 | 직 원 수 | 직 원 수 | 평 균근속연수 | 연간급여총 액 | 1인평균급여액 | 남 | 여 | 계,"- | 남 | 87 | - | 15 | - | 102 | 3.1 | 16,319 | 165 | 3 | - | 3 | -",,N,2026-09-22T11:58:42+09:00,000,raw/document/20240314001628.zip,fb3527b17ce83972790320747457532d31afc6c4b7997a40c8bdd6da142e7105
하나금융지주,지주,2023,20240314001628,사업보고서 (2023.12),20240314,1. 임원 및 직원 등의 현황,9,87,사업부문 | 성별 | 직 원 수·기간의 정함이없는 근로자 | 직 원 수·기간제근로자 | 직 원 수·합 계 | 직 원 수 | 직 원 수 | 평 균근속연수 | 연간급여총 액 | 1인평균급여액 | 남 | 여 | 계,"- | 여 | 18 | - | 9 | 1 | 27 | 3.4 | 3,122 | 112 | -",,N,2026-09-22T11:58:42+09:00,000,raw/document/20240314001628.zip,fb3527b17ce83972790320747457532d31afc6c4b7997a40c8bdd6da142e7105
하나금융지주,지주,2023,20240314001628,사업보고서 (2023.12),20240314,1. 임원 및 직원 등의 현황,9,88,사업부문 | 성별 | 직 원 수·기간의 정함이없는 근로자 | 직 원 수·기간제근로자 | 직 원 수·합 계 | 직 원 수 | 직 원 수 | 평 균근속연수 | 연간급여총 액 | 1인평균급여액 | 남 | 여 | 계,"합 계 | 105 | - | 24 | 1 | 129 | 3.2 | 19,441 | 153 | -",,N,2026-09-22T11:58:42+09:00,000,raw/document/20240314001628.zip,fb3527b17ce83972790320747457532d31afc6c4b7997a40c8bdd6da142e7105
신한지주,지주,2023,20240318000635,사업보고서 (2023.12),20240318,1. 임원 및 직원 등의 현황,12,89,사업부문 | 성별 | 직 원 수·기간의 정함이없는 근로자 | 직 원 수·기간제근로자 | 직 원 수·합 계 | 직 원 수 | 직 원 수 | 평 균근속연수 | 연간급여총 액 | 1인평균급여액 | 남 | 여 | 계,전체 | (단시간근로자) | 전체 | (단시간근로자),,N,2026-09-16T11:21:01+09:00,000,raw/document/20240318000635.zip,6d3749748f846491d31bc2372232ed3e18eaeb3f7ed19345521056d8183d1b08
신한지주,지주,2023,20240318000635,사업보고서 (2023.12),20240318,1. 임원 및 직원 등의 현황,12,90,사업부문 | 성별 | 직 원 수·기간의 정함이없는 근로자 | 직 원 수·기간제근로자 | 직 원 수·합 계 | 직 원 수 | 직 원 수 | 평 균근속연수 | 연간급여총 액 | 1인평균급여액 | 남 | 여 | 계,"- | 남 | 132 | - | 11 | - | 143 | 3년 6개월 (16년 3개월) | 26,653 | 187 | - | - | - | -",,N,2026-09-16T11:21:01+09:00,000,raw/document/20240318000635.zip,6d3749748f846491d31bc2372232ed3e18eaeb3f7ed19345521056d8183d1b08
신한지주,지주,2023,20240318000635,사업보고서 (2023.12),20240318,1. 임원 및 직원 등의 현황,12,91,사업부문 | 성별 | 직 원 수·기간의 정함이없는 근로자 | 직 원 수·기간제근로자 | 직 원 수·합 계 | 직 원 수 | 직 원 수 | 평 균근속연수 | 연간급여총 액 | 1인평균급여액 | 남 | 여 | 계,"- | 여 | 41 | - | 6 | 1 | 48 | 3년 9개월 (11년 4개월) | 6,291 | 130 | -",,N,2026-09-16T11:21:01+09:00,000,raw/document/20240318000635.zip,6d3749748f846491d31bc2372232ed3e18eaeb3f7ed19345521056d8183d1b08
신한지주,지주,2023,20240318000635,사업보고서 (2023.12),20240318,1. 임원 및 직원 등의 현황,12,92,사업부문 | 성별 | 직 원 수·기간의 정함이없는 근로자 | 직 원 수·기간제근로자 | 직 원 수·합 계 | 직 원 수 | 직 원 수 | 평 균근속연수 | 연간급여총 액 | 1인평균급여액 | 남 | 여 | 계,"합 계 | 173 | - | 17 | 1 | 191 | 3년 7개월 (15년) | 32,944 | 173 | -",,N,2026-09-16T11:21:01+09:00,000,raw/document/20240318000635.zip,6d3749748f846491d31bc2372232ed3e18eaeb3f7ed19345521056d8183d1b08
신한은행(구),은행,2023,20240318000766,사업보고서 (2023.12),20240318,1. 임원 및 직원 등의 현황,6,93,사업부문 | 성별 | 직 원 수·기간의 정함이없는 근로자 | 직 원 수·기간제근로자 | 직 원 수·합 계 | 직 원 수 | 직 원 수 | 평 균근속연수 | 연간급여총 액 | 1인평균급여액 | 남 | 여 | 계,전체 | (단시간근로자) | 전체 | (단시간근로자),,N,2026-09-16T11:22:35+09:00,000,raw/document/20240318000766.zip,a3d2de0cedabf7fc04d1ea88355aecd696b5ebec3f4e0b75dbbd606422153881
신한은행(구),은행,2023,20240318000766,사업보고서 (2023.12),20240318,1. 임원 및 직원 등의 현황,6,94,사업부문 | 성별 | 직 원 수·기간의 정함이없는 근로자 | 직 원 수·기간제근로자 | 직 원 수·합 계 | 직 원 수 | 직 원 수 | 평 균근속연수 | 연간급여총 액 | 1인평균급여액 | 남 | 여 | 계,"금융서비스 | 남 | 6,401 | - | 758 | 101 | 7,159 | 16년 11개월 | 941,103 | 131 | 1,815 | 2,499 | 4,314 | -",,N,2026-09-16T11:22:35+09:00,000,raw/document/20240318000766.zip,a3d2de0cedabf7fc04d1ea88355aecd696b5ebec3f4e0b75dbbd606422153881
신한은행(구),은행,2023,20240318000766,사업보고서 (2023.12),20240318,1. 임원 및 직원 등의 현황,6,95,사업부문 | 성별 | 직 원 수·기간의 정함이없는 근로자 | 직 원 수·기간제근로자 | 직 원 수·합 계 | 직 원 수 | 직 원 수 | 평 균근속연수 | 연간급여총 액 | 1인평균급여액 | 남 | 여 | 계,"금융서비스 | 여 | 5,898 | 147 | 206 | 62 | 6,104 | 14년 1개월 | 564,506 | 91 | -",,N,2026-09-16T11:22:35+09:00,000,raw/document/20240318000766.zip,a3d2de0cedabf7fc04d1ea88355aecd696b5ebec3f4e0b75dbbd606422153881
신한은행(구),은행,2023,20240318000766,사업보고서 (2023.12),20240318,1. 임원 및 직원 등의 현황,6,96,사업부문 | 성별 | 직 원 수·기간의 정함이없는 근로자 | 직 원 수·기간제근로자 | 직 원 수·합 계 | 직 원 수 | 직 원 수 | 평 균근속연수 | 연간급여총 액 | 1인평균급여액 | 남 | 여 | 계,"합 계 | 12,299 | 147 | 964 | 163 | 13,263 | 15년 6개월 | 1,505,609 | 113 | -",,N,2026-09-16T11:22:35+09:00,000,raw/document/20240318000766.zip,a3d2de0cedabf7fc04d1ea88355aecd696b5ebec3f4e0b75dbbd606422153881
신한라이프생명보험,보험자회사,2023,20240319000450,사업보고서 (2023.12),20240319,1. 임원 및 직원 등의 현황,13,97,사업부문 | 성별 | 직 원 수·기간의 정함이없는 근로자 | 직 원 수·기간제근로자 | 직 원 수·합 계 | 직 원 수 | 직 원 수 | 평 균근속연수 | 연간급여총 액 | 1인평균급여액 | 남 | 여 | 계,전체 | (단시간근로자) | 전체 | (단시간근로자),,N,2026-09-16T11:23:23+09:00,000,raw/document/20240319000450.zip,5543ff144e6145d1c2e654a0c28ddfd8e08f2ebcec5f5ac39f350353d8f1d82b
신한라이프생명보험,보험자회사,2023,20240319000450,사업보고서 (2023.12),20240319,1. 임원 및 직원 등의 현황,13,98,사업부문 | 성별 | 직 원 수·기간의 정함이없는 근로자 | 직 원 수·기간제근로자 | 직 원 수·합 계 | 직 원 수 | 직 원 수 | 평 균근속연수 | 연간급여총 액 | 1인평균급여액 | 남 | 여 | 계,"보험업 | 남 | 635 | - | 33 | 3 | 668 | 12.8 | 86,076 | 135 | 139 | 434 | 573 | -",,N,2026-09-16T11:23:23+09:00,000,raw/document/20240319000450.zip,5543ff144e6145d1c2e654a0c28ddfd8e08f2ebcec5f5ac39f350353d8f1d82b
신한라이프생명보험,보험자회사,2023,20240319000450,사업보고서 (2023.12),20240319,1. 임원 및 직원 등의 현황,13,99,사업부문 | 성별 | 직 원 수·기간의 정함이없는 근로자 | 직 원 수·기간제근로자 | 직 원 수·합 계 | 직 원 수 | 직 원 수 | 평 균근속연수 | 연간급여총 액 | 1인평균급여액 | 남 | 여 | 계,"보험업 | 여 | 863 | - | 95 | 3 | 958 | 14.5 | 87,915 | 98 | -",,N,2026-09-16T11:23:23+09:00,000,raw/document/20240319000450.zip,5543ff144e6145d1c2e654a0c28ddfd8e08f2ebcec5f5ac39f350353d8f1d82b
신한라이프생명보험,보험자회사,2023,20240319000450,사업보고서 (2023.12),20240319,1. 임원 및 직원 등의 현황,13,100,사업부문 | 성별 | 직 원 수·기간의 정함이없는 근로자 | 직 원 수·기간제근로자 | 직 원 수·합 계 | 직 원 수 | 직 원 수 | 평 균근속연수 | 연간급여총 액 | 1인평균급여액 | 남 | 여 | 계,"합 계 | 1,498 | - | 128 | 6 | 1,626 | 13.8 | 173,991 | 113 | -",,N,2026-09-16T11:23:23+09:00,000,raw/document/20240319000450.zip,5543ff144e6145d1c2e654a0c28ddfd8e08f2ebcec5f5ac39f350353d8f1d82b
iM금융지주,지주,2023,20240320001342,사업보고서 (2023.12),20240320,1. 임원 및 직원 등의 현황,14,101,사업부문 | 성별 | 직 원 수·기간의 정함이없는 근로자 | 직 원 수·기간제근로자 | 직 원 수·합 계 | 직 원 수 | 직 원 수 | 평 균근속연수 | 연간급여총 액 | 1인평균급여액 | 남 | 여 | 계,전체 | (단시간근로자) | 전체 | (단시간근로자),"겸직임원 1명, 겸직직원 18명 포함 / 겸직직원 10명 포함",Y,2026-09-16T11:24:10+09:00,000,raw/document/20240320001342.zip,afe1bba38fabc381fc1e13176e844179a88920129e86b3f92a42139c26584e1a
iM금융지주,지주,2023,20240320001342,사업보고서 (2023.12),20240320,1. 임원 및 직원 등의 현황,14,102,사업부문 | 성별 | 직 원 수·기간의 정함이없는 근로자 | 직 원 수·기간제근로자 | 직 원 수·합 계 | 직 원 수 | 직 원 수 | 평 균근속연수 | 연간급여총 액 | 1인평균급여액 | 남 | 여 | 계,"금융업 | 남 | 86 | - | 18 | - | 104 | 2.72 | 14,003 | 137 | - | - | - | 겸직임원 1명, 겸직직원 18명 포함","겸직임원 1명, 겸직직원 18명 포함 / 겸직직원 10명 포함",Y,2026-09-16T11:24:10+09:00,000,raw/document/20240320001342.zip,afe1bba38fabc381fc1e13176e844179a88920129e86b3f92a42139c26584e1a
iM금융지주,지주,2023,20240320001342,사업보고서 (2023.12),20240320,1. 임원 및 직원 등의 현황,14,103,사업부문 | 성별 | 직 원 수·기간의 정함이없는 근로자 | 직 원 수·기간제근로자 | 직 원 수·합 계 | 직 원 수 | 직 원 수 | 평 균근속연수 | 연간급여총 액 | 1인평균급여액 | 남 | 여 | 계,"금융업 | 여 | 15 | - | 11 | - | 26 | 3.24 | 2,247 | 85 | 겸직직원 10명 포함","겸직임원 1명, 겸직직원 18명 포함 / 겸직직원 10명 포함",Y,2026-09-16T11:24:10+09:00,000,raw/document/20240320001342.zip,afe1bba38fabc381fc1e13176e844179a88920129e86b3f92a42139c26584e1a
iM금융지주,지주,2023,20240320001342,사업보고서 (2023.12),20240320,1. 임원 및 직원 등의 현황,14,104,사업부문 | 성별 | 직 원 수·기간의 정함이없는 근로자 | 직 원 수·기간제근로자 | 직 원 수·합 계 | 직 원 수 | 직 원 수 | 평 균근속연수 | 연간급여총 액 | 1인평균급여액 | 남 | 여 | 계,"합 계 | 101 | - | 29 | - | 130 | 2.82 | 16,250 | 126 | -","겸직임원 1명, 겸직직원 18명 포함 / 겸직직원 10명 포함",Y,2026-09-16T11:24:10+09:00,000,raw/document/20240320001342.zip,afe1bba38fabc381fc1e13176e844179a88920129e86b3f92a42139c26584e1a
JB금융지주,지주,2023,20240320001709,사업보고서 (2023.12),20240320,1. 임원 및 직원 등의 현황,12,105,사업부문 | 성별 | 직 원 수·기간의 정함이없는 근로자 | 직 원 수·기간제근로자 | 직 원 수·합 계 | 직 원 수 | 직 원 수 | 평 균근속연수 | 연간급여총 액 | 1인평균급여액 | 남 | 여 | 계,전체 | (단시간근로자) | 전체 | (단시간근로자),,N,2026-09-22T11:59:37+09:00,000,raw/document/20240320001709.zip,a4fe0252b4d61d678371d49fcc0856050a15e984337ad1def0466982b5708f78
JB금융지주,지주,2023,20240320001709,사업보고서 (2023.12),20240320,1. 임원 및 직원 등의 현황,12,106,사업부문 | 성별 | 직 원 수·기간의 정함이없는 근로자 | 직 원 수·기간제근로자 | 직 원 수·합 계 | 직 원 수 | 직 원 수 | 평 균근속연수 | 연간급여총 액 | 1인평균급여액 | 남 | 여 | 계,"금융업 | 남 | 59 | - | 18 | - | 77 | 2 년 11 개월 | 12,374 | 165 | - | - | - | -",,N,2026-09-22T11:59:37+09:00,000,raw/document/20240320001709.zip,a4fe0252b4d61d678371d49fcc0856050a15e984337ad1def0466982b5708f78
JB금융지주,지주,2023,20240320001709,사업보고서 (2023.12),20240320,1. 임원 및 직원 등의 현황,12,107,사업부문 | 성별 | 직 원 수·기간의 정함이없는 근로자 | 직 원 수·기간제근로자 | 직 원 수·합 계 | 직 원 수 | 직 원 수 | 평 균근속연수 | 연간급여총 액 | 1인평균급여액 | 남 | 여 | 계,"금융업 | 여 | 11 | - | 11 | - | 22 | 2 년 11 개월 | 2,368 | 111 | -",,N,2026-09-22T11:59:37+09:00,000,raw/document/20240320001709.zip,a4fe0252b4d61d678371d49fcc0856050a15e984337ad1def0466982b5708f78
JB금융지주,지주,2023,20240320001709,사업보고서 (2023.12),20240320,1. 임원 및 직원 등의 현황,12,108,사업부문 | 성별 | 직 원 수·기간의 정함이없는 근로자 | 직 원 수·기간제근로자 | 직 원 수·합 계 | 직 원 수 | 직 원 수 | 평 균근속연수 | 연간급여총 액 | 1인평균급여액 | 남 | 여 | 계,"합 계 | 70 | - | 29 | - | 99 | 2 년 11 개월 | 14,742 | 153 | -",,N,2026-09-22T11:59:37+09:00,000,raw/document/20240320001709.zip,a4fe0252b4d61d678371d49fcc0856050a15e984337ad1def0466982b5708f78
동양생명보험,보험자회사,2023,20240320001755,사업보고서 (2023.12),20240320,1. 임원 및 직원 등의 현황,10,109,사업부문 | 성별 | 직 원 수·기간의 정함이없는 근로자 | 직 원 수·기간제근로자 | 직 원 수·합 계 | 직 원 수 | 직 원 수 | 평 균근속연수 | 연간급여총 액 | 1인평균급여액 | 남 | 여 | 계,전체 | (단시간근로자) | 전체 | (단시간근로자),,N,2026-09-16T11:24:50+09:00,000,raw/document/20240320001755.zip,ad1b3f182d9d2ae3d648abce4fd6de1bbeaa14748f64acfadcb05f9a65bf2861
동양생명보험,보험자회사,2023,20240320001755,사업보고서 (2023.12),20240320,1. 임원 및 직원 등의 현황,10,110,사업부문 | 성별 | 직 원 수·기간의 정함이없는 근로자 | 직 원 수·기간제근로자 | 직 원 수·합 계 | 직 원 수 | 직 원 수 | 평 균근속연수 | 연간급여총 액 | 1인평균급여액 | 남 | 여 | 계,"관리부문 | 남 | 239 | 1 | 44 | 3 | 284 | 11.8 | 35,152 | 124 | 149 | 249 | 398 | -",,N,2026-09-16T11:24:50+09:00,000,raw/document/20240320001755.zip,ad1b3f182d9d2ae3d648abce4fd6de1bbeaa14748f64acfadcb05f9a65bf2861
동양생명보험,보험자회사,2023,20240320001755,사업보고서 (2023.12),20240320,1. 임원 및 직원 등의 현황,10,111,사업부문 | 성별 | 직 원 수·기간의 정함이없는 근로자 | 직 원 수·기간제근로자 | 직 원 수·합 계 | 직 원 수 | 직 원 수 | 평 균근속연수 | 연간급여총 액 | 1인평균급여액 | 남 | 여 | 계,"관리부문 | 여 | 256 | 0 | 15 | 1 | 272 | 13.2 | 22,662 | 83 | -",,N,2026-09-16T11:24:50+09:00,000,raw/document/20240320001755.zip,ad1b3f182d9d2ae3d648abce4fd6de1bbeaa14748f64acfadcb05f9a65bf2861
동양생명보험,보험자회사,2023,20240320001755,사업보고서 (2023.12),20240320,1. 임원 및 직원 등의 현황,10,112,사업부문 | 성별 | 직 원 수·기간의 정함이없는 근로자 | 직 원 수·기간제근로자 | 직 원 수·합 계 | 직 원 수 | 직 원 수 | 평 균근속연수 | 연간급여총 액 | 1인평균급여액 | 남 | 여 | 계,"영업부문 | 남 | 87 | 0 | 0 | 0 | 87 | 16.2 | 14,580 | 168 | -",,N,2026-09-16T11:24:50+09:00,000,raw/document/20240320001755.zip,ad1b3f182d9d2ae3d648abce4fd6de1bbeaa14748f64acfadcb05f9a65bf2861
동양생명보험,보험자회사,2023,20240320001755,사업보고서 (2023.12),20240320,1. 임원 및 직원 등의 현황,10,113,사업부문 | 성별 | 직 원 수·기간의 정함이없는 근로자 | 직 원 수·기간제근로자 | 직 원 수·합 계 | 직 원 수 | 직 원 수 | 평 균근속연수 | 연간급여총 액 | 1인평균급여액 | 남 | 여 | 계,"영업부문 | 여 | 194 | 0 | 0 | 0 | 194 | 20.7 | 19,816 | 102 | -",,N,2026-09-16T11:24:50+09:00,000,raw/document/20240320001755.zip,ad1b3f182d9d2ae3d648abce4fd6de1bbeaa14748f64acfadcb05f9a65bf2861
동양생명보험,보험자회사,2023,20240320001755,사업보고서 (2023.12),20240320,1. 임원 및 직원 등의 현황,10,114,사업부문 | 성별 | 직 원 수·기간의 정함이없는 근로자 | 직 원 수·기간제근로자 | 직 원 수·합 계 | 직 원 수 | 직 원 수 | 평 균근속연수 | 연간급여총 액 | 1인평균급여액 | 남 | 여 | 계,"자산운용부문 | 남 | 43 | 0 | 5 | 0 | 48 | 10.2 | 6,748 | 141 | -",,N,2026-09-16T11:24:50+09:00,000,raw/document/20240320001755.zip,ad1b3f182d9d2ae3d648abce4fd6de1bbeaa14748f64acfadcb05f9a65bf2861
동양생명보험,보험자회사,2023,20240320001755,사업보고서 (2023.12),20240320,1. 임원 및 직원 등의 현황,10,115,사업부문 | 성별 | 직 원 수·기간의 정함이없는 근로자 | 직 원 수·기간제근로자 | 직 원 수·합 계 | 직 원 수 | 직 원 수 | 평 균근속연수 | 연간급여총 액 | 1인평균급여액 | 남 | 여 | 계,"자산운용부문 | 여 | 28 | 0 | 1 | 1 | 29 | 9.2 | 2,230 | 77 | -",,N,2026-09-16T11:24:50+09:00,000,raw/document/20240320001755.zip,ad1b3f182d9d2ae3d648abce4fd6de1bbeaa14748f64acfadcb05f9a65bf2861
동양생명보험,보험자회사,2023,20240320001755,사업보고서 (2023.12),20240320,1. 임원 및 직원 등의 현황,10,116,사업부문 | 성별 | 직 원 수·기간의 정함이없는 근로자 | 직 원 수·기간제근로자 | 직 원 수·합 계 | 직 원 수 | 직 원 수 | 평 균근속연수 | 연간급여총 액 | 1인평균급여액 | 남 | 여 | 계,"합 계 | 847 | 1 | 65 | 5 | 912 | 14.4 | 101,190 | 111 | -",,N,2026-09-16T11:24:50+09:00,000,raw/document/20240320001755.zip,ad1b3f182d9d2ae3d648abce4fd6de1bbeaa14748f64acfadcb05f9a65bf2861
한국금융지주,지주,2023,20240321001204,사업보고서 (2023.12),20240321,1. 임원 및 직원 등의 현황,11,117,사업부문 | 성별 | 직 원 수·기간의 정함이없는 근로자 | 직 원 수·기간제근로자 | 직 원 수·합 계 | 직 원 수 | 직 원 수 | 평 균근속연수 | 연간급여총 액 | 1인평균급여액 | 남 | 여 | 계,전체 | (단시간근로자) | 전체 | (단시간근로자),,N,2026-09-16T11:27:25+09:00,000,raw/document/20240321001204.zip,89ccc3f8231fde47d8d106da3d6a13946fe57542082f1aa8700df9b25b6f29b0
한국금융지주,지주,2023,20240321001204,사업보고서 (2023.12),20240321,1. 임원 및 직원 등의 현황,11,118,사업부문 | 성별 | 직 원 수·기간의 정함이없는 근로자 | 직 원 수·기간제근로자 | 직 원 수·합 계 | 직 원 수 | 직 원 수 | 평 균근속연수 | 연간급여총 액 | 1인평균급여액 | 남 | 여 | 계,"금융지주 | 남 | 48 | - | 9 | - | 57 | 3.60 | 10,054 | 178 | - | - | - | -",,N,2026-09-16T11:27:25+09:00,000,raw/document/20240321001204.zip,89ccc3f8231fde47d8d106da3d6a13946fe57542082f1aa8700df9b25b6f29b0
한국금융지주,지주,2023,20240321001204,사업보고서 (2023.12),20240321,1. 임원 및 직원 등의 현황,11,119,사업부문 | 성별 | 직 원 수·기간의 정함이없는 근로자 | 직 원 수·기간제근로자 | 직 원 수·합 계 | 직 원 수 | 직 원 수 | 평 균근속연수 | 연간급여총 액 | 1인평균급여액 | 남 | 여 | 계,"금융지주 | 여 | 14 | - | - | - | 14 | 4.23 | 1,635 | 125 | -",,N,2026-09-16T11:27:25+09:00,000,raw/document/20240321001204.zip,89ccc3f8231fde47d8d106da3d6a13946fe57542082f1aa8700df9b25b6f29b0
한국금융지주,지주,2023,20240321001204,사업보고서 (2023.12),20240321,1. 임원 및 직원 등의 현황,11,120,사업부문 | 성별 | 직 원 수·기간의 정함이없는 근로자 | 직 원 수·기간제근로자 | 직 원 수·합 계 | 직 원 수 | 직 원 수 | 평 균근속연수 | 연간급여총 액 | 1인평균급여액 | 남 | 여 | 계,"합 계 | 62 | - | 9 | - | 71 | 3.72 | 11,689 | 168 | -",,N,2026-09-16T11:27:25+09:00,000,raw/document/20240321001204.zip,89ccc3f8231fde47d8d106da3d6a13946fe57542082f1aa8700df9b25b6f29b0
신한은행(구),은행,2023,20240325000335,[기재정정]사업보고서 (2023.12),20240325,1. 임원 및 직원 등의 현황,6,121,사업부문 | 성별 | 직 원 수·기간의 정함이없는 근로자 | 직 원 수·기간제근로자 | 직 원 수·합 계 | 직 원 수 | 직 원 수 | 평 균근속연수 | 연간급여총 액 | 1인평균급여액 | 남 | 여 | 계,전체 | (단시간근로자) | 전체 | (단시간근로자),,N,2026-09-16T11:28:49+09:00,000,raw/document/20240325000335.zip,473cd9d93b67923fc8e073ed166efc5063dff070a385ba4d7c756132d4704c4b
신한은행(구),은행,2023,20240325000335,[기재정정]사업보고서 (2023.12),20240325,1. 임원 및 직원 등의 현황,6,122,사업부문 | 성별 | 직 원 수·기간의 정함이없는 근로자 | 직 원 수·기간제근로자 | 직 원 수·합 계 | 직 원 수 | 직 원 수 | 평 균근속연수 | 연간급여총 액 | 1인평균급여액 | 남 | 여 | 계,"금융서비스 | 남 | 6,401 | - | 758 | 101 | 7,159 | 16년 11개월 | 941,103 | 131 | 1,815 | 2,499 | 4,314 | -",,N,2026-09-16T11:28:49+09:00,000,raw/document/20240325000335.zip,473cd9d93b67923fc8e073ed166efc5063dff070a385ba4d7c756132d4704c4b
신한은행(구),은행,2023,20240325000335,[기재정정]사업보고서 (2023.12),20240325,1. 임원 및 직원 등의 현황,6,123,사업부문 | 성별 | 직 원 수·기간의 정함이없는 근로자 | 직 원 수·기간제근로자 | 직 원 수·합 계 | 직 원 수 | 직 원 수 | 평 균근속연수 | 연간급여총 액 | 1인평균급여액 | 남 | 여 | 계,"금융서비스 | 여 | 5,898 | 147 | 206 | 62 | 6,104 | 14년 1개월 | 564,506 | 91 | -",,N,2026-09-16T11:28:49+09:00,000,raw/document/20240325000335.zip,473cd9d93b67923fc8e073ed166efc5063dff070a385ba4d7c756132d4704c4b
신한은행(구),은행,2023,20240325000335,[기재정정]사업보고서 (2023.12),20240325,1. 임원 및 직원 등의 현황,6,124,사업부문 | 성별 | 직 원 수·기간의 정함이없는 근로자 | 직 원 수·기간제근로자 | 직 원 수·합 계 | 직 원 수 | 직 원 수 | 평 균근속연수 | 연간급여총 액 | 1인평균급여액 | 남 | 여 | 계,"합 계 | 12,299 | 147 | 964 | 163 | 13,263 | 15년 6개월 | 1,505,609 | 113 | -",,N,2026-09-16T11:28:49+09:00,000,raw/document/20240325000335.zip,473cd9d93b67923fc8e073ed166efc5063dff070a385ba4d7c756132d4704c4b
KB금융,지주,2023,20240326000894,[기재정정]사업보고서 (2023.12),20240326,1. 임원 및 직원 등의 현황,15,125,사업부문 | 성별 | 직 원 수·기간의 정함이없는 근로자 | 직 원 수·기간제근로자 | 직 원 수·합 계 | 직 원 수 | 직 원 수 | 평 균근속연수 | 연간급여총 액 | 1인평균급여액 | 남 | 여 | 계,전체 | (단시간근로자) | 전체 | (단시간근로자),,N,2026-09-16T11:31:24+09:00,000,raw/document/20240326000894.zip,ebb0fd8ac6fa520507561561019f546d42dad981cf7cb1dac84ade7eb19bba49
KB금융,지주,2023,20240326000894,[기재정정]사업보고서 (2023.12),20240326,1. 임원 및 직원 등의 현황,15,126,사업부문 | 성별 | 직 원 수·기간의 정함이없는 근로자 | 직 원 수·기간제근로자 | 직 원 수·합 계 | 직 원 수 | 직 원 수 | 평 균근속연수 | 연간급여총 액 | 1인평균급여액 | 남 | 여 | 계,"- | 남 | 116 | - | - | - | 116 | 4년8개월 (16년 10개월) | 23,990 | 204 | - | - | - | -",,N,2026-09-16T11:31:24+09:00,000,raw/document/20240326000894.zip,ebb0fd8ac6fa520507561561019f546d42dad981cf7cb1dac84ade7eb19bba49
KB금융,지주,2023,20240326000894,[기재정정]사업보고서 (2023.12),20240326,1. 임원 및 직원 등의 현황,15,127,사업부문 | 성별 | 직 원 수·기간의 정함이없는 근로자 | 직 원 수·기간제근로자 | 직 원 수·합 계 | 직 원 수 | 직 원 수 | 평 균근속연수 | 연간급여총 액 | 1인평균급여액 | 남 | 여 | 계,"- | 여 | 36 | - | - | - | 36 | 4년 1개월 (14년 2개월) | 5,425 | 148 | -",,N,2026-09-16T11:31:24+09:00,000,raw/document/20240326000894.zip,ebb0fd8ac6fa520507561561019f546d42dad981cf7cb1dac84ade7eb19bba49
KB금융,지주,2023,20240326000894,[기재정정]사업보고서 (2023.12),20240326,1. 임원 및 직원 등의 현황,15,128,사업부문 | 성별 | 직 원 수·기간의 정함이없는 근로자 | 직 원 수·기간제근로자 | 직 원 수·합 계 | 직 원 수 | 직 원 수 | 평 균근속연수 | 연간급여총 액 | 1인평균급여액 | 남 | 여 | 계,"합 계 | 152 | - | - | - | 152 | 4년 6개월(16년 2개월) | 29,415 | 191 | -",,N,2026-09-16T11:31:24+09:00,000,raw/document/20240326000894.zip,ebb0fd8ac6fa520507561561019f546d42dad981cf7cb1dac84ade7eb19bba49
JB금융지주,지주,2023,20240328001876,[기재정정]사업보고서 (2023.12),20240328,1. 임원 및 직원 등의 현황,9,129,사업부문 | 성별 | 직 원 수·기간의 정함이없는 근로자 | 직 원 수·기간제근로자 | 직 원 수·합 계 | 직 원 수 | 직 원 수 | 평 균근속연수 | 연간급여총 액 | 1인평균급여액 | 남 | 여 | 계,전체 | (단시간근로자) | 전체 | (단시간근로자),,N,2026-09-22T12:00:21+09:00,000,raw/document/20240328001876.zip,ab0f5906b54517149f980651ce502a01235abc67223bbd19e0f896860fb764d0
JB금융지주,지주,2023,20240328001876,[기재정정]사업보고서 (2023.12),20240328,1. 임원 및 직원 등의 현황,9,130,사업부문 | 성별 | 직 원 수·기간의 정함이없는 근로자 | 직 원 수·기간제근로자 | 직 원 수·합 계 | 직 원 수 | 직 원 수 | 평 균근속연수 | 연간급여총 액 | 1인평균급여액 | 남 | 여 | 계,"금융업 | 남 | 59 | - | 18 | - | 77 | 2 년 11 개월 | 13,187 | 175 | - | - | - | -",,N,2026-09-22T12:00:21+09:00,000,raw/document/20240328001876.zip,ab0f5906b54517149f980651ce502a01235abc67223bbd19e0f896860fb764d0
JB금융지주,지주,2023,20240328001876,[기재정정]사업보고서 (2023.12),20240328,1. 임원 및 직원 등의 현황,9,131,사업부문 | 성별 | 직 원 수·기간의 정함이없는 근로자 | 직 원 수·기간제근로자 | 직 원 수·합 계 | 직 원 수 | 직 원 수 | 평 균근속연수 | 연간급여총 액 | 1인평균급여액 | 남 | 여 | 계,"금융업 | 여 | 11 | - | 11 | - | 22 | 2 년 11 개월 | 2,527 | 118 | -",,N,2026-09-22T12:00:21+09:00,000,raw/document/20240328001876.zip,ab0f5906b54517149f980651ce502a01235abc67223bbd19e0f896860fb764d0
JB금융지주,지주,2023,20240328001876,[기재정정]사업보고서 (2023.12),20240328,1. 임원 및 직원 등의 현황,9,132,사업부문 | 성별 | 직 원 수·기간의 정함이없는 근로자 | 직 원 수·기간제근로자 | 직 원 수·합 계 | 직 원 수 | 직 원 수 | 평 균근속연수 | 연간급여총 액 | 1인평균급여액 | 남 | 여 | 계,"합 계 | 70 | - | 29 | - | 99 | 2 년 11 개월 | 15,714 | 162 | -",,N,2026-09-22T12:00:21+09:00,000,raw/document/20240328001876.zip,ab0f5906b54517149f980651ce502a01235abc67223bbd19e0f896860fb764d0
농협금융지주,지주,2023,20240329003569,사업보고서 (2023.12),20240329,1. 임원 및 직원 등의 현황,9,133,사업부문 | 성별 | 직 원 수·기간의 정함이없는 근로자 | 직 원 수·기간제근로자 | 직 원 수·합 계 | 직 원 수 | 직 원 수 | 평 균근속연수 | 연간급여총 액 | 1인평균급여액 | 남 | 여 | 계,전체 | (단시간근로자) | 전체 | (단시간근로자),,N,2026-09-22T12:01:23+09:00,000,raw/document/20240329003569.zip,5671168f7de4f4d69ff97ce7880cd1a1a0abde29bd3a6b26e23088bdfa93403b
농협금융지주,지주,2023,20240329003569,사업보고서 (2023.12),20240329,1. 임원 및 직원 등의 현황,9,134,사업부문 | 성별 | 직 원 수·기간의 정함이없는 근로자 | 직 원 수·기간제근로자 | 직 원 수·합 계 | 직 원 수 | 직 원 수 | 평 균근속연수 | 연간급여총 액 | 1인평균급여액 | 남 | 여 | 계,"사무관리 | 남 | 113 | - | 26 | - | 139 | 3.5 (14.6) | 20,437 | 147 | - | - | - | -",,N,2026-09-22T12:01:23+09:00,000,raw/document/20240329003569.zip,5671168f7de4f4d69ff97ce7880cd1a1a0abde29bd3a6b26e23088bdfa93403b
농협금융지주,지주,2023,20240329003569,사업보고서 (2023.12),20240329,1. 임원 및 직원 등의 현황,9,135,사업부문 | 성별 | 직 원 수·기간의 정함이없는 근로자 | 직 원 수·기간제근로자 | 직 원 수·합 계 | 직 원 수 | 직 원 수 | 평 균근속연수 | 연간급여총 액 | 1인평균급여액 | 남 | 여 | 계,"사무관리 | 여 | 23 | - | 19 | - | 42 | 3 (9.4) | 4,294 | 102 | -",,N,2026-09-22T12:01:23+09:00,000,raw/document/20240329003569.zip,5671168f7de4f4d69ff97ce7880cd1a1a0abde29bd3a6b26e23088bdfa93403b
농협금융지주,지주,2023,20240329003569,사업보고서 (2023.12),20240329,1. 임원 및 직원 등의 현황,9,136,사업부문 | 성별 | 직 원 수·기간의 정함이없는 근로자 | 직 원 수·기간제근로자 | 직 원 수·합 계 | 직 원 수 | 직 원 수 | 평 균근속연수 | 연간급여총 액 | 1인평균급여액 | 남 | 여 | 계,"합 계 | 136 | - | 45 | - | 181 | 3.4 (13.4) | 24,730 | 137 | -",,N,2026-09-22T12:01:23+09:00,000,raw/document/20240329003569.zip,5671168f7de4f4d69ff97ce7880cd1a1a0abde29bd3a6b26e23088bdfa93403b
메리츠화재해상보험,보험자회사,2023,20240401003572,사업보고서 (2023.12),20240401,1. 임원 및 직원 등의 현황,6,137,사업부문 | 성별 | 직 원 수·기간의 정함이없는 근로자 | 직 원 수·기간제근로자 | 직 원 수·합 계 | 직 원 수 | 직 원 수 | 평 균근속연수 | 연간급여총 액 | 1인평균급여액 | 남 | 여 | 계,전체 | (단시간근로자) | 전체 | (단시간근로자),,N,2026-09-16T11:35:43+09:00,000,raw/document/20240401003572.zip,2daaba65baab3821893ab1ea187ba381a4a056eb97090c4fbaa0feb8f567ff92
메리츠화재해상보험,보험자회사,2023,20240401003572,사업보고서 (2023.12),20240401,1. 임원 및 직원 등의 현황,6,138,사업부문 | 성별 | 직 원 수·기간의 정함이없는 근로자 | 직 원 수·기간제근로자 | 직 원 수·합 계 | 직 원 수 | 직 원 수 | 평 균근속연수 | 연간급여총 액 | 1인평균급여액 | 남 | 여 | 계,"보험 | 남 | 1,080 | 1 | 93 | 2 | 1,173 | 12년1개월 | 169,105,847 | 162,357 | 179 | 99 | 278 | -",,N,2026-09-16T11:35:43+09:00,000,raw/document/20240401003572.zip,2daaba65baab3821893ab1ea187ba381a4a056eb97090c4fbaa0feb8f567ff92
메리츠화재해상보험,보험자회사,2023,20240401003572,사업보고서 (2023.12),20240401,1. 임원 및 직원 등의 현황,6,139,사업부문 | 성별 | 직 원 수·기간의 정함이없는 근로자 | 직 원 수·기간제근로자 | 직 원 수·합 계 | 직 원 수 | 직 원 수 | 평 균근속연수 | 연간급여총 액 | 1인평균급여액 | 남 | 여 | 계,"보험 | 여 | 1,230 | 21 | 483 | 20 | 1,713 | 11년10개월 | 95,264,935 | 91,643 | -",,N,2026-09-16T11:35:43+09:00,000,raw/document/20240401003572.zip,2daaba65baab3821893ab1ea187ba381a4a056eb97090c4fbaa0feb8f567ff92
메리츠화재해상보험,보험자회사,2023,20240401003572,사업보고서 (2023.12),20240401,1. 임원 및 직원 등의 현황,6,140,사업부문 | 성별 | 직 원 수·기간의 정함이없는 근로자 | 직 원 수·기간제근로자 | 직 원 수·합 계 | 직 원 수 | 직 원 수 | 평 균근속연수 | 연간급여총 액 | 1인평균급여액 | 남 | 여 | 계,"합 계 | 2,310 | 22 | 576 | 22 | 2,886 | 12년 | 264,370,782 | 131,765 | -",,N,2026-09-16T11:35:43+09:00,000,raw/document/20240401003572.zip,2daaba65baab3821893ab1ea187ba381a4a056eb97090c4fbaa0feb8f567ff92
KB라이프생명보험,보험자회사,2023,20240429000408,[기재정정]사업보고서 (2023.12),20240429,1. 임원 및 직원 등의 현황,17,141,사업부문 | 성별 | 직 원 수·기간의 정함이없는 근로자 | 직 원 수·기간제근로자 | 직 원 수·합 계 | 직 원 수 | 직 원 수 | 평 균근속연수 | 연간급여총 액 | 1인평균급여액 | 남 | 여 | 계,전체 | (단시간근로자) | 전체 | (단시간근로자),,N,2026-09-16T11:37:07+09:00,000,raw/document/20240429000408.zip,8c7bf3775f8acc4a46457e63f848158f5c65578b912e4fb7dcb02071f77318ec
KB라이프생명보험,보험자회사,2023,20240429000408,[기재정정]사업보고서 (2023.12),20240429,1. 임원 및 직원 등의 현황,17,142,사업부문 | 성별 | 직 원 수·기간의 정함이없는 근로자 | 직 원 수·기간제근로자 | 직 원 수·합 계 | 직 원 수 | 직 원 수 | 평 균근속연수 | 연간급여총 액 | 1인평균급여액 | 남 | 여 | 계,"전사 | 남 | 335 | 335 | 32 | 32 | 367 | 9.0 | 37,901 | 103 | 135 | 182 | 317 | -",,N,2026-09-16T11:37:07+09:00,000,raw/document/20240429000408.zip,8c7bf3775f8acc4a46457e63f848158f5c65578b912e4fb7dcb02071f77318ec
KB라이프생명보험,보험자회사,2023,20240429000408,[기재정정]사업보고서 (2023.12),20240429,1. 임원 및 직원 등의 현황,17,143,사업부문 | 성별 | 직 원 수·기간의 정함이없는 근로자 | 직 원 수·기간제근로자 | 직 원 수·합 계 | 직 원 수 | 직 원 수 | 평 균근속연수 | 연간급여총 액 | 1인평균급여액 | 남 | 여 | 계,"전사 | 여 | 325 | 325 | 35 | 35 | 360 | 9.5 | 27,361 | 76 | -",,N,2026-09-16T11:37:07+09:00,000,raw/document/20240429000408.zip,8c7bf3775f8acc4a46457e63f848158f5c65578b912e4fb7dcb02071f77318ec
KB라이프생명보험,보험자회사,2023,20240429000408,[기재정정]사업보고서 (2023.12),20240429,1. 임원 및 직원 등의 현황,17,144,사업부문 | 성별 | 직 원 수·기간의 정함이없는 근로자 | 직 원 수·기간제근로자 | 직 원 수·합 계 | 직 원 수 | 직 원 수 | 평 균근속연수 | 연간급여총 액 | 1인평균급여액 | 남 | 여 | 계,"합 계 | 660 | 660 | 67 | 67 | 727 | 9.3 | 65,262 | 90 | -",,N,2026-09-16T11:37:07+09:00,000,raw/document/20240429000408.zip,8c7bf3775f8acc4a46457e63f848158f5c65578b912e4fb7dcb02071f77318ec
동양생명보험,보험자회사,2023,20240430000184,[기재정정]사업보고서 (2023.12),20240430,1. 임원 및 직원 등의 현황,10,145,사업부문 | 성별 | 직 원 수·기간의 정함이없는 근로자 | 직 원 수·기간제근로자 | 직 원 수·합 계 | 직 원 수 | 직 원 수 | 평 균근속연수 | 연간급여총 액 | 1인평균급여액 | 남 | 여 | 계,전체 | (단시간근로자) | 전체 | (단시간근로자),,N,2026-09-16T11:39:15+09:00,000,raw/document/20240430000184.zip,c5e2faeb15f7db55722ec2035f6309df73c74b361a79c7b5e3f01115234ec9c1
동양생명보험,보험자회사,2023,20240430000184,[기재정정]사업보고서 (2023.12),20240430,1. 임원 및 직원 등의 현황,10,146,사업부문 | 성별 | 직 원 수·기간의 정함이없는 근로자 | 직 원 수·기간제근로자 | 직 원 수·합 계 | 직 원 수 | 직 원 수 | 평 균근속연수 | 연간급여총 액 | 1인평균급여액 | 남 | 여 | 계,"관리부문 | 남 | 239 | 1 | 44 | 3 | 284 | 11.8 | 35,152 | 124 | 149 | 249 | 398 | -",,N,2026-09-16T11:39:15+09:00,000,raw/document/20240430000184.zip,c5e2faeb15f7db55722ec2035f6309df73c74b361a79c7b5e3f01115234ec9c1
동양생명보험,보험자회사,2023,20240430000184,[기재정정]사업보고서 (2023.12),20240430,1. 임원 및 직원 등의 현황,10,147,사업부문 | 성별 | 직 원 수·기간의 정함이없는 근로자 | 직 원 수·기간제근로자 | 직 원 수·합 계 | 직 원 수 | 직 원 수 | 평 균근속연수 | 연간급여총 액 | 1인평균급여액 | 남 | 여 | 계,"관리부문 | 여 | 256 | 0 | 15 | 1 | 272 | 13.2 | 22,662 | 83 | -",,N,2026-09-16T11:39:15+09:00,000,raw/document/20240430000184.zip,c5e2faeb15f7db55722ec2035f6309df73c74b361a79c7b5e3f01115234ec9c1
동양생명보험,보험자회사,2023,20240430000184,[기재정정]사업보고서 (2023.12),20240430,1. 임원 및 직원 등의 현황,10,148,사업부문 | 성별 | 직 원 수·기간의 정함이없는 근로자 | 직 원 수·기간제근로자 | 직 원 수·합 계 | 직 원 수 | 직 원 수 | 평 균근속연수 | 연간급여총 액 | 1인평균급여액 | 남 | 여 | 계,"영업부문 | 남 | 87 | 0 | 0 | 0 | 87 | 16.2 | 14,580 | 168 | -",,N,2026-09-16T11:39:15+09:00,000,raw/document/20240430000184.zip,c5e2faeb15f7db55722ec2035f6309df73c74b361a79c7b5e3f01115234ec9c1
동양생명보험,보험자회사,2023,20240430000184,[기재정정]사업보고서 (2023.12),20240430,1. 임원 및 직원 등의 현황,10,149,사업부문 | 성별 | 직 원 수·기간의 정함이없는 근로자 | 직 원 수·기간제근로자 | 직 원 수·합 계 | 직 원 수 | 직 원 수 | 평 균근속연수 | 연간급여총 액 | 1인평균급여액 | 남 | 여 | 계,"영업부문 | 여 | 194 | 0 | 0 | 0 | 194 | 20.7 | 19,816 | 102 | -",,N,2026-09-16T11:39:15+09:00,000,raw/document/20240430000184.zip,c5e2faeb15f7db55722ec2035f6309df73c74b361a79c7b5e3f01115234ec9c1
동양생명보험,보험자회사,2023,20240430000184,[기재정정]사업보고서 (2023.12),20240430,1. 임원 및 직원 등의 현황,10,150,사업부문 | 성별 | 직 원 수·기간의 정함이없는 근로자 | 직 원 수·기간제근로자 | 직 원 수·합 계 | 직 원 수 | 직 원 수 | 평 균근속연수 | 연간급여총 액 | 1인평균급여액 | 남 | 여 | 계,"자산운용부문 | 남 | 43 | 0 | 5 | 0 | 48 | 10.2 | 6,748 | 141 | -",,N,2026-09-16T11:39:15+09:00,000,raw/document/20240430000184.zip,c5e2faeb15f7db55722ec2035f6309df73c74b361a79c7b5e3f01115234ec9c1
동양생명보험,보험자회사,2023,20240430000184,[기재정정]사업보고서 (2023.12),20240430,1. 임원 및 직원 등의 현황,10,151,사업부문 | 성별 | 직 원 수·기간의 정함이없는 근로자 | 직 원 수·기간제근로자 | 직 원 수·합 계 | 직 원 수 | 직 원 수 | 평 균근속연수 | 연간급여총 액 | 1인평균급여액 | 남 | 여 | 계,"자산운용부문 | 여 | 28 | 0 | 1 | 1 | 29 | 9.2 | 2,230 | 77 | -",,N,2026-09-16T11:39:15+09:00,000,raw/document/20240430000184.zip,c5e2faeb15f7db55722ec2035f6309df73c74b361a79c7b5e3f01115234ec9c1
동양생명보험,보험자회사,2023,20240430000184,[기재정정]사업보고서 (2023.12),20240430,1. 임원 및 직원 등의 현황,10,152,사업부문 | 성별 | 직 원 수·기간의 정함이없는 근로자 | 직 원 수·기간제근로자 | 직 원 수·합 계 | 직 원 수 | 직 원 수 | 평 균근속연수 | 연간급여총 액 | 1인평균급여액 | 남 | 여 | 계,"합 계 | 847 | 1 | 65 | 5 | 912 | 14.4 | 101,190 | 111 | -",,N,2026-09-16T11:39:15+09:00,000,raw/document/20240430000184.zip,c5e2faeb15f7db55722ec2035f6309df73c74b361a79c7b5e3f01115234ec9c1
KB손해보험,보험자회사,2023,20240430000217,[기재정정]사업보고서 (2023.12),20240430,1. 임원 및 직원 등의 현황,15,153,사업부문 | 성별 | 직 원 수·기간의 정함이없는 근로자 | 직 원 수·기간제근로자 | 직 원 수·합 계 | 직 원 수 | 직 원 수 | 평 균근속연수 | 연간급여총 액 | 1인평균급여액 | 남 | 여 | 계,전체 | (단시간근로자) | 전체 | (단시간근로자),,N,2026-09-16T11:39:54+09:00,000,raw/document/20240430000217.zip,80977d27bec6e9de92e7ccd043da82399bc84f57799678f30d3db7282a3b7e8d
KB손해보험,보험자회사,2023,20240430000217,[기재정정]사업보고서 (2023.12),20240430,1. 임원 및 직원 등의 현황,15,154,사업부문 | 성별 | 직 원 수·기간의 정함이없는 근로자 | 직 원 수·기간제근로자 | 직 원 수·합 계 | 직 원 수 | 직 원 수 | 평 균근속연수 | 연간급여총 액 | 1인평균급여액 | 남 | 여 | 계,"금융업 | 남 | 1,450 | - | 42 | - | 1,492 | 16.1 | 157,051 | 105 | 740 | 997 | 1,737 | -",,N,2026-09-16T11:39:54+09:00,000,raw/document/20240430000217.zip,80977d27bec6e9de92e7ccd043da82399bc84f57799678f30d3db7282a3b7e8d
KB손해보험,보험자회사,2023,20240430000217,[기재정정]사업보고서 (2023.12),20240430,1. 임원 및 직원 등의 현황,15,155,사업부문 | 성별 | 직 원 수·기간의 정함이없는 근로자 | 직 원 수·기간제근로자 | 직 원 수·합 계 | 직 원 수 | 직 원 수 | 평 균근속연수 | 연간급여총 액 | 1인평균급여액 | 남 | 여 | 계,"금융업 | 여 | 1,470 | - | 76 | - | 1,546 | 13.3 | 100,766 | 65 | -",,N,2026-09-16T11:39:54+09:00,000,raw/document/20240430000217.zip,80977d27bec6e9de92e7ccd043da82399bc84f57799678f30d3db7282a3b7e8d
KB손해보험,보험자회사,2023,20240430000217,[기재정정]사업보고서 (2023.12),20240430,1. 임원 및 직원 등의 현황,15,156,사업부문 | 성별 | 직 원 수·기간의 정함이없는 근로자 | 직 원 수·기간제근로자 | 직 원 수·합 계 | 직 원 수 | 직 원 수 | 평 균근속연수 | 연간급여총 액 | 1인평균급여액 | 남 | 여 | 계,"합 계 | 2,920 | - | 118 | - | 3,038 | 14.7 | 257,817 | 85 | -",,N,2026-09-16T11:39:54+09:00,000,raw/document/20240430000217.zip,80977d27bec6e9de92e7ccd043da82399bc84f57799678f30d3db7282a3b7e8d
iM금융지주,지주,2023,20240430000805,[기재정정]사업보고서 (2023.12),20240430,1. 임원 및 직원 등의 현황,14,157,사업부문 | 성별 | 직 원 수·기간의 정함이없는 근로자 | 직 원 수·기간제근로자 | 직 원 수·합 계 | 직 원 수 | 직 원 수 | 평 균근속연수 | 연간급여총 액 | 1인평균급여액 | 남 | 여 | 계,전체 | (단시간근로자) | 전체 | (단시간근로자),"겸직임원 1명, 겸직직원 18명 포함 / 겸직직원 10명 포함",Y,2026-09-16T11:42:26+09:00,000,raw/document/20240430000805.zip,b9ab4327bd82893355e3e827d45e1da43fdc3a50ac308df7dcd79394ec08e46c
iM금융지주,지주,2023,20240430000805,[기재정정]사업보고서 (2023.12),20240430,1. 임원 및 직원 등의 현황,14,158,사업부문 | 성별 | 직 원 수·기간의 정함이없는 근로자 | 직 원 수·기간제근로자 | 직 원 수·합 계 | 직 원 수 | 직 원 수 | 평 균근속연수 | 연간급여총 액 | 1인평균급여액 | 남 | 여 | 계,"금융업 | 남 | 86 | - | 18 | - | 104 | 2.72 | 14,003 | 137 | - | - | - | 겸직임원 1명, 겸직직원 18명 포함","겸직임원 1명, 겸직직원 18명 포함 / 겸직직원 10명 포함",Y,2026-09-16T11:42:26+09:00,000,raw/document/20240430000805.zip,b9ab4327bd82893355e3e827d45e1da43fdc3a50ac308df7dcd79394ec08e46c
iM금융지주,지주,2023,20240430000805,[기재정정]사업보고서 (2023.12),20240430,1. 임원 및 직원 등의 현황,14,159,사업부문 | 성별 | 직 원 수·기간의 정함이없는 근로자 | 직 원 수·기간제근로자 | 직 원 수·합 계 | 직 원 수 | 직 원 수 | 평 균근속연수 | 연간급여총 액 | 1인평균급여액 | 남 | 여 | 계,"금융업 | 여 | 15 | - | 11 | - | 26 | 3.24 | 2,247 | 85 | 겸직직원 10명 포함","겸직임원 1명, 겸직직원 18명 포함 / 겸직직원 10명 포함",Y,2026-09-16T11:42:26+09:00,000,raw/document/20240430000805.zip,b9ab4327bd82893355e3e827d45e1da43fdc3a50ac308df7dcd79394ec08e46c
iM금융지주,지주,2023,20240430000805,[기재정정]사업보고서 (2023.12),20240430,1. 임원 및 직원 등의 현황,14,160,사업부문 | 성별 | 직 원 수·기간의 정함이없는 근로자 | 직 원 수·기간제근로자 | 직 원 수·합 계 | 직 원 수 | 직 원 수 | 평 균근속연수 | 연간급여총 액 | 1인평균급여액 | 남 | 여 | 계,"합 계 | 101 | - | 29 | - | 130 | 2.82 | 16,250 | 126 | -","겸직임원 1명, 겸직직원 18명 포함 / 겸직직원 10명 포함",Y,2026-09-16T11:42:26+09:00,000,raw/document/20240430000805.zip,b9ab4327bd82893355e3e827d45e1da43fdc3a50ac308df7dcd79394ec08e46c
메리츠화재해상보험,보험자회사,2023,20240430000865,[기재정정]사업보고서 (2023.12),20240430,1. 임원 및 직원 등의 현황,6,161,사업부문 | 성별 | 직 원 수·기간의 정함이없는 근로자 | 직 원 수·기간제근로자 | 직 원 수·합 계 | 직 원 수 | 직 원 수 | 평 균근속연수 | 연간급여총 액 | 1인평균급여액 | 남 | 여 | 계,전체 | (단시간근로자) | 전체 | (단시간근로자),,N,2026-09-16T11:42:50+09:00,000,raw/document/20240430000865.zip,e0454f53de48d52a72c0438c9f7966e902bcd0ff7935464606c2f47b09eb505e
메리츠화재해상보험,보험자회사,2023,20240430000865,[기재정정]사업보고서 (2023.12),20240430,1. 임원 및 직원 등의 현황,6,162,사업부문 | 성별 | 직 원 수·기간의 정함이없는 근로자 | 직 원 수·기간제근로자 | 직 원 수·합 계 | 직 원 수 | 직 원 수 | 평 균근속연수 | 연간급여총 액 | 1인평균급여액 | 남 | 여 | 계,"보험 | 남 | 1,080 | 1 | 93 | 2 | 1,173 | 12년1개월 | 169,105,847 | 162,357 | 179 | 99 | 278 | -",,N,2026-09-16T11:42:50+09:00,000,raw/document/20240430000865.zip,e0454f53de48d52a72c0438c9f7966e902bcd0ff7935464606c2f47b09eb505e
메리츠화재해상보험,보험자회사,2023,20240430000865,[기재정정]사업보고서 (2023.12),20240430,1. 임원 및 직원 등의 현황,6,163,사업부문 | 성별 | 직 원 수·기간의 정함이없는 근로자 | 직 원 수·기간제근로자 | 직 원 수·합 계 | 직 원 수 | 직 원 수 | 평 균근속연수 | 연간급여총 액 | 1인평균급여액 | 남 | 여 | 계,"보험 | 여 | 1,230 | 21 | 483 | 20 | 1,713 | 11년10개월 | 95,264,935 | 91,643 | -",,N,2026-09-16T11:42:50+09:00,000,raw/document/20240430000865.zip,e0454f53de48d52a72c0438c9f7966e902bcd0ff7935464606c2f47b09eb505e
메리츠화재해상보험,보험자회사,2023,20240430000865,[기재정정]사업보고서 (2023.12),20240430,1. 임원 및 직원 등의 현황,6,164,사업부문 | 성별 | 직 원 수·기간의 정함이없는 근로자 | 직 원 수·기간제근로자 | 직 원 수·합 계 | 직 원 수 | 직 원 수 | 평 균근속연수 | 연간급여총 액 | 1인평균급여액 | 남 | 여 | 계,"합 계 | 2,310 | 22 | 576 | 22 | 2,886 | 12년 | 264,370,782 | 131,765 | -",,N,2026-09-16T11:42:50+09:00,000,raw/document/20240430000865.zip,e0454f53de48d52a72c0438c9f7966e902bcd0ff7935464606c2f47b09eb505e
메리츠금융지주,지주,2023,20240430000957,[기재정정]사업보고서 (2023.12),20240430,1. 임원 및 직원 등의 현황,8,165,사업부문 | 성별 | 직 원 수·기간의 정함이없는 근로자 | 직 원 수·기간제근로자 | 직 원 수·합 계 | 직 원 수 | 직 원 수 | 평 균근속연수 | 연간급여총 액 | 1인평균급여액 | 남 | 여 | 계,전체 | (단시간근로자) | 전체 | (단시간근로자),,N,2026-09-16T11:44:03+09:00,000,raw/document/20240430000957.zip,1cf22ccd1d5e21a9896b3c3da20c793902e8bc1a922023940c03e19cacb0057f
메리츠금융지주,지주,2023,20240430000957,[기재정정]사업보고서 (2023.12),20240430,1. 임원 및 직원 등의 현황,8,166,사업부문 | 성별 | 직 원 수·기간의 정함이없는 근로자 | 직 원 수·기간제근로자 | 직 원 수·합 계 | 직 원 수 | 직 원 수 | 평 균근속연수 | 연간급여총 액 | 1인평균급여액 | 남 | 여 | 계,"경영관리 | 남 | 13 | - | 16 | - | 29 | 3.2 | 4,438 | 153 | - | - | - | -",,N,2026-09-16T11:44:03+09:00,000,raw/document/20240430000957.zip,1cf22ccd1d5e21a9896b3c3da20c793902e8bc1a922023940c03e19cacb0057f
메리츠금융지주,지주,2023,20240430000957,[기재정정]사업보고서 (2023.12),20240430,1. 임원 및 직원 등의 현황,8,167,사업부문 | 성별 | 직 원 수·기간의 정함이없는 근로자 | 직 원 수·기간제근로자 | 직 원 수·합 계 | 직 원 수 | 직 원 수 | 평 균근속연수 | 연간급여총 액 | 1인평균급여액 | 남 | 여 | 계,"경영관리 | 여 | 9 | - | 1 | - | 10 | 4.9 | 1,253 | 125 | -",,N,2026-09-16T11:44:03+09:00,000,raw/document/20240430000957.zip,1cf22ccd1d5e21a9896b3c3da20c793902e8bc1a922023940c03e19cacb0057f
메리츠금융지주,지주,2023,20240430000957,[기재정정]사업보고서 (2023.12),20240430,1. 임원 및 직원 등의 현황,8,168,사업부문 | 성별 | 직 원 수·기간의 정함이없는 근로자 | 직 원 수·기간제근로자 | 직 원 수·합 계 | 직 원 수 | 직 원 수 | 평 균근속연수 | 연간급여총 액 | 1인평균급여액 | 남 | 여 | 계,"합 계 | 22 | - | 17 | - | 39 | 3.6 | 5,691 | 146 | -",,N,2026-09-16T11:44:03+09:00,000,raw/document/20240430000957.zip,1cf22ccd1d5e21a9896b3c3da20c793902e8bc1a922023940c03e19cacb0057f
신한라이프생명보험,보험자회사,2023,20240430001046,[기재정정]사업보고서 (2023.12),20240430,1. 임원 및 직원 등의 현황,13,169,사업부문 | 성별 | 직 원 수·기간의 정함이없는 근로자 | 직 원 수·기간제근로자 | 직 원 수·합 계 | 직 원 수 | 직 원 수 | 평 균근속연수 | 연간급여총 액 | 1인평균급여액 | 남 | 여 | 계,전체 | (단시간근로자) | 전체 | (단시간근로자),,N,2026-09-16T11:45:45+09:00,000,raw/document/20240430001046.zip,e1f09ab1cccfe525686d7e15caf21eb5c43259b20e3447951fe1398970797067
신한라이프생명보험,보험자회사,2023,20240430001046,[기재정정]사업보고서 (2023.12),20240430,1. 임원 및 직원 등의 현황,13,170,사업부문 | 성별 | 직 원 수·기간의 정함이없는 근로자 | 직 원 수·기간제근로자 | 직 원 수·합 계 | 직 원 수 | 직 원 수 | 평 균근속연수 | 연간급여총 액 | 1인평균급여액 | 남 | 여 | 계,"보험업 | 남 | 635 | - | 33 | 3 | 668 | 12.8 | 86,076 | 135 | 139 | 434 | 573 | -",,N,2026-09-16T11:45:45+09:00,000,raw/document/20240430001046.zip,e1f09ab1cccfe525686d7e15caf21eb5c43259b20e3447951fe1398970797067
신한라이프생명보험,보험자회사,2023,20240430001046,[기재정정]사업보고서 (2023.12),20240430,1. 임원 및 직원 등의 현황,13,171,사업부문 | 성별 | 직 원 수·기간의 정함이없는 근로자 | 직 원 수·기간제근로자 | 직 원 수·합 계 | 직 원 수 | 직 원 수 | 평 균근속연수 | 연간급여총 액 | 1인평균급여액 | 남 | 여 | 계,"보험업 | 여 | 863 | - | 95 | 3 | 958 | 14.5 | 87,915 | 98 | -",,N,2026-09-16T11:45:45+09:00,000,raw/document/20240430001046.zip,e1f09ab1cccfe525686d7e15caf21eb5c43259b20e3447951fe1398970797067
신한라이프생명보험,보험자회사,2023,20240430001046,[기재정정]사업보고서 (2023.12),20240430,1. 임원 및 직원 등의 현황,13,172,사업부문 | 성별 | 직 원 수·기간의 정함이없는 근로자 | 직 원 수·기간제근로자 | 직 원 수·합 계 | 직 원 수 | 직 원 수 | 평 균근속연수 | 연간급여총 액 | 1인평균급여액 | 남 | 여 | 계,"합 계 | 1,498 | - | 128 | 6 | 1,626 | 13.8 | 173,991 | 113 | -",,N,2026-09-16T11:45:45+09:00,000,raw/document/20240430001046.zip,e1f09ab1cccfe525686d7e15caf21eb5c43259b20e3447951fe1398970797067
신한지주,지주,2023,20240502000081,[기재정정]사업보고서 (2023.12),20240502,1. 임원 및 직원 등의 현황,12,173,사업부문 | 성별 | 직 원 수·기간의 정함이없는 근로자 | 직 원 수·기간제근로자 | 직 원 수·합 계 | 직 원 수 | 직 원 수 | 평 균근속연수 | 연간급여총 액 | 1인평균급여액 | 남 | 여 | 계,전체 | (단시간근로자) | 전체 | (단시간근로자),,N,2026-09-16T11:47:20+09:00,000,raw/document/20240502000081.zip,011371bf744fbd64243db209ea66f06bfef85157ba07b4630ebfb15066537894
신한지주,지주,2023,20240502000081,[기재정정]사업보고서 (2023.12),20240502,1. 임원 및 직원 등의 현황,12,174,사업부문 | 성별 | 직 원 수·기간의 정함이없는 근로자 | 직 원 수·기간제근로자 | 직 원 수·합 계 | 직 원 수 | 직 원 수 | 평 균근속연수 | 연간급여총 액 | 1인평균급여액 | 남 | 여 | 계,"- | 남 | 132 | - | 11 | - | 143 | 3년 6개월 (16년 3개월) | 26,653 | 187 | - | - | - | -",,N,2026-09-16T11:47:20+09:00,000,raw/document/20240502000081.zip,011371bf744fbd64243db209ea66f06bfef85157ba07b4630ebfb15066537894
신한지주,지주,2023,20240502000081,[기재정정]사업보고서 (2023.12),20240502,1. 임원 및 직원 등의 현황,12,175,사업부문 | 성별 | 직 원 수·기간의 정함이없는 근로자 | 직 원 수·기간제근로자 | 직 원 수·합 계 | 직 원 수 | 직 원 수 | 평 균근속연수 | 연간급여총 액 | 1인평균급여액 | 남 | 여 | 계,"- | 여 | 41 | - | 6 | 1 | 48 | 3년 9개월 (11년 4개월) | 6,291 | 130 | -",,N,2026-09-16T11:47:20+09:00,000,raw/document/20240502000081.zip,011371bf744fbd64243db209ea66f06bfef85157ba07b4630ebfb15066537894
신한지주,지주,2023,20240502000081,[기재정정]사업보고서 (2023.12),20240502,1. 임원 및 직원 등의 현황,12,176,사업부문 | 성별 | 직 원 수·기간의 정함이없는 근로자 | 직 원 수·기간제근로자 | 직 원 수·합 계 | 직 원 수 | 직 원 수 | 평 균근속연수 | 연간급여총 액 | 1인평균급여액 | 남 | 여 | 계,"합 계 | 173 | - | 17 | 1 | 191 | 3년 7개월 (15년) | 32,944 | 173 | -",,N,2026-09-16T11:47:20+09:00,000,raw/document/20240502000081.zip,011371bf744fbd64243db209ea66f06bfef85157ba07b4630ebfb15066537894
JB금융지주,지주,2023,20240507000432,[기재정정]사업보고서 (2023.12),20240507,1. 임원 및 직원 등의 현황,9,177,사업부문 | 성별 | 직 원 수·기간의 정함이없는 근로자 | 직 원 수·기간제근로자 | 직 원 수·합 계 | 직 원 수 | 직 원 수 | 평 균근속연수 | 연간급여총 액 | 1인평균급여액 | 남 | 여 | 계,전체 | (단시간근로자) | 전체 | (단시간근로자),,N,2026-09-22T12:02:07+09:00,000,raw/document/20240507000432.zip,0a0c1861edc2ef5fa99c5f65e3708924838826b65e4f7ecb44df247d33a0b2f2
JB금융지주,지주,2023,20240507000432,[기재정정]사업보고서 (2023.12),20240507,1. 임원 및 직원 등의 현황,9,178,사업부문 | 성별 | 직 원 수·기간의 정함이없는 근로자 | 직 원 수·기간제근로자 | 직 원 수·합 계 | 직 원 수 | 직 원 수 | 평 균근속연수 | 연간급여총 액 | 1인평균급여액 | 남 | 여 | 계,"금융업 | 남 | 59 | - | 18 | - | 77 | 2 년 11 개월 | 13,187 | 175 | - | - | - | -",,N,2026-09-22T12:02:07+09:00,000,raw/document/20240507000432.zip,0a0c1861edc2ef5fa99c5f65e3708924838826b65e4f7ecb44df247d33a0b2f2
JB금융지주,지주,2023,20240507000432,[기재정정]사업보고서 (2023.12),20240507,1. 임원 및 직원 등의 현황,9,179,사업부문 | 성별 | 직 원 수·기간의 정함이없는 근로자 | 직 원 수·기간제근로자 | 직 원 수·합 계 | 직 원 수 | 직 원 수 | 평 균근속연수 | 연간급여총 액 | 1인평균급여액 | 남 | 여 | 계,"금융업 | 여 | 11 | - | 11 | - | 22 | 2 년 11 개월 | 2,527 | 118 | -",,N,2026-09-22T12:02:07+09:00,000,raw/document/20240507000432.zip,0a0c1861edc2ef5fa99c5f65e3708924838826b65e4f7ecb44df247d33a0b2f2
JB금융지주,지주,2023,20240507000432,[기재정정]사업보고서 (2023.12),20240507,1. 임원 및 직원 등의 현황,9,180,사업부문 | 성별 | 직 원 수·기간의 정함이없는 근로자 | 직 원 수·기간제근로자 | 직 원 수·합 계 | 직 원 수 | 직 원 수 | 평 균근속연수 | 연간급여총 액 | 1인평균급여액 | 남 | 여 | 계,"합 계 | 70 | - | 29 | - | 99 | 2 년 11 개월 | 15,714 | 162 | -",,N,2026-09-22T12:02:07+09:00,000,raw/document/20240507000432.zip,0a0c1861edc2ef5fa99c5f65e3708924838826b65e4f7ecb44df247d33a0b2f2
우리금융지주,지주,2023,20240516001472,[기재정정]사업보고서 (2023.12),20240516,1. 임원 및 직원 등의 현황,10,181,사업부문 | 성별 | 직 원 수·기간의 정함이없는 근로자 | 직 원 수·기간제근로자 | 직 원 수·합 계 | 직 원 수 | 직 원 수 | 평 균근속연수 | 연간급여총 액 | 1인평균급여액 | 남 | 여 | 계,전체 | (단시간근로자) | 전체 | (단시간근로자),,N,2026-09-16T11:48:38+09:00,000,raw/document/20240516001472.zip,59654b0281994796c7be67a1cce0874b59058932d0c666b42c527cf4a3d56e1c
우리금융지주,지주,2023,20240516001472,[기재정정]사업보고서 (2023.12),20240516,1. 임원 및 직원 등의 현황,10,182,사업부문 | 성별 | 직 원 수·기간의 정함이없는 근로자 | 직 원 수·기간제근로자 | 직 원 수·합 계 | 직 원 수 | 직 원 수 | 평 균근속연수 | 연간급여총 액 | 1인평균급여액 | 남 | 여 | 계,"- | 남 | 64 | - | 30 | - | 94 | 2년 11개월 (14년 3개월) | 19,702 | 176 | - | - | - | -",,N,2026-09-16T11:48:38+09:00,000,raw/document/20240516001472.zip,59654b0281994796c7be67a1cce0874b59058932d0c666b42c527cf4a3d56e1c
우리금융지주,지주,2023,20240516001472,[기재정정]사업보고서 (2023.12),20240516,1. 임원 및 직원 등의 현황,10,183,사업부문 | 성별 | 직 원 수·기간의 정함이없는 근로자 | 직 원 수·기간제근로자 | 직 원 수·합 계 | 직 원 수 | 직 원 수 | 평 균근속연수 | 연간급여총 액 | 1인평균급여액 | 남 | 여 | 계,"- | 여 | 14 | - | 7 | - | 21 | 3년 00개월 (10년 2개월) | 2,700 | 121 | -",,N,2026-09-16T11:48:38+09:00,000,raw/document/20240516001472.zip,59654b0281994796c7be67a1cce0874b59058932d0c666b42c527cf4a3d56e1c
우리금융지주,지주,2023,20240516001472,[기재정정]사업보고서 (2023.12),20240516,1. 임원 및 직원 등의 현황,10,184,사업부문 | 성별 | 직 원 수·기간의 정함이없는 근로자 | 직 원 수·기간제근로자 | 직 원 수·합 계 | 직 원 수 | 직 원 수 | 평 균근속연수 | 연간급여총 액 | 1인평균급여액 | 남 | 여 | 계,"합 계 | 78 | - | 37 | - | 115 | 2년 11개월 (13년 6개월) | 22,402 | 167 | -",,N,2026-09-16T11:48:38+09:00,000,raw/document/20240516001472.zip,59654b0281994796c7be67a1cce0874b59058932d0c666b42c527cf4a3d56e1c
하나금융지주,지주,2023,20240516001695,[기재정정]사업보고서 (2023.12),20240516,1. 임원 및 직원 등의 현황,9,185,사업부문 | 성별 | 직 원 수·기간의 정함이없는 근로자 | 직 원 수·기간제근로자 | 직 원 수·합 계 | 직 원 수 | 직 원 수 | 평 균근속연수 | 연간급여총 액 | 1인평균급여액 | 남 | 여 | 계,전체 | (단시간근로자) | 전체 | (단시간근로자),,N,2026-09-22T12:02:59+09:00,000,raw/document/20240516001695.zip,791a7ebca15cfaf722a435ac29606243e47e33df736dd384131e885c5fdfc295
하나금융지주,지주,2023,20240516001695,[기재정정]사업보고서 (2023.12),20240516,1. 임원 및 직원 등의 현황,9,186,사업부문 | 성별 | 직 원 수·기간의 정함이없는 근로자 | 직 원 수·기간제근로자 | 직 원 수·합 계 | 직 원 수 | 직 원 수 | 평 균근속연수 | 연간급여총 액 | 1인평균급여액 | 남 | 여 | 계,"- | 남 | 87 | - | 15 | - | 102 | 3.1 | 16,319 | 165 | 3 | - | 3 | -",,N,2026-09-22T12:02:59+09:00,000,raw/document/20240516001695.zip,791a7ebca15cfaf722a435ac29606243e47e33df736dd384131e885c5fdfc295
하나금융지주,지주,2023,20240516001695,[기재정정]사업보고서 (2023.12),20240516,1. 임원 및 직원 등의 현황,9,187,사업부문 | 성별 | 직 원 수·기간의 정함이없는 근로자 | 직 원 수·기간제근로자 | 직 원 수·합 계 | 직 원 수 | 직 원 수 | 평 균근속연수 | 연간급여총 액 | 1인평균급여액 | 남 | 여 | 계,"- | 여 | 18 | - | 9 | 1 | 27 | 3.4 | 3,122 | 112 | -",,N,2026-09-22T12:02:59+09:00,000,raw/document/20240516001695.zip,791a7ebca15cfaf722a435ac29606243e47e33df736dd384131e885c5fdfc295
하나금융지주,지주,2023,20240516001695,[기재정정]사업보고서 (2023.12),20240516,1. 임원 및 직원 등의 현황,9,188,사업부문 | 성별 | 직 원 수·기간의 정함이없는 근로자 | 직 원 수·기간제근로자 | 직 원 수·합 계 | 직 원 수 | 직 원 수 | 평 균근속연수 | 연간급여총 액 | 1인평균급여액 | 남 | 여 | 계,"합 계 | 105 | - | 24 | 1 | 129 | 3.2 | 19,441 | 153 | -",,N,2026-09-22T12:02:59+09:00,000,raw/document/20240516001695.zip,791a7ebca15cfaf722a435ac29606243e47e33df736dd384131e885c5fdfc295
KB라이프생명보험,보험자회사,2024,20250314000905,사업보고서 (2024.12),20250314,1. 임원 및 직원 등의 현황,15,189,사업부문 | 성별 | 직 원 수·기간의 정함이없는 근로자 | 직 원 수·기간제근로자 | 직 원 수·합 계 | 직 원 수 | 직 원 수 | 평 균근속연수 | 연간급여총 액 | 1인평균급여액 | 남 | 여 | 계,전체 | (단시간근로자) | 전체 | (단시간근로자),,N,2026-09-16T11:58:24+09:00,000,raw/document/20250314000905.zip,750ce1a9ee1ddeb8ac620eef6cf292b48db082f22a878552e5dad8beab5cd370
KB라이프생명보험,보험자회사,2024,20250314000905,사업보고서 (2024.12),20250314,1. 임원 및 직원 등의 현황,15,190,사업부문 | 성별 | 직 원 수·기간의 정함이없는 근로자 | 직 원 수·기간제근로자 | 직 원 수·합 계 | 직 원 수 | 직 원 수 | 평 균근속연수 | 연간급여총 액 | 1인평균급여액 | 남 | 여 | 계,"전사 | 남 | 321 | 321 | 30 | 30 | 351 | 9.6 | 41,878 | 119 | 129 | 180 | 308 | -",,N,2026-09-16T11:58:24+09:00,000,raw/document/20250314000905.zip,750ce1a9ee1ddeb8ac620eef6cf292b48db082f22a878552e5dad8beab5cd370
KB라이프생명보험,보험자회사,2024,20250314000905,사업보고서 (2024.12),20250314,1. 임원 및 직원 등의 현황,15,191,사업부문 | 성별 | 직 원 수·기간의 정함이없는 근로자 | 직 원 수·기간제근로자 | 직 원 수·합 계 | 직 원 수 | 직 원 수 | 평 균근속연수 | 연간급여총 액 | 1인평균급여액 | 남 | 여 | 계,"전사 | 여 | 325 | 325 | 40 | 40 | 365 | 10.0 | 33,763 | 93 | -",,N,2026-09-16T11:58:24+09:00,000,raw/document/20250314000905.zip,750ce1a9ee1ddeb8ac620eef6cf292b48db082f22a878552e5dad8beab5cd370
KB라이프생명보험,보험자회사,2024,20250314000905,사업보고서 (2024.12),20250314,1. 임원 및 직원 등의 현황,15,192,사업부문 | 성별 | 직 원 수·기간의 정함이없는 근로자 | 직 원 수·기간제근로자 | 직 원 수·합 계 | 직 원 수 | 직 원 수 | 평 균근속연수 | 연간급여총 액 | 1인평균급여액 | 남 | 여 | 계,"합 계 | 646 | 646 | 70 | 70 | 716 | 9.8 | 75,641 | 106 | -",,N,2026-09-16T11:58:24+09:00,000,raw/document/20250314000905.zip,750ce1a9ee1ddeb8ac620eef6cf292b48db082f22a878552e5dad8beab5cd370
KB손해보험,보험자회사,2024,20250314001697,사업보고서 (2024.12),20250314,1. 임원 및 직원 등의 현황,15,193,사업부문 | 성별 | 직 원 수·기간의 정함이없는 근로자 | 직 원 수·기간제근로자 | 직 원 수·합 계 | 직 원 수 | 직 원 수 | 평 균근속연수 | 연간급여총 액 | 1인평균급여액 | 남 | 여 | 계,전체 | (단시간근로자) | 전체 | (단시간근로자),,N,2026-09-16T12:01:07+09:00,000,raw/document/20250314001697.zip,274b5dc207b1613d20711fad49c131a0416fc34bfc283415741eb849a6370d79
KB손해보험,보험자회사,2024,20250314001697,사업보고서 (2024.12),20250314,1. 임원 및 직원 등의 현황,15,194,사업부문 | 성별 | 직 원 수·기간의 정함이없는 근로자 | 직 원 수·기간제근로자 | 직 원 수·합 계 | 직 원 수 | 직 원 수 | 평 균근속연수 | 연간급여총 액 | 1인평균급여액 | 남 | 여 | 계,"금융업 | 남 | 1,397 | 0 | 57 | 0 | 1,454 | 16.2 | 188,705 | 130 | 629 | 1,070 | 1,699 | -",,N,2026-09-16T12:01:07+09:00,000,raw/document/20250314001697.zip,274b5dc207b1613d20711fad49c131a0416fc34bfc283415741eb849a6370d79
KB손해보험,보험자회사,2024,20250314001697,사업보고서 (2024.12),20250314,1. 임원 및 직원 등의 현황,15,195,사업부문 | 성별 | 직 원 수·기간의 정함이없는 근로자 | 직 원 수·기간제근로자 | 직 원 수·합 계 | 직 원 수 | 직 원 수 | 평 균근속연수 | 연간급여총 액 | 1인평균급여액 | 남 | 여 | 계,"금융업 | 여 | 1,458 | 0 | 94 | 0 | 1,552 | 14.6 | 130,186 | 84 | -",,N,2026-09-16T12:01:07+09:00,000,raw/document/20250314001697.zip,274b5dc207b1613d20711fad49c131a0416fc34bfc283415741eb849a6370d79
KB손해보험,보험자회사,2024,20250314001697,사업보고서 (2024.12),20250314,1. 임원 및 직원 등의 현황,15,196,사업부문 | 성별 | 직 원 수·기간의 정함이없는 근로자 | 직 원 수·기간제근로자 | 직 원 수·합 계 | 직 원 수 | 직 원 수 | 평 균근속연수 | 연간급여총 액 | 1인평균급여액 | 남 | 여 | 계,"합 계 | 2,855 | 0 | 151 | 0 | 3,006 | 15.4 | 318,891 | 106 | -",,N,2026-09-16T12:01:07+09:00,000,raw/document/20250314001697.zip,274b5dc207b1613d20711fad49c131a0416fc34bfc283415741eb849a6370d79
KB금융,지주,2024,20250314001704,사업보고서 (2024.12),20250314,1. 임원 및 직원 등의 현황,15,197,사업부문 | 성별 | 직 원 수·기간의 정함이없는 근로자 | 직 원 수·기간제근로자 | 직 원 수·합 계 | 직 원 수 | 직 원 수 | 평 균근속연수 | 연간급여총 액 | 1인평균급여액 | 남 | 여 | 계,전체 | (단시간근로자) | 전체 | (단시간근로자),,N,2026-09-16T12:02:40+09:00,000,raw/document/20250314001704.zip,2279d1f9a284ebb0438b04f9b8d91cea4a34bc5cf0f3672ed6cc1c03f5086769
KB금융,지주,2024,20250314001704,사업보고서 (2024.12),20250314,1. 임원 및 직원 등의 현황,15,198,사업부문 | 성별 | 직 원 수·기간의 정함이없는 근로자 | 직 원 수·기간제근로자 | 직 원 수·합 계 | 직 원 수 | 직 원 수 | 평 균근속연수 | 연간급여총 액 | 1인평균급여액 | 남 | 여 | 계,"- | 남 | 100 | - | - | - | 100 | 4년1개월(17년4개월) | 17,147 | 172 | - | - | - | -",,N,2026-09-16T12:02:40+09:00,000,raw/document/20250314001704.zip,2279d1f9a284ebb0438b04f9b8d91cea4a34bc5cf0f3672ed6cc1c03f5086769
KB금융,지주,2024,20250314001704,사업보고서 (2024.12),20250314,1. 임원 및 직원 등의 현황,15,199,사업부문 | 성별 | 직 원 수·기간의 정함이없는 근로자 | 직 원 수·기간제근로자 | 직 원 수·합 계 | 직 원 수 | 직 원 수 | 평 균근속연수 | 연간급여총 액 | 1인평균급여액 | 남 | 여 | 계,"- | 여 | 40 | - | - | - | 40 | 3년7개월(16년2개월) | 5,424 | 131 | -",,N,2026-09-16T12:02:40+09:00,000,raw/document/20250314001704.zip,2279d1f9a284ebb0438b04f9b8d91cea4a34bc5cf0f3672ed6cc1c03f5086769
KB금융,지주,2024,20250314001704,사업보고서 (2024.12),20250314,1. 임원 및 직원 등의 현황,15,200,사업부문 | 성별 | 직 원 수·기간의 정함이없는 근로자 | 직 원 수·기간제근로자 | 직 원 수·합 계 | 직 원 수 | 직 원 수 | 평 균근속연수 | 연간급여총 액 | 1인평균급여액 | 남 | 여 | 계,"합 계 | 140 | - | - | - | 140 | 3년11개월(17년0개월) | 22,571 | 160 | -",,N,2026-09-16T12:02:40+09:00,000,raw/document/20250314001704.zip,2279d1f9a284ebb0438b04f9b8d91cea4a34bc5cf0f3672ed6cc1c03f5086769
하나금융지주,지주,2024,20250317000894,사업보고서 (2024.12),20250317,1. 임원 및 직원 등의 현황,11,201,사업부문 | 성별 | 직 원 수·기간의 정함이없는 근로자 | 직 원 수·기간제근로자 | 직 원 수·합 계 | 직 원 수 | 직 원 수 | 평 균근속연수 | 연간급여총 액 | 1인평균급여액 | 남 | 여 | 계,전체 | (단시간근로자) | 전체 | (단시간근로자),,N,2026-09-22T12:04:30+09:00,000,raw/document/20250317000894.zip,2ed5f2c5848051e9cf05386bfd2d32ecc314400d1d8bbf680f248df9777ebc66
하나금융지주,지주,2024,20250317000894,사업보고서 (2024.12),20250317,1. 임원 및 직원 등의 현황,11,202,사업부문 | 성별 | 직 원 수·기간의 정함이없는 근로자 | 직 원 수·기간제근로자 | 직 원 수·합 계 | 직 원 수 | 직 원 수 | 평 균근속연수 | 연간급여총 액 | 1인평균급여액 | 남 | 여 | 계,"- | 남 | 80 | - | 17 | - | 97 | 3.2 | 17,547 | 177 | 2 | 1 | 3 | -",,N,2026-09-22T12:04:30+09:00,000,raw/document/20250317000894.zip,2ed5f2c5848051e9cf05386bfd2d32ecc314400d1d8bbf680f248df9777ebc66
하나금융지주,지주,2024,20250317000894,사업보고서 (2024.12),20250317,1. 임원 및 직원 등의 현황,11,203,사업부문 | 성별 | 직 원 수·기간의 정함이없는 근로자 | 직 원 수·기간제근로자 | 직 원 수·합 계 | 직 원 수 | 직 원 수 | 평 균근속연수 | 연간급여총 액 | 1인평균급여액 | 남 | 여 | 계,"- | 여 | 23 | - | 9 | - | 32 | 3.2 | 3,819 | 123 | -",,N,2026-09-22T12:04:30+09:00,000,raw/document/20250317000894.zip,2ed5f2c5848051e9cf05386bfd2d32ecc314400d1d8bbf680f248df9777ebc66
하나금융지주,지주,2024,20250317000894,사업보고서 (2024.12),20250317,1. 임원 및 직원 등의 현황,11,204,사업부문 | 성별 | 직 원 수·기간의 정함이없는 근로자 | 직 원 수·기간제근로자 | 직 원 수·합 계 | 직 원 수 | 직 원 수 | 평 균근속연수 | 연간급여총 액 | 1인평균급여액 | 남 | 여 | 계,"합 계 | 103 | - | 26 | - | 129 | 3.2 | 21,366 | 164 | -",,N,2026-09-22T12:04:30+09:00,000,raw/document/20250317000894.zip,2ed5f2c5848051e9cf05386bfd2d32ecc314400d1d8bbf680f248df9777ebc66
iM금융지주,지주,2024,20250318000693,사업보고서 (2024.12),20250318,1. 임원 및 직원 등의 현황,16,205,사업부문 | 성별 | 직 원 수·기간의 정함이없는 근로자 | 직 원 수·기간제근로자 | 직 원 수·합 계 | 직 원 수 | 직 원 수 | 평 균근속연수 | 연간급여총 액 | 1인평균급여액 | 남 | 여 | 계,전체 | (단시간근로자) | 전체 | (단시간근로자),"겸직임원 1명, 겸직직원 19명 포함 / 겸직직원 6명 포함",Y,2026-09-16T12:03:30+09:00,000,raw/document/20250318000693.zip,14ede42e7fe43251257b4f0aecc7df8544657c60408846766d68f6de00eac141
iM금융지주,지주,2024,20250318000693,사업보고서 (2024.12),20250318,1. 임원 및 직원 등의 현황,16,206,사업부문 | 성별 | 직 원 수·기간의 정함이없는 근로자 | 직 원 수·기간제근로자 | 직 원 수·합 계 | 직 원 수 | 직 원 수 | 평 균근속연수 | 연간급여총 액 | 1인평균급여액 | 남 | 여 | 계,"금융업 | 남 | 82 | - | 21 | - | 103 | 2.99 | 14,048 | 143 | - | - | - | 겸직임원 1명, 겸직직원 19명 포함","겸직임원 1명, 겸직직원 19명 포함 / 겸직직원 6명 포함",Y,2026-09-16T12:03:30+09:00,000,raw/document/20250318000693.zip,14ede42e7fe43251257b4f0aecc7df8544657c60408846766d68f6de00eac141
iM금융지주,지주,2024,20250318000693,사업보고서 (2024.12),20250318,1. 임원 및 직원 등의 현황,16,207,사업부문 | 성별 | 직 원 수·기간의 정함이없는 근로자 | 직 원 수·기간제근로자 | 직 원 수·합 계 | 직 원 수 | 직 원 수 | 평 균근속연수 | 연간급여총 액 | 1인평균급여액 | 남 | 여 | 계,"금융업 | 여 | 13 | - | 10 | - | 23 | 3.67 | 1,729 | 79 | 겸직직원 6명 포함","겸직임원 1명, 겸직직원 19명 포함 / 겸직직원 6명 포함",Y,2026-09-16T12:03:30+09:00,000,raw/document/20250318000693.zip,14ede42e7fe43251257b4f0aecc7df8544657c60408846766d68f6de00eac141
iM금융지주,지주,2024,20250318000693,사업보고서 (2024.12),20250318,1. 임원 및 직원 등의 현황,16,208,사업부문 | 성별 | 직 원 수·기간의 정함이없는 근로자 | 직 원 수·기간제근로자 | 직 원 수·합 계 | 직 원 수 | 직 원 수 | 평 균근속연수 | 연간급여총 액 | 1인평균급여액 | 남 | 여 | 계,"합 계 | 95 | - | 31 | - | 126 | 3.12 | 15,777 | 133 | -","겸직임원 1명, 겸직직원 19명 포함 / 겸직직원 6명 포함",Y,2026-09-16T12:03:30+09:00,000,raw/document/20250318000693.zip,14ede42e7fe43251257b4f0aecc7df8544657c60408846766d68f6de00eac141
신한지주,지주,2024,20250318000993,사업보고서 (2024.12),20250318,1. 임원 및 직원 등의 현황,16,209,사업부문 | 성별 | 직 원 수·기간의 정함이없는 근로자 | 직 원 수·기간제근로자 | 직 원 수·합 계 | 직 원 수 | 직 원 수 | 평 균근속연수 | 연간급여총 액 | 1인평균급여액 | 남 | 여 | 계,전체 | (단시간근로자) | 전체 | (단시간근로자),,N,2026-09-16T12:04:49+09:00,000,raw/document/20250318000993.zip,22eeff37c00bcab23a105fb4a4cd6c69baa8bcf1d4e5492c1bf6105334d14583
신한지주,지주,2024,20250318000993,사업보고서 (2024.12),20250318,1. 임원 및 직원 등의 현황,16,210,사업부문 | 성별 | 직 원 수·기간의 정함이없는 근로자 | 직 원 수·기간제근로자 | 직 원 수·합 계 | 직 원 수 | 직 원 수 | 평 균근속연수 | 연간급여총 액 | 1인평균급여액 | 남 | 여 | 계,"- | 남 | 129 | - | 8 | - | 137 | 3년 6개월 (16년) | 24,734 | 180 | - | - | - | -",,N,2026-09-16T12:04:49+09:00,000,raw/document/20250318000993.zip,22eeff37c00bcab23a105fb4a4cd6c69baa8bcf1d4e5492c1bf6105334d14583
신한지주,지주,2024,20250318000993,사업보고서 (2024.12),20250318,1. 임원 및 직원 등의 현황,16,211,사업부문 | 성별 | 직 원 수·기간의 정함이없는 근로자 | 직 원 수·기간제근로자 | 직 원 수·합 계 | 직 원 수 | 직 원 수 | 평 균근속연수 | 연간급여총 액 | 1인평균급여액 | 남 | 여 | 계,"- | 여 | 46 | - | 2 | 1 | 48 | 4년 (12년 7개월) | 6,359 | 133 | -",,N,2026-09-16T12:04:49+09:00,000,raw/document/20250318000993.zip,22eeff37c00bcab23a105fb4a4cd6c69baa8bcf1d4e5492c1bf6105334d14583
신한지주,지주,2024,20250318000993,사업보고서 (2024.12),20250318,1. 임원 및 직원 등의 현황,16,212,사업부문 | 성별 | 직 원 수·기간의 정함이없는 근로자 | 직 원 수·기간제근로자 | 직 원 수·합 계 | 직 원 수 | 직 원 수 | 평 균근속연수 | 연간급여총 액 | 1인평균급여액 | 남 | 여 | 계,"합 계 | 175 | - | 10 | 1 | 185 | 3년 7개월 (15년 1개월) | 31,093 | 168 | -",,N,2026-09-16T12:04:49+09:00,000,raw/document/20250318000993.zip,22eeff37c00bcab23a105fb4a4cd6c69baa8bcf1d4e5492c1bf6105334d14583
BNK금융지주,지주,2024,20250318001176,사업보고서 (2024.12),20250318,1. 임원 및 직원 등의 현황,8,213,사업부문 | 성별 | 직 원 수·기간의 정함이없는 근로자 | 직 원 수·기간제근로자 | 직 원 수·합 계 | 직 원 수 | 직 원 수 | 평 균근속연수 | 연간급여총 액 | 1인평균급여액 | 남 | 여 | 계,전체 | (단시간근로자) | 전체 | (단시간근로자),,N,2026-09-22T12:05:25+09:00,000,raw/document/20250318001176.zip,bda31e517ecfec8c3c69800dbf7466ce1dc57dd4acbf61b3ade23c380bc8ff60
BNK금융지주,지주,2024,20250318001176,사업보고서 (2024.12),20250318,1. 임원 및 직원 등의 현황,8,214,사업부문 | 성별 | 직 원 수·기간의 정함이없는 근로자 | 직 원 수·기간제근로자 | 직 원 수·합 계 | 직 원 수 | 직 원 수 | 평 균근속연수 | 연간급여총 액 | 1인평균급여액 | 남 | 여 | 계,"금융업 | 남 | 95 | - | 9 | - | 104 | 26개월 | 17,320 | 161 | - | - | - | -",,N,2026-09-22T12:05:25+09:00,000,raw/document/20250318001176.zip,bda31e517ecfec8c3c69800dbf7466ce1dc57dd4acbf61b3ade23c380bc8ff60
BNK금융지주,지주,2024,20250318001176,사업보고서 (2024.12),20250318,1. 임원 및 직원 등의 현황,8,215,사업부문 | 성별 | 직 원 수·기간의 정함이없는 근로자 | 직 원 수·기간제근로자 | 직 원 수·합 계 | 직 원 수 | 직 원 수 | 평 균근속연수 | 연간급여총 액 | 1인평균급여액 | 남 | 여 | 계,"금융업 | 여 | 8 | - | 8 | - | 16 | 27개월 | 2,135 | 123 | -",,N,2026-09-22T12:05:25+09:00,000,raw/document/20250318001176.zip,bda31e517ecfec8c3c69800dbf7466ce1dc57dd4acbf61b3ade23c380bc8ff60
BNK금융지주,지주,2024,20250318001176,사업보고서 (2024.12),20250318,1. 임원 및 직원 등의 현황,8,216,사업부문 | 성별 | 직 원 수·기간의 정함이없는 근로자 | 직 원 수·기간제근로자 | 직 원 수·합 계 | 직 원 수 | 직 원 수 | 평 균근속연수 | 연간급여총 액 | 1인평균급여액 | 남 | 여 | 계,"합 계 | 103 | - | 17 | - | 120 | 26개월 | 19,455 | 156 | -",,N,2026-09-22T12:05:25+09:00,000,raw/document/20250318001176.zip,bda31e517ecfec8c3c69800dbf7466ce1dc57dd4acbf61b3ade23c380bc8ff60
신한은행(구),은행,2024,20250318001188,사업보고서 (2024.12),20250318,1. 임원 및 직원 등의 현황,6,217,사업부문 | 성별 | 직 원 수·기간의 정함이없는 근로자 | 직 원 수·기간제근로자 | 직 원 수·합 계 | 직 원 수 | 직 원 수 | 평 균근속연수 | 연간급여총 액 | 1인평균급여액 | 남 | 여 | 계,전체 | (단시간근로자) | 전체 | (단시간근로자),,N,2026-09-16T12:07:36+09:00,000,raw/document/20250318001188.zip,b79090d5c03d932d66cfa59e34ef57aa753f2e5077c275417f1bb03d870f14fd
신한은행(구),은행,2024,20250318001188,사업보고서 (2024.12),20250318,1. 임원 및 직원 등의 현황,6,218,사업부문 | 성별 | 직 원 수·기간의 정함이없는 근로자 | 직 원 수·기간제근로자 | 직 원 수·합 계 | 직 원 수 | 직 원 수 | 평 균근속연수 | 연간급여총 액 | 1인평균급여액 | 남 | 여 | 계,"금융서비스 | 남 | 6,293 | - | 652 | 89 | 6,945 | 17년 1개월 | 965,153 | 138 | 1,774 | 2,438 | 4,212 | -",,N,2026-09-16T12:07:36+09:00,000,raw/document/20250318001188.zip,b79090d5c03d932d66cfa59e34ef57aa753f2e5077c275417f1bb03d870f14fd
신한은행(구),은행,2024,20250318001188,사업보고서 (2024.12),20250318,1. 임원 및 직원 등의 현황,6,219,사업부문 | 성별 | 직 원 수·기간의 정함이없는 근로자 | 직 원 수·기간제근로자 | 직 원 수·합 계 | 직 원 수 | 직 원 수 | 평 균근속연수 | 연간급여총 액 | 1인평균급여액 | 남 | 여 | 계,"금융서비스 | 여 | 5,933 | 144 | 205 | 61 | 6,138 | 14년 7개월 | 594,415 | 97 | -",,N,2026-09-16T12:07:36+09:00,000,raw/document/20250318001188.zip,b79090d5c03d932d66cfa59e34ef57aa753f2e5077c275417f1bb03d870f14fd
신한은행(구),은행,2024,20250318001188,사업보고서 (2024.12),20250318,1. 임원 및 직원 등의 현황,6,220,사업부문 | 성별 | 직 원 수·기간의 정함이없는 근로자 | 직 원 수·기간제근로자 | 직 원 수·합 계 | 직 원 수 | 직 원 수 | 평 균근속연수 | 연간급여총 액 | 1인평균급여액 | 남 | 여 | 계,"합 계 | 12,226 | 144 | 857 | 150 | 13,083 | 15년 10개월 | 1,559,568 | 119 | -",,N,2026-09-16T12:07:36+09:00,000,raw/document/20250318001188.zip,b79090d5c03d932d66cfa59e34ef57aa753f2e5077c275417f1bb03d870f14fd
우리금융지주,지주,2024,20250318001196,사업보고서 (2024.12),20250318,1. 임원 및 직원 등의 현황,9,221,사업부문 | 성별 | 직 원 수·기간의 정함이없는 근로자 | 직 원 수·기간제근로자 | 직 원 수·합 계 | 직 원 수 | 직 원 수 | 평 균근속연수 | 연간급여총 액 | 1인평균급여액 | 남 | 여 | 계,전체 | (단시간근로자) | 전체 | (단시간근로자),,N,2026-09-16T12:08:42+09:00,000,raw/document/20250318001196.zip,7a4e4c34e094090abc8b824388592123ea45a0de13f9ddf7a26801c8ff126899
우리금융지주,지주,2024,20250318001196,사업보고서 (2024.12),20250318,1. 임원 및 직원 등의 현황,9,222,사업부문 | 성별 | 직 원 수·기간의 정함이없는 근로자 | 직 원 수·기간제근로자 | 직 원 수·합 계 | 직 원 수 | 직 원 수 | 평 균근속연수 | 연간급여총 액 | 1인평균급여액 | 남 | 여 | 계,"- | 남 | 55 | - | 30 | - | 85 | 3년 2개월 (15년 6개월) | 16,277 | 186 | - | - | - | -",,N,2026-09-16T12:08:42+09:00,000,raw/document/20250318001196.zip,7a4e4c34e094090abc8b824388592123ea45a0de13f9ddf7a26801c8ff126899
우리금융지주,지주,2024,20250318001196,사업보고서 (2024.12),20250318,1. 임원 및 직원 등의 현황,9,223,사업부문 | 성별 | 직 원 수·기간의 정함이없는 근로자 | 직 원 수·기간제근로자 | 직 원 수·합 계 | 직 원 수 | 직 원 수 | 평 균근속연수 | 연간급여총 액 | 1인평균급여액 | 남 | 여 | 계,"- | 여 | 15 | - | 7 | - | 22 | 3년 8개월 (12년 6개월) | 2,574 | 121 | -",,N,2026-09-16T12:08:42+09:00,000,raw/document/20250318001196.zip,7a4e4c34e094090abc8b824388592123ea45a0de13f9ddf7a26801c8ff126899
우리금융지주,지주,2024,20250318001196,사업보고서 (2024.12),20250318,1. 임원 및 직원 등의 현황,9,224,사업부문 | 성별 | 직 원 수·기간의 정함이없는 근로자 | 직 원 수·기간제근로자 | 직 원 수·합 계 | 직 원 수 | 직 원 수 | 평 균근속연수 | 연간급여총 액 | 1인평균급여액 | 남 | 여 | 계,"합 계 | 70 | - | 37 | - | 107 | 3년 3개월(14년 10개월) | 18,851 | 174 | -",,N,2026-09-16T12:08:42+09:00,000,raw/document/20250318001196.zip,7a4e4c34e094090abc8b824388592123ea45a0de13f9ddf7a26801c8ff126899
신한라이프생명보험,보험자회사,2024,20250318001216,사업보고서 (2024.12),20250318,1. 임원 및 직원 등의 현황,13,225,사업부문 | 성별 | 직 원 수·기간의 정함이없는 근로자 | 직 원 수·기간제근로자 | 직 원 수·합 계 | 직 원 수 | 직 원 수 | 평 균근속연수 | 연간급여총 액 | 1인평균급여액 | 남 | 여 | 계,전체 | (단시간근로자) | 전체 | (단시간근로자),,N,2026-09-16T12:09:37+09:00,000,raw/document/20250318001216.zip,417f6fef3407e742ee6540c36ee66bb1de9f593facfa59a257cf9e4d50bce30b
신한라이프생명보험,보험자회사,2024,20250318001216,사업보고서 (2024.12),20250318,1. 임원 및 직원 등의 현황,13,226,사업부문 | 성별 | 직 원 수·기간의 정함이없는 근로자 | 직 원 수·기간제근로자 | 직 원 수·합 계 | 직 원 수 | 직 원 수 | 평 균근속연수 | 연간급여총 액 | 1인평균급여액 | 남 | 여 | 계,"보험업 | 남 | 657 | 7 | 7 | - | 664 | 13.7 | 87,112 | 133 | 152 | 476 | 628 | -",,N,2026-09-16T12:09:37+09:00,000,raw/document/20250318001216.zip,417f6fef3407e742ee6540c36ee66bb1de9f593facfa59a257cf9e4d50bce30b
신한라이프생명보험,보험자회사,2024,20250318001216,사업보고서 (2024.12),20250318,1. 임원 및 직원 등의 현황,13,227,사업부문 | 성별 | 직 원 수·기간의 정함이없는 근로자 | 직 원 수·기간제근로자 | 직 원 수·합 계 | 직 원 수 | 직 원 수 | 평 균근속연수 | 연간급여총 액 | 1인평균급여액 | 남 | 여 | 계,"보험업 | 여 | 876 | 1 | 10 | - | 886 | 16.5 | 90,574 | 103 | -",,N,2026-09-16T12:09:37+09:00,000,raw/document/20250318001216.zip,417f6fef3407e742ee6540c36ee66bb1de9f593facfa59a257cf9e4d50bce30b
신한라이프생명보험,보험자회사,2024,20250318001216,사업보고서 (2024.12),20250318,1. 임원 및 직원 등의 현황,13,228,사업부문 | 성별 | 직 원 수·기간의 정함이없는 근로자 | 직 원 수·기간제근로자 | 직 원 수·합 계 | 직 원 수 | 직 원 수 | 평 균근속연수 | 연간급여총 액 | 1인평균급여액 | 남 | 여 | 계,"합 계 | 1,533 | 8 | 17 | - | 1,550 | 15.3 | 177,686 | 116 | -",,N,2026-09-16T12:09:37+09:00,000,raw/document/20250318001216.zip,417f6fef3407e742ee6540c36ee66bb1de9f593facfa59a257cf9e4d50bce30b
동양생명보험,보험자회사,2024,20250319000486,사업보고서 (2024.12),20250319,1. 임원 및 직원 등의 현황,10,229,사업부문 | 성별 | 직 원 수·기간의 정함이없는 근로자 | 직 원 수·기간제근로자 | 직 원 수·합 계 | 직 원 수 | 직 원 수 | 평 균근속연수 | 연간급여총 액 | 1인평균급여액 | 남 | 여 | 계,전체 | (단시간근로자) | 전체 | (단시간근로자),,N,2026-09-16T12:11:14+09:00,000,raw/document/20250319000486.zip,4c745776253e786cfd15d1d10f58e69ad7c570acced107dfa24f34b45d1b7353
동양생명보험,보험자회사,2024,20250319000486,사업보고서 (2024.12),20250319,1. 임원 및 직원 등의 현황,10,230,사업부문 | 성별 | 직 원 수·기간의 정함이없는 근로자 | 직 원 수·기간제근로자 | 직 원 수·합 계 | 직 원 수 | 직 원 수 | 평 균근속연수 | 연간급여총 액 | 1인평균급여액 | 남 | 여 | 계,"관리부문 | 남 | 263 | 1 | 23 | 2 | 286 | 11.5 | 36,002 | 126 | 153 | 270 | 423 | -",,N,2026-09-16T12:11:14+09:00,000,raw/document/20250319000486.zip,4c745776253e786cfd15d1d10f58e69ad7c570acced107dfa24f34b45d1b7353
동양생명보험,보험자회사,2024,20250319000486,사업보고서 (2024.12),20250319,1. 임원 및 직원 등의 현황,10,231,사업부문 | 성별 | 직 원 수·기간의 정함이없는 근로자 | 직 원 수·기간제근로자 | 직 원 수·합 계 | 직 원 수 | 직 원 수 | 평 균근속연수 | 연간급여총 액 | 1인평균급여액 | 남 | 여 | 계,"관리부문 | 여 | 257 | - | 9 | 4 | 266 | 13.6 | 23,158 | 87 | -",,N,2026-09-16T12:11:14+09:00,000,raw/document/20250319000486.zip,4c745776253e786cfd15d1d10f58e69ad7c570acced107dfa24f34b45d1b7353
동양생명보험,보험자회사,2024,20250319000486,사업보고서 (2024.12),20250319,1. 임원 및 직원 등의 현황,10,232,사업부문 | 성별 | 직 원 수·기간의 정함이없는 근로자 | 직 원 수·기간제근로자 | 직 원 수·합 계 | 직 원 수 | 직 원 수 | 평 균근속연수 | 연간급여총 액 | 1인평균급여액 | 남 | 여 | 계,"영업부문 | 남 | 101 | - | - | - | 101 | 13.7 | 14,663 | 145 | -",,N,2026-09-16T12:11:14+09:00,000,raw/document/20250319000486.zip,4c745776253e786cfd15d1d10f58e69ad7c570acced107dfa24f34b45d1b7353
동양생명보험,보험자회사,2024,20250319000486,사업보고서 (2024.12),20250319,1. 임원 및 직원 등의 현황,10,233,사업부문 | 성별 | 직 원 수·기간의 정함이없는 근로자 | 직 원 수·기간제근로자 | 직 원 수·합 계 | 직 원 수 | 직 원 수 | 평 균근속연수 | 연간급여총 액 | 1인평균급여액 | 남 | 여 | 계,"영업부문 | 여 | 204 | - | - | - | 204 | 21.4 | 21,276 | 104 | -",,N,2026-09-16T12:11:14+09:00,000,raw/document/20250319000486.zip,4c745776253e786cfd15d1d10f58e69ad7c570acced107dfa24f34b45d1b7353
동양생명보험,보험자회사,2024,20250319000486,사업보고서 (2024.12),20250319,1. 임원 및 직원 등의 현황,10,234,사업부문 | 성별 | 직 원 수·기간의 정함이없는 근로자 | 직 원 수·기간제근로자 | 직 원 수·합 계 | 직 원 수 | 직 원 수 | 평 균근속연수 | 연간급여총 액 | 1인평균급여액 | 남 | 여 | 계,"자산운용부문 | 남 | 46 | - | 2 | - | 48 | 10.3 | 7,020 | 146 | -",,N,2026-09-16T12:11:14+09:00,000,raw/document/20250319000486.zip,4c745776253e786cfd15d1d10f58e69ad7c570acced107dfa24f34b45d1b7353
동양생명보험,보험자회사,2024,20250319000486,사업보고서 (2024.12),20250319,1. 임원 및 직원 등의 현황,10,235,사업부문 | 성별 | 직 원 수·기간의 정함이없는 근로자 | 직 원 수·기간제근로자 | 직 원 수·합 계 | 직 원 수 | 직 원 수 | 평 균근속연수 | 연간급여총 액 | 1인평균급여액 | 남 | 여 | 계,"자산운용부문 | 여 | 30 | - | 2 | 2 | 32 | 9.2 | 2,626 | 82 | -",,N,2026-09-16T12:11:14+09:00,000,raw/document/20250319000486.zip,4c745776253e786cfd15d1d10f58e69ad7c570acced107dfa24f34b45d1b7353
동양생명보험,보험자회사,2024,20250319000486,사업보고서 (2024.12),20250319,1. 임원 및 직원 등의 현황,10,236,사업부문 | 성별 | 직 원 수·기간의 정함이없는 근로자 | 직 원 수·기간제근로자 | 직 원 수·합 계 | 직 원 수 | 직 원 수 | 평 균근속연수 | 연간급여총 액 | 1인평균급여액 | 남 | 여 | 계,"합 계 | 901 | 1 | 36 | 8 | 937 | 14.2 | 104,746 | 112 | -",,N,2026-09-16T12:11:14+09:00,000,raw/document/20250319000486.zip,4c745776253e786cfd15d1d10f58e69ad7c570acced107dfa24f34b45d1b7353
JB금융지주,지주,2024,20250319000926,사업보고서 (2024.12),20250319,1. 임원 및 직원 등의 현황,12,237,사업부문 | 성별 | 직 원 수·기간의 정함이없는 근로자 | 직 원 수·기간제근로자 | 직 원 수·합 계 | 직 원 수 | 직 원 수 | 평 균근속연수 | 연간급여총 액 | 1인평균급여액 | 남 | 여 | 계,전체 | (단시간근로자) | 전체 | (단시간근로자),,N,2026-09-22T12:06:23+09:00,000,raw/document/20250319000926.zip,628d09d14ebd9160b3048908ab895a1da5ac0859ad9eb84462dce90c6e2f61e1
JB금융지주,지주,2024,20250319000926,사업보고서 (2024.12),20250319,1. 임원 및 직원 등의 현황,12,238,사업부문 | 성별 | 직 원 수·기간의 정함이없는 근로자 | 직 원 수·기간제근로자 | 직 원 수·합 계 | 직 원 수 | 직 원 수 | 평 균근속연수 | 연간급여총 액 | 1인평균급여액 | 남 | 여 | 계,"금융업 | 남 | 61 | - | 24 | - | 85 | 2년 11개월 | 16,146 | 200 | - | - | - | -",,N,2026-09-22T12:06:23+09:00,000,raw/document/20250319000926.zip,628d09d14ebd9160b3048908ab895a1da5ac0859ad9eb84462dce90c6e2f61e1
JB금융지주,지주,2024,20250319000926,사업보고서 (2024.12),20250319,1. 임원 및 직원 등의 현황,12,239,사업부문 | 성별 | 직 원 수·기간의 정함이없는 근로자 | 직 원 수·기간제근로자 | 직 원 수·합 계 | 직 원 수 | 직 원 수 | 평 균근속연수 | 연간급여총 액 | 1인평균급여액 | 남 | 여 | 계,"금융업 | 여 | 15 | - | 9 | - | 24 | 3년 6개월 | 2,583 | 113 | -",,N,2026-09-22T12:06:23+09:00,000,raw/document/20250319000926.zip,628d09d14ebd9160b3048908ab895a1da5ac0859ad9eb84462dce90c6e2f61e1
JB금융지주,지주,2024,20250319000926,사업보고서 (2024.12),20250319,1. 임원 및 직원 등의 현황,12,240,사업부문 | 성별 | 직 원 수·기간의 정함이없는 근로자 | 직 원 수·기간제근로자 | 직 원 수·합 계 | 직 원 수 | 직 원 수 | 평 균근속연수 | 연간급여총 액 | 1인평균급여액 | 남 | 여 | 계,"합 계 | 76 | - | 33 | - | 109 | 3년 1개월 | 18,729 | 181 | -",,N,2026-09-22T12:06:23+09:00,000,raw/document/20250319000926.zip,628d09d14ebd9160b3048908ab895a1da5ac0859ad9eb84462dce90c6e2f61e1
메리츠금융지주,지주,2024,20250319001090,사업보고서 (2024.12),20250319,1. 임원 및 직원 등의 현황,8,241,사업부문 | 성별 | 직 원 수·기간의 정함이없는 근로자 | 직 원 수·기간제근로자 | 직 원 수·합 계 | 직 원 수 | 직 원 수 | 평 균근속연수 | 연간급여총 액 | 1인평균급여액 | 남 | 여 | 계,전체 | (단시간근로자) | 전체 | (단시간근로자),,N,2026-09-16T12:12:02+09:00,000,raw/document/20250319001090.zip,6cc3f1acb81d97af75b015820c13c218b90074e43d44319d62ef1ce7f205f7d0
메리츠금융지주,지주,2024,20250319001090,사업보고서 (2024.12),20250319,1. 임원 및 직원 등의 현황,8,242,사업부문 | 성별 | 직 원 수·기간의 정함이없는 근로자 | 직 원 수·기간제근로자 | 직 원 수·합 계 | 직 원 수 | 직 원 수 | 평 균근속연수 | 연간급여총 액 | 1인평균급여액 | 남 | 여 | 계,"경영관리 | 남 | 12 | - | 14 | - | 26 | 2.8 | 5,254 | 202 | - | - | - | -",,N,2026-09-16T12:12:02+09:00,000,raw/document/20250319001090.zip,6cc3f1acb81d97af75b015820c13c218b90074e43d44319d62ef1ce7f205f7d0
메리츠금융지주,지주,2024,20250319001090,사업보고서 (2024.12),20250319,1. 임원 및 직원 등의 현황,8,243,사업부문 | 성별 | 직 원 수·기간의 정함이없는 근로자 | 직 원 수·기간제근로자 | 직 원 수·합 계 | 직 원 수 | 직 원 수 | 평 균근속연수 | 연간급여총 액 | 1인평균급여액 | 남 | 여 | 계,"경영관리 | 여 | 9 | - | 1 | - | 10 | 5.9 | 1,697 | 170 | -",,N,2026-09-16T12:12:02+09:00,000,raw/document/20250319001090.zip,6cc3f1acb81d97af75b015820c13c218b90074e43d44319d62ef1ce7f205f7d0
메리츠금융지주,지주,2024,20250319001090,사업보고서 (2024.12),20250319,1. 임원 및 직원 등의 현황,8,244,사업부문 | 성별 | 직 원 수·기간의 정함이없는 근로자 | 직 원 수·기간제근로자 | 직 원 수·합 계 | 직 원 수 | 직 원 수 | 평 균근속연수 | 연간급여총 액 | 1인평균급여액 | 남 | 여 | 계,"합 계 | 21 | - | 15 | - | 36 | 3.7 | 6,951 | 193 | -",,N,2026-09-16T12:12:02+09:00,000,raw/document/20250319001090.zip,6cc3f1acb81d97af75b015820c13c218b90074e43d44319d62ef1ce7f205f7d0
한국금융지주,지주,2023,20250320000836,[기재정정]사업보고서 (2023.12),20250320,1. 임원 및 직원 등의 현황,11,245,사업부문 | 성별 | 직 원 수·기간의 정함이없는 근로자 | 직 원 수·기간제근로자 | 직 원 수·합 계 | 직 원 수 | 직 원 수 | 평 균근속연수 | 연간급여총 액 | 1인평균급여액 | 남 | 여 | 계,전체 | (단시간근로자) | 전체 | (단시간근로자),,N,2026-09-16T12:12:39+09:00,000,raw/document/20250320000836.zip,e2c61b7d6f16d37e99797935aa75bba84fc46e6dad40dec2b6722d85cd7dcafa
한국금융지주,지주,2023,20250320000836,[기재정정]사업보고서 (2023.12),20250320,1. 임원 및 직원 등의 현황,11,246,사업부문 | 성별 | 직 원 수·기간의 정함이없는 근로자 | 직 원 수·기간제근로자 | 직 원 수·합 계 | 직 원 수 | 직 원 수 | 평 균근속연수 | 연간급여총 액 | 1인평균급여액 | 남 | 여 | 계,"금융지주 | 남 | 48 | - | 9 | - | 57 | 3.60 | 10,054 | 178 | - | - | - | -",,N,2026-09-16T12:12:39+09:00,000,raw/document/20250320000836.zip,e2c61b7d6f16d37e99797935aa75bba84fc46e6dad40dec2b6722d85cd7dcafa
한국금융지주,지주,2023,20250320000836,[기재정정]사업보고서 (2023.12),20250320,1. 임원 및 직원 등의 현황,11,247,사업부문 | 성별 | 직 원 수·기간의 정함이없는 근로자 | 직 원 수·기간제근로자 | 직 원 수·합 계 | 직 원 수 | 직 원 수 | 평 균근속연수 | 연간급여총 액 | 1인평균급여액 | 남 | 여 | 계,"금융지주 | 여 | 14 | - | - | - | 14 | 4.23 | 1,635 | 125 | -",,N,2026-09-16T12:12:39+09:00,000,raw/document/20250320000836.zip,e2c61b7d6f16d37e99797935aa75bba84fc46e6dad40dec2b6722d85cd7dcafa
한국금융지주,지주,2023,20250320000836,[기재정정]사업보고서 (2023.12),20250320,1. 임원 및 직원 등의 현황,11,248,사업부문 | 성별 | 직 원 수·기간의 정함이없는 근로자 | 직 원 수·기간제근로자 | 직 원 수·합 계 | 직 원 수 | 직 원 수 | 평 균근속연수 | 연간급여총 액 | 1인평균급여액 | 남 | 여 | 계,"합 계 | 62 | - | 9 | - | 71 | 3.72 | 11,689 | 168 | -",,N,2026-09-16T12:12:39+09:00,000,raw/document/20250320000836.zip,e2c61b7d6f16d37e99797935aa75bba84fc46e6dad40dec2b6722d85cd7dcafa
한국금융지주,지주,2024,20250320000910,사업보고서 (2024.12),20250320,1. 임원 및 직원 등의 현황,10,249,사업부문 | 성별 | 직 원 수·기간의 정함이없는 근로자 | 직 원 수·기간제근로자 | 직 원 수·합 계 | 직 원 수 | 직 원 수 | 평 균근속연수 | 연간급여총 액 | 1인평균급여액 | 남 | 여 | 계,전체 | (단시간근로자) | 전체 | (단시간근로자),,N,2026-09-16T12:13:36+09:00,000,raw/document/20250320000910.zip,9d3a8ec7e6619ff54b7632cf2c2eab067c0b8975c027b261aa4848aad672f22d
한국금융지주,지주,2024,20250320000910,사업보고서 (2024.12),20250320,1. 임원 및 직원 등의 현황,10,250,사업부문 | 성별 | 직 원 수·기간의 정함이없는 근로자 | 직 원 수·기간제근로자 | 직 원 수·합 계 | 직 원 수 | 직 원 수 | 평 균근속연수 | 연간급여총 액 | 1인평균급여액 | 남 | 여 | 계,"금융지주 | 남 | 63 | - | 10 | - | 73 | 3.25 | 12,645 | 191 | - | - | - | -",,N,2026-09-16T12:13:36+09:00,000,raw/document/20250320000910.zip,9d3a8ec7e6619ff54b7632cf2c2eab067c0b8975c027b261aa4848aad672f22d
한국금융지주,지주,2024,20250320000910,사업보고서 (2024.12),20250320,1. 임원 및 직원 등의 현황,10,251,사업부문 | 성별 | 직 원 수·기간의 정함이없는 근로자 | 직 원 수·기간제근로자 | 직 원 수·합 계 | 직 원 수 | 직 원 수 | 평 균근속연수 | 연간급여총 액 | 1인평균급여액 | 남 | 여 | 계,"금융지주 | 여 | 14 | - | - | - | 14 | 4.27 | 1,825 | 136 | -",,N,2026-09-16T12:13:36+09:00,000,raw/document/20250320000910.zip,9d3a8ec7e6619ff54b7632cf2c2eab067c0b8975c027b261aa4848aad672f22d
한국금융지주,지주,2024,20250320000910,사업보고서 (2024.12),20250320,1. 임원 및 직원 등의 현황,10,252,사업부문 | 성별 | 직 원 수·기간의 정함이없는 근로자 | 직 원 수·기간제근로자 | 직 원 수·합 계 | 직 원 수 | 직 원 수 | 평 균근속연수 | 연간급여총 액 | 1인평균급여액 | 남 | 여 | 계,"합 계 | 77 | - | 10 | - | 87 | 3.42 | 14,470 | 182 | -",,N,2026-09-16T12:13:36+09:00,000,raw/document/20250320000910.zip,9d3a8ec7e6619ff54b7632cf2c2eab067c0b8975c027b261aa4848aad672f22d
메리츠금융지주,지주,2024,20250328001697,[기재정정]사업보고서 (2024.12),20250328,1. 임원 및 직원 등의 현황,8,253,사업부문 | 성별 | 직 원 수·기간의 정함이없는 근로자 | 직 원 수·기간제근로자 | 직 원 수·합 계 | 직 원 수 | 직 원 수 | 평 균근속연수 | 연간급여총 액 | 1인평균급여액 | 남 | 여 | 계,전체 | (단시간근로자) | 전체 | (단시간근로자),,N,2026-09-16T12:16:56+09:00,000,raw/document/20250328001697.zip,7cc127ead1dd04bddb2089fcfda285f664a59657276d39fb467049c9f288cd34
메리츠금융지주,지주,2024,20250328001697,[기재정정]사업보고서 (2024.12),20250328,1. 임원 및 직원 등의 현황,8,254,사업부문 | 성별 | 직 원 수·기간의 정함이없는 근로자 | 직 원 수·기간제근로자 | 직 원 수·합 계 | 직 원 수 | 직 원 수 | 평 균근속연수 | 연간급여총 액 | 1인평균급여액 | 남 | 여 | 계,"경영관리 | 남 | 12 | - | 14 | - | 26 | 2.8 | 5,254 | 202 | - | - | - | -",,N,2026-09-16T12:16:56+09:00,000,raw/document/20250328001697.zip,7cc127ead1dd04bddb2089fcfda285f664a59657276d39fb467049c9f288cd34
메리츠금융지주,지주,2024,20250328001697,[기재정정]사업보고서 (2024.12),20250328,1. 임원 및 직원 등의 현황,8,255,사업부문 | 성별 | 직 원 수·기간의 정함이없는 근로자 | 직 원 수·기간제근로자 | 직 원 수·합 계 | 직 원 수 | 직 원 수 | 평 균근속연수 | 연간급여총 액 | 1인평균급여액 | 남 | 여 | 계,"경영관리 | 여 | 9 | - | 1 | - | 10 | 5.9 | 1,697 | 170 | -",,N,2026-09-16T12:16:56+09:00,000,raw/document/20250328001697.zip,7cc127ead1dd04bddb2089fcfda285f664a59657276d39fb467049c9f288cd34
메리츠금융지주,지주,2024,20250328001697,[기재정정]사업보고서 (2024.12),20250328,1. 임원 및 직원 등의 현황,8,256,사업부문 | 성별 | 직 원 수·기간의 정함이없는 근로자 | 직 원 수·기간제근로자 | 직 원 수·합 계 | 직 원 수 | 직 원 수 | 평 균근속연수 | 연간급여총 액 | 1인평균급여액 | 남 | 여 | 계,"합 계 | 21 | - | 15 | - | 36 | 3.7 | 6,951 | 193 | -",,N,2026-09-16T12:16:56+09:00,000,raw/document/20250328001697.zip,7cc127ead1dd04bddb2089fcfda285f664a59657276d39fb467049c9f288cd34
동양생명보험,보험자회사,2024,20250331000321,[기재정정]사업보고서 (2024.12),20250331,1. 임원 및 직원 등의 현황,10,257,사업부문 | 성별 | 직 원 수·기간의 정함이없는 근로자 | 직 원 수·기간제근로자 | 직 원 수·합 계 | 직 원 수 | 직 원 수 | 평 균근속연수 | 연간급여총 액 | 1인평균급여액 | 남 | 여 | 계,전체 | (단시간근로자) | 전체 | (단시간근로자),,N,2026-08-31T15:10:08+09:00,000,raw/document/20250331000321.zip,55fd85102ab0345aa14537588ae8ef13cb6972d2d19d0ab3ed4e975ab622a222
동양생명보험,보험자회사,2024,20250331000321,[기재정정]사업보고서 (2024.12),20250331,1. 임원 및 직원 등의 현황,10,258,사업부문 | 성별 | 직 원 수·기간의 정함이없는 근로자 | 직 원 수·기간제근로자 | 직 원 수·합 계 | 직 원 수 | 직 원 수 | 평 균근속연수 | 연간급여총 액 | 1인평균급여액 | 남 | 여 | 계,"관리부문 | 남 | 263 | 1 | 23 | 2 | 286 | 11.5 | 36,002 | 126 | 153 | 270 | 423 | -",,N,2026-08-31T15:10:08+09:00,000,raw/document/20250331000321.zip,55fd85102ab0345aa14537588ae8ef13cb6972d2d19d0ab3ed4e975ab622a222
동양생명보험,보험자회사,2024,20250331000321,[기재정정]사업보고서 (2024.12),20250331,1. 임원 및 직원 등의 현황,10,259,사업부문 | 성별 | 직 원 수·기간의 정함이없는 근로자 | 직 원 수·기간제근로자 | 직 원 수·합 계 | 직 원 수 | 직 원 수 | 평 균근속연수 | 연간급여총 액 | 1인평균급여액 | 남 | 여 | 계,"관리부문 | 여 | 257 | - | 9 | 4 | 266 | 13.6 | 23,158 | 87 | -",,N,2026-08-31T15:10:08+09:00,000,raw/document/20250331000321.zip,55fd85102ab0345aa14537588ae8ef13cb6972d2d19d0ab3ed4e975ab622a222
동양생명보험,보험자회사,2024,20250331000321,[기재정정]사업보고서 (2024.12),20250331,1. 임원 및 직원 등의 현황,10,260,사업부문 | 성별 | 직 원 수·기간의 정함이없는 근로자 | 직 원 수·기간제근로자 | 직 원 수·합 계 | 직 원 수 | 직 원 수 | 평 균근속연수 | 연간급여총 액 | 1인평균급여액 | 남 | 여 | 계,"영업부문 | 남 | 101 | - | - | - | 101 | 13.7 | 14,663 | 145 | -",,N,2026-08-31T15:10:08+09:00,000,raw/document/20250331000321.zip,55fd85102ab0345aa14537588ae8ef13cb6972d2d19d0ab3ed4e975ab622a222
동양생명보험,보험자회사,2024,20250331000321,[기재정정]사업보고서 (2024.12),20250331,1. 임원 및 직원 등의 현황,10,261,사업부문 | 성별 | 직 원 수·기간의 정함이없는 근로자 | 직 원 수·기간제근로자 | 직 원 수·합 계 | 직 원 수 | 직 원 수 | 평 균근속연수 | 연간급여총 액 | 1인평균급여액 | 남 | 여 | 계,"영업부문 | 여 | 204 | - | - | - | 204 | 21.4 | 21,276 | 104 | -",,N,2026-08-31T15:10:08+09:00,000,raw/document/20250331000321.zip,55fd85102ab0345aa14537588ae8ef13cb6972d2d19d0ab3ed4e975ab622a222
동양생명보험,보험자회사,2024,20250331000321,[기재정정]사업보고서 (2024.12),20250331,1. 임원 및 직원 등의 현황,10,262,사업부문 | 성별 | 직 원 수·기간의 정함이없는 근로자 | 직 원 수·기간제근로자 | 직 원 수·합 계 | 직 원 수 | 직 원 수 | 평 균근속연수 | 연간급여총 액 | 1인평균급여액 | 남 | 여 | 계,"자산운용부문 | 남 | 46 | - | 2 | - | 48 | 10.3 | 7,020 | 146 | -",,N,2026-08-31T15:10:08+09:00,000,raw/document/20250331000321.zip,55fd85102ab0345aa14537588ae8ef13cb6972d2d19d0ab3ed4e975ab622a222
동양생명보험,보험자회사,2024,20250331000321,[기재정정]사업보고서 (2024.12),20250331,1. 임원 및 직원 등의 현황,10,263,사업부문 | 성별 | 직 원 수·기간의 정함이없는 근로자 | 직 원 수·기간제근로자 | 직 원 수·합 계 | 직 원 수 | 직 원 수 | 평 균근속연수 | 연간급여총 액 | 1인평균급여액 | 남 | 여 | 계,"자산운용부문 | 여 | 30 | - | 2 | 2 | 32 | 9.2 | 2,626 | 82 | -",,N,2026-08-31T15:10:08+09:00,000,raw/document/20250331000321.zip,55fd85102ab0345aa14537588ae8ef13cb6972d2d19d0ab3ed4e975ab622a222
동양생명보험,보험자회사,2024,20250331000321,[기재정정]사업보고서 (2024.12),20250331,1. 임원 및 직원 등의 현황,10,264,사업부문 | 성별 | 직 원 수·기간의 정함이없는 근로자 | 직 원 수·기간제근로자 | 직 원 수·합 계 | 직 원 수 | 직 원 수 | 평 균근속연수 | 연간급여총 액 | 1인평균급여액 | 남 | 여 | 계,"합 계 | 901 | 1 | 36 | 8 | 937 | 14.2 | 104,746 | 112 | -",,N,2026-08-31T15:10:08+09:00,000,raw/document/20250331000321.zip,55fd85102ab0345aa14537588ae8ef13cb6972d2d19d0ab3ed4e975ab622a222
KB라이프생명보험,보험자회사,2024,20250331002307,[기재정정]사업보고서 (2024.12),20250331,1. 임원 및 직원 등의 현황,15,265,사업부문 | 성별 | 직 원 수·기간의 정함이없는 근로자 | 직 원 수·기간제근로자 | 직 원 수·합 계 | 직 원 수 | 직 원 수 | 평 균근속연수 | 연간급여총 액 | 1인평균급여액 | 남 | 여 | 계,전체 | (단시간근로자) | 전체 | (단시간근로자),,N,2026-09-16T12:19:19+09:00,000,raw/document/20250331002307.zip,b8bed860df56dcdca736d6a647aae64f672aeba14516c75f49245edbe48f8f68
KB라이프생명보험,보험자회사,2024,20250331002307,[기재정정]사업보고서 (2024.12),20250331,1. 임원 및 직원 등의 현황,15,266,사업부문 | 성별 | 직 원 수·기간의 정함이없는 근로자 | 직 원 수·기간제근로자 | 직 원 수·합 계 | 직 원 수 | 직 원 수 | 평 균근속연수 | 연간급여총 액 | 1인평균급여액 | 남 | 여 | 계,"전사 | 남 | 321 | 321 | 30 | 30 | 351 | 9.6 | 41,878 | 119 | 129 | 180 | 308 | -",,N,2026-09-16T12:19:19+09:00,000,raw/document/20250331002307.zip,b8bed860df56dcdca736d6a647aae64f672aeba14516c75f49245edbe48f8f68
KB라이프생명보험,보험자회사,2024,20250331002307,[기재정정]사업보고서 (2024.12),20250331,1. 임원 및 직원 등의 현황,15,267,사업부문 | 성별 | 직 원 수·기간의 정함이없는 근로자 | 직 원 수·기간제근로자 | 직 원 수·합 계 | 직 원 수 | 직 원 수 | 평 균근속연수 | 연간급여총 액 | 1인평균급여액 | 남 | 여 | 계,"전사 | 여 | 325 | 325 | 40 | 40 | 365 | 10.0 | 33,763 | 93 | -",,N,2026-09-16T12:19:19+09:00,000,raw/document/20250331002307.zip,b8bed860df56dcdca736d6a647aae64f672aeba14516c75f49245edbe48f8f68
KB라이프생명보험,보험자회사,2024,20250331002307,[기재정정]사업보고서 (2024.12),20250331,1. 임원 및 직원 등의 현황,15,268,사업부문 | 성별 | 직 원 수·기간의 정함이없는 근로자 | 직 원 수·기간제근로자 | 직 원 수·합 계 | 직 원 수 | 직 원 수 | 평 균근속연수 | 연간급여총 액 | 1인평균급여액 | 남 | 여 | 계,"합 계 | 646 | 646 | 70 | 70 | 716 | 9.8 | 75,641 | 106 | -",,N,2026-09-16T12:19:19+09:00,000,raw/document/20250331002307.zip,b8bed860df56dcdca736d6a647aae64f672aeba14516c75f49245edbe48f8f68
신한라이프생명보험,보험자회사,2024,20250331002840,[기재정정]사업보고서 (2024.12),20250331,1. 임원 및 직원 등의 현황,13,269,사업부문 | 성별 | 직 원 수·기간의 정함이없는 근로자 | 직 원 수·기간제근로자 | 직 원 수·합 계 | 직 원 수 | 직 원 수 | 평 균근속연수 | 연간급여총 액 | 1인평균급여액 | 남 | 여 | 계,전체 | (단시간근로자) | 전체 | (단시간근로자),,N,2026-09-16T12:19:52+09:00,000,raw/document/20250331002840.zip,736c8177431afaa0bd42ff38fbefe98eb497f532915ddece60e1af02173b2033
신한라이프생명보험,보험자회사,2024,20250331002840,[기재정정]사업보고서 (2024.12),20250331,1. 임원 및 직원 등의 현황,13,270,사업부문 | 성별 | 직 원 수·기간의 정함이없는 근로자 | 직 원 수·기간제근로자 | 직 원 수·합 계 | 직 원 수 | 직 원 수 | 평 균근속연수 | 연간급여총 액 | 1인평균급여액 | 남 | 여 | 계,"보험업 | 남 | 657 | 7 | 7 | - | 664 | 13.7 | 87,112 | 133 | 152 | 476 | 628 | -",,N,2026-09-16T12:19:52+09:00,000,raw/document/20250331002840.zip,736c8177431afaa0bd42ff38fbefe98eb497f532915ddece60e1af02173b2033
신한라이프생명보험,보험자회사,2024,20250331002840,[기재정정]사업보고서 (2024.12),20250331,1. 임원 및 직원 등의 현황,13,271,사업부문 | 성별 | 직 원 수·기간의 정함이없는 근로자 | 직 원 수·기간제근로자 | 직 원 수·합 계 | 직 원 수 | 직 원 수 | 평 균근속연수 | 연간급여총 액 | 1인평균급여액 | 남 | 여 | 계,"보험업 | 여 | 876 | 1 | 10 | - | 886 | 16.5 | 90,574 | 103 | -",,N,2026-09-16T12:19:52+09:00,000,raw/document/20250331002840.zip,736c8177431afaa0bd42ff38fbefe98eb497f532915ddece60e1af02173b2033
신한라이프생명보험,보험자회사,2024,20250331002840,[기재정정]사업보고서 (2024.12),20250331,1. 임원 및 직원 등의 현황,13,272,사업부문 | 성별 | 직 원 수·기간의 정함이없는 근로자 | 직 원 수·기간제근로자 | 직 원 수·합 계 | 직 원 수 | 직 원 수 | 평 균근속연수 | 연간급여총 액 | 1인평균급여액 | 남 | 여 | 계,"합 계 | 1,533 | 8 | 17 | - | 1,550 | 15.3 | 177,686 | 116 | -",,N,2026-09-16T12:19:52+09:00,000,raw/document/20250331002840.zip,736c8177431afaa0bd42ff38fbefe98eb497f532915ddece60e1af02173b2033
신한라이프생명보험,보험자회사,2024,20250331002957,[기재정정]사업보고서 (2024.12),20250331,1. 임원 및 직원 등의 현황,13,273,사업부문 | 성별 | 직 원 수·기간의 정함이없는 근로자 | 직 원 수·기간제근로자 | 직 원 수·합 계 | 직 원 수 | 직 원 수 | 평 균근속연수 | 연간급여총 액 | 1인평균급여액 | 남 | 여 | 계,전체 | (단시간근로자) | 전체 | (단시간근로자),,N,2026-09-16T12:20:25+09:00,000,raw/document/20250331002957.zip,3f0044b117f702acc0c79b032d9f80fe44934c45b53c6dcddb7d29905544c576
신한라이프생명보험,보험자회사,2024,20250331002957,[기재정정]사업보고서 (2024.12),20250331,1. 임원 및 직원 등의 현황,13,274,사업부문 | 성별 | 직 원 수·기간의 정함이없는 근로자 | 직 원 수·기간제근로자 | 직 원 수·합 계 | 직 원 수 | 직 원 수 | 평 균근속연수 | 연간급여총 액 | 1인평균급여액 | 남 | 여 | 계,"보험업 | 남 | 657 | 7 | 7 | - | 664 | 13.7 | 87,112 | 133 | 152 | 476 | 628 | -",,N,2026-09-16T12:20:25+09:00,000,raw/document/20250331002957.zip,3f0044b117f702acc0c79b032d9f80fe44934c45b53c6dcddb7d29905544c576
신한라이프생명보험,보험자회사,2024,20250331002957,[기재정정]사업보고서 (2024.12),20250331,1. 임원 및 직원 등의 현황,13,275,사업부문 | 성별 | 직 원 수·기간의 정함이없는 근로자 | 직 원 수·기간제근로자 | 직 원 수·합 계 | 직 원 수 | 직 원 수 | 평 균근속연수 | 연간급여총 액 | 1인평균급여액 | 남 | 여 | 계,"보험업 | 여 | 876 | 1 | 10 | - | 886 | 16.5 | 90,574 | 103 | -",,N,2026-09-16T12:20:25+09:00,000,raw/document/20250331002957.zip,3f0044b117f702acc0c79b032d9f80fe44934c45b53c6dcddb7d29905544c576
신한라이프생명보험,보험자회사,2024,20250331002957,[기재정정]사업보고서 (2024.12),20250331,1. 임원 및 직원 등의 현황,13,276,사업부문 | 성별 | 직 원 수·기간의 정함이없는 근로자 | 직 원 수·기간제근로자 | 직 원 수·합 계 | 직 원 수 | 직 원 수 | 평 균근속연수 | 연간급여총 액 | 1인평균급여액 | 남 | 여 | 계,"합 계 | 1,533 | 8 | 17 | - | 1,550 | 15.3 | 177,686 | 116 | -",,N,2026-09-16T12:20:25+09:00,000,raw/document/20250331002957.zip,3f0044b117f702acc0c79b032d9f80fe44934c45b53c6dcddb7d29905544c576
메리츠화재해상보험,보험자회사,2024,20250331003145,사업보고서 (2024.12),20250331,1. 임원 및 직원 등의 현황,6,277,사업부문 | 성별 | 직 원 수·기간의 정함이없는 근로자 | 직 원 수·기간제근로자 | 직 원 수·합 계 | 직 원 수 | 직 원 수 | 평 균근속연수 | 연간급여총 액 | 1인평균급여액 | 남 | 여 | 계,전체 | (단시간근로자) | 전체 | (단시간근로자),,N,2026-09-16T12:21:37+09:00,000,raw/document/20250331003145.zip,3abbab44f66a6b11e93d5fe89476bd04ab6b1cff628e861148660f2851b04394
메리츠화재해상보험,보험자회사,2024,20250331003145,사업보고서 (2024.12),20250331,1. 임원 및 직원 등의 현황,6,278,사업부문 | 성별 | 직 원 수·기간의 정함이없는 근로자 | 직 원 수·기간제근로자 | 직 원 수·합 계 | 직 원 수 | 직 원 수 | 평 균근속연수 | 연간급여총 액 | 1인평균급여액 | 남 | 여 | 계,"보험 | 남 | 1,036 | 2 | 104 | 2 | 1,140 | 10년11개월 | 167,150,595 | 169,305 | 220 | 120 | 340 | -",,N,2026-09-16T12:21:37+09:00,000,raw/document/20250331003145.zip,3abbab44f66a6b11e93d5fe89476bd04ab6b1cff628e861148660f2851b04394
메리츠화재해상보험,보험자회사,2024,20250331003145,사업보고서 (2024.12),20250331,1. 임원 및 직원 등의 현황,6,279,사업부문 | 성별 | 직 원 수·기간의 정함이없는 근로자 | 직 원 수·기간제근로자 | 직 원 수·합 계 | 직 원 수 | 직 원 수 | 평 균근속연수 | 연간급여총 액 | 1인평균급여액 | 남 | 여 | 계,"보험 | 여 | 1,191 | 20 | 513 | 26 | 1,704 | 10년11개월 | 95,136,693 | 99,148 | -",,N,2026-09-16T12:21:37+09:00,000,raw/document/20250331003145.zip,3abbab44f66a6b11e93d5fe89476bd04ab6b1cff628e861148660f2851b04394
메리츠화재해상보험,보험자회사,2024,20250331003145,사업보고서 (2024.12),20250331,1. 임원 및 직원 등의 현황,6,280,사업부문 | 성별 | 직 원 수·기간의 정함이없는 근로자 | 직 원 수·기간제근로자 | 직 원 수·합 계 | 직 원 수 | 직 원 수 | 평 균근속연수 | 연간급여총 액 | 1인평균급여액 | 남 | 여 | 계,"합 계 | 2,227 | 22 | 617 | 28 | 2,844 | 10년11개월 | 262,287,288 | 138,762 | -",,N,2026-09-16T12:21:37+09:00,000,raw/document/20250331003145.zip,3abbab44f66a6b11e93d5fe89476bd04ab6b1cff628e861148660f2851b04394
농협금융지주,지주,2024,20250331003837,사업보고서 (2024.12),20250331,1. 임원 및 직원 등의 현황,7,281,사업부문 | 성별 | 직 원 수·기간의 정함이없는 근로자 | 직 원 수·기간제근로자 | 직 원 수·합 계 | 직 원 수 | 직 원 수 | 평 균근속연수 | 연간급여총 액 | 1인평균급여액 | 남 | 여 | 계,전체 | (단시간근로자) | 전체 | (단시간근로자),,N,2026-09-22T12:07:30+09:00,000,raw/document/20250331003837.zip,cc0c2dfef53990003ff979f8a80414120a6e523155bd32693fac3c35884e09b7
농협금융지주,지주,2024,20250331003837,사업보고서 (2024.12),20250331,1. 임원 및 직원 등의 현황,7,282,사업부문 | 성별 | 직 원 수·기간의 정함이없는 근로자 | 직 원 수·기간제근로자 | 직 원 수·합 계 | 직 원 수 | 직 원 수 | 평 균근속연수 | 연간급여총 액 | 1인평균급여액 | 남 | 여 | 계,"사무관리 | 남 | 120 | - | 28 | - | 148 | 4.1 (14.5) | 23,680 | 160 | - | - | - | -",,N,2026-09-22T12:07:30+09:00,000,raw/document/20250331003837.zip,cc0c2dfef53990003ff979f8a80414120a6e523155bd32693fac3c35884e09b7
농협금융지주,지주,2024,20250331003837,사업보고서 (2024.12),20250331,1. 임원 및 직원 등의 현황,7,283,사업부문 | 성별 | 직 원 수·기간의 정함이없는 근로자 | 직 원 수·기간제근로자 | 직 원 수·합 계 | 직 원 수 | 직 원 수 | 평 균근속연수 | 연간급여총 액 | 1인평균급여액 | 남 | 여 | 계,"사무관리 | 여 | 25 | - | 27 | - | 52 | 3 (8.4) | 5,519 | 106 | -",,N,2026-09-22T12:07:30+09:00,000,raw/document/20250331003837.zip,cc0c2dfef53990003ff979f8a80414120a6e523155bd32693fac3c35884e09b7
농협금융지주,지주,2024,20250331003837,사업보고서 (2024.12),20250331,1. 임원 및 직원 등의 현황,7,284,사업부문 | 성별 | 직 원 수·기간의 정함이없는 근로자 | 직 원 수·기간제근로자 | 직 원 수·합 계 | 직 원 수 | 직 원 수 | 평 균근속연수 | 연간급여총 액 | 1인평균급여액 | 남 | 여 | 계,"합 계 | 145 | - | 55 | - | 200 | 3.8 (12.9) | 29,199 | 146 | -",,N,2026-09-22T12:07:30+09:00,000,raw/document/20250331003837.zip,cc0c2dfef53990003ff979f8a80414120a6e523155bd32693fac3c35884e09b7
KB손해보험,보험자회사,2024,20250331004034,[기재정정]사업보고서 (2024.12),20250331,1. 임원 및 직원 등의 현황,15,285,사업부문 | 성별 | 직 원 수·기간의 정함이없는 근로자 | 직 원 수·기간제근로자 | 직 원 수·합 계 | 직 원 수 | 직 원 수 | 평 균근속연수 | 연간급여총 액 | 1인평균급여액 | 남 | 여 | 계,전체 | (단시간근로자) | 전체 | (단시간근로자),,N,2026-09-16T12:28:18+09:00,000,raw/document/20250331004034.zip,ab2022b795e6b49511c8aa78862e3061d1db2d5e60b45028471e5a4f92d8e1e3
KB손해보험,보험자회사,2024,20250331004034,[기재정정]사업보고서 (2024.12),20250331,1. 임원 및 직원 등의 현황,15,286,사업부문 | 성별 | 직 원 수·기간의 정함이없는 근로자 | 직 원 수·기간제근로자 | 직 원 수·합 계 | 직 원 수 | 직 원 수 | 평 균근속연수 | 연간급여총 액 | 1인평균급여액 | 남 | 여 | 계,"금융업 | 남 | 1,397 | 0 | 57 | 0 | 1,454 | 16.2 | 188,705 | 130 | 629 | 1,070 | 1,699 | -",,N,2026-09-16T12:28:18+09:00,000,raw/document/20250331004034.zip,ab2022b795e6b49511c8aa78862e3061d1db2d5e60b45028471e5a4f92d8e1e3
KB손해보험,보험자회사,2024,20250331004034,[기재정정]사업보고서 (2024.12),20250331,1. 임원 및 직원 등의 현황,15,287,사업부문 | 성별 | 직 원 수·기간의 정함이없는 근로자 | 직 원 수·기간제근로자 | 직 원 수·합 계 | 직 원 수 | 직 원 수 | 평 균근속연수 | 연간급여총 액 | 1인평균급여액 | 남 | 여 | 계,"금융업 | 여 | 1,458 | 0 | 94 | 0 | 1,552 | 14.6 | 130,186 | 84 | -",,N,2026-09-16T12:28:18+09:00,000,raw/document/20250331004034.zip,ab2022b795e6b49511c8aa78862e3061d1db2d5e60b45028471e5a4f92d8e1e3
KB손해보험,보험자회사,2024,20250331004034,[기재정정]사업보고서 (2024.12),20250331,1. 임원 및 직원 등의 현황,15,288,사업부문 | 성별 | 직 원 수·기간의 정함이없는 근로자 | 직 원 수·기간제근로자 | 직 원 수·합 계 | 직 원 수 | 직 원 수 | 평 균근속연수 | 연간급여총 액 | 1인평균급여액 | 남 | 여 | 계,"합 계 | 2,855 | 0 | 151 | 0 | 3,006 | 15.4 | 318,891 | 106 | -",,N,2026-09-16T12:28:18+09:00,000,raw/document/20250331004034.zip,ab2022b795e6b49511c8aa78862e3061d1db2d5e60b45028471e5a4f92d8e1e3
KB라이프생명보험,보험자회사,2024,20250428000500,[기재정정]사업보고서 (2024.12),20250428,1. 임원 및 직원 등의 현황,15,289,사업부문 | 성별 | 직 원 수·기간의 정함이없는 근로자 | 직 원 수·기간제근로자 | 직 원 수·합 계 | 직 원 수 | 직 원 수 | 평 균근속연수 | 연간급여총 액 | 1인평균급여액 | 남 | 여 | 계,전체 | (단시간근로자) | 전체 | (단시간근로자),,N,2026-09-16T12:30:18+09:00,000,raw/document/20250428000500.zip,5e09f465eb92453a918957344f3185f4c05c50930df450222ed64350900dd3c9
KB라이프생명보험,보험자회사,2024,20250428000500,[기재정정]사업보고서 (2024.12),20250428,1. 임원 및 직원 등의 현황,15,290,사업부문 | 성별 | 직 원 수·기간의 정함이없는 근로자 | 직 원 수·기간제근로자 | 직 원 수·합 계 | 직 원 수 | 직 원 수 | 평 균근속연수 | 연간급여총 액 | 1인평균급여액 | 남 | 여 | 계,"전사 | 남 | 321 | - | 30 | - | 351 | 9.6 | 41,878 | 119 | 129 | 182 | 311 | -",,N,2026-09-16T12:30:18+09:00,000,raw/document/20250428000500.zip,5e09f465eb92453a918957344f3185f4c05c50930df450222ed64350900dd3c9
KB라이프생명보험,보험자회사,2024,20250428000500,[기재정정]사업보고서 (2024.12),20250428,1. 임원 및 직원 등의 현황,15,291,사업부문 | 성별 | 직 원 수·기간의 정함이없는 근로자 | 직 원 수·기간제근로자 | 직 원 수·합 계 | 직 원 수 | 직 원 수 | 평 균근속연수 | 연간급여총 액 | 1인평균급여액 | 남 | 여 | 계,"전사 | 여 | 325 | - | 40 | - | 365 | 10.0 | 33,763 | 93 | -",,N,2026-09-16T12:30:18+09:00,000,raw/document/20250428000500.zip,5e09f465eb92453a918957344f3185f4c05c50930df450222ed64350900dd3c9
KB라이프생명보험,보험자회사,2024,20250428000500,[기재정정]사업보고서 (2024.12),20250428,1. 임원 및 직원 등의 현황,15,292,사업부문 | 성별 | 직 원 수·기간의 정함이없는 근로자 | 직 원 수·기간제근로자 | 직 원 수·합 계 | 직 원 수 | 직 원 수 | 평 균근속연수 | 연간급여총 액 | 1인평균급여액 | 남 | 여 | 계,"합 계 | 646 | - | 70 | - | 716 | 9.8 | 75,641 | 106 | -",,N,2026-09-16T12:30:18+09:00,000,raw/document/20250428000500.zip,5e09f465eb92453a918957344f3185f4c05c50930df450222ed64350900dd3c9
KB금융,지주,2024,20250526000370,[기재정정]사업보고서 (2024.12),20250526,1. 임원 및 직원 등의 현황,15,293,사업부문 | 성별 | 직 원 수·기간의 정함이없는 근로자 | 직 원 수·기간제근로자 | 직 원 수·합 계 | 직 원 수 | 직 원 수 | 평 균근속연수 | 연간급여총 액 | 1인평균급여액 | 남 | 여 | 계,전체 | (단시간근로자) | 전체 | (단시간근로자),,N,2026-09-16T21:43:19+09:00,000,raw/document/20250526000370.zip,514e39c4e52e739e2c0dc79febb848bab4d169dfc27b6f6d178266af0188379f
KB금융,지주,2024,20250526000370,[기재정정]사업보고서 (2024.12),20250526,1. 임원 및 직원 등의 현황,15,294,사업부문 | 성별 | 직 원 수·기간의 정함이없는 근로자 | 직 원 수·기간제근로자 | 직 원 수·합 계 | 직 원 수 | 직 원 수 | 평 균근속연수 | 연간급여총 액 | 1인평균급여액 | 남 | 여 | 계,"- | 남 | 100 | - | - | - | 100 | 4년1개월(17년4개월) | 17,147 | 172 | - | - | - | -",,N,2026-09-16T21:43:19+09:00,000,raw/document/20250526000370.zip,514e39c4e52e739e2c0dc79febb848bab4d169dfc27b6f6d178266af0188379f
KB금융,지주,2024,20250526000370,[기재정정]사업보고서 (2024.12),20250526,1. 임원 및 직원 등의 현황,15,295,사업부문 | 성별 | 직 원 수·기간의 정함이없는 근로자 | 직 원 수·기간제근로자 | 직 원 수·합 계 | 직 원 수 | 직 원 수 | 평 균근속연수 | 연간급여총 액 | 1인평균급여액 | 남 | 여 | 계,"- | 여 | 40 | - | - | - | 40 | 3년7개월(16년2개월) | 5,424 | 131 | -",,N,2026-09-16T21:43:19+09:00,000,raw/document/20250526000370.zip,514e39c4e52e739e2c0dc79febb848bab4d169dfc27b6f6d178266af0188379f
KB금융,지주,2024,20250526000370,[기재정정]사업보고서 (2024.12),20250526,1. 임원 및 직원 등의 현황,15,296,사업부문 | 성별 | 직 원 수·기간의 정함이없는 근로자 | 직 원 수·기간제근로자 | 직 원 수·합 계 | 직 원 수 | 직 원 수 | 평 균근속연수 | 연간급여총 액 | 1인평균급여액 | 남 | 여 | 계,"합 계 | 140 | - | - | - | 140 | 3년11개월(17년0개월) | 22,571 | 160 | -",,N,2026-09-16T21:43:19+09:00,000,raw/document/20250526000370.zip,514e39c4e52e739e2c0dc79febb848bab4d169dfc27b6f6d178266af0188379f
KB손해보험,보험자회사,2025,20260313001064,사업보고서 (2025.12),20260313,1. 임원 및 직원 등의 현황,15,297,사업부문 | 성별 | 직 원 수·기간의 정함이없는 근로자 | 직 원 수·기간제근로자 | 직 원 수·합 계 | 직 원 수 | 직 원 수 | 평 균근속연수 | 연간급여총 액 | 1인평균급여액 | 남 | 여 | 계,전체 | (단시간근로자) | 전체 | (단시간근로자),,N,2026-08-31T17:14:45+09:00,000,raw/document/20260313001064.zip,6d04dea91c48467cd8fd705e7ab06a9ad46ddf0c858555037ffb028bb4bb69d6
KB손해보험,보험자회사,2025,20260313001064,사업보고서 (2025.12),20260313,1. 임원 및 직원 등의 현황,15,298,사업부문 | 성별 | 직 원 수·기간의 정함이없는 근로자 | 직 원 수·기간제근로자 | 직 원 수·합 계 | 직 원 수 | 직 원 수 | 평 균근속연수 | 연간급여총 액 | 1인평균급여액 | 남 | 여 | 계,"금융업 | 남 | 1,339 | 0 | 81 | 0 | 1,420 | 16.0 | 199,296 | 140 | 676 | 1,085 | 1,761 | -",,N,2026-08-31T17:14:45+09:00,000,raw/document/20260313001064.zip,6d04dea91c48467cd8fd705e7ab06a9ad46ddf0c858555037ffb028bb4bb69d6
KB손해보험,보험자회사,2025,20260313001064,사업보고서 (2025.12),20260313,1. 임원 및 직원 등의 현황,15,299,사업부문 | 성별 | 직 원 수·기간의 정함이없는 근로자 | 직 원 수·기간제근로자 | 직 원 수·합 계 | 직 원 수 | 직 원 수 | 평 균근속연수 | 연간급여총 액 | 1인평균급여액 | 남 | 여 | 계,"금융업 | 여 | 1,494 | 0 | 77 | 0 | 1,571 | 15.0 | 145,968 | 93 | -",,N,2026-08-31T17:14:45+09:00,000,raw/document/20260313001064.zip,6d04dea91c48467cd8fd705e7ab06a9ad46ddf0c858555037ffb028bb4bb69d6
KB손해보험,보험자회사,2025,20260313001064,사업보고서 (2025.12),20260313,1. 임원 및 직원 등의 현황,15,300,사업부문 | 성별 | 직 원 수·기간의 정함이없는 근로자 | 직 원 수·기간제근로자 | 직 원 수·합 계 | 직 원 수 | 직 원 수 | 평 균근속연수 | 연간급여총 액 | 1인평균급여액 | 남 | 여 | 계,"합 계 | 2,833 | 0 | 158 | 0 | 2,991 | 15.5 | 345,264 | 115 | -",,N,2026-08-31T17:14:45+09:00,000,raw/document/20260313001064.zip,6d04dea91c48467cd8fd705e7ab06a9ad46ddf0c858555037ffb028bb4bb69d6
KB라이프생명보험,보험자회사,2025,20260313001119,사업보고서 (2025.12),20260313,1. 임원 및 직원 등의 현황,17,301,사업부문 | 성별 | 직 원 수·기간의 정함이없는 근로자 | 직 원 수·기간제근로자 | 직 원 수·합 계 | 직 원 수 | 직 원 수 | 평 균근속연수 | 연간급여총 액 | 1인평균급여액 | 남 | 여 | 계,전체 | (단시간근로자) | 전체 | (단시간근로자),,N,2026-08-31T17:15:33+09:00,000,raw/document/20260313001119.zip,0e0bc2d9fc373b1f826b160704b3d97ef3d8ceb130528c6ef7480bb985dee1c3
KB라이프생명보험,보험자회사,2025,20260313001119,사업보고서 (2025.12),20260313,1. 임원 및 직원 등의 현황,17,302,사업부문 | 성별 | 직 원 수·기간의 정함이없는 근로자 | 직 원 수·기간제근로자 | 직 원 수·합 계 | 직 원 수 | 직 원 수 | 평 균근속연수 | 연간급여총 액 | 1인평균급여액 | 남 | 여 | 계,"전사 | 남 | 300 | - | 34 | - | 334 | 9년7개월 | 40,432 | 134 | 106 | 159 | 265 | -",,N,2026-08-31T17:15:33+09:00,000,raw/document/20260313001119.zip,0e0bc2d9fc373b1f826b160704b3d97ef3d8ceb130528c6ef7480bb985dee1c3
KB라이프생명보험,보험자회사,2025,20260313001119,사업보고서 (2025.12),20260313,1. 임원 및 직원 등의 현황,17,303,사업부문 | 성별 | 직 원 수·기간의 정함이없는 근로자 | 직 원 수·기간제근로자 | 직 원 수·합 계 | 직 원 수 | 직 원 수 | 평 균근속연수 | 연간급여총 액 | 1인평균급여액 | 남 | 여 | 계,"전사 | 여 | 326 | - | 36 | - | 362 | 10년3개월 | 34,362 | 98 | -",,N,2026-08-31T17:15:33+09:00,000,raw/document/20260313001119.zip,0e0bc2d9fc373b1f826b160704b3d97ef3d8ceb130528c6ef7480bb985dee1c3
KB라이프생명보험,보험자회사,2025,20260313001119,사업보고서 (2025.12),20260313,1. 임원 및 직원 등의 현황,17,304,사업부문 | 성별 | 직 원 수·기간의 정함이없는 근로자 | 직 원 수·기간제근로자 | 직 원 수·합 계 | 직 원 수 | 직 원 수 | 평 균근속연수 | 연간급여총 액 | 1인평균급여액 | 남 | 여 | 계,"합 계 | 626 | - | 70 | - | 696 | 9년11개월 | 74,794 | 116 | -",,N,2026-08-31T17:15:33+09:00,000,raw/document/20260313001119.zip,0e0bc2d9fc373b1f826b160704b3d97ef3d8ceb130528c6ef7480bb985dee1c3
KB금융,지주,2025,20260313001191,사업보고서 (2025.12),20260313,1. 임원 및 직원 등의 현황,15,305,사업부문 | 성별 | 직 원 수·기간의 정함이없는 근로자 | 직 원 수·기간제근로자 | 직 원 수·합 계 | 직 원 수 | 직 원 수 | 평 균근속연수 | 연간급여총 액 | 1인평균급여액 | 남 | 여 | 계,전체 | (단시간근로자) | 전체 | (단시간근로자),,N,2026-09-16T21:51:00+09:00,000,raw/document/20260313001191.zip,5cc0f6a6e0b9d3e2b036a50403e6658dd7c75bdf9a47884bccee065d99484239
KB금융,지주,2025,20260313001191,사업보고서 (2025.12),20260313,1. 임원 및 직원 등의 현황,15,306,사업부문 | 성별 | 직 원 수·기간의 정함이없는 근로자 | 직 원 수·기간제근로자 | 직 원 수·합 계 | 직 원 수 | 직 원 수 | 평 균근속연수 | 연간급여총 액 | 1인평균급여액 | 남 | 여 | 계,"- | 남 | 106 | - | 1 | - | 107 | 3년10개월(18년2개월) | 21,766 | 209 | - | - | - | -",,N,2026-09-16T21:51:00+09:00,000,raw/document/20260313001191.zip,5cc0f6a6e0b9d3e2b036a50403e6658dd7c75bdf9a47884bccee065d99484239
KB금융,지주,2025,20260313001191,사업보고서 (2025.12),20260313,1. 임원 및 직원 등의 현황,15,307,사업부문 | 성별 | 직 원 수·기간의 정함이없는 근로자 | 직 원 수·기간제근로자 | 직 원 수·합 계 | 직 원 수 | 직 원 수 | 평 균근속연수 | 연간급여총 액 | 1인평균급여액 | 남 | 여 | 계,"- | 여 | 37 | - | - | - | 37 | 3년2개월(16년11개월) | 6,332 | 166 | -",,N,2026-09-16T21:51:00+09:00,000,raw/document/20260313001191.zip,5cc0f6a6e0b9d3e2b036a50403e6658dd7c75bdf9a47884bccee065d99484239
KB금융,지주,2025,20260313001191,사업보고서 (2025.12),20260313,1. 임원 및 직원 등의 현황,15,308,사업부문 | 성별 | 직 원 수·기간의 정함이없는 근로자 | 직 원 수·기간제근로자 | 직 원 수·합 계 | 직 원 수 | 직 원 수 | 평 균근속연수 | 연간급여총 액 | 1인평균급여액 | 남 | 여 | 계,"합 계 | 143 | - | 1 | - | 144 | 3년8개월(17년10개월) | 28,098 | 197 | -",,N,2026-09-16T21:51:00+09:00,000,raw/document/20260313001191.zip,5cc0f6a6e0b9d3e2b036a50403e6658dd7c75bdf9a47884bccee065d99484239
동양생명보험,보험자회사,2025,20260313001227,사업보고서 (2025.12),20260313,1. 임원 및 직원 등의 현황,19,309,사업부문 | 성별 | 직 원 수·기간의 정함이없는 근로자 | 직 원 수·기간제근로자 | 직 원 수·합 계 | 직 원 수 | 직 원 수 | 평 균근속연수 | 연간급여총 액 | 1인평균급여액 | 남 | 여 | 계,전체 | (단시간근로자) | 전체 | (단시간근로자),,N,2026-08-31T17:17:00+09:00,000,raw/document/20260313001227.zip,b97b99a91f43cafbc3792f1514519ebe0f6c7666aa2a929b38c4cd2fd87f0197
동양생명보험,보험자회사,2025,20260313001227,사업보고서 (2025.12),20260313,1. 임원 및 직원 등의 현황,19,310,사업부문 | 성별 | 직 원 수·기간의 정함이없는 근로자 | 직 원 수·기간제근로자 | 직 원 수·합 계 | 직 원 수 | 직 원 수 | 평 균근속연수 | 연간급여총 액 | 1인평균급여액 | 남 | 여 | 계,"관리부문 | 남 | 223 | 1 | 15 | 3 | 238 | 11.5 | 26,636 | 112 | 156 | 238 | 394 | -",,N,2026-08-31T17:17:00+09:00,000,raw/document/20260313001227.zip,b97b99a91f43cafbc3792f1514519ebe0f6c7666aa2a929b38c4cd2fd87f0197
동양생명보험,보험자회사,2025,20260313001227,사업보고서 (2025.12),20260313,1. 임원 및 직원 등의 현황,19,311,사업부문 | 성별 | 직 원 수·기간의 정함이없는 근로자 | 직 원 수·기간제근로자 | 직 원 수·합 계 | 직 원 수 | 직 원 수 | 평 균근속연수 | 연간급여총 액 | 1인평균급여액 | 남 | 여 | 계,"관리부문 | 여 | 202 | - | 6 | 1 | 208 | 13.1 | 17,771 | 85 | -",,N,2026-08-31T17:17:00+09:00,000,raw/document/20260313001227.zip,b97b99a91f43cafbc3792f1514519ebe0f6c7666aa2a929b38c4cd2fd87f0197
동양생명보험,보험자회사,2025,20260313001227,사업보고서 (2025.12),20260313,1. 임원 및 직원 등의 현황,19,312,사업부문 | 성별 | 직 원 수·기간의 정함이없는 근로자 | 직 원 수·기간제근로자 | 직 원 수·합 계 | 직 원 수 | 직 원 수 | 평 균근속연수 | 연간급여총 액 | 1인평균급여액 | 남 | 여 | 계,"영업부문 | 남 | 132 | - | - | - | 132 | 14.6 | 18,878 | 143 | -",,N,2026-08-31T17:17:00+09:00,000,raw/document/20260313001227.zip,b97b99a91f43cafbc3792f1514519ebe0f6c7666aa2a929b38c4cd2fd87f0197
동양생명보험,보험자회사,2025,20260313001227,사업보고서 (2025.12),20260313,1. 임원 및 직원 등의 현황,19,313,사업부문 | 성별 | 직 원 수·기간의 정함이없는 근로자 | 직 원 수·기간제근로자 | 직 원 수·합 계 | 직 원 수 | 직 원 수 | 평 균근속연수 | 연간급여총 액 | 1인평균급여액 | 남 | 여 | 계,"영업부문 | 여 | 255 | - | - | 2 | 255 | 21.7 | 25,919 | 102 | -",,N,2026-08-31T17:17:00+09:00,000,raw/document/20260313001227.zip,b97b99a91f43cafbc3792f1514519ebe0f6c7666aa2a929b38c4cd2fd87f0197
동양생명보험,보험자회사,2025,20260313001227,사업보고서 (2025.12),20260313,1. 임원 및 직원 등의 현황,19,314,사업부문 | 성별 | 직 원 수·기간의 정함이없는 근로자 | 직 원 수·기간제근로자 | 직 원 수·합 계 | 직 원 수 | 직 원 수 | 평 균근속연수 | 연간급여총 액 | 1인평균급여액 | 남 | 여 | 계,"자산운용부문 | 남 | 42 | - | 1 | - | 43 | 10.1 | 5,308 | 123 | -",,N,2026-08-31T17:17:00+09:00,000,raw/document/20260313001227.zip,b97b99a91f43cafbc3792f1514519ebe0f6c7666aa2a929b38c4cd2fd87f0197
동양생명보험,보험자회사,2025,20260313001227,사업보고서 (2025.12),20260313,1. 임원 및 직원 등의 현황,19,315,사업부문 | 성별 | 직 원 수·기간의 정함이없는 근로자 | 직 원 수·기간제근로자 | 직 원 수·합 계 | 직 원 수 | 직 원 수 | 평 균근속연수 | 연간급여총 액 | 1인평균급여액 | 남 | 여 | 계,"자산운용부문 | 여 | 30 | - | - | - | 30 | 11.0 | 2,673 | 89 | -",,N,2026-08-31T17:17:00+09:00,000,raw/document/20260313001227.zip,b97b99a91f43cafbc3792f1514519ebe0f6c7666aa2a929b38c4cd2fd87f0197
동양생명보험,보험자회사,2025,20260313001227,사업보고서 (2025.12),20260313,1. 임원 및 직원 등의 현황,19,316,사업부문 | 성별 | 직 원 수·기간의 정함이없는 근로자 | 직 원 수·기간제근로자 | 직 원 수·합 계 | 직 원 수 | 직 원 수 | 평 균근속연수 | 연간급여총 액 | 1인평균급여액 | 남 | 여 | 계,"합 계 | 884 | 1 | 22 | 6 | 906 | 15.1 | 97,186 | 107 | -",,N,2026-08-31T17:17:00+09:00,000,raw/document/20260313001227.zip,b97b99a91f43cafbc3792f1514519ebe0f6c7666aa2a929b38c4cd2fd87f0197
우리금융지주,지주,2025,20260313001235,사업보고서 (2025.12),20260313,1. 임원 및 직원 등의 현황,11,317,사업부문 | 성별 | 직 원 수·기간의 정함이없는 근로자 | 직 원 수·기간제근로자 | 직 원 수·합 계 | 직 원 수 | 직 원 수 | 평 균근속연수 | 연간급여총 액 | 1인평균급여액 | 남 | 여 | 계,전체 | (단시간근로자) | 전체 | (단시간근로자),,N,2026-09-16T21:52:36+09:00,000,raw/document/20260313001235.zip,46b584cf07718414939e4166dd8cfe31f9111df9e96dd653cca6133e98351320
우리금융지주,지주,2025,20260313001235,사업보고서 (2025.12),20260313,1. 임원 및 직원 등의 현황,11,318,사업부문 | 성별 | 직 원 수·기간의 정함이없는 근로자 | 직 원 수·기간제근로자 | 직 원 수·합 계 | 직 원 수 | 직 원 수 | 평 균근속연수 | 연간급여총 액 | 1인평균급여액 | 남 | 여 | 계,"- | 남 | 62 | - | 31 | 1 | 93 | 2년 11개월(15년) | 16,856 | 195 | - | - | - | -",,N,2026-09-16T21:52:36+09:00,000,raw/document/20260313001235.zip,46b584cf07718414939e4166dd8cfe31f9111df9e96dd653cca6133e98351320
우리금융지주,지주,2025,20260313001235,사업보고서 (2025.12),20260313,1. 임원 및 직원 등의 현황,11,319,사업부문 | 성별 | 직 원 수·기간의 정함이없는 근로자 | 직 원 수·기간제근로자 | 직 원 수·합 계 | 직 원 수 | 직 원 수 | 평 균근속연수 | 연간급여총 액 | 1인평균급여액 | 남 | 여 | 계,"- | 여 | 16 | - | 5 | - | 21 | 3년 7개월(14년 10개월) | 2,765 | 141 | -",,N,2026-09-16T21:52:36+09:00,000,raw/document/20260313001235.zip,46b584cf07718414939e4166dd8cfe31f9111df9e96dd653cca6133e98351320
우리금융지주,지주,2025,20260313001235,사업보고서 (2025.12),20260313,1. 임원 및 직원 등의 현황,11,320,사업부문 | 성별 | 직 원 수·기간의 정함이없는 근로자 | 직 원 수·기간제근로자 | 직 원 수·합 계 | 직 원 수 | 직 원 수 | 평 균근속연수 | 연간급여총 액 | 1인평균급여액 | 남 | 여 | 계,"합 계 | 78 | - | 36 | 1 | 114 | 3년(14년 11개월) | 19,622 | 180 | -",,N,2026-09-16T21:52:36+09:00,000,raw/document/20260313001235.zip,46b584cf07718414939e4166dd8cfe31f9111df9e96dd653cca6133e98351320
하나금융지주,지주,2025,20260316001292,사업보고서 (2025.12),20260316,1. 임원 및 직원 등의 현황,11,321,사업부문 | 성별 | 직 원 수·기간의 정함이없는 근로자 | 직 원 수·기간제근로자 | 직 원 수·합 계 | 직 원 수 | 직 원 수 | 평 균근속연수 | 연간급여총 액 | 1인평균급여액 | 남 | 여 | 계,전체 | (단시간근로자) | 전체 | (단시간근로자),,N,2026-09-22T12:09:31+09:00,000,raw/document/20260316001292.zip,edd73aed4206cb89153e6f64b955366e8755e0befb8a1a4d2371e863c57683df
하나금융지주,지주,2025,20260316001292,사업보고서 (2025.12),20260316,1. 임원 및 직원 등의 현황,11,322,사업부문 | 성별 | 직 원 수·기간의 정함이없는 근로자 | 직 원 수·기간제근로자 | 직 원 수·합 계 | 직 원 수 | 직 원 수 | 평 균근속연수 | 연간급여총 액 | 1인평균급여액 | 남 | 여 | 계,"- | 남 | 77 | - | 15 | - | 92 | 3.5 | 17,376 | 183 | 2 | 1 | 3 | -",,N,2026-09-22T12:09:31+09:00,000,raw/document/20260316001292.zip,edd73aed4206cb89153e6f64b955366e8755e0befb8a1a4d2371e863c57683df
하나금융지주,지주,2025,20260316001292,사업보고서 (2025.12),20260316,1. 임원 및 직원 등의 현황,11,323,사업부문 | 성별 | 직 원 수·기간의 정함이없는 근로자 | 직 원 수·기간제근로자 | 직 원 수·합 계 | 직 원 수 | 직 원 수 | 평 균근속연수 | 연간급여총 액 | 1인평균급여액 | 남 | 여 | 계,"- | 여 | 29 | - | 10 | - | 39 | 3.1 | 5,107 | 134 | -",,N,2026-09-22T12:09:31+09:00,000,raw/document/20260316001292.zip,edd73aed4206cb89153e6f64b955366e8755e0befb8a1a4d2371e863c57683df
하나금융지주,지주,2025,20260316001292,사업보고서 (2025.12),20260316,1. 임원 및 직원 등의 현황,11,324,사업부문 | 성별 | 직 원 수·기간의 정함이없는 근로자 | 직 원 수·기간제근로자 | 직 원 수·합 계 | 직 원 수 | 직 원 수 | 평 균근속연수 | 연간급여총 액 | 1인평균급여액 | 남 | 여 | 계,"합 계 | 106 | - | 25 | - | 131 | 3.4 | 22,482 | 169 | -",,N,2026-09-22T12:09:31+09:00,000,raw/document/20260316001292.zip,edd73aed4206cb89153e6f64b955366e8755e0befb8a1a4d2371e863c57683df
신한지주,지주,2025,20260318000826,사업보고서 (2025.12),20260318,1. 임원 및 직원 등의 현황,16,325,사업부문 | 성별 | 직 원 수·기간의 정함이없는 근로자 | 직 원 수·기간제근로자 | 직 원 수·합 계 | 직 원 수 | 직 원 수 | 평 균근속연수 | 연간급여총 액 | 1인평균급여액 | 남 | 여 | 계,전체 | (단시간근로자) | 전체 | (단시간근로자),,N,2026-09-16T21:55:56+09:00,000,raw/document/20260318000826.zip,6b0e5adaf709fb25131b09f28d4fd6f5b2caac10a246c51119643878383f2d51
신한지주,지주,2025,20260318000826,사업보고서 (2025.12),20260318,1. 임원 및 직원 등의 현황,16,326,사업부문 | 성별 | 직 원 수·기간의 정함이없는 근로자 | 직 원 수·기간제근로자 | 직 원 수·합 계 | 직 원 수 | 직 원 수 | 평 균근속연수 | 연간급여총 액 | 1인평균급여액 | 남 | 여 | 계,"- | 남 | 134 | - | 11 | - | 145 | 3년 1개월 (16년 2개월) | 27,112 | 187 | - | - | - | -",,N,2026-09-16T21:55:56+09:00,000,raw/document/20260318000826.zip,6b0e5adaf709fb25131b09f28d4fd6f5b2caac10a246c51119643878383f2d51
신한지주,지주,2025,20260318000826,사업보고서 (2025.12),20260318,1. 임원 및 직원 등의 현황,16,327,사업부문 | 성별 | 직 원 수·기간의 정함이없는 근로자 | 직 원 수·기간제근로자 | 직 원 수·합 계 | 직 원 수 | 직 원 수 | 평 균근속연수 | 연간급여총 액 | 1인평균급여액 | 남 | 여 | 계,"- | 여 | 48 | - | 2 | 1 | 50 | 4년 6개월 (13년 4개월) | 7,499 | 152 | -",,N,2026-09-16T21:55:56+09:00,000,raw/document/20260318000826.zip,6b0e5adaf709fb25131b09f28d4fd6f5b2caac10a246c51119643878383f2d51
신한지주,지주,2025,20260318000826,사업보고서 (2025.12),20260318,1. 임원 및 직원 등의 현황,16,328,사업부문 | 성별 | 직 원 수·기간의 정함이없는 근로자 | 직 원 수·기간제근로자 | 직 원 수·합 계 | 직 원 수 | 직 원 수 | 평 균근속연수 | 연간급여총 액 | 1인평균급여액 | 남 | 여 | 계,"합 계 | 182 | - | 13 | 1 | 195 | 3년 5개월 (15년 6개월) | 34,611 | 178 | -",,N,2026-09-16T21:55:56+09:00,000,raw/document/20260318000826.zip,6b0e5adaf709fb25131b09f28d4fd6f5b2caac10a246c51119643878383f2d51
iM금융지주,지주,2025,20260318000971,사업보고서 (2025.12),20260318,1. 임원 및 직원 등의 현황,14,329,사업부문 | 성별 | 직 원 수·기간의 정함이없는 근로자 | 직 원 수·기간제근로자 | 직 원 수·합 계 | 직 원 수 | 직 원 수 | 평 균근속연수 | 연간급여총 액 | 1인평균급여액 | 남 | 여 | 계,전체 | (단시간근로자) | 전체 | (단시간근로자),"겸직임원 2명, 겸직직원 25명 포함 / 겸직직원 15명 포함",Y,2026-08-31T17:19:52+09:00,000,raw/document/20260318000971.zip,ca2aaedf12bb7de9bbe2a3318a8bfadbf8e6df089c30ab44730d6acd005f903f
iM금융지주,지주,2025,20260318000971,사업보고서 (2025.12),20260318,1. 임원 및 직원 등의 현황,14,330,사업부문 | 성별 | 직 원 수·기간의 정함이없는 근로자 | 직 원 수·기간제근로자 | 직 원 수·합 계 | 직 원 수 | 직 원 수 | 평 균근속연수 | 연간급여총 액 | 1인평균급여액 | 남 | 여 | 계,"금융업 | 남 | 81 | - | 28 | - | 109 | 3.04 | 15,477 | 144 | - | - | - | 겸직임원 2명, 겸직직원 25명 포함","겸직임원 2명, 겸직직원 25명 포함 / 겸직직원 15명 포함",Y,2026-08-31T17:19:52+09:00,000,raw/document/20260318000971.zip,ca2aaedf12bb7de9bbe2a3318a8bfadbf8e6df089c30ab44730d6acd005f903f
iM금융지주,지주,2025,20260318000971,사업보고서 (2025.12),20260318,1. 임원 및 직원 등의 현황,14,331,사업부문 | 성별 | 직 원 수·기간의 정함이없는 근로자 | 직 원 수·기간제근로자 | 직 원 수·합 계 | 직 원 수 | 직 원 수 | 평 균근속연수 | 연간급여총 액 | 1인평균급여액 | 남 | 여 | 계,"금융업 | 여 | 12 | - | 22 | - | 34 | 2.69 | 1,948 | 73 | 겸직직원 15명 포함","겸직임원 2명, 겸직직원 25명 포함 / 겸직직원 15명 포함",Y,2026-08-31T17:19:52+09:00,000,raw/document/20260318000971.zip,ca2aaedf12bb7de9bbe2a3318a8bfadbf8e6df089c30ab44730d6acd005f903f
iM금융지주,지주,2025,20260318000971,사업보고서 (2025.12),20260318,1. 임원 및 직원 등의 현황,14,332,사업부문 | 성별 | 직 원 수·기간의 정함이없는 근로자 | 직 원 수·기간제근로자 | 직 원 수·합 계 | 직 원 수 | 직 원 수 | 평 균근속연수 | 연간급여총 액 | 1인평균급여액 | 남 | 여 | 계,"합 계 | 93 | - | 50 | - | 143 | 2.96 | 17,425 | 130 | -","겸직임원 2명, 겸직직원 25명 포함 / 겸직직원 15명 포함",Y,2026-08-31T17:19:52+09:00,000,raw/document/20260318000971.zip,ca2aaedf12bb7de9bbe2a3318a8bfadbf8e6df089c30ab44730d6acd005f903f
신한라이프생명보험,보험자회사,2025,20260318001034,사업보고서 (2025.12),20260318,1. 임원 및 직원 등의 현황,13,333,사업부문 | 성별 | 직 원 수·기간의 정함이없는 근로자 | 직 원 수·기간제근로자 | 직 원 수·합 계 | 직 원 수 | 직 원 수 | 평 균근속연수 | 연간급여총 액 | 1인평균급여액 | 남 | 여 | 계,전체 | (단시간근로자) | 전체 | (단시간근로자),,N,2026-08-31T17:20:50+09:00,000,raw/document/20260318001034.zip,147192b0339fe60b8e59c0f29044728c6c87f8b6d12f14bda99ad26113f8a162
신한라이프생명보험,보험자회사,2025,20260318001034,사업보고서 (2025.12),20260318,1. 임원 및 직원 등의 현황,13,334,사업부문 | 성별 | 직 원 수·기간의 정함이없는 근로자 | 직 원 수·기간제근로자 | 직 원 수·합 계 | 직 원 수 | 직 원 수 | 평 균근속연수 | 연간급여총 액 | 1인평균급여액 | 남 | 여 | 계,"보험업 | 남 | 655 | 12 | 20 | 7 | 675 | 13.9 | 95,462 | 144 | 147 | 529 | 676 | -",,N,2026-08-31T17:20:50+09:00,000,raw/document/20260318001034.zip,147192b0339fe60b8e59c0f29044728c6c87f8b6d12f14bda99ad26113f8a162
신한라이프생명보험,보험자회사,2025,20260318001034,사업보고서 (2025.12),20260318,1. 임원 및 직원 등의 현황,13,335,사업부문 | 성별 | 직 원 수·기간의 정함이없는 근로자 | 직 원 수·기간제근로자 | 직 원 수·합 계 | 직 원 수 | 직 원 수 | 평 균근속연수 | 연간급여총 액 | 1인평균급여액 | 남 | 여 | 계,"보험업 | 여 | 857 | 3 | 21 | 1 | 878 | 16.7 | 97,691 | 114 | -",,N,2026-08-31T17:20:50+09:00,000,raw/document/20260318001034.zip,147192b0339fe60b8e59c0f29044728c6c87f8b6d12f14bda99ad26113f8a162
신한라이프생명보험,보험자회사,2025,20260318001034,사업보고서 (2025.12),20260318,1. 임원 및 직원 등의 현황,13,336,사업부문 | 성별 | 직 원 수·기간의 정함이없는 근로자 | 직 원 수·기간제근로자 | 직 원 수·합 계 | 직 원 수 | 직 원 수 | 평 균근속연수 | 연간급여총 액 | 1인평균급여액 | 남 | 여 | 계,"합 계 | 1,512 | 15 | 41 | 8 | 1,553 | 15.5 | 193,153 | 127 | -",,N,2026-08-31T17:20:50+09:00,000,raw/document/20260318001034.zip,147192b0339fe60b8e59c0f29044728c6c87f8b6d12f14bda99ad26113f8a162
BNK금융지주,지주,2025,20260318001147,사업보고서 (2025.12),20260318,1. 임원 및 직원 등의 현황,13,337,사업부문 | 성별 | 직 원 수·기간의 정함이없는 근로자 | 직 원 수·기간제근로자 | 직 원 수·합 계 | 직 원 수 | 직 원 수 | 평 균근속연수 | 연간급여총 액 | 1인평균급여액 | 남 | 여 | 계,전체 | (단시간근로자) | 전체 | (단시간근로자),,N,2026-09-22T12:10:28+09:00,000,raw/document/20260318001147.zip,087b8f4625a4cac3948e20227655aacf37d66c007a390e18eb6b009ecd841ffb
BNK금융지주,지주,2025,20260318001147,사업보고서 (2025.12),20260318,1. 임원 및 직원 등의 현황,13,338,사업부문 | 성별 | 직 원 수·기간의 정함이없는 근로자 | 직 원 수·기간제근로자 | 직 원 수·합 계 | 직 원 수 | 직 원 수 | 평 균근속연수 | 연간급여총 액 | 1인평균급여액 | 남 | 여 | 계,"금융업 | 남 | 92 | - | 11 | - | 103 | 30개월 | 18,250 | 177 | - | - | - | -",,N,2026-09-22T12:10:28+09:00,000,raw/document/20260318001147.zip,087b8f4625a4cac3948e20227655aacf37d66c007a390e18eb6b009ecd841ffb
BNK금융지주,지주,2025,20260318001147,사업보고서 (2025.12),20260318,1. 임원 및 직원 등의 현황,13,339,사업부문 | 성별 | 직 원 수·기간의 정함이없는 근로자 | 직 원 수·기간제근로자 | 직 원 수·합 계 | 직 원 수 | 직 원 수 | 평 균근속연수 | 연간급여총 액 | 1인평균급여액 | 남 | 여 | 계,"금융업 | 여 | 9 | - | 9 | - | 18 | 27개월 | 2,213 | 132 | -",,N,2026-09-22T12:10:28+09:00,000,raw/document/20260318001147.zip,087b8f4625a4cac3948e20227655aacf37d66c007a390e18eb6b009ecd841ffb
BNK금융지주,지주,2025,20260318001147,사업보고서 (2025.12),20260318,1. 임원 및 직원 등의 현황,13,340,사업부문 | 성별 | 직 원 수·기간의 정함이없는 근로자 | 직 원 수·기간제근로자 | 직 원 수·합 계 | 직 원 수 | 직 원 수 | 평 균근속연수 | 연간급여총 액 | 1인평균급여액 | 남 | 여 | 계,"합 계 | 101 | - | 20 | - | 121 | 29개월 | 20,463 | 169 | -",,N,2026-09-22T12:10:28+09:00,000,raw/document/20260318001147.zip,087b8f4625a4cac3948e20227655aacf37d66c007a390e18eb6b009ecd841ffb
JB금융지주,지주,2025,20260318001225,사업보고서 (2025.12),20260318,1. 임원 및 직원 등의 현황,18,341,사업부문 | 성별 | 직 원 수·기간의 정함이없는 근로자 | 직 원 수·기간제근로자 | 직 원 수·합 계 | 직 원 수 | 직 원 수 | 평 균근속연수 | 연간급여총 액 | 1인평균급여액 | 남 | 여 | 계,전체 | (단시간근로자) | 전체 | (단시간근로자),,N,2026-09-22T12:11:31+09:00,000,raw/document/20260318001225.zip,191d87ac6c88b3cd01421e3d74bb9212a65667c772117066037a143e32eba0c6
JB금융지주,지주,2025,20260318001225,사업보고서 (2025.12),20260318,1. 임원 및 직원 등의 현황,18,342,사업부문 | 성별 | 직 원 수·기간의 정함이없는 근로자 | 직 원 수·기간제근로자 | 직 원 수·합 계 | 직 원 수 | 직 원 수 | 평 균근속연수 | 연간급여총 액 | 1인평균급여액 | 남 | 여 | 계,"금융업 | 남 | 57 | - | 25 | - | 82 | 3년 5개월 | 16,388 | 194 | - | - | - | -",,N,2026-09-22T12:11:31+09:00,000,raw/document/20260318001225.zip,191d87ac6c88b3cd01421e3d74bb9212a65667c772117066037a143e32eba0c6
JB금융지주,지주,2025,20260318001225,사업보고서 (2025.12),20260318,1. 임원 및 직원 등의 현황,18,343,사업부문 | 성별 | 직 원 수·기간의 정함이없는 근로자 | 직 원 수·기간제근로자 | 직 원 수·합 계 | 직 원 수 | 직 원 수 | 평 균근속연수 | 연간급여총 액 | 1인평균급여액 | 남 | 여 | 계,"금융업 | 여 | 15 | - | 11 | - | 26 | 3년 3개월 | 2,972 | 116 | -",,N,2026-09-22T12:11:31+09:00,000,raw/document/20260318001225.zip,191d87ac6c88b3cd01421e3d74bb9212a65667c772117066037a143e32eba0c6
JB금융지주,지주,2025,20260318001225,사업보고서 (2025.12),20260318,1. 임원 및 직원 등의 현황,18,344,사업부문 | 성별 | 직 원 수·기간의 정함이없는 근로자 | 직 원 수·기간제근로자 | 직 원 수·합 계 | 직 원 수 | 직 원 수 | 평 균근속연수 | 연간급여총 액 | 1인평균급여액 | 남 | 여 | 계,"합 계 | 72 | - | 36 | - | 108 | 3년 5개월 | 19,360 | 177 | -",,N,2026-09-22T12:11:31+09:00,000,raw/document/20260318001225.zip,191d87ac6c88b3cd01421e3d74bb9212a65667c772117066037a143e32eba0c6
신한은행(구),은행,2025,20260318001285,사업보고서 (2025.12),20260318,1. 임원 및 직원 등의 현황,6,345,사업부문 | 성별 | 직 원 수·기간의 정함이없는 근로자 | 직 원 수·기간제근로자 | 직 원 수·합 계 | 직 원 수 | 직 원 수 | 평 균근속연수 | 연간급여총 액 | 1인평균급여액 | 남 | 여 | 계,전체 | (단시간근로자) | 전체 | (단시간근로자),,N,2026-09-11T14:01:28+09:00,000,raw/document/20260318001285.zip,42f7b2bcc4e2ca1d2bc7ab4571daa49b0b77c07daca9239bd07c325892fd30fb
신한은행(구),은행,2025,20260318001285,사업보고서 (2025.12),20260318,1. 임원 및 직원 등의 현황,6,346,사업부문 | 성별 | 직 원 수·기간의 정함이없는 근로자 | 직 원 수·기간제근로자 | 직 원 수·합 계 | 직 원 수 | 직 원 수 | 평 균근속연수 | 연간급여총 액 | 1인평균급여액 | 남 | 여 | 계,"금융서비스 | 남 | 5,883 | - | 639 | 68 | 6,522 | 16년 9개월 | 940,435 | 144 | 1,775 | 2,448 | 4,223 | -",,N,2026-09-11T14:01:28+09:00,000,raw/document/20260318001285.zip,42f7b2bcc4e2ca1d2bc7ab4571daa49b0b77c07daca9239bd07c325892fd30fb
신한은행(구),은행,2025,20260318001285,사업보고서 (2025.12),20260318,1. 임원 및 직원 등의 현황,6,347,사업부문 | 성별 | 직 원 수·기간의 정함이없는 근로자 | 직 원 수·기간제근로자 | 직 원 수·합 계 | 직 원 수 | 직 원 수 | 평 균근속연수 | 연간급여총 액 | 1인평균급여액 | 남 | 여 | 계,"금융서비스 | 여 | 5,842 | 123 | 417 | 240 | 6,259 | 14년 1개월 | 619,687 | 101 | -",,N,2026-09-11T14:01:28+09:00,000,raw/document/20260318001285.zip,42f7b2bcc4e2ca1d2bc7ab4571daa49b0b77c07daca9239bd07c325892fd30fb
신한은행(구),은행,2025,20260318001285,사업보고서 (2025.12),20260318,1. 임원 및 직원 등의 현황,6,348,사업부문 | 성별 | 직 원 수·기간의 정함이없는 근로자 | 직 원 수·기간제근로자 | 직 원 수·합 계 | 직 원 수 | 직 원 수 | 평 균근속연수 | 연간급여총 액 | 1인평균급여액 | 남 | 여 | 계,"합 계 | 11,725 | 123 | 1,056 | 308 | 12,781 | 15년 5개월 | 1,560,122 | 123 | -",,N,2026-09-11T14:01:28+09:00,000,raw/document/20260318001285.zip,42f7b2bcc4e2ca1d2bc7ab4571daa49b0b77c07daca9239bd07c325892fd30fb
메리츠금융지주,지주,2025,20260318001419,사업보고서 (2025.12),20260318,1. 임원 및 직원 등의 현황,9,349,사업부문 | 성별 | 직 원 수·기간의 정함이없는 근로자 | 직 원 수·기간제근로자 | 직 원 수·합 계 | 직 원 수 | 직 원 수 | 평 균근속연수 | 연간급여총 액 | 1인평균급여액 | 남 | 여 | 계,전체 | (단시간근로자) | 전체 | (단시간근로자),,N,2026-09-11T11:03:17+09:00,000,raw/document/20260318001419.zip,e03a0bb0ccccead3a4b92ada3295868fde63de15d26485bb9c6810bc1ee129da
메리츠금융지주,지주,2025,20260318001419,사업보고서 (2025.12),20260318,1. 임원 및 직원 등의 현황,9,350,사업부문 | 성별 | 직 원 수·기간의 정함이없는 근로자 | 직 원 수·기간제근로자 | 직 원 수·합 계 | 직 원 수 | 직 원 수 | 평 균근속연수 | 연간급여총 액 | 1인평균급여액 | 남 | 여 | 계,"경영관리 | 남 | 13 | - | 16 | - | 29 | 3.1 | 7,585 | 262 | - | - | - | -",,N,2026-09-11T11:03:17+09:00,000,raw/document/20260318001419.zip,e03a0bb0ccccead3a4b92ada3295868fde63de15d26485bb9c6810bc1ee129da
메리츠금융지주,지주,2025,20260318001419,사업보고서 (2025.12),20260318,1. 임원 및 직원 등의 현황,9,351,사업부문 | 성별 | 직 원 수·기간의 정함이없는 근로자 | 직 원 수·기간제근로자 | 직 원 수·합 계 | 직 원 수 | 직 원 수 | 평 균근속연수 | 연간급여총 액 | 1인평균급여액 | 남 | 여 | 계,"경영관리 | 여 | 8 | - | 1 | - | 9 | 7.3 | 1,904 | 212 | -",,N,2026-09-11T11:03:17+09:00,000,raw/document/20260318001419.zip,e03a0bb0ccccead3a4b92ada3295868fde63de15d26485bb9c6810bc1ee129da
메리츠금융지주,지주,2025,20260318001419,사업보고서 (2025.12),20260318,1. 임원 및 직원 등의 현황,9,352,사업부문 | 성별 | 직 원 수·기간의 정함이없는 근로자 | 직 원 수·기간제근로자 | 직 원 수·합 계 | 직 원 수 | 직 원 수 | 평 균근속연수 | 연간급여총 액 | 1인평균급여액 | 남 | 여 | 계,"합 계 | 21 | - | 17 | - | 38 | 4.1 | 9,489 | 250 | -",,N,2026-09-11T11:03:17+09:00,000,raw/document/20260318001419.zip,e03a0bb0ccccead3a4b92ada3295868fde63de15d26485bb9c6810bc1ee129da
한국금융지주,지주,2025,20260319001006,사업보고서 (2025.12),20260319,1. 임원 및 직원 등의 현황,10,353,사업부문 | 성별 | 직 원 수·기간의 정함이없는 근로자 | 직 원 수·기간제근로자 | 직 원 수·합 계 | 직 원 수 | 직 원 수 | 평 균근속연수 | 연간급여총 액 | 1인평균급여액 | 남 | 여 | 계,전체 | (단시간근로자) | 전체 | (단시간근로자),,N,2026-09-11T14:02:42+09:00,000,raw/document/20260319001006.zip,e16cf50d2fa0c2068aa8dabd4f660cf8ebf982a94e46763c50e8f6618dcc28c2
한국금융지주,지주,2025,20260319001006,사업보고서 (2025.12),20260319,1. 임원 및 직원 등의 현황,10,354,사업부문 | 성별 | 직 원 수·기간의 정함이없는 근로자 | 직 원 수·기간제근로자 | 직 원 수·합 계 | 직 원 수 | 직 원 수 | 평 균근속연수 | 연간급여총 액 | 1인평균급여액 | 남 | 여 | 계,"금융지주 | 남 | 66 | - | 10 | - | 76 | 3.44 | 18,773 | 249 | - | - | - | -",,N,2026-09-11T14:02:42+09:00,000,raw/document/20260319001006.zip,e16cf50d2fa0c2068aa8dabd4f660cf8ebf982a94e46763c50e8f6618dcc28c2
한국금융지주,지주,2025,20260319001006,사업보고서 (2025.12),20260319,1. 임원 및 직원 등의 현황,10,355,사업부문 | 성별 | 직 원 수·기간의 정함이없는 근로자 | 직 원 수·기간제근로자 | 직 원 수·합 계 | 직 원 수 | 직 원 수 | 평 균근속연수 | 연간급여총 액 | 1인평균급여액 | 남 | 여 | 계,"금융지주 | 여 | 16 | - | 1 | - | 17 | 4.48 | 2,734 | 169 | -",,N,2026-09-11T14:02:42+09:00,000,raw/document/20260319001006.zip,e16cf50d2fa0c2068aa8dabd4f660cf8ebf982a94e46763c50e8f6618dcc28c2
한국금융지주,지주,2025,20260319001006,사업보고서 (2025.12),20260319,1. 임원 및 직원 등의 현황,10,356,사업부문 | 성별 | 직 원 수·기간의 정함이없는 근로자 | 직 원 수·기간제근로자 | 직 원 수·합 계 | 직 원 수 | 직 원 수 | 평 균근속연수 | 연간급여총 액 | 1인평균급여액 | 남 | 여 | 계,"합 계 | 82 | - | 11 | - | 93 | 3.63 | 21,507 | 235 | -",,N,2026-09-11T14:02:42+09:00,000,raw/document/20260319001006.zip,e16cf50d2fa0c2068aa8dabd4f660cf8ebf982a94e46763c50e8f6618dcc28c2
KB금융,지주,2024,20260324000822,[기재정정]사업보고서 (2024.12),20260324,1. 임원 및 직원 등의 현황,15,357,사업부문 | 성별 | 직 원 수·기간의 정함이없는 근로자 | 직 원 수·기간제근로자 | 직 원 수·합 계 | 직 원 수 | 직 원 수 | 평 균근속연수 | 연간급여총 액 | 1인평균급여액 | 남 | 여 | 계,전체 | (단시간근로자) | 전체 | (단시간근로자),,N,2026-09-16T22:00:17+09:00,000,raw/document/20260324000822.zip,a596efc699762203b1a7807250c6c0974aee701fb6d03d44a3e2657c3f90551c
KB금융,지주,2024,20260324000822,[기재정정]사업보고서 (2024.12),20260324,1. 임원 및 직원 등의 현황,15,358,사업부문 | 성별 | 직 원 수·기간의 정함이없는 근로자 | 직 원 수·기간제근로자 | 직 원 수·합 계 | 직 원 수 | 직 원 수 | 평 균근속연수 | 연간급여총 액 | 1인평균급여액 | 남 | 여 | 계,"- | 남 | 100 | - | - | - | 100 | 4년1개월(17년4개월) | 17,147 | 172 | - | - | - | -",,N,2026-09-16T22:00:17+09:00,000,raw/document/20260324000822.zip,a596efc699762203b1a7807250c6c0974aee701fb6d03d44a3e2657c3f90551c
KB금융,지주,2024,20260324000822,[기재정정]사업보고서 (2024.12),20260324,1. 임원 및 직원 등의 현황,15,359,사업부문 | 성별 | 직 원 수·기간의 정함이없는 근로자 | 직 원 수·기간제근로자 | 직 원 수·합 계 | 직 원 수 | 직 원 수 | 평 균근속연수 | 연간급여총 액 | 1인평균급여액 | 남 | 여 | 계,"- | 여 | 40 | - | - | - | 40 | 3년7개월(16년2개월) | 5,424 | 131 | -",,N,2026-09-16T22:00:17+09:00,000,raw/document/20260324000822.zip,a596efc699762203b1a7807250c6c0974aee701fb6d03d44a3e2657c3f90551c
KB금융,지주,2024,20260324000822,[기재정정]사업보고서 (2024.12),20260324,1. 임원 및 직원 등의 현황,15,360,사업부문 | 성별 | 직 원 수·기간의 정함이없는 근로자 | 직 원 수·기간제근로자 | 직 원 수·합 계 | 직 원 수 | 직 원 수 | 평 균근속연수 | 연간급여총 액 | 1인평균급여액 | 남 | 여 | 계,"합 계 | 140 | - | - | - | 140 | 3년11개월(17년0개월) | 22,571 | 160 | -",,N,2026-09-16T22:00:17+09:00,000,raw/document/20260324000822.zip,a596efc699762203b1a7807250c6c0974aee701fb6d03d44a3e2657c3f90551c
KB금융,지주,2025,20260324000835,[기재정정]사업보고서 (2025.12),20260324,1. 임원 및 직원 등의 현황,15,361,사업부문 | 성별 | 직 원 수·기간의 정함이없는 근로자 | 직 원 수·기간제근로자 | 직 원 수·합 계 | 직 원 수 | 직 원 수 | 평 균근속연수 | 연간급여총 액 | 1인평균급여액 | 남 | 여 | 계,전체 | (단시간근로자) | 전체 | (단시간근로자),,N,2026-09-16T22:02:01+09:00,000,raw/document/20260324000835.zip,b66d6b1b5c69c6355a6a7759978fa29ccd9154f4c2ddf16ba0b359afe16f344e
KB금융,지주,2025,20260324000835,[기재정정]사업보고서 (2025.12),20260324,1. 임원 및 직원 등의 현황,15,362,사업부문 | 성별 | 직 원 수·기간의 정함이없는 근로자 | 직 원 수·기간제근로자 | 직 원 수·합 계 | 직 원 수 | 직 원 수 | 평 균근속연수 | 연간급여총 액 | 1인평균급여액 | 남 | 여 | 계,"- | 남 | 106 | - | 1 | - | 107 | 3년10개월(18년2개월) | 21,766 | 209 | - | - | - | -",,N,2026-09-16T22:02:01+09:00,000,raw/document/20260324000835.zip,b66d6b1b5c69c6355a6a7759978fa29ccd9154f4c2ddf16ba0b359afe16f344e
KB금융,지주,2025,20260324000835,[기재정정]사업보고서 (2025.12),20260324,1. 임원 및 직원 등의 현황,15,363,사업부문 | 성별 | 직 원 수·기간의 정함이없는 근로자 | 직 원 수·기간제근로자 | 직 원 수·합 계 | 직 원 수 | 직 원 수 | 평 균근속연수 | 연간급여총 액 | 1인평균급여액 | 남 | 여 | 계,"- | 여 | 37 | - | - | - | 37 | 3년2개월(16년11개월) | 6,332 | 166 | -",,N,2026-09-16T22:02:01+09:00,000,raw/document/20260324000835.zip,b66d6b1b5c69c6355a6a7759978fa29ccd9154f4c2ddf16ba0b359afe16f344e
KB금융,지주,2025,20260324000835,[기재정정]사업보고서 (2025.12),20260324,1. 임원 및 직원 등의 현황,15,364,사업부문 | 성별 | 직 원 수·기간의 정함이없는 근로자 | 직 원 수·기간제근로자 | 직 원 수·합 계 | 직 원 수 | 직 원 수 | 평 균근속연수 | 연간급여총 액 | 1인평균급여액 | 남 | 여 | 계,"합 계 | 143 | - | 1 | - | 144 | 3년8개월(17년10개월) | 28,098 | 197 | -",,N,2026-09-16T22:02:01+09:00,000,raw/document/20260324000835.zip,b66d6b1b5c69c6355a6a7759978fa29ccd9154f4c2ddf16ba0b359afe16f344e
KB손해보험,보험자회사,2025,20260331003209,[기재정정]사업보고서 (2025.12),20260331,1. 임원 및 직원 등의 현황,15,365,사업부문 | 성별 | 직 원 수·기간의 정함이없는 근로자 | 직 원 수·기간제근로자 | 직 원 수·합 계 | 직 원 수 | 직 원 수 | 평 균근속연수 | 연간급여총 액 | 1인평균급여액 | 남 | 여 | 계,전체 | (단시간근로자) | 전체 | (단시간근로자),,N,2026-09-16T22:05:05+09:00,000,raw/document/20260331003209.zip,90b554096e29fc67e9f5140f8213404ae5a8d306f382cc7423efa013b4829251
KB손해보험,보험자회사,2025,20260331003209,[기재정정]사업보고서 (2025.12),20260331,1. 임원 및 직원 등의 현황,15,366,사업부문 | 성별 | 직 원 수·기간의 정함이없는 근로자 | 직 원 수·기간제근로자 | 직 원 수·합 계 | 직 원 수 | 직 원 수 | 평 균근속연수 | 연간급여총 액 | 1인평균급여액 | 남 | 여 | 계,"금융업 | 남 | 1,339 | 0 | 81 | 0 | 1,420 | 16.0 | 199,296 | 140 | 676 | 1,085 | 1,761 | -",,N,2026-09-16T22:05:05+09:00,000,raw/document/20260331003209.zip,90b554096e29fc67e9f5140f8213404ae5a8d306f382cc7423efa013b4829251
KB손해보험,보험자회사,2025,20260331003209,[기재정정]사업보고서 (2025.12),20260331,1. 임원 및 직원 등의 현황,15,367,사업부문 | 성별 | 직 원 수·기간의 정함이없는 근로자 | 직 원 수·기간제근로자 | 직 원 수·합 계 | 직 원 수 | 직 원 수 | 평 균근속연수 | 연간급여총 액 | 1인평균급여액 | 남 | 여 | 계,"금융업 | 여 | 1,494 | 0 | 77 | 0 | 1,571 | 15.0 | 145,968 | 93 | -",,N,2026-09-16T22:05:05+09:00,000,raw/document/20260331003209.zip,90b554096e29fc67e9f5140f8213404ae5a8d306f382cc7423efa013b4829251
KB손해보험,보험자회사,2025,20260331003209,[기재정정]사업보고서 (2025.12),20260331,1. 임원 및 직원 등의 현황,15,368,사업부문 | 성별 | 직 원 수·기간의 정함이없는 근로자 | 직 원 수·기간제근로자 | 직 원 수·합 계 | 직 원 수 | 직 원 수 | 평 균근속연수 | 연간급여총 액 | 1인평균급여액 | 남 | 여 | 계,"합 계 | 2,833 | 0 | 158 | 0 | 2,991 | 15.5 | 345,264 | 115 | -",,N,2026-09-16T22:05:05+09:00,000,raw/document/20260331003209.zip,90b554096e29fc67e9f5140f8213404ae5a8d306f382cc7423efa013b4829251
KB라이프생명보험,보험자회사,2025,20260331003664,[기재정정]사업보고서 (2025.12),20260331,1. 임원 및 직원 등의 현황,17,369,사업부문 | 성별 | 직 원 수·기간의 정함이없는 근로자 | 직 원 수·기간제근로자 | 직 원 수·합 계 | 직 원 수 | 직 원 수 | 평 균근속연수 | 연간급여총 액 | 1인평균급여액 | 남 | 여 | 계,전체 | (단시간근로자) | 전체 | (단시간근로자),,N,2026-09-16T22:07:10+09:00,000,raw/document/20260331003664.zip,b1ffd6707e01b6e8213cb0e01e871c3ca27d18724c6e469a19b1d0b4051e892f
KB라이프생명보험,보험자회사,2025,20260331003664,[기재정정]사업보고서 (2025.12),20260331,1. 임원 및 직원 등의 현황,17,370,사업부문 | 성별 | 직 원 수·기간의 정함이없는 근로자 | 직 원 수·기간제근로자 | 직 원 수·합 계 | 직 원 수 | 직 원 수 | 평 균근속연수 | 연간급여총 액 | 1인평균급여액 | 남 | 여 | 계,"전사 | 남 | 300 | - | 34 | - | 334 | 9년7개월 | 40,432 | 134 | 106 | 159 | 265 | -",,N,2026-09-16T22:07:10+09:00,000,raw/document/20260331003664.zip,b1ffd6707e01b6e8213cb0e01e871c3ca27d18724c6e469a19b1d0b4051e892f
KB라이프생명보험,보험자회사,2025,20260331003664,[기재정정]사업보고서 (2025.12),20260331,1. 임원 및 직원 등의 현황,17,371,사업부문 | 성별 | 직 원 수·기간의 정함이없는 근로자 | 직 원 수·기간제근로자 | 직 원 수·합 계 | 직 원 수 | 직 원 수 | 평 균근속연수 | 연간급여총 액 | 1인평균급여액 | 남 | 여 | 계,"전사 | 여 | 326 | - | 36 | - | 362 | 10년3개월 | 34,362 | 98 | -",,N,2026-09-16T22:07:10+09:00,000,raw/document/20260331003664.zip,b1ffd6707e01b6e8213cb0e01e871c3ca27d18724c6e469a19b1d0b4051e892f
KB라이프생명보험,보험자회사,2025,20260331003664,[기재정정]사업보고서 (2025.12),20260331,1. 임원 및 직원 등의 현황,17,372,사업부문 | 성별 | 직 원 수·기간의 정함이없는 근로자 | 직 원 수·기간제근로자 | 직 원 수·합 계 | 직 원 수 | 직 원 수 | 평 균근속연수 | 연간급여총 액 | 1인평균급여액 | 남 | 여 | 계,"합 계 | 626 | - | 70 | - | 696 | 9년11개월 | 74,794 | 116 | -",,N,2026-09-16T22:07:10+09:00,000,raw/document/20260331003664.zip,b1ffd6707e01b6e8213cb0e01e871c3ca27d18724c6e469a19b1d0b4051e892f
메리츠화재해상보험,보험자회사,2025,20260331003916,사업보고서 (2025.12),20260331,1. 임원 및 직원 등의 현황,6,373,사업부문 | 성별 | 직 원 수·기간의 정함이없는 근로자 | 직 원 수·기간제근로자 | 직 원 수·합 계 | 직 원 수 | 직 원 수 | 평 균근속연수 | 연간급여총 액 | 1인평균급여액 | 남 | 여 | 계,전체 | (단시간근로자) | 전체 | (단시간근로자),,N,2026-09-11T11:05:09+09:00,000,raw/document/20260331003916.zip,eb7e1f31d95e8e01f026b75a44c3f4b76a9a759c5240c63024aebcf89b3eedd9
메리츠화재해상보험,보험자회사,2025,20260331003916,사업보고서 (2025.12),20260331,1. 임원 및 직원 등의 현황,6,374,사업부문 | 성별 | 직 원 수·기간의 정함이없는 근로자 | 직 원 수·기간제근로자 | 직 원 수·합 계 | 직 원 수 | 직 원 수 | 평 균근속연수 | 연간급여총 액 | 1인평균급여액 | 남 | 여 | 계,"보험 | 남 | 1,084 | 1 | 132 | 10 | 1,216 | 10년11개월 | 187,453,858 | 175,724 | 217 | 119 | 336 | -",,N,2026-09-11T11:05:09+09:00,000,raw/document/20260331003916.zip,eb7e1f31d95e8e01f026b75a44c3f4b76a9a759c5240c63024aebcf89b3eedd9
메리츠화재해상보험,보험자회사,2025,20260331003916,사업보고서 (2025.12),20260331,1. 임원 및 직원 등의 현황,6,375,사업부문 | 성별 | 직 원 수·기간의 정함이없는 근로자 | 직 원 수·기간제근로자 | 직 원 수·합 계 | 직 원 수 | 직 원 수 | 평 균근속연수 | 연간급여총 액 | 1인평균급여액 | 남 | 여 | 계,"보험 | 여 | 1,241 | 23 | 570 | 22 | 1,811 | 11년5개월 | 105,833,787 | 102,093 | -",,N,2026-09-11T11:05:09+09:00,000,raw/document/20260331003916.zip,eb7e1f31d95e8e01f026b75a44c3f4b76a9a759c5240c63024aebcf89b3eedd9
메리츠화재해상보험,보험자회사,2025,20260331003916,사업보고서 (2025.12),20260331,1. 임원 및 직원 등의 현황,6,376,사업부문 | 성별 | 직 원 수·기간의 정함이없는 근로자 | 직 원 수·기간제근로자 | 직 원 수·합 계 | 직 원 수 | 직 원 수 | 평 균근속연수 | 연간급여총 액 | 1인평균급여액 | 남 | 여 | 계,"합 계 | 2,325 | 24 | 702 | 32 | 3,027 | 11년2개월 | 293,287,645 | 143,965 | -",,N,2026-09-11T11:05:09+09:00,000,raw/document/20260331003916.zip,eb7e1f31d95e8e01f026b75a44c3f4b76a9a759c5240c63024aebcf89b3eedd9
메리츠금융지주,지주,2025,20260331004089,[기재정정]사업보고서 (2025.12),20260331,1. 임원 및 직원 등의 현황,9,377,사업부문 | 성별 | 직 원 수·기간의 정함이없는 근로자 | 직 원 수·기간제근로자 | 직 원 수·합 계 | 직 원 수 | 직 원 수 | 평 균근속연수 | 연간급여총 액 | 1인평균급여액 | 남 | 여 | 계,전체 | (단시간근로자) | 전체 | (단시간근로자),,N,2026-09-16T22:09:51+09:00,000,raw/document/20260331004089.zip,6bf71311a535e281f72157d24085f7a12e1c7076bbc611d1ba1a1c4ddb41cfac
메리츠금융지주,지주,2025,20260331004089,[기재정정]사업보고서 (2025.12),20260331,1. 임원 및 직원 등의 현황,9,378,사업부문 | 성별 | 직 원 수·기간의 정함이없는 근로자 | 직 원 수·기간제근로자 | 직 원 수·합 계 | 직 원 수 | 직 원 수 | 평 균근속연수 | 연간급여총 액 | 1인평균급여액 | 남 | 여 | 계,"경영관리 | 남 | 13 | - | 16 | - | 29 | 3.1 | 7,585 | 262 | - | - | - | -",,N,2026-09-16T22:09:51+09:00,000,raw/document/20260331004089.zip,6bf71311a535e281f72157d24085f7a12e1c7076bbc611d1ba1a1c4ddb41cfac
메리츠금융지주,지주,2025,20260331004089,[기재정정]사업보고서 (2025.12),20260331,1. 임원 및 직원 등의 현황,9,379,사업부문 | 성별 | 직 원 수·기간의 정함이없는 근로자 | 직 원 수·기간제근로자 | 직 원 수·합 계 | 직 원 수 | 직 원 수 | 평 균근속연수 | 연간급여총 액 | 1인평균급여액 | 남 | 여 | 계,"경영관리 | 여 | 8 | - | 1 | - | 9 | 7.3 | 1,904 | 212 | -",,N,2026-09-16T22:09:51+09:00,000,raw/document/20260331004089.zip,6bf71311a535e281f72157d24085f7a12e1c7076bbc611d1ba1a1c4ddb41cfac
메리츠금융지주,지주,2025,20260331004089,[기재정정]사업보고서 (2025.12),20260331,1. 임원 및 직원 등의 현황,9,380,사업부문 | 성별 | 직 원 수·기간의 정함이없는 근로자 | 직 원 수·기간제근로자 | 직 원 수·합 계 | 직 원 수 | 직 원 수 | 평 균근속연수 | 연간급여총 액 | 1인평균급여액 | 남 | 여 | 계,"합 계 | 21 | - | 17 | - | 38 | 4.1 | 9,489 | 250 | -",,N,2026-09-16T22:09:51+09:00,000,raw/document/20260331004089.zip,6bf71311a535e281f72157d24085f7a12e1c7076bbc611d1ba1a1c4ddb41cfac
신한라이프생명보험,보험자회사,2025,20260331004136,[기재정정]사업보고서 (2025.12),20260331,1. 임원 및 직원 등의 현황,13,381,사업부문 | 성별 | 직 원 수·기간의 정함이없는 근로자 | 직 원 수·기간제근로자 | 직 원 수·합 계 | 직 원 수 | 직 원 수 | 평 균근속연수 | 연간급여총 액 | 1인평균급여액 | 남 | 여 | 계,전체 | (단시간근로자) | 전체 | (단시간근로자),,N,2026-09-16T22:10:49+09:00,000,raw/document/20260331004136.zip,ed955aedfd62fe0d2032f317d81d4656e648a3c74719d17629ed19d457daf267
신한라이프생명보험,보험자회사,2025,20260331004136,[기재정정]사업보고서 (2025.12),20260331,1. 임원 및 직원 등의 현황,13,382,사업부문 | 성별 | 직 원 수·기간의 정함이없는 근로자 | 직 원 수·기간제근로자 | 직 원 수·합 계 | 직 원 수 | 직 원 수 | 평 균근속연수 | 연간급여총 액 | 1인평균급여액 | 남 | 여 | 계,"보험업 | 남 | 655 | 12 | 20 | 7 | 675 | 13.9 | 95,462 | 144 | 147 | 529 | 676 | -",,N,2026-09-16T22:10:49+09:00,000,raw/document/20260331004136.zip,ed955aedfd62fe0d2032f317d81d4656e648a3c74719d17629ed19d457daf267
신한라이프생명보험,보험자회사,2025,20260331004136,[기재정정]사업보고서 (2025.12),20260331,1. 임원 및 직원 등의 현황,13,383,사업부문 | 성별 | 직 원 수·기간의 정함이없는 근로자 | 직 원 수·기간제근로자 | 직 원 수·합 계 | 직 원 수 | 직 원 수 | 평 균근속연수 | 연간급여총 액 | 1인평균급여액 | 남 | 여 | 계,"보험업 | 여 | 857 | 3 | 21 | 1 | 878 | 16.7 | 97,691 | 114 | -",,N,2026-09-16T22:10:49+09:00,000,raw/document/20260331004136.zip,ed955aedfd62fe0d2032f317d81d4656e648a3c74719d17629ed19d457daf267
신한라이프생명보험,보험자회사,2025,20260331004136,[기재정정]사업보고서 (2025.12),20260331,1. 임원 및 직원 등의 현황,13,384,사업부문 | 성별 | 직 원 수·기간의 정함이없는 근로자 | 직 원 수·기간제근로자 | 직 원 수·합 계 | 직 원 수 | 직 원 수 | 평 균근속연수 | 연간급여총 액 | 1인평균급여액 | 남 | 여 | 계,"합 계 | 1,512 | 15 | 41 | 8 | 1,553 | 15.5 | 193,153 | 127 | -",,N,2026-09-16T22:10:49+09:00,000,raw/document/20260331004136.zip,ed955aedfd62fe0d2032f317d81d4656e648a3c74719d17629ed19d457daf267
메리츠금융지주,지주,2025,20260331004202,[기재정정]사업보고서 (2025.12),20260331,1. 임원 및 직원 등의 현황,9,385,사업부문 | 성별 | 직 원 수·기간의 정함이없는 근로자 | 직 원 수·기간제근로자 | 직 원 수·합 계 | 직 원 수 | 직 원 수 | 평 균근속연수 | 연간급여총 액 | 1인평균급여액 | 남 | 여 | 계,전체 | (단시간근로자) | 전체 | (단시간근로자),,N,2026-09-16T22:11:24+09:00,000,raw/document/20260331004202.zip,01a8138283b74cbee04d45d6aac92d331d638f7671a5992bfcb1306b7553733f
메리츠금융지주,지주,2025,20260331004202,[기재정정]사업보고서 (2025.12),20260331,1. 임원 및 직원 등의 현황,9,386,사업부문 | 성별 | 직 원 수·기간의 정함이없는 근로자 | 직 원 수·기간제근로자 | 직 원 수·합 계 | 직 원 수 | 직 원 수 | 평 균근속연수 | 연간급여총 액 | 1인평균급여액 | 남 | 여 | 계,"경영관리 | 남 | 13 | - | 16 | - | 29 | 3.1 | 7,585 | 262 | - | - | - | -",,N,2026-09-16T22:11:24+09:00,000,raw/document/20260331004202.zip,01a8138283b74cbee04d45d6aac92d331d638f7671a5992bfcb1306b7553733f
메리츠금융지주,지주,2025,20260331004202,[기재정정]사업보고서 (2025.12),20260331,1. 임원 및 직원 등의 현황,9,387,사업부문 | 성별 | 직 원 수·기간의 정함이없는 근로자 | 직 원 수·기간제근로자 | 직 원 수·합 계 | 직 원 수 | 직 원 수 | 평 균근속연수 | 연간급여총 액 | 1인평균급여액 | 남 | 여 | 계,"경영관리 | 여 | 8 | - | 1 | - | 9 | 7.3 | 1,904 | 212 | -",,N,2026-09-16T22:11:24+09:00,000,raw/document/20260331004202.zip,01a8138283b74cbee04d45d6aac92d331d638f7671a5992bfcb1306b7553733f
메리츠금융지주,지주,2025,20260331004202,[기재정정]사업보고서 (2025.12),20260331,1. 임원 및 직원 등의 현황,9,388,사업부문 | 성별 | 직 원 수·기간의 정함이없는 근로자 | 직 원 수·기간제근로자 | 직 원 수·합 계 | 직 원 수 | 직 원 수 | 평 균근속연수 | 연간급여총 액 | 1인평균급여액 | 남 | 여 | 계,"합 계 | 21 | - | 17 | - | 38 | 4.1 | 9,489 | 250 | -",,N,2026-09-16T22:11:24+09:00,000,raw/document/20260331004202.zip,01a8138283b74cbee04d45d6aac92d331d638f7671a5992bfcb1306b7553733f
동양생명보험,보험자회사,2025,20260331004234,[기재정정]사업보고서 (2025.12),20260331,1. 임원 및 직원 등의 현황,19,389,사업부문 | 성별 | 직 원 수·기간의 정함이없는 근로자 | 직 원 수·기간제근로자 | 직 원 수·합 계 | 직 원 수 | 직 원 수 | 평 균근속연수 | 연간급여총 액 | 1인평균급여액 | 남 | 여 | 계,전체 | (단시간근로자) | 전체 | (단시간근로자),,N,2026-09-16T22:12:30+09:00,000,raw/document/20260331004234.zip,15765d543cde30105e5ed76d11f9b34cb1b293b6c519912dee83d20eb4ff3886
동양생명보험,보험자회사,2025,20260331004234,[기재정정]사업보고서 (2025.12),20260331,1. 임원 및 직원 등의 현황,19,390,사업부문 | 성별 | 직 원 수·기간의 정함이없는 근로자 | 직 원 수·기간제근로자 | 직 원 수·합 계 | 직 원 수 | 직 원 수 | 평 균근속연수 | 연간급여총 액 | 1인평균급여액 | 남 | 여 | 계,"관리부문 | 남 | 223 | 1 | 15 | 3 | 238 | 11.5 | 26,636 | 112 | 156 | 238 | 394 | -",,N,2026-09-16T22:12:30+09:00,000,raw/document/20260331004234.zip,15765d543cde30105e5ed76d11f9b34cb1b293b6c519912dee83d20eb4ff3886
동양생명보험,보험자회사,2025,20260331004234,[기재정정]사업보고서 (2025.12),20260331,1. 임원 및 직원 등의 현황,19,391,사업부문 | 성별 | 직 원 수·기간의 정함이없는 근로자 | 직 원 수·기간제근로자 | 직 원 수·합 계 | 직 원 수 | 직 원 수 | 평 균근속연수 | 연간급여총 액 | 1인평균급여액 | 남 | 여 | 계,"관리부문 | 여 | 202 | - | 6 | 1 | 208 | 13.1 | 17,771 | 85 | -",,N,2026-09-16T22:12:30+09:00,000,raw/document/20260331004234.zip,15765d543cde30105e5ed76d11f9b34cb1b293b6c519912dee83d20eb4ff3886
동양생명보험,보험자회사,2025,20260331004234,[기재정정]사업보고서 (2025.12),20260331,1. 임원 및 직원 등의 현황,19,392,사업부문 | 성별 | 직 원 수·기간의 정함이없는 근로자 | 직 원 수·기간제근로자 | 직 원 수·합 계 | 직 원 수 | 직 원 수 | 평 균근속연수 | 연간급여총 액 | 1인평균급여액 | 남 | 여 | 계,"영업부문 | 남 | 132 | - | - | - | 132 | 14.6 | 18,878 | 143 | -",,N,2026-09-16T22:12:30+09:00,000,raw/document/20260331004234.zip,15765d543cde30105e5ed76d11f9b34cb1b293b6c519912dee83d20eb4ff3886
동양생명보험,보험자회사,2025,20260331004234,[기재정정]사업보고서 (2025.12),20260331,1. 임원 및 직원 등의 현황,19,393,사업부문 | 성별 | 직 원 수·기간의 정함이없는 근로자 | 직 원 수·기간제근로자 | 직 원 수·합 계 | 직 원 수 | 직 원 수 | 평 균근속연수 | 연간급여총 액 | 1인평균급여액 | 남 | 여 | 계,"영업부문 | 여 | 255 | - | - | 2 | 255 | 21.7 | 25,919 | 102 | -",,N,2026-09-16T22:12:30+09:00,000,raw/document/20260331004234.zip,15765d543cde30105e5ed76d11f9b34cb1b293b6c519912dee83d20eb4ff3886
동양생명보험,보험자회사,2025,20260331004234,[기재정정]사업보고서 (2025.12),20260331,1. 임원 및 직원 등의 현황,19,394,사업부문 | 성별 | 직 원 수·기간의 정함이없는 근로자 | 직 원 수·기간제근로자 | 직 원 수·합 계 | 직 원 수 | 직 원 수 | 평 균근속연수 | 연간급여총 액 | 1인평균급여액 | 남 | 여 | 계,"자산운용부문 | 남 | 42 | - | 1 | - | 43 | 10.1 | 5,308 | 123 | -",,N,2026-09-16T22:12:30+09:00,000,raw/document/20260331004234.zip,15765d543cde30105e5ed76d11f9b34cb1b293b6c519912dee83d20eb4ff3886
동양생명보험,보험자회사,2025,20260331004234,[기재정정]사업보고서 (2025.12),20260331,1. 임원 및 직원 등의 현황,19,395,사업부문 | 성별 | 직 원 수·기간의 정함이없는 근로자 | 직 원 수·기간제근로자 | 직 원 수·합 계 | 직 원 수 | 직 원 수 | 평 균근속연수 | 연간급여총 액 | 1인평균급여액 | 남 | 여 | 계,"자산운용부문 | 여 | 30 | - | - | - | 30 | 11.0 | 2,673 | 89 | -",,N,2026-09-16T22:12:30+09:00,000,raw/document/20260331004234.zip,15765d543cde30105e5ed76d11f9b34cb1b293b6c519912dee83d20eb4ff3886
동양생명보험,보험자회사,2025,20260331004234,[기재정정]사업보고서 (2025.12),20260331,1. 임원 및 직원 등의 현황,19,396,사업부문 | 성별 | 직 원 수·기간의 정함이없는 근로자 | 직 원 수·기간제근로자 | 직 원 수·합 계 | 직 원 수 | 직 원 수 | 평 균근속연수 | 연간급여총 액 | 1인평균급여액 | 남 | 여 | 계,"합 계 | 884 | 1 | 22 | 6 | 906 | 15.1 | 97,186 | 107 | -",,N,2026-09-16T22:12:30+09:00,000,raw/document/20260331004234.zip,15765d543cde30105e5ed76d11f9b34cb1b293b6c519912dee83d20eb4ff3886
농협금융지주,지주,2025,20260331004252,사업보고서 (2025.12),20260331,1. 임원 및 직원 등의 현황,7,397,사업부문 | 성별 | 직 원 수·기간의 정함이없는 근로자 | 직 원 수·기간제근로자 | 직 원 수·합 계 | 직 원 수 | 직 원 수 | 평 균근속연수 | 연간급여총 액 | 1인평균급여액 | 남 | 여 | 계,전체 | (단시간근로자) | 전체 | (단시간근로자),,N,2026-09-22T12:12:39+09:00,000,raw/document/20260331004252.zip,b968de4bac472833f1e9975a2d054bbc85d0fe6d22cf6c1e517978322f0d6dac
농협금융지주,지주,2025,20260331004252,사업보고서 (2025.12),20260331,1. 임원 및 직원 등의 현황,7,398,사업부문 | 성별 | 직 원 수·기간의 정함이없는 근로자 | 직 원 수·기간제근로자 | 직 원 수·합 계 | 직 원 수 | 직 원 수 | 평 균근속연수 | 연간급여총 액 | 1인평균급여액 | 남 | 여 | 계,"사무관리 | 남 | 120 | - | 25 | - | 145 | 4.8 (15) | 23,264 | 160 | - | - | - | -",,N,2026-09-22T12:12:39+09:00,000,raw/document/20260331004252.zip,b968de4bac472833f1e9975a2d054bbc85d0fe6d22cf6c1e517978322f0d6dac
농협금융지주,지주,2025,20260331004252,사업보고서 (2025.12),20260331,1. 임원 및 직원 등의 현황,7,399,사업부문 | 성별 | 직 원 수·기간의 정함이없는 근로자 | 직 원 수·기간제근로자 | 직 원 수·합 계 | 직 원 수 | 직 원 수 | 평 균근속연수 | 연간급여총 액 | 1인평균급여액 | 남 | 여 | 계,"사무관리 | 여 | 25 | - | 30 | - | 55 | 2.9 (8.1) | 6,157 | 112 | -",,N,2026-09-22T12:12:39+09:00,000,raw/document/20260331004252.zip,b968de4bac472833f1e9975a2d054bbc85d0fe6d22cf6c1e517978322f0d6dac
농협금융지주,지주,2025,20260331004252,사업보고서 (2025.12),20260331,1. 임원 및 직원 등의 현황,7,400,사업부문 | 성별 | 직 원 수·기간의 정함이없는 근로자 | 직 원 수·기간제근로자 | 직 원 수·합 계 | 직 원 수 | 직 원 수 | 평 균근속연수 | 연간급여총 액 | 1인평균급여액 | 남 | 여 | 계,"합 계 | 145 | - | 55 | - | 200 | 4.3 (13.1) | 29,422 | 147 | -",,N,2026-09-22T12:12:39+09:00,000,raw/document/20260331004252.zip,b968de4bac472833f1e9975a2d054bbc85d0fe6d22cf6c1e517978322f0d6dac
iM금융지주,지주,2025,20260515000720,[기재정정]사업보고서 (2025.12),20260515,1. 임원 및 직원 등의 현황,14,401,사업부문 | 성별 | 직 원 수·기간의 정함이없는 근로자 | 직 원 수·기간제근로자 | 직 원 수·합 계 | 직 원 수 | 직 원 수 | 평 균근속연수 | 연간급여총 액 | 1인평균급여액 | 남 | 여 | 계,전체 | (단시간근로자) | 전체 | (단시간근로자),"겸직임원 2명, 겸직직원 25명 포함 / 겸직직원 15명 포함",Y,2026-09-16T22:17:58+09:00,000,raw/document/20260515000720.zip,8d99c90b29996cd09c416efaca8586dbbc438a223a3402ac36dd423cbb357338
iM금융지주,지주,2025,20260515000720,[기재정정]사업보고서 (2025.12),20260515,1. 임원 및 직원 등의 현황,14,402,사업부문 | 성별 | 직 원 수·기간의 정함이없는 근로자 | 직 원 수·기간제근로자 | 직 원 수·합 계 | 직 원 수 | 직 원 수 | 평 균근속연수 | 연간급여총 액 | 1인평균급여액 | 남 | 여 | 계,"금융업 | 남 | 81 | - | 28 | - | 109 | 3.04 | 15,477 | 144 | - | - | - | 겸직임원 2명, 겸직직원 25명 포함","겸직임원 2명, 겸직직원 25명 포함 / 겸직직원 15명 포함",Y,2026-09-16T22:17:58+09:00,000,raw/document/20260515000720.zip,8d99c90b29996cd09c416efaca8586dbbc438a223a3402ac36dd423cbb357338
iM금융지주,지주,2025,20260515000720,[기재정정]사업보고서 (2025.12),20260515,1. 임원 및 직원 등의 현황,14,403,사업부문 | 성별 | 직 원 수·기간의 정함이없는 근로자 | 직 원 수·기간제근로자 | 직 원 수·합 계 | 직 원 수 | 직 원 수 | 평 균근속연수 | 연간급여총 액 | 1인평균급여액 | 남 | 여 | 계,"금융업 | 여 | 12 | - | 22 | - | 34 | 2.69 | 1,948 | 73 | 겸직직원 15명 포함","겸직임원 2명, 겸직직원 25명 포함 / 겸직직원 15명 포함",Y,2026-09-16T22:17:58+09:00,000,raw/document/20260515000720.zip,8d99c90b29996cd09c416efaca8586dbbc438a223a3402ac36dd423cbb357338
iM금융지주,지주,2025,20260515000720,[기재정정]사업보고서 (2025.12),20260515,1. 임원 및 직원 등의 현황,14,404,사업부문 | 성별 | 직 원 수·기간의 정함이없는 근로자 | 직 원 수·기간제근로자 | 직 원 수·합 계 | 직 원 수 | 직 원 수 | 평 균근속연수 | 연간급여총 액 | 1인평균급여액 | 남 | 여 | 계,"합 계 | 93 | - | 50 | - | 143 | 2.96 | 17,425 | 130 | -","겸직임원 2명, 겸직직원 25명 포함 / 겸직직원 15명 포함",Y,2026-09-16T22:17:58+09:00,000,raw/document/20260515000720.zip,8d99c90b29996cd09c416efaca8586dbbc438a223a3402ac36dd423cbb357338
하나금융지주,지주,2025,20260814004019,[기재정정]사업보고서 (2025.12),20260814,1. 임원 및 직원 등의 현황,11,405,사업부문 | 성별 | 직 원 수·기간의 정함이없는 근로자 | 직 원 수·기간제근로자 | 직 원 수·합 계 | 직 원 수 | 직 원 수 | 평 균근속연수 | 연간급여총 액 | 1인평균급여액 | 남 | 여 | 계,전체 | (단시간근로자) | 전체 | (단시간근로자),,N,2026-09-22T12:14:10+09:00,000,raw/document/20260814004019.zip,4be8c2278fdd18326d05cb3a2022ff159f7f7c291b3279578621d1ded3d88a75
하나금융지주,지주,2025,20260814004019,[기재정정]사업보고서 (2025.12),20260814,1. 임원 및 직원 등의 현황,11,406,사업부문 | 성별 | 직 원 수·기간의 정함이없는 근로자 | 직 원 수·기간제근로자 | 직 원 수·합 계 | 직 원 수 | 직 원 수 | 평 균근속연수 | 연간급여총 액 | 1인평균급여액 | 남 | 여 | 계,"- | 남 | 77 | - | 15 | - | 92 | 3.5 | 17,376 | 183 | 2 | 1 | 3 | -",,N,2026-09-22T12:14:10+09:00,000,raw/document/20260814004019.zip,4be8c2278fdd18326d05cb3a2022ff159f7f7c291b3279578621d1ded3d88a75
하나금융지주,지주,2025,20260814004019,[기재정정]사업보고서 (2025.12),20260814,1. 임원 및 직원 등의 현황,11,407,사업부문 | 성별 | 직 원 수·기간의 정함이없는 근로자 | 직 원 수·기간제근로자 | 직 원 수·합 계 | 직 원 수 | 직 원 수 | 평 균근속연수 | 연간급여총 액 | 1인평균급여액 | 남 | 여 | 계,"- | 여 | 29 | - | 10 | - | 39 | 3.1 | 5,107 | 134 | -",,N,2026-09-22T12:14:10+09:00,000,raw/document/20260814004019.zip,4be8c2278fdd18326d05cb3a2022ff159f7f7c291b3279578621d1ded3d88a75
하나금융지주,지주,2025,20260814004019,[기재정정]사업보고서 (2025.12),20260814,1. 임원 및 직원 등의 현황,11,408,사업부문 | 성별 | 직 원 수·기간의 정함이없는 근로자 | 직 원 수·기간제근로자 | 직 원 수·합 계 | 직 원 수 | 직 원 수 | 평 균근속연수 | 연간급여총 액 | 1인평균급여액 | 남 | 여 | 계,"합 계 | 106 | - | 25 | - | 131 | 3.4 | 22,482 | 169 | -",,N,2026-09-22T12:14:10+09:00,000,raw/document/20260814004019.zip,4be8c2278fdd18326d05cb3a2022ff159f7f7c291b3279578621d1ded3d88a75
