corp_label,entity_type,group,corp_code,corp_name,bsns_year,reprt_code,reprt_nm,accounting_std_inferred,bsis_posesn_stock_co,bsis_posesn_stock_qota_rt,corp_cls,inference_rule,nm,relate,rm,stlm_dt,stock_knd,trmend_posesn_stock_co,trmend_posesn_stock_qota_rt,value_source,source_endpoint,source_params,rcept_no,rcept_no_source,fetched_at,status,call_id,raw_path,raw_sha256,data_age_days
ABL생명보험,생보,보험자회사,00148391,에이비엘생명보험,2022,11011,사업보고서,IFRS4,"3,106,736",100.00,E,"보고서 사업연도 >= 2023 이면 IFRS17, 아니면 IFRS4",Anbang Group Holdings Co. Limited,최대주주 본인,-,2022-12-31,보통주,"3,106,736",100.00,api,hyslrSttus,"{""bsns_year"": ""2022"", ""corp_code"": ""00148391"", ""reprt_code"": ""11011""}",20230814002562,api_row,2026-08-31T16:06:46+09:00,000,run_20260831_152517_1115,raw/hyslrSttus/00148391_2022_11011.json,9b9868de3d885556174cedfa8f8cd17687737852ff2805c5c79a168534bb8e08,11
ABL생명보험,생보,보험자회사,00148391,에이비엘생명보험,2022,11011,사업보고서,IFRS4,"3,106,736",100.00,E,"보고서 사업연도 >= 2023 이면 IFRS17, 아니면 IFRS4",계,,-,2022-12-31,보통주,"3,106,736",100.00,api,hyslrSttus,"{""bsns_year"": ""2022"", ""corp_code"": ""00148391"", ""reprt_code"": ""11011""}",20230814002562,api_row,2026-08-31T16:06:46+09:00,000,run_20260831_152517_1115,raw/hyslrSttus/00148391_2022_11011.json,9b9868de3d885556174cedfa8f8cd17687737852ff2805c5c79a168534bb8e08,11
ABL생명보험,생보,보험자회사,00148391,에이비엘생명보험,2022,11011,사업보고서,IFRS4,-,-,E,"보고서 사업연도 >= 2023 이면 IFRS17, 아니면 IFRS4",계,,-,2022-12-31,-,-,-,api,hyslrSttus,"{""bsns_year"": ""2022"", ""corp_code"": ""00148391"", ""reprt_code"": ""11011""}",20230814002562,api_row,2026-08-31T16:06:46+09:00,000,run_20260831_152517_1115,raw/hyslrSttus/00148391_2022_11011.json,9b9868de3d885556174cedfa8f8cd17687737852ff2805c5c79a168534bb8e08,11
ABL생명보험,생보,보험자회사,00148391,에이비엘생명보험,2023,11011,사업보고서,IFRS17,"3,106,736",100.00,E,"보고서 사업연도 >= 2023 이면 IFRS17, 아니면 IFRS4",Anbang Group Holdings Co. Limited,최대주주 본인,-,2023-12-31,보통주,"3,106,736",100.00,api,hyslrSttus,"{""bsns_year"": ""2023"", ""corp_code"": ""00148391"", ""reprt_code"": ""11011""}",20240430000559,api_row,2026-08-31T16:06:56+09:00,000,run_20260831_152517_1124,raw/hyslrSttus/00148391_2023_11011.json,b0d4b56cc2070e20d47179850b028f1690a2439a073c220a7632676b715d5d37,11
ABL생명보험,생보,보험자회사,00148391,에이비엘생명보험,2023,11011,사업보고서,IFRS17,"3,106,736",100.00,E,"보고서 사업연도 >= 2023 이면 IFRS17, 아니면 IFRS4",계,,-,2023-12-31,보통주,"3,106,736",100.00,api,hyslrSttus,"{""bsns_year"": ""2023"", ""corp_code"": ""00148391"", ""reprt_code"": ""11011""}",20240430000559,api_row,2026-08-31T16:06:56+09:00,000,run_20260831_152517_1124,raw/hyslrSttus/00148391_2023_11011.json,b0d4b56cc2070e20d47179850b028f1690a2439a073c220a7632676b715d5d37,11
ABL생명보험,생보,보험자회사,00148391,에이비엘생명보험,2023,11011,사업보고서,IFRS17,-,-,E,"보고서 사업연도 >= 2023 이면 IFRS17, 아니면 IFRS4",계,,-,2023-12-31,-,-,-,api,hyslrSttus,"{""bsns_year"": ""2023"", ""corp_code"": ""00148391"", ""reprt_code"": ""11011""}",20240430000559,api_row,2026-08-31T16:06:56+09:00,000,run_20260831_152517_1124,raw/hyslrSttus/00148391_2023_11011.json,b0d4b56cc2070e20d47179850b028f1690a2439a073c220a7632676b715d5d37,11
ABL생명보험,생보,보험자회사,00148391,에이비엘생명보험,2024,11011,사업보고서,IFRS17,"3,106,736",100.00,E,"보고서 사업연도 >= 2023 이면 IFRS17, 아니면 IFRS4",Anbang Group Holdings Co. Limited,최대주주 본인,-,2024-12-31,보통주,"3,106,736",100.00,api,hyslrSttus,"{""bsns_year"": ""2024"", ""corp_code"": ""00148391"", ""reprt_code"": ""11011""}",20250514001000,api_row,2026-08-31T16:07:24+09:00,000,run_20260831_152517_1133,raw/hyslrSttus/00148391_2024_11011.json,31491eb3d9bda181154bf786e6b7e52a9fa2b3fb49c874d35378764918ceb06d,11
ABL생명보험,생보,보험자회사,00148391,에이비엘생명보험,2024,11011,사업보고서,IFRS17,"3,106,736",100.00,E,"보고서 사업연도 >= 2023 이면 IFRS17, 아니면 IFRS4",계,,-,2024-12-31,보통주,"3,106,736",100.00,api,hyslrSttus,"{""bsns_year"": ""2024"", ""corp_code"": ""00148391"", ""reprt_code"": ""11011""}",20250514001000,api_row,2026-08-31T16:07:24+09:00,000,run_20260831_152517_1133,raw/hyslrSttus/00148391_2024_11011.json,31491eb3d9bda181154bf786e6b7e52a9fa2b3fb49c874d35378764918ceb06d,11
ABL생명보험,생보,보험자회사,00148391,에이비엘생명보험,2024,11011,사업보고서,IFRS17,-,-,E,"보고서 사업연도 >= 2023 이면 IFRS17, 아니면 IFRS4",계,,-,2024-12-31,-,-,-,api,hyslrSttus,"{""bsns_year"": ""2024"", ""corp_code"": ""00148391"", ""reprt_code"": ""11011""}",20250514001000,api_row,2026-08-31T16:07:24+09:00,000,run_20260831_152517_1133,raw/hyslrSttus/00148391_2024_11011.json,31491eb3d9bda181154bf786e6b7e52a9fa2b3fb49c874d35378764918ceb06d,11
ABL생명보험,생보,보험자회사,00148391,에이비엘생명보험,2025,11011,사업보고서,IFRS17,"3,106,736",100.00,E,"보고서 사업연도 >= 2023 이면 IFRS17, 아니면 IFRS4",Anbang Group Holdings Co. Limited,최대주주,-,2025-12-31,보통주,0,0.00,api,hyslrSttus,"{""bsns_year"": ""2025"", ""corp_code"": ""00148391"", ""reprt_code"": ""11011""}",20260331003080,api_row,2026-08-31T16:07:40+09:00,000,run_20260831_152517_1141,raw/hyslrSttus/00148391_2025_11011.json,0f51b78676e8b33b8718be0e13b293561a98e56c28504dada8743ede3bdef0e4,11
ABL생명보험,생보,보험자회사,00148391,에이비엘생명보험,2025,11011,사업보고서,IFRS17,0,0.00,E,"보고서 사업연도 >= 2023 이면 IFRS17, 아니면 IFRS4",(주)우리금융지주,최대주주,-,2025-12-31,보통주,"3,106,736",100.00,api,hyslrSttus,"{""bsns_year"": ""2025"", ""corp_code"": ""00148391"", ""reprt_code"": ""11011""}",20260331003080,api_row,2026-08-31T16:07:40+09:00,000,run_20260831_152517_1141,raw/hyslrSttus/00148391_2025_11011.json,0f51b78676e8b33b8718be0e13b293561a98e56c28504dada8743ede3bdef0e4,11
ABL생명보험,생보,보험자회사,00148391,에이비엘생명보험,2025,11011,사업보고서,IFRS17,"3,106,736",100.00,E,"보고서 사업연도 >= 2023 이면 IFRS17, 아니면 IFRS4",계,,-,2025-12-31,보통주,"3,106,736",100.00,api,hyslrSttus,"{""bsns_year"": ""2025"", ""corp_code"": ""00148391"", ""reprt_code"": ""11011""}",20260331003080,api_row,2026-08-31T16:07:40+09:00,000,run_20260831_152517_1141,raw/hyslrSttus/00148391_2025_11011.json,0f51b78676e8b33b8718be0e13b293561a98e56c28504dada8743ede3bdef0e4,11
ABL생명보험,생보,보험자회사,00148391,에이비엘생명보험,2025,11011,사업보고서,IFRS17,-,-,E,"보고서 사업연도 >= 2023 이면 IFRS17, 아니면 IFRS4",계,,-,2025-12-31,-,-,-,api,hyslrSttus,"{""bsns_year"": ""2025"", ""corp_code"": ""00148391"", ""reprt_code"": ""11011""}",20260331003080,api_row,2026-08-31T16:07:40+09:00,000,run_20260831_152517_1141,raw/hyslrSttus/00148391_2025_11011.json,0f51b78676e8b33b8718be0e13b293561a98e56c28504dada8743ede3bdef0e4,11
ABL생명보험,생보,보험자회사,00148391,에이비엘생명보험,2025,11012,반기보고서,IFRS17,"3,106,736",100.00,E,"보고서 사업연도 >= 2023 이면 IFRS17, 아니면 IFRS4",Anbang Group Holdings Co. Limited,최대주주 본인,-,2025-06-30,보통주,"3,106,736",100.00,api,hyslrSttus,"{""bsns_year"": ""2025"", ""corp_code"": ""00148391"", ""reprt_code"": ""11012""}",20250829002137,api_row,2026-08-31T16:08:04+09:00,000,run_20260831_152517_1150,raw/hyslrSttus/00148391_2025_11012.json,594e7b51e25a7e65a9749f7be6056ef2ea0da7324e34cc0bd6a2752541cdb567,11
ABL생명보험,생보,보험자회사,00148391,에이비엘생명보험,2025,11012,반기보고서,IFRS17,"3,106,736",100.00,E,"보고서 사업연도 >= 2023 이면 IFRS17, 아니면 IFRS4",계,,-,2025-06-30,보통주,"3,106,736",100.00,api,hyslrSttus,"{""bsns_year"": ""2025"", ""corp_code"": ""00148391"", ""reprt_code"": ""11012""}",20250829002137,api_row,2026-08-31T16:08:04+09:00,000,run_20260831_152517_1150,raw/hyslrSttus/00148391_2025_11012.json,594e7b51e25a7e65a9749f7be6056ef2ea0da7324e34cc0bd6a2752541cdb567,11
ABL생명보험,생보,보험자회사,00148391,에이비엘생명보험,2025,11012,반기보고서,IFRS17,-,-,E,"보고서 사업연도 >= 2023 이면 IFRS17, 아니면 IFRS4",계,,-,2025-06-30,-,-,-,api,hyslrSttus,"{""bsns_year"": ""2025"", ""corp_code"": ""00148391"", ""reprt_code"": ""11012""}",20250829002137,api_row,2026-08-31T16:08:04+09:00,000,run_20260831_152517_1150,raw/hyslrSttus/00148391_2025_11012.json,594e7b51e25a7e65a9749f7be6056ef2ea0da7324e34cc0bd6a2752541cdb567,11
ABL생명보험,생보,보험자회사,00148391,에이비엘생명보험,2026,11012,반기보고서,IFRS17,"3,106,736",100.00,E,"보고서 사업연도 >= 2023 이면 IFRS17, 아니면 IFRS4",(주)우리금융지주,최대주주,-,2026-06-30,보통주,"3,106,736",100.00,api,hyslrSttus,"{""bsns_year"": ""2026"", ""corp_code"": ""00148391"", ""reprt_code"": ""11012""}",20260831000754,api_row,2026-08-31T16:08:28+09:00,000,run_20260831_152517_1159,raw/hyslrSttus/00148391_2026_11012.json,dffdfa8bd95667d7e6f4251802731642a4e755c2472bbc2abc9032ba489d7905,11
ABL생명보험,생보,보험자회사,00148391,에이비엘생명보험,2026,11012,반기보고서,IFRS17,"3,106,736",100.00,E,"보고서 사업연도 >= 2023 이면 IFRS17, 아니면 IFRS4",계,,-,2026-06-30,보통주,"3,106,736",100.00,api,hyslrSttus,"{""bsns_year"": ""2026"", ""corp_code"": ""00148391"", ""reprt_code"": ""11012""}",20260831000754,api_row,2026-08-31T16:08:28+09:00,000,run_20260831_152517_1159,raw/hyslrSttus/00148391_2026_11012.json,dffdfa8bd95667d7e6f4251802731642a4e755c2472bbc2abc9032ba489d7905,11
ABL생명보험,생보,보험자회사,00148391,에이비엘생명보험,2026,11012,반기보고서,IFRS17,-,-,E,"보고서 사업연도 >= 2023 이면 IFRS17, 아니면 IFRS4",계,,-,2026-06-30,-,-,-,api,hyslrSttus,"{""bsns_year"": ""2026"", ""corp_code"": ""00148391"", ""reprt_code"": ""11012""}",20260831000754,api_row,2026-08-31T16:08:28+09:00,000,run_20260831_152517_1159,raw/hyslrSttus/00148391_2026_11012.json,dffdfa8bd95667d7e6f4251802731642a4e755c2472bbc2abc9032ba489d7905,11
KB금융,지주,지주,00688996,KB금융,2015,11011,사업보고서,IFRS4,0,0.00,Y,"보고서 사업연도 >= 2023 이면 IFRS17, 아니면 IFRS4",국민연금공단,본인,-,2015-12-31,보통주,0,0.00,api,hyslrSttus,"{""bsns_year"": ""2015"", ""corp_code"": ""00688996"", ""reprt_code"": ""11011""}",20160330004428,api_row,2026-08-31T15:35:30+09:00,000,run_20260831_152517_0248,raw/hyslrSttus/00688996_2015_11011.json,0a1ad3154434080daecd4d1b3428db0d9de03620c04b1ece15b8999608c69617,11
KB금융,지주,지주,00688996,KB금융,2015,11011,사업보고서,IFRS4,"36,383,211",9.42,Y,"보고서 사업연도 >= 2023 이면 IFRS17, 아니면 IFRS4",국민연금기금,특별관계자,-,2015-12-31,보통주,"35,534,667",9.20,api,hyslrSttus,"{""bsns_year"": ""2015"", ""corp_code"": ""00688996"", ""reprt_code"": ""11011""}",20160330004428,api_row,2026-08-31T15:35:30+09:00,000,run_20260831_152517_0248,raw/hyslrSttus/00688996_2015_11011.json,0a1ad3154434080daecd4d1b3428db0d9de03620c04b1ece15b8999608c69617,11
KB금융,지주,지주,00688996,KB금융,2015,11011,사업보고서,IFRS4,"36,383,211",9.42,Y,"보고서 사업연도 >= 2023 이면 IFRS17, 아니면 IFRS4",계,,-,2015-12-31,보통주,"35,534,667",9.20,api,hyslrSttus,"{""bsns_year"": ""2015"", ""corp_code"": ""00688996"", ""reprt_code"": ""11011""}",20160330004428,api_row,2026-08-31T15:35:30+09:00,000,run_20260831_152517_0248,raw/hyslrSttus/00688996_2015_11011.json,0a1ad3154434080daecd4d1b3428db0d9de03620c04b1ece15b8999608c69617,11
KB금융,지주,지주,00688996,KB금융,2015,11011,사업보고서,IFRS4,0,0.00,Y,"보고서 사업연도 >= 2023 이면 IFRS17, 아니면 IFRS4",계,,-,2015-12-31,기타,0,0.00,api,hyslrSttus,"{""bsns_year"": ""2015"", ""corp_code"": ""00688996"", ""reprt_code"": ""11011""}",20160330004428,api_row,2026-08-31T15:35:30+09:00,000,run_20260831_152517_0248,raw/hyslrSttus/00688996_2015_11011.json,0a1ad3154434080daecd4d1b3428db0d9de03620c04b1ece15b8999608c69617,11
KB금융,지주,지주,00688996,KB금융,2016,11011,사업보고서,IFRS4,0,0.00,Y,"보고서 사업연도 >= 2023 이면 IFRS17, 아니면 IFRS4",국민연금공단,본인,-,2016-12-31,보통주,0,0.00,api,hyslrSttus,"{""bsns_year"": ""2016"", ""corp_code"": ""00688996"", ""reprt_code"": ""11011""}",20170331004054,api_row,2026-08-31T15:35:39+09:00,000,run_20260831_152517_0255,raw/hyslrSttus/00688996_2016_11011.json,9e365d128cea5840ccaa44aae0e860129d5bf68abe34b8cc071e10c6678f0ddf,11
KB금융,지주,지주,00688996,KB금융,2016,11011,사업보고서,IFRS4,"35,534,667",9.20,Y,"보고서 사업연도 >= 2023 이면 IFRS17, 아니면 IFRS4",국민연금기금,특별관계자,-,2016-12-31,보통주,"41,190,896",9.85,api,hyslrSttus,"{""bsns_year"": ""2016"", ""corp_code"": ""00688996"", ""reprt_code"": ""11011""}",20170331004054,api_row,2026-08-31T15:35:39+09:00,000,run_20260831_152517_0255,raw/hyslrSttus/00688996_2016_11011.json,9e365d128cea5840ccaa44aae0e860129d5bf68abe34b8cc071e10c6678f0ddf,11
KB금융,지주,지주,00688996,KB금융,2016,11011,사업보고서,IFRS4,"35,534,667",9.20,Y,"보고서 사업연도 >= 2023 이면 IFRS17, 아니면 IFRS4",계,,-,2016-12-31,보통주,"41,190,896",9.85,api,hyslrSttus,"{""bsns_year"": ""2016"", ""corp_code"": ""00688996"", ""reprt_code"": ""11011""}",20170331004054,api_row,2026-08-31T15:35:39+09:00,000,run_20260831_152517_0255,raw/hyslrSttus/00688996_2016_11011.json,9e365d128cea5840ccaa44aae0e860129d5bf68abe34b8cc071e10c6678f0ddf,11
KB금융,지주,지주,00688996,KB금융,2016,11011,사업보고서,IFRS4,0,0.00,Y,"보고서 사업연도 >= 2023 이면 IFRS17, 아니면 IFRS4",계,,-,2016-12-31,기타,0,0.00,api,hyslrSttus,"{""bsns_year"": ""2016"", ""corp_code"": ""00688996"", ""reprt_code"": ""11011""}",20170331004054,api_row,2026-08-31T15:35:39+09:00,000,run_20260831_152517_0255,raw/hyslrSttus/00688996_2016_11011.json,9e365d128cea5840ccaa44aae0e860129d5bf68abe34b8cc071e10c6678f0ddf,11
KB금융,지주,지주,00688996,KB금융,2017,11011,사업보고서,IFRS4,0,0.00,Y,"보고서 사업연도 >= 2023 이면 IFRS17, 아니면 IFRS4",국민연금공단,본인,-,2017-12-31,보통주,0,0.00,api,hyslrSttus,"{""bsns_year"": ""2017"", ""corp_code"": ""00688996"", ""reprt_code"": ""11011""}",20210427000354,api_row,2026-08-31T15:35:47+09:00,000,run_20260831_152517_0262,raw/hyslrSttus/00688996_2017_11011.json,f69222ac9d81fb90784b6a2e6a7dacbb94b869b230cb96baf7b044d882a90c58,11
KB금융,지주,지주,00688996,KB금융,2017,11011,사업보고서,IFRS4,"41,190,896",9.85,Y,"보고서 사업연도 >= 2023 이면 IFRS17, 아니면 IFRS4",국민연금기금,특별관계자,-,2017-12-31,보통주,"40,204,583",9.62,api,hyslrSttus,"{""bsns_year"": ""2017"", ""corp_code"": ""00688996"", ""reprt_code"": ""11011""}",20210427000354,api_row,2026-08-31T15:35:47+09:00,000,run_20260831_152517_0262,raw/hyslrSttus/00688996_2017_11011.json,f69222ac9d81fb90784b6a2e6a7dacbb94b869b230cb96baf7b044d882a90c58,11
KB금융,지주,지주,00688996,KB금융,2017,11011,사업보고서,IFRS4,"41,190,896",9.85,Y,"보고서 사업연도 >= 2023 이면 IFRS17, 아니면 IFRS4",계,,-,2017-12-31,보통주,"40,204,583",9.62,api,hyslrSttus,"{""bsns_year"": ""2017"", ""corp_code"": ""00688996"", ""reprt_code"": ""11011""}",20210427000354,api_row,2026-08-31T15:35:47+09:00,000,run_20260831_152517_0262,raw/hyslrSttus/00688996_2017_11011.json,f69222ac9d81fb90784b6a2e6a7dacbb94b869b230cb96baf7b044d882a90c58,11
KB금융,지주,지주,00688996,KB금융,2017,11011,사업보고서,IFRS4,0,0.00,Y,"보고서 사업연도 >= 2023 이면 IFRS17, 아니면 IFRS4",계,,-,2017-12-31,기타,0,0.00,api,hyslrSttus,"{""bsns_year"": ""2017"", ""corp_code"": ""00688996"", ""reprt_code"": ""11011""}",20210427000354,api_row,2026-08-31T15:35:47+09:00,000,run_20260831_152517_0262,raw/hyslrSttus/00688996_2017_11011.json,f69222ac9d81fb90784b6a2e6a7dacbb94b869b230cb96baf7b044d882a90c58,11
KB금융,지주,지주,00688996,KB금융,2018,11011,사업보고서,IFRS4,0,0.00,Y,"보고서 사업연도 >= 2023 이면 IFRS17, 아니면 IFRS4",국민연금공단,본인,-,2018-12-31,보통주,0,0.00,api,hyslrSttus,"{""bsns_year"": ""2018"", ""corp_code"": ""00688996"", ""reprt_code"": ""11011""}",20210427000426,api_row,2026-08-31T15:35:55+09:00,000,run_20260831_152517_0269,raw/hyslrSttus/00688996_2018_11011.json,e9acea91e874392d7b25c4c7ee60d623a9d9a1945e47205f0b2fdf5ba58cc31d,11
KB금융,지주,지주,00688996,KB금융,2018,11011,사업보고서,IFRS4,"40,204,583",9.62,Y,"보고서 사업연도 >= 2023 이면 IFRS17, 아니면 IFRS4",국민연금기금,특별관계자,-,2018-12-31,보통주,"39,704,733",9.50,api,hyslrSttus,"{""bsns_year"": ""2018"", ""corp_code"": ""00688996"", ""reprt_code"": ""11011""}",20210427000426,api_row,2026-08-31T15:35:55+09:00,000,run_20260831_152517_0269,raw/hyslrSttus/00688996_2018_11011.json,e9acea91e874392d7b25c4c7ee60d623a9d9a1945e47205f0b2fdf5ba58cc31d,11
KB금융,지주,지주,00688996,KB금융,2018,11011,사업보고서,IFRS4,"40,204,583",9.62,Y,"보고서 사업연도 >= 2023 이면 IFRS17, 아니면 IFRS4",계,,-,2018-12-31,보통주,"39,704,733",9.50,api,hyslrSttus,"{""bsns_year"": ""2018"", ""corp_code"": ""00688996"", ""reprt_code"": ""11011""}",20210427000426,api_row,2026-08-31T15:35:55+09:00,000,run_20260831_152517_0269,raw/hyslrSttus/00688996_2018_11011.json,e9acea91e874392d7b25c4c7ee60d623a9d9a1945e47205f0b2fdf5ba58cc31d,11
KB금융,지주,지주,00688996,KB금융,2018,11011,사업보고서,IFRS4,0,0.00,Y,"보고서 사업연도 >= 2023 이면 IFRS17, 아니면 IFRS4",계,,-,2018-12-31,기타,0,0.00,api,hyslrSttus,"{""bsns_year"": ""2018"", ""corp_code"": ""00688996"", ""reprt_code"": ""11011""}",20210427000426,api_row,2026-08-31T15:35:55+09:00,000,run_20260831_152517_0269,raw/hyslrSttus/00688996_2018_11011.json,e9acea91e874392d7b25c4c7ee60d623a9d9a1945e47205f0b2fdf5ba58cc31d,11
KB금융,지주,지주,00688996,KB금융,2019,11011,사업보고서,IFRS4,"39,704,733",9.50,Y,"보고서 사업연도 >= 2023 이면 IFRS17, 아니면 IFRS4",국민연금공단,본인 및 특별관계자,-,2019-12-31,보통주,"41,468,003",9.97,api,hyslrSttus,"{""bsns_year"": ""2019"", ""corp_code"": ""00688996"", ""reprt_code"": ""11011""}",20210427000468,api_row,2026-08-31T15:36:05+09:00,000,run_20260831_152517_0277,raw/hyslrSttus/00688996_2019_11011.json,bcc35649e81e18f97f7b401f6a6dced099cdcb02cb97065f3ab7a3a8b2b8b09c,11
KB금융,지주,지주,00688996,KB금융,2019,11011,사업보고서,IFRS4,"39,704,733",9.50,Y,"보고서 사업연도 >= 2023 이면 IFRS17, 아니면 IFRS4",계,,-,2019-12-31,보통주,"41,468,003",9.97,api,hyslrSttus,"{""bsns_year"": ""2019"", ""corp_code"": ""00688996"", ""reprt_code"": ""11011""}",20210427000468,api_row,2026-08-31T15:36:05+09:00,000,run_20260831_152517_0277,raw/hyslrSttus/00688996_2019_11011.json,bcc35649e81e18f97f7b401f6a6dced099cdcb02cb97065f3ab7a3a8b2b8b09c,11
KB금융,지주,지주,00688996,KB금융,2019,11011,사업보고서,IFRS4,-,-,Y,"보고서 사업연도 >= 2023 이면 IFRS17, 아니면 IFRS4",계,,-,2019-12-31,기타,-,-,api,hyslrSttus,"{""bsns_year"": ""2019"", ""corp_code"": ""00688996"", ""reprt_code"": ""11011""}",20210427000468,api_row,2026-08-31T15:36:05+09:00,000,run_20260831_152517_0277,raw/hyslrSttus/00688996_2019_11011.json,bcc35649e81e18f97f7b401f6a6dced099cdcb02cb97065f3ab7a3a8b2b8b09c,11
KB금융,지주,지주,00688996,KB금융,2020,11011,사업보고서,IFRS4,"41,468,003",9.97,Y,"보고서 사업연도 >= 2023 이면 IFRS17, 아니면 IFRS4",국민연금공단,본인 및 특별관계자,-,2020-12-31,보통주,"41,287,280",9.93,api,hyslrSttus,"{""bsns_year"": ""2020"", ""corp_code"": ""00688996"", ""reprt_code"": ""11011""}",20210427000533,api_row,2026-08-31T15:36:16+09:00,000,run_20260831_152517_0286,raw/hyslrSttus/00688996_2020_11011.json,1072222a5ffe7b86a04f3c30279b22722430f0e53e8981ce401329e258bd8afe,11
KB금융,지주,지주,00688996,KB금융,2020,11011,사업보고서,IFRS4,"41,468,003",9.97,Y,"보고서 사업연도 >= 2023 이면 IFRS17, 아니면 IFRS4",계,,-,2020-12-31,보통주,"41,287,280",9.93,api,hyslrSttus,"{""bsns_year"": ""2020"", ""corp_code"": ""00688996"", ""reprt_code"": ""11011""}",20210427000533,api_row,2026-08-31T15:36:16+09:00,000,run_20260831_152517_0286,raw/hyslrSttus/00688996_2020_11011.json,1072222a5ffe7b86a04f3c30279b22722430f0e53e8981ce401329e258bd8afe,11
KB금융,지주,지주,00688996,KB금융,2020,11011,사업보고서,IFRS4,-,-,Y,"보고서 사업연도 >= 2023 이면 IFRS17, 아니면 IFRS4",계,,-,2020-12-31,기타,-,-,api,hyslrSttus,"{""bsns_year"": ""2020"", ""corp_code"": ""00688996"", ""reprt_code"": ""11011""}",20210427000533,api_row,2026-08-31T15:36:16+09:00,000,run_20260831_152517_0286,raw/hyslrSttus/00688996_2020_11011.json,1072222a5ffe7b86a04f3c30279b22722430f0e53e8981ce401329e258bd8afe,11
KB금융,지주,지주,00688996,KB금융,2021,11011,사업보고서,IFRS4,"41,287,280",9.93,Y,"보고서 사업연도 >= 2023 이면 IFRS17, 아니면 IFRS4",국민연금공단,본인 및 특별관계자,-,2021-12-31,보통주,"37,626,516",9.05,api,hyslrSttus,"{""bsns_year"": ""2021"", ""corp_code"": ""00688996"", ""reprt_code"": ""11011""}",20220325001281,api_row,2026-08-31T15:36:27+09:00,000,run_20260831_152517_0295,raw/hyslrSttus/00688996_2021_11011.json,6df30f70028cc5e7fcc37ecfcd4941495daa20456863a0908fdc3d8518ab2f64,11
KB금융,지주,지주,00688996,KB금융,2021,11011,사업보고서,IFRS4,"41,287,280",9.93,Y,"보고서 사업연도 >= 2023 이면 IFRS17, 아니면 IFRS4",계,,-,2021-12-31,보통주,"37,626,516",9.05,api,hyslrSttus,"{""bsns_year"": ""2021"", ""corp_code"": ""00688996"", ""reprt_code"": ""11011""}",20220325001281,api_row,2026-08-31T15:36:27+09:00,000,run_20260831_152517_0295,raw/hyslrSttus/00688996_2021_11011.json,6df30f70028cc5e7fcc37ecfcd4941495daa20456863a0908fdc3d8518ab2f64,11
KB금융,지주,지주,00688996,KB금융,2021,11011,사업보고서,IFRS4,-,-,Y,"보고서 사업연도 >= 2023 이면 IFRS17, 아니면 IFRS4",계,,-,2021-12-31,기타,-,-,api,hyslrSttus,"{""bsns_year"": ""2021"", ""corp_code"": ""00688996"", ""reprt_code"": ""11011""}",20220325001281,api_row,2026-08-31T15:36:27+09:00,000,run_20260831_152517_0295,raw/hyslrSttus/00688996_2021_11011.json,6df30f70028cc5e7fcc37ecfcd4941495daa20456863a0908fdc3d8518ab2f64,11
KB금융,지주,지주,00688996,KB금융,2022,11011,사업보고서,IFRS4,"37,626,516",9.05,Y,"보고서 사업연도 >= 2023 이면 IFRS17, 아니면 IFRS4",국민연금공단,"본인 및 
특별관계자",-,2022-12-31,보통주,"32,499,151",7.95,api,hyslrSttus,"{""bsns_year"": ""2022"", ""corp_code"": ""00688996"", ""reprt_code"": ""11011""}",20231005000471,api_row,2026-08-31T15:36:37+09:00,000,run_20260831_152517_0304,raw/hyslrSttus/00688996_2022_11011.json,3e6aac8265e326bb50eb72bfddc6500e41356bc5fcc802902b2cd6ad8f1eacf3,11
KB금융,지주,지주,00688996,KB금융,2022,11011,사업보고서,IFRS4,"37,626,516",9.05,Y,"보고서 사업연도 >= 2023 이면 IFRS17, 아니면 IFRS4",계,,-,2022-12-31,보통주,"32,499,151",7.95,api,hyslrSttus,"{""bsns_year"": ""2022"", ""corp_code"": ""00688996"", ""reprt_code"": ""11011""}",20231005000471,api_row,2026-08-31T15:36:37+09:00,000,run_20260831_152517_0304,raw/hyslrSttus/00688996_2022_11011.json,3e6aac8265e326bb50eb72bfddc6500e41356bc5fcc802902b2cd6ad8f1eacf3,11
KB금융,지주,지주,00688996,KB금융,2022,11011,사업보고서,IFRS4,-,-,Y,"보고서 사업연도 >= 2023 이면 IFRS17, 아니면 IFRS4",계,,-,2022-12-31,기타,-,-,api,hyslrSttus,"{""bsns_year"": ""2022"", ""corp_code"": ""00688996"", ""reprt_code"": ""11011""}",20231005000471,api_row,2026-08-31T15:36:37+09:00,000,run_20260831_152517_0304,raw/hyslrSttus/00688996_2022_11011.json,3e6aac8265e326bb50eb72bfddc6500e41356bc5fcc802902b2cd6ad8f1eacf3,11
KB금융,지주,지주,00688996,KB금융,2023,11011,사업보고서,IFRS17,"32,499,151",7.95,Y,"보고서 사업연도 >= 2023 이면 IFRS17, 아니면 IFRS4",국민연금공단,"본인 및 
특별관계자",-,2023-12-31,보통주,"33,473,917",8.30,api,hyslrSttus,"{""bsns_year"": ""2023"", ""corp_code"": ""00688996"", ""reprt_code"": ""11011""}",20240326000894,api_row,2026-08-31T15:36:48+09:00,000,run_20260831_152517_0313,raw/hyslrSttus/00688996_2023_11011.json,a0dea480bcaff36802bf3a161beddfd19d3a364d6e40b6013dd606af171b3ffa,11
KB금융,지주,지주,00688996,KB금융,2023,11011,사업보고서,IFRS17,"32,499,151",7.95,Y,"보고서 사업연도 >= 2023 이면 IFRS17, 아니면 IFRS4",계,,-,2023-12-31,보통주,"33,473,917",8.30,api,hyslrSttus,"{""bsns_year"": ""2023"", ""corp_code"": ""00688996"", ""reprt_code"": ""11011""}",20240326000894,api_row,2026-08-31T15:36:48+09:00,000,run_20260831_152517_0313,raw/hyslrSttus/00688996_2023_11011.json,a0dea480bcaff36802bf3a161beddfd19d3a364d6e40b6013dd606af171b3ffa,11
KB금융,지주,지주,00688996,KB금융,2023,11011,사업보고서,IFRS17,-,-,Y,"보고서 사업연도 >= 2023 이면 IFRS17, 아니면 IFRS4",계,,-,2023-12-31,기타,-,-,api,hyslrSttus,"{""bsns_year"": ""2023"", ""corp_code"": ""00688996"", ""reprt_code"": ""11011""}",20240326000894,api_row,2026-08-31T15:36:48+09:00,000,run_20260831_152517_0313,raw/hyslrSttus/00688996_2023_11011.json,a0dea480bcaff36802bf3a161beddfd19d3a364d6e40b6013dd606af171b3ffa,11
KB금융,지주,지주,00688996,KB금융,2024,11011,사업보고서,IFRS17,"33,473,917",8.30,Y,"보고서 사업연도 >= 2023 이면 IFRS17, 아니면 IFRS4",국민연금공단,"본인 및
특별관계자",-,2024-12-31,보통주,"33,095,691",8.41,api,hyslrSttus,"{""bsns_year"": ""2024"", ""corp_code"": ""00688996"", ""reprt_code"": ""11011""}",20260324000822,api_row,2026-08-31T15:37:19+09:00,000,run_20260831_152517_0322,raw/hyslrSttus/00688996_2024_11011.json,ab6bbb82ac844f373881d875fc6bae21fd021f965ab4e0275f94ec607f0424a9,11
KB금융,지주,지주,00688996,KB금융,2024,11011,사업보고서,IFRS17,"33,473,917",8.30,Y,"보고서 사업연도 >= 2023 이면 IFRS17, 아니면 IFRS4",계,,-,2024-12-31,보통주,"33,095,691",8.41,api,hyslrSttus,"{""bsns_year"": ""2024"", ""corp_code"": ""00688996"", ""reprt_code"": ""11011""}",20260324000822,api_row,2026-08-31T15:37:19+09:00,000,run_20260831_152517_0322,raw/hyslrSttus/00688996_2024_11011.json,ab6bbb82ac844f373881d875fc6bae21fd021f965ab4e0275f94ec607f0424a9,11
KB금융,지주,지주,00688996,KB금융,2024,11011,사업보고서,IFRS17,-,-,Y,"보고서 사업연도 >= 2023 이면 IFRS17, 아니면 IFRS4",계,,-,2024-12-31,-,-,-,api,hyslrSttus,"{""bsns_year"": ""2024"", ""corp_code"": ""00688996"", ""reprt_code"": ""11011""}",20260324000822,api_row,2026-08-31T15:37:19+09:00,000,run_20260831_152517_0322,raw/hyslrSttus/00688996_2024_11011.json,ab6bbb82ac844f373881d875fc6bae21fd021f965ab4e0275f94ec607f0424a9,11
KB금융,지주,지주,00688996,KB금융,2025,11011,사업보고서,IFRS17,"33,095,691",8.41,Y,"보고서 사업연도 >= 2023 이면 IFRS17, 아니면 IFRS4",국민연금공단,본인 및 특별관계자,-,2025-12-31,보통주,"33,107,971",8.68,api,hyslrSttus,"{""bsns_year"": ""2025"", ""corp_code"": ""00688996"", ""reprt_code"": ""11011""}",20260619000667,api_row,2026-08-31T15:37:50+09:00,000,run_20260831_152517_0331,raw/hyslrSttus/00688996_2025_11011.json,af2a5472e0ca4422a26cdf01feb80250564046aabe88c069b98a557fc271bdd4,11
KB금융,지주,지주,00688996,KB금융,2025,11011,사업보고서,IFRS17,"33,095,691",8.41,Y,"보고서 사업연도 >= 2023 이면 IFRS17, 아니면 IFRS4",계,,-,2025-12-31,보통주,"33,107,971",8.68,api,hyslrSttus,"{""bsns_year"": ""2025"", ""corp_code"": ""00688996"", ""reprt_code"": ""11011""}",20260619000667,api_row,2026-08-31T15:37:50+09:00,000,run_20260831_152517_0331,raw/hyslrSttus/00688996_2025_11011.json,af2a5472e0ca4422a26cdf01feb80250564046aabe88c069b98a557fc271bdd4,11
KB금융,지주,지주,00688996,KB금융,2025,11011,사업보고서,IFRS17,-,-,Y,"보고서 사업연도 >= 2023 이면 IFRS17, 아니면 IFRS4",계,,-,2025-12-31,-,-,-,api,hyslrSttus,"{""bsns_year"": ""2025"", ""corp_code"": ""00688996"", ""reprt_code"": ""11011""}",20260619000667,api_row,2026-08-31T15:37:50+09:00,000,run_20260831_152517_0331,raw/hyslrSttus/00688996_2025_11011.json,af2a5472e0ca4422a26cdf01feb80250564046aabe88c069b98a557fc271bdd4,11
KB금융,지주,지주,00688996,KB금융,2026,11012,반기보고서,IFRS17,"33,505,649",8.99,Y,"보고서 사업연도 >= 2023 이면 IFRS17, 아니면 IFRS4",국민연금공단,본인 및 특별관계자,-,2026-06-30,보통주,"32,734,500",9.23,api,hyslrSttus,"{""bsns_year"": ""2026"", ""corp_code"": ""00688996"", ""reprt_code"": ""11012""}",20260814004200,api_row,2026-08-31T15:38:44+09:00,000,run_20260831_152517_0349,raw/hyslrSttus/00688996_2026_11012.json,09c76a23451ab9ddb6c394edfb046e1e33a106984b4ee18e0c7c8f657f1563d5,11
KB금융,지주,지주,00688996,KB금융,2026,11012,반기보고서,IFRS17,"33,505,649",8.99,Y,"보고서 사업연도 >= 2023 이면 IFRS17, 아니면 IFRS4",계,,-,2026-06-30,의결권 있는 보통주,"32,734,500",9.23,api,hyslrSttus,"{""bsns_year"": ""2026"", ""corp_code"": ""00688996"", ""reprt_code"": ""11012""}",20260814004200,api_row,2026-08-31T15:38:44+09:00,000,run_20260831_152517_0349,raw/hyslrSttus/00688996_2026_11012.json,09c76a23451ab9ddb6c394edfb046e1e33a106984b4ee18e0c7c8f657f1563d5,11
KB금융,지주,지주,00688996,KB금융,2026,11012,반기보고서,IFRS17,-,-,Y,"보고서 사업연도 >= 2023 이면 IFRS17, 아니면 IFRS4",계,,-,2026-06-30,의결권 없는 보통주,-,-,api,hyslrSttus,"{""bsns_year"": ""2026"", ""corp_code"": ""00688996"", ""reprt_code"": ""11012""}",20260814004200,api_row,2026-08-31T15:38:44+09:00,000,run_20260831_152517_0349,raw/hyslrSttus/00688996_2026_11012.json,09c76a23451ab9ddb6c394edfb046e1e33a106984b4ee18e0c7c8f657f1563d5,11
KB라이프생명보험,생보,보험자회사,00160393,케이비라이프생명보험,2022,11011,사업보고서,IFRS4,"91,200,000",100.00,E,"보고서 사업연도 >= 2023 이면 IFRS17, 아니면 IFRS4",주식회사KB금융지주,최대주주,-,2022-12-31,보통주,"91,200,000",100.00,api,hyslrSttus,"{""bsns_year"": ""2022"", ""corp_code"": ""00160393"", ""reprt_code"": ""11011""}",20230316000539,api_row,2026-08-31T16:03:18+09:00,000,run_20260831_152517_0991,raw/hyslrSttus/00160393_2022_11011.json,3d1b6c8470b9f1336c5c4462d020371f49232178ed50fb594ea62d6ffd4ef2b2,11
KB라이프생명보험,생보,보험자회사,00160393,케이비라이프생명보험,2022,11011,사업보고서,IFRS4,"91,200,000",100.00,E,"보고서 사업연도 >= 2023 이면 IFRS17, 아니면 IFRS4",계,,-,2022-12-31,보통주,"91,200,000",100.00,api,hyslrSttus,"{""bsns_year"": ""2022"", ""corp_code"": ""00160393"", ""reprt_code"": ""11011""}",20230316000539,api_row,2026-08-31T16:03:18+09:00,000,run_20260831_152517_0991,raw/hyslrSttus/00160393_2022_11011.json,3d1b6c8470b9f1336c5c4462d020371f49232178ed50fb594ea62d6ffd4ef2b2,11
KB라이프생명보험,생보,보험자회사,00160393,케이비라이프생명보험,2022,11011,사업보고서,IFRS4,-,-,E,"보고서 사업연도 >= 2023 이면 IFRS17, 아니면 IFRS4",계,,-,2022-12-31,-,-,-,api,hyslrSttus,"{""bsns_year"": ""2022"", ""corp_code"": ""00160393"", ""reprt_code"": ""11011""}",20230316000539,api_row,2026-08-31T16:03:18+09:00,000,run_20260831_152517_0991,raw/hyslrSttus/00160393_2022_11011.json,3d1b6c8470b9f1336c5c4462d020371f49232178ed50fb594ea62d6ffd4ef2b2,11
KB라이프생명보험,생보,보험자회사,00160393,케이비라이프생명보험,2023,11011,사업보고서,IFRS17,"15,000,000",100.00,E,"보고서 사업연도 >= 2023 이면 IFRS17, 아니면 IFRS4",주식회사KB금융지주,최대주주,-,2023-12-31,보통주,"16,201,518",100.00,api,hyslrSttus,"{""bsns_year"": ""2023"", ""corp_code"": ""00160393"", ""reprt_code"": ""11011""}",20240429000408,api_row,2026-08-31T16:03:35+09:00,000,run_20260831_152517_1000,raw/hyslrSttus/00160393_2023_11011.json,668bc26e45c60c97e4031688f5a1a77758bf0f7c100db60125dfeee968389bd4,11
KB라이프생명보험,생보,보험자회사,00160393,케이비라이프생명보험,2023,11011,사업보고서,IFRS17,"15,000,000",100.00,E,"보고서 사업연도 >= 2023 이면 IFRS17, 아니면 IFRS4",계,,-,2023-12-31,보통주,"16,201,518",100.00,api,hyslrSttus,"{""bsns_year"": ""2023"", ""corp_code"": ""00160393"", ""reprt_code"": ""11011""}",20240429000408,api_row,2026-08-31T16:03:35+09:00,000,run_20260831_152517_1000,raw/hyslrSttus/00160393_2023_11011.json,668bc26e45c60c97e4031688f5a1a77758bf0f7c100db60125dfeee968389bd4,11
KB라이프생명보험,생보,보험자회사,00160393,케이비라이프생명보험,2023,11011,사업보고서,IFRS17,-,-,E,"보고서 사업연도 >= 2023 이면 IFRS17, 아니면 IFRS4",계,,-,2023-12-31,-,-,-,api,hyslrSttus,"{""bsns_year"": ""2023"", ""corp_code"": ""00160393"", ""reprt_code"": ""11011""}",20240429000408,api_row,2026-08-31T16:03:35+09:00,000,run_20260831_152517_1000,raw/hyslrSttus/00160393_2023_11011.json,668bc26e45c60c97e4031688f5a1a77758bf0f7c100db60125dfeee968389bd4,11
KB라이프생명보험,생보,보험자회사,00160393,케이비라이프생명보험,2024,11011,사업보고서,IFRS17,"16,201,518",100.00,E,"보고서 사업연도 >= 2023 이면 IFRS17, 아니면 IFRS4",주식회사KB금융지주,최대주주,-,2024-12-31,보통주,"16,201,518",100.00,api,hyslrSttus,"{""bsns_year"": ""2024"", ""corp_code"": ""00160393"", ""reprt_code"": ""11011""}",20250428000500,api_row,2026-08-31T16:04:03+09:00,000,run_20260831_152517_1009,raw/hyslrSttus/00160393_2024_11011.json,9a1e2b55992d09305413d26f648d0b5fa6702a68e4ac227a84cc06810316a097,11
KB라이프생명보험,생보,보험자회사,00160393,케이비라이프생명보험,2024,11011,사업보고서,IFRS17,"16,201,518",100.00,E,"보고서 사업연도 >= 2023 이면 IFRS17, 아니면 IFRS4",계,,-,2024-12-31,보통주,"16,201,518",100.00,api,hyslrSttus,"{""bsns_year"": ""2024"", ""corp_code"": ""00160393"", ""reprt_code"": ""11011""}",20250428000500,api_row,2026-08-31T16:04:03+09:00,000,run_20260831_152517_1009,raw/hyslrSttus/00160393_2024_11011.json,9a1e2b55992d09305413d26f648d0b5fa6702a68e4ac227a84cc06810316a097,11
KB라이프생명보험,생보,보험자회사,00160393,케이비라이프생명보험,2024,11011,사업보고서,IFRS17,-,-,E,"보고서 사업연도 >= 2023 이면 IFRS17, 아니면 IFRS4",계,,-,2024-12-31,-,-,-,api,hyslrSttus,"{""bsns_year"": ""2024"", ""corp_code"": ""00160393"", ""reprt_code"": ""11011""}",20250428000500,api_row,2026-08-31T16:04:03+09:00,000,run_20260831_152517_1009,raw/hyslrSttus/00160393_2024_11011.json,9a1e2b55992d09305413d26f648d0b5fa6702a68e4ac227a84cc06810316a097,11
KB라이프생명보험,생보,보험자회사,00160393,케이비라이프생명보험,2025,11011,사업보고서,IFRS17,"16,201,518",100.00,E,"보고서 사업연도 >= 2023 이면 IFRS17, 아니면 IFRS4",주식회사KB금융지주,최대주주,-,2025-12-31,보통주,"16,201,518",100.00,api,hyslrSttus,"{""bsns_year"": ""2025"", ""corp_code"": ""00160393"", ""reprt_code"": ""11011""}",20260331003664,api_row,2026-08-31T16:04:22+09:00,000,run_20260831_152517_1017,raw/hyslrSttus/00160393_2025_11011.json,ee0dd12f7c193f66c5c50192d4f37b0bcf3635611487acdb137d9baa3d416121,11
KB라이프생명보험,생보,보험자회사,00160393,케이비라이프생명보험,2025,11011,사업보고서,IFRS17,"16,201,518",100.00,E,"보고서 사업연도 >= 2023 이면 IFRS17, 아니면 IFRS4",계,,-,2025-12-31,보통주,"16,201,518",100.00,api,hyslrSttus,"{""bsns_year"": ""2025"", ""corp_code"": ""00160393"", ""reprt_code"": ""11011""}",20260331003664,api_row,2026-08-31T16:04:22+09:00,000,run_20260831_152517_1017,raw/hyslrSttus/00160393_2025_11011.json,ee0dd12f7c193f66c5c50192d4f37b0bcf3635611487acdb137d9baa3d416121,11
KB라이프생명보험,생보,보험자회사,00160393,케이비라이프생명보험,2025,11011,사업보고서,IFRS17,-,-,E,"보고서 사업연도 >= 2023 이면 IFRS17, 아니면 IFRS4",계,,-,2025-12-31,-,-,-,api,hyslrSttus,"{""bsns_year"": ""2025"", ""corp_code"": ""00160393"", ""reprt_code"": ""11011""}",20260331003664,api_row,2026-08-31T16:04:22+09:00,000,run_20260831_152517_1017,raw/hyslrSttus/00160393_2025_11011.json,ee0dd12f7c193f66c5c50192d4f37b0bcf3635611487acdb137d9baa3d416121,11
KB라이프생명보험,생보,보험자회사,00160393,케이비라이프생명보험,2025,11012,반기보고서,IFRS17,"16,201,518",100.00,E,"보고서 사업연도 >= 2023 이면 IFRS17, 아니면 IFRS4",주식회사KB금융지주,최대주주,-,2025-06-30,보통주,"16,201,518",100.00,api,hyslrSttus,"{""bsns_year"": ""2025"", ""corp_code"": ""00160393"", ""reprt_code"": ""11012""}",20250829001661,api_row,2026-08-31T16:04:51+09:00,000,run_20260831_152517_1026,raw/hyslrSttus/00160393_2025_11012.json,0153937aa3cd489bce96b2107dae3771af72cfa55154f4bff4bff40097973311,11
KB라이프생명보험,생보,보험자회사,00160393,케이비라이프생명보험,2025,11012,반기보고서,IFRS17,"16,201,518",100.00,E,"보고서 사업연도 >= 2023 이면 IFRS17, 아니면 IFRS4",계,,-,2025-06-30,보통주,"16,201,518",100.00,api,hyslrSttus,"{""bsns_year"": ""2025"", ""corp_code"": ""00160393"", ""reprt_code"": ""11012""}",20250829001661,api_row,2026-08-31T16:04:51+09:00,000,run_20260831_152517_1026,raw/hyslrSttus/00160393_2025_11012.json,0153937aa3cd489bce96b2107dae3771af72cfa55154f4bff4bff40097973311,11
KB라이프생명보험,생보,보험자회사,00160393,케이비라이프생명보험,2025,11012,반기보고서,IFRS17,-,-,E,"보고서 사업연도 >= 2023 이면 IFRS17, 아니면 IFRS4",계,,-,2025-06-30,-,-,-,api,hyslrSttus,"{""bsns_year"": ""2025"", ""corp_code"": ""00160393"", ""reprt_code"": ""11012""}",20250829001661,api_row,2026-08-31T16:04:51+09:00,000,run_20260831_152517_1026,raw/hyslrSttus/00160393_2025_11012.json,0153937aa3cd489bce96b2107dae3771af72cfa55154f4bff4bff40097973311,11
KB라이프생명보험,생보,보험자회사,00160393,케이비라이프생명보험,2026,11012,반기보고서,IFRS17,"16,201,518",100.00,E,"보고서 사업연도 >= 2023 이면 IFRS17, 아니면 IFRS4",주식회사KB금융지주,최대주주,-,2026-06-30,보통주,"16,201,518",100.00,api,hyslrSttus,"{""bsns_year"": ""2026"", ""corp_code"": ""00160393"", ""reprt_code"": ""11012""}",20260831001095,api_row,2026-08-31T16:05:11+09:00,000,run_20260831_152517_1035,raw/hyslrSttus/00160393_2026_11012.json,6cd3f0e5beea943c2385029773180e62025f012bccbcf6772fdee0f2df94e54b,11
KB라이프생명보험,생보,보험자회사,00160393,케이비라이프생명보험,2026,11012,반기보고서,IFRS17,"16,201,518",100.00,E,"보고서 사업연도 >= 2023 이면 IFRS17, 아니면 IFRS4",계,,-,2026-06-30,보통주,"16,201,518",100.00,api,hyslrSttus,"{""bsns_year"": ""2026"", ""corp_code"": ""00160393"", ""reprt_code"": ""11012""}",20260831001095,api_row,2026-08-31T16:05:11+09:00,000,run_20260831_152517_1035,raw/hyslrSttus/00160393_2026_11012.json,6cd3f0e5beea943c2385029773180e62025f012bccbcf6772fdee0f2df94e54b,11
KB라이프생명보험,생보,보험자회사,00160393,케이비라이프생명보험,2026,11012,반기보고서,IFRS17,-,-,E,"보고서 사업연도 >= 2023 이면 IFRS17, 아니면 IFRS4",계,,-,2026-06-30,-,-,-,api,hyslrSttus,"{""bsns_year"": ""2026"", ""corp_code"": ""00160393"", ""reprt_code"": ""11012""}",20260831001095,api_row,2026-08-31T16:05:11+09:00,000,run_20260831_152517_1035,raw/hyslrSttus/00160393_2026_11012.json,6cd3f0e5beea943c2385029773180e62025f012bccbcf6772fdee0f2df94e54b,11
KB생명보험,생보,선행법인,00542065,케이비생명보험,2021,11011,사업보고서,IFRS4,"91,200,000",100.00,E,"보고서 사업연도 >= 2023 이면 IFRS17, 아니면 IFRS4",주식회사KB금융지주,최대주주,-,2021-12-31,보통주,"91,200,000",100.00,api,hyslrSttus,"{""bsns_year"": ""2021"", ""corp_code"": ""00542065"", ""reprt_code"": ""11011""}",20220317000445,api_row,2026-08-31T16:11:53+09:00,000,run_20260831_152517_1338,raw/hyslrSttus/00542065_2021_11011.json,eced5d9fdf78ec76ac54a70f272739306e6d956bf23cd5d3357d92bfaeac9159,11
KB생명보험,생보,선행법인,00542065,케이비생명보험,2021,11011,사업보고서,IFRS4,"91,200,000",100.00,E,"보고서 사업연도 >= 2023 이면 IFRS17, 아니면 IFRS4",계,,-,2021-12-31,보통주,"91,200,000",100.00,api,hyslrSttus,"{""bsns_year"": ""2021"", ""corp_code"": ""00542065"", ""reprt_code"": ""11011""}",20220317000445,api_row,2026-08-31T16:11:53+09:00,000,run_20260831_152517_1338,raw/hyslrSttus/00542065_2021_11011.json,eced5d9fdf78ec76ac54a70f272739306e6d956bf23cd5d3357d92bfaeac9159,11
KB생명보험,생보,선행법인,00542065,케이비생명보험,2021,11011,사업보고서,IFRS4,-,-,E,"보고서 사업연도 >= 2023 이면 IFRS17, 아니면 IFRS4",계,,-,2021-12-31,-,-,-,api,hyslrSttus,"{""bsns_year"": ""2021"", ""corp_code"": ""00542065"", ""reprt_code"": ""11011""}",20220317000445,api_row,2026-08-31T16:11:53+09:00,000,run_20260831_152517_1338,raw/hyslrSttus/00542065_2021_11011.json,eced5d9fdf78ec76ac54a70f272739306e6d956bf23cd5d3357d92bfaeac9159,11
KB손해보험,손보,보험자회사,00120216,KB손해보험,2021,11011,사업보고서,IFRS4,"66,500,000",100.00,E,"보고서 사업연도 >= 2023 이면 IFRS17, 아니면 IFRS4",(주)KB금융지주,최대주주,-,2021-12-31,보통주,"66,500,000",100.00,api,hyslrSttus,"{""bsns_year"": ""2021"", ""corp_code"": ""00120216"", ""reprt_code"": ""11011""}",20220317000664,api_row,2026-08-31T16:00:09+09:00,000,run_20260831_152517_0920,raw/hyslrSttus/00120216_2021_11011.json,cc417ef2b3d5f7ad6807b87c68c8cc1ec7039cffd99c806a299fe964ee431890,11
KB손해보험,손보,보험자회사,00120216,KB손해보험,2021,11011,사업보고서,IFRS4,"66,500,000",100.00,E,"보고서 사업연도 >= 2023 이면 IFRS17, 아니면 IFRS4",계,,-,2021-12-31,보통주,"66,500,000",100.00,api,hyslrSttus,"{""bsns_year"": ""2021"", ""corp_code"": ""00120216"", ""reprt_code"": ""11011""}",20220317000664,api_row,2026-08-31T16:00:09+09:00,000,run_20260831_152517_0920,raw/hyslrSttus/00120216_2021_11011.json,cc417ef2b3d5f7ad6807b87c68c8cc1ec7039cffd99c806a299fe964ee431890,11
KB손해보험,손보,보험자회사,00120216,KB손해보험,2021,11011,사업보고서,IFRS4,-,-,E,"보고서 사업연도 >= 2023 이면 IFRS17, 아니면 IFRS4",계,,-,2021-12-31,-,-,-,api,hyslrSttus,"{""bsns_year"": ""2021"", ""corp_code"": ""00120216"", ""reprt_code"": ""11011""}",20220317000664,api_row,2026-08-31T16:00:09+09:00,000,run_20260831_152517_0920,raw/hyslrSttus/00120216_2021_11011.json,cc417ef2b3d5f7ad6807b87c68c8cc1ec7039cffd99c806a299fe964ee431890,11
KB손해보험,손보,보험자회사,00120216,KB손해보험,2022,11011,사업보고서,IFRS4,"66,500,000",100.00,E,"보고서 사업연도 >= 2023 이면 IFRS17, 아니면 IFRS4",(주)KB금융지주,최대주주,-,2022-12-31,보통주,"66,500,000",100.00,api,hyslrSttus,"{""bsns_year"": ""2022"", ""corp_code"": ""00120216"", ""reprt_code"": ""11011""}",20230316000747,api_row,2026-08-31T16:00:24+09:00,000,run_20260831_152517_0929,raw/hyslrSttus/00120216_2022_11011.json,d98984cace78d1f2805f6da9c4875684342ceddb9f0bf42c1e82e63f32037f1d,11
KB손해보험,손보,보험자회사,00120216,KB손해보험,2022,11011,사업보고서,IFRS4,"66,500,000",100.00,E,"보고서 사업연도 >= 2023 이면 IFRS17, 아니면 IFRS4",계,,-,2022-12-31,보통주,"66,500,000",100.00,api,hyslrSttus,"{""bsns_year"": ""2022"", ""corp_code"": ""00120216"", ""reprt_code"": ""11011""}",20230316000747,api_row,2026-08-31T16:00:24+09:00,000,run_20260831_152517_0929,raw/hyslrSttus/00120216_2022_11011.json,d98984cace78d1f2805f6da9c4875684342ceddb9f0bf42c1e82e63f32037f1d,11
KB손해보험,손보,보험자회사,00120216,KB손해보험,2022,11011,사업보고서,IFRS4,-,-,E,"보고서 사업연도 >= 2023 이면 IFRS17, 아니면 IFRS4",계,,-,2022-12-31,-,-,-,api,hyslrSttus,"{""bsns_year"": ""2022"", ""corp_code"": ""00120216"", ""reprt_code"": ""11011""}",20230316000747,api_row,2026-08-31T16:00:24+09:00,000,run_20260831_152517_0929,raw/hyslrSttus/00120216_2022_11011.json,d98984cace78d1f2805f6da9c4875684342ceddb9f0bf42c1e82e63f32037f1d,11
KB손해보험,손보,보험자회사,00120216,KB손해보험,2023,11011,사업보고서,IFRS17,"66,500,000",100.00,E,"보고서 사업연도 >= 2023 이면 IFRS17, 아니면 IFRS4",(주)KB금융지주,최대주주,-,2023-12-31,보통주,"66,500,000",100.00,api,hyslrSttus,"{""bsns_year"": ""2023"", ""corp_code"": ""00120216"", ""reprt_code"": ""11011""}",20240430000217,api_row,2026-08-31T16:00:45+09:00,000,run_20260831_152517_0938,raw/hyslrSttus/00120216_2023_11011.json,5fa5ffebfb1f70730a3881207e32e91f35d509eea21547980e5db3e9975d04e3,11
KB손해보험,손보,보험자회사,00120216,KB손해보험,2023,11011,사업보고서,IFRS17,"66,500,000",100.00,E,"보고서 사업연도 >= 2023 이면 IFRS17, 아니면 IFRS4",계,,-,2023-12-31,보통주,"66,500,000",100.00,api,hyslrSttus,"{""bsns_year"": ""2023"", ""corp_code"": ""00120216"", ""reprt_code"": ""11011""}",20240430000217,api_row,2026-08-31T16:00:45+09:00,000,run_20260831_152517_0938,raw/hyslrSttus/00120216_2023_11011.json,5fa5ffebfb1f70730a3881207e32e91f35d509eea21547980e5db3e9975d04e3,11
KB손해보험,손보,보험자회사,00120216,KB손해보험,2023,11011,사업보고서,IFRS17,-,-,E,"보고서 사업연도 >= 2023 이면 IFRS17, 아니면 IFRS4",계,,-,2023-12-31,-,-,-,api,hyslrSttus,"{""bsns_year"": ""2023"", ""corp_code"": ""00120216"", ""reprt_code"": ""11011""}",20240430000217,api_row,2026-08-31T16:00:45+09:00,000,run_20260831_152517_0938,raw/hyslrSttus/00120216_2023_11011.json,5fa5ffebfb1f70730a3881207e32e91f35d509eea21547980e5db3e9975d04e3,11
KB손해보험,손보,보험자회사,00120216,KB손해보험,2024,11011,사업보고서,IFRS17,"66,500,000",100.00,E,"보고서 사업연도 >= 2023 이면 IFRS17, 아니면 IFRS4",(주)KB금융지주,최대주주,-,2024-12-31,보통주,"66,500,000",100.00,api,hyslrSttus,"{""bsns_year"": ""2024"", ""corp_code"": ""00120216"", ""reprt_code"": ""11011""}",20250331004034,api_row,2026-08-31T16:01:19+09:00,000,run_20260831_152517_0947,raw/hyslrSttus/00120216_2024_11011.json,0c5e00a84b9c88a6d13c5fae8e91e9b0fd6fae13de281eb85559f7584e626553,11
KB손해보험,손보,보험자회사,00120216,KB손해보험,2024,11011,사업보고서,IFRS17,"66,500,000",100.00,E,"보고서 사업연도 >= 2023 이면 IFRS17, 아니면 IFRS4",계,,-,2024-12-31,보통주,"66,500,000",100.00,api,hyslrSttus,"{""bsns_year"": ""2024"", ""corp_code"": ""00120216"", ""reprt_code"": ""11011""}",20250331004034,api_row,2026-08-31T16:01:19+09:00,000,run_20260831_152517_0947,raw/hyslrSttus/00120216_2024_11011.json,0c5e00a84b9c88a6d13c5fae8e91e9b0fd6fae13de281eb85559f7584e626553,11
KB손해보험,손보,보험자회사,00120216,KB손해보험,2024,11011,사업보고서,IFRS17,-,-,E,"보고서 사업연도 >= 2023 이면 IFRS17, 아니면 IFRS4",계,,-,2024-12-31,-,-,-,api,hyslrSttus,"{""bsns_year"": ""2024"", ""corp_code"": ""00120216"", ""reprt_code"": ""11011""}",20250331004034,api_row,2026-08-31T16:01:19+09:00,000,run_20260831_152517_0947,raw/hyslrSttus/00120216_2024_11011.json,0c5e00a84b9c88a6d13c5fae8e91e9b0fd6fae13de281eb85559f7584e626553,11
KB손해보험,손보,보험자회사,00120216,KB손해보험,2025,11011,사업보고서,IFRS17,"66,500,000",100.00,E,"보고서 사업연도 >= 2023 이면 IFRS17, 아니면 IFRS4",(주)KB금융지주,최대주주,-,2025-12-31,보통주,"66,500,000",100.00,api,hyslrSttus,"{""bsns_year"": ""2025"", ""corp_code"": ""00120216"", ""reprt_code"": ""11011""}",20260331003209,api_row,2026-08-31T16:01:41+09:00,000,run_20260831_152517_0955,raw/hyslrSttus/00120216_2025_11011.json,ca9decbb8888e2ee707988b3c27d63ebece4821cb67b6c63eda052957cf0b2a7,11
KB손해보험,손보,보험자회사,00120216,KB손해보험,2025,11011,사업보고서,IFRS17,"66,500,000",100.00,E,"보고서 사업연도 >= 2023 이면 IFRS17, 아니면 IFRS4",계,,-,2025-12-31,보통주,"66,500,000",100.00,api,hyslrSttus,"{""bsns_year"": ""2025"", ""corp_code"": ""00120216"", ""reprt_code"": ""11011""}",20260331003209,api_row,2026-08-31T16:01:41+09:00,000,run_20260831_152517_0955,raw/hyslrSttus/00120216_2025_11011.json,ca9decbb8888e2ee707988b3c27d63ebece4821cb67b6c63eda052957cf0b2a7,11
KB손해보험,손보,보험자회사,00120216,KB손해보험,2025,11011,사업보고서,IFRS17,-,-,E,"보고서 사업연도 >= 2023 이면 IFRS17, 아니면 IFRS4",계,,-,2025-12-31,-,-,-,api,hyslrSttus,"{""bsns_year"": ""2025"", ""corp_code"": ""00120216"", ""reprt_code"": ""11011""}",20260331003209,api_row,2026-08-31T16:01:41+09:00,000,run_20260831_152517_0955,raw/hyslrSttus/00120216_2025_11011.json,ca9decbb8888e2ee707988b3c27d63ebece4821cb67b6c63eda052957cf0b2a7,11
KB손해보험,손보,보험자회사,00120216,KB손해보험,2025,11012,반기보고서,IFRS17,"66,500,000",100.00,E,"보고서 사업연도 >= 2023 이면 IFRS17, 아니면 IFRS4",(주)KB금융지주,최대주주,-,2025-06-30,보통주,"66,500,000",100.00,api,hyslrSttus,"{""bsns_year"": ""2025"", ""corp_code"": ""00120216"", ""reprt_code"": ""11012""}",20250829001942,api_row,2026-08-31T16:02:13+09:00,000,run_20260831_152517_0964,raw/hyslrSttus/00120216_2025_11012.json,07a0d67cec349baad6439a1eb99b431141045e00321e2acf67f935251b98eaa2,11
KB손해보험,손보,보험자회사,00120216,KB손해보험,2025,11012,반기보고서,IFRS17,"66,500,000",100.00,E,"보고서 사업연도 >= 2023 이면 IFRS17, 아니면 IFRS4",계,,-,2025-06-30,보통주,"66,500,000",100.00,api,hyslrSttus,"{""bsns_year"": ""2025"", ""corp_code"": ""00120216"", ""reprt_code"": ""11012""}",20250829001942,api_row,2026-08-31T16:02:13+09:00,000,run_20260831_152517_0964,raw/hyslrSttus/00120216_2025_11012.json,07a0d67cec349baad6439a1eb99b431141045e00321e2acf67f935251b98eaa2,11
KB손해보험,손보,보험자회사,00120216,KB손해보험,2025,11012,반기보고서,IFRS17,-,-,E,"보고서 사업연도 >= 2023 이면 IFRS17, 아니면 IFRS4",계,,-,2025-06-30,-,-,-,api,hyslrSttus,"{""bsns_year"": ""2025"", ""corp_code"": ""00120216"", ""reprt_code"": ""11012""}",20250829001942,api_row,2026-08-31T16:02:13+09:00,000,run_20260831_152517_0964,raw/hyslrSttus/00120216_2025_11012.json,07a0d67cec349baad6439a1eb99b431141045e00321e2acf67f935251b98eaa2,11
KB손해보험,손보,보험자회사,00120216,KB손해보험,2026,11012,반기보고서,IFRS17,"66,500,000",100.00,E,"보고서 사업연도 >= 2023 이면 IFRS17, 아니면 IFRS4",(주)KB금융지주,최대주주,-,2026-06-30,보통주,"66,500,000",100.00,api,hyslrSttus,"{""bsns_year"": ""2026"", ""corp_code"": ""00120216"", ""reprt_code"": ""11012""}",20260831001102,api_row,2026-08-31T16:02:43+09:00,000,run_20260831_152517_0973,raw/hyslrSttus/00120216_2026_11012.json,d8deae43c5f45e94c92b0b215072ceed91feb4b54c794cd05036b6a3e0244aab,11
KB손해보험,손보,보험자회사,00120216,KB손해보험,2026,11012,반기보고서,IFRS17,"66,500,000",100.00,E,"보고서 사업연도 >= 2023 이면 IFRS17, 아니면 IFRS4",계,,-,2026-06-30,보통주,"66,500,000",100.00,api,hyslrSttus,"{""bsns_year"": ""2026"", ""corp_code"": ""00120216"", ""reprt_code"": ""11012""}",20260831001102,api_row,2026-08-31T16:02:43+09:00,000,run_20260831_152517_0973,raw/hyslrSttus/00120216_2026_11012.json,d8deae43c5f45e94c92b0b215072ceed91feb4b54c794cd05036b6a3e0244aab,11
KB손해보험,손보,보험자회사,00120216,KB손해보험,2026,11012,반기보고서,IFRS17,-,-,E,"보고서 사업연도 >= 2023 이면 IFRS17, 아니면 IFRS4",계,,-,2026-06-30,-,-,-,api,hyslrSttus,"{""bsns_year"": ""2026"", ""corp_code"": ""00120216"", ""reprt_code"": ""11012""}",20260831001102,api_row,2026-08-31T16:02:43+09:00,000,run_20260831_152517_0973,raw/hyslrSttus/00120216_2026_11012.json,d8deae43c5f45e94c92b0b215072ceed91feb4b54c794cd05036b6a3e0244aab,11
iM금융지주,지주,지주,00878915,iM금융지주,2015,11011,사업보고서,IFRS4,"9,724,678",7.25,Y,"보고서 사업연도 >= 2023 이면 IFRS17, 아니면 IFRS4",삼성생명보험,본인,-,2015-12-31,보통주,"11,755,894",6.95,api,hyslrSttus,"{""bsns_year"": ""2015"", ""corp_code"": ""00878915"", ""reprt_code"": ""11011""}",20160330001005,api_row,2026-08-31T15:39:10+09:00,000,run_20260831_152517_0358,raw/hyslrSttus/00878915_2015_11011.json,03236347489bb0734ef1caa0f42d4ca1f6dd55c2cf73f1c7a9379ca1fcba1542,11
iM금융지주,지주,지주,00878915,iM금융지주,2015,11011,사업보고서,IFRS4,"9,724,678",7.25,Y,"보고서 사업연도 >= 2023 이면 IFRS17, 아니면 IFRS4",계,,-,2015-12-31,보통주,"11,755,894",6.95,api,hyslrSttus,"{""bsns_year"": ""2015"", ""corp_code"": ""00878915"", ""reprt_code"": ""11011""}",20160330001005,api_row,2026-08-31T15:39:10+09:00,000,run_20260831_152517_0358,raw/hyslrSttus/00878915_2015_11011.json,03236347489bb0734ef1caa0f42d4ca1f6dd55c2cf73f1c7a9379ca1fcba1542,11
iM금융지주,지주,지주,00878915,iM금융지주,2015,11011,사업보고서,IFRS4,-,-,Y,"보고서 사업연도 >= 2023 이면 IFRS17, 아니면 IFRS4",계,,-,2015-12-31,기타,-,-,api,hyslrSttus,"{""bsns_year"": ""2015"", ""corp_code"": ""00878915"", ""reprt_code"": ""11011""}",20160330001005,api_row,2026-08-31T15:39:10+09:00,000,run_20260831_152517_0358,raw/hyslrSttus/00878915_2015_11011.json,03236347489bb0734ef1caa0f42d4ca1f6dd55c2cf73f1c7a9379ca1fcba1542,11
iM금융지주,지주,지주,00878915,iM금융지주,2016,11011,사업보고서,IFRS4,"6,335,417",3.75,Y,"보고서 사업연도 >= 2023 이면 IFRS17, 아니면 IFRS4",국민연금공단,본인,-,2016-12-31,보통주,"14,986,804",8.87,api,hyslrSttus,"{""bsns_year"": ""2016"", ""corp_code"": ""00878915"", ""reprt_code"": ""11011""}",20170331003962,api_row,2026-08-31T15:39:20+09:00,000,run_20260831_152517_0367,raw/hyslrSttus/00878915_2016_11011.json,3f0da45acf8260daff12955888e96a394ade4cac613c537b9933cbd23d764bc4,11
iM금융지주,지주,지주,00878915,iM금융지주,2016,11011,사업보고서,IFRS4,"6,335,417",3.75,Y,"보고서 사업연도 >= 2023 이면 IFRS17, 아니면 IFRS4",계,,-,2016-12-31,보통주,"14,986,804",8.87,api,hyslrSttus,"{""bsns_year"": ""2016"", ""corp_code"": ""00878915"", ""reprt_code"": ""11011""}",20170331003962,api_row,2026-08-31T15:39:20+09:00,000,run_20260831_152517_0367,raw/hyslrSttus/00878915_2016_11011.json,3f0da45acf8260daff12955888e96a394ade4cac613c537b9933cbd23d764bc4,11
iM금융지주,지주,지주,00878915,iM금융지주,2016,11011,사업보고서,IFRS4,-,-,Y,"보고서 사업연도 >= 2023 이면 IFRS17, 아니면 IFRS4",계,,-,2016-12-31,기타,-,-,api,hyslrSttus,"{""bsns_year"": ""2016"", ""corp_code"": ""00878915"", ""reprt_code"": ""11011""}",20170331003962,api_row,2026-08-31T15:39:20+09:00,000,run_20260831_152517_0367,raw/hyslrSttus/00878915_2016_11011.json,3f0da45acf8260daff12955888e96a394ade4cac613c537b9933cbd23d764bc4,11
iM금융지주,지주,지주,00878915,iM금융지주,2017,11011,사업보고서,IFRS4,"11,755,894",6.95,Y,"보고서 사업연도 >= 2023 이면 IFRS17, 아니면 IFRS4",삼성생명보험,본인,-,2017-12-31,보통주,"11,755,894",6.95,api,hyslrSttus,"{""bsns_year"": ""2017"", ""corp_code"": ""00878915"", ""reprt_code"": ""11011""}",20180402004848,api_row,2026-08-31T15:39:30+09:00,000,run_20260831_152517_0376,raw/hyslrSttus/00878915_2017_11011.json,1101215adaeba2584dc4fe27620bb2b83c37976ada6378db56e4dccfbd5f44e0,11
iM금융지주,지주,지주,00878915,iM금융지주,2017,11011,사업보고서,IFRS4,"11,755,894",6.95,Y,"보고서 사업연도 >= 2023 이면 IFRS17, 아니면 IFRS4",계,,-,2017-12-31,보통주,"11,755,894",6.95,api,hyslrSttus,"{""bsns_year"": ""2017"", ""corp_code"": ""00878915"", ""reprt_code"": ""11011""}",20180402004848,api_row,2026-08-31T15:39:30+09:00,000,run_20260831_152517_0376,raw/hyslrSttus/00878915_2017_11011.json,1101215adaeba2584dc4fe27620bb2b83c37976ada6378db56e4dccfbd5f44e0,11
iM금융지주,지주,지주,00878915,iM금융지주,2017,11011,사업보고서,IFRS4,-,-,Y,"보고서 사업연도 >= 2023 이면 IFRS17, 아니면 IFRS4",계,,-,2017-12-31,기   타,-,-,api,hyslrSttus,"{""bsns_year"": ""2017"", ""corp_code"": ""00878915"", ""reprt_code"": ""11011""}",20180402004848,api_row,2026-08-31T15:39:30+09:00,000,run_20260831_152517_0376,raw/hyslrSttus/00878915_2017_11011.json,1101215adaeba2584dc4fe27620bb2b83c37976ada6378db56e4dccfbd5f44e0,11
iM금융지주,지주,지주,00878915,iM금융지주,2018,11011,사업보고서,IFRS4,"11,755,894",6.95,Y,"보고서 사업연도 >= 2023 이면 IFRS17, 아니면 IFRS4",삼성생명보험,본인,-,2018-12-31,보통주,"11,755,894",6.95,api,hyslrSttus,"{""bsns_year"": ""2018"", ""corp_code"": ""00878915"", ""reprt_code"": ""11011""}",20190401004795,api_row,2026-08-31T15:39:41+09:00,000,run_20260831_152517_0385,raw/hyslrSttus/00878915_2018_11011.json,433491e423a93a0ef389b8c043634abe59e4c74b7c578e65f49d3e1b9a6db339,11
iM금융지주,지주,지주,00878915,iM금융지주,2018,11011,사업보고서,IFRS4,"11,755,894",6.95,Y,"보고서 사업연도 >= 2023 이면 IFRS17, 아니면 IFRS4",계,,-,2018-12-31,보통주,"11,755,894",6.95,api,hyslrSttus,"{""bsns_year"": ""2018"", ""corp_code"": ""00878915"", ""reprt_code"": ""11011""}",20190401004795,api_row,2026-08-31T15:39:41+09:00,000,run_20260831_152517_0385,raw/hyslrSttus/00878915_2018_11011.json,433491e423a93a0ef389b8c043634abe59e4c74b7c578e65f49d3e1b9a6db339,11
iM금융지주,지주,지주,00878915,iM금융지주,2018,11011,사업보고서,IFRS4,-,-,Y,"보고서 사업연도 >= 2023 이면 IFRS17, 아니면 IFRS4",계,,-,2018-12-31,기   타,-,-,api,hyslrSttus,"{""bsns_year"": ""2018"", ""corp_code"": ""00878915"", ""reprt_code"": ""11011""}",20190401004795,api_row,2026-08-31T15:39:41+09:00,000,run_20260831_152517_0385,raw/hyslrSttus/00878915_2018_11011.json,433491e423a93a0ef389b8c043634abe59e4c74b7c578e65f49d3e1b9a6db339,11
iM금융지주,지주,지주,00878915,iM금융지주,2019,11011,사업보고서,IFRS4,"5,662,676",3.35,Y,"보고서 사업연도 >= 2023 이면 IFRS17, 아니면 IFRS4",국민연금공단,본인,주),2019-12-31,보통주,"10,307,972",6.09,api,hyslrSttus,"{""bsns_year"": ""2019"", ""corp_code"": ""00878915"", ""reprt_code"": ""11011""}",20200330003513,api_row,2026-08-31T15:39:51+09:00,000,run_20260831_152517_0394,raw/hyslrSttus/00878915_2019_11011.json,7c15e300de6f8154c515615be26291015686322a4160911ce19d39726b306de5,11
iM금융지주,지주,지주,00878915,iM금융지주,2019,11011,사업보고서,IFRS4,"5,662,676",3.35,Y,"보고서 사업연도 >= 2023 이면 IFRS17, 아니면 IFRS4",계,,-,2019-12-31,보통주,"10,307,972",6.09,api,hyslrSttus,"{""bsns_year"": ""2019"", ""corp_code"": ""00878915"", ""reprt_code"": ""11011""}",20200330003513,api_row,2026-08-31T15:39:51+09:00,000,run_20260831_152517_0394,raw/hyslrSttus/00878915_2019_11011.json,7c15e300de6f8154c515615be26291015686322a4160911ce19d39726b306de5,11
iM금융지주,지주,지주,00878915,iM금융지주,2019,11011,사업보고서,IFRS4,-,-,Y,"보고서 사업연도 >= 2023 이면 IFRS17, 아니면 IFRS4",계,,-,2019-12-31,기타,-,-,api,hyslrSttus,"{""bsns_year"": ""2019"", ""corp_code"": ""00878915"", ""reprt_code"": ""11011""}",20200330003513,api_row,2026-08-31T15:39:51+09:00,000,run_20260831_152517_0394,raw/hyslrSttus/00878915_2019_11011.json,7c15e300de6f8154c515615be26291015686322a4160911ce19d39726b306de5,11
iM금융지주,지주,지주,00878915,iM금융지주,2020,11011,사업보고서,IFRS4,"10,307,972",6.09,Y,"보고서 사업연도 >= 2023 이면 IFRS17, 아니면 IFRS4",국민연금공단,본인,주),2020-12-31,보통주,"21,991,776",13.00,api,hyslrSttus,"{""bsns_year"": ""2020"", ""corp_code"": ""00878915"", ""reprt_code"": ""11011""}",20210318000803,api_row,2026-08-31T15:40:01+09:00,000,run_20260831_152517_0403,raw/hyslrSttus/00878915_2020_11011.json,eb7c35f9b2544725b89af1feafb777a5a8eecfbc8d9c6e0c10ae92fba715f29c,11
iM금융지주,지주,지주,00878915,iM금융지주,2020,11011,사업보고서,IFRS4,"10,307,972",6.09,Y,"보고서 사업연도 >= 2023 이면 IFRS17, 아니면 IFRS4",계,,-,2020-12-31,보통주,"21,991,776",13.00,api,hyslrSttus,"{""bsns_year"": ""2020"", ""corp_code"": ""00878915"", ""reprt_code"": ""11011""}",20210318000803,api_row,2026-08-31T15:40:01+09:00,000,run_20260831_152517_0403,raw/hyslrSttus/00878915_2020_11011.json,eb7c35f9b2544725b89af1feafb777a5a8eecfbc8d9c6e0c10ae92fba715f29c,11
iM금융지주,지주,지주,00878915,iM금융지주,2020,11011,사업보고서,IFRS4,-,-,Y,"보고서 사업연도 >= 2023 이면 IFRS17, 아니면 IFRS4",계,,-,2020-12-31,기타,-,-,api,hyslrSttus,"{""bsns_year"": ""2020"", ""corp_code"": ""00878915"", ""reprt_code"": ""11011""}",20210318000803,api_row,2026-08-31T15:40:01+09:00,000,run_20260831_152517_0403,raw/hyslrSttus/00878915_2020_11011.json,eb7c35f9b2544725b89af1feafb777a5a8eecfbc8d9c6e0c10ae92fba715f29c,11
iM금융지주,지주,지주,00878915,iM금융지주,2021,11011,사업보고서,IFRS4,"21,991,776",13.00,Y,"보고서 사업연도 >= 2023 이면 IFRS17, 아니면 IFRS4",국민연금공단,본인,주),2021-12-31,보통주,"21,811,401",12.90,api,hyslrSttus,"{""bsns_year"": ""2021"", ""corp_code"": ""00878915"", ""reprt_code"": ""11011""}",20220317001101,api_row,2026-08-31T15:40:12+09:00,000,run_20260831_152517_0412,raw/hyslrSttus/00878915_2021_11011.json,6a41ff3d9864a73020dcf40cbc20b299ec330bbfc976c397c8e74aab1b6573f7,11
iM금융지주,지주,지주,00878915,iM금융지주,2021,11011,사업보고서,IFRS4,"21,991,776",13.00,Y,"보고서 사업연도 >= 2023 이면 IFRS17, 아니면 IFRS4",계,,-,2021-12-31,보통주,"21,811,401",12.90,api,hyslrSttus,"{""bsns_year"": ""2021"", ""corp_code"": ""00878915"", ""reprt_code"": ""11011""}",20220317001101,api_row,2026-08-31T15:40:12+09:00,000,run_20260831_152517_0412,raw/hyslrSttus/00878915_2021_11011.json,6a41ff3d9864a73020dcf40cbc20b299ec330bbfc976c397c8e74aab1b6573f7,11
iM금융지주,지주,지주,00878915,iM금융지주,2021,11011,사업보고서,IFRS4,-,-,Y,"보고서 사업연도 >= 2023 이면 IFRS17, 아니면 IFRS4",계,,-,2021-12-31,기타,-,-,api,hyslrSttus,"{""bsns_year"": ""2021"", ""corp_code"": ""00878915"", ""reprt_code"": ""11011""}",20220317001101,api_row,2026-08-31T15:40:12+09:00,000,run_20260831_152517_0412,raw/hyslrSttus/00878915_2021_11011.json,6a41ff3d9864a73020dcf40cbc20b299ec330bbfc976c397c8e74aab1b6573f7,11
iM금융지주,지주,지주,00878915,iM금융지주,2022,11011,사업보고서,IFRS4,"21,811,401",12.90,Y,"보고서 사업연도 >= 2023 이면 IFRS17, 아니면 IFRS4",국민연금공단,본인,주),2022-12-31,보통주,"16,990,823",10.05,api,hyslrSttus,"{""bsns_year"": ""2022"", ""corp_code"": ""00878915"", ""reprt_code"": ""11011""}",20230322000869,api_row,2026-08-31T15:40:23+09:00,000,run_20260831_152517_0421,raw/hyslrSttus/00878915_2022_11011.json,78cede2d51739e4fea3149d2e7e5377d82b19f5c387041bc200b935ab0180836,11
iM금융지주,지주,지주,00878915,iM금융지주,2022,11011,사업보고서,IFRS4,"21,811,401",12.90,Y,"보고서 사업연도 >= 2023 이면 IFRS17, 아니면 IFRS4",계,,-,2022-12-31,보통주,"16,990,823",10.05,api,hyslrSttus,"{""bsns_year"": ""2022"", ""corp_code"": ""00878915"", ""reprt_code"": ""11011""}",20230322000869,api_row,2026-08-31T15:40:23+09:00,000,run_20260831_152517_0421,raw/hyslrSttus/00878915_2022_11011.json,78cede2d51739e4fea3149d2e7e5377d82b19f5c387041bc200b935ab0180836,11
iM금융지주,지주,지주,00878915,iM금융지주,2022,11011,사업보고서,IFRS4,-,-,Y,"보고서 사업연도 >= 2023 이면 IFRS17, 아니면 IFRS4",계,,-,2022-12-31,기타,-,-,api,hyslrSttus,"{""bsns_year"": ""2022"", ""corp_code"": ""00878915"", ""reprt_code"": ""11011""}",20230322000869,api_row,2026-08-31T15:40:23+09:00,000,run_20260831_152517_0421,raw/hyslrSttus/00878915_2022_11011.json,78cede2d51739e4fea3149d2e7e5377d82b19f5c387041bc200b935ab0180836,11
iM금융지주,지주,지주,00878915,iM금융지주,2023,11011,사업보고서,IFRS17,"16,990,823",10.05,Y,"보고서 사업연도 >= 2023 이면 IFRS17, 아니면 IFRS4",국민연금공단,본인,주),2023-12-31,보통주,"13,525,178",8.00,api,hyslrSttus,"{""bsns_year"": ""2023"", ""corp_code"": ""00878915"", ""reprt_code"": ""11011""}",20240430000805,api_row,2026-08-31T15:40:33+09:00,000,run_20260831_152517_0430,raw/hyslrSttus/00878915_2023_11011.json,d86b5c6bb24d8492b4fc55f12481e473456e9b9bad89992d36ba5d9ce7fbc0f1,11
iM금융지주,지주,지주,00878915,iM금융지주,2023,11011,사업보고서,IFRS17,"16,990,823",10.05,Y,"보고서 사업연도 >= 2023 이면 IFRS17, 아니면 IFRS4",계,,-,2023-12-31,보통주,"13,525,178",8.00,api,hyslrSttus,"{""bsns_year"": ""2023"", ""corp_code"": ""00878915"", ""reprt_code"": ""11011""}",20240430000805,api_row,2026-08-31T15:40:33+09:00,000,run_20260831_152517_0430,raw/hyslrSttus/00878915_2023_11011.json,d86b5c6bb24d8492b4fc55f12481e473456e9b9bad89992d36ba5d9ce7fbc0f1,11
iM금융지주,지주,지주,00878915,iM금융지주,2023,11011,사업보고서,IFRS17,-,-,Y,"보고서 사업연도 >= 2023 이면 IFRS17, 아니면 IFRS4",계,,-,2023-12-31,기타,-,-,api,hyslrSttus,"{""bsns_year"": ""2023"", ""corp_code"": ""00878915"", ""reprt_code"": ""11011""}",20240430000805,api_row,2026-08-31T15:40:33+09:00,000,run_20260831_152517_0430,raw/hyslrSttus/00878915_2023_11011.json,d86b5c6bb24d8492b4fc55f12481e473456e9b9bad89992d36ba5d9ce7fbc0f1,11
iM금융지주,지주,지주,00878915,iM금융지주,2024,11011,사업보고서,IFRS17,"11,217,866",6.63,Y,"보고서 사업연도 >= 2023 이면 IFRS17, 아니면 IFRS4",(주)오케이저축은행,본인,주),2024-12-31,보통주,"16,146,178",9.55,api,hyslrSttus,"{""bsns_year"": ""2024"", ""corp_code"": ""00878915"", ""reprt_code"": ""11011""}",20250318000693,api_row,2026-08-31T15:41:03+09:00,000,run_20260831_152517_0439,raw/hyslrSttus/00878915_2024_11011.json,987b8d183f7663031bc51e6616970fc05872befb771ad29d05c797d98b4d59ad,11
iM금융지주,지주,지주,00878915,iM금융지주,2024,11011,사업보고서,IFRS17,"11,217,866",6.63,Y,"보고서 사업연도 >= 2023 이면 IFRS17, 아니면 IFRS4",계,,-,2024-12-31,보통주,"16,146,178",9.55,api,hyslrSttus,"{""bsns_year"": ""2024"", ""corp_code"": ""00878915"", ""reprt_code"": ""11011""}",20250318000693,api_row,2026-08-31T15:41:03+09:00,000,run_20260831_152517_0439,raw/hyslrSttus/00878915_2024_11011.json,987b8d183f7663031bc51e6616970fc05872befb771ad29d05c797d98b4d59ad,11
iM금융지주,지주,지주,00878915,iM금융지주,2024,11011,사업보고서,IFRS17,-,-,Y,"보고서 사업연도 >= 2023 이면 IFRS17, 아니면 IFRS4",계,,-,2024-12-31,기타,-,-,api,hyslrSttus,"{""bsns_year"": ""2024"", ""corp_code"": ""00878915"", ""reprt_code"": ""11011""}",20250318000693,api_row,2026-08-31T15:41:03+09:00,000,run_20260831_152517_0439,raw/hyslrSttus/00878915_2024_11011.json,987b8d183f7663031bc51e6616970fc05872befb771ad29d05c797d98b4d59ad,11
iM금융지주,지주,지주,00878915,iM금융지주,2025,11011,사업보고서,IFRS17,"16,146,178",9.55,Y,"보고서 사업연도 >= 2023 이면 IFRS17, 아니면 IFRS4",(주)오케이저축은행,최대주주,특수관계인간 주식 매매 등,2025-12-31,보통주,"5,599,220",3.49,api,hyslrSttus,"{""bsns_year"": ""2025"", ""corp_code"": ""00878915"", ""reprt_code"": ""11011""}",20260515000720,api_row,2026-08-31T15:41:32+09:00,000,run_20260831_152517_0448,raw/hyslrSttus/00878915_2025_11011.json,8cdbb17b2b9f7a321ec3fa398735def272263dacff70399591583b1320ee5580,11
iM금융지주,지주,지주,00878915,iM금융지주,2025,11011,사업보고서,IFRS17,0,0.00,Y,"보고서 사업연도 >= 2023 이면 IFRS17, 아니면 IFRS4",(주)오케이캐피탈,특수관계인,특수관계인간 주식 매매,2025-12-31,보통주,"5,220,338",3.25,api,hyslrSttus,"{""bsns_year"": ""2025"", ""corp_code"": ""00878915"", ""reprt_code"": ""11011""}",20260515000720,api_row,2026-08-31T15:41:32+09:00,000,run_20260831_152517_0448,raw/hyslrSttus/00878915_2025_11011.json,8cdbb17b2b9f7a321ec3fa398735def272263dacff70399591583b1320ee5580,11
iM금융지주,지주,지주,00878915,iM금융지주,2025,11011,사업보고서,IFRS17,0,0.00,Y,"보고서 사업연도 >= 2023 이면 IFRS17, 아니면 IFRS4",오케이에프앤아이대부(주),특수관계인,특수관계인간 주식 매매,2025-12-31,보통주,"5,220,000",3.25,api,hyslrSttus,"{""bsns_year"": ""2025"", ""corp_code"": ""00878915"", ""reprt_code"": ""11011""}",20260515000720,api_row,2026-08-31T15:41:32+09:00,000,run_20260831_152517_0448,raw/hyslrSttus/00878915_2025_11011.json,8cdbb17b2b9f7a321ec3fa398735def272263dacff70399591583b1320ee5580,11
iM금융지주,지주,지주,00878915,iM금융지주,2025,11011,사업보고서,IFRS17,"16,146,178",9.55,Y,"보고서 사업연도 >= 2023 이면 IFRS17, 아니면 IFRS4",계,,주식 소각 주),2025-12-31,보통주,"16,039,558",9.99,api,hyslrSttus,"{""bsns_year"": ""2025"", ""corp_code"": ""00878915"", ""reprt_code"": ""11011""}",20260515000720,api_row,2026-08-31T15:41:32+09:00,000,run_20260831_152517_0448,raw/hyslrSttus/00878915_2025_11011.json,8cdbb17b2b9f7a321ec3fa398735def272263dacff70399591583b1320ee5580,11
iM금융지주,지주,지주,00878915,iM금융지주,2025,11011,사업보고서,IFRS17,-,-,Y,"보고서 사업연도 >= 2023 이면 IFRS17, 아니면 IFRS4",계,,-,2025-12-31,기타,-,-,api,hyslrSttus,"{""bsns_year"": ""2025"", ""corp_code"": ""00878915"", ""reprt_code"": ""11011""}",20260515000720,api_row,2026-08-31T15:41:32+09:00,000,run_20260831_152517_0448,raw/hyslrSttus/00878915_2025_11011.json,8cdbb17b2b9f7a321ec3fa398735def272263dacff70399591583b1320ee5580,11
iM금융지주,지주,지주,00878915,iM금융지주,2025,11012,반기보고서,IFRS17,"16,146,178",9.55,Y,"보고서 사업연도 >= 2023 이면 IFRS17, 아니면 IFRS4",(주)오케이저축은행,본인,-,2025-06-30,보통주,"16,146,178",9.70,api,hyslrSttus,"{""bsns_year"": ""2025"", ""corp_code"": ""00878915"", ""reprt_code"": ""11012""}",20250814003270,api_row,2026-08-31T15:41:59+09:00,000,run_20260831_152517_0457,raw/hyslrSttus/00878915_2025_11012.json,35014dd39b52cdfdcdf4a7ba1ab705a4d8ef44ffe586463938f2ea839e8b0315,11
iM금융지주,지주,지주,00878915,iM금융지주,2025,11012,반기보고서,IFRS17,"16,146,178",9.55,Y,"보고서 사업연도 >= 2023 이면 IFRS17, 아니면 IFRS4",계,,-,2025-06-30,보통주,"16,146,178",9.70,api,hyslrSttus,"{""bsns_year"": ""2025"", ""corp_code"": ""00878915"", ""reprt_code"": ""11012""}",20250814003270,api_row,2026-08-31T15:41:59+09:00,000,run_20260831_152517_0457,raw/hyslrSttus/00878915_2025_11012.json,35014dd39b52cdfdcdf4a7ba1ab705a4d8ef44ffe586463938f2ea839e8b0315,11
iM금융지주,지주,지주,00878915,iM금융지주,2025,11012,반기보고서,IFRS17,-,-,Y,"보고서 사업연도 >= 2023 이면 IFRS17, 아니면 IFRS4",계,,-,2025-06-30,기타,-,-,api,hyslrSttus,"{""bsns_year"": ""2025"", ""corp_code"": ""00878915"", ""reprt_code"": ""11012""}",20250814003270,api_row,2026-08-31T15:41:59+09:00,000,run_20260831_152517_0457,raw/hyslrSttus/00878915_2025_11012.json,35014dd39b52cdfdcdf4a7ba1ab705a4d8ef44ffe586463938f2ea839e8b0315,11
iM금융지주,지주,지주,00878915,iM금융지주,2026,11012,반기보고서,IFRS17,"5,220,000",3.25,Y,"보고서 사업연도 >= 2023 이면 IFRS17, 아니면 IFRS4",아프로에프앤아이대부(주),최대주주 본인,-,2026-06-30,보통주,"8,105,634",5.12,api,hyslrSttus,"{""bsns_year"": ""2026"", ""corp_code"": ""00878915"", ""reprt_code"": ""11012""}",20260814003948,api_row,2026-08-31T15:42:25+09:00,000,run_20260831_152517_0466,raw/hyslrSttus/00878915_2026_11012.json,739c87f9a31d5a7cd7df7ddebdfcad68d69621db1c74601d7b8986ed8a461b8c,11
iM금융지주,지주,지주,00878915,iM금융지주,2026,11012,반기보고서,IFRS17,"5,599,220",3.49,Y,"보고서 사업연도 >= 2023 이면 IFRS17, 아니면 IFRS4",(주)오케이저축은행,최대주주 특수관계인,-,2026-06-30,보통주,"3,575,548",2.26,api,hyslrSttus,"{""bsns_year"": ""2026"", ""corp_code"": ""00878915"", ""reprt_code"": ""11012""}",20260814003948,api_row,2026-08-31T15:42:25+09:00,000,run_20260831_152517_0466,raw/hyslrSttus/00878915_2026_11012.json,739c87f9a31d5a7cd7df7ddebdfcad68d69621db1c74601d7b8986ed8a461b8c,11
iM금융지주,지주,지주,00878915,iM금융지주,2026,11012,반기보고서,IFRS17,"5,220,338",3.25,Y,"보고서 사업연도 >= 2023 이면 IFRS17, 아니면 IFRS4",오케이캐피탈(주),최대주주 특수관계인,-,2026-06-30,보통주,"2,729,901",1.72,api,hyslrSttus,"{""bsns_year"": ""2026"", ""corp_code"": ""00878915"", ""reprt_code"": ""11012""}",20260814003948,api_row,2026-08-31T15:42:25+09:00,000,run_20260831_152517_0466,raw/hyslrSttus/00878915_2026_11012.json,739c87f9a31d5a7cd7df7ddebdfcad68d69621db1c74601d7b8986ed8a461b8c,11
iM금융지주,지주,지주,00878915,iM금융지주,2026,11012,반기보고서,IFRS17,0,0.00,Y,"보고서 사업연도 >= 2023 이면 IFRS17, 아니면 IFRS4",오케이홀딩스대부(주),최대주주 특수관계인,-,2026-06-30,보통주,"1,409,422",0.89,api,hyslrSttus,"{""bsns_year"": ""2026"", ""corp_code"": ""00878915"", ""reprt_code"": ""11012""}",20260814003948,api_row,2026-08-31T15:42:25+09:00,000,run_20260831_152517_0466,raw/hyslrSttus/00878915_2026_11012.json,739c87f9a31d5a7cd7df7ddebdfcad68d69621db1c74601d7b8986ed8a461b8c,11
iM금융지주,지주,지주,00878915,iM금융지주,2026,11012,반기보고서,IFRS17,"16,039,558",9.99,Y,"보고서 사업연도 >= 2023 이면 IFRS17, 아니면 IFRS4",계,,-,2026-06-30,보통주,"15,820,505",9.99,api,hyslrSttus,"{""bsns_year"": ""2026"", ""corp_code"": ""00878915"", ""reprt_code"": ""11012""}",20260814003948,api_row,2026-08-31T15:42:25+09:00,000,run_20260831_152517_0466,raw/hyslrSttus/00878915_2026_11012.json,739c87f9a31d5a7cd7df7ddebdfcad68d69621db1c74601d7b8986ed8a461b8c,11
iM금융지주,지주,지주,00878915,iM금융지주,2026,11012,반기보고서,IFRS17,-,-,Y,"보고서 사업연도 >= 2023 이면 IFRS17, 아니면 IFRS4",계,,-,2026-06-30,-,-,-,api,hyslrSttus,"{""bsns_year"": ""2026"", ""corp_code"": ""00878915"", ""reprt_code"": ""11012""}",20260814003948,api_row,2026-08-31T15:42:25+09:00,000,run_20260831_152517_0466,raw/hyslrSttus/00878915_2026_11012.json,739c87f9a31d5a7cd7df7ddebdfcad68d69621db1c74601d7b8986ed8a461b8c,11
교보생명보험,생보,참고,00112882,교보생명보험,2021,11011,사업보고서,IFRS4,"34,627,370",33.78,E,"보고서 사업연도 >= 2023 이면 IFRS17, 아니면 IFRS4",신창재,최대주주 본인,-,2021-12-31,보통주,"34,627,370",33.78,api,hyslrSttus,"{""bsns_year"": ""2021"", ""corp_code"": ""00112882"", ""reprt_code"": ""11011""}",20220331003267,api_row,2026-09-11T10:56:23+09:00,000,run_20260911_103248_0393,raw/hyslrSttus/00112882_2021_11011.json,f785f838d6046f86cfdce8c5eb87ed31c58cca435d828f58220c0f028feae242,0
교보생명보험,생보,참고,00112882,교보생명보험,2021,11011,사업보고서,IFRS4,"1,750,010",1.71,E,"보고서 사업연도 >= 2023 이면 IFRS17, 아니면 IFRS4",신경애,최대주주의 혈족,-,2021-12-31,보통주,"1,750,010",1.71,api,hyslrSttus,"{""bsns_year"": ""2021"", ""corp_code"": ""00112882"", ""reprt_code"": ""11011""}",20220331003267,api_row,2026-09-11T10:56:23+09:00,000,run_20260911_103248_0393,raw/hyslrSttus/00112882_2021_11011.json,f785f838d6046f86cfdce8c5eb87ed31c58cca435d828f58220c0f028feae242,0
교보생명보험,생보,참고,00112882,교보생명보험,2021,11011,사업보고서,IFRS4,"1,449,960",1.41,E,"보고서 사업연도 >= 2023 이면 IFRS17, 아니면 IFRS4",신영애,최대주주의 혈족,-,2021-12-31,보통주,"1,449,960",1.41,api,hyslrSttus,"{""bsns_year"": ""2021"", ""corp_code"": ""00112882"", ""reprt_code"": ""11011""}",20220331003267,api_row,2026-09-11T10:56:23+09:00,000,run_20260911_103248_0393,raw/hyslrSttus/00112882_2021_11011.json,f785f838d6046f86cfdce8c5eb87ed31c58cca435d828f58220c0f028feae242,0
교보생명보험,생보,참고,00112882,교보생명보험,2021,11011,사업보고서,IFRS4,650,0.00,E,"보고서 사업연도 >= 2023 이면 IFRS17, 아니면 IFRS4",박영규,계열회사의 임원,-,2021-12-31,보통주,650,0.00,api,hyslrSttus,"{""bsns_year"": ""2021"", ""corp_code"": ""00112882"", ""reprt_code"": ""11011""}",20220331003267,api_row,2026-09-11T10:56:23+09:00,000,run_20260911_103248_0393,raw/hyslrSttus/00112882_2021_11011.json,f785f838d6046f86cfdce8c5eb87ed31c58cca435d828f58220c0f028feae242,0
교보생명보험,생보,참고,00112882,교보생명보험,2021,11011,사업보고서,IFRS4,0,0.00,E,"보고서 사업연도 >= 2023 이면 IFRS17, 아니면 IFRS4",황미영,계열회사의 임원,우리사주조합 계정에서 개인계좌로 인출,2021-12-31,보통주,595,0.00,api,hyslrSttus,"{""bsns_year"": ""2021"", ""corp_code"": ""00112882"", ""reprt_code"": ""11011""}",20220331003267,api_row,2026-09-11T10:56:23+09:00,000,run_20260911_103248_0393,raw/hyslrSttus/00112882_2021_11011.json,f785f838d6046f86cfdce8c5eb87ed31c58cca435d828f58220c0f028feae242,0
교보생명보험,생보,참고,00112882,교보생명보험,2021,11011,사업보고서,IFRS4,"37,827,990",36.91,E,"보고서 사업연도 >= 2023 이면 IFRS17, 아니면 IFRS4",계,,-,2021-12-31,보통주,"37,828,585",36.91,api,hyslrSttus,"{""bsns_year"": ""2021"", ""corp_code"": ""00112882"", ""reprt_code"": ""11011""}",20220331003267,api_row,2026-09-11T10:56:23+09:00,000,run_20260911_103248_0393,raw/hyslrSttus/00112882_2021_11011.json,f785f838d6046f86cfdce8c5eb87ed31c58cca435d828f58220c0f028feae242,0
교보생명보험,생보,참고,00112882,교보생명보험,2021,11011,사업보고서,IFRS4,0,0.00,E,"보고서 사업연도 >= 2023 이면 IFRS17, 아니면 IFRS4",계,,-,2021-12-31,우선주,0,0.00,api,hyslrSttus,"{""bsns_year"": ""2021"", ""corp_code"": ""00112882"", ""reprt_code"": ""11011""}",20220331003267,api_row,2026-09-11T10:56:23+09:00,000,run_20260911_103248_0393,raw/hyslrSttus/00112882_2021_11011.json,f785f838d6046f86cfdce8c5eb87ed31c58cca435d828f58220c0f028feae242,0
교보생명보험,생보,참고,00112882,교보생명보험,2022,11011,사업보고서,IFRS4,"34,627,370",33.78,E,"보고서 사업연도 >= 2023 이면 IFRS17, 아니면 IFRS4",신창재,최대주주 본인,-,2022-12-31,보통주,"34,627,370",33.78,api,hyslrSttus,"{""bsns_year"": ""2022"", ""corp_code"": ""00112882"", ""reprt_code"": ""11011""}",20230331004194,api_row,2026-09-11T10:56:48+09:00,000,run_20260911_103248_0402,raw/hyslrSttus/00112882_2022_11011.json,a085df31d6ba0ad6c10653ebd9203c3f8251ce5dc9fc8654a23d4efb6d9e2f35,0
교보생명보험,생보,참고,00112882,교보생명보험,2022,11011,사업보고서,IFRS4,"1,750,010",1.71,E,"보고서 사업연도 >= 2023 이면 IFRS17, 아니면 IFRS4",신경애,최대주주의 혈족,-,2022-12-31,보통주,"1,750,010",1.71,api,hyslrSttus,"{""bsns_year"": ""2022"", ""corp_code"": ""00112882"", ""reprt_code"": ""11011""}",20230331004194,api_row,2026-09-11T10:56:48+09:00,000,run_20260911_103248_0402,raw/hyslrSttus/00112882_2022_11011.json,a085df31d6ba0ad6c10653ebd9203c3f8251ce5dc9fc8654a23d4efb6d9e2f35,0
교보생명보험,생보,참고,00112882,교보생명보험,2022,11011,사업보고서,IFRS4,"1,449,960",1.41,E,"보고서 사업연도 >= 2023 이면 IFRS17, 아니면 IFRS4",신영애,최대주주의 혈족,-,2022-12-31,보통주,"1,449,960",1.41,api,hyslrSttus,"{""bsns_year"": ""2022"", ""corp_code"": ""00112882"", ""reprt_code"": ""11011""}",20230331004194,api_row,2026-09-11T10:56:48+09:00,000,run_20260911_103248_0402,raw/hyslrSttus/00112882_2022_11011.json,a085df31d6ba0ad6c10653ebd9203c3f8251ce5dc9fc8654a23d4efb6d9e2f35,0
교보생명보험,생보,참고,00112882,교보생명보험,2022,11011,사업보고서,IFRS4,650,0.00,E,"보고서 사업연도 >= 2023 이면 IFRS17, 아니면 IFRS4",박영규,계열회사의 임원,-,2022-12-31,보통주,650,0.00,api,hyslrSttus,"{""bsns_year"": ""2022"", ""corp_code"": ""00112882"", ""reprt_code"": ""11011""}",20230331004194,api_row,2026-09-11T10:56:48+09:00,000,run_20260911_103248_0402,raw/hyslrSttus/00112882_2022_11011.json,a085df31d6ba0ad6c10653ebd9203c3f8251ce5dc9fc8654a23d4efb6d9e2f35,0
교보생명보험,생보,참고,00112882,교보생명보험,2022,11011,사업보고서,IFRS4,595,0.00,E,"보고서 사업연도 >= 2023 이면 IFRS17, 아니면 IFRS4",황미영,계열회사의 임원,-,2022-12-31,보통주,595,0.00,api,hyslrSttus,"{""bsns_year"": ""2022"", ""corp_code"": ""00112882"", ""reprt_code"": ""11011""}",20230331004194,api_row,2026-09-11T10:56:48+09:00,000,run_20260911_103248_0402,raw/hyslrSttus/00112882_2022_11011.json,a085df31d6ba0ad6c10653ebd9203c3f8251ce5dc9fc8654a23d4efb6d9e2f35,0
교보생명보험,생보,참고,00112882,교보생명보험,2022,11011,사업보고서,IFRS4,500,0.00,E,"보고서 사업연도 >= 2023 이면 IFRS17, 아니면 IFRS4",김준호,재단의 임원,-,2022-12-31,보통주,500,0.00,api,hyslrSttus,"{""bsns_year"": ""2022"", ""corp_code"": ""00112882"", ""reprt_code"": ""11011""}",20230331004194,api_row,2026-09-11T10:56:48+09:00,000,run_20260911_103248_0402,raw/hyslrSttus/00112882_2022_11011.json,a085df31d6ba0ad6c10653ebd9203c3f8251ce5dc9fc8654a23d4efb6d9e2f35,0
교보생명보험,생보,참고,00112882,교보생명보험,2022,11011,사업보고서,IFRS4,"37,829,085",36.91,E,"보고서 사업연도 >= 2023 이면 IFRS17, 아니면 IFRS4",계,,-,2022-12-31,보통주,"37,829,085",36.91,api,hyslrSttus,"{""bsns_year"": ""2022"", ""corp_code"": ""00112882"", ""reprt_code"": ""11011""}",20230331004194,api_row,2026-09-11T10:56:48+09:00,000,run_20260911_103248_0402,raw/hyslrSttus/00112882_2022_11011.json,a085df31d6ba0ad6c10653ebd9203c3f8251ce5dc9fc8654a23d4efb6d9e2f35,0
교보생명보험,생보,참고,00112882,교보생명보험,2022,11011,사업보고서,IFRS4,0,0.00,E,"보고서 사업연도 >= 2023 이면 IFRS17, 아니면 IFRS4",계,,-,2022-12-31,우선주,0,0.00,api,hyslrSttus,"{""bsns_year"": ""2022"", ""corp_code"": ""00112882"", ""reprt_code"": ""11011""}",20230331004194,api_row,2026-09-11T10:56:48+09:00,000,run_20260911_103248_0402,raw/hyslrSttus/00112882_2022_11011.json,a085df31d6ba0ad6c10653ebd9203c3f8251ce5dc9fc8654a23d4efb6d9e2f35,0
교보생명보험,생보,참고,00112882,교보생명보험,2023,11011,사업보고서,IFRS17,"34,627,370",33.78,E,"보고서 사업연도 >= 2023 이면 IFRS17, 아니면 IFRS4",신창재,최대주주 본인,-,2023-12-31,보통주,"34,627,370",33.78,api,hyslrSttus,"{""bsns_year"": ""2023"", ""corp_code"": ""00112882"", ""reprt_code"": ""11011""}",20240430000629,api_row,2026-09-11T10:57:09+09:00,000,run_20260911_103248_0411,raw/hyslrSttus/00112882_2023_11011.json,d471292d13c411aa1140dde038aafce7959d0f13f70fadaa495d6c1d36e55af2,0
교보생명보험,생보,참고,00112882,교보생명보험,2023,11011,사업보고서,IFRS17,"1,750,010",1.71,E,"보고서 사업연도 >= 2023 이면 IFRS17, 아니면 IFRS4",신경애,최대주주의 혈족,장외 매도,2023-12-31,보통주,"1,450,010",1.41,api,hyslrSttus,"{""bsns_year"": ""2023"", ""corp_code"": ""00112882"", ""reprt_code"": ""11011""}",20240430000629,api_row,2026-09-11T10:57:09+09:00,000,run_20260911_103248_0411,raw/hyslrSttus/00112882_2023_11011.json,d471292d13c411aa1140dde038aafce7959d0f13f70fadaa495d6c1d36e55af2,0
교보생명보험,생보,참고,00112882,교보생명보험,2023,11011,사업보고서,IFRS17,"1,449,960",1.41,E,"보고서 사업연도 >= 2023 이면 IFRS17, 아니면 IFRS4",신영애,최대주주의 혈족,장외 매도,2023-12-31,보통주,"1,199,960",1.17,api,hyslrSttus,"{""bsns_year"": ""2023"", ""corp_code"": ""00112882"", ""reprt_code"": ""11011""}",20240430000629,api_row,2026-09-11T10:57:09+09:00,000,run_20260911_103248_0411,raw/hyslrSttus/00112882_2023_11011.json,d471292d13c411aa1140dde038aafce7959d0f13f70fadaa495d6c1d36e55af2,0
교보생명보험,생보,참고,00112882,교보생명보험,2023,11011,사업보고서,IFRS17,595,0.00,E,"보고서 사업연도 >= 2023 이면 IFRS17, 아니면 IFRS4",황미영,계열회사의 임원,장외 매도,2023-12-31,보통주,0,0.00,api,hyslrSttus,"{""bsns_year"": ""2023"", ""corp_code"": ""00112882"", ""reprt_code"": ""11011""}",20240430000629,api_row,2026-09-11T10:57:09+09:00,000,run_20260911_103248_0411,raw/hyslrSttus/00112882_2023_11011.json,d471292d13c411aa1140dde038aafce7959d0f13f70fadaa495d6c1d36e55af2,0
교보생명보험,생보,참고,00112882,교보생명보험,2023,11011,사업보고서,IFRS17,500,0.00,E,"보고서 사업연도 >= 2023 이면 IFRS17, 아니면 IFRS4",김준호,재단의 임원,장외 매도,2023-12-31,보통주,0,0.00,api,hyslrSttus,"{""bsns_year"": ""2023"", ""corp_code"": ""00112882"", ""reprt_code"": ""11011""}",20240430000629,api_row,2026-09-11T10:57:09+09:00,000,run_20260911_103248_0411,raw/hyslrSttus/00112882_2023_11011.json,d471292d13c411aa1140dde038aafce7959d0f13f70fadaa495d6c1d36e55af2,0
교보생명보험,생보,참고,00112882,교보생명보험,2023,11011,사업보고서,IFRS17,650,0.00,E,"보고서 사업연도 >= 2023 이면 IFRS17, 아니면 IFRS4",박영규,계열회사의 임원,임원 퇴임,2023-12-31,보통주,0,0.00,api,hyslrSttus,"{""bsns_year"": ""2023"", ""corp_code"": ""00112882"", ""reprt_code"": ""11011""}",20240430000629,api_row,2026-09-11T10:57:09+09:00,000,run_20260911_103248_0411,raw/hyslrSttus/00112882_2023_11011.json,d471292d13c411aa1140dde038aafce7959d0f13f70fadaa495d6c1d36e55af2,0
교보생명보험,생보,참고,00112882,교보생명보험,2023,11011,사업보고서,IFRS17,"37,829,085",36.91,E,"보고서 사업연도 >= 2023 이면 IFRS17, 아니면 IFRS4",계,,-,2023-12-31,보통주,"37,277,340",36.37,api,hyslrSttus,"{""bsns_year"": ""2023"", ""corp_code"": ""00112882"", ""reprt_code"": ""11011""}",20240430000629,api_row,2026-09-11T10:57:09+09:00,000,run_20260911_103248_0411,raw/hyslrSttus/00112882_2023_11011.json,d471292d13c411aa1140dde038aafce7959d0f13f70fadaa495d6c1d36e55af2,0
교보생명보험,생보,참고,00112882,교보생명보험,2023,11011,사업보고서,IFRS17,0,0.00,E,"보고서 사업연도 >= 2023 이면 IFRS17, 아니면 IFRS4",계,,-,2023-12-31,우선주,0,0.00,api,hyslrSttus,"{""bsns_year"": ""2023"", ""corp_code"": ""00112882"", ""reprt_code"": ""11011""}",20240430000629,api_row,2026-09-11T10:57:09+09:00,000,run_20260911_103248_0411,raw/hyslrSttus/00112882_2023_11011.json,d471292d13c411aa1140dde038aafce7959d0f13f70fadaa495d6c1d36e55af2,0
교보생명보험,생보,참고,00112882,교보생명보험,2024,11011,사업보고서,IFRS17,"34,627,370",33.78,E,"보고서 사업연도 >= 2023 이면 IFRS17, 아니면 IFRS4",신창재,최대주주 본인,-,2024-12-31,보통주,"34,627,370",33.78,api,hyslrSttus,"{""bsns_year"": ""2024"", ""corp_code"": ""00112882"", ""reprt_code"": ""11011""}",20250515002959,api_row,2026-09-11T10:57:55+09:00,000,run_20260911_103248_0420,raw/hyslrSttus/00112882_2024_11011.json,afac228f7aa69b7ac8959d3227a93987762b3b485df1a43bd346100a37ca0d0c,0
교보생명보험,생보,참고,00112882,교보생명보험,2024,11011,사업보고서,IFRS17,"1,450,010",1.41,E,"보고서 사업연도 >= 2023 이면 IFRS17, 아니면 IFRS4",신경애,최대주주의 혈족,-,2024-12-31,보통주,"1,450,010",1.41,api,hyslrSttus,"{""bsns_year"": ""2024"", ""corp_code"": ""00112882"", ""reprt_code"": ""11011""}",20250515002959,api_row,2026-09-11T10:57:55+09:00,000,run_20260911_103248_0420,raw/hyslrSttus/00112882_2024_11011.json,afac228f7aa69b7ac8959d3227a93987762b3b485df1a43bd346100a37ca0d0c,0
교보생명보험,생보,참고,00112882,교보생명보험,2024,11011,사업보고서,IFRS17,"1,199,960",1.17,E,"보고서 사업연도 >= 2023 이면 IFRS17, 아니면 IFRS4",신영애,최대주주의 혈족,-,2024-12-31,보통주,"1,199,960",1.17,api,hyslrSttus,"{""bsns_year"": ""2024"", ""corp_code"": ""00112882"", ""reprt_code"": ""11011""}",20250515002959,api_row,2026-09-11T10:57:55+09:00,000,run_20260911_103248_0420,raw/hyslrSttus/00112882_2024_11011.json,afac228f7aa69b7ac8959d3227a93987762b3b485df1a43bd346100a37ca0d0c,0
교보생명보험,생보,참고,00112882,교보생명보험,2024,11011,사업보고서,IFRS17,"37,277,340",36.37,E,"보고서 사업연도 >= 2023 이면 IFRS17, 아니면 IFRS4",계,,-,2024-12-31,보통주,"37,277,340",36.37,api,hyslrSttus,"{""bsns_year"": ""2024"", ""corp_code"": ""00112882"", ""reprt_code"": ""11011""}",20250515002959,api_row,2026-09-11T10:57:55+09:00,000,run_20260911_103248_0420,raw/hyslrSttus/00112882_2024_11011.json,afac228f7aa69b7ac8959d3227a93987762b3b485df1a43bd346100a37ca0d0c,0
교보생명보험,생보,참고,00112882,교보생명보험,2024,11011,사업보고서,IFRS17,0,0.00,E,"보고서 사업연도 >= 2023 이면 IFRS17, 아니면 IFRS4",계,,-,2024-12-31,우선주,0,0.00,api,hyslrSttus,"{""bsns_year"": ""2024"", ""corp_code"": ""00112882"", ""reprt_code"": ""11011""}",20250515002959,api_row,2026-09-11T10:57:55+09:00,000,run_20260911_103248_0420,raw/hyslrSttus/00112882_2024_11011.json,afac228f7aa69b7ac8959d3227a93987762b3b485df1a43bd346100a37ca0d0c,0
교보생명보험,생보,참고,00112882,교보생명보험,2025,11011,사업보고서,IFRS17,"34,627,370",33.78,E,"보고서 사업연도 >= 2023 이면 IFRS17, 아니면 IFRS4",신창재,최대주주 본인,장기성과급 지급,2025-12-31,보통주,"34,628,997",33.78,api,hyslrSttus,"{""bsns_year"": ""2025"", ""corp_code"": ""00112882"", ""reprt_code"": ""11011""}",20260813001068,api_row,2026-09-11T10:58:38+09:00,000,run_20260911_103248_0429,raw/hyslrSttus/00112882_2025_11011.json,8c4df8ff3478dcd3f7e75f96143f4bef829155d759898616f965ed2a3ddb76bb,0
교보생명보험,생보,참고,00112882,교보생명보험,2025,11011,사업보고서,IFRS17,"1,199,960",1.17,E,"보고서 사업연도 >= 2023 이면 IFRS17, 아니면 IFRS4",신영애,최대주주 혈족,-,2025-12-31,보통주,"1,199,960",1.17,api,hyslrSttus,"{""bsns_year"": ""2025"", ""corp_code"": ""00112882"", ""reprt_code"": ""11011""}",20260813001068,api_row,2026-09-11T10:58:38+09:00,000,run_20260911_103248_0429,raw/hyslrSttus/00112882_2025_11011.json,8c4df8ff3478dcd3f7e75f96143f4bef829155d759898616f965ed2a3ddb76bb,0
교보생명보험,생보,참고,00112882,교보생명보험,2025,11011,사업보고서,IFRS17,0,0.00,E,"보고서 사업연도 >= 2023 이면 IFRS17, 아니면 IFRS4",조대규,특수관계인(계열회사 임원),장기성과급 지급,2025-12-31,보통주,"1,264",0.00,api,hyslrSttus,"{""bsns_year"": ""2025"", ""corp_code"": ""00112882"", ""reprt_code"": ""11011""}",20260813001068,api_row,2026-09-11T10:58:38+09:00,000,run_20260911_103248_0429,raw/hyslrSttus/00112882_2025_11011.json,8c4df8ff3478dcd3f7e75f96143f4bef829155d759898616f965ed2a3ddb76bb,0
교보생명보험,생보,참고,00112882,교보생명보험,2025,11011,사업보고서,IFRS17,0,0.00,E,"보고서 사업연도 >= 2023 이면 IFRS17, 아니면 IFRS4",박진호,특수관계인(비영리법인 임원),장기성과급 지급,2025-12-31,보통주,"1,595",0.00,api,hyslrSttus,"{""bsns_year"": ""2025"", ""corp_code"": ""00112882"", ""reprt_code"": ""11011""}",20260813001068,api_row,2026-09-11T10:58:38+09:00,000,run_20260911_103248_0429,raw/hyslrSttus/00112882_2025_11011.json,8c4df8ff3478dcd3f7e75f96143f4bef829155d759898616f965ed2a3ddb76bb,0
교보생명보험,생보,참고,00112882,교보생명보험,2025,11011,사업보고서,IFRS17,"35,827,330",34.95,E,"보고서 사업연도 >= 2023 이면 IFRS17, 아니면 IFRS4",계,,-,2025-12-31,보통주,"35,831,816",34.96,api,hyslrSttus,"{""bsns_year"": ""2025"", ""corp_code"": ""00112882"", ""reprt_code"": ""11011""}",20260813001068,api_row,2026-09-11T10:58:38+09:00,000,run_20260911_103248_0429,raw/hyslrSttus/00112882_2025_11011.json,8c4df8ff3478dcd3f7e75f96143f4bef829155d759898616f965ed2a3ddb76bb,0
교보생명보험,생보,참고,00112882,교보생명보험,2025,11011,사업보고서,IFRS17,0,0.00,E,"보고서 사업연도 >= 2023 이면 IFRS17, 아니면 IFRS4",계,,-,2025-12-31,우선주,0,0.00,api,hyslrSttus,"{""bsns_year"": ""2025"", ""corp_code"": ""00112882"", ""reprt_code"": ""11011""}",20260813001068,api_row,2026-09-11T10:58:38+09:00,000,run_20260911_103248_0429,raw/hyslrSttus/00112882_2025_11011.json,8c4df8ff3478dcd3f7e75f96143f4bef829155d759898616f965ed2a3ddb76bb,0
교보생명보험,생보,참고,00112882,교보생명보험,2025,11012,반기보고서,IFRS17,"34,627,370",33.78,E,"보고서 사업연도 >= 2023 이면 IFRS17, 아니면 IFRS4",신창재,최대주주 본인,장기성과급 지급,2025-06-30,보통주,"34,628,997",33.78,api,hyslrSttus,"{""bsns_year"": ""2025"", ""corp_code"": ""00112882"", ""reprt_code"": ""11012""}",20250829000755,api_row,2026-09-11T10:59:21+09:00,000,run_20260911_103248_0438,raw/hyslrSttus/00112882_2025_11012.json,125e407961bf9038c7ed0b4cc962a6816e450dd975aa8a63f66134ccd087878e,0
교보생명보험,생보,참고,00112882,교보생명보험,2025,11012,반기보고서,IFRS17,"1,199,960",1.17,E,"보고서 사업연도 >= 2023 이면 IFRS17, 아니면 IFRS4",신영애,최대주주 혈족,-,2025-06-30,보통주,"1,199,960",1.17,api,hyslrSttus,"{""bsns_year"": ""2025"", ""corp_code"": ""00112882"", ""reprt_code"": ""11012""}",20250829000755,api_row,2026-09-11T10:59:21+09:00,000,run_20260911_103248_0438,raw/hyslrSttus/00112882_2025_11012.json,125e407961bf9038c7ed0b4cc962a6816e450dd975aa8a63f66134ccd087878e,0
교보생명보험,생보,참고,00112882,교보생명보험,2025,11012,반기보고서,IFRS17,0,0.00,E,"보고서 사업연도 >= 2023 이면 IFRS17, 아니면 IFRS4",조대규,특수관계인(계열회사 임원),장기성과급 지급,2025-06-30,보통주,"1,264",0.00,api,hyslrSttus,"{""bsns_year"": ""2025"", ""corp_code"": ""00112882"", ""reprt_code"": ""11012""}",20250829000755,api_row,2026-09-11T10:59:21+09:00,000,run_20260911_103248_0438,raw/hyslrSttus/00112882_2025_11012.json,125e407961bf9038c7ed0b4cc962a6816e450dd975aa8a63f66134ccd087878e,0
교보생명보험,생보,참고,00112882,교보생명보험,2025,11012,반기보고서,IFRS17,0,0.00,E,"보고서 사업연도 >= 2023 이면 IFRS17, 아니면 IFRS4",박진호,특수관계인(비영리법인 임원),장기성과급 지급,2025-06-30,보통주,"1,595",0.00,api,hyslrSttus,"{""bsns_year"": ""2025"", ""corp_code"": ""00112882"", ""reprt_code"": ""11012""}",20250829000755,api_row,2026-09-11T10:59:21+09:00,000,run_20260911_103248_0438,raw/hyslrSttus/00112882_2025_11012.json,125e407961bf9038c7ed0b4cc962a6816e450dd975aa8a63f66134ccd087878e,0
교보생명보험,생보,참고,00112882,교보생명보험,2025,11012,반기보고서,IFRS17,"35,827,330",34.95,E,"보고서 사업연도 >= 2023 이면 IFRS17, 아니면 IFRS4",계,,-,2025-06-30,보통주,"35,831,816",34.96,api,hyslrSttus,"{""bsns_year"": ""2025"", ""corp_code"": ""00112882"", ""reprt_code"": ""11012""}",20250829000755,api_row,2026-09-11T10:59:21+09:00,000,run_20260911_103248_0438,raw/hyslrSttus/00112882_2025_11012.json,125e407961bf9038c7ed0b4cc962a6816e450dd975aa8a63f66134ccd087878e,0
교보생명보험,생보,참고,00112882,교보생명보험,2025,11012,반기보고서,IFRS17,0,0.00,E,"보고서 사업연도 >= 2023 이면 IFRS17, 아니면 IFRS4",계,,-,2025-06-30,우선주,0,0.00,api,hyslrSttus,"{""bsns_year"": ""2025"", ""corp_code"": ""00112882"", ""reprt_code"": ""11012""}",20250829000755,api_row,2026-09-11T10:59:21+09:00,000,run_20260911_103248_0438,raw/hyslrSttus/00112882_2025_11012.json,125e407961bf9038c7ed0b4cc962a6816e450dd975aa8a63f66134ccd087878e,0
교보생명보험,생보,참고,00112882,교보생명보험,2026,11012,반기보고서,IFRS17,"34,628,997",33.78,E,"보고서 사업연도 >= 2023 이면 IFRS17, 아니면 IFRS4",신창재,최대주주 본인,장기성과급 지급,2026-06-30,보통주,"34,632,547",33.79,api,hyslrSttus,"{""bsns_year"": ""2026"", ""corp_code"": ""00112882"", ""reprt_code"": ""11012""}",20260831000917,api_row,2026-09-11T10:59:58+09:00,000,run_20260911_103248_0447,raw/hyslrSttus/00112882_2026_11012.json,b1f5e6a821df2ee41e3dcfdaf443e272d96e4585e553f646bfb5c7949d45c3d6,0
교보생명보험,생보,참고,00112882,교보생명보험,2026,11012,반기보고서,IFRS17,"1,199,960",1.17,E,"보고서 사업연도 >= 2023 이면 IFRS17, 아니면 IFRS4",신영애,최대주주 혈족,-,2026-06-30,보통주,"1,199,960",1.17,api,hyslrSttus,"{""bsns_year"": ""2026"", ""corp_code"": ""00112882"", ""reprt_code"": ""11012""}",20260831000917,api_row,2026-09-11T10:59:58+09:00,000,run_20260911_103248_0447,raw/hyslrSttus/00112882_2026_11012.json,b1f5e6a821df2ee41e3dcfdaf443e272d96e4585e553f646bfb5c7949d45c3d6,0
교보생명보험,생보,참고,00112882,교보생명보험,2026,11012,반기보고서,IFRS17,"1,264",0.00,E,"보고서 사업연도 >= 2023 이면 IFRS17, 아니면 IFRS4",조대규,특수관계인(계열회사 임원),장기성과급 지급,2026-06-30,보통주,"4,021",0.00,api,hyslrSttus,"{""bsns_year"": ""2026"", ""corp_code"": ""00112882"", ""reprt_code"": ""11012""}",20260831000917,api_row,2026-09-11T10:59:58+09:00,000,run_20260911_103248_0447,raw/hyslrSttus/00112882_2026_11012.json,b1f5e6a821df2ee41e3dcfdaf443e272d96e4585e553f646bfb5c7949d45c3d6,0
교보생명보험,생보,참고,00112882,교보생명보험,2026,11012,반기보고서,IFRS17,"1,595",0.00,E,"보고서 사업연도 >= 2023 이면 IFRS17, 아니면 IFRS4",박진호,특수관계인(비영리법인 임원),장기성과급 지급,2026-06-30,보통주,"5,272",0.01,api,hyslrSttus,"{""bsns_year"": ""2026"", ""corp_code"": ""00112882"", ""reprt_code"": ""11012""}",20260831000917,api_row,2026-09-11T10:59:58+09:00,000,run_20260911_103248_0447,raw/hyslrSttus/00112882_2026_11012.json,b1f5e6a821df2ee41e3dcfdaf443e272d96e4585e553f646bfb5c7949d45c3d6,0
교보생명보험,생보,참고,00112882,교보생명보험,2026,11012,반기보고서,IFRS17,"35,831,816",34.96,E,"보고서 사업연도 >= 2023 이면 IFRS17, 아니면 IFRS4",계,,-,2026-06-30,보통주,"35,841,800",34.97,api,hyslrSttus,"{""bsns_year"": ""2026"", ""corp_code"": ""00112882"", ""reprt_code"": ""11012""}",20260831000917,api_row,2026-09-11T10:59:58+09:00,000,run_20260911_103248_0447,raw/hyslrSttus/00112882_2026_11012.json,b1f5e6a821df2ee41e3dcfdaf443e272d96e4585e553f646bfb5c7949d45c3d6,0
교보생명보험,생보,참고,00112882,교보생명보험,2026,11012,반기보고서,IFRS17,0,0.00,E,"보고서 사업연도 >= 2023 이면 IFRS17, 아니면 IFRS4",계,,-,2026-06-30,우선주,0,0.00,api,hyslrSttus,"{""bsns_year"": ""2026"", ""corp_code"": ""00112882"", ""reprt_code"": ""11012""}",20260831000917,api_row,2026-09-11T10:59:58+09:00,000,run_20260911_103248_0447,raw/hyslrSttus/00112882_2026_11012.json,b1f5e6a821df2ee41e3dcfdaf443e272d96e4585e553f646bfb5c7949d45c3d6,0
국민은행,기타,전환주체,00386937,국민은행,2021,11011,사업보고서,IFRS4,"404,379,116",100.00,E,"보고서 사업연도 >= 2023 이면 IFRS17, 아니면 IFRS4",KB금융지주,대주주,-,2021-12-31,보통주식,"404,379,116",100.00,api,hyslrSttus,"{""bsns_year"": ""2021"", ""corp_code"": ""00386937"", ""reprt_code"": ""11011""}",20220428000807,api_row,2026-09-11T13:39:09+09:00,000,run_20260911_133722_0035,raw/hyslrSttus/00386937_2021_11011.json,8e1ececfbfd57814fe78096507e3d95a5be7326548a707c329b3b877e1434aa2,0
국민은행,기타,전환주체,00386937,국민은행,2021,11011,사업보고서,IFRS4,"404,379,116",100.00,E,"보고서 사업연도 >= 2023 이면 IFRS17, 아니면 IFRS4",계,,-,2021-12-31,보통주식,"404,379,116",100.00,api,hyslrSttus,"{""bsns_year"": ""2021"", ""corp_code"": ""00386937"", ""reprt_code"": ""11011""}",20220428000807,api_row,2026-09-11T13:39:09+09:00,000,run_20260911_133722_0035,raw/hyslrSttus/00386937_2021_11011.json,8e1ececfbfd57814fe78096507e3d95a5be7326548a707c329b3b877e1434aa2,0
국민은행,기타,전환주체,00386937,국민은행,2021,11011,사업보고서,IFRS4,-,-,E,"보고서 사업연도 >= 2023 이면 IFRS17, 아니면 IFRS4",계,,-,2021-12-31,종류주식,-,-,api,hyslrSttus,"{""bsns_year"": ""2021"", ""corp_code"": ""00386937"", ""reprt_code"": ""11011""}",20220428000807,api_row,2026-09-11T13:39:09+09:00,000,run_20260911_133722_0035,raw/hyslrSttus/00386937_2021_11011.json,8e1ececfbfd57814fe78096507e3d95a5be7326548a707c329b3b877e1434aa2,0
국민은행,기타,전환주체,00386937,국민은행,2022,11011,사업보고서,IFRS4,"404,379,116",100.00,E,"보고서 사업연도 >= 2023 이면 IFRS17, 아니면 IFRS4",KB금융지주,대주주,-,2022-12-31,보통주식,"404,379,116",100.00,api,hyslrSttus,"{""bsns_year"": ""2022"", ""corp_code"": ""00386937"", ""reprt_code"": ""11011""}",20230316001101,api_row,2026-09-11T13:39:40+09:00,000,run_20260911_133722_0044,raw/hyslrSttus/00386937_2022_11011.json,ad8f587ffdda65d3bf7e8424da9d5109d0346c3a61bd8f10107c8b3c33f79280,0
국민은행,기타,전환주체,00386937,국민은행,2022,11011,사업보고서,IFRS4,"404,379,116",100.00,E,"보고서 사업연도 >= 2023 이면 IFRS17, 아니면 IFRS4",계,,-,2022-12-31,보통주식,"404,379,116",100.00,api,hyslrSttus,"{""bsns_year"": ""2022"", ""corp_code"": ""00386937"", ""reprt_code"": ""11011""}",20230316001101,api_row,2026-09-11T13:39:40+09:00,000,run_20260911_133722_0044,raw/hyslrSttus/00386937_2022_11011.json,ad8f587ffdda65d3bf7e8424da9d5109d0346c3a61bd8f10107c8b3c33f79280,0
국민은행,기타,전환주체,00386937,국민은행,2022,11011,사업보고서,IFRS4,-,-,E,"보고서 사업연도 >= 2023 이면 IFRS17, 아니면 IFRS4",계,,-,2022-12-31,종류주식,-,-,api,hyslrSttus,"{""bsns_year"": ""2022"", ""corp_code"": ""00386937"", ""reprt_code"": ""11011""}",20230316001101,api_row,2026-09-11T13:39:40+09:00,000,run_20260911_133722_0044,raw/hyslrSttus/00386937_2022_11011.json,ad8f587ffdda65d3bf7e8424da9d5109d0346c3a61bd8f10107c8b3c33f79280,0
국민은행,기타,전환주체,00386937,국민은행,2023,11011,사업보고서,IFRS17,"404,379,116",100.00,E,"보고서 사업연도 >= 2023 이면 IFRS17, 아니면 IFRS4",KB금융지주,대주주,-,2023-12-31,보통주식,"404,379,116",100.00,api,hyslrSttus,"{""bsns_year"": ""2023"", ""corp_code"": ""00386937"", ""reprt_code"": ""11011""}",20240814004195,api_row,2026-09-11T13:40:13+09:00,000,run_20260911_133722_0053,raw/hyslrSttus/00386937_2023_11011.json,6a47eb3ac0baf3192d88049c48cdfc9604c4b1c64a8cfb2bb1f9d39e7005c892,0
국민은행,기타,전환주체,00386937,국민은행,2023,11011,사업보고서,IFRS17,"404,379,116",100.00,E,"보고서 사업연도 >= 2023 이면 IFRS17, 아니면 IFRS4",계,,-,2023-12-31,보통주식,"404,379,116",100.00,api,hyslrSttus,"{""bsns_year"": ""2023"", ""corp_code"": ""00386937"", ""reprt_code"": ""11011""}",20240814004195,api_row,2026-09-11T13:40:13+09:00,000,run_20260911_133722_0053,raw/hyslrSttus/00386937_2023_11011.json,6a47eb3ac0baf3192d88049c48cdfc9604c4b1c64a8cfb2bb1f9d39e7005c892,0
국민은행,기타,전환주체,00386937,국민은행,2023,11011,사업보고서,IFRS17,-,-,E,"보고서 사업연도 >= 2023 이면 IFRS17, 아니면 IFRS4",계,,-,2023-12-31,종류주식,-,-,api,hyslrSttus,"{""bsns_year"": ""2023"", ""corp_code"": ""00386937"", ""reprt_code"": ""11011""}",20240814004195,api_row,2026-09-11T13:40:13+09:00,000,run_20260911_133722_0053,raw/hyslrSttus/00386937_2023_11011.json,6a47eb3ac0baf3192d88049c48cdfc9604c4b1c64a8cfb2bb1f9d39e7005c892,0
국민은행,기타,전환주체,00386937,국민은행,2024,11011,사업보고서,IFRS17,"404,379,116",100.00,E,"보고서 사업연도 >= 2023 이면 IFRS17, 아니면 IFRS4",KB금융지주,대주주,-,2024-12-31,보통주식,"404,379,116",100.00,api,hyslrSttus,"{""bsns_year"": ""2024"", ""corp_code"": ""00386937"", ""reprt_code"": ""11011""}",20250314001552,api_row,2026-09-11T13:41:01+09:00,000,run_20260911_133722_0062,raw/hyslrSttus/00386937_2024_11011.json,983fdd356bc1da5a3da9cdead932b68578221374937fcf09582d533377bbba59,0
국민은행,기타,전환주체,00386937,국민은행,2024,11011,사업보고서,IFRS17,"404,379,116",100.00,E,"보고서 사업연도 >= 2023 이면 IFRS17, 아니면 IFRS4",계,,-,2024-12-31,보통주식,"404,379,116",100.00,api,hyslrSttus,"{""bsns_year"": ""2024"", ""corp_code"": ""00386937"", ""reprt_code"": ""11011""}",20250314001552,api_row,2026-09-11T13:41:01+09:00,000,run_20260911_133722_0062,raw/hyslrSttus/00386937_2024_11011.json,983fdd356bc1da5a3da9cdead932b68578221374937fcf09582d533377bbba59,0
국민은행,기타,전환주체,00386937,국민은행,2024,11011,사업보고서,IFRS17,-,-,E,"보고서 사업연도 >= 2023 이면 IFRS17, 아니면 IFRS4",계,,-,2024-12-31,종류주식,-,-,api,hyslrSttus,"{""bsns_year"": ""2024"", ""corp_code"": ""00386937"", ""reprt_code"": ""11011""}",20250314001552,api_row,2026-09-11T13:41:01+09:00,000,run_20260911_133722_0062,raw/hyslrSttus/00386937_2024_11011.json,983fdd356bc1da5a3da9cdead932b68578221374937fcf09582d533377bbba59,0
국민은행,기타,전환주체,00386937,국민은행,2025,11011,사업보고서,IFRS17,"404,379,116",100.00,E,"보고서 사업연도 >= 2023 이면 IFRS17, 아니면 IFRS4",KB금융지주,대주주,-,2025-12-31,보통주식,"404,379,116",100.00,api,hyslrSttus,"{""bsns_year"": ""2025"", ""corp_code"": ""00386937"", ""reprt_code"": ""11011""}",20260814002787,api_row,2026-09-11T13:41:49+09:00,000,run_20260911_133722_0071,raw/hyslrSttus/00386937_2025_11011.json,264a2049932c7a685eb5019969e95092895f91fb87f427216cfdb5006ca6f9a1,0
국민은행,기타,전환주체,00386937,국민은행,2025,11011,사업보고서,IFRS17,"404,379,116",100.00,E,"보고서 사업연도 >= 2023 이면 IFRS17, 아니면 IFRS4",계,,-,2025-12-31,보통주식,"404,379,116",100.00,api,hyslrSttus,"{""bsns_year"": ""2025"", ""corp_code"": ""00386937"", ""reprt_code"": ""11011""}",20260814002787,api_row,2026-09-11T13:41:49+09:00,000,run_20260911_133722_0071,raw/hyslrSttus/00386937_2025_11011.json,264a2049932c7a685eb5019969e95092895f91fb87f427216cfdb5006ca6f9a1,0
국민은행,기타,전환주체,00386937,국민은행,2025,11011,사업보고서,IFRS17,-,-,E,"보고서 사업연도 >= 2023 이면 IFRS17, 아니면 IFRS4",계,,-,2025-12-31,종류주식,-,-,api,hyslrSttus,"{""bsns_year"": ""2025"", ""corp_code"": ""00386937"", ""reprt_code"": ""11011""}",20260814002787,api_row,2026-09-11T13:41:49+09:00,000,run_20260911_133722_0071,raw/hyslrSttus/00386937_2025_11011.json,264a2049932c7a685eb5019969e95092895f91fb87f427216cfdb5006ca6f9a1,0
국민은행,기타,전환주체,00386937,국민은행,2025,11012,반기보고서,IFRS17,"404,379,116",100.00,E,"보고서 사업연도 >= 2023 이면 IFRS17, 아니면 IFRS4",KB금융지주,대주주,-,2025-06-30,보통주식,"404,379,116",100.00,api,hyslrSttus,"{""bsns_year"": ""2025"", ""corp_code"": ""00386937"", ""reprt_code"": ""11012""}",20250814004269,api_row,2026-09-11T13:42:36+09:00,000,run_20260911_133722_0080,raw/hyslrSttus/00386937_2025_11012.json,f19735a2e3e67d66926787097d5f78b1b1dc9ca2d00c2962cf42a3c2c29413fd,0
국민은행,기타,전환주체,00386937,국민은행,2025,11012,반기보고서,IFRS17,"404,379,116",100.00,E,"보고서 사업연도 >= 2023 이면 IFRS17, 아니면 IFRS4",계,,-,2025-06-30,보통주식,"404,379,116",100.00,api,hyslrSttus,"{""bsns_year"": ""2025"", ""corp_code"": ""00386937"", ""reprt_code"": ""11012""}",20250814004269,api_row,2026-09-11T13:42:36+09:00,000,run_20260911_133722_0080,raw/hyslrSttus/00386937_2025_11012.json,f19735a2e3e67d66926787097d5f78b1b1dc9ca2d00c2962cf42a3c2c29413fd,0
국민은행,기타,전환주체,00386937,국민은행,2025,11012,반기보고서,IFRS17,-,-,E,"보고서 사업연도 >= 2023 이면 IFRS17, 아니면 IFRS4",계,,-,2025-06-30,종류주식,-,-,api,hyslrSttus,"{""bsns_year"": ""2025"", ""corp_code"": ""00386937"", ""reprt_code"": ""11012""}",20250814004269,api_row,2026-09-11T13:42:36+09:00,000,run_20260911_133722_0080,raw/hyslrSttus/00386937_2025_11012.json,f19735a2e3e67d66926787097d5f78b1b1dc9ca2d00c2962cf42a3c2c29413fd,0
국민은행,기타,전환주체,00386937,국민은행,2026,11012,반기보고서,IFRS17,"404,379,116",100.00,E,"보고서 사업연도 >= 2023 이면 IFRS17, 아니면 IFRS4",KB금융지주,대주주,-,2026-06-30,보통주식,"404,379,116",100.00,api,hyslrSttus,"{""bsns_year"": ""2026"", ""corp_code"": ""00386937"", ""reprt_code"": ""11012""}",20260814004191,api_row,2026-09-11T13:43:22+09:00,000,run_20260911_133722_0089,raw/hyslrSttus/00386937_2026_11012.json,5cb8600b5a40782a73995f8be28cebe44c13f07bef72680a8301765a5ccf14d0,0
국민은행,기타,전환주체,00386937,국민은행,2026,11012,반기보고서,IFRS17,"404,379,116",100.00,E,"보고서 사업연도 >= 2023 이면 IFRS17, 아니면 IFRS4",계,,-,2026-06-30,보통주식,"404,379,116",100.00,api,hyslrSttus,"{""bsns_year"": ""2026"", ""corp_code"": ""00386937"", ""reprt_code"": ""11012""}",20260814004191,api_row,2026-09-11T13:43:22+09:00,000,run_20260911_133722_0089,raw/hyslrSttus/00386937_2026_11012.json,5cb8600b5a40782a73995f8be28cebe44c13f07bef72680a8301765a5ccf14d0,0
국민은행,기타,전환주체,00386937,국민은행,2026,11012,반기보고서,IFRS17,-,-,E,"보고서 사업연도 >= 2023 이면 IFRS17, 아니면 IFRS4",계,,-,2026-06-30,종류주식,-,-,api,hyslrSttus,"{""bsns_year"": ""2026"", ""corp_code"": ""00386937"", ""reprt_code"": ""11012""}",20260814004191,api_row,2026-09-11T13:43:22+09:00,000,run_20260911_133722_0089,raw/hyslrSttus/00386937_2026_11012.json,5cb8600b5a40782a73995f8be28cebe44c13f07bef72680a8301765a5ccf14d0,0
동양생명보험,생보,보험자회사,00117267,동양생명보험,2021,11011,사업보고서,IFRS4,"67,779,432",42.00,E,"보고서 사업연도 >= 2023 이면 IFRS17, 아니면 IFRS4","Dajia Life Insurance Co., Ltd.",최대주주 본인,-,2021-12-31,보통주,"67,779,432",42.00,api,hyslrSttus,"{""bsns_year"": ""2021"", ""corp_code"": ""00117267"", ""reprt_code"": ""11011""}",20220323001093,api_row,2026-08-31T15:50:31+09:00,000,run_20260831_152517_0673,raw/hyslrSttus/00117267_2021_11011.json,986dfde3fdf84526465985c11fd9a8f9aa678a58df1cf509b9de0ec7032b2749,11
동양생명보험,생보,보험자회사,00117267,동양생명보험,2021,11011,사업보고서,IFRS4,"53,786,195",33.30,E,"보고서 사업연도 >= 2023 이면 IFRS17, 아니면 IFRS4",Anbang Group Holdings Co. Limited,대주주,-,2021-12-31,보통주,"53,786,195",33.30,api,hyslrSttus,"{""bsns_year"": ""2021"", ""corp_code"": ""00117267"", ""reprt_code"": ""11011""}",20220323001093,api_row,2026-08-31T15:50:31+09:00,000,run_20260831_152517_0673,raw/hyslrSttus/00117267_2021_11011.json,986dfde3fdf84526465985c11fd9a8f9aa678a58df1cf509b9de0ec7032b2749,11
동양생명보험,생보,보험자회사,00117267,동양생명보험,2021,11011,사업보고서,IFRS4,"42,193",0.00,E,"보고서 사업연도 >= 2023 이면 IFRS17, 아니면 IFRS4","Luo, Jian Rong",당사 임원,-,2021-12-31,보통주,"42,193",0.00,api,hyslrSttus,"{""bsns_year"": ""2021"", ""corp_code"": ""00117267"", ""reprt_code"": ""11011""}",20220323001093,api_row,2026-08-31T15:50:31+09:00,000,run_20260831_152517_0673,raw/hyslrSttus/00117267_2021_11011.json,986dfde3fdf84526465985c11fd9a8f9aa678a58df1cf509b9de0ec7032b2749,11
동양생명보험,생보,보험자회사,00117267,동양생명보험,2021,11011,사업보고서,IFRS4,"6,000",0.00,E,"보고서 사업연도 >= 2023 이면 IFRS17, 아니면 IFRS4","Jin, Xuefeng ",당사 임원,-,2021-12-31,보통주,"6,000",0.00,api,hyslrSttus,"{""bsns_year"": ""2021"", ""corp_code"": ""00117267"", ""reprt_code"": ""11011""}",20220323001093,api_row,2026-08-31T15:50:31+09:00,000,run_20260831_152517_0673,raw/hyslrSttus/00117267_2021_11011.json,986dfde3fdf84526465985c11fd9a8f9aa678a58df1cf509b9de0ec7032b2749,11
동양생명보험,생보,보험자회사,00117267,동양생명보험,2021,11011,사업보고서,IFRS4,0,0.00,E,"보고서 사업연도 >= 2023 이면 IFRS17, 아니면 IFRS4",유재웅,계열사 임원,임원 선임,2021-12-31,보통주,"10,000",0.00,api,hyslrSttus,"{""bsns_year"": ""2021"", ""corp_code"": ""00117267"", ""reprt_code"": ""11011""}",20220323001093,api_row,2026-08-31T15:50:31+09:00,000,run_20260831_152517_0673,raw/hyslrSttus/00117267_2021_11011.json,986dfde3fdf84526465985c11fd9a8f9aa678a58df1cf509b9de0ec7032b2749,11
동양생명보험,생보,보험자회사,00117267,동양생명보험,2021,11011,사업보고서,IFRS4,"121,613,820",75.40,E,"보고서 사업연도 >= 2023 이면 IFRS17, 아니면 IFRS4",계,,-,2021-12-31,보통주,"121,623,820",75.40,api,hyslrSttus,"{""bsns_year"": ""2021"", ""corp_code"": ""00117267"", ""reprt_code"": ""11011""}",20220323001093,api_row,2026-08-31T15:50:31+09:00,000,run_20260831_152517_0673,raw/hyslrSttus/00117267_2021_11011.json,986dfde3fdf84526465985c11fd9a8f9aa678a58df1cf509b9de0ec7032b2749,11
동양생명보험,생보,보험자회사,00117267,동양생명보험,2021,11011,사업보고서,IFRS4,-,-,E,"보고서 사업연도 >= 2023 이면 IFRS17, 아니면 IFRS4",계,,-,2021-12-31,-,-,-,api,hyslrSttus,"{""bsns_year"": ""2021"", ""corp_code"": ""00117267"", ""reprt_code"": ""11011""}",20220323001093,api_row,2026-08-31T15:50:31+09:00,000,run_20260831_152517_0673,raw/hyslrSttus/00117267_2021_11011.json,986dfde3fdf84526465985c11fd9a8f9aa678a58df1cf509b9de0ec7032b2749,11
동양생명보험,생보,보험자회사,00117267,동양생명보험,2022,11011,사업보고서,IFRS4,"67,779,432",42.00,E,"보고서 사업연도 >= 2023 이면 IFRS17, 아니면 IFRS4","Dajia Life Insurance Co., Ltd.",최대주주 본인,-,2022-12-31,보통주,"67,779,432",42.00,api,hyslrSttus,"{""bsns_year"": ""2022"", ""corp_code"": ""00117267"", ""reprt_code"": ""11011""}",20230322001102,api_row,2026-08-31T15:50:46+09:00,000,run_20260831_152517_0682,raw/hyslrSttus/00117267_2022_11011.json,c5d5e5149d4ad26503b8d096c2e44174daf35b4f94a47554babed157f5d8e8df,11
동양생명보험,생보,보험자회사,00117267,동양생명보험,2022,11011,사업보고서,IFRS4,"53,786,195",33.30,E,"보고서 사업연도 >= 2023 이면 IFRS17, 아니면 IFRS4",Anbang Group Holdings Co. Limited,대주주,-,2022-12-31,보통주,"53,786,195",33.30,api,hyslrSttus,"{""bsns_year"": ""2022"", ""corp_code"": ""00117267"", ""reprt_code"": ""11011""}",20230322001102,api_row,2026-08-31T15:50:46+09:00,000,run_20260831_152517_0682,raw/hyslrSttus/00117267_2022_11011.json,c5d5e5149d4ad26503b8d096c2e44174daf35b4f94a47554babed157f5d8e8df,11
동양생명보험,생보,보험자회사,00117267,동양생명보험,2022,11011,사업보고서,IFRS4,"6,000",0.00,E,"보고서 사업연도 >= 2023 이면 IFRS17, 아니면 IFRS4","Jin, Xuefeng ",당사 임원,-,2022-12-31,보통주,"6,000",0.00,api,hyslrSttus,"{""bsns_year"": ""2022"", ""corp_code"": ""00117267"", ""reprt_code"": ""11011""}",20230322001102,api_row,2026-08-31T15:50:46+09:00,000,run_20260831_152517_0682,raw/hyslrSttus/00117267_2022_11011.json,c5d5e5149d4ad26503b8d096c2e44174daf35b4f94a47554babed157f5d8e8df,11
동양생명보험,생보,보험자회사,00117267,동양생명보험,2022,11011,사업보고서,IFRS4,"10,000",0.00,E,"보고서 사업연도 >= 2023 이면 IFRS17, 아니면 IFRS4",유재웅,계열사 임원,-,2022-12-31,보통주,"10,000",0.00,api,hyslrSttus,"{""bsns_year"": ""2022"", ""corp_code"": ""00117267"", ""reprt_code"": ""11011""}",20230322001102,api_row,2026-08-31T15:50:46+09:00,000,run_20260831_152517_0682,raw/hyslrSttus/00117267_2022_11011.json,c5d5e5149d4ad26503b8d096c2e44174daf35b4f94a47554babed157f5d8e8df,11
동양생명보험,생보,보험자회사,00117267,동양생명보험,2022,11011,사업보고서,IFRS4,"121,571,627",75.30,E,"보고서 사업연도 >= 2023 이면 IFRS17, 아니면 IFRS4",계,,-,2022-12-31,보통주,"121,571,627",75.30,api,hyslrSttus,"{""bsns_year"": ""2022"", ""corp_code"": ""00117267"", ""reprt_code"": ""11011""}",20230322001102,api_row,2026-08-31T15:50:46+09:00,000,run_20260831_152517_0682,raw/hyslrSttus/00117267_2022_11011.json,c5d5e5149d4ad26503b8d096c2e44174daf35b4f94a47554babed157f5d8e8df,11
동양생명보험,생보,보험자회사,00117267,동양생명보험,2022,11011,사업보고서,IFRS4,-,-,E,"보고서 사업연도 >= 2023 이면 IFRS17, 아니면 IFRS4",계,,-,2022-12-31,-,-,-,api,hyslrSttus,"{""bsns_year"": ""2022"", ""corp_code"": ""00117267"", ""reprt_code"": ""11011""}",20230322001102,api_row,2026-08-31T15:50:46+09:00,000,run_20260831_152517_0682,raw/hyslrSttus/00117267_2022_11011.json,c5d5e5149d4ad26503b8d096c2e44174daf35b4f94a47554babed157f5d8e8df,11
동양생명보험,생보,보험자회사,00117267,동양생명보험,2023,11011,사업보고서,IFRS17,"67,779,432",42.01,E,"보고서 사업연도 >= 2023 이면 IFRS17, 아니면 IFRS4","Dajia Life Insurance Co., Ltd.",최대주주,-,2023-12-31,보통주,"67,779,432",42.01,api,hyslrSttus,"{""bsns_year"": ""2023"", ""corp_code"": ""00117267"", ""reprt_code"": ""11011""}",20240430000184,api_row,2026-08-31T15:51:00+09:00,000,run_20260831_152517_0691,raw/hyslrSttus/00117267_2023_11011.json,fdbbd2ab036e86782621adfd534d06666c102c5514ee48b34d406eabee94b854,11
동양생명보험,생보,보험자회사,00117267,동양생명보험,2023,11011,사업보고서,IFRS17,"53,786,195",33.33,E,"보고서 사업연도 >= 2023 이면 IFRS17, 아니면 IFRS4",Anbang Group Holdings Co. Limited,대주주,-,2023-12-31,보통주,"53,786,195",33.33,api,hyslrSttus,"{""bsns_year"": ""2023"", ""corp_code"": ""00117267"", ""reprt_code"": ""11011""}",20240430000184,api_row,2026-08-31T15:51:00+09:00,000,run_20260831_152517_0691,raw/hyslrSttus/00117267_2023_11011.json,fdbbd2ab036e86782621adfd534d06666c102c5514ee48b34d406eabee94b854,11
동양생명보험,생보,보험자회사,00117267,동양생명보험,2023,11011,사업보고서,IFRS17,0,0.00,E,"보고서 사업연도 >= 2023 이면 IFRS17, 아니면 IFRS4","저우궈단(Jou, Gwo-Duan)",당사 임원,장내매수,2023-12-31,보통주,"55,000",0.03,api,hyslrSttus,"{""bsns_year"": ""2023"", ""corp_code"": ""00117267"", ""reprt_code"": ""11011""}",20240430000184,api_row,2026-08-31T15:51:00+09:00,000,run_20260831_152517_0691,raw/hyslrSttus/00117267_2023_11011.json,fdbbd2ab036e86782621adfd534d06666c102c5514ee48b34d406eabee94b854,11
동양생명보험,생보,보험자회사,00117267,동양생명보험,2023,11011,사업보고서,IFRS17,"6,000",0.00,E,"보고서 사업연도 >= 2023 이면 IFRS17, 아니면 IFRS4","진슈펭(Jin, Xuefeng)",당사 임원,"성과보수, 장내매수",2023-12-31,보통주,"25,848",0.01,api,hyslrSttus,"{""bsns_year"": ""2023"", ""corp_code"": ""00117267"", ""reprt_code"": ""11011""}",20240430000184,api_row,2026-08-31T15:51:00+09:00,000,run_20260831_152517_0691,raw/hyslrSttus/00117267_2023_11011.json,fdbbd2ab036e86782621adfd534d06666c102c5514ee48b34d406eabee94b854,11
동양생명보험,생보,보험자회사,00117267,동양생명보험,2023,11011,사업보고서,IFRS17,"10,000",0.01,E,"보고서 사업연도 >= 2023 이면 IFRS17, 아니면 IFRS4",유재웅,계열사 임원,-,2023-12-31,보통주,"10,000",0.01,api,hyslrSttus,"{""bsns_year"": ""2023"", ""corp_code"": ""00117267"", ""reprt_code"": ""11011""}",20240430000184,api_row,2026-08-31T15:51:00+09:00,000,run_20260831_152517_0691,raw/hyslrSttus/00117267_2023_11011.json,fdbbd2ab036e86782621adfd534d06666c102c5514ee48b34d406eabee94b854,11
동양생명보험,생보,보험자회사,00117267,동양생명보험,2023,11011,사업보고서,IFRS17,"121,581,627",75.35,E,"보고서 사업연도 >= 2023 이면 IFRS17, 아니면 IFRS4",계,,-,2023-12-31,보통주,"121,656,475",75.40,api,hyslrSttus,"{""bsns_year"": ""2023"", ""corp_code"": ""00117267"", ""reprt_code"": ""11011""}",20240430000184,api_row,2026-08-31T15:51:00+09:00,000,run_20260831_152517_0691,raw/hyslrSttus/00117267_2023_11011.json,fdbbd2ab036e86782621adfd534d06666c102c5514ee48b34d406eabee94b854,11
동양생명보험,생보,보험자회사,00117267,동양생명보험,2023,11011,사업보고서,IFRS17,-,-,E,"보고서 사업연도 >= 2023 이면 IFRS17, 아니면 IFRS4",계,,-,2023-12-31,-,-,-,api,hyslrSttus,"{""bsns_year"": ""2023"", ""corp_code"": ""00117267"", ""reprt_code"": ""11011""}",20240430000184,api_row,2026-08-31T15:51:00+09:00,000,run_20260831_152517_0691,raw/hyslrSttus/00117267_2023_11011.json,fdbbd2ab036e86782621adfd534d06666c102c5514ee48b34d406eabee94b854,11
동양생명보험,생보,보험자회사,00117267,동양생명보험,2024,11011,사업보고서,IFRS17,"67,779,432",42.01,E,"보고서 사업연도 >= 2023 이면 IFRS17, 아니면 IFRS4"," Daija Life Insurance Co., Ltd.",최대주주,-,2024-12-31,보통주,"67,779,432",42.01,api,hyslrSttus,"{""bsns_year"": ""2024"", ""corp_code"": ""00117267"", ""reprt_code"": ""11011""}",20250331000321,api_row,2026-08-31T15:51:28+09:00,000,run_20260831_152517_0700,raw/hyslrSttus/00117267_2024_11011.json,b3d5f124938b1569f0c647c950c4741c74493b5da8fbedca627e76c71c4ce188,11
동양생명보험,생보,보험자회사,00117267,동양생명보험,2024,11011,사업보고서,IFRS17,"53,786,195",33.33,E,"보고서 사업연도 >= 2023 이면 IFRS17, 아니면 IFRS4",Anbang Group Holdings Co.Limited,대주주,-,2024-12-31,보통주,"53,786,195",33.33,api,hyslrSttus,"{""bsns_year"": ""2024"", ""corp_code"": ""00117267"", ""reprt_code"": ""11011""}",20250331000321,api_row,2026-08-31T15:51:28+09:00,000,run_20260831_152517_0700,raw/hyslrSttus/00117267_2024_11011.json,b3d5f124938b1569f0c647c950c4741c74493b5da8fbedca627e76c71c4ce188,11
동양생명보험,생보,보험자회사,00117267,동양생명보험,2024,11011,사업보고서,IFRS17,0,0.00,E,"보고서 사업연도 >= 2023 이면 IFRS17, 아니면 IFRS4",이문구,당사임원,   임원 선임 (24.02.29),2024-12-31,보통주,"8,806",0.01,api,hyslrSttus,"{""bsns_year"": ""2024"", ""corp_code"": ""00117267"", ""reprt_code"": ""11011""}",20250331000321,api_row,2026-08-31T15:51:28+09:00,000,run_20260831_152517_0700,raw/hyslrSttus/00117267_2024_11011.json,b3d5f124938b1569f0c647c950c4741c74493b5da8fbedca627e76c71c4ce188,11
동양생명보험,생보,보험자회사,00117267,동양생명보험,2024,11011,사업보고서,IFRS17,"55,000",0.03,E,"보고서 사업연도 >= 2023 이면 IFRS17, 아니면 IFRS4","저우궈단(Jou, Gwo-Duan) ",당사임원,   임원 퇴임 (24.02.29),2024-12-31,보통주,0,0.00,api,hyslrSttus,"{""bsns_year"": ""2024"", ""corp_code"": ""00117267"", ""reprt_code"": ""11011""}",20250331000321,api_row,2026-08-31T15:51:28+09:00,000,run_20260831_152517_0700,raw/hyslrSttus/00117267_2024_11011.json,b3d5f124938b1569f0c647c950c4741c74493b5da8fbedca627e76c71c4ce188,11
동양생명보험,생보,보험자회사,00117267,동양생명보험,2024,11011,사업보고서,IFRS17,"25,848",0.02,E,"보고서 사업연도 >= 2023 이면 IFRS17, 아니면 IFRS4","진슈펭(Jin, Xuefeng)",당사임원,자사주상여 ,2024-12-31,보통주,"32,317",0.02,api,hyslrSttus,"{""bsns_year"": ""2024"", ""corp_code"": ""00117267"", ""reprt_code"": ""11011""}",20250331000321,api_row,2026-08-31T15:51:28+09:00,000,run_20260831_152517_0700,raw/hyslrSttus/00117267_2024_11011.json,b3d5f124938b1569f0c647c950c4741c74493b5da8fbedca627e76c71c4ce188,11
동양생명보험,생보,보험자회사,00117267,동양생명보험,2024,11011,사업보고서,IFRS17,0,0.00,E,"보고서 사업연도 >= 2023 이면 IFRS17, 아니면 IFRS4",황문경,계열사임원," 자회사 임원, 자사주상여",2024-12-31,보통주,"1,243",0.00,api,hyslrSttus,"{""bsns_year"": ""2024"", ""corp_code"": ""00117267"", ""reprt_code"": ""11011""}",20250331000321,api_row,2026-08-31T15:51:28+09:00,000,run_20260831_152517_0700,raw/hyslrSttus/00117267_2024_11011.json,b3d5f124938b1569f0c647c950c4741c74493b5da8fbedca627e76c71c4ce188,11
동양생명보험,생보,보험자회사,00117267,동양생명보험,2024,11011,사업보고서,IFRS17,"10,000",0.01,E,"보고서 사업연도 >= 2023 이면 IFRS17, 아니면 IFRS4", 유재웅 ,계열사임원,-,2024-12-31,보통주,"10,000",0.01,api,hyslrSttus,"{""bsns_year"": ""2024"", ""corp_code"": ""00117267"", ""reprt_code"": ""11011""}",20250331000321,api_row,2026-08-31T15:51:28+09:00,000,run_20260831_152517_0700,raw/hyslrSttus/00117267_2024_11011.json,b3d5f124938b1569f0c647c950c4741c74493b5da8fbedca627e76c71c4ce188,11
동양생명보험,생보,보험자회사,00117267,동양생명보험,2024,11011,사업보고서,IFRS17,0,0.00,E,"보고서 사업연도 >= 2023 이면 IFRS17, 아니면 IFRS4","시예저치앙(Xie, Zheqiang) ",계열사임원,"계열사 임원, 장내매수",2024-12-31,보통주,"6,666",0.00,api,hyslrSttus,"{""bsns_year"": ""2024"", ""corp_code"": ""00117267"", ""reprt_code"": ""11011""}",20250331000321,api_row,2026-08-31T15:51:28+09:00,000,run_20260831_152517_0700,raw/hyslrSttus/00117267_2024_11011.json,b3d5f124938b1569f0c647c950c4741c74493b5da8fbedca627e76c71c4ce188,11
동양생명보험,생보,보험자회사,00117267,동양생명보험,2024,11011,사업보고서,IFRS17,"121,565,475",75.40,E,"보고서 사업연도 >= 2023 이면 IFRS17, 아니면 IFRS4",계,,-,2024-12-31,보통주,"121,624,659",75.38,api,hyslrSttus,"{""bsns_year"": ""2024"", ""corp_code"": ""00117267"", ""reprt_code"": ""11011""}",20250331000321,api_row,2026-08-31T15:51:28+09:00,000,run_20260831_152517_0700,raw/hyslrSttus/00117267_2024_11011.json,b3d5f124938b1569f0c647c950c4741c74493b5da8fbedca627e76c71c4ce188,11
동양생명보험,생보,보험자회사,00117267,동양생명보험,2024,11011,사업보고서,IFRS17,-,-,E,"보고서 사업연도 >= 2023 이면 IFRS17, 아니면 IFRS4",계,,-,2024-12-31,-,-,-,api,hyslrSttus,"{""bsns_year"": ""2024"", ""corp_code"": ""00117267"", ""reprt_code"": ""11011""}",20250331000321,api_row,2026-08-31T15:51:28+09:00,000,run_20260831_152517_0700,raw/hyslrSttus/00117267_2024_11011.json,b3d5f124938b1569f0c647c950c4741c74493b5da8fbedca627e76c71c4ce188,11
동양생명보험,생보,보험자회사,00117267,동양생명보험,2025,11011,사업보고서,IFRS17,"67,779,432",42.01,E,"보고서 사업연도 >= 2023 이면 IFRS17, 아니면 IFRS4"," Dajia Life Insurance Co., Ltd.",최대주주,주1,2025-12-31,보통주,0,0.00,api,hyslrSttus,"{""bsns_year"": ""2025"", ""corp_code"": ""00117267"", ""reprt_code"": ""11011""}",20260331004234,api_row,2026-08-31T15:51:40+09:00,000,run_20260831_152517_0707,raw/hyslrSttus/00117267_2025_11011.json,2a2bb446feeef5ed118e4e931efc12f9900910d432e4a4d60cb906a384ef35c7,11
동양생명보험,생보,보험자회사,00117267,동양생명보험,2025,11011,사업보고서,IFRS17,"53,786,195",33.33,E,"보고서 사업연도 >= 2023 이면 IFRS17, 아니면 IFRS4",Anbang Group Holdings Co.Limited,대주주,주1,2025-12-31,보통주,0,0.00,api,hyslrSttus,"{""bsns_year"": ""2025"", ""corp_code"": ""00117267"", ""reprt_code"": ""11011""}",20260331004234,api_row,2026-08-31T15:51:40+09:00,000,run_20260831_152517_0707,raw/hyslrSttus/00117267_2025_11011.json,2a2bb446feeef5ed118e4e931efc12f9900910d432e4a4d60cb906a384ef35c7,11
동양생명보험,생보,보험자회사,00117267,동양생명보험,2025,11011,사업보고서,IFRS17,"8,806",0.01,E,"보고서 사업연도 >= 2023 이면 IFRS17, 아니면 IFRS4",이문구,당사임원,임원퇴임,2025-12-31,보통주,0,0.00,api,hyslrSttus,"{""bsns_year"": ""2025"", ""corp_code"": ""00117267"", ""reprt_code"": ""11011""}",20260331004234,api_row,2026-08-31T15:51:40+09:00,000,run_20260831_152517_0707,raw/hyslrSttus/00117267_2025_11011.json,2a2bb446feeef5ed118e4e931efc12f9900910d432e4a4d60cb906a384ef35c7,11
동양생명보험,생보,보험자회사,00117267,동양생명보험,2025,11011,사업보고서,IFRS17,"6,666",0.00,E,"보고서 사업연도 >= 2023 이면 IFRS17, 아니면 IFRS4","시예저치앙(Xie, Zheqiang) ",계열사임원,임원퇴임,2025-12-31,보통주,0,0.00,api,hyslrSttus,"{""bsns_year"": ""2025"", ""corp_code"": ""00117267"", ""reprt_code"": ""11011""}",20260331004234,api_row,2026-08-31T15:51:40+09:00,000,run_20260831_152517_0707,raw/hyslrSttus/00117267_2025_11011.json,2a2bb446feeef5ed118e4e931efc12f9900910d432e4a4d60cb906a384ef35c7,11
동양생명보험,생보,보험자회사,00117267,동양생명보험,2025,11011,사업보고서,IFRS17,0,0.00,E,"보고서 사업연도 >= 2023 이면 IFRS17, 아니면 IFRS4",(주)우리금융지주,최대주주,-,2025-12-31,보통주,"121,565,627",75.34,api,hyslrSttus,"{""bsns_year"": ""2025"", ""corp_code"": ""00117267"", ""reprt_code"": ""11011""}",20260331004234,api_row,2026-08-31T15:51:40+09:00,000,run_20260831_152517_0707,raw/hyslrSttus/00117267_2025_11011.json,2a2bb446feeef5ed118e4e931efc12f9900910d432e4a4d60cb906a384ef35c7,11
동양생명보험,생보,보험자회사,00117267,동양생명보험,2025,11011,사업보고서,IFRS17,0,0.00,E,"보고서 사업연도 >= 2023 이면 IFRS17, 아니면 IFRS4",우리자산운용(주),계열사,주2,2025-12-31,보통주,"184,000",0.11,api,hyslrSttus,"{""bsns_year"": ""2025"", ""corp_code"": ""00117267"", ""reprt_code"": ""11011""}",20260331004234,api_row,2026-08-31T15:51:40+09:00,000,run_20260831_152517_0707,raw/hyslrSttus/00117267_2025_11011.json,2a2bb446feeef5ed118e4e931efc12f9900910d432e4a4d60cb906a384ef35c7,11
동양생명보험,생보,보험자회사,00117267,동양생명보험,2025,11011,사업보고서,IFRS17,"1,243",0.00,E,"보고서 사업연도 >= 2023 이면 IFRS17, 아니면 IFRS4",황문경,계열사임원,특수관계 해소,2025-12-31,보통주,0,0.00,api,hyslrSttus,"{""bsns_year"": ""2025"", ""corp_code"": ""00117267"", ""reprt_code"": ""11011""}",20260331004234,api_row,2026-08-31T15:51:40+09:00,000,run_20260831_152517_0707,raw/hyslrSttus/00117267_2025_11011.json,2a2bb446feeef5ed118e4e931efc12f9900910d432e4a4d60cb906a384ef35c7,11
동양생명보험,생보,보험자회사,00117267,동양생명보험,2025,11011,사업보고서,IFRS17,"10,000",0.01,E,"보고서 사업연도 >= 2023 이면 IFRS17, 아니면 IFRS4", 유재웅 ,계열사임원,-,2025-12-31,보통주,"10,000",0.01,api,hyslrSttus,"{""bsns_year"": ""2025"", ""corp_code"": ""00117267"", ""reprt_code"": ""11011""}",20260331004234,api_row,2026-08-31T15:51:40+09:00,000,run_20260831_152517_0707,raw/hyslrSttus/00117267_2025_11011.json,2a2bb446feeef5ed118e4e931efc12f9900910d432e4a4d60cb906a384ef35c7,11
동양생명보험,생보,보험자회사,00117267,동양생명보험,2025,11011,사업보고서,IFRS17,"121,592,342",75.36,E,"보고서 사업연도 >= 2023 이면 IFRS17, 아니면 IFRS4",계,,-,2025-12-31,보통주,"121,759,627",75.46,api,hyslrSttus,"{""bsns_year"": ""2025"", ""corp_code"": ""00117267"", ""reprt_code"": ""11011""}",20260331004234,api_row,2026-08-31T15:51:40+09:00,000,run_20260831_152517_0707,raw/hyslrSttus/00117267_2025_11011.json,2a2bb446feeef5ed118e4e931efc12f9900910d432e4a4d60cb906a384ef35c7,11
동양생명보험,생보,보험자회사,00117267,동양생명보험,2025,11011,사업보고서,IFRS17,-,-,E,"보고서 사업연도 >= 2023 이면 IFRS17, 아니면 IFRS4",계,,-,2025-12-31,-,-,-,api,hyslrSttus,"{""bsns_year"": ""2025"", ""corp_code"": ""00117267"", ""reprt_code"": ""11011""}",20260331004234,api_row,2026-08-31T15:51:40+09:00,000,run_20260831_152517_0707,raw/hyslrSttus/00117267_2025_11011.json,2a2bb446feeef5ed118e4e931efc12f9900910d432e4a4d60cb906a384ef35c7,11
동양생명보험,생보,보험자회사,00117267,동양생명보험,2025,11012,반기보고서,IFRS17,"67,779,432",42.01,E,"보고서 사업연도 >= 2023 이면 IFRS17, 아니면 IFRS4"," Dajia Life Insurance Co., Ltd.",최대주주,-,2025-06-30,보통주,"67,779,432",42.01,api,hyslrSttus,"{""bsns_year"": ""2025"", ""corp_code"": ""00117267"", ""reprt_code"": ""11012""}",20251114001680,api_row,2026-08-31T15:52:13+09:00,000,run_20260831_152517_0716,raw/hyslrSttus/00117267_2025_11012.json,fcb74a1c9ac08de1c296bedb3c834db6359f7b566dd2c78f22f79427cfee256b,11
동양생명보험,생보,보험자회사,00117267,동양생명보험,2025,11012,반기보고서,IFRS17,"53,786,195",33.33,E,"보고서 사업연도 >= 2023 이면 IFRS17, 아니면 IFRS4",Anbang Group Holdings Co.Limited,대주주,-,2025-06-30,보통주,"53,786,195",33.33,api,hyslrSttus,"{""bsns_year"": ""2025"", ""corp_code"": ""00117267"", ""reprt_code"": ""11012""}",20251114001680,api_row,2026-08-31T15:52:13+09:00,000,run_20260831_152517_0716,raw/hyslrSttus/00117267_2025_11012.json,fcb74a1c9ac08de1c296bedb3c834db6359f7b566dd2c78f22f79427cfee256b,11
동양생명보험,생보,보험자회사,00117267,동양생명보험,2025,11012,반기보고서,IFRS17,"8,806",0.01,E,"보고서 사업연도 >= 2023 이면 IFRS17, 아니면 IFRS4",이문구,당사임원,"   당사 임원, 자사주상여",2025-06-30,보통주,"20,919",0.01,api,hyslrSttus,"{""bsns_year"": ""2025"", ""corp_code"": ""00117267"", ""reprt_code"": ""11012""}",20251114001680,api_row,2026-08-31T15:52:13+09:00,000,run_20260831_152517_0716,raw/hyslrSttus/00117267_2025_11012.json,fcb74a1c9ac08de1c296bedb3c834db6359f7b566dd2c78f22f79427cfee256b,11
동양생명보험,생보,보험자회사,00117267,동양생명보험,2025,11012,반기보고서,IFRS17,"1,243",0.00,E,"보고서 사업연도 >= 2023 이면 IFRS17, 아니면 IFRS4",황문경,계열사임원," 자회사 임원, 자사주상여",2025-06-30,보통주,"2,486",0.00,api,hyslrSttus,"{""bsns_year"": ""2025"", ""corp_code"": ""00117267"", ""reprt_code"": ""11012""}",20251114001680,api_row,2026-08-31T15:52:13+09:00,000,run_20260831_152517_0716,raw/hyslrSttus/00117267_2025_11012.json,fcb74a1c9ac08de1c296bedb3c834db6359f7b566dd2c78f22f79427cfee256b,11
동양생명보험,생보,보험자회사,00117267,동양생명보험,2025,11012,반기보고서,IFRS17,"10,000",0.01,E,"보고서 사업연도 >= 2023 이면 IFRS17, 아니면 IFRS4", 유재웅 ,계열사임원,-,2025-06-30,보통주,"10,000",0.01,api,hyslrSttus,"{""bsns_year"": ""2025"", ""corp_code"": ""00117267"", ""reprt_code"": ""11012""}",20251114001680,api_row,2026-08-31T15:52:13+09:00,000,run_20260831_152517_0716,raw/hyslrSttus/00117267_2025_11012.json,fcb74a1c9ac08de1c296bedb3c834db6359f7b566dd2c78f22f79427cfee256b,11
동양생명보험,생보,보험자회사,00117267,동양생명보험,2025,11012,반기보고서,IFRS17,"6,666",0.00,E,"보고서 사업연도 >= 2023 이면 IFRS17, 아니면 IFRS4","시예저치앙(Xie, Zheqiang) ",계열사임원,"계열사 임원, 장내매수",2025-06-30,보통주,"6,666",0.00,api,hyslrSttus,"{""bsns_year"": ""2025"", ""corp_code"": ""00117267"", ""reprt_code"": ""11012""}",20251114001680,api_row,2026-08-31T15:52:13+09:00,000,run_20260831_152517_0716,raw/hyslrSttus/00117267_2025_11012.json,fcb74a1c9ac08de1c296bedb3c834db6359f7b566dd2c78f22f79427cfee256b,11
동양생명보험,생보,보험자회사,00117267,동양생명보험,2025,11012,반기보고서,IFRS17,"121,592,342",75.36,E,"보고서 사업연도 >= 2023 이면 IFRS17, 아니면 IFRS4",계,,-,2025-06-30,보통주,"121,605,698",75.36,api,hyslrSttus,"{""bsns_year"": ""2025"", ""corp_code"": ""00117267"", ""reprt_code"": ""11012""}",20251114001680,api_row,2026-08-31T15:52:13+09:00,000,run_20260831_152517_0716,raw/hyslrSttus/00117267_2025_11012.json,fcb74a1c9ac08de1c296bedb3c834db6359f7b566dd2c78f22f79427cfee256b,11
동양생명보험,생보,보험자회사,00117267,동양생명보험,2025,11012,반기보고서,IFRS17,-,-,E,"보고서 사업연도 >= 2023 이면 IFRS17, 아니면 IFRS4",계,,-,2025-06-30,-,-,-,api,hyslrSttus,"{""bsns_year"": ""2025"", ""corp_code"": ""00117267"", ""reprt_code"": ""11012""}",20251114001680,api_row,2026-08-31T15:52:13+09:00,000,run_20260831_152517_0716,raw/hyslrSttus/00117267_2025_11012.json,fcb74a1c9ac08de1c296bedb3c834db6359f7b566dd2c78f22f79427cfee256b,11
동양생명보험,생보,보험자회사,00117267,동양생명보험,2026,11012,반기보고서,IFRS17,"121,565,627",75.34,E,"보고서 사업연도 >= 2023 이면 IFRS17, 아니면 IFRS4",(주)우리금융지주,최대주주,주1),2026-06-30,보통주,"121,565,627",77.90,api,hyslrSttus,"{""bsns_year"": ""2026"", ""corp_code"": ""00117267"", ""reprt_code"": ""11012""}",20260831001171,api_row,2026-08-31T15:52:40+09:00,000,run_20260831_152517_0725,raw/hyslrSttus/00117267_2026_11012.json,94a338f6ad54e94f83ff75c4b2b1b4bf4374c3adc05102ebf21370186df3a13c,11
동양생명보험,생보,보험자회사,00117267,동양생명보험,2026,11012,반기보고서,IFRS17,"184,000",0.11,E,"보고서 사업연도 >= 2023 이면 IFRS17, 아니면 IFRS4",우리자산운용(주),계열사,-,2026-06-30,보통주,0,0.00,api,hyslrSttus,"{""bsns_year"": ""2026"", ""corp_code"": ""00117267"", ""reprt_code"": ""11012""}",20260831001171,api_row,2026-08-31T15:52:40+09:00,000,run_20260831_152517_0725,raw/hyslrSttus/00117267_2026_11012.json,94a338f6ad54e94f83ff75c4b2b1b4bf4374c3adc05102ebf21370186df3a13c,11
동양생명보험,생보,보험자회사,00117267,동양생명보험,2026,11012,반기보고서,IFRS17,"10,000",0.01,E,"보고서 사업연도 >= 2023 이면 IFRS17, 아니면 IFRS4", 유재웅 ,계열사임원,주2),2026-06-30,보통주,0,0.00,api,hyslrSttus,"{""bsns_year"": ""2026"", ""corp_code"": ""00117267"", ""reprt_code"": ""11012""}",20260831001171,api_row,2026-08-31T15:52:40+09:00,000,run_20260831_152517_0725,raw/hyslrSttus/00117267_2026_11012.json,94a338f6ad54e94f83ff75c4b2b1b4bf4374c3adc05102ebf21370186df3a13c,11
동양생명보험,생보,보험자회사,00117267,동양생명보험,2026,11012,반기보고서,IFRS17,"121,759,627",75.46,E,"보고서 사업연도 >= 2023 이면 IFRS17, 아니면 IFRS4",계,,-,2026-06-30,보통주,"121,565,627",77.90,api,hyslrSttus,"{""bsns_year"": ""2026"", ""corp_code"": ""00117267"", ""reprt_code"": ""11012""}",20260831001171,api_row,2026-08-31T15:52:40+09:00,000,run_20260831_152517_0725,raw/hyslrSttus/00117267_2026_11012.json,94a338f6ad54e94f83ff75c4b2b1b4bf4374c3adc05102ebf21370186df3a13c,11
동양생명보험,생보,보험자회사,00117267,동양생명보험,2026,11012,반기보고서,IFRS17,-,-,E,"보고서 사업연도 >= 2023 이면 IFRS17, 아니면 IFRS4",계,,-,2026-06-30,-,-,-,api,hyslrSttus,"{""bsns_year"": ""2026"", ""corp_code"": ""00117267"", ""reprt_code"": ""11012""}",20260831001171,api_row,2026-08-31T15:52:40+09:00,000,run_20260831_152517_0725,raw/hyslrSttus/00117267_2026_11012.json,94a338f6ad54e94f83ff75c4b2b1b4bf4374c3adc05102ebf21370186df3a13c,11
메리츠금융지주,지주,비교지주,00860332,메리츠금융지주,2021,11011,사업보고서,IFRS4,"96,714,384",72.17,Y,"보고서 사업연도 >= 2023 이면 IFRS17, 아니면 IFRS4",조정호,최대주주 본인,-,2021-12-31,보통주,"96,714,384",72.17,api,hyslrSttus,"{""bsns_year"": ""2021"", ""corp_code"": ""00860332"", ""reprt_code"": ""11011""}",20221130001331,api_row,2026-09-11T10:42:54+09:00,000,run_20260911_103248_0204,raw/hyslrSttus/00860332_2021_11011.json,ab30c6d8f7a55d0b4e2593061e9531d4ed92cf7cd027e8763734d54c5e5492a5,0
메리츠금융지주,지주,비교지주,00860332,메리츠금융지주,2021,11011,사업보고서,IFRS4,"68,523",0.05,Y,"보고서 사업연도 >= 2023 이면 IFRS17, 아니면 IFRS4",조효재,혈족1촌,-,2021-12-31,보통주,"68,523",0.05,api,hyslrSttus,"{""bsns_year"": ""2021"", ""corp_code"": ""00860332"", ""reprt_code"": ""11011""}",20221130001331,api_row,2026-09-11T10:42:54+09:00,000,run_20260911_103248_0204,raw/hyslrSttus/00860332_2021_11011.json,ab30c6d8f7a55d0b4e2593061e9531d4ed92cf7cd027e8763734d54c5e5492a5,0
메리츠금융지주,지주,비교지주,00860332,메리츠금융지주,2021,11011,사업보고서,IFRS4,"40,000",0.03,Y,"보고서 사업연도 >= 2023 이면 IFRS17, 아니면 IFRS4",김용범,임원,-,2021-12-31,보통주,"40,000",0.03,api,hyslrSttus,"{""bsns_year"": ""2021"", ""corp_code"": ""00860332"", ""reprt_code"": ""11011""}",20221130001331,api_row,2026-09-11T10:42:54+09:00,000,run_20260911_103248_0204,raw/hyslrSttus/00860332_2021_11011.json,ab30c6d8f7a55d0b4e2593061e9531d4ed92cf7cd027e8763734d54c5e5492a5,0
메리츠금융지주,지주,비교지주,00860332,메리츠금융지주,2021,11011,사업보고서,IFRS4,296,0.00,Y,"보고서 사업연도 >= 2023 이면 IFRS17, 아니면 IFRS4",이상훈,임원,-,2021-12-31,보통주,0,0.00,api,hyslrSttus,"{""bsns_year"": ""2021"", ""corp_code"": ""00860332"", ""reprt_code"": ""11011""}",20221130001331,api_row,2026-09-11T10:42:54+09:00,000,run_20260911_103248_0204,raw/hyslrSttus/00860332_2021_11011.json,ab30c6d8f7a55d0b4e2593061e9531d4ed92cf7cd027e8763734d54c5e5492a5,0
메리츠금융지주,지주,비교지주,00860332,메리츠금융지주,2021,11011,사업보고서,IFRS4,"6,283",0.00,Y,"보고서 사업연도 >= 2023 이면 IFRS17, 아니면 IFRS4",이범진,계열사임원,-,2021-12-31,보통주,"6,283",0.00,api,hyslrSttus,"{""bsns_year"": ""2021"", ""corp_code"": ""00860332"", ""reprt_code"": ""11011""}",20221130001331,api_row,2026-09-11T10:42:54+09:00,000,run_20260911_103248_0204,raw/hyslrSttus/00860332_2021_11011.json,ab30c6d8f7a55d0b4e2593061e9531d4ed92cf7cd027e8763734d54c5e5492a5,0
메리츠금융지주,지주,비교지주,00860332,메리츠금융지주,2021,11011,사업보고서,IFRS4,0,0.00,Y,"보고서 사업연도 >= 2023 이면 IFRS17, 아니면 IFRS4",차희준,계열사임원,-,2021-12-31,보통주,"3,070",0.00,api,hyslrSttus,"{""bsns_year"": ""2021"", ""corp_code"": ""00860332"", ""reprt_code"": ""11011""}",20221130001331,api_row,2026-09-11T10:42:54+09:00,000,run_20260911_103248_0204,raw/hyslrSttus/00860332_2021_11011.json,ab30c6d8f7a55d0b4e2593061e9531d4ed92cf7cd027e8763734d54c5e5492a5,0
메리츠금융지주,지주,비교지주,00860332,메리츠금융지주,2021,11011,사업보고서,IFRS4,"96,829,486",72.25,Y,"보고서 사업연도 >= 2023 이면 IFRS17, 아니면 IFRS4",계,,-,2021-12-31,보통주,"96,832,260",72.26,api,hyslrSttus,"{""bsns_year"": ""2021"", ""corp_code"": ""00860332"", ""reprt_code"": ""11011""}",20221130001331,api_row,2026-09-11T10:42:54+09:00,000,run_20260911_103248_0204,raw/hyslrSttus/00860332_2021_11011.json,ab30c6d8f7a55d0b4e2593061e9531d4ed92cf7cd027e8763734d54c5e5492a5,0
메리츠금융지주,지주,비교지주,00860332,메리츠금융지주,2021,11011,사업보고서,IFRS4,-,-,Y,"보고서 사업연도 >= 2023 이면 IFRS17, 아니면 IFRS4",계,,-,2021-12-31,-,-,-,api,hyslrSttus,"{""bsns_year"": ""2021"", ""corp_code"": ""00860332"", ""reprt_code"": ""11011""}",20221130001331,api_row,2026-09-11T10:42:54+09:00,000,run_20260911_103248_0204,raw/hyslrSttus/00860332_2021_11011.json,ab30c6d8f7a55d0b4e2593061e9531d4ed92cf7cd027e8763734d54c5e5492a5,0
메리츠금융지주,지주,비교지주,00860332,메리츠금융지주,2022,11011,사업보고서,IFRS4,"96,714,384",72.17,Y,"보고서 사업연도 >= 2023 이면 IFRS17, 아니면 IFRS4",조정호,최대주주 본인,-,2022-12-31,보통주,"96,714,384",75.81,api,hyslrSttus,"{""bsns_year"": ""2022"", ""corp_code"": ""00860332"", ""reprt_code"": ""11011""}",20230309000894,api_row,2026-09-11T10:43:04+09:00,000,run_20260911_103248_0213,raw/hyslrSttus/00860332_2022_11011.json,1d1a5b24a26476293be59e1e1785f2606e038db77a702f1911645fd08f699cbe,0
메리츠금융지주,지주,비교지주,00860332,메리츠금융지주,2022,11011,사업보고서,IFRS4,"68,523",0.05,Y,"보고서 사업연도 >= 2023 이면 IFRS17, 아니면 IFRS4",조효재,혈족1촌,-,2022-12-31,보통주,"68,523",0.05,api,hyslrSttus,"{""bsns_year"": ""2022"", ""corp_code"": ""00860332"", ""reprt_code"": ""11011""}",20230309000894,api_row,2026-09-11T10:43:04+09:00,000,run_20260911_103248_0213,raw/hyslrSttus/00860332_2022_11011.json,1d1a5b24a26476293be59e1e1785f2606e038db77a702f1911645fd08f699cbe,0
메리츠금융지주,지주,비교지주,00860332,메리츠금융지주,2022,11011,사업보고서,IFRS4,"40,000",0.03,Y,"보고서 사업연도 >= 2023 이면 IFRS17, 아니면 IFRS4",김용범,임원,-,2022-12-31,보통주,"40,000",0.03,api,hyslrSttus,"{""bsns_year"": ""2022"", ""corp_code"": ""00860332"", ""reprt_code"": ""11011""}",20230309000894,api_row,2026-09-11T10:43:04+09:00,000,run_20260911_103248_0213,raw/hyslrSttus/00860332_2022_11011.json,1d1a5b24a26476293be59e1e1785f2606e038db77a702f1911645fd08f699cbe,0
메리츠금융지주,지주,비교지주,00860332,메리츠금융지주,2022,11011,사업보고서,IFRS4,"6,283",0.00,Y,"보고서 사업연도 >= 2023 이면 IFRS17, 아니면 IFRS4",이범진,계열사임원,-,2022-12-31,보통주,"6,283",0.00,api,hyslrSttus,"{""bsns_year"": ""2022"", ""corp_code"": ""00860332"", ""reprt_code"": ""11011""}",20230309000894,api_row,2026-09-11T10:43:04+09:00,000,run_20260911_103248_0213,raw/hyslrSttus/00860332_2022_11011.json,1d1a5b24a26476293be59e1e1785f2606e038db77a702f1911645fd08f699cbe,0
메리츠금융지주,지주,비교지주,00860332,메리츠금융지주,2022,11011,사업보고서,IFRS4,"3,070",0.00,Y,"보고서 사업연도 >= 2023 이면 IFRS17, 아니면 IFRS4",차희준,계열사임원,-,2022-12-31,보통주,"3,070",0.00,api,hyslrSttus,"{""bsns_year"": ""2022"", ""corp_code"": ""00860332"", ""reprt_code"": ""11011""}",20230309000894,api_row,2026-09-11T10:43:04+09:00,000,run_20260911_103248_0213,raw/hyslrSttus/00860332_2022_11011.json,1d1a5b24a26476293be59e1e1785f2606e038db77a702f1911645fd08f699cbe,0
메리츠금융지주,지주,비교지주,00860332,메리츠금융지주,2022,11011,사업보고서,IFRS4,"96,832,260",72.25,Y,"보고서 사업연도 >= 2023 이면 IFRS17, 아니면 IFRS4",계,,-,2022-12-31,보통주,"96,832,260",75.90,api,hyslrSttus,"{""bsns_year"": ""2022"", ""corp_code"": ""00860332"", ""reprt_code"": ""11011""}",20230309000894,api_row,2026-09-11T10:43:04+09:00,000,run_20260911_103248_0213,raw/hyslrSttus/00860332_2022_11011.json,1d1a5b24a26476293be59e1e1785f2606e038db77a702f1911645fd08f699cbe,0
메리츠금융지주,지주,비교지주,00860332,메리츠금융지주,2022,11011,사업보고서,IFRS4,-,-,Y,"보고서 사업연도 >= 2023 이면 IFRS17, 아니면 IFRS4",계,,-,2022-12-31,-,-,-,api,hyslrSttus,"{""bsns_year"": ""2022"", ""corp_code"": ""00860332"", ""reprt_code"": ""11011""}",20230309000894,api_row,2026-09-11T10:43:04+09:00,000,run_20260911_103248_0213,raw/hyslrSttus/00860332_2022_11011.json,1d1a5b24a26476293be59e1e1785f2606e038db77a702f1911645fd08f699cbe,0
메리츠금융지주,지주,비교지주,00860332,메리츠금융지주,2023,11011,사업보고서,IFRS17,"96,714,384",75.81,Y,"보고서 사업연도 >= 2023 이면 IFRS17, 아니면 IFRS4",조정호,최대주주 본인,-,2023-12-31,보통주,"97,747,034",48.06,api,hyslrSttus,"{""bsns_year"": ""2023"", ""corp_code"": ""00860332"", ""reprt_code"": ""11011""}",20240430000957,api_row,2026-09-11T10:43:14+09:00,000,run_20260911_103248_0222,raw/hyslrSttus/00860332_2023_11011.json,60dfe55d575c5862c8a69e862497c6d018eb5470b66fdcaebfca955a22f5173d,0
메리츠금융지주,지주,비교지주,00860332,메리츠금융지주,2023,11011,사업보고서,IFRS17,0,0.00,Y,"보고서 사업연도 >= 2023 이면 IFRS17, 아니면 IFRS4",이종현,계열사 임원,-,2023-12-31,보통주,731,0.00,api,hyslrSttus,"{""bsns_year"": ""2023"", ""corp_code"": ""00860332"", ""reprt_code"": ""11011""}",20240430000957,api_row,2026-09-11T10:43:14+09:00,000,run_20260911_103248_0222,raw/hyslrSttus/00860332_2023_11011.json,60dfe55d575c5862c8a69e862497c6d018eb5470b66fdcaebfca955a22f5173d,0
메리츠금융지주,지주,비교지주,00860332,메리츠금융지주,2023,11011,사업보고서,IFRS17,"68,523",0.05,Y,"보고서 사업연도 >= 2023 이면 IFRS17, 아니면 IFRS4",조효재,혈족1촌,-,2023-12-31,보통주,"168,130",0.08,api,hyslrSttus,"{""bsns_year"": ""2023"", ""corp_code"": ""00860332"", ""reprt_code"": ""11011""}",20240430000957,api_row,2026-09-11T10:43:14+09:00,000,run_20260911_103248_0222,raw/hyslrSttus/00860332_2023_11011.json,60dfe55d575c5862c8a69e862497c6d018eb5470b66fdcaebfca955a22f5173d,0
메리츠금융지주,지주,비교지주,00860332,메리츠금융지주,2023,11011,사업보고서,IFRS17,"40,000",0.03,Y,"보고서 사업연도 >= 2023 이면 IFRS17, 아니면 IFRS4",김용범,임원,-,2023-12-31,보통주,"350,000",0.17,api,hyslrSttus,"{""bsns_year"": ""2023"", ""corp_code"": ""00860332"", ""reprt_code"": ""11011""}",20240430000957,api_row,2026-09-11T10:43:14+09:00,000,run_20260911_103248_0222,raw/hyslrSttus/00860332_2023_11011.json,60dfe55d575c5862c8a69e862497c6d018eb5470b66fdcaebfca955a22f5173d,0
메리츠금융지주,지주,비교지주,00860332,메리츠금융지주,2023,11011,사업보고서,IFRS17,"6,283",0.00,Y,"보고서 사업연도 >= 2023 이면 IFRS17, 아니면 IFRS4",이범진,계열사 임원,-,2023-12-31,보통주,0,0.00,api,hyslrSttus,"{""bsns_year"": ""2023"", ""corp_code"": ""00860332"", ""reprt_code"": ""11011""}",20240430000957,api_row,2026-09-11T10:43:14+09:00,000,run_20260911_103248_0222,raw/hyslrSttus/00860332_2023_11011.json,60dfe55d575c5862c8a69e862497c6d018eb5470b66fdcaebfca955a22f5173d,0
메리츠금융지주,지주,비교지주,00860332,메리츠금융지주,2023,11011,사업보고서,IFRS17,"3,070",0.00,Y,"보고서 사업연도 >= 2023 이면 IFRS17, 아니면 IFRS4",차희준,계열사 임원,-,2023-12-31,보통주,"13,955",0.01,api,hyslrSttus,"{""bsns_year"": ""2023"", ""corp_code"": ""00860332"", ""reprt_code"": ""11011""}",20240430000957,api_row,2026-09-11T10:43:14+09:00,000,run_20260911_103248_0222,raw/hyslrSttus/00860332_2023_11011.json,60dfe55d575c5862c8a69e862497c6d018eb5470b66fdcaebfca955a22f5173d,0
메리츠금융지주,지주,비교지주,00860332,메리츠금융지주,2023,11011,사업보고서,IFRS17,0,0.00,Y,"보고서 사업연도 >= 2023 이면 IFRS17, 아니면 IFRS4",김중현,계열사 임원,-,2023-12-31,보통주,"3,535",0.00,api,hyslrSttus,"{""bsns_year"": ""2023"", ""corp_code"": ""00860332"", ""reprt_code"": ""11011""}",20240430000957,api_row,2026-09-11T10:43:14+09:00,000,run_20260911_103248_0222,raw/hyslrSttus/00860332_2023_11011.json,60dfe55d575c5862c8a69e862497c6d018eb5470b66fdcaebfca955a22f5173d,0
메리츠금융지주,지주,비교지주,00860332,메리츠금융지주,2023,11011,사업보고서,IFRS17,0,0.00,Y,"보고서 사업연도 >= 2023 이면 IFRS17, 아니면 IFRS4",선욱,계열사 임원,-,2023-12-31,보통주,"2,128",0.00,api,hyslrSttus,"{""bsns_year"": ""2023"", ""corp_code"": ""00860332"", ""reprt_code"": ""11011""}",20240430000957,api_row,2026-09-11T10:43:14+09:00,000,run_20260911_103248_0222,raw/hyslrSttus/00860332_2023_11011.json,60dfe55d575c5862c8a69e862497c6d018eb5470b66fdcaebfca955a22f5173d,0
메리츠금융지주,지주,비교지주,00860332,메리츠금융지주,2023,11011,사업보고서,IFRS17,0,0.00,Y,"보고서 사업연도 >= 2023 이면 IFRS17, 아니면 IFRS4",장원재,계열사임원,-,2023-12-31,보통주,"12,406",0.01,api,hyslrSttus,"{""bsns_year"": ""2023"", ""corp_code"": ""00860332"", ""reprt_code"": ""11011""}",20240430000957,api_row,2026-09-11T10:43:14+09:00,000,run_20260911_103248_0222,raw/hyslrSttus/00860332_2023_11011.json,60dfe55d575c5862c8a69e862497c6d018eb5470b66fdcaebfca955a22f5173d,0
메리츠금융지주,지주,비교지주,00860332,메리츠금융지주,2023,11011,사업보고서,IFRS17,0,0.00,Y,"보고서 사업연도 >= 2023 이면 IFRS17, 아니면 IFRS4",장철,계열사 임원,-,2023-12-31,보통주,"1,036",0.00,api,hyslrSttus,"{""bsns_year"": ""2023"", ""corp_code"": ""00860332"", ""reprt_code"": ""11011""}",20240430000957,api_row,2026-09-11T10:43:14+09:00,000,run_20260911_103248_0222,raw/hyslrSttus/00860332_2023_11011.json,60dfe55d575c5862c8a69e862497c6d018eb5470b66fdcaebfca955a22f5173d,0
메리츠금융지주,지주,비교지주,00860332,메리츠금융지주,2023,11011,사업보고서,IFRS17,"96,832,260",72.25,Y,"보고서 사업연도 >= 2023 이면 IFRS17, 아니면 IFRS4",계,,-,2023-12-31,보통주,"98,298,955",48.33,api,hyslrSttus,"{""bsns_year"": ""2023"", ""corp_code"": ""00860332"", ""reprt_code"": ""11011""}",20240430000957,api_row,2026-09-11T10:43:14+09:00,000,run_20260911_103248_0222,raw/hyslrSttus/00860332_2023_11011.json,60dfe55d575c5862c8a69e862497c6d018eb5470b66fdcaebfca955a22f5173d,0
메리츠금융지주,지주,비교지주,00860332,메리츠금융지주,2023,11011,사업보고서,IFRS17,-,-,Y,"보고서 사업연도 >= 2023 이면 IFRS17, 아니면 IFRS4",계,,-,2023-12-31,-,-,-,api,hyslrSttus,"{""bsns_year"": ""2023"", ""corp_code"": ""00860332"", ""reprt_code"": ""11011""}",20240430000957,api_row,2026-09-11T10:43:14+09:00,000,run_20260911_103248_0222,raw/hyslrSttus/00860332_2023_11011.json,60dfe55d575c5862c8a69e862497c6d018eb5470b66fdcaebfca955a22f5173d,0
메리츠금융지주,지주,비교지주,00860332,메리츠금융지주,2024,11011,사업보고서,IFRS17,"97,747,034",48.06,Y,"보고서 사업연도 >= 2023 이면 IFRS17, 아니면 IFRS4",조정호,최대주주 본인,-,2024-12-31,보통주,"97,747,034",51.25,api,hyslrSttus,"{""bsns_year"": ""2024"", ""corp_code"": ""00860332"", ""reprt_code"": ""11011""}",20250328001697,api_row,2026-09-11T10:43:51+09:00,000,run_20260911_103248_0231,raw/hyslrSttus/00860332_2024_11011.json,c7339597c9c68f6dc841a1dcd7a05109ec4a5334dd93ad842f5f50db29ead19d,0
메리츠금융지주,지주,비교지주,00860332,메리츠금융지주,2024,11011,사업보고서,IFRS17,0,0.00,Y,"보고서 사업연도 >= 2023 이면 IFRS17, 아니면 IFRS4",이현복,계열사 임원,-,2024-12-31,보통주,56,0.00,api,hyslrSttus,"{""bsns_year"": ""2024"", ""corp_code"": ""00860332"", ""reprt_code"": ""11011""}",20250328001697,api_row,2026-09-11T10:43:51+09:00,000,run_20260911_103248_0231,raw/hyslrSttus/00860332_2024_11011.json,c7339597c9c68f6dc841a1dcd7a05109ec4a5334dd93ad842f5f50db29ead19d,0
메리츠금융지주,지주,비교지주,00860332,메리츠금융지주,2024,11011,사업보고서,IFRS17,0,0.00,Y,"보고서 사업연도 >= 2023 이면 IFRS17, 아니면 IFRS4",김도원,계열사 임원,-,2024-12-31,보통주,444,0.00,api,hyslrSttus,"{""bsns_year"": ""2024"", ""corp_code"": ""00860332"", ""reprt_code"": ""11011""}",20250328001697,api_row,2026-09-11T10:43:51+09:00,000,run_20260911_103248_0231,raw/hyslrSttus/00860332_2024_11011.json,c7339597c9c68f6dc841a1dcd7a05109ec4a5334dd93ad842f5f50db29ead19d,0
메리츠금융지주,지주,비교지주,00860332,메리츠금융지주,2024,11011,사업보고서,IFRS17,"1,036",0.00,Y,"보고서 사업연도 >= 2023 이면 IFRS17, 아니면 IFRS4",장철,계열사 임원,-,2024-12-31,보통주,0,0.00,api,hyslrSttus,"{""bsns_year"": ""2024"", ""corp_code"": ""00860332"", ""reprt_code"": ""11011""}",20250328001697,api_row,2026-09-11T10:43:51+09:00,000,run_20260911_103248_0231,raw/hyslrSttus/00860332_2024_11011.json,c7339597c9c68f6dc841a1dcd7a05109ec4a5334dd93ad842f5f50db29ead19d,0
메리츠금융지주,지주,비교지주,00860332,메리츠금융지주,2024,11011,사업보고서,IFRS17,"168,130",0.08,Y,"보고서 사업연도 >= 2023 이면 IFRS17, 아니면 IFRS4",조효재,혈족1촌,-,2024-12-31,보통주,"168,130",0.09,api,hyslrSttus,"{""bsns_year"": ""2024"", ""corp_code"": ""00860332"", ""reprt_code"": ""11011""}",20250328001697,api_row,2026-09-11T10:43:51+09:00,000,run_20260911_103248_0231,raw/hyslrSttus/00860332_2024_11011.json,c7339597c9c68f6dc841a1dcd7a05109ec4a5334dd93ad842f5f50db29ead19d,0
메리츠금융지주,지주,비교지주,00860332,메리츠금융지주,2024,11011,사업보고서,IFRS17,"350,000",0.17,Y,"보고서 사업연도 >= 2023 이면 IFRS17, 아니면 IFRS4",김용범,임원,-,2024-12-31,보통주,"400,000",0.21,api,hyslrSttus,"{""bsns_year"": ""2024"", ""corp_code"": ""00860332"", ""reprt_code"": ""11011""}",20250328001697,api_row,2026-09-11T10:43:51+09:00,000,run_20260911_103248_0231,raw/hyslrSttus/00860332_2024_11011.json,c7339597c9c68f6dc841a1dcd7a05109ec4a5334dd93ad842f5f50db29ead19d,0
메리츠금융지주,지주,비교지주,00860332,메리츠금융지주,2024,11011,사업보고서,IFRS17,"3,535",0.00,Y,"보고서 사업연도 >= 2023 이면 IFRS17, 아니면 IFRS4",김중현,계열사 임원,-,2024-12-31,보통주,"3,535",0.00,api,hyslrSttus,"{""bsns_year"": ""2024"", ""corp_code"": ""00860332"", ""reprt_code"": ""11011""}",20250328001697,api_row,2026-09-11T10:43:51+09:00,000,run_20260911_103248_0231,raw/hyslrSttus/00860332_2024_11011.json,c7339597c9c68f6dc841a1dcd7a05109ec4a5334dd93ad842f5f50db29ead19d,0
메리츠금융지주,지주,비교지주,00860332,메리츠금융지주,2024,11011,사업보고서,IFRS17,"2,128",0.00,Y,"보고서 사업연도 >= 2023 이면 IFRS17, 아니면 IFRS4",선욱,계열사 임원,-,2024-12-31,보통주,"2,128",0.00,api,hyslrSttus,"{""bsns_year"": ""2024"", ""corp_code"": ""00860332"", ""reprt_code"": ""11011""}",20250328001697,api_row,2026-09-11T10:43:51+09:00,000,run_20260911_103248_0231,raw/hyslrSttus/00860332_2024_11011.json,c7339597c9c68f6dc841a1dcd7a05109ec4a5334dd93ad842f5f50db29ead19d,0
메리츠금융지주,지주,비교지주,00860332,메리츠금융지주,2024,11011,사업보고서,IFRS17,"12,406",0.01,Y,"보고서 사업연도 >= 2023 이면 IFRS17, 아니면 IFRS4",장원재,계열사 임원,-,2024-12-31,보통주,"12,406",0.01,api,hyslrSttus,"{""bsns_year"": ""2024"", ""corp_code"": ""00860332"", ""reprt_code"": ""11011""}",20250328001697,api_row,2026-09-11T10:43:51+09:00,000,run_20260911_103248_0231,raw/hyslrSttus/00860332_2024_11011.json,c7339597c9c68f6dc841a1dcd7a05109ec4a5334dd93ad842f5f50db29ead19d,0
메리츠금융지주,지주,비교지주,00860332,메리츠금융지주,2024,11011,사업보고서,IFRS17,0,0.00,Y,"보고서 사업연도 >= 2023 이면 IFRS17, 아니면 IFRS4",김종민,계열사 임원,-,2024-12-31,보통주,272,0.00,api,hyslrSttus,"{""bsns_year"": ""2024"", ""corp_code"": ""00860332"", ""reprt_code"": ""11011""}",20250328001697,api_row,2026-09-11T10:43:51+09:00,000,run_20260911_103248_0231,raw/hyslrSttus/00860332_2024_11011.json,c7339597c9c68f6dc841a1dcd7a05109ec4a5334dd93ad842f5f50db29ead19d,0
메리츠금융지주,지주,비교지주,00860332,메리츠금융지주,2024,11011,사업보고서,IFRS17,731,0.00,Y,"보고서 사업연도 >= 2023 이면 IFRS17, 아니면 IFRS4",이종현,계열사 임원,-,2024-12-31,보통주,731,0.00,api,hyslrSttus,"{""bsns_year"": ""2024"", ""corp_code"": ""00860332"", ""reprt_code"": ""11011""}",20250328001697,api_row,2026-09-11T10:43:51+09:00,000,run_20260911_103248_0231,raw/hyslrSttus/00860332_2024_11011.json,c7339597c9c68f6dc841a1dcd7a05109ec4a5334dd93ad842f5f50db29ead19d,0
메리츠금융지주,지주,비교지주,00860332,메리츠금융지주,2024,11011,사업보고서,IFRS17,"13,955",0.01,Y,"보고서 사업연도 >= 2023 이면 IFRS17, 아니면 IFRS4",차희준,계열사 임원,-,2024-12-31,보통주,"13,955",0.01,api,hyslrSttus,"{""bsns_year"": ""2024"", ""corp_code"": ""00860332"", ""reprt_code"": ""11011""}",20250328001697,api_row,2026-09-11T10:43:51+09:00,000,run_20260911_103248_0231,raw/hyslrSttus/00860332_2024_11011.json,c7339597c9c68f6dc841a1dcd7a05109ec4a5334dd93ad842f5f50db29ead19d,0
메리츠금융지주,지주,비교지주,00860332,메리츠금융지주,2024,11011,사업보고서,IFRS17,"98,298,955",48.33,Y,"보고서 사업연도 >= 2023 이면 IFRS17, 아니면 IFRS4",계,,-,2024-12-31,보통주,"98,348,691",51.57,api,hyslrSttus,"{""bsns_year"": ""2024"", ""corp_code"": ""00860332"", ""reprt_code"": ""11011""}",20250328001697,api_row,2026-09-11T10:43:51+09:00,000,run_20260911_103248_0231,raw/hyslrSttus/00860332_2024_11011.json,c7339597c9c68f6dc841a1dcd7a05109ec4a5334dd93ad842f5f50db29ead19d,0
메리츠금융지주,지주,비교지주,00860332,메리츠금융지주,2024,11011,사업보고서,IFRS17,-,-,Y,"보고서 사업연도 >= 2023 이면 IFRS17, 아니면 IFRS4",계,,-,2024-12-31,-,-,-,api,hyslrSttus,"{""bsns_year"": ""2024"", ""corp_code"": ""00860332"", ""reprt_code"": ""11011""}",20250328001697,api_row,2026-09-11T10:43:51+09:00,000,run_20260911_103248_0231,raw/hyslrSttus/00860332_2024_11011.json,c7339597c9c68f6dc841a1dcd7a05109ec4a5334dd93ad842f5f50db29ead19d,0
메리츠금융지주,지주,비교지주,00860332,메리츠금융지주,2025,11011,사업보고서,IFRS17,"97,747,034",51.25,Y,"보고서 사업연도 >= 2023 이면 IFRS17, 아니면 IFRS4",조정호,최대주주 본인,-,2025-12-31,보통주,"97,747,034",55.78,api,hyslrSttus,"{""bsns_year"": ""2025"", ""corp_code"": ""00860332"", ""reprt_code"": ""11011""}",20260331004202,api_row,2026-09-11T10:44:25+09:00,000,run_20260911_103248_0240,raw/hyslrSttus/00860332_2025_11011.json,fed6377d9215a0fd47ad5f69c2346f24e64a0d1b5070dc19f3ada2bd64e5ea26,0
메리츠금융지주,지주,비교지주,00860332,메리츠금융지주,2025,11011,사업보고서,IFRS17,56,0.00,Y,"보고서 사업연도 >= 2023 이면 IFRS17, 아니면 IFRS4",이현복,계열사 임원,-,2025-12-31,보통주,56,0.00,api,hyslrSttus,"{""bsns_year"": ""2025"", ""corp_code"": ""00860332"", ""reprt_code"": ""11011""}",20260331004202,api_row,2026-09-11T10:44:25+09:00,000,run_20260911_103248_0240,raw/hyslrSttus/00860332_2025_11011.json,fed6377d9215a0fd47ad5f69c2346f24e64a0d1b5070dc19f3ada2bd64e5ea26,0
메리츠금융지주,지주,비교지주,00860332,메리츠금융지주,2025,11011,사업보고서,IFRS17,444,0.00,Y,"보고서 사업연도 >= 2023 이면 IFRS17, 아니면 IFRS4",김도원,계열사 임원,-,2025-12-31,보통주,444,0.00,api,hyslrSttus,"{""bsns_year"": ""2025"", ""corp_code"": ""00860332"", ""reprt_code"": ""11011""}",20260331004202,api_row,2026-09-11T10:44:25+09:00,000,run_20260911_103248_0240,raw/hyslrSttus/00860332_2025_11011.json,fed6377d9215a0fd47ad5f69c2346f24e64a0d1b5070dc19f3ada2bd64e5ea26,0
메리츠금융지주,지주,비교지주,00860332,메리츠금융지주,2025,11011,사업보고서,IFRS17,"168,130",0.09,Y,"보고서 사업연도 >= 2023 이면 IFRS17, 아니면 IFRS4",조효재,혈족1촌,-,2025-12-31,보통주,"168,130",0.10,api,hyslrSttus,"{""bsns_year"": ""2025"", ""corp_code"": ""00860332"", ""reprt_code"": ""11011""}",20260331004202,api_row,2026-09-11T10:44:25+09:00,000,run_20260911_103248_0240,raw/hyslrSttus/00860332_2025_11011.json,fed6377d9215a0fd47ad5f69c2346f24e64a0d1b5070dc19f3ada2bd64e5ea26,0
메리츠금융지주,지주,비교지주,00860332,메리츠금융지주,2025,11011,사업보고서,IFRS17,"400,000",0.21,Y,"보고서 사업연도 >= 2023 이면 IFRS17, 아니면 IFRS4",김용범,임원,-,2025-12-31,보통주,"400,000",0.23,api,hyslrSttus,"{""bsns_year"": ""2025"", ""corp_code"": ""00860332"", ""reprt_code"": ""11011""}",20260331004202,api_row,2026-09-11T10:44:25+09:00,000,run_20260911_103248_0240,raw/hyslrSttus/00860332_2025_11011.json,fed6377d9215a0fd47ad5f69c2346f24e64a0d1b5070dc19f3ada2bd64e5ea26,0
메리츠금융지주,지주,비교지주,00860332,메리츠금융지주,2025,11011,사업보고서,IFRS17,"3,535",0.00,Y,"보고서 사업연도 >= 2023 이면 IFRS17, 아니면 IFRS4",김중현,계열사 임원,-,2025-12-31,보통주,"3,535",0.00,api,hyslrSttus,"{""bsns_year"": ""2025"", ""corp_code"": ""00860332"", ""reprt_code"": ""11011""}",20260331004202,api_row,2026-09-11T10:44:25+09:00,000,run_20260911_103248_0240,raw/hyslrSttus/00860332_2025_11011.json,fed6377d9215a0fd47ad5f69c2346f24e64a0d1b5070dc19f3ada2bd64e5ea26,0
메리츠금융지주,지주,비교지주,00860332,메리츠금융지주,2025,11011,사업보고서,IFRS17,"2,128",0.00,Y,"보고서 사업연도 >= 2023 이면 IFRS17, 아니면 IFRS4",선욱,계열사 임원,-,2025-12-31,보통주,"2,128",0.00,api,hyslrSttus,"{""bsns_year"": ""2025"", ""corp_code"": ""00860332"", ""reprt_code"": ""11011""}",20260331004202,api_row,2026-09-11T10:44:25+09:00,000,run_20260911_103248_0240,raw/hyslrSttus/00860332_2025_11011.json,fed6377d9215a0fd47ad5f69c2346f24e64a0d1b5070dc19f3ada2bd64e5ea26,0
메리츠금융지주,지주,비교지주,00860332,메리츠금융지주,2025,11011,사업보고서,IFRS17,"12,406",0.01,Y,"보고서 사업연도 >= 2023 이면 IFRS17, 아니면 IFRS4",장원재,계열사 임원,-,2025-12-31,보통주,"12,406",0.01,api,hyslrSttus,"{""bsns_year"": ""2025"", ""corp_code"": ""00860332"", ""reprt_code"": ""11011""}",20260331004202,api_row,2026-09-11T10:44:25+09:00,000,run_20260911_103248_0240,raw/hyslrSttus/00860332_2025_11011.json,fed6377d9215a0fd47ad5f69c2346f24e64a0d1b5070dc19f3ada2bd64e5ea26,0
메리츠금융지주,지주,비교지주,00860332,메리츠금융지주,2025,11011,사업보고서,IFRS17,272,0.00,Y,"보고서 사업연도 >= 2023 이면 IFRS17, 아니면 IFRS4",김종민,계열사 임원,-,2025-12-31,보통주,"4,613",0.00,api,hyslrSttus,"{""bsns_year"": ""2025"", ""corp_code"": ""00860332"", ""reprt_code"": ""11011""}",20260331004202,api_row,2026-09-11T10:44:25+09:00,000,run_20260911_103248_0240,raw/hyslrSttus/00860332_2025_11011.json,fed6377d9215a0fd47ad5f69c2346f24e64a0d1b5070dc19f3ada2bd64e5ea26,0
메리츠금융지주,지주,비교지주,00860332,메리츠금융지주,2025,11011,사업보고서,IFRS17,731,0.00,Y,"보고서 사업연도 >= 2023 이면 IFRS17, 아니면 IFRS4",이종현,계열사 임원,-,2025-12-31,보통주,731,0.00,api,hyslrSttus,"{""bsns_year"": ""2025"", ""corp_code"": ""00860332"", ""reprt_code"": ""11011""}",20260331004202,api_row,2026-09-11T10:44:25+09:00,000,run_20260911_103248_0240,raw/hyslrSttus/00860332_2025_11011.json,fed6377d9215a0fd47ad5f69c2346f24e64a0d1b5070dc19f3ada2bd64e5ea26,0
메리츠금융지주,지주,비교지주,00860332,메리츠금융지주,2025,11011,사업보고서,IFRS17,"13,955",0.01,Y,"보고서 사업연도 >= 2023 이면 IFRS17, 아니면 IFRS4",차희준,계열사 임원,-,2025-12-31,보통주,"13,955",0.01,api,hyslrSttus,"{""bsns_year"": ""2025"", ""corp_code"": ""00860332"", ""reprt_code"": ""11011""}",20260331004202,api_row,2026-09-11T10:44:25+09:00,000,run_20260911_103248_0240,raw/hyslrSttus/00860332_2025_11011.json,fed6377d9215a0fd47ad5f69c2346f24e64a0d1b5070dc19f3ada2bd64e5ea26,0
메리츠금융지주,지주,비교지주,00860332,메리츠금융지주,2025,11011,사업보고서,IFRS17,"98,348,691",51.57,Y,"보고서 사업연도 >= 2023 이면 IFRS17, 아니면 IFRS4",계,,-,2025-12-31,보통주,"98,353,032",56.13,api,hyslrSttus,"{""bsns_year"": ""2025"", ""corp_code"": ""00860332"", ""reprt_code"": ""11011""}",20260331004202,api_row,2026-09-11T10:44:25+09:00,000,run_20260911_103248_0240,raw/hyslrSttus/00860332_2025_11011.json,fed6377d9215a0fd47ad5f69c2346f24e64a0d1b5070dc19f3ada2bd64e5ea26,0
메리츠금융지주,지주,비교지주,00860332,메리츠금융지주,2025,11011,사업보고서,IFRS17,-,-,Y,"보고서 사업연도 >= 2023 이면 IFRS17, 아니면 IFRS4",계,,-,2025-12-31,-,-,-,api,hyslrSttus,"{""bsns_year"": ""2025"", ""corp_code"": ""00860332"", ""reprt_code"": ""11011""}",20260331004202,api_row,2026-09-11T10:44:25+09:00,000,run_20260911_103248_0240,raw/hyslrSttus/00860332_2025_11011.json,fed6377d9215a0fd47ad5f69c2346f24e64a0d1b5070dc19f3ada2bd64e5ea26,0
메리츠금융지주,지주,비교지주,00860332,메리츠금융지주,2025,11012,반기보고서,IFRS17,"97,747,034",51.25,Y,"보고서 사업연도 >= 2023 이면 IFRS17, 아니면 IFRS4",조정호,최대주주 본인,-,2025-06-30,보통주,"97,747,034",54.30,api,hyslrSttus,"{""bsns_year"": ""2025"", ""corp_code"": ""00860332"", ""reprt_code"": ""11012""}",20250829002051,api_row,2026-09-11T10:45:01+09:00,000,run_20260911_103248_0249,raw/hyslrSttus/00860332_2025_11012.json,1bbc7cdf5e544776e9f63cb2957df950ec9223d13bdb6c481af24b2af225ecb6,0
메리츠금융지주,지주,비교지주,00860332,메리츠금융지주,2025,11012,반기보고서,IFRS17,56,0.00,Y,"보고서 사업연도 >= 2023 이면 IFRS17, 아니면 IFRS4",이현복,계열사 임원,-,2025-06-30,보통주,56,0.00,api,hyslrSttus,"{""bsns_year"": ""2025"", ""corp_code"": ""00860332"", ""reprt_code"": ""11012""}",20250829002051,api_row,2026-09-11T10:45:01+09:00,000,run_20260911_103248_0249,raw/hyslrSttus/00860332_2025_11012.json,1bbc7cdf5e544776e9f63cb2957df950ec9223d13bdb6c481af24b2af225ecb6,0
메리츠금융지주,지주,비교지주,00860332,메리츠금융지주,2025,11012,반기보고서,IFRS17,444,0.00,Y,"보고서 사업연도 >= 2023 이면 IFRS17, 아니면 IFRS4",김도원,계열사 임원,-,2025-06-30,보통주,444,0.00,api,hyslrSttus,"{""bsns_year"": ""2025"", ""corp_code"": ""00860332"", ""reprt_code"": ""11012""}",20250829002051,api_row,2026-09-11T10:45:01+09:00,000,run_20260911_103248_0249,raw/hyslrSttus/00860332_2025_11012.json,1bbc7cdf5e544776e9f63cb2957df950ec9223d13bdb6c481af24b2af225ecb6,0
메리츠금융지주,지주,비교지주,00860332,메리츠금융지주,2025,11012,반기보고서,IFRS17,"168,130",0.09,Y,"보고서 사업연도 >= 2023 이면 IFRS17, 아니면 IFRS4",조효재,혈족1촌,-,2025-06-30,보통주,"168,130",0.09,api,hyslrSttus,"{""bsns_year"": ""2025"", ""corp_code"": ""00860332"", ""reprt_code"": ""11012""}",20250829002051,api_row,2026-09-11T10:45:01+09:00,000,run_20260911_103248_0249,raw/hyslrSttus/00860332_2025_11012.json,1bbc7cdf5e544776e9f63cb2957df950ec9223d13bdb6c481af24b2af225ecb6,0
메리츠금융지주,지주,비교지주,00860332,메리츠금융지주,2025,11012,반기보고서,IFRS17,"400,000",0.21,Y,"보고서 사업연도 >= 2023 이면 IFRS17, 아니면 IFRS4",김용범,임원,-,2025-06-30,보통주,"400,000",0.22,api,hyslrSttus,"{""bsns_year"": ""2025"", ""corp_code"": ""00860332"", ""reprt_code"": ""11012""}",20250829002051,api_row,2026-09-11T10:45:01+09:00,000,run_20260911_103248_0249,raw/hyslrSttus/00860332_2025_11012.json,1bbc7cdf5e544776e9f63cb2957df950ec9223d13bdb6c481af24b2af225ecb6,0
메리츠금융지주,지주,비교지주,00860332,메리츠금융지주,2025,11012,반기보고서,IFRS17,"3,535",0.00,Y,"보고서 사업연도 >= 2023 이면 IFRS17, 아니면 IFRS4",김중현,계열사 임원,-,2025-06-30,보통주,"3,535",0.00,api,hyslrSttus,"{""bsns_year"": ""2025"", ""corp_code"": ""00860332"", ""reprt_code"": ""11012""}",20250829002051,api_row,2026-09-11T10:45:01+09:00,000,run_20260911_103248_0249,raw/hyslrSttus/00860332_2025_11012.json,1bbc7cdf5e544776e9f63cb2957df950ec9223d13bdb6c481af24b2af225ecb6,0
메리츠금융지주,지주,비교지주,00860332,메리츠금융지주,2025,11012,반기보고서,IFRS17,"2,128",0.00,Y,"보고서 사업연도 >= 2023 이면 IFRS17, 아니면 IFRS4",선욱,계열사 임원,-,2025-06-30,보통주,"2,128",0.00,api,hyslrSttus,"{""bsns_year"": ""2025"", ""corp_code"": ""00860332"", ""reprt_code"": ""11012""}",20250829002051,api_row,2026-09-11T10:45:01+09:00,000,run_20260911_103248_0249,raw/hyslrSttus/00860332_2025_11012.json,1bbc7cdf5e544776e9f63cb2957df950ec9223d13bdb6c481af24b2af225ecb6,0
메리츠금융지주,지주,비교지주,00860332,메리츠금융지주,2025,11012,반기보고서,IFRS17,"12,406",0.01,Y,"보고서 사업연도 >= 2023 이면 IFRS17, 아니면 IFRS4",장원재,계열사 임원,-,2025-06-30,보통주,"12,406",0.01,api,hyslrSttus,"{""bsns_year"": ""2025"", ""corp_code"": ""00860332"", ""reprt_code"": ""11012""}",20250829002051,api_row,2026-09-11T10:45:01+09:00,000,run_20260911_103248_0249,raw/hyslrSttus/00860332_2025_11012.json,1bbc7cdf5e544776e9f63cb2957df950ec9223d13bdb6c481af24b2af225ecb6,0
메리츠금융지주,지주,비교지주,00860332,메리츠금융지주,2025,11012,반기보고서,IFRS17,272,0.00,Y,"보고서 사업연도 >= 2023 이면 IFRS17, 아니면 IFRS4",김종민,계열사 임원,-,2025-06-30,보통주,0,0.00,api,hyslrSttus,"{""bsns_year"": ""2025"", ""corp_code"": ""00860332"", ""reprt_code"": ""11012""}",20250829002051,api_row,2026-09-11T10:45:01+09:00,000,run_20260911_103248_0249,raw/hyslrSttus/00860332_2025_11012.json,1bbc7cdf5e544776e9f63cb2957df950ec9223d13bdb6c481af24b2af225ecb6,0
메리츠금융지주,지주,비교지주,00860332,메리츠금융지주,2025,11012,반기보고서,IFRS17,731,0.00,Y,"보고서 사업연도 >= 2023 이면 IFRS17, 아니면 IFRS4",이종현,계열사 임원,-,2025-06-30,보통주,731,0.00,api,hyslrSttus,"{""bsns_year"": ""2025"", ""corp_code"": ""00860332"", ""reprt_code"": ""11012""}",20250829002051,api_row,2026-09-11T10:45:01+09:00,000,run_20260911_103248_0249,raw/hyslrSttus/00860332_2025_11012.json,1bbc7cdf5e544776e9f63cb2957df950ec9223d13bdb6c481af24b2af225ecb6,0
메리츠금융지주,지주,비교지주,00860332,메리츠금융지주,2025,11012,반기보고서,IFRS17,"13,955",0.01,Y,"보고서 사업연도 >= 2023 이면 IFRS17, 아니면 IFRS4",차희준,계열사 임원,-,2025-06-30,보통주,"13,955",0.01,api,hyslrSttus,"{""bsns_year"": ""2025"", ""corp_code"": ""00860332"", ""reprt_code"": ""11012""}",20250829002051,api_row,2026-09-11T10:45:01+09:00,000,run_20260911_103248_0249,raw/hyslrSttus/00860332_2025_11012.json,1bbc7cdf5e544776e9f63cb2957df950ec9223d13bdb6c481af24b2af225ecb6,0
메리츠금융지주,지주,비교지주,00860332,메리츠금융지주,2025,11012,반기보고서,IFRS17,"98,348,691",51.57,Y,"보고서 사업연도 >= 2023 이면 IFRS17, 아니면 IFRS4",계,,-,2025-06-30,보통주,"98,348,419",54.63,api,hyslrSttus,"{""bsns_year"": ""2025"", ""corp_code"": ""00860332"", ""reprt_code"": ""11012""}",20250829002051,api_row,2026-09-11T10:45:01+09:00,000,run_20260911_103248_0249,raw/hyslrSttus/00860332_2025_11012.json,1bbc7cdf5e544776e9f63cb2957df950ec9223d13bdb6c481af24b2af225ecb6,0
메리츠금융지주,지주,비교지주,00860332,메리츠금융지주,2025,11012,반기보고서,IFRS17,-,-,Y,"보고서 사업연도 >= 2023 이면 IFRS17, 아니면 IFRS4",계,,-,2025-06-30,-,-,-,api,hyslrSttus,"{""bsns_year"": ""2025"", ""corp_code"": ""00860332"", ""reprt_code"": ""11012""}",20250829002051,api_row,2026-09-11T10:45:01+09:00,000,run_20260911_103248_0249,raw/hyslrSttus/00860332_2025_11012.json,1bbc7cdf5e544776e9f63cb2957df950ec9223d13bdb6c481af24b2af225ecb6,0
메리츠금융지주,지주,비교지주,00860332,메리츠금융지주,2026,11012,반기보고서,IFRS17,"97,747,034",55.78,Y,"보고서 사업연도 >= 2023 이면 IFRS17, 아니면 IFRS4",조정호,최대주주 본인,-,2026-06-30,보통주,"97,747,034",58.41,api,hyslrSttus,"{""bsns_year"": ""2026"", ""corp_code"": ""00860332"", ""reprt_code"": ""11012""}",20260814004036,api_row,2026-09-11T10:45:33+09:00,000,run_20260911_103248_0258,raw/hyslrSttus/00860332_2026_11012.json,f70be2e922e32dbcc7e7ca787db433fe00da1934d0eb542ea95e67f475bb4b62,0
메리츠금융지주,지주,비교지주,00860332,메리츠금융지주,2026,11012,반기보고서,IFRS17,"13,955",0.01,Y,"보고서 사업연도 >= 2023 이면 IFRS17, 아니면 IFRS4",차희준,계열사 임원,-,2026-06-30,보통주,"13,955",0.01,api,hyslrSttus,"{""bsns_year"": ""2026"", ""corp_code"": ""00860332"", ""reprt_code"": ""11012""}",20260814004036,api_row,2026-09-11T10:45:33+09:00,000,run_20260911_103248_0258,raw/hyslrSttus/00860332_2026_11012.json,f70be2e922e32dbcc7e7ca787db433fe00da1934d0eb542ea95e67f475bb4b62,0
메리츠금융지주,지주,비교지주,00860332,메리츠금융지주,2026,11012,반기보고서,IFRS17,56,0.00,Y,"보고서 사업연도 >= 2023 이면 IFRS17, 아니면 IFRS4",이현복,계열사 임원,-,2026-06-30,보통주,56,0.00,api,hyslrSttus,"{""bsns_year"": ""2026"", ""corp_code"": ""00860332"", ""reprt_code"": ""11012""}",20260814004036,api_row,2026-09-11T10:45:33+09:00,000,run_20260911_103248_0258,raw/hyslrSttus/00860332_2026_11012.json,f70be2e922e32dbcc7e7ca787db433fe00da1934d0eb542ea95e67f475bb4b62,0
메리츠금융지주,지주,비교지주,00860332,메리츠금융지주,2026,11012,반기보고서,IFRS17,444,0.00,Y,"보고서 사업연도 >= 2023 이면 IFRS17, 아니면 IFRS4",김도원,계열사 임원,-,2026-06-30,보통주,444,0.00,api,hyslrSttus,"{""bsns_year"": ""2026"", ""corp_code"": ""00860332"", ""reprt_code"": ""11012""}",20260814004036,api_row,2026-09-11T10:45:33+09:00,000,run_20260911_103248_0258,raw/hyslrSttus/00860332_2026_11012.json,f70be2e922e32dbcc7e7ca787db433fe00da1934d0eb542ea95e67f475bb4b62,0
메리츠금융지주,지주,비교지주,00860332,메리츠금융지주,2026,11012,반기보고서,IFRS17,"168,130",0.10,Y,"보고서 사업연도 >= 2023 이면 IFRS17, 아니면 IFRS4",조효재,혈족1촌,-,2026-06-30,보통주,"168,130",0.10,api,hyslrSttus,"{""bsns_year"": ""2026"", ""corp_code"": ""00860332"", ""reprt_code"": ""11012""}",20260814004036,api_row,2026-09-11T10:45:33+09:00,000,run_20260911_103248_0258,raw/hyslrSttus/00860332_2026_11012.json,f70be2e922e32dbcc7e7ca787db433fe00da1934d0eb542ea95e67f475bb4b62,0
메리츠금융지주,지주,비교지주,00860332,메리츠금융지주,2026,11012,반기보고서,IFRS17,"400,000",0.23,Y,"보고서 사업연도 >= 2023 이면 IFRS17, 아니면 IFRS4",김용범,임원,-,2026-06-30,보통주,"400,000",0.24,api,hyslrSttus,"{""bsns_year"": ""2026"", ""corp_code"": ""00860332"", ""reprt_code"": ""11012""}",20260814004036,api_row,2026-09-11T10:45:33+09:00,000,run_20260911_103248_0258,raw/hyslrSttus/00860332_2026_11012.json,f70be2e922e32dbcc7e7ca787db433fe00da1934d0eb542ea95e67f475bb4b62,0
메리츠금융지주,지주,비교지주,00860332,메리츠금융지주,2026,11012,반기보고서,IFRS17,0,0.00,Y,"보고서 사업연도 >= 2023 이면 IFRS17, 아니면 IFRS4",김우진,임원,-,2026-06-30,보통주,173,0.00,api,hyslrSttus,"{""bsns_year"": ""2026"", ""corp_code"": ""00860332"", ""reprt_code"": ""11012""}",20260814004036,api_row,2026-09-11T10:45:33+09:00,000,run_20260911_103248_0258,raw/hyslrSttus/00860332_2026_11012.json,f70be2e922e32dbcc7e7ca787db433fe00da1934d0eb542ea95e67f475bb4b62,0
메리츠금융지주,지주,비교지주,00860332,메리츠금융지주,2026,11012,반기보고서,IFRS17,"3,535",0.00,Y,"보고서 사업연도 >= 2023 이면 IFRS17, 아니면 IFRS4",김중현,계열사 임원,-,2026-06-30,보통주,"3,535",0.00,api,hyslrSttus,"{""bsns_year"": ""2026"", ""corp_code"": ""00860332"", ""reprt_code"": ""11012""}",20260814004036,api_row,2026-09-11T10:45:33+09:00,000,run_20260911_103248_0258,raw/hyslrSttus/00860332_2026_11012.json,f70be2e922e32dbcc7e7ca787db433fe00da1934d0eb542ea95e67f475bb4b62,0
메리츠금융지주,지주,비교지주,00860332,메리츠금융지주,2026,11012,반기보고서,IFRS17,"2,128",0.00,Y,"보고서 사업연도 >= 2023 이면 IFRS17, 아니면 IFRS4",선욱,계열사 임원,-,2026-06-30,보통주,"2,128",0.00,api,hyslrSttus,"{""bsns_year"": ""2026"", ""corp_code"": ""00860332"", ""reprt_code"": ""11012""}",20260814004036,api_row,2026-09-11T10:45:33+09:00,000,run_20260911_103248_0258,raw/hyslrSttus/00860332_2026_11012.json,f70be2e922e32dbcc7e7ca787db433fe00da1934d0eb542ea95e67f475bb4b62,0
메리츠금융지주,지주,비교지주,00860332,메리츠금융지주,2026,11012,반기보고서,IFRS17,"12,406",0.01,Y,"보고서 사업연도 >= 2023 이면 IFRS17, 아니면 IFRS4",장원재,계열사 임원,-,2026-06-30,보통주,"12,406",0.01,api,hyslrSttus,"{""bsns_year"": ""2026"", ""corp_code"": ""00860332"", ""reprt_code"": ""11012""}",20260814004036,api_row,2026-09-11T10:45:33+09:00,000,run_20260911_103248_0258,raw/hyslrSttus/00860332_2026_11012.json,f70be2e922e32dbcc7e7ca787db433fe00da1934d0eb542ea95e67f475bb4b62,0
메리츠금융지주,지주,비교지주,00860332,메리츠금융지주,2026,11012,반기보고서,IFRS17,"4,613",0.00,Y,"보고서 사업연도 >= 2023 이면 IFRS17, 아니면 IFRS4",김종민,계열사 임원,-,2026-06-30,보통주,"14,144",0.01,api,hyslrSttus,"{""bsns_year"": ""2026"", ""corp_code"": ""00860332"", ""reprt_code"": ""11012""}",20260814004036,api_row,2026-09-11T10:45:33+09:00,000,run_20260911_103248_0258,raw/hyslrSttus/00860332_2026_11012.json,f70be2e922e32dbcc7e7ca787db433fe00da1934d0eb542ea95e67f475bb4b62,0
메리츠금융지주,지주,비교지주,00860332,메리츠금융지주,2026,11012,반기보고서,IFRS17,731,0.00,Y,"보고서 사업연도 >= 2023 이면 IFRS17, 아니면 IFRS4",이종현,계열사 임원,-,2026-06-30,보통주,731,0.00,api,hyslrSttus,"{""bsns_year"": ""2026"", ""corp_code"": ""00860332"", ""reprt_code"": ""11012""}",20260814004036,api_row,2026-09-11T10:45:33+09:00,000,run_20260911_103248_0258,raw/hyslrSttus/00860332_2026_11012.json,f70be2e922e32dbcc7e7ca787db433fe00da1934d0eb542ea95e67f475bb4b62,0
메리츠금융지주,지주,비교지주,00860332,메리츠금융지주,2026,11012,반기보고서,IFRS17,"98,353,032",56.13,Y,"보고서 사업연도 >= 2023 이면 IFRS17, 아니면 IFRS4",계,,-,2026-06-30,보통주,"98,362,736",58.78,api,hyslrSttus,"{""bsns_year"": ""2026"", ""corp_code"": ""00860332"", ""reprt_code"": ""11012""}",20260814004036,api_row,2026-09-11T10:45:33+09:00,000,run_20260911_103248_0258,raw/hyslrSttus/00860332_2026_11012.json,f70be2e922e32dbcc7e7ca787db433fe00da1934d0eb542ea95e67f475bb4b62,0
메리츠금융지주,지주,비교지주,00860332,메리츠금융지주,2026,11012,반기보고서,IFRS17,-,-,Y,"보고서 사업연도 >= 2023 이면 IFRS17, 아니면 IFRS4",계,,-,2026-06-30,-,-,-,api,hyslrSttus,"{""bsns_year"": ""2026"", ""corp_code"": ""00860332"", ""reprt_code"": ""11012""}",20260814004036,api_row,2026-09-11T10:45:33+09:00,000,run_20260911_103248_0258,raw/hyslrSttus/00860332_2026_11012.json,f70be2e922e32dbcc7e7ca787db433fe00da1934d0eb542ea95e67f475bb4b62,0
메리츠증권,기타,참고,00163682,메리츠증권,2021,11011,사업보고서,IFRS4,"328,355,866",47.06,E,"보고서 사업연도 >= 2023 이면 IFRS17, 아니면 IFRS4","(주)메리츠
금융지주",최대주주 본인,-,2021-12-31,보통주,"328,355,866",48.17,api,hyslrSttus,"{""bsns_year"": ""2021"", ""corp_code"": ""00163682"", ""reprt_code"": ""11011""}",20220308000675,api_row,2026-09-11T10:52:23+09:00,000,run_20260911_103248_0330,raw/hyslrSttus/00163682_2021_11011.json,9fe18d6cd122436d26496371b7a0308eb63b01d5ee16e5cd01e8fe6b4a9b061c,0
메리츠증권,기타,참고,00163682,메리츠증권,2021,11011,사업보고서,IFRS4,"6,424,646",0.92,E,"보고서 사업연도 >= 2023 이면 IFRS17, 아니면 IFRS4",조정호,최대주주의 최대주주,-,2021-12-31,보통주,"6,424,646",0.94,api,hyslrSttus,"{""bsns_year"": ""2021"", ""corp_code"": ""00163682"", ""reprt_code"": ""11011""}",20220308000675,api_row,2026-09-11T10:52:23+09:00,000,run_20260911_103248_0330,raw/hyslrSttus/00163682_2021_11011.json,9fe18d6cd122436d26496371b7a0308eb63b01d5ee16e5cd01e8fe6b4a9b061c,0
메리츠증권,기타,참고,00163682,메리츠증권,2021,11011,사업보고서,IFRS4,"320,341",0.05,E,"보고서 사업연도 >= 2023 이면 IFRS17, 아니면 IFRS4",조효재,기타,-,2021-12-31,보통주,"320,341",0.05,api,hyslrSttus,"{""bsns_year"": ""2021"", ""corp_code"": ""00163682"", ""reprt_code"": ""11011""}",20220308000675,api_row,2026-09-11T10:52:23+09:00,000,run_20260911_103248_0330,raw/hyslrSttus/00163682_2021_11011.json,9fe18d6cd122436d26496371b7a0308eb63b01d5ee16e5cd01e8fe6b4a9b061c,0
메리츠증권,기타,참고,00163682,메리츠증권,2021,11011,사업보고서,IFRS4,"128,787",0.02,E,"보고서 사업연도 >= 2023 이면 IFRS17, 아니면 IFRS4",김용범,최대주주의 임원,-,2021-12-31,보통주,0,0.00,api,hyslrSttus,"{""bsns_year"": ""2021"", ""corp_code"": ""00163682"", ""reprt_code"": ""11011""}",20220308000675,api_row,2026-09-11T10:52:23+09:00,000,run_20260911_103248_0330,raw/hyslrSttus/00163682_2021_11011.json,9fe18d6cd122436d26496371b7a0308eb63b01d5ee16e5cd01e8fe6b4a9b061c,0
메리츠증권,기타,참고,00163682,메리츠증권,2021,11011,사업보고서,IFRS4,"335,229,640",48.05,E,"보고서 사업연도 >= 2023 이면 IFRS17, 아니면 IFRS4",계,,-,2021-12-31,보통주,"335,100,853",49.15,api,hyslrSttus,"{""bsns_year"": ""2021"", ""corp_code"": ""00163682"", ""reprt_code"": ""11011""}",20220308000675,api_row,2026-09-11T10:52:23+09:00,000,run_20260911_103248_0330,raw/hyslrSttus/00163682_2021_11011.json,9fe18d6cd122436d26496371b7a0308eb63b01d5ee16e5cd01e8fe6b4a9b061c,0
메리츠증권,기타,참고,00163682,메리츠증권,2021,11011,사업보고서,IFRS4,-,-,E,"보고서 사업연도 >= 2023 이면 IFRS17, 아니면 IFRS4",계,,-,2021-12-31,우선주,-,-,api,hyslrSttus,"{""bsns_year"": ""2021"", ""corp_code"": ""00163682"", ""reprt_code"": ""11011""}",20220308000675,api_row,2026-09-11T10:52:23+09:00,000,run_20260911_103248_0330,raw/hyslrSttus/00163682_2021_11011.json,9fe18d6cd122436d26496371b7a0308eb63b01d5ee16e5cd01e8fe6b4a9b061c,0
메리츠증권,기타,참고,00163682,메리츠증권,2022,11011,사업보고서,IFRS4,"328,355,866",48.17,E,"보고서 사업연도 >= 2023 이면 IFRS17, 아니면 IFRS4","(주)메리츠
 금융지주",최대주주 본인,-,2022-12-31,보통주,"328,355,866",53.39,api,hyslrSttus,"{""bsns_year"": ""2022"", ""corp_code"": ""00163682"", ""reprt_code"": ""11011""}",20230309000552,api_row,2026-09-11T10:52:43+09:00,000,run_20260911_103248_0339,raw/hyslrSttus/00163682_2022_11011.json,7c1df591b652cb11002e94d01b58eb762fcc23a4d1d6a8beee65878deb4d65fe,0
메리츠증권,기타,참고,00163682,메리츠증권,2022,11011,사업보고서,IFRS4,"6,424,646",0.94,E,"보고서 사업연도 >= 2023 이면 IFRS17, 아니면 IFRS4",조정호,최대주주의 최대주주,-,2022-12-31,보통주,"6,424,646",1.04,api,hyslrSttus,"{""bsns_year"": ""2022"", ""corp_code"": ""00163682"", ""reprt_code"": ""11011""}",20230309000552,api_row,2026-09-11T10:52:43+09:00,000,run_20260911_103248_0339,raw/hyslrSttus/00163682_2022_11011.json,7c1df591b652cb11002e94d01b58eb762fcc23a4d1d6a8beee65878deb4d65fe,0
메리츠증권,기타,참고,00163682,메리츠증권,2022,11011,사업보고서,IFRS4,"320,341",0.05,E,"보고서 사업연도 >= 2023 이면 IFRS17, 아니면 IFRS4",조효재,기타,-,2022-12-31,보통주,"320,341",0.05,api,hyslrSttus,"{""bsns_year"": ""2022"", ""corp_code"": ""00163682"", ""reprt_code"": ""11011""}",20230309000552,api_row,2026-09-11T10:52:43+09:00,000,run_20260911_103248_0339,raw/hyslrSttus/00163682_2022_11011.json,7c1df591b652cb11002e94d01b58eb762fcc23a4d1d6a8beee65878deb4d65fe,0
메리츠증권,기타,참고,00163682,메리츠증권,2022,11011,사업보고서,IFRS4,0,0.00,E,"보고서 사업연도 >= 2023 이면 IFRS17, 아니면 IFRS4",남   준,계열사 임원,신규선임,2022-12-31,보통주,"17,424",0.00,api,hyslrSttus,"{""bsns_year"": ""2022"", ""corp_code"": ""00163682"", ""reprt_code"": ""11011""}",20230309000552,api_row,2026-09-11T10:52:43+09:00,000,run_20260911_103248_0339,raw/hyslrSttus/00163682_2022_11011.json,7c1df591b652cb11002e94d01b58eb762fcc23a4d1d6a8beee65878deb4d65fe,0
메리츠증권,기타,참고,00163682,메리츠증권,2022,11011,사업보고서,IFRS4,0,0.00,E,"보고서 사업연도 >= 2023 이면 IFRS17, 아니면 IFRS4",장   철,계열사 임원,신규선임,2022-12-31,보통주,"6,447",0.00,api,hyslrSttus,"{""bsns_year"": ""2022"", ""corp_code"": ""00163682"", ""reprt_code"": ""11011""}",20230309000552,api_row,2026-09-11T10:52:43+09:00,000,run_20260911_103248_0339,raw/hyslrSttus/00163682_2022_11011.json,7c1df591b652cb11002e94d01b58eb762fcc23a4d1d6a8beee65878deb4d65fe,0
메리츠증권,기타,참고,00163682,메리츠증권,2022,11011,사업보고서,IFRS4,"335,100,853",49.15,E,"보고서 사업연도 >= 2023 이면 IFRS17, 아니면 IFRS4",계,,-,2022-12-31,보통주,"335,124,724",54.49,api,hyslrSttus,"{""bsns_year"": ""2022"", ""corp_code"": ""00163682"", ""reprt_code"": ""11011""}",20230309000552,api_row,2026-09-11T10:52:43+09:00,000,run_20260911_103248_0339,raw/hyslrSttus/00163682_2022_11011.json,7c1df591b652cb11002e94d01b58eb762fcc23a4d1d6a8beee65878deb4d65fe,0
메리츠증권,기타,참고,00163682,메리츠증권,2022,11011,사업보고서,IFRS4,-,-,E,"보고서 사업연도 >= 2023 이면 IFRS17, 아니면 IFRS4",계,,-,2022-12-31,우선주,-,-,api,hyslrSttus,"{""bsns_year"": ""2022"", ""corp_code"": ""00163682"", ""reprt_code"": ""11011""}",20230309000552,api_row,2026-09-11T10:52:43+09:00,000,run_20260911_103248_0339,raw/hyslrSttus/00163682_2022_11011.json,7c1df591b652cb11002e94d01b58eb762fcc23a4d1d6a8beee65878deb4d65fe,0
메리츠증권,기타,참고,00163682,메리츠증권,2023,11011,사업보고서,IFRS17,"328,355,866",53.39,E,"보고서 사업연도 >= 2023 이면 IFRS17, 아니면 IFRS4",(주)메리츠금융지주,최대주주 본인,주식교환(+),2023-12-31,보통주,"593,180,579",100.00,api,hyslrSttus,"{""bsns_year"": ""2023"", ""corp_code"": ""00163682"", ""reprt_code"": ""11011""}",20240401003586,api_row,2026-09-11T10:53:03+09:00,000,run_20260911_103248_0348,raw/hyslrSttus/00163682_2023_11011.json,e70d47d7da591f6f14f2ffdfe5f0e52e942c5010e342fda37c97810b475b6436,0
메리츠증권,기타,참고,00163682,메리츠증권,2023,11011,사업보고서,IFRS17,"6,424,646",1.04,E,"보고서 사업연도 >= 2023 이면 IFRS17, 아니면 IFRS4",조정호,최대주주의 최대주주,주식교환(-),2023-12-31,보통주,0,0.00,api,hyslrSttus,"{""bsns_year"": ""2023"", ""corp_code"": ""00163682"", ""reprt_code"": ""11011""}",20240401003586,api_row,2026-09-11T10:53:03+09:00,000,run_20260911_103248_0348,raw/hyslrSttus/00163682_2023_11011.json,e70d47d7da591f6f14f2ffdfe5f0e52e942c5010e342fda37c97810b475b6436,0
메리츠증권,기타,참고,00163682,메리츠증권,2023,11011,사업보고서,IFRS17,"320,341",0.05,E,"보고서 사업연도 >= 2023 이면 IFRS17, 아니면 IFRS4",조효재,기타,주식교환(-),2023-12-31,보통주,0,0.00,api,hyslrSttus,"{""bsns_year"": ""2023"", ""corp_code"": ""00163682"", ""reprt_code"": ""11011""}",20240401003586,api_row,2026-09-11T10:53:03+09:00,000,run_20260911_103248_0348,raw/hyslrSttus/00163682_2023_11011.json,e70d47d7da591f6f14f2ffdfe5f0e52e942c5010e342fda37c97810b475b6436,0
메리츠증권,기타,참고,00163682,메리츠증권,2023,11011,사업보고서,IFRS17,"17,424",0.00,E,"보고서 사업연도 >= 2023 이면 IFRS17, 아니면 IFRS4",남   준,계열사 임원,주식교환(-),2023-12-31,보통주,0,0.00,api,hyslrSttus,"{""bsns_year"": ""2023"", ""corp_code"": ""00163682"", ""reprt_code"": ""11011""}",20240401003586,api_row,2026-09-11T10:53:03+09:00,000,run_20260911_103248_0348,raw/hyslrSttus/00163682_2023_11011.json,e70d47d7da591f6f14f2ffdfe5f0e52e942c5010e342fda37c97810b475b6436,0
메리츠증권,기타,참고,00163682,메리츠증권,2023,11011,사업보고서,IFRS17,"6,447",0.00,E,"보고서 사업연도 >= 2023 이면 IFRS17, 아니면 IFRS4",장   철,계열사 임원,주식교환(-),2023-12-31,보통주,0,0.00,api,hyslrSttus,"{""bsns_year"": ""2023"", ""corp_code"": ""00163682"", ""reprt_code"": ""11011""}",20240401003586,api_row,2026-09-11T10:53:03+09:00,000,run_20260911_103248_0348,raw/hyslrSttus/00163682_2023_11011.json,e70d47d7da591f6f14f2ffdfe5f0e52e942c5010e342fda37c97810b475b6436,0
메리츠증권,기타,참고,00163682,메리츠증권,2023,11011,사업보고서,IFRS17,"335,124,724",54.49,E,"보고서 사업연도 >= 2023 이면 IFRS17, 아니면 IFRS4",계,,-,2023-12-31,보통주,"593,180,579",100.00,api,hyslrSttus,"{""bsns_year"": ""2023"", ""corp_code"": ""00163682"", ""reprt_code"": ""11011""}",20240401003586,api_row,2026-09-11T10:53:03+09:00,000,run_20260911_103248_0348,raw/hyslrSttus/00163682_2023_11011.json,e70d47d7da591f6f14f2ffdfe5f0e52e942c5010e342fda37c97810b475b6436,0
메리츠증권,기타,참고,00163682,메리츠증권,2023,11011,사업보고서,IFRS17,-,-,E,"보고서 사업연도 >= 2023 이면 IFRS17, 아니면 IFRS4",계,,-,2023-12-31,우선주,-,-,api,hyslrSttus,"{""bsns_year"": ""2023"", ""corp_code"": ""00163682"", ""reprt_code"": ""11011""}",20240401003586,api_row,2026-09-11T10:53:03+09:00,000,run_20260911_103248_0348,raw/hyslrSttus/00163682_2023_11011.json,e70d47d7da591f6f14f2ffdfe5f0e52e942c5010e342fda37c97810b475b6436,0
메리츠증권,기타,참고,00163682,메리츠증권,2024,11011,사업보고서,IFRS17,"593,180,579",100.00,E,"보고서 사업연도 >= 2023 이면 IFRS17, 아니면 IFRS4",(주)메리츠금융지주,최대주주 본인,-,2024-12-31,보통주,"593,180,579",100.00,api,hyslrSttus,"{""bsns_year"": ""2024"", ""corp_code"": ""00163682"", ""reprt_code"": ""11011""}",20250331003245,api_row,2026-09-11T10:53:42+09:00,000,run_20260911_103248_0357,raw/hyslrSttus/00163682_2024_11011.json,814fb0fbe84088e575fbdda1e5137c57b4ebed2a3944ae75faaf66e94d860d3f,0
메리츠증권,기타,참고,00163682,메리츠증권,2024,11011,사업보고서,IFRS17,"593,180,579",100.00,E,"보고서 사업연도 >= 2023 이면 IFRS17, 아니면 IFRS4",계,,-,2024-12-31,보통주,"593,180,579",100.00,api,hyslrSttus,"{""bsns_year"": ""2024"", ""corp_code"": ""00163682"", ""reprt_code"": ""11011""}",20250331003245,api_row,2026-09-11T10:53:42+09:00,000,run_20260911_103248_0357,raw/hyslrSttus/00163682_2024_11011.json,814fb0fbe84088e575fbdda1e5137c57b4ebed2a3944ae75faaf66e94d860d3f,0
메리츠증권,기타,참고,00163682,메리츠증권,2024,11011,사업보고서,IFRS17,-,-,E,"보고서 사업연도 >= 2023 이면 IFRS17, 아니면 IFRS4",계,,-,2024-12-31,우선주,-,-,api,hyslrSttus,"{""bsns_year"": ""2024"", ""corp_code"": ""00163682"", ""reprt_code"": ""11011""}",20250331003245,api_row,2026-09-11T10:53:42+09:00,000,run_20260911_103248_0357,raw/hyslrSttus/00163682_2024_11011.json,814fb0fbe84088e575fbdda1e5137c57b4ebed2a3944ae75faaf66e94d860d3f,0
메리츠증권,기타,참고,00163682,메리츠증권,2025,11011,사업보고서,IFRS17,"593,180,579",100.00,E,"보고서 사업연도 >= 2023 이면 IFRS17, 아니면 IFRS4",(주)메리츠금융지주,최대주주 본인,-,2025-12-31,보통주,"597,180,579",100.00,api,hyslrSttus,"{""bsns_year"": ""2025"", ""corp_code"": ""00163682"", ""reprt_code"": ""11011""}",20260401004248,api_row,2026-09-11T10:54:20+09:00,000,run_20260911_103248_0366,raw/hyslrSttus/00163682_2025_11011.json,424fa73e9dd50fe75df37f2056ded631db2e8fa40493b8ea8b9ee057836e4cd4,0
메리츠증권,기타,참고,00163682,메리츠증권,2025,11011,사업보고서,IFRS17,"593,180,579",100.00,E,"보고서 사업연도 >= 2023 이면 IFRS17, 아니면 IFRS4",계,,-,2025-12-31,보통주,"597,180,579",100.00,api,hyslrSttus,"{""bsns_year"": ""2025"", ""corp_code"": ""00163682"", ""reprt_code"": ""11011""}",20260401004248,api_row,2026-09-11T10:54:20+09:00,000,run_20260911_103248_0366,raw/hyslrSttus/00163682_2025_11011.json,424fa73e9dd50fe75df37f2056ded631db2e8fa40493b8ea8b9ee057836e4cd4,0
메리츠증권,기타,참고,00163682,메리츠증권,2025,11011,사업보고서,IFRS17,-,-,E,"보고서 사업연도 >= 2023 이면 IFRS17, 아니면 IFRS4",계,,-,2025-12-31,우선주,-,-,api,hyslrSttus,"{""bsns_year"": ""2025"", ""corp_code"": ""00163682"", ""reprt_code"": ""11011""}",20260401004248,api_row,2026-09-11T10:54:20+09:00,000,run_20260911_103248_0366,raw/hyslrSttus/00163682_2025_11011.json,424fa73e9dd50fe75df37f2056ded631db2e8fa40493b8ea8b9ee057836e4cd4,0
메리츠증권,기타,참고,00163682,메리츠증권,2025,11012,반기보고서,IFRS17,"593,180,579",100.00,E,"보고서 사업연도 >= 2023 이면 IFRS17, 아니면 IFRS4",(주)메리츠금융지주,최대주주 본인,-,2025-06-30,보통주,"597,180,579",100.00,api,hyslrSttus,"{""bsns_year"": ""2025"", ""corp_code"": ""00163682"", ""reprt_code"": ""11012""}",20250814003313,api_row,2026-09-11T10:54:58+09:00,000,run_20260911_103248_0375,raw/hyslrSttus/00163682_2025_11012.json,da8fe6f9d0e2b53fd5968084247089c6ffaeec1d84456f910d221e12962a5741,0
메리츠증권,기타,참고,00163682,메리츠증권,2025,11012,반기보고서,IFRS17,"593,180,579",100.00,E,"보고서 사업연도 >= 2023 이면 IFRS17, 아니면 IFRS4",계,,-,2025-06-30,보통주,"597,180,579",100.00,api,hyslrSttus,"{""bsns_year"": ""2025"", ""corp_code"": ""00163682"", ""reprt_code"": ""11012""}",20250814003313,api_row,2026-09-11T10:54:58+09:00,000,run_20260911_103248_0375,raw/hyslrSttus/00163682_2025_11012.json,da8fe6f9d0e2b53fd5968084247089c6ffaeec1d84456f910d221e12962a5741,0
메리츠증권,기타,참고,00163682,메리츠증권,2025,11012,반기보고서,IFRS17,-,-,E,"보고서 사업연도 >= 2023 이면 IFRS17, 아니면 IFRS4",계,,-,2025-06-30,우선주,-,-,api,hyslrSttus,"{""bsns_year"": ""2025"", ""corp_code"": ""00163682"", ""reprt_code"": ""11012""}",20250814003313,api_row,2026-09-11T10:54:58+09:00,000,run_20260911_103248_0375,raw/hyslrSttus/00163682_2025_11012.json,da8fe6f9d0e2b53fd5968084247089c6ffaeec1d84456f910d221e12962a5741,0
메리츠증권,기타,참고,00163682,메리츠증권,2026,11012,반기보고서,IFRS17,"597,180,579",100.00,E,"보고서 사업연도 >= 2023 이면 IFRS17, 아니면 IFRS4",(주)메리츠금융지주,최대주주 본인,-,2026-06-30,보통주,"597,180,579",100.00,api,hyslrSttus,"{""bsns_year"": ""2026"", ""corp_code"": ""00163682"", ""reprt_code"": ""11012""}",20260814003209,api_row,2026-09-11T10:55:37+09:00,000,run_20260911_103248_0384,raw/hyslrSttus/00163682_2026_11012.json,7c5352d4b0f8c9048cbbcf81841c0453f047071756687865d1478de74b7069ef,0
메리츠증권,기타,참고,00163682,메리츠증권,2026,11012,반기보고서,IFRS17,"597,180,579",100.00,E,"보고서 사업연도 >= 2023 이면 IFRS17, 아니면 IFRS4",계,,-,2026-06-30,보통주,"597,180,579",100.00,api,hyslrSttus,"{""bsns_year"": ""2026"", ""corp_code"": ""00163682"", ""reprt_code"": ""11012""}",20260814003209,api_row,2026-09-11T10:55:37+09:00,000,run_20260911_103248_0384,raw/hyslrSttus/00163682_2026_11012.json,7c5352d4b0f8c9048cbbcf81841c0453f047071756687865d1478de74b7069ef,0
메리츠증권,기타,참고,00163682,메리츠증권,2026,11012,반기보고서,IFRS17,-,-,E,"보고서 사업연도 >= 2023 이면 IFRS17, 아니면 IFRS4",계,,-,2026-06-30,우선주,-,-,api,hyslrSttus,"{""bsns_year"": ""2026"", ""corp_code"": ""00163682"", ""reprt_code"": ""11012""}",20260814003209,api_row,2026-09-11T10:55:37+09:00,000,run_20260911_103248_0384,raw/hyslrSttus/00163682_2026_11012.json,7c5352d4b0f8c9048cbbcf81841c0453f047071756687865d1478de74b7069ef,0
메리츠화재해상보험,손보,전환주체,00117744,메리츠화재해상보험,2021,11011,사업보고서,IFRS4,"67,653,943",56.09,E,"보고서 사업연도 >= 2023 이면 IFRS17, 아니면 IFRS4",㈜메리츠금융지주,본인,-,2021-12-31,보통주,"67,653,943",56.09,api,hyslrSttus,"{""bsns_year"": ""2021"", ""corp_code"": ""00117744"", ""reprt_code"": ""11011""}",20221130001307,api_row,2026-09-11T10:39:00+09:00,000,run_20260911_103248_0141,raw/hyslrSttus/00117744_2021_11011.json,52653c750d349ffac75e42a9cf448c150e79c2aeb3b09a17679f5573f9030ed2,0
메리츠화재해상보험,손보,전환주체,00117744,메리츠화재해상보험,2021,11011,사업보고서,IFRS4,"38,016",0.03,E,"보고서 사업연도 >= 2023 이면 IFRS17, 아니면 IFRS4",조효재,기타 주),-,2021-12-31,보통주,"38,016",0.03,api,hyslrSttus,"{""bsns_year"": ""2021"", ""corp_code"": ""00117744"", ""reprt_code"": ""11011""}",20221130001307,api_row,2026-09-11T10:39:00+09:00,000,run_20260911_103248_0141,raw/hyslrSttus/00117744_2021_11011.json,52653c750d349ffac75e42a9cf448c150e79c2aeb3b09a17679f5573f9030ed2,0
메리츠화재해상보험,손보,전환주체,00117744,메리츠화재해상보험,2021,11011,사업보고서,IFRS4,"200,000",0.17,E,"보고서 사업연도 >= 2023 이면 IFRS17, 아니면 IFRS4",김용범,계열사임원,-,2021-12-31,보통주,"200,000",0.17,api,hyslrSttus,"{""bsns_year"": ""2021"", ""corp_code"": ""00117744"", ""reprt_code"": ""11011""}",20221130001307,api_row,2026-09-11T10:39:00+09:00,000,run_20260911_103248_0141,raw/hyslrSttus/00117744_2021_11011.json,52653c750d349ffac75e42a9cf448c150e79c2aeb3b09a17679f5573f9030ed2,0
메리츠화재해상보험,손보,전환주체,00117744,메리츠화재해상보험,2021,11011,사업보고서,IFRS4,"21,010",0.02,E,"보고서 사업연도 >= 2023 이면 IFRS17, 아니면 IFRS4",이범진,계열사임원,-,2021-12-31,보통주,"21,010",0.02,api,hyslrSttus,"{""bsns_year"": ""2021"", ""corp_code"": ""00117744"", ""reprt_code"": ""11011""}",20221130001307,api_row,2026-09-11T10:39:00+09:00,000,run_20260911_103248_0141,raw/hyslrSttus/00117744_2021_11011.json,52653c750d349ffac75e42a9cf448c150e79c2aeb3b09a17679f5573f9030ed2,0
메리츠화재해상보험,손보,전환주체,00117744,메리츠화재해상보험,2021,11011,사업보고서,IFRS4,"10,000",0.01,E,"보고서 사업연도 >= 2023 이면 IFRS17, 아니면 IFRS4",조이수,계열사임원,임원퇴임(-),2021-12-31,보통주,0,0.00,api,hyslrSttus,"{""bsns_year"": ""2021"", ""corp_code"": ""00117744"", ""reprt_code"": ""11011""}",20221130001307,api_row,2026-09-11T10:39:00+09:00,000,run_20260911_103248_0141,raw/hyslrSttus/00117744_2021_11011.json,52653c750d349ffac75e42a9cf448c150e79c2aeb3b09a17679f5573f9030ed2,0
메리츠화재해상보험,손보,전환주체,00117744,메리츠화재해상보험,2021,11011,사업보고서,IFRS4,"3,000",0.00,E,"보고서 사업연도 >= 2023 이면 IFRS17, 아니면 IFRS4",이지환,계열사임원,임원퇴임(-),2021-12-31,보통주,0,0.00,api,hyslrSttus,"{""bsns_year"": ""2021"", ""corp_code"": ""00117744"", ""reprt_code"": ""11011""}",20221130001307,api_row,2026-09-11T10:39:00+09:00,000,run_20260911_103248_0141,raw/hyslrSttus/00117744_2021_11011.json,52653c750d349ffac75e42a9cf448c150e79c2aeb3b09a17679f5573f9030ed2,0
메리츠화재해상보험,손보,전환주체,00117744,메리츠화재해상보험,2021,11011,사업보고서,IFRS4,"4,500",0.00,E,"보고서 사업연도 >= 2023 이면 IFRS17, 아니면 IFRS4",김동석,계열사임원,-,2021-12-31,보통주,"4,500",0.00,api,hyslrSttus,"{""bsns_year"": ""2021"", ""corp_code"": ""00117744"", ""reprt_code"": ""11011""}",20221130001307,api_row,2026-09-11T10:39:00+09:00,000,run_20260911_103248_0141,raw/hyslrSttus/00117744_2021_11011.json,52653c750d349ffac75e42a9cf448c150e79c2aeb3b09a17679f5573f9030ed2,0
메리츠화재해상보험,손보,전환주체,00117744,메리츠화재해상보험,2021,11011,사업보고서,IFRS4,0,0.00,E,"보고서 사업연도 >= 2023 이면 IFRS17, 아니면 IFRS4",차희준,계열사임원,장내매수(+),2021-12-31,보통주,"8,600",0.01,api,hyslrSttus,"{""bsns_year"": ""2021"", ""corp_code"": ""00117744"", ""reprt_code"": ""11011""}",20221130001307,api_row,2026-09-11T10:39:00+09:00,000,run_20260911_103248_0141,raw/hyslrSttus/00117744_2021_11011.json,52653c750d349ffac75e42a9cf448c150e79c2aeb3b09a17679f5573f9030ed2,0
메리츠화재해상보험,손보,전환주체,00117744,메리츠화재해상보험,2021,11011,사업보고서,IFRS4,"67,930,469",56.32,E,"보고서 사업연도 >= 2023 이면 IFRS17, 아니면 IFRS4",계,,-,2021-12-31,보통주,"67,926,069",56.31,api,hyslrSttus,"{""bsns_year"": ""2021"", ""corp_code"": ""00117744"", ""reprt_code"": ""11011""}",20221130001307,api_row,2026-09-11T10:39:00+09:00,000,run_20260911_103248_0141,raw/hyslrSttus/00117744_2021_11011.json,52653c750d349ffac75e42a9cf448c150e79c2aeb3b09a17679f5573f9030ed2,0
메리츠화재해상보험,손보,전환주체,00117744,메리츠화재해상보험,2021,11011,사업보고서,IFRS4,"67,930,469",56.32,E,"보고서 사업연도 >= 2023 이면 IFRS17, 아니면 IFRS4",계,,-,2021-12-31,합계,"67,926,069",56.31,api,hyslrSttus,"{""bsns_year"": ""2021"", ""corp_code"": ""00117744"", ""reprt_code"": ""11011""}",20221130001307,api_row,2026-09-11T10:39:00+09:00,000,run_20260911_103248_0141,raw/hyslrSttus/00117744_2021_11011.json,52653c750d349ffac75e42a9cf448c150e79c2aeb3b09a17679f5573f9030ed2,0
메리츠화재해상보험,손보,전환주체,00117744,메리츠화재해상보험,2022,11011,사업보고서,IFRS4,"67,653,943",56.09,E,"보고서 사업연도 >= 2023 이면 IFRS17, 아니면 IFRS4",㈜메리츠금융지주,본인,-,2022-12-31,보통주,"67,653,943",60.89,api,hyslrSttus,"{""bsns_year"": ""2022"", ""corp_code"": ""00117744"", ""reprt_code"": ""11011""}",20230331004390,api_row,2026-09-11T10:39:14+09:00,000,run_20260911_103248_0150,raw/hyslrSttus/00117744_2022_11011.json,c4a12027ba9630afbab59f7002e09b729989b3b3056b35c9e42958eccec7027e,0
메리츠화재해상보험,손보,전환주체,00117744,메리츠화재해상보험,2022,11011,사업보고서,IFRS4,"38,016",0.03,E,"보고서 사업연도 >= 2023 이면 IFRS17, 아니면 IFRS4",조효재,기타1),-,2022-12-31,보통주,"38,016",0.03,api,hyslrSttus,"{""bsns_year"": ""2022"", ""corp_code"": ""00117744"", ""reprt_code"": ""11011""}",20230331004390,api_row,2026-09-11T10:39:14+09:00,000,run_20260911_103248_0150,raw/hyslrSttus/00117744_2022_11011.json,c4a12027ba9630afbab59f7002e09b729989b3b3056b35c9e42958eccec7027e,0
메리츠화재해상보험,손보,전환주체,00117744,메리츠화재해상보험,2022,11011,사업보고서,IFRS4,"200,000",0.17,E,"보고서 사업연도 >= 2023 이면 IFRS17, 아니면 IFRS4",김용범,계열사임원,-,2022-12-31,보통주,"200,000",0.18,api,hyslrSttus,"{""bsns_year"": ""2022"", ""corp_code"": ""00117744"", ""reprt_code"": ""11011""}",20230331004390,api_row,2026-09-11T10:39:14+09:00,000,run_20260911_103248_0150,raw/hyslrSttus/00117744_2022_11011.json,c4a12027ba9630afbab59f7002e09b729989b3b3056b35c9e42958eccec7027e,0
메리츠화재해상보험,손보,전환주체,00117744,메리츠화재해상보험,2022,11011,사업보고서,IFRS4,"21,010",0.02,E,"보고서 사업연도 >= 2023 이면 IFRS17, 아니면 IFRS4",이범진,계열사임원,-,2022-12-31,보통주,"21,010",0.02,api,hyslrSttus,"{""bsns_year"": ""2022"", ""corp_code"": ""00117744"", ""reprt_code"": ""11011""}",20230331004390,api_row,2026-09-11T10:39:14+09:00,000,run_20260911_103248_0150,raw/hyslrSttus/00117744_2022_11011.json,c4a12027ba9630afbab59f7002e09b729989b3b3056b35c9e42958eccec7027e,0
메리츠화재해상보험,손보,전환주체,00117744,메리츠화재해상보험,2022,11011,사업보고서,IFRS4,"4,500",0.00,E,"보고서 사업연도 >= 2023 이면 IFRS17, 아니면 IFRS4",김동석,계열사임원,임원퇴임(-),2022-12-31,보통주,0,0.00,api,hyslrSttus,"{""bsns_year"": ""2022"", ""corp_code"": ""00117744"", ""reprt_code"": ""11011""}",20230331004390,api_row,2026-09-11T10:39:14+09:00,000,run_20260911_103248_0150,raw/hyslrSttus/00117744_2022_11011.json,c4a12027ba9630afbab59f7002e09b729989b3b3056b35c9e42958eccec7027e,0
메리츠화재해상보험,손보,전환주체,00117744,메리츠화재해상보험,2022,11011,사업보고서,IFRS4,"8,600",0.01,E,"보고서 사업연도 >= 2023 이면 IFRS17, 아니면 IFRS4",차희준,계열사임원,-,2022-12-31,보통주,"8,600",0.01,api,hyslrSttus,"{""bsns_year"": ""2022"", ""corp_code"": ""00117744"", ""reprt_code"": ""11011""}",20230331004390,api_row,2026-09-11T10:39:14+09:00,000,run_20260911_103248_0150,raw/hyslrSttus/00117744_2022_11011.json,c4a12027ba9630afbab59f7002e09b729989b3b3056b35c9e42958eccec7027e,0
메리츠화재해상보험,손보,전환주체,00117744,메리츠화재해상보험,2022,11011,사업보고서,IFRS4,"67,926,069",56.31,E,"보고서 사업연도 >= 2023 이면 IFRS17, 아니면 IFRS4",계,,-,2022-12-31,보통주,"67,921,569",61.13,api,hyslrSttus,"{""bsns_year"": ""2022"", ""corp_code"": ""00117744"", ""reprt_code"": ""11011""}",20230331004390,api_row,2026-09-11T10:39:14+09:00,000,run_20260911_103248_0150,raw/hyslrSttus/00117744_2022_11011.json,c4a12027ba9630afbab59f7002e09b729989b3b3056b35c9e42958eccec7027e,0
메리츠화재해상보험,손보,전환주체,00117744,메리츠화재해상보험,2022,11011,사업보고서,IFRS4,"67,926,069",56.31,E,"보고서 사업연도 >= 2023 이면 IFRS17, 아니면 IFRS4",계,,-,2022-12-31,합계,"67,921,569",61.13,api,hyslrSttus,"{""bsns_year"": ""2022"", ""corp_code"": ""00117744"", ""reprt_code"": ""11011""}",20230331004390,api_row,2026-09-11T10:39:14+09:00,000,run_20260911_103248_0150,raw/hyslrSttus/00117744_2022_11011.json,c4a12027ba9630afbab59f7002e09b729989b3b3056b35c9e42958eccec7027e,0
메리츠화재해상보험,손보,전환주체,00117744,메리츠화재해상보험,2023,11011,사업보고서,IFRS17,"67,653,943",60.89,E,"보고서 사업연도 >= 2023 이면 IFRS17, 아니면 IFRS4",㈜메리츠금융지주,본인,주식교환(+),2023-12-31,보통주,"104,535,112",100.00,api,hyslrSttus,"{""bsns_year"": ""2023"", ""corp_code"": ""00117744"", ""reprt_code"": ""11011""}",20240430000865,api_row,2026-09-11T10:39:28+09:00,000,run_20260911_103248_0159,raw/hyslrSttus/00117744_2023_11011.json,251be9939ee9fc7cef7d826c81621d226cfb8f73fc19d033d8c08d619b603a66,0
메리츠화재해상보험,손보,전환주체,00117744,메리츠화재해상보험,2023,11011,사업보고서,IFRS17,"38,016",0.03,E,"보고서 사업연도 >= 2023 이면 IFRS17, 아니면 IFRS4",조효재,기타1),주식교환(-),2023-12-31,보통주,0,0.00,api,hyslrSttus,"{""bsns_year"": ""2023"", ""corp_code"": ""00117744"", ""reprt_code"": ""11011""}",20240430000865,api_row,2026-09-11T10:39:28+09:00,000,run_20260911_103248_0159,raw/hyslrSttus/00117744_2023_11011.json,251be9939ee9fc7cef7d826c81621d226cfb8f73fc19d033d8c08d619b603a66,0
메리츠화재해상보험,손보,전환주체,00117744,메리츠화재해상보험,2023,11011,사업보고서,IFRS17,"200,000",0.18,E,"보고서 사업연도 >= 2023 이면 IFRS17, 아니면 IFRS4",김용범,"계열사
임원",주식교환(-),2023-12-31,보통주,0,0.00,api,hyslrSttus,"{""bsns_year"": ""2023"", ""corp_code"": ""00117744"", ""reprt_code"": ""11011""}",20240430000865,api_row,2026-09-11T10:39:28+09:00,000,run_20260911_103248_0159,raw/hyslrSttus/00117744_2023_11011.json,251be9939ee9fc7cef7d826c81621d226cfb8f73fc19d033d8c08d619b603a66,0
메리츠화재해상보험,손보,전환주체,00117744,메리츠화재해상보험,2023,11011,사업보고서,IFRS17,"21,010",0.02,E,"보고서 사업연도 >= 2023 이면 IFRS17, 아니면 IFRS4",이범진,"계열사
임원",주식교환(-),2023-12-31,보통주,0,0.00,api,hyslrSttus,"{""bsns_year"": ""2023"", ""corp_code"": ""00117744"", ""reprt_code"": ""11011""}",20240430000865,api_row,2026-09-11T10:39:28+09:00,000,run_20260911_103248_0159,raw/hyslrSttus/00117744_2023_11011.json,251be9939ee9fc7cef7d826c81621d226cfb8f73fc19d033d8c08d619b603a66,0
메리츠화재해상보험,손보,전환주체,00117744,메리츠화재해상보험,2023,11011,사업보고서,IFRS17,"8,600",0.01,E,"보고서 사업연도 >= 2023 이면 IFRS17, 아니면 IFRS4",차희준,"계열사
임원",주식교환(-),2023-12-31,보통주,0,0.00,api,hyslrSttus,"{""bsns_year"": ""2023"", ""corp_code"": ""00117744"", ""reprt_code"": ""11011""}",20240430000865,api_row,2026-09-11T10:39:28+09:00,000,run_20260911_103248_0159,raw/hyslrSttus/00117744_2023_11011.json,251be9939ee9fc7cef7d826c81621d226cfb8f73fc19d033d8c08d619b603a66,0
메리츠화재해상보험,손보,전환주체,00117744,메리츠화재해상보험,2023,11011,사업보고서,IFRS17,"67,921,569",61.13,E,"보고서 사업연도 >= 2023 이면 IFRS17, 아니면 IFRS4",계,,-,2023-12-31,보통주,"104,535,112",100.00,api,hyslrSttus,"{""bsns_year"": ""2023"", ""corp_code"": ""00117744"", ""reprt_code"": ""11011""}",20240430000865,api_row,2026-09-11T10:39:28+09:00,000,run_20260911_103248_0159,raw/hyslrSttus/00117744_2023_11011.json,251be9939ee9fc7cef7d826c81621d226cfb8f73fc19d033d8c08d619b603a66,0
메리츠화재해상보험,손보,전환주체,00117744,메리츠화재해상보험,2023,11011,사업보고서,IFRS17,"67,921,569",61.13,E,"보고서 사업연도 >= 2023 이면 IFRS17, 아니면 IFRS4",계,,-,2023-12-31,합계,"104,535,112",100.00,api,hyslrSttus,"{""bsns_year"": ""2023"", ""corp_code"": ""00117744"", ""reprt_code"": ""11011""}",20240430000865,api_row,2026-09-11T10:39:28+09:00,000,run_20260911_103248_0159,raw/hyslrSttus/00117744_2023_11011.json,251be9939ee9fc7cef7d826c81621d226cfb8f73fc19d033d8c08d619b603a66,0
메리츠화재해상보험,손보,전환주체,00117744,메리츠화재해상보험,2024,11011,사업보고서,IFRS17,"104,535,112",100.00,E,"보고서 사업연도 >= 2023 이면 IFRS17, 아니면 IFRS4",㈜메리츠금융지주,본인,-,2024-12-31,보통주,"104,535,112",100.00,api,hyslrSttus,"{""bsns_year"": ""2024"", ""corp_code"": ""00117744"", ""reprt_code"": ""11011""}",20250331003145,api_row,2026-09-11T10:40:11+09:00,000,run_20260911_103248_0168,raw/hyslrSttus/00117744_2024_11011.json,69e09dc806f2e8fd4bbd80647a6ba2dc6f503576909b448a5ff8b6eeeab2469b,0
메리츠화재해상보험,손보,전환주체,00117744,메리츠화재해상보험,2024,11011,사업보고서,IFRS17,"104,535,112",100.00,E,"보고서 사업연도 >= 2023 이면 IFRS17, 아니면 IFRS4",계,,-,2024-12-31,보통주,"104,535,112",100.00,api,hyslrSttus,"{""bsns_year"": ""2024"", ""corp_code"": ""00117744"", ""reprt_code"": ""11011""}",20250331003145,api_row,2026-09-11T10:40:11+09:00,000,run_20260911_103248_0168,raw/hyslrSttus/00117744_2024_11011.json,69e09dc806f2e8fd4bbd80647a6ba2dc6f503576909b448a5ff8b6eeeab2469b,0
메리츠화재해상보험,손보,전환주체,00117744,메리츠화재해상보험,2024,11011,사업보고서,IFRS17,"104,535,112",100.00,E,"보고서 사업연도 >= 2023 이면 IFRS17, 아니면 IFRS4",계,,-,2024-12-31,합계,"104,535,112",100.00,api,hyslrSttus,"{""bsns_year"": ""2024"", ""corp_code"": ""00117744"", ""reprt_code"": ""11011""}",20250331003145,api_row,2026-09-11T10:40:11+09:00,000,run_20260911_103248_0168,raw/hyslrSttus/00117744_2024_11011.json,69e09dc806f2e8fd4bbd80647a6ba2dc6f503576909b448a5ff8b6eeeab2469b,0
메리츠화재해상보험,손보,전환주체,00117744,메리츠화재해상보험,2025,11011,사업보고서,IFRS17,"104,535,112",100.00,E,"보고서 사업연도 >= 2023 이면 IFRS17, 아니면 IFRS4",㈜메리츠금융지주,최대주주 본인,-,2025-12-31,보통주,"104,535,112",100.00,api,hyslrSttus,"{""bsns_year"": ""2025"", ""corp_code"": ""00117744"", ""reprt_code"": ""11011""}",20260331003916,api_row,2026-09-11T10:40:57+09:00,000,run_20260911_103248_0177,raw/hyslrSttus/00117744_2025_11011.json,d55637565dab49f3388d136063cb2c40af6924abad6d5b9653157ca220aeaa4d,0
메리츠화재해상보험,손보,전환주체,00117744,메리츠화재해상보험,2025,11011,사업보고서,IFRS17,"104,535,112",100.00,E,"보고서 사업연도 >= 2023 이면 IFRS17, 아니면 IFRS4",계,,-,2025-12-31,보통주,"104,535,112",100.00,api,hyslrSttus,"{""bsns_year"": ""2025"", ""corp_code"": ""00117744"", ""reprt_code"": ""11011""}",20260331003916,api_row,2026-09-11T10:40:57+09:00,000,run_20260911_103248_0177,raw/hyslrSttus/00117744_2025_11011.json,d55637565dab49f3388d136063cb2c40af6924abad6d5b9653157ca220aeaa4d,0
메리츠화재해상보험,손보,전환주체,00117744,메리츠화재해상보험,2025,11011,사업보고서,IFRS17,"104,535,112",100.00,E,"보고서 사업연도 >= 2023 이면 IFRS17, 아니면 IFRS4",계,,-,2025-12-31,합계,"104,535,112",100.00,api,hyslrSttus,"{""bsns_year"": ""2025"", ""corp_code"": ""00117744"", ""reprt_code"": ""11011""}",20260331003916,api_row,2026-09-11T10:40:57+09:00,000,run_20260911_103248_0177,raw/hyslrSttus/00117744_2025_11011.json,d55637565dab49f3388d136063cb2c40af6924abad6d5b9653157ca220aeaa4d,0
메리츠화재해상보험,손보,전환주체,00117744,메리츠화재해상보험,2025,11012,반기보고서,IFRS17,"104,535,112",100.00,E,"보고서 사업연도 >= 2023 이면 IFRS17, 아니면 IFRS4",㈜메리츠금융지주,본인,-,2025-06-30,보통주,"104,535,112",100.00,api,hyslrSttus,"{""bsns_year"": ""2025"", ""corp_code"": ""00117744"", ""reprt_code"": ""11012""}",20250829001864,api_row,2026-09-11T10:41:34+09:00,000,run_20260911_103248_0186,raw/hyslrSttus/00117744_2025_11012.json,5ebd302c449878e940badc4973777f4039b940066aba29b2bdcf9c473e85b3ba,0
메리츠화재해상보험,손보,전환주체,00117744,메리츠화재해상보험,2025,11012,반기보고서,IFRS17,"104,535,112",100.00,E,"보고서 사업연도 >= 2023 이면 IFRS17, 아니면 IFRS4",계,,-,2025-06-30,보통주,"104,535,112",100.00,api,hyslrSttus,"{""bsns_year"": ""2025"", ""corp_code"": ""00117744"", ""reprt_code"": ""11012""}",20250829001864,api_row,2026-09-11T10:41:34+09:00,000,run_20260911_103248_0186,raw/hyslrSttus/00117744_2025_11012.json,5ebd302c449878e940badc4973777f4039b940066aba29b2bdcf9c473e85b3ba,0
메리츠화재해상보험,손보,전환주체,00117744,메리츠화재해상보험,2025,11012,반기보고서,IFRS17,"104,535,112",100.00,E,"보고서 사업연도 >= 2023 이면 IFRS17, 아니면 IFRS4",계,,-,2025-06-30,합계,"104,535,112",100.00,api,hyslrSttus,"{""bsns_year"": ""2025"", ""corp_code"": ""00117744"", ""reprt_code"": ""11012""}",20250829001864,api_row,2026-09-11T10:41:34+09:00,000,run_20260911_103248_0186,raw/hyslrSttus/00117744_2025_11012.json,5ebd302c449878e940badc4973777f4039b940066aba29b2bdcf9c473e85b3ba,0
메리츠화재해상보험,손보,전환주체,00117744,메리츠화재해상보험,2026,11012,반기보고서,IFRS17,"104,535,112",100.00,E,"보고서 사업연도 >= 2023 이면 IFRS17, 아니면 IFRS4",㈜메리츠금융지주,최대주주 본인,-,2026-06-30,보통주,"104,535,112",100.00,api,hyslrSttus,"{""bsns_year"": ""2026"", ""corp_code"": ""00117744"", ""reprt_code"": ""11012""}",20260814002253,api_row,2026-09-11T10:42:27+09:00,000,run_20260911_103248_0195,raw/hyslrSttus/00117744_2026_11012.json,02dc81a0f5961c297fa96a405942be4206b7f86d82d4d4a853cba3d8bcb2c640,0
메리츠화재해상보험,손보,전환주체,00117744,메리츠화재해상보험,2026,11012,반기보고서,IFRS17,"104,535,112",100.00,E,"보고서 사업연도 >= 2023 이면 IFRS17, 아니면 IFRS4",계,,-,2026-06-30,보통주,"104,535,112",100.00,api,hyslrSttus,"{""bsns_year"": ""2026"", ""corp_code"": ""00117744"", ""reprt_code"": ""11012""}",20260814002253,api_row,2026-09-11T10:42:27+09:00,000,run_20260911_103248_0195,raw/hyslrSttus/00117744_2026_11012.json,02dc81a0f5961c297fa96a405942be4206b7f86d82d4d4a853cba3d8bcb2c640,0
메리츠화재해상보험,손보,전환주체,00117744,메리츠화재해상보험,2026,11012,반기보고서,IFRS17,"104,535,112",100.00,E,"보고서 사업연도 >= 2023 이면 IFRS17, 아니면 IFRS4",계,,-,2026-06-30,합계,"104,535,112",100.00,api,hyslrSttus,"{""bsns_year"": ""2026"", ""corp_code"": ""00117744"", ""reprt_code"": ""11012""}",20260814002253,api_row,2026-09-11T10:42:27+09:00,000,run_20260911_103248_0195,raw/hyslrSttus/00117744_2026_11012.json,02dc81a0f5961c297fa96a405942be4206b7f86d82d4d4a853cba3d8bcb2c640,0
신한라이프생명보험,생보,보험자회사,00137517,신한라이프생명보험,2021,11011,사업보고서,IFRS4,"115,654,859",100.00,E,"보고서 사업연도 >= 2023 이면 IFRS17, 아니면 IFRS4",신한금융지주회사,"최대주주 본인
(단일주주)",-,2021-12-31,의결권 있는 보통주,"115,654,859",100.00,api,hyslrSttus,"{""bsns_year"": ""2021"", ""corp_code"": ""00137517"", ""reprt_code"": ""11011""}",20220331002124,api_row,2026-08-31T15:56:15+09:00,000,run_20260831_152517_0796,raw/hyslrSttus/00137517_2021_11011.json,6543bf74c1d205a66a5b2eade22d609cb7f327bf8f1db656e56a60b296d1e1f7,11
신한라이프생명보험,생보,보험자회사,00137517,신한라이프생명보험,2021,11011,사업보고서,IFRS4,"115,654,859",100.00,E,"보고서 사업연도 >= 2023 이면 IFRS17, 아니면 IFRS4",계,,-,2021-12-31,의결권 있는 보통주,"115,654,859",100.00,api,hyslrSttus,"{""bsns_year"": ""2021"", ""corp_code"": ""00137517"", ""reprt_code"": ""11011""}",20220331002124,api_row,2026-08-31T15:56:15+09:00,000,run_20260831_152517_0796,raw/hyslrSttus/00137517_2021_11011.json,6543bf74c1d205a66a5b2eade22d609cb7f327bf8f1db656e56a60b296d1e1f7,11
신한라이프생명보험,생보,보험자회사,00137517,신한라이프생명보험,2021,11011,사업보고서,IFRS4,-,-,E,"보고서 사업연도 >= 2023 이면 IFRS17, 아니면 IFRS4",계,,-,2021-12-31,-,-,-,api,hyslrSttus,"{""bsns_year"": ""2021"", ""corp_code"": ""00137517"", ""reprt_code"": ""11011""}",20220331002124,api_row,2026-08-31T15:56:15+09:00,000,run_20260831_152517_0796,raw/hyslrSttus/00137517_2021_11011.json,6543bf74c1d205a66a5b2eade22d609cb7f327bf8f1db656e56a60b296d1e1f7,11
신한라이프생명보험,생보,보험자회사,00137517,신한라이프생명보험,2022,11011,사업보고서,IFRS4,"115,654,859",100.00,E,"보고서 사업연도 >= 2023 이면 IFRS17, 아니면 IFRS4",신한금융지주회사,"최대주주 본인
(단일주주)",-,2022-12-31,의결권 있는 보통주,"115,654,859",100.00,api,hyslrSttus,"{""bsns_year"": ""2022"", ""corp_code"": ""00137517"", ""reprt_code"": ""11011""}",20230315001232,api_row,2026-08-31T15:56:28+09:00,000,run_20260831_152517_0805,raw/hyslrSttus/00137517_2022_11011.json,664a5cef9439b8fe489758343de4bd2b5f27dd873fbbef9ad51820c2bf0a40e0,11
신한라이프생명보험,생보,보험자회사,00137517,신한라이프생명보험,2022,11011,사업보고서,IFRS4,"115,654,859",100.00,E,"보고서 사업연도 >= 2023 이면 IFRS17, 아니면 IFRS4",계,,-,2022-12-31,의결권 있는 보통주,"115,654,859",100.00,api,hyslrSttus,"{""bsns_year"": ""2022"", ""corp_code"": ""00137517"", ""reprt_code"": ""11011""}",20230315001232,api_row,2026-08-31T15:56:28+09:00,000,run_20260831_152517_0805,raw/hyslrSttus/00137517_2022_11011.json,664a5cef9439b8fe489758343de4bd2b5f27dd873fbbef9ad51820c2bf0a40e0,11
신한라이프생명보험,생보,보험자회사,00137517,신한라이프생명보험,2022,11011,사업보고서,IFRS4,-,-,E,"보고서 사업연도 >= 2023 이면 IFRS17, 아니면 IFRS4",계,,-,2022-12-31,-,-,-,api,hyslrSttus,"{""bsns_year"": ""2022"", ""corp_code"": ""00137517"", ""reprt_code"": ""11011""}",20230315001232,api_row,2026-08-31T15:56:28+09:00,000,run_20260831_152517_0805,raw/hyslrSttus/00137517_2022_11011.json,664a5cef9439b8fe489758343de4bd2b5f27dd873fbbef9ad51820c2bf0a40e0,11
신한라이프생명보험,생보,보험자회사,00137517,신한라이프생명보험,2023,11011,사업보고서,IFRS17,"115,654,859",100.00,E,"보고서 사업연도 >= 2023 이면 IFRS17, 아니면 IFRS4",신한금융지주회사,"최대주주 본인
(단일주주)",-,2023-12-31,의결권 있는 보통주,"115,654,859",100.00,api,hyslrSttus,"{""bsns_year"": ""2023"", ""corp_code"": ""00137517"", ""reprt_code"": ""11011""}",20240430001046,api_row,2026-08-31T15:56:41+09:00,000,run_20260831_152517_0814,raw/hyslrSttus/00137517_2023_11011.json,39ac956b188db8ddfc2117cc82568422cf2bb8a4b3f3f66f99f8040560154224,11
신한라이프생명보험,생보,보험자회사,00137517,신한라이프생명보험,2023,11011,사업보고서,IFRS17,"115,654,859",100.00,E,"보고서 사업연도 >= 2023 이면 IFRS17, 아니면 IFRS4",계,,-,2023-12-31,의결권 있는 보통주,"115,654,859",100.00,api,hyslrSttus,"{""bsns_year"": ""2023"", ""corp_code"": ""00137517"", ""reprt_code"": ""11011""}",20240430001046,api_row,2026-08-31T15:56:41+09:00,000,run_20260831_152517_0814,raw/hyslrSttus/00137517_2023_11011.json,39ac956b188db8ddfc2117cc82568422cf2bb8a4b3f3f66f99f8040560154224,11
신한라이프생명보험,생보,보험자회사,00137517,신한라이프생명보험,2023,11011,사업보고서,IFRS17,-,-,E,"보고서 사업연도 >= 2023 이면 IFRS17, 아니면 IFRS4",계,,-,2023-12-31,의결권 없는 우선주,-,-,api,hyslrSttus,"{""bsns_year"": ""2023"", ""corp_code"": ""00137517"", ""reprt_code"": ""11011""}",20240430001046,api_row,2026-08-31T15:56:41+09:00,000,run_20260831_152517_0814,raw/hyslrSttus/00137517_2023_11011.json,39ac956b188db8ddfc2117cc82568422cf2bb8a4b3f3f66f99f8040560154224,11
신한라이프생명보험,생보,보험자회사,00137517,신한라이프생명보험,2024,11011,사업보고서,IFRS17,"115,654,859",100.00,E,"보고서 사업연도 >= 2023 이면 IFRS17, 아니면 IFRS4",신한금융지주회사,"최대주주 본인
(단일주주)",-,2024-12-31,의결권 있는 보통주,"115,654,859",100.00,api,hyslrSttus,"{""bsns_year"": ""2024"", ""corp_code"": ""00137517"", ""reprt_code"": ""11011""}",20250331002957,api_row,2026-08-31T15:57:19+09:00,000,run_20260831_152517_0823,raw/hyslrSttus/00137517_2024_11011.json,68d1bbb3af4f28cf3932827c505822003f30909625b8727cca37edb6f5b34bf7,11
신한라이프생명보험,생보,보험자회사,00137517,신한라이프생명보험,2024,11011,사업보고서,IFRS17,"115,654,859",100.00,E,"보고서 사업연도 >= 2023 이면 IFRS17, 아니면 IFRS4",계,,-,2024-12-31,의결권 있는 보통주,"115,654,859",100.00,api,hyslrSttus,"{""bsns_year"": ""2024"", ""corp_code"": ""00137517"", ""reprt_code"": ""11011""}",20250331002957,api_row,2026-08-31T15:57:19+09:00,000,run_20260831_152517_0823,raw/hyslrSttus/00137517_2024_11011.json,68d1bbb3af4f28cf3932827c505822003f30909625b8727cca37edb6f5b34bf7,11
신한라이프생명보험,생보,보험자회사,00137517,신한라이프생명보험,2024,11011,사업보고서,IFRS17,-,-,E,"보고서 사업연도 >= 2023 이면 IFRS17, 아니면 IFRS4",계,,-,2024-12-31,의결권 없는 우선주,-,-,api,hyslrSttus,"{""bsns_year"": ""2024"", ""corp_code"": ""00137517"", ""reprt_code"": ""11011""}",20250331002957,api_row,2026-08-31T15:57:19+09:00,000,run_20260831_152517_0823,raw/hyslrSttus/00137517_2024_11011.json,68d1bbb3af4f28cf3932827c505822003f30909625b8727cca37edb6f5b34bf7,11
신한라이프생명보험,생보,보험자회사,00137517,신한라이프생명보험,2025,11011,사업보고서,IFRS17,"115,654,859",100.00,E,"보고서 사업연도 >= 2023 이면 IFRS17, 아니면 IFRS4",신한금융지주회사,"최대주주 본인
(단일주주)",-,2025-12-31,의결권 있는 보통주,"115,654,859",100.00,api,hyslrSttus,"{""bsns_year"": ""2025"", ""corp_code"": ""00137517"", ""reprt_code"": ""11011""}",20260331004136,api_row,2026-08-31T15:57:39+09:00,000,run_20260831_152517_0831,raw/hyslrSttus/00137517_2025_11011.json,b0e540ee7c395ad90abe9af0f20bf4cdb238f7847f47833c1e80ee0295b7e634,11
신한라이프생명보험,생보,보험자회사,00137517,신한라이프생명보험,2025,11011,사업보고서,IFRS17,"115,654,859",100.00,E,"보고서 사업연도 >= 2023 이면 IFRS17, 아니면 IFRS4",계,,-,2025-12-31,의결권 있는 보통주,"115,654,859",100.00,api,hyslrSttus,"{""bsns_year"": ""2025"", ""corp_code"": ""00137517"", ""reprt_code"": ""11011""}",20260331004136,api_row,2026-08-31T15:57:39+09:00,000,run_20260831_152517_0831,raw/hyslrSttus/00137517_2025_11011.json,b0e540ee7c395ad90abe9af0f20bf4cdb238f7847f47833c1e80ee0295b7e634,11
신한라이프생명보험,생보,보험자회사,00137517,신한라이프생명보험,2025,11011,사업보고서,IFRS17,-,-,E,"보고서 사업연도 >= 2023 이면 IFRS17, 아니면 IFRS4",계,,-,2025-12-31,의결권 없는 우선주,-,-,api,hyslrSttus,"{""bsns_year"": ""2025"", ""corp_code"": ""00137517"", ""reprt_code"": ""11011""}",20260331004136,api_row,2026-08-31T15:57:39+09:00,000,run_20260831_152517_0831,raw/hyslrSttus/00137517_2025_11011.json,b0e540ee7c395ad90abe9af0f20bf4cdb238f7847f47833c1e80ee0295b7e634,11
신한라이프생명보험,생보,보험자회사,00137517,신한라이프생명보험,2025,11012,반기보고서,IFRS17,"115,654,859",100.00,E,"보고서 사업연도 >= 2023 이면 IFRS17, 아니면 IFRS4",신한금융지주회사,"최대주주 본인
(단일주주)",-,2025-06-30,의결권 있는 보통주,"115,654,859",100.00,api,hyslrSttus,"{""bsns_year"": ""2025"", ""corp_code"": ""00137517"", ""reprt_code"": ""11012""}",20250829002109,api_row,2026-08-31T15:58:09+09:00,000,run_20260831_152517_0840,raw/hyslrSttus/00137517_2025_11012.json,07d81a5d545689cc01bfcf4f1c7d2df5ef6e59031197ca05d583723ea1ca9ba4,11
신한라이프생명보험,생보,보험자회사,00137517,신한라이프생명보험,2025,11012,반기보고서,IFRS17,"115,654,859",100.00,E,"보고서 사업연도 >= 2023 이면 IFRS17, 아니면 IFRS4",계,,-,2025-06-30,의결권 있는 보통주,"115,654,859",100.00,api,hyslrSttus,"{""bsns_year"": ""2025"", ""corp_code"": ""00137517"", ""reprt_code"": ""11012""}",20250829002109,api_row,2026-08-31T15:58:09+09:00,000,run_20260831_152517_0840,raw/hyslrSttus/00137517_2025_11012.json,07d81a5d545689cc01bfcf4f1c7d2df5ef6e59031197ca05d583723ea1ca9ba4,11
신한라이프생명보험,생보,보험자회사,00137517,신한라이프생명보험,2025,11012,반기보고서,IFRS17,-,-,E,"보고서 사업연도 >= 2023 이면 IFRS17, 아니면 IFRS4",계,,-,2025-06-30,의결권 없는 우선주,-,-,api,hyslrSttus,"{""bsns_year"": ""2025"", ""corp_code"": ""00137517"", ""reprt_code"": ""11012""}",20250829002109,api_row,2026-08-31T15:58:09+09:00,000,run_20260831_152517_0840,raw/hyslrSttus/00137517_2025_11012.json,07d81a5d545689cc01bfcf4f1c7d2df5ef6e59031197ca05d583723ea1ca9ba4,11
신한라이프생명보험,생보,보험자회사,00137517,신한라이프생명보험,2026,11012,반기보고서,IFRS17,"115,654,859",100.00,E,"보고서 사업연도 >= 2023 이면 IFRS17, 아니면 IFRS4",신한금융지주회사,"최대주주 본인
(단일주주)",-,2026-06-30,의결권 있는 보통주,"115,654,859",100.00,api,hyslrSttus,"{""bsns_year"": ""2026"", ""corp_code"": ""00137517"", ""reprt_code"": ""11012""}",20260814001090,api_row,2026-08-31T15:58:35+09:00,000,run_20260831_152517_0849,raw/hyslrSttus/00137517_2026_11012.json,b4ed95f52957204ea491fd9a5ffb249e2bcbafc391e5f73e41daadadb852ea46,11
신한라이프생명보험,생보,보험자회사,00137517,신한라이프생명보험,2026,11012,반기보고서,IFRS17,"115,654,859",100.00,E,"보고서 사업연도 >= 2023 이면 IFRS17, 아니면 IFRS4",계,,-,2026-06-30,의결권 있는 보통주,"115,654,859",100.00,api,hyslrSttus,"{""bsns_year"": ""2026"", ""corp_code"": ""00137517"", ""reprt_code"": ""11012""}",20260814001090,api_row,2026-08-31T15:58:35+09:00,000,run_20260831_152517_0849,raw/hyslrSttus/00137517_2026_11012.json,b4ed95f52957204ea491fd9a5ffb249e2bcbafc391e5f73e41daadadb852ea46,11
신한라이프생명보험,생보,보험자회사,00137517,신한라이프생명보험,2026,11012,반기보고서,IFRS17,-,-,E,"보고서 사업연도 >= 2023 이면 IFRS17, 아니면 IFRS4",계,,-,2026-06-30,-,-,-,api,hyslrSttus,"{""bsns_year"": ""2026"", ""corp_code"": ""00137517"", ""reprt_code"": ""11012""}",20260814001090,api_row,2026-08-31T15:58:35+09:00,000,run_20260831_152517_0849,raw/hyslrSttus/00137517_2026_11012.json,b4ed95f52957204ea491fd9a5ffb249e2bcbafc391e5f73e41daadadb852ea46,11
신한은행(구),기타,전환주체,00149293,신한은행,2021,11011,사업보고서,IFRS4,"1,585,615,506",100.00,E,"보고서 사업연도 >= 2023 이면 IFRS17, 아니면 IFRS4",신한금융지주회사,대주주,-,2021-12-31,보통주,"1,585,615,506",100.00,api,hyslrSttus,"{""bsns_year"": ""2021"", ""corp_code"": ""00149293"", ""reprt_code"": ""11011""}",20220316001081,api_row,2026-09-11T13:45:12+09:00,000,run_20260911_133722_0161,raw/hyslrSttus/00149293_2021_11011.json,f0cf6a80acf97b564111c80bafc776311b55229f7c2098d727a3171d3c79b90c,0
신한은행(구),기타,전환주체,00149293,신한은행,2021,11011,사업보고서,IFRS4,-,-,E,"보고서 사업연도 >= 2023 이면 IFRS17, 아니면 IFRS4",계,,-,2021-12-31,우선주,-,-,api,hyslrSttus,"{""bsns_year"": ""2021"", ""corp_code"": ""00149293"", ""reprt_code"": ""11011""}",20220316001081,api_row,2026-09-11T13:45:12+09:00,000,run_20260911_133722_0161,raw/hyslrSttus/00149293_2021_11011.json,f0cf6a80acf97b564111c80bafc776311b55229f7c2098d727a3171d3c79b90c,0
신한은행(구),기타,전환주체,00149293,신한은행,2021,11011,사업보고서,IFRS4,"1,585,615,506",100.00,E,"보고서 사업연도 >= 2023 이면 IFRS17, 아니면 IFRS4",계,,-,2021-12-31,보통주,"1,585,615,506",100.00,api,hyslrSttus,"{""bsns_year"": ""2021"", ""corp_code"": ""00149293"", ""reprt_code"": ""11011""}",20220316001081,api_row,2026-09-11T13:45:12+09:00,000,run_20260911_133722_0161,raw/hyslrSttus/00149293_2021_11011.json,f0cf6a80acf97b564111c80bafc776311b55229f7c2098d727a3171d3c79b90c,0
신한은행(구),기타,전환주체,00149293,신한은행,2022,11011,사업보고서,IFRS4,"1,585,615,506",100.00,E,"보고서 사업연도 >= 2023 이면 IFRS17, 아니면 IFRS4",신한금융지주회사,대주주,-,2022-12-31,보통주,"1,585,615,506",100.00,api,hyslrSttus,"{""bsns_year"": ""2022"", ""corp_code"": ""00149293"", ""reprt_code"": ""11011""}",20230315001124,api_row,2026-09-11T13:45:48+09:00,000,run_20260911_133722_0170,raw/hyslrSttus/00149293_2022_11011.json,a5b8e607e836e6958b8576b58fb7d4b7a079b6f7d7be4b57ce373d73eb30f06b,0
신한은행(구),기타,전환주체,00149293,신한은행,2022,11011,사업보고서,IFRS4,-,-,E,"보고서 사업연도 >= 2023 이면 IFRS17, 아니면 IFRS4",계,,-,2022-12-31,우선주,-,-,api,hyslrSttus,"{""bsns_year"": ""2022"", ""corp_code"": ""00149293"", ""reprt_code"": ""11011""}",20230315001124,api_row,2026-09-11T13:45:48+09:00,000,run_20260911_133722_0170,raw/hyslrSttus/00149293_2022_11011.json,a5b8e607e836e6958b8576b58fb7d4b7a079b6f7d7be4b57ce373d73eb30f06b,0
신한은행(구),기타,전환주체,00149293,신한은행,2022,11011,사업보고서,IFRS4,"1,585,615,506",100.00,E,"보고서 사업연도 >= 2023 이면 IFRS17, 아니면 IFRS4",계,,-,2022-12-31,보통주,"1,585,615,506",100.00,api,hyslrSttus,"{""bsns_year"": ""2022"", ""corp_code"": ""00149293"", ""reprt_code"": ""11011""}",20230315001124,api_row,2026-09-11T13:45:48+09:00,000,run_20260911_133722_0170,raw/hyslrSttus/00149293_2022_11011.json,a5b8e607e836e6958b8576b58fb7d4b7a079b6f7d7be4b57ce373d73eb30f06b,0
신한은행(구),기타,전환주체,00149293,신한은행,2023,11011,사업보고서,IFRS17,"1,585,615,506",100.00,E,"보고서 사업연도 >= 2023 이면 IFRS17, 아니면 IFRS4",신한금융지주회사,대주주,-,2023-12-31,보통주,"1,585,615,506",100.00,api,hyslrSttus,"{""bsns_year"": ""2023"", ""corp_code"": ""00149293"", ""reprt_code"": ""11011""}",20240325000335,api_row,2026-09-11T13:46:23+09:00,000,run_20260911_133722_0179,raw/hyslrSttus/00149293_2023_11011.json,950300d37508f148ddf081dc46c8f9770746c8a5fe66c6c4cac75c9591c59e84,0
신한은행(구),기타,전환주체,00149293,신한은행,2023,11011,사업보고서,IFRS17,-,-,E,"보고서 사업연도 >= 2023 이면 IFRS17, 아니면 IFRS4",계,,-,2023-12-31,우선주,-,-,api,hyslrSttus,"{""bsns_year"": ""2023"", ""corp_code"": ""00149293"", ""reprt_code"": ""11011""}",20240325000335,api_row,2026-09-11T13:46:23+09:00,000,run_20260911_133722_0179,raw/hyslrSttus/00149293_2023_11011.json,950300d37508f148ddf081dc46c8f9770746c8a5fe66c6c4cac75c9591c59e84,0
신한은행(구),기타,전환주체,00149293,신한은행,2023,11011,사업보고서,IFRS17,"1,585,615,506",100.00,E,"보고서 사업연도 >= 2023 이면 IFRS17, 아니면 IFRS4",계,,-,2023-12-31,보통주,"1,585,615,506",100.00,api,hyslrSttus,"{""bsns_year"": ""2023"", ""corp_code"": ""00149293"", ""reprt_code"": ""11011""}",20240325000335,api_row,2026-09-11T13:46:23+09:00,000,run_20260911_133722_0179,raw/hyslrSttus/00149293_2023_11011.json,950300d37508f148ddf081dc46c8f9770746c8a5fe66c6c4cac75c9591c59e84,0
신한은행(구),기타,전환주체,00149293,신한은행,2024,11011,사업보고서,IFRS17,"1,585,615,506",100.00,E,"보고서 사업연도 >= 2023 이면 IFRS17, 아니면 IFRS4",신한금융지주회사,대주주,-,2024-12-31,보통주,"1,585,615,506",100.00,api,hyslrSttus,"{""bsns_year"": ""2024"", ""corp_code"": ""00149293"", ""reprt_code"": ""11011""}",20250318001188,api_row,2026-09-11T13:47:12+09:00,000,run_20260911_133722_0188,raw/hyslrSttus/00149293_2024_11011.json,c6d31ae22601304fc6bac6649eb3a167213e1d2f24955de0f9995c1c313649f0,0
신한은행(구),기타,전환주체,00149293,신한은행,2024,11011,사업보고서,IFRS17,-,-,E,"보고서 사업연도 >= 2023 이면 IFRS17, 아니면 IFRS4",계,,-,2024-12-31,우선주,-,-,api,hyslrSttus,"{""bsns_year"": ""2024"", ""corp_code"": ""00149293"", ""reprt_code"": ""11011""}",20250318001188,api_row,2026-09-11T13:47:12+09:00,000,run_20260911_133722_0188,raw/hyslrSttus/00149293_2024_11011.json,c6d31ae22601304fc6bac6649eb3a167213e1d2f24955de0f9995c1c313649f0,0
신한은행(구),기타,전환주체,00149293,신한은행,2024,11011,사업보고서,IFRS17,"1,585,615,506",100.00,E,"보고서 사업연도 >= 2023 이면 IFRS17, 아니면 IFRS4",계,,-,2024-12-31,보통주,"1,585,615,506",100.00,api,hyslrSttus,"{""bsns_year"": ""2024"", ""corp_code"": ""00149293"", ""reprt_code"": ""11011""}",20250318001188,api_row,2026-09-11T13:47:12+09:00,000,run_20260911_133722_0188,raw/hyslrSttus/00149293_2024_11011.json,c6d31ae22601304fc6bac6649eb3a167213e1d2f24955de0f9995c1c313649f0,0
신한은행(구),기타,전환주체,00149293,신한은행,2025,11011,사업보고서,IFRS17,"1,585,615,506",100.00,E,"보고서 사업연도 >= 2023 이면 IFRS17, 아니면 IFRS4",신한금융지주회사,대주주,-,2025-12-31,의결권 있는 보통주,"1,585,615,506",100.00,api,hyslrSttus,"{""bsns_year"": ""2025"", ""corp_code"": ""00149293"", ""reprt_code"": ""11011""}",20260318001285,api_row,2026-09-11T13:48:01+09:00,000,run_20260911_133722_0197,raw/hyslrSttus/00149293_2025_11011.json,8b3da2b923cab3f69ed9e52a055d31e2118a7167cb3d3723528f144eae781c54,0
신한은행(구),기타,전환주체,00149293,신한은행,2025,11011,사업보고서,IFRS17,-,-,E,"보고서 사업연도 >= 2023 이면 IFRS17, 아니면 IFRS4",계,,-,2025-12-31,의결권 없는 우선주,-,-,api,hyslrSttus,"{""bsns_year"": ""2025"", ""corp_code"": ""00149293"", ""reprt_code"": ""11011""}",20260318001285,api_row,2026-09-11T13:48:01+09:00,000,run_20260911_133722_0197,raw/hyslrSttus/00149293_2025_11011.json,8b3da2b923cab3f69ed9e52a055d31e2118a7167cb3d3723528f144eae781c54,0
신한은행(구),기타,전환주체,00149293,신한은행,2025,11011,사업보고서,IFRS17,"1,585,615,506",100.00,E,"보고서 사업연도 >= 2023 이면 IFRS17, 아니면 IFRS4",계,,-,2025-12-31,의결권 있는 보통주,"1,585,615,506",100.00,api,hyslrSttus,"{""bsns_year"": ""2025"", ""corp_code"": ""00149293"", ""reprt_code"": ""11011""}",20260318001285,api_row,2026-09-11T13:48:01+09:00,000,run_20260911_133722_0197,raw/hyslrSttus/00149293_2025_11011.json,8b3da2b923cab3f69ed9e52a055d31e2118a7167cb3d3723528f144eae781c54,0
신한은행(구),기타,전환주체,00149293,신한은행,2025,11012,반기보고서,IFRS17,"1,585,615,506",100.00,E,"보고서 사업연도 >= 2023 이면 IFRS17, 아니면 IFRS4",신한금융지주회사,대주주,-,2025-06-30,보통주,"1,585,615,506",100.00,api,hyslrSttus,"{""bsns_year"": ""2025"", ""corp_code"": ""00149293"", ""reprt_code"": ""11012""}",20250814003172,api_row,2026-09-11T13:48:50+09:00,000,run_20260911_133722_0206,raw/hyslrSttus/00149293_2025_11012.json,3ecbd4ca0efbe3ac5792dc6488b46b6f91353263f0ff07c1c644de251a7e7904,0
신한은행(구),기타,전환주체,00149293,신한은행,2025,11012,반기보고서,IFRS17,-,-,E,"보고서 사업연도 >= 2023 이면 IFRS17, 아니면 IFRS4",계,,-,2025-06-30,우선주,-,-,api,hyslrSttus,"{""bsns_year"": ""2025"", ""corp_code"": ""00149293"", ""reprt_code"": ""11012""}",20250814003172,api_row,2026-09-11T13:48:50+09:00,000,run_20260911_133722_0206,raw/hyslrSttus/00149293_2025_11012.json,3ecbd4ca0efbe3ac5792dc6488b46b6f91353263f0ff07c1c644de251a7e7904,0
신한은행(구),기타,전환주체,00149293,신한은행,2025,11012,반기보고서,IFRS17,"1,585,615,506",100.00,E,"보고서 사업연도 >= 2023 이면 IFRS17, 아니면 IFRS4",계,,-,2025-06-30,보통주,"1,585,615,506",100.00,api,hyslrSttus,"{""bsns_year"": ""2025"", ""corp_code"": ""00149293"", ""reprt_code"": ""11012""}",20250814003172,api_row,2026-09-11T13:48:50+09:00,000,run_20260911_133722_0206,raw/hyslrSttus/00149293_2025_11012.json,3ecbd4ca0efbe3ac5792dc6488b46b6f91353263f0ff07c1c644de251a7e7904,0
신한은행(구),기타,전환주체,00149293,신한은행,2026,11012,반기보고서,IFRS17,"1,585,615,506",100.00,E,"보고서 사업연도 >= 2023 이면 IFRS17, 아니면 IFRS4",신한금융지주회사,대주주,-,2026-06-30,의결권 있는 보통주,"1,585,615,506",100.00,api,hyslrSttus,"{""bsns_year"": ""2026"", ""corp_code"": ""00149293"", ""reprt_code"": ""11012""}",20260814003576,api_row,2026-09-11T13:49:38+09:00,000,run_20260911_133722_0215,raw/hyslrSttus/00149293_2026_11012.json,09039a837e6f5debba44b5fdbd4b611bf20a4bfd6ee2db8adf1171ad93159974,0
신한은행(구),기타,전환주체,00149293,신한은행,2026,11012,반기보고서,IFRS17,0,0.00,E,"보고서 사업연도 >= 2023 이면 IFRS17, 아니면 IFRS4",신한금융지주회사,대주주,-,2026-06-30,의결권 없는 우선주,0,0.00,api,hyslrSttus,"{""bsns_year"": ""2026"", ""corp_code"": ""00149293"", ""reprt_code"": ""11012""}",20260814003576,api_row,2026-09-11T13:49:38+09:00,000,run_20260911_133722_0215,raw/hyslrSttus/00149293_2026_11012.json,09039a837e6f5debba44b5fdbd4b611bf20a4bfd6ee2db8adf1171ad93159974,0
신한은행(구),기타,전환주체,00149293,신한은행,2026,11012,반기보고서,IFRS17,"1,585,615,506",100.00,E,"보고서 사업연도 >= 2023 이면 IFRS17, 아니면 IFRS4",계,,-,2026-06-30,의결권 있는 보통주,"1,585,615,506",100.00,api,hyslrSttus,"{""bsns_year"": ""2026"", ""corp_code"": ""00149293"", ""reprt_code"": ""11012""}",20260814003576,api_row,2026-09-11T13:49:38+09:00,000,run_20260911_133722_0215,raw/hyslrSttus/00149293_2026_11012.json,09039a837e6f5debba44b5fdbd4b611bf20a4bfd6ee2db8adf1171ad93159974,0
신한은행(구),기타,전환주체,00149293,신한은행,2026,11012,반기보고서,IFRS17,0,0.00,E,"보고서 사업연도 >= 2023 이면 IFRS17, 아니면 IFRS4",계,,-,2026-06-30,의결권 없는 우선주,0,0.00,api,hyslrSttus,"{""bsns_year"": ""2026"", ""corp_code"": ""00149293"", ""reprt_code"": ""11012""}",20260814003576,api_row,2026-09-11T13:49:38+09:00,000,run_20260911_133722_0215,raw/hyslrSttus/00149293_2026_11012.json,09039a837e6f5debba44b5fdbd4b611bf20a4bfd6ee2db8adf1171ad93159974,0
신한지주,지주,지주,00382199,신한지주,2015,11011,사업보고서,IFRS4,"42,133,294",8.89,Y,"보고서 사업연도 >= 2023 이면 IFRS17, 아니면 IFRS4",국민연금공단,본인,-,2015-12-31,의결권 있는 보통주,"43,881,041",9.25,api,hyslrSttus,"{""bsns_year"": ""2015"", ""corp_code"": ""00382199"", ""reprt_code"": ""11011""}",20160401000272,api_row,2026-08-31T15:31:31+09:00,000,run_20260831_152517_0139,raw/hyslrSttus/00382199_2015_11011.json,fcc0ba8995138a964eeda7afa7a7ef909ba397349b3ac980a67f0838b4a6f921,11
신한지주,지주,지주,00382199,신한지주,2015,11011,사업보고서,IFRS4,"2,000,000",18.02,Y,"보고서 사업연도 >= 2023 이면 IFRS17, 아니면 IFRS4",국민연금공단,본인,-,2015-12-31,의결권 없는 우선주,"2,000,000",18.02,api,hyslrSttus,"{""bsns_year"": ""2015"", ""corp_code"": ""00382199"", ""reprt_code"": ""11011""}",20160401000272,api_row,2026-08-31T15:31:31+09:00,000,run_20260831_152517_0139,raw/hyslrSttus/00382199_2015_11011.json,fcc0ba8995138a964eeda7afa7a7ef909ba397349b3ac980a67f0838b4a6f921,11
신한지주,지주,지주,00382199,신한지주,2015,11011,사업보고서,IFRS4,"42,133,294",8.89,Y,"보고서 사업연도 >= 2023 이면 IFRS17, 아니면 IFRS4",계,,-,2015-12-31,의결권 있는 보통주,"43,881,041",9.25,api,hyslrSttus,"{""bsns_year"": ""2015"", ""corp_code"": ""00382199"", ""reprt_code"": ""11011""}",20160401000272,api_row,2026-08-31T15:31:31+09:00,000,run_20260831_152517_0139,raw/hyslrSttus/00382199_2015_11011.json,fcc0ba8995138a964eeda7afa7a7ef909ba397349b3ac980a67f0838b4a6f921,11
신한지주,지주,지주,00382199,신한지주,2015,11011,사업보고서,IFRS4,"2,000,000",18.02,Y,"보고서 사업연도 >= 2023 이면 IFRS17, 아니면 IFRS4",계,,-,2015-12-31,의결권 없는 우선주,"2,000,000",18.02,api,hyslrSttus,"{""bsns_year"": ""2015"", ""corp_code"": ""00382199"", ""reprt_code"": ""11011""}",20160401000272,api_row,2026-08-31T15:31:31+09:00,000,run_20260831_152517_0139,raw/hyslrSttus/00382199_2015_11011.json,fcc0ba8995138a964eeda7afa7a7ef909ba397349b3ac980a67f0838b4a6f921,11
신한지주,지주,지주,00382199,신한지주,2016,11011,사업보고서,IFRS4,"43,881,041",9.25,Y,"보고서 사업연도 >= 2023 이면 IFRS17, 아니면 IFRS4",국민연금공단,본인및특별관계인,-,2016-12-31,의결권 있는 보통주,"45,269,850",9.55,api,hyslrSttus,"{""bsns_year"": ""2016"", ""corp_code"": ""00382199"", ""reprt_code"": ""11011""}",20170331003963,api_row,2026-08-31T15:31:39+09:00,000,run_20260831_152517_0146,raw/hyslrSttus/00382199_2016_11011.json,93b279be97921fdb30150d222f32e540a19645eb54390406e1d08fe39b17850f,11
신한지주,지주,지주,00382199,신한지주,2016,11011,사업보고서,IFRS4,"2,000,000",18.02,Y,"보고서 사업연도 >= 2023 이면 IFRS17, 아니면 IFRS4",국민연금공단,본인및특별관계인,(주3),2016-12-31,의결권 없는 우선주,0,0.00,api,hyslrSttus,"{""bsns_year"": ""2016"", ""corp_code"": ""00382199"", ""reprt_code"": ""11011""}",20170331003963,api_row,2026-08-31T15:31:39+09:00,000,run_20260831_152517_0146,raw/hyslrSttus/00382199_2016_11011.json,93b279be97921fdb30150d222f32e540a19645eb54390406e1d08fe39b17850f,11
신한지주,지주,지주,00382199,신한지주,2016,11011,사업보고서,IFRS4,"43,881,041",9.25,Y,"보고서 사업연도 >= 2023 이면 IFRS17, 아니면 IFRS4",계,,-,2016-12-31,의결권 있는 보통주,"45,269,850",9.55,api,hyslrSttus,"{""bsns_year"": ""2016"", ""corp_code"": ""00382199"", ""reprt_code"": ""11011""}",20170331003963,api_row,2026-08-31T15:31:39+09:00,000,run_20260831_152517_0146,raw/hyslrSttus/00382199_2016_11011.json,93b279be97921fdb30150d222f32e540a19645eb54390406e1d08fe39b17850f,11
신한지주,지주,지주,00382199,신한지주,2016,11011,사업보고서,IFRS4,"2,000,000",18.02,Y,"보고서 사업연도 >= 2023 이면 IFRS17, 아니면 IFRS4",계,,(주3),2016-12-31,의결권 없는 우선주,0,0.00,api,hyslrSttus,"{""bsns_year"": ""2016"", ""corp_code"": ""00382199"", ""reprt_code"": ""11011""}",20170331003963,api_row,2026-08-31T15:31:39+09:00,000,run_20260831_152517_0146,raw/hyslrSttus/00382199_2016_11011.json,93b279be97921fdb30150d222f32e540a19645eb54390406e1d08fe39b17850f,11
신한지주,지주,지주,00382199,신한지주,2017,11011,사업보고서,IFRS4,"45,269,850",9.55,Y,"보고서 사업연도 >= 2023 이면 IFRS17, 아니면 IFRS4",국민연금공단,본인및특별관계인,-,2017-12-31,의결권 있는 보통주,"45,285,762",9.55,api,hyslrSttus,"{""bsns_year"": ""2017"", ""corp_code"": ""00382199"", ""reprt_code"": ""11011""}",20190705000433,api_row,2026-08-31T15:31:47+09:00,000,run_20260831_152517_0153,raw/hyslrSttus/00382199_2017_11011.json,c8e6a46d27c27a8acabe5d9ff942bf928c3d7be1cf8ad6c828ef8610bd8b29e6,11
신한지주,지주,지주,00382199,신한지주,2017,11011,사업보고서,IFRS4,0,0.00,Y,"보고서 사업연도 >= 2023 이면 IFRS17, 아니면 IFRS4",국민연금공단,본인및특별관계인,-,2017-12-31,의결권 없는 우선주,0,0.00,api,hyslrSttus,"{""bsns_year"": ""2017"", ""corp_code"": ""00382199"", ""reprt_code"": ""11011""}",20190705000433,api_row,2026-08-31T15:31:47+09:00,000,run_20260831_152517_0153,raw/hyslrSttus/00382199_2017_11011.json,c8e6a46d27c27a8acabe5d9ff942bf928c3d7be1cf8ad6c828ef8610bd8b29e6,11
신한지주,지주,지주,00382199,신한지주,2017,11011,사업보고서,IFRS4,"45,269,850",9.55,Y,"보고서 사업연도 >= 2023 이면 IFRS17, 아니면 IFRS4",계,,-,2017-12-31,의결권 있는 보통주,"45,285,762",9.55,api,hyslrSttus,"{""bsns_year"": ""2017"", ""corp_code"": ""00382199"", ""reprt_code"": ""11011""}",20190705000433,api_row,2026-08-31T15:31:47+09:00,000,run_20260831_152517_0153,raw/hyslrSttus/00382199_2017_11011.json,c8e6a46d27c27a8acabe5d9ff942bf928c3d7be1cf8ad6c828ef8610bd8b29e6,11
신한지주,지주,지주,00382199,신한지주,2017,11011,사업보고서,IFRS4,0,0.00,Y,"보고서 사업연도 >= 2023 이면 IFRS17, 아니면 IFRS4",계,,-,2017-12-31,의결권 없는 우선주,0,0.00,api,hyslrSttus,"{""bsns_year"": ""2017"", ""corp_code"": ""00382199"", ""reprt_code"": ""11011""}",20190705000433,api_row,2026-08-31T15:31:47+09:00,000,run_20260831_152517_0153,raw/hyslrSttus/00382199_2017_11011.json,c8e6a46d27c27a8acabe5d9ff942bf928c3d7be1cf8ad6c828ef8610bd8b29e6,11
신한지주,지주,지주,00382199,신한지주,2018,11011,사업보고서,IFRS4,"45,285,762",9.55,Y,"보고서 사업연도 >= 2023 이면 IFRS17, 아니면 IFRS4",국민연금공단,본인및특별관계자,-,2018-12-31,의결권 있는 보통주,"44,497,838",9.38,api,hyslrSttus,"{""bsns_year"": ""2018"", ""corp_code"": ""00382199"", ""reprt_code"": ""11011""}",20190705000438,api_row,2026-08-31T15:31:55+09:00,000,run_20260831_152517_0160,raw/hyslrSttus/00382199_2018_11011.json,9eba49094b36160343e309949e6dd386945821dfd7f8ce10b9604c055059a9d1,11
신한지주,지주,지주,00382199,신한지주,2018,11011,사업보고서,IFRS4,0,0.00,Y,"보고서 사업연도 >= 2023 이면 IFRS17, 아니면 IFRS4",국민연금공단,본인및특별관계자,-,2018-12-31,의결권 없는 우선주,0,0.00,api,hyslrSttus,"{""bsns_year"": ""2018"", ""corp_code"": ""00382199"", ""reprt_code"": ""11011""}",20190705000438,api_row,2026-08-31T15:31:55+09:00,000,run_20260831_152517_0160,raw/hyslrSttus/00382199_2018_11011.json,9eba49094b36160343e309949e6dd386945821dfd7f8ce10b9604c055059a9d1,11
신한지주,지주,지주,00382199,신한지주,2018,11011,사업보고서,IFRS4,"45,285,762",9.55,Y,"보고서 사업연도 >= 2023 이면 IFRS17, 아니면 IFRS4",계,,-,2018-12-31,의결권 있는 보통주,"44,497,838",9.38,api,hyslrSttus,"{""bsns_year"": ""2018"", ""corp_code"": ""00382199"", ""reprt_code"": ""11011""}",20190705000438,api_row,2026-08-31T15:31:55+09:00,000,run_20260831_152517_0160,raw/hyslrSttus/00382199_2018_11011.json,9eba49094b36160343e309949e6dd386945821dfd7f8ce10b9604c055059a9d1,11
신한지주,지주,지주,00382199,신한지주,2018,11011,사업보고서,IFRS4,0,0.00,Y,"보고서 사업연도 >= 2023 이면 IFRS17, 아니면 IFRS4",계,,-,2018-12-31,의결권 없는 우선주,0,0.00,api,hyslrSttus,"{""bsns_year"": ""2018"", ""corp_code"": ""00382199"", ""reprt_code"": ""11011""}",20190705000438,api_row,2026-08-31T15:31:55+09:00,000,run_20260831_152517_0160,raw/hyslrSttus/00382199_2018_11011.json,9eba49094b36160343e309949e6dd386945821dfd7f8ce10b9604c055059a9d1,11
신한지주,지주,지주,00382199,신한지주,2019,11011,사업보고서,IFRS4,"44,497,838",9.38,Y,"보고서 사업연도 >= 2023 이면 IFRS17, 아니면 IFRS4",국민연금공단,본인및특별관계자,-,2019-12-31,의결권 있는 보통주,"47,063,799",9.92,api,hyslrSttus,"{""bsns_year"": ""2019"", ""corp_code"": ""00382199"", ""reprt_code"": ""11011""}",20200515002127,api_row,2026-08-31T15:32:04+09:00,000,run_20260831_152517_0168,raw/hyslrSttus/00382199_2019_11011.json,f9764463f3bfd4343d33045ba3a638baa54ccf72e520180561ca5e9cfab13391,11
신한지주,지주,지주,00382199,신한지주,2019,11011,사업보고서,IFRS4,0,0.00,Y,"보고서 사업연도 >= 2023 이면 IFRS17, 아니면 IFRS4",국민연금공단,본인및특별관계자,-,2019-12-31,의결권 없는 우선주,0,0.00,api,hyslrSttus,"{""bsns_year"": ""2019"", ""corp_code"": ""00382199"", ""reprt_code"": ""11011""}",20200515002127,api_row,2026-08-31T15:32:04+09:00,000,run_20260831_152517_0168,raw/hyslrSttus/00382199_2019_11011.json,f9764463f3bfd4343d33045ba3a638baa54ccf72e520180561ca5e9cfab13391,11
신한지주,지주,지주,00382199,신한지주,2019,11011,사업보고서,IFRS4,"44,497,838",9.38,Y,"보고서 사업연도 >= 2023 이면 IFRS17, 아니면 IFRS4",계,,-,2019-12-31,의결권 있는 보통주,"47,063,799",9.92,api,hyslrSttus,"{""bsns_year"": ""2019"", ""corp_code"": ""00382199"", ""reprt_code"": ""11011""}",20200515002127,api_row,2026-08-31T15:32:04+09:00,000,run_20260831_152517_0168,raw/hyslrSttus/00382199_2019_11011.json,f9764463f3bfd4343d33045ba3a638baa54ccf72e520180561ca5e9cfab13391,11
신한지주,지주,지주,00382199,신한지주,2019,11011,사업보고서,IFRS4,0,0.00,Y,"보고서 사업연도 >= 2023 이면 IFRS17, 아니면 IFRS4",계,,-,2019-12-31,의결권 없는 우선주,0,0.00,api,hyslrSttus,"{""bsns_year"": ""2019"", ""corp_code"": ""00382199"", ""reprt_code"": ""11011""}",20200515002127,api_row,2026-08-31T15:32:04+09:00,000,run_20260831_152517_0168,raw/hyslrSttus/00382199_2019_11011.json,f9764463f3bfd4343d33045ba3a638baa54ccf72e520180561ca5e9cfab13391,11
신한지주,지주,지주,00382199,신한지주,2020,11011,사업보고서,IFRS4,"47,063,799",9.92,Y,"보고서 사업연도 >= 2023 이면 IFRS17, 아니면 IFRS4",국민연금공단,본인및특별관계자,-,2020-12-31,의결권 있는 보통주,"50,666,140",9.81,api,hyslrSttus,"{""bsns_year"": ""2020"", ""corp_code"": ""00382199"", ""reprt_code"": ""11011""}",20210317001127,api_row,2026-08-31T15:32:15+09:00,000,run_20260831_152517_0177,raw/hyslrSttus/00382199_2020_11011.json,e33f8e909b4e33824857c361c9389178b70a7884771b2c6dd25f6a48b7075457,11
신한지주,지주,지주,00382199,신한지주,2020,11011,사업보고서,IFRS4,0,0.00,Y,"보고서 사업연도 >= 2023 이면 IFRS17, 아니면 IFRS4",국민연금공단,본인및특별관계자,-,2020-12-31,의결권 없는 우선주,0,0.00,api,hyslrSttus,"{""bsns_year"": ""2020"", ""corp_code"": ""00382199"", ""reprt_code"": ""11011""}",20210317001127,api_row,2026-08-31T15:32:15+09:00,000,run_20260831_152517_0177,raw/hyslrSttus/00382199_2020_11011.json,e33f8e909b4e33824857c361c9389178b70a7884771b2c6dd25f6a48b7075457,11
신한지주,지주,지주,00382199,신한지주,2020,11011,사업보고서,IFRS4,"47,063,799",9.92,Y,"보고서 사업연도 >= 2023 이면 IFRS17, 아니면 IFRS4",계,,-,2020-12-31,의결권 있는 보통주,"50,666,140",9.81,api,hyslrSttus,"{""bsns_year"": ""2020"", ""corp_code"": ""00382199"", ""reprt_code"": ""11011""}",20210317001127,api_row,2026-08-31T15:32:15+09:00,000,run_20260831_152517_0177,raw/hyslrSttus/00382199_2020_11011.json,e33f8e909b4e33824857c361c9389178b70a7884771b2c6dd25f6a48b7075457,11
신한지주,지주,지주,00382199,신한지주,2020,11011,사업보고서,IFRS4,0,0.00,Y,"보고서 사업연도 >= 2023 이면 IFRS17, 아니면 IFRS4",계,,-,2020-12-31,의결권 없는 우선주,0,0.00,api,hyslrSttus,"{""bsns_year"": ""2020"", ""corp_code"": ""00382199"", ""reprt_code"": ""11011""}",20210317001127,api_row,2026-08-31T15:32:15+09:00,000,run_20260831_152517_0177,raw/hyslrSttus/00382199_2020_11011.json,e33f8e909b4e33824857c361c9389178b70a7884771b2c6dd25f6a48b7075457,11
신한지주,지주,지주,00382199,신한지주,2021,11011,사업보고서,IFRS4,"50,666,140",9.81,Y,"보고서 사업연도 >= 2023 이면 IFRS17, 아니면 IFRS4",국민연금공단,본인및특별관계자,-,2021-12-31,의결권 있는 보통주,"45,340,437",8.78,api,hyslrSttus,"{""bsns_year"": ""2021"", ""corp_code"": ""00382199"", ""reprt_code"": ""11011""}",20220316000748,api_row,2026-08-31T15:32:27+09:00,000,run_20260831_152517_0186,raw/hyslrSttus/00382199_2021_11011.json,e3fe9bd376b98d32375e14bf8fc86bcd2ed8e7db84f1d33f60865baa62f23aee,11
신한지주,지주,지주,00382199,신한지주,2021,11011,사업보고서,IFRS4,0,0.00,Y,"보고서 사업연도 >= 2023 이면 IFRS17, 아니면 IFRS4",국민연금공단,본인및특별관계자,-,2021-12-31,의결권 없는 우선주,0,0.00,api,hyslrSttus,"{""bsns_year"": ""2021"", ""corp_code"": ""00382199"", ""reprt_code"": ""11011""}",20220316000748,api_row,2026-08-31T15:32:27+09:00,000,run_20260831_152517_0186,raw/hyslrSttus/00382199_2021_11011.json,e3fe9bd376b98d32375e14bf8fc86bcd2ed8e7db84f1d33f60865baa62f23aee,11
신한지주,지주,지주,00382199,신한지주,2021,11011,사업보고서,IFRS4,"50,666,140",9.81,Y,"보고서 사업연도 >= 2023 이면 IFRS17, 아니면 IFRS4",계,,-,2021-12-31,의결권 있는 보통주,"45,340,437",8.78,api,hyslrSttus,"{""bsns_year"": ""2021"", ""corp_code"": ""00382199"", ""reprt_code"": ""11011""}",20220316000748,api_row,2026-08-31T15:32:27+09:00,000,run_20260831_152517_0186,raw/hyslrSttus/00382199_2021_11011.json,e3fe9bd376b98d32375e14bf8fc86bcd2ed8e7db84f1d33f60865baa62f23aee,11
신한지주,지주,지주,00382199,신한지주,2021,11011,사업보고서,IFRS4,0,0.00,Y,"보고서 사업연도 >= 2023 이면 IFRS17, 아니면 IFRS4",계,,-,2021-12-31,의결권 없는 우선주,0,0.00,api,hyslrSttus,"{""bsns_year"": ""2021"", ""corp_code"": ""00382199"", ""reprt_code"": ""11011""}",20220316000748,api_row,2026-08-31T15:32:27+09:00,000,run_20260831_152517_0186,raw/hyslrSttus/00382199_2021_11011.json,e3fe9bd376b98d32375e14bf8fc86bcd2ed8e7db84f1d33f60865baa62f23aee,11
신한지주,지주,지주,00382199,신한지주,2022,11011,사업보고서,IFRS4,"45,340,437",8.78,Y,"보고서 사업연도 >= 2023 이면 IFRS17, 아니면 IFRS4",국민연금공단,본인및특별관계자,-,2022-12-31,의결권 있는 보통주,"40,476,692",7.69,api,hyslrSttus,"{""bsns_year"": ""2022"", ""corp_code"": ""00382199"", ""reprt_code"": ""11011""}",20230315001015,api_row,2026-08-31T15:32:37+09:00,000,run_20260831_152517_0195,raw/hyslrSttus/00382199_2022_11011.json,1a8d5f7b648d982d77ad208ec9d65d31fe2db40823f73104120ce3bd63b28522,11
신한지주,지주,지주,00382199,신한지주,2022,11011,사업보고서,IFRS4,0,0.00,Y,"보고서 사업연도 >= 2023 이면 IFRS17, 아니면 IFRS4",국민연금공단,본인및특별관계자,-,2022-12-31,의결권 없는 우선주,0,0.00,api,hyslrSttus,"{""bsns_year"": ""2022"", ""corp_code"": ""00382199"", ""reprt_code"": ""11011""}",20230315001015,api_row,2026-08-31T15:32:37+09:00,000,run_20260831_152517_0195,raw/hyslrSttus/00382199_2022_11011.json,1a8d5f7b648d982d77ad208ec9d65d31fe2db40823f73104120ce3bd63b28522,11
신한지주,지주,지주,00382199,신한지주,2022,11011,사업보고서,IFRS4,"45,340,437",8.78,Y,"보고서 사업연도 >= 2023 이면 IFRS17, 아니면 IFRS4",계,,-,2022-12-31,의결권 있는 보통주,"40,476,692",7.69,api,hyslrSttus,"{""bsns_year"": ""2022"", ""corp_code"": ""00382199"", ""reprt_code"": ""11011""}",20230315001015,api_row,2026-08-31T15:32:37+09:00,000,run_20260831_152517_0195,raw/hyslrSttus/00382199_2022_11011.json,1a8d5f7b648d982d77ad208ec9d65d31fe2db40823f73104120ce3bd63b28522,11
신한지주,지주,지주,00382199,신한지주,2022,11011,사업보고서,IFRS4,0,0.00,Y,"보고서 사업연도 >= 2023 이면 IFRS17, 아니면 IFRS4",계,,-,2022-12-31,의결권 없는 우선주,0,0.00,api,hyslrSttus,"{""bsns_year"": ""2022"", ""corp_code"": ""00382199"", ""reprt_code"": ""11011""}",20230315001015,api_row,2026-08-31T15:32:37+09:00,000,run_20260831_152517_0195,raw/hyslrSttus/00382199_2022_11011.json,1a8d5f7b648d982d77ad208ec9d65d31fe2db40823f73104120ce3bd63b28522,11
신한지주,지주,지주,00382199,신한지주,2023,11011,사업보고서,IFRS17,"40,476,692",7.69,Y,"보고서 사업연도 >= 2023 이면 IFRS17, 아니면 IFRS4",국민연금공단,본인및특별관계자,-,2023-12-31,의결권 있는 보통주,"38,279,553",7.47,api,hyslrSttus,"{""bsns_year"": ""2023"", ""corp_code"": ""00382199"", ""reprt_code"": ""11011""}",20240502000081,api_row,2026-08-31T15:32:49+09:00,000,run_20260831_152517_0204,raw/hyslrSttus/00382199_2023_11011.json,51d38f12ddb64d48df2913612c90f8db7b90ccb1ac6b235efbf9f55061e89b7c,11
신한지주,지주,지주,00382199,신한지주,2023,11011,사업보고서,IFRS17,0,0.00,Y,"보고서 사업연도 >= 2023 이면 IFRS17, 아니면 IFRS4",국민연금공단,본인및특별관계자,-,2023-12-31,의결권 없는 우선주,0,0.00,api,hyslrSttus,"{""bsns_year"": ""2023"", ""corp_code"": ""00382199"", ""reprt_code"": ""11011""}",20240502000081,api_row,2026-08-31T15:32:49+09:00,000,run_20260831_152517_0204,raw/hyslrSttus/00382199_2023_11011.json,51d38f12ddb64d48df2913612c90f8db7b90ccb1ac6b235efbf9f55061e89b7c,11
신한지주,지주,지주,00382199,신한지주,2023,11011,사업보고서,IFRS17,"40,476,692",7.69,Y,"보고서 사업연도 >= 2023 이면 IFRS17, 아니면 IFRS4",계,,-,2023-12-31,의결권 있는 보통주,"38,279,553",7.47,api,hyslrSttus,"{""bsns_year"": ""2023"", ""corp_code"": ""00382199"", ""reprt_code"": ""11011""}",20240502000081,api_row,2026-08-31T15:32:49+09:00,000,run_20260831_152517_0204,raw/hyslrSttus/00382199_2023_11011.json,51d38f12ddb64d48df2913612c90f8db7b90ccb1ac6b235efbf9f55061e89b7c,11
신한지주,지주,지주,00382199,신한지주,2023,11011,사업보고서,IFRS17,0,0.00,Y,"보고서 사업연도 >= 2023 이면 IFRS17, 아니면 IFRS4",계,,-,2023-12-31,의결권 없는 우선주,0,0.00,api,hyslrSttus,"{""bsns_year"": ""2023"", ""corp_code"": ""00382199"", ""reprt_code"": ""11011""}",20240502000081,api_row,2026-08-31T15:32:49+09:00,000,run_20260831_152517_0204,raw/hyslrSttus/00382199_2023_11011.json,51d38f12ddb64d48df2913612c90f8db7b90ccb1ac6b235efbf9f55061e89b7c,11
신한지주,지주,지주,00382199,신한지주,2024,11011,사업보고서,IFRS17,"38,279,553",7.47,Y,"보고서 사업연도 >= 2023 이면 IFRS17, 아니면 IFRS4",국민연금공단,본인및특별관계자,-,2024-12-31,보통주,"43,164,599",8.57,api,hyslrSttus,"{""bsns_year"": ""2024"", ""corp_code"": ""00382199"", ""reprt_code"": ""11011""}",20250318000993,api_row,2026-08-31T15:33:24+09:00,000,run_20260831_152517_0213,raw/hyslrSttus/00382199_2024_11011.json,c1a03a83fc1af267602985deb1c6ad5814a807632fb19bf28655768830c80dc7,11
신한지주,지주,지주,00382199,신한지주,2024,11011,사업보고서,IFRS17,"38,279,553",7.47,Y,"보고서 사업연도 >= 2023 이면 IFRS17, 아니면 IFRS4",계,,-,2024-12-31,"의결권 있는 
보통주","43,164,599",8.57,api,hyslrSttus,"{""bsns_year"": ""2024"", ""corp_code"": ""00382199"", ""reprt_code"": ""11011""}",20250318000993,api_row,2026-08-31T15:33:24+09:00,000,run_20260831_152517_0213,raw/hyslrSttus/00382199_2024_11011.json,c1a03a83fc1af267602985deb1c6ad5814a807632fb19bf28655768830c80dc7,11
신한지주,지주,지주,00382199,신한지주,2024,11011,사업보고서,IFRS17,-,-,Y,"보고서 사업연도 >= 2023 이면 IFRS17, 아니면 IFRS4",계,,-,2024-12-31,"의결권 없는
우선주",-,-,api,hyslrSttus,"{""bsns_year"": ""2024"", ""corp_code"": ""00382199"", ""reprt_code"": ""11011""}",20250318000993,api_row,2026-08-31T15:33:24+09:00,000,run_20260831_152517_0213,raw/hyslrSttus/00382199_2024_11011.json,c1a03a83fc1af267602985deb1c6ad5814a807632fb19bf28655768830c80dc7,11
신한지주,지주,지주,00382199,신한지주,2025,11011,사업보고서,IFRS17,"43,164,599",8.57,Y,"보고서 사업연도 >= 2023 이면 IFRS17, 아니면 IFRS4",국민연금공단,본인및특별관계자,총발행주식수 기준,2025-12-31,보통주,"43,846,070",9.03,api,hyslrSttus,"{""bsns_year"": ""2025"", ""corp_code"": ""00382199"", ""reprt_code"": ""11011""}",20260318000826,api_row,2026-08-31T15:33:58+09:00,000,run_20260831_152517_0222,raw/hyslrSttus/00382199_2025_11011.json,57efb4dbf80955e42a30f092252915c3ee4bc9b757eef72dac26023c967df344,11
신한지주,지주,지주,00382199,신한지주,2025,11011,사업보고서,IFRS17,"43,164,599",8.57,Y,"보고서 사업연도 >= 2023 이면 IFRS17, 아니면 IFRS4",계,,총발행주식수 기준,2025-12-31,"의결권 있는
보통주","43,846,070",9.03,api,hyslrSttus,"{""bsns_year"": ""2025"", ""corp_code"": ""00382199"", ""reprt_code"": ""11011""}",20260318000826,api_row,2026-08-31T15:33:58+09:00,000,run_20260831_152517_0222,raw/hyslrSttus/00382199_2025_11011.json,57efb4dbf80955e42a30f092252915c3ee4bc9b757eef72dac26023c967df344,11
신한지주,지주,지주,00382199,신한지주,2025,11011,사업보고서,IFRS17,-,-,Y,"보고서 사업연도 >= 2023 이면 IFRS17, 아니면 IFRS4",계,,-,2025-12-31,"의결권 없는
우선주",-,-,api,hyslrSttus,"{""bsns_year"": ""2025"", ""corp_code"": ""00382199"", ""reprt_code"": ""11011""}",20260318000826,api_row,2026-08-31T15:33:58+09:00,000,run_20260831_152517_0222,raw/hyslrSttus/00382199_2025_11011.json,57efb4dbf80955e42a30f092252915c3ee4bc9b757eef72dac26023c967df344,11
신한지주,지주,지주,00382199,신한지주,2025,11012,반기보고서,IFRS17,"43,164,599",8.57,Y,"보고서 사업연도 >= 2023 이면 IFRS17, 아니면 IFRS4",국민연금공단,본인및특별관계자,-,2025-06-30,보통주,"44,217,945",9.11,api,hyslrSttus,"{""bsns_year"": ""2025"", ""corp_code"": ""00382199"", ""reprt_code"": ""11012""}",20250814002920,api_row,2026-08-31T15:34:31+09:00,000,run_20260831_152517_0231,raw/hyslrSttus/00382199_2025_11012.json,819af42d862e22bf9d9e8555372809dca71e046f5ad64ef5b09442272e1eb5f7,11
신한지주,지주,지주,00382199,신한지주,2025,11012,반기보고서,IFRS17,"43,164,599",8.57,Y,"보고서 사업연도 >= 2023 이면 IFRS17, 아니면 IFRS4",계,,-,2025-06-30,"의결권 있는 
보통주","44,217,945",9.11,api,hyslrSttus,"{""bsns_year"": ""2025"", ""corp_code"": ""00382199"", ""reprt_code"": ""11012""}",20250814002920,api_row,2026-08-31T15:34:31+09:00,000,run_20260831_152517_0231,raw/hyslrSttus/00382199_2025_11012.json,819af42d862e22bf9d9e8555372809dca71e046f5ad64ef5b09442272e1eb5f7,11
신한지주,지주,지주,00382199,신한지주,2025,11012,반기보고서,IFRS17,-,-,Y,"보고서 사업연도 >= 2023 이면 IFRS17, 아니면 IFRS4",계,,-,2025-06-30,"의결권 없는
우선주",-,-,api,hyslrSttus,"{""bsns_year"": ""2025"", ""corp_code"": ""00382199"", ""reprt_code"": ""11012""}",20250814002920,api_row,2026-08-31T15:34:31+09:00,000,run_20260831_152517_0231,raw/hyslrSttus/00382199_2025_11012.json,819af42d862e22bf9d9e8555372809dca71e046f5ad64ef5b09442272e1eb5f7,11
신한지주,지주,지주,00382199,신한지주,2026,11012,반기보고서,IFRS17,"43,846,070",9.03,Y,"보고서 사업연도 >= 2023 이면 IFRS17, 아니면 IFRS4",국민연금공단,본인및특별관계자,총발행주식수 기준,2026-06-30,보통주,"43,630,195",9.19,api,hyslrSttus,"{""bsns_year"": ""2026"", ""corp_code"": ""00382199"", ""reprt_code"": ""11012""}",20260814003306,api_row,2026-08-31T15:35:01+09:00,000,run_20260831_152517_0240,raw/hyslrSttus/00382199_2026_11012.json,226b6347a14d896704b95c061e633cbbae909c579f020aeb38356c0c44b59322,11
신한지주,지주,지주,00382199,신한지주,2026,11012,반기보고서,IFRS17,"43,846,070",9.03,Y,"보고서 사업연도 >= 2023 이면 IFRS17, 아니면 IFRS4",계,,총발행주식수 기준,2026-06-30,"의결권 있는
보통주","43,630,195",9.19,api,hyslrSttus,"{""bsns_year"": ""2026"", ""corp_code"": ""00382199"", ""reprt_code"": ""11012""}",20260814003306,api_row,2026-08-31T15:35:01+09:00,000,run_20260831_152517_0240,raw/hyslrSttus/00382199_2026_11012.json,226b6347a14d896704b95c061e633cbbae909c579f020aeb38356c0c44b59322,11
신한지주,지주,지주,00382199,신한지주,2026,11012,반기보고서,IFRS17,-,-,Y,"보고서 사업연도 >= 2023 이면 IFRS17, 아니면 IFRS4",계,,-,2026-06-30,"의결권 없는
우선주",-,-,api,hyslrSttus,"{""bsns_year"": ""2026"", ""corp_code"": ""00382199"", ""reprt_code"": ""11012""}",20260814003306,api_row,2026-08-31T15:35:01+09:00,000,run_20260831_152517_0240,raw/hyslrSttus/00382199_2026_11012.json,226b6347a14d896704b95c061e633cbbae909c579f020aeb38356c0c44b59322,11
오렌지라이프생명보험,생보,선행법인,00176792,오렌지라이프생명보험,2017,11011,사업보고서,IFRS4,"48,500,000",59.15,E,"보고서 사업연도 >= 2023 이면 IFRS17, 아니면 IFRS4",라이프투자유한회사,최대주주 본인,-,2017-12-31,의결권 있는 주식,"48,500,000",59.15,api,hyslrSttus,"{""bsns_year"": ""2017"", ""corp_code"": ""00176792"", ""reprt_code"": ""11011""}",20180330001804,api_row,2026-08-31T16:10:05+09:00,000,run_20260831_152517_1239,raw/hyslrSttus/00176792_2017_11011.json,b8fbb607bc78c79a27be3d5cdc7619a22aaab67d5976be581ae68b552c0a7a2d,11
오렌지라이프생명보험,생보,선행법인,00176792,오렌지라이프생명보험,2017,11011,사업보고서,IFRS4,"48,500,000",59.15,E,"보고서 사업연도 >= 2023 이면 IFRS17, 아니면 IFRS4",계,,-,2017-12-31,의결권 있는 주식,"48,500,000",59.15,api,hyslrSttus,"{""bsns_year"": ""2017"", ""corp_code"": ""00176792"", ""reprt_code"": ""11011""}",20180330001804,api_row,2026-08-31T16:10:05+09:00,000,run_20260831_152517_1239,raw/hyslrSttus/00176792_2017_11011.json,b8fbb607bc78c79a27be3d5cdc7619a22aaab67d5976be581ae68b552c0a7a2d,11
오렌지라이프생명보험,생보,선행법인,00176792,오렌지라이프생명보험,2017,11011,사업보고서,IFRS4,-,-,E,"보고서 사업연도 >= 2023 이면 IFRS17, 아니면 IFRS4",계,,-,2017-12-31,-,-,-,api,hyslrSttus,"{""bsns_year"": ""2017"", ""corp_code"": ""00176792"", ""reprt_code"": ""11011""}",20180330001804,api_row,2026-08-31T16:10:05+09:00,000,run_20260831_152517_1239,raw/hyslrSttus/00176792_2017_11011.json,b8fbb607bc78c79a27be3d5cdc7619a22aaab67d5976be581ae68b552c0a7a2d,11
오렌지라이프생명보험,생보,선행법인,00176792,오렌지라이프생명보험,2018,11011,사업보고서,IFRS4,"48,500,000",59.15,E,"보고서 사업연도 >= 2023 이면 IFRS17, 아니면 IFRS4",라이프투자유한회사,최대주주 본인,-,2018-12-31,의결권 있는 주식,"48,500,000",59.15,api,hyslrSttus,"{""bsns_year"": ""2018"", ""corp_code"": ""00176792"", ""reprt_code"": ""11011""}",20190328001973,api_row,2026-08-31T16:10:15+09:00,000,run_20260831_152517_1248,raw/hyslrSttus/00176792_2018_11011.json,f4a36c0af1a6e2676ab441de595681400ef487ca8ef7a64e999020948e434e21,11
오렌지라이프생명보험,생보,선행법인,00176792,오렌지라이프생명보험,2018,11011,사업보고서,IFRS4,"48,500,000",59.15,E,"보고서 사업연도 >= 2023 이면 IFRS17, 아니면 IFRS4",계,,-,2018-12-31,의결권 있는 주식,"48,500,000",59.15,api,hyslrSttus,"{""bsns_year"": ""2018"", ""corp_code"": ""00176792"", ""reprt_code"": ""11011""}",20190328001973,api_row,2026-08-31T16:10:15+09:00,000,run_20260831_152517_1248,raw/hyslrSttus/00176792_2018_11011.json,f4a36c0af1a6e2676ab441de595681400ef487ca8ef7a64e999020948e434e21,11
오렌지라이프생명보험,생보,선행법인,00176792,오렌지라이프생명보험,2018,11011,사업보고서,IFRS4,-,-,E,"보고서 사업연도 >= 2023 이면 IFRS17, 아니면 IFRS4",계,,-,2018-12-31,-,-,-,api,hyslrSttus,"{""bsns_year"": ""2018"", ""corp_code"": ""00176792"", ""reprt_code"": ""11011""}",20190328001973,api_row,2026-08-31T16:10:15+09:00,000,run_20260831_152517_1248,raw/hyslrSttus/00176792_2018_11011.json,f4a36c0af1a6e2676ab441de595681400ef487ca8ef7a64e999020948e434e21,11
오렌지라이프생명보험,생보,선행법인,00176792,오렌지라이프생명보험,2019,11011,사업보고서,IFRS4,"48,500,000",59.15,E,"보고서 사업연도 >= 2023 이면 IFRS17, 아니면 IFRS4","(주)신한
금융지주","최대주주
본인",-,2019-12-31,의결권 있는 주식,"48,500,000",59.15,api,hyslrSttus,"{""bsns_year"": ""2019"", ""corp_code"": ""00176792"", ""reprt_code"": ""11011""}",20200330003387,api_row,2026-08-31T16:10:26+09:00,000,run_20260831_152517_1257,raw/hyslrSttus/00176792_2019_11011.json,dadea001d7c4ee18a9afcb888fe570403a63c31416df16579c14a23ce2e024f5,11
오렌지라이프생명보험,생보,선행법인,00176792,오렌지라이프생명보험,2019,11011,사업보고서,IFRS4,"48,500,000",59.15,E,"보고서 사업연도 >= 2023 이면 IFRS17, 아니면 IFRS4",계,,-,2019-12-31,의결권 있는 주식,"48,500,000",59.15,api,hyslrSttus,"{""bsns_year"": ""2019"", ""corp_code"": ""00176792"", ""reprt_code"": ""11011""}",20200330003387,api_row,2026-08-31T16:10:26+09:00,000,run_20260831_152517_1257,raw/hyslrSttus/00176792_2019_11011.json,dadea001d7c4ee18a9afcb888fe570403a63c31416df16579c14a23ce2e024f5,11
오렌지라이프생명보험,생보,선행법인,00176792,오렌지라이프생명보험,2019,11011,사업보고서,IFRS4,-,-,E,"보고서 사업연도 >= 2023 이면 IFRS17, 아니면 IFRS4",계,,-,2019-12-31,-,-,-,api,hyslrSttus,"{""bsns_year"": ""2019"", ""corp_code"": ""00176792"", ""reprt_code"": ""11011""}",20200330003387,api_row,2026-08-31T16:10:26+09:00,000,run_20260831_152517_1257,raw/hyslrSttus/00176792_2019_11011.json,dadea001d7c4ee18a9afcb888fe570403a63c31416df16579c14a23ce2e024f5,11
오렌지라이프생명보험,생보,선행법인,00176792,오렌지라이프생명보험,2020,11011,사업보고서,IFRS4,"48,500,000",59.15,E,"보고서 사업연도 >= 2023 이면 IFRS17, 아니면 IFRS4","(주)신한
금융지주","최대주주
본인",-,2020-12-31,의결권 있는 보통주,"82,000,000",100.00,api,hyslrSttus,"{""bsns_year"": ""2020"", ""corp_code"": ""00176792"", ""reprt_code"": ""11011""}",20210330001517,api_row,2026-08-31T16:10:36+09:00,000,run_20260831_152517_1266,raw/hyslrSttus/00176792_2020_11011.json,8e29e40f9d41565031d6b45cf7e7e64fe570fd091fc58950bb0b9435b9ff2d85,11
오렌지라이프생명보험,생보,선행법인,00176792,오렌지라이프생명보험,2020,11011,사업보고서,IFRS4,"48,500,000",59.15,E,"보고서 사업연도 >= 2023 이면 IFRS17, 아니면 IFRS4",계,,-,2020-12-31,의결권 있는 보통주,"82,000,000",100.00,api,hyslrSttus,"{""bsns_year"": ""2020"", ""corp_code"": ""00176792"", ""reprt_code"": ""11011""}",20210330001517,api_row,2026-08-31T16:10:36+09:00,000,run_20260831_152517_1266,raw/hyslrSttus/00176792_2020_11011.json,8e29e40f9d41565031d6b45cf7e7e64fe570fd091fc58950bb0b9435b9ff2d85,11
오렌지라이프생명보험,생보,선행법인,00176792,오렌지라이프생명보험,2020,11011,사업보고서,IFRS4,-,-,E,"보고서 사업연도 >= 2023 이면 IFRS17, 아니면 IFRS4",계,,-,2020-12-31,-,-,-,api,hyslrSttus,"{""bsns_year"": ""2020"", ""corp_code"": ""00176792"", ""reprt_code"": ""11011""}",20210330001517,api_row,2026-08-31T16:10:36+09:00,000,run_20260831_152517_1266,raw/hyslrSttus/00176792_2020_11011.json,8e29e40f9d41565031d6b45cf7e7e64fe570fd091fc58950bb0b9435b9ff2d85,11
우리금융지주,지주,지주,01350869,우리금융지주,2019,11011,사업보고서,IFRS4,"124,604,797",18.32,Y,"보고서 사업연도 >= 2023 이면 IFRS17, 아니면 IFRS4",예금보험공사,최대주주,주),2019-12-31,보통주,"124,604,797",17.25,api,hyslrSttus,"{""bsns_year"": ""2019"", ""corp_code"": ""01350869"", ""reprt_code"": ""11011""}",20200330004490,api_row,2026-08-31T15:42:51+09:00,000,run_20260831_152517_0475,raw/hyslrSttus/01350869_2019_11011.json,a9f50dc232a1689f2b9775d12cf7509c3ea8ae25fff9b5e5c5a52bd1ce78ea84,11
우리금융지주,지주,지주,01350869,우리금융지주,2019,11011,사업보고서,IFRS4,"124,604,797",18.32,Y,"보고서 사업연도 >= 2023 이면 IFRS17, 아니면 IFRS4",계,,-,2019-12-31,보통주,"124,604,797",17.25,api,hyslrSttus,"{""bsns_year"": ""2019"", ""corp_code"": ""01350869"", ""reprt_code"": ""11011""}",20200330004490,api_row,2026-08-31T15:42:51+09:00,000,run_20260831_152517_0475,raw/hyslrSttus/01350869_2019_11011.json,a9f50dc232a1689f2b9775d12cf7509c3ea8ae25fff9b5e5c5a52bd1ce78ea84,11
우리금융지주,지주,지주,01350869,우리금융지주,2019,11011,사업보고서,IFRS4,-,-,Y,"보고서 사업연도 >= 2023 이면 IFRS17, 아니면 IFRS4",계,,-,2019-12-31,기타,-,-,api,hyslrSttus,"{""bsns_year"": ""2019"", ""corp_code"": ""01350869"", ""reprt_code"": ""11011""}",20200330004490,api_row,2026-08-31T15:42:51+09:00,000,run_20260831_152517_0475,raw/hyslrSttus/01350869_2019_11011.json,a9f50dc232a1689f2b9775d12cf7509c3ea8ae25fff9b5e5c5a52bd1ce78ea84,11
우리금융지주,지주,지주,01350869,우리금융지주,2020,11011,사업보고서,IFRS4,"124,604,797",17.25,Y,"보고서 사업연도 >= 2023 이면 IFRS17, 아니면 IFRS4",예금보험공사,최대주주,주),2020-12-31,보통주,"124,604,797",17.25,api,hyslrSttus,"{""bsns_year"": ""2020"", ""corp_code"": ""01350869"", ""reprt_code"": ""11011""}",20210318001162,api_row,2026-08-31T15:43:01+09:00,000,run_20260831_152517_0484,raw/hyslrSttus/01350869_2020_11011.json,8746e10ddf2106948d9133afec902bd5027b592dba1cfa990df10b9d62324e89,11
우리금융지주,지주,지주,01350869,우리금융지주,2020,11011,사업보고서,IFRS4,"124,604,797",17.25,Y,"보고서 사업연도 >= 2023 이면 IFRS17, 아니면 IFRS4",계,,-,2020-12-31,보통주,"124,604,797",17.25,api,hyslrSttus,"{""bsns_year"": ""2020"", ""corp_code"": ""01350869"", ""reprt_code"": ""11011""}",20210318001162,api_row,2026-08-31T15:43:01+09:00,000,run_20260831_152517_0484,raw/hyslrSttus/01350869_2020_11011.json,8746e10ddf2106948d9133afec902bd5027b592dba1cfa990df10b9d62324e89,11
우리금융지주,지주,지주,01350869,우리금융지주,2020,11011,사업보고서,IFRS4,-,-,Y,"보고서 사업연도 >= 2023 이면 IFRS17, 아니면 IFRS4",계,,-,2020-12-31,기타,-,-,api,hyslrSttus,"{""bsns_year"": ""2020"", ""corp_code"": ""01350869"", ""reprt_code"": ""11011""}",20210318001162,api_row,2026-08-31T15:43:01+09:00,000,run_20260831_152517_0484,raw/hyslrSttus/01350869_2020_11011.json,8746e10ddf2106948d9133afec902bd5027b592dba1cfa990df10b9d62324e89,11
우리금융지주,지주,지주,01350869,우리금융지주,2021,11011,사업보고서,IFRS4,"23,968,887",3.32,Y,"보고서 사업연도 >= 2023 이면 IFRS17, 아니면 IFRS4",우리금융지주 우리사주조합,최대주주,-,2021-12-31,보통주,"38,859,717",5.33,api,hyslrSttus,"{""bsns_year"": ""2021"", ""corp_code"": ""01350869"", ""reprt_code"": ""11011""}",20220317001124,api_row,2026-08-31T15:43:12+09:00,000,run_20260831_152517_0493,raw/hyslrSttus/01350869_2021_11011.json,f5c23cc2c576d87f486f68c690f5213f0794fb7bd05a354a76dcdd17831d5bea,11
우리금융지주,지주,지주,01350869,우리금융지주,2021,11011,사업보고서,IFRS4,"36,993,413",5.12,Y,"보고서 사업연도 >= 2023 이면 IFRS17, 아니면 IFRS4",우리은행 우리사주조합,최대주주의 특수관계인,-,2021-12-31,보통주,"32,630,581",4.48,api,hyslrSttus,"{""bsns_year"": ""2021"", ""corp_code"": ""01350869"", ""reprt_code"": ""11011""}",20220317001124,api_row,2026-08-31T15:43:12+09:00,000,run_20260831_152517_0493,raw/hyslrSttus/01350869_2021_11011.json,f5c23cc2c576d87f486f68c690f5213f0794fb7bd05a354a76dcdd17831d5bea,11
우리금융지주,지주,지주,01350869,우리금융지주,2021,11011,사업보고서,IFRS4,"60,962,300",8.44,Y,"보고서 사업연도 >= 2023 이면 IFRS17, 아니면 IFRS4",계,,-,2021-12-31,보통주,"71,490,298",9.82,api,hyslrSttus,"{""bsns_year"": ""2021"", ""corp_code"": ""01350869"", ""reprt_code"": ""11011""}",20220317001124,api_row,2026-08-31T15:43:12+09:00,000,run_20260831_152517_0493,raw/hyslrSttus/01350869_2021_11011.json,f5c23cc2c576d87f486f68c690f5213f0794fb7bd05a354a76dcdd17831d5bea,11
우리금융지주,지주,지주,01350869,우리금융지주,2021,11011,사업보고서,IFRS4,-,-,Y,"보고서 사업연도 >= 2023 이면 IFRS17, 아니면 IFRS4",계,,-,2021-12-31,-,-,-,api,hyslrSttus,"{""bsns_year"": ""2021"", ""corp_code"": ""01350869"", ""reprt_code"": ""11011""}",20220317001124,api_row,2026-08-31T15:43:12+09:00,000,run_20260831_152517_0493,raw/hyslrSttus/01350869_2021_11011.json,f5c23cc2c576d87f486f68c690f5213f0794fb7bd05a354a76dcdd17831d5bea,11
우리금융지주,지주,지주,01350869,우리금융지주,2022,11011,사업보고서,IFRS4,"38,859,717",5.33,Y,"보고서 사업연도 >= 2023 이면 IFRS17, 아니면 IFRS4",우리금융지주 우리사주조합,최대주주,-,2022-12-31,보통주,"41,165,138",5.65,api,hyslrSttus,"{""bsns_year"": ""2022"", ""corp_code"": ""01350869"", ""reprt_code"": ""11011""}",20230316001455,api_row,2026-08-31T15:43:23+09:00,000,run_20260831_152517_0502,raw/hyslrSttus/01350869_2022_11011.json,2fd11ee0c4789fd0015d64440b96cfe7648623e543a83b52d1e7002a8f6a94ef,11
우리금융지주,지주,지주,01350869,우리금융지주,2022,11011,사업보고서,IFRS4,"32,630,581",4.48,Y,"보고서 사업연도 >= 2023 이면 IFRS17, 아니면 IFRS4",우리은행 우리사주조합,최대주주의 특수관계인,-,2022-12-31,보통주,"28,136,218",3.87,api,hyslrSttus,"{""bsns_year"": ""2022"", ""corp_code"": ""01350869"", ""reprt_code"": ""11011""}",20230316001455,api_row,2026-08-31T15:43:23+09:00,000,run_20260831_152517_0502,raw/hyslrSttus/01350869_2022_11011.json,2fd11ee0c4789fd0015d64440b96cfe7648623e543a83b52d1e7002a8f6a94ef,11
우리금융지주,지주,지주,01350869,우리금융지주,2022,11011,사업보고서,IFRS4,"71,490,298",9.82,Y,"보고서 사업연도 >= 2023 이면 IFRS17, 아니면 IFRS4",계,,-,2022-12-31,보통주,"69,301,356",9.52,api,hyslrSttus,"{""bsns_year"": ""2022"", ""corp_code"": ""01350869"", ""reprt_code"": ""11011""}",20230316001455,api_row,2026-08-31T15:43:23+09:00,000,run_20260831_152517_0502,raw/hyslrSttus/01350869_2022_11011.json,2fd11ee0c4789fd0015d64440b96cfe7648623e543a83b52d1e7002a8f6a94ef,11
우리금융지주,지주,지주,01350869,우리금융지주,2022,11011,사업보고서,IFRS4,-,-,Y,"보고서 사업연도 >= 2023 이면 IFRS17, 아니면 IFRS4",계,,-,2022-12-31,-,-,-,api,hyslrSttus,"{""bsns_year"": ""2022"", ""corp_code"": ""01350869"", ""reprt_code"": ""11011""}",20230316001455,api_row,2026-08-31T15:43:23+09:00,000,run_20260831_152517_0502,raw/hyslrSttus/01350869_2022_11011.json,2fd11ee0c4789fd0015d64440b96cfe7648623e543a83b52d1e7002a8f6a94ef,11
우리금융지주,지주,지주,01350869,우리금융지주,2023,11011,사업보고서,IFRS17,"41,165,138",5.65,Y,"보고서 사업연도 >= 2023 이면 IFRS17, 아니면 IFRS4",우리금융지주 우리사주조합,최대주주,-,2023-12-31,보통주,"43,990,091",5.85,api,hyslrSttus,"{""bsns_year"": ""2023"", ""corp_code"": ""01350869"", ""reprt_code"": ""11011""}",20240516001472,api_row,2026-08-31T15:43:34+09:00,000,run_20260831_152517_0511,raw/hyslrSttus/01350869_2023_11011.json,79a23610091a766ada8194e45279733ece81f913f8c12093222054e0bb77d027,11
우리금융지주,지주,지주,01350869,우리금융지주,2023,11011,사업보고서,IFRS17,"28,136,218",3.87,Y,"보고서 사업연도 >= 2023 이면 IFRS17, 아니면 IFRS4",우리은행 우리사주조합,최대주주의 특수관계인,-,2023-12-31,보통주,"25,040,007",3.33,api,hyslrSttus,"{""bsns_year"": ""2023"", ""corp_code"": ""01350869"", ""reprt_code"": ""11011""}",20240516001472,api_row,2026-08-31T15:43:34+09:00,000,run_20260831_152517_0511,raw/hyslrSttus/01350869_2023_11011.json,79a23610091a766ada8194e45279733ece81f913f8c12093222054e0bb77d027,11
우리금융지주,지주,지주,01350869,우리금융지주,2023,11011,사업보고서,IFRS17,"69,301,356",9.52,Y,"보고서 사업연도 >= 2023 이면 IFRS17, 아니면 IFRS4",계,,-,2023-12-31,보통주,"69,030,098",9.18,api,hyslrSttus,"{""bsns_year"": ""2023"", ""corp_code"": ""01350869"", ""reprt_code"": ""11011""}",20240516001472,api_row,2026-08-31T15:43:34+09:00,000,run_20260831_152517_0511,raw/hyslrSttus/01350869_2023_11011.json,79a23610091a766ada8194e45279733ece81f913f8c12093222054e0bb77d027,11
우리금융지주,지주,지주,01350869,우리금융지주,2023,11011,사업보고서,IFRS17,-,-,Y,"보고서 사업연도 >= 2023 이면 IFRS17, 아니면 IFRS4",계,,-,2023-12-31,-,-,-,api,hyslrSttus,"{""bsns_year"": ""2023"", ""corp_code"": ""01350869"", ""reprt_code"": ""11011""}",20240516001472,api_row,2026-08-31T15:43:34+09:00,000,run_20260831_152517_0511,raw/hyslrSttus/01350869_2023_11011.json,79a23610091a766ada8194e45279733ece81f913f8c12093222054e0bb77d027,11
우리금융지주,지주,지주,01350869,우리금융지주,2024,11011,사업보고서,IFRS17,"43,990,091",5.85,Y,"보고서 사업연도 >= 2023 이면 IFRS17, 아니면 IFRS4",우리금융지주 우리사주조합,최대주주,-,2024-12-31,보통주,"44,474,301",5.99,api,hyslrSttus,"{""bsns_year"": ""2024"", ""corp_code"": ""01350869"", ""reprt_code"": ""11011""}",20250318001196,api_row,2026-08-31T15:44:01+09:00,000,run_20260831_152517_0520,raw/hyslrSttus/01350869_2024_11011.json,ac22e90028fd1019f6815c1b48b4b147b4fa39c4ae0a14843ed85e973df11e39,11
우리금융지주,지주,지주,01350869,우리금융지주,2024,11011,사업보고서,IFRS17,"25,040,007",3.33,Y,"보고서 사업연도 >= 2023 이면 IFRS17, 아니면 IFRS4",우리은행 우리사주조합,최대주주의 특수관계인,-,2024-12-31,보통주,"19,106,955",2.57,api,hyslrSttus,"{""bsns_year"": ""2024"", ""corp_code"": ""01350869"", ""reprt_code"": ""11011""}",20250318001196,api_row,2026-08-31T15:44:01+09:00,000,run_20260831_152517_0520,raw/hyslrSttus/01350869_2024_11011.json,ac22e90028fd1019f6815c1b48b4b147b4fa39c4ae0a14843ed85e973df11e39,11
우리금융지주,지주,지주,01350869,우리금융지주,2024,11011,사업보고서,IFRS17,"69,030,098",9.18,Y,"보고서 사업연도 >= 2023 이면 IFRS17, 아니면 IFRS4",계,,-,2024-12-31,보통주,"63,581,256",8.56,api,hyslrSttus,"{""bsns_year"": ""2024"", ""corp_code"": ""01350869"", ""reprt_code"": ""11011""}",20250318001196,api_row,2026-08-31T15:44:01+09:00,000,run_20260831_152517_0520,raw/hyslrSttus/01350869_2024_11011.json,ac22e90028fd1019f6815c1b48b4b147b4fa39c4ae0a14843ed85e973df11e39,11
우리금융지주,지주,지주,01350869,우리금융지주,2024,11011,사업보고서,IFRS17,-,-,Y,"보고서 사업연도 >= 2023 이면 IFRS17, 아니면 IFRS4",계,,-,2024-12-31,-,-,-,api,hyslrSttus,"{""bsns_year"": ""2024"", ""corp_code"": ""01350869"", ""reprt_code"": ""11011""}",20250318001196,api_row,2026-08-31T15:44:01+09:00,000,run_20260831_152517_0520,raw/hyslrSttus/01350869_2024_11011.json,ac22e90028fd1019f6815c1b48b4b147b4fa39c4ae0a14843ed85e973df11e39,11
우리금융지주,지주,지주,01350869,우리금융지주,2025,11011,사업보고서,IFRS17,"44,474,301",5.99,Y,"보고서 사업연도 >= 2023 이면 IFRS17, 아니면 IFRS4",우리금융지주 우리사주조합,최대주주,-,2025-12-31,보통주,"42,182,950",5.75,api,hyslrSttus,"{""bsns_year"": ""2025"", ""corp_code"": ""01350869"", ""reprt_code"": ""11011""}",20260313001235,api_row,2026-08-31T15:44:29+09:00,000,run_20260831_152517_0529,raw/hyslrSttus/01350869_2025_11011.json,ab91e3a66102a676c605bc17c2c729dc27973e9e7cb6d97faee60ee71a7bb044,11
우리금융지주,지주,지주,01350869,우리금융지주,2025,11011,사업보고서,IFRS17,"19,106,955",2.57,Y,"보고서 사업연도 >= 2023 이면 IFRS17, 아니면 IFRS4",우리은행 우리사주조합,최대주주의 특수관계인,-,2025-12-31,보통주,"14,753,107",2.01,api,hyslrSttus,"{""bsns_year"": ""2025"", ""corp_code"": ""01350869"", ""reprt_code"": ""11011""}",20260313001235,api_row,2026-08-31T15:44:29+09:00,000,run_20260831_152517_0529,raw/hyslrSttus/01350869_2025_11011.json,ab91e3a66102a676c605bc17c2c729dc27973e9e7cb6d97faee60ee71a7bb044,11
우리금융지주,지주,지주,01350869,우리금융지주,2025,11011,사업보고서,IFRS17,"63,581,256",8.56,Y,"보고서 사업연도 >= 2023 이면 IFRS17, 아니면 IFRS4",계,,-,2025-12-31,보통주,"56,936,057",7.76,api,hyslrSttus,"{""bsns_year"": ""2025"", ""corp_code"": ""01350869"", ""reprt_code"": ""11011""}",20260313001235,api_row,2026-08-31T15:44:29+09:00,000,run_20260831_152517_0529,raw/hyslrSttus/01350869_2025_11011.json,ab91e3a66102a676c605bc17c2c729dc27973e9e7cb6d97faee60ee71a7bb044,11
우리금융지주,지주,지주,01350869,우리금융지주,2025,11011,사업보고서,IFRS17,-,-,Y,"보고서 사업연도 >= 2023 이면 IFRS17, 아니면 IFRS4",계,,-,2025-12-31,-,-,-,api,hyslrSttus,"{""bsns_year"": ""2025"", ""corp_code"": ""01350869"", ""reprt_code"": ""11011""}",20260313001235,api_row,2026-08-31T15:44:29+09:00,000,run_20260831_152517_0529,raw/hyslrSttus/01350869_2025_11011.json,ab91e3a66102a676c605bc17c2c729dc27973e9e7cb6d97faee60ee71a7bb044,11
우리금융지주,지주,지주,01350869,우리금융지주,2025,11012,반기보고서,IFRS17,"44,474,301",5.99,Y,"보고서 사업연도 >= 2023 이면 IFRS17, 아니면 IFRS4",우리금융지주 우리사주조합,최대주주,-,2025-06-30,보통주,"43,161,084",5.81,api,hyslrSttus,"{""bsns_year"": ""2025"", ""corp_code"": ""01350869"", ""reprt_code"": ""11012""}",20250814004065,api_row,2026-08-31T15:44:58+09:00,000,run_20260831_152517_0538,raw/hyslrSttus/01350869_2025_11012.json,d1cde95aa12fdffee7487a47c7015ffcf612b36d6a5268bbfe8960aed1fcf68f,11
우리금융지주,지주,지주,01350869,우리금융지주,2025,11012,반기보고서,IFRS17,"19,106,955",2.57,Y,"보고서 사업연도 >= 2023 이면 IFRS17, 아니면 IFRS4",우리은행 우리사주조합,최대주주의 특수관계인,-,2025-06-30,보통주,"16,269,022",2.19,api,hyslrSttus,"{""bsns_year"": ""2025"", ""corp_code"": ""01350869"", ""reprt_code"": ""11012""}",20250814004065,api_row,2026-08-31T15:44:58+09:00,000,run_20260831_152517_0538,raw/hyslrSttus/01350869_2025_11012.json,d1cde95aa12fdffee7487a47c7015ffcf612b36d6a5268bbfe8960aed1fcf68f,11
우리금융지주,지주,지주,01350869,우리금융지주,2025,11012,반기보고서,IFRS17,"63,581,256",8.56,Y,"보고서 사업연도 >= 2023 이면 IFRS17, 아니면 IFRS4",계,,-,2025-06-30,보통주,"59,430,106",8.00,api,hyslrSttus,"{""bsns_year"": ""2025"", ""corp_code"": ""01350869"", ""reprt_code"": ""11012""}",20250814004065,api_row,2026-08-31T15:44:58+09:00,000,run_20260831_152517_0538,raw/hyslrSttus/01350869_2025_11012.json,d1cde95aa12fdffee7487a47c7015ffcf612b36d6a5268bbfe8960aed1fcf68f,11
우리금융지주,지주,지주,01350869,우리금융지주,2025,11012,반기보고서,IFRS17,-,-,Y,"보고서 사업연도 >= 2023 이면 IFRS17, 아니면 IFRS4",계,,-,2025-06-30,-,-,-,api,hyslrSttus,"{""bsns_year"": ""2025"", ""corp_code"": ""01350869"", ""reprt_code"": ""11012""}",20250814004065,api_row,2026-08-31T15:44:58+09:00,000,run_20260831_152517_0538,raw/hyslrSttus/01350869_2025_11012.json,d1cde95aa12fdffee7487a47c7015ffcf612b36d6a5268bbfe8960aed1fcf68f,11
우리금융지주,지주,지주,01350869,우리금융지주,2026,11012,반기보고서,IFRS17,"42,182,950",5.75,Y,"보고서 사업연도 >= 2023 이면 IFRS17, 아니면 IFRS4",우리금융지주 우리사주조합,최대주주,-,2026-06-30,보통주,"48,951,210",6.72,api,hyslrSttus,"{""bsns_year"": ""2026"", ""corp_code"": ""01350869"", ""reprt_code"": ""11012""}",20260814003410,api_row,2026-08-31T15:45:24+09:00,000,run_20260831_152517_0547,raw/hyslrSttus/01350869_2026_11012.json,d281ea7a0d19b7ff86bfeb2ad1134f7858a1eb824d670533c048e9da70ee7503,11
우리금융지주,지주,지주,01350869,우리금융지주,2026,11012,반기보고서,IFRS17,"14,753,107",2.01,Y,"보고서 사업연도 >= 2023 이면 IFRS17, 아니면 IFRS4",우리은행 우리사주조합,최대주주의 특수관계인,-,2026-06-30,보통주,"12,984,953",1.78,api,hyslrSttus,"{""bsns_year"": ""2026"", ""corp_code"": ""01350869"", ""reprt_code"": ""11012""}",20260814003410,api_row,2026-08-31T15:45:24+09:00,000,run_20260831_152517_0547,raw/hyslrSttus/01350869_2026_11012.json,d281ea7a0d19b7ff86bfeb2ad1134f7858a1eb824d670533c048e9da70ee7503,11
우리금융지주,지주,지주,01350869,우리금융지주,2026,11012,반기보고서,IFRS17,"56,936,057",7.76,Y,"보고서 사업연도 >= 2023 이면 IFRS17, 아니면 IFRS4",계,,-,2026-06-30,보통주,"61,936,163",8.51,api,hyslrSttus,"{""bsns_year"": ""2026"", ""corp_code"": ""01350869"", ""reprt_code"": ""11012""}",20260814003410,api_row,2026-08-31T15:45:24+09:00,000,run_20260831_152517_0547,raw/hyslrSttus/01350869_2026_11012.json,d281ea7a0d19b7ff86bfeb2ad1134f7858a1eb824d670533c048e9da70ee7503,11
우리금융지주,지주,지주,01350869,우리금융지주,2026,11012,반기보고서,IFRS17,-,-,Y,"보고서 사업연도 >= 2023 이면 IFRS17, 아니면 IFRS4",계,,-,2026-06-30,-,-,-,api,hyslrSttus,"{""bsns_year"": ""2026"", ""corp_code"": ""01350869"", ""reprt_code"": ""11012""}",20260814003410,api_row,2026-08-31T15:45:24+09:00,000,run_20260831_152517_0547,raw/hyslrSttus/01350869_2026_11012.json,d281ea7a0d19b7ff86bfeb2ad1134f7858a1eb824d670533c048e9da70ee7503,11
우리은행,기타,전환주체,00254045,우리은행,2021,11011,사업보고서,IFRS4,"716,000,000",100.00,E,"보고서 사업연도 >= 2023 이면 IFRS17, 아니면 IFRS4",(주)우리금융지주,최대주주,-,2021-12-31,보통주,"716,000,000",100.00,api,hyslrSttus,"{""bsns_year"": ""2021"", ""corp_code"": ""00254045"", ""reprt_code"": ""11011""}",20220317000674,api_row,2026-09-11T10:46:26+09:00,000,run_20260911_103248_0267,raw/hyslrSttus/00254045_2021_11011.json,d9f75c72e943a7e404b1bdbc133e318ca039fbd1be1b9ca54c013ee2d8221fa0,0
우리은행,기타,전환주체,00254045,우리은행,2021,11011,사업보고서,IFRS4,-,-,E,"보고서 사업연도 >= 2023 이면 IFRS17, 아니면 IFRS4",계,,-,2021-12-31,우선주,-,-,api,hyslrSttus,"{""bsns_year"": ""2021"", ""corp_code"": ""00254045"", ""reprt_code"": ""11011""}",20220317000674,api_row,2026-09-11T10:46:26+09:00,000,run_20260911_103248_0267,raw/hyslrSttus/00254045_2021_11011.json,d9f75c72e943a7e404b1bdbc133e318ca039fbd1be1b9ca54c013ee2d8221fa0,0
우리은행,기타,전환주체,00254045,우리은행,2021,11011,사업보고서,IFRS4,"716,000,000",100.00,E,"보고서 사업연도 >= 2023 이면 IFRS17, 아니면 IFRS4",계,,-,2021-12-31,보통주,"716,000,000",100.00,api,hyslrSttus,"{""bsns_year"": ""2021"", ""corp_code"": ""00254045"", ""reprt_code"": ""11011""}",20220317000674,api_row,2026-09-11T10:46:26+09:00,000,run_20260911_103248_0267,raw/hyslrSttus/00254045_2021_11011.json,d9f75c72e943a7e404b1bdbc133e318ca039fbd1be1b9ca54c013ee2d8221fa0,0
우리은행,기타,전환주체,00254045,우리은행,2022,11011,사업보고서,IFRS4,"716,000,000",100.00,E,"보고서 사업연도 >= 2023 이면 IFRS17, 아니면 IFRS4",(주)우리금융지주,최대주주,-,2022-12-31,보통주,"716,000,000",100.00,api,hyslrSttus,"{""bsns_year"": ""2022"", ""corp_code"": ""00254045"", ""reprt_code"": ""11011""}",20230316001052,api_row,2026-09-11T10:47:04+09:00,000,run_20260911_103248_0276,raw/hyslrSttus/00254045_2022_11011.json,84ad96e8703cb3f976d07823246141ca3d71dbed72e210fa310f30d4827eec59,0
우리은행,기타,전환주체,00254045,우리은행,2022,11011,사업보고서,IFRS4,-,-,E,"보고서 사업연도 >= 2023 이면 IFRS17, 아니면 IFRS4",계,,-,2022-12-31,우선주,-,-,api,hyslrSttus,"{""bsns_year"": ""2022"", ""corp_code"": ""00254045"", ""reprt_code"": ""11011""}",20230316001052,api_row,2026-09-11T10:47:04+09:00,000,run_20260911_103248_0276,raw/hyslrSttus/00254045_2022_11011.json,84ad96e8703cb3f976d07823246141ca3d71dbed72e210fa310f30d4827eec59,0
우리은행,기타,전환주체,00254045,우리은행,2022,11011,사업보고서,IFRS4,"716,000,000",100.00,E,"보고서 사업연도 >= 2023 이면 IFRS17, 아니면 IFRS4",계,,-,2022-12-31,보통주,"716,000,000",100.00,api,hyslrSttus,"{""bsns_year"": ""2022"", ""corp_code"": ""00254045"", ""reprt_code"": ""11011""}",20230316001052,api_row,2026-09-11T10:47:04+09:00,000,run_20260911_103248_0276,raw/hyslrSttus/00254045_2022_11011.json,84ad96e8703cb3f976d07823246141ca3d71dbed72e210fa310f30d4827eec59,0
우리은행,기타,전환주체,00254045,우리은행,2023,11011,사업보고서,IFRS17,"716,000,000",100.00,E,"보고서 사업연도 >= 2023 이면 IFRS17, 아니면 IFRS4",우리금융지주,최대주주,-,2023-12-31,보통주,"716,000,000",100.00,api,hyslrSttus,"{""bsns_year"": ""2023"", ""corp_code"": ""00254045"", ""reprt_code"": ""11011""}",20240326000240,api_row,2026-09-11T10:47:45+09:00,000,run_20260911_103248_0285,raw/hyslrSttus/00254045_2023_11011.json,558943dab7c29828d2795c2e5fc9704c9bac98fbec6a62e0244c0da84709d9b8,0
우리은행,기타,전환주체,00254045,우리은행,2023,11011,사업보고서,IFRS17,-,-,E,"보고서 사업연도 >= 2023 이면 IFRS17, 아니면 IFRS4",계,,-,2023-12-31,우선주,-,-,api,hyslrSttus,"{""bsns_year"": ""2023"", ""corp_code"": ""00254045"", ""reprt_code"": ""11011""}",20240326000240,api_row,2026-09-11T10:47:45+09:00,000,run_20260911_103248_0285,raw/hyslrSttus/00254045_2023_11011.json,558943dab7c29828d2795c2e5fc9704c9bac98fbec6a62e0244c0da84709d9b8,0
우리은행,기타,전환주체,00254045,우리은행,2023,11011,사업보고서,IFRS17,"716,000,000",100.00,E,"보고서 사업연도 >= 2023 이면 IFRS17, 아니면 IFRS4",계,,-,2023-12-31,보통주,"716,000,000",100.00,api,hyslrSttus,"{""bsns_year"": ""2023"", ""corp_code"": ""00254045"", ""reprt_code"": ""11011""}",20240326000240,api_row,2026-09-11T10:47:45+09:00,000,run_20260911_103248_0285,raw/hyslrSttus/00254045_2023_11011.json,558943dab7c29828d2795c2e5fc9704c9bac98fbec6a62e0244c0da84709d9b8,0
우리은행,기타,전환주체,00254045,우리은행,2024,11011,사업보고서,IFRS17,"716,000,000",100.00,E,"보고서 사업연도 >= 2023 이면 IFRS17, 아니면 IFRS4",우리금융지주,최대주주,-,2024-12-31,보통주,"716,000,000",100.00,api,hyslrSttus,"{""bsns_year"": ""2024"", ""corp_code"": ""00254045"", ""reprt_code"": ""11011""}",20250318001159,api_row,2026-09-11T10:48:46+09:00,000,run_20260911_103248_0294,raw/hyslrSttus/00254045_2024_11011.json,2d4ba58740d7d42b8aa63645ad1deb4fdc595554afb05dbe999ec8d4df7c337f,0
우리은행,기타,전환주체,00254045,우리은행,2024,11011,사업보고서,IFRS17,-,-,E,"보고서 사업연도 >= 2023 이면 IFRS17, 아니면 IFRS4",계,,-,2024-12-31,우선주,-,-,api,hyslrSttus,"{""bsns_year"": ""2024"", ""corp_code"": ""00254045"", ""reprt_code"": ""11011""}",20250318001159,api_row,2026-09-11T10:48:46+09:00,000,run_20260911_103248_0294,raw/hyslrSttus/00254045_2024_11011.json,2d4ba58740d7d42b8aa63645ad1deb4fdc595554afb05dbe999ec8d4df7c337f,0
우리은행,기타,전환주체,00254045,우리은행,2024,11011,사업보고서,IFRS17,"716,000,000",100.00,E,"보고서 사업연도 >= 2023 이면 IFRS17, 아니면 IFRS4",계,,-,2024-12-31,보통주,"716,000,000",100.00,api,hyslrSttus,"{""bsns_year"": ""2024"", ""corp_code"": ""00254045"", ""reprt_code"": ""11011""}",20250318001159,api_row,2026-09-11T10:48:46+09:00,000,run_20260911_103248_0294,raw/hyslrSttus/00254045_2024_11011.json,2d4ba58740d7d42b8aa63645ad1deb4fdc595554afb05dbe999ec8d4df7c337f,0
우리은행,기타,전환주체,00254045,우리은행,2025,11011,사업보고서,IFRS17,"716,000,000",100.00,E,"보고서 사업연도 >= 2023 이면 IFRS17, 아니면 IFRS4",우리금융지주,최대주주,-,2025-12-31,보통주,"716,000,000",100.00,api,hyslrSttus,"{""bsns_year"": ""2025"", ""corp_code"": ""00254045"", ""reprt_code"": ""11011""}",20260313000815,api_row,2026-09-11T10:49:49+09:00,000,run_20260911_103248_0303,raw/hyslrSttus/00254045_2025_11011.json,aad5aba5af1a7f12d79bcfa7f41c6400d1e304d289e6d88681560a5844ec414c,0
우리은행,기타,전환주체,00254045,우리은행,2025,11011,사업보고서,IFRS17,-,-,E,"보고서 사업연도 >= 2023 이면 IFRS17, 아니면 IFRS4",계,,-,2025-12-31,우선주,-,-,api,hyslrSttus,"{""bsns_year"": ""2025"", ""corp_code"": ""00254045"", ""reprt_code"": ""11011""}",20260313000815,api_row,2026-09-11T10:49:49+09:00,000,run_20260911_103248_0303,raw/hyslrSttus/00254045_2025_11011.json,aad5aba5af1a7f12d79bcfa7f41c6400d1e304d289e6d88681560a5844ec414c,0
우리은행,기타,전환주체,00254045,우리은행,2025,11011,사업보고서,IFRS17,"716,000,000",100.00,E,"보고서 사업연도 >= 2023 이면 IFRS17, 아니면 IFRS4",계,,-,2025-12-31,보통주,"716,000,000",100.00,api,hyslrSttus,"{""bsns_year"": ""2025"", ""corp_code"": ""00254045"", ""reprt_code"": ""11011""}",20260313000815,api_row,2026-09-11T10:49:49+09:00,000,run_20260911_103248_0303,raw/hyslrSttus/00254045_2025_11011.json,aad5aba5af1a7f12d79bcfa7f41c6400d1e304d289e6d88681560a5844ec414c,0
우리은행,기타,전환주체,00254045,우리은행,2025,11012,반기보고서,IFRS17,"716,000,000",100.00,E,"보고서 사업연도 >= 2023 이면 IFRS17, 아니면 IFRS4",우리금융지주,최대주주,-,2025-06-30,보통주,"716,000,000",100.00,api,hyslrSttus,"{""bsns_year"": ""2025"", ""corp_code"": ""00254045"", ""reprt_code"": ""11012""}",20250814003989,api_row,2026-09-11T10:50:49+09:00,000,run_20260911_103248_0312,raw/hyslrSttus/00254045_2025_11012.json,9bfbb1de2080c6ad0f50df6d732f1dd78adb1601506c31816a78c31315e9f68b,0
우리은행,기타,전환주체,00254045,우리은행,2025,11012,반기보고서,IFRS17,-,-,E,"보고서 사업연도 >= 2023 이면 IFRS17, 아니면 IFRS4",계,,-,2025-06-30,우선주,-,-,api,hyslrSttus,"{""bsns_year"": ""2025"", ""corp_code"": ""00254045"", ""reprt_code"": ""11012""}",20250814003989,api_row,2026-09-11T10:50:49+09:00,000,run_20260911_103248_0312,raw/hyslrSttus/00254045_2025_11012.json,9bfbb1de2080c6ad0f50df6d732f1dd78adb1601506c31816a78c31315e9f68b,0
우리은행,기타,전환주체,00254045,우리은행,2025,11012,반기보고서,IFRS17,"716,000,000",100.00,E,"보고서 사업연도 >= 2023 이면 IFRS17, 아니면 IFRS4",계,,-,2025-06-30,보통주,"716,000,000",100.00,api,hyslrSttus,"{""bsns_year"": ""2025"", ""corp_code"": ""00254045"", ""reprt_code"": ""11012""}",20250814003989,api_row,2026-09-11T10:50:49+09:00,000,run_20260911_103248_0312,raw/hyslrSttus/00254045_2025_11012.json,9bfbb1de2080c6ad0f50df6d732f1dd78adb1601506c31816a78c31315e9f68b,0
우리은행,기타,전환주체,00254045,우리은행,2026,11012,반기보고서,IFRS17,"716,000,000",100.00,E,"보고서 사업연도 >= 2023 이면 IFRS17, 아니면 IFRS4",우리금융지주,최대주주,-,2026-06-30,보통주,"716,000,000",100.00,api,hyslrSttus,"{""bsns_year"": ""2026"", ""corp_code"": ""00254045"", ""reprt_code"": ""11012""}",20260814003574,api_row,2026-09-11T10:51:49+09:00,000,run_20260911_103248_0321,raw/hyslrSttus/00254045_2026_11012.json,81e210156bfb0c288579ec678065bcd55a661252305a285c1ad47f615b67ef91,0
우리은행,기타,전환주체,00254045,우리은행,2026,11012,반기보고서,IFRS17,-,-,E,"보고서 사업연도 >= 2023 이면 IFRS17, 아니면 IFRS4",계,,-,2026-06-30,우선주,-,-,api,hyslrSttus,"{""bsns_year"": ""2026"", ""corp_code"": ""00254045"", ""reprt_code"": ""11012""}",20260814003574,api_row,2026-09-11T10:51:49+09:00,000,run_20260911_103248_0321,raw/hyslrSttus/00254045_2026_11012.json,81e210156bfb0c288579ec678065bcd55a661252305a285c1ad47f615b67ef91,0
우리은행,기타,전환주체,00254045,우리은행,2026,11012,반기보고서,IFRS17,"716,000,000",100.00,E,"보고서 사업연도 >= 2023 이면 IFRS17, 아니면 IFRS4",계,,-,2026-06-30,보통주,"716,000,000",100.00,api,hyslrSttus,"{""bsns_year"": ""2026"", ""corp_code"": ""00254045"", ""reprt_code"": ""11012""}",20260814003574,api_row,2026-09-11T10:51:49+09:00,000,run_20260911_103248_0321,raw/hyslrSttus/00254045_2026_11012.json,81e210156bfb0c288579ec678065bcd55a661252305a285c1ad47f615b67ef91,0
한국금융지주,지주,비교지주,00432102,한국금융지주,2021,11011,사업보고서,IFRS4,"11,534,636",20.70,Y,"보고서 사업연도 >= 2023 이면 IFRS17, 아니면 IFRS4",김남구,최대주주 본인,-,2021-12-31,보통주,"11,534,636",20.70,api,hyslrSttus,"{""bsns_year"": ""2021"", ""corp_code"": ""00432102"", ""reprt_code"": ""11011""}",20250320000804,api_row,2026-09-11T13:51:05+09:00,000,run_20260911_133722_0287,raw/hyslrSttus/00432102_2021_11011.json,7875046591a97cc37bbdf31aa9b910d10035be801bb6c82f789aa30c07a484d5,0
한국금융지주,지주,비교지주,00432102,한국금융지주,2021,11011,사업보고서,IFRS4,"3,000",0.01,Y,"보고서 사업연도 >= 2023 이면 IFRS17, 아니면 IFRS4",이강행,임원,-,2021-12-31,보통주,"3,000",0.01,api,hyslrSttus,"{""bsns_year"": ""2021"", ""corp_code"": ""00432102"", ""reprt_code"": ""11011""}",20250320000804,api_row,2026-09-11T13:51:05+09:00,000,run_20260911_133722_0287,raw/hyslrSttus/00432102_2021_11011.json,7875046591a97cc37bbdf31aa9b910d10035be801bb6c82f789aa30c07a484d5,0
한국금융지주,지주,비교지주,00432102,한국금융지주,2021,11011,사업보고서,IFRS4,"11,537,636",20.70,Y,"보고서 사업연도 >= 2023 이면 IFRS17, 아니면 IFRS4",계,,-,2021-12-31,보통주,"11,537,636",20.70,api,hyslrSttus,"{""bsns_year"": ""2021"", ""corp_code"": ""00432102"", ""reprt_code"": ""11011""}",20250320000804,api_row,2026-09-11T13:51:05+09:00,000,run_20260911_133722_0287,raw/hyslrSttus/00432102_2021_11011.json,7875046591a97cc37bbdf31aa9b910d10035be801bb6c82f789aa30c07a484d5,0
한국금융지주,지주,비교지주,00432102,한국금융지주,2021,11011,사업보고서,IFRS4,-,-,Y,"보고서 사업연도 >= 2023 이면 IFRS17, 아니면 IFRS4",계,,-,2021-12-31,종류주식,-,-,api,hyslrSttus,"{""bsns_year"": ""2021"", ""corp_code"": ""00432102"", ""reprt_code"": ""11011""}",20250320000804,api_row,2026-09-11T13:51:05+09:00,000,run_20260911_133722_0287,raw/hyslrSttus/00432102_2021_11011.json,7875046591a97cc37bbdf31aa9b910d10035be801bb6c82f789aa30c07a484d5,0
한국금융지주,지주,비교지주,00432102,한국금융지주,2022,11011,사업보고서,IFRS4,"11,534,636",20.70,Y,"보고서 사업연도 >= 2023 이면 IFRS17, 아니면 IFRS4",김남구,최대주주 본인,-,2022-12-31,보통주,"11,534,636",20.70,api,hyslrSttus,"{""bsns_year"": ""2022"", ""corp_code"": ""00432102"", ""reprt_code"": ""11011""}",20250320000814,api_row,2026-09-11T13:51:16+09:00,000,run_20260911_133722_0296,raw/hyslrSttus/00432102_2022_11011.json,6b259342836fe5aa088e5879b785fd014ba346a2f3aac734f870dc4884d9d758,0
한국금융지주,지주,비교지주,00432102,한국금융지주,2022,11011,사업보고서,IFRS4,"3,000",0.01,Y,"보고서 사업연도 >= 2023 이면 IFRS17, 아니면 IFRS4",이강행,임원,"특수관계인 제외
(2022.03.25)",2022-12-31,보통주,0,0.00,api,hyslrSttus,"{""bsns_year"": ""2022"", ""corp_code"": ""00432102"", ""reprt_code"": ""11011""}",20250320000814,api_row,2026-09-11T13:51:16+09:00,000,run_20260911_133722_0296,raw/hyslrSttus/00432102_2022_11011.json,6b259342836fe5aa088e5879b785fd014ba346a2f3aac734f870dc4884d9d758,0
한국금융지주,지주,비교지주,00432102,한국금융지주,2022,11011,사업보고서,IFRS4,"11,537,636",20.70,Y,"보고서 사업연도 >= 2023 이면 IFRS17, 아니면 IFRS4",계,,-,2022-12-31,보통주,"11,534,636",20.70,api,hyslrSttus,"{""bsns_year"": ""2022"", ""corp_code"": ""00432102"", ""reprt_code"": ""11011""}",20250320000814,api_row,2026-09-11T13:51:16+09:00,000,run_20260911_133722_0296,raw/hyslrSttus/00432102_2022_11011.json,6b259342836fe5aa088e5879b785fd014ba346a2f3aac734f870dc4884d9d758,0
한국금융지주,지주,비교지주,00432102,한국금융지주,2022,11011,사업보고서,IFRS4,-,-,Y,"보고서 사업연도 >= 2023 이면 IFRS17, 아니면 IFRS4",계,,-,2022-12-31,종류주식,-,-,api,hyslrSttus,"{""bsns_year"": ""2022"", ""corp_code"": ""00432102"", ""reprt_code"": ""11011""}",20250320000814,api_row,2026-09-11T13:51:16+09:00,000,run_20260911_133722_0296,raw/hyslrSttus/00432102_2022_11011.json,6b259342836fe5aa088e5879b785fd014ba346a2f3aac734f870dc4884d9d758,0
한국금융지주,지주,비교지주,00432102,한국금융지주,2023,11011,사업보고서,IFRS17,"11,534,636",20.70,Y,"보고서 사업연도 >= 2023 이면 IFRS17, 아니면 IFRS4",김남구,최대주주 본인,-,2023-12-31,보통주,"11,534,636",20.70,api,hyslrSttus,"{""bsns_year"": ""2023"", ""corp_code"": ""00432102"", ""reprt_code"": ""11011""}",20250320000836,api_row,2026-09-11T13:51:25+09:00,000,run_20260911_133722_0305,raw/hyslrSttus/00432102_2023_11011.json,b8d858393802e699e5aba89d1ad312c55e5dd8fc841654a964475dc2fcf47f2b,0
한국금융지주,지주,비교지주,00432102,한국금융지주,2023,11011,사업보고서,IFRS17,0,0.00,Y,"보고서 사업연도 >= 2023 이면 IFRS17, 아니면 IFRS4",김동윤,특별 관계자,-,2023-12-31,보통주,"52,739",0.09,api,hyslrSttus,"{""bsns_year"": ""2023"", ""corp_code"": ""00432102"", ""reprt_code"": ""11011""}",20250320000836,api_row,2026-09-11T13:51:25+09:00,000,run_20260911_133722_0305,raw/hyslrSttus/00432102_2023_11011.json,b8d858393802e699e5aba89d1ad312c55e5dd8fc841654a964475dc2fcf47f2b,0
한국금융지주,지주,비교지주,00432102,한국금융지주,2023,11011,사업보고서,IFRS17,"11,534,636",20.70,Y,"보고서 사업연도 >= 2023 이면 IFRS17, 아니면 IFRS4",계,,-,2023-12-31,보통주,"11,587,375",20.79,api,hyslrSttus,"{""bsns_year"": ""2023"", ""corp_code"": ""00432102"", ""reprt_code"": ""11011""}",20250320000836,api_row,2026-09-11T13:51:25+09:00,000,run_20260911_133722_0305,raw/hyslrSttus/00432102_2023_11011.json,b8d858393802e699e5aba89d1ad312c55e5dd8fc841654a964475dc2fcf47f2b,0
한국금융지주,지주,비교지주,00432102,한국금융지주,2023,11011,사업보고서,IFRS17,-,-,Y,"보고서 사업연도 >= 2023 이면 IFRS17, 아니면 IFRS4",계,,-,2023-12-31,종류주식,-,-,api,hyslrSttus,"{""bsns_year"": ""2023"", ""corp_code"": ""00432102"", ""reprt_code"": ""11011""}",20250320000836,api_row,2026-09-11T13:51:25+09:00,000,run_20260911_133722_0305,raw/hyslrSttus/00432102_2023_11011.json,b8d858393802e699e5aba89d1ad312c55e5dd8fc841654a964475dc2fcf47f2b,0
한국금융지주,지주,비교지주,00432102,한국금융지주,2024,11011,사업보고서,IFRS17,"11,534,636",20.70,Y,"보고서 사업연도 >= 2023 이면 IFRS17, 아니면 IFRS4",김남구,최대주주 본인,-,2024-12-31,보통주,"11,534,636",20.70,api,hyslrSttus,"{""bsns_year"": ""2024"", ""corp_code"": ""00432102"", ""reprt_code"": ""11011""}",20250320000910,api_row,2026-09-11T13:51:44+09:00,000,run_20260911_133722_0314,raw/hyslrSttus/00432102_2024_11011.json,0dc8cb28f94bec4e66f896c964979af7c6728d9e67a4a07bfc538bfa08419afb,0
한국금융지주,지주,비교지주,00432102,한국금융지주,2024,11011,사업보고서,IFRS17,"52,739",0.09,Y,"보고서 사업연도 >= 2023 이면 IFRS17, 아니면 IFRS4",김동윤,특별 관계자,-,2024-12-31,보통주,"336,739",0.60,api,hyslrSttus,"{""bsns_year"": ""2024"", ""corp_code"": ""00432102"", ""reprt_code"": ""11011""}",20250320000910,api_row,2026-09-11T13:51:44+09:00,000,run_20260911_133722_0314,raw/hyslrSttus/00432102_2024_11011.json,0dc8cb28f94bec4e66f896c964979af7c6728d9e67a4a07bfc538bfa08419afb,0
한국금융지주,지주,비교지주,00432102,한국금융지주,2024,11011,사업보고서,IFRS17,"11,587,375",20.79,Y,"보고서 사업연도 >= 2023 이면 IFRS17, 아니면 IFRS4",계,,-,2024-12-31,보통주,"11,871,375",21.30,api,hyslrSttus,"{""bsns_year"": ""2024"", ""corp_code"": ""00432102"", ""reprt_code"": ""11011""}",20250320000910,api_row,2026-09-11T13:51:44+09:00,000,run_20260911_133722_0314,raw/hyslrSttus/00432102_2024_11011.json,0dc8cb28f94bec4e66f896c964979af7c6728d9e67a4a07bfc538bfa08419afb,0
한국금융지주,지주,비교지주,00432102,한국금융지주,2024,11011,사업보고서,IFRS17,-,-,Y,"보고서 사업연도 >= 2023 이면 IFRS17, 아니면 IFRS4",계,,-,2024-12-31,종류주식,-,-,api,hyslrSttus,"{""bsns_year"": ""2024"", ""corp_code"": ""00432102"", ""reprt_code"": ""11011""}",20250320000910,api_row,2026-09-11T13:51:44+09:00,000,run_20260911_133722_0314,raw/hyslrSttus/00432102_2024_11011.json,0dc8cb28f94bec4e66f896c964979af7c6728d9e67a4a07bfc538bfa08419afb,0
한국금융지주,지주,비교지주,00432102,한국금융지주,2025,11011,사업보고서,IFRS17,"11,534,636",20.70,Y,"보고서 사업연도 >= 2023 이면 IFRS17, 아니면 IFRS4",김남구,최대주주 본인,-,2025-12-31,보통주,"11,534,636",20.70,api,hyslrSttus,"{""bsns_year"": ""2025"", ""corp_code"": ""00432102"", ""reprt_code"": ""11011""}",20260319001006,api_row,2026-09-11T13:52:02+09:00,000,run_20260911_133722_0323,raw/hyslrSttus/00432102_2025_11011.json,6e1148ab51e31b2efc4e6b729e056fdebacf5fcb416e6c8fe81695a99e31da07,0
한국금융지주,지주,비교지주,00432102,한국금융지주,2025,11011,사업보고서,IFRS17,"336,739",0.60,Y,"보고서 사업연도 >= 2023 이면 IFRS17, 아니면 IFRS4",김동윤,특별 관계자,-,2025-12-31,보통주,"336,739",0.60,api,hyslrSttus,"{""bsns_year"": ""2025"", ""corp_code"": ""00432102"", ""reprt_code"": ""11011""}",20260319001006,api_row,2026-09-11T13:52:02+09:00,000,run_20260911_133722_0323,raw/hyslrSttus/00432102_2025_11011.json,6e1148ab51e31b2efc4e6b729e056fdebacf5fcb416e6c8fe81695a99e31da07,0
한국금융지주,지주,비교지주,00432102,한국금융지주,2025,11011,사업보고서,IFRS17,"11,871,375",21.30,Y,"보고서 사업연도 >= 2023 이면 IFRS17, 아니면 IFRS4",계,,-,2025-12-31,보통주,"11,871,375",21.30,api,hyslrSttus,"{""bsns_year"": ""2025"", ""corp_code"": ""00432102"", ""reprt_code"": ""11011""}",20260319001006,api_row,2026-09-11T13:52:02+09:00,000,run_20260911_133722_0323,raw/hyslrSttus/00432102_2025_11011.json,6e1148ab51e31b2efc4e6b729e056fdebacf5fcb416e6c8fe81695a99e31da07,0
한국금융지주,지주,비교지주,00432102,한국금융지주,2025,11011,사업보고서,IFRS17,-,-,Y,"보고서 사업연도 >= 2023 이면 IFRS17, 아니면 IFRS4",계,,-,2025-12-31,종류주식,-,-,api,hyslrSttus,"{""bsns_year"": ""2025"", ""corp_code"": ""00432102"", ""reprt_code"": ""11011""}",20260319001006,api_row,2026-09-11T13:52:02+09:00,000,run_20260911_133722_0323,raw/hyslrSttus/00432102_2025_11011.json,6e1148ab51e31b2efc4e6b729e056fdebacf5fcb416e6c8fe81695a99e31da07,0
한국금융지주,지주,비교지주,00432102,한국금융지주,2025,11012,반기보고서,IFRS17,"11,534,636",20.70,Y,"보고서 사업연도 >= 2023 이면 IFRS17, 아니면 IFRS4",김남구,최대주주 본인,-,2025-06-30,보통주,"11,534,636",20.70,api,hyslrSttus,"{""bsns_year"": ""2025"", ""corp_code"": ""00432102"", ""reprt_code"": ""11012""}",20250814002462,api_row,2026-09-11T13:52:23+09:00,000,run_20260911_133722_0332,raw/hyslrSttus/00432102_2025_11012.json,b7d25d8ad7ccec2a3e0816fcfbc47f112512114309c6ab637a4e3b1dca0d93ab,0
한국금융지주,지주,비교지주,00432102,한국금융지주,2025,11012,반기보고서,IFRS17,"336,739",0.60,Y,"보고서 사업연도 >= 2023 이면 IFRS17, 아니면 IFRS4",김동윤,특별 관계자,-,2025-06-30,보통주,"336,739",0.60,api,hyslrSttus,"{""bsns_year"": ""2025"", ""corp_code"": ""00432102"", ""reprt_code"": ""11012""}",20250814002462,api_row,2026-09-11T13:52:23+09:00,000,run_20260911_133722_0332,raw/hyslrSttus/00432102_2025_11012.json,b7d25d8ad7ccec2a3e0816fcfbc47f112512114309c6ab637a4e3b1dca0d93ab,0
한국금융지주,지주,비교지주,00432102,한국금융지주,2025,11012,반기보고서,IFRS17,"11,871,375",21.30,Y,"보고서 사업연도 >= 2023 이면 IFRS17, 아니면 IFRS4",계,,-,2025-06-30,보통주,"11,871,375",21.30,api,hyslrSttus,"{""bsns_year"": ""2025"", ""corp_code"": ""00432102"", ""reprt_code"": ""11012""}",20250814002462,api_row,2026-09-11T13:52:23+09:00,000,run_20260911_133722_0332,raw/hyslrSttus/00432102_2025_11012.json,b7d25d8ad7ccec2a3e0816fcfbc47f112512114309c6ab637a4e3b1dca0d93ab,0
한국금융지주,지주,비교지주,00432102,한국금융지주,2025,11012,반기보고서,IFRS17,-,-,Y,"보고서 사업연도 >= 2023 이면 IFRS17, 아니면 IFRS4",계,,-,2025-06-30,종류주식,-,-,api,hyslrSttus,"{""bsns_year"": ""2025"", ""corp_code"": ""00432102"", ""reprt_code"": ""11012""}",20250814002462,api_row,2026-09-11T13:52:23+09:00,000,run_20260911_133722_0332,raw/hyslrSttus/00432102_2025_11012.json,b7d25d8ad7ccec2a3e0816fcfbc47f112512114309c6ab637a4e3b1dca0d93ab,0
한국금융지주,지주,비교지주,00432102,한국금융지주,2026,11012,반기보고서,IFRS17,"11,534,636",20.70,Y,"보고서 사업연도 >= 2023 이면 IFRS17, 아니면 IFRS4",김남구,최대주주 본인,-,2026-06-30,보통주,"11,534,636",20.70,api,hyslrSttus,"{""bsns_year"": ""2026"", ""corp_code"": ""00432102"", ""reprt_code"": ""11012""}",20260814002697,api_row,2026-09-11T13:52:42+09:00,000,run_20260911_133722_0341,raw/hyslrSttus/00432102_2026_11012.json,987543f37497e35ca452e07ef15c6c7a7aeb861bd2effd3a52dfc8ce50442952,0
한국금융지주,지주,비교지주,00432102,한국금융지주,2026,11012,반기보고서,IFRS17,"336,739",0.60,Y,"보고서 사업연도 >= 2023 이면 IFRS17, 아니면 IFRS4",김동윤,특별 관계자,-,2026-06-30,보통주,"336,739",0.60,api,hyslrSttus,"{""bsns_year"": ""2026"", ""corp_code"": ""00432102"", ""reprt_code"": ""11012""}",20260814002697,api_row,2026-09-11T13:52:42+09:00,000,run_20260911_133722_0341,raw/hyslrSttus/00432102_2026_11012.json,987543f37497e35ca452e07ef15c6c7a7aeb861bd2effd3a52dfc8ce50442952,0
한국금융지주,지주,비교지주,00432102,한국금융지주,2026,11012,반기보고서,IFRS17,"11,871,375",21.30,Y,"보고서 사업연도 >= 2023 이면 IFRS17, 아니면 IFRS4",계,,-,2026-06-30,보통주,"11,871,375",21.30,api,hyslrSttus,"{""bsns_year"": ""2026"", ""corp_code"": ""00432102"", ""reprt_code"": ""11012""}",20260814002697,api_row,2026-09-11T13:52:42+09:00,000,run_20260911_133722_0341,raw/hyslrSttus/00432102_2026_11012.json,987543f37497e35ca452e07ef15c6c7a7aeb861bd2effd3a52dfc8ce50442952,0
한국금융지주,지주,비교지주,00432102,한국금융지주,2026,11012,반기보고서,IFRS17,-,-,Y,"보고서 사업연도 >= 2023 이면 IFRS17, 아니면 IFRS4",계,,-,2026-06-30,종류주식,-,-,api,hyslrSttus,"{""bsns_year"": ""2026"", ""corp_code"": ""00432102"", ""reprt_code"": ""11012""}",20260814002697,api_row,2026-09-11T13:52:42+09:00,000,run_20260911_133722_0341,raw/hyslrSttus/00432102_2026_11012.json,987543f37497e35ca452e07ef15c6c7a7aeb861bd2effd3a52dfc8ce50442952,0
한화생명보험,생보,지주,00113058,한화생명,2015,11011,사업보고서,IFRS4,"216,048,039",24.88,Y,"보고서 사업연도 >= 2023 이면 IFRS17, 아니면 IFRS4",한화건설,본인(최대주주),-,2015-12-31,보통주,"216,048,039",24.88,api,hyslrSttus,"{""bsns_year"": ""2015"", ""corp_code"": ""00113058"", ""reprt_code"": ""11011""}",20160516001514,api_row,2026-08-31T15:45:54+09:00,000,run_20260831_152517_0556,raw/hyslrSttus/00113058_2015_11011.json,3825b45e7ed639875eae2abbdb1e624fcca5a4a19face5c1774a8d2ea68e032b,11
한화생명보험,생보,지주,00113058,한화생명,2015,11011,사업보고서,IFRS4,"188,185,795",21.67,Y,"보고서 사업연도 >= 2023 이면 IFRS17, 아니면 IFRS4",(주)한화,계열사,-,2015-12-31,보통주,"188,185,795",21.67,api,hyslrSttus,"{""bsns_year"": ""2015"", ""corp_code"": ""00113058"", ""reprt_code"": ""11011""}",20160516001514,api_row,2026-08-31T15:45:54+09:00,000,run_20260831_152517_0556,raw/hyslrSttus/00113058_2015_11011.json,3825b45e7ed639875eae2abbdb1e624fcca5a4a19face5c1774a8d2ea68e032b,11
한화생명보험,생보,지주,00113058,한화생명,2015,11011,사업보고서,IFRS4,"15,204,166",1.75,Y,"보고서 사업연도 >= 2023 이면 IFRS17, 아니면 IFRS4",(주)한화갤러리아타임월드,계열사,-,2015-12-31,보통주,"15,204,166",1.75,api,hyslrSttus,"{""bsns_year"": ""2015"", ""corp_code"": ""00113058"", ""reprt_code"": ""11011""}",20160516001514,api_row,2026-08-31T15:45:54+09:00,000,run_20260831_152517_0556,raw/hyslrSttus/00113058_2015_11011.json,3825b45e7ed639875eae2abbdb1e624fcca5a4a19face5c1774a8d2ea68e032b,11
한화생명보험,생보,지주,00113058,한화생명,2015,11011,사업보고서,IFRS4,"50,000",0.00,Y,"보고서 사업연도 >= 2023 이면 IFRS17, 아니면 IFRS4",차남규,임원,-,2015-12-31,보통주,"50,000",0.00,api,hyslrSttus,"{""bsns_year"": ""2015"", ""corp_code"": ""00113058"", ""reprt_code"": ""11011""}",20160516001514,api_row,2026-08-31T15:45:54+09:00,000,run_20260831_152517_0556,raw/hyslrSttus/00113058_2015_11011.json,3825b45e7ed639875eae2abbdb1e624fcca5a4a19face5c1774a8d2ea68e032b,11
한화생명보험,생보,지주,00113058,한화생명,2015,11011,사업보고서,IFRS4,"30,000",0.00,Y,"보고서 사업연도 >= 2023 이면 IFRS17, 아니면 IFRS4",김현우,임원,-,2015-12-31,보통주,"30,000",0.00,api,hyslrSttus,"{""bsns_year"": ""2015"", ""corp_code"": ""00113058"", ""reprt_code"": ""11011""}",20160516001514,api_row,2026-08-31T15:45:54+09:00,000,run_20260831_152517_0556,raw/hyslrSttus/00113058_2015_11011.json,3825b45e7ed639875eae2abbdb1e624fcca5a4a19face5c1774a8d2ea68e032b,11
한화생명보험,생보,지주,00113058,한화생명,2015,11011,사업보고서,IFRS4,"419,518,000",48.30,Y,"보고서 사업연도 >= 2023 이면 IFRS17, 아니면 IFRS4",계,,-,2015-12-31,보통주,"419,518,000",48.30,api,hyslrSttus,"{""bsns_year"": ""2015"", ""corp_code"": ""00113058"", ""reprt_code"": ""11011""}",20160516001514,api_row,2026-08-31T15:45:54+09:00,000,run_20260831_152517_0556,raw/hyslrSttus/00113058_2015_11011.json,3825b45e7ed639875eae2abbdb1e624fcca5a4a19face5c1774a8d2ea68e032b,11
한화생명보험,생보,지주,00113058,한화생명,2015,11011,사업보고서,IFRS4,-,-,Y,"보고서 사업연도 >= 2023 이면 IFRS17, 아니면 IFRS4",계,,-,2015-12-31,-,-,-,api,hyslrSttus,"{""bsns_year"": ""2015"", ""corp_code"": ""00113058"", ""reprt_code"": ""11011""}",20160516001514,api_row,2026-08-31T15:45:54+09:00,000,run_20260831_152517_0556,raw/hyslrSttus/00113058_2015_11011.json,3825b45e7ed639875eae2abbdb1e624fcca5a4a19face5c1774a8d2ea68e032b,11
한화생명보험,생보,지주,00113058,한화생명,2016,11011,사업보고서,IFRS4,"216,048,039",24.88,Y,"보고서 사업연도 >= 2023 이면 IFRS17, 아니면 IFRS4",한화건설,본인(최대주주),계열사간 주식이전,2016-12-31,보통주,"246,633,834",28.40,api,hyslrSttus,"{""bsns_year"": ""2016"", ""corp_code"": ""00113058"", ""reprt_code"": ""11011""}",20170331005451,api_row,2026-08-31T15:46:04+09:00,000,run_20260831_152517_0565,raw/hyslrSttus/00113058_2016_11011.json,583a323b6172fb296cf0b19e2b1d1c7d19476fd18579a416d8eca01f80f61316,11
한화생명보험,생보,지주,00113058,한화생명,2016,11011,사업보고서,IFRS4,"188,185,795",21.67,Y,"보고서 사업연도 >= 2023 이면 IFRS17, 아니면 IFRS4",(주)한화,계열사,계열사간 주식이전,2016-12-31,보통주,"157,600,000",18.15,api,hyslrSttus,"{""bsns_year"": ""2016"", ""corp_code"": ""00113058"", ""reprt_code"": ""11011""}",20170331005451,api_row,2026-08-31T15:46:04+09:00,000,run_20260831_152517_0565,raw/hyslrSttus/00113058_2016_11011.json,583a323b6172fb296cf0b19e2b1d1c7d19476fd18579a416d8eca01f80f61316,11
한화생명보험,생보,지주,00113058,한화생명,2016,11011,사업보고서,IFRS4,"15,204,166",1.75,Y,"보고서 사업연도 >= 2023 이면 IFRS17, 아니면 IFRS4",(주)한화갤러리아타임월드,계열사,-,2016-12-31,보통주,"15,204,166",1.75,api,hyslrSttus,"{""bsns_year"": ""2016"", ""corp_code"": ""00113058"", ""reprt_code"": ""11011""}",20170331005451,api_row,2026-08-31T15:46:04+09:00,000,run_20260831_152517_0565,raw/hyslrSttus/00113058_2016_11011.json,583a323b6172fb296cf0b19e2b1d1c7d19476fd18579a416d8eca01f80f61316,11
한화생명보험,생보,지주,00113058,한화생명,2016,11011,사업보고서,IFRS4,"62,000",0.00,Y,"보고서 사업연도 >= 2023 이면 IFRS17, 아니면 IFRS4",차남규,임원,-,2016-12-31,보통주,"62,000",0.00,api,hyslrSttus,"{""bsns_year"": ""2016"", ""corp_code"": ""00113058"", ""reprt_code"": ""11011""}",20170331005451,api_row,2026-08-31T15:46:04+09:00,000,run_20260831_152517_0565,raw/hyslrSttus/00113058_2016_11011.json,583a323b6172fb296cf0b19e2b1d1c7d19476fd18579a416d8eca01f80f61316,11
한화생명보험,생보,지주,00113058,한화생명,2016,11011,사업보고서,IFRS4,0,0.00,Y,"보고서 사업연도 >= 2023 이면 IFRS17, 아니면 IFRS4",정택환,임원,주식취득,2016-12-31,보통주,"2,890",0.00,api,hyslrSttus,"{""bsns_year"": ""2016"", ""corp_code"": ""00113058"", ""reprt_code"": ""11011""}",20170331005451,api_row,2026-08-31T15:46:04+09:00,000,run_20260831_152517_0565,raw/hyslrSttus/00113058_2016_11011.json,583a323b6172fb296cf0b19e2b1d1c7d19476fd18579a416d8eca01f80f61316,11
한화생명보험,생보,지주,00113058,한화생명,2016,11011,사업보고서,IFRS4,"4,100",0.00,Y,"보고서 사업연도 >= 2023 이면 IFRS17, 아니면 IFRS4",권희백,임원,주식취득,2016-12-31,보통주,"4,700",0.00,api,hyslrSttus,"{""bsns_year"": ""2016"", ""corp_code"": ""00113058"", ""reprt_code"": ""11011""}",20170331005451,api_row,2026-08-31T15:46:04+09:00,000,run_20260831_152517_0565,raw/hyslrSttus/00113058_2016_11011.json,583a323b6172fb296cf0b19e2b1d1c7d19476fd18579a416d8eca01f80f61316,11
한화생명보험,생보,지주,00113058,한화생명,2016,11011,사업보고서,IFRS4,"419,504,100",48.30,Y,"보고서 사업연도 >= 2023 이면 IFRS17, 아니면 IFRS4",계,,-,2016-12-31,보통주,"419,507,590",48.30,api,hyslrSttus,"{""bsns_year"": ""2016"", ""corp_code"": ""00113058"", ""reprt_code"": ""11011""}",20170331005451,api_row,2026-08-31T15:46:04+09:00,000,run_20260831_152517_0565,raw/hyslrSttus/00113058_2016_11011.json,583a323b6172fb296cf0b19e2b1d1c7d19476fd18579a416d8eca01f80f61316,11
한화생명보험,생보,지주,00113058,한화생명,2016,11011,사업보고서,IFRS4,-,-,Y,"보고서 사업연도 >= 2023 이면 IFRS17, 아니면 IFRS4",계,,-,2016-12-31,-,-,-,api,hyslrSttus,"{""bsns_year"": ""2016"", ""corp_code"": ""00113058"", ""reprt_code"": ""11011""}",20170331005451,api_row,2026-08-31T15:46:04+09:00,000,run_20260831_152517_0565,raw/hyslrSttus/00113058_2016_11011.json,583a323b6172fb296cf0b19e2b1d1c7d19476fd18579a416d8eca01f80f61316,11
한화생명보험,생보,지주,00113058,한화생명,2017,11011,사업보고서,IFRS4,"246,633,834",28.40,Y,"보고서 사업연도 >= 2023 이면 IFRS17, 아니면 IFRS4",한화건설,본인(최대주주),매매/교환사채교환,2017-12-31,보통주,"217,919,239",25.09,api,hyslrSttus,"{""bsns_year"": ""2017"", ""corp_code"": ""00113058"", ""reprt_code"": ""11011""}",20180402005271,api_row,2026-08-31T15:46:23+09:00,000,run_20260831_152517_0574,raw/hyslrSttus/00113058_2017_11011.json,1b3d87175e60b3d49fea86fab2fb0264a4f33140779cff9553b592e7680b5bf2,11
한화생명보험,생보,지주,00113058,한화생명,2017,11011,사업보고서,IFRS4,"157,600,000",18.15,Y,"보고서 사업연도 >= 2023 이면 IFRS17, 아니면 IFRS4",(주)한화,계열사,-,2017-12-31,보통주,"157,600,000",18.15,api,hyslrSttus,"{""bsns_year"": ""2017"", ""corp_code"": ""00113058"", ""reprt_code"": ""11011""}",20180402005271,api_row,2026-08-31T15:46:23+09:00,000,run_20260831_152517_0574,raw/hyslrSttus/00113058_2017_11011.json,1b3d87175e60b3d49fea86fab2fb0264a4f33140779cff9553b592e7680b5bf2,11
한화생명보험,생보,지주,00113058,한화생명,2017,11011,사업보고서,IFRS4,"15,204,166",1.75,Y,"보고서 사업연도 >= 2023 이면 IFRS17, 아니면 IFRS4",(주)한화갤러리아타임월드,계열사,-,2017-12-31,보통주,"15,204,166",1.75,api,hyslrSttus,"{""bsns_year"": ""2017"", ""corp_code"": ""00113058"", ""reprt_code"": ""11011""}",20180402005271,api_row,2026-08-31T15:46:23+09:00,000,run_20260831_152517_0574,raw/hyslrSttus/00113058_2017_11011.json,1b3d87175e60b3d49fea86fab2fb0264a4f33140779cff9553b592e7680b5bf2,11
한화생명보험,생보,지주,00113058,한화생명,2017,11011,사업보고서,IFRS4,"62,000",0.00,Y,"보고서 사업연도 >= 2023 이면 IFRS17, 아니면 IFRS4",차남규,임원,주식매입,2017-12-31,보통주,"73,000",0.00,api,hyslrSttus,"{""bsns_year"": ""2017"", ""corp_code"": ""00113058"", ""reprt_code"": ""11011""}",20180402005271,api_row,2026-08-31T15:46:23+09:00,000,run_20260831_152517_0574,raw/hyslrSttus/00113058_2017_11011.json,1b3d87175e60b3d49fea86fab2fb0264a4f33140779cff9553b592e7680b5bf2,11
한화생명보험,생보,지주,00113058,한화생명,2017,11011,사업보고서,IFRS4,"4,000",0.00,Y,"보고서 사업연도 >= 2023 이면 IFRS17, 아니면 IFRS4",박상욱,임원,주식매입,2017-12-31,보통주,"6,500",0.00,api,hyslrSttus,"{""bsns_year"": ""2017"", ""corp_code"": ""00113058"", ""reprt_code"": ""11011""}",20180402005271,api_row,2026-08-31T15:46:23+09:00,000,run_20260831_152517_0574,raw/hyslrSttus/00113058_2017_11011.json,1b3d87175e60b3d49fea86fab2fb0264a4f33140779cff9553b592e7680b5bf2,11
한화생명보험,생보,지주,00113058,한화생명,2017,11011,사업보고서,IFRS4,"419,504,000",48.30,Y,"보고서 사업연도 >= 2023 이면 IFRS17, 아니면 IFRS4",계,,-,2017-12-31,보통주,"390,802,905",45.00,api,hyslrSttus,"{""bsns_year"": ""2017"", ""corp_code"": ""00113058"", ""reprt_code"": ""11011""}",20180402005271,api_row,2026-08-31T15:46:23+09:00,000,run_20260831_152517_0574,raw/hyslrSttus/00113058_2017_11011.json,1b3d87175e60b3d49fea86fab2fb0264a4f33140779cff9553b592e7680b5bf2,11
한화생명보험,생보,지주,00113058,한화생명,2017,11011,사업보고서,IFRS4,-,-,Y,"보고서 사업연도 >= 2023 이면 IFRS17, 아니면 IFRS4",계,,-,2017-12-31,-,-,-,api,hyslrSttus,"{""bsns_year"": ""2017"", ""corp_code"": ""00113058"", ""reprt_code"": ""11011""}",20180402005271,api_row,2026-08-31T15:46:23+09:00,000,run_20260831_152517_0574,raw/hyslrSttus/00113058_2017_11011.json,1b3d87175e60b3d49fea86fab2fb0264a4f33140779cff9553b592e7680b5bf2,11
한화생명보험,생보,지주,00113058,한화생명,2018,11011,사업보고서,IFRS4,"217,919,239",25.09,Y,"보고서 사업연도 >= 2023 이면 IFRS17, 아니면 IFRS4",한화건설,본인(최대주주),-,2018-12-31,보통주,"217,919,239",25.09,api,hyslrSttus,"{""bsns_year"": ""2018"", ""corp_code"": ""00113058"", ""reprt_code"": ""11011""}",20190401005054,api_row,2026-08-31T15:46:40+09:00,000,run_20260831_152517_0583,raw/hyslrSttus/00113058_2018_11011.json,77d15a66d62dc84cb7d32af7cce538fadcb763f7c78577e3b0424a4cde32c4b4,11
한화생명보험,생보,지주,00113058,한화생명,2018,11011,사업보고서,IFRS4,"157,600,000",18.15,Y,"보고서 사업연도 >= 2023 이면 IFRS17, 아니면 IFRS4",(주)한화,계열사,-,2018-12-31,보통주,"157,600,000",18.15,api,hyslrSttus,"{""bsns_year"": ""2018"", ""corp_code"": ""00113058"", ""reprt_code"": ""11011""}",20190401005054,api_row,2026-08-31T15:46:40+09:00,000,run_20260831_152517_0583,raw/hyslrSttus/00113058_2018_11011.json,77d15a66d62dc84cb7d32af7cce538fadcb763f7c78577e3b0424a4cde32c4b4,11
한화생명보험,생보,지주,00113058,한화생명,2018,11011,사업보고서,IFRS4,"15,204,166",1.75,Y,"보고서 사업연도 >= 2023 이면 IFRS17, 아니면 IFRS4",(주)한화갤러리아타임월드,계열사,-,2018-12-31,보통주,"15,204,166",1.75,api,hyslrSttus,"{""bsns_year"": ""2018"", ""corp_code"": ""00113058"", ""reprt_code"": ""11011""}",20190401005054,api_row,2026-08-31T15:46:40+09:00,000,run_20260831_152517_0583,raw/hyslrSttus/00113058_2018_11011.json,77d15a66d62dc84cb7d32af7cce538fadcb763f7c78577e3b0424a4cde32c4b4,11
한화생명보험,생보,지주,00113058,한화생명,2018,11011,사업보고서,IFRS4,"73,000",0.00,Y,"보고서 사업연도 >= 2023 이면 IFRS17, 아니면 IFRS4",차남규,임원,주식매입,2018-12-31,보통주,"90,000",0.01,api,hyslrSttus,"{""bsns_year"": ""2018"", ""corp_code"": ""00113058"", ""reprt_code"": ""11011""}",20190401005054,api_row,2026-08-31T15:46:40+09:00,000,run_20260831_152517_0583,raw/hyslrSttus/00113058_2018_11011.json,77d15a66d62dc84cb7d32af7cce538fadcb763f7c78577e3b0424a4cde32c4b4,11
한화생명보험,생보,지주,00113058,한화생명,2018,11011,사업보고서,IFRS4,0,0.00,Y,"보고서 사업연도 >= 2023 이면 IFRS17, 아니면 IFRS4",김현철,임원,"임원선임, 주식매입",2018-12-31,보통주,"21,470",0.00,api,hyslrSttus,"{""bsns_year"": ""2018"", ""corp_code"": ""00113058"", ""reprt_code"": ""11011""}",20190401005054,api_row,2026-08-31T15:46:40+09:00,000,run_20260831_152517_0583,raw/hyslrSttus/00113058_2018_11011.json,77d15a66d62dc84cb7d32af7cce538fadcb763f7c78577e3b0424a4cde32c4b4,11
한화생명보험,생보,지주,00113058,한화생명,2018,11011,사업보고서,IFRS4,"9,775",0.00,Y,"보고서 사업연도 >= 2023 이면 IFRS17, 아니면 IFRS4",홍정표,임원,임원퇴임,2018-12-31,보통주,0,0.00,api,hyslrSttus,"{""bsns_year"": ""2018"", ""corp_code"": ""00113058"", ""reprt_code"": ""11011""}",20190401005054,api_row,2026-08-31T15:46:40+09:00,000,run_20260831_152517_0583,raw/hyslrSttus/00113058_2018_11011.json,77d15a66d62dc84cb7d32af7cce538fadcb763f7c78577e3b0424a4cde32c4b4,11
한화생명보험,생보,지주,00113058,한화생명,2018,11011,사업보고서,IFRS4,"6,500",0.00,Y,"보고서 사업연도 >= 2023 이면 IFRS17, 아니면 IFRS4",박상욱,임원,임원퇴임,2018-12-31,보통주,0,0.00,api,hyslrSttus,"{""bsns_year"": ""2018"", ""corp_code"": ""00113058"", ""reprt_code"": ""11011""}",20190401005054,api_row,2026-08-31T15:46:40+09:00,000,run_20260831_152517_0583,raw/hyslrSttus/00113058_2018_11011.json,77d15a66d62dc84cb7d32af7cce538fadcb763f7c78577e3b0424a4cde32c4b4,11
한화생명보험,생보,지주,00113058,한화생명,2018,11011,사업보고서,IFRS4,"390,812,680",45.00,Y,"보고서 사업연도 >= 2023 이면 IFRS17, 아니면 IFRS4",계,,-,2018-12-31,보통주,"390,834,875",45.00,api,hyslrSttus,"{""bsns_year"": ""2018"", ""corp_code"": ""00113058"", ""reprt_code"": ""11011""}",20190401005054,api_row,2026-08-31T15:46:40+09:00,000,run_20260831_152517_0583,raw/hyslrSttus/00113058_2018_11011.json,77d15a66d62dc84cb7d32af7cce538fadcb763f7c78577e3b0424a4cde32c4b4,11
한화생명보험,생보,지주,00113058,한화생명,2018,11011,사업보고서,IFRS4,-,-,Y,"보고서 사업연도 >= 2023 이면 IFRS17, 아니면 IFRS4",계,,-,2018-12-31,-,-,-,api,hyslrSttus,"{""bsns_year"": ""2018"", ""corp_code"": ""00113058"", ""reprt_code"": ""11011""}",20190401005054,api_row,2026-08-31T15:46:40+09:00,000,run_20260831_152517_0583,raw/hyslrSttus/00113058_2018_11011.json,77d15a66d62dc84cb7d32af7cce538fadcb763f7c78577e3b0424a4cde32c4b4,11
한화생명보험,생보,지주,00113058,한화생명,2019,11011,사업보고서,IFRS4,"217,919,239",25.09,Y,"보고서 사업연도 >= 2023 이면 IFRS17, 아니면 IFRS4",한화건설,본인(최대주주),-,2019-12-31,보통주,"217,919,239",25.09,api,hyslrSttus,"{""bsns_year"": ""2019"", ""corp_code"": ""00113058"", ""reprt_code"": ""11011""}",20200331001872,api_row,2026-08-31T15:46:59+09:00,000,run_20260831_152517_0592,raw/hyslrSttus/00113058_2019_11011.json,0cc66c63188a996bfcdb1ddb4502fe9492b0de26760e8562ddf58d0e04993325,11
한화생명보험,생보,지주,00113058,한화생명,2019,11011,사업보고서,IFRS4,"157,600,000",18.15,Y,"보고서 사업연도 >= 2023 이면 IFRS17, 아니면 IFRS4",(주)한화,계열사,-,2019-12-31,보통주,"157,600,000",18.15,api,hyslrSttus,"{""bsns_year"": ""2019"", ""corp_code"": ""00113058"", ""reprt_code"": ""11011""}",20200331001872,api_row,2026-08-31T15:46:59+09:00,000,run_20260831_152517_0592,raw/hyslrSttus/00113058_2019_11011.json,0cc66c63188a996bfcdb1ddb4502fe9492b0de26760e8562ddf58d0e04993325,11
한화생명보험,생보,지주,00113058,한화생명,2019,11011,사업보고서,IFRS4,"15,204,166",1.75,Y,"보고서 사업연도 >= 2023 이면 IFRS17, 아니면 IFRS4",(주)한화갤러리아타임월드,계열사,-,2019-12-31,보통주,"15,204,166",1.75,api,hyslrSttus,"{""bsns_year"": ""2019"", ""corp_code"": ""00113058"", ""reprt_code"": ""11011""}",20200331001872,api_row,2026-08-31T15:46:59+09:00,000,run_20260831_152517_0592,raw/hyslrSttus/00113058_2019_11011.json,0cc66c63188a996bfcdb1ddb4502fe9492b0de26760e8562ddf58d0e04993325,11
한화생명보험,생보,지주,00113058,한화생명,2019,11011,사업보고서,IFRS4,0,0.00,Y,"보고서 사업연도 >= 2023 이면 IFRS17, 아니면 IFRS4",김동원,임원,주식매입,2019-12-31,보통주,"300,000",0.03,api,hyslrSttus,"{""bsns_year"": ""2019"", ""corp_code"": ""00113058"", ""reprt_code"": ""11011""}",20200331001872,api_row,2026-08-31T15:46:59+09:00,000,run_20260831_152517_0592,raw/hyslrSttus/00113058_2019_11011.json,0cc66c63188a996bfcdb1ddb4502fe9492b0de26760e8562ddf58d0e04993325,11
한화생명보험,생보,지주,00113058,한화생명,2019,11011,사업보고서,IFRS4,"90,000",0.01,Y,"보고서 사업연도 >= 2023 이면 IFRS17, 아니면 IFRS4",차남규,임원,임원퇴임,2019-12-31,보통주,0,0.00,api,hyslrSttus,"{""bsns_year"": ""2019"", ""corp_code"": ""00113058"", ""reprt_code"": ""11011""}",20200331001872,api_row,2026-08-31T15:46:59+09:00,000,run_20260831_152517_0592,raw/hyslrSttus/00113058_2019_11011.json,0cc66c63188a996bfcdb1ddb4502fe9492b0de26760e8562ddf58d0e04993325,11
한화생명보험,생보,지주,00113058,한화생명,2019,11011,사업보고서,IFRS4,0,0.00,Y,"보고서 사업연도 >= 2023 이면 IFRS17, 아니면 IFRS4",여승주,임원,"임원선임,주식매입",2019-12-31,보통주,"98,650",0.01,api,hyslrSttus,"{""bsns_year"": ""2019"", ""corp_code"": ""00113058"", ""reprt_code"": ""11011""}",20200331001872,api_row,2026-08-31T15:46:59+09:00,000,run_20260831_152517_0592,raw/hyslrSttus/00113058_2019_11011.json,0cc66c63188a996bfcdb1ddb4502fe9492b0de26760e8562ddf58d0e04993325,11
한화생명보험,생보,지주,00113058,한화생명,2019,11011,사업보고서,IFRS4,"21,470",0.00,Y,"보고서 사업연도 >= 2023 이면 IFRS17, 아니면 IFRS4",김현철,임원,주식매입,2019-12-31,보통주,"60,680",0.01,api,hyslrSttus,"{""bsns_year"": ""2019"", ""corp_code"": ""00113058"", ""reprt_code"": ""11011""}",20200331001872,api_row,2026-08-31T15:46:59+09:00,000,run_20260831_152517_0592,raw/hyslrSttus/00113058_2019_11011.json,0cc66c63188a996bfcdb1ddb4502fe9492b0de26760e8562ddf58d0e04993325,11
한화생명보험,생보,지주,00113058,한화생명,2019,11011,사업보고서,IFRS4,"390,834,875",45.00,Y,"보고서 사업연도 >= 2023 이면 IFRS17, 아니면 IFRS4",계,,-,2019-12-31,보통주,"391,182,735",45.04,api,hyslrSttus,"{""bsns_year"": ""2019"", ""corp_code"": ""00113058"", ""reprt_code"": ""11011""}",20200331001872,api_row,2026-08-31T15:46:59+09:00,000,run_20260831_152517_0592,raw/hyslrSttus/00113058_2019_11011.json,0cc66c63188a996bfcdb1ddb4502fe9492b0de26760e8562ddf58d0e04993325,11
한화생명보험,생보,지주,00113058,한화생명,2019,11011,사업보고서,IFRS4,-,-,Y,"보고서 사업연도 >= 2023 이면 IFRS17, 아니면 IFRS4",계,,-,2019-12-31,-,-,-,api,hyslrSttus,"{""bsns_year"": ""2019"", ""corp_code"": ""00113058"", ""reprt_code"": ""11011""}",20200331001872,api_row,2026-08-31T15:46:59+09:00,000,run_20260831_152517_0592,raw/hyslrSttus/00113058_2019_11011.json,0cc66c63188a996bfcdb1ddb4502fe9492b0de26760e8562ddf58d0e04993325,11
한화생명보험,생보,지주,00113058,한화생명,2020,11011,사업보고서,IFRS4,"217,919,239",25.09,Y,"보고서 사업연도 >= 2023 이면 IFRS17, 아니면 IFRS4",한화건설,본인(최대주주),-,2020-12-31,보통주,"217,919,239",25.09,api,hyslrSttus,"{""bsns_year"": ""2020"", ""corp_code"": ""00113058"", ""reprt_code"": ""11011""}",20210305000803,api_row,2026-08-31T15:47:09+09:00,000,run_20260831_152517_0601,raw/hyslrSttus/00113058_2020_11011.json,698702c395a958706c760949df3dfef8013765d2718465408ee3a9e8c8964095,11
한화생명보험,생보,지주,00113058,한화생명,2020,11011,사업보고서,IFRS4,"157,600,000",18.15,Y,"보고서 사업연도 >= 2023 이면 IFRS17, 아니면 IFRS4",(주)한화,계열사,-,2020-12-31,보통주,"157,600,000",18.15,api,hyslrSttus,"{""bsns_year"": ""2020"", ""corp_code"": ""00113058"", ""reprt_code"": ""11011""}",20210305000803,api_row,2026-08-31T15:47:09+09:00,000,run_20260831_152517_0601,raw/hyslrSttus/00113058_2020_11011.json,698702c395a958706c760949df3dfef8013765d2718465408ee3a9e8c8964095,11
한화생명보험,생보,지주,00113058,한화생명,2020,11011,사업보고서,IFRS4,"15,204,166",1.75,Y,"보고서 사업연도 >= 2023 이면 IFRS17, 아니면 IFRS4",(주)한화갤러리아타임월드,계열사,-,2020-12-31,보통주,"15,204,166",1.75,api,hyslrSttus,"{""bsns_year"": ""2020"", ""corp_code"": ""00113058"", ""reprt_code"": ""11011""}",20210305000803,api_row,2026-08-31T15:47:09+09:00,000,run_20260831_152517_0601,raw/hyslrSttus/00113058_2020_11011.json,698702c395a958706c760949df3dfef8013765d2718465408ee3a9e8c8964095,11
한화생명보험,생보,지주,00113058,한화생명,2020,11011,사업보고서,IFRS4,"300,000",0.03,Y,"보고서 사업연도 >= 2023 이면 IFRS17, 아니면 IFRS4",김동원,임원,-,2020-12-31,보통주,"300,000",0.03,api,hyslrSttus,"{""bsns_year"": ""2020"", ""corp_code"": ""00113058"", ""reprt_code"": ""11011""}",20210305000803,api_row,2026-08-31T15:47:09+09:00,000,run_20260831_152517_0601,raw/hyslrSttus/00113058_2020_11011.json,698702c395a958706c760949df3dfef8013765d2718465408ee3a9e8c8964095,11
한화생명보험,생보,지주,00113058,한화생명,2020,11011,사업보고서,IFRS4,"98,650",0.01,Y,"보고서 사업연도 >= 2023 이면 IFRS17, 아니면 IFRS4",여승주,임원,주식매입,2020-12-31,보통주,"128,650",0.02,api,hyslrSttus,"{""bsns_year"": ""2020"", ""corp_code"": ""00113058"", ""reprt_code"": ""11011""}",20210305000803,api_row,2026-08-31T15:47:09+09:00,000,run_20260831_152517_0601,raw/hyslrSttus/00113058_2020_11011.json,698702c395a958706c760949df3dfef8013765d2718465408ee3a9e8c8964095,11
한화생명보험,생보,지주,00113058,한화생명,2020,11011,사업보고서,IFRS4,"60,680",0.01,Y,"보고서 사업연도 >= 2023 이면 IFRS17, 아니면 IFRS4",김현철,임원,주식매입,2020-12-31,보통주,"117,260",0.01,api,hyslrSttus,"{""bsns_year"": ""2020"", ""corp_code"": ""00113058"", ""reprt_code"": ""11011""}",20210305000803,api_row,2026-08-31T15:47:09+09:00,000,run_20260831_152517_0601,raw/hyslrSttus/00113058_2020_11011.json,698702c395a958706c760949df3dfef8013765d2718465408ee3a9e8c8964095,11
한화생명보험,생보,지주,00113058,한화생명,2020,11011,사업보고서,IFRS4,0,0.00,Y,"보고서 사업연도 >= 2023 이면 IFRS17, 아니면 IFRS4",홍정표,임원,임원선임,2020-12-31,보통주,"41,666",0.00,api,hyslrSttus,"{""bsns_year"": ""2020"", ""corp_code"": ""00113058"", ""reprt_code"": ""11011""}",20210305000803,api_row,2026-08-31T15:47:09+09:00,000,run_20260831_152517_0601,raw/hyslrSttus/00113058_2020_11011.json,698702c395a958706c760949df3dfef8013765d2718465408ee3a9e8c8964095,11
한화생명보험,생보,지주,00113058,한화생명,2020,11011,사업보고서,IFRS4,"391,182,735",45.04,Y,"보고서 사업연도 >= 2023 이면 IFRS17, 아니면 IFRS4",계,,-,2020-12-31,보통주,"391,310,981",45.05,api,hyslrSttus,"{""bsns_year"": ""2020"", ""corp_code"": ""00113058"", ""reprt_code"": ""11011""}",20210305000803,api_row,2026-08-31T15:47:09+09:00,000,run_20260831_152517_0601,raw/hyslrSttus/00113058_2020_11011.json,698702c395a958706c760949df3dfef8013765d2718465408ee3a9e8c8964095,11
한화생명보험,생보,지주,00113058,한화생명,2020,11011,사업보고서,IFRS4,-,-,Y,"보고서 사업연도 >= 2023 이면 IFRS17, 아니면 IFRS4",계,,-,2020-12-31,우선주,-,-,api,hyslrSttus,"{""bsns_year"": ""2020"", ""corp_code"": ""00113058"", ""reprt_code"": ""11011""}",20210305000803,api_row,2026-08-31T15:47:09+09:00,000,run_20260831_152517_0601,raw/hyslrSttus/00113058_2020_11011.json,698702c395a958706c760949df3dfef8013765d2718465408ee3a9e8c8964095,11
한화생명보험,생보,지주,00113058,한화생명,2021,11011,사업보고서,IFRS4,"217,919,239",25.09,Y,"보고서 사업연도 >= 2023 이면 IFRS17, 아니면 IFRS4",한화건설,본인(최대주주),교환사채 교환,2021-12-31,보통주,"217,919,118",25.09,api,hyslrSttus,"{""bsns_year"": ""2021"", ""corp_code"": ""00113058"", ""reprt_code"": ""11011""}",20220316001424,api_row,2026-08-31T15:47:22+09:00,000,run_20260831_152517_0610,raw/hyslrSttus/00113058_2021_11011.json,37afd32a0c4aa521530d79eac8f6e70251da8e95333fd3ef3b9e758907f45a6c,11
한화생명보험,생보,지주,00113058,한화생명,2021,11011,사업보고서,IFRS4,"157,600,000",18.15,Y,"보고서 사업연도 >= 2023 이면 IFRS17, 아니면 IFRS4",(주)한화,계열사,-,2021-12-31,보통주,"157,600,000",18.15,api,hyslrSttus,"{""bsns_year"": ""2021"", ""corp_code"": ""00113058"", ""reprt_code"": ""11011""}",20220316001424,api_row,2026-08-31T15:47:22+09:00,000,run_20260831_152517_0610,raw/hyslrSttus/00113058_2021_11011.json,37afd32a0c4aa521530d79eac8f6e70251da8e95333fd3ef3b9e758907f45a6c,11
한화생명보험,생보,지주,00113058,한화생명,2021,11011,사업보고서,IFRS4,"15,204,166",1.75,Y,"보고서 사업연도 >= 2023 이면 IFRS17, 아니면 IFRS4",(주)한화갤러리아타임월드,계열사,-,2021-12-31,보통주,"15,204,166",1.75,api,hyslrSttus,"{""bsns_year"": ""2021"", ""corp_code"": ""00113058"", ""reprt_code"": ""11011""}",20220316001424,api_row,2026-08-31T15:47:22+09:00,000,run_20260831_152517_0610,raw/hyslrSttus/00113058_2021_11011.json,37afd32a0c4aa521530d79eac8f6e70251da8e95333fd3ef3b9e758907f45a6c,11
한화생명보험,생보,지주,00113058,한화생명,2021,11011,사업보고서,IFRS4,"300,000",0.03,Y,"보고서 사업연도 >= 2023 이면 IFRS17, 아니면 IFRS4",김동원,임원,-,2021-12-31,보통주,"300,000",0.03,api,hyslrSttus,"{""bsns_year"": ""2021"", ""corp_code"": ""00113058"", ""reprt_code"": ""11011""}",20220316001424,api_row,2026-08-31T15:47:22+09:00,000,run_20260831_152517_0610,raw/hyslrSttus/00113058_2021_11011.json,37afd32a0c4aa521530d79eac8f6e70251da8e95333fd3ef3b9e758907f45a6c,11
한화생명보험,생보,지주,00113058,한화생명,2021,11011,사업보고서,IFRS4,"128,650",0.02,Y,"보고서 사업연도 >= 2023 이면 IFRS17, 아니면 IFRS4",여승주,임원,장내매수,2021-12-31,보통주,"158,650",0.02,api,hyslrSttus,"{""bsns_year"": ""2021"", ""corp_code"": ""00113058"", ""reprt_code"": ""11011""}",20220316001424,api_row,2026-08-31T15:47:22+09:00,000,run_20260831_152517_0610,raw/hyslrSttus/00113058_2021_11011.json,37afd32a0c4aa521530d79eac8f6e70251da8e95333fd3ef3b9e758907f45a6c,11
한화생명보험,생보,지주,00113058,한화생명,2021,11011,사업보고서,IFRS4,0,0.00,Y,"보고서 사업연도 >= 2023 이면 IFRS17, 아니면 IFRS4",이경근,임원,임원선임,2021-12-31,보통주,"50,589",0.00,api,hyslrSttus,"{""bsns_year"": ""2021"", ""corp_code"": ""00113058"", ""reprt_code"": ""11011""}",20220316001424,api_row,2026-08-31T15:47:22+09:00,000,run_20260831_152517_0610,raw/hyslrSttus/00113058_2021_11011.json,37afd32a0c4aa521530d79eac8f6e70251da8e95333fd3ef3b9e758907f45a6c,11
한화생명보험,생보,지주,00113058,한화생명,2021,11011,사업보고서,IFRS4,0,0.00,Y,"보고서 사업연도 >= 2023 이면 IFRS17, 아니면 IFRS4",김중원,임원,임원선임,2021-12-31,보통주,"50,000",0.00,api,hyslrSttus,"{""bsns_year"": ""2021"", ""corp_code"": ""00113058"", ""reprt_code"": ""11011""}",20220316001424,api_row,2026-08-31T15:47:22+09:00,000,run_20260831_152517_0610,raw/hyslrSttus/00113058_2021_11011.json,37afd32a0c4aa521530d79eac8f6e70251da8e95333fd3ef3b9e758907f45a6c,11
한화생명보험,생보,지주,00113058,한화생명,2021,11011,사업보고서,IFRS4,"41,666",0.00,Y,"보고서 사업연도 >= 2023 이면 IFRS17, 아니면 IFRS4",홍정표,임원,임원퇴임,2021-12-31,보통주,0,0.00,api,hyslrSttus,"{""bsns_year"": ""2021"", ""corp_code"": ""00113058"", ""reprt_code"": ""11011""}",20220316001424,api_row,2026-08-31T15:47:22+09:00,000,run_20260831_152517_0610,raw/hyslrSttus/00113058_2021_11011.json,37afd32a0c4aa521530d79eac8f6e70251da8e95333fd3ef3b9e758907f45a6c,11
한화생명보험,생보,지주,00113058,한화생명,2021,11011,사업보고서,IFRS4,"391,193,721",45.04,Y,"보고서 사업연도 >= 2023 이면 IFRS17, 아니면 IFRS4",계,,-,2021-12-31,보통주,"391,282,523",45.05,api,hyslrSttus,"{""bsns_year"": ""2021"", ""corp_code"": ""00113058"", ""reprt_code"": ""11011""}",20220316001424,api_row,2026-08-31T15:47:22+09:00,000,run_20260831_152517_0610,raw/hyslrSttus/00113058_2021_11011.json,37afd32a0c4aa521530d79eac8f6e70251da8e95333fd3ef3b9e758907f45a6c,11
한화생명보험,생보,지주,00113058,한화생명,2021,11011,사업보고서,IFRS4,-,-,Y,"보고서 사업연도 >= 2023 이면 IFRS17, 아니면 IFRS4",계,,-,2021-12-31,우선주,-,-,api,hyslrSttus,"{""bsns_year"": ""2021"", ""corp_code"": ""00113058"", ""reprt_code"": ""11011""}",20220316001424,api_row,2026-08-31T15:47:22+09:00,000,run_20260831_152517_0610,raw/hyslrSttus/00113058_2021_11011.json,37afd32a0c4aa521530d79eac8f6e70251da8e95333fd3ef3b9e758907f45a6c,11
한화생명보험,생보,지주,00113058,한화생명,2022,11011,사업보고서,IFRS4,"217,919,118",25.09,Y,"보고서 사업연도 >= 2023 이면 IFRS17, 아니면 IFRS4",(주)한화,본인(최대주주),-,2022-12-31,보통주,"375,519,118",43.24,api,hyslrSttus,"{""bsns_year"": ""2022"", ""corp_code"": ""00113058"", ""reprt_code"": ""11011""}",20230315001327,api_row,2026-08-31T15:47:35+09:00,000,run_20260831_152517_0619,raw/hyslrSttus/00113058_2022_11011.json,7073a036d9bfe0636a39137ae7160aea7f516b2885bf7184ffb914e3995f4f5c,11
한화생명보험,생보,지주,00113058,한화생명,2022,11011,사업보고서,IFRS4,"157,600,000",18.15,Y,"보고서 사업연도 >= 2023 이면 IFRS17, 아니면 IFRS4",한화건설,계열사,-,2022-12-31,보통주,0,0.00,api,hyslrSttus,"{""bsns_year"": ""2022"", ""corp_code"": ""00113058"", ""reprt_code"": ""11011""}",20230315001327,api_row,2026-08-31T15:47:35+09:00,000,run_20260831_152517_0619,raw/hyslrSttus/00113058_2022_11011.json,7073a036d9bfe0636a39137ae7160aea7f516b2885bf7184ffb914e3995f4f5c,11
한화생명보험,생보,지주,00113058,한화생명,2022,11011,사업보고서,IFRS4,"15,204,166",1.75,Y,"보고서 사업연도 >= 2023 이면 IFRS17, 아니면 IFRS4",(주)한화갤러리아타임월드,계열사,-,2022-12-31,보통주,"15,204,166",1.75,api,hyslrSttus,"{""bsns_year"": ""2022"", ""corp_code"": ""00113058"", ""reprt_code"": ""11011""}",20230315001327,api_row,2026-08-31T15:47:35+09:00,000,run_20260831_152517_0619,raw/hyslrSttus/00113058_2022_11011.json,7073a036d9bfe0636a39137ae7160aea7f516b2885bf7184ffb914e3995f4f5c,11
한화생명보험,생보,지주,00113058,한화생명,2022,11011,사업보고서,IFRS4,"300,000",0.03,Y,"보고서 사업연도 >= 2023 이면 IFRS17, 아니면 IFRS4",김동원,임원,-,2022-12-31,보통주,"300,000",0.03,api,hyslrSttus,"{""bsns_year"": ""2022"", ""corp_code"": ""00113058"", ""reprt_code"": ""11011""}",20230315001327,api_row,2026-08-31T15:47:35+09:00,000,run_20260831_152517_0619,raw/hyslrSttus/00113058_2022_11011.json,7073a036d9bfe0636a39137ae7160aea7f516b2885bf7184ffb914e3995f4f5c,11
한화생명보험,생보,지주,00113058,한화생명,2022,11011,사업보고서,IFRS4,"158,650",0.02,Y,"보고서 사업연도 >= 2023 이면 IFRS17, 아니면 IFRS4",여승주,임원,-,2022-12-31,보통주,"158,650",0.02,api,hyslrSttus,"{""bsns_year"": ""2022"", ""corp_code"": ""00113058"", ""reprt_code"": ""11011""}",20230315001327,api_row,2026-08-31T15:47:35+09:00,000,run_20260831_152517_0619,raw/hyslrSttus/00113058_2022_11011.json,7073a036d9bfe0636a39137ae7160aea7f516b2885bf7184ffb914e3995f4f5c,11
한화생명보험,생보,지주,00113058,한화생명,2022,11011,사업보고서,IFRS4,"50,589",0.00,Y,"보고서 사업연도 >= 2023 이면 IFRS17, 아니면 IFRS4",이경근,임원,-,2022-12-31,보통주,0,0.00,api,hyslrSttus,"{""bsns_year"": ""2022"", ""corp_code"": ""00113058"", ""reprt_code"": ""11011""}",20230315001327,api_row,2026-08-31T15:47:35+09:00,000,run_20260831_152517_0619,raw/hyslrSttus/00113058_2022_11011.json,7073a036d9bfe0636a39137ae7160aea7f516b2885bf7184ffb914e3995f4f5c,11
한화생명보험,생보,지주,00113058,한화생명,2022,11011,사업보고서,IFRS4,"50,000",0.00,Y,"보고서 사업연도 >= 2023 이면 IFRS17, 아니면 IFRS4",김중원,임원,-,2022-12-31,보통주,"70,000",0.01,api,hyslrSttus,"{""bsns_year"": ""2022"", ""corp_code"": ""00113058"", ""reprt_code"": ""11011""}",20230315001327,api_row,2026-08-31T15:47:35+09:00,000,run_20260831_152517_0619,raw/hyslrSttus/00113058_2022_11011.json,7073a036d9bfe0636a39137ae7160aea7f516b2885bf7184ffb914e3995f4f5c,11
한화생명보험,생보,지주,00113058,한화생명,2022,11011,사업보고서,IFRS4,"391,282,523",45.05,Y,"보고서 사업연도 >= 2023 이면 IFRS17, 아니면 IFRS4",계,,-,2022-12-31,보통주,"391,251,934",45.06,api,hyslrSttus,"{""bsns_year"": ""2022"", ""corp_code"": ""00113058"", ""reprt_code"": ""11011""}",20230315001327,api_row,2026-08-31T15:47:35+09:00,000,run_20260831_152517_0619,raw/hyslrSttus/00113058_2022_11011.json,7073a036d9bfe0636a39137ae7160aea7f516b2885bf7184ffb914e3995f4f5c,11
한화생명보험,생보,지주,00113058,한화생명,2022,11011,사업보고서,IFRS4,-,-,Y,"보고서 사업연도 >= 2023 이면 IFRS17, 아니면 IFRS4",계,,-,2022-12-31,우선주,-,-,api,hyslrSttus,"{""bsns_year"": ""2022"", ""corp_code"": ""00113058"", ""reprt_code"": ""11011""}",20230315001327,api_row,2026-08-31T15:47:35+09:00,000,run_20260831_152517_0619,raw/hyslrSttus/00113058_2022_11011.json,7073a036d9bfe0636a39137ae7160aea7f516b2885bf7184ffb914e3995f4f5c,11
한화생명보험,생보,지주,00113058,한화생명,2023,11011,사업보고서,IFRS17,"375,519,118",43.24,Y,"보고서 사업연도 >= 2023 이면 IFRS17, 아니면 IFRS4",(주)한화,본인(최대주주),-,2023-12-31,보통주,"375,519,118",43.24,api,hyslrSttus,"{""bsns_year"": ""2023"", ""corp_code"": ""00113058"", ""reprt_code"": ""11011""}",20240430000873,api_row,2026-08-31T15:47:49+09:00,000,run_20260831_152517_0628,raw/hyslrSttus/00113058_2023_11011.json,696ab93e7cbd331ff12a22673051657370f259cb8e485836d0229033984aaf27,11
한화생명보험,생보,지주,00113058,한화생명,2023,11011,사업보고서,IFRS17,"15,204,166",1.75,Y,"보고서 사업연도 >= 2023 이면 IFRS17, 아니면 IFRS4",(주)한화갤러리아타임월드,계열사,-,2023-12-31,보통주,"15,204,166",1.75,api,hyslrSttus,"{""bsns_year"": ""2023"", ""corp_code"": ""00113058"", ""reprt_code"": ""11011""}",20240430000873,api_row,2026-08-31T15:47:49+09:00,000,run_20260831_152517_0628,raw/hyslrSttus/00113058_2023_11011.json,696ab93e7cbd331ff12a22673051657370f259cb8e485836d0229033984aaf27,11
한화생명보험,생보,지주,00113058,한화생명,2023,11011,사업보고서,IFRS17,"300,000",0.03,Y,"보고서 사업연도 >= 2023 이면 IFRS17, 아니면 IFRS4",김동원,임원,-,2023-12-31,보통주,"300,000",0.03,api,hyslrSttus,"{""bsns_year"": ""2023"", ""corp_code"": ""00113058"", ""reprt_code"": ""11011""}",20240430000873,api_row,2026-08-31T15:47:49+09:00,000,run_20260831_152517_0628,raw/hyslrSttus/00113058_2023_11011.json,696ab93e7cbd331ff12a22673051657370f259cb8e485836d0229033984aaf27,11
한화생명보험,생보,지주,00113058,한화생명,2023,11011,사업보고서,IFRS17,"158,650",0.02,Y,"보고서 사업연도 >= 2023 이면 IFRS17, 아니면 IFRS4",여승주,임원,-,2023-12-31,보통주,"158,650",0.02,api,hyslrSttus,"{""bsns_year"": ""2023"", ""corp_code"": ""00113058"", ""reprt_code"": ""11011""}",20240430000873,api_row,2026-08-31T15:47:49+09:00,000,run_20260831_152517_0628,raw/hyslrSttus/00113058_2023_11011.json,696ab93e7cbd331ff12a22673051657370f259cb8e485836d0229033984aaf27,11
한화생명보험,생보,지주,00113058,한화생명,2023,11011,사업보고서,IFRS17,"70,000",0.01,Y,"보고서 사업연도 >= 2023 이면 IFRS17, 아니면 IFRS4",김중원,임원,-,2023-12-31,보통주,"120,000",0.01,api,hyslrSttus,"{""bsns_year"": ""2023"", ""corp_code"": ""00113058"", ""reprt_code"": ""11011""}",20240430000873,api_row,2026-08-31T15:47:49+09:00,000,run_20260831_152517_0628,raw/hyslrSttus/00113058_2023_11011.json,696ab93e7cbd331ff12a22673051657370f259cb8e485836d0229033984aaf27,11
한화생명보험,생보,지주,00113058,한화생명,2023,11011,사업보고서,IFRS17,0,0.00,Y,"보고서 사업연도 >= 2023 이면 IFRS17, 아니면 IFRS4",신충호,임원,-,2023-12-31,보통주,"45,678",0.00,api,hyslrSttus,"{""bsns_year"": ""2023"", ""corp_code"": ""00113058"", ""reprt_code"": ""11011""}",20240430000873,api_row,2026-08-31T15:47:49+09:00,000,run_20260831_152517_0628,raw/hyslrSttus/00113058_2023_11011.json,696ab93e7cbd331ff12a22673051657370f259cb8e485836d0229033984aaf27,11
한화생명보험,생보,지주,00113058,한화생명,2023,11011,사업보고서,IFRS17,"391,251,934",45.05,Y,"보고서 사업연도 >= 2023 이면 IFRS17, 아니면 IFRS4",계,,-,2023-12-31,보통주,"391,347,612",45.06,api,hyslrSttus,"{""bsns_year"": ""2023"", ""corp_code"": ""00113058"", ""reprt_code"": ""11011""}",20240430000873,api_row,2026-08-31T15:47:49+09:00,000,run_20260831_152517_0628,raw/hyslrSttus/00113058_2023_11011.json,696ab93e7cbd331ff12a22673051657370f259cb8e485836d0229033984aaf27,11
한화생명보험,생보,지주,00113058,한화생명,2023,11011,사업보고서,IFRS17,-,-,Y,"보고서 사업연도 >= 2023 이면 IFRS17, 아니면 IFRS4",계,,-,2023-12-31,우선주,-,-,api,hyslrSttus,"{""bsns_year"": ""2023"", ""corp_code"": ""00113058"", ""reprt_code"": ""11011""}",20240430000873,api_row,2026-08-31T15:47:49+09:00,000,run_20260831_152517_0628,raw/hyslrSttus/00113058_2023_11011.json,696ab93e7cbd331ff12a22673051657370f259cb8e485836d0229033984aaf27,11
한화생명보험,생보,지주,00113058,한화생명,2024,11011,사업보고서,IFRS17,"375,519,118",43.24,Y,"보고서 사업연도 >= 2023 이면 IFRS17, 아니면 IFRS4",(주)한화,본인(최대주주),-,2024-12-31,보통주,"375,519,118",43.24,api,hyslrSttus,"{""bsns_year"": ""2024"", ""corp_code"": ""00113058"", ""reprt_code"": ""11011""}",20250331003702,api_row,2026-08-31T15:48:27+09:00,000,run_20260831_152517_0637,raw/hyslrSttus/00113058_2024_11011.json,b74bddd00f314d4dc7fa30c97a374bb7380c5c7b786ef5e58827f9aa885755a2,11
한화생명보험,생보,지주,00113058,한화생명,2024,11011,사업보고서,IFRS17,"15,204,166",1.75,Y,"보고서 사업연도 >= 2023 이면 IFRS17, 아니면 IFRS4",(주)한화갤러리아타임월드,계열사,-,2024-12-31,보통주,"15,204,166",1.75,api,hyslrSttus,"{""bsns_year"": ""2024"", ""corp_code"": ""00113058"", ""reprt_code"": ""11011""}",20250331003702,api_row,2026-08-31T15:48:27+09:00,000,run_20260831_152517_0637,raw/hyslrSttus/00113058_2024_11011.json,b74bddd00f314d4dc7fa30c97a374bb7380c5c7b786ef5e58827f9aa885755a2,11
한화생명보험,생보,지주,00113058,한화생명,2024,11011,사업보고서,IFRS17,"300,000",0.03,Y,"보고서 사업연도 >= 2023 이면 IFRS17, 아니면 IFRS4",김동원,임원,-,2024-12-31,보통주,"300,000",0.03,api,hyslrSttus,"{""bsns_year"": ""2024"", ""corp_code"": ""00113058"", ""reprt_code"": ""11011""}",20250331003702,api_row,2026-08-31T15:48:27+09:00,000,run_20260831_152517_0637,raw/hyslrSttus/00113058_2024_11011.json,b74bddd00f314d4dc7fa30c97a374bb7380c5c7b786ef5e58827f9aa885755a2,11
한화생명보험,생보,지주,00113058,한화생명,2024,11011,사업보고서,IFRS17,"158,650",0.02,Y,"보고서 사업연도 >= 2023 이면 IFRS17, 아니면 IFRS4",여승주,임원,-,2024-12-31,보통주,"158,650",0.02,api,hyslrSttus,"{""bsns_year"": ""2024"", ""corp_code"": ""00113058"", ""reprt_code"": ""11011""}",20250331003702,api_row,2026-08-31T15:48:27+09:00,000,run_20260831_152517_0637,raw/hyslrSttus/00113058_2024_11011.json,b74bddd00f314d4dc7fa30c97a374bb7380c5c7b786ef5e58827f9aa885755a2,11
한화생명보험,생보,지주,00113058,한화생명,2024,11011,사업보고서,IFRS17,"120,000",0.01,Y,"보고서 사업연도 >= 2023 이면 IFRS17, 아니면 IFRS4",김중원,임원,-,2024-12-31,보통주,"160,000",0.02,api,hyslrSttus,"{""bsns_year"": ""2024"", ""corp_code"": ""00113058"", ""reprt_code"": ""11011""}",20250331003702,api_row,2026-08-31T15:48:27+09:00,000,run_20260831_152517_0637,raw/hyslrSttus/00113058_2024_11011.json,b74bddd00f314d4dc7fa30c97a374bb7380c5c7b786ef5e58827f9aa885755a2,11
한화생명보험,생보,지주,00113058,한화생명,2024,11011,사업보고서,IFRS17,"45,678",0.00,Y,"보고서 사업연도 >= 2023 이면 IFRS17, 아니면 IFRS4",신충호,임원,-,2024-12-31,보통주,"52,107",0.00,api,hyslrSttus,"{""bsns_year"": ""2024"", ""corp_code"": ""00113058"", ""reprt_code"": ""11011""}",20250331003702,api_row,2026-08-31T15:48:27+09:00,000,run_20260831_152517_0637,raw/hyslrSttus/00113058_2024_11011.json,b74bddd00f314d4dc7fa30c97a374bb7380c5c7b786ef5e58827f9aa885755a2,11
한화생명보험,생보,지주,00113058,한화생명,2024,11011,사업보고서,IFRS17,"391,347,612",45.05,Y,"보고서 사업연도 >= 2023 이면 IFRS17, 아니면 IFRS4",계,,-,2024-12-31,보통주,"391,394,041",45.06,api,hyslrSttus,"{""bsns_year"": ""2024"", ""corp_code"": ""00113058"", ""reprt_code"": ""11011""}",20250331003702,api_row,2026-08-31T15:48:27+09:00,000,run_20260831_152517_0637,raw/hyslrSttus/00113058_2024_11011.json,b74bddd00f314d4dc7fa30c97a374bb7380c5c7b786ef5e58827f9aa885755a2,11
한화생명보험,생보,지주,00113058,한화생명,2024,11011,사업보고서,IFRS17,-,-,Y,"보고서 사업연도 >= 2023 이면 IFRS17, 아니면 IFRS4",계,,-,2024-12-31,우선주,-,-,api,hyslrSttus,"{""bsns_year"": ""2024"", ""corp_code"": ""00113058"", ""reprt_code"": ""11011""}",20250331003702,api_row,2026-08-31T15:48:27+09:00,000,run_20260831_152517_0637,raw/hyslrSttus/00113058_2024_11011.json,b74bddd00f314d4dc7fa30c97a374bb7380c5c7b786ef5e58827f9aa885755a2,11
한화생명보험,생보,지주,00113058,한화생명,2025,11011,사업보고서,IFRS17,"375,519,118",43.24,Y,"보고서 사업연도 >= 2023 이면 IFRS17, 아니면 IFRS4",(주)한화,본인(최대주주),-,2025-12-31,보통주,"375,519,118",43.24,api,hyslrSttus,"{""bsns_year"": ""2025"", ""corp_code"": ""00113058"", ""reprt_code"": ""11011""}",20260331003585,api_row,2026-08-31T15:49:02+09:00,000,run_20260831_152517_0646,raw/hyslrSttus/00113058_2025_11011.json,f8bed689489eacd758439ebf552ee46a86274b0472a8cfabef80099aec8743b3,11
한화생명보험,생보,지주,00113058,한화생명,2025,11011,사업보고서,IFRS17,"15,204,166",1.75,Y,"보고서 사업연도 >= 2023 이면 IFRS17, 아니면 IFRS4",(주)한화갤러리아타임월드,계열사,-,2025-12-31,보통주,"15,204,166",1.75,api,hyslrSttus,"{""bsns_year"": ""2025"", ""corp_code"": ""00113058"", ""reprt_code"": ""11011""}",20260331003585,api_row,2026-08-31T15:49:02+09:00,000,run_20260831_152517_0646,raw/hyslrSttus/00113058_2025_11011.json,f8bed689489eacd758439ebf552ee46a86274b0472a8cfabef80099aec8743b3,11
한화생명보험,생보,지주,00113058,한화생명,2025,11011,사업보고서,IFRS17,"300,000",0.03,Y,"보고서 사업연도 >= 2023 이면 IFRS17, 아니면 IFRS4",김동원,임원,-,2025-12-31,보통주,"300,000",0.03,api,hyslrSttus,"{""bsns_year"": ""2025"", ""corp_code"": ""00113058"", ""reprt_code"": ""11011""}",20260331003585,api_row,2026-08-31T15:49:02+09:00,000,run_20260831_152517_0646,raw/hyslrSttus/00113058_2025_11011.json,f8bed689489eacd758439ebf552ee46a86274b0472a8cfabef80099aec8743b3,11
한화생명보험,생보,지주,00113058,한화생명,2025,11011,사업보고서,IFRS17,0,0.00,Y,"보고서 사업연도 >= 2023 이면 IFRS17, 아니면 IFRS4",권혁웅,임원,-,2025-12-31,보통주,0,0.00,api,hyslrSttus,"{""bsns_year"": ""2025"", ""corp_code"": ""00113058"", ""reprt_code"": ""11011""}",20260331003585,api_row,2026-08-31T15:49:02+09:00,000,run_20260831_152517_0646,raw/hyslrSttus/00113058_2025_11011.json,f8bed689489eacd758439ebf552ee46a86274b0472a8cfabef80099aec8743b3,11
한화생명보험,생보,지주,00113058,한화생명,2025,11011,사업보고서,IFRS17,0,0.00,Y,"보고서 사업연도 >= 2023 이면 IFRS17, 아니면 IFRS4",이경근,임원,-,2025-12-31,보통주,"120,166",0.01,api,hyslrSttus,"{""bsns_year"": ""2025"", ""corp_code"": ""00113058"", ""reprt_code"": ""11011""}",20260331003585,api_row,2026-08-31T15:49:02+09:00,000,run_20260831_152517_0646,raw/hyslrSttus/00113058_2025_11011.json,f8bed689489eacd758439ebf552ee46a86274b0472a8cfabef80099aec8743b3,11
한화생명보험,생보,지주,00113058,한화생명,2025,11011,사업보고서,IFRS17,"158,650",0.02,Y,"보고서 사업연도 >= 2023 이면 IFRS17, 아니면 IFRS4",여승주,임원,-,2025-12-31,보통주,0,0.00,api,hyslrSttus,"{""bsns_year"": ""2025"", ""corp_code"": ""00113058"", ""reprt_code"": ""11011""}",20260331003585,api_row,2026-08-31T15:49:02+09:00,000,run_20260831_152517_0646,raw/hyslrSttus/00113058_2025_11011.json,f8bed689489eacd758439ebf552ee46a86274b0472a8cfabef80099aec8743b3,11
한화생명보험,생보,지주,00113058,한화생명,2025,11011,사업보고서,IFRS17,"160,000",0.02,Y,"보고서 사업연도 >= 2023 이면 IFRS17, 아니면 IFRS4",김중원,임원,-,2025-12-31,보통주,"170,000",0.02,api,hyslrSttus,"{""bsns_year"": ""2025"", ""corp_code"": ""00113058"", ""reprt_code"": ""11011""}",20260331003585,api_row,2026-08-31T15:49:02+09:00,000,run_20260831_152517_0646,raw/hyslrSttus/00113058_2025_11011.json,f8bed689489eacd758439ebf552ee46a86274b0472a8cfabef80099aec8743b3,11
한화생명보험,생보,지주,00113058,한화생명,2025,11011,사업보고서,IFRS17,"52,107",0.00,Y,"보고서 사업연도 >= 2023 이면 IFRS17, 아니면 IFRS4",신충호,임원,-,2025-12-31,보통주,0,0.00,api,hyslrSttus,"{""bsns_year"": ""2025"", ""corp_code"": ""00113058"", ""reprt_code"": ""11011""}",20260331003585,api_row,2026-08-31T15:49:02+09:00,000,run_20260831_152517_0646,raw/hyslrSttus/00113058_2025_11011.json,f8bed689489eacd758439ebf552ee46a86274b0472a8cfabef80099aec8743b3,11
한화생명보험,생보,지주,00113058,한화생명,2025,11011,사업보고서,IFRS17,"391,394,041",45.06,Y,"보고서 사업연도 >= 2023 이면 IFRS17, 아니면 IFRS4",계,,-,2025-12-31,보통주,"391,313,450",45.05,api,hyslrSttus,"{""bsns_year"": ""2025"", ""corp_code"": ""00113058"", ""reprt_code"": ""11011""}",20260331003585,api_row,2026-08-31T15:49:02+09:00,000,run_20260831_152517_0646,raw/hyslrSttus/00113058_2025_11011.json,f8bed689489eacd758439ebf552ee46a86274b0472a8cfabef80099aec8743b3,11
한화생명보험,생보,지주,00113058,한화생명,2025,11011,사업보고서,IFRS17,-,-,Y,"보고서 사업연도 >= 2023 이면 IFRS17, 아니면 IFRS4",계,,-,2025-12-31,우선주,-,-,api,hyslrSttus,"{""bsns_year"": ""2025"", ""corp_code"": ""00113058"", ""reprt_code"": ""11011""}",20260331003585,api_row,2026-08-31T15:49:02+09:00,000,run_20260831_152517_0646,raw/hyslrSttus/00113058_2025_11011.json,f8bed689489eacd758439ebf552ee46a86274b0472a8cfabef80099aec8743b3,11
한화생명보험,생보,지주,00113058,한화생명,2025,11012,반기보고서,IFRS17,"375,519,118",43.24,Y,"보고서 사업연도 >= 2023 이면 IFRS17, 아니면 IFRS4",(주)한화,본인(최대주주),-,2025-06-30,보통주,"375,519,118",43.24,api,hyslrSttus,"{""bsns_year"": ""2025"", ""corp_code"": ""00113058"", ""reprt_code"": ""11012""}",20250828001120,api_row,2026-08-31T15:49:37+09:00,000,run_20260831_152517_0655,raw/hyslrSttus/00113058_2025_11012.json,1eb32cc46d0880f6f181d0ab6cf6d82037792dfb1dc54ac4a38f8425a583c96b,11
한화생명보험,생보,지주,00113058,한화생명,2025,11012,반기보고서,IFRS17,"15,204,166",1.75,Y,"보고서 사업연도 >= 2023 이면 IFRS17, 아니면 IFRS4",(주)한화갤러리아타임월드,계열사,-,2025-06-30,보통주,"15,204,166",1.75,api,hyslrSttus,"{""bsns_year"": ""2025"", ""corp_code"": ""00113058"", ""reprt_code"": ""11012""}",20250828001120,api_row,2026-08-31T15:49:37+09:00,000,run_20260831_152517_0655,raw/hyslrSttus/00113058_2025_11012.json,1eb32cc46d0880f6f181d0ab6cf6d82037792dfb1dc54ac4a38f8425a583c96b,11
한화생명보험,생보,지주,00113058,한화생명,2025,11012,반기보고서,IFRS17,"300,000",0.03,Y,"보고서 사업연도 >= 2023 이면 IFRS17, 아니면 IFRS4",김동원,임원,-,2025-06-30,보통주,"300,000",0.03,api,hyslrSttus,"{""bsns_year"": ""2025"", ""corp_code"": ""00113058"", ""reprt_code"": ""11012""}",20250828001120,api_row,2026-08-31T15:49:37+09:00,000,run_20260831_152517_0655,raw/hyslrSttus/00113058_2025_11012.json,1eb32cc46d0880f6f181d0ab6cf6d82037792dfb1dc54ac4a38f8425a583c96b,11
한화생명보험,생보,지주,00113058,한화생명,2025,11012,반기보고서,IFRS17,"158,650",0.02,Y,"보고서 사업연도 >= 2023 이면 IFRS17, 아니면 IFRS4",여승주,임원,-,2025-06-30,보통주,"158,650",0.02,api,hyslrSttus,"{""bsns_year"": ""2025"", ""corp_code"": ""00113058"", ""reprt_code"": ""11012""}",20250828001120,api_row,2026-08-31T15:49:37+09:00,000,run_20260831_152517_0655,raw/hyslrSttus/00113058_2025_11012.json,1eb32cc46d0880f6f181d0ab6cf6d82037792dfb1dc54ac4a38f8425a583c96b,11
한화생명보험,생보,지주,00113058,한화생명,2025,11012,반기보고서,IFRS17,"160,000",0.02,Y,"보고서 사업연도 >= 2023 이면 IFRS17, 아니면 IFRS4",김중원,임원,-,2025-06-30,보통주,"160,000",0.02,api,hyslrSttus,"{""bsns_year"": ""2025"", ""corp_code"": ""00113058"", ""reprt_code"": ""11012""}",20250828001120,api_row,2026-08-31T15:49:37+09:00,000,run_20260831_152517_0655,raw/hyslrSttus/00113058_2025_11012.json,1eb32cc46d0880f6f181d0ab6cf6d82037792dfb1dc54ac4a38f8425a583c96b,11
한화생명보험,생보,지주,00113058,한화생명,2025,11012,반기보고서,IFRS17,"52,107",0.00,Y,"보고서 사업연도 >= 2023 이면 IFRS17, 아니면 IFRS4",신충호,임원,-,2025-06-30,보통주,"52,107",0.00,api,hyslrSttus,"{""bsns_year"": ""2025"", ""corp_code"": ""00113058"", ""reprt_code"": ""11012""}",20250828001120,api_row,2026-08-31T15:49:37+09:00,000,run_20260831_152517_0655,raw/hyslrSttus/00113058_2025_11012.json,1eb32cc46d0880f6f181d0ab6cf6d82037792dfb1dc54ac4a38f8425a583c96b,11
한화생명보험,생보,지주,00113058,한화생명,2025,11012,반기보고서,IFRS17,"391,394,041",45.06,Y,"보고서 사업연도 >= 2023 이면 IFRS17, 아니면 IFRS4",계,,-,2025-06-30,보통주,"391,394,041",45.06,api,hyslrSttus,"{""bsns_year"": ""2025"", ""corp_code"": ""00113058"", ""reprt_code"": ""11012""}",20250828001120,api_row,2026-08-31T15:49:37+09:00,000,run_20260831_152517_0655,raw/hyslrSttus/00113058_2025_11012.json,1eb32cc46d0880f6f181d0ab6cf6d82037792dfb1dc54ac4a38f8425a583c96b,11
한화생명보험,생보,지주,00113058,한화생명,2025,11012,반기보고서,IFRS17,-,-,Y,"보고서 사업연도 >= 2023 이면 IFRS17, 아니면 IFRS4",계,,-,2025-06-30,우선주,-,-,api,hyslrSttus,"{""bsns_year"": ""2025"", ""corp_code"": ""00113058"", ""reprt_code"": ""11012""}",20250828001120,api_row,2026-08-31T15:49:37+09:00,000,run_20260831_152517_0655,raw/hyslrSttus/00113058_2025_11012.json,1eb32cc46d0880f6f181d0ab6cf6d82037792dfb1dc54ac4a38f8425a583c96b,11
한화손해보험,손보,보험자회사,00135917,한화손해보험,2021,11011,사업보고서,IFRS4,"59,957,146",51.36,Y,"보고서 사업연도 >= 2023 이면 IFRS17, 아니면 IFRS4",한화생명(주),본인,-,2021-12-31,보통주,"59,957,146",51.36,api,hyslrSttus,"{""bsns_year"": ""2021"", ""corp_code"": ""00135917"", ""reprt_code"": ""11011""}",20220310000539,api_row,2026-08-31T15:53:11+09:00,000,run_20260831_152517_0734,raw/hyslrSttus/00135917_2021_11011.json,3294e72ec6c45322097041d147726907603da23be89ef417d500af39cd3e4821,11
한화손해보험,손보,보험자회사,00135917,한화손해보험,2021,11011,사업보고서,IFRS4,"100,000",0.09,Y,"보고서 사업연도 >= 2023 이면 IFRS17, 아니면 IFRS4",강성수,임원,주2),2021-12-31,보통주,"120,000",0.10,api,hyslrSttus,"{""bsns_year"": ""2021"", ""corp_code"": ""00135917"", ""reprt_code"": ""11011""}",20220310000539,api_row,2026-08-31T15:53:11+09:00,000,run_20260831_152517_0734,raw/hyslrSttus/00135917_2021_11011.json,3294e72ec6c45322097041d147726907603da23be89ef417d500af39cd3e4821,11
한화손해보험,손보,보험자회사,00135917,한화손해보험,2021,11011,사업보고서,IFRS4,0,0.00,Y,"보고서 사업연도 >= 2023 이면 IFRS17, 아니면 IFRS4",임동일,임원,주3),2021-12-31,보통주,"18,500",0.02,api,hyslrSttus,"{""bsns_year"": ""2021"", ""corp_code"": ""00135917"", ""reprt_code"": ""11011""}",20220310000539,api_row,2026-08-31T15:53:11+09:00,000,run_20260831_152517_0734,raw/hyslrSttus/00135917_2021_11011.json,3294e72ec6c45322097041d147726907603da23be89ef417d500af39cd3e4821,11
한화손해보험,손보,보험자회사,00135917,한화손해보험,2021,11011,사업보고서,IFRS4,0,0.00,Y,"보고서 사업연도 >= 2023 이면 IFRS17, 아니면 IFRS4",정진택,임원,주4),2021-12-31,보통주,"21,500",0.02,api,hyslrSttus,"{""bsns_year"": ""2021"", ""corp_code"": ""00135917"", ""reprt_code"": ""11011""}",20220310000539,api_row,2026-08-31T15:53:11+09:00,000,run_20260831_152517_0734,raw/hyslrSttus/00135917_2021_11011.json,3294e72ec6c45322097041d147726907603da23be89ef417d500af39cd3e4821,11
한화손해보험,손보,보험자회사,00135917,한화손해보험,2021,11011,사업보고서,IFRS4,"60,057,146",51.45,Y,"보고서 사업연도 >= 2023 이면 IFRS17, 아니면 IFRS4",계,,-,2021-12-31,보통주,"60,117,146",51.50,api,hyslrSttus,"{""bsns_year"": ""2021"", ""corp_code"": ""00135917"", ""reprt_code"": ""11011""}",20220310000539,api_row,2026-08-31T15:53:11+09:00,000,run_20260831_152517_0734,raw/hyslrSttus/00135917_2021_11011.json,3294e72ec6c45322097041d147726907603da23be89ef417d500af39cd3e4821,11
한화손해보험,손보,보험자회사,00135917,한화손해보험,2021,11011,사업보고서,IFRS4,-,-,Y,"보고서 사업연도 >= 2023 이면 IFRS17, 아니면 IFRS4",계,,-,2021-12-31,-,-,-,api,hyslrSttus,"{""bsns_year"": ""2021"", ""corp_code"": ""00135917"", ""reprt_code"": ""11011""}",20220310000539,api_row,2026-08-31T15:53:11+09:00,000,run_20260831_152517_0734,raw/hyslrSttus/00135917_2021_11011.json,3294e72ec6c45322097041d147726907603da23be89ef417d500af39cd3e4821,11
한화손해보험,손보,보험자회사,00135917,한화손해보험,2022,11011,사업보고서,IFRS4,"59,957,146",51.36,Y,"보고서 사업연도 >= 2023 이면 IFRS17, 아니면 IFRS4",한화생명(주),본인,-,2022-12-31,보통주,"59,957,146",51.36,api,hyslrSttus,"{""bsns_year"": ""2022"", ""corp_code"": ""00135917"", ""reprt_code"": ""11011""}",20230314001218,api_row,2026-08-31T15:53:25+09:00,000,run_20260831_152517_0743,raw/hyslrSttus/00135917_2022_11011.json,75cd7d6884e81a227561f8f6b122769d4534ba69f847a816de53356360615227,11
한화손해보험,손보,보험자회사,00135917,한화손해보험,2022,11011,사업보고서,IFRS4,0,0.00,Y,"보고서 사업연도 >= 2023 이면 IFRS17, 아니면 IFRS4",한화생명(주),본인,주5),2022-12-31,종류주식(우선주),"38,000,000",100.00,api,hyslrSttus,"{""bsns_year"": ""2022"", ""corp_code"": ""00135917"", ""reprt_code"": ""11011""}",20230314001218,api_row,2026-08-31T15:53:25+09:00,000,run_20260831_152517_0743,raw/hyslrSttus/00135917_2022_11011.json,75cd7d6884e81a227561f8f6b122769d4534ba69f847a816de53356360615227,11
한화손해보험,손보,보험자회사,00135917,한화손해보험,2022,11011,사업보고서,IFRS4,"120,000",0.10,Y,"보고서 사업연도 >= 2023 이면 IFRS17, 아니면 IFRS4",강성수,임원,주2),2022-12-31,보통주,"135,000",0.12,api,hyslrSttus,"{""bsns_year"": ""2022"", ""corp_code"": ""00135917"", ""reprt_code"": ""11011""}",20230314001218,api_row,2026-08-31T15:53:25+09:00,000,run_20260831_152517_0743,raw/hyslrSttus/00135917_2022_11011.json,75cd7d6884e81a227561f8f6b122769d4534ba69f847a816de53356360615227,11
한화손해보험,손보,보험자회사,00135917,한화손해보험,2022,11011,사업보고서,IFRS4,"18,500",0.02,Y,"보고서 사업연도 >= 2023 이면 IFRS17, 아니면 IFRS4",임동일,임원,주3),2022-12-31,보통주,0,0.00,api,hyslrSttus,"{""bsns_year"": ""2022"", ""corp_code"": ""00135917"", ""reprt_code"": ""11011""}",20230314001218,api_row,2026-08-31T15:53:25+09:00,000,run_20260831_152517_0743,raw/hyslrSttus/00135917_2022_11011.json,75cd7d6884e81a227561f8f6b122769d4534ba69f847a816de53356360615227,11
한화손해보험,손보,보험자회사,00135917,한화손해보험,2022,11011,사업보고서,IFRS4,"21,500",0.02,Y,"보고서 사업연도 >= 2023 이면 IFRS17, 아니면 IFRS4",정진택,임원,주4),2022-12-31,보통주,0,0.00,api,hyslrSttus,"{""bsns_year"": ""2022"", ""corp_code"": ""00135917"", ""reprt_code"": ""11011""}",20230314001218,api_row,2026-08-31T15:53:25+09:00,000,run_20260831_152517_0743,raw/hyslrSttus/00135917_2022_11011.json,75cd7d6884e81a227561f8f6b122769d4534ba69f847a816de53356360615227,11
한화손해보험,손보,보험자회사,00135917,한화손해보험,2022,11011,사업보고서,IFRS4,"60,117,146",51.50,Y,"보고서 사업연도 >= 2023 이면 IFRS17, 아니면 IFRS4",계,,-,2022-12-31,보통주,"60,092,146",51.48,api,hyslrSttus,"{""bsns_year"": ""2022"", ""corp_code"": ""00135917"", ""reprt_code"": ""11011""}",20230314001218,api_row,2026-08-31T15:53:25+09:00,000,run_20260831_152517_0743,raw/hyslrSttus/00135917_2022_11011.json,75cd7d6884e81a227561f8f6b122769d4534ba69f847a816de53356360615227,11
한화손해보험,손보,보험자회사,00135917,한화손해보험,2022,11011,사업보고서,IFRS4,-,-,Y,"보고서 사업연도 >= 2023 이면 IFRS17, 아니면 IFRS4",계,,-,2022-12-31,종류주식(우선주),"38,000,000",100.00,api,hyslrSttus,"{""bsns_year"": ""2022"", ""corp_code"": ""00135917"", ""reprt_code"": ""11011""}",20230314001218,api_row,2026-08-31T15:53:25+09:00,000,run_20260831_152517_0743,raw/hyslrSttus/00135917_2022_11011.json,75cd7d6884e81a227561f8f6b122769d4534ba69f847a816de53356360615227,11
한화손해보험,손보,보험자회사,00135917,한화손해보험,2023,11011,사업보고서,IFRS17,"59,957,146",51.36,Y,"보고서 사업연도 >= 2023 이면 IFRS17, 아니면 IFRS4",한화생명(주),본인,-,2023-12-31,보통주,"59,957,146",51.36,api,hyslrSttus,"{""bsns_year"": ""2023"", ""corp_code"": ""00135917"", ""reprt_code"": ""11011""}",20240430000147,api_row,2026-08-31T15:53:37+09:00,000,run_20260831_152517_0752,raw/hyslrSttus/00135917_2023_11011.json,65b19651bdcb66b7f95c6b50ff8049a571c6d42ddcfbcfcb2a81742ccadae2aa,11
한화손해보험,손보,보험자회사,00135917,한화손해보험,2023,11011,사업보고서,IFRS17,"38,000,000",100.00,Y,"보고서 사업연도 >= 2023 이면 IFRS17, 아니면 IFRS4",한화생명(주),본인,-,2023-12-31,종류주식(우선주),"38,000,000",100.00,api,hyslrSttus,"{""bsns_year"": ""2023"", ""corp_code"": ""00135917"", ""reprt_code"": ""11011""}",20240430000147,api_row,2026-08-31T15:53:37+09:00,000,run_20260831_152517_0752,raw/hyslrSttus/00135917_2023_11011.json,65b19651bdcb66b7f95c6b50ff8049a571c6d42ddcfbcfcb2a81742ccadae2aa,11
한화손해보험,손보,보험자회사,00135917,한화손해보험,2023,11011,사업보고서,IFRS17,0,0.00,Y,"보고서 사업연도 >= 2023 이면 IFRS17, 아니면 IFRS4",나채범,임원,주2),2023-12-31,보통주,"10,000",0.01,api,hyslrSttus,"{""bsns_year"": ""2023"", ""corp_code"": ""00135917"", ""reprt_code"": ""11011""}",20240430000147,api_row,2026-08-31T15:53:37+09:00,000,run_20260831_152517_0752,raw/hyslrSttus/00135917_2023_11011.json,65b19651bdcb66b7f95c6b50ff8049a571c6d42ddcfbcfcb2a81742ccadae2aa,11
한화손해보험,손보,보험자회사,00135917,한화손해보험,2023,11011,사업보고서,IFRS17,0,0.00,Y,"보고서 사업연도 >= 2023 이면 IFRS17, 아니면 IFRS4",서지훈,임원,주3),2023-12-31,보통주,"22,862",0.01,api,hyslrSttus,"{""bsns_year"": ""2023"", ""corp_code"": ""00135917"", ""reprt_code"": ""11011""}",20240430000147,api_row,2026-08-31T15:53:37+09:00,000,run_20260831_152517_0752,raw/hyslrSttus/00135917_2023_11011.json,65b19651bdcb66b7f95c6b50ff8049a571c6d42ddcfbcfcb2a81742ccadae2aa,11
한화손해보험,손보,보험자회사,00135917,한화손해보험,2023,11011,사업보고서,IFRS17,0,0.00,Y,"보고서 사업연도 >= 2023 이면 IFRS17, 아니면 IFRS4",하진안,임원,주4),2023-12-31,보통주,"13,000",0.01,api,hyslrSttus,"{""bsns_year"": ""2023"", ""corp_code"": ""00135917"", ""reprt_code"": ""11011""}",20240430000147,api_row,2026-08-31T15:53:37+09:00,000,run_20260831_152517_0752,raw/hyslrSttus/00135917_2023_11011.json,65b19651bdcb66b7f95c6b50ff8049a571c6d42ddcfbcfcb2a81742ccadae2aa,11
한화손해보험,손보,보험자회사,00135917,한화손해보험,2023,11011,사업보고서,IFRS17,"59,957,146",51.36,Y,"보고서 사업연도 >= 2023 이면 IFRS17, 아니면 IFRS4",계,,-,2023-12-31,보통주,"60,003,008",51.40,api,hyslrSttus,"{""bsns_year"": ""2023"", ""corp_code"": ""00135917"", ""reprt_code"": ""11011""}",20240430000147,api_row,2026-08-31T15:53:37+09:00,000,run_20260831_152517_0752,raw/hyslrSttus/00135917_2023_11011.json,65b19651bdcb66b7f95c6b50ff8049a571c6d42ddcfbcfcb2a81742ccadae2aa,11
한화손해보험,손보,보험자회사,00135917,한화손해보험,2023,11011,사업보고서,IFRS17,"38,000,000",100.00,Y,"보고서 사업연도 >= 2023 이면 IFRS17, 아니면 IFRS4",계,,-,2023-12-31,종류주식(우선주),"38,000,000",100.00,api,hyslrSttus,"{""bsns_year"": ""2023"", ""corp_code"": ""00135917"", ""reprt_code"": ""11011""}",20240430000147,api_row,2026-08-31T15:53:37+09:00,000,run_20260831_152517_0752,raw/hyslrSttus/00135917_2023_11011.json,65b19651bdcb66b7f95c6b50ff8049a571c6d42ddcfbcfcb2a81742ccadae2aa,11
한화손해보험,손보,보험자회사,00135917,한화손해보험,2023,11011,사업보고서,IFRS17,"97,957,146",63.30,Y,"보고서 사업연도 >= 2023 이면 IFRS17, 아니면 IFRS4",계,,-,2023-12-31,발행주식총수,"98,003,008",63.33,api,hyslrSttus,"{""bsns_year"": ""2023"", ""corp_code"": ""00135917"", ""reprt_code"": ""11011""}",20240430000147,api_row,2026-08-31T15:53:37+09:00,000,run_20260831_152517_0752,raw/hyslrSttus/00135917_2023_11011.json,65b19651bdcb66b7f95c6b50ff8049a571c6d42ddcfbcfcb2a81742ccadae2aa,11
한화손해보험,손보,보험자회사,00135917,한화손해보험,2024,11011,사업보고서,IFRS17,"59,957,146",51.36,Y,"보고서 사업연도 >= 2023 이면 IFRS17, 아니면 IFRS4",한화생명(주),본인,-,2024-12-31,보통주,"59,957,146",51.36,api,hyslrSttus,"{""bsns_year"": ""2024"", ""corp_code"": ""00135917"", ""reprt_code"": ""11011""}",20250331003267,api_row,2026-08-31T15:54:17+09:00,000,run_20260831_152517_0761,raw/hyslrSttus/00135917_2024_11011.json,ffa798556623904e3aec3b400dc51290a0398775656dca7c056b490a829ea53e,11
한화손해보험,손보,보험자회사,00135917,한화손해보험,2024,11011,사업보고서,IFRS17,"38,000,000",100.00,Y,"보고서 사업연도 >= 2023 이면 IFRS17, 아니면 IFRS4",한화생명(주),본인,-,2024-12-31,종류주식(우선주),"38,000,000",100.00,api,hyslrSttus,"{""bsns_year"": ""2024"", ""corp_code"": ""00135917"", ""reprt_code"": ""11011""}",20250331003267,api_row,2026-08-31T15:54:17+09:00,000,run_20260831_152517_0761,raw/hyslrSttus/00135917_2024_11011.json,ffa798556623904e3aec3b400dc51290a0398775656dca7c056b490a829ea53e,11
한화손해보험,손보,보험자회사,00135917,한화손해보험,2024,11011,사업보고서,IFRS17,"10,000",0.01,Y,"보고서 사업연도 >= 2023 이면 IFRS17, 아니면 IFRS4",나채범,임원,주2),2024-12-31,보통주,"30,000",0.03,api,hyslrSttus,"{""bsns_year"": ""2024"", ""corp_code"": ""00135917"", ""reprt_code"": ""11011""}",20250331003267,api_row,2026-08-31T15:54:17+09:00,000,run_20260831_152517_0761,raw/hyslrSttus/00135917_2024_11011.json,ffa798556623904e3aec3b400dc51290a0398775656dca7c056b490a829ea53e,11
한화손해보험,손보,보험자회사,00135917,한화손해보험,2024,11011,사업보고서,IFRS17,"22,862",0.01,Y,"보고서 사업연도 >= 2023 이면 IFRS17, 아니면 IFRS4",서지훈,임원,주2),2024-12-31,보통주,"35,472",0.03,api,hyslrSttus,"{""bsns_year"": ""2024"", ""corp_code"": ""00135917"", ""reprt_code"": ""11011""}",20250331003267,api_row,2026-08-31T15:54:17+09:00,000,run_20260831_152517_0761,raw/hyslrSttus/00135917_2024_11011.json,ffa798556623904e3aec3b400dc51290a0398775656dca7c056b490a829ea53e,11
한화손해보험,손보,보험자회사,00135917,한화손해보험,2024,11011,사업보고서,IFRS17,"13,000",0.01,Y,"보고서 사업연도 >= 2023 이면 IFRS17, 아니면 IFRS4",하진안,임원,주2),2024-12-31,보통주,"23,000",0.02,api,hyslrSttus,"{""bsns_year"": ""2024"", ""corp_code"": ""00135917"", ""reprt_code"": ""11011""}",20250331003267,api_row,2026-08-31T15:54:17+09:00,000,run_20260831_152517_0761,raw/hyslrSttus/00135917_2024_11011.json,ffa798556623904e3aec3b400dc51290a0398775656dca7c056b490a829ea53e,11
한화손해보험,손보,보험자회사,00135917,한화손해보험,2024,11011,사업보고서,IFRS17,"60,003,008",51.40,Y,"보고서 사업연도 >= 2023 이면 IFRS17, 아니면 IFRS4",계,,-,2024-12-31,보통주,"60,045,618",51.44,api,hyslrSttus,"{""bsns_year"": ""2024"", ""corp_code"": ""00135917"", ""reprt_code"": ""11011""}",20250331003267,api_row,2026-08-31T15:54:17+09:00,000,run_20260831_152517_0761,raw/hyslrSttus/00135917_2024_11011.json,ffa798556623904e3aec3b400dc51290a0398775656dca7c056b490a829ea53e,11
한화손해보험,손보,보험자회사,00135917,한화손해보험,2024,11011,사업보고서,IFRS17,"38,000,000",100.00,Y,"보고서 사업연도 >= 2023 이면 IFRS17, 아니면 IFRS4",계,,-,2024-12-31,종류주식(우선주),"38,000,000",100.00,api,hyslrSttus,"{""bsns_year"": ""2024"", ""corp_code"": ""00135917"", ""reprt_code"": ""11011""}",20250331003267,api_row,2026-08-31T15:54:17+09:00,000,run_20260831_152517_0761,raw/hyslrSttus/00135917_2024_11011.json,ffa798556623904e3aec3b400dc51290a0398775656dca7c056b490a829ea53e,11
한화손해보험,손보,보험자회사,00135917,한화손해보험,2024,11011,사업보고서,IFRS17,"98,003,008",63.33,Y,"보고서 사업연도 >= 2023 이면 IFRS17, 아니면 IFRS4",계,,-,2024-12-31,발행주식총수,"98,045,618",63.36,api,hyslrSttus,"{""bsns_year"": ""2024"", ""corp_code"": ""00135917"", ""reprt_code"": ""11011""}",20250331003267,api_row,2026-08-31T15:54:17+09:00,000,run_20260831_152517_0761,raw/hyslrSttus/00135917_2024_11011.json,ffa798556623904e3aec3b400dc51290a0398775656dca7c056b490a829ea53e,11
한화손해보험,손보,보험자회사,00135917,한화손해보험,2025,11011,사업보고서,IFRS17,"59,957,146",51.36,Y,"보고서 사업연도 >= 2023 이면 IFRS17, 아니면 IFRS4",한화생명(주),본인,-,2025-12-31,보통주,"59,957,146",51.36,api,hyslrSttus,"{""bsns_year"": ""2025"", ""corp_code"": ""00135917"", ""reprt_code"": ""11011""}",20260331000594,api_row,2026-08-31T15:54:41+09:00,000,run_20260831_152517_0769,raw/hyslrSttus/00135917_2025_11011.json,8fd7dc4132f6babe5aebddaf11fbe8c57b8aeac8d1f91e5207ea013e129c5112,11
한화손해보험,손보,보험자회사,00135917,한화손해보험,2025,11011,사업보고서,IFRS17,"38,000,000",100.00,Y,"보고서 사업연도 >= 2023 이면 IFRS17, 아니면 IFRS4",한화생명(주),본인,-,2025-12-31,종류주식(우선주),"38,000,000",100.00,api,hyslrSttus,"{""bsns_year"": ""2025"", ""corp_code"": ""00135917"", ""reprt_code"": ""11011""}",20260331000594,api_row,2026-08-31T15:54:41+09:00,000,run_20260831_152517_0769,raw/hyslrSttus/00135917_2025_11011.json,8fd7dc4132f6babe5aebddaf11fbe8c57b8aeac8d1f91e5207ea013e129c5112,11
한화손해보험,손보,보험자회사,00135917,한화손해보험,2025,11011,사업보고서,IFRS17,"30,000",0.03,Y,"보고서 사업연도 >= 2023 이면 IFRS17, 아니면 IFRS4",나채범,임원,-,2025-12-31,보통주,"40,000",0.03,api,hyslrSttus,"{""bsns_year"": ""2025"", ""corp_code"": ""00135917"", ""reprt_code"": ""11011""}",20260331000594,api_row,2026-08-31T15:54:41+09:00,000,run_20260831_152517_0769,raw/hyslrSttus/00135917_2025_11011.json,8fd7dc4132f6babe5aebddaf11fbe8c57b8aeac8d1f91e5207ea013e129c5112,11
한화손해보험,손보,보험자회사,00135917,한화손해보험,2025,11011,사업보고서,IFRS17,"35,472",0.03,Y,"보고서 사업연도 >= 2023 이면 IFRS17, 아니면 IFRS4",서지훈,임원,-,2025-12-31,보통주,"40,472",0.03,api,hyslrSttus,"{""bsns_year"": ""2025"", ""corp_code"": ""00135917"", ""reprt_code"": ""11011""}",20260331000594,api_row,2026-08-31T15:54:41+09:00,000,run_20260831_152517_0769,raw/hyslrSttus/00135917_2025_11011.json,8fd7dc4132f6babe5aebddaf11fbe8c57b8aeac8d1f91e5207ea013e129c5112,11
한화손해보험,손보,보험자회사,00135917,한화손해보험,2025,11011,사업보고서,IFRS17,"23,000",0.02,Y,"보고서 사업연도 >= 2023 이면 IFRS17, 아니면 IFRS4",하진안,임원,주2),2025-12-31,보통주,0,0.00,api,hyslrSttus,"{""bsns_year"": ""2025"", ""corp_code"": ""00135917"", ""reprt_code"": ""11011""}",20260331000594,api_row,2026-08-31T15:54:41+09:00,000,run_20260831_152517_0769,raw/hyslrSttus/00135917_2025_11011.json,8fd7dc4132f6babe5aebddaf11fbe8c57b8aeac8d1f91e5207ea013e129c5112,11
한화손해보험,손보,보험자회사,00135917,한화손해보험,2025,11011,사업보고서,IFRS17,0,0.00,Y,"보고서 사업연도 >= 2023 이면 IFRS17, 아니면 IFRS4",박성규,임원,주3),2025-12-31,보통주,"100,000",0.09,api,hyslrSttus,"{""bsns_year"": ""2025"", ""corp_code"": ""00135917"", ""reprt_code"": ""11011""}",20260331000594,api_row,2026-08-31T15:54:41+09:00,000,run_20260831_152517_0769,raw/hyslrSttus/00135917_2025_11011.json,8fd7dc4132f6babe5aebddaf11fbe8c57b8aeac8d1f91e5207ea013e129c5112,11
한화손해보험,손보,보험자회사,00135917,한화손해보험,2025,11011,사업보고서,IFRS17,"60,045,618",51.44,Y,"보고서 사업연도 >= 2023 이면 IFRS17, 아니면 IFRS4",계,,-,2025-12-31,보통주,"60,137,618",51.55,api,hyslrSttus,"{""bsns_year"": ""2025"", ""corp_code"": ""00135917"", ""reprt_code"": ""11011""}",20260331000594,api_row,2026-08-31T15:54:41+09:00,000,run_20260831_152517_0769,raw/hyslrSttus/00135917_2025_11011.json,8fd7dc4132f6babe5aebddaf11fbe8c57b8aeac8d1f91e5207ea013e129c5112,11
한화손해보험,손보,보험자회사,00135917,한화손해보험,2025,11011,사업보고서,IFRS17,"38,000,000",100.00,Y,"보고서 사업연도 >= 2023 이면 IFRS17, 아니면 IFRS4",계,,-,2025-12-31,종류주식(우선주),"38,000,000",100.00,api,hyslrSttus,"{""bsns_year"": ""2025"", ""corp_code"": ""00135917"", ""reprt_code"": ""11011""}",20260331000594,api_row,2026-08-31T15:54:41+09:00,000,run_20260831_152517_0769,raw/hyslrSttus/00135917_2025_11011.json,8fd7dc4132f6babe5aebddaf11fbe8c57b8aeac8d1f91e5207ea013e129c5112,11
한화손해보험,손보,보험자회사,00135917,한화손해보험,2025,11011,사업보고서,IFRS17,"98,045,618",63.36,Y,"보고서 사업연도 >= 2023 이면 IFRS17, 아니면 IFRS4",계,,-,2025-12-31,발행주식총수,"98,137,618",63.42,api,hyslrSttus,"{""bsns_year"": ""2025"", ""corp_code"": ""00135917"", ""reprt_code"": ""11011""}",20260331000594,api_row,2026-08-31T15:54:41+09:00,000,run_20260831_152517_0769,raw/hyslrSttus/00135917_2025_11011.json,8fd7dc4132f6babe5aebddaf11fbe8c57b8aeac8d1f91e5207ea013e129c5112,11
한화손해보험,손보,보험자회사,00135917,한화손해보험,2025,11012,반기보고서,IFRS17,"59,957,146",51.36,Y,"보고서 사업연도 >= 2023 이면 IFRS17, 아니면 IFRS4",한화생명(주),본인,-,2025-06-30,보통주,"59,957,146",51.36,api,hyslrSttus,"{""bsns_year"": ""2025"", ""corp_code"": ""00135917"", ""reprt_code"": ""11012""}",20250828000988,api_row,2026-08-31T15:55:15+09:00,000,run_20260831_152517_0778,raw/hyslrSttus/00135917_2025_11012.json,cebdedcfd7ac7031ff980e480351964559949ae351701dc6774a4b0cc3c276db,11
한화손해보험,손보,보험자회사,00135917,한화손해보험,2025,11012,반기보고서,IFRS17,"38,000,000",100.00,Y,"보고서 사업연도 >= 2023 이면 IFRS17, 아니면 IFRS4",한화생명(주),본인,-,2025-06-30,종류주식(우선주),"38,000,000",100.00,api,hyslrSttus,"{""bsns_year"": ""2025"", ""corp_code"": ""00135917"", ""reprt_code"": ""11012""}",20250828000988,api_row,2026-08-31T15:55:15+09:00,000,run_20260831_152517_0778,raw/hyslrSttus/00135917_2025_11012.json,cebdedcfd7ac7031ff980e480351964559949ae351701dc6774a4b0cc3c276db,11
한화손해보험,손보,보험자회사,00135917,한화손해보험,2025,11012,반기보고서,IFRS17,"30,000",0.03,Y,"보고서 사업연도 >= 2023 이면 IFRS17, 아니면 IFRS4",나채범,임원,-,2025-06-30,보통주,"30,000",0.03,api,hyslrSttus,"{""bsns_year"": ""2025"", ""corp_code"": ""00135917"", ""reprt_code"": ""11012""}",20250828000988,api_row,2026-08-31T15:55:15+09:00,000,run_20260831_152517_0778,raw/hyslrSttus/00135917_2025_11012.json,cebdedcfd7ac7031ff980e480351964559949ae351701dc6774a4b0cc3c276db,11
한화손해보험,손보,보험자회사,00135917,한화손해보험,2025,11012,반기보고서,IFRS17,"35,472",0.03,Y,"보고서 사업연도 >= 2023 이면 IFRS17, 아니면 IFRS4",서지훈,임원,-,2025-06-30,보통주,"38,472",0.03,api,hyslrSttus,"{""bsns_year"": ""2025"", ""corp_code"": ""00135917"", ""reprt_code"": ""11012""}",20250828000988,api_row,2026-08-31T15:55:15+09:00,000,run_20260831_152517_0778,raw/hyslrSttus/00135917_2025_11012.json,cebdedcfd7ac7031ff980e480351964559949ae351701dc6774a4b0cc3c276db,11
한화손해보험,손보,보험자회사,00135917,한화손해보험,2025,11012,반기보고서,IFRS17,"23,000",0.02,Y,"보고서 사업연도 >= 2023 이면 IFRS17, 아니면 IFRS4",하진안,임원,주2),2025-06-30,보통주,0,0.00,api,hyslrSttus,"{""bsns_year"": ""2025"", ""corp_code"": ""00135917"", ""reprt_code"": ""11012""}",20250828000988,api_row,2026-08-31T15:55:15+09:00,000,run_20260831_152517_0778,raw/hyslrSttus/00135917_2025_11012.json,cebdedcfd7ac7031ff980e480351964559949ae351701dc6774a4b0cc3c276db,11
한화손해보험,손보,보험자회사,00135917,한화손해보험,2025,11012,반기보고서,IFRS17,0,0.00,Y,"보고서 사업연도 >= 2023 이면 IFRS17, 아니면 IFRS4",박성규,임원,주3),2025-06-30,보통주,"100,000",0.09,api,hyslrSttus,"{""bsns_year"": ""2025"", ""corp_code"": ""00135917"", ""reprt_code"": ""11012""}",20250828000988,api_row,2026-08-31T15:55:15+09:00,000,run_20260831_152517_0778,raw/hyslrSttus/00135917_2025_11012.json,cebdedcfd7ac7031ff980e480351964559949ae351701dc6774a4b0cc3c276db,11
한화손해보험,손보,보험자회사,00135917,한화손해보험,2025,11012,반기보고서,IFRS17,"60,045,618",51.44,Y,"보고서 사업연도 >= 2023 이면 IFRS17, 아니면 IFRS4",계,,-,2025-06-30,보통주,"60,125,618",51.50,api,hyslrSttus,"{""bsns_year"": ""2025"", ""corp_code"": ""00135917"", ""reprt_code"": ""11012""}",20250828000988,api_row,2026-08-31T15:55:15+09:00,000,run_20260831_152517_0778,raw/hyslrSttus/00135917_2025_11012.json,cebdedcfd7ac7031ff980e480351964559949ae351701dc6774a4b0cc3c276db,11
한화손해보험,손보,보험자회사,00135917,한화손해보험,2025,11012,반기보고서,IFRS17,"38,000,000",100.00,Y,"보고서 사업연도 >= 2023 이면 IFRS17, 아니면 IFRS4",계,,-,2025-06-30,종류주식(우선주),"38,000,000",100.00,api,hyslrSttus,"{""bsns_year"": ""2025"", ""corp_code"": ""00135917"", ""reprt_code"": ""11012""}",20250828000988,api_row,2026-08-31T15:55:15+09:00,000,run_20260831_152517_0778,raw/hyslrSttus/00135917_2025_11012.json,cebdedcfd7ac7031ff980e480351964559949ae351701dc6774a4b0cc3c276db,11
한화손해보험,손보,보험자회사,00135917,한화손해보험,2025,11012,반기보고서,IFRS17,"98,045,618",63.36,Y,"보고서 사업연도 >= 2023 이면 IFRS17, 아니면 IFRS4",계,,-,2025-06-30,발행주식총수,"98,125,618",63.41,api,hyslrSttus,"{""bsns_year"": ""2025"", ""corp_code"": ""00135917"", ""reprt_code"": ""11012""}",20250828000988,api_row,2026-08-31T15:55:15+09:00,000,run_20260831_152517_0778,raw/hyslrSttus/00135917_2025_11012.json,cebdedcfd7ac7031ff980e480351964559949ae351701dc6774a4b0cc3c276db,11
한화손해보험,손보,보험자회사,00135917,한화손해보험,2026,11012,반기보고서,IFRS17,"59,957,146",51.36,Y,"보고서 사업연도 >= 2023 이면 IFRS17, 아니면 IFRS4",한화생명(주),본인,-,2026-06-30,보통주,"59,957,146",51.36,api,hyslrSttus,"{""bsns_year"": ""2026"", ""corp_code"": ""00135917"", ""reprt_code"": ""11012""}",20260831001182,api_row,2026-08-31T15:55:47+09:00,000,run_20260831_152517_0787,raw/hyslrSttus/00135917_2026_11012.json,a88dcfaf93d3340811991220d2f5f81752eb296fe665ce16849b9cf17160ec7a,11
한화손해보험,손보,보험자회사,00135917,한화손해보험,2026,11012,반기보고서,IFRS17,"38,000,000",100.00,Y,"보고서 사업연도 >= 2023 이면 IFRS17, 아니면 IFRS4",한화생명(주),본인,-,2026-06-30,종류주식(우선주),"38,000,000",100.00,api,hyslrSttus,"{""bsns_year"": ""2026"", ""corp_code"": ""00135917"", ""reprt_code"": ""11012""}",20260831001182,api_row,2026-08-31T15:55:47+09:00,000,run_20260831_152517_0787,raw/hyslrSttus/00135917_2026_11012.json,a88dcfaf93d3340811991220d2f5f81752eb296fe665ce16849b9cf17160ec7a,11
한화손해보험,손보,보험자회사,00135917,한화손해보험,2026,11012,반기보고서,IFRS17,"40,000",0.03,Y,"보고서 사업연도 >= 2023 이면 IFRS17, 아니면 IFRS4",나채범,임원,-,2026-06-30,보통주,"40,000",0.03,api,hyslrSttus,"{""bsns_year"": ""2026"", ""corp_code"": ""00135917"", ""reprt_code"": ""11012""}",20260831001182,api_row,2026-08-31T15:55:47+09:00,000,run_20260831_152517_0787,raw/hyslrSttus/00135917_2026_11012.json,a88dcfaf93d3340811991220d2f5f81752eb296fe665ce16849b9cf17160ec7a,11
한화손해보험,손보,보험자회사,00135917,한화손해보험,2026,11012,반기보고서,IFRS17,"40,472",0.03,Y,"보고서 사업연도 >= 2023 이면 IFRS17, 아니면 IFRS4",서지훈,임원,주2),2026-06-30,보통주,0,0.00,api,hyslrSttus,"{""bsns_year"": ""2026"", ""corp_code"": ""00135917"", ""reprt_code"": ""11012""}",20260831001182,api_row,2026-08-31T15:55:47+09:00,000,run_20260831_152517_0787,raw/hyslrSttus/00135917_2026_11012.json,a88dcfaf93d3340811991220d2f5f81752eb296fe665ce16849b9cf17160ec7a,11
한화손해보험,손보,보험자회사,00135917,한화손해보험,2026,11012,반기보고서,IFRS17,"100,000",0.09,Y,"보고서 사업연도 >= 2023 이면 IFRS17, 아니면 IFRS4",박성규,임원,-,2026-06-30,보통주,"105,599",0.09,api,hyslrSttus,"{""bsns_year"": ""2026"", ""corp_code"": ""00135917"", ""reprt_code"": ""11012""}",20260831001182,api_row,2026-08-31T15:55:47+09:00,000,run_20260831_152517_0787,raw/hyslrSttus/00135917_2026_11012.json,a88dcfaf93d3340811991220d2f5f81752eb296fe665ce16849b9cf17160ec7a,11
한화손해보험,손보,보험자회사,00135917,한화손해보험,2026,11012,반기보고서,IFRS17,"60,137,618",51.55,Y,"보고서 사업연도 >= 2023 이면 IFRS17, 아니면 IFRS4",계,,-,2026-06-30,보통주,"60,102,745",51.48,api,hyslrSttus,"{""bsns_year"": ""2026"", ""corp_code"": ""00135917"", ""reprt_code"": ""11012""}",20260831001182,api_row,2026-08-31T15:55:47+09:00,000,run_20260831_152517_0787,raw/hyslrSttus/00135917_2026_11012.json,a88dcfaf93d3340811991220d2f5f81752eb296fe665ce16849b9cf17160ec7a,11
한화손해보험,손보,보험자회사,00135917,한화손해보험,2026,11012,반기보고서,IFRS17,"38,000,000",100.00,Y,"보고서 사업연도 >= 2023 이면 IFRS17, 아니면 IFRS4",계,,-,2026-06-30,종류주식(우선주),"38,000,000",100.00,api,hyslrSttus,"{""bsns_year"": ""2026"", ""corp_code"": ""00135917"", ""reprt_code"": ""11012""}",20260831001182,api_row,2026-08-31T15:55:47+09:00,000,run_20260831_152517_0787,raw/hyslrSttus/00135917_2026_11012.json,a88dcfaf93d3340811991220d2f5f81752eb296fe665ce16849b9cf17160ec7a,11
한화손해보험,손보,보험자회사,00135917,한화손해보험,2026,11012,반기보고서,IFRS17,"98,137,618",63.42,Y,"보고서 사업연도 >= 2023 이면 IFRS17, 아니면 IFRS4",계,,-,2026-06-30,발행주식총수,"98,102,745",63.40,api,hyslrSttus,"{""bsns_year"": ""2026"", ""corp_code"": ""00135917"", ""reprt_code"": ""11012""}",20260831001182,api_row,2026-08-31T15:55:47+09:00,000,run_20260831_152517_0787,raw/hyslrSttus/00135917_2026_11012.json,a88dcfaf93d3340811991220d2f5f81752eb296fe665ce16849b9cf17160ec7a,11
