corp_label,entity_type,group,corp_code,corp_name,bsns_year,reprt_code,reprt_nm,accounting_std_inferred,corp_cls,inference_rule,isu_dcrs_de,isu_dcrs_mstvdv_amount,isu_dcrs_mstvdv_fval_amount,isu_dcrs_qy,isu_dcrs_stle,isu_dcrs_stock_knd,stlm_dt,value_source,source_endpoint,source_params,rcept_no,rcept_no_source,fetched_at,status,call_id,raw_path,raw_sha256,data_age_days
ABL생명보험,생보,보험자회사,00148391,에이비엘생명보험,2022,11011,사업보고서,IFRS4,E,"보고서 사업연도 >= 2023 이면 IFRS17, 아니면 IFRS4",-,-,-,-,-,-,2022-12-31,api,irdsSttus,"{""bsns_year"": ""2022"", ""corp_code"": ""00148391"", ""reprt_code"": ""11011""}",20230814002562,api_row,2026-08-31T16:06:47+09:00,000,run_20260831_152517_1116,raw/irdsSttus/00148391_2022_11011.json,f433361115b56515e9ad15e4306b07b6f98881a3ecb01f74c01f7f08af653403,16
ABL생명보험,생보,보험자회사,00148391,에이비엘생명보험,2022,11011,사업보고서,IFRS4,E,"보고서 사업연도 >= 2023 이면 IFRS17, 아니면 IFRS4",-,-,-,-,-,-,2022-12-31,api,irdsSttus,"{""bsns_year"": ""2022"", ""corp_code"": ""00148391"", ""reprt_code"": ""11011""}",20230814002562,api_row,2026-08-31T16:06:47+09:00,000,run_20260831_152517_1116,raw/irdsSttus/00148391_2022_11011.json,f433361115b56515e9ad15e4306b07b6f98881a3ecb01f74c01f7f08af653403,16
ABL생명보험,생보,보험자회사,00148391,에이비엘생명보험,2023,11011,사업보고서,IFRS17,E,"보고서 사업연도 >= 2023 이면 IFRS17, 아니면 IFRS4",-,-,-,-,-,-,2023-12-31,api,irdsSttus,"{""bsns_year"": ""2023"", ""corp_code"": ""00148391"", ""reprt_code"": ""11011""}",20240430000559,api_row,2026-08-31T16:06:57+09:00,000,run_20260831_152517_1125,raw/irdsSttus/00148391_2023_11011.json,fd826ead101e56e3f4762fe21e7071403761f5ea733caa32b5e66e29acd0e6c0,16
ABL생명보험,생보,보험자회사,00148391,에이비엘생명보험,2023,11011,사업보고서,IFRS17,E,"보고서 사업연도 >= 2023 이면 IFRS17, 아니면 IFRS4",-,-,-,-,-,-,2023-12-31,api,irdsSttus,"{""bsns_year"": ""2023"", ""corp_code"": ""00148391"", ""reprt_code"": ""11011""}",20240430000559,api_row,2026-08-31T16:06:57+09:00,000,run_20260831_152517_1125,raw/irdsSttus/00148391_2023_11011.json,fd826ead101e56e3f4762fe21e7071403761f5ea733caa32b5e66e29acd0e6c0,16
ABL생명보험,생보,보험자회사,00148391,에이비엘생명보험,2024,11011,사업보고서,IFRS17,E,"보고서 사업연도 >= 2023 이면 IFRS17, 아니면 IFRS4",-,-,-,-,-,-,2024-12-31,api,irdsSttus,"{""bsns_year"": ""2024"", ""corp_code"": ""00148391"", ""reprt_code"": ""11011""}",20250514001000,api_row,2026-08-31T16:07:25+09:00,000,run_20260831_152517_1134,raw/irdsSttus/00148391_2024_11011.json,6a441f7a6862b8e168b16054db56e67392ac3c63022049794b944797ae1ad054,16
ABL생명보험,생보,보험자회사,00148391,에이비엘생명보험,2024,11011,사업보고서,IFRS17,E,"보고서 사업연도 >= 2023 이면 IFRS17, 아니면 IFRS4",-,-,-,-,-,-,2024-12-31,api,irdsSttus,"{""bsns_year"": ""2024"", ""corp_code"": ""00148391"", ""reprt_code"": ""11011""}",20250514001000,api_row,2026-08-31T16:07:25+09:00,000,run_20260831_152517_1134,raw/irdsSttus/00148391_2024_11011.json,6a441f7a6862b8e168b16054db56e67392ac3c63022049794b944797ae1ad054,16
ABL생명보험,생보,보험자회사,00148391,에이비엘생명보험,2025,11011,사업보고서,IFRS17,E,"보고서 사업연도 >= 2023 이면 IFRS17, 아니면 IFRS4",-,-,-,-,-,-,2025-12-31,api,irdsSttus,"{""bsns_year"": ""2025"", ""corp_code"": ""00148391"", ""reprt_code"": ""11011""}",20260331003080,api_row,2026-08-31T16:07:41+09:00,000,run_20260831_152517_1142,raw/irdsSttus/00148391_2025_11011.json,ae511f355fbe0f32736d40b80d01182cd544e16255a1ea26742d904c64203043,16
ABL생명보험,생보,보험자회사,00148391,에이비엘생명보험,2025,11011,사업보고서,IFRS17,E,"보고서 사업연도 >= 2023 이면 IFRS17, 아니면 IFRS4",-,-,-,-,-,-,2025-12-31,api,irdsSttus,"{""bsns_year"": ""2025"", ""corp_code"": ""00148391"", ""reprt_code"": ""11011""}",20260331003080,api_row,2026-08-31T16:07:41+09:00,000,run_20260831_152517_1142,raw/irdsSttus/00148391_2025_11011.json,ae511f355fbe0f32736d40b80d01182cd544e16255a1ea26742d904c64203043,16
ABL생명보험,생보,보험자회사,00148391,에이비엘생명보험,2025,11012,반기보고서,IFRS17,E,"보고서 사업연도 >= 2023 이면 IFRS17, 아니면 IFRS4",-,-,-,-,-,-,2025-06-30,api,irdsSttus,"{""bsns_year"": ""2025"", ""corp_code"": ""00148391"", ""reprt_code"": ""11012""}",20250829002137,api_row,2026-08-31T16:08:05+09:00,000,run_20260831_152517_1151,raw/irdsSttus/00148391_2025_11012.json,2fb71e071a611881dc62e04ed8b8159e7e7a3757883233bfec27da6d0b3a3283,16
ABL생명보험,생보,보험자회사,00148391,에이비엘생명보험,2025,11012,반기보고서,IFRS17,E,"보고서 사업연도 >= 2023 이면 IFRS17, 아니면 IFRS4",-,-,-,-,-,-,2025-06-30,api,irdsSttus,"{""bsns_year"": ""2025"", ""corp_code"": ""00148391"", ""reprt_code"": ""11012""}",20250829002137,api_row,2026-08-31T16:08:05+09:00,000,run_20260831_152517_1151,raw/irdsSttus/00148391_2025_11012.json,2fb71e071a611881dc62e04ed8b8159e7e7a3757883233bfec27da6d0b3a3283,16
ABL생명보험,생보,보험자회사,00148391,에이비엘생명보험,2026,11012,반기보고서,IFRS17,E,"보고서 사업연도 >= 2023 이면 IFRS17, 아니면 IFRS4",-,-,-,-,-,-,2026-06-30,api,irdsSttus,"{""bsns_year"": ""2026"", ""corp_code"": ""00148391"", ""reprt_code"": ""11012""}",20260831000754,api_row,2026-08-31T16:08:29+09:00,000,run_20260831_152517_1160,raw/irdsSttus/00148391_2026_11012.json,8248e79226abf6cd4db05db9e77d3aa2dcbd21275f19e1800ef0225d2a832ee2,16
ABL생명보험,생보,보험자회사,00148391,에이비엘생명보험,2026,11012,반기보고서,IFRS17,E,"보고서 사업연도 >= 2023 이면 IFRS17, 아니면 IFRS4",-,-,-,-,-,-,2026-06-30,api,irdsSttus,"{""bsns_year"": ""2026"", ""corp_code"": ""00148391"", ""reprt_code"": ""11012""}",20260831000754,api_row,2026-08-31T16:08:29+09:00,000,run_20260831_152517_1160,raw/irdsSttus/00148391_2026_11012.json,8248e79226abf6cd4db05db9e77d3aa2dcbd21275f19e1800ef0225d2a832ee2,16
DB생명보험,생보,대조군,00168933,DB생명보험,2021,11011,사업보고서,IFRS4,E,"보고서 사업연도 >= 2023 이면 IFRS17, 아니면 IFRS4",2020.12.18,"12,500","5,000","12,000,481",유상증자(일반공모),보통주,2021-12-31,api,irdsSttus,"{""bsns_year"": ""2021"", ""corp_code"": ""00168933"", ""reprt_code"": ""11011""}",20220331000879,api_row,2026-09-14T10:05:09+09:00,000,run_20260914_095520_0298,raw/irdsSttus/00168933_2021_11011.json,2f555f5ed1e81dfbb068d7323aa2c8fe479c9438563d053936d242276c58787c,2
DB생명보험,생보,대조군,00168933,DB생명보험,2021,11011,사업보고서,IFRS4,E,"보고서 사업연도 >= 2023 이면 IFRS17, 아니면 IFRS4",2020.12.18,"12,500","5,000","9,597,200",전환권행사,보통주,2021-12-31,api,irdsSttus,"{""bsns_year"": ""2021"", ""corp_code"": ""00168933"", ""reprt_code"": ""11011""}",20220331000879,api_row,2026-09-14T10:05:09+09:00,000,run_20260914_095520_0298,raw/irdsSttus/00168933_2021_11011.json,2f555f5ed1e81dfbb068d7323aa2c8fe479c9438563d053936d242276c58787c,2
DB생명보험,생보,대조군,00168933,DB생명보험,2021,11011,사업보고서,IFRS4,E,"보고서 사업연도 >= 2023 이면 IFRS17, 아니면 IFRS4",2020.12.18,"12,500","5,000","9,597,200",전환권행사,전환우선주,2021-12-31,api,irdsSttus,"{""bsns_year"": ""2021"", ""corp_code"": ""00168933"", ""reprt_code"": ""11011""}",20220331000879,api_row,2026-09-14T10:05:09+09:00,000,run_20260914_095520_0298,raw/irdsSttus/00168933_2021_11011.json,2f555f5ed1e81dfbb068d7323aa2c8fe479c9438563d053936d242276c58787c,2
DB생명보험,생보,대조군,00168933,DB생명보험,2022,11011,사업보고서,IFRS4,E,"보고서 사업연도 >= 2023 이면 IFRS17, 아니면 IFRS4",2020.12.18,"12,500","5,000","12,000,481",유상증자(일반공모),보통주,2022-12-31,api,irdsSttus,"{""bsns_year"": ""2022"", ""corp_code"": ""00168933"", ""reprt_code"": ""11011""}",20230331002038,api_row,2026-09-14T10:05:19+09:00,000,run_20260914_095520_0305,raw/irdsSttus/00168933_2022_11011.json,d7fe74503eedfc24c257fc3b766fd1084b6ec5bfdb0935f0a1b32e06dcf8d756,2
DB생명보험,생보,대조군,00168933,DB생명보험,2022,11011,사업보고서,IFRS4,E,"보고서 사업연도 >= 2023 이면 IFRS17, 아니면 IFRS4",2020.12.18,"12,500","5,000","9,597,200",전환권행사,보통주,2022-12-31,api,irdsSttus,"{""bsns_year"": ""2022"", ""corp_code"": ""00168933"", ""reprt_code"": ""11011""}",20230331002038,api_row,2026-09-14T10:05:19+09:00,000,run_20260914_095520_0305,raw/irdsSttus/00168933_2022_11011.json,d7fe74503eedfc24c257fc3b766fd1084b6ec5bfdb0935f0a1b32e06dcf8d756,2
DB생명보험,생보,대조군,00168933,DB생명보험,2022,11011,사업보고서,IFRS4,E,"보고서 사업연도 >= 2023 이면 IFRS17, 아니면 IFRS4",2020.12.18,"12,500","5,000","9,597,200",전환권행사,전환우선주,2022-12-31,api,irdsSttus,"{""bsns_year"": ""2022"", ""corp_code"": ""00168933"", ""reprt_code"": ""11011""}",20230331002038,api_row,2026-09-14T10:05:19+09:00,000,run_20260914_095520_0305,raw/irdsSttus/00168933_2022_11011.json,d7fe74503eedfc24c257fc3b766fd1084b6ec5bfdb0935f0a1b32e06dcf8d756,2
DB생명보험,생보,대조군,00168933,DB생명보험,2023,11011,사업보고서,IFRS17,E,"보고서 사업연도 >= 2023 이면 IFRS17, 아니면 IFRS4",2020.12.18,"12,500","5,000","12,000,481",유상증자(일반공모),보통주,2023-12-31,api,irdsSttus,"{""bsns_year"": ""2023"", ""corp_code"": ""00168933"", ""reprt_code"": ""11011""}",20240430000694,api_row,2026-09-14T10:05:30+09:00,000,run_20260914_095520_0312,raw/irdsSttus/00168933_2023_11011.json,e587b051cc9f86134f5aafe158d2d3c30cd602da8fcffbd2cfb832fad3e443d6,2
DB생명보험,생보,대조군,00168933,DB생명보험,2023,11011,사업보고서,IFRS17,E,"보고서 사업연도 >= 2023 이면 IFRS17, 아니면 IFRS4",2020.12.18,"12,500","5,000","9,597,200",전환권행사,보통주,2023-12-31,api,irdsSttus,"{""bsns_year"": ""2023"", ""corp_code"": ""00168933"", ""reprt_code"": ""11011""}",20240430000694,api_row,2026-09-14T10:05:30+09:00,000,run_20260914_095520_0312,raw/irdsSttus/00168933_2023_11011.json,e587b051cc9f86134f5aafe158d2d3c30cd602da8fcffbd2cfb832fad3e443d6,2
DB생명보험,생보,대조군,00168933,DB생명보험,2023,11011,사업보고서,IFRS17,E,"보고서 사업연도 >= 2023 이면 IFRS17, 아니면 IFRS4",2020.12.18,"12,500","5,000","9,597,200",전환권행사,전환우선주,2023-12-31,api,irdsSttus,"{""bsns_year"": ""2023"", ""corp_code"": ""00168933"", ""reprt_code"": ""11011""}",20240430000694,api_row,2026-09-14T10:05:30+09:00,000,run_20260914_095520_0312,raw/irdsSttus/00168933_2023_11011.json,e587b051cc9f86134f5aafe158d2d3c30cd602da8fcffbd2cfb832fad3e443d6,2
DB생명보험,생보,대조군,00168933,DB생명보험,2024,11011,사업보고서,IFRS17,E,"보고서 사업연도 >= 2023 이면 IFRS17, 아니면 IFRS4",2020.12.18,"12,500","5,000","12,000,481",유상증자(일반공모),보통주,2024-12-31,api,irdsSttus,"{""bsns_year"": ""2024"", ""corp_code"": ""00168933"", ""reprt_code"": ""11011""}",20250328002241,api_row,2026-09-14T10:05:43+09:00,000,run_20260914_095520_0319,raw/irdsSttus/00168933_2024_11011.json,2e1ce1905c1ff51c4100e279f339c462b005ebdebb178d899ea1f1256a5f6796,2
DB생명보험,생보,대조군,00168933,DB생명보험,2024,11011,사업보고서,IFRS17,E,"보고서 사업연도 >= 2023 이면 IFRS17, 아니면 IFRS4",2020.12.18,"12,500","5,000","9,597,200",전환권행사,보통주,2024-12-31,api,irdsSttus,"{""bsns_year"": ""2024"", ""corp_code"": ""00168933"", ""reprt_code"": ""11011""}",20250328002241,api_row,2026-09-14T10:05:43+09:00,000,run_20260914_095520_0319,raw/irdsSttus/00168933_2024_11011.json,2e1ce1905c1ff51c4100e279f339c462b005ebdebb178d899ea1f1256a5f6796,2
DB생명보험,생보,대조군,00168933,DB생명보험,2024,11011,사업보고서,IFRS17,E,"보고서 사업연도 >= 2023 이면 IFRS17, 아니면 IFRS4",2020.12.18,"12,500","5,000","9,597,200",전환권행사,전환우선주,2024-12-31,api,irdsSttus,"{""bsns_year"": ""2024"", ""corp_code"": ""00168933"", ""reprt_code"": ""11011""}",20250328002241,api_row,2026-09-14T10:05:43+09:00,000,run_20260914_095520_0319,raw/irdsSttus/00168933_2024_11011.json,2e1ce1905c1ff51c4100e279f339c462b005ebdebb178d899ea1f1256a5f6796,2
DB생명보험,생보,대조군,00168933,DB생명보험,2025,11011,사업보고서,IFRS17,E,"보고서 사업연도 >= 2023 이면 IFRS17, 아니면 IFRS4",-,-,-,-,-,-,2025-12-31,api,irdsSttus,"{""bsns_year"": ""2025"", ""corp_code"": ""00168933"", ""reprt_code"": ""11011""}",20260327000191,api_row,2026-09-14T10:05:53+09:00,000,run_20260914_095520_0326,raw/irdsSttus/00168933_2025_11011.json,4328214c6ed83107609fed2e3655580e56670246cbf2bb663c2ef5d4e898e430,2
DB생명보험,생보,대조군,00168933,DB생명보험,2025,11012,반기보고서,IFRS17,E,"보고서 사업연도 >= 2023 이면 IFRS17, 아니면 IFRS4",-,-,-,-,-,-,2025-06-30,api,irdsSttus,"{""bsns_year"": ""2025"", ""corp_code"": ""00168933"", ""reprt_code"": ""11012""}",20250829000496,api_row,2026-09-14T10:06:04+09:00,000,run_20260914_095520_0333,raw/irdsSttus/00168933_2025_11012.json,863e8587a253a328540a09b709c1ef35703385cd3b34e819aa0fc31802aa79fb,2
DB생명보험,생보,대조군,00168933,DB생명보험,2026,11012,반기보고서,IFRS17,E,"보고서 사업연도 >= 2023 이면 IFRS17, 아니면 IFRS4",-,-,-,-,-,-,2026-06-30,api,irdsSttus,"{""bsns_year"": ""2026"", ""corp_code"": ""00168933"", ""reprt_code"": ""11012""}",20260814001853,api_row,2026-09-14T10:06:13+09:00,000,run_20260914_095520_0340,raw/irdsSttus/00168933_2026_11012.json,d1bdbeaf1b68bfb37379e5be23658b29196e4b672d249664de6862e357f2d48f,2
DB손해보험,손보,대조군,00159102,DB손해보험,2021,11011,사업보고서,IFRS4,Y,"보고서 사업연도 >= 2023 이면 IFRS17, 아니면 IFRS4",-,-,-,-,-,-,2021-12-31,api,irdsSttus,"{""bsns_year"": ""2021"", ""corp_code"": ""00159102"", ""reprt_code"": ""11011""}",20220317000925,api_row,2026-09-14T10:02:38+09:00,000,run_20260914_095520_0200,raw/irdsSttus/00159102_2021_11011.json,219369389f4b1073032ec4131c77b8b2d682b93d749f4a520a41dca117fc0cd5,2
DB손해보험,손보,대조군,00159102,DB손해보험,2022,11011,사업보고서,IFRS4,Y,"보고서 사업연도 >= 2023 이면 IFRS17, 아니면 IFRS4",-,-,-,-,-,-,2022-12-31,api,irdsSttus,"{""bsns_year"": ""2022"", ""corp_code"": ""00159102"", ""reprt_code"": ""11011""}",20230831001199,api_row,2026-09-14T10:02:49+09:00,000,run_20260914_095520_0207,raw/irdsSttus/00159102_2022_11011.json,822efec5c437ba7f0feb794f77e1d0a7ed1ded0e2bc477b4755a2bb454078411,2
DB손해보험,손보,대조군,00159102,DB손해보험,2023,11011,사업보고서,IFRS17,Y,"보고서 사업연도 >= 2023 이면 IFRS17, 아니면 IFRS4",-,-,-,-,-,-,2023-12-31,api,irdsSttus,"{""bsns_year"": ""2023"", ""corp_code"": ""00159102"", ""reprt_code"": ""11011""}",20240430000990,api_row,2026-09-14T10:03:00+09:00,000,run_20260914_095520_0214,raw/irdsSttus/00159102_2023_11011.json,9b694827e3f381979da7e22f72f53d80767e61b5b2216d4054de8656f2122ee2,2
DB손해보험,손보,대조군,00159102,DB손해보험,2024,11011,사업보고서,IFRS17,Y,"보고서 사업연도 >= 2023 이면 IFRS17, 아니면 IFRS4",-,-,-,-,-,-,2024-12-31,api,irdsSttus,"{""bsns_year"": ""2024"", ""corp_code"": ""00159102"", ""reprt_code"": ""11011""}",20250814003767,api_row,2026-09-14T10:03:14+09:00,000,run_20260914_095520_0221,raw/irdsSttus/00159102_2024_11011.json,553a560f78690365fc0690416ada49fc23381571c5f71df4ec33d2d9c961ae82,2
DB손해보험,손보,대조군,00159102,DB손해보험,2025,11011,사업보고서,IFRS17,Y,"보고서 사업연도 >= 2023 이면 IFRS17, 아니면 IFRS4",-,-,-,-,-,-,2025-12-31,api,irdsSttus,"{""bsns_year"": ""2025"", ""corp_code"": ""00159102"", ""reprt_code"": ""11011""}",20260331003904,api_row,2026-09-14T10:03:25+09:00,000,run_20260914_095520_0228,raw/irdsSttus/00159102_2025_11011.json,083471842adfae6d92169eab91bd57f5e433da34853e491ef813d0ad188fb65b,2
DB손해보험,손보,대조군,00159102,DB손해보험,2025,11012,반기보고서,IFRS17,Y,"보고서 사업연도 >= 2023 이면 IFRS17, 아니면 IFRS4",-,-,-,-,-,-,2025-06-30,api,irdsSttus,"{""bsns_year"": ""2025"", ""corp_code"": ""00159102"", ""reprt_code"": ""11012""}",20250814004289,api_row,2026-09-14T10:03:37+09:00,000,run_20260914_095520_0235,raw/irdsSttus/00159102_2025_11012.json,282da3c3650932b22cd264a4b91e52d3fe4c5161a7a76fddf99a9cddece96f95,2
DB손해보험,손보,대조군,00159102,DB손해보험,2026,11012,반기보고서,IFRS17,Y,"보고서 사업연도 >= 2023 이면 IFRS17, 아니면 IFRS4",-,-,-,-,-,-,2026-06-30,api,irdsSttus,"{""bsns_year"": ""2026"", ""corp_code"": ""00159102"", ""reprt_code"": ""11012""}",20260814003682,api_row,2026-09-14T10:03:49+09:00,000,run_20260914_095520_0242,raw/irdsSttus/00159102_2026_11012.json,2396f4009fcde2f7f2ec24974221c8a26b13be45e3cb2727baf4eaccde968feb,2
KB금융,지주,지주,00688996,KB금융,2015,11011,사업보고서,IFRS4,Y,"보고서 사업연도 >= 2023 이면 IFRS17, 아니면 IFRS4",2008.09.29,"48,444","5,000","356,351,693",유상증자(일반공모),보통주,2015-12-31,api,irdsSttus,"{""bsns_year"": ""2015"", ""corp_code"": ""00688996"", ""reprt_code"": ""11011""}",20160330004428,api_row,2026-08-31T15:05:37+09:00,000,run_20260831_150050_0039,raw/irdsSttus/00688996_2015_11011.json,ac8beb8ca0519cb58e2d46f487c3d8d18f8dc94fcafa97c19c5f77ad6eaa176e,16
KB금융,지주,지주,00688996,KB금융,2015,11011,사업보고서,IFRS4,Y,"보고서 사업연도 >= 2023 이면 IFRS17, 아니면 IFRS4",2009.09.02,"37,250","5,000","30,000,000",유상증자(주주배정),보통주,2015-12-31,api,irdsSttus,"{""bsns_year"": ""2015"", ""corp_code"": ""00688996"", ""reprt_code"": ""11011""}",20160330004428,api_row,2026-08-31T15:05:37+09:00,000,run_20260831_150050_0039,raw/irdsSttus/00688996_2015_11011.json,ac8beb8ca0519cb58e2d46f487c3d8d18f8dc94fcafa97c19c5f77ad6eaa176e,16
KB금융,지주,지주,00688996,KB금융,2016,11011,사업보고서,IFRS4,Y,"보고서 사업연도 >= 2023 이면 IFRS17, 아니면 IFRS4",2008.09.29,"48,444","5,000","356,351,693",유상증자(일반공모),보통주,2016-12-31,api,irdsSttus,"{""bsns_year"": ""2016"", ""corp_code"": ""00688996"", ""reprt_code"": ""11011""}",20170331004054,api_row,2026-08-31T15:05:38+09:00,000,run_20260831_150050_0040,raw/irdsSttus/00688996_2016_11011.json,f561898ef5b883502612d74a044bcbd8034770d3e24e79ae7da2dfec8aa0c129,16
KB금융,지주,지주,00688996,KB금융,2016,11011,사업보고서,IFRS4,Y,"보고서 사업연도 >= 2023 이면 IFRS17, 아니면 IFRS4",2009.09.02,"37,250","5,000","30,000,000",유상증자(주주배정),보통주,2016-12-31,api,irdsSttus,"{""bsns_year"": ""2016"", ""corp_code"": ""00688996"", ""reprt_code"": ""11011""}",20170331004054,api_row,2026-08-31T15:05:38+09:00,000,run_20260831_150050_0040,raw/irdsSttus/00688996_2016_11011.json,f561898ef5b883502612d74a044bcbd8034770d3e24e79ae7da2dfec8aa0c129,16
KB금융,지주,지주,00688996,KB금융,2016,11011,사업보고서,IFRS4,Y,"보고서 사업연도 >= 2023 이면 IFRS17, 아니면 IFRS4",2016.10.19,"35,474","5,000","31,759,844",-,보통주,2016-12-31,api,irdsSttus,"{""bsns_year"": ""2016"", ""corp_code"": ""00688996"", ""reprt_code"": ""11011""}",20170331004054,api_row,2026-08-31T15:05:38+09:00,000,run_20260831_150050_0040,raw/irdsSttus/00688996_2016_11011.json,f561898ef5b883502612d74a044bcbd8034770d3e24e79ae7da2dfec8aa0c129,16
KB금융,지주,지주,00688996,KB금융,2017,11011,사업보고서,IFRS4,Y,"보고서 사업연도 >= 2023 이면 IFRS17, 아니면 IFRS4",2008.09.29,"48,444","5,000","356,351,693",유상증자(일반공모),보통주,2017-12-31,api,irdsSttus,"{""bsns_year"": ""2017"", ""corp_code"": ""00688996"", ""reprt_code"": ""11011""}",20210427000354,api_row,2026-08-31T15:05:39+09:00,000,run_20260831_150050_0041,raw/irdsSttus/00688996_2017_11011.json,7877c65a779fd8b266995d50ef8e852b9377fbda4c671768f14576b9879d9384,16
KB금융,지주,지주,00688996,KB금융,2017,11011,사업보고서,IFRS4,Y,"보고서 사업연도 >= 2023 이면 IFRS17, 아니면 IFRS4",2009.09.02,"37,250","5,000","30,000,000",유상증자(주주배정),보통주,2017-12-31,api,irdsSttus,"{""bsns_year"": ""2017"", ""corp_code"": ""00688996"", ""reprt_code"": ""11011""}",20210427000354,api_row,2026-08-31T15:05:39+09:00,000,run_20260831_150050_0041,raw/irdsSttus/00688996_2017_11011.json,7877c65a779fd8b266995d50ef8e852b9377fbda4c671768f14576b9879d9384,16
KB금융,지주,지주,00688996,KB금융,2017,11011,사업보고서,IFRS4,Y,"보고서 사업연도 >= 2023 이면 IFRS17, 아니면 IFRS4",2016.10.19,"35,474","5,000","31,759,844",-,보통주,2017-12-31,api,irdsSttus,"{""bsns_year"": ""2017"", ""corp_code"": ""00688996"", ""reprt_code"": ""11011""}",20210427000354,api_row,2026-08-31T15:05:39+09:00,000,run_20260831_150050_0041,raw/irdsSttus/00688996_2017_11011.json,7877c65a779fd8b266995d50ef8e852b9377fbda4c671768f14576b9879d9384,16
KB금융,지주,지주,00688996,KB금융,2018,11011,사업보고서,IFRS4,Y,"보고서 사업연도 >= 2023 이면 IFRS17, 아니면 IFRS4",2008.09.29,"48,444","5,000","356,351,693",유상증자(일반공모),보통주,2018-12-31,api,irdsSttus,"{""bsns_year"": ""2018"", ""corp_code"": ""00688996"", ""reprt_code"": ""11011""}",20210427000426,api_row,2026-08-31T15:05:40+09:00,000,run_20260831_150050_0042,raw/irdsSttus/00688996_2018_11011.json,9a6e6286880e84823f16fb547b918b8e600d49fc83581105c3a1029a535d0cb0,16
KB금융,지주,지주,00688996,KB금융,2018,11011,사업보고서,IFRS4,Y,"보고서 사업연도 >= 2023 이면 IFRS17, 아니면 IFRS4",2009.09.02,"37,250","5,000","30,000,000",유상증자(주주배정),보통주,2018-12-31,api,irdsSttus,"{""bsns_year"": ""2018"", ""corp_code"": ""00688996"", ""reprt_code"": ""11011""}",20210427000426,api_row,2026-08-31T15:05:40+09:00,000,run_20260831_150050_0042,raw/irdsSttus/00688996_2018_11011.json,9a6e6286880e84823f16fb547b918b8e600d49fc83581105c3a1029a535d0cb0,16
KB금융,지주,지주,00688996,KB금융,2018,11011,사업보고서,IFRS4,Y,"보고서 사업연도 >= 2023 이면 IFRS17, 아니면 IFRS4",2016.10.19,"35,474","5,000","31,759,844",-,보통주,2018-12-31,api,irdsSttus,"{""bsns_year"": ""2018"", ""corp_code"": ""00688996"", ""reprt_code"": ""11011""}",20210427000426,api_row,2026-08-31T15:05:40+09:00,000,run_20260831_150050_0042,raw/irdsSttus/00688996_2018_11011.json,9a6e6286880e84823f16fb547b918b8e600d49fc83581105c3a1029a535d0cb0,16
KB금융,지주,지주,00688996,KB금융,2019,11011,사업보고서,IFRS4,Y,"보고서 사업연도 >= 2023 이면 IFRS17, 아니면 IFRS4",2008.09.29,"48,444","5,000","356,351,693",유상증자(일반공모),보통주,2019-12-31,api,irdsSttus,"{""bsns_year"": ""2019"", ""corp_code"": ""00688996"", ""reprt_code"": ""11011""}",20210427000468,api_row,2026-08-31T15:36:06+09:00,000,run_20260831_152517_0278,raw/irdsSttus/00688996_2019_11011.json,3b94cdcc80aa10184ab005d898cb1741958fcfeebdcc7d76e422d675df1498c6,16
KB금융,지주,지주,00688996,KB금융,2019,11011,사업보고서,IFRS4,Y,"보고서 사업연도 >= 2023 이면 IFRS17, 아니면 IFRS4",2009.09.02,"37,250","5,000","30,000,000",유상증자(주주배정),보통주,2019-12-31,api,irdsSttus,"{""bsns_year"": ""2019"", ""corp_code"": ""00688996"", ""reprt_code"": ""11011""}",20210427000468,api_row,2026-08-31T15:36:06+09:00,000,run_20260831_152517_0278,raw/irdsSttus/00688996_2019_11011.json,3b94cdcc80aa10184ab005d898cb1741958fcfeebdcc7d76e422d675df1498c6,16
KB금융,지주,지주,00688996,KB금융,2019,11011,사업보고서,IFRS4,Y,"보고서 사업연도 >= 2023 이면 IFRS17, 아니면 IFRS4",2016.10.19,"35,474","5,000","31,759,844",유상증자(제3자배정),보통주,2019-12-31,api,irdsSttus,"{""bsns_year"": ""2019"", ""corp_code"": ""00688996"", ""reprt_code"": ""11011""}",20210427000468,api_row,2026-08-31T15:36:06+09:00,000,run_20260831_152517_0278,raw/irdsSttus/00688996_2019_11011.json,3b94cdcc80aa10184ab005d898cb1741958fcfeebdcc7d76e422d675df1498c6,16
KB금융,지주,지주,00688996,KB금융,2019,11011,사업보고서,IFRS4,Y,"보고서 사업연도 >= 2023 이면 IFRS17, 아니면 IFRS4",2019.12.12,-,"5,000","2,303,617",-,보통주,2019-12-31,api,irdsSttus,"{""bsns_year"": ""2019"", ""corp_code"": ""00688996"", ""reprt_code"": ""11011""}",20210427000468,api_row,2026-08-31T15:36:06+09:00,000,run_20260831_152517_0278,raw/irdsSttus/00688996_2019_11011.json,3b94cdcc80aa10184ab005d898cb1741958fcfeebdcc7d76e422d675df1498c6,16
KB금융,지주,지주,00688996,KB금융,2020,11011,사업보고서,IFRS4,Y,"보고서 사업연도 >= 2023 이면 IFRS17, 아니면 IFRS4",2008.09.29,"48,444","5,000","356,351,693",유상증자(일반공모),보통주,2020-12-31,api,irdsSttus,"{""bsns_year"": ""2020"", ""corp_code"": ""00688996"", ""reprt_code"": ""11011""}",20210427000533,api_row,2026-08-31T15:36:17+09:00,000,run_20260831_152517_0287,raw/irdsSttus/00688996_2020_11011.json,28e4b2855de9e9ff2ed1201c75470a2f8d8f851fd706ae834021742b2b14bfcc,16
KB금융,지주,지주,00688996,KB금융,2020,11011,사업보고서,IFRS4,Y,"보고서 사업연도 >= 2023 이면 IFRS17, 아니면 IFRS4",2009.09.02,"37,250","5,000","30,000,000",유상증자(주주배정),보통주,2020-12-31,api,irdsSttus,"{""bsns_year"": ""2020"", ""corp_code"": ""00688996"", ""reprt_code"": ""11011""}",20210427000533,api_row,2026-08-31T15:36:17+09:00,000,run_20260831_152517_0287,raw/irdsSttus/00688996_2020_11011.json,28e4b2855de9e9ff2ed1201c75470a2f8d8f851fd706ae834021742b2b14bfcc,16
KB금융,지주,지주,00688996,KB금융,2020,11011,사업보고서,IFRS4,Y,"보고서 사업연도 >= 2023 이면 IFRS17, 아니면 IFRS4",2016.10.19,"35,474","5,000","31,759,844",유상증자(제3자배정),보통주,2020-12-31,api,irdsSttus,"{""bsns_year"": ""2020"", ""corp_code"": ""00688996"", ""reprt_code"": ""11011""}",20210427000533,api_row,2026-08-31T15:36:17+09:00,000,run_20260831_152517_0287,raw/irdsSttus/00688996_2020_11011.json,28e4b2855de9e9ff2ed1201c75470a2f8d8f851fd706ae834021742b2b14bfcc,16
KB금융,지주,지주,00688996,KB금융,2020,11011,사업보고서,IFRS4,Y,"보고서 사업연도 >= 2023 이면 IFRS17, 아니면 IFRS4",2019.12.12,-,"5,000","2,303,617",-,보통주,2020-12-31,api,irdsSttus,"{""bsns_year"": ""2020"", ""corp_code"": ""00688996"", ""reprt_code"": ""11011""}",20210427000533,api_row,2026-08-31T15:36:17+09:00,000,run_20260831_152517_0287,raw/irdsSttus/00688996_2020_11011.json,28e4b2855de9e9ff2ed1201c75470a2f8d8f851fd706ae834021742b2b14bfcc,16
KB금융,지주,지주,00688996,KB금융,2021,11011,사업보고서,IFRS4,Y,"보고서 사업연도 >= 2023 이면 IFRS17, 아니면 IFRS4",2008.09.29,"48,444","5,000","356,351,693",유상증자(일반공모),보통주,2021-12-31,api,irdsSttus,"{""bsns_year"": ""2021"", ""corp_code"": ""00688996"", ""reprt_code"": ""11011""}",20220325001281,api_row,2026-08-31T15:36:28+09:00,000,run_20260831_152517_0296,raw/irdsSttus/00688996_2021_11011.json,711502d73bffd10938d17f42c2df92531766ae33f14c4fc3b03895bfa17fd929,16
KB금융,지주,지주,00688996,KB금융,2021,11011,사업보고서,IFRS4,Y,"보고서 사업연도 >= 2023 이면 IFRS17, 아니면 IFRS4",2009.09.02,"37,250","5,000","30,000,000",유상증자(주주배정),보통주,2021-12-31,api,irdsSttus,"{""bsns_year"": ""2021"", ""corp_code"": ""00688996"", ""reprt_code"": ""11011""}",20220325001281,api_row,2026-08-31T15:36:28+09:00,000,run_20260831_152517_0296,raw/irdsSttus/00688996_2021_11011.json,711502d73bffd10938d17f42c2df92531766ae33f14c4fc3b03895bfa17fd929,16
KB금융,지주,지주,00688996,KB금융,2021,11011,사업보고서,IFRS4,Y,"보고서 사업연도 >= 2023 이면 IFRS17, 아니면 IFRS4",2016.10.19,"35,474","5,000","31,759,844",유상증자(제3자배정),보통주,2021-12-31,api,irdsSttus,"{""bsns_year"": ""2021"", ""corp_code"": ""00688996"", ""reprt_code"": ""11011""}",20220325001281,api_row,2026-08-31T15:36:28+09:00,000,run_20260831_152517_0296,raw/irdsSttus/00688996_2021_11011.json,711502d73bffd10938d17f42c2df92531766ae33f14c4fc3b03895bfa17fd929,16
KB금융,지주,지주,00688996,KB금융,2021,11011,사업보고서,IFRS4,Y,"보고서 사업연도 >= 2023 이면 IFRS17, 아니면 IFRS4",2019.12.12,-,"5,000","2,303,617",-,보통주,2021-12-31,api,irdsSttus,"{""bsns_year"": ""2021"", ""corp_code"": ""00688996"", ""reprt_code"": ""11011""}",20220325001281,api_row,2026-08-31T15:36:28+09:00,000,run_20260831_152517_0296,raw/irdsSttus/00688996_2021_11011.json,711502d73bffd10938d17f42c2df92531766ae33f14c4fc3b03895bfa17fd929,16
KB금융,지주,지주,00688996,KB금융,2022,11011,사업보고서,IFRS4,Y,"보고서 사업연도 >= 2023 이면 IFRS17, 아니면 IFRS4",2008.09.29,"48,444","5,000","356,351,693",유상증자(일반공모),보통주,2022-12-31,api,irdsSttus,"{""bsns_year"": ""2022"", ""corp_code"": ""00688996"", ""reprt_code"": ""11011""}",20231005000471,api_row,2026-08-31T15:36:39+09:00,000,run_20260831_152517_0305,raw/irdsSttus/00688996_2022_11011.json,074773a71a1ded61376393b63afce74c58c49f5786b1e6a54e6daa1d041085c5,16
KB금융,지주,지주,00688996,KB금융,2022,11011,사업보고서,IFRS4,Y,"보고서 사업연도 >= 2023 이면 IFRS17, 아니면 IFRS4",2009.09.02,"37,250","5,000","30,000,000",유상증자(주주배정),보통주,2022-12-31,api,irdsSttus,"{""bsns_year"": ""2022"", ""corp_code"": ""00688996"", ""reprt_code"": ""11011""}",20231005000471,api_row,2026-08-31T15:36:39+09:00,000,run_20260831_152517_0305,raw/irdsSttus/00688996_2022_11011.json,074773a71a1ded61376393b63afce74c58c49f5786b1e6a54e6daa1d041085c5,16
KB금융,지주,지주,00688996,KB금융,2022,11011,사업보고서,IFRS4,Y,"보고서 사업연도 >= 2023 이면 IFRS17, 아니면 IFRS4",2016.10.19,"35,474","5,000","31,759,844",유상증자(제3자배정),보통주,2022-12-31,api,irdsSttus,"{""bsns_year"": ""2022"", ""corp_code"": ""00688996"", ""reprt_code"": ""11011""}",20231005000471,api_row,2026-08-31T15:36:39+09:00,000,run_20260831_152517_0305,raw/irdsSttus/00688996_2022_11011.json,074773a71a1ded61376393b63afce74c58c49f5786b1e6a54e6daa1d041085c5,16
KB금융,지주,지주,00688996,KB금융,2022,11011,사업보고서,IFRS4,Y,"보고서 사업연도 >= 2023 이면 IFRS17, 아니면 IFRS4",2019.12.12,-,"5,000","2,303,617",-,보통주,2022-12-31,api,irdsSttus,"{""bsns_year"": ""2022"", ""corp_code"": ""00688996"", ""reprt_code"": ""11011""}",20231005000471,api_row,2026-08-31T15:36:39+09:00,000,run_20260831_152517_0305,raw/irdsSttus/00688996_2022_11011.json,074773a71a1ded61376393b63afce74c58c49f5786b1e6a54e6daa1d041085c5,16
KB금융,지주,지주,00688996,KB금융,2022,11011,사업보고서,IFRS4,Y,"보고서 사업연도 >= 2023 이면 IFRS17, 아니면 IFRS4",2022.02.14,-,"5,000","3,455,426",-,보통주,2022-12-31,api,irdsSttus,"{""bsns_year"": ""2022"", ""corp_code"": ""00688996"", ""reprt_code"": ""11011""}",20231005000471,api_row,2026-08-31T15:36:39+09:00,000,run_20260831_152517_0305,raw/irdsSttus/00688996_2022_11011.json,074773a71a1ded61376393b63afce74c58c49f5786b1e6a54e6daa1d041085c5,16
KB금융,지주,지주,00688996,KB금융,2022,11011,사업보고서,IFRS4,Y,"보고서 사업연도 >= 2023 이면 IFRS17, 아니면 IFRS4",2022.08.01,-,"5,000","3,455,426",-,보통주,2022-12-31,api,irdsSttus,"{""bsns_year"": ""2022"", ""corp_code"": ""00688996"", ""reprt_code"": ""11011""}",20231005000471,api_row,2026-08-31T15:36:39+09:00,000,run_20260831_152517_0305,raw/irdsSttus/00688996_2022_11011.json,074773a71a1ded61376393b63afce74c58c49f5786b1e6a54e6daa1d041085c5,16
KB금융,지주,지주,00688996,KB금융,2023,11011,사업보고서,IFRS17,Y,"보고서 사업연도 >= 2023 이면 IFRS17, 아니면 IFRS4",2008.09.29,"48,444","5,000","356,351,693",유상증자(일반공모),보통주,2023-12-31,api,irdsSttus,"{""bsns_year"": ""2023"", ""corp_code"": ""00688996"", ""reprt_code"": ""11011""}",20240326000894,api_row,2026-08-31T15:36:50+09:00,000,run_20260831_152517_0314,raw/irdsSttus/00688996_2023_11011.json,d95a911e29c76a9106f93b7dbae42ecb552ac88cfac98f641283d5b7a2df77a6,16
KB금융,지주,지주,00688996,KB금융,2023,11011,사업보고서,IFRS17,Y,"보고서 사업연도 >= 2023 이면 IFRS17, 아니면 IFRS4",2009.09.02,"37,250","5,000","30,000,000",유상증자(주주배정),보통주,2023-12-31,api,irdsSttus,"{""bsns_year"": ""2023"", ""corp_code"": ""00688996"", ""reprt_code"": ""11011""}",20240326000894,api_row,2026-08-31T15:36:50+09:00,000,run_20260831_152517_0314,raw/irdsSttus/00688996_2023_11011.json,d95a911e29c76a9106f93b7dbae42ecb552ac88cfac98f641283d5b7a2df77a6,16
KB금융,지주,지주,00688996,KB금융,2023,11011,사업보고서,IFRS17,Y,"보고서 사업연도 >= 2023 이면 IFRS17, 아니면 IFRS4",2016.10.19,"35,474","5,000","31,759,844",유상증자(제3자배정),보통주,2023-12-31,api,irdsSttus,"{""bsns_year"": ""2023"", ""corp_code"": ""00688996"", ""reprt_code"": ""11011""}",20240326000894,api_row,2026-08-31T15:36:50+09:00,000,run_20260831_152517_0314,raw/irdsSttus/00688996_2023_11011.json,d95a911e29c76a9106f93b7dbae42ecb552ac88cfac98f641283d5b7a2df77a6,16
KB금융,지주,지주,00688996,KB금융,2023,11011,사업보고서,IFRS17,Y,"보고서 사업연도 >= 2023 이면 IFRS17, 아니면 IFRS4",2019.12.12,-,"5,000","2,303,617",-,보통주,2023-12-31,api,irdsSttus,"{""bsns_year"": ""2023"", ""corp_code"": ""00688996"", ""reprt_code"": ""11011""}",20240326000894,api_row,2026-08-31T15:36:50+09:00,000,run_20260831_152517_0314,raw/irdsSttus/00688996_2023_11011.json,d95a911e29c76a9106f93b7dbae42ecb552ac88cfac98f641283d5b7a2df77a6,16
KB금융,지주,지주,00688996,KB금융,2023,11011,사업보고서,IFRS17,Y,"보고서 사업연도 >= 2023 이면 IFRS17, 아니면 IFRS4",2022.02.14,-,"5,000","3,455,426",-,보통주,2023-12-31,api,irdsSttus,"{""bsns_year"": ""2023"", ""corp_code"": ""00688996"", ""reprt_code"": ""11011""}",20240326000894,api_row,2026-08-31T15:36:50+09:00,000,run_20260831_152517_0314,raw/irdsSttus/00688996_2023_11011.json,d95a911e29c76a9106f93b7dbae42ecb552ac88cfac98f641283d5b7a2df77a6,16
KB금융,지주,지주,00688996,KB금융,2023,11011,사업보고서,IFRS17,Y,"보고서 사업연도 >= 2023 이면 IFRS17, 아니면 IFRS4",2022.08.01,-,"5,000","3,455,426",-,보통주,2023-12-31,api,irdsSttus,"{""bsns_year"": ""2023"", ""corp_code"": ""00688996"", ""reprt_code"": ""11011""}",20240326000894,api_row,2026-08-31T15:36:50+09:00,000,run_20260831_152517_0314,raw/irdsSttus/00688996_2023_11011.json,d95a911e29c76a9106f93b7dbae42ecb552ac88cfac98f641283d5b7a2df77a6,16
KB금융,지주,지주,00688996,KB금융,2023,11011,사업보고서,IFRS17,Y,"보고서 사업연도 >= 2023 이면 IFRS17, 아니면 IFRS4",2023.04.04,-,"5,000","5,385,996",-,보통주,2023-12-31,api,irdsSttus,"{""bsns_year"": ""2023"", ""corp_code"": ""00688996"", ""reprt_code"": ""11011""}",20240326000894,api_row,2026-08-31T15:36:50+09:00,000,run_20260831_152517_0314,raw/irdsSttus/00688996_2023_11011.json,d95a911e29c76a9106f93b7dbae42ecb552ac88cfac98f641283d5b7a2df77a6,16
KB금융,지주,지주,00688996,KB금융,2024,11011,사업보고서,IFRS17,Y,"보고서 사업연도 >= 2023 이면 IFRS17, 아니면 IFRS4",2008.09.29,"48,444","5,000","356,351,693",유상증자(일반공모),보통주,2024-12-31,api,irdsSttus,"{""bsns_year"": ""2024"", ""corp_code"": ""00688996"", ""reprt_code"": ""11011""}",20260324000822,api_row,2026-08-31T15:37:20+09:00,000,run_20260831_152517_0323,raw/irdsSttus/00688996_2024_11011.json,acd492b7408e70844dc12c97d619edbc22ed4de9c100056f6ff3bea886f6d2bb,16
KB금융,지주,지주,00688996,KB금융,2024,11011,사업보고서,IFRS17,Y,"보고서 사업연도 >= 2023 이면 IFRS17, 아니면 IFRS4",2009.09.02,"37,250","5,000","30,000,000",유상증자(주주배정),보통주,2024-12-31,api,irdsSttus,"{""bsns_year"": ""2024"", ""corp_code"": ""00688996"", ""reprt_code"": ""11011""}",20260324000822,api_row,2026-08-31T15:37:20+09:00,000,run_20260831_152517_0323,raw/irdsSttus/00688996_2024_11011.json,acd492b7408e70844dc12c97d619edbc22ed4de9c100056f6ff3bea886f6d2bb,16
KB금융,지주,지주,00688996,KB금융,2024,11011,사업보고서,IFRS17,Y,"보고서 사업연도 >= 2023 이면 IFRS17, 아니면 IFRS4",2016.10.19,"35,474","5,000","31,759,844",유상증자(제3자배정),보통주,2024-12-31,api,irdsSttus,"{""bsns_year"": ""2024"", ""corp_code"": ""00688996"", ""reprt_code"": ""11011""}",20260324000822,api_row,2026-08-31T15:37:20+09:00,000,run_20260831_152517_0323,raw/irdsSttus/00688996_2024_11011.json,acd492b7408e70844dc12c97d619edbc22ed4de9c100056f6ff3bea886f6d2bb,16
KB금융,지주,지주,00688996,KB금융,2024,11011,사업보고서,IFRS17,Y,"보고서 사업연도 >= 2023 이면 IFRS17, 아니면 IFRS4",2019.12.12,-,"5,000","2,303,617",-,보통주,2024-12-31,api,irdsSttus,"{""bsns_year"": ""2024"", ""corp_code"": ""00688996"", ""reprt_code"": ""11011""}",20260324000822,api_row,2026-08-31T15:37:20+09:00,000,run_20260831_152517_0323,raw/irdsSttus/00688996_2024_11011.json,acd492b7408e70844dc12c97d619edbc22ed4de9c100056f6ff3bea886f6d2bb,16
KB금융,지주,지주,00688996,KB금융,2024,11011,사업보고서,IFRS17,Y,"보고서 사업연도 >= 2023 이면 IFRS17, 아니면 IFRS4",2022.02.14,-,"5,000","3,455,426",-,보통주,2024-12-31,api,irdsSttus,"{""bsns_year"": ""2024"", ""corp_code"": ""00688996"", ""reprt_code"": ""11011""}",20260324000822,api_row,2026-08-31T15:37:20+09:00,000,run_20260831_152517_0323,raw/irdsSttus/00688996_2024_11011.json,acd492b7408e70844dc12c97d619edbc22ed4de9c100056f6ff3bea886f6d2bb,16
KB금융,지주,지주,00688996,KB금융,2024,11011,사업보고서,IFRS17,Y,"보고서 사업연도 >= 2023 이면 IFRS17, 아니면 IFRS4",2022.08.01,-,"5,000","3,455,426",-,보통주,2024-12-31,api,irdsSttus,"{""bsns_year"": ""2024"", ""corp_code"": ""00688996"", ""reprt_code"": ""11011""}",20260324000822,api_row,2026-08-31T15:37:20+09:00,000,run_20260831_152517_0323,raw/irdsSttus/00688996_2024_11011.json,acd492b7408e70844dc12c97d619edbc22ed4de9c100056f6ff3bea886f6d2bb,16
KB금융,지주,지주,00688996,KB금융,2024,11011,사업보고서,IFRS17,Y,"보고서 사업연도 >= 2023 이면 IFRS17, 아니면 IFRS4",2023.04.04,-,"5,000","5,385,996",-,보통주,2024-12-31,api,irdsSttus,"{""bsns_year"": ""2024"", ""corp_code"": ""00688996"", ""reprt_code"": ""11011""}",20260324000822,api_row,2026-08-31T15:37:20+09:00,000,run_20260831_152517_0323,raw/irdsSttus/00688996_2024_11011.json,acd492b7408e70844dc12c97d619edbc22ed4de9c100056f6ff3bea886f6d2bb,16
KB금융,지주,지주,00688996,KB금융,2024,11011,사업보고서,IFRS17,Y,"보고서 사업연도 >= 2023 이면 IFRS17, 아니면 IFRS4",2024.08.14,-,"5,000","9,982,649",-,보통주,2024-12-31,api,irdsSttus,"{""bsns_year"": ""2024"", ""corp_code"": ""00688996"", ""reprt_code"": ""11011""}",20260324000822,api_row,2026-08-31T15:37:20+09:00,000,run_20260831_152517_0323,raw/irdsSttus/00688996_2024_11011.json,acd492b7408e70844dc12c97d619edbc22ed4de9c100056f6ff3bea886f6d2bb,16
KB금융,지주,지주,00688996,KB금융,2025,11011,사업보고서,IFRS17,Y,"보고서 사업연도 >= 2023 이면 IFRS17, 아니면 IFRS4",2008.09.29,"48,444","5,000","356,351,693",유상증자(일반공모),보통주,2025-12-31,api,irdsSttus,"{""bsns_year"": ""2025"", ""corp_code"": ""00688996"", ""reprt_code"": ""11011""}",20260619000667,api_row,2026-08-31T15:37:51+09:00,000,run_20260831_152517_0332,raw/irdsSttus/00688996_2025_11011.json,a7586f6fd121e9b26c6e1a1a86a12a1ba859e4a752990291ed1e145823d8552b,16
KB금융,지주,지주,00688996,KB금융,2025,11011,사업보고서,IFRS17,Y,"보고서 사업연도 >= 2023 이면 IFRS17, 아니면 IFRS4",2009.09.02,"37,250","5,000","30,000,000",유상증자(주주배정),보통주,2025-12-31,api,irdsSttus,"{""bsns_year"": ""2025"", ""corp_code"": ""00688996"", ""reprt_code"": ""11011""}",20260619000667,api_row,2026-08-31T15:37:51+09:00,000,run_20260831_152517_0332,raw/irdsSttus/00688996_2025_11011.json,a7586f6fd121e9b26c6e1a1a86a12a1ba859e4a752990291ed1e145823d8552b,16
KB금융,지주,지주,00688996,KB금융,2025,11011,사업보고서,IFRS17,Y,"보고서 사업연도 >= 2023 이면 IFRS17, 아니면 IFRS4",2016.10.19,"35,474","5,000","31,759,844",유상증자(제3자배정),보통주,2025-12-31,api,irdsSttus,"{""bsns_year"": ""2025"", ""corp_code"": ""00688996"", ""reprt_code"": ""11011""}",20260619000667,api_row,2026-08-31T15:37:51+09:00,000,run_20260831_152517_0332,raw/irdsSttus/00688996_2025_11011.json,a7586f6fd121e9b26c6e1a1a86a12a1ba859e4a752990291ed1e145823d8552b,16
KB금융,지주,지주,00688996,KB금융,2025,11011,사업보고서,IFRS17,Y,"보고서 사업연도 >= 2023 이면 IFRS17, 아니면 IFRS4",2019.12.12,-,"5,000","2,303,617",-,보통주,2025-12-31,api,irdsSttus,"{""bsns_year"": ""2025"", ""corp_code"": ""00688996"", ""reprt_code"": ""11011""}",20260619000667,api_row,2026-08-31T15:37:51+09:00,000,run_20260831_152517_0332,raw/irdsSttus/00688996_2025_11011.json,a7586f6fd121e9b26c6e1a1a86a12a1ba859e4a752990291ed1e145823d8552b,16
KB금융,지주,지주,00688996,KB금융,2025,11011,사업보고서,IFRS17,Y,"보고서 사업연도 >= 2023 이면 IFRS17, 아니면 IFRS4",2022.02.14,-,"5,000","3,455,426",-,보통주,2025-12-31,api,irdsSttus,"{""bsns_year"": ""2025"", ""corp_code"": ""00688996"", ""reprt_code"": ""11011""}",20260619000667,api_row,2026-08-31T15:37:51+09:00,000,run_20260831_152517_0332,raw/irdsSttus/00688996_2025_11011.json,a7586f6fd121e9b26c6e1a1a86a12a1ba859e4a752990291ed1e145823d8552b,16
KB금융,지주,지주,00688996,KB금융,2025,11011,사업보고서,IFRS17,Y,"보고서 사업연도 >= 2023 이면 IFRS17, 아니면 IFRS4",2022.08.01,-,"5,000","3,455,426",-,보통주,2025-12-31,api,irdsSttus,"{""bsns_year"": ""2025"", ""corp_code"": ""00688996"", ""reprt_code"": ""11011""}",20260619000667,api_row,2026-08-31T15:37:51+09:00,000,run_20260831_152517_0332,raw/irdsSttus/00688996_2025_11011.json,a7586f6fd121e9b26c6e1a1a86a12a1ba859e4a752990291ed1e145823d8552b,16
KB금융,지주,지주,00688996,KB금융,2025,11011,사업보고서,IFRS17,Y,"보고서 사업연도 >= 2023 이면 IFRS17, 아니면 IFRS4",2023.04.04,-,"5,000","5,385,996",-,보통주,2025-12-31,api,irdsSttus,"{""bsns_year"": ""2025"", ""corp_code"": ""00688996"", ""reprt_code"": ""11011""}",20260619000667,api_row,2026-08-31T15:37:51+09:00,000,run_20260831_152517_0332,raw/irdsSttus/00688996_2025_11011.json,a7586f6fd121e9b26c6e1a1a86a12a1ba859e4a752990291ed1e145823d8552b,16
KB금융,지주,지주,00688996,KB금융,2025,11011,사업보고서,IFRS17,Y,"보고서 사업연도 >= 2023 이면 IFRS17, 아니면 IFRS4",2024.08.14,-,"5,000","9,982,649",-,보통주,2025-12-31,api,irdsSttus,"{""bsns_year"": ""2025"", ""corp_code"": ""00688996"", ""reprt_code"": ""11011""}",20260619000667,api_row,2026-08-31T15:37:51+09:00,000,run_20260831_152517_0332,raw/irdsSttus/00688996_2025_11011.json,a7586f6fd121e9b26c6e1a1a86a12a1ba859e4a752990291ed1e145823d8552b,16
KB금융,지주,지주,00688996,KB금융,2025,11011,사업보고서,IFRS17,Y,"보고서 사업연도 >= 2023 이면 IFRS17, 아니면 IFRS4",2025.05.15,-,"5,000","12,066,320",-,보통주,2025-12-31,api,irdsSttus,"{""bsns_year"": ""2025"", ""corp_code"": ""00688996"", ""reprt_code"": ""11011""}",20260619000667,api_row,2026-08-31T15:37:51+09:00,000,run_20260831_152517_0332,raw/irdsSttus/00688996_2025_11011.json,a7586f6fd121e9b26c6e1a1a86a12a1ba859e4a752990291ed1e145823d8552b,16
KB금융,지주,지주,00688996,KB금융,2026,11012,반기보고서,IFRS17,Y,"보고서 사업연도 >= 2023 이면 IFRS17, 아니면 IFRS4",2008.09.29,"48,444","5,000","356,351,693",유상증자(일반공모),보통주,2026-06-30,api,irdsSttus,"{""bsns_year"": ""2026"", ""corp_code"": ""00688996"", ""reprt_code"": ""11012""}",20260814004200,api_row,2026-08-31T15:38:45+09:00,000,run_20260831_152517_0350,raw/irdsSttus/00688996_2026_11012.json,7ae579d4cc371c4904b8debf3edb7169fb15c9c6043a4a42c42bfa90201fc3a6,16
KB금융,지주,지주,00688996,KB금융,2026,11012,반기보고서,IFRS17,Y,"보고서 사업연도 >= 2023 이면 IFRS17, 아니면 IFRS4",2026.01.15,-,"5,000","8,611,648",-,보통주,2026-06-30,api,irdsSttus,"{""bsns_year"": ""2026"", ""corp_code"": ""00688996"", ""reprt_code"": ""11012""}",20260814004200,api_row,2026-08-31T15:38:45+09:00,000,run_20260831_152517_0350,raw/irdsSttus/00688996_2026_11012.json,7ae579d4cc371c4904b8debf3edb7169fb15c9c6043a4a42c42bfa90201fc3a6,16
KB금융,지주,지주,00688996,KB금융,2026,11012,반기보고서,IFRS17,Y,"보고서 사업연도 >= 2023 이면 IFRS17, 아니면 IFRS4",2026.05.15,-,"5,000","18,162,721",-,보통주,2026-06-30,api,irdsSttus,"{""bsns_year"": ""2026"", ""corp_code"": ""00688996"", ""reprt_code"": ""11012""}",20260814004200,api_row,2026-08-31T15:38:45+09:00,000,run_20260831_152517_0350,raw/irdsSttus/00688996_2026_11012.json,7ae579d4cc371c4904b8debf3edb7169fb15c9c6043a4a42c42bfa90201fc3a6,16
KB금융,지주,지주,00688996,KB금융,2026,11012,반기보고서,IFRS17,Y,"보고서 사업연도 >= 2023 이면 IFRS17, 아니면 IFRS4",2009.09.02,"37,250","5,000","30,000,000",유상증자(주주배정),보통주,2026-06-30,api,irdsSttus,"{""bsns_year"": ""2026"", ""corp_code"": ""00688996"", ""reprt_code"": ""11012""}",20260814004200,api_row,2026-08-31T15:38:45+09:00,000,run_20260831_152517_0350,raw/irdsSttus/00688996_2026_11012.json,7ae579d4cc371c4904b8debf3edb7169fb15c9c6043a4a42c42bfa90201fc3a6,16
KB금융,지주,지주,00688996,KB금융,2026,11012,반기보고서,IFRS17,Y,"보고서 사업연도 >= 2023 이면 IFRS17, 아니면 IFRS4",2016.10.19,"35,474","5,000","31,759,844",유상증자(제3자배정),보통주,2026-06-30,api,irdsSttus,"{""bsns_year"": ""2026"", ""corp_code"": ""00688996"", ""reprt_code"": ""11012""}",20260814004200,api_row,2026-08-31T15:38:45+09:00,000,run_20260831_152517_0350,raw/irdsSttus/00688996_2026_11012.json,7ae579d4cc371c4904b8debf3edb7169fb15c9c6043a4a42c42bfa90201fc3a6,16
KB금융,지주,지주,00688996,KB금융,2026,11012,반기보고서,IFRS17,Y,"보고서 사업연도 >= 2023 이면 IFRS17, 아니면 IFRS4",2019.12.12,-,"5,000","2,303,617",-,보통주,2026-06-30,api,irdsSttus,"{""bsns_year"": ""2026"", ""corp_code"": ""00688996"", ""reprt_code"": ""11012""}",20260814004200,api_row,2026-08-31T15:38:45+09:00,000,run_20260831_152517_0350,raw/irdsSttus/00688996_2026_11012.json,7ae579d4cc371c4904b8debf3edb7169fb15c9c6043a4a42c42bfa90201fc3a6,16
KB금융,지주,지주,00688996,KB금융,2026,11012,반기보고서,IFRS17,Y,"보고서 사업연도 >= 2023 이면 IFRS17, 아니면 IFRS4",2022.02.14,-,"5,000","3,455,426",-,보통주,2026-06-30,api,irdsSttus,"{""bsns_year"": ""2026"", ""corp_code"": ""00688996"", ""reprt_code"": ""11012""}",20260814004200,api_row,2026-08-31T15:38:45+09:00,000,run_20260831_152517_0350,raw/irdsSttus/00688996_2026_11012.json,7ae579d4cc371c4904b8debf3edb7169fb15c9c6043a4a42c42bfa90201fc3a6,16
KB금융,지주,지주,00688996,KB금융,2026,11012,반기보고서,IFRS17,Y,"보고서 사업연도 >= 2023 이면 IFRS17, 아니면 IFRS4",2022.08.01,-,"5,000","3,455,426",-,보통주,2026-06-30,api,irdsSttus,"{""bsns_year"": ""2026"", ""corp_code"": ""00688996"", ""reprt_code"": ""11012""}",20260814004200,api_row,2026-08-31T15:38:45+09:00,000,run_20260831_152517_0350,raw/irdsSttus/00688996_2026_11012.json,7ae579d4cc371c4904b8debf3edb7169fb15c9c6043a4a42c42bfa90201fc3a6,16
KB금융,지주,지주,00688996,KB금융,2026,11012,반기보고서,IFRS17,Y,"보고서 사업연도 >= 2023 이면 IFRS17, 아니면 IFRS4",2023.04.04,-,"5,000","5,385,996",-,보통주,2026-06-30,api,irdsSttus,"{""bsns_year"": ""2026"", ""corp_code"": ""00688996"", ""reprt_code"": ""11012""}",20260814004200,api_row,2026-08-31T15:38:45+09:00,000,run_20260831_152517_0350,raw/irdsSttus/00688996_2026_11012.json,7ae579d4cc371c4904b8debf3edb7169fb15c9c6043a4a42c42bfa90201fc3a6,16
KB금융,지주,지주,00688996,KB금융,2026,11012,반기보고서,IFRS17,Y,"보고서 사업연도 >= 2023 이면 IFRS17, 아니면 IFRS4",2024.08.14,-,"5,000","9,982,649",-,보통주,2026-06-30,api,irdsSttus,"{""bsns_year"": ""2026"", ""corp_code"": ""00688996"", ""reprt_code"": ""11012""}",20260814004200,api_row,2026-08-31T15:38:45+09:00,000,run_20260831_152517_0350,raw/irdsSttus/00688996_2026_11012.json,7ae579d4cc371c4904b8debf3edb7169fb15c9c6043a4a42c42bfa90201fc3a6,16
KB금융,지주,지주,00688996,KB금융,2026,11012,반기보고서,IFRS17,Y,"보고서 사업연도 >= 2023 이면 IFRS17, 아니면 IFRS4",2025.05.15,-,"5,000","12,066,320",-,보통주,2026-06-30,api,irdsSttus,"{""bsns_year"": ""2026"", ""corp_code"": ""00688996"", ""reprt_code"": ""11012""}",20260814004200,api_row,2026-08-31T15:38:45+09:00,000,run_20260831_152517_0350,raw/irdsSttus/00688996_2026_11012.json,7ae579d4cc371c4904b8debf3edb7169fb15c9c6043a4a42c42bfa90201fc3a6,16
KB라이프생명보험,생보,보험자회사,00160393,케이비라이프생명보험,2022,11011,사업보고서,IFRS4,E,"보고서 사업연도 >= 2023 이면 IFRS17, 아니면 IFRS4",-,-,-,-,-,-,2022-12-31,api,irdsSttus,"{""bsns_year"": ""2022"", ""corp_code"": ""00160393"", ""reprt_code"": ""11011""}",20230316000539,api_row,2026-08-31T16:03:19+09:00,000,run_20260831_152517_0992,raw/irdsSttus/00160393_2022_11011.json,a6ebd961f295134a23f60ead729ae72ebcd7474fb7db507fc966d2ab8ac85d3f,16
KB라이프생명보험,생보,보험자회사,00160393,케이비라이프생명보험,2022,11011,사업보고서,IFRS4,E,"보고서 사업연도 >= 2023 이면 IFRS17, 아니면 IFRS4",-,-,-,-,-,-,2022-12-31,api,irdsSttus,"{""bsns_year"": ""2022"", ""corp_code"": ""00160393"", ""reprt_code"": ""11011""}",20230316000539,api_row,2026-08-31T16:03:19+09:00,000,run_20260831_152517_0992,raw/irdsSttus/00160393_2022_11011.json,a6ebd961f295134a23f60ead729ae72ebcd7474fb7db507fc966d2ab8ac85d3f,16
KB라이프생명보험,생보,보험자회사,00160393,케이비라이프생명보험,2023,11011,사업보고서,IFRS17,E,"보고서 사업연도 >= 2023 이면 IFRS17, 아니면 IFRS4",2023.01.01,"10,000","10,000","1,201,518",-,보통주,2023-12-31,api,irdsSttus,"{""bsns_year"": ""2023"", ""corp_code"": ""00160393"", ""reprt_code"": ""11011""}",20240429000408,api_row,2026-08-31T16:03:36+09:00,000,run_20260831_152517_1001,raw/irdsSttus/00160393_2023_11011.json,e97665d825ae274e421109e2807451de612babe245a49949aad96a3c728e4bed,16
KB라이프생명보험,생보,보험자회사,00160393,케이비라이프생명보험,2024,11011,사업보고서,IFRS17,E,"보고서 사업연도 >= 2023 이면 IFRS17, 아니면 IFRS4",2023.01.01,"10,000","10,000","1,201,518",-,보통주,2024-12-31,api,irdsSttus,"{""bsns_year"": ""2024"", ""corp_code"": ""00160393"", ""reprt_code"": ""11011""}",20250428000500,api_row,2026-08-31T16:04:04+09:00,000,run_20260831_152517_1010,raw/irdsSttus/00160393_2024_11011.json,0373df2bd7c3ede0d481c36261f563bd8c7846dc16ebde1ae2de2553279bf21d,16
KB라이프생명보험,생보,보험자회사,00160393,케이비라이프생명보험,2025,11011,사업보고서,IFRS17,E,"보고서 사업연도 >= 2023 이면 IFRS17, 아니면 IFRS4",2023.01.01,"10,000","10,000","1,201,518",-,보통주,2025-12-31,api,irdsSttus,"{""bsns_year"": ""2025"", ""corp_code"": ""00160393"", ""reprt_code"": ""11011""}",20260331003664,api_row,2026-08-31T16:04:23+09:00,000,run_20260831_152517_1018,raw/irdsSttus/00160393_2025_11011.json,f2ec11a609bc5851e76aac0bf45173e24e923e3070ad5498df436161b7b0186d,16
KB라이프생명보험,생보,보험자회사,00160393,케이비라이프생명보험,2025,11012,반기보고서,IFRS17,E,"보고서 사업연도 >= 2023 이면 IFRS17, 아니면 IFRS4",2023.01.01,"10,000","10,000","1,201,518",-,보통주,2025-06-30,api,irdsSttus,"{""bsns_year"": ""2025"", ""corp_code"": ""00160393"", ""reprt_code"": ""11012""}",20250829001661,api_row,2026-08-31T16:04:52+09:00,000,run_20260831_152517_1027,raw/irdsSttus/00160393_2025_11012.json,d3d728e7148ef5b6fcf6a6ffe31a8899d8be5bcb3b2846323b34a96083a85176,16
KB라이프생명보험,생보,보험자회사,00160393,케이비라이프생명보험,2026,11012,반기보고서,IFRS17,E,"보고서 사업연도 >= 2023 이면 IFRS17, 아니면 IFRS4",2023.01.01,"10,000","10,000","1,201,518",-,보통주,2026-06-30,api,irdsSttus,"{""bsns_year"": ""2026"", ""corp_code"": ""00160393"", ""reprt_code"": ""11012""}",20260831001095,api_row,2026-08-31T16:05:12+09:00,000,run_20260831_152517_1036,raw/irdsSttus/00160393_2026_11012.json,54704dbd6c0ca86a480f6a02ffdaadac886b949d16d526d462a6822de16ade68,16
KB생명보험,생보,선행법인,00542065,케이비생명보험,2021,11011,사업보고서,IFRS4,E,"보고서 사업연도 >= 2023 이면 IFRS17, 아니면 IFRS4",-,-,-,-,-,-,2021-12-31,api,irdsSttus,"{""bsns_year"": ""2021"", ""corp_code"": ""00542065"", ""reprt_code"": ""11011""}",20220317000445,api_row,2026-08-31T16:11:54+09:00,000,run_20260831_152517_1339,raw/irdsSttus/00542065_2021_11011.json,928e06ecdee59742219c4e03ee2b8e51ef4f989c4a9a472bd67f643f18d6f9dd,16
KB생명보험,생보,선행법인,00542065,케이비생명보험,2021,11011,사업보고서,IFRS4,E,"보고서 사업연도 >= 2023 이면 IFRS17, 아니면 IFRS4",-,-,-,-,-,-,2021-12-31,api,irdsSttus,"{""bsns_year"": ""2021"", ""corp_code"": ""00542065"", ""reprt_code"": ""11011""}",20220317000445,api_row,2026-08-31T16:11:54+09:00,000,run_20260831_152517_1339,raw/irdsSttus/00542065_2021_11011.json,928e06ecdee59742219c4e03ee2b8e51ef4f989c4a9a472bd67f643f18d6f9dd,16
KB손해보험,손보,보험자회사,00120216,KB손해보험,2021,11011,사업보고서,IFRS4,E,"보고서 사업연도 >= 2023 이면 IFRS17, 아니면 IFRS4",2016.12.30,"26,250",500,"6,500,000",유상증자(제3자배정),보통주,2021-12-31,api,irdsSttus,"{""bsns_year"": ""2021"", ""corp_code"": ""00120216"", ""reprt_code"": ""11011""}",20220317000664,api_row,2026-08-31T16:00:10+09:00,000,run_20260831_152517_0921,raw/irdsSttus/00120216_2021_11011.json,16b0616aeb005d019b65fe53deaf02e22110a5b9923f4fcdac816722078cf29b,16
KB손해보험,손보,보험자회사,00120216,KB손해보험,2022,11011,사업보고서,IFRS4,E,"보고서 사업연도 >= 2023 이면 IFRS17, 아니면 IFRS4",2016.12.30,"26,250",500,"6,500,000",유상증자(제3자배정),보통주,2022-12-31,api,irdsSttus,"{""bsns_year"": ""2022"", ""corp_code"": ""00120216"", ""reprt_code"": ""11011""}",20230316000747,api_row,2026-08-31T16:00:28+09:00,000,run_20260831_152517_0930,raw/irdsSttus/00120216_2022_11011.json,1d5e62d281ea1b5a1ffa99b2ccf6fc0392e02831b085678cbf02dc2c0260b19c,16
KB손해보험,손보,보험자회사,00120216,KB손해보험,2023,11011,사업보고서,IFRS17,E,"보고서 사업연도 >= 2023 이면 IFRS17, 아니면 IFRS4",2016.12.30,"26,250",500,"6,500,000",유상증자(제3자배정),보통주,2023-12-31,api,irdsSttus,"{""bsns_year"": ""2023"", ""corp_code"": ""00120216"", ""reprt_code"": ""11011""}",20240430000217,api_row,2026-08-31T16:00:46+09:00,000,run_20260831_152517_0939,raw/irdsSttus/00120216_2023_11011.json,36a67c7a3e0c77df2c3c0e992d514e2d0a2c9a5778569c781975194c8f639489,16
KB손해보험,손보,보험자회사,00120216,KB손해보험,2024,11011,사업보고서,IFRS17,E,"보고서 사업연도 >= 2023 이면 IFRS17, 아니면 IFRS4",2016.12.30,"26,250",500,"6,500,000",유상증자(제3자배정),보통주,2024-12-31,api,irdsSttus,"{""bsns_year"": ""2024"", ""corp_code"": ""00120216"", ""reprt_code"": ""11011""}",20250331004034,api_row,2026-08-31T16:01:20+09:00,000,run_20260831_152517_0948,raw/irdsSttus/00120216_2024_11011.json,0ad5215b3ceee898bcdd77b8da07d7f9c2e4b3bd7a95a6dfe74c1fe2c1f093fc,16
KB손해보험,손보,보험자회사,00120216,KB손해보험,2025,11011,사업보고서,IFRS17,E,"보고서 사업연도 >= 2023 이면 IFRS17, 아니면 IFRS4",2016.12.30,"26,250",500,"6,500,000",유상증자(제3자배정),보통주,2025-12-31,api,irdsSttus,"{""bsns_year"": ""2025"", ""corp_code"": ""00120216"", ""reprt_code"": ""11011""}",20260331003209,api_row,2026-08-31T16:01:42+09:00,000,run_20260831_152517_0956,raw/irdsSttus/00120216_2025_11011.json,49cfd712793018076b52451aee06dda53e25256cb1c996b24084c64c4cb8774a,16
KB손해보험,손보,보험자회사,00120216,KB손해보험,2025,11012,반기보고서,IFRS17,E,"보고서 사업연도 >= 2023 이면 IFRS17, 아니면 IFRS4",2016.12.30,"26,250",500,"6,500,000",유상증자(제3자배정),보통주,2025-06-30,api,irdsSttus,"{""bsns_year"": ""2025"", ""corp_code"": ""00120216"", ""reprt_code"": ""11012""}",20250829001942,api_row,2026-08-31T16:02:14+09:00,000,run_20260831_152517_0965,raw/irdsSttus/00120216_2025_11012.json,192c5b48e0503a084eeae0851e45698f396c8376e7f75782910fe064976a2f1b,16
KB손해보험,손보,보험자회사,00120216,KB손해보험,2026,11012,반기보고서,IFRS17,E,"보고서 사업연도 >= 2023 이면 IFRS17, 아니면 IFRS4",2016.12.30,"26,250",500,"6,500,000",유상증자(제3자배정),보통주,2026-06-30,api,irdsSttus,"{""bsns_year"": ""2026"", ""corp_code"": ""00120216"", ""reprt_code"": ""11012""}",20260831001102,api_row,2026-08-31T16:02:44+09:00,000,run_20260831_152517_0974,raw/irdsSttus/00120216_2026_11012.json,08d89df2795c2a29166502cd4ffd8b51b5433de84590abb26b85543a06a4ff72,16
iM금융지주,지주,지주,00878915,iM금융지주,2015,11011,사업보고서,IFRS4,Y,"보고서 사업연도 >= 2023 이면 IFRS17, 아니면 IFRS4",2011.05.17,"15,607","5,000","134,053,154",-,보통주,2015-12-31,api,irdsSttus,"{""bsns_year"": ""2015"", ""corp_code"": ""00878915"", ""reprt_code"": ""11011""}",20160330001005,api_row,2026-08-31T15:39:11+09:00,000,run_20260831_152517_0359,raw/irdsSttus/00878915_2015_11011.json,b37857dda55097ad47e54bc3a9733c67a2a8a7026ba61845d6b512c5f9529f80,16
iM금융지주,지주,지주,00878915,iM금융지주,2015,11011,사업보고서,IFRS4,Y,"보고서 사업연도 >= 2023 이면 IFRS17, 아니면 IFRS4",2015.01.21,"9,010","5,000","35,000,000",유상증자(주주배정),보통주,2015-12-31,api,irdsSttus,"{""bsns_year"": ""2015"", ""corp_code"": ""00878915"", ""reprt_code"": ""11011""}",20160330001005,api_row,2026-08-31T15:39:11+09:00,000,run_20260831_152517_0359,raw/irdsSttus/00878915_2015_11011.json,b37857dda55097ad47e54bc3a9733c67a2a8a7026ba61845d6b512c5f9529f80,16
iM금융지주,지주,지주,00878915,iM금융지주,2016,11011,사업보고서,IFRS4,Y,"보고서 사업연도 >= 2023 이면 IFRS17, 아니면 IFRS4",2011.05.17,"15,607","5,000","134,053,154",-,보통주,2016-12-31,api,irdsSttus,"{""bsns_year"": ""2016"", ""corp_code"": ""00878915"", ""reprt_code"": ""11011""}",20170331003962,api_row,2026-08-31T15:39:21+09:00,000,run_20260831_152517_0368,raw/irdsSttus/00878915_2016_11011.json,06c427435e501a6758e9325ca67ec0fb354408517ca3f7e0ca98486f85404ec1,16
iM금융지주,지주,지주,00878915,iM금융지주,2016,11011,사업보고서,IFRS4,Y,"보고서 사업연도 >= 2023 이면 IFRS17, 아니면 IFRS4",2015.01.21,"9,010","5,000","35,000,000",유상증자(주주배정),보통주,2016-12-31,api,irdsSttus,"{""bsns_year"": ""2016"", ""corp_code"": ""00878915"", ""reprt_code"": ""11011""}",20170331003962,api_row,2026-08-31T15:39:21+09:00,000,run_20260831_152517_0368,raw/irdsSttus/00878915_2016_11011.json,06c427435e501a6758e9325ca67ec0fb354408517ca3f7e0ca98486f85404ec1,16
iM금융지주,지주,지주,00878915,iM금융지주,2017,11011,사업보고서,IFRS4,Y,"보고서 사업연도 >= 2023 이면 IFRS17, 아니면 IFRS4",2011.05.17,"15,607","5,000","134,053,154",-,보통주,2017-12-31,api,irdsSttus,"{""bsns_year"": ""2017"", ""corp_code"": ""00878915"", ""reprt_code"": ""11011""}",20180402004848,api_row,2026-08-31T15:39:32+09:00,000,run_20260831_152517_0377,raw/irdsSttus/00878915_2017_11011.json,860ee1097d0a541c3f28ad0513abe05d811979b5c00eeaf756eff08f6d79cbd1,16
iM금융지주,지주,지주,00878915,iM금융지주,2017,11011,사업보고서,IFRS4,Y,"보고서 사업연도 >= 2023 이면 IFRS17, 아니면 IFRS4",2015.01.21,"9,010","5,000","35,000,000",유상증자(주주배정),보통주,2017-12-31,api,irdsSttus,"{""bsns_year"": ""2017"", ""corp_code"": ""00878915"", ""reprt_code"": ""11011""}",20180402004848,api_row,2026-08-31T15:39:32+09:00,000,run_20260831_152517_0377,raw/irdsSttus/00878915_2017_11011.json,860ee1097d0a541c3f28ad0513abe05d811979b5c00eeaf756eff08f6d79cbd1,16
iM금융지주,지주,지주,00878915,iM금융지주,2017,11011,사업보고서,IFRS4,Y,"보고서 사업연도 >= 2023 이면 IFRS17, 아니면 IFRS4",2017.01.05,"9,740","5,000","92,679",-,보통주,2017-12-31,api,irdsSttus,"{""bsns_year"": ""2017"", ""corp_code"": ""00878915"", ""reprt_code"": ""11011""}",20180402004848,api_row,2026-08-31T15:39:32+09:00,000,run_20260831_152517_0377,raw/irdsSttus/00878915_2017_11011.json,860ee1097d0a541c3f28ad0513abe05d811979b5c00eeaf756eff08f6d79cbd1,16
iM금융지주,지주,지주,00878915,iM금융지주,2018,11011,사업보고서,IFRS4,Y,"보고서 사업연도 >= 2023 이면 IFRS17, 아니면 IFRS4",2011.05.17,"15,607","5,000","134,053,154",-,보통주,2018-12-31,api,irdsSttus,"{""bsns_year"": ""2018"", ""corp_code"": ""00878915"", ""reprt_code"": ""11011""}",20190401004795,api_row,2026-08-31T15:39:42+09:00,000,run_20260831_152517_0386,raw/irdsSttus/00878915_2018_11011.json,23b8a433f1e152867cdbcce6a37a220a8da457e61df28559c5104da93625a532,16
iM금융지주,지주,지주,00878915,iM금융지주,2018,11011,사업보고서,IFRS4,Y,"보고서 사업연도 >= 2023 이면 IFRS17, 아니면 IFRS4",2015.01.21,"9,010","5,000","35,000,000",유상증자(주주배정),보통주,2018-12-31,api,irdsSttus,"{""bsns_year"": ""2018"", ""corp_code"": ""00878915"", ""reprt_code"": ""11011""}",20190401004795,api_row,2026-08-31T15:39:42+09:00,000,run_20260831_152517_0386,raw/irdsSttus/00878915_2018_11011.json,23b8a433f1e152867cdbcce6a37a220a8da457e61df28559c5104da93625a532,16
iM금융지주,지주,지주,00878915,iM금융지주,2018,11011,사업보고서,IFRS4,Y,"보고서 사업연도 >= 2023 이면 IFRS17, 아니면 IFRS4",2017.01.05,"9,740","5,000","92,679",-,보통주,2018-12-31,api,irdsSttus,"{""bsns_year"": ""2018"", ""corp_code"": ""00878915"", ""reprt_code"": ""11011""}",20190401004795,api_row,2026-08-31T15:39:42+09:00,000,run_20260831_152517_0386,raw/irdsSttus/00878915_2018_11011.json,23b8a433f1e152867cdbcce6a37a220a8da457e61df28559c5104da93625a532,16
iM금융지주,지주,지주,00878915,iM금융지주,2019,11011,사업보고서,IFRS4,Y,"보고서 사업연도 >= 2023 이면 IFRS17, 아니면 IFRS4",2011.05.17,"15,607","5,000","134,053,154",-,보통주,2019-12-31,api,irdsSttus,"{""bsns_year"": ""2019"", ""corp_code"": ""00878915"", ""reprt_code"": ""11011""}",20200330003513,api_row,2026-08-31T15:39:52+09:00,000,run_20260831_152517_0395,raw/irdsSttus/00878915_2019_11011.json,90e24ad50517f78b15aba76d918d6cdcd2ad073dbee838ff2541bcb537ce55fb,16
iM금융지주,지주,지주,00878915,iM금융지주,2019,11011,사업보고서,IFRS4,Y,"보고서 사업연도 >= 2023 이면 IFRS17, 아니면 IFRS4",2015.01.21,"9,010","5,000","35,000,000",유상증자(주주배정),보통주,2019-12-31,api,irdsSttus,"{""bsns_year"": ""2019"", ""corp_code"": ""00878915"", ""reprt_code"": ""11011""}",20200330003513,api_row,2026-08-31T15:39:52+09:00,000,run_20260831_152517_0395,raw/irdsSttus/00878915_2019_11011.json,90e24ad50517f78b15aba76d918d6cdcd2ad073dbee838ff2541bcb537ce55fb,16
iM금융지주,지주,지주,00878915,iM금융지주,2019,11011,사업보고서,IFRS4,Y,"보고서 사업연도 >= 2023 이면 IFRS17, 아니면 IFRS4",2017.01.05,"9,740","5,000","92,679",-,보통주,2019-12-31,api,irdsSttus,"{""bsns_year"": ""2019"", ""corp_code"": ""00878915"", ""reprt_code"": ""11011""}",20200330003513,api_row,2026-08-31T15:39:52+09:00,000,run_20260831_152517_0395,raw/irdsSttus/00878915_2019_11011.json,90e24ad50517f78b15aba76d918d6cdcd2ad073dbee838ff2541bcb537ce55fb,16
iM금융지주,지주,지주,00878915,iM금융지주,2020,11011,사업보고서,IFRS4,Y,"보고서 사업연도 >= 2023 이면 IFRS17, 아니면 IFRS4",2011.05.17,"15,607","5,000","134,053,154",-,보통주,2020-12-31,api,irdsSttus,"{""bsns_year"": ""2020"", ""corp_code"": ""00878915"", ""reprt_code"": ""11011""}",20210318000803,api_row,2026-08-31T15:40:03+09:00,000,run_20260831_152517_0404,raw/irdsSttus/00878915_2020_11011.json,1c7a0a74eb21ce3a44d8d0a6c9e970d6581e0d033562bc13af8bdf7ccf96b013,16
iM금융지주,지주,지주,00878915,iM금융지주,2020,11011,사업보고서,IFRS4,Y,"보고서 사업연도 >= 2023 이면 IFRS17, 아니면 IFRS4",2015.01.21,"9,010","5,000","35,000,000",유상증자(주주배정),보통주,2020-12-31,api,irdsSttus,"{""bsns_year"": ""2020"", ""corp_code"": ""00878915"", ""reprt_code"": ""11011""}",20210318000803,api_row,2026-08-31T15:40:03+09:00,000,run_20260831_152517_0404,raw/irdsSttus/00878915_2020_11011.json,1c7a0a74eb21ce3a44d8d0a6c9e970d6581e0d033562bc13af8bdf7ccf96b013,16
iM금융지주,지주,지주,00878915,iM금융지주,2020,11011,사업보고서,IFRS4,Y,"보고서 사업연도 >= 2023 이면 IFRS17, 아니면 IFRS4",2017.01.05,"9,740","5,000","92,679",-,보통주,2020-12-31,api,irdsSttus,"{""bsns_year"": ""2020"", ""corp_code"": ""00878915"", ""reprt_code"": ""11011""}",20210318000803,api_row,2026-08-31T15:40:03+09:00,000,run_20260831_152517_0404,raw/irdsSttus/00878915_2020_11011.json,1c7a0a74eb21ce3a44d8d0a6c9e970d6581e0d033562bc13af8bdf7ccf96b013,16
iM금융지주,지주,지주,00878915,iM금융지주,2021,11011,사업보고서,IFRS4,Y,"보고서 사업연도 >= 2023 이면 IFRS17, 아니면 IFRS4",-,-,-,-,-,-,2021-12-31,api,irdsSttus,"{""bsns_year"": ""2021"", ""corp_code"": ""00878915"", ""reprt_code"": ""11011""}",20220317001101,api_row,2026-08-31T15:40:13+09:00,000,run_20260831_152517_0413,raw/irdsSttus/00878915_2021_11011.json,fe7ebc45c4e458a2cde548a6d1e65d474721ffb6cba88de03aa613ae755ec661,16
iM금융지주,지주,지주,00878915,iM금융지주,2021,11011,사업보고서,IFRS4,Y,"보고서 사업연도 >= 2023 이면 IFRS17, 아니면 IFRS4",-,-,-,-,-,-,2021-12-31,api,irdsSttus,"{""bsns_year"": ""2021"", ""corp_code"": ""00878915"", ""reprt_code"": ""11011""}",20220317001101,api_row,2026-08-31T15:40:13+09:00,000,run_20260831_152517_0413,raw/irdsSttus/00878915_2021_11011.json,fe7ebc45c4e458a2cde548a6d1e65d474721ffb6cba88de03aa613ae755ec661,16
iM금융지주,지주,지주,00878915,iM금융지주,2022,11011,사업보고서,IFRS4,Y,"보고서 사업연도 >= 2023 이면 IFRS17, 아니면 IFRS4",-,-,-,-,-,-,2022-12-31,api,irdsSttus,"{""bsns_year"": ""2022"", ""corp_code"": ""00878915"", ""reprt_code"": ""11011""}",20230322000869,api_row,2026-08-31T15:40:24+09:00,000,run_20260831_152517_0422,raw/irdsSttus/00878915_2022_11011.json,af13904434f93f5144a369ef290d1e1a8776938ffbc344b5a638748465efa549,16
iM금융지주,지주,지주,00878915,iM금융지주,2022,11011,사업보고서,IFRS4,Y,"보고서 사업연도 >= 2023 이면 IFRS17, 아니면 IFRS4",-,-,-,-,-,-,2022-12-31,api,irdsSttus,"{""bsns_year"": ""2022"", ""corp_code"": ""00878915"", ""reprt_code"": ""11011""}",20230322000869,api_row,2026-08-31T15:40:24+09:00,000,run_20260831_152517_0422,raw/irdsSttus/00878915_2022_11011.json,af13904434f93f5144a369ef290d1e1a8776938ffbc344b5a638748465efa549,16
iM금융지주,지주,지주,00878915,iM금융지주,2023,11011,사업보고서,IFRS17,Y,"보고서 사업연도 >= 2023 이면 IFRS17, 아니면 IFRS4",-,-,-,-,-,-,2023-12-31,api,irdsSttus,"{""bsns_year"": ""2023"", ""corp_code"": ""00878915"", ""reprt_code"": ""11011""}",20240430000805,api_row,2026-08-31T15:40:34+09:00,000,run_20260831_152517_0431,raw/irdsSttus/00878915_2023_11011.json,faa3c624ff2be453bf3c6cdd8d7d6147feeab017c814af976836b1797eaba8c2,16
iM금융지주,지주,지주,00878915,iM금융지주,2024,11011,사업보고서,IFRS17,Y,"보고서 사업연도 >= 2023 이면 IFRS17, 아니면 IFRS4",-,-,-,-,-,-,2024-12-31,api,irdsSttus,"{""bsns_year"": ""2024"", ""corp_code"": ""00878915"", ""reprt_code"": ""11011""}",20250318000693,api_row,2026-08-31T15:41:04+09:00,000,run_20260831_152517_0440,raw/irdsSttus/00878915_2024_11011.json,b88109d8faf9b1dada2f5bceb8bbd48eb82c17233df3add214af030e374c9e5a,16
iM금융지주,지주,지주,00878915,iM금융지주,2025,11011,사업보고서,IFRS17,Y,"보고서 사업연도 >= 2023 이면 IFRS17, 아니면 IFRS4",2025.02.21,-,"5,000","2,753,000",-,보통주,2025-12-31,api,irdsSttus,"{""bsns_year"": ""2025"", ""corp_code"": ""00878915"", ""reprt_code"": ""11011""}",20260515000720,api_row,2026-08-31T15:41:33+09:00,000,run_20260831_152517_0449,raw/irdsSttus/00878915_2025_11011.json,d3268819bb1a46f6ef64b2c616848e4f6fa11f2f3533f92dd0370b9fce331aa1,16
iM금융지주,지주,지주,00878915,iM금융지주,2025,11011,사업보고서,IFRS17,Y,"보고서 사업연도 >= 2023 이면 IFRS17, 아니면 IFRS4",2025.07.11,-,"5,000","4,338,167",-,보통주,2025-12-31,api,irdsSttus,"{""bsns_year"": ""2025"", ""corp_code"": ""00878915"", ""reprt_code"": ""11011""}",20260515000720,api_row,2026-08-31T15:41:33+09:00,000,run_20260831_152517_0449,raw/irdsSttus/00878915_2025_11011.json,d3268819bb1a46f6ef64b2c616848e4f6fa11f2f3533f92dd0370b9fce331aa1,16
iM금융지주,지주,지주,00878915,iM금융지주,2025,11011,사업보고서,IFRS17,Y,"보고서 사업연도 >= 2023 이면 IFRS17, 아니면 IFRS4",2025.12.19,-,"5,000","1,430,083",-,보통주,2025-12-31,api,irdsSttus,"{""bsns_year"": ""2025"", ""corp_code"": ""00878915"", ""reprt_code"": ""11011""}",20260515000720,api_row,2026-08-31T15:41:33+09:00,000,run_20260831_152517_0449,raw/irdsSttus/00878915_2025_11011.json,d3268819bb1a46f6ef64b2c616848e4f6fa11f2f3533f92dd0370b9fce331aa1,16
iM금융지주,지주,지주,00878915,iM금융지주,2025,11012,반기보고서,IFRS17,Y,"보고서 사업연도 >= 2023 이면 IFRS17, 아니면 IFRS4",2025.02.21,-,"5,000","2,753,000",-,보통주,2025-06-30,api,irdsSttus,"{""bsns_year"": ""2025"", ""corp_code"": ""00878915"", ""reprt_code"": ""11012""}",20250814003270,api_row,2026-08-31T15:42:00+09:00,000,run_20260831_152517_0458,raw/irdsSttus/00878915_2025_11012.json,b7cf8cb404e0034fddaba7e167bef83025d57305e09cda21dc66394b1110dcc6,16
iM금융지주,지주,지주,00878915,iM금융지주,2026,11012,반기보고서,IFRS17,Y,"보고서 사업연도 >= 2023 이면 IFRS17, 아니면 IFRS4",2025.02.21,-,"5,000","2,753,000",-,보통주,2026-06-30,api,irdsSttus,"{""bsns_year"": ""2026"", ""corp_code"": ""00878915"", ""reprt_code"": ""11012""}",20260814003948,api_row,2026-08-31T15:42:27+09:00,000,run_20260831_152517_0467,raw/irdsSttus/00878915_2026_11012.json,9eb5a038e4c16e0c29f5b0175f8041a32f718f0b924f7dfccfb145b9941c6750,16
iM금융지주,지주,지주,00878915,iM금융지주,2026,11012,반기보고서,IFRS17,Y,"보고서 사업연도 >= 2023 이면 IFRS17, 아니면 IFRS4",2025.07.11,-,"5,000","4,338,167",-,보통주,2026-06-30,api,irdsSttus,"{""bsns_year"": ""2026"", ""corp_code"": ""00878915"", ""reprt_code"": ""11012""}",20260814003948,api_row,2026-08-31T15:42:27+09:00,000,run_20260831_152517_0467,raw/irdsSttus/00878915_2026_11012.json,9eb5a038e4c16e0c29f5b0175f8041a32f718f0b924f7dfccfb145b9941c6750,16
iM금융지주,지주,지주,00878915,iM금융지주,2026,11012,반기보고서,IFRS17,Y,"보고서 사업연도 >= 2023 이면 IFRS17, 아니면 IFRS4",2025.12.19,-,"5,000","1,430,083",-,보통주,2026-06-30,api,irdsSttus,"{""bsns_year"": ""2026"", ""corp_code"": ""00878915"", ""reprt_code"": ""11012""}",20260814003948,api_row,2026-08-31T15:42:27+09:00,000,run_20260831_152517_0467,raw/irdsSttus/00878915_2026_11012.json,9eb5a038e4c16e0c29f5b0175f8041a32f718f0b924f7dfccfb145b9941c6750,16
iM금융지주,지주,지주,00878915,iM금융지주,2026,11012,반기보고서,IFRS17,Y,"보고서 사업연도 >= 2023 이면 IFRS17, 아니면 IFRS4",2026.06.29,-,"5,000","2,261,175",-,보통주,2026-06-30,api,irdsSttus,"{""bsns_year"": ""2026"", ""corp_code"": ""00878915"", ""reprt_code"": ""11012""}",20260814003948,api_row,2026-08-31T15:42:27+09:00,000,run_20260831_152517_0467,raw/irdsSttus/00878915_2026_11012.json,9eb5a038e4c16e0c29f5b0175f8041a32f718f0b924f7dfccfb145b9941c6750,16
교보생명보험,생보,참고,00112882,교보생명보험,2021,11011,사업보고서,IFRS4,E,"보고서 사업연도 >= 2023 이면 IFRS17, 아니면 IFRS4",-,-,-,-,-,-,2021-12-31,api,irdsSttus,"{""bsns_year"": ""2021"", ""corp_code"": ""00112882"", ""reprt_code"": ""11011""}",20220331003267,api_row,2026-09-11T10:56:24+09:00,000,run_20260911_103248_0394,raw/irdsSttus/00112882_2021_11011.json,686cf305eb7222e76afd08f5e65438698680b2efc96e519a84ef76149cbd9282,5
교보생명보험,생보,참고,00112882,교보생명보험,2022,11011,사업보고서,IFRS4,E,"보고서 사업연도 >= 2023 이면 IFRS17, 아니면 IFRS4",-,-,-,-,-,-,2022-12-31,api,irdsSttus,"{""bsns_year"": ""2022"", ""corp_code"": ""00112882"", ""reprt_code"": ""11011""}",20230331004194,api_row,2026-09-11T10:56:49+09:00,000,run_20260911_103248_0403,raw/irdsSttus/00112882_2022_11011.json,b229d66d24c25a99c5146bd28de7974f3f7efc622d558e5b9aa55956232e2f46,5
교보생명보험,생보,참고,00112882,교보생명보험,2023,11011,사업보고서,IFRS17,E,"보고서 사업연도 >= 2023 이면 IFRS17, 아니면 IFRS4",-,-,-,-,-,-,2023-12-31,api,irdsSttus,"{""bsns_year"": ""2023"", ""corp_code"": ""00112882"", ""reprt_code"": ""11011""}",20240430000629,api_row,2026-09-11T10:57:10+09:00,000,run_20260911_103248_0412,raw/irdsSttus/00112882_2023_11011.json,cced01756b901c7e6dfeb6f54ac3653ece8cfb436dbcbcaf01907173c4f10ce5,5
교보생명보험,생보,참고,00112882,교보생명보험,2024,11011,사업보고서,IFRS17,E,"보고서 사업연도 >= 2023 이면 IFRS17, 아니면 IFRS4",-,-,-,-,-,-,2024-12-31,api,irdsSttus,"{""bsns_year"": ""2024"", ""corp_code"": ""00112882"", ""reprt_code"": ""11011""}",20250515002959,api_row,2026-09-11T10:57:56+09:00,000,run_20260911_103248_0421,raw/irdsSttus/00112882_2024_11011.json,413e8ce630819de9ab2dc5cb285b054bd6792bd77a40f1f1a023aa4760c679d4,5
교보생명보험,생보,참고,00112882,교보생명보험,2025,11011,사업보고서,IFRS17,E,"보고서 사업연도 >= 2023 이면 IFRS17, 아니면 IFRS4",-,-,-,-,-,-,2025-12-31,api,irdsSttus,"{""bsns_year"": ""2025"", ""corp_code"": ""00112882"", ""reprt_code"": ""11011""}",20260813001068,api_row,2026-09-11T10:58:39+09:00,000,run_20260911_103248_0430,raw/irdsSttus/00112882_2025_11011.json,96ed00d5435f86808aaf47e2fb8d15f96263c89b4150edd1c08eb5f133594deb,5
교보생명보험,생보,참고,00112882,교보생명보험,2025,11012,반기보고서,IFRS17,E,"보고서 사업연도 >= 2023 이면 IFRS17, 아니면 IFRS4",-,-,-,-,-,-,2025-06-30,api,irdsSttus,"{""bsns_year"": ""2025"", ""corp_code"": ""00112882"", ""reprt_code"": ""11012""}",20250829000755,api_row,2026-09-11T10:59:22+09:00,000,run_20260911_103248_0439,raw/irdsSttus/00112882_2025_11012.json,955f3ec0adf768658208acade30db7e51cf5298e20e010d9a90a9dcc2ebedece,5
교보생명보험,생보,참고,00112882,교보생명보험,2026,11012,반기보고서,IFRS17,E,"보고서 사업연도 >= 2023 이면 IFRS17, 아니면 IFRS4",-,-,-,-,-,-,2026-06-30,api,irdsSttus,"{""bsns_year"": ""2026"", ""corp_code"": ""00112882"", ""reprt_code"": ""11012""}",20260831000917,api_row,2026-09-11T10:59:59+09:00,000,run_20260911_103248_0448,raw/irdsSttus/00112882_2026_11012.json,f666525c9dc0cedde37005d44727a50fef74d9ffa2d7bccaf072bde4e57345ae,5
교보생명보험,생보,참고,00112882,교보생명보험,2026,11012,반기보고서,IFRS17,E,"보고서 사업연도 >= 2023 이면 IFRS17, 아니면 IFRS4",-,-,-,-,-,-,2026-06-30,api,irdsSttus,"{""bsns_year"": ""2026"", ""corp_code"": ""00112882"", ""reprt_code"": ""11012""}",20260831000917,api_row,2026-09-11T10:59:59+09:00,000,run_20260911_103248_0448,raw/irdsSttus/00112882_2026_11012.json,f666525c9dc0cedde37005d44727a50fef74d9ffa2d7bccaf072bde4e57345ae,5
국민은행,기타,전환주체,00386937,국민은행,2021,11011,사업보고서,IFRS4,E,"보고서 사업연도 >= 2023 이면 IFRS17, 아니면 IFRS4",-,-,-,-,-,-,2021-12-31,api,irdsSttus,"{""bsns_year"": ""2021"", ""corp_code"": ""00386937"", ""reprt_code"": ""11011""}",20220428000807,api_row,2026-09-11T13:39:10+09:00,000,run_20260911_133722_0036,raw/irdsSttus/00386937_2021_11011.json,22fddd287e5ef2c3e389284c16928231abbc53e4a8d883d709e4b238d373899f,5
국민은행,기타,전환주체,00386937,국민은행,2022,11011,사업보고서,IFRS4,E,"보고서 사업연도 >= 2023 이면 IFRS17, 아니면 IFRS4",-,-,-,-,-,-,2022-12-31,api,irdsSttus,"{""bsns_year"": ""2022"", ""corp_code"": ""00386937"", ""reprt_code"": ""11011""}",20230316001101,api_row,2026-09-11T13:39:41+09:00,000,run_20260911_133722_0045,raw/irdsSttus/00386937_2022_11011.json,e560d5ac9326cd01f39f1fab42267406c048c4cb026f85c5e0c1217e30457f97,5
국민은행,기타,전환주체,00386937,국민은행,2023,11011,사업보고서,IFRS17,E,"보고서 사업연도 >= 2023 이면 IFRS17, 아니면 IFRS4",-,-,-,-,-,-,2023-12-31,api,irdsSttus,"{""bsns_year"": ""2023"", ""corp_code"": ""00386937"", ""reprt_code"": ""11011""}",20240814004195,api_row,2026-09-11T13:40:14+09:00,000,run_20260911_133722_0054,raw/irdsSttus/00386937_2023_11011.json,aedc1d09e510a36b73c3f1cf8074ce6060565276fd969361254b1913d4060d4f,5
국민은행,기타,전환주체,00386937,국민은행,2024,11011,사업보고서,IFRS17,E,"보고서 사업연도 >= 2023 이면 IFRS17, 아니면 IFRS4",-,-,-,-,-,-,2024-12-31,api,irdsSttus,"{""bsns_year"": ""2024"", ""corp_code"": ""00386937"", ""reprt_code"": ""11011""}",20250314001552,api_row,2026-09-11T13:41:02+09:00,000,run_20260911_133722_0063,raw/irdsSttus/00386937_2024_11011.json,98ade12664fd36ad95cd60e5e19b36e89fd841f8d007cde3d703fb30f869849a,5
국민은행,기타,전환주체,00386937,국민은행,2025,11011,사업보고서,IFRS17,E,"보고서 사업연도 >= 2023 이면 IFRS17, 아니면 IFRS4",-,-,-,-,-,-,2025-12-31,api,irdsSttus,"{""bsns_year"": ""2025"", ""corp_code"": ""00386937"", ""reprt_code"": ""11011""}",20260814002787,api_row,2026-09-11T13:41:50+09:00,000,run_20260911_133722_0072,raw/irdsSttus/00386937_2025_11011.json,4a31437cab29ce79136e3dad9b3ee76fd08226c9be9cbc99e2053135e49867f7,5
국민은행,기타,전환주체,00386937,국민은행,2025,11012,반기보고서,IFRS17,E,"보고서 사업연도 >= 2023 이면 IFRS17, 아니면 IFRS4",-,-,-,-,-,-,2025-06-30,api,irdsSttus,"{""bsns_year"": ""2025"", ""corp_code"": ""00386937"", ""reprt_code"": ""11012""}",20250814004269,api_row,2026-09-11T13:42:37+09:00,000,run_20260911_133722_0081,raw/irdsSttus/00386937_2025_11012.json,6755fa92427e328f3ae18744924744e9f49f2bde67f0102485e043f905ebf271,5
국민은행,기타,전환주체,00386937,국민은행,2026,11012,반기보고서,IFRS17,E,"보고서 사업연도 >= 2023 이면 IFRS17, 아니면 IFRS4",-,-,-,-,-,-,2026-06-30,api,irdsSttus,"{""bsns_year"": ""2026"", ""corp_code"": ""00386937"", ""reprt_code"": ""11012""}",20260814004191,api_row,2026-09-11T13:43:23+09:00,000,run_20260911_133722_0090,raw/irdsSttus/00386937_2026_11012.json,f65ed76f70f46c9a6b984eeb171c478ed901a8ddf9fcfb99eb8109f757ba8746,5
동양생명보험,생보,보험자회사,00117267,동양생명보험,2021,11011,사업보고서,IFRS4,E,"보고서 사업연도 >= 2023 이면 IFRS17, 아니면 IFRS4",-,-,-,-,-,-,2021-12-31,api,irdsSttus,"{""bsns_year"": ""2021"", ""corp_code"": ""00117267"", ""reprt_code"": ""11011""}",20220323001093,api_row,2026-08-31T15:50:32+09:00,000,run_20260831_152517_0674,raw/irdsSttus/00117267_2021_11011.json,92f3c6be6dd9bc8a7b6bda453a8fef859ff3b6ef9ace9db5303c07dd10596483,16
동양생명보험,생보,보험자회사,00117267,동양생명보험,2022,11011,사업보고서,IFRS4,E,"보고서 사업연도 >= 2023 이면 IFRS17, 아니면 IFRS4",-,-,-,-,-,-,2022-12-31,api,irdsSttus,"{""bsns_year"": ""2022"", ""corp_code"": ""00117267"", ""reprt_code"": ""11011""}",20230322001102,api_row,2026-08-31T15:50:47+09:00,000,run_20260831_152517_0683,raw/irdsSttus/00117267_2022_11011.json,e6d77262a13d59ccc3516d68692e3d8ed080af354407f27cfa3a5775b952ee3a,16
동양생명보험,생보,보험자회사,00117267,동양생명보험,2023,11011,사업보고서,IFRS17,E,"보고서 사업연도 >= 2023 이면 IFRS17, 아니면 IFRS4",-,-,-,-,-,-,2023-12-31,api,irdsSttus,"{""bsns_year"": ""2023"", ""corp_code"": ""00117267"", ""reprt_code"": ""11011""}",20240430000184,api_row,2026-08-31T15:51:01+09:00,000,run_20260831_152517_0692,raw/irdsSttus/00117267_2023_11011.json,bf4c0514dca312d74e74b3994ee45ca4d2e62b17e06cecdf9aebc18de582b51e,16
동양생명보험,생보,보험자회사,00117267,동양생명보험,2024,11011,사업보고서,IFRS17,E,"보고서 사업연도 >= 2023 이면 IFRS17, 아니면 IFRS4",-,-,-,-,-,-,2024-12-31,api,irdsSttus,"{""bsns_year"": ""2024"", ""corp_code"": ""00117267"", ""reprt_code"": ""11011""}",20250331000321,api_row,2026-08-31T15:51:29+09:00,000,run_20260831_152517_0701,raw/irdsSttus/00117267_2024_11011.json,6ef4d6dd4de0a3fe081ada2ad213ec9f1cd43645b020e0d5e60e7515ee294477,16
동양생명보험,생보,보험자회사,00117267,동양생명보험,2025,11011,사업보고서,IFRS17,E,"보고서 사업연도 >= 2023 이면 IFRS17, 아니면 IFRS4",-,-,-,-,-,-,2025-12-31,api,irdsSttus,"{""bsns_year"": ""2025"", ""corp_code"": ""00117267"", ""reprt_code"": ""11011""}",20260331004234,api_row,2026-08-31T15:51:41+09:00,000,run_20260831_152517_0708,raw/irdsSttus/00117267_2025_11011.json,7b392e4e8a7fbd40a3df184e322977e717b861fe3b9e3b3eb249e968befc1fb1,16
동양생명보험,생보,보험자회사,00117267,동양생명보험,2025,11011,사업보고서,IFRS17,E,"보고서 사업연도 >= 2023 이면 IFRS17, 아니면 IFRS4",-,-,-,-,-,-,2025-12-31,api,irdsSttus,"{""bsns_year"": ""2025"", ""corp_code"": ""00117267"", ""reprt_code"": ""11011""}",20260331004234,api_row,2026-08-31T15:51:41+09:00,000,run_20260831_152517_0708,raw/irdsSttus/00117267_2025_11011.json,7b392e4e8a7fbd40a3df184e322977e717b861fe3b9e3b3eb249e968befc1fb1,16
동양생명보험,생보,보험자회사,00117267,동양생명보험,2025,11012,반기보고서,IFRS17,E,"보고서 사업연도 >= 2023 이면 IFRS17, 아니면 IFRS4",-,-,-,-,-,-,2025-06-30,api,irdsSttus,"{""bsns_year"": ""2025"", ""corp_code"": ""00117267"", ""reprt_code"": ""11012""}",20251114001680,api_row,2026-08-31T15:52:14+09:00,000,run_20260831_152517_0717,raw/irdsSttus/00117267_2025_11012.json,662d3f22883bd0cf6a022e629560df73c9f574e09e2578c04d7e2a2823b917aa,16
동양생명보험,생보,보험자회사,00117267,동양생명보험,2026,11012,반기보고서,IFRS17,E,"보고서 사업연도 >= 2023 이면 IFRS17, 아니면 IFRS4",-,-,-,-,-,-,2026-06-30,api,irdsSttus,"{""bsns_year"": ""2026"", ""corp_code"": ""00117267"", ""reprt_code"": ""11012""}",20260831001171,api_row,2026-08-31T15:52:41+09:00,000,run_20260831_152517_0726,raw/irdsSttus/00117267_2026_11012.json,6334c85a7454d14c20fa34dd30e6b0d9546fbd58316391c2b696505715f3d3d6,16
메리츠금융지주,지주,비교지주,00860332,메리츠금융지주,2021,11011,사업보고서,IFRS4,Y,"보고서 사업연도 >= 2023 이면 IFRS17, 아니면 IFRS4",-,-,-,-,-,-,2021-12-31,api,irdsSttus,"{""bsns_year"": ""2021"", ""corp_code"": ""00860332"", ""reprt_code"": ""11011""}",20221130001331,api_row,2026-09-11T10:42:55+09:00,000,run_20260911_103248_0205,raw/irdsSttus/00860332_2021_11011.json,ba15c85fc43f891d0fdcb3b21ca21a174eb081daeba754a807ab7baf8bf3eb4a,5
메리츠금융지주,지주,비교지주,00860332,메리츠금융지주,2022,11011,사업보고서,IFRS4,Y,"보고서 사업연도 >= 2023 이면 IFRS17, 아니면 IFRS4",-,-,-,-,-,-,2022-12-31,api,irdsSttus,"{""bsns_year"": ""2022"", ""corp_code"": ""00860332"", ""reprt_code"": ""11011""}",20230309000894,api_row,2026-09-11T10:43:05+09:00,000,run_20260911_103248_0214,raw/irdsSttus/00860332_2022_11011.json,fcb59ffd09b42234bcbe432503b987fba3d58075f8c30ab2975e230131b6551a,5
메리츠금융지주,지주,비교지주,00860332,메리츠금융지주,2023,11011,사업보고서,IFRS17,Y,"보고서 사업연도 >= 2023 이면 IFRS17, 아니면 IFRS4",2023.02.01,"27,132",500,"46,672,948",-,보통주,2023-12-31,api,irdsSttus,"{""bsns_year"": ""2023"", ""corp_code"": ""00860332"", ""reprt_code"": ""11011""}",20240430000957,api_row,2026-09-11T10:43:15+09:00,000,run_20260911_103248_0223,raw/irdsSttus/00860332_2023_11011.json,203780a248cc69688f9418cdf3b29d2d7a03882065eff5a4b68ab0cf05a031fa,5
메리츠금융지주,지주,비교지주,00860332,메리츠금융지주,2023,11011,사업보고서,IFRS17,Y,"보고서 사업연도 >= 2023 이면 IFRS17, 아니면 IFRS4",2023.04.05,"27,132",500,"36,629,088",-,보통주,2023-12-31,api,irdsSttus,"{""bsns_year"": ""2023"", ""corp_code"": ""00860332"", ""reprt_code"": ""11011""}",20240430000957,api_row,2026-09-11T10:43:15+09:00,000,run_20260911_103248_0223,raw/irdsSttus/00860332_2023_11011.json,203780a248cc69688f9418cdf3b29d2d7a03882065eff5a4b68ab0cf05a031fa,5
메리츠금융지주,지주,비교지주,00860332,메리츠금융지주,2024,11011,사업보고서,IFRS17,Y,"보고서 사업연도 >= 2023 이면 IFRS17, 아니면 IFRS4",2023.02.01,"27,132",500,"46,672,948",-,보통주,2024-12-31,api,irdsSttus,"{""bsns_year"": ""2024"", ""corp_code"": ""00860332"", ""reprt_code"": ""11011""}",20250328001697,api_row,2026-09-11T10:43:52+09:00,000,run_20260911_103248_0232,raw/irdsSttus/00860332_2024_11011.json,21f8f4300020f67ebc341f392bb3acac96bcc2e458e4952896856b3136b65842,5
메리츠금융지주,지주,비교지주,00860332,메리츠금융지주,2024,11011,사업보고서,IFRS17,Y,"보고서 사업연도 >= 2023 이면 IFRS17, 아니면 IFRS4",2023.04.05,"27,132",500,"36,629,088",-,보통주,2024-12-31,api,irdsSttus,"{""bsns_year"": ""2024"", ""corp_code"": ""00860332"", ""reprt_code"": ""11011""}",20250328001697,api_row,2026-09-11T10:43:52+09:00,000,run_20260911_103248_0232,raw/irdsSttus/00860332_2024_11011.json,21f8f4300020f67ebc341f392bb3acac96bcc2e458e4952896856b3136b65842,5
메리츠금융지주,지주,비교지주,00860332,메리츠금융지주,2025,11011,사업보고서,IFRS17,Y,"보고서 사업연도 >= 2023 이면 IFRS17, 아니면 IFRS4",2023.02.01,"27,132",500,"46,672,948",-,보통주,2025-12-31,api,irdsSttus,"{""bsns_year"": ""2025"", ""corp_code"": ""00860332"", ""reprt_code"": ""11011""}",20260331004202,api_row,2026-09-11T10:44:26+09:00,000,run_20260911_103248_0241,raw/irdsSttus/00860332_2025_11011.json,134a29a52f4cf3073c9d91c2a7b1d280f0fb6e226d79a7250dd4922597ca6a26,5
메리츠금융지주,지주,비교지주,00860332,메리츠금융지주,2025,11011,사업보고서,IFRS17,Y,"보고서 사업연도 >= 2023 이면 IFRS17, 아니면 IFRS4",2023.04.05,"27,132",500,"36,629,088",-,보통주,2025-12-31,api,irdsSttus,"{""bsns_year"": ""2025"", ""corp_code"": ""00860332"", ""reprt_code"": ""11011""}",20260331004202,api_row,2026-09-11T10:44:26+09:00,000,run_20260911_103248_0241,raw/irdsSttus/00860332_2025_11011.json,134a29a52f4cf3073c9d91c2a7b1d280f0fb6e226d79a7250dd4922597ca6a26,5
메리츠금융지주,지주,비교지주,00860332,메리츠금융지주,2025,11012,반기보고서,IFRS17,Y,"보고서 사업연도 >= 2023 이면 IFRS17, 아니면 IFRS4",2023.02.01,"27,132",500,"46,672,948",-,보통주,2025-06-30,api,irdsSttus,"{""bsns_year"": ""2025"", ""corp_code"": ""00860332"", ""reprt_code"": ""11012""}",20250829002051,api_row,2026-09-11T10:45:02+09:00,000,run_20260911_103248_0250,raw/irdsSttus/00860332_2025_11012.json,3bdd5df8a9ba8ae9c23cd072f816ea666bc3a16c98ca95e7f94a701cfaa60420,5
메리츠금융지주,지주,비교지주,00860332,메리츠금융지주,2025,11012,반기보고서,IFRS17,Y,"보고서 사업연도 >= 2023 이면 IFRS17, 아니면 IFRS4",2023.04.05,"27,132",500,"36,629,088",-,보통주,2025-06-30,api,irdsSttus,"{""bsns_year"": ""2025"", ""corp_code"": ""00860332"", ""reprt_code"": ""11012""}",20250829002051,api_row,2026-09-11T10:45:02+09:00,000,run_20260911_103248_0250,raw/irdsSttus/00860332_2025_11012.json,3bdd5df8a9ba8ae9c23cd072f816ea666bc3a16c98ca95e7f94a701cfaa60420,5
메리츠금융지주,지주,비교지주,00860332,메리츠금융지주,2026,11012,반기보고서,IFRS17,Y,"보고서 사업연도 >= 2023 이면 IFRS17, 아니면 IFRS4",2023.02.01,"27,132",500,"46,672,948",-,보통주,2026-06-30,api,irdsSttus,"{""bsns_year"": ""2026"", ""corp_code"": ""00860332"", ""reprt_code"": ""11012""}",20260814004036,api_row,2026-09-11T10:45:34+09:00,000,run_20260911_103248_0259,raw/irdsSttus/00860332_2026_11012.json,98571388d07276b6883d9e1084f85693920a1931d2d312da5dd2bfb31057bee5,5
메리츠금융지주,지주,비교지주,00860332,메리츠금융지주,2026,11012,반기보고서,IFRS17,Y,"보고서 사업연도 >= 2023 이면 IFRS17, 아니면 IFRS4",2023.04.05,"27,132",500,"36,629,088",-,보통주,2026-06-30,api,irdsSttus,"{""bsns_year"": ""2026"", ""corp_code"": ""00860332"", ""reprt_code"": ""11012""}",20260814004036,api_row,2026-09-11T10:45:34+09:00,000,run_20260911_103248_0259,raw/irdsSttus/00860332_2026_11012.json,98571388d07276b6883d9e1084f85693920a1931d2d312da5dd2bfb31057bee5,5
메리츠증권,기타,참고,00163682,메리츠증권,2021,11011,사업보고서,IFRS4,E,"보고서 사업연도 >= 2023 이면 IFRS17, 아니면 IFRS4",2017.04.28,"4,130","1,000","109,002,538",-,보통주,2021-12-31,api,irdsSttus,"{""bsns_year"": ""2021"", ""corp_code"": ""00163682"", ""reprt_code"": ""11011""}",20220308000675,api_row,2026-09-11T10:52:24+09:00,000,run_20260911_103248_0331,raw/irdsSttus/00163682_2021_11011.json,39993d134898923c000492321c404496fcb9dfee296cc1cd2980ab9d83498a2f,5
메리츠증권,기타,참고,00163682,메리츠증권,2021,11011,사업보고서,IFRS4,E,"보고서 사업연도 >= 2023 이면 IFRS17, 아니면 IFRS4",2020.06.03,"3,410","1,000","58,651,026",유상증자(제3자배정),보통주,2021-12-31,api,irdsSttus,"{""bsns_year"": ""2021"", ""corp_code"": ""00163682"", ""reprt_code"": ""11011""}",20220308000675,api_row,2026-09-11T10:52:24+09:00,000,run_20260911_103248_0331,raw/irdsSttus/00163682_2021_11011.json,39993d134898923c000492321c404496fcb9dfee296cc1cd2980ab9d83498a2f,5
메리츠증권,기타,참고,00163682,메리츠증권,2021,11011,사업보고서,IFRS4,E,"보고서 사업연도 >= 2023 이면 IFRS17, 아니면 IFRS4",2021.04.28,-,"1,000","6,784",전환권행사,보통주,2021-12-31,api,irdsSttus,"{""bsns_year"": ""2021"", ""corp_code"": ""00163682"", ""reprt_code"": ""11011""}",20220308000675,api_row,2026-09-11T10:52:24+09:00,000,run_20260911_103248_0331,raw/irdsSttus/00163682_2021_11011.json,39993d134898923c000492321c404496fcb9dfee296cc1cd2980ab9d83498a2f,5
메리츠증권,기타,참고,00163682,메리츠증권,2021,11011,사업보고서,IFRS4,E,"보고서 사업연도 >= 2023 이면 IFRS17, 아니면 IFRS4",2021.04.29,-,"1,000","7,251",전환권행사,보통주,2021-12-31,api,irdsSttus,"{""bsns_year"": ""2021"", ""corp_code"": ""00163682"", ""reprt_code"": ""11011""}",20220308000675,api_row,2026-09-11T10:52:24+09:00,000,run_20260911_103248_0331,raw/irdsSttus/00163682_2021_11011.json,39993d134898923c000492321c404496fcb9dfee296cc1cd2980ab9d83498a2f,5
메리츠증권,기타,참고,00163682,메리츠증권,2021,11011,사업보고서,IFRS4,E,"보고서 사업연도 >= 2023 이면 IFRS17, 아니면 IFRS4",2021.05.10,-,"1,000","6,113",전환권행사,보통주,2021-12-31,api,irdsSttus,"{""bsns_year"": ""2021"", ""corp_code"": ""00163682"", ""reprt_code"": ""11011""}",20220308000675,api_row,2026-09-11T10:52:24+09:00,000,run_20260911_103248_0331,raw/irdsSttus/00163682_2021_11011.json,39993d134898923c000492321c404496fcb9dfee296cc1cd2980ab9d83498a2f,5
메리츠증권,기타,참고,00163682,메리츠증권,2021,11011,사업보고서,IFRS4,E,"보고서 사업연도 >= 2023 이면 IFRS17, 아니면 IFRS4",2021.05.13,-,"1,000","18,723",전환권행사,보통주,2021-12-31,api,irdsSttus,"{""bsns_year"": ""2021"", ""corp_code"": ""00163682"", ""reprt_code"": ""11011""}",20220308000675,api_row,2026-09-11T10:52:24+09:00,000,run_20260911_103248_0331,raw/irdsSttus/00163682_2021_11011.json,39993d134898923c000492321c404496fcb9dfee296cc1cd2980ab9d83498a2f,5
메리츠증권,기타,참고,00163682,메리츠증권,2021,11011,사업보고서,IFRS4,E,"보고서 사업연도 >= 2023 이면 IFRS17, 아니면 IFRS4",2017.06.30,"9,200","1,000","13,804,345",유상증자(제3자배정),우선주,2021-12-31,api,irdsSttus,"{""bsns_year"": ""2021"", ""corp_code"": ""00163682"", ""reprt_code"": ""11011""}",20220308000675,api_row,2026-09-11T10:52:24+09:00,000,run_20260911_103248_0331,raw/irdsSttus/00163682_2021_11011.json,39993d134898923c000492321c404496fcb9dfee296cc1cd2980ab9d83498a2f,5
메리츠증권,기타,참고,00163682,메리츠증권,2021,11011,사업보고서,IFRS4,E,"보고서 사업연도 >= 2023 이면 IFRS17, 아니면 IFRS4",2017.06.30,"4,600","1,000","15,434,781",유상증자(제3자배정),우선주,2021-12-31,api,irdsSttus,"{""bsns_year"": ""2021"", ""corp_code"": ""00163682"", ""reprt_code"": ""11011""}",20220308000675,api_row,2026-09-11T10:52:24+09:00,000,run_20260911_103248_0331,raw/irdsSttus/00163682_2021_11011.json,39993d134898923c000492321c404496fcb9dfee296cc1cd2980ab9d83498a2f,5
메리츠증권,기타,참고,00163682,메리츠증권,2021,11011,사업보고서,IFRS4,E,"보고서 사업연도 >= 2023 이면 IFRS17, 아니면 IFRS4",2017.06.30,"4,600","1,000","23,913,042",유상증자(제3자배정),우선주,2021-12-31,api,irdsSttus,"{""bsns_year"": ""2021"", ""corp_code"": ""00163682"", ""reprt_code"": ""11011""}",20220308000675,api_row,2026-09-11T10:52:24+09:00,000,run_20260911_103248_0331,raw/irdsSttus/00163682_2021_11011.json,39993d134898923c000492321c404496fcb9dfee296cc1cd2980ab9d83498a2f,5
메리츠증권,기타,참고,00163682,메리츠증권,2021,11011,사업보고서,IFRS4,E,"보고서 사업연도 >= 2023 이면 IFRS17, 아니면 IFRS4",2017.06.30,"4,600","1,000","21,739,130",유상증자(제3자배정),우선주,2021-12-31,api,irdsSttus,"{""bsns_year"": ""2021"", ""corp_code"": ""00163682"", ""reprt_code"": ""11011""}",20220308000675,api_row,2026-09-11T10:52:24+09:00,000,run_20260911_103248_0331,raw/irdsSttus/00163682_2021_11011.json,39993d134898923c000492321c404496fcb9dfee296cc1cd2980ab9d83498a2f,5
메리츠증권,기타,참고,00163682,메리츠증권,2021,11011,사업보고서,IFRS4,E,"보고서 사업연도 >= 2023 이면 IFRS17, 아니면 IFRS4",2017.06.30,"9,200","1,000","8,695,652",유상증자(제3자배정),우선주,2021-12-31,api,irdsSttus,"{""bsns_year"": ""2021"", ""corp_code"": ""00163682"", ""reprt_code"": ""11011""}",20220308000675,api_row,2026-09-11T10:52:24+09:00,000,run_20260911_103248_0331,raw/irdsSttus/00163682_2021_11011.json,39993d134898923c000492321c404496fcb9dfee296cc1cd2980ab9d83498a2f,5
메리츠증권,기타,참고,00163682,메리츠증권,2021,11011,사업보고서,IFRS4,E,"보고서 사업연도 >= 2023 이면 IFRS17, 아니면 IFRS4",2017.06.30,"9,200","1,000","5,434,782",유상증자(제3자배정),우선주,2021-12-31,api,irdsSttus,"{""bsns_year"": ""2021"", ""corp_code"": ""00163682"", ""reprt_code"": ""11011""}",20220308000675,api_row,2026-09-11T10:52:24+09:00,000,run_20260911_103248_0331,raw/irdsSttus/00163682_2021_11011.json,39993d134898923c000492321c404496fcb9dfee296cc1cd2980ab9d83498a2f,5
메리츠증권,기타,참고,00163682,메리츠증권,2021,11011,사업보고서,IFRS4,E,"보고서 사업연도 >= 2023 이면 IFRS17, 아니면 IFRS4",2017.06.30,"9,200","1,000","7,608,695",유상증자(제3자배정),우선주,2021-12-31,api,irdsSttus,"{""bsns_year"": ""2021"", ""corp_code"": ""00163682"", ""reprt_code"": ""11011""}",20220308000675,api_row,2026-09-11T10:52:24+09:00,000,run_20260911_103248_0331,raw/irdsSttus/00163682_2021_11011.json,39993d134898923c000492321c404496fcb9dfee296cc1cd2980ab9d83498a2f,5
메리츠증권,기타,참고,00163682,메리츠증권,2021,11011,사업보고서,IFRS4,E,"보고서 사업연도 >= 2023 이면 IFRS17, 아니면 IFRS4",2017.06.30,"9,200","1,000","15,217,391",유상증자(제3자배정),우선주,2021-12-31,api,irdsSttus,"{""bsns_year"": ""2021"", ""corp_code"": ""00163682"", ""reprt_code"": ""11011""}",20220308000675,api_row,2026-09-11T10:52:24+09:00,000,run_20260911_103248_0331,raw/irdsSttus/00163682_2021_11011.json,39993d134898923c000492321c404496fcb9dfee296cc1cd2980ab9d83498a2f,5
메리츠증권,기타,참고,00163682,메리츠증권,2022,11011,사업보고서,IFRS4,E,"보고서 사업연도 >= 2023 이면 IFRS17, 아니면 IFRS4",2020.06.03,"3,410","1,000","58,651,026",유상증자(제3자배정),보통주,2022-12-31,api,irdsSttus,"{""bsns_year"": ""2022"", ""corp_code"": ""00163682"", ""reprt_code"": ""11011""}",20230309000552,api_row,2026-09-11T10:52:44+09:00,000,run_20260911_103248_0340,raw/irdsSttus/00163682_2022_11011.json,a68b41a2463a40ef16d7c172e9efd762502d5420835c98d3f5ce13457506cf6a,5
메리츠증권,기타,참고,00163682,메리츠증권,2022,11011,사업보고서,IFRS4,E,"보고서 사업연도 >= 2023 이면 IFRS17, 아니면 IFRS4",2021.04.28,-,"1,000","6,784",전환권행사,보통주,2022-12-31,api,irdsSttus,"{""bsns_year"": ""2022"", ""corp_code"": ""00163682"", ""reprt_code"": ""11011""}",20230309000552,api_row,2026-09-11T10:52:44+09:00,000,run_20260911_103248_0340,raw/irdsSttus/00163682_2022_11011.json,a68b41a2463a40ef16d7c172e9efd762502d5420835c98d3f5ce13457506cf6a,5
메리츠증권,기타,참고,00163682,메리츠증권,2022,11011,사업보고서,IFRS4,E,"보고서 사업연도 >= 2023 이면 IFRS17, 아니면 IFRS4",2021.04.29,-,"1,000","7,251",전환권행사,보통주,2022-12-31,api,irdsSttus,"{""bsns_year"": ""2022"", ""corp_code"": ""00163682"", ""reprt_code"": ""11011""}",20230309000552,api_row,2026-09-11T10:52:44+09:00,000,run_20260911_103248_0340,raw/irdsSttus/00163682_2022_11011.json,a68b41a2463a40ef16d7c172e9efd762502d5420835c98d3f5ce13457506cf6a,5
메리츠증권,기타,참고,00163682,메리츠증권,2022,11011,사업보고서,IFRS4,E,"보고서 사업연도 >= 2023 이면 IFRS17, 아니면 IFRS4",2021.05.10,-,"1,000","6,113",전환권행사,보통주,2022-12-31,api,irdsSttus,"{""bsns_year"": ""2022"", ""corp_code"": ""00163682"", ""reprt_code"": ""11011""}",20230309000552,api_row,2026-09-11T10:52:44+09:00,000,run_20260911_103248_0340,raw/irdsSttus/00163682_2022_11011.json,a68b41a2463a40ef16d7c172e9efd762502d5420835c98d3f5ce13457506cf6a,5
메리츠증권,기타,참고,00163682,메리츠증권,2022,11011,사업보고서,IFRS4,E,"보고서 사업연도 >= 2023 이면 IFRS17, 아니면 IFRS4",2021.05.13,-,"1,000","1,424",전환권행사,보통주,2022-12-31,api,irdsSttus,"{""bsns_year"": ""2022"", ""corp_code"": ""00163682"", ""reprt_code"": ""11011""}",20230309000552,api_row,2026-09-11T10:52:44+09:00,000,run_20260911_103248_0340,raw/irdsSttus/00163682_2022_11011.json,a68b41a2463a40ef16d7c172e9efd762502d5420835c98d3f5ce13457506cf6a,5
메리츠증권,기타,참고,00163682,메리츠증권,2022,11011,사업보고서,IFRS4,E,"보고서 사업연도 >= 2023 이면 IFRS17, 아니면 IFRS4",2021.05.14,-,"1,000","17,299",전환권행사,보통주,2022-12-31,api,irdsSttus,"{""bsns_year"": ""2022"", ""corp_code"": ""00163682"", ""reprt_code"": ""11011""}",20230309000552,api_row,2026-09-11T10:52:44+09:00,000,run_20260911_103248_0340,raw/irdsSttus/00163682_2022_11011.json,a68b41a2463a40ef16d7c172e9efd762502d5420835c98d3f5ce13457506cf6a,5
메리츠증권,기타,참고,00163682,메리츠증권,2023,11011,사업보고서,IFRS17,E,"보고서 사업연도 >= 2023 이면 IFRS17, 아니면 IFRS4",2020.06.03,"3,410","1,000","58,651,026",유상증자(제3자배정),보통주,2023-12-31,api,irdsSttus,"{""bsns_year"": ""2023"", ""corp_code"": ""00163682"", ""reprt_code"": ""11011""}",20240401003586,api_row,2026-09-11T10:53:04+09:00,000,run_20260911_103248_0349,raw/irdsSttus/00163682_2023_11011.json,90af916a5cd620875dc8cfd17d7f694f726ad46c862c01d41059641ab9bdd892,5
메리츠증권,기타,참고,00163682,메리츠증권,2023,11011,사업보고서,IFRS17,E,"보고서 사업연도 >= 2023 이면 IFRS17, 아니면 IFRS4",2021.04.28,-,"1,000","6,784",전환권행사,보통주,2023-12-31,api,irdsSttus,"{""bsns_year"": ""2023"", ""corp_code"": ""00163682"", ""reprt_code"": ""11011""}",20240401003586,api_row,2026-09-11T10:53:04+09:00,000,run_20260911_103248_0349,raw/irdsSttus/00163682_2023_11011.json,90af916a5cd620875dc8cfd17d7f694f726ad46c862c01d41059641ab9bdd892,5
메리츠증권,기타,참고,00163682,메리츠증권,2023,11011,사업보고서,IFRS17,E,"보고서 사업연도 >= 2023 이면 IFRS17, 아니면 IFRS4",2021.04.29,-,"1,000","7,251",전환권행사,보통주,2023-12-31,api,irdsSttus,"{""bsns_year"": ""2023"", ""corp_code"": ""00163682"", ""reprt_code"": ""11011""}",20240401003586,api_row,2026-09-11T10:53:04+09:00,000,run_20260911_103248_0349,raw/irdsSttus/00163682_2023_11011.json,90af916a5cd620875dc8cfd17d7f694f726ad46c862c01d41059641ab9bdd892,5
메리츠증권,기타,참고,00163682,메리츠증권,2023,11011,사업보고서,IFRS17,E,"보고서 사업연도 >= 2023 이면 IFRS17, 아니면 IFRS4",2021.05.10,-,"1,000","6,113",전환권행사,보통주,2023-12-31,api,irdsSttus,"{""bsns_year"": ""2023"", ""corp_code"": ""00163682"", ""reprt_code"": ""11011""}",20240401003586,api_row,2026-09-11T10:53:04+09:00,000,run_20260911_103248_0349,raw/irdsSttus/00163682_2023_11011.json,90af916a5cd620875dc8cfd17d7f694f726ad46c862c01d41059641ab9bdd892,5
메리츠증권,기타,참고,00163682,메리츠증권,2023,11011,사업보고서,IFRS17,E,"보고서 사업연도 >= 2023 이면 IFRS17, 아니면 IFRS4",2021.05.13,-,"1,000","1,424",전환권행사,보통주,2023-12-31,api,irdsSttus,"{""bsns_year"": ""2023"", ""corp_code"": ""00163682"", ""reprt_code"": ""11011""}",20240401003586,api_row,2026-09-11T10:53:04+09:00,000,run_20260911_103248_0349,raw/irdsSttus/00163682_2023_11011.json,90af916a5cd620875dc8cfd17d7f694f726ad46c862c01d41059641ab9bdd892,5
메리츠증권,기타,참고,00163682,메리츠증권,2023,11011,사업보고서,IFRS17,E,"보고서 사업연도 >= 2023 이면 IFRS17, 아니면 IFRS4",2021.05.14,-,"1,000","17,299",전환권행사,보통주,2023-12-31,api,irdsSttus,"{""bsns_year"": ""2023"", ""corp_code"": ""00163682"", ""reprt_code"": ""11011""}",20240401003586,api_row,2026-09-11T10:53:04+09:00,000,run_20260911_103248_0349,raw/irdsSttus/00163682_2023_11011.json,90af916a5cd620875dc8cfd17d7f694f726ad46c862c01d41059641ab9bdd892,5
메리츠증권,기타,참고,00163682,메리츠증권,2024,11011,사업보고서,IFRS17,E,"보고서 사업연도 >= 2023 이면 IFRS17, 아니면 IFRS4",2020.06.03,"3,410","1,000","58,651,026",유상증자(제3자배정),보통주,2024-12-31,api,irdsSttus,"{""bsns_year"": ""2024"", ""corp_code"": ""00163682"", ""reprt_code"": ""11011""}",20250331003245,api_row,2026-09-11T10:53:43+09:00,000,run_20260911_103248_0358,raw/irdsSttus/00163682_2024_11011.json,c15b52c7e924a1cf9f05534cf31eb3ceefedcdac3566ecd83455318d43ef08ce,5
메리츠증권,기타,참고,00163682,메리츠증권,2024,11011,사업보고서,IFRS17,E,"보고서 사업연도 >= 2023 이면 IFRS17, 아니면 IFRS4",2021.04.28,-,"1,000","6,784",전환권행사,보통주,2024-12-31,api,irdsSttus,"{""bsns_year"": ""2024"", ""corp_code"": ""00163682"", ""reprt_code"": ""11011""}",20250331003245,api_row,2026-09-11T10:53:43+09:00,000,run_20260911_103248_0358,raw/irdsSttus/00163682_2024_11011.json,c15b52c7e924a1cf9f05534cf31eb3ceefedcdac3566ecd83455318d43ef08ce,5
메리츠증권,기타,참고,00163682,메리츠증권,2024,11011,사업보고서,IFRS17,E,"보고서 사업연도 >= 2023 이면 IFRS17, 아니면 IFRS4",2021.04.29,-,"1,000","7,251",전환권행사,보통주,2024-12-31,api,irdsSttus,"{""bsns_year"": ""2024"", ""corp_code"": ""00163682"", ""reprt_code"": ""11011""}",20250331003245,api_row,2026-09-11T10:53:43+09:00,000,run_20260911_103248_0358,raw/irdsSttus/00163682_2024_11011.json,c15b52c7e924a1cf9f05534cf31eb3ceefedcdac3566ecd83455318d43ef08ce,5
메리츠증권,기타,참고,00163682,메리츠증권,2024,11011,사업보고서,IFRS17,E,"보고서 사업연도 >= 2023 이면 IFRS17, 아니면 IFRS4",2021.05.10,-,"1,000","6,113",전환권행사,보통주,2024-12-31,api,irdsSttus,"{""bsns_year"": ""2024"", ""corp_code"": ""00163682"", ""reprt_code"": ""11011""}",20250331003245,api_row,2026-09-11T10:53:43+09:00,000,run_20260911_103248_0358,raw/irdsSttus/00163682_2024_11011.json,c15b52c7e924a1cf9f05534cf31eb3ceefedcdac3566ecd83455318d43ef08ce,5
메리츠증권,기타,참고,00163682,메리츠증권,2024,11011,사업보고서,IFRS17,E,"보고서 사업연도 >= 2023 이면 IFRS17, 아니면 IFRS4",2021.05.13,-,"1,000","1,424",전환권행사,보통주,2024-12-31,api,irdsSttus,"{""bsns_year"": ""2024"", ""corp_code"": ""00163682"", ""reprt_code"": ""11011""}",20250331003245,api_row,2026-09-11T10:53:43+09:00,000,run_20260911_103248_0358,raw/irdsSttus/00163682_2024_11011.json,c15b52c7e924a1cf9f05534cf31eb3ceefedcdac3566ecd83455318d43ef08ce,5
메리츠증권,기타,참고,00163682,메리츠증권,2024,11011,사업보고서,IFRS17,E,"보고서 사업연도 >= 2023 이면 IFRS17, 아니면 IFRS4",2021.05.14,-,"1,000","17,299",전환권행사,보통주,2024-12-31,api,irdsSttus,"{""bsns_year"": ""2024"", ""corp_code"": ""00163682"", ""reprt_code"": ""11011""}",20250331003245,api_row,2026-09-11T10:53:43+09:00,000,run_20260911_103248_0358,raw/irdsSttus/00163682_2024_11011.json,c15b52c7e924a1cf9f05534cf31eb3ceefedcdac3566ecd83455318d43ef08ce,5
메리츠증권,기타,참고,00163682,메리츠증권,2025,11011,사업보고서,IFRS17,E,"보고서 사업연도 >= 2023 이면 IFRS17, 아니면 IFRS4",2021.04.28,-,"1,000","6,784",전환권행사,보통주,2025-12-31,api,irdsSttus,"{""bsns_year"": ""2025"", ""corp_code"": ""00163682"", ""reprt_code"": ""11011""}",20260401004248,api_row,2026-09-11T10:54:21+09:00,000,run_20260911_103248_0367,raw/irdsSttus/00163682_2025_11011.json,bad8e5d43eef5034bf1e676fdf8c71dd9c80491761954ceef986b850c0eb6a07,5
메리츠증권,기타,참고,00163682,메리츠증권,2025,11011,사업보고서,IFRS17,E,"보고서 사업연도 >= 2023 이면 IFRS17, 아니면 IFRS4",2021.04.29,-,"1,000","7,251",전환권행사,보통주,2025-12-31,api,irdsSttus,"{""bsns_year"": ""2025"", ""corp_code"": ""00163682"", ""reprt_code"": ""11011""}",20260401004248,api_row,2026-09-11T10:54:21+09:00,000,run_20260911_103248_0367,raw/irdsSttus/00163682_2025_11011.json,bad8e5d43eef5034bf1e676fdf8c71dd9c80491761954ceef986b850c0eb6a07,5
메리츠증권,기타,참고,00163682,메리츠증권,2025,11011,사업보고서,IFRS17,E,"보고서 사업연도 >= 2023 이면 IFRS17, 아니면 IFRS4",2021.05.10,-,"1,000","6,113",전환권행사,보통주,2025-12-31,api,irdsSttus,"{""bsns_year"": ""2025"", ""corp_code"": ""00163682"", ""reprt_code"": ""11011""}",20260401004248,api_row,2026-09-11T10:54:21+09:00,000,run_20260911_103248_0367,raw/irdsSttus/00163682_2025_11011.json,bad8e5d43eef5034bf1e676fdf8c71dd9c80491761954ceef986b850c0eb6a07,5
메리츠증권,기타,참고,00163682,메리츠증권,2025,11011,사업보고서,IFRS17,E,"보고서 사업연도 >= 2023 이면 IFRS17, 아니면 IFRS4",2021.05.13,-,"1,000","1,424",전환권행사,보통주,2025-12-31,api,irdsSttus,"{""bsns_year"": ""2025"", ""corp_code"": ""00163682"", ""reprt_code"": ""11011""}",20260401004248,api_row,2026-09-11T10:54:21+09:00,000,run_20260911_103248_0367,raw/irdsSttus/00163682_2025_11011.json,bad8e5d43eef5034bf1e676fdf8c71dd9c80491761954ceef986b850c0eb6a07,5
메리츠증권,기타,참고,00163682,메리츠증권,2025,11011,사업보고서,IFRS17,E,"보고서 사업연도 >= 2023 이면 IFRS17, 아니면 IFRS4",2021.05.14,-,"1,000","17,299",전환권행사,보통주,2025-12-31,api,irdsSttus,"{""bsns_year"": ""2025"", ""corp_code"": ""00163682"", ""reprt_code"": ""11011""}",20260401004248,api_row,2026-09-11T10:54:21+09:00,000,run_20260911_103248_0367,raw/irdsSttus/00163682_2025_11011.json,bad8e5d43eef5034bf1e676fdf8c71dd9c80491761954ceef986b850c0eb6a07,5
메리츠증권,기타,참고,00163682,메리츠증권,2025,11011,사업보고서,IFRS17,E,"보고서 사업연도 >= 2023 이면 IFRS17, 아니면 IFRS4",2025.06.17,"12,500","1,000","4,000,000",유상증자(주주배정),보통주,2025-12-31,api,irdsSttus,"{""bsns_year"": ""2025"", ""corp_code"": ""00163682"", ""reprt_code"": ""11011""}",20260401004248,api_row,2026-09-11T10:54:21+09:00,000,run_20260911_103248_0367,raw/irdsSttus/00163682_2025_11011.json,bad8e5d43eef5034bf1e676fdf8c71dd9c80491761954ceef986b850c0eb6a07,5
메리츠증권,기타,참고,00163682,메리츠증권,2025,11011,사업보고서,IFRS17,E,"보고서 사업연도 >= 2023 이면 IFRS17, 아니면 IFRS4",2025.12.12,"12,903","1,000","38,750,679",유상증자(제3자배정),우선주,2025-12-31,api,irdsSttus,"{""bsns_year"": ""2025"", ""corp_code"": ""00163682"", ""reprt_code"": ""11011""}",20260401004248,api_row,2026-09-11T10:54:21+09:00,000,run_20260911_103248_0367,raw/irdsSttus/00163682_2025_11011.json,bad8e5d43eef5034bf1e676fdf8c71dd9c80491761954ceef986b850c0eb6a07,5
메리츠증권,기타,참고,00163682,메리츠증권,2025,11012,반기보고서,IFRS17,E,"보고서 사업연도 >= 2023 이면 IFRS17, 아니면 IFRS4",2021.04.28,-,"1,000","6,784",전환권행사,보통주,2025-06-30,api,irdsSttus,"{""bsns_year"": ""2025"", ""corp_code"": ""00163682"", ""reprt_code"": ""11012""}",20250814003313,api_row,2026-09-11T10:55:00+09:00,000,run_20260911_103248_0376,raw/irdsSttus/00163682_2025_11012.json,83cba57c6be7ab8c99d69c34c455480481a5ad74f92d65621ba88ec3641025d0,5
메리츠증권,기타,참고,00163682,메리츠증권,2025,11012,반기보고서,IFRS17,E,"보고서 사업연도 >= 2023 이면 IFRS17, 아니면 IFRS4",2021.04.29,-,"1,000","7,251",전환권행사,보통주,2025-06-30,api,irdsSttus,"{""bsns_year"": ""2025"", ""corp_code"": ""00163682"", ""reprt_code"": ""11012""}",20250814003313,api_row,2026-09-11T10:55:00+09:00,000,run_20260911_103248_0376,raw/irdsSttus/00163682_2025_11012.json,83cba57c6be7ab8c99d69c34c455480481a5ad74f92d65621ba88ec3641025d0,5
메리츠증권,기타,참고,00163682,메리츠증권,2025,11012,반기보고서,IFRS17,E,"보고서 사업연도 >= 2023 이면 IFRS17, 아니면 IFRS4",2021.05.10,-,"1,000","6,113",전환권행사,보통주,2025-06-30,api,irdsSttus,"{""bsns_year"": ""2025"", ""corp_code"": ""00163682"", ""reprt_code"": ""11012""}",20250814003313,api_row,2026-09-11T10:55:00+09:00,000,run_20260911_103248_0376,raw/irdsSttus/00163682_2025_11012.json,83cba57c6be7ab8c99d69c34c455480481a5ad74f92d65621ba88ec3641025d0,5
메리츠증권,기타,참고,00163682,메리츠증권,2025,11012,반기보고서,IFRS17,E,"보고서 사업연도 >= 2023 이면 IFRS17, 아니면 IFRS4",2021.05.13,-,"1,000","1,424",전환권행사,보통주,2025-06-30,api,irdsSttus,"{""bsns_year"": ""2025"", ""corp_code"": ""00163682"", ""reprt_code"": ""11012""}",20250814003313,api_row,2026-09-11T10:55:00+09:00,000,run_20260911_103248_0376,raw/irdsSttus/00163682_2025_11012.json,83cba57c6be7ab8c99d69c34c455480481a5ad74f92d65621ba88ec3641025d0,5
메리츠증권,기타,참고,00163682,메리츠증권,2025,11012,반기보고서,IFRS17,E,"보고서 사업연도 >= 2023 이면 IFRS17, 아니면 IFRS4",2021.05.14,-,"1,000","17,299",전환권행사,보통주,2025-06-30,api,irdsSttus,"{""bsns_year"": ""2025"", ""corp_code"": ""00163682"", ""reprt_code"": ""11012""}",20250814003313,api_row,2026-09-11T10:55:00+09:00,000,run_20260911_103248_0376,raw/irdsSttus/00163682_2025_11012.json,83cba57c6be7ab8c99d69c34c455480481a5ad74f92d65621ba88ec3641025d0,5
메리츠증권,기타,참고,00163682,메리츠증권,2025,11012,반기보고서,IFRS17,E,"보고서 사업연도 >= 2023 이면 IFRS17, 아니면 IFRS4",2025.06.17,"12,500","1,000","4,000,000",유상증자(주주배정),보통주,2025-06-30,api,irdsSttus,"{""bsns_year"": ""2025"", ""corp_code"": ""00163682"", ""reprt_code"": ""11012""}",20250814003313,api_row,2026-09-11T10:55:00+09:00,000,run_20260911_103248_0376,raw/irdsSttus/00163682_2025_11012.json,83cba57c6be7ab8c99d69c34c455480481a5ad74f92d65621ba88ec3641025d0,5
메리츠증권,기타,참고,00163682,메리츠증권,2026,11012,반기보고서,IFRS17,E,"보고서 사업연도 >= 2023 이면 IFRS17, 아니면 IFRS4",2025.06.17,"12,500","1,000","4,000,000",유상증자(주주배정),보통주,2026-06-30,api,irdsSttus,"{""bsns_year"": ""2026"", ""corp_code"": ""00163682"", ""reprt_code"": ""11012""}",20260814003209,api_row,2026-09-11T10:55:38+09:00,000,run_20260911_103248_0385,raw/irdsSttus/00163682_2026_11012.json,156f8012d31b2be53526180c6cbc38a1878037ed79e7e23a77109afd8751909c,5
메리츠증권,기타,참고,00163682,메리츠증권,2026,11012,반기보고서,IFRS17,E,"보고서 사업연도 >= 2023 이면 IFRS17, 아니면 IFRS4",2025.12.12,"12,903","1,000","38,750,679",유상증자(제3자배정),우선주,2026-06-30,api,irdsSttus,"{""bsns_year"": ""2026"", ""corp_code"": ""00163682"", ""reprt_code"": ""11012""}",20260814003209,api_row,2026-09-11T10:55:38+09:00,000,run_20260911_103248_0385,raw/irdsSttus/00163682_2026_11012.json,156f8012d31b2be53526180c6cbc38a1878037ed79e7e23a77109afd8751909c,5
메리츠화재해상보험,손보,전환주체,00117744,메리츠화재해상보험,2021,11011,사업보고서,IFRS4,E,"보고서 사업연도 >= 2023 이면 IFRS17, 아니면 IFRS4",2018.07.06,"20,950",500,"3,342,000",유상증자(제3자배정),보통주,2021-12-31,api,irdsSttus,"{""bsns_year"": ""2021"", ""corp_code"": ""00117744"", ""reprt_code"": ""11011""}",20221130001307,api_row,2026-09-11T10:39:01+09:00,000,run_20260911_103248_0142,raw/irdsSttus/00117744_2021_11011.json,36312eebb8a26c55981af81946dfb541c063a43cf5d4a1dc1cc05384257049b4,5
메리츠화재해상보험,손보,전환주체,00117744,메리츠화재해상보험,2021,11011,사업보고서,IFRS4,E,"보고서 사업연도 >= 2023 이면 IFRS17, 아니면 IFRS4",2020.11.14,"14,400",500,"6,945,000",유상증자(제3자배정),보통주,2021-12-31,api,irdsSttus,"{""bsns_year"": ""2021"", ""corp_code"": ""00117744"", ""reprt_code"": ""11011""}",20221130001307,api_row,2026-09-11T10:39:01+09:00,000,run_20260911_103248_0142,raw/irdsSttus/00117744_2021_11011.json,36312eebb8a26c55981af81946dfb541c063a43cf5d4a1dc1cc05384257049b4,5
메리츠화재해상보험,손보,전환주체,00117744,메리츠화재해상보험,2022,11011,사업보고서,IFRS4,E,"보고서 사업연도 >= 2023 이면 IFRS17, 아니면 IFRS4",2020.11.14,"14,400",500,"6,945,000",유상증자(제3자배정),보통주,2022-12-31,api,irdsSttus,"{""bsns_year"": ""2022"", ""corp_code"": ""00117744"", ""reprt_code"": ""11011""}",20230331004390,api_row,2026-09-11T10:39:15+09:00,000,run_20260911_103248_0151,raw/irdsSttus/00117744_2022_11011.json,892572817e6518188f4ec84305e39866fe2ca87a9aecd3d8eee3b5c6d084f398,5
메리츠화재해상보험,손보,전환주체,00117744,메리츠화재해상보험,2023,11011,사업보고서,IFRS17,E,"보고서 사업연도 >= 2023 이면 IFRS17, 아니면 IFRS4",-,-,-,-,-,-,2023-12-31,api,irdsSttus,"{""bsns_year"": ""2023"", ""corp_code"": ""00117744"", ""reprt_code"": ""11011""}",20240430000865,api_row,2026-09-11T10:39:31+09:00,000,run_20260911_103248_0160,raw/irdsSttus/00117744_2023_11011.json,679db4bc89e8eb8eb7c6f05880149c14134fcd64373c807f22c35482fb7edfcd,5
메리츠화재해상보험,손보,전환주체,00117744,메리츠화재해상보험,2024,11011,사업보고서,IFRS17,E,"보고서 사업연도 >= 2023 이면 IFRS17, 아니면 IFRS4",-,-,-,-,-,-,2024-12-31,api,irdsSttus,"{""bsns_year"": ""2024"", ""corp_code"": ""00117744"", ""reprt_code"": ""11011""}",20250331003145,api_row,2026-09-11T10:40:12+09:00,000,run_20260911_103248_0169,raw/irdsSttus/00117744_2024_11011.json,6e11f775952c5c06f27c7201c63706ca0ff099fc2fe84f794f45da23cb1a1eda,5
메리츠화재해상보험,손보,전환주체,00117744,메리츠화재해상보험,2025,11011,사업보고서,IFRS17,E,"보고서 사업연도 >= 2023 이면 IFRS17, 아니면 IFRS4",-,-,-,-,-,-,2025-12-31,api,irdsSttus,"{""bsns_year"": ""2025"", ""corp_code"": ""00117744"", ""reprt_code"": ""11011""}",20260331003916,api_row,2026-09-11T10:40:58+09:00,000,run_20260911_103248_0178,raw/irdsSttus/00117744_2025_11011.json,c434d8c89f53045bcd746d9e82da753ac1ab39c2429fdf84efec5855afb58529,5
메리츠화재해상보험,손보,전환주체,00117744,메리츠화재해상보험,2025,11012,반기보고서,IFRS17,E,"보고서 사업연도 >= 2023 이면 IFRS17, 아니면 IFRS4",-,-,-,-,-,-,2025-06-30,api,irdsSttus,"{""bsns_year"": ""2025"", ""corp_code"": ""00117744"", ""reprt_code"": ""11012""}",20250829001864,api_row,2026-09-11T10:41:35+09:00,000,run_20260911_103248_0187,raw/irdsSttus/00117744_2025_11012.json,6f65fec8ec66cc70430a5650c65d42aadf6bc96617ef0377242d82061eba2327,5
메리츠화재해상보험,손보,전환주체,00117744,메리츠화재해상보험,2026,11012,반기보고서,IFRS17,E,"보고서 사업연도 >= 2023 이면 IFRS17, 아니면 IFRS4",-,-,-,-,-,-,2026-06-30,api,irdsSttus,"{""bsns_year"": ""2026"", ""corp_code"": ""00117744"", ""reprt_code"": ""11012""}",20260814002253,api_row,2026-09-11T10:42:28+09:00,000,run_20260911_103248_0196,raw/irdsSttus/00117744_2026_11012.json,d145b1238b9da9acc17ceef411d53d936753103a610158a8b4d37414a70dc0ac,5
미래에셋생명보험,생보,대조군,00112332,미래에셋생명,2021,11011,사업보고서,IFRS4,Y,"보고서 사업연도 >= 2023 이면 IFRS17, 아니면 IFRS4",2018.03.23,"5,000","5,000","31,836,189",-,보통주,2021-12-31,api,irdsSttus,"{""bsns_year"": ""2021"", ""corp_code"": ""00112332"", ""reprt_code"": ""11011""}",20221017000313,api_row,2026-09-14T10:03:59+09:00,000,run_20260914_095520_0249,raw/irdsSttus/00112332_2021_11011.json,54225733eb556744e1ef3036082f04862d7807814e2e3e1e3c66a622ffea7fde,2
미래에셋생명보험,생보,대조군,00112332,미래에셋생명,2022,11011,사업보고서,IFRS4,Y,"보고서 사업연도 >= 2023 이면 IFRS17, 아니면 IFRS4",-,-,-,-,-,-,2022-12-31,api,irdsSttus,"{""bsns_year"": ""2022"", ""corp_code"": ""00112332"", ""reprt_code"": ""11011""}",20230317001035,api_row,2026-09-14T10:04:09+09:00,000,run_20260914_095520_0256,raw/irdsSttus/00112332_2022_11011.json,020bbaeac01182af6e573a33fe5414721ed6699950cb143c66c7871feef61576,2
미래에셋생명보험,생보,대조군,00112332,미래에셋생명,2023,11011,사업보고서,IFRS17,Y,"보고서 사업연도 >= 2023 이면 IFRS17, 아니면 IFRS4",-,-,-,-,-,-,2023-12-31,api,irdsSttus,"{""bsns_year"": ""2023"", ""corp_code"": ""00112332"", ""reprt_code"": ""11011""}",20240430001080,api_row,2026-09-14T10:04:19+09:00,000,run_20260914_095520_0263,raw/irdsSttus/00112332_2023_11011.json,2a87b57968a85e650cab8243a6e40e829fdcfcc492a5d271b3c45d0d04106ddc,2
미래에셋생명보험,생보,대조군,00112332,미래에셋생명,2024,11011,사업보고서,IFRS17,Y,"보고서 사업연도 >= 2023 이면 IFRS17, 아니면 IFRS4",-,-,-,-,-,-,2024-12-31,api,irdsSttus,"{""bsns_year"": ""2024"", ""corp_code"": ""00112332"", ""reprt_code"": ""11011""}",20250814003144,api_row,2026-09-14T10:04:29+09:00,000,run_20260914_095520_0270,raw/irdsSttus/00112332_2024_11011.json,9e6baef3168d662e0898150cbf569ebf2a15b1f0995ed0cce1ecd8b38f76834b,2
미래에셋생명보험,생보,대조군,00112332,미래에셋생명,2025,11011,사업보고서,IFRS17,Y,"보고서 사업연도 >= 2023 이면 IFRS17, 아니면 IFRS4",-,-,-,-,-,-,2025-12-31,api,irdsSttus,"{""bsns_year"": ""2025"", ""corp_code"": ""00112332"", ""reprt_code"": ""11011""}",20260721001043,api_row,2026-09-14T10:04:39+09:00,000,run_20260914_095520_0277,raw/irdsSttus/00112332_2025_11011.json,4e9f5c21c94ea69bdc2b4b07f1681e8e1a65ec01391dd1ae491b73af9b687e35,2
미래에셋생명보험,생보,대조군,00112332,미래에셋생명,2025,11012,반기보고서,IFRS17,Y,"보고서 사업연도 >= 2023 이면 IFRS17, 아니면 IFRS4",-,-,-,-,-,-,2025-06-30,api,irdsSttus,"{""bsns_year"": ""2025"", ""corp_code"": ""00112332"", ""reprt_code"": ""11012""}",20250829002124,api_row,2026-09-14T10:04:49+09:00,000,run_20260914_095520_0284,raw/irdsSttus/00112332_2025_11012.json,6b842f88fa607959798e1f83b68fd2dc1cf49d8995adb6eddf29455b816b051e,2
미래에셋생명보험,생보,대조군,00112332,미래에셋생명,2026,11012,반기보고서,IFRS17,Y,"보고서 사업연도 >= 2023 이면 IFRS17, 아니면 IFRS4",-,-,-,-,-,-,2026-06-30,api,irdsSttus,"{""bsns_year"": ""2026"", ""corp_code"": ""00112332"", ""reprt_code"": ""11012""}",20260831001303,api_row,2026-09-14T10:04:59+09:00,000,run_20260914_095520_0291,raw/irdsSttus/00112332_2026_11012.json,5deaecd6e88441b9a0a5cacb1c9556459055ae07bab8bf47e0c69c268a37e62b,2
미래에셋생명보험,생보,대조군,00112332,미래에셋생명,2026,11012,반기보고서,IFRS17,Y,"보고서 사업연도 >= 2023 이면 IFRS17, 아니면 IFRS4",-,-,-,-,-,-,2026-06-30,api,irdsSttus,"{""bsns_year"": ""2026"", ""corp_code"": ""00112332"", ""reprt_code"": ""11012""}",20260831001303,api_row,2026-09-14T10:04:59+09:00,000,run_20260914_095520_0291,raw/irdsSttus/00112332_2026_11012.json,5deaecd6e88441b9a0a5cacb1c9556459055ae07bab8bf47e0c69c268a37e62b,2
삼성생명보험,생보,대조군,00126256,삼성생명,2021,11011,사업보고서,IFRS4,Y,"보고서 사업연도 >= 2023 이면 IFRS17, 아니면 IFRS4",-,-,-,-,-,-,2021-12-31,api,irdsSttus,"{""bsns_year"": ""2021"", ""corp_code"": ""00126256"", ""reprt_code"": ""11011""}",20220308000939,api_row,2026-09-14T09:59:50+09:00,000,run_20260914_095520_0102,raw/irdsSttus/00126256_2021_11011.json,797a726b9ed88b3551f5ea22badcab49a809168820e987dfe78fade7d8afdb09,2
삼성생명보험,생보,대조군,00126256,삼성생명,2022,11011,사업보고서,IFRS4,Y,"보고서 사업연도 >= 2023 이면 IFRS17, 아니면 IFRS4",-,-,-,-,-,-,2022-12-31,api,irdsSttus,"{""bsns_year"": ""2022"", ""corp_code"": ""00126256"", ""reprt_code"": ""11011""}",20230308000737,api_row,2026-09-14T10:00:01+09:00,000,run_20260914_095520_0109,raw/irdsSttus/00126256_2022_11011.json,f600b2f63b7908139f54168ce4aa06200b542e634ab7c27a79c7c1915750205a,2
삼성생명보험,생보,대조군,00126256,삼성생명,2023,11011,사업보고서,IFRS17,Y,"보고서 사업연도 >= 2023 이면 IFRS17, 아니면 IFRS4",-,-,-,-,-,-,2023-12-31,api,irdsSttus,"{""bsns_year"": ""2023"", ""corp_code"": ""00126256"", ""reprt_code"": ""11011""}",20240612000329,api_row,2026-09-14T10:00:13+09:00,000,run_20260914_095520_0116,raw/irdsSttus/00126256_2023_11011.json,6d0f5cd4a1fb216b33917fe712b10a91cb19253d0767aaa0a874115f095cf049,2
삼성생명보험,생보,대조군,00126256,삼성생명,2024,11011,사업보고서,IFRS17,Y,"보고서 사업연도 >= 2023 이면 IFRS17, 아니면 IFRS4",-,-,-,-,-,-,2024-12-31,api,irdsSttus,"{""bsns_year"": ""2024"", ""corp_code"": ""00126256"", ""reprt_code"": ""11011""}",20250331004004,api_row,2026-09-14T10:00:24+09:00,000,run_20260914_095520_0123,raw/irdsSttus/00126256_2024_11011.json,037343efb3b7075952c013f4728af534646997ef0e1577e247a9fdda46e10b3a,2
삼성생명보험,생보,대조군,00126256,삼성생명,2025,11011,사업보고서,IFRS17,Y,"보고서 사업연도 >= 2023 이면 IFRS17, 아니면 IFRS4",-,-,-,-,-,-,2025-12-31,api,irdsSttus,"{""bsns_year"": ""2025"", ""corp_code"": ""00126256"", ""reprt_code"": ""11011""}",20260331004244,api_row,2026-09-14T10:00:35+09:00,000,run_20260914_095520_0130,raw/irdsSttus/00126256_2025_11011.json,01ed61ca68a0f75708c8913ac4f35ff2ca037a57f0e9003bfff4b19b9b43a798,2
삼성생명보험,생보,대조군,00126256,삼성생명,2025,11012,반기보고서,IFRS17,Y,"보고서 사업연도 >= 2023 이면 IFRS17, 아니면 IFRS4",-,-,-,-,-,-,2025-06-30,api,irdsSttus,"{""bsns_year"": ""2025"", ""corp_code"": ""00126256"", ""reprt_code"": ""11012""}",20250813000585,api_row,2026-09-14T10:00:46+09:00,000,run_20260914_095520_0137,raw/irdsSttus/00126256_2025_11012.json,c06cdc1d9c8825ed2e8b4a6dee0c83f03625edcbf48846afcabe2bb8794dfcfa,2
삼성생명보험,생보,대조군,00126256,삼성생명,2026,11012,반기보고서,IFRS17,Y,"보고서 사업연도 >= 2023 이면 IFRS17, 아니면 IFRS4",-,-,-,-,-,-,2026-06-30,api,irdsSttus,"{""bsns_year"": ""2026"", ""corp_code"": ""00126256"", ""reprt_code"": ""11012""}",20260814003263,api_row,2026-09-14T10:00:57+09:00,000,run_20260914_095520_0144,raw/irdsSttus/00126256_2026_11012.json,4e0c93492fb5152faf659dbcfca1f0583fb52fc8be652afb48ddbe4d650cb103,2
삼성화재해상보험,손보,대조군,00139214,삼성화재해상보험,2021,11011,사업보고서,IFRS4,Y,"보고서 사업연도 >= 2023 이면 IFRS17, 아니면 IFRS4",-,-,-,-,-,-,2021-12-31,api,irdsSttus,"{""bsns_year"": ""2021"", ""corp_code"": ""00139214"", ""reprt_code"": ""11011""}",20220310001159,api_row,2026-09-14T10:01:09+09:00,000,run_20260914_095520_0151,raw/irdsSttus/00139214_2021_11011.json,01d6e250b93fb94e52911e63e282d8431fe5411fa86a3f3044b16e514232e6ea,2
삼성화재해상보험,손보,대조군,00139214,삼성화재해상보험,2022,11011,사업보고서,IFRS4,Y,"보고서 사업연도 >= 2023 이면 IFRS17, 아니면 IFRS4",-,-,-,-,-,-,2022-12-31,api,irdsSttus,"{""bsns_year"": ""2022"", ""corp_code"": ""00139214"", ""reprt_code"": ""11011""}",20230309000772,api_row,2026-09-14T10:01:21+09:00,000,run_20260914_095520_0158,raw/irdsSttus/00139214_2022_11011.json,f63411960d1e7091753a5957363b939095b86318f503a68f576661cd6410baf0,2
삼성화재해상보험,손보,대조군,00139214,삼성화재해상보험,2023,11011,사업보고서,IFRS17,Y,"보고서 사업연도 >= 2023 이면 IFRS17, 아니면 IFRS4",-,-,-,-,-,-,2023-12-31,api,irdsSttus,"{""bsns_year"": ""2023"", ""corp_code"": ""00139214"", ""reprt_code"": ""11011""}",20240429000782,api_row,2026-09-14T10:01:33+09:00,000,run_20260914_095520_0165,raw/irdsSttus/00139214_2023_11011.json,36958df2e350df00a9072f4f2681042ba3fe9a47637d19a8cc2b91cf6277bcc7,2
삼성화재해상보험,손보,대조군,00139214,삼성화재해상보험,2024,11011,사업보고서,IFRS17,Y,"보고서 사업연도 >= 2023 이면 IFRS17, 아니면 IFRS4",-,-,-,-,-,-,2024-12-31,api,irdsSttus,"{""bsns_year"": ""2024"", ""corp_code"": ""00139214"", ""reprt_code"": ""11011""}",20250328001868,api_row,2026-09-14T10:01:46+09:00,000,run_20260914_095520_0172,raw/irdsSttus/00139214_2024_11011.json,e2044be5fc73bf784dc0ddb07eb7f2a510a4ed701ac7f79e3020ec4ba2292707,2
삼성화재해상보험,손보,대조군,00139214,삼성화재해상보험,2025,11011,사업보고서,IFRS17,Y,"보고서 사업연도 >= 2023 이면 IFRS17, 아니면 IFRS4",-,-,-,-,-,-,2025-12-31,api,irdsSttus,"{""bsns_year"": ""2025"", ""corp_code"": ""00139214"", ""reprt_code"": ""11011""}",20260312001399,api_row,2026-09-14T10:01:59+09:00,000,run_20260914_095520_0179,raw/irdsSttus/00139214_2025_11011.json,a9809306879cef28b73b3dfd0b4191498b2e45dde9951523dbdf7e44a6eeb257,2
삼성화재해상보험,손보,대조군,00139214,삼성화재해상보험,2025,11012,반기보고서,IFRS17,Y,"보고서 사업연도 >= 2023 이면 IFRS17, 아니면 IFRS4",-,-,-,-,-,-,2025-06-30,api,irdsSttus,"{""bsns_year"": ""2025"", ""corp_code"": ""00139214"", ""reprt_code"": ""11012""}",20250814004098,api_row,2026-09-14T10:02:12+09:00,000,run_20260914_095520_0186,raw/irdsSttus/00139214_2025_11012.json,63b6c12a79622a6b223d2de67a061594058813408e44f4159c90264d75e8ed6b,2
삼성화재해상보험,손보,대조군,00139214,삼성화재해상보험,2026,11012,반기보고서,IFRS17,Y,"보고서 사업연도 >= 2023 이면 IFRS17, 아니면 IFRS4",-,-,-,-,-,-,2026-06-30,api,irdsSttus,"{""bsns_year"": ""2026"", ""corp_code"": ""00139214"", ""reprt_code"": ""11012""}",20260814003992,api_row,2026-09-14T10:02:25+09:00,000,run_20260914_095520_0193,raw/irdsSttus/00139214_2026_11012.json,8324bfd9abd822efbd151da6543927c489d6d0a1634cda2d373923a764479dac,2
신한라이프생명보험,생보,보험자회사,00137517,신한라이프생명보험,2021,11011,사업보고서,IFRS4,E,"보고서 사업연도 >= 2023 이면 IFRS17, 아니면 IFRS4",2021.07.01,"5,000","5,000","75,654,859",-,보통주,2021-12-31,api,irdsSttus,"{""bsns_year"": ""2021"", ""corp_code"": ""00137517"", ""reprt_code"": ""11011""}",20220331002124,api_row,2026-08-31T15:56:16+09:00,000,run_20260831_152517_0797,raw/irdsSttus/00137517_2021_11011.json,49cc699b77dfe98cda7ef5068a30400b036bb061851e7814cbe1b0d90b13952d,16
신한라이프생명보험,생보,보험자회사,00137517,신한라이프생명보험,2022,11011,사업보고서,IFRS4,E,"보고서 사업연도 >= 2023 이면 IFRS17, 아니면 IFRS4",2021.07.01,"5,000","5,000","75,654,859",-,보통주,2022-12-31,api,irdsSttus,"{""bsns_year"": ""2022"", ""corp_code"": ""00137517"", ""reprt_code"": ""11011""}",20230315001232,api_row,2026-08-31T15:56:29+09:00,000,run_20260831_152517_0806,raw/irdsSttus/00137517_2022_11011.json,0f8bce820de3ee15bb98f8754661866e49fd80271970724e6c3c7c59b591c6fe,16
신한라이프생명보험,생보,보험자회사,00137517,신한라이프생명보험,2023,11011,사업보고서,IFRS17,E,"보고서 사업연도 >= 2023 이면 IFRS17, 아니면 IFRS4",2021.07.01,"5,000","5,000","75,654,859",-,보통주,2023-12-31,api,irdsSttus,"{""bsns_year"": ""2023"", ""corp_code"": ""00137517"", ""reprt_code"": ""11011""}",20240430001046,api_row,2026-08-31T15:56:42+09:00,000,run_20260831_152517_0815,raw/irdsSttus/00137517_2023_11011.json,31c2b772a079de90e9c5d26b842204a715a3cd46a59e188f6dc85e67b77593f9,16
신한라이프생명보험,생보,보험자회사,00137517,신한라이프생명보험,2024,11011,사업보고서,IFRS17,E,"보고서 사업연도 >= 2023 이면 IFRS17, 아니면 IFRS4",2021.07.01,"5,000","5,000","75,654,859",-,보통주,2024-12-31,api,irdsSttus,"{""bsns_year"": ""2024"", ""corp_code"": ""00137517"", ""reprt_code"": ""11011""}",20250331002957,api_row,2026-08-31T15:57:21+09:00,000,run_20260831_152517_0824,raw/irdsSttus/00137517_2024_11011.json,2b196ebd0856e03c4355b61a4ae95038451195ef2dee8f3bc9a07b4cbf40aab4,16
신한라이프생명보험,생보,보험자회사,00137517,신한라이프생명보험,2025,11011,사업보고서,IFRS17,E,"보고서 사업연도 >= 2023 이면 IFRS17, 아니면 IFRS4",-,-,-,-,-,-,2025-12-31,api,irdsSttus,"{""bsns_year"": ""2025"", ""corp_code"": ""00137517"", ""reprt_code"": ""11011""}",20260331004136,api_row,2026-08-31T15:57:40+09:00,000,run_20260831_152517_0832,raw/irdsSttus/00137517_2025_11011.json,b9cb1831291f4fa117b11456dd364da05916ec607bd9d1d523de04e446d9132e,16
신한라이프생명보험,생보,보험자회사,00137517,신한라이프생명보험,2025,11012,반기보고서,IFRS17,E,"보고서 사업연도 >= 2023 이면 IFRS17, 아니면 IFRS4",-,-,-,-,-,-,2025-06-30,api,irdsSttus,"{""bsns_year"": ""2025"", ""corp_code"": ""00137517"", ""reprt_code"": ""11012""}",20250829002109,api_row,2026-08-31T15:58:10+09:00,000,run_20260831_152517_0841,raw/irdsSttus/00137517_2025_11012.json,a939234f2b52a38bebbe0d1607d990c3e9e7c283d9aba5c7bf59b3e4c00ae837,16
신한라이프생명보험,생보,보험자회사,00137517,신한라이프생명보험,2026,11012,반기보고서,IFRS17,E,"보고서 사업연도 >= 2023 이면 IFRS17, 아니면 IFRS4",-,-,-,-,-,-,2026-06-30,api,irdsSttus,"{""bsns_year"": ""2026"", ""corp_code"": ""00137517"", ""reprt_code"": ""11012""}",20260814001090,api_row,2026-08-31T15:58:36+09:00,000,run_20260831_152517_0850,raw/irdsSttus/00137517_2026_11012.json,83b97f0ca927a1a9f408f405a0fe0ec31ee4746905fac145f04e3cc2aa7cb31d,16
신한은행(구),기타,전환주체,00149293,신한은행,2021,11011,사업보고서,IFRS4,E,"보고서 사업연도 >= 2023 이면 IFRS17, 아니면 IFRS4",-,-,-,-,-,-,2021-12-31,api,irdsSttus,"{""bsns_year"": ""2021"", ""corp_code"": ""00149293"", ""reprt_code"": ""11011""}",20220316001081,api_row,2026-09-11T13:45:13+09:00,000,run_20260911_133722_0162,raw/irdsSttus/00149293_2021_11011.json,4c19f7da2191ea5a7ae503c47ed47bd6ee8e891b2f7b5d81e0d2799af66113f3,5
신한은행(구),기타,전환주체,00149293,신한은행,2022,11011,사업보고서,IFRS4,E,"보고서 사업연도 >= 2023 이면 IFRS17, 아니면 IFRS4",-,-,-,-,-,-,2022-12-31,api,irdsSttus,"{""bsns_year"": ""2022"", ""corp_code"": ""00149293"", ""reprt_code"": ""11011""}",20230315001124,api_row,2026-09-11T13:45:49+09:00,000,run_20260911_133722_0171,raw/irdsSttus/00149293_2022_11011.json,e29a38c4ab4eda707bcad5246629b59e84d44ca2b265d457a2672e3fd341e5c5,5
신한은행(구),기타,전환주체,00149293,신한은행,2023,11011,사업보고서,IFRS17,E,"보고서 사업연도 >= 2023 이면 IFRS17, 아니면 IFRS4",-,-,-,-,-,-,2023-12-31,api,irdsSttus,"{""bsns_year"": ""2023"", ""corp_code"": ""00149293"", ""reprt_code"": ""11011""}",20240325000335,api_row,2026-09-11T13:46:24+09:00,000,run_20260911_133722_0180,raw/irdsSttus/00149293_2023_11011.json,be10fd493b188c0762b3debfd042dc0118e8dd4b520bef5f7a69a5e36d1cc02c,5
신한은행(구),기타,전환주체,00149293,신한은행,2024,11011,사업보고서,IFRS17,E,"보고서 사업연도 >= 2023 이면 IFRS17, 아니면 IFRS4",-,-,-,-,-,-,2024-12-31,api,irdsSttus,"{""bsns_year"": ""2024"", ""corp_code"": ""00149293"", ""reprt_code"": ""11011""}",20250318001188,api_row,2026-09-11T13:47:12+09:00,000,run_20260911_133722_0189,raw/irdsSttus/00149293_2024_11011.json,9051b4ec5746aeab826f08b33dac696f85677a49810373ab36c494476d5f148a,5
신한은행(구),기타,전환주체,00149293,신한은행,2025,11011,사업보고서,IFRS17,E,"보고서 사업연도 >= 2023 이면 IFRS17, 아니면 IFRS4",-,-,-,-,-,-,2025-12-31,api,irdsSttus,"{""bsns_year"": ""2025"", ""corp_code"": ""00149293"", ""reprt_code"": ""11011""}",20260318001285,api_row,2026-09-11T13:48:01+09:00,000,run_20260911_133722_0198,raw/irdsSttus/00149293_2025_11011.json,bb42bdf974477e65897f1a2609fe56435a4127934419945686b9a8f8e02d5184,5
신한은행(구),기타,전환주체,00149293,신한은행,2025,11012,반기보고서,IFRS17,E,"보고서 사업연도 >= 2023 이면 IFRS17, 아니면 IFRS4",-,-,-,-,-,-,2025-06-30,api,irdsSttus,"{""bsns_year"": ""2025"", ""corp_code"": ""00149293"", ""reprt_code"": ""11012""}",20250814003172,api_row,2026-09-11T13:48:51+09:00,000,run_20260911_133722_0207,raw/irdsSttus/00149293_2025_11012.json,4e616a8ca904c3010ec5db636f6cc909184b4b53a55e7f6ee4f5b4ef4ff69a73,5
신한은행(구),기타,전환주체,00149293,신한은행,2026,11012,반기보고서,IFRS17,E,"보고서 사업연도 >= 2023 이면 IFRS17, 아니면 IFRS4",-,-,-,-,-,-,2026-06-30,api,irdsSttus,"{""bsns_year"": ""2026"", ""corp_code"": ""00149293"", ""reprt_code"": ""11012""}",20260814003576,api_row,2026-09-11T13:49:39+09:00,000,run_20260911_133722_0216,raw/irdsSttus/00149293_2026_11012.json,ddafea8e54ceadbad859efc4d4d2e87da82a58f3ac183c08dd639600627517bb,5
신한지주,지주,지주,00382199,신한지주,2015,11011,사업보고서,IFRS4,Y,"보고서 사업연도 >= 2023 이면 IFRS17, 아니면 IFRS4",2001.09.01,"11,761","5,000","292,344,192",-,보통주,2015-12-31,api,irdsSttus,"{""bsns_year"": ""2015"", ""corp_code"": ""00382199"", ""reprt_code"": ""11011""}",20160401000272,api_row,2026-08-31T15:05:22+09:00,000,run_20260831_150050_0027,raw/irdsSttus/00382199_2015_11011.json,0877fb8fab0837d1c9b909348c4fcca72c653699f72bb05e536be309a9a6eea8,16
신한지주,지주,지주,00382199,신한지주,2015,11011,사업보고서,IFRS4,Y,"보고서 사업연도 >= 2023 이면 IFRS17, 아니면 IFRS4",2003.12.31,-,"5,000","164,484",-,보통주,2015-12-31,api,irdsSttus,"{""bsns_year"": ""2015"", ""corp_code"": ""00382199"", ""reprt_code"": ""11011""}",20160401000272,api_row,2026-08-31T15:05:22+09:00,000,run_20260831_150050_0027,raw/irdsSttus/00382199_2015_11011.json,0877fb8fab0837d1c9b909348c4fcca72c653699f72bb05e536be309a9a6eea8,16
신한지주,지주,지주,00382199,신한지주,2015,11011,사업보고서,IFRS4,Y,"보고서 사업연도 >= 2023 이면 IFRS17, 아니면 IFRS4",2004.06.22,-,"5,000","14,682,590",-,보통주,2015-12-31,api,irdsSttus,"{""bsns_year"": ""2015"", ""corp_code"": ""00382199"", ""reprt_code"": ""11011""}",20160401000272,api_row,2026-08-31T15:05:22+09:00,000,run_20260831_150050_0027,raw/irdsSttus/00382199_2015_11011.json,0877fb8fab0837d1c9b909348c4fcca72c653699f72bb05e536be309a9a6eea8,16
신한지주,지주,지주,00382199,신한지주,2015,11011,사업보고서,IFRS4,Y,"보고서 사업연도 >= 2023 이면 IFRS17, 아니면 IFRS4",2004.12.23,-,"5,000","10,235,121",-,보통주,2015-12-31,api,irdsSttus,"{""bsns_year"": ""2015"", ""corp_code"": ""00382199"", ""reprt_code"": ""11011""}",20160401000272,api_row,2026-08-31T15:05:22+09:00,000,run_20260831_150050_0027,raw/irdsSttus/00382199_2015_11011.json,0877fb8fab0837d1c9b909348c4fcca72c653699f72bb05e536be309a9a6eea8,16
신한지주,지주,지주,00382199,신한지주,2015,11011,사업보고서,IFRS4,Y,"보고서 사업연도 >= 2023 이면 IFRS17, 아니면 IFRS4",2005.12.13,-,"5,000","17,528,000",-,보통주,2015-12-31,api,irdsSttus,"{""bsns_year"": ""2015"", ""corp_code"": ""00382199"", ""reprt_code"": ""11011""}",20160401000272,api_row,2026-08-31T15:05:22+09:00,000,run_20260831_150050_0027,raw/irdsSttus/00382199_2015_11011.json,0877fb8fab0837d1c9b909348c4fcca72c653699f72bb05e536be309a9a6eea8,16
신한지주,지주,지주,00382199,신한지주,2015,11011,사업보고서,IFRS4,Y,"보고서 사업연도 >= 2023 이면 IFRS17, 아니면 IFRS4",2007.01.25,"100,000","5,000","28,990,000",유상증자(제3자배정),우선주,2015-12-31,api,irdsSttus,"{""bsns_year"": ""2015"", ""corp_code"": ""00382199"", ""reprt_code"": ""11011""}",20160401000272,api_row,2026-08-31T15:05:22+09:00,000,run_20260831_150050_0027,raw/irdsSttus/00382199_2015_11011.json,0877fb8fab0837d1c9b909348c4fcca72c653699f72bb05e536be309a9a6eea8,16
신한지주,지주,지주,00382199,신한지주,2015,11011,사업보고서,IFRS4,Y,"보고서 사업연도 >= 2023 이면 IFRS17, 아니면 IFRS4",2007.01.25,"57,806","5,000","14,721,000",유상증자(제3자배정),우선주,2015-12-31,api,irdsSttus,"{""bsns_year"": ""2015"", ""corp_code"": ""00382199"", ""reprt_code"": ""11011""}",20160401000272,api_row,2026-08-31T15:05:22+09:00,000,run_20260831_150050_0027,raw/irdsSttus/00382199_2015_11011.json,0877fb8fab0837d1c9b909348c4fcca72c653699f72bb05e536be309a9a6eea8,16
신한지주,지주,지주,00382199,신한지주,2015,11011,사업보고서,IFRS4,Y,"보고서 사업연도 >= 2023 이면 IFRS17, 아니면 IFRS4",2007.09.21,-,"5,000","14,631,973",-,보통주,2015-12-31,api,irdsSttus,"{""bsns_year"": ""2015"", ""corp_code"": ""00382199"", ""reprt_code"": ""11011""}",20160401000272,api_row,2026-08-31T15:05:22+09:00,000,run_20260831_150050_0027,raw/irdsSttus/00382199_2015_11011.json,0877fb8fab0837d1c9b909348c4fcca72c653699f72bb05e536be309a9a6eea8,16
신한지주,지주,지주,00382199,신한지주,2015,11011,사업보고서,IFRS4,Y,"보고서 사업연도 >= 2023 이면 IFRS17, 아니면 IFRS4",2009.03.25,"16,800","5,000","78,000,000",유상증자(주주배정),보통주,2015-12-31,api,irdsSttus,"{""bsns_year"": ""2015"", ""corp_code"": ""00382199"", ""reprt_code"": ""11011""}",20160401000272,api_row,2026-08-31T15:05:22+09:00,000,run_20260831_150050_0027,raw/irdsSttus/00382199_2015_11011.json,0877fb8fab0837d1c9b909348c4fcca72c653699f72bb05e536be309a9a6eea8,16
신한지주,지주,지주,00382199,신한지주,2015,11011,사업보고서,IFRS4,Y,"보고서 사업연도 >= 2023 이면 IFRS17, 아니면 IFRS4",2011.04.21,"100,000","5,000","11,100,000",유상증자(제3자배정),우선주,2015-12-31,api,irdsSttus,"{""bsns_year"": ""2015"", ""corp_code"": ""00382199"", ""reprt_code"": ""11011""}",20160401000272,api_row,2026-08-31T15:05:22+09:00,000,run_20260831_150050_0027,raw/irdsSttus/00382199_2015_11011.json,0877fb8fab0837d1c9b909348c4fcca72c653699f72bb05e536be309a9a6eea8,16
신한지주,지주,지주,00382199,신한지주,2015,11011,사업보고서,IFRS4,Y,"보고서 사업연도 >= 2023 이면 IFRS17, 아니면 IFRS4",2002.06.06,-,"5,000","15,891",-,보통주,2015-12-31,api,irdsSttus,"{""bsns_year"": ""2015"", ""corp_code"": ""00382199"", ""reprt_code"": ""11011""}",20160401000272,api_row,2026-08-31T15:05:22+09:00,000,run_20260831_150050_0027,raw/irdsSttus/00382199_2015_11011.json,0877fb8fab0837d1c9b909348c4fcca72c653699f72bb05e536be309a9a6eea8,16
신한지주,지주,지주,00382199,신한지주,2015,11011,사업보고서,IFRS4,Y,"보고서 사업연도 >= 2023 이면 IFRS17, 아니면 IFRS4",2002.10.01,-,"5,000",786,-,보통주,2015-12-31,api,irdsSttus,"{""bsns_year"": ""2015"", ""corp_code"": ""00382199"", ""reprt_code"": ""11011""}",20160401000272,api_row,2026-08-31T15:05:22+09:00,000,run_20260831_150050_0027,raw/irdsSttus/00382199_2015_11011.json,0877fb8fab0837d1c9b909348c4fcca72c653699f72bb05e536be309a9a6eea8,16
신한지주,지주,지주,00382199,신한지주,2015,11011,사업보고서,IFRS4,Y,"보고서 사업연도 >= 2023 이면 IFRS17, 아니면 IFRS4",2002.12.31,-,"5,000",256,-,보통주,2015-12-31,api,irdsSttus,"{""bsns_year"": ""2015"", ""corp_code"": ""00382199"", ""reprt_code"": ""11011""}",20160401000272,api_row,2026-08-31T15:05:22+09:00,000,run_20260831_150050_0027,raw/irdsSttus/00382199_2015_11011.json,0877fb8fab0837d1c9b909348c4fcca72c653699f72bb05e536be309a9a6eea8,16
신한지주,지주,지주,00382199,신한지주,2015,11011,사업보고서,IFRS4,Y,"보고서 사업연도 >= 2023 이면 IFRS17, 아니면 IFRS4",2003.08.19,"150,000","5,000","6,000,000",유상증자(제3자배정),우선주,2015-12-31,api,irdsSttus,"{""bsns_year"": ""2015"", ""corp_code"": ""00382199"", ""reprt_code"": ""11011""}",20160401000272,api_row,2026-08-31T15:05:22+09:00,000,run_20260831_150050_0027,raw/irdsSttus/00382199_2015_11011.json,0877fb8fab0837d1c9b909348c4fcca72c653699f72bb05e536be309a9a6eea8,16
신한지주,지주,지주,00382199,신한지주,2015,11011,사업보고서,IFRS4,Y,"보고서 사업연도 >= 2023 이면 IFRS17, 아니면 IFRS4",2003.08.19,"18,086","5,000","46,583,961",유상증자(제3자배정),우선주,2015-12-31,api,irdsSttus,"{""bsns_year"": ""2015"", ""corp_code"": ""00382199"", ""reprt_code"": ""11011""}",20160401000272,api_row,2026-08-31T15:05:22+09:00,000,run_20260831_150050_0027,raw/irdsSttus/00382199_2015_11011.json,0877fb8fab0837d1c9b909348c4fcca72c653699f72bb05e536be309a9a6eea8,16
신한지주,지주,지주,00382199,신한지주,2015,11011,사업보고서,IFRS4,Y,"보고서 사업연도 >= 2023 이면 IFRS17, 아니면 IFRS4",2003.08.19,"18,086","5,000","44,720,603",유상증자(제3자배정),우선주,2015-12-31,api,irdsSttus,"{""bsns_year"": ""2015"", ""corp_code"": ""00382199"", ""reprt_code"": ""11011""}",20160401000272,api_row,2026-08-31T15:05:22+09:00,000,run_20260831_150050_0027,raw/irdsSttus/00382199_2015_11011.json,0877fb8fab0837d1c9b909348c4fcca72c653699f72bb05e536be309a9a6eea8,16
신한지주,지주,지주,00382199,신한지주,2015,11011,사업보고서,IFRS4,Y,"보고서 사업연도 >= 2023 이면 IFRS17, 아니면 IFRS4",2003.09.26,"14,832","5,000","1,864,065",유상증자(제3자배정),보통주,2015-12-31,api,irdsSttus,"{""bsns_year"": ""2015"", ""corp_code"": ""00382199"", ""reprt_code"": ""11011""}",20160401000272,api_row,2026-08-31T15:05:22+09:00,000,run_20260831_150050_0027,raw/irdsSttus/00382199_2015_11011.json,0877fb8fab0837d1c9b909348c4fcca72c653699f72bb05e536be309a9a6eea8,16
신한지주,지주,지주,00382199,신한지주,2015,11011,사업보고서,IFRS4,Y,"보고서 사업연도 >= 2023 이면 IFRS17, 아니면 IFRS4",2003.10.01,-,"5,000","11,626",-,보통주,2015-12-31,api,irdsSttus,"{""bsns_year"": ""2015"", ""corp_code"": ""00382199"", ""reprt_code"": ""11011""}",20160401000272,api_row,2026-08-31T15:05:22+09:00,000,run_20260831_150050_0027,raw/irdsSttus/00382199_2015_11011.json,0877fb8fab0837d1c9b909348c4fcca72c653699f72bb05e536be309a9a6eea8,16
신한지주,지주,지주,00382199,신한지주,2016,11011,사업보고서,IFRS4,Y,"보고서 사업연도 >= 2023 이면 IFRS17, 아니면 IFRS4",2001.09.01,"11,761","5,000","292,344,192",-,보통주,2016-12-31,api,irdsSttus,"{""bsns_year"": ""2016"", ""corp_code"": ""00382199"", ""reprt_code"": ""11011""}",20170331003963,api_row,2026-08-31T15:05:23+09:00,000,run_20260831_150050_0028,raw/irdsSttus/00382199_2016_11011.json,029180968116caed220dac6434bf713e206260aa5c95eb79ed6ddd8c0f623608,16
신한지주,지주,지주,00382199,신한지주,2016,11011,사업보고서,IFRS4,Y,"보고서 사업연도 >= 2023 이면 IFRS17, 아니면 IFRS4",2003.12.31,-,"5,000","164,484",-,보통주,2016-12-31,api,irdsSttus,"{""bsns_year"": ""2016"", ""corp_code"": ""00382199"", ""reprt_code"": ""11011""}",20170331003963,api_row,2026-08-31T15:05:23+09:00,000,run_20260831_150050_0028,raw/irdsSttus/00382199_2016_11011.json,029180968116caed220dac6434bf713e206260aa5c95eb79ed6ddd8c0f623608,16
신한지주,지주,지주,00382199,신한지주,2016,11011,사업보고서,IFRS4,Y,"보고서 사업연도 >= 2023 이면 IFRS17, 아니면 IFRS4",2004.06.22,-,"5,000","14,682,590",-,보통주,2016-12-31,api,irdsSttus,"{""bsns_year"": ""2016"", ""corp_code"": ""00382199"", ""reprt_code"": ""11011""}",20170331003963,api_row,2026-08-31T15:05:23+09:00,000,run_20260831_150050_0028,raw/irdsSttus/00382199_2016_11011.json,029180968116caed220dac6434bf713e206260aa5c95eb79ed6ddd8c0f623608,16
신한지주,지주,지주,00382199,신한지주,2016,11011,사업보고서,IFRS4,Y,"보고서 사업연도 >= 2023 이면 IFRS17, 아니면 IFRS4",2004.12.23,-,"5,000","10,235,121",-,보통주,2016-12-31,api,irdsSttus,"{""bsns_year"": ""2016"", ""corp_code"": ""00382199"", ""reprt_code"": ""11011""}",20170331003963,api_row,2026-08-31T15:05:23+09:00,000,run_20260831_150050_0028,raw/irdsSttus/00382199_2016_11011.json,029180968116caed220dac6434bf713e206260aa5c95eb79ed6ddd8c0f623608,16
신한지주,지주,지주,00382199,신한지주,2016,11011,사업보고서,IFRS4,Y,"보고서 사업연도 >= 2023 이면 IFRS17, 아니면 IFRS4",2005.12.13,-,"5,000","17,528,000",-,보통주,2016-12-31,api,irdsSttus,"{""bsns_year"": ""2016"", ""corp_code"": ""00382199"", ""reprt_code"": ""11011""}",20170331003963,api_row,2026-08-31T15:05:23+09:00,000,run_20260831_150050_0028,raw/irdsSttus/00382199_2016_11011.json,029180968116caed220dac6434bf713e206260aa5c95eb79ed6ddd8c0f623608,16
신한지주,지주,지주,00382199,신한지주,2016,11011,사업보고서,IFRS4,Y,"보고서 사업연도 >= 2023 이면 IFRS17, 아니면 IFRS4",2007.01.25,"100,000","5,000","28,990,000",유상증자(제3자배정),우선주,2016-12-31,api,irdsSttus,"{""bsns_year"": ""2016"", ""corp_code"": ""00382199"", ""reprt_code"": ""11011""}",20170331003963,api_row,2026-08-31T15:05:23+09:00,000,run_20260831_150050_0028,raw/irdsSttus/00382199_2016_11011.json,029180968116caed220dac6434bf713e206260aa5c95eb79ed6ddd8c0f623608,16
신한지주,지주,지주,00382199,신한지주,2016,11011,사업보고서,IFRS4,Y,"보고서 사업연도 >= 2023 이면 IFRS17, 아니면 IFRS4",2007.01.25,"57,806","5,000","14,721,000",유상증자(제3자배정),우선주,2016-12-31,api,irdsSttus,"{""bsns_year"": ""2016"", ""corp_code"": ""00382199"", ""reprt_code"": ""11011""}",20170331003963,api_row,2026-08-31T15:05:23+09:00,000,run_20260831_150050_0028,raw/irdsSttus/00382199_2016_11011.json,029180968116caed220dac6434bf713e206260aa5c95eb79ed6ddd8c0f623608,16
신한지주,지주,지주,00382199,신한지주,2016,11011,사업보고서,IFRS4,Y,"보고서 사업연도 >= 2023 이면 IFRS17, 아니면 IFRS4",2007.09.21,-,"5,000","14,631,973",-,보통주,2016-12-31,api,irdsSttus,"{""bsns_year"": ""2016"", ""corp_code"": ""00382199"", ""reprt_code"": ""11011""}",20170331003963,api_row,2026-08-31T15:05:23+09:00,000,run_20260831_150050_0028,raw/irdsSttus/00382199_2016_11011.json,029180968116caed220dac6434bf713e206260aa5c95eb79ed6ddd8c0f623608,16
신한지주,지주,지주,00382199,신한지주,2016,11011,사업보고서,IFRS4,Y,"보고서 사업연도 >= 2023 이면 IFRS17, 아니면 IFRS4",2009.03.25,"16,800","5,000","78,000,000",유상증자(주주배정),보통주,2016-12-31,api,irdsSttus,"{""bsns_year"": ""2016"", ""corp_code"": ""00382199"", ""reprt_code"": ""11011""}",20170331003963,api_row,2026-08-31T15:05:23+09:00,000,run_20260831_150050_0028,raw/irdsSttus/00382199_2016_11011.json,029180968116caed220dac6434bf713e206260aa5c95eb79ed6ddd8c0f623608,16
신한지주,지주,지주,00382199,신한지주,2016,11011,사업보고서,IFRS4,Y,"보고서 사업연도 >= 2023 이면 IFRS17, 아니면 IFRS4",2011.04.21,"100,000","5,000","11,100,000",유상증자(제3자배정),우선주,2016-12-31,api,irdsSttus,"{""bsns_year"": ""2016"", ""corp_code"": ""00382199"", ""reprt_code"": ""11011""}",20170331003963,api_row,2026-08-31T15:05:23+09:00,000,run_20260831_150050_0028,raw/irdsSttus/00382199_2016_11011.json,029180968116caed220dac6434bf713e206260aa5c95eb79ed6ddd8c0f623608,16
신한지주,지주,지주,00382199,신한지주,2016,11011,사업보고서,IFRS4,Y,"보고서 사업연도 >= 2023 이면 IFRS17, 아니면 IFRS4",2002.06.06,-,"5,000","15,891",-,보통주,2016-12-31,api,irdsSttus,"{""bsns_year"": ""2016"", ""corp_code"": ""00382199"", ""reprt_code"": ""11011""}",20170331003963,api_row,2026-08-31T15:05:23+09:00,000,run_20260831_150050_0028,raw/irdsSttus/00382199_2016_11011.json,029180968116caed220dac6434bf713e206260aa5c95eb79ed6ddd8c0f623608,16
신한지주,지주,지주,00382199,신한지주,2016,11011,사업보고서,IFRS4,Y,"보고서 사업연도 >= 2023 이면 IFRS17, 아니면 IFRS4",2002.10.01,-,"5,000",786,-,보통주,2016-12-31,api,irdsSttus,"{""bsns_year"": ""2016"", ""corp_code"": ""00382199"", ""reprt_code"": ""11011""}",20170331003963,api_row,2026-08-31T15:05:23+09:00,000,run_20260831_150050_0028,raw/irdsSttus/00382199_2016_11011.json,029180968116caed220dac6434bf713e206260aa5c95eb79ed6ddd8c0f623608,16
신한지주,지주,지주,00382199,신한지주,2016,11011,사업보고서,IFRS4,Y,"보고서 사업연도 >= 2023 이면 IFRS17, 아니면 IFRS4",2002.12.31,-,"5,000",256,-,보통주,2016-12-31,api,irdsSttus,"{""bsns_year"": ""2016"", ""corp_code"": ""00382199"", ""reprt_code"": ""11011""}",20170331003963,api_row,2026-08-31T15:05:23+09:00,000,run_20260831_150050_0028,raw/irdsSttus/00382199_2016_11011.json,029180968116caed220dac6434bf713e206260aa5c95eb79ed6ddd8c0f623608,16
신한지주,지주,지주,00382199,신한지주,2016,11011,사업보고서,IFRS4,Y,"보고서 사업연도 >= 2023 이면 IFRS17, 아니면 IFRS4",2003.08.19,"150,000","5,000","6,000,000",유상증자(제3자배정),우선주,2016-12-31,api,irdsSttus,"{""bsns_year"": ""2016"", ""corp_code"": ""00382199"", ""reprt_code"": ""11011""}",20170331003963,api_row,2026-08-31T15:05:23+09:00,000,run_20260831_150050_0028,raw/irdsSttus/00382199_2016_11011.json,029180968116caed220dac6434bf713e206260aa5c95eb79ed6ddd8c0f623608,16
신한지주,지주,지주,00382199,신한지주,2016,11011,사업보고서,IFRS4,Y,"보고서 사업연도 >= 2023 이면 IFRS17, 아니면 IFRS4",2003.08.19,"18,086","5,000","46,583,961",유상증자(제3자배정),우선주,2016-12-31,api,irdsSttus,"{""bsns_year"": ""2016"", ""corp_code"": ""00382199"", ""reprt_code"": ""11011""}",20170331003963,api_row,2026-08-31T15:05:23+09:00,000,run_20260831_150050_0028,raw/irdsSttus/00382199_2016_11011.json,029180968116caed220dac6434bf713e206260aa5c95eb79ed6ddd8c0f623608,16
신한지주,지주,지주,00382199,신한지주,2016,11011,사업보고서,IFRS4,Y,"보고서 사업연도 >= 2023 이면 IFRS17, 아니면 IFRS4",2003.08.19,"18,086","5,000","44,720,603",유상증자(제3자배정),우선주,2016-12-31,api,irdsSttus,"{""bsns_year"": ""2016"", ""corp_code"": ""00382199"", ""reprt_code"": ""11011""}",20170331003963,api_row,2026-08-31T15:05:23+09:00,000,run_20260831_150050_0028,raw/irdsSttus/00382199_2016_11011.json,029180968116caed220dac6434bf713e206260aa5c95eb79ed6ddd8c0f623608,16
신한지주,지주,지주,00382199,신한지주,2016,11011,사업보고서,IFRS4,Y,"보고서 사업연도 >= 2023 이면 IFRS17, 아니면 IFRS4",2003.09.26,"14,832","5,000","1,864,065",유상증자(제3자배정),보통주,2016-12-31,api,irdsSttus,"{""bsns_year"": ""2016"", ""corp_code"": ""00382199"", ""reprt_code"": ""11011""}",20170331003963,api_row,2026-08-31T15:05:23+09:00,000,run_20260831_150050_0028,raw/irdsSttus/00382199_2016_11011.json,029180968116caed220dac6434bf713e206260aa5c95eb79ed6ddd8c0f623608,16
신한지주,지주,지주,00382199,신한지주,2016,11011,사업보고서,IFRS4,Y,"보고서 사업연도 >= 2023 이면 IFRS17, 아니면 IFRS4",2003.10.01,-,"5,000","11,626",-,보통주,2016-12-31,api,irdsSttus,"{""bsns_year"": ""2016"", ""corp_code"": ""00382199"", ""reprt_code"": ""11011""}",20170331003963,api_row,2026-08-31T15:05:23+09:00,000,run_20260831_150050_0028,raw/irdsSttus/00382199_2016_11011.json,029180968116caed220dac6434bf713e206260aa5c95eb79ed6ddd8c0f623608,16
신한지주,지주,지주,00382199,신한지주,2017,11011,사업보고서,IFRS4,Y,"보고서 사업연도 >= 2023 이면 IFRS17, 아니면 IFRS4",2001.09.01,"11,761","5,000","292,344,192",-,보통주,2017-12-31,api,irdsSttus,"{""bsns_year"": ""2017"", ""corp_code"": ""00382199"", ""reprt_code"": ""11011""}",20190705000433,api_row,2026-08-31T15:05:25+09:00,000,run_20260831_150050_0029,raw/irdsSttus/00382199_2017_11011.json,a37f1768e158535c77df2081b7bd450b9dd1843a6fa01e7cc1bee9080144a721,16
신한지주,지주,지주,00382199,신한지주,2017,11011,사업보고서,IFRS4,Y,"보고서 사업연도 >= 2023 이면 IFRS17, 아니면 IFRS4",2003.12.31,-,"5,000","164,484",-,보통주,2017-12-31,api,irdsSttus,"{""bsns_year"": ""2017"", ""corp_code"": ""00382199"", ""reprt_code"": ""11011""}",20190705000433,api_row,2026-08-31T15:05:25+09:00,000,run_20260831_150050_0029,raw/irdsSttus/00382199_2017_11011.json,a37f1768e158535c77df2081b7bd450b9dd1843a6fa01e7cc1bee9080144a721,16
신한지주,지주,지주,00382199,신한지주,2017,11011,사업보고서,IFRS4,Y,"보고서 사업연도 >= 2023 이면 IFRS17, 아니면 IFRS4",2004.06.22,-,"5,000","14,682,590",-,보통주,2017-12-31,api,irdsSttus,"{""bsns_year"": ""2017"", ""corp_code"": ""00382199"", ""reprt_code"": ""11011""}",20190705000433,api_row,2026-08-31T15:05:25+09:00,000,run_20260831_150050_0029,raw/irdsSttus/00382199_2017_11011.json,a37f1768e158535c77df2081b7bd450b9dd1843a6fa01e7cc1bee9080144a721,16
신한지주,지주,지주,00382199,신한지주,2017,11011,사업보고서,IFRS4,Y,"보고서 사업연도 >= 2023 이면 IFRS17, 아니면 IFRS4",2004.12.23,-,"5,000","10,235,121",-,보통주,2017-12-31,api,irdsSttus,"{""bsns_year"": ""2017"", ""corp_code"": ""00382199"", ""reprt_code"": ""11011""}",20190705000433,api_row,2026-08-31T15:05:25+09:00,000,run_20260831_150050_0029,raw/irdsSttus/00382199_2017_11011.json,a37f1768e158535c77df2081b7bd450b9dd1843a6fa01e7cc1bee9080144a721,16
신한지주,지주,지주,00382199,신한지주,2017,11011,사업보고서,IFRS4,Y,"보고서 사업연도 >= 2023 이면 IFRS17, 아니면 IFRS4",2005.12.13,-,"5,000","17,528,000",-,보통주,2017-12-31,api,irdsSttus,"{""bsns_year"": ""2017"", ""corp_code"": ""00382199"", ""reprt_code"": ""11011""}",20190705000433,api_row,2026-08-31T15:05:25+09:00,000,run_20260831_150050_0029,raw/irdsSttus/00382199_2017_11011.json,a37f1768e158535c77df2081b7bd450b9dd1843a6fa01e7cc1bee9080144a721,16
신한지주,지주,지주,00382199,신한지주,2017,11011,사업보고서,IFRS4,Y,"보고서 사업연도 >= 2023 이면 IFRS17, 아니면 IFRS4",2007.01.25,"100,000","5,000","28,990,000",유상증자(제3자배정),우선주,2017-12-31,api,irdsSttus,"{""bsns_year"": ""2017"", ""corp_code"": ""00382199"", ""reprt_code"": ""11011""}",20190705000433,api_row,2026-08-31T15:05:25+09:00,000,run_20260831_150050_0029,raw/irdsSttus/00382199_2017_11011.json,a37f1768e158535c77df2081b7bd450b9dd1843a6fa01e7cc1bee9080144a721,16
신한지주,지주,지주,00382199,신한지주,2017,11011,사업보고서,IFRS4,Y,"보고서 사업연도 >= 2023 이면 IFRS17, 아니면 IFRS4",2007.01.25,"57,806","5,000","14,721,000",유상증자(제3자배정),우선주,2017-12-31,api,irdsSttus,"{""bsns_year"": ""2017"", ""corp_code"": ""00382199"", ""reprt_code"": ""11011""}",20190705000433,api_row,2026-08-31T15:05:25+09:00,000,run_20260831_150050_0029,raw/irdsSttus/00382199_2017_11011.json,a37f1768e158535c77df2081b7bd450b9dd1843a6fa01e7cc1bee9080144a721,16
신한지주,지주,지주,00382199,신한지주,2017,11011,사업보고서,IFRS4,Y,"보고서 사업연도 >= 2023 이면 IFRS17, 아니면 IFRS4",2007.09.21,-,"5,000","14,631,973",-,보통주,2017-12-31,api,irdsSttus,"{""bsns_year"": ""2017"", ""corp_code"": ""00382199"", ""reprt_code"": ""11011""}",20190705000433,api_row,2026-08-31T15:05:25+09:00,000,run_20260831_150050_0029,raw/irdsSttus/00382199_2017_11011.json,a37f1768e158535c77df2081b7bd450b9dd1843a6fa01e7cc1bee9080144a721,16
신한지주,지주,지주,00382199,신한지주,2017,11011,사업보고서,IFRS4,Y,"보고서 사업연도 >= 2023 이면 IFRS17, 아니면 IFRS4",2009.03.25,"16,800","5,000","78,000,000",유상증자(주주배정),보통주,2017-12-31,api,irdsSttus,"{""bsns_year"": ""2017"", ""corp_code"": ""00382199"", ""reprt_code"": ""11011""}",20190705000433,api_row,2026-08-31T15:05:25+09:00,000,run_20260831_150050_0029,raw/irdsSttus/00382199_2017_11011.json,a37f1768e158535c77df2081b7bd450b9dd1843a6fa01e7cc1bee9080144a721,16
신한지주,지주,지주,00382199,신한지주,2017,11011,사업보고서,IFRS4,Y,"보고서 사업연도 >= 2023 이면 IFRS17, 아니면 IFRS4",2011.04.21,"100,000","5,000","11,100,000",유상증자(제3자배정),우선주,2017-12-31,api,irdsSttus,"{""bsns_year"": ""2017"", ""corp_code"": ""00382199"", ""reprt_code"": ""11011""}",20190705000433,api_row,2026-08-31T15:05:25+09:00,000,run_20260831_150050_0029,raw/irdsSttus/00382199_2017_11011.json,a37f1768e158535c77df2081b7bd450b9dd1843a6fa01e7cc1bee9080144a721,16
신한지주,지주,지주,00382199,신한지주,2017,11011,사업보고서,IFRS4,Y,"보고서 사업연도 >= 2023 이면 IFRS17, 아니면 IFRS4",2002.06.06,-,"5,000","15,891",-,보통주,2017-12-31,api,irdsSttus,"{""bsns_year"": ""2017"", ""corp_code"": ""00382199"", ""reprt_code"": ""11011""}",20190705000433,api_row,2026-08-31T15:05:25+09:00,000,run_20260831_150050_0029,raw/irdsSttus/00382199_2017_11011.json,a37f1768e158535c77df2081b7bd450b9dd1843a6fa01e7cc1bee9080144a721,16
신한지주,지주,지주,00382199,신한지주,2017,11011,사업보고서,IFRS4,Y,"보고서 사업연도 >= 2023 이면 IFRS17, 아니면 IFRS4",2002.10.01,-,"5,000",786,-,보통주,2017-12-31,api,irdsSttus,"{""bsns_year"": ""2017"", ""corp_code"": ""00382199"", ""reprt_code"": ""11011""}",20190705000433,api_row,2026-08-31T15:05:25+09:00,000,run_20260831_150050_0029,raw/irdsSttus/00382199_2017_11011.json,a37f1768e158535c77df2081b7bd450b9dd1843a6fa01e7cc1bee9080144a721,16
신한지주,지주,지주,00382199,신한지주,2017,11011,사업보고서,IFRS4,Y,"보고서 사업연도 >= 2023 이면 IFRS17, 아니면 IFRS4",2002.12.31,-,"5,000",256,-,보통주,2017-12-31,api,irdsSttus,"{""bsns_year"": ""2017"", ""corp_code"": ""00382199"", ""reprt_code"": ""11011""}",20190705000433,api_row,2026-08-31T15:05:25+09:00,000,run_20260831_150050_0029,raw/irdsSttus/00382199_2017_11011.json,a37f1768e158535c77df2081b7bd450b9dd1843a6fa01e7cc1bee9080144a721,16
신한지주,지주,지주,00382199,신한지주,2017,11011,사업보고서,IFRS4,Y,"보고서 사업연도 >= 2023 이면 IFRS17, 아니면 IFRS4",2003.08.19,"150,000","5,000","6,000,000",유상증자(제3자배정),우선주,2017-12-31,api,irdsSttus,"{""bsns_year"": ""2017"", ""corp_code"": ""00382199"", ""reprt_code"": ""11011""}",20190705000433,api_row,2026-08-31T15:05:25+09:00,000,run_20260831_150050_0029,raw/irdsSttus/00382199_2017_11011.json,a37f1768e158535c77df2081b7bd450b9dd1843a6fa01e7cc1bee9080144a721,16
신한지주,지주,지주,00382199,신한지주,2017,11011,사업보고서,IFRS4,Y,"보고서 사업연도 >= 2023 이면 IFRS17, 아니면 IFRS4",2003.08.19,"18,086","5,000","46,583,961",유상증자(제3자배정),우선주,2017-12-31,api,irdsSttus,"{""bsns_year"": ""2017"", ""corp_code"": ""00382199"", ""reprt_code"": ""11011""}",20190705000433,api_row,2026-08-31T15:05:25+09:00,000,run_20260831_150050_0029,raw/irdsSttus/00382199_2017_11011.json,a37f1768e158535c77df2081b7bd450b9dd1843a6fa01e7cc1bee9080144a721,16
신한지주,지주,지주,00382199,신한지주,2017,11011,사업보고서,IFRS4,Y,"보고서 사업연도 >= 2023 이면 IFRS17, 아니면 IFRS4",2003.08.19,"18,086","5,000","44,720,603",유상증자(제3자배정),우선주,2017-12-31,api,irdsSttus,"{""bsns_year"": ""2017"", ""corp_code"": ""00382199"", ""reprt_code"": ""11011""}",20190705000433,api_row,2026-08-31T15:05:25+09:00,000,run_20260831_150050_0029,raw/irdsSttus/00382199_2017_11011.json,a37f1768e158535c77df2081b7bd450b9dd1843a6fa01e7cc1bee9080144a721,16
신한지주,지주,지주,00382199,신한지주,2017,11011,사업보고서,IFRS4,Y,"보고서 사업연도 >= 2023 이면 IFRS17, 아니면 IFRS4",2003.09.26,"14,832","5,000","1,864,065",유상증자(제3자배정),보통주,2017-12-31,api,irdsSttus,"{""bsns_year"": ""2017"", ""corp_code"": ""00382199"", ""reprt_code"": ""11011""}",20190705000433,api_row,2026-08-31T15:05:25+09:00,000,run_20260831_150050_0029,raw/irdsSttus/00382199_2017_11011.json,a37f1768e158535c77df2081b7bd450b9dd1843a6fa01e7cc1bee9080144a721,16
신한지주,지주,지주,00382199,신한지주,2017,11011,사업보고서,IFRS4,Y,"보고서 사업연도 >= 2023 이면 IFRS17, 아니면 IFRS4",2003.10.01,-,"5,000","11,626",-,보통주,2017-12-31,api,irdsSttus,"{""bsns_year"": ""2017"", ""corp_code"": ""00382199"", ""reprt_code"": ""11011""}",20190705000433,api_row,2026-08-31T15:05:25+09:00,000,run_20260831_150050_0029,raw/irdsSttus/00382199_2017_11011.json,a37f1768e158535c77df2081b7bd450b9dd1843a6fa01e7cc1bee9080144a721,16
신한지주,지주,지주,00382199,신한지주,2018,11011,사업보고서,IFRS4,Y,"보고서 사업연도 >= 2023 이면 IFRS17, 아니면 IFRS4",2001.09.01,"11,761","5,000","292,344,192",-,보통주,2018-12-31,api,irdsSttus,"{""bsns_year"": ""2018"", ""corp_code"": ""00382199"", ""reprt_code"": ""11011""}",20190705000438,api_row,2026-08-31T15:05:26+09:00,000,run_20260831_150050_0030,raw/irdsSttus/00382199_2018_11011.json,b0e3eeb797aec8d0bc56bb2cfb7f68a963d11dce20c8c43468fe94b0c0b11827,16
신한지주,지주,지주,00382199,신한지주,2018,11011,사업보고서,IFRS4,Y,"보고서 사업연도 >= 2023 이면 IFRS17, 아니면 IFRS4",2003.12.31,-,"5,000","164,484",-,보통주,2018-12-31,api,irdsSttus,"{""bsns_year"": ""2018"", ""corp_code"": ""00382199"", ""reprt_code"": ""11011""}",20190705000438,api_row,2026-08-31T15:05:26+09:00,000,run_20260831_150050_0030,raw/irdsSttus/00382199_2018_11011.json,b0e3eeb797aec8d0bc56bb2cfb7f68a963d11dce20c8c43468fe94b0c0b11827,16
신한지주,지주,지주,00382199,신한지주,2018,11011,사업보고서,IFRS4,Y,"보고서 사업연도 >= 2023 이면 IFRS17, 아니면 IFRS4",2004.06.22,-,"5,000","14,682,590",-,보통주,2018-12-31,api,irdsSttus,"{""bsns_year"": ""2018"", ""corp_code"": ""00382199"", ""reprt_code"": ""11011""}",20190705000438,api_row,2026-08-31T15:05:26+09:00,000,run_20260831_150050_0030,raw/irdsSttus/00382199_2018_11011.json,b0e3eeb797aec8d0bc56bb2cfb7f68a963d11dce20c8c43468fe94b0c0b11827,16
신한지주,지주,지주,00382199,신한지주,2018,11011,사업보고서,IFRS4,Y,"보고서 사업연도 >= 2023 이면 IFRS17, 아니면 IFRS4",2004.12.23,-,"5,000","10,235,121",-,보통주,2018-12-31,api,irdsSttus,"{""bsns_year"": ""2018"", ""corp_code"": ""00382199"", ""reprt_code"": ""11011""}",20190705000438,api_row,2026-08-31T15:05:26+09:00,000,run_20260831_150050_0030,raw/irdsSttus/00382199_2018_11011.json,b0e3eeb797aec8d0bc56bb2cfb7f68a963d11dce20c8c43468fe94b0c0b11827,16
신한지주,지주,지주,00382199,신한지주,2018,11011,사업보고서,IFRS4,Y,"보고서 사업연도 >= 2023 이면 IFRS17, 아니면 IFRS4",2005.12.13,-,"5,000","17,528,000",-,보통주,2018-12-31,api,irdsSttus,"{""bsns_year"": ""2018"", ""corp_code"": ""00382199"", ""reprt_code"": ""11011""}",20190705000438,api_row,2026-08-31T15:05:26+09:00,000,run_20260831_150050_0030,raw/irdsSttus/00382199_2018_11011.json,b0e3eeb797aec8d0bc56bb2cfb7f68a963d11dce20c8c43468fe94b0c0b11827,16
신한지주,지주,지주,00382199,신한지주,2018,11011,사업보고서,IFRS4,Y,"보고서 사업연도 >= 2023 이면 IFRS17, 아니면 IFRS4",2007.01.25,"100,000","5,000","28,990,000",유상증자(제3자배정),우선주,2018-12-31,api,irdsSttus,"{""bsns_year"": ""2018"", ""corp_code"": ""00382199"", ""reprt_code"": ""11011""}",20190705000438,api_row,2026-08-31T15:05:26+09:00,000,run_20260831_150050_0030,raw/irdsSttus/00382199_2018_11011.json,b0e3eeb797aec8d0bc56bb2cfb7f68a963d11dce20c8c43468fe94b0c0b11827,16
신한지주,지주,지주,00382199,신한지주,2018,11011,사업보고서,IFRS4,Y,"보고서 사업연도 >= 2023 이면 IFRS17, 아니면 IFRS4",2007.01.25,"57,806","5,000","14,721,000",유상증자(제3자배정),우선주,2018-12-31,api,irdsSttus,"{""bsns_year"": ""2018"", ""corp_code"": ""00382199"", ""reprt_code"": ""11011""}",20190705000438,api_row,2026-08-31T15:05:26+09:00,000,run_20260831_150050_0030,raw/irdsSttus/00382199_2018_11011.json,b0e3eeb797aec8d0bc56bb2cfb7f68a963d11dce20c8c43468fe94b0c0b11827,16
신한지주,지주,지주,00382199,신한지주,2018,11011,사업보고서,IFRS4,Y,"보고서 사업연도 >= 2023 이면 IFRS17, 아니면 IFRS4",2007.09.21,-,"5,000","14,631,973",-,보통주,2018-12-31,api,irdsSttus,"{""bsns_year"": ""2018"", ""corp_code"": ""00382199"", ""reprt_code"": ""11011""}",20190705000438,api_row,2026-08-31T15:05:26+09:00,000,run_20260831_150050_0030,raw/irdsSttus/00382199_2018_11011.json,b0e3eeb797aec8d0bc56bb2cfb7f68a963d11dce20c8c43468fe94b0c0b11827,16
신한지주,지주,지주,00382199,신한지주,2018,11011,사업보고서,IFRS4,Y,"보고서 사업연도 >= 2023 이면 IFRS17, 아니면 IFRS4",2009.03.25,"16,800","5,000","78,000,000",유상증자(주주배정),보통주,2018-12-31,api,irdsSttus,"{""bsns_year"": ""2018"", ""corp_code"": ""00382199"", ""reprt_code"": ""11011""}",20190705000438,api_row,2026-08-31T15:05:26+09:00,000,run_20260831_150050_0030,raw/irdsSttus/00382199_2018_11011.json,b0e3eeb797aec8d0bc56bb2cfb7f68a963d11dce20c8c43468fe94b0c0b11827,16
신한지주,지주,지주,00382199,신한지주,2018,11011,사업보고서,IFRS4,Y,"보고서 사업연도 >= 2023 이면 IFRS17, 아니면 IFRS4",2011.04.21,"100,000","5,000","11,100,000",유상증자(제3자배정),우선주,2018-12-31,api,irdsSttus,"{""bsns_year"": ""2018"", ""corp_code"": ""00382199"", ""reprt_code"": ""11011""}",20190705000438,api_row,2026-08-31T15:05:26+09:00,000,run_20260831_150050_0030,raw/irdsSttus/00382199_2018_11011.json,b0e3eeb797aec8d0bc56bb2cfb7f68a963d11dce20c8c43468fe94b0c0b11827,16
신한지주,지주,지주,00382199,신한지주,2018,11011,사업보고서,IFRS4,Y,"보고서 사업연도 >= 2023 이면 IFRS17, 아니면 IFRS4",2002.06.06,-,"5,000","15,891",-,보통주,2018-12-31,api,irdsSttus,"{""bsns_year"": ""2018"", ""corp_code"": ""00382199"", ""reprt_code"": ""11011""}",20190705000438,api_row,2026-08-31T15:05:26+09:00,000,run_20260831_150050_0030,raw/irdsSttus/00382199_2018_11011.json,b0e3eeb797aec8d0bc56bb2cfb7f68a963d11dce20c8c43468fe94b0c0b11827,16
신한지주,지주,지주,00382199,신한지주,2018,11011,사업보고서,IFRS4,Y,"보고서 사업연도 >= 2023 이면 IFRS17, 아니면 IFRS4",2002.10.01,-,"5,000",786,-,보통주,2018-12-31,api,irdsSttus,"{""bsns_year"": ""2018"", ""corp_code"": ""00382199"", ""reprt_code"": ""11011""}",20190705000438,api_row,2026-08-31T15:05:26+09:00,000,run_20260831_150050_0030,raw/irdsSttus/00382199_2018_11011.json,b0e3eeb797aec8d0bc56bb2cfb7f68a963d11dce20c8c43468fe94b0c0b11827,16
신한지주,지주,지주,00382199,신한지주,2018,11011,사업보고서,IFRS4,Y,"보고서 사업연도 >= 2023 이면 IFRS17, 아니면 IFRS4",2002.12.31,-,"5,000",256,-,보통주,2018-12-31,api,irdsSttus,"{""bsns_year"": ""2018"", ""corp_code"": ""00382199"", ""reprt_code"": ""11011""}",20190705000438,api_row,2026-08-31T15:05:26+09:00,000,run_20260831_150050_0030,raw/irdsSttus/00382199_2018_11011.json,b0e3eeb797aec8d0bc56bb2cfb7f68a963d11dce20c8c43468fe94b0c0b11827,16
신한지주,지주,지주,00382199,신한지주,2018,11011,사업보고서,IFRS4,Y,"보고서 사업연도 >= 2023 이면 IFRS17, 아니면 IFRS4",2003.08.19,"150,000","5,000","6,000,000",유상증자(제3자배정),우선주,2018-12-31,api,irdsSttus,"{""bsns_year"": ""2018"", ""corp_code"": ""00382199"", ""reprt_code"": ""11011""}",20190705000438,api_row,2026-08-31T15:05:26+09:00,000,run_20260831_150050_0030,raw/irdsSttus/00382199_2018_11011.json,b0e3eeb797aec8d0bc56bb2cfb7f68a963d11dce20c8c43468fe94b0c0b11827,16
신한지주,지주,지주,00382199,신한지주,2018,11011,사업보고서,IFRS4,Y,"보고서 사업연도 >= 2023 이면 IFRS17, 아니면 IFRS4",2003.08.19,"18,086","5,000","46,583,961",유상증자(제3자배정),우선주,2018-12-31,api,irdsSttus,"{""bsns_year"": ""2018"", ""corp_code"": ""00382199"", ""reprt_code"": ""11011""}",20190705000438,api_row,2026-08-31T15:05:26+09:00,000,run_20260831_150050_0030,raw/irdsSttus/00382199_2018_11011.json,b0e3eeb797aec8d0bc56bb2cfb7f68a963d11dce20c8c43468fe94b0c0b11827,16
신한지주,지주,지주,00382199,신한지주,2018,11011,사업보고서,IFRS4,Y,"보고서 사업연도 >= 2023 이면 IFRS17, 아니면 IFRS4",2003.08.19,"18,086","5,000","44,720,603",유상증자(제3자배정),우선주,2018-12-31,api,irdsSttus,"{""bsns_year"": ""2018"", ""corp_code"": ""00382199"", ""reprt_code"": ""11011""}",20190705000438,api_row,2026-08-31T15:05:26+09:00,000,run_20260831_150050_0030,raw/irdsSttus/00382199_2018_11011.json,b0e3eeb797aec8d0bc56bb2cfb7f68a963d11dce20c8c43468fe94b0c0b11827,16
신한지주,지주,지주,00382199,신한지주,2018,11011,사업보고서,IFRS4,Y,"보고서 사업연도 >= 2023 이면 IFRS17, 아니면 IFRS4",2003.09.26,"14,832","5,000","1,864,065",유상증자(제3자배정),보통주,2018-12-31,api,irdsSttus,"{""bsns_year"": ""2018"", ""corp_code"": ""00382199"", ""reprt_code"": ""11011""}",20190705000438,api_row,2026-08-31T15:05:26+09:00,000,run_20260831_150050_0030,raw/irdsSttus/00382199_2018_11011.json,b0e3eeb797aec8d0bc56bb2cfb7f68a963d11dce20c8c43468fe94b0c0b11827,16
신한지주,지주,지주,00382199,신한지주,2018,11011,사업보고서,IFRS4,Y,"보고서 사업연도 >= 2023 이면 IFRS17, 아니면 IFRS4",2003.10.01,-,"5,000","11,626",-,보통주,2018-12-31,api,irdsSttus,"{""bsns_year"": ""2018"", ""corp_code"": ""00382199"", ""reprt_code"": ""11011""}",20190705000438,api_row,2026-08-31T15:05:26+09:00,000,run_20260831_150050_0030,raw/irdsSttus/00382199_2018_11011.json,b0e3eeb797aec8d0bc56bb2cfb7f68a963d11dce20c8c43468fe94b0c0b11827,16
신한지주,지주,지주,00382199,신한지주,2019,11011,사업보고서,IFRS4,Y,"보고서 사업연도 >= 2023 이면 IFRS17, 아니면 IFRS4",2001.09.01,"11,761","5,000","292,344,192",-,보통주,2019-12-31,api,irdsSttus,"{""bsns_year"": ""2019"", ""corp_code"": ""00382199"", ""reprt_code"": ""11011""}",20200515002127,api_row,2026-08-31T15:32:06+09:00,000,run_20260831_152517_0169,raw/irdsSttus/00382199_2019_11011.json,53573fa1f66eaf42856150c5fc159d6f01891e77f87cbdaad73c85b62dd5379d,16
신한지주,지주,지주,00382199,신한지주,2019,11011,사업보고서,IFRS4,Y,"보고서 사업연도 >= 2023 이면 IFRS17, 아니면 IFRS4",2003.12.31,-,"5,000","164,484",-,보통주,2019-12-31,api,irdsSttus,"{""bsns_year"": ""2019"", ""corp_code"": ""00382199"", ""reprt_code"": ""11011""}",20200515002127,api_row,2026-08-31T15:32:06+09:00,000,run_20260831_152517_0169,raw/irdsSttus/00382199_2019_11011.json,53573fa1f66eaf42856150c5fc159d6f01891e77f87cbdaad73c85b62dd5379d,16
신한지주,지주,지주,00382199,신한지주,2019,11011,사업보고서,IFRS4,Y,"보고서 사업연도 >= 2023 이면 IFRS17, 아니면 IFRS4",2004.06.22,-,"5,000","14,682,590",-,보통주,2019-12-31,api,irdsSttus,"{""bsns_year"": ""2019"", ""corp_code"": ""00382199"", ""reprt_code"": ""11011""}",20200515002127,api_row,2026-08-31T15:32:06+09:00,000,run_20260831_152517_0169,raw/irdsSttus/00382199_2019_11011.json,53573fa1f66eaf42856150c5fc159d6f01891e77f87cbdaad73c85b62dd5379d,16
신한지주,지주,지주,00382199,신한지주,2019,11011,사업보고서,IFRS4,Y,"보고서 사업연도 >= 2023 이면 IFRS17, 아니면 IFRS4",2004.12.23,-,"5,000","10,235,121",-,보통주,2019-12-31,api,irdsSttus,"{""bsns_year"": ""2019"", ""corp_code"": ""00382199"", ""reprt_code"": ""11011""}",20200515002127,api_row,2026-08-31T15:32:06+09:00,000,run_20260831_152517_0169,raw/irdsSttus/00382199_2019_11011.json,53573fa1f66eaf42856150c5fc159d6f01891e77f87cbdaad73c85b62dd5379d,16
신한지주,지주,지주,00382199,신한지주,2019,11011,사업보고서,IFRS4,Y,"보고서 사업연도 >= 2023 이면 IFRS17, 아니면 IFRS4",2005.12.13,-,"5,000","17,528,000",-,보통주,2019-12-31,api,irdsSttus,"{""bsns_year"": ""2019"", ""corp_code"": ""00382199"", ""reprt_code"": ""11011""}",20200515002127,api_row,2026-08-31T15:32:06+09:00,000,run_20260831_152517_0169,raw/irdsSttus/00382199_2019_11011.json,53573fa1f66eaf42856150c5fc159d6f01891e77f87cbdaad73c85b62dd5379d,16
신한지주,지주,지주,00382199,신한지주,2019,11011,사업보고서,IFRS4,Y,"보고서 사업연도 >= 2023 이면 IFRS17, 아니면 IFRS4",2007.01.25,"100,000","5,000","28,990,000",유상증자(제3자배정),우선주,2019-12-31,api,irdsSttus,"{""bsns_year"": ""2019"", ""corp_code"": ""00382199"", ""reprt_code"": ""11011""}",20200515002127,api_row,2026-08-31T15:32:06+09:00,000,run_20260831_152517_0169,raw/irdsSttus/00382199_2019_11011.json,53573fa1f66eaf42856150c5fc159d6f01891e77f87cbdaad73c85b62dd5379d,16
신한지주,지주,지주,00382199,신한지주,2019,11011,사업보고서,IFRS4,Y,"보고서 사업연도 >= 2023 이면 IFRS17, 아니면 IFRS4",2007.01.25,"57,806","5,000","14,721,000",유상증자(제3자배정),우선주,2019-12-31,api,irdsSttus,"{""bsns_year"": ""2019"", ""corp_code"": ""00382199"", ""reprt_code"": ""11011""}",20200515002127,api_row,2026-08-31T15:32:06+09:00,000,run_20260831_152517_0169,raw/irdsSttus/00382199_2019_11011.json,53573fa1f66eaf42856150c5fc159d6f01891e77f87cbdaad73c85b62dd5379d,16
신한지주,지주,지주,00382199,신한지주,2019,11011,사업보고서,IFRS4,Y,"보고서 사업연도 >= 2023 이면 IFRS17, 아니면 IFRS4",2007.09.21,-,"5,000","14,631,973",-,보통주,2019-12-31,api,irdsSttus,"{""bsns_year"": ""2019"", ""corp_code"": ""00382199"", ""reprt_code"": ""11011""}",20200515002127,api_row,2026-08-31T15:32:06+09:00,000,run_20260831_152517_0169,raw/irdsSttus/00382199_2019_11011.json,53573fa1f66eaf42856150c5fc159d6f01891e77f87cbdaad73c85b62dd5379d,16
신한지주,지주,지주,00382199,신한지주,2019,11011,사업보고서,IFRS4,Y,"보고서 사업연도 >= 2023 이면 IFRS17, 아니면 IFRS4",2009.03.25,"16,800","5,000","78,000,000",유상증자(주주배정),보통주,2019-12-31,api,irdsSttus,"{""bsns_year"": ""2019"", ""corp_code"": ""00382199"", ""reprt_code"": ""11011""}",20200515002127,api_row,2026-08-31T15:32:06+09:00,000,run_20260831_152517_0169,raw/irdsSttus/00382199_2019_11011.json,53573fa1f66eaf42856150c5fc159d6f01891e77f87cbdaad73c85b62dd5379d,16
신한지주,지주,지주,00382199,신한지주,2019,11011,사업보고서,IFRS4,Y,"보고서 사업연도 >= 2023 이면 IFRS17, 아니면 IFRS4",2011.04.21,"100,000","5,000","11,100,000",유상증자(제3자배정),우선주,2019-12-31,api,irdsSttus,"{""bsns_year"": ""2019"", ""corp_code"": ""00382199"", ""reprt_code"": ""11011""}",20200515002127,api_row,2026-08-31T15:32:06+09:00,000,run_20260831_152517_0169,raw/irdsSttus/00382199_2019_11011.json,53573fa1f66eaf42856150c5fc159d6f01891e77f87cbdaad73c85b62dd5379d,16
신한지주,지주,지주,00382199,신한지주,2019,11011,사업보고서,IFRS4,Y,"보고서 사업연도 >= 2023 이면 IFRS17, 아니면 IFRS4",2019.05.01,"42,900","5,000","17,482,000",유상증자(제3자배정),우선주,2019-12-31,api,irdsSttus,"{""bsns_year"": ""2019"", ""corp_code"": ""00382199"", ""reprt_code"": ""11011""}",20200515002127,api_row,2026-08-31T15:32:06+09:00,000,run_20260831_152517_0169,raw/irdsSttus/00382199_2019_11011.json,53573fa1f66eaf42856150c5fc159d6f01891e77f87cbdaad73c85b62dd5379d,16
신한지주,지주,지주,00382199,신한지주,2019,11011,사업보고서,IFRS4,Y,"보고서 사업연도 >= 2023 이면 IFRS17, 아니면 IFRS4",2002.06.06,-,"5,000","15,891",-,보통주,2019-12-31,api,irdsSttus,"{""bsns_year"": ""2019"", ""corp_code"": ""00382199"", ""reprt_code"": ""11011""}",20200515002127,api_row,2026-08-31T15:32:06+09:00,000,run_20260831_152517_0169,raw/irdsSttus/00382199_2019_11011.json,53573fa1f66eaf42856150c5fc159d6f01891e77f87cbdaad73c85b62dd5379d,16
신한지주,지주,지주,00382199,신한지주,2019,11011,사업보고서,IFRS4,Y,"보고서 사업연도 >= 2023 이면 IFRS17, 아니면 IFRS4",2020.01.28,"43,336","5,000","8,232,906",-,보통주,2019-12-31,api,irdsSttus,"{""bsns_year"": ""2019"", ""corp_code"": ""00382199"", ""reprt_code"": ""11011""}",20200515002127,api_row,2026-08-31T15:32:06+09:00,000,run_20260831_152517_0169,raw/irdsSttus/00382199_2019_11011.json,53573fa1f66eaf42856150c5fc159d6f01891e77f87cbdaad73c85b62dd5379d,16
신한지주,지주,지주,00382199,신한지주,2019,11011,사업보고서,IFRS4,Y,"보고서 사업연도 >= 2023 이면 IFRS17, 아니면 IFRS4",2002.10.01,-,"5,000",786,-,보통주,2019-12-31,api,irdsSttus,"{""bsns_year"": ""2019"", ""corp_code"": ""00382199"", ""reprt_code"": ""11011""}",20200515002127,api_row,2026-08-31T15:32:06+09:00,000,run_20260831_152517_0169,raw/irdsSttus/00382199_2019_11011.json,53573fa1f66eaf42856150c5fc159d6f01891e77f87cbdaad73c85b62dd5379d,16
신한지주,지주,지주,00382199,신한지주,2019,11011,사업보고서,IFRS4,Y,"보고서 사업연도 >= 2023 이면 IFRS17, 아니면 IFRS4",2002.12.31,-,"5,000",256,-,보통주,2019-12-31,api,irdsSttus,"{""bsns_year"": ""2019"", ""corp_code"": ""00382199"", ""reprt_code"": ""11011""}",20200515002127,api_row,2026-08-31T15:32:06+09:00,000,run_20260831_152517_0169,raw/irdsSttus/00382199_2019_11011.json,53573fa1f66eaf42856150c5fc159d6f01891e77f87cbdaad73c85b62dd5379d,16
신한지주,지주,지주,00382199,신한지주,2019,11011,사업보고서,IFRS4,Y,"보고서 사업연도 >= 2023 이면 IFRS17, 아니면 IFRS4",2003.08.19,"150,000","5,000","6,000,000",유상증자(제3자배정),우선주,2019-12-31,api,irdsSttus,"{""bsns_year"": ""2019"", ""corp_code"": ""00382199"", ""reprt_code"": ""11011""}",20200515002127,api_row,2026-08-31T15:32:06+09:00,000,run_20260831_152517_0169,raw/irdsSttus/00382199_2019_11011.json,53573fa1f66eaf42856150c5fc159d6f01891e77f87cbdaad73c85b62dd5379d,16
신한지주,지주,지주,00382199,신한지주,2019,11011,사업보고서,IFRS4,Y,"보고서 사업연도 >= 2023 이면 IFRS17, 아니면 IFRS4",2003.08.19,"18,086","5,000","46,583,961",유상증자(제3자배정),우선주,2019-12-31,api,irdsSttus,"{""bsns_year"": ""2019"", ""corp_code"": ""00382199"", ""reprt_code"": ""11011""}",20200515002127,api_row,2026-08-31T15:32:06+09:00,000,run_20260831_152517_0169,raw/irdsSttus/00382199_2019_11011.json,53573fa1f66eaf42856150c5fc159d6f01891e77f87cbdaad73c85b62dd5379d,16
신한지주,지주,지주,00382199,신한지주,2019,11011,사업보고서,IFRS4,Y,"보고서 사업연도 >= 2023 이면 IFRS17, 아니면 IFRS4",2003.08.19,"18,086","5,000","44,720,603",유상증자(제3자배정),우선주,2019-12-31,api,irdsSttus,"{""bsns_year"": ""2019"", ""corp_code"": ""00382199"", ""reprt_code"": ""11011""}",20200515002127,api_row,2026-08-31T15:32:06+09:00,000,run_20260831_152517_0169,raw/irdsSttus/00382199_2019_11011.json,53573fa1f66eaf42856150c5fc159d6f01891e77f87cbdaad73c85b62dd5379d,16
신한지주,지주,지주,00382199,신한지주,2019,11011,사업보고서,IFRS4,Y,"보고서 사업연도 >= 2023 이면 IFRS17, 아니면 IFRS4",2003.09.26,"14,832","5,000","1,864,065",유상증자(제3자배정),보통주,2019-12-31,api,irdsSttus,"{""bsns_year"": ""2019"", ""corp_code"": ""00382199"", ""reprt_code"": ""11011""}",20200515002127,api_row,2026-08-31T15:32:06+09:00,000,run_20260831_152517_0169,raw/irdsSttus/00382199_2019_11011.json,53573fa1f66eaf42856150c5fc159d6f01891e77f87cbdaad73c85b62dd5379d,16
신한지주,지주,지주,00382199,신한지주,2019,11011,사업보고서,IFRS4,Y,"보고서 사업연도 >= 2023 이면 IFRS17, 아니면 IFRS4",2003.10.01,-,"5,000","11,626",-,보통주,2019-12-31,api,irdsSttus,"{""bsns_year"": ""2019"", ""corp_code"": ""00382199"", ""reprt_code"": ""11011""}",20200515002127,api_row,2026-08-31T15:32:06+09:00,000,run_20260831_152517_0169,raw/irdsSttus/00382199_2019_11011.json,53573fa1f66eaf42856150c5fc159d6f01891e77f87cbdaad73c85b62dd5379d,16
신한지주,지주,지주,00382199,신한지주,2020,11011,사업보고서,IFRS4,Y,"보고서 사업연도 >= 2023 이면 IFRS17, 아니면 IFRS4",2001.09.01,"11,761","5,000","292,344,192",-,보통주,2020-12-31,api,irdsSttus,"{""bsns_year"": ""2020"", ""corp_code"": ""00382199"", ""reprt_code"": ""11011""}",20210317001127,api_row,2026-08-31T15:32:17+09:00,000,run_20260831_152517_0178,raw/irdsSttus/00382199_2020_11011.json,d87cdc000d4f96b0a05c1e3fd8cda92f5c2202532791330c89d11e66b3746ede,16
신한지주,지주,지주,00382199,신한지주,2020,11011,사업보고서,IFRS4,Y,"보고서 사업연도 >= 2023 이면 IFRS17, 아니면 IFRS4",2003.12.31,-,"5,000","164,484",-,보통주,2020-12-31,api,irdsSttus,"{""bsns_year"": ""2020"", ""corp_code"": ""00382199"", ""reprt_code"": ""11011""}",20210317001127,api_row,2026-08-31T15:32:17+09:00,000,run_20260831_152517_0178,raw/irdsSttus/00382199_2020_11011.json,d87cdc000d4f96b0a05c1e3fd8cda92f5c2202532791330c89d11e66b3746ede,16
신한지주,지주,지주,00382199,신한지주,2020,11011,사업보고서,IFRS4,Y,"보고서 사업연도 >= 2023 이면 IFRS17, 아니면 IFRS4",2004.06.22,-,"5,000","14,682,590",-,보통주,2020-12-31,api,irdsSttus,"{""bsns_year"": ""2020"", ""corp_code"": ""00382199"", ""reprt_code"": ""11011""}",20210317001127,api_row,2026-08-31T15:32:17+09:00,000,run_20260831_152517_0178,raw/irdsSttus/00382199_2020_11011.json,d87cdc000d4f96b0a05c1e3fd8cda92f5c2202532791330c89d11e66b3746ede,16
신한지주,지주,지주,00382199,신한지주,2020,11011,사업보고서,IFRS4,Y,"보고서 사업연도 >= 2023 이면 IFRS17, 아니면 IFRS4",2004.12.23,-,"5,000","10,235,121",-,보통주,2020-12-31,api,irdsSttus,"{""bsns_year"": ""2020"", ""corp_code"": ""00382199"", ""reprt_code"": ""11011""}",20210317001127,api_row,2026-08-31T15:32:17+09:00,000,run_20260831_152517_0178,raw/irdsSttus/00382199_2020_11011.json,d87cdc000d4f96b0a05c1e3fd8cda92f5c2202532791330c89d11e66b3746ede,16
신한지주,지주,지주,00382199,신한지주,2020,11011,사업보고서,IFRS4,Y,"보고서 사업연도 >= 2023 이면 IFRS17, 아니면 IFRS4",2005.12.13,-,"5,000","17,528,000",-,보통주,2020-12-31,api,irdsSttus,"{""bsns_year"": ""2020"", ""corp_code"": ""00382199"", ""reprt_code"": ""11011""}",20210317001127,api_row,2026-08-31T15:32:17+09:00,000,run_20260831_152517_0178,raw/irdsSttus/00382199_2020_11011.json,d87cdc000d4f96b0a05c1e3fd8cda92f5c2202532791330c89d11e66b3746ede,16
신한지주,지주,지주,00382199,신한지주,2020,11011,사업보고서,IFRS4,Y,"보고서 사업연도 >= 2023 이면 IFRS17, 아니면 IFRS4",2007.01.25,"100,000","5,000","28,990,000",유상증자(제3자배정),우선주,2020-12-31,api,irdsSttus,"{""bsns_year"": ""2020"", ""corp_code"": ""00382199"", ""reprt_code"": ""11011""}",20210317001127,api_row,2026-08-31T15:32:17+09:00,000,run_20260831_152517_0178,raw/irdsSttus/00382199_2020_11011.json,d87cdc000d4f96b0a05c1e3fd8cda92f5c2202532791330c89d11e66b3746ede,16
신한지주,지주,지주,00382199,신한지주,2020,11011,사업보고서,IFRS4,Y,"보고서 사업연도 >= 2023 이면 IFRS17, 아니면 IFRS4",2007.01.25,"57,806","5,000","14,721,000",유상증자(제3자배정),우선주,2020-12-31,api,irdsSttus,"{""bsns_year"": ""2020"", ""corp_code"": ""00382199"", ""reprt_code"": ""11011""}",20210317001127,api_row,2026-08-31T15:32:17+09:00,000,run_20260831_152517_0178,raw/irdsSttus/00382199_2020_11011.json,d87cdc000d4f96b0a05c1e3fd8cda92f5c2202532791330c89d11e66b3746ede,16
신한지주,지주,지주,00382199,신한지주,2020,11011,사업보고서,IFRS4,Y,"보고서 사업연도 >= 2023 이면 IFRS17, 아니면 IFRS4",2007.09.21,-,"5,000","14,631,973",-,보통주,2020-12-31,api,irdsSttus,"{""bsns_year"": ""2020"", ""corp_code"": ""00382199"", ""reprt_code"": ""11011""}",20210317001127,api_row,2026-08-31T15:32:17+09:00,000,run_20260831_152517_0178,raw/irdsSttus/00382199_2020_11011.json,d87cdc000d4f96b0a05c1e3fd8cda92f5c2202532791330c89d11e66b3746ede,16
신한지주,지주,지주,00382199,신한지주,2020,11011,사업보고서,IFRS4,Y,"보고서 사업연도 >= 2023 이면 IFRS17, 아니면 IFRS4",2009.03.25,"16,800","5,000","78,000,000",유상증자(주주배정),보통주,2020-12-31,api,irdsSttus,"{""bsns_year"": ""2020"", ""corp_code"": ""00382199"", ""reprt_code"": ""11011""}",20210317001127,api_row,2026-08-31T15:32:17+09:00,000,run_20260831_152517_0178,raw/irdsSttus/00382199_2020_11011.json,d87cdc000d4f96b0a05c1e3fd8cda92f5c2202532791330c89d11e66b3746ede,16
신한지주,지주,지주,00382199,신한지주,2020,11011,사업보고서,IFRS4,Y,"보고서 사업연도 >= 2023 이면 IFRS17, 아니면 IFRS4",2011.04.21,"100,000","5,000","11,100,000",유상증자(제3자배정),우선주,2020-12-31,api,irdsSttus,"{""bsns_year"": ""2020"", ""corp_code"": ""00382199"", ""reprt_code"": ""11011""}",20210317001127,api_row,2026-08-31T15:32:17+09:00,000,run_20260831_152517_0178,raw/irdsSttus/00382199_2020_11011.json,d87cdc000d4f96b0a05c1e3fd8cda92f5c2202532791330c89d11e66b3746ede,16
신한지주,지주,지주,00382199,신한지주,2020,11011,사업보고서,IFRS4,Y,"보고서 사업연도 >= 2023 이면 IFRS17, 아니면 IFRS4",2019.05.01,"42,900","5,000","17,482,000",유상증자(제3자배정),우선주,2020-12-31,api,irdsSttus,"{""bsns_year"": ""2020"", ""corp_code"": ""00382199"", ""reprt_code"": ""11011""}",20210317001127,api_row,2026-08-31T15:32:17+09:00,000,run_20260831_152517_0178,raw/irdsSttus/00382199_2020_11011.json,d87cdc000d4f96b0a05c1e3fd8cda92f5c2202532791330c89d11e66b3746ede,16
신한지주,지주,지주,00382199,신한지주,2020,11011,사업보고서,IFRS4,Y,"보고서 사업연도 >= 2023 이면 IFRS17, 아니면 IFRS4",2002.06.06,-,"5,000","15,891",-,보통주,2020-12-31,api,irdsSttus,"{""bsns_year"": ""2020"", ""corp_code"": ""00382199"", ""reprt_code"": ""11011""}",20210317001127,api_row,2026-08-31T15:32:17+09:00,000,run_20260831_152517_0178,raw/irdsSttus/00382199_2020_11011.json,d87cdc000d4f96b0a05c1e3fd8cda92f5c2202532791330c89d11e66b3746ede,16
신한지주,지주,지주,00382199,신한지주,2020,11011,사업보고서,IFRS4,Y,"보고서 사업연도 >= 2023 이면 IFRS17, 아니면 IFRS4",2020.01.28,"43,336","5,000","8,232,906",-,보통주,2020-12-31,api,irdsSttus,"{""bsns_year"": ""2020"", ""corp_code"": ""00382199"", ""reprt_code"": ""11011""}",20210317001127,api_row,2026-08-31T15:32:17+09:00,000,run_20260831_152517_0178,raw/irdsSttus/00382199_2020_11011.json,d87cdc000d4f96b0a05c1e3fd8cda92f5c2202532791330c89d11e66b3746ede,16
신한지주,지주,지주,00382199,신한지주,2020,11011,사업보고서,IFRS4,Y,"보고서 사업연도 >= 2023 이면 IFRS17, 아니면 IFRS4",2020.06.01,-,"5,000","5,035,658",-,보통주,2020-12-31,api,irdsSttus,"{""bsns_year"": ""2020"", ""corp_code"": ""00382199"", ""reprt_code"": ""11011""}",20210317001127,api_row,2026-08-31T15:32:17+09:00,000,run_20260831_152517_0178,raw/irdsSttus/00382199_2020_11011.json,d87cdc000d4f96b0a05c1e3fd8cda92f5c2202532791330c89d11e66b3746ede,16
신한지주,지주,지주,00382199,신한지주,2020,11011,사업보고서,IFRS4,Y,"보고서 사업연도 >= 2023 이면 IFRS17, 아니면 IFRS4",2020.09.29,"29,600","5,000","39,130,000",유상증자(제3자배정),보통주,2020-12-31,api,irdsSttus,"{""bsns_year"": ""2020"", ""corp_code"": ""00382199"", ""reprt_code"": ""11011""}",20210317001127,api_row,2026-08-31T15:32:17+09:00,000,run_20260831_152517_0178,raw/irdsSttus/00382199_2020_11011.json,d87cdc000d4f96b0a05c1e3fd8cda92f5c2202532791330c89d11e66b3746ede,16
신한지주,지주,지주,00382199,신한지주,2020,11011,사업보고서,IFRS4,Y,"보고서 사업연도 >= 2023 이면 IFRS17, 아니면 IFRS4",2020.12.30,"32,261","5,000","72,719",-,보통주,2020-12-31,api,irdsSttus,"{""bsns_year"": ""2020"", ""corp_code"": ""00382199"", ""reprt_code"": ""11011""}",20210317001127,api_row,2026-08-31T15:32:17+09:00,000,run_20260831_152517_0178,raw/irdsSttus/00382199_2020_11011.json,d87cdc000d4f96b0a05c1e3fd8cda92f5c2202532791330c89d11e66b3746ede,16
신한지주,지주,지주,00382199,신한지주,2020,11011,사업보고서,IFRS4,Y,"보고서 사업연도 >= 2023 이면 IFRS17, 아니면 IFRS4",2002.10.01,-,"5,000",786,-,보통주,2020-12-31,api,irdsSttus,"{""bsns_year"": ""2020"", ""corp_code"": ""00382199"", ""reprt_code"": ""11011""}",20210317001127,api_row,2026-08-31T15:32:17+09:00,000,run_20260831_152517_0178,raw/irdsSttus/00382199_2020_11011.json,d87cdc000d4f96b0a05c1e3fd8cda92f5c2202532791330c89d11e66b3746ede,16
신한지주,지주,지주,00382199,신한지주,2020,11011,사업보고서,IFRS4,Y,"보고서 사업연도 >= 2023 이면 IFRS17, 아니면 IFRS4",2002.12.31,-,"5,000",256,-,보통주,2020-12-31,api,irdsSttus,"{""bsns_year"": ""2020"", ""corp_code"": ""00382199"", ""reprt_code"": ""11011""}",20210317001127,api_row,2026-08-31T15:32:17+09:00,000,run_20260831_152517_0178,raw/irdsSttus/00382199_2020_11011.json,d87cdc000d4f96b0a05c1e3fd8cda92f5c2202532791330c89d11e66b3746ede,16
신한지주,지주,지주,00382199,신한지주,2020,11011,사업보고서,IFRS4,Y,"보고서 사업연도 >= 2023 이면 IFRS17, 아니면 IFRS4",2003.08.19,"150,000","5,000","6,000,000",유상증자(제3자배정),우선주,2020-12-31,api,irdsSttus,"{""bsns_year"": ""2020"", ""corp_code"": ""00382199"", ""reprt_code"": ""11011""}",20210317001127,api_row,2026-08-31T15:32:17+09:00,000,run_20260831_152517_0178,raw/irdsSttus/00382199_2020_11011.json,d87cdc000d4f96b0a05c1e3fd8cda92f5c2202532791330c89d11e66b3746ede,16
신한지주,지주,지주,00382199,신한지주,2020,11011,사업보고서,IFRS4,Y,"보고서 사업연도 >= 2023 이면 IFRS17, 아니면 IFRS4",2003.08.19,"18,086","5,000","46,583,961",유상증자(제3자배정),우선주,2020-12-31,api,irdsSttus,"{""bsns_year"": ""2020"", ""corp_code"": ""00382199"", ""reprt_code"": ""11011""}",20210317001127,api_row,2026-08-31T15:32:17+09:00,000,run_20260831_152517_0178,raw/irdsSttus/00382199_2020_11011.json,d87cdc000d4f96b0a05c1e3fd8cda92f5c2202532791330c89d11e66b3746ede,16
신한지주,지주,지주,00382199,신한지주,2020,11011,사업보고서,IFRS4,Y,"보고서 사업연도 >= 2023 이면 IFRS17, 아니면 IFRS4",2003.08.19,"18,086","5,000","44,720,603",유상증자(제3자배정),우선주,2020-12-31,api,irdsSttus,"{""bsns_year"": ""2020"", ""corp_code"": ""00382199"", ""reprt_code"": ""11011""}",20210317001127,api_row,2026-08-31T15:32:17+09:00,000,run_20260831_152517_0178,raw/irdsSttus/00382199_2020_11011.json,d87cdc000d4f96b0a05c1e3fd8cda92f5c2202532791330c89d11e66b3746ede,16
신한지주,지주,지주,00382199,신한지주,2020,11011,사업보고서,IFRS4,Y,"보고서 사업연도 >= 2023 이면 IFRS17, 아니면 IFRS4",2003.09.26,"14,832","5,000","1,864,065",유상증자(제3자배정),보통주,2020-12-31,api,irdsSttus,"{""bsns_year"": ""2020"", ""corp_code"": ""00382199"", ""reprt_code"": ""11011""}",20210317001127,api_row,2026-08-31T15:32:17+09:00,000,run_20260831_152517_0178,raw/irdsSttus/00382199_2020_11011.json,d87cdc000d4f96b0a05c1e3fd8cda92f5c2202532791330c89d11e66b3746ede,16
신한지주,지주,지주,00382199,신한지주,2020,11011,사업보고서,IFRS4,Y,"보고서 사업연도 >= 2023 이면 IFRS17, 아니면 IFRS4",2003.10.01,-,"5,000","11,626",-,보통주,2020-12-31,api,irdsSttus,"{""bsns_year"": ""2020"", ""corp_code"": ""00382199"", ""reprt_code"": ""11011""}",20210317001127,api_row,2026-08-31T15:32:17+09:00,000,run_20260831_152517_0178,raw/irdsSttus/00382199_2020_11011.json,d87cdc000d4f96b0a05c1e3fd8cda92f5c2202532791330c89d11e66b3746ede,16
신한지주,지주,지주,00382199,신한지주,2021,11011,사업보고서,IFRS4,Y,"보고서 사업연도 >= 2023 이면 IFRS17, 아니면 IFRS4",2019.05.01,"42,900","5,000","17,482,000",유상증자(제3자배정),우선주,2021-12-31,api,irdsSttus,"{""bsns_year"": ""2021"", ""corp_code"": ""00382199"", ""reprt_code"": ""11011""}",20220316000748,api_row,2026-08-31T15:32:28+09:00,000,run_20260831_152517_0187,raw/irdsSttus/00382199_2021_11011.json,33c796f15e3ecebaeb76b4e67c0529a1da29a45aa245f40b6a2749b3362bf861,16
신한지주,지주,지주,00382199,신한지주,2021,11011,사업보고서,IFRS4,Y,"보고서 사업연도 >= 2023 이면 IFRS17, 아니면 IFRS4",2020.01.28,"43,336","5,000","8,232,906",-,보통주,2021-12-31,api,irdsSttus,"{""bsns_year"": ""2021"", ""corp_code"": ""00382199"", ""reprt_code"": ""11011""}",20220316000748,api_row,2026-08-31T15:32:28+09:00,000,run_20260831_152517_0187,raw/irdsSttus/00382199_2021_11011.json,33c796f15e3ecebaeb76b4e67c0529a1da29a45aa245f40b6a2749b3362bf861,16
신한지주,지주,지주,00382199,신한지주,2021,11011,사업보고서,IFRS4,Y,"보고서 사업연도 >= 2023 이면 IFRS17, 아니면 IFRS4",2020.06.01,-,"5,000","5,035,658",-,보통주,2021-12-31,api,irdsSttus,"{""bsns_year"": ""2021"", ""corp_code"": ""00382199"", ""reprt_code"": ""11011""}",20220316000748,api_row,2026-08-31T15:32:28+09:00,000,run_20260831_152517_0187,raw/irdsSttus/00382199_2021_11011.json,33c796f15e3ecebaeb76b4e67c0529a1da29a45aa245f40b6a2749b3362bf861,16
신한지주,지주,지주,00382199,신한지주,2021,11011,사업보고서,IFRS4,Y,"보고서 사업연도 >= 2023 이면 IFRS17, 아니면 IFRS4",2020.09.29,"29,600","5,000","39,130,000",유상증자(제3자배정),보통주,2021-12-31,api,irdsSttus,"{""bsns_year"": ""2021"", ""corp_code"": ""00382199"", ""reprt_code"": ""11011""}",20220316000748,api_row,2026-08-31T15:32:28+09:00,000,run_20260831_152517_0187,raw/irdsSttus/00382199_2021_11011.json,33c796f15e3ecebaeb76b4e67c0529a1da29a45aa245f40b6a2749b3362bf861,16
신한지주,지주,지주,00382199,신한지주,2021,11011,사업보고서,IFRS4,Y,"보고서 사업연도 >= 2023 이면 IFRS17, 아니면 IFRS4",2020.12.30,"32,261","5,000","72,719",-,보통주,2021-12-31,api,irdsSttus,"{""bsns_year"": ""2021"", ""corp_code"": ""00382199"", ""reprt_code"": ""11011""}",20220316000748,api_row,2026-08-31T15:32:28+09:00,000,run_20260831_152517_0187,raw/irdsSttus/00382199_2021_11011.json,33c796f15e3ecebaeb76b4e67c0529a1da29a45aa245f40b6a2749b3362bf861,16
신한지주,지주,지주,00382199,신한지주,2022,11011,사업보고서,IFRS4,Y,"보고서 사업연도 >= 2023 이면 IFRS17, 아니면 IFRS4",2019.05.01,"42,900","5,000","17,482,000",유상증자(제3자배정),우선주,2022-12-31,api,irdsSttus,"{""bsns_year"": ""2022"", ""corp_code"": ""00382199"", ""reprt_code"": ""11011""}",20230315001015,api_row,2026-08-31T15:32:39+09:00,000,run_20260831_152517_0196,raw/irdsSttus/00382199_2022_11011.json,bf74b42400698c12466dc440abeb5910b0216de7ff64f3b27b7866d9bd8c74a6,16
신한지주,지주,지주,00382199,신한지주,2022,11011,사업보고서,IFRS4,Y,"보고서 사업연도 >= 2023 이면 IFRS17, 아니면 IFRS4",2020.01.28,"43,336","5,000","8,232,906",-,보통주,2022-12-31,api,irdsSttus,"{""bsns_year"": ""2022"", ""corp_code"": ""00382199"", ""reprt_code"": ""11011""}",20230315001015,api_row,2026-08-31T15:32:39+09:00,000,run_20260831_152517_0196,raw/irdsSttus/00382199_2022_11011.json,bf74b42400698c12466dc440abeb5910b0216de7ff64f3b27b7866d9bd8c74a6,16
신한지주,지주,지주,00382199,신한지주,2022,11011,사업보고서,IFRS4,Y,"보고서 사업연도 >= 2023 이면 IFRS17, 아니면 IFRS4",2020.06.01,-,"5,000","5,035,658",-,보통주,2022-12-31,api,irdsSttus,"{""bsns_year"": ""2022"", ""corp_code"": ""00382199"", ""reprt_code"": ""11011""}",20230315001015,api_row,2026-08-31T15:32:39+09:00,000,run_20260831_152517_0196,raw/irdsSttus/00382199_2022_11011.json,bf74b42400698c12466dc440abeb5910b0216de7ff64f3b27b7866d9bd8c74a6,16
신한지주,지주,지주,00382199,신한지주,2022,11011,사업보고서,IFRS4,Y,"보고서 사업연도 >= 2023 이면 IFRS17, 아니면 IFRS4",2020.09.29,"29,600","5,000","39,130,000",유상증자(제3자배정),보통주,2022-12-31,api,irdsSttus,"{""bsns_year"": ""2022"", ""corp_code"": ""00382199"", ""reprt_code"": ""11011""}",20230315001015,api_row,2026-08-31T15:32:39+09:00,000,run_20260831_152517_0196,raw/irdsSttus/00382199_2022_11011.json,bf74b42400698c12466dc440abeb5910b0216de7ff64f3b27b7866d9bd8c74a6,16
신한지주,지주,지주,00382199,신한지주,2022,11011,사업보고서,IFRS4,Y,"보고서 사업연도 >= 2023 이면 IFRS17, 아니면 IFRS4",2020.12.30,"32,261","5,000","72,719",-,보통주,2022-12-31,api,irdsSttus,"{""bsns_year"": ""2022"", ""corp_code"": ""00382199"", ""reprt_code"": ""11011""}",20230315001015,api_row,2026-08-31T15:32:39+09:00,000,run_20260831_152517_0196,raw/irdsSttus/00382199_2022_11011.json,bf74b42400698c12466dc440abeb5910b0216de7ff64f3b27b7866d9bd8c74a6,16
신한지주,지주,지주,00382199,신한지주,2022,11011,사업보고서,IFRS4,Y,"보고서 사업연도 >= 2023 이면 IFRS17, 아니면 IFRS4",2022.04.25,-,"5,000","3,665,423",-,보통주,2022-12-31,api,irdsSttus,"{""bsns_year"": ""2022"", ""corp_code"": ""00382199"", ""reprt_code"": ""11011""}",20230315001015,api_row,2026-08-31T15:32:39+09:00,000,run_20260831_152517_0196,raw/irdsSttus/00382199_2022_11011.json,bf74b42400698c12466dc440abeb5910b0216de7ff64f3b27b7866d9bd8c74a6,16
신한지주,지주,지주,00382199,신한지주,2022,11011,사업보고서,IFRS4,Y,"보고서 사업연도 >= 2023 이면 IFRS17, 아니면 IFRS4",2022.11.23,-,"5,000","4,149,262",-,보통주,2022-12-31,api,irdsSttus,"{""bsns_year"": ""2022"", ""corp_code"": ""00382199"", ""reprt_code"": ""11011""}",20230315001015,api_row,2026-08-31T15:32:39+09:00,000,run_20260831_152517_0196,raw/irdsSttus/00382199_2022_11011.json,bf74b42400698c12466dc440abeb5910b0216de7ff64f3b27b7866d9bd8c74a6,16
신한지주,지주,지주,00382199,신한지주,2023,11011,사업보고서,IFRS17,Y,"보고서 사업연도 >= 2023 이면 IFRS17, 아니면 IFRS4",2019.05.01,"42,900","5,000","17,482,000",유상증자(제3자배정),우선주,2023-12-31,api,irdsSttus,"{""bsns_year"": ""2023"", ""corp_code"": ""00382199"", ""reprt_code"": ""11011""}",20240502000081,api_row,2026-08-31T15:32:50+09:00,000,run_20260831_152517_0205,raw/irdsSttus/00382199_2023_11011.json,6cfc81ae8a3309fe1e641ba2938ee67bd9533e356bfefa86e61226da4ffbd380,16
신한지주,지주,지주,00382199,신한지주,2023,11011,사업보고서,IFRS17,Y,"보고서 사업연도 >= 2023 이면 IFRS17, 아니면 IFRS4",2023.05.01,"42,900","5,000","17,482,000",-,보통주,2023-12-31,api,irdsSttus,"{""bsns_year"": ""2023"", ""corp_code"": ""00382199"", ""reprt_code"": ""11011""}",20240502000081,api_row,2026-08-31T15:32:50+09:00,000,run_20260831_152517_0205,raw/irdsSttus/00382199_2023_11011.json,6cfc81ae8a3309fe1e641ba2938ee67bd9533e356bfefa86e61226da4ffbd380,16
신한지주,지주,지주,00382199,신한지주,2023,11011,사업보고서,IFRS17,Y,"보고서 사업연도 >= 2023 이면 IFRS17, 아니면 IFRS4",2023.06.16,-,"5,000","4,243,381",-,보통주,2023-12-31,api,irdsSttus,"{""bsns_year"": ""2023"", ""corp_code"": ""00382199"", ""reprt_code"": ""11011""}",20240502000081,api_row,2026-08-31T15:32:50+09:00,000,run_20260831_152517_0205,raw/irdsSttus/00382199_2023_11011.json,6cfc81ae8a3309fe1e641ba2938ee67bd9533e356bfefa86e61226da4ffbd380,16
신한지주,지주,지주,00382199,신한지주,2023,11011,사업보고서,IFRS17,Y,"보고서 사업연도 >= 2023 이면 IFRS17, 아니면 IFRS4",2023.08.31,-,"5,000","2,842,929",-,보통주,2023-12-31,api,irdsSttus,"{""bsns_year"": ""2023"", ""corp_code"": ""00382199"", ""reprt_code"": ""11011""}",20240502000081,api_row,2026-08-31T15:32:50+09:00,000,run_20260831_152517_0205,raw/irdsSttus/00382199_2023_11011.json,6cfc81ae8a3309fe1e641ba2938ee67bd9533e356bfefa86e61226da4ffbd380,16
신한지주,지주,지주,00382199,신한지주,2023,11011,사업보고서,IFRS17,Y,"보고서 사업연도 >= 2023 이면 IFRS17, 아니면 IFRS4",2023.12.27,-,"5,000","2,744,718",-,보통주,2023-12-31,api,irdsSttus,"{""bsns_year"": ""2023"", ""corp_code"": ""00382199"", ""reprt_code"": ""11011""}",20240502000081,api_row,2026-08-31T15:32:50+09:00,000,run_20260831_152517_0205,raw/irdsSttus/00382199_2023_11011.json,6cfc81ae8a3309fe1e641ba2938ee67bd9533e356bfefa86e61226da4ffbd380,16
신한지주,지주,지주,00382199,신한지주,2023,11011,사업보고서,IFRS17,Y,"보고서 사업연도 >= 2023 이면 IFRS17, 아니면 IFRS4",2020.01.28,"43,336","5,000","8,232,906",-,보통주,2023-12-31,api,irdsSttus,"{""bsns_year"": ""2023"", ""corp_code"": ""00382199"", ""reprt_code"": ""11011""}",20240502000081,api_row,2026-08-31T15:32:50+09:00,000,run_20260831_152517_0205,raw/irdsSttus/00382199_2023_11011.json,6cfc81ae8a3309fe1e641ba2938ee67bd9533e356bfefa86e61226da4ffbd380,16
신한지주,지주,지주,00382199,신한지주,2023,11011,사업보고서,IFRS17,Y,"보고서 사업연도 >= 2023 이면 IFRS17, 아니면 IFRS4",2020.06.01,-,"5,000","5,035,658",-,보통주,2023-12-31,api,irdsSttus,"{""bsns_year"": ""2023"", ""corp_code"": ""00382199"", ""reprt_code"": ""11011""}",20240502000081,api_row,2026-08-31T15:32:50+09:00,000,run_20260831_152517_0205,raw/irdsSttus/00382199_2023_11011.json,6cfc81ae8a3309fe1e641ba2938ee67bd9533e356bfefa86e61226da4ffbd380,16
신한지주,지주,지주,00382199,신한지주,2023,11011,사업보고서,IFRS17,Y,"보고서 사업연도 >= 2023 이면 IFRS17, 아니면 IFRS4",2020.09.29,"29,600","5,000","39,130,000",유상증자(제3자배정),보통주,2023-12-31,api,irdsSttus,"{""bsns_year"": ""2023"", ""corp_code"": ""00382199"", ""reprt_code"": ""11011""}",20240502000081,api_row,2026-08-31T15:32:50+09:00,000,run_20260831_152517_0205,raw/irdsSttus/00382199_2023_11011.json,6cfc81ae8a3309fe1e641ba2938ee67bd9533e356bfefa86e61226da4ffbd380,16
신한지주,지주,지주,00382199,신한지주,2023,11011,사업보고서,IFRS17,Y,"보고서 사업연도 >= 2023 이면 IFRS17, 아니면 IFRS4",2020.12.30,"32,261","5,000","72,719",-,보통주,2023-12-31,api,irdsSttus,"{""bsns_year"": ""2023"", ""corp_code"": ""00382199"", ""reprt_code"": ""11011""}",20240502000081,api_row,2026-08-31T15:32:50+09:00,000,run_20260831_152517_0205,raw/irdsSttus/00382199_2023_11011.json,6cfc81ae8a3309fe1e641ba2938ee67bd9533e356bfefa86e61226da4ffbd380,16
신한지주,지주,지주,00382199,신한지주,2023,11011,사업보고서,IFRS17,Y,"보고서 사업연도 >= 2023 이면 IFRS17, 아니면 IFRS4",2022.04.25,-,"5,000","3,665,423",-,보통주,2023-12-31,api,irdsSttus,"{""bsns_year"": ""2023"", ""corp_code"": ""00382199"", ""reprt_code"": ""11011""}",20240502000081,api_row,2026-08-31T15:32:50+09:00,000,run_20260831_152517_0205,raw/irdsSttus/00382199_2023_11011.json,6cfc81ae8a3309fe1e641ba2938ee67bd9533e356bfefa86e61226da4ffbd380,16
신한지주,지주,지주,00382199,신한지주,2023,11011,사업보고서,IFRS17,Y,"보고서 사업연도 >= 2023 이면 IFRS17, 아니면 IFRS4",2022.11.23,-,"5,000","4,149,262",-,보통주,2023-12-31,api,irdsSttus,"{""bsns_year"": ""2023"", ""corp_code"": ""00382199"", ""reprt_code"": ""11011""}",20240502000081,api_row,2026-08-31T15:32:50+09:00,000,run_20260831_152517_0205,raw/irdsSttus/00382199_2023_11011.json,6cfc81ae8a3309fe1e641ba2938ee67bd9533e356bfefa86e61226da4ffbd380,16
신한지주,지주,지주,00382199,신한지주,2023,11011,사업보고서,IFRS17,Y,"보고서 사업연도 >= 2023 이면 IFRS17, 아니면 IFRS4",2023.03.28,-,"5,000","3,676,470",-,보통주,2023-12-31,api,irdsSttus,"{""bsns_year"": ""2023"", ""corp_code"": ""00382199"", ""reprt_code"": ""11011""}",20240502000081,api_row,2026-08-31T15:32:50+09:00,000,run_20260831_152517_0205,raw/irdsSttus/00382199_2023_11011.json,6cfc81ae8a3309fe1e641ba2938ee67bd9533e356bfefa86e61226da4ffbd380,16
신한지주,지주,지주,00382199,신한지주,2023,11011,사업보고서,IFRS17,Y,"보고서 사업연도 >= 2023 이면 IFRS17, 아니면 IFRS4",2023.05.01,"-42,900","5,000","17,482,000",-,우선주,2023-12-31,api,irdsSttus,"{""bsns_year"": ""2023"", ""corp_code"": ""00382199"", ""reprt_code"": ""11011""}",20240502000081,api_row,2026-08-31T15:32:50+09:00,000,run_20260831_152517_0205,raw/irdsSttus/00382199_2023_11011.json,6cfc81ae8a3309fe1e641ba2938ee67bd9533e356bfefa86e61226da4ffbd380,16
신한지주,지주,지주,00382199,신한지주,2024,11011,사업보고서,IFRS17,Y,"보고서 사업연도 >= 2023 이면 IFRS17, 아니면 IFRS4",2019.05.01,"42,900","5,000","17,482,000",유상증자(제3자배정),우선주,2024-12-31,api,irdsSttus,"{""bsns_year"": ""2024"", ""corp_code"": ""00382199"", ""reprt_code"": ""11011""}",20250318000993,api_row,2026-08-31T15:33:26+09:00,000,run_20260831_152517_0214,raw/irdsSttus/00382199_2024_11011.json,3e928095ce11b85179bc2cd33500390ec89768a9172f7cc6da274a10fef5babe,16
신한지주,지주,지주,00382199,신한지주,2024,11011,사업보고서,IFRS17,Y,"보고서 사업연도 >= 2023 이면 IFRS17, 아니면 IFRS4",2023.05.01,"42,900","5,000","17,482,000",-,보통주,2024-12-31,api,irdsSttus,"{""bsns_year"": ""2024"", ""corp_code"": ""00382199"", ""reprt_code"": ""11011""}",20250318000993,api_row,2026-08-31T15:33:26+09:00,000,run_20260831_152517_0214,raw/irdsSttus/00382199_2024_11011.json,3e928095ce11b85179bc2cd33500390ec89768a9172f7cc6da274a10fef5babe,16
신한지주,지주,지주,00382199,신한지주,2024,11011,사업보고서,IFRS17,Y,"보고서 사업연도 >= 2023 이면 IFRS17, 아니면 IFRS4",2023.06.16,-,"5,000","4,243,381",-,보통주,2024-12-31,api,irdsSttus,"{""bsns_year"": ""2024"", ""corp_code"": ""00382199"", ""reprt_code"": ""11011""}",20250318000993,api_row,2026-08-31T15:33:26+09:00,000,run_20260831_152517_0214,raw/irdsSttus/00382199_2024_11011.json,3e928095ce11b85179bc2cd33500390ec89768a9172f7cc6da274a10fef5babe,16
신한지주,지주,지주,00382199,신한지주,2024,11011,사업보고서,IFRS17,Y,"보고서 사업연도 >= 2023 이면 IFRS17, 아니면 IFRS4",2023.08.31,-,"5,000","2,842,929",-,보통주,2024-12-31,api,irdsSttus,"{""bsns_year"": ""2024"", ""corp_code"": ""00382199"", ""reprt_code"": ""11011""}",20250318000993,api_row,2026-08-31T15:33:26+09:00,000,run_20260831_152517_0214,raw/irdsSttus/00382199_2024_11011.json,3e928095ce11b85179bc2cd33500390ec89768a9172f7cc6da274a10fef5babe,16
신한지주,지주,지주,00382199,신한지주,2024,11011,사업보고서,IFRS17,Y,"보고서 사업연도 >= 2023 이면 IFRS17, 아니면 IFRS4",2023.12.27,-,"5,000","2,744,718",-,보통주,2024-12-31,api,irdsSttus,"{""bsns_year"": ""2024"", ""corp_code"": ""00382199"", ""reprt_code"": ""11011""}",20250318000993,api_row,2026-08-31T15:33:26+09:00,000,run_20260831_152517_0214,raw/irdsSttus/00382199_2024_11011.json,3e928095ce11b85179bc2cd33500390ec89768a9172f7cc6da274a10fef5babe,16
신한지주,지주,지주,00382199,신한지주,2024,11011,사업보고서,IFRS17,Y,"보고서 사업연도 >= 2023 이면 IFRS17, 아니면 IFRS4",2024.03.22,-,"5,000","3,366,257",-,보통주,2024-12-31,api,irdsSttus,"{""bsns_year"": ""2024"", ""corp_code"": ""00382199"", ""reprt_code"": ""11011""}",20250318000993,api_row,2026-08-31T15:33:26+09:00,000,run_20260831_152517_0214,raw/irdsSttus/00382199_2024_11011.json,3e928095ce11b85179bc2cd33500390ec89768a9172f7cc6da274a10fef5babe,16
신한지주,지주,지주,00382199,신한지주,2024,11011,사업보고서,IFRS17,Y,"보고서 사업연도 >= 2023 이면 IFRS17, 아니면 IFRS4",2024.11.01,-,"5,000","5,947,889",-,보통주,2024-12-31,api,irdsSttus,"{""bsns_year"": ""2024"", ""corp_code"": ""00382199"", ""reprt_code"": ""11011""}",20250318000993,api_row,2026-08-31T15:33:26+09:00,000,run_20260831_152517_0214,raw/irdsSttus/00382199_2024_11011.json,3e928095ce11b85179bc2cd33500390ec89768a9172f7cc6da274a10fef5babe,16
신한지주,지주,지주,00382199,신한지주,2024,11011,사업보고서,IFRS17,Y,"보고서 사업연도 >= 2023 이면 IFRS17, 아니면 IFRS4",2020.01.28,"43,336","5,000","8,232,906",-,보통주,2024-12-31,api,irdsSttus,"{""bsns_year"": ""2024"", ""corp_code"": ""00382199"", ""reprt_code"": ""11011""}",20250318000993,api_row,2026-08-31T15:33:26+09:00,000,run_20260831_152517_0214,raw/irdsSttus/00382199_2024_11011.json,3e928095ce11b85179bc2cd33500390ec89768a9172f7cc6da274a10fef5babe,16
신한지주,지주,지주,00382199,신한지주,2024,11011,사업보고서,IFRS17,Y,"보고서 사업연도 >= 2023 이면 IFRS17, 아니면 IFRS4",2020.06.01,-,"5,000","5,035,658",-,보통주,2024-12-31,api,irdsSttus,"{""bsns_year"": ""2024"", ""corp_code"": ""00382199"", ""reprt_code"": ""11011""}",20250318000993,api_row,2026-08-31T15:33:26+09:00,000,run_20260831_152517_0214,raw/irdsSttus/00382199_2024_11011.json,3e928095ce11b85179bc2cd33500390ec89768a9172f7cc6da274a10fef5babe,16
신한지주,지주,지주,00382199,신한지주,2024,11011,사업보고서,IFRS17,Y,"보고서 사업연도 >= 2023 이면 IFRS17, 아니면 IFRS4",2020.09.29,"29,600","5,000","39,130,000",유상증자(제3자배정),보통주,2024-12-31,api,irdsSttus,"{""bsns_year"": ""2024"", ""corp_code"": ""00382199"", ""reprt_code"": ""11011""}",20250318000993,api_row,2026-08-31T15:33:26+09:00,000,run_20260831_152517_0214,raw/irdsSttus/00382199_2024_11011.json,3e928095ce11b85179bc2cd33500390ec89768a9172f7cc6da274a10fef5babe,16
신한지주,지주,지주,00382199,신한지주,2024,11011,사업보고서,IFRS17,Y,"보고서 사업연도 >= 2023 이면 IFRS17, 아니면 IFRS4",2020.12.30,"32,261","5,000","72,719",-,보통주,2024-12-31,api,irdsSttus,"{""bsns_year"": ""2024"", ""corp_code"": ""00382199"", ""reprt_code"": ""11011""}",20250318000993,api_row,2026-08-31T15:33:26+09:00,000,run_20260831_152517_0214,raw/irdsSttus/00382199_2024_11011.json,3e928095ce11b85179bc2cd33500390ec89768a9172f7cc6da274a10fef5babe,16
신한지주,지주,지주,00382199,신한지주,2024,11011,사업보고서,IFRS17,Y,"보고서 사업연도 >= 2023 이면 IFRS17, 아니면 IFRS4",2022.04.25,-,"5,000","3,665,423",-,보통주,2024-12-31,api,irdsSttus,"{""bsns_year"": ""2024"", ""corp_code"": ""00382199"", ""reprt_code"": ""11011""}",20250318000993,api_row,2026-08-31T15:33:26+09:00,000,run_20260831_152517_0214,raw/irdsSttus/00382199_2024_11011.json,3e928095ce11b85179bc2cd33500390ec89768a9172f7cc6da274a10fef5babe,16
신한지주,지주,지주,00382199,신한지주,2024,11011,사업보고서,IFRS17,Y,"보고서 사업연도 >= 2023 이면 IFRS17, 아니면 IFRS4",2022.11.23,-,"5,000","4,149,262",-,보통주,2024-12-31,api,irdsSttus,"{""bsns_year"": ""2024"", ""corp_code"": ""00382199"", ""reprt_code"": ""11011""}",20250318000993,api_row,2026-08-31T15:33:26+09:00,000,run_20260831_152517_0214,raw/irdsSttus/00382199_2024_11011.json,3e928095ce11b85179bc2cd33500390ec89768a9172f7cc6da274a10fef5babe,16
신한지주,지주,지주,00382199,신한지주,2024,11011,사업보고서,IFRS17,Y,"보고서 사업연도 >= 2023 이면 IFRS17, 아니면 IFRS4",2023.03.28,-,"5,000","3,676,470",-,보통주,2024-12-31,api,irdsSttus,"{""bsns_year"": ""2024"", ""corp_code"": ""00382199"", ""reprt_code"": ""11011""}",20250318000993,api_row,2026-08-31T15:33:26+09:00,000,run_20260831_152517_0214,raw/irdsSttus/00382199_2024_11011.json,3e928095ce11b85179bc2cd33500390ec89768a9172f7cc6da274a10fef5babe,16
신한지주,지주,지주,00382199,신한지주,2024,11011,사업보고서,IFRS17,Y,"보고서 사업연도 >= 2023 이면 IFRS17, 아니면 IFRS4",2023.05.01,"-42,900","5,000","17,482,000",-,우선주,2024-12-31,api,irdsSttus,"{""bsns_year"": ""2024"", ""corp_code"": ""00382199"", ""reprt_code"": ""11011""}",20250318000993,api_row,2026-08-31T15:33:26+09:00,000,run_20260831_152517_0214,raw/irdsSttus/00382199_2024_11011.json,3e928095ce11b85179bc2cd33500390ec89768a9172f7cc6da274a10fef5babe,16
신한지주,지주,지주,00382199,신한지주,2025,11011,사업보고서,IFRS17,Y,"보고서 사업연도 >= 2023 이면 IFRS17, 아니면 IFRS4",2019.05.01,"42,900","5,000","17,482,000",유상증자(제3자배정),우선주,2025-12-31,api,irdsSttus,"{""bsns_year"": ""2025"", ""corp_code"": ""00382199"", ""reprt_code"": ""11011""}",20260318000826,api_row,2026-08-31T15:33:59+09:00,000,run_20260831_152517_0223,raw/irdsSttus/00382199_2025_11011.json,f1477cf0fb8754057bf63f9de3a778c059aac56da49a1039ac23e645b7272a8a,16
신한지주,지주,지주,00382199,신한지주,2025,11011,사업보고서,IFRS17,Y,"보고서 사업연도 >= 2023 이면 IFRS17, 아니면 IFRS4",2023.05.01,"42,900","5,000","17,482,000",-,보통주,2025-12-31,api,irdsSttus,"{""bsns_year"": ""2025"", ""corp_code"": ""00382199"", ""reprt_code"": ""11011""}",20260318000826,api_row,2026-08-31T15:33:59+09:00,000,run_20260831_152517_0223,raw/irdsSttus/00382199_2025_11011.json,f1477cf0fb8754057bf63f9de3a778c059aac56da49a1039ac23e645b7272a8a,16
신한지주,지주,지주,00382199,신한지주,2025,11011,사업보고서,IFRS17,Y,"보고서 사업연도 >= 2023 이면 IFRS17, 아니면 IFRS4",2023.06.16,-,"5,000","4,243,381",-,보통주,2025-12-31,api,irdsSttus,"{""bsns_year"": ""2025"", ""corp_code"": ""00382199"", ""reprt_code"": ""11011""}",20260318000826,api_row,2026-08-31T15:33:59+09:00,000,run_20260831_152517_0223,raw/irdsSttus/00382199_2025_11011.json,f1477cf0fb8754057bf63f9de3a778c059aac56da49a1039ac23e645b7272a8a,16
신한지주,지주,지주,00382199,신한지주,2025,11011,사업보고서,IFRS17,Y,"보고서 사업연도 >= 2023 이면 IFRS17, 아니면 IFRS4",2023.08.31,-,"5,000","2,842,929",-,보통주,2025-12-31,api,irdsSttus,"{""bsns_year"": ""2025"", ""corp_code"": ""00382199"", ""reprt_code"": ""11011""}",20260318000826,api_row,2026-08-31T15:33:59+09:00,000,run_20260831_152517_0223,raw/irdsSttus/00382199_2025_11011.json,f1477cf0fb8754057bf63f9de3a778c059aac56da49a1039ac23e645b7272a8a,16
신한지주,지주,지주,00382199,신한지주,2025,11011,사업보고서,IFRS17,Y,"보고서 사업연도 >= 2023 이면 IFRS17, 아니면 IFRS4",2023.12.27,-,"5,000","2,744,718",-,보통주,2025-12-31,api,irdsSttus,"{""bsns_year"": ""2025"", ""corp_code"": ""00382199"", ""reprt_code"": ""11011""}",20260318000826,api_row,2026-08-31T15:33:59+09:00,000,run_20260831_152517_0223,raw/irdsSttus/00382199_2025_11011.json,f1477cf0fb8754057bf63f9de3a778c059aac56da49a1039ac23e645b7272a8a,16
신한지주,지주,지주,00382199,신한지주,2025,11011,사업보고서,IFRS17,Y,"보고서 사업연도 >= 2023 이면 IFRS17, 아니면 IFRS4",2024.03.22,-,"5,000","3,366,257",-,보통주,2025-12-31,api,irdsSttus,"{""bsns_year"": ""2025"", ""corp_code"": ""00382199"", ""reprt_code"": ""11011""}",20260318000826,api_row,2026-08-31T15:33:59+09:00,000,run_20260831_152517_0223,raw/irdsSttus/00382199_2025_11011.json,f1477cf0fb8754057bf63f9de3a778c059aac56da49a1039ac23e645b7272a8a,16
신한지주,지주,지주,00382199,신한지주,2025,11011,사업보고서,IFRS17,Y,"보고서 사업연도 >= 2023 이면 IFRS17, 아니면 IFRS4",2024.11.01,-,"5,000","5,947,889",-,보통주,2025-12-31,api,irdsSttus,"{""bsns_year"": ""2025"", ""corp_code"": ""00382199"", ""reprt_code"": ""11011""}",20260318000826,api_row,2026-08-31T15:33:59+09:00,000,run_20260831_152517_0223,raw/irdsSttus/00382199_2025_11011.json,f1477cf0fb8754057bf63f9de3a778c059aac56da49a1039ac23e645b7272a8a,16
신한지주,지주,지주,00382199,신한지주,2025,11011,사업보고서,IFRS17,Y,"보고서 사업연도 >= 2023 이면 IFRS17, 아니면 IFRS4",2025.04.29,-,"5,000","7,603,260",-,보통주,2025-12-31,api,irdsSttus,"{""bsns_year"": ""2025"", ""corp_code"": ""00382199"", ""reprt_code"": ""11011""}",20260318000826,api_row,2026-08-31T15:33:59+09:00,000,run_20260831_152517_0223,raw/irdsSttus/00382199_2025_11011.json,f1477cf0fb8754057bf63f9de3a778c059aac56da49a1039ac23e645b7272a8a,16
신한지주,지주,지주,00382199,신한지주,2025,11011,사업보고서,IFRS17,Y,"보고서 사업연도 >= 2023 이면 IFRS17, 아니면 IFRS4",2025.06.26,-,"5,000","10,347,131",-,보통주,2025-12-31,api,irdsSttus,"{""bsns_year"": ""2025"", ""corp_code"": ""00382199"", ""reprt_code"": ""11011""}",20260318000826,api_row,2026-08-31T15:33:59+09:00,000,run_20260831_152517_0223,raw/irdsSttus/00382199_2025_11011.json,f1477cf0fb8754057bf63f9de3a778c059aac56da49a1039ac23e645b7272a8a,16
신한지주,지주,지주,00382199,신한지주,2025,11011,사업보고서,IFRS17,Y,"보고서 사업연도 >= 2023 이면 IFRS17, 아니면 IFRS4",2020.01.28,"43,336","5,000","8,232,906",-,보통주,2025-12-31,api,irdsSttus,"{""bsns_year"": ""2025"", ""corp_code"": ""00382199"", ""reprt_code"": ""11011""}",20260318000826,api_row,2026-08-31T15:33:59+09:00,000,run_20260831_152517_0223,raw/irdsSttus/00382199_2025_11011.json,f1477cf0fb8754057bf63f9de3a778c059aac56da49a1039ac23e645b7272a8a,16
신한지주,지주,지주,00382199,신한지주,2025,11011,사업보고서,IFRS17,Y,"보고서 사업연도 >= 2023 이면 IFRS17, 아니면 IFRS4",2020.06.01,-,"5,000","5,035,658",-,보통주,2025-12-31,api,irdsSttus,"{""bsns_year"": ""2025"", ""corp_code"": ""00382199"", ""reprt_code"": ""11011""}",20260318000826,api_row,2026-08-31T15:33:59+09:00,000,run_20260831_152517_0223,raw/irdsSttus/00382199_2025_11011.json,f1477cf0fb8754057bf63f9de3a778c059aac56da49a1039ac23e645b7272a8a,16
신한지주,지주,지주,00382199,신한지주,2025,11011,사업보고서,IFRS17,Y,"보고서 사업연도 >= 2023 이면 IFRS17, 아니면 IFRS4",2020.09.29,"29,600","5,000","39,130,000",유상증자(제3자배정),보통주,2025-12-31,api,irdsSttus,"{""bsns_year"": ""2025"", ""corp_code"": ""00382199"", ""reprt_code"": ""11011""}",20260318000826,api_row,2026-08-31T15:33:59+09:00,000,run_20260831_152517_0223,raw/irdsSttus/00382199_2025_11011.json,f1477cf0fb8754057bf63f9de3a778c059aac56da49a1039ac23e645b7272a8a,16
신한지주,지주,지주,00382199,신한지주,2025,11011,사업보고서,IFRS17,Y,"보고서 사업연도 >= 2023 이면 IFRS17, 아니면 IFRS4",2020.12.30,"32,261","5,000","72,719",-,보통주,2025-12-31,api,irdsSttus,"{""bsns_year"": ""2025"", ""corp_code"": ""00382199"", ""reprt_code"": ""11011""}",20260318000826,api_row,2026-08-31T15:33:59+09:00,000,run_20260831_152517_0223,raw/irdsSttus/00382199_2025_11011.json,f1477cf0fb8754057bf63f9de3a778c059aac56da49a1039ac23e645b7272a8a,16
신한지주,지주,지주,00382199,신한지주,2025,11011,사업보고서,IFRS17,Y,"보고서 사업연도 >= 2023 이면 IFRS17, 아니면 IFRS4",2022.04.25,-,"5,000","3,665,423",-,보통주,2025-12-31,api,irdsSttus,"{""bsns_year"": ""2025"", ""corp_code"": ""00382199"", ""reprt_code"": ""11011""}",20260318000826,api_row,2026-08-31T15:33:59+09:00,000,run_20260831_152517_0223,raw/irdsSttus/00382199_2025_11011.json,f1477cf0fb8754057bf63f9de3a778c059aac56da49a1039ac23e645b7272a8a,16
신한지주,지주,지주,00382199,신한지주,2025,11011,사업보고서,IFRS17,Y,"보고서 사업연도 >= 2023 이면 IFRS17, 아니면 IFRS4",2022.11.23,-,"5,000","4,149,262",-,보통주,2025-12-31,api,irdsSttus,"{""bsns_year"": ""2025"", ""corp_code"": ""00382199"", ""reprt_code"": ""11011""}",20260318000826,api_row,2026-08-31T15:33:59+09:00,000,run_20260831_152517_0223,raw/irdsSttus/00382199_2025_11011.json,f1477cf0fb8754057bf63f9de3a778c059aac56da49a1039ac23e645b7272a8a,16
신한지주,지주,지주,00382199,신한지주,2025,11011,사업보고서,IFRS17,Y,"보고서 사업연도 >= 2023 이면 IFRS17, 아니면 IFRS4",2023.03.28,-,"5,000","3,676,470",-,보통주,2025-12-31,api,irdsSttus,"{""bsns_year"": ""2025"", ""corp_code"": ""00382199"", ""reprt_code"": ""11011""}",20260318000826,api_row,2026-08-31T15:33:59+09:00,000,run_20260831_152517_0223,raw/irdsSttus/00382199_2025_11011.json,f1477cf0fb8754057bf63f9de3a778c059aac56da49a1039ac23e645b7272a8a,16
신한지주,지주,지주,00382199,신한지주,2025,11011,사업보고서,IFRS17,Y,"보고서 사업연도 >= 2023 이면 IFRS17, 아니면 IFRS4",2023.05.01,"-42,900","5,000","17,482,000",-,우선주,2025-12-31,api,irdsSttus,"{""bsns_year"": ""2025"", ""corp_code"": ""00382199"", ""reprt_code"": ""11011""}",20260318000826,api_row,2026-08-31T15:33:59+09:00,000,run_20260831_152517_0223,raw/irdsSttus/00382199_2025_11011.json,f1477cf0fb8754057bf63f9de3a778c059aac56da49a1039ac23e645b7272a8a,16
신한지주,지주,지주,00382199,신한지주,2025,11012,반기보고서,IFRS17,Y,"보고서 사업연도 >= 2023 이면 IFRS17, 아니면 IFRS4",2019.05.01,"42,900","5,000","17,482,000",유상증자(제3자배정),우선주,2025-06-30,api,irdsSttus,"{""bsns_year"": ""2025"", ""corp_code"": ""00382199"", ""reprt_code"": ""11012""}",20250814002920,api_row,2026-08-31T15:34:32+09:00,000,run_20260831_152517_0232,raw/irdsSttus/00382199_2025_11012.json,fb3570a8e3582d72a3c775cc17a591321a123aa4653ede8c67fe6a7414c78e72,16
신한지주,지주,지주,00382199,신한지주,2025,11012,반기보고서,IFRS17,Y,"보고서 사업연도 >= 2023 이면 IFRS17, 아니면 IFRS4",2023.05.01,"42,900","5,000","17,482,000",-,보통주,2025-06-30,api,irdsSttus,"{""bsns_year"": ""2025"", ""corp_code"": ""00382199"", ""reprt_code"": ""11012""}",20250814002920,api_row,2026-08-31T15:34:32+09:00,000,run_20260831_152517_0232,raw/irdsSttus/00382199_2025_11012.json,fb3570a8e3582d72a3c775cc17a591321a123aa4653ede8c67fe6a7414c78e72,16
신한지주,지주,지주,00382199,신한지주,2025,11012,반기보고서,IFRS17,Y,"보고서 사업연도 >= 2023 이면 IFRS17, 아니면 IFRS4",2023.06.16,-,"5,000","4,243,381",-,보통주,2025-06-30,api,irdsSttus,"{""bsns_year"": ""2025"", ""corp_code"": ""00382199"", ""reprt_code"": ""11012""}",20250814002920,api_row,2026-08-31T15:34:32+09:00,000,run_20260831_152517_0232,raw/irdsSttus/00382199_2025_11012.json,fb3570a8e3582d72a3c775cc17a591321a123aa4653ede8c67fe6a7414c78e72,16
신한지주,지주,지주,00382199,신한지주,2025,11012,반기보고서,IFRS17,Y,"보고서 사업연도 >= 2023 이면 IFRS17, 아니면 IFRS4",2023.08.31,-,"5,000","2,842,929",-,보통주,2025-06-30,api,irdsSttus,"{""bsns_year"": ""2025"", ""corp_code"": ""00382199"", ""reprt_code"": ""11012""}",20250814002920,api_row,2026-08-31T15:34:32+09:00,000,run_20260831_152517_0232,raw/irdsSttus/00382199_2025_11012.json,fb3570a8e3582d72a3c775cc17a591321a123aa4653ede8c67fe6a7414c78e72,16
신한지주,지주,지주,00382199,신한지주,2025,11012,반기보고서,IFRS17,Y,"보고서 사업연도 >= 2023 이면 IFRS17, 아니면 IFRS4",2023.12.27,-,"5,000","2,744,718",-,보통주,2025-06-30,api,irdsSttus,"{""bsns_year"": ""2025"", ""corp_code"": ""00382199"", ""reprt_code"": ""11012""}",20250814002920,api_row,2026-08-31T15:34:32+09:00,000,run_20260831_152517_0232,raw/irdsSttus/00382199_2025_11012.json,fb3570a8e3582d72a3c775cc17a591321a123aa4653ede8c67fe6a7414c78e72,16
신한지주,지주,지주,00382199,신한지주,2025,11012,반기보고서,IFRS17,Y,"보고서 사업연도 >= 2023 이면 IFRS17, 아니면 IFRS4",2024.03.22,-,"5,000","3,366,257",-,보통주,2025-06-30,api,irdsSttus,"{""bsns_year"": ""2025"", ""corp_code"": ""00382199"", ""reprt_code"": ""11012""}",20250814002920,api_row,2026-08-31T15:34:32+09:00,000,run_20260831_152517_0232,raw/irdsSttus/00382199_2025_11012.json,fb3570a8e3582d72a3c775cc17a591321a123aa4653ede8c67fe6a7414c78e72,16
신한지주,지주,지주,00382199,신한지주,2025,11012,반기보고서,IFRS17,Y,"보고서 사업연도 >= 2023 이면 IFRS17, 아니면 IFRS4",2024.11.01,-,"5,000","5,947,889",-,보통주,2025-06-30,api,irdsSttus,"{""bsns_year"": ""2025"", ""corp_code"": ""00382199"", ""reprt_code"": ""11012""}",20250814002920,api_row,2026-08-31T15:34:32+09:00,000,run_20260831_152517_0232,raw/irdsSttus/00382199_2025_11012.json,fb3570a8e3582d72a3c775cc17a591321a123aa4653ede8c67fe6a7414c78e72,16
신한지주,지주,지주,00382199,신한지주,2025,11012,반기보고서,IFRS17,Y,"보고서 사업연도 >= 2023 이면 IFRS17, 아니면 IFRS4",2025.04.29,-,"5,000","7,603,260",-,보통주,2025-06-30,api,irdsSttus,"{""bsns_year"": ""2025"", ""corp_code"": ""00382199"", ""reprt_code"": ""11012""}",20250814002920,api_row,2026-08-31T15:34:32+09:00,000,run_20260831_152517_0232,raw/irdsSttus/00382199_2025_11012.json,fb3570a8e3582d72a3c775cc17a591321a123aa4653ede8c67fe6a7414c78e72,16
신한지주,지주,지주,00382199,신한지주,2025,11012,반기보고서,IFRS17,Y,"보고서 사업연도 >= 2023 이면 IFRS17, 아니면 IFRS4",2025.06.26,-,"5,000","10,347,131",-,보통주,2025-06-30,api,irdsSttus,"{""bsns_year"": ""2025"", ""corp_code"": ""00382199"", ""reprt_code"": ""11012""}",20250814002920,api_row,2026-08-31T15:34:32+09:00,000,run_20260831_152517_0232,raw/irdsSttus/00382199_2025_11012.json,fb3570a8e3582d72a3c775cc17a591321a123aa4653ede8c67fe6a7414c78e72,16
신한지주,지주,지주,00382199,신한지주,2025,11012,반기보고서,IFRS17,Y,"보고서 사업연도 >= 2023 이면 IFRS17, 아니면 IFRS4",2020.01.28,"43,336","5,000","8,232,906",-,보통주,2025-06-30,api,irdsSttus,"{""bsns_year"": ""2025"", ""corp_code"": ""00382199"", ""reprt_code"": ""11012""}",20250814002920,api_row,2026-08-31T15:34:32+09:00,000,run_20260831_152517_0232,raw/irdsSttus/00382199_2025_11012.json,fb3570a8e3582d72a3c775cc17a591321a123aa4653ede8c67fe6a7414c78e72,16
신한지주,지주,지주,00382199,신한지주,2025,11012,반기보고서,IFRS17,Y,"보고서 사업연도 >= 2023 이면 IFRS17, 아니면 IFRS4",2020.06.01,-,"5,000","5,035,658",-,보통주,2025-06-30,api,irdsSttus,"{""bsns_year"": ""2025"", ""corp_code"": ""00382199"", ""reprt_code"": ""11012""}",20250814002920,api_row,2026-08-31T15:34:32+09:00,000,run_20260831_152517_0232,raw/irdsSttus/00382199_2025_11012.json,fb3570a8e3582d72a3c775cc17a591321a123aa4653ede8c67fe6a7414c78e72,16
신한지주,지주,지주,00382199,신한지주,2025,11012,반기보고서,IFRS17,Y,"보고서 사업연도 >= 2023 이면 IFRS17, 아니면 IFRS4",2020.09.29,"29,600","5,000","39,130,000",유상증자(제3자배정),보통주,2025-06-30,api,irdsSttus,"{""bsns_year"": ""2025"", ""corp_code"": ""00382199"", ""reprt_code"": ""11012""}",20250814002920,api_row,2026-08-31T15:34:32+09:00,000,run_20260831_152517_0232,raw/irdsSttus/00382199_2025_11012.json,fb3570a8e3582d72a3c775cc17a591321a123aa4653ede8c67fe6a7414c78e72,16
신한지주,지주,지주,00382199,신한지주,2025,11012,반기보고서,IFRS17,Y,"보고서 사업연도 >= 2023 이면 IFRS17, 아니면 IFRS4",2020.12.30,"32,261","5,000","72,719",-,보통주,2025-06-30,api,irdsSttus,"{""bsns_year"": ""2025"", ""corp_code"": ""00382199"", ""reprt_code"": ""11012""}",20250814002920,api_row,2026-08-31T15:34:32+09:00,000,run_20260831_152517_0232,raw/irdsSttus/00382199_2025_11012.json,fb3570a8e3582d72a3c775cc17a591321a123aa4653ede8c67fe6a7414c78e72,16
신한지주,지주,지주,00382199,신한지주,2025,11012,반기보고서,IFRS17,Y,"보고서 사업연도 >= 2023 이면 IFRS17, 아니면 IFRS4",2022.04.25,-,"5,000","3,665,423",-,보통주,2025-06-30,api,irdsSttus,"{""bsns_year"": ""2025"", ""corp_code"": ""00382199"", ""reprt_code"": ""11012""}",20250814002920,api_row,2026-08-31T15:34:32+09:00,000,run_20260831_152517_0232,raw/irdsSttus/00382199_2025_11012.json,fb3570a8e3582d72a3c775cc17a591321a123aa4653ede8c67fe6a7414c78e72,16
신한지주,지주,지주,00382199,신한지주,2025,11012,반기보고서,IFRS17,Y,"보고서 사업연도 >= 2023 이면 IFRS17, 아니면 IFRS4",2022.11.23,-,"5,000","4,149,262",-,보통주,2025-06-30,api,irdsSttus,"{""bsns_year"": ""2025"", ""corp_code"": ""00382199"", ""reprt_code"": ""11012""}",20250814002920,api_row,2026-08-31T15:34:32+09:00,000,run_20260831_152517_0232,raw/irdsSttus/00382199_2025_11012.json,fb3570a8e3582d72a3c775cc17a591321a123aa4653ede8c67fe6a7414c78e72,16
신한지주,지주,지주,00382199,신한지주,2025,11012,반기보고서,IFRS17,Y,"보고서 사업연도 >= 2023 이면 IFRS17, 아니면 IFRS4",2023.03.28,-,"5,000","3,676,470",-,보통주,2025-06-30,api,irdsSttus,"{""bsns_year"": ""2025"", ""corp_code"": ""00382199"", ""reprt_code"": ""11012""}",20250814002920,api_row,2026-08-31T15:34:32+09:00,000,run_20260831_152517_0232,raw/irdsSttus/00382199_2025_11012.json,fb3570a8e3582d72a3c775cc17a591321a123aa4653ede8c67fe6a7414c78e72,16
신한지주,지주,지주,00382199,신한지주,2025,11012,반기보고서,IFRS17,Y,"보고서 사업연도 >= 2023 이면 IFRS17, 아니면 IFRS4",2023.05.01,"-42,900","5,000","17,482,000",-,우선주,2025-06-30,api,irdsSttus,"{""bsns_year"": ""2025"", ""corp_code"": ""00382199"", ""reprt_code"": ""11012""}",20250814002920,api_row,2026-08-31T15:34:32+09:00,000,run_20260831_152517_0232,raw/irdsSttus/00382199_2025_11012.json,fb3570a8e3582d72a3c775cc17a591321a123aa4653ede8c67fe6a7414c78e72,16
신한지주,지주,지주,00382199,신한지주,2026,11012,반기보고서,IFRS17,Y,"보고서 사업연도 >= 2023 이면 IFRS17, 아니면 IFRS4",2024.03.22,-,"5,000","3,366,257",-,보통주,2026-06-30,api,irdsSttus,"{""bsns_year"": ""2026"", ""corp_code"": ""00382199"", ""reprt_code"": ""11012""}",20260814003306,api_row,2026-08-31T15:35:03+09:00,000,run_20260831_152517_0241,raw/irdsSttus/00382199_2026_11012.json,d5dbeda32bcf7c05134acba2c4c4e1011b7cdb7acb1f54f36a708424f45c5142,16
신한지주,지주,지주,00382199,신한지주,2026,11012,반기보고서,IFRS17,Y,"보고서 사업연도 >= 2023 이면 IFRS17, 아니면 IFRS4",2024.11.01,-,"5,000","5,947,889",-,보통주,2026-06-30,api,irdsSttus,"{""bsns_year"": ""2026"", ""corp_code"": ""00382199"", ""reprt_code"": ""11012""}",20260814003306,api_row,2026-08-31T15:35:03+09:00,000,run_20260831_152517_0241,raw/irdsSttus/00382199_2026_11012.json,d5dbeda32bcf7c05134acba2c4c4e1011b7cdb7acb1f54f36a708424f45c5142,16
신한지주,지주,지주,00382199,신한지주,2026,11012,반기보고서,IFRS17,Y,"보고서 사업연도 >= 2023 이면 IFRS17, 아니면 IFRS4",2025.04.29,-,"5,000","7,603,260",-,보통주,2026-06-30,api,irdsSttus,"{""bsns_year"": ""2026"", ""corp_code"": ""00382199"", ""reprt_code"": ""11012""}",20260814003306,api_row,2026-08-31T15:35:03+09:00,000,run_20260831_152517_0241,raw/irdsSttus/00382199_2026_11012.json,d5dbeda32bcf7c05134acba2c4c4e1011b7cdb7acb1f54f36a708424f45c5142,16
신한지주,지주,지주,00382199,신한지주,2026,11012,반기보고서,IFRS17,Y,"보고서 사업연도 >= 2023 이면 IFRS17, 아니면 IFRS4",2025.06.26,-,"5,000","10,347,131",-,보통주,2026-06-30,api,irdsSttus,"{""bsns_year"": ""2026"", ""corp_code"": ""00382199"", ""reprt_code"": ""11012""}",20260814003306,api_row,2026-08-31T15:35:03+09:00,000,run_20260831_152517_0241,raw/irdsSttus/00382199_2026_11012.json,d5dbeda32bcf7c05134acba2c4c4e1011b7cdb7acb1f54f36a708424f45c5142,16
신한지주,지주,지주,00382199,신한지주,2026,11012,반기보고서,IFRS17,Y,"보고서 사업연도 >= 2023 이면 IFRS17, 아니면 IFRS4",2026.02.06,-,"5,000","10,840,573",-,보통주,2026-06-30,api,irdsSttus,"{""bsns_year"": ""2026"", ""corp_code"": ""00382199"", ""reprt_code"": ""11012""}",20260814003306,api_row,2026-08-31T15:35:03+09:00,000,run_20260831_152517_0241,raw/irdsSttus/00382199_2026_11012.json,d5dbeda32bcf7c05134acba2c4c4e1011b7cdb7acb1f54f36a708424f45c5142,16
오렌지라이프생명보험,생보,선행법인,00176792,오렌지라이프생명보험,2017,11011,사업보고서,IFRS4,E,"보고서 사업연도 >= 2023 이면 IFRS17, 아니면 IFRS4",-,-,-,-,-,-,2017-12-31,api,irdsSttus,"{""bsns_year"": ""2017"", ""corp_code"": ""00176792"", ""reprt_code"": ""11011""}",20180330001804,api_row,2026-08-31T16:10:06+09:00,000,run_20260831_152517_1240,raw/irdsSttus/00176792_2017_11011.json,f90047b5eafe9419d675ce7566353b37ff2dcfb2ec175a3721d55835248430a2,16
오렌지라이프생명보험,생보,선행법인,00176792,오렌지라이프생명보험,2017,11011,사업보고서,IFRS4,E,"보고서 사업연도 >= 2023 이면 IFRS17, 아니면 IFRS4",-,-,-,-,-,-,2017-12-31,api,irdsSttus,"{""bsns_year"": ""2017"", ""corp_code"": ""00176792"", ""reprt_code"": ""11011""}",20180330001804,api_row,2026-08-31T16:10:06+09:00,000,run_20260831_152517_1240,raw/irdsSttus/00176792_2017_11011.json,f90047b5eafe9419d675ce7566353b37ff2dcfb2ec175a3721d55835248430a2,16
오렌지라이프생명보험,생보,선행법인,00176792,오렌지라이프생명보험,2018,11011,사업보고서,IFRS4,E,"보고서 사업연도 >= 2023 이면 IFRS17, 아니면 IFRS4",-,-,-,-,-,-,2018-12-31,api,irdsSttus,"{""bsns_year"": ""2018"", ""corp_code"": ""00176792"", ""reprt_code"": ""11011""}",20190328001973,api_row,2026-08-31T16:10:16+09:00,000,run_20260831_152517_1249,raw/irdsSttus/00176792_2018_11011.json,a4e0d53cfd03d1c723e413e2b223f621be4fddb28ea928e4eff78c713c275343,16
오렌지라이프생명보험,생보,선행법인,00176792,오렌지라이프생명보험,2019,11011,사업보고서,IFRS4,E,"보고서 사업연도 >= 2023 이면 IFRS17, 아니면 IFRS4",-,-,-,-,-,-,2019-12-31,api,irdsSttus,"{""bsns_year"": ""2019"", ""corp_code"": ""00176792"", ""reprt_code"": ""11011""}",20200330003387,api_row,2026-08-31T16:10:27+09:00,000,run_20260831_152517_1258,raw/irdsSttus/00176792_2019_11011.json,b7e280964a27ff81eb2c97c75911defe917c4399528b67d44267b1ad907a183e,16
오렌지라이프생명보험,생보,선행법인,00176792,오렌지라이프생명보험,2019,11011,사업보고서,IFRS4,E,"보고서 사업연도 >= 2023 이면 IFRS17, 아니면 IFRS4",-,-,-,-,-,-,2019-12-31,api,irdsSttus,"{""bsns_year"": ""2019"", ""corp_code"": ""00176792"", ""reprt_code"": ""11011""}",20200330003387,api_row,2026-08-31T16:10:27+09:00,000,run_20260831_152517_1258,raw/irdsSttus/00176792_2019_11011.json,b7e280964a27ff81eb2c97c75911defe917c4399528b67d44267b1ad907a183e,16
오렌지라이프생명보험,생보,선행법인,00176792,오렌지라이프생명보험,2020,11011,사업보고서,IFRS4,E,"보고서 사업연도 >= 2023 이면 IFRS17, 아니면 IFRS4",-,-,-,-,-,-,2020-12-31,api,irdsSttus,"{""bsns_year"": ""2020"", ""corp_code"": ""00176792"", ""reprt_code"": ""11011""}",20210330001517,api_row,2026-08-31T16:10:37+09:00,000,run_20260831_152517_1267,raw/irdsSttus/00176792_2020_11011.json,01699c0b29a1546fe0011d31f6ea4d41db8d19f60ca65e2749e29575f4f09d56,16
오렌지라이프생명보험,생보,선행법인,00176792,오렌지라이프생명보험,2020,11011,사업보고서,IFRS4,E,"보고서 사업연도 >= 2023 이면 IFRS17, 아니면 IFRS4",-,-,-,-,-,-,2020-12-31,api,irdsSttus,"{""bsns_year"": ""2020"", ""corp_code"": ""00176792"", ""reprt_code"": ""11011""}",20210330001517,api_row,2026-08-31T16:10:37+09:00,000,run_20260831_152517_1267,raw/irdsSttus/00176792_2020_11011.json,01699c0b29a1546fe0011d31f6ea4d41db8d19f60ca65e2749e29575f4f09d56,16
우리금융지주,지주,지주,01350869,우리금융지주,2019,11011,사업보고서,IFRS4,Y,"보고서 사업연도 >= 2023 이면 IFRS17, 아니면 IFRS4",2019.01.11,"26,415","5,000","680,164,306",-,보통주,2019-12-31,api,irdsSttus,"{""bsns_year"": ""2019"", ""corp_code"": ""01350869"", ""reprt_code"": ""11011""}",20200330004490,api_row,2026-08-31T15:42:52+09:00,000,run_20260831_152517_0476,raw/irdsSttus/01350869_2019_11011.json,8956e8e21100c4afb0958fc6207a0e025eb855acfc4de6f9eb5abc70477cd629,16
우리금융지주,지주,지주,01350869,우리금융지주,2019,11011,사업보고서,IFRS4,Y,"보고서 사업연도 >= 2023 이면 IFRS17, 아니면 IFRS4",2019.09.10,"12,350","5,000","42,103,377",-,보통주,2019-12-31,api,irdsSttus,"{""bsns_year"": ""2019"", ""corp_code"": ""01350869"", ""reprt_code"": ""11011""}",20200330004490,api_row,2026-08-31T15:42:52+09:00,000,run_20260831_152517_0476,raw/irdsSttus/01350869_2019_11011.json,8956e8e21100c4afb0958fc6207a0e025eb855acfc4de6f9eb5abc70477cd629,16
우리금융지주,지주,지주,01350869,우리금융지주,2020,11011,사업보고서,IFRS4,Y,"보고서 사업연도 >= 2023 이면 IFRS17, 아니면 IFRS4",2019.01.11,"26,415","5,000","680,164,306",-,보통주,2020-12-31,api,irdsSttus,"{""bsns_year"": ""2020"", ""corp_code"": ""01350869"", ""reprt_code"": ""11011""}",20210318001162,api_row,2026-08-31T15:43:02+09:00,000,run_20260831_152517_0485,raw/irdsSttus/01350869_2020_11011.json,c46da621db79c24dcd7d0dc5d2e802c78fbeafac21ded69d1ea705880722ef35,16
우리금융지주,지주,지주,01350869,우리금융지주,2020,11011,사업보고서,IFRS4,Y,"보고서 사업연도 >= 2023 이면 IFRS17, 아니면 IFRS4",2019.09.10,"12,350","5,000","42,103,377",-,보통주,2020-12-31,api,irdsSttus,"{""bsns_year"": ""2020"", ""corp_code"": ""01350869"", ""reprt_code"": ""11011""}",20210318001162,api_row,2026-08-31T15:43:02+09:00,000,run_20260831_152517_0485,raw/irdsSttus/01350869_2020_11011.json,c46da621db79c24dcd7d0dc5d2e802c78fbeafac21ded69d1ea705880722ef35,16
우리금융지주,지주,지주,01350869,우리금융지주,2021,11011,사업보고서,IFRS4,Y,"보고서 사업연도 >= 2023 이면 IFRS17, 아니면 IFRS4",2019.01.11,"26,415","5,000","680,164,306",-,보통주,2021-12-31,api,irdsSttus,"{""bsns_year"": ""2021"", ""corp_code"": ""01350869"", ""reprt_code"": ""11011""}",20220317001124,api_row,2026-08-31T15:43:13+09:00,000,run_20260831_152517_0494,raw/irdsSttus/01350869_2021_11011.json,c767747179ba18a2afd613a866329787def1fc95ddea2670dea410053c99eff1,16
우리금융지주,지주,지주,01350869,우리금융지주,2021,11011,사업보고서,IFRS4,Y,"보고서 사업연도 >= 2023 이면 IFRS17, 아니면 IFRS4",2019.09.10,"12,350","5,000","42,103,377",-,보통주,2021-12-31,api,irdsSttus,"{""bsns_year"": ""2021"", ""corp_code"": ""01350869"", ""reprt_code"": ""11011""}",20220317001124,api_row,2026-08-31T15:43:13+09:00,000,run_20260831_152517_0494,raw/irdsSttus/01350869_2021_11011.json,c767747179ba18a2afd613a866329787def1fc95ddea2670dea410053c99eff1,16
우리금융지주,지주,지주,01350869,우리금융지주,2021,11011,사업보고서,IFRS4,Y,"보고서 사업연도 >= 2023 이면 IFRS17, 아니면 IFRS4",2021.08.10,"11,100","5,000","5,792,866",-,보통주,2021-12-31,api,irdsSttus,"{""bsns_year"": ""2021"", ""corp_code"": ""01350869"", ""reprt_code"": ""11011""}",20220317001124,api_row,2026-08-31T15:43:13+09:00,000,run_20260831_152517_0494,raw/irdsSttus/01350869_2021_11011.json,c767747179ba18a2afd613a866329787def1fc95ddea2670dea410053c99eff1,16
우리금융지주,지주,지주,01350869,우리금융지주,2022,11011,사업보고서,IFRS4,Y,"보고서 사업연도 >= 2023 이면 IFRS17, 아니면 IFRS4",2019.01.11,"26,415","5,000","680,164,306",-,보통주,2022-12-31,api,irdsSttus,"{""bsns_year"": ""2022"", ""corp_code"": ""01350869"", ""reprt_code"": ""11011""}",20230316001455,api_row,2026-08-31T15:43:24+09:00,000,run_20260831_152517_0503,raw/irdsSttus/01350869_2022_11011.json,cb1fa55691e45320dcc1f5c648ef11940173f996a2184ff41bf666c0f20e8347,16
우리금융지주,지주,지주,01350869,우리금융지주,2022,11011,사업보고서,IFRS4,Y,"보고서 사업연도 >= 2023 이면 IFRS17, 아니면 IFRS4",2019.09.10,"12,350","5,000","42,103,377",-,보통주,2022-12-31,api,irdsSttus,"{""bsns_year"": ""2022"", ""corp_code"": ""01350869"", ""reprt_code"": ""11011""}",20230316001455,api_row,2026-08-31T15:43:24+09:00,000,run_20260831_152517_0503,raw/irdsSttus/01350869_2022_11011.json,cb1fa55691e45320dcc1f5c648ef11940173f996a2184ff41bf666c0f20e8347,16
우리금융지주,지주,지주,01350869,우리금융지주,2022,11011,사업보고서,IFRS4,Y,"보고서 사업연도 >= 2023 이면 IFRS17, 아니면 IFRS4",2021.08.10,"11,100","5,000","5,792,866",-,보통주,2022-12-31,api,irdsSttus,"{""bsns_year"": ""2022"", ""corp_code"": ""01350869"", ""reprt_code"": ""11011""}",20230316001455,api_row,2026-08-31T15:43:24+09:00,000,run_20260831_152517_0503,raw/irdsSttus/01350869_2022_11011.json,cb1fa55691e45320dcc1f5c648ef11940173f996a2184ff41bf666c0f20e8347,16
우리금융지주,지주,지주,01350869,우리금융지주,2023,11011,사업보고서,IFRS17,Y,"보고서 사업연도 >= 2023 이면 IFRS17, 아니면 IFRS4",2019.01.11,"26,415","5,000","680,164,306",-,보통주,2023-12-31,api,irdsSttus,"{""bsns_year"": ""2023"", ""corp_code"": ""01350869"", ""reprt_code"": ""11011""}",20240516001472,api_row,2026-08-31T15:43:35+09:00,000,run_20260831_152517_0512,raw/irdsSttus/01350869_2023_11011.json,d0920a15b2cb90915489cb7cf5ec6519503f147bbd3e865ffe7202213969d58b,16
우리금융지주,지주,지주,01350869,우리금융지주,2023,11011,사업보고서,IFRS17,Y,"보고서 사업연도 >= 2023 이면 IFRS17, 아니면 IFRS4",2019.09.10,"12,350","5,000","42,103,377",-,보통주,2023-12-31,api,irdsSttus,"{""bsns_year"": ""2023"", ""corp_code"": ""01350869"", ""reprt_code"": ""11011""}",20240516001472,api_row,2026-08-31T15:43:35+09:00,000,run_20260831_152517_0512,raw/irdsSttus/01350869_2023_11011.json,d0920a15b2cb90915489cb7cf5ec6519503f147bbd3e865ffe7202213969d58b,16
우리금융지주,지주,지주,01350869,우리금융지주,2023,11011,사업보고서,IFRS17,Y,"보고서 사업연도 >= 2023 이면 IFRS17, 아니면 IFRS4",2021.08.10,"11,100","5,000","5,792,866",-,보통주,2023-12-31,api,irdsSttus,"{""bsns_year"": ""2023"", ""corp_code"": ""01350869"", ""reprt_code"": ""11011""}",20240516001472,api_row,2026-08-31T15:43:35+09:00,000,run_20260831_152517_0512,raw/irdsSttus/01350869_2023_11011.json,d0920a15b2cb90915489cb7cf5ec6519503f147bbd3e865ffe7202213969d58b,16
우리금융지주,지주,지주,01350869,우리금융지주,2023,11011,사업보고서,IFRS17,Y,"보고서 사업연도 >= 2023 이면 IFRS17, 아니면 IFRS4",2023.08.08,"11,520","5,000","32,474,711",-,보통주,2023-12-31,api,irdsSttus,"{""bsns_year"": ""2023"", ""corp_code"": ""01350869"", ""reprt_code"": ""11011""}",20240516001472,api_row,2026-08-31T15:43:35+09:00,000,run_20260831_152517_0512,raw/irdsSttus/01350869_2023_11011.json,d0920a15b2cb90915489cb7cf5ec6519503f147bbd3e865ffe7202213969d58b,16
우리금융지주,지주,지주,01350869,우리금융지주,2023,11011,사업보고서,IFRS17,Y,"보고서 사업연도 >= 2023 이면 IFRS17, 아니면 IFRS4",2023.10.30,-,"5,000","8,585,799",-,보통주,2023-12-31,api,irdsSttus,"{""bsns_year"": ""2023"", ""corp_code"": ""01350869"", ""reprt_code"": ""11011""}",20240516001472,api_row,2026-08-31T15:43:35+09:00,000,run_20260831_152517_0512,raw/irdsSttus/01350869_2023_11011.json,d0920a15b2cb90915489cb7cf5ec6519503f147bbd3e865ffe7202213969d58b,16
우리금융지주,지주,지주,01350869,우리금융지주,2024,11011,사업보고서,IFRS17,Y,"보고서 사업연도 >= 2023 이면 IFRS17, 아니면 IFRS4",2019.01.11,"26,415","5,000","680,164,306",-,보통주,2024-12-31,api,irdsSttus,"{""bsns_year"": ""2024"", ""corp_code"": ""01350869"", ""reprt_code"": ""11011""}",20250318001196,api_row,2026-08-31T15:44:02+09:00,000,run_20260831_152517_0521,raw/irdsSttus/01350869_2024_11011.json,11db0548fdddb1995f1a6a82a7bfbbbfef65b1b1d0accd64aec8962981e48846,16
우리금융지주,지주,지주,01350869,우리금융지주,2024,11011,사업보고서,IFRS17,Y,"보고서 사업연도 >= 2023 이면 IFRS17, 아니면 IFRS4",2019.09.10,"12,350","5,000","42,103,377",-,보통주,2024-12-31,api,irdsSttus,"{""bsns_year"": ""2024"", ""corp_code"": ""01350869"", ""reprt_code"": ""11011""}",20250318001196,api_row,2026-08-31T15:44:02+09:00,000,run_20260831_152517_0521,raw/irdsSttus/01350869_2024_11011.json,11db0548fdddb1995f1a6a82a7bfbbbfef65b1b1d0accd64aec8962981e48846,16
우리금융지주,지주,지주,01350869,우리금융지주,2024,11011,사업보고서,IFRS17,Y,"보고서 사업연도 >= 2023 이면 IFRS17, 아니면 IFRS4",2021.08.10,"11,100","5,000","5,792,866",-,보통주,2024-12-31,api,irdsSttus,"{""bsns_year"": ""2024"", ""corp_code"": ""01350869"", ""reprt_code"": ""11011""}",20250318001196,api_row,2026-08-31T15:44:02+09:00,000,run_20260831_152517_0521,raw/irdsSttus/01350869_2024_11011.json,11db0548fdddb1995f1a6a82a7bfbbbfef65b1b1d0accd64aec8962981e48846,16
우리금융지주,지주,지주,01350869,우리금융지주,2024,11011,사업보고서,IFRS17,Y,"보고서 사업연도 >= 2023 이면 IFRS17, 아니면 IFRS4",2023.08.08,"11,520","5,000","32,474,711",-,보통주,2024-12-31,api,irdsSttus,"{""bsns_year"": ""2024"", ""corp_code"": ""01350869"", ""reprt_code"": ""11011""}",20250318001196,api_row,2026-08-31T15:44:02+09:00,000,run_20260831_152517_0521,raw/irdsSttus/01350869_2024_11011.json,11db0548fdddb1995f1a6a82a7bfbbbfef65b1b1d0accd64aec8962981e48846,16
우리금융지주,지주,지주,01350869,우리금융지주,2024,11011,사업보고서,IFRS17,Y,"보고서 사업연도 >= 2023 이면 IFRS17, 아니면 IFRS4",2023.10.30,-,"5,000","8,585,799",-,보통주,2024-12-31,api,irdsSttus,"{""bsns_year"": ""2024"", ""corp_code"": ""01350869"", ""reprt_code"": ""11011""}",20250318001196,api_row,2026-08-31T15:44:02+09:00,000,run_20260831_152517_0521,raw/irdsSttus/01350869_2024_11011.json,11db0548fdddb1995f1a6a82a7bfbbbfef65b1b1d0accd64aec8962981e48846,16
우리금융지주,지주,지주,01350869,우리금융지주,2024,11011,사업보고서,IFRS17,Y,"보고서 사업연도 >= 2023 이면 IFRS17, 아니면 IFRS4",2024.03.22,-,"5,000","9,357,960",-,보통주,2024-12-31,api,irdsSttus,"{""bsns_year"": ""2024"", ""corp_code"": ""01350869"", ""reprt_code"": ""11011""}",20250318001196,api_row,2026-08-31T15:44:02+09:00,000,run_20260831_152517_0521,raw/irdsSttus/01350869_2024_11011.json,11db0548fdddb1995f1a6a82a7bfbbbfef65b1b1d0accd64aec8962981e48846,16
우리금융지주,지주,지주,01350869,우리금융지주,2025,11011,사업보고서,IFRS17,Y,"보고서 사업연도 >= 2023 이면 IFRS17, 아니면 IFRS4",2019.01.11,"26,415","5,000","680,164,306",-,보통주,2025-12-31,api,irdsSttus,"{""bsns_year"": ""2025"", ""corp_code"": ""01350869"", ""reprt_code"": ""11011""}",20260313001235,api_row,2026-08-31T15:44:30+09:00,000,run_20260831_152517_0530,raw/irdsSttus/01350869_2025_11011.json,06a1a5d8d080911885099de10a4c33850b612615c144160aae38e6965a2ee1f5,16
우리금융지주,지주,지주,01350869,우리금융지주,2025,11011,사업보고서,IFRS17,Y,"보고서 사업연도 >= 2023 이면 IFRS17, 아니면 IFRS4",2019.09.10,"12,350","5,000","42,103,377",-,보통주,2025-12-31,api,irdsSttus,"{""bsns_year"": ""2025"", ""corp_code"": ""01350869"", ""reprt_code"": ""11011""}",20260313001235,api_row,2026-08-31T15:44:30+09:00,000,run_20260831_152517_0530,raw/irdsSttus/01350869_2025_11011.json,06a1a5d8d080911885099de10a4c33850b612615c144160aae38e6965a2ee1f5,16
우리금융지주,지주,지주,01350869,우리금융지주,2025,11011,사업보고서,IFRS17,Y,"보고서 사업연도 >= 2023 이면 IFRS17, 아니면 IFRS4",2021.08.10,"11,100","5,000","5,792,866",-,보통주,2025-12-31,api,irdsSttus,"{""bsns_year"": ""2025"", ""corp_code"": ""01350869"", ""reprt_code"": ""11011""}",20260313001235,api_row,2026-08-31T15:44:30+09:00,000,run_20260831_152517_0530,raw/irdsSttus/01350869_2025_11011.json,06a1a5d8d080911885099de10a4c33850b612615c144160aae38e6965a2ee1f5,16
우리금융지주,지주,지주,01350869,우리금융지주,2025,11011,사업보고서,IFRS17,Y,"보고서 사업연도 >= 2023 이면 IFRS17, 아니면 IFRS4",2023.08.08,"11,520","5,000","32,474,711",-,보통주,2025-12-31,api,irdsSttus,"{""bsns_year"": ""2025"", ""corp_code"": ""01350869"", ""reprt_code"": ""11011""}",20260313001235,api_row,2026-08-31T15:44:30+09:00,000,run_20260831_152517_0530,raw/irdsSttus/01350869_2025_11011.json,06a1a5d8d080911885099de10a4c33850b612615c144160aae38e6965a2ee1f5,16
우리금융지주,지주,지주,01350869,우리금융지주,2025,11011,사업보고서,IFRS17,Y,"보고서 사업연도 >= 2023 이면 IFRS17, 아니면 IFRS4",2023.10.30,-,"5,000","8,585,799",-,보통주,2025-12-31,api,irdsSttus,"{""bsns_year"": ""2025"", ""corp_code"": ""01350869"", ""reprt_code"": ""11011""}",20260313001235,api_row,2026-08-31T15:44:30+09:00,000,run_20260831_152517_0530,raw/irdsSttus/01350869_2025_11011.json,06a1a5d8d080911885099de10a4c33850b612615c144160aae38e6965a2ee1f5,16
우리금융지주,지주,지주,01350869,우리금융지주,2025,11011,사업보고서,IFRS17,Y,"보고서 사업연도 >= 2023 이면 IFRS17, 아니면 IFRS4",2024.03.22,-,"5,000","9,357,960",-,보통주,2025-12-31,api,irdsSttus,"{""bsns_year"": ""2025"", ""corp_code"": ""01350869"", ""reprt_code"": ""11011""}",20260313001235,api_row,2026-08-31T15:44:30+09:00,000,run_20260831_152517_0530,raw/irdsSttus/01350869_2025_11011.json,06a1a5d8d080911885099de10a4c33850b612615c144160aae38e6965a2ee1f5,16
우리금융지주,지주,지주,01350869,우리금융지주,2025,11011,사업보고서,IFRS17,Y,"보고서 사업연도 >= 2023 이면 IFRS17, 아니면 IFRS4",2025.09.19,-,"5,000","8,515,181",-,보통주,2025-12-31,api,irdsSttus,"{""bsns_year"": ""2025"", ""corp_code"": ""01350869"", ""reprt_code"": ""11011""}",20260313001235,api_row,2026-08-31T15:44:30+09:00,000,run_20260831_152517_0530,raw/irdsSttus/01350869_2025_11011.json,06a1a5d8d080911885099de10a4c33850b612615c144160aae38e6965a2ee1f5,16
우리금융지주,지주,지주,01350869,우리금융지주,2025,11012,반기보고서,IFRS17,Y,"보고서 사업연도 >= 2023 이면 IFRS17, 아니면 IFRS4",2019.01.11,"26,415","5,000","680,164,306",-,보통주,2025-06-30,api,irdsSttus,"{""bsns_year"": ""2025"", ""corp_code"": ""01350869"", ""reprt_code"": ""11012""}",20250814004065,api_row,2026-08-31T15:45:00+09:00,000,run_20260831_152517_0539,raw/irdsSttus/01350869_2025_11012.json,3afbc0ae08185131002b37d8578692465adaa54aae94d9a397257f4a3ca2dc15,16
우리금융지주,지주,지주,01350869,우리금융지주,2025,11012,반기보고서,IFRS17,Y,"보고서 사업연도 >= 2023 이면 IFRS17, 아니면 IFRS4",2019.09.10,"12,350","5,000","42,103,377",-,보통주,2025-06-30,api,irdsSttus,"{""bsns_year"": ""2025"", ""corp_code"": ""01350869"", ""reprt_code"": ""11012""}",20250814004065,api_row,2026-08-31T15:45:00+09:00,000,run_20260831_152517_0539,raw/irdsSttus/01350869_2025_11012.json,3afbc0ae08185131002b37d8578692465adaa54aae94d9a397257f4a3ca2dc15,16
우리금융지주,지주,지주,01350869,우리금융지주,2025,11012,반기보고서,IFRS17,Y,"보고서 사업연도 >= 2023 이면 IFRS17, 아니면 IFRS4",2021.08.10,"11,100","5,000","5,792,866",-,보통주,2025-06-30,api,irdsSttus,"{""bsns_year"": ""2025"", ""corp_code"": ""01350869"", ""reprt_code"": ""11012""}",20250814004065,api_row,2026-08-31T15:45:00+09:00,000,run_20260831_152517_0539,raw/irdsSttus/01350869_2025_11012.json,3afbc0ae08185131002b37d8578692465adaa54aae94d9a397257f4a3ca2dc15,16
우리금융지주,지주,지주,01350869,우리금융지주,2025,11012,반기보고서,IFRS17,Y,"보고서 사업연도 >= 2023 이면 IFRS17, 아니면 IFRS4",2023.08.08,"11,520","5,000","32,474,711",-,보통주,2025-06-30,api,irdsSttus,"{""bsns_year"": ""2025"", ""corp_code"": ""01350869"", ""reprt_code"": ""11012""}",20250814004065,api_row,2026-08-31T15:45:00+09:00,000,run_20260831_152517_0539,raw/irdsSttus/01350869_2025_11012.json,3afbc0ae08185131002b37d8578692465adaa54aae94d9a397257f4a3ca2dc15,16
우리금융지주,지주,지주,01350869,우리금융지주,2025,11012,반기보고서,IFRS17,Y,"보고서 사업연도 >= 2023 이면 IFRS17, 아니면 IFRS4",2023.10.30,-,"5,000","8,585,799",-,보통주,2025-06-30,api,irdsSttus,"{""bsns_year"": ""2025"", ""corp_code"": ""01350869"", ""reprt_code"": ""11012""}",20250814004065,api_row,2026-08-31T15:45:00+09:00,000,run_20260831_152517_0539,raw/irdsSttus/01350869_2025_11012.json,3afbc0ae08185131002b37d8578692465adaa54aae94d9a397257f4a3ca2dc15,16
우리금융지주,지주,지주,01350869,우리금융지주,2025,11012,반기보고서,IFRS17,Y,"보고서 사업연도 >= 2023 이면 IFRS17, 아니면 IFRS4",2024.03.22,-,"5,000","9,357,960",-,보통주,2025-06-30,api,irdsSttus,"{""bsns_year"": ""2025"", ""corp_code"": ""01350869"", ""reprt_code"": ""11012""}",20250814004065,api_row,2026-08-31T15:45:00+09:00,000,run_20260831_152517_0539,raw/irdsSttus/01350869_2025_11012.json,3afbc0ae08185131002b37d8578692465adaa54aae94d9a397257f4a3ca2dc15,16
우리금융지주,지주,지주,01350869,우리금융지주,2026,11012,반기보고서,IFRS17,Y,"보고서 사업연도 >= 2023 이면 IFRS17, 아니면 IFRS4",2019.01.11,"26,415","5,000","680,164,306",-,보통주,2026-06-30,api,irdsSttus,"{""bsns_year"": ""2026"", ""corp_code"": ""01350869"", ""reprt_code"": ""11012""}",20260814003410,api_row,2026-08-31T15:45:26+09:00,000,run_20260831_152517_0548,raw/irdsSttus/01350869_2026_11012.json,414ac91688c9d97ebd7da7aa297d385cfcc3f0670147e0b6e871cc6035a9ba33,16
우리금융지주,지주,지주,01350869,우리금융지주,2026,11012,반기보고서,IFRS17,Y,"보고서 사업연도 >= 2023 이면 IFRS17, 아니면 IFRS4",2019.09.10,"12,350","5,000","42,103,377",-,보통주,2026-06-30,api,irdsSttus,"{""bsns_year"": ""2026"", ""corp_code"": ""01350869"", ""reprt_code"": ""11012""}",20260814003410,api_row,2026-08-31T15:45:26+09:00,000,run_20260831_152517_0548,raw/irdsSttus/01350869_2026_11012.json,414ac91688c9d97ebd7da7aa297d385cfcc3f0670147e0b6e871cc6035a9ba33,16
우리금융지주,지주,지주,01350869,우리금융지주,2026,11012,반기보고서,IFRS17,Y,"보고서 사업연도 >= 2023 이면 IFRS17, 아니면 IFRS4",2021.08.10,"11,100","5,000","5,792,866",-,보통주,2026-06-30,api,irdsSttus,"{""bsns_year"": ""2026"", ""corp_code"": ""01350869"", ""reprt_code"": ""11012""}",20260814003410,api_row,2026-08-31T15:45:26+09:00,000,run_20260831_152517_0548,raw/irdsSttus/01350869_2026_11012.json,414ac91688c9d97ebd7da7aa297d385cfcc3f0670147e0b6e871cc6035a9ba33,16
우리금융지주,지주,지주,01350869,우리금융지주,2026,11012,반기보고서,IFRS17,Y,"보고서 사업연도 >= 2023 이면 IFRS17, 아니면 IFRS4",2023.08.08,"11,520","5,000","32,474,711",-,보통주,2026-06-30,api,irdsSttus,"{""bsns_year"": ""2026"", ""corp_code"": ""01350869"", ""reprt_code"": ""11012""}",20260814003410,api_row,2026-08-31T15:45:26+09:00,000,run_20260831_152517_0548,raw/irdsSttus/01350869_2026_11012.json,414ac91688c9d97ebd7da7aa297d385cfcc3f0670147e0b6e871cc6035a9ba33,16
우리금융지주,지주,지주,01350869,우리금융지주,2026,11012,반기보고서,IFRS17,Y,"보고서 사업연도 >= 2023 이면 IFRS17, 아니면 IFRS4",2023.10.30,-,"5,000","8,585,799",-,보통주,2026-06-30,api,irdsSttus,"{""bsns_year"": ""2026"", ""corp_code"": ""01350869"", ""reprt_code"": ""11012""}",20260814003410,api_row,2026-08-31T15:45:26+09:00,000,run_20260831_152517_0548,raw/irdsSttus/01350869_2026_11012.json,414ac91688c9d97ebd7da7aa297d385cfcc3f0670147e0b6e871cc6035a9ba33,16
우리금융지주,지주,지주,01350869,우리금융지주,2026,11012,반기보고서,IFRS17,Y,"보고서 사업연도 >= 2023 이면 IFRS17, 아니면 IFRS4",2024.03.22,-,"5,000","9,357,960",-,보통주,2026-06-30,api,irdsSttus,"{""bsns_year"": ""2026"", ""corp_code"": ""01350869"", ""reprt_code"": ""11012""}",20260814003410,api_row,2026-08-31T15:45:26+09:00,000,run_20260831_152517_0548,raw/irdsSttus/01350869_2026_11012.json,414ac91688c9d97ebd7da7aa297d385cfcc3f0670147e0b6e871cc6035a9ba33,16
우리금융지주,지주,지주,01350869,우리금융지주,2026,11012,반기보고서,IFRS17,Y,"보고서 사업연도 >= 2023 이면 IFRS17, 아니면 IFRS4",2025.09.19,-,"5,000","8,515,181",-,보통주,2026-06-30,api,irdsSttus,"{""bsns_year"": ""2026"", ""corp_code"": ""01350869"", ""reprt_code"": ""11012""}",20260814003410,api_row,2026-08-31T15:45:26+09:00,000,run_20260831_152517_0548,raw/irdsSttus/01350869_2026_11012.json,414ac91688c9d97ebd7da7aa297d385cfcc3f0670147e0b6e871cc6035a9ba33,16
우리금융지주,지주,지주,01350869,우리금융지주,2026,11012,반기보고서,IFRS17,Y,"보고서 사업연도 >= 2023 이면 IFRS17, 아니면 IFRS4",2026.06.18,-,"5,000","5,986,638",-,보통주,2026-06-30,api,irdsSttus,"{""bsns_year"": ""2026"", ""corp_code"": ""01350869"", ""reprt_code"": ""11012""}",20260814003410,api_row,2026-08-31T15:45:26+09:00,000,run_20260831_152517_0548,raw/irdsSttus/01350869_2026_11012.json,414ac91688c9d97ebd7da7aa297d385cfcc3f0670147e0b6e871cc6035a9ba33,16
우리은행,기타,전환주체,00254045,우리은행,2021,11011,사업보고서,IFRS4,E,"보고서 사업연도 >= 2023 이면 IFRS17, 아니면 IFRS4",2014.11.03,"5,000","5,000","596,690,380",-,보통주,2021-12-31,api,irdsSttus,"{""bsns_year"": ""2021"", ""corp_code"": ""00254045"", ""reprt_code"": ""11011""}",20220317000674,api_row,2026-09-11T10:46:28+09:00,000,run_20260911_103248_0268,raw/irdsSttus/00254045_2021_11011.json,935f5141285a804c0efeda86733ec051b3bf55a4588fa0ca58abb2f6b4778e57,5
우리은행,기타,전환주체,00254045,우리은행,2021,11011,사업보고서,IFRS4,E,"보고서 사업연도 >= 2023 이면 IFRS17, 아니면 IFRS4",2014.11.03,"5,000","5,000","676,278,371",-,보통주,2021-12-31,api,irdsSttus,"{""bsns_year"": ""2021"", ""corp_code"": ""00254045"", ""reprt_code"": ""11011""}",20220317000674,api_row,2026-09-11T10:46:28+09:00,000,run_20260911_103248_0268,raw/irdsSttus/00254045_2021_11011.json,935f5141285a804c0efeda86733ec051b3bf55a4588fa0ca58abb2f6b4778e57,5
우리은행,기타,전환주체,00254045,우리은행,2021,11011,사업보고서,IFRS4,E,"보고서 사업연도 >= 2023 이면 IFRS17, 아니면 IFRS4",2015.10.02,-,"5,000","278,371",-,보통주,2021-12-31,api,irdsSttus,"{""bsns_year"": ""2021"", ""corp_code"": ""00254045"", ""reprt_code"": ""11011""}",20220317000674,api_row,2026-09-11T10:46:28+09:00,000,run_20260911_103248_0268,raw/irdsSttus/00254045_2021_11011.json,935f5141285a804c0efeda86733ec051b3bf55a4588fa0ca58abb2f6b4778e57,5
우리은행,기타,전환주체,00254045,우리은행,2021,11011,사업보고서,IFRS4,E,"보고서 사업연도 >= 2023 이면 IFRS17, 아니면 IFRS4",2020.06.18,"25,000","5,000","40,000,000",유상증자(주주배정),보통주,2021-12-31,api,irdsSttus,"{""bsns_year"": ""2021"", ""corp_code"": ""00254045"", ""reprt_code"": ""11011""}",20220317000674,api_row,2026-09-11T10:46:28+09:00,000,run_20260911_103248_0268,raw/irdsSttus/00254045_2021_11011.json,935f5141285a804c0efeda86733ec051b3bf55a4588fa0ca58abb2f6b4778e57,5
우리은행,기타,전환주체,00254045,우리은행,2022,11011,사업보고서,IFRS4,E,"보고서 사업연도 >= 2023 이면 IFRS17, 아니면 IFRS4",2020.06.18,"25,000","5,000","40,000,000",유상증자(주주배정),보통주,2022-12-31,api,irdsSttus,"{""bsns_year"": ""2022"", ""corp_code"": ""00254045"", ""reprt_code"": ""11011""}",20230316001052,api_row,2026-09-11T10:47:05+09:00,000,run_20260911_103248_0277,raw/irdsSttus/00254045_2022_11011.json,ec76af6befc8b3ce2a82c902c8228f3eed1a627f5e4b5fd14a8a08cb7225e429,5
우리은행,기타,전환주체,00254045,우리은행,2023,11011,사업보고서,IFRS17,E,"보고서 사업연도 >= 2023 이면 IFRS17, 아니면 IFRS4",-,-,-,-,-,-,2023-12-31,api,irdsSttus,"{""bsns_year"": ""2023"", ""corp_code"": ""00254045"", ""reprt_code"": ""11011""}",20240326000240,api_row,2026-09-11T10:47:46+09:00,000,run_20260911_103248_0286,raw/irdsSttus/00254045_2023_11011.json,36a39a6b85ca1907557c421ab91dce206934a813dce96e32b634a7b8d459c0c2,5
우리은행,기타,전환주체,00254045,우리은행,2024,11011,사업보고서,IFRS17,E,"보고서 사업연도 >= 2023 이면 IFRS17, 아니면 IFRS4",-,-,-,-,-,-,2024-12-31,api,irdsSttus,"{""bsns_year"": ""2024"", ""corp_code"": ""00254045"", ""reprt_code"": ""11011""}",20250318001159,api_row,2026-09-11T10:48:47+09:00,000,run_20260911_103248_0295,raw/irdsSttus/00254045_2024_11011.json,11010b9190cbe8e66b1b223497354899b486878969f7fd0dc1fa4d6e5495cd51,5
우리은행,기타,전환주체,00254045,우리은행,2025,11011,사업보고서,IFRS17,E,"보고서 사업연도 >= 2023 이면 IFRS17, 아니면 IFRS4",-,-,-,-,-,-,2025-12-31,api,irdsSttus,"{""bsns_year"": ""2025"", ""corp_code"": ""00254045"", ""reprt_code"": ""11011""}",20260313000815,api_row,2026-09-11T10:49:50+09:00,000,run_20260911_103248_0304,raw/irdsSttus/00254045_2025_11011.json,8b31a88202d966932d82aec70f155d6af64703e5aa60eb0b9e11b1ce2ccb9cc7,5
우리은행,기타,전환주체,00254045,우리은행,2025,11012,반기보고서,IFRS17,E,"보고서 사업연도 >= 2023 이면 IFRS17, 아니면 IFRS4",-,-,-,-,-,-,2025-06-30,api,irdsSttus,"{""bsns_year"": ""2025"", ""corp_code"": ""00254045"", ""reprt_code"": ""11012""}",20250814003989,api_row,2026-09-11T10:50:50+09:00,000,run_20260911_103248_0313,raw/irdsSttus/00254045_2025_11012.json,11640afbffb70af0e705397f2bba1ed4977f81ce2a5a54fd541d38aa0a3a570f,5
우리은행,기타,전환주체,00254045,우리은행,2026,11012,반기보고서,IFRS17,E,"보고서 사업연도 >= 2023 이면 IFRS17, 아니면 IFRS4",-,-,-,-,-,-,2026-06-30,api,irdsSttus,"{""bsns_year"": ""2026"", ""corp_code"": ""00254045"", ""reprt_code"": ""11012""}",20260814003574,api_row,2026-09-11T10:51:50+09:00,000,run_20260911_103248_0322,raw/irdsSttus/00254045_2026_11012.json,97e163f4851926286047c83d82952449a4350c727cc9870d3e6162ae0b0ee4ab,5
한국금융지주,지주,비교지주,00432102,한국금융지주,2021,11011,사업보고서,IFRS4,Y,"보고서 사업연도 >= 2023 이면 IFRS17, 아니면 IFRS4",-,-,-,-,-,-,2021-12-31,api,irdsSttus,"{""bsns_year"": ""2021"", ""corp_code"": ""00432102"", ""reprt_code"": ""11011""}",20250320000804,api_row,2026-09-11T13:51:06+09:00,000,run_20260911_133722_0288,raw/irdsSttus/00432102_2021_11011.json,d1723e8362666ddebc37238ba92d0acb809346033bb59a7395b718dc80d42f4c,5
한국금융지주,지주,비교지주,00432102,한국금융지주,2022,11011,사업보고서,IFRS4,Y,"보고서 사업연도 >= 2023 이면 IFRS17, 아니면 IFRS4",-,-,-,-,-,-,2022-12-31,api,irdsSttus,"{""bsns_year"": ""2022"", ""corp_code"": ""00432102"", ""reprt_code"": ""11011""}",20250320000814,api_row,2026-09-11T13:51:17+09:00,000,run_20260911_133722_0297,raw/irdsSttus/00432102_2022_11011.json,ffb9d7d9dafc70c6f711deb8610c9e9bb4a8af226b3a94d753ba475906f9c85b,5
한국금융지주,지주,비교지주,00432102,한국금융지주,2023,11011,사업보고서,IFRS17,Y,"보고서 사업연도 >= 2023 이면 IFRS17, 아니면 IFRS4",-,-,-,-,-,-,2023-12-31,api,irdsSttus,"{""bsns_year"": ""2023"", ""corp_code"": ""00432102"", ""reprt_code"": ""11011""}",20250320000836,api_row,2026-09-11T13:51:26+09:00,000,run_20260911_133722_0306,raw/irdsSttus/00432102_2023_11011.json,6e52eeaac8487ed63e89f6bf753381086048ecdea51aa36239ba88910d97f31c,5
한국금융지주,지주,비교지주,00432102,한국금융지주,2024,11011,사업보고서,IFRS17,Y,"보고서 사업연도 >= 2023 이면 IFRS17, 아니면 IFRS4",-,-,-,-,-,-,2024-12-31,api,irdsSttus,"{""bsns_year"": ""2024"", ""corp_code"": ""00432102"", ""reprt_code"": ""11011""}",20250320000910,api_row,2026-09-11T13:51:45+09:00,000,run_20260911_133722_0315,raw/irdsSttus/00432102_2024_11011.json,5bc3bb3e845700c992a1f624f35c979d323a5c1ee0aaaae146838f00395473e2,5
한국금융지주,지주,비교지주,00432102,한국금융지주,2025,11011,사업보고서,IFRS17,Y,"보고서 사업연도 >= 2023 이면 IFRS17, 아니면 IFRS4",-,-,-,-,-,-,2025-12-31,api,irdsSttus,"{""bsns_year"": ""2025"", ""corp_code"": ""00432102"", ""reprt_code"": ""11011""}",20260319001006,api_row,2026-09-11T13:52:03+09:00,000,run_20260911_133722_0324,raw/irdsSttus/00432102_2025_11011.json,3fb285dcd235297417481dec3bfe57b1f04662a4901cadcb5e0389b94027dfaf,5
한국금융지주,지주,비교지주,00432102,한국금융지주,2025,11012,반기보고서,IFRS17,Y,"보고서 사업연도 >= 2023 이면 IFRS17, 아니면 IFRS4",-,-,-,-,-,-,2025-06-30,api,irdsSttus,"{""bsns_year"": ""2025"", ""corp_code"": ""00432102"", ""reprt_code"": ""11012""}",20250814002462,api_row,2026-09-11T13:52:24+09:00,000,run_20260911_133722_0333,raw/irdsSttus/00432102_2025_11012.json,26febd14fc0941a67b833848fed18586fe6852f4c4d54665329c5af62d147750,5
한국금융지주,지주,비교지주,00432102,한국금융지주,2026,11012,반기보고서,IFRS17,Y,"보고서 사업연도 >= 2023 이면 IFRS17, 아니면 IFRS4",-,-,-,-,-,-,2026-06-30,api,irdsSttus,"{""bsns_year"": ""2026"", ""corp_code"": ""00432102"", ""reprt_code"": ""11012""}",20260814002697,api_row,2026-09-11T13:52:43+09:00,000,run_20260911_133722_0342,raw/irdsSttus/00432102_2026_11012.json,a2c2d58320ad1c28a882c2a3570b6a1ab140ad0f2c363ee3c6afb4903de30f7a,5
한화생명보험,생보,지주,00113058,한화생명,2015,11011,사업보고서,IFRS4,Y,"보고서 사업연도 >= 2023 이면 IFRS17, 아니면 IFRS4",2010.03.13,"8,200","5,000","158,530,000",유상증자(일반공모),보통주,2015-12-31,api,irdsSttus,"{""bsns_year"": ""2015"", ""corp_code"": ""00113058"", ""reprt_code"": ""11011""}",20160516001514,api_row,2026-08-31T15:45:55+09:00,000,run_20260831_152517_0557,raw/irdsSttus/00113058_2015_11011.json,83b6e7871728adf0e9c170ac1773c811bd19129feef51830fc4759aaa80c5a55,16
한화생명보험,생보,지주,00113058,한화생명,2016,11011,사업보고서,IFRS4,Y,"보고서 사업연도 >= 2023 이면 IFRS17, 아니면 IFRS4",-,-,-,-,-,-,2016-12-31,api,irdsSttus,"{""bsns_year"": ""2016"", ""corp_code"": ""00113058"", ""reprt_code"": ""11011""}",20170331005451,api_row,2026-08-31T15:46:05+09:00,000,run_20260831_152517_0566,raw/irdsSttus/00113058_2016_11011.json,e6bd34bd9a184371e95b98f5015f49d96e97d4ee8ab05429124bff0b2493f32b,16
한화생명보험,생보,지주,00113058,한화생명,2016,11011,사업보고서,IFRS4,Y,"보고서 사업연도 >= 2023 이면 IFRS17, 아니면 IFRS4",-,-,-,-,-,-,2016-12-31,api,irdsSttus,"{""bsns_year"": ""2016"", ""corp_code"": ""00113058"", ""reprt_code"": ""11011""}",20170331005451,api_row,2026-08-31T15:46:05+09:00,000,run_20260831_152517_0566,raw/irdsSttus/00113058_2016_11011.json,e6bd34bd9a184371e95b98f5015f49d96e97d4ee8ab05429124bff0b2493f32b,16
한화생명보험,생보,지주,00113058,한화생명,2017,11011,사업보고서,IFRS4,Y,"보고서 사업연도 >= 2023 이면 IFRS17, 아니면 IFRS4",-,-,-,-,-,-,2017-12-31,api,irdsSttus,"{""bsns_year"": ""2017"", ""corp_code"": ""00113058"", ""reprt_code"": ""11011""}",20180402005271,api_row,2026-08-31T15:46:24+09:00,000,run_20260831_152517_0575,raw/irdsSttus/00113058_2017_11011.json,3cff54764475acd7cd006fecba944d6a6888467d5178a255157079c1b4d93bea,16
한화생명보험,생보,지주,00113058,한화생명,2018,11011,사업보고서,IFRS4,Y,"보고서 사업연도 >= 2023 이면 IFRS17, 아니면 IFRS4",-,-,-,-,-,-,2018-12-31,api,irdsSttus,"{""bsns_year"": ""2018"", ""corp_code"": ""00113058"", ""reprt_code"": ""11011""}",20190401005054,api_row,2026-08-31T15:46:41+09:00,000,run_20260831_152517_0584,raw/irdsSttus/00113058_2018_11011.json,cc2f6df0445010f51d18f53aedbf981104b0f2c0432ef5a59e11b2b0940126b2,16
한화생명보험,생보,지주,00113058,한화생명,2019,11011,사업보고서,IFRS4,Y,"보고서 사업연도 >= 2023 이면 IFRS17, 아니면 IFRS4",-,-,-,-,-,-,2019-12-31,api,irdsSttus,"{""bsns_year"": ""2019"", ""corp_code"": ""00113058"", ""reprt_code"": ""11011""}",20200331001872,api_row,2026-08-31T15:47:00+09:00,000,run_20260831_152517_0593,raw/irdsSttus/00113058_2019_11011.json,d47905ef0cbb9278ad8b71240edbaabc0f3996a3e791645429d1a5af9de15967,16
한화생명보험,생보,지주,00113058,한화생명,2020,11011,사업보고서,IFRS4,Y,"보고서 사업연도 >= 2023 이면 IFRS17, 아니면 IFRS4",-,-,-,-,-,-,2020-12-31,api,irdsSttus,"{""bsns_year"": ""2020"", ""corp_code"": ""00113058"", ""reprt_code"": ""11011""}",20210305000803,api_row,2026-08-31T15:47:10+09:00,000,run_20260831_152517_0602,raw/irdsSttus/00113058_2020_11011.json,4cd8c6555d5dece2cc4c344983058ccc6d9e602a39a5330949358e41413e3553,16
한화생명보험,생보,지주,00113058,한화생명,2021,11011,사업보고서,IFRS4,Y,"보고서 사업연도 >= 2023 이면 IFRS17, 아니면 IFRS4",-,-,-,-,-,-,2021-12-31,api,irdsSttus,"{""bsns_year"": ""2021"", ""corp_code"": ""00113058"", ""reprt_code"": ""11011""}",20220316001424,api_row,2026-08-31T15:47:23+09:00,000,run_20260831_152517_0611,raw/irdsSttus/00113058_2021_11011.json,742a8a3229d6ddc43e0e2db091945aeca107a275a5dd16d7afc651bc9c8be3aa,16
한화생명보험,생보,지주,00113058,한화생명,2022,11011,사업보고서,IFRS4,Y,"보고서 사업연도 >= 2023 이면 IFRS17, 아니면 IFRS4",-,-,-,-,-,-,2022-12-31,api,irdsSttus,"{""bsns_year"": ""2022"", ""corp_code"": ""00113058"", ""reprt_code"": ""11011""}",20230315001327,api_row,2026-08-31T15:47:36+09:00,000,run_20260831_152517_0620,raw/irdsSttus/00113058_2022_11011.json,8c01605d6ec84170622c46c43026cba2e25ccd3978da225df625bc5ec232ee89,16
한화생명보험,생보,지주,00113058,한화생명,2023,11011,사업보고서,IFRS17,Y,"보고서 사업연도 >= 2023 이면 IFRS17, 아니면 IFRS4",-,-,-,-,-,-,2023-12-31,api,irdsSttus,"{""bsns_year"": ""2023"", ""corp_code"": ""00113058"", ""reprt_code"": ""11011""}",20240430000873,api_row,2026-08-31T15:47:50+09:00,000,run_20260831_152517_0629,raw/irdsSttus/00113058_2023_11011.json,e8bf50856be5ab68d2889736e17fc296d51afdb1d510aabe5dfd6280ab4df0a4,16
한화생명보험,생보,지주,00113058,한화생명,2024,11011,사업보고서,IFRS17,Y,"보고서 사업연도 >= 2023 이면 IFRS17, 아니면 IFRS4",-,-,-,-,-,-,2024-12-31,api,irdsSttus,"{""bsns_year"": ""2024"", ""corp_code"": ""00113058"", ""reprt_code"": ""11011""}",20250331003702,api_row,2026-08-31T15:48:28+09:00,000,run_20260831_152517_0638,raw/irdsSttus/00113058_2024_11011.json,d20705a29029bed680ddad990be255265aafa1fe86bdfcbce40a028738d205dd,16
한화생명보험,생보,지주,00113058,한화생명,2025,11011,사업보고서,IFRS17,Y,"보고서 사업연도 >= 2023 이면 IFRS17, 아니면 IFRS4",-,-,-,-,-,-,2025-12-31,api,irdsSttus,"{""bsns_year"": ""2025"", ""corp_code"": ""00113058"", ""reprt_code"": ""11011""}",20260331003585,api_row,2026-08-31T15:49:03+09:00,000,run_20260831_152517_0647,raw/irdsSttus/00113058_2025_11011.json,4baa13cafa4e54caec30eaba231eb619511ce63ed0c211540c5943ee6c06446a,16
한화생명보험,생보,지주,00113058,한화생명,2025,11012,반기보고서,IFRS17,Y,"보고서 사업연도 >= 2023 이면 IFRS17, 아니면 IFRS4",-,-,-,-,-,-,2025-06-30,api,irdsSttus,"{""bsns_year"": ""2025"", ""corp_code"": ""00113058"", ""reprt_code"": ""11012""}",20250828001120,api_row,2026-08-31T15:49:38+09:00,000,run_20260831_152517_0656,raw/irdsSttus/00113058_2025_11012.json,60dc0572346cfef58e4e0a1d378e63960f17356f6712b88dc9eb5fc8f4deef2b,16
한화손해보험,손보,보험자회사,00135917,한화손해보험,2021,11011,사업보고서,IFRS4,Y,"보고서 사업연도 >= 2023 이면 IFRS17, 아니면 IFRS4",2013.11.16,"3,740","5,000","42,000,000",유상증자(주주우선공모),보통주,2021-12-31,api,irdsSttus,"{""bsns_year"": ""2021"", ""corp_code"": ""00135917"", ""reprt_code"": ""11011""}",20220310000539,api_row,2026-08-31T15:53:12+09:00,000,run_20260831_152517_0735,raw/irdsSttus/00135917_2021_11011.json,67e2a8f6cca5e30d9adcac265e5fa1508338bb4e1be3a4c9969965c45826c6e3,16
한화손해보험,손보,보험자회사,00135917,한화손해보험,2021,11011,사업보고서,IFRS4,Y,"보고서 사업연도 >= 2023 이면 IFRS17, 아니면 IFRS4",2017.11.10,"7,680","5,000","26,000,000",유상증자(주주우선공모),보통주,2021-12-31,api,irdsSttus,"{""bsns_year"": ""2021"", ""corp_code"": ""00135917"", ""reprt_code"": ""11011""}",20220310000539,api_row,2026-08-31T15:53:12+09:00,000,run_20260831_152517_0735,raw/irdsSttus/00135917_2021_11011.json,67e2a8f6cca5e30d9adcac265e5fa1508338bb4e1be3a4c9969965c45826c6e3,16
한화손해보험,손보,보험자회사,00135917,한화손해보험,2022,11011,사업보고서,IFRS4,Y,"보고서 사업연도 >= 2023 이면 IFRS17, 아니면 IFRS4",2013.11.16,"3,740","5,000","42,000,000",유상증자(주주우선공모),보통주,2022-12-31,api,irdsSttus,"{""bsns_year"": ""2022"", ""corp_code"": ""00135917"", ""reprt_code"": ""11011""}",20230314001218,api_row,2026-08-31T15:53:26+09:00,000,run_20260831_152517_0744,raw/irdsSttus/00135917_2022_11011.json,c082bfbca0cdbf4e5fab795ae6d2eb46b4d1cf94708814b8fc7e7602061080b3,16
한화손해보험,손보,보험자회사,00135917,한화손해보험,2022,11011,사업보고서,IFRS4,Y,"보고서 사업연도 >= 2023 이면 IFRS17, 아니면 IFRS4",2017.11.10,"7,680","5,000","26,000,000",유상증자(주주우선공모),보통주,2022-12-31,api,irdsSttus,"{""bsns_year"": ""2022"", ""corp_code"": ""00135917"", ""reprt_code"": ""11011""}",20230314001218,api_row,2026-08-31T15:53:26+09:00,000,run_20260831_152517_0744,raw/irdsSttus/00135917_2022_11011.json,c082bfbca0cdbf4e5fab795ae6d2eb46b4d1cf94708814b8fc7e7602061080b3,16
한화손해보험,손보,보험자회사,00135917,한화손해보험,2022,11011,사업보고서,IFRS4,Y,"보고서 사업연도 >= 2023 이면 IFRS17, 아니면 IFRS4",2022.09.28,"5,000","5,000","38,000,000",유상증자(제3자배정),종류주식(우선주),2022-12-31,api,irdsSttus,"{""bsns_year"": ""2022"", ""corp_code"": ""00135917"", ""reprt_code"": ""11011""}",20230314001218,api_row,2026-08-31T15:53:26+09:00,000,run_20260831_152517_0744,raw/irdsSttus/00135917_2022_11011.json,c082bfbca0cdbf4e5fab795ae6d2eb46b4d1cf94708814b8fc7e7602061080b3,16
한화손해보험,손보,보험자회사,00135917,한화손해보험,2023,11011,사업보고서,IFRS17,Y,"보고서 사업연도 >= 2023 이면 IFRS17, 아니면 IFRS4",2013.11.16,"3,740","5,000","42,000,000",유상증자(주주우선공모),보통주,2023-12-31,api,irdsSttus,"{""bsns_year"": ""2023"", ""corp_code"": ""00135917"", ""reprt_code"": ""11011""}",20240430000147,api_row,2026-08-31T15:53:38+09:00,000,run_20260831_152517_0753,raw/irdsSttus/00135917_2023_11011.json,f284ebc6950a46b666df91591744ee6463f12c7b9d8a28f04cdc504ebfd289a1,16
한화손해보험,손보,보험자회사,00135917,한화손해보험,2023,11011,사업보고서,IFRS17,Y,"보고서 사업연도 >= 2023 이면 IFRS17, 아니면 IFRS4",2017.11.10,"7,680","5,000","26,000,000",유상증자(주주우선공모),보통주,2023-12-31,api,irdsSttus,"{""bsns_year"": ""2023"", ""corp_code"": ""00135917"", ""reprt_code"": ""11011""}",20240430000147,api_row,2026-08-31T15:53:38+09:00,000,run_20260831_152517_0753,raw/irdsSttus/00135917_2023_11011.json,f284ebc6950a46b666df91591744ee6463f12c7b9d8a28f04cdc504ebfd289a1,16
한화손해보험,손보,보험자회사,00135917,한화손해보험,2023,11011,사업보고서,IFRS17,Y,"보고서 사업연도 >= 2023 이면 IFRS17, 아니면 IFRS4",2022.09.28,"5,000","5,000","38,000,000",유상증자(제3자배정),종류주식(우선주),2023-12-31,api,irdsSttus,"{""bsns_year"": ""2023"", ""corp_code"": ""00135917"", ""reprt_code"": ""11011""}",20240430000147,api_row,2026-08-31T15:53:38+09:00,000,run_20260831_152517_0753,raw/irdsSttus/00135917_2023_11011.json,f284ebc6950a46b666df91591744ee6463f12c7b9d8a28f04cdc504ebfd289a1,16
한화손해보험,손보,보험자회사,00135917,한화손해보험,2024,11011,사업보고서,IFRS17,Y,"보고서 사업연도 >= 2023 이면 IFRS17, 아니면 IFRS4",2013.11.16,"3,740","5,000","42,000,000",유상증자(주주우선공모),보통주,2024-12-31,api,irdsSttus,"{""bsns_year"": ""2024"", ""corp_code"": ""00135917"", ""reprt_code"": ""11011""}",20250331003267,api_row,2026-08-31T15:54:18+09:00,000,run_20260831_152517_0762,raw/irdsSttus/00135917_2024_11011.json,dd91391a6655c53b7d060fb163ee4983bf19b71d03b2542e64cef3f80d3bd526,16
한화손해보험,손보,보험자회사,00135917,한화손해보험,2024,11011,사업보고서,IFRS17,Y,"보고서 사업연도 >= 2023 이면 IFRS17, 아니면 IFRS4",2017.11.10,"7,680","5,000","26,000,000",유상증자(주주우선공모),보통주,2024-12-31,api,irdsSttus,"{""bsns_year"": ""2024"", ""corp_code"": ""00135917"", ""reprt_code"": ""11011""}",20250331003267,api_row,2026-08-31T15:54:18+09:00,000,run_20260831_152517_0762,raw/irdsSttus/00135917_2024_11011.json,dd91391a6655c53b7d060fb163ee4983bf19b71d03b2542e64cef3f80d3bd526,16
한화손해보험,손보,보험자회사,00135917,한화손해보험,2024,11011,사업보고서,IFRS17,Y,"보고서 사업연도 >= 2023 이면 IFRS17, 아니면 IFRS4",2022.09.28,"5,000","5,000","38,000,000",유상증자(제3자배정),종류주식(우선주),2024-12-31,api,irdsSttus,"{""bsns_year"": ""2024"", ""corp_code"": ""00135917"", ""reprt_code"": ""11011""}",20250331003267,api_row,2026-08-31T15:54:18+09:00,000,run_20260831_152517_0762,raw/irdsSttus/00135917_2024_11011.json,dd91391a6655c53b7d060fb163ee4983bf19b71d03b2542e64cef3f80d3bd526,16
한화손해보험,손보,보험자회사,00135917,한화손해보험,2025,11011,사업보고서,IFRS17,Y,"보고서 사업연도 >= 2023 이면 IFRS17, 아니면 IFRS4",2013.11.16,"3,740","5,000","42,000,000",유상증자(주주우선공모),보통주,2025-12-31,api,irdsSttus,"{""bsns_year"": ""2025"", ""corp_code"": ""00135917"", ""reprt_code"": ""11011""}",20260331000594,api_row,2026-08-31T15:54:42+09:00,000,run_20260831_152517_0770,raw/irdsSttus/00135917_2025_11011.json,3ec5b64d95255615a7cd61f92ad24149c22759c8e90461d81132db2409fda9a8,16
한화손해보험,손보,보험자회사,00135917,한화손해보험,2025,11011,사업보고서,IFRS17,Y,"보고서 사업연도 >= 2023 이면 IFRS17, 아니면 IFRS4",2017.11.10,"7,680","5,000","26,000,000",유상증자(주주우선공모),보통주,2025-12-31,api,irdsSttus,"{""bsns_year"": ""2025"", ""corp_code"": ""00135917"", ""reprt_code"": ""11011""}",20260331000594,api_row,2026-08-31T15:54:42+09:00,000,run_20260831_152517_0770,raw/irdsSttus/00135917_2025_11011.json,3ec5b64d95255615a7cd61f92ad24149c22759c8e90461d81132db2409fda9a8,16
한화손해보험,손보,보험자회사,00135917,한화손해보험,2025,11011,사업보고서,IFRS17,Y,"보고서 사업연도 >= 2023 이면 IFRS17, 아니면 IFRS4",2022.09.28,"5,000","5,000","38,000,000",유상증자(제3자배정),종류주식(우선주),2025-12-31,api,irdsSttus,"{""bsns_year"": ""2025"", ""corp_code"": ""00135917"", ""reprt_code"": ""11011""}",20260331000594,api_row,2026-08-31T15:54:42+09:00,000,run_20260831_152517_0770,raw/irdsSttus/00135917_2025_11011.json,3ec5b64d95255615a7cd61f92ad24149c22759c8e90461d81132db2409fda9a8,16
한화손해보험,손보,보험자회사,00135917,한화손해보험,2025,11012,반기보고서,IFRS17,Y,"보고서 사업연도 >= 2023 이면 IFRS17, 아니면 IFRS4",2013.11.16,"3,740","5,000","42,000,000",유상증자(주주우선공모),보통주,2025-06-30,api,irdsSttus,"{""bsns_year"": ""2025"", ""corp_code"": ""00135917"", ""reprt_code"": ""11012""}",20250828000988,api_row,2026-08-31T15:55:16+09:00,000,run_20260831_152517_0779,raw/irdsSttus/00135917_2025_11012.json,16db8fc8d275b17b3b7225b2b55e1696fc97894edb6e99174c2c2aaf4f87643b,16
한화손해보험,손보,보험자회사,00135917,한화손해보험,2025,11012,반기보고서,IFRS17,Y,"보고서 사업연도 >= 2023 이면 IFRS17, 아니면 IFRS4",2017.11.10,"7,680","5,000","26,000,000",유상증자(주주우선공모),보통주,2025-06-30,api,irdsSttus,"{""bsns_year"": ""2025"", ""corp_code"": ""00135917"", ""reprt_code"": ""11012""}",20250828000988,api_row,2026-08-31T15:55:16+09:00,000,run_20260831_152517_0779,raw/irdsSttus/00135917_2025_11012.json,16db8fc8d275b17b3b7225b2b55e1696fc97894edb6e99174c2c2aaf4f87643b,16
한화손해보험,손보,보험자회사,00135917,한화손해보험,2025,11012,반기보고서,IFRS17,Y,"보고서 사업연도 >= 2023 이면 IFRS17, 아니면 IFRS4",2022.09.28,"5,000","5,000","38,000,000",유상증자(제3자배정),종류주식(우선주),2025-06-30,api,irdsSttus,"{""bsns_year"": ""2025"", ""corp_code"": ""00135917"", ""reprt_code"": ""11012""}",20250828000988,api_row,2026-08-31T15:55:16+09:00,000,run_20260831_152517_0779,raw/irdsSttus/00135917_2025_11012.json,16db8fc8d275b17b3b7225b2b55e1696fc97894edb6e99174c2c2aaf4f87643b,16
한화손해보험,손보,보험자회사,00135917,한화손해보험,2026,11012,반기보고서,IFRS17,Y,"보고서 사업연도 >= 2023 이면 IFRS17, 아니면 IFRS4",2013.11.16,"3,740","5,000","42,000,000",유상증자(주주우선공모),보통주,2026-06-30,api,irdsSttus,"{""bsns_year"": ""2026"", ""corp_code"": ""00135917"", ""reprt_code"": ""11012""}",20260831001182,api_row,2026-08-31T15:55:48+09:00,000,run_20260831_152517_0788,raw/irdsSttus/00135917_2026_11012.json,24c48afe76da661158ce0721758cce08a3e164bfa6947b6b1c4d5060bc2fed90,16
한화손해보험,손보,보험자회사,00135917,한화손해보험,2026,11012,반기보고서,IFRS17,Y,"보고서 사업연도 >= 2023 이면 IFRS17, 아니면 IFRS4",2017.11.10,"7,680","5,000","26,000,000",유상증자(주주우선공모),보통주,2026-06-30,api,irdsSttus,"{""bsns_year"": ""2026"", ""corp_code"": ""00135917"", ""reprt_code"": ""11012""}",20260831001182,api_row,2026-08-31T15:55:48+09:00,000,run_20260831_152517_0788,raw/irdsSttus/00135917_2026_11012.json,24c48afe76da661158ce0721758cce08a3e164bfa6947b6b1c4d5060bc2fed90,16
한화손해보험,손보,보험자회사,00135917,한화손해보험,2026,11012,반기보고서,IFRS17,Y,"보고서 사업연도 >= 2023 이면 IFRS17, 아니면 IFRS4",2022.09.28,"5,000","5,000","38,000,000",유상증자(제3자배정),종류주식(우선주),2026-06-30,api,irdsSttus,"{""bsns_year"": ""2026"", ""corp_code"": ""00135917"", ""reprt_code"": ""11012""}",20260831001182,api_row,2026-08-31T15:55:48+09:00,000,run_20260831_152517_0788,raw/irdsSttus/00135917_2026_11012.json,24c48afe76da661158ce0721758cce08a3e164bfa6947b6b1c4d5060bc2fed90,16
