corp_label,entity_type,group,corp_code,corp_name,bsns_year,reprt_code,reprt_nm,accounting_std_inferred,corp_cls,frmtrm,inference_rule,lwfr,se,stlm_dt,stock_knd,thstrm,value_source,source_endpoint,source_params,rcept_no,rcept_no_source,fetched_at,status,call_id,raw_path,raw_sha256,data_age_days
,,,00113058,한화생명,2015,11011,사업보고서,IFRS4,Y,"5,000","보고서 사업연도 >= 2023 이면 IFRS17, 아니면 IFRS4","5,000",주당액면가액(원),2015-12-31,-,"5,000",api,alotMatter,"{""bsns_year"": ""2015"", ""corp_code"": ""00113058"", ""reprt_code"": ""11011""}",20160516001514,api_row,2026-08-31T15:45:58+09:00,000,run_20260831_152517_0560,raw/alotMatter/00113058_2015_11011.json,edc2a109bf71d88e227d958c3d8f177abad4d94d9fe5cb6dc4c8432424b1f9ac,10
,,,00113058,한화생명,2015,11011,사업보고서,IFRS4,Y,"405,405","보고서 사업연도 >= 2023 이면 IFRS17, 아니면 IFRS4","355,200",(연결)당기순이익(백만원),2015-12-31,-,"530,092",api,alotMatter,"{""bsns_year"": ""2015"", ""corp_code"": ""00113058"", ""reprt_code"": ""11011""}",20160516001514,api_row,2026-08-31T15:45:58+09:00,000,run_20260831_152517_0560,raw/alotMatter/00113058_2015_11011.json,edc2a109bf71d88e227d958c3d8f177abad4d94d9fe5cb6dc4c8432424b1f9ac,10
,,,00113058,한화생명,2015,11011,사업보고서,IFRS4,Y,482,"보고서 사업연도 >= 2023 이면 IFRS17, 아니면 IFRS4",422,주당순이익(원),2015-12-31,-,621,api,alotMatter,"{""bsns_year"": ""2015"", ""corp_code"": ""00113058"", ""reprt_code"": ""11011""}",20160516001514,api_row,2026-08-31T15:45:58+09:00,000,run_20260831_152517_0560,raw/alotMatter/00113058_2015_11011.json,edc2a109bf71d88e227d958c3d8f177abad4d94d9fe5cb6dc4c8432424b1f9ac,10
,,,00113058,한화생명,2015,11011,사업보고서,IFRS4,Y,"148,840","보고서 사업연도 >= 2023 이면 IFRS17, 아니면 IFRS4","109,529",현금배당금총액(백만원),2015-12-31,-,"135,250",api,alotMatter,"{""bsns_year"": ""2015"", ""corp_code"": ""00113058"", ""reprt_code"": ""11011""}",20160516001514,api_row,2026-08-31T15:45:58+09:00,000,run_20260831_152517_0560,raw/alotMatter/00113058_2015_11011.json,edc2a109bf71d88e227d958c3d8f177abad4d94d9fe5cb6dc4c8432424b1f9ac,10
,,,00113058,한화생명,2015,11011,사업보고서,IFRS4,Y,-,"보고서 사업연도 >= 2023 이면 IFRS17, 아니면 IFRS4",-,주식배당금총액(백만원),2015-12-31,-,-,api,alotMatter,"{""bsns_year"": ""2015"", ""corp_code"": ""00113058"", ""reprt_code"": ""11011""}",20160516001514,api_row,2026-08-31T15:45:58+09:00,000,run_20260831_152517_0560,raw/alotMatter/00113058_2015_11011.json,edc2a109bf71d88e227d958c3d8f177abad4d94d9fe5cb6dc4c8432424b1f9ac,10
,,,00113058,한화생명,2015,11011,사업보고서,IFRS4,Y,36.70,"보고서 사업연도 >= 2023 이면 IFRS17, 아니면 IFRS4",30.80,(연결)현금배당성향(%),2015-12-31,-,25.50,api,alotMatter,"{""bsns_year"": ""2015"", ""corp_code"": ""00113058"", ""reprt_code"": ""11011""}",20160516001514,api_row,2026-08-31T15:45:58+09:00,000,run_20260831_152517_0560,raw/alotMatter/00113058_2015_11011.json,edc2a109bf71d88e227d958c3d8f177abad4d94d9fe5cb6dc4c8432424b1f9ac,10
,,,00113058,한화생명,2015,11011,사업보고서,IFRS4,Y,2.15,"보고서 사업연도 >= 2023 이면 IFRS17, 아니면 IFRS4",1.80,현금배당수익률(%),2015-12-31,보통주,2.30,api,alotMatter,"{""bsns_year"": ""2015"", ""corp_code"": ""00113058"", ""reprt_code"": ""11011""}",20160516001514,api_row,2026-08-31T15:45:58+09:00,000,run_20260831_152517_0560,raw/alotMatter/00113058_2015_11011.json,edc2a109bf71d88e227d958c3d8f177abad4d94d9fe5cb6dc4c8432424b1f9ac,10
,,,00113058,한화생명,2015,11011,사업보고서,IFRS4,Y,-,"보고서 사업연도 >= 2023 이면 IFRS17, 아니면 IFRS4",-,현금배당수익률(%),2015-12-31,우선주,-,api,alotMatter,"{""bsns_year"": ""2015"", ""corp_code"": ""00113058"", ""reprt_code"": ""11011""}",20160516001514,api_row,2026-08-31T15:45:58+09:00,000,run_20260831_152517_0560,raw/alotMatter/00113058_2015_11011.json,edc2a109bf71d88e227d958c3d8f177abad4d94d9fe5cb6dc4c8432424b1f9ac,10
,,,00113058,한화생명,2015,11011,사업보고서,IFRS4,Y,-,"보고서 사업연도 >= 2023 이면 IFRS17, 아니면 IFRS4",-,주식배당수익률(%),2015-12-31,보통주,-,api,alotMatter,"{""bsns_year"": ""2015"", ""corp_code"": ""00113058"", ""reprt_code"": ""11011""}",20160516001514,api_row,2026-08-31T15:45:58+09:00,000,run_20260831_152517_0560,raw/alotMatter/00113058_2015_11011.json,edc2a109bf71d88e227d958c3d8f177abad4d94d9fe5cb6dc4c8432424b1f9ac,10
,,,00113058,한화생명,2015,11011,사업보고서,IFRS4,Y,-,"보고서 사업연도 >= 2023 이면 IFRS17, 아니면 IFRS4",-,주식배당수익률(%),2015-12-31,우선주,-,api,alotMatter,"{""bsns_year"": ""2015"", ""corp_code"": ""00113058"", ""reprt_code"": ""11011""}",20160516001514,api_row,2026-08-31T15:45:58+09:00,000,run_20260831_152517_0560,raw/alotMatter/00113058_2015_11011.json,edc2a109bf71d88e227d958c3d8f177abad4d94d9fe5cb6dc4c8432424b1f9ac,10
,,,00113058,한화생명,2015,11011,사업보고서,IFRS4,Y,180,"보고서 사업연도 >= 2023 이면 IFRS17, 아니면 IFRS4",130,주당 현금배당금(원),2015-12-31,보통주,180,api,alotMatter,"{""bsns_year"": ""2015"", ""corp_code"": ""00113058"", ""reprt_code"": ""11011""}",20160516001514,api_row,2026-08-31T15:45:58+09:00,000,run_20260831_152517_0560,raw/alotMatter/00113058_2015_11011.json,edc2a109bf71d88e227d958c3d8f177abad4d94d9fe5cb6dc4c8432424b1f9ac,10
,,,00113058,한화생명,2015,11011,사업보고서,IFRS4,Y,-,"보고서 사업연도 >= 2023 이면 IFRS17, 아니면 IFRS4",-,주당 현금배당금(원),2015-12-31,우선주,-,api,alotMatter,"{""bsns_year"": ""2015"", ""corp_code"": ""00113058"", ""reprt_code"": ""11011""}",20160516001514,api_row,2026-08-31T15:45:58+09:00,000,run_20260831_152517_0560,raw/alotMatter/00113058_2015_11011.json,edc2a109bf71d88e227d958c3d8f177abad4d94d9fe5cb6dc4c8432424b1f9ac,10
,,,00113058,한화생명,2015,11011,사업보고서,IFRS4,Y,-,"보고서 사업연도 >= 2023 이면 IFRS17, 아니면 IFRS4",-,주당 주식배당(주),2015-12-31,보통주,-,api,alotMatter,"{""bsns_year"": ""2015"", ""corp_code"": ""00113058"", ""reprt_code"": ""11011""}",20160516001514,api_row,2026-08-31T15:45:58+09:00,000,run_20260831_152517_0560,raw/alotMatter/00113058_2015_11011.json,edc2a109bf71d88e227d958c3d8f177abad4d94d9fe5cb6dc4c8432424b1f9ac,10
,,,00113058,한화생명,2015,11011,사업보고서,IFRS4,Y,-,"보고서 사업연도 >= 2023 이면 IFRS17, 아니면 IFRS4",-,주당 주식배당(주),2015-12-31,우선주,-,api,alotMatter,"{""bsns_year"": ""2015"", ""corp_code"": ""00113058"", ""reprt_code"": ""11011""}",20160516001514,api_row,2026-08-31T15:45:58+09:00,000,run_20260831_152517_0560,raw/alotMatter/00113058_2015_11011.json,edc2a109bf71d88e227d958c3d8f177abad4d94d9fe5cb6dc4c8432424b1f9ac,10
,,,00382199,신한지주,2015,11011,사업보고서,IFRS4,Y,"5,000","보고서 사업연도 >= 2023 이면 IFRS17, 아니면 IFRS4","5,000",주당액면가액(원),2015-12-31,-,"5,000",api,alotMatter,"{""bsns_year"": ""2015"", ""corp_code"": ""00382199"", ""reprt_code"": ""11011""}",20160401000272,api_row,2026-08-31T15:31:35+09:00,000,run_20260831_152517_0142,raw/alotMatter/00382199_2015_11011.json,e23f4bebf9d32140bb7e6f1eca6db244be7312f267d05606ee5a15c929c6db2a,10
,,,00382199,신한지주,2015,11011,사업보고서,IFRS4,Y,"2,081,110","보고서 사업연도 >= 2023 이면 IFRS17, 아니면 IFRS4","1,898,577",(연결)당기순이익(백만원),2015-12-31,-,"2,367,171",api,alotMatter,"{""bsns_year"": ""2015"", ""corp_code"": ""00382199"", ""reprt_code"": ""11011""}",20160401000272,api_row,2026-08-31T15:31:35+09:00,000,run_20260831_152517_0142,raw/alotMatter/00382199_2015_11011.json,e23f4bebf9d32140bb7e6f1eca6db244be7312f267d05606ee5a15c929c6db2a,10
,,,00382199,신한지주,2015,11011,사업보고서,IFRS4,Y,"4,195","보고서 사업연도 >= 2023 이면 IFRS17, 아니면 IFRS4","3,810",주당순이익(원),2015-12-31,-,"4,789",api,alotMatter,"{""bsns_year"": ""2015"", ""corp_code"": ""00382199"", ""reprt_code"": ""11011""}",20160401000272,api_row,2026-08-31T15:31:35+09:00,000,run_20260831_152517_0142,raw/alotMatter/00382199_2015_11011.json,e23f4bebf9d32140bb7e6f1eca6db244be7312f267d05606ee5a15c929c6db2a,10
,,,00382199,신한지주,2015,11011,사업보고서,IFRS4,Y,"542,368","보고서 사업연도 >= 2023 이면 IFRS17, 아니면 IFRS4","400,108",현금배당금총액(백만원),2015-12-31,-,"665,466",api,alotMatter,"{""bsns_year"": ""2015"", ""corp_code"": ""00382199"", ""reprt_code"": ""11011""}",20160401000272,api_row,2026-08-31T15:31:35+09:00,000,run_20260831_152517_0142,raw/alotMatter/00382199_2015_11011.json,e23f4bebf9d32140bb7e6f1eca6db244be7312f267d05606ee5a15c929c6db2a,10
,,,00382199,신한지주,2015,11011,사업보고서,IFRS4,Y,-,"보고서 사업연도 >= 2023 이면 IFRS17, 아니면 IFRS4",-,주식배당금총액(백만원),2015-12-31,-,-,api,alotMatter,"{""bsns_year"": ""2015"", ""corp_code"": ""00382199"", ""reprt_code"": ""11011""}",20160401000272,api_row,2026-08-31T15:31:35+09:00,000,run_20260831_152517_0142,raw/alotMatter/00382199_2015_11011.json,e23f4bebf9d32140bb7e6f1eca6db244be7312f267d05606ee5a15c929c6db2a,10
,,,00382199,신한지주,2015,11011,사업보고서,IFRS4,Y,26.06,"보고서 사업연도 >= 2023 이면 IFRS17, 아니면 IFRS4",21.07,(연결)현금배당성향(%),2015-12-31,-,28.11,api,alotMatter,"{""bsns_year"": ""2015"", ""corp_code"": ""00382199"", ""reprt_code"": ""11011""}",20160401000272,api_row,2026-08-31T15:31:35+09:00,000,run_20260831_152517_0142,raw/alotMatter/00382199_2015_11011.json,e23f4bebf9d32140bb7e6f1eca6db244be7312f267d05606ee5a15c929c6db2a,10
,,,00382199,신한지주,2015,11011,사업보고서,IFRS4,Y,2.01,"보고서 사업연도 >= 2023 이면 IFRS17, 아니면 IFRS4",1.37,현금배당수익률(%),2015-12-31,보통주,2.95,api,alotMatter,"{""bsns_year"": ""2015"", ""corp_code"": ""00382199"", ""reprt_code"": ""11011""}",20160401000272,api_row,2026-08-31T15:31:35+09:00,000,run_20260831_152517_0142,raw/alotMatter/00382199_2015_11011.json,e23f4bebf9d32140bb7e6f1eca6db244be7312f267d05606ee5a15c929c6db2a,10
,,,00382199,신한지주,2015,11011,사업보고서,IFRS4,Y,-,"보고서 사업연도 >= 2023 이면 IFRS17, 아니면 IFRS4",-,현금배당수익률(%),2015-12-31,우선주,-,api,alotMatter,"{""bsns_year"": ""2015"", ""corp_code"": ""00382199"", ""reprt_code"": ""11011""}",20160401000272,api_row,2026-08-31T15:31:35+09:00,000,run_20260831_152517_0142,raw/alotMatter/00382199_2015_11011.json,e23f4bebf9d32140bb7e6f1eca6db244be7312f267d05606ee5a15c929c6db2a,10
,,,00382199,신한지주,2015,11011,사업보고서,IFRS4,Y,-,"보고서 사업연도 >= 2023 이면 IFRS17, 아니면 IFRS4",-,주식배당수익률(%),2015-12-31,보통주,-,api,alotMatter,"{""bsns_year"": ""2015"", ""corp_code"": ""00382199"", ""reprt_code"": ""11011""}",20160401000272,api_row,2026-08-31T15:31:35+09:00,000,run_20260831_152517_0142,raw/alotMatter/00382199_2015_11011.json,e23f4bebf9d32140bb7e6f1eca6db244be7312f267d05606ee5a15c929c6db2a,10
,,,00382199,신한지주,2015,11011,사업보고서,IFRS4,Y,-,"보고서 사업연도 >= 2023 이면 IFRS17, 아니면 IFRS4",-,주식배당수익률(%),2015-12-31,우선주,-,api,alotMatter,"{""bsns_year"": ""2015"", ""corp_code"": ""00382199"", ""reprt_code"": ""11011""}",20160401000272,api_row,2026-08-31T15:31:35+09:00,000,run_20260831_152517_0142,raw/alotMatter/00382199_2015_11011.json,e23f4bebf9d32140bb7e6f1eca6db244be7312f267d05606ee5a15c929c6db2a,10
,,,00382199,신한지주,2015,11011,사업보고서,IFRS4,Y,950,"보고서 사업연도 >= 2023 이면 IFRS17, 아니면 IFRS4",650,주당 현금배당금(원),2015-12-31,보통주,"1,200",api,alotMatter,"{""bsns_year"": ""2015"", ""corp_code"": ""00382199"", ""reprt_code"": ""11011""}",20160401000272,api_row,2026-08-31T15:31:35+09:00,000,run_20260831_152517_0142,raw/alotMatter/00382199_2015_11011.json,e23f4bebf9d32140bb7e6f1eca6db244be7312f267d05606ee5a15c929c6db2a,10
,,,00382199,신한지주,2015,11011,사업보고서,IFRS4,Y,"5,580","보고서 사업연도 >= 2023 이면 IFRS17, 아니면 IFRS4","5,580",주당 현금배당금(원),2015-12-31,우선주,"5,580",api,alotMatter,"{""bsns_year"": ""2015"", ""corp_code"": ""00382199"", ""reprt_code"": ""11011""}",20160401000272,api_row,2026-08-31T15:31:35+09:00,000,run_20260831_152517_0142,raw/alotMatter/00382199_2015_11011.json,e23f4bebf9d32140bb7e6f1eca6db244be7312f267d05606ee5a15c929c6db2a,10
,,,00382199,신한지주,2015,11011,사업보고서,IFRS4,Y,-,"보고서 사업연도 >= 2023 이면 IFRS17, 아니면 IFRS4",-,주당 주식배당(주),2015-12-31,보통주,-,api,alotMatter,"{""bsns_year"": ""2015"", ""corp_code"": ""00382199"", ""reprt_code"": ""11011""}",20160401000272,api_row,2026-08-31T15:31:35+09:00,000,run_20260831_152517_0142,raw/alotMatter/00382199_2015_11011.json,e23f4bebf9d32140bb7e6f1eca6db244be7312f267d05606ee5a15c929c6db2a,10
,,,00382199,신한지주,2015,11011,사업보고서,IFRS4,Y,-,"보고서 사업연도 >= 2023 이면 IFRS17, 아니면 IFRS4",-,주당 주식배당(주),2015-12-31,우선주,-,api,alotMatter,"{""bsns_year"": ""2015"", ""corp_code"": ""00382199"", ""reprt_code"": ""11011""}",20160401000272,api_row,2026-08-31T15:31:35+09:00,000,run_20260831_152517_0142,raw/alotMatter/00382199_2015_11011.json,e23f4bebf9d32140bb7e6f1eca6db244be7312f267d05606ee5a15c929c6db2a,10
,,,00688996,KB금융,2015,11011,사업보고서,IFRS4,Y,"5,000","보고서 사업연도 >= 2023 이면 IFRS17, 아니면 IFRS4","5,000",주당액면가액(원),2015-12-31,-,"5,000",api,alotMatter,"{""bsns_year"": ""2015"", ""corp_code"": ""00688996"", ""reprt_code"": ""11011""}",20160330004428,api_row,2026-08-31T15:35:35+09:00,000,run_20260831_152517_0251,raw/alotMatter/00688996_2015_11011.json,7a3eb5beb929a9e5159dc265a41efa1f0338d2403d3d447bb891c049b4339efd,10
,,,00688996,KB금융,2015,11011,사업보고서,IFRS4,Y,"1,400,722","보고서 사업연도 >= 2023 이면 IFRS17, 아니면 IFRS4","1,271,502",(연결)당기순이익(백만원),2015-12-31,-,"1,698,318",api,alotMatter,"{""bsns_year"": ""2015"", ""corp_code"": ""00688996"", ""reprt_code"": ""11011""}",20160330004428,api_row,2026-08-31T15:35:35+09:00,000,run_20260831_152517_0251,raw/alotMatter/00688996_2015_11011.json,7a3eb5beb929a9e5159dc265a41efa1f0338d2403d3d447bb891c049b4339efd,10
,,,00688996,KB금융,2015,11011,사업보고서,IFRS4,Y,"3,626","보고서 사업연도 >= 2023 이면 IFRS17, 아니면 IFRS4","3,291",주당순이익(원),2015-12-31,-,"4,396",api,alotMatter,"{""bsns_year"": ""2015"", ""corp_code"": ""00688996"", ""reprt_code"": ""11011""}",20160330004428,api_row,2026-08-31T15:35:35+09:00,000,run_20260831_152517_0251,raw/alotMatter/00688996_2015_11011.json,7a3eb5beb929a9e5159dc265a41efa1f0338d2403d3d447bb891c049b4339efd,10
,,,00688996,KB금융,2015,11011,사업보고서,IFRS4,Y,"301,354","보고서 사업연도 >= 2023 이면 IFRS17, 아니면 IFRS4","193,176",현금배당금총액(백만원),2015-12-31,-,"378,625",api,alotMatter,"{""bsns_year"": ""2015"", ""corp_code"": ""00688996"", ""reprt_code"": ""11011""}",20160330004428,api_row,2026-08-31T15:35:35+09:00,000,run_20260831_152517_0251,raw/alotMatter/00688996_2015_11011.json,7a3eb5beb929a9e5159dc265a41efa1f0338d2403d3d447bb891c049b4339efd,10
,,,00688996,KB금융,2015,11011,사업보고서,IFRS4,Y,-,"보고서 사업연도 >= 2023 이면 IFRS17, 아니면 IFRS4",-,주식배당금총액(백만원),2015-12-31,-,-,api,alotMatter,"{""bsns_year"": ""2015"", ""corp_code"": ""00688996"", ""reprt_code"": ""11011""}",20160330004428,api_row,2026-08-31T15:35:35+09:00,000,run_20260831_152517_0251,raw/alotMatter/00688996_2015_11011.json,7a3eb5beb929a9e5159dc265a41efa1f0338d2403d3d447bb891c049b4339efd,10
,,,00688996,KB금융,2015,11011,사업보고서,IFRS4,Y,21.50,"보고서 사업연도 >= 2023 이면 IFRS17, 아니면 IFRS4",15.20,(연결)현금배당성향(%),2015-12-31,-,22.30,api,alotMatter,"{""bsns_year"": ""2015"", ""corp_code"": ""00688996"", ""reprt_code"": ""11011""}",20160330004428,api_row,2026-08-31T15:35:35+09:00,000,run_20260831_152517_0251,raw/alotMatter/00688996_2015_11011.json,7a3eb5beb929a9e5159dc265a41efa1f0338d2403d3d447bb891c049b4339efd,10
,,,00688996,KB금융,2015,11011,사업보고서,IFRS4,Y,2.00,"보고서 사업연도 >= 2023 이면 IFRS17, 아니면 IFRS4",1.20,현금배당수익률(%),2015-12-31,보통주식,2.90,api,alotMatter,"{""bsns_year"": ""2015"", ""corp_code"": ""00688996"", ""reprt_code"": ""11011""}",20160330004428,api_row,2026-08-31T15:35:35+09:00,000,run_20260831_152517_0251,raw/alotMatter/00688996_2015_11011.json,7a3eb5beb929a9e5159dc265a41efa1f0338d2403d3d447bb891c049b4339efd,10
,,,00688996,KB금융,2015,11011,사업보고서,IFRS4,Y,-,"보고서 사업연도 >= 2023 이면 IFRS17, 아니면 IFRS4",-,현금배당수익률(%),2015-12-31,-,-,api,alotMatter,"{""bsns_year"": ""2015"", ""corp_code"": ""00688996"", ""reprt_code"": ""11011""}",20160330004428,api_row,2026-08-31T15:35:35+09:00,000,run_20260831_152517_0251,raw/alotMatter/00688996_2015_11011.json,7a3eb5beb929a9e5159dc265a41efa1f0338d2403d3d447bb891c049b4339efd,10
,,,00688996,KB금융,2015,11011,사업보고서,IFRS4,Y,-,"보고서 사업연도 >= 2023 이면 IFRS17, 아니면 IFRS4",-,주식배당수익률(%),2015-12-31,보통주식,-,api,alotMatter,"{""bsns_year"": ""2015"", ""corp_code"": ""00688996"", ""reprt_code"": ""11011""}",20160330004428,api_row,2026-08-31T15:35:35+09:00,000,run_20260831_152517_0251,raw/alotMatter/00688996_2015_11011.json,7a3eb5beb929a9e5159dc265a41efa1f0338d2403d3d447bb891c049b4339efd,10
,,,00688996,KB금융,2015,11011,사업보고서,IFRS4,Y,-,"보고서 사업연도 >= 2023 이면 IFRS17, 아니면 IFRS4",-,주식배당수익률(%),2015-12-31,-,-,api,alotMatter,"{""bsns_year"": ""2015"", ""corp_code"": ""00688996"", ""reprt_code"": ""11011""}",20160330004428,api_row,2026-08-31T15:35:35+09:00,000,run_20260831_152517_0251,raw/alotMatter/00688996_2015_11011.json,7a3eb5beb929a9e5159dc265a41efa1f0338d2403d3d447bb891c049b4339efd,10
,,,00688996,KB금융,2015,11011,사업보고서,IFRS4,Y,780,"보고서 사업연도 >= 2023 이면 IFRS17, 아니면 IFRS4",500,주당 현금배당금(원),2015-12-31,보통주식,980,api,alotMatter,"{""bsns_year"": ""2015"", ""corp_code"": ""00688996"", ""reprt_code"": ""11011""}",20160330004428,api_row,2026-08-31T15:35:35+09:00,000,run_20260831_152517_0251,raw/alotMatter/00688996_2015_11011.json,7a3eb5beb929a9e5159dc265a41efa1f0338d2403d3d447bb891c049b4339efd,10
,,,00688996,KB금융,2015,11011,사업보고서,IFRS4,Y,-,"보고서 사업연도 >= 2023 이면 IFRS17, 아니면 IFRS4",-,주당 현금배당금(원),2015-12-31,-,-,api,alotMatter,"{""bsns_year"": ""2015"", ""corp_code"": ""00688996"", ""reprt_code"": ""11011""}",20160330004428,api_row,2026-08-31T15:35:35+09:00,000,run_20260831_152517_0251,raw/alotMatter/00688996_2015_11011.json,7a3eb5beb929a9e5159dc265a41efa1f0338d2403d3d447bb891c049b4339efd,10
,,,00688996,KB금융,2015,11011,사업보고서,IFRS4,Y,-,"보고서 사업연도 >= 2023 이면 IFRS17, 아니면 IFRS4",-,주당 주식배당(주),2015-12-31,보통주식,-,api,alotMatter,"{""bsns_year"": ""2015"", ""corp_code"": ""00688996"", ""reprt_code"": ""11011""}",20160330004428,api_row,2026-08-31T15:35:35+09:00,000,run_20260831_152517_0251,raw/alotMatter/00688996_2015_11011.json,7a3eb5beb929a9e5159dc265a41efa1f0338d2403d3d447bb891c049b4339efd,10
,,,00688996,KB금융,2015,11011,사업보고서,IFRS4,Y,-,"보고서 사업연도 >= 2023 이면 IFRS17, 아니면 IFRS4",-,주당 주식배당(주),2015-12-31,-,-,api,alotMatter,"{""bsns_year"": ""2015"", ""corp_code"": ""00688996"", ""reprt_code"": ""11011""}",20160330004428,api_row,2026-08-31T15:35:35+09:00,000,run_20260831_152517_0251,raw/alotMatter/00688996_2015_11011.json,7a3eb5beb929a9e5159dc265a41efa1f0338d2403d3d447bb891c049b4339efd,10
,,,00878915,iM금융지주,2015,11011,사업보고서,IFRS4,Y,"5,000","보고서 사업연도 >= 2023 이면 IFRS17, 아니면 IFRS4","5,000",주당액면가액(원),2015-12-31,-,"5,000",api,alotMatter,"{""bsns_year"": ""2015"", ""corp_code"": ""00878915"", ""reprt_code"": ""11011""}",20160330001005,api_row,2026-08-31T15:39:15+09:00,000,run_20260831_152517_0362,raw/alotMatter/00878915_2015_11011.json,4bfa2405600ec024e250e3c93eb8feb762cf31c00028ea81647bdd9db456ac0d,10
,,,00878915,iM금융지주,2015,11011,사업보고서,IFRS4,Y,"229,733","보고서 사업연도 >= 2023 이면 IFRS17, 아니면 IFRS4","238,254",(연결)당기순이익(백만원),2015-12-31,-,"294,098",api,alotMatter,"{""bsns_year"": ""2015"", ""corp_code"": ""00878915"", ""reprt_code"": ""11011""}",20160330001005,api_row,2026-08-31T15:39:15+09:00,000,run_20260831_152517_0362,raw/alotMatter/00878915_2015_11011.json,4bfa2405600ec024e250e3c93eb8feb762cf31c00028ea81647bdd9db456ac0d,10
,,,00878915,iM금융지주,2015,11011,사업보고서,IFRS4,Y,"1,714","보고서 사업연도 >= 2023 이면 IFRS17, 아니면 IFRS4","1,777",주당순이익(원),2015-12-31,-,"1,759",api,alotMatter,"{""bsns_year"": ""2015"", ""corp_code"": ""00878915"", ""reprt_code"": ""11011""}",20160330001005,api_row,2026-08-31T15:39:15+09:00,000,run_20260831_152517_0362,raw/alotMatter/00878915_2015_11011.json,4bfa2405600ec024e250e3c93eb8feb762cf31c00028ea81647bdd9db456ac0d,10
,,,00878915,iM금융지주,2015,11011,사업보고서,IFRS4,Y,"42,897","보고서 사업연도 >= 2023 이면 IFRS17, 아니면 IFRS4","37,535",현금배당금총액(백만원),2015-12-31,-,"47,335",api,alotMatter,"{""bsns_year"": ""2015"", ""corp_code"": ""00878915"", ""reprt_code"": ""11011""}",20160330001005,api_row,2026-08-31T15:39:15+09:00,000,run_20260831_152517_0362,raw/alotMatter/00878915_2015_11011.json,4bfa2405600ec024e250e3c93eb8feb762cf31c00028ea81647bdd9db456ac0d,10
,,,00878915,iM금융지주,2015,11011,사업보고서,IFRS4,Y,-,"보고서 사업연도 >= 2023 이면 IFRS17, 아니면 IFRS4",-,주식배당금총액(백만원),2015-12-31,-,-,api,alotMatter,"{""bsns_year"": ""2015"", ""corp_code"": ""00878915"", ""reprt_code"": ""11011""}",20160330001005,api_row,2026-08-31T15:39:15+09:00,000,run_20260831_152517_0362,raw/alotMatter/00878915_2015_11011.json,4bfa2405600ec024e250e3c93eb8feb762cf31c00028ea81647bdd9db456ac0d,10
,,,00878915,iM금융지주,2015,11011,사업보고서,IFRS4,Y,18.67,"보고서 사업연도 >= 2023 이면 IFRS17, 아니면 IFRS4",15.75,(연결)현금배당성향(%),2015-12-31,-,16.10,api,alotMatter,"{""bsns_year"": ""2015"", ""corp_code"": ""00878915"", ""reprt_code"": ""11011""}",20160330001005,api_row,2026-08-31T15:39:15+09:00,000,run_20260831_152517_0362,raw/alotMatter/00878915_2015_11011.json,4bfa2405600ec024e250e3c93eb8feb762cf31c00028ea81647bdd9db456ac0d,10
,,,00878915,iM금융지주,2015,11011,사업보고서,IFRS4,Y,2.71,"보고서 사업연도 >= 2023 이면 IFRS17, 아니면 IFRS4",1.68,현금배당수익률(%),2015-12-31,보통주,2.73,api,alotMatter,"{""bsns_year"": ""2015"", ""corp_code"": ""00878915"", ""reprt_code"": ""11011""}",20160330001005,api_row,2026-08-31T15:39:15+09:00,000,run_20260831_152517_0362,raw/alotMatter/00878915_2015_11011.json,4bfa2405600ec024e250e3c93eb8feb762cf31c00028ea81647bdd9db456ac0d,10
,,,00878915,iM금융지주,2015,11011,사업보고서,IFRS4,Y,-,"보고서 사업연도 >= 2023 이면 IFRS17, 아니면 IFRS4",-,현금배당수익률(%),2015-12-31,-,-,api,alotMatter,"{""bsns_year"": ""2015"", ""corp_code"": ""00878915"", ""reprt_code"": ""11011""}",20160330001005,api_row,2026-08-31T15:39:15+09:00,000,run_20260831_152517_0362,raw/alotMatter/00878915_2015_11011.json,4bfa2405600ec024e250e3c93eb8feb762cf31c00028ea81647bdd9db456ac0d,10
,,,00878915,iM금융지주,2015,11011,사업보고서,IFRS4,Y,-,"보고서 사업연도 >= 2023 이면 IFRS17, 아니면 IFRS4",-,주식배당수익률(%),2015-12-31,보통주,-,api,alotMatter,"{""bsns_year"": ""2015"", ""corp_code"": ""00878915"", ""reprt_code"": ""11011""}",20160330001005,api_row,2026-08-31T15:39:15+09:00,000,run_20260831_152517_0362,raw/alotMatter/00878915_2015_11011.json,4bfa2405600ec024e250e3c93eb8feb762cf31c00028ea81647bdd9db456ac0d,10
,,,00878915,iM금융지주,2015,11011,사업보고서,IFRS4,Y,-,"보고서 사업연도 >= 2023 이면 IFRS17, 아니면 IFRS4",-,주식배당수익률(%),2015-12-31,-,-,api,alotMatter,"{""bsns_year"": ""2015"", ""corp_code"": ""00878915"", ""reprt_code"": ""11011""}",20160330001005,api_row,2026-08-31T15:39:15+09:00,000,run_20260831_152517_0362,raw/alotMatter/00878915_2015_11011.json,4bfa2405600ec024e250e3c93eb8feb762cf31c00028ea81647bdd9db456ac0d,10
,,,00878915,iM금융지주,2015,11011,사업보고서,IFRS4,Y,320,"보고서 사업연도 >= 2023 이면 IFRS17, 아니면 IFRS4",280,주당 현금배당금(원),2015-12-31,보통주,280,api,alotMatter,"{""bsns_year"": ""2015"", ""corp_code"": ""00878915"", ""reprt_code"": ""11011""}",20160330001005,api_row,2026-08-31T15:39:15+09:00,000,run_20260831_152517_0362,raw/alotMatter/00878915_2015_11011.json,4bfa2405600ec024e250e3c93eb8feb762cf31c00028ea81647bdd9db456ac0d,10
,,,00878915,iM금융지주,2015,11011,사업보고서,IFRS4,Y,-,"보고서 사업연도 >= 2023 이면 IFRS17, 아니면 IFRS4",-,주당 현금배당금(원),2015-12-31,-,-,api,alotMatter,"{""bsns_year"": ""2015"", ""corp_code"": ""00878915"", ""reprt_code"": ""11011""}",20160330001005,api_row,2026-08-31T15:39:15+09:00,000,run_20260831_152517_0362,raw/alotMatter/00878915_2015_11011.json,4bfa2405600ec024e250e3c93eb8feb762cf31c00028ea81647bdd9db456ac0d,10
,,,00878915,iM금융지주,2015,11011,사업보고서,IFRS4,Y,-,"보고서 사업연도 >= 2023 이면 IFRS17, 아니면 IFRS4",-,주당 주식배당(주),2015-12-31,보통주,-,api,alotMatter,"{""bsns_year"": ""2015"", ""corp_code"": ""00878915"", ""reprt_code"": ""11011""}",20160330001005,api_row,2026-08-31T15:39:15+09:00,000,run_20260831_152517_0362,raw/alotMatter/00878915_2015_11011.json,4bfa2405600ec024e250e3c93eb8feb762cf31c00028ea81647bdd9db456ac0d,10
,,,00878915,iM금융지주,2015,11011,사업보고서,IFRS4,Y,-,"보고서 사업연도 >= 2023 이면 IFRS17, 아니면 IFRS4",-,주당 주식배당(주),2015-12-31,-,-,api,alotMatter,"{""bsns_year"": ""2015"", ""corp_code"": ""00878915"", ""reprt_code"": ""11011""}",20160330001005,api_row,2026-08-31T15:39:15+09:00,000,run_20260831_152517_0362,raw/alotMatter/00878915_2015_11011.json,4bfa2405600ec024e250e3c93eb8feb762cf31c00028ea81647bdd9db456ac0d,10
,,,00113058,한화생명,2016,11011,사업보고서,IFRS4,Y,"5,000","보고서 사업연도 >= 2023 이면 IFRS17, 아니면 IFRS4","5,000",주당액면가액(원),2016-12-31,-,"5,000",api,alotMatter,"{""bsns_year"": ""2016"", ""corp_code"": ""00113058"", ""reprt_code"": ""11011""}",20170331005451,api_row,2026-08-31T15:46:09+09:00,000,run_20260831_152517_0569,raw/alotMatter/00113058_2016_11011.json,7e54fd84345026de94cac6300d3db4ebddfb7df4dc0fdc80fd797a0280c0515e,10
,,,00113058,한화생명,2016,11011,사업보고서,IFRS4,Y,"530,092","보고서 사업연도 >= 2023 이면 IFRS17, 아니면 IFRS4","405,405",(연결)당기순이익(백만원),2016-12-31,-,"795,341",api,alotMatter,"{""bsns_year"": ""2016"", ""corp_code"": ""00113058"", ""reprt_code"": ""11011""}",20170331005451,api_row,2026-08-31T15:46:09+09:00,000,run_20260831_152517_0569,raw/alotMatter/00113058_2016_11011.json,7e54fd84345026de94cac6300d3db4ebddfb7df4dc0fdc80fd797a0280c0515e,10
,,,00113058,한화생명,2016,11011,사업보고서,IFRS4,Y,"500,309","보고서 사업연도 >= 2023 이면 IFRS17, 아니면 IFRS4","413,521",(개별)당기순이익(백만원),2016-12-31,-,"315,121",api,alotMatter,"{""bsns_year"": ""2016"", ""corp_code"": ""00113058"", ""reprt_code"": ""11011""}",20170331005451,api_row,2026-08-31T15:46:09+09:00,000,run_20260831_152517_0569,raw/alotMatter/00113058_2016_11011.json,7e54fd84345026de94cac6300d3db4ebddfb7df4dc0fdc80fd797a0280c0515e,10
,,,00113058,한화생명,2016,11011,사업보고서,IFRS4,Y,658,"보고서 사업연도 >= 2023 이면 IFRS17, 아니면 IFRS4",482,(연결)주당순이익(원),2016-12-31,-,"1,058",api,alotMatter,"{""bsns_year"": ""2016"", ""corp_code"": ""00113058"", ""reprt_code"": ""11011""}",20170331005451,api_row,2026-08-31T15:46:09+09:00,000,run_20260831_152517_0569,raw/alotMatter/00113058_2016_11011.json,7e54fd84345026de94cac6300d3db4ebddfb7df4dc0fdc80fd797a0280c0515e,10
,,,00113058,한화생명,2016,11011,사업보고서,IFRS4,Y,"135,250","보고서 사업연도 >= 2023 이면 IFRS17, 아니면 IFRS4","148,840",현금배당금총액(백만원),2016-12-31,-,"60,111",api,alotMatter,"{""bsns_year"": ""2016"", ""corp_code"": ""00113058"", ""reprt_code"": ""11011""}",20170331005451,api_row,2026-08-31T15:46:09+09:00,000,run_20260831_152517_0569,raw/alotMatter/00113058_2016_11011.json,7e54fd84345026de94cac6300d3db4ebddfb7df4dc0fdc80fd797a0280c0515e,10
,,,00113058,한화생명,2016,11011,사업보고서,IFRS4,Y,-,"보고서 사업연도 >= 2023 이면 IFRS17, 아니면 IFRS4",-,주식배당금총액(백만원),2016-12-31,-,-,api,alotMatter,"{""bsns_year"": ""2016"", ""corp_code"": ""00113058"", ""reprt_code"": ""11011""}",20170331005451,api_row,2026-08-31T15:46:09+09:00,000,run_20260831_152517_0569,raw/alotMatter/00113058_2016_11011.json,7e54fd84345026de94cac6300d3db4ebddfb7df4dc0fdc80fd797a0280c0515e,10
,,,00113058,한화생명,2016,11011,사업보고서,IFRS4,Y,25.50,"보고서 사업연도 >= 2023 이면 IFRS17, 아니면 IFRS4",36.70,(연결)현금배당성향(%),2016-12-31,-,7.60,api,alotMatter,"{""bsns_year"": ""2016"", ""corp_code"": ""00113058"", ""reprt_code"": ""11011""}",20170331005451,api_row,2026-08-31T15:46:09+09:00,000,run_20260831_152517_0569,raw/alotMatter/00113058_2016_11011.json,7e54fd84345026de94cac6300d3db4ebddfb7df4dc0fdc80fd797a0280c0515e,10
,,,00113058,한화생명,2016,11011,사업보고서,IFRS4,Y,2.30,"보고서 사업연도 >= 2023 이면 IFRS17, 아니면 IFRS4",2.15,현금배당수익률(%),2016-12-31,보통주,1.20,api,alotMatter,"{""bsns_year"": ""2016"", ""corp_code"": ""00113058"", ""reprt_code"": ""11011""}",20170331005451,api_row,2026-08-31T15:46:09+09:00,000,run_20260831_152517_0569,raw/alotMatter/00113058_2016_11011.json,7e54fd84345026de94cac6300d3db4ebddfb7df4dc0fdc80fd797a0280c0515e,10
,,,00113058,한화생명,2016,11011,사업보고서,IFRS4,Y,-,"보고서 사업연도 >= 2023 이면 IFRS17, 아니면 IFRS4",-,현금배당수익률(%),2016-12-31,우선주,-,api,alotMatter,"{""bsns_year"": ""2016"", ""corp_code"": ""00113058"", ""reprt_code"": ""11011""}",20170331005451,api_row,2026-08-31T15:46:09+09:00,000,run_20260831_152517_0569,raw/alotMatter/00113058_2016_11011.json,7e54fd84345026de94cac6300d3db4ebddfb7df4dc0fdc80fd797a0280c0515e,10
,,,00113058,한화생명,2016,11011,사업보고서,IFRS4,Y,-,"보고서 사업연도 >= 2023 이면 IFRS17, 아니면 IFRS4",-,주식배당수익률(%),2016-12-31,보통주,-,api,alotMatter,"{""bsns_year"": ""2016"", ""corp_code"": ""00113058"", ""reprt_code"": ""11011""}",20170331005451,api_row,2026-08-31T15:46:09+09:00,000,run_20260831_152517_0569,raw/alotMatter/00113058_2016_11011.json,7e54fd84345026de94cac6300d3db4ebddfb7df4dc0fdc80fd797a0280c0515e,10
,,,00113058,한화생명,2016,11011,사업보고서,IFRS4,Y,-,"보고서 사업연도 >= 2023 이면 IFRS17, 아니면 IFRS4",-,주식배당수익률(%),2016-12-31,우선주,-,api,alotMatter,"{""bsns_year"": ""2016"", ""corp_code"": ""00113058"", ""reprt_code"": ""11011""}",20170331005451,api_row,2026-08-31T15:46:09+09:00,000,run_20260831_152517_0569,raw/alotMatter/00113058_2016_11011.json,7e54fd84345026de94cac6300d3db4ebddfb7df4dc0fdc80fd797a0280c0515e,10
,,,00113058,한화생명,2016,11011,사업보고서,IFRS4,Y,-,"보고서 사업연도 >= 2023 이면 IFRS17, 아니면 IFRS4",-,주당 현금배당금(원),2016-12-31,보통주,-,api,alotMatter,"{""bsns_year"": ""2016"", ""corp_code"": ""00113058"", ""reprt_code"": ""11011""}",20170331005451,api_row,2026-08-31T15:46:09+09:00,000,run_20260831_152517_0569,raw/alotMatter/00113058_2016_11011.json,7e54fd84345026de94cac6300d3db4ebddfb7df4dc0fdc80fd797a0280c0515e,10
,,,00113058,한화생명,2016,11011,사업보고서,IFRS4,Y,180,"보고서 사업연도 >= 2023 이면 IFRS17, 아니면 IFRS4",180,주당 현금배당금(원),2016-12-31,우선주,80,api,alotMatter,"{""bsns_year"": ""2016"", ""corp_code"": ""00113058"", ""reprt_code"": ""11011""}",20170331005451,api_row,2026-08-31T15:46:09+09:00,000,run_20260831_152517_0569,raw/alotMatter/00113058_2016_11011.json,7e54fd84345026de94cac6300d3db4ebddfb7df4dc0fdc80fd797a0280c0515e,10
,,,00113058,한화생명,2016,11011,사업보고서,IFRS4,Y,-,"보고서 사업연도 >= 2023 이면 IFRS17, 아니면 IFRS4",-,주당 주식배당(주),2016-12-31,보통주,-,api,alotMatter,"{""bsns_year"": ""2016"", ""corp_code"": ""00113058"", ""reprt_code"": ""11011""}",20170331005451,api_row,2026-08-31T15:46:09+09:00,000,run_20260831_152517_0569,raw/alotMatter/00113058_2016_11011.json,7e54fd84345026de94cac6300d3db4ebddfb7df4dc0fdc80fd797a0280c0515e,10
,,,00113058,한화생명,2016,11011,사업보고서,IFRS4,Y,-,"보고서 사업연도 >= 2023 이면 IFRS17, 아니면 IFRS4",-,주당 주식배당(주),2016-12-31,우선주,-,api,alotMatter,"{""bsns_year"": ""2016"", ""corp_code"": ""00113058"", ""reprt_code"": ""11011""}",20170331005451,api_row,2026-08-31T15:46:09+09:00,000,run_20260831_152517_0569,raw/alotMatter/00113058_2016_11011.json,7e54fd84345026de94cac6300d3db4ebddfb7df4dc0fdc80fd797a0280c0515e,10
,,,00382199,신한지주,2016,11011,사업보고서,IFRS4,Y,"5,000","보고서 사업연도 >= 2023 이면 IFRS17, 아니면 IFRS4","5,000",주당액면가액(원),2016-12-31,-,"5,000",api,alotMatter,"{""bsns_year"": ""2016"", ""corp_code"": ""00382199"", ""reprt_code"": ""11011""}",20170331003963,api_row,2026-08-31T15:31:42+09:00,000,run_20260831_152517_0149,raw/alotMatter/00382199_2016_11011.json,6279deda827e13bd7ebf301d356cc23faee7e147683d3ffc7062759731eedfce,10
,,,00382199,신한지주,2016,11011,사업보고서,IFRS4,Y,"2,367,171","보고서 사업연도 >= 2023 이면 IFRS17, 아니면 IFRS4","2,081,110",(연결)당기순이익(백만원),2016-12-31,-,"2,774,778",api,alotMatter,"{""bsns_year"": ""2016"", ""corp_code"": ""00382199"", ""reprt_code"": ""11011""}",20170331003963,api_row,2026-08-31T15:31:42+09:00,000,run_20260831_152517_0149,raw/alotMatter/00382199_2016_11011.json,6279deda827e13bd7ebf301d356cc23faee7e147683d3ffc7062759731eedfce,10
,,,00382199,신한지주,2016,11011,사업보고서,IFRS4,Y,"893,041","보고서 사업연도 >= 2023 이면 IFRS17, 아니면 IFRS4","662,623",(개별)당기순이익(백만원),2016-12-31,-,"1,470,250",api,alotMatter,"{""bsns_year"": ""2016"", ""corp_code"": ""00382199"", ""reprt_code"": ""11011""}",20170331003963,api_row,2026-08-31T15:31:42+09:00,000,run_20260831_152517_0149,raw/alotMatter/00382199_2016_11011.json,6279deda827e13bd7ebf301d356cc23faee7e147683d3ffc7062759731eedfce,10
,,,00382199,신한지주,2016,11011,사업보고서,IFRS4,Y,"4,789","보고서 사업연도 >= 2023 이면 IFRS17, 아니면 IFRS4","4,195",(연결)주당순이익(원),2016-12-31,-,"5,736",api,alotMatter,"{""bsns_year"": ""2016"", ""corp_code"": ""00382199"", ""reprt_code"": ""11011""}",20170331003963,api_row,2026-08-31T15:31:42+09:00,000,run_20260831_152517_0149,raw/alotMatter/00382199_2016_11011.json,6279deda827e13bd7ebf301d356cc23faee7e147683d3ffc7062759731eedfce,10
,,,00382199,신한지주,2016,11011,사업보고서,IFRS4,Y,"630,978","보고서 사업연도 >= 2023 이면 IFRS17, 아니면 IFRS4","512,428",현금배당금총액(백만원),2016-12-31,-,"687,589",api,alotMatter,"{""bsns_year"": ""2016"", ""corp_code"": ""00382199"", ""reprt_code"": ""11011""}",20170331003963,api_row,2026-08-31T15:31:42+09:00,000,run_20260831_152517_0149,raw/alotMatter/00382199_2016_11011.json,6279deda827e13bd7ebf301d356cc23faee7e147683d3ffc7062759731eedfce,10
,,,00382199,신한지주,2016,11011,사업보고서,IFRS4,Y,-,"보고서 사업연도 >= 2023 이면 IFRS17, 아니면 IFRS4",-,주식배당금총액(백만원),2016-12-31,-,-,api,alotMatter,"{""bsns_year"": ""2016"", ""corp_code"": ""00382199"", ""reprt_code"": ""11011""}",20170331003963,api_row,2026-08-31T15:31:42+09:00,000,run_20260831_152517_0149,raw/alotMatter/00382199_2016_11011.json,6279deda827e13bd7ebf301d356cc23faee7e147683d3ffc7062759731eedfce,10
,,,00382199,신한지주,2016,11011,사업보고서,IFRS4,Y,26.66,"보고서 사업연도 >= 2023 이면 IFRS17, 아니면 IFRS4",24.62,(연결)현금배당성향(%),2016-12-31,-,24.78,api,alotMatter,"{""bsns_year"": ""2016"", ""corp_code"": ""00382199"", ""reprt_code"": ""11011""}",20170331003963,api_row,2026-08-31T15:31:42+09:00,000,run_20260831_152517_0149,raw/alotMatter/00382199_2016_11011.json,6279deda827e13bd7ebf301d356cc23faee7e147683d3ffc7062759731eedfce,10
,,,00382199,신한지주,2016,11011,사업보고서,IFRS4,Y,2.95,"보고서 사업연도 >= 2023 이면 IFRS17, 아니면 IFRS4",2.01,현금배당수익률(%),2016-12-31,보통주,3.06,api,alotMatter,"{""bsns_year"": ""2016"", ""corp_code"": ""00382199"", ""reprt_code"": ""11011""}",20170331003963,api_row,2026-08-31T15:31:42+09:00,000,run_20260831_152517_0149,raw/alotMatter/00382199_2016_11011.json,6279deda827e13bd7ebf301d356cc23faee7e147683d3ffc7062759731eedfce,10
,,,00382199,신한지주,2016,11011,사업보고서,IFRS4,Y,-,"보고서 사업연도 >= 2023 이면 IFRS17, 아니면 IFRS4",-,현금배당수익률(%),2016-12-31,우선주,-,api,alotMatter,"{""bsns_year"": ""2016"", ""corp_code"": ""00382199"", ""reprt_code"": ""11011""}",20170331003963,api_row,2026-08-31T15:31:42+09:00,000,run_20260831_152517_0149,raw/alotMatter/00382199_2016_11011.json,6279deda827e13bd7ebf301d356cc23faee7e147683d3ffc7062759731eedfce,10
,,,00382199,신한지주,2016,11011,사업보고서,IFRS4,Y,-,"보고서 사업연도 >= 2023 이면 IFRS17, 아니면 IFRS4",-,주식배당수익률(%),2016-12-31,보통주,-,api,alotMatter,"{""bsns_year"": ""2016"", ""corp_code"": ""00382199"", ""reprt_code"": ""11011""}",20170331003963,api_row,2026-08-31T15:31:42+09:00,000,run_20260831_152517_0149,raw/alotMatter/00382199_2016_11011.json,6279deda827e13bd7ebf301d356cc23faee7e147683d3ffc7062759731eedfce,10
,,,00382199,신한지주,2016,11011,사업보고서,IFRS4,Y,-,"보고서 사업연도 >= 2023 이면 IFRS17, 아니면 IFRS4",-,주식배당수익률(%),2016-12-31,우선주,-,api,alotMatter,"{""bsns_year"": ""2016"", ""corp_code"": ""00382199"", ""reprt_code"": ""11011""}",20170331003963,api_row,2026-08-31T15:31:42+09:00,000,run_20260831_152517_0149,raw/alotMatter/00382199_2016_11011.json,6279deda827e13bd7ebf301d356cc23faee7e147683d3ffc7062759731eedfce,10
,,,00382199,신한지주,2016,11011,사업보고서,IFRS4,Y,"1,200","보고서 사업연도 >= 2023 이면 IFRS17, 아니면 IFRS4",950,주당 현금배당금(원),2016-12-31,보통주,"1,450",api,alotMatter,"{""bsns_year"": ""2016"", ""corp_code"": ""00382199"", ""reprt_code"": ""11011""}",20170331003963,api_row,2026-08-31T15:31:42+09:00,000,run_20260831_152517_0149,raw/alotMatter/00382199_2016_11011.json,6279deda827e13bd7ebf301d356cc23faee7e147683d3ffc7062759731eedfce,10
,,,00382199,신한지주,2016,11011,사업보고서,IFRS4,Y,"5,580","보고서 사업연도 >= 2023 이면 IFRS17, 아니면 IFRS4","5,580",주당 현금배당금(원),2016-12-31,우선주,-,api,alotMatter,"{""bsns_year"": ""2016"", ""corp_code"": ""00382199"", ""reprt_code"": ""11011""}",20170331003963,api_row,2026-08-31T15:31:42+09:00,000,run_20260831_152517_0149,raw/alotMatter/00382199_2016_11011.json,6279deda827e13bd7ebf301d356cc23faee7e147683d3ffc7062759731eedfce,10
,,,00382199,신한지주,2016,11011,사업보고서,IFRS4,Y,-,"보고서 사업연도 >= 2023 이면 IFRS17, 아니면 IFRS4",-,주당 주식배당(주),2016-12-31,보통주,-,api,alotMatter,"{""bsns_year"": ""2016"", ""corp_code"": ""00382199"", ""reprt_code"": ""11011""}",20170331003963,api_row,2026-08-31T15:31:42+09:00,000,run_20260831_152517_0149,raw/alotMatter/00382199_2016_11011.json,6279deda827e13bd7ebf301d356cc23faee7e147683d3ffc7062759731eedfce,10
,,,00382199,신한지주,2016,11011,사업보고서,IFRS4,Y,-,"보고서 사업연도 >= 2023 이면 IFRS17, 아니면 IFRS4",-,주당 주식배당(주),2016-12-31,우선주,-,api,alotMatter,"{""bsns_year"": ""2016"", ""corp_code"": ""00382199"", ""reprt_code"": ""11011""}",20170331003963,api_row,2026-08-31T15:31:42+09:00,000,run_20260831_152517_0149,raw/alotMatter/00382199_2016_11011.json,6279deda827e13bd7ebf301d356cc23faee7e147683d3ffc7062759731eedfce,10
,,,00688996,KB금융,2016,11011,사업보고서,IFRS4,Y,"5,000","보고서 사업연도 >= 2023 이면 IFRS17, 아니면 IFRS4","5,000",주당액면가액(원),2016-12-31,-,"5,000",api,alotMatter,"{""bsns_year"": ""2016"", ""corp_code"": ""00688996"", ""reprt_code"": ""11011""}",20170331004054,api_row,2026-08-31T15:35:43+09:00,000,run_20260831_152517_0258,raw/alotMatter/00688996_2016_11011.json,416ff627ee8ee0b95cb85e283679b71261e57017d408c3eceaa91648e1b505b8,10
,,,00688996,KB금융,2016,11011,사업보고서,IFRS4,Y,"1,698,318","보고서 사업연도 >= 2023 이면 IFRS17, 아니면 IFRS4","1,400,722",(연결)당기순이익(백만원),2016-12-31,-,"2,143,744",api,alotMatter,"{""bsns_year"": ""2016"", ""corp_code"": ""00688996"", ""reprt_code"": ""11011""}",20170331004054,api_row,2026-08-31T15:35:43+09:00,000,run_20260831_152517_0258,raw/alotMatter/00688996_2016_11011.json,416ff627ee8ee0b95cb85e283679b71261e57017d408c3eceaa91648e1b505b8,10
,,,00688996,KB금융,2016,11011,사업보고서,IFRS4,Y,"243,425","보고서 사업연도 >= 2023 이면 IFRS17, 아니면 IFRS4","432,951",(개별)당기순이익(백만원),2016-12-31,-,"590,132",api,alotMatter,"{""bsns_year"": ""2016"", ""corp_code"": ""00688996"", ""reprt_code"": ""11011""}",20170331004054,api_row,2026-08-31T15:35:43+09:00,000,run_20260831_152517_0258,raw/alotMatter/00688996_2016_11011.json,416ff627ee8ee0b95cb85e283679b71261e57017d408c3eceaa91648e1b505b8,10
,,,00688996,KB금융,2016,11011,사업보고서,IFRS4,Y,"4,396","보고서 사업연도 >= 2023 이면 IFRS17, 아니면 IFRS4","3,626",(연결)주당순이익(원),2016-12-31,-,"5,588",api,alotMatter,"{""bsns_year"": ""2016"", ""corp_code"": ""00688996"", ""reprt_code"": ""11011""}",20170331004054,api_row,2026-08-31T15:35:43+09:00,000,run_20260831_152517_0258,raw/alotMatter/00688996_2016_11011.json,416ff627ee8ee0b95cb85e283679b71261e57017d408c3eceaa91648e1b505b8,10
,,,00688996,KB금융,2016,11011,사업보고서,IFRS4,Y,"378,625","보고서 사업연도 >= 2023 이면 IFRS17, 아니면 IFRS4","301,354",현금배당금총액(백만원),2016-12-31,-,"497,969",api,alotMatter,"{""bsns_year"": ""2016"", ""corp_code"": ""00688996"", ""reprt_code"": ""11011""}",20170331004054,api_row,2026-08-31T15:35:43+09:00,000,run_20260831_152517_0258,raw/alotMatter/00688996_2016_11011.json,416ff627ee8ee0b95cb85e283679b71261e57017d408c3eceaa91648e1b505b8,10
,,,00688996,KB금융,2016,11011,사업보고서,IFRS4,Y,-,"보고서 사업연도 >= 2023 이면 IFRS17, 아니면 IFRS4",-,주식배당금총액(백만원),2016-12-31,-,-,api,alotMatter,"{""bsns_year"": ""2016"", ""corp_code"": ""00688996"", ""reprt_code"": ""11011""}",20170331004054,api_row,2026-08-31T15:35:43+09:00,000,run_20260831_152517_0258,raw/alotMatter/00688996_2016_11011.json,416ff627ee8ee0b95cb85e283679b71261e57017d408c3eceaa91648e1b505b8,10
,,,00688996,KB금융,2016,11011,사업보고서,IFRS4,Y,22.30,"보고서 사업연도 >= 2023 이면 IFRS17, 아니면 IFRS4",21.50,(연결)현금배당성향(%),2016-12-31,-,23.20,api,alotMatter,"{""bsns_year"": ""2016"", ""corp_code"": ""00688996"", ""reprt_code"": ""11011""}",20170331004054,api_row,2026-08-31T15:35:43+09:00,000,run_20260831_152517_0258,raw/alotMatter/00688996_2016_11011.json,416ff627ee8ee0b95cb85e283679b71261e57017d408c3eceaa91648e1b505b8,10
,,,00688996,KB금융,2016,11011,사업보고서,IFRS4,Y,2.90,"보고서 사업연도 >= 2023 이면 IFRS17, 아니면 IFRS4",2.00,현금배당수익률(%),2016-12-31,보통주,2.90,api,alotMatter,"{""bsns_year"": ""2016"", ""corp_code"": ""00688996"", ""reprt_code"": ""11011""}",20170331004054,api_row,2026-08-31T15:35:43+09:00,000,run_20260831_152517_0258,raw/alotMatter/00688996_2016_11011.json,416ff627ee8ee0b95cb85e283679b71261e57017d408c3eceaa91648e1b505b8,10
,,,00688996,KB금융,2016,11011,사업보고서,IFRS4,Y,-,"보고서 사업연도 >= 2023 이면 IFRS17, 아니면 IFRS4",-,현금배당수익률(%),2016-12-31,-,-,api,alotMatter,"{""bsns_year"": ""2016"", ""corp_code"": ""00688996"", ""reprt_code"": ""11011""}",20170331004054,api_row,2026-08-31T15:35:43+09:00,000,run_20260831_152517_0258,raw/alotMatter/00688996_2016_11011.json,416ff627ee8ee0b95cb85e283679b71261e57017d408c3eceaa91648e1b505b8,10
,,,00688996,KB금융,2016,11011,사업보고서,IFRS4,Y,-,"보고서 사업연도 >= 2023 이면 IFRS17, 아니면 IFRS4",-,주식배당수익률(%),2016-12-31,-,-,api,alotMatter,"{""bsns_year"": ""2016"", ""corp_code"": ""00688996"", ""reprt_code"": ""11011""}",20170331004054,api_row,2026-08-31T15:35:43+09:00,000,run_20260831_152517_0258,raw/alotMatter/00688996_2016_11011.json,416ff627ee8ee0b95cb85e283679b71261e57017d408c3eceaa91648e1b505b8,10
,,,00688996,KB금융,2016,11011,사업보고서,IFRS4,Y,-,"보고서 사업연도 >= 2023 이면 IFRS17, 아니면 IFRS4",-,주식배당수익률(%),2016-12-31,-,-,api,alotMatter,"{""bsns_year"": ""2016"", ""corp_code"": ""00688996"", ""reprt_code"": ""11011""}",20170331004054,api_row,2026-08-31T15:35:43+09:00,000,run_20260831_152517_0258,raw/alotMatter/00688996_2016_11011.json,416ff627ee8ee0b95cb85e283679b71261e57017d408c3eceaa91648e1b505b8,10
,,,00688996,KB금융,2016,11011,사업보고서,IFRS4,Y,980,"보고서 사업연도 >= 2023 이면 IFRS17, 아니면 IFRS4",780,주당 현금배당금(원),2016-12-31,보통주,"1,250",api,alotMatter,"{""bsns_year"": ""2016"", ""corp_code"": ""00688996"", ""reprt_code"": ""11011""}",20170331004054,api_row,2026-08-31T15:35:43+09:00,000,run_20260831_152517_0258,raw/alotMatter/00688996_2016_11011.json,416ff627ee8ee0b95cb85e283679b71261e57017d408c3eceaa91648e1b505b8,10
,,,00688996,KB금융,2016,11011,사업보고서,IFRS4,Y,-,"보고서 사업연도 >= 2023 이면 IFRS17, 아니면 IFRS4",-,주당 현금배당금(원),2016-12-31,-,-,api,alotMatter,"{""bsns_year"": ""2016"", ""corp_code"": ""00688996"", ""reprt_code"": ""11011""}",20170331004054,api_row,2026-08-31T15:35:43+09:00,000,run_20260831_152517_0258,raw/alotMatter/00688996_2016_11011.json,416ff627ee8ee0b95cb85e283679b71261e57017d408c3eceaa91648e1b505b8,10
,,,00688996,KB금융,2016,11011,사업보고서,IFRS4,Y,-,"보고서 사업연도 >= 2023 이면 IFRS17, 아니면 IFRS4",-,주당 주식배당(주),2016-12-31,-,-,api,alotMatter,"{""bsns_year"": ""2016"", ""corp_code"": ""00688996"", ""reprt_code"": ""11011""}",20170331004054,api_row,2026-08-31T15:35:43+09:00,000,run_20260831_152517_0258,raw/alotMatter/00688996_2016_11011.json,416ff627ee8ee0b95cb85e283679b71261e57017d408c3eceaa91648e1b505b8,10
,,,00688996,KB금융,2016,11011,사업보고서,IFRS4,Y,-,"보고서 사업연도 >= 2023 이면 IFRS17, 아니면 IFRS4",-,주당 주식배당(주),2016-12-31,-,-,api,alotMatter,"{""bsns_year"": ""2016"", ""corp_code"": ""00688996"", ""reprt_code"": ""11011""}",20170331004054,api_row,2026-08-31T15:35:43+09:00,000,run_20260831_152517_0258,raw/alotMatter/00688996_2016_11011.json,416ff627ee8ee0b95cb85e283679b71261e57017d408c3eceaa91648e1b505b8,10
,,,00878915,iM금융지주,2016,11011,사업보고서,IFRS4,Y,"5,000","보고서 사업연도 >= 2023 이면 IFRS17, 아니면 IFRS4","5,000",주당액면가액(원),2016-12-31,-,"5,000",api,alotMatter,"{""bsns_year"": ""2016"", ""corp_code"": ""00878915"", ""reprt_code"": ""11011""}",20170331003962,api_row,2026-08-31T15:39:25+09:00,000,run_20260831_152517_0371,raw/alotMatter/00878915_2016_11011.json,62b73788e1350efd8ddbbb65b48b6fd39cf7a1b1144809d231034a5a73ca689d,10
,,,00878915,iM금융지주,2016,11011,사업보고서,IFRS4,Y,"294,098","보고서 사업연도 >= 2023 이면 IFRS17, 아니면 IFRS4","229,733",(연결)당기순이익(백만원),2016-12-31,-,"287,677",api,alotMatter,"{""bsns_year"": ""2016"", ""corp_code"": ""00878915"", ""reprt_code"": ""11011""}",20170331003962,api_row,2026-08-31T15:39:25+09:00,000,run_20260831_152517_0371,raw/alotMatter/00878915_2016_11011.json,62b73788e1350efd8ddbbb65b48b6fd39cf7a1b1144809d231034a5a73ca689d,10
,,,00878915,iM금융지주,2016,11011,사업보고서,IFRS4,Y,"57,944","보고서 사업연도 >= 2023 이면 IFRS17, 아니면 IFRS4","48,566",(개별)당기순이익(백만원),2016-12-31,-,"65,112",api,alotMatter,"{""bsns_year"": ""2016"", ""corp_code"": ""00878915"", ""reprt_code"": ""11011""}",20170331003962,api_row,2026-08-31T15:39:25+09:00,000,run_20260831_152517_0371,raw/alotMatter/00878915_2016_11011.json,62b73788e1350efd8ddbbb65b48b6fd39cf7a1b1144809d231034a5a73ca689d,10
,,,00878915,iM금융지주,2016,11011,사업보고서,IFRS4,Y,"1,759","보고서 사업연도 >= 2023 이면 IFRS17, 아니면 IFRS4","1,714",(연결)주당순이익(원),2016-12-31,-,"1,702",api,alotMatter,"{""bsns_year"": ""2016"", ""corp_code"": ""00878915"", ""reprt_code"": ""11011""}",20170331003962,api_row,2026-08-31T15:39:25+09:00,000,run_20260831_152517_0371,raw/alotMatter/00878915_2016_11011.json,62b73788e1350efd8ddbbb65b48b6fd39cf7a1b1144809d231034a5a73ca689d,10
,,,00878915,iM금융지주,2016,11011,사업보고서,IFRS4,Y,"47,335","보고서 사업연도 >= 2023 이면 IFRS17, 아니면 IFRS4","42,897",현금배당금총액(백만원),2016-12-31,-,"50,716",api,alotMatter,"{""bsns_year"": ""2016"", ""corp_code"": ""00878915"", ""reprt_code"": ""11011""}",20170331003962,api_row,2026-08-31T15:39:25+09:00,000,run_20260831_152517_0371,raw/alotMatter/00878915_2016_11011.json,62b73788e1350efd8ddbbb65b48b6fd39cf7a1b1144809d231034a5a73ca689d,10
,,,00878915,iM금융지주,2016,11011,사업보고서,IFRS4,Y,-,"보고서 사업연도 >= 2023 이면 IFRS17, 아니면 IFRS4",-,주식배당금총액(백만원),2016-12-31,-,-,api,alotMatter,"{""bsns_year"": ""2016"", ""corp_code"": ""00878915"", ""reprt_code"": ""11011""}",20170331003962,api_row,2026-08-31T15:39:25+09:00,000,run_20260831_152517_0371,raw/alotMatter/00878915_2016_11011.json,62b73788e1350efd8ddbbb65b48b6fd39cf7a1b1144809d231034a5a73ca689d,10
,,,00878915,iM금융지주,2016,11011,사업보고서,IFRS4,Y,16.10,"보고서 사업연도 >= 2023 이면 IFRS17, 아니면 IFRS4",18.67,(연결)현금배당성향(%),2016-12-31,-,17.60,api,alotMatter,"{""bsns_year"": ""2016"", ""corp_code"": ""00878915"", ""reprt_code"": ""11011""}",20170331003962,api_row,2026-08-31T15:39:25+09:00,000,run_20260831_152517_0371,raw/alotMatter/00878915_2016_11011.json,62b73788e1350efd8ddbbb65b48b6fd39cf7a1b1144809d231034a5a73ca689d,10
,,,00878915,iM금융지주,2016,11011,사업보고서,IFRS4,Y,2.73,"보고서 사업연도 >= 2023 이면 IFRS17, 아니면 IFRS4",2.71,현금배당수익률(%),2016-12-31,보통주,3.00,api,alotMatter,"{""bsns_year"": ""2016"", ""corp_code"": ""00878915"", ""reprt_code"": ""11011""}",20170331003962,api_row,2026-08-31T15:39:25+09:00,000,run_20260831_152517_0371,raw/alotMatter/00878915_2016_11011.json,62b73788e1350efd8ddbbb65b48b6fd39cf7a1b1144809d231034a5a73ca689d,10
,,,00878915,iM금융지주,2016,11011,사업보고서,IFRS4,Y,-,"보고서 사업연도 >= 2023 이면 IFRS17, 아니면 IFRS4",-,현금배당수익률(%),2016-12-31,-,-,api,alotMatter,"{""bsns_year"": ""2016"", ""corp_code"": ""00878915"", ""reprt_code"": ""11011""}",20170331003962,api_row,2026-08-31T15:39:25+09:00,000,run_20260831_152517_0371,raw/alotMatter/00878915_2016_11011.json,62b73788e1350efd8ddbbb65b48b6fd39cf7a1b1144809d231034a5a73ca689d,10
,,,00878915,iM금융지주,2016,11011,사업보고서,IFRS4,Y,-,"보고서 사업연도 >= 2023 이면 IFRS17, 아니면 IFRS4",-,주식배당수익률(%),2016-12-31,보통주,-,api,alotMatter,"{""bsns_year"": ""2016"", ""corp_code"": ""00878915"", ""reprt_code"": ""11011""}",20170331003962,api_row,2026-08-31T15:39:25+09:00,000,run_20260831_152517_0371,raw/alotMatter/00878915_2016_11011.json,62b73788e1350efd8ddbbb65b48b6fd39cf7a1b1144809d231034a5a73ca689d,10
,,,00878915,iM금융지주,2016,11011,사업보고서,IFRS4,Y,-,"보고서 사업연도 >= 2023 이면 IFRS17, 아니면 IFRS4",-,주식배당수익률(%),2016-12-31,-,-,api,alotMatter,"{""bsns_year"": ""2016"", ""corp_code"": ""00878915"", ""reprt_code"": ""11011""}",20170331003962,api_row,2026-08-31T15:39:25+09:00,000,run_20260831_152517_0371,raw/alotMatter/00878915_2016_11011.json,62b73788e1350efd8ddbbb65b48b6fd39cf7a1b1144809d231034a5a73ca689d,10
,,,00878915,iM금융지주,2016,11011,사업보고서,IFRS4,Y,280,"보고서 사업연도 >= 2023 이면 IFRS17, 아니면 IFRS4",320,주당 현금배당금(원),2016-12-31,보통주,300,api,alotMatter,"{""bsns_year"": ""2016"", ""corp_code"": ""00878915"", ""reprt_code"": ""11011""}",20170331003962,api_row,2026-08-31T15:39:25+09:00,000,run_20260831_152517_0371,raw/alotMatter/00878915_2016_11011.json,62b73788e1350efd8ddbbb65b48b6fd39cf7a1b1144809d231034a5a73ca689d,10
,,,00878915,iM금융지주,2016,11011,사업보고서,IFRS4,Y,-,"보고서 사업연도 >= 2023 이면 IFRS17, 아니면 IFRS4",-,주당 현금배당금(원),2016-12-31,-,-,api,alotMatter,"{""bsns_year"": ""2016"", ""corp_code"": ""00878915"", ""reprt_code"": ""11011""}",20170331003962,api_row,2026-08-31T15:39:25+09:00,000,run_20260831_152517_0371,raw/alotMatter/00878915_2016_11011.json,62b73788e1350efd8ddbbb65b48b6fd39cf7a1b1144809d231034a5a73ca689d,10
,,,00878915,iM금융지주,2016,11011,사업보고서,IFRS4,Y,-,"보고서 사업연도 >= 2023 이면 IFRS17, 아니면 IFRS4",-,주당 주식배당(주),2016-12-31,보통주,-,api,alotMatter,"{""bsns_year"": ""2016"", ""corp_code"": ""00878915"", ""reprt_code"": ""11011""}",20170331003962,api_row,2026-08-31T15:39:25+09:00,000,run_20260831_152517_0371,raw/alotMatter/00878915_2016_11011.json,62b73788e1350efd8ddbbb65b48b6fd39cf7a1b1144809d231034a5a73ca689d,10
,,,00878915,iM금융지주,2016,11011,사업보고서,IFRS4,Y,-,"보고서 사업연도 >= 2023 이면 IFRS17, 아니면 IFRS4",-,주당 주식배당(주),2016-12-31,-,-,api,alotMatter,"{""bsns_year"": ""2016"", ""corp_code"": ""00878915"", ""reprt_code"": ""11011""}",20170331003962,api_row,2026-08-31T15:39:25+09:00,000,run_20260831_152517_0371,raw/alotMatter/00878915_2016_11011.json,62b73788e1350efd8ddbbb65b48b6fd39cf7a1b1144809d231034a5a73ca689d,10
,,,00113058,한화생명,2017,11011,사업보고서,IFRS4,Y,"5,000","보고서 사업연도 >= 2023 이면 IFRS17, 아니면 IFRS4","5,000",주당액면가액(원),2017-12-31,-,"5,000",api,alotMatter,"{""bsns_year"": ""2017"", ""corp_code"": ""00113058"", ""reprt_code"": ""11011""}",20180402005271,api_row,2026-08-31T15:46:28+09:00,000,run_20260831_152517_0578,raw/alotMatter/00113058_2017_11011.json,f31e2391a9fdd1b948f9ac2808a478b119382f3919db4af7f5a95a6c317ec590,10
,,,00113058,한화생명,2017,11011,사업보고서,IFRS4,Y,"795,341","보고서 사업연도 >= 2023 이면 IFRS17, 아니면 IFRS4","530,092",(연결)당기순이익(백만원),2017-12-31,-,"584,940",api,alotMatter,"{""bsns_year"": ""2017"", ""corp_code"": ""00113058"", ""reprt_code"": ""11011""}",20180402005271,api_row,2026-08-31T15:46:28+09:00,000,run_20260831_152517_0578,raw/alotMatter/00113058_2017_11011.json,f31e2391a9fdd1b948f9ac2808a478b119382f3919db4af7f5a95a6c317ec590,10
,,,00113058,한화생명,2017,11011,사업보고서,IFRS4,Y,"315,121","보고서 사업연도 >= 2023 이면 IFRS17, 아니면 IFRS4","500,309",(별도)당기순이익(백만원),2017-12-31,-,"525,472",api,alotMatter,"{""bsns_year"": ""2017"", ""corp_code"": ""00113058"", ""reprt_code"": ""11011""}",20180402005271,api_row,2026-08-31T15:46:28+09:00,000,run_20260831_152517_0578,raw/alotMatter/00113058_2017_11011.json,f31e2391a9fdd1b948f9ac2808a478b119382f3919db4af7f5a95a6c317ec590,10
,,,00113058,한화생명,2017,11011,사업보고서,IFRS4,Y,"1,058","보고서 사업연도 >= 2023 이면 IFRS17, 아니면 IFRS4",658,(연결)주당순이익(원),2017-12-31,-,757,api,alotMatter,"{""bsns_year"": ""2017"", ""corp_code"": ""00113058"", ""reprt_code"": ""11011""}",20180402005271,api_row,2026-08-31T15:46:28+09:00,000,run_20260831_152517_0578,raw/alotMatter/00113058_2017_11011.json,f31e2391a9fdd1b948f9ac2808a478b119382f3919db4af7f5a95a6c317ec590,10
,,,00113058,한화생명,2017,11011,사업보고서,IFRS4,Y,"60,111","보고서 사업연도 >= 2023 이면 IFRS17, 아니면 IFRS4","135,250",현금배당금총액(백만원),2017-12-31,-,"105,195",api,alotMatter,"{""bsns_year"": ""2017"", ""corp_code"": ""00113058"", ""reprt_code"": ""11011""}",20180402005271,api_row,2026-08-31T15:46:28+09:00,000,run_20260831_152517_0578,raw/alotMatter/00113058_2017_11011.json,f31e2391a9fdd1b948f9ac2808a478b119382f3919db4af7f5a95a6c317ec590,10
,,,00113058,한화생명,2017,11011,사업보고서,IFRS4,Y,-,"보고서 사업연도 >= 2023 이면 IFRS17, 아니면 IFRS4",-,주식배당금총액(백만원),2017-12-31,-,-,api,alotMatter,"{""bsns_year"": ""2017"", ""corp_code"": ""00113058"", ""reprt_code"": ""11011""}",20180402005271,api_row,2026-08-31T15:46:28+09:00,000,run_20260831_152517_0578,raw/alotMatter/00113058_2017_11011.json,f31e2391a9fdd1b948f9ac2808a478b119382f3919db4af7f5a95a6c317ec590,10
,,,00113058,한화생명,2017,11011,사업보고서,IFRS4,Y,7.60,"보고서 사업연도 >= 2023 이면 IFRS17, 아니면 IFRS4",25.50,(연결)현금배당성향(%),2017-12-31,-,18.00,api,alotMatter,"{""bsns_year"": ""2017"", ""corp_code"": ""00113058"", ""reprt_code"": ""11011""}",20180402005271,api_row,2026-08-31T15:46:28+09:00,000,run_20260831_152517_0578,raw/alotMatter/00113058_2017_11011.json,f31e2391a9fdd1b948f9ac2808a478b119382f3919db4af7f5a95a6c317ec590,10
,,,00113058,한화생명,2017,11011,사업보고서,IFRS4,Y,1.20,"보고서 사업연도 >= 2023 이면 IFRS17, 아니면 IFRS4",2.30,현금배당수익률(%),2017-12-31,보통주,2.00,api,alotMatter,"{""bsns_year"": ""2017"", ""corp_code"": ""00113058"", ""reprt_code"": ""11011""}",20180402005271,api_row,2026-08-31T15:46:28+09:00,000,run_20260831_152517_0578,raw/alotMatter/00113058_2017_11011.json,f31e2391a9fdd1b948f9ac2808a478b119382f3919db4af7f5a95a6c317ec590,10
,,,00113058,한화생명,2017,11011,사업보고서,IFRS4,Y,-,"보고서 사업연도 >= 2023 이면 IFRS17, 아니면 IFRS4",-,현금배당수익률(%),2017-12-31,우선주,-,api,alotMatter,"{""bsns_year"": ""2017"", ""corp_code"": ""00113058"", ""reprt_code"": ""11011""}",20180402005271,api_row,2026-08-31T15:46:28+09:00,000,run_20260831_152517_0578,raw/alotMatter/00113058_2017_11011.json,f31e2391a9fdd1b948f9ac2808a478b119382f3919db4af7f5a95a6c317ec590,10
,,,00113058,한화생명,2017,11011,사업보고서,IFRS4,Y,-,"보고서 사업연도 >= 2023 이면 IFRS17, 아니면 IFRS4",-,주식배당수익률(%),2017-12-31,보통주,-,api,alotMatter,"{""bsns_year"": ""2017"", ""corp_code"": ""00113058"", ""reprt_code"": ""11011""}",20180402005271,api_row,2026-08-31T15:46:28+09:00,000,run_20260831_152517_0578,raw/alotMatter/00113058_2017_11011.json,f31e2391a9fdd1b948f9ac2808a478b119382f3919db4af7f5a95a6c317ec590,10
,,,00113058,한화생명,2017,11011,사업보고서,IFRS4,Y,-,"보고서 사업연도 >= 2023 이면 IFRS17, 아니면 IFRS4",-,주식배당수익률(%),2017-12-31,우선주,-,api,alotMatter,"{""bsns_year"": ""2017"", ""corp_code"": ""00113058"", ""reprt_code"": ""11011""}",20180402005271,api_row,2026-08-31T15:46:28+09:00,000,run_20260831_152517_0578,raw/alotMatter/00113058_2017_11011.json,f31e2391a9fdd1b948f9ac2808a478b119382f3919db4af7f5a95a6c317ec590,10
,,,00113058,한화생명,2017,11011,사업보고서,IFRS4,Y,80,"보고서 사업연도 >= 2023 이면 IFRS17, 아니면 IFRS4",180,주당 현금배당금(원),2017-12-31,보통주,140,api,alotMatter,"{""bsns_year"": ""2017"", ""corp_code"": ""00113058"", ""reprt_code"": ""11011""}",20180402005271,api_row,2026-08-31T15:46:28+09:00,000,run_20260831_152517_0578,raw/alotMatter/00113058_2017_11011.json,f31e2391a9fdd1b948f9ac2808a478b119382f3919db4af7f5a95a6c317ec590,10
,,,00113058,한화생명,2017,11011,사업보고서,IFRS4,Y,-,"보고서 사업연도 >= 2023 이면 IFRS17, 아니면 IFRS4",-,주당 현금배당금(원),2017-12-31,우선주,-,api,alotMatter,"{""bsns_year"": ""2017"", ""corp_code"": ""00113058"", ""reprt_code"": ""11011""}",20180402005271,api_row,2026-08-31T15:46:28+09:00,000,run_20260831_152517_0578,raw/alotMatter/00113058_2017_11011.json,f31e2391a9fdd1b948f9ac2808a478b119382f3919db4af7f5a95a6c317ec590,10
,,,00113058,한화생명,2017,11011,사업보고서,IFRS4,Y,-,"보고서 사업연도 >= 2023 이면 IFRS17, 아니면 IFRS4",-,주당 주식배당(주),2017-12-31,보통주,-,api,alotMatter,"{""bsns_year"": ""2017"", ""corp_code"": ""00113058"", ""reprt_code"": ""11011""}",20180402005271,api_row,2026-08-31T15:46:28+09:00,000,run_20260831_152517_0578,raw/alotMatter/00113058_2017_11011.json,f31e2391a9fdd1b948f9ac2808a478b119382f3919db4af7f5a95a6c317ec590,10
,,,00113058,한화생명,2017,11011,사업보고서,IFRS4,Y,-,"보고서 사업연도 >= 2023 이면 IFRS17, 아니면 IFRS4",-,주당 주식배당(주),2017-12-31,우선주,-,api,alotMatter,"{""bsns_year"": ""2017"", ""corp_code"": ""00113058"", ""reprt_code"": ""11011""}",20180402005271,api_row,2026-08-31T15:46:28+09:00,000,run_20260831_152517_0578,raw/alotMatter/00113058_2017_11011.json,f31e2391a9fdd1b948f9ac2808a478b119382f3919db4af7f5a95a6c317ec590,10
,,,00176792,오렌지라이프생명보험,2017,11011,사업보고서,IFRS4,E,"1,000","보고서 사업연도 >= 2023 이면 IFRS17, 아니면 IFRS4","1,000",주당액면가액(원),2017-12-31,-,"1,000",api,alotMatter,"{""bsns_year"": ""2017"", ""corp_code"": ""00176792"", ""reprt_code"": ""11011""}",20180330001804,api_row,2026-08-31T16:10:09+09:00,000,run_20260831_152517_1243,raw/alotMatter/00176792_2017_11011.json,1e0f32a648c86fcec9bb5fc73df1193542a4988be44a37820a350ca8df953034,10
,,,00176792,오렌지라이프생명보험,2017,11011,사업보고서,IFRS4,E,"240,741","보고서 사업연도 >= 2023 이면 IFRS17, 아니면 IFRS4","304,794",(연결)당기순이익(백만원),2017-12-31,-,"340,236",api,alotMatter,"{""bsns_year"": ""2017"", ""corp_code"": ""00176792"", ""reprt_code"": ""11011""}",20180330001804,api_row,2026-08-31T16:10:09+09:00,000,run_20260831_152517_1243,raw/alotMatter/00176792_2017_11011.json,1e0f32a648c86fcec9bb5fc73df1193542a4988be44a37820a350ca8df953034,10
,,,00176792,오렌지라이프생명보험,2017,11011,사업보고서,IFRS4,E,-,"보고서 사업연도 >= 2023 이면 IFRS17, 아니면 IFRS4",-,(별도)당기순이익(백만원),2017-12-31,-,-,api,alotMatter,"{""bsns_year"": ""2017"", ""corp_code"": ""00176792"", ""reprt_code"": ""11011""}",20180330001804,api_row,2026-08-31T16:10:09+09:00,000,run_20260831_152517_1243,raw/alotMatter/00176792_2017_11011.json,1e0f32a648c86fcec9bb5fc73df1193542a4988be44a37820a350ca8df953034,10
,,,00176792,오렌지라이프생명보험,2017,11011,사업보고서,IFRS4,E,"2,936","보고서 사업연도 >= 2023 이면 IFRS17, 아니면 IFRS4","3,717",(연결)주당순이익(원),2017-12-31,-,"4,149",api,alotMatter,"{""bsns_year"": ""2017"", ""corp_code"": ""00176792"", ""reprt_code"": ""11011""}",20180330001804,api_row,2026-08-31T16:10:09+09:00,000,run_20260831_152517_1243,raw/alotMatter/00176792_2017_11011.json,1e0f32a648c86fcec9bb5fc73df1193542a4988be44a37820a350ca8df953034,10
,,,00176792,오렌지라이프생명보험,2017,11011,사업보고서,IFRS4,E,"167,034","보고서 사업연도 >= 2023 이면 IFRS17, 아니면 IFRS4","182,500",현금배당금총액(백만원),2017-12-31,-,"196,800",api,alotMatter,"{""bsns_year"": ""2017"", ""corp_code"": ""00176792"", ""reprt_code"": ""11011""}",20180330001804,api_row,2026-08-31T16:10:09+09:00,000,run_20260831_152517_1243,raw/alotMatter/00176792_2017_11011.json,1e0f32a648c86fcec9bb5fc73df1193542a4988be44a37820a350ca8df953034,10
,,,00176792,오렌지라이프생명보험,2017,11011,사업보고서,IFRS4,E,-,"보고서 사업연도 >= 2023 이면 IFRS17, 아니면 IFRS4",-,주식배당금총액(백만원),2017-12-31,-,-,api,alotMatter,"{""bsns_year"": ""2017"", ""corp_code"": ""00176792"", ""reprt_code"": ""11011""}",20180330001804,api_row,2026-08-31T16:10:09+09:00,000,run_20260831_152517_1243,raw/alotMatter/00176792_2017_11011.json,1e0f32a648c86fcec9bb5fc73df1193542a4988be44a37820a350ca8df953034,10
,,,00176792,오렌지라이프생명보험,2017,11011,사업보고서,IFRS4,E,69.38,"보고서 사업연도 >= 2023 이면 IFRS17, 아니면 IFRS4",59.88,(연결)현금배당성향(%),2017-12-31,-,57.84,api,alotMatter,"{""bsns_year"": ""2017"", ""corp_code"": ""00176792"", ""reprt_code"": ""11011""}",20180330001804,api_row,2026-08-31T16:10:09+09:00,000,run_20260831_152517_1243,raw/alotMatter/00176792_2017_11011.json,1e0f32a648c86fcec9bb5fc73df1193542a4988be44a37820a350ca8df953034,10
,,,00176792,오렌지라이프생명보험,2017,11011,사업보고서,IFRS4,E,-,"보고서 사업연도 >= 2023 이면 IFRS17, 아니면 IFRS4",-,현금배당수익률(%),2017-12-31,보통주,4.42,api,alotMatter,"{""bsns_year"": ""2017"", ""corp_code"": ""00176792"", ""reprt_code"": ""11011""}",20180330001804,api_row,2026-08-31T16:10:09+09:00,000,run_20260831_152517_1243,raw/alotMatter/00176792_2017_11011.json,1e0f32a648c86fcec9bb5fc73df1193542a4988be44a37820a350ca8df953034,10
,,,00176792,오렌지라이프생명보험,2017,11011,사업보고서,IFRS4,E,-,"보고서 사업연도 >= 2023 이면 IFRS17, 아니면 IFRS4",-,현금배당수익률(%),2017-12-31,-,-,api,alotMatter,"{""bsns_year"": ""2017"", ""corp_code"": ""00176792"", ""reprt_code"": ""11011""}",20180330001804,api_row,2026-08-31T16:10:09+09:00,000,run_20260831_152517_1243,raw/alotMatter/00176792_2017_11011.json,1e0f32a648c86fcec9bb5fc73df1193542a4988be44a37820a350ca8df953034,10
,,,00176792,오렌지라이프생명보험,2017,11011,사업보고서,IFRS4,E,-,"보고서 사업연도 >= 2023 이면 IFRS17, 아니면 IFRS4",-,주식배당수익률(%),2017-12-31,보통주,-,api,alotMatter,"{""bsns_year"": ""2017"", ""corp_code"": ""00176792"", ""reprt_code"": ""11011""}",20180330001804,api_row,2026-08-31T16:10:09+09:00,000,run_20260831_152517_1243,raw/alotMatter/00176792_2017_11011.json,1e0f32a648c86fcec9bb5fc73df1193542a4988be44a37820a350ca8df953034,10
,,,00176792,오렌지라이프생명보험,2017,11011,사업보고서,IFRS4,E,-,"보고서 사업연도 >= 2023 이면 IFRS17, 아니면 IFRS4",-,주식배당수익률(%),2017-12-31,-,-,api,alotMatter,"{""bsns_year"": ""2017"", ""corp_code"": ""00176792"", ""reprt_code"": ""11011""}",20180330001804,api_row,2026-08-31T16:10:09+09:00,000,run_20260831_152517_1243,raw/alotMatter/00176792_2017_11011.json,1e0f32a648c86fcec9bb5fc73df1193542a4988be44a37820a350ca8df953034,10
,,,00176792,오렌지라이프생명보험,2017,11011,사업보고서,IFRS4,E,"2,037","보고서 사업연도 >= 2023 이면 IFRS17, 아니면 IFRS4","2,226",주당 현금배당금(원),2017-12-31,보통주,"2,400",api,alotMatter,"{""bsns_year"": ""2017"", ""corp_code"": ""00176792"", ""reprt_code"": ""11011""}",20180330001804,api_row,2026-08-31T16:10:09+09:00,000,run_20260831_152517_1243,raw/alotMatter/00176792_2017_11011.json,1e0f32a648c86fcec9bb5fc73df1193542a4988be44a37820a350ca8df953034,10
,,,00176792,오렌지라이프생명보험,2017,11011,사업보고서,IFRS4,E,-,"보고서 사업연도 >= 2023 이면 IFRS17, 아니면 IFRS4",-,주당 현금배당금(원),2017-12-31,-,-,api,alotMatter,"{""bsns_year"": ""2017"", ""corp_code"": ""00176792"", ""reprt_code"": ""11011""}",20180330001804,api_row,2026-08-31T16:10:09+09:00,000,run_20260831_152517_1243,raw/alotMatter/00176792_2017_11011.json,1e0f32a648c86fcec9bb5fc73df1193542a4988be44a37820a350ca8df953034,10
,,,00176792,오렌지라이프생명보험,2017,11011,사업보고서,IFRS4,E,-,"보고서 사업연도 >= 2023 이면 IFRS17, 아니면 IFRS4",-,주당 주식배당(주),2017-12-31,보통주,-,api,alotMatter,"{""bsns_year"": ""2017"", ""corp_code"": ""00176792"", ""reprt_code"": ""11011""}",20180330001804,api_row,2026-08-31T16:10:09+09:00,000,run_20260831_152517_1243,raw/alotMatter/00176792_2017_11011.json,1e0f32a648c86fcec9bb5fc73df1193542a4988be44a37820a350ca8df953034,10
,,,00176792,오렌지라이프생명보험,2017,11011,사업보고서,IFRS4,E,-,"보고서 사업연도 >= 2023 이면 IFRS17, 아니면 IFRS4",-,주당 주식배당(주),2017-12-31,-,-,api,alotMatter,"{""bsns_year"": ""2017"", ""corp_code"": ""00176792"", ""reprt_code"": ""11011""}",20180330001804,api_row,2026-08-31T16:10:09+09:00,000,run_20260831_152517_1243,raw/alotMatter/00176792_2017_11011.json,1e0f32a648c86fcec9bb5fc73df1193542a4988be44a37820a350ca8df953034,10
,,,00382199,신한지주,2017,11011,사업보고서,IFRS4,Y,"5,000","보고서 사업연도 >= 2023 이면 IFRS17, 아니면 IFRS4","5,000",주당액면가액(원),2017-12-31,-,"5,000",api,alotMatter,"{""bsns_year"": ""2017"", ""corp_code"": ""00382199"", ""reprt_code"": ""11011""}",20190705000433,api_row,2026-08-31T15:31:50+09:00,000,run_20260831_152517_0156,raw/alotMatter/00382199_2017_11011.json,e8ea74099c83c06379108526e1ee85bb6a8df401fc7de5f50ec8c18ea80eb66c,10
,,,00382199,신한지주,2017,11011,사업보고서,IFRS4,Y,"2,774,778","보고서 사업연도 >= 2023 이면 IFRS17, 아니면 IFRS4","2,367,171",(연결)당기순이익(백만원),2017-12-31,-,"2,917,735",api,alotMatter,"{""bsns_year"": ""2017"", ""corp_code"": ""00382199"", ""reprt_code"": ""11011""}",20190705000433,api_row,2026-08-31T15:31:50+09:00,000,run_20260831_152517_0156,raw/alotMatter/00382199_2017_11011.json,e8ea74099c83c06379108526e1ee85bb6a8df401fc7de5f50ec8c18ea80eb66c,10
,,,00382199,신한지주,2017,11011,사업보고서,IFRS4,Y,"1,470,250","보고서 사업연도 >= 2023 이면 IFRS17, 아니면 IFRS4","893,041",(별도)당기순이익(백만원),2017-12-31,-,"754,727",api,alotMatter,"{""bsns_year"": ""2017"", ""corp_code"": ""00382199"", ""reprt_code"": ""11011""}",20190705000433,api_row,2026-08-31T15:31:50+09:00,000,run_20260831_152517_0156,raw/alotMatter/00382199_2017_11011.json,e8ea74099c83c06379108526e1ee85bb6a8df401fc7de5f50ec8c18ea80eb66c,10
,,,00382199,신한지주,2017,11011,사업보고서,IFRS4,Y,"5,736","보고서 사업연도 >= 2023 이면 IFRS17, 아니면 IFRS4","4,789",(연결)주당순이익(원),2017-12-31,-,"6,116",api,alotMatter,"{""bsns_year"": ""2017"", ""corp_code"": ""00382199"", ""reprt_code"": ""11011""}",20190705000433,api_row,2026-08-31T15:31:50+09:00,000,run_20260831_152517_0156,raw/alotMatter/00382199_2017_11011.json,e8ea74099c83c06379108526e1ee85bb6a8df401fc7de5f50ec8c18ea80eb66c,10
,,,00382199,신한지주,2017,11011,사업보고서,IFRS4,Y,"687,589","보고서 사업연도 >= 2023 이면 IFRS17, 아니면 IFRS4","630,978",현금배당금총액(백만원),2017-12-31,-,"687,589",api,alotMatter,"{""bsns_year"": ""2017"", ""corp_code"": ""00382199"", ""reprt_code"": ""11011""}",20190705000433,api_row,2026-08-31T15:31:50+09:00,000,run_20260831_152517_0156,raw/alotMatter/00382199_2017_11011.json,e8ea74099c83c06379108526e1ee85bb6a8df401fc7de5f50ec8c18ea80eb66c,10
,,,00382199,신한지주,2017,11011,사업보고서,IFRS4,Y,-,"보고서 사업연도 >= 2023 이면 IFRS17, 아니면 IFRS4",-,주식배당금총액(백만원),2017-12-31,-,-,api,alotMatter,"{""bsns_year"": ""2017"", ""corp_code"": ""00382199"", ""reprt_code"": ""11011""}",20190705000433,api_row,2026-08-31T15:31:50+09:00,000,run_20260831_152517_0156,raw/alotMatter/00382199_2017_11011.json,e8ea74099c83c06379108526e1ee85bb6a8df401fc7de5f50ec8c18ea80eb66c,10
,,,00382199,신한지주,2017,11011,사업보고서,IFRS4,Y,24.78,"보고서 사업연도 >= 2023 이면 IFRS17, 아니면 IFRS4",26.66,(연결)현금배당성향(%),2017-12-31,-,23.57,api,alotMatter,"{""bsns_year"": ""2017"", ""corp_code"": ""00382199"", ""reprt_code"": ""11011""}",20190705000433,api_row,2026-08-31T15:31:50+09:00,000,run_20260831_152517_0156,raw/alotMatter/00382199_2017_11011.json,e8ea74099c83c06379108526e1ee85bb6a8df401fc7de5f50ec8c18ea80eb66c,10
,,,00382199,신한지주,2017,11011,사업보고서,IFRS4,Y,3.06,"보고서 사업연도 >= 2023 이면 IFRS17, 아니면 IFRS4",2.95,현금배당수익률(%),2017-12-31,보통주,2.85,api,alotMatter,"{""bsns_year"": ""2017"", ""corp_code"": ""00382199"", ""reprt_code"": ""11011""}",20190705000433,api_row,2026-08-31T15:31:50+09:00,000,run_20260831_152517_0156,raw/alotMatter/00382199_2017_11011.json,e8ea74099c83c06379108526e1ee85bb6a8df401fc7de5f50ec8c18ea80eb66c,10
,,,00382199,신한지주,2017,11011,사업보고서,IFRS4,Y,-,"보고서 사업연도 >= 2023 이면 IFRS17, 아니면 IFRS4",-,현금배당수익률(%),2017-12-31,우선주,-,api,alotMatter,"{""bsns_year"": ""2017"", ""corp_code"": ""00382199"", ""reprt_code"": ""11011""}",20190705000433,api_row,2026-08-31T15:31:50+09:00,000,run_20260831_152517_0156,raw/alotMatter/00382199_2017_11011.json,e8ea74099c83c06379108526e1ee85bb6a8df401fc7de5f50ec8c18ea80eb66c,10
,,,00382199,신한지주,2017,11011,사업보고서,IFRS4,Y,-,"보고서 사업연도 >= 2023 이면 IFRS17, 아니면 IFRS4",-,주식배당수익률(%),2017-12-31,보통주,-,api,alotMatter,"{""bsns_year"": ""2017"", ""corp_code"": ""00382199"", ""reprt_code"": ""11011""}",20190705000433,api_row,2026-08-31T15:31:50+09:00,000,run_20260831_152517_0156,raw/alotMatter/00382199_2017_11011.json,e8ea74099c83c06379108526e1ee85bb6a8df401fc7de5f50ec8c18ea80eb66c,10
,,,00382199,신한지주,2017,11011,사업보고서,IFRS4,Y,-,"보고서 사업연도 >= 2023 이면 IFRS17, 아니면 IFRS4",-,주식배당수익률(%),2017-12-31,우선주,-,api,alotMatter,"{""bsns_year"": ""2017"", ""corp_code"": ""00382199"", ""reprt_code"": ""11011""}",20190705000433,api_row,2026-08-31T15:31:50+09:00,000,run_20260831_152517_0156,raw/alotMatter/00382199_2017_11011.json,e8ea74099c83c06379108526e1ee85bb6a8df401fc7de5f50ec8c18ea80eb66c,10
,,,00382199,신한지주,2017,11011,사업보고서,IFRS4,Y,"1,450","보고서 사업연도 >= 2023 이면 IFRS17, 아니면 IFRS4","1,200",주당 현금배당금(원),2017-12-31,보통주,"1,450",api,alotMatter,"{""bsns_year"": ""2017"", ""corp_code"": ""00382199"", ""reprt_code"": ""11011""}",20190705000433,api_row,2026-08-31T15:31:50+09:00,000,run_20260831_152517_0156,raw/alotMatter/00382199_2017_11011.json,e8ea74099c83c06379108526e1ee85bb6a8df401fc7de5f50ec8c18ea80eb66c,10
,,,00382199,신한지주,2017,11011,사업보고서,IFRS4,Y,-,"보고서 사업연도 >= 2023 이면 IFRS17, 아니면 IFRS4","5,580",주당 현금배당금(원),2017-12-31,우선주,-,api,alotMatter,"{""bsns_year"": ""2017"", ""corp_code"": ""00382199"", ""reprt_code"": ""11011""}",20190705000433,api_row,2026-08-31T15:31:50+09:00,000,run_20260831_152517_0156,raw/alotMatter/00382199_2017_11011.json,e8ea74099c83c06379108526e1ee85bb6a8df401fc7de5f50ec8c18ea80eb66c,10
,,,00382199,신한지주,2017,11011,사업보고서,IFRS4,Y,-,"보고서 사업연도 >= 2023 이면 IFRS17, 아니면 IFRS4",-,주당 주식배당(주),2017-12-31,보통주,-,api,alotMatter,"{""bsns_year"": ""2017"", ""corp_code"": ""00382199"", ""reprt_code"": ""11011""}",20190705000433,api_row,2026-08-31T15:31:50+09:00,000,run_20260831_152517_0156,raw/alotMatter/00382199_2017_11011.json,e8ea74099c83c06379108526e1ee85bb6a8df401fc7de5f50ec8c18ea80eb66c,10
,,,00382199,신한지주,2017,11011,사업보고서,IFRS4,Y,-,"보고서 사업연도 >= 2023 이면 IFRS17, 아니면 IFRS4",-,주당 주식배당(주),2017-12-31,우선주,-,api,alotMatter,"{""bsns_year"": ""2017"", ""corp_code"": ""00382199"", ""reprt_code"": ""11011""}",20190705000433,api_row,2026-08-31T15:31:50+09:00,000,run_20260831_152517_0156,raw/alotMatter/00382199_2017_11011.json,e8ea74099c83c06379108526e1ee85bb6a8df401fc7de5f50ec8c18ea80eb66c,10
,,,00688996,KB금융,2017,11011,사업보고서,IFRS4,Y,"5,000","보고서 사업연도 >= 2023 이면 IFRS17, 아니면 IFRS4","5,000",주당액면가액(원),2017-12-31,-,"5,000",api,alotMatter,"{""bsns_year"": ""2017"", ""corp_code"": ""00688996"", ""reprt_code"": ""11011""}",20210427000354,api_row,2026-08-31T15:35:51+09:00,000,run_20260831_152517_0265,raw/alotMatter/00688996_2017_11011.json,e148e50db222a87db36d1d880454f78488998aa782b497189dab9fc16521fff4,10
,,,00688996,KB금융,2017,11011,사업보고서,IFRS4,Y,"2,143,744","보고서 사업연도 >= 2023 이면 IFRS17, 아니면 IFRS4","1,698,318",(연결)당기순이익(백만원),2017-12-31,-,"3,311,438",api,alotMatter,"{""bsns_year"": ""2017"", ""corp_code"": ""00688996"", ""reprt_code"": ""11011""}",20210427000354,api_row,2026-08-31T15:35:51+09:00,000,run_20260831_152517_0265,raw/alotMatter/00688996_2017_11011.json,e148e50db222a87db36d1d880454f78488998aa782b497189dab9fc16521fff4,10
,,,00688996,KB금융,2017,11011,사업보고서,IFRS4,Y,"590,132","보고서 사업연도 >= 2023 이면 IFRS17, 아니면 IFRS4","243,425",(별도)당기순이익(백만원),2017-12-31,-,"553,425",api,alotMatter,"{""bsns_year"": ""2017"", ""corp_code"": ""00688996"", ""reprt_code"": ""11011""}",20210427000354,api_row,2026-08-31T15:35:51+09:00,000,run_20260831_152517_0265,raw/alotMatter/00688996_2017_11011.json,e148e50db222a87db36d1d880454f78488998aa782b497189dab9fc16521fff4,10
,,,00688996,KB금융,2017,11011,사업보고서,IFRS4,Y,"5,588","보고서 사업연도 >= 2023 이면 IFRS17, 아니면 IFRS4","4,396",(연결)주당순이익(원),2017-12-31,-,"8,305",api,alotMatter,"{""bsns_year"": ""2017"", ""corp_code"": ""00688996"", ""reprt_code"": ""11011""}",20210427000354,api_row,2026-08-31T15:35:51+09:00,000,run_20260831_152517_0265,raw/alotMatter/00688996_2017_11011.json,e148e50db222a87db36d1d880454f78488998aa782b497189dab9fc16521fff4,10
,,,00688996,KB금융,2017,11011,사업보고서,IFRS4,Y,"497,969","보고서 사업연도 >= 2023 이면 IFRS17, 아니면 IFRS4","378,625",현금배당금총액(백만원),2017-12-31,-,"766,728",api,alotMatter,"{""bsns_year"": ""2017"", ""corp_code"": ""00688996"", ""reprt_code"": ""11011""}",20210427000354,api_row,2026-08-31T15:35:51+09:00,000,run_20260831_152517_0265,raw/alotMatter/00688996_2017_11011.json,e148e50db222a87db36d1d880454f78488998aa782b497189dab9fc16521fff4,10
,,,00688996,KB금융,2017,11011,사업보고서,IFRS4,Y,-,"보고서 사업연도 >= 2023 이면 IFRS17, 아니면 IFRS4",-,주식배당금총액(백만원),2017-12-31,-,-,api,alotMatter,"{""bsns_year"": ""2017"", ""corp_code"": ""00688996"", ""reprt_code"": ""11011""}",20210427000354,api_row,2026-08-31T15:35:51+09:00,000,run_20260831_152517_0265,raw/alotMatter/00688996_2017_11011.json,e148e50db222a87db36d1d880454f78488998aa782b497189dab9fc16521fff4,10
,,,00688996,KB금융,2017,11011,사업보고서,IFRS4,Y,23.20,"보고서 사업연도 >= 2023 이면 IFRS17, 아니면 IFRS4",22.30,(연결)현금배당성향(%),2017-12-31,-,23.20,api,alotMatter,"{""bsns_year"": ""2017"", ""corp_code"": ""00688996"", ""reprt_code"": ""11011""}",20210427000354,api_row,2026-08-31T15:35:51+09:00,000,run_20260831_152517_0265,raw/alotMatter/00688996_2017_11011.json,e148e50db222a87db36d1d880454f78488998aa782b497189dab9fc16521fff4,10
,,,00688996,KB금융,2017,11011,사업보고서,IFRS4,Y,2.90,"보고서 사업연도 >= 2023 이면 IFRS17, 아니면 IFRS4",2.90,현금배당수익률(%),2017-12-31,보통주,3.10,api,alotMatter,"{""bsns_year"": ""2017"", ""corp_code"": ""00688996"", ""reprt_code"": ""11011""}",20210427000354,api_row,2026-08-31T15:35:51+09:00,000,run_20260831_152517_0265,raw/alotMatter/00688996_2017_11011.json,e148e50db222a87db36d1d880454f78488998aa782b497189dab9fc16521fff4,10
,,,00688996,KB금융,2017,11011,사업보고서,IFRS4,Y,-,"보고서 사업연도 >= 2023 이면 IFRS17, 아니면 IFRS4",-,현금배당수익률(%),2017-12-31,-,-,api,alotMatter,"{""bsns_year"": ""2017"", ""corp_code"": ""00688996"", ""reprt_code"": ""11011""}",20210427000354,api_row,2026-08-31T15:35:51+09:00,000,run_20260831_152517_0265,raw/alotMatter/00688996_2017_11011.json,e148e50db222a87db36d1d880454f78488998aa782b497189dab9fc16521fff4,10
,,,00688996,KB금융,2017,11011,사업보고서,IFRS4,Y,-,"보고서 사업연도 >= 2023 이면 IFRS17, 아니면 IFRS4",-,주식배당수익률(%),2017-12-31,-,-,api,alotMatter,"{""bsns_year"": ""2017"", ""corp_code"": ""00688996"", ""reprt_code"": ""11011""}",20210427000354,api_row,2026-08-31T15:35:51+09:00,000,run_20260831_152517_0265,raw/alotMatter/00688996_2017_11011.json,e148e50db222a87db36d1d880454f78488998aa782b497189dab9fc16521fff4,10
,,,00688996,KB금융,2017,11011,사업보고서,IFRS4,Y,-,"보고서 사업연도 >= 2023 이면 IFRS17, 아니면 IFRS4",-,주식배당수익률(%),2017-12-31,-,-,api,alotMatter,"{""bsns_year"": ""2017"", ""corp_code"": ""00688996"", ""reprt_code"": ""11011""}",20210427000354,api_row,2026-08-31T15:35:51+09:00,000,run_20260831_152517_0265,raw/alotMatter/00688996_2017_11011.json,e148e50db222a87db36d1d880454f78488998aa782b497189dab9fc16521fff4,10
,,,00688996,KB금융,2017,11011,사업보고서,IFRS4,Y,"1,250","보고서 사업연도 >= 2023 이면 IFRS17, 아니면 IFRS4",980,주당 현금배당금(원),2017-12-31,보통주,"1,920",api,alotMatter,"{""bsns_year"": ""2017"", ""corp_code"": ""00688996"", ""reprt_code"": ""11011""}",20210427000354,api_row,2026-08-31T15:35:51+09:00,000,run_20260831_152517_0265,raw/alotMatter/00688996_2017_11011.json,e148e50db222a87db36d1d880454f78488998aa782b497189dab9fc16521fff4,10
,,,00688996,KB금융,2017,11011,사업보고서,IFRS4,Y,-,"보고서 사업연도 >= 2023 이면 IFRS17, 아니면 IFRS4",-,주당 현금배당금(원),2017-12-31,-,-,api,alotMatter,"{""bsns_year"": ""2017"", ""corp_code"": ""00688996"", ""reprt_code"": ""11011""}",20210427000354,api_row,2026-08-31T15:35:51+09:00,000,run_20260831_152517_0265,raw/alotMatter/00688996_2017_11011.json,e148e50db222a87db36d1d880454f78488998aa782b497189dab9fc16521fff4,10
,,,00688996,KB금융,2017,11011,사업보고서,IFRS4,Y,-,"보고서 사업연도 >= 2023 이면 IFRS17, 아니면 IFRS4",-,주당 주식배당(주),2017-12-31,-,-,api,alotMatter,"{""bsns_year"": ""2017"", ""corp_code"": ""00688996"", ""reprt_code"": ""11011""}",20210427000354,api_row,2026-08-31T15:35:51+09:00,000,run_20260831_152517_0265,raw/alotMatter/00688996_2017_11011.json,e148e50db222a87db36d1d880454f78488998aa782b497189dab9fc16521fff4,10
,,,00688996,KB금융,2017,11011,사업보고서,IFRS4,Y,-,"보고서 사업연도 >= 2023 이면 IFRS17, 아니면 IFRS4",-,주당 주식배당(주),2017-12-31,-,-,api,alotMatter,"{""bsns_year"": ""2017"", ""corp_code"": ""00688996"", ""reprt_code"": ""11011""}",20210427000354,api_row,2026-08-31T15:35:51+09:00,000,run_20260831_152517_0265,raw/alotMatter/00688996_2017_11011.json,e148e50db222a87db36d1d880454f78488998aa782b497189dab9fc16521fff4,10
,,,00878915,iM금융지주,2017,11011,사업보고서,IFRS4,Y,"5,000","보고서 사업연도 >= 2023 이면 IFRS17, 아니면 IFRS4","5,000",주당액면가액(원),2017-12-31,-,"5,000",api,alotMatter,"{""bsns_year"": ""2017"", ""corp_code"": ""00878915"", ""reprt_code"": ""11011""}",20180402004848,api_row,2026-08-31T15:39:35+09:00,000,run_20260831_152517_0380,raw/alotMatter/00878915_2017_11011.json,2a797b673783d5e0075fb9d6406ccb90cf973015b1b7e0ab3a63edb6afa401ad,10
,,,00878915,iM금융지주,2017,11011,사업보고서,IFRS4,Y,"287,677","보고서 사업연도 >= 2023 이면 IFRS17, 아니면 IFRS4","294,098",(연결)당기순이익(백만원),2017-12-31,-,"302,208",api,alotMatter,"{""bsns_year"": ""2017"", ""corp_code"": ""00878915"", ""reprt_code"": ""11011""}",20180402004848,api_row,2026-08-31T15:39:35+09:00,000,run_20260831_152517_0380,raw/alotMatter/00878915_2017_11011.json,2a797b673783d5e0075fb9d6406ccb90cf973015b1b7e0ab3a63edb6afa401ad,10
,,,00878915,iM금융지주,2017,11011,사업보고서,IFRS4,Y,"65,112","보고서 사업연도 >= 2023 이면 IFRS17, 아니면 IFRS4","57,944",(별도)당기순이익(백만원),2017-12-31,-,"87,842",api,alotMatter,"{""bsns_year"": ""2017"", ""corp_code"": ""00878915"", ""reprt_code"": ""11011""}",20180402004848,api_row,2026-08-31T15:39:35+09:00,000,run_20260831_152517_0380,raw/alotMatter/00878915_2017_11011.json,2a797b673783d5e0075fb9d6406ccb90cf973015b1b7e0ab3a63edb6afa401ad,10
,,,00878915,iM금융지주,2017,11011,사업보고서,IFRS4,Y,"1,702","보고서 사업연도 >= 2023 이면 IFRS17, 아니면 IFRS4","1,759",(연결)주당순이익(원),2017-12-31,-,"1,787",api,alotMatter,"{""bsns_year"": ""2017"", ""corp_code"": ""00878915"", ""reprt_code"": ""11011""}",20180402004848,api_row,2026-08-31T15:39:35+09:00,000,run_20260831_152517_0380,raw/alotMatter/00878915_2017_11011.json,2a797b673783d5e0075fb9d6406ccb90cf973015b1b7e0ab3a63edb6afa401ad,10
,,,00878915,iM금융지주,2017,11011,사업보고서,IFRS4,Y,"50,716","보고서 사업연도 >= 2023 이면 IFRS17, 아니면 IFRS4","47,335",현금배당금총액(백만원),2017-12-31,-,"57,510",api,alotMatter,"{""bsns_year"": ""2017"", ""corp_code"": ""00878915"", ""reprt_code"": ""11011""}",20180402004848,api_row,2026-08-31T15:39:35+09:00,000,run_20260831_152517_0380,raw/alotMatter/00878915_2017_11011.json,2a797b673783d5e0075fb9d6406ccb90cf973015b1b7e0ab3a63edb6afa401ad,10
,,,00878915,iM금융지주,2017,11011,사업보고서,IFRS4,Y,-,"보고서 사업연도 >= 2023 이면 IFRS17, 아니면 IFRS4",-,주식배당금총액(백만원),2017-12-31,-,-,api,alotMatter,"{""bsns_year"": ""2017"", ""corp_code"": ""00878915"", ""reprt_code"": ""11011""}",20180402004848,api_row,2026-08-31T15:39:35+09:00,000,run_20260831_152517_0380,raw/alotMatter/00878915_2017_11011.json,2a797b673783d5e0075fb9d6406ccb90cf973015b1b7e0ab3a63edb6afa401ad,10
,,,00878915,iM금융지주,2017,11011,사업보고서,IFRS4,Y,17.60,"보고서 사업연도 >= 2023 이면 IFRS17, 아니면 IFRS4",16.10,(연결)현금배당성향(%),2017-12-31,-,19.00,api,alotMatter,"{""bsns_year"": ""2017"", ""corp_code"": ""00878915"", ""reprt_code"": ""11011""}",20180402004848,api_row,2026-08-31T15:39:35+09:00,000,run_20260831_152517_0380,raw/alotMatter/00878915_2017_11011.json,2a797b673783d5e0075fb9d6406ccb90cf973015b1b7e0ab3a63edb6afa401ad,10
,,,00878915,iM금융지주,2017,11011,사업보고서,IFRS4,Y,3.00,"보고서 사업연도 >= 2023 이면 IFRS17, 아니면 IFRS4",2.73,현금배당수익률(%),2017-12-31,보통주,3.15,api,alotMatter,"{""bsns_year"": ""2017"", ""corp_code"": ""00878915"", ""reprt_code"": ""11011""}",20180402004848,api_row,2026-08-31T15:39:35+09:00,000,run_20260831_152517_0380,raw/alotMatter/00878915_2017_11011.json,2a797b673783d5e0075fb9d6406ccb90cf973015b1b7e0ab3a63edb6afa401ad,10
,,,00878915,iM금융지주,2017,11011,사업보고서,IFRS4,Y,-,"보고서 사업연도 >= 2023 이면 IFRS17, 아니면 IFRS4",-,현금배당수익률(%),2017-12-31,-,-,api,alotMatter,"{""bsns_year"": ""2017"", ""corp_code"": ""00878915"", ""reprt_code"": ""11011""}",20180402004848,api_row,2026-08-31T15:39:35+09:00,000,run_20260831_152517_0380,raw/alotMatter/00878915_2017_11011.json,2a797b673783d5e0075fb9d6406ccb90cf973015b1b7e0ab3a63edb6afa401ad,10
,,,00878915,iM금융지주,2017,11011,사업보고서,IFRS4,Y,-,"보고서 사업연도 >= 2023 이면 IFRS17, 아니면 IFRS4",-,주식배당수익률(%),2017-12-31,보통주,-,api,alotMatter,"{""bsns_year"": ""2017"", ""corp_code"": ""00878915"", ""reprt_code"": ""11011""}",20180402004848,api_row,2026-08-31T15:39:35+09:00,000,run_20260831_152517_0380,raw/alotMatter/00878915_2017_11011.json,2a797b673783d5e0075fb9d6406ccb90cf973015b1b7e0ab3a63edb6afa401ad,10
,,,00878915,iM금융지주,2017,11011,사업보고서,IFRS4,Y,-,"보고서 사업연도 >= 2023 이면 IFRS17, 아니면 IFRS4",-,주식배당수익률(%),2017-12-31,-,-,api,alotMatter,"{""bsns_year"": ""2017"", ""corp_code"": ""00878915"", ""reprt_code"": ""11011""}",20180402004848,api_row,2026-08-31T15:39:35+09:00,000,run_20260831_152517_0380,raw/alotMatter/00878915_2017_11011.json,2a797b673783d5e0075fb9d6406ccb90cf973015b1b7e0ab3a63edb6afa401ad,10
,,,00878915,iM금융지주,2017,11011,사업보고서,IFRS4,Y,300,"보고서 사업연도 >= 2023 이면 IFRS17, 아니면 IFRS4",280,주당 현금배당금(원),2017-12-31,보통주,340,api,alotMatter,"{""bsns_year"": ""2017"", ""corp_code"": ""00878915"", ""reprt_code"": ""11011""}",20180402004848,api_row,2026-08-31T15:39:35+09:00,000,run_20260831_152517_0380,raw/alotMatter/00878915_2017_11011.json,2a797b673783d5e0075fb9d6406ccb90cf973015b1b7e0ab3a63edb6afa401ad,10
,,,00878915,iM금융지주,2017,11011,사업보고서,IFRS4,Y,-,"보고서 사업연도 >= 2023 이면 IFRS17, 아니면 IFRS4",-,주당 현금배당금(원),2017-12-31,-,-,api,alotMatter,"{""bsns_year"": ""2017"", ""corp_code"": ""00878915"", ""reprt_code"": ""11011""}",20180402004848,api_row,2026-08-31T15:39:35+09:00,000,run_20260831_152517_0380,raw/alotMatter/00878915_2017_11011.json,2a797b673783d5e0075fb9d6406ccb90cf973015b1b7e0ab3a63edb6afa401ad,10
,,,00878915,iM금융지주,2017,11011,사업보고서,IFRS4,Y,-,"보고서 사업연도 >= 2023 이면 IFRS17, 아니면 IFRS4",-,주당 주식배당(주),2017-12-31,보통주,-,api,alotMatter,"{""bsns_year"": ""2017"", ""corp_code"": ""00878915"", ""reprt_code"": ""11011""}",20180402004848,api_row,2026-08-31T15:39:35+09:00,000,run_20260831_152517_0380,raw/alotMatter/00878915_2017_11011.json,2a797b673783d5e0075fb9d6406ccb90cf973015b1b7e0ab3a63edb6afa401ad,10
,,,00878915,iM금융지주,2017,11011,사업보고서,IFRS4,Y,-,"보고서 사업연도 >= 2023 이면 IFRS17, 아니면 IFRS4",-,주당 주식배당(주),2017-12-31,-,-,api,alotMatter,"{""bsns_year"": ""2017"", ""corp_code"": ""00878915"", ""reprt_code"": ""11011""}",20180402004848,api_row,2026-08-31T15:39:35+09:00,000,run_20260831_152517_0380,raw/alotMatter/00878915_2017_11011.json,2a797b673783d5e0075fb9d6406ccb90cf973015b1b7e0ab3a63edb6afa401ad,10
,,,00113058,한화생명,2018,11011,사업보고서,IFRS4,Y,"5,000","보고서 사업연도 >= 2023 이면 IFRS17, 아니면 IFRS4","5,000",주당액면가액(원),2018-12-31,-,"5,000",api,alotMatter,"{""bsns_year"": ""2018"", ""corp_code"": ""00113058"", ""reprt_code"": ""11011""}",20190401005054,api_row,2026-08-31T15:46:45+09:00,000,run_20260831_152517_0587,raw/alotMatter/00113058_2018_11011.json,c9b45e7605862a2a2a10cc82e228da6137e1cdf5f280aaf8064b3e48929caccb,10
,,,00113058,한화생명,2018,11011,사업보고서,IFRS4,Y,"584,940","보고서 사업연도 >= 2023 이면 IFRS17, 아니면 IFRS4","795,341",(연결)당기순이익(백만원),2018-12-31,-,"415,273",api,alotMatter,"{""bsns_year"": ""2018"", ""corp_code"": ""00113058"", ""reprt_code"": ""11011""}",20190401005054,api_row,2026-08-31T15:46:45+09:00,000,run_20260831_152517_0587,raw/alotMatter/00113058_2018_11011.json,c9b45e7605862a2a2a10cc82e228da6137e1cdf5f280aaf8064b3e48929caccb,10
,,,00113058,한화생명,2018,11011,사업보고서,IFRS4,Y,"525,472","보고서 사업연도 >= 2023 이면 IFRS17, 아니면 IFRS4","315,121",(별도)당기순이익(백만원),2018-12-31,-,"359,269",api,alotMatter,"{""bsns_year"": ""2018"", ""corp_code"": ""00113058"", ""reprt_code"": ""11011""}",20190401005054,api_row,2026-08-31T15:46:45+09:00,000,run_20260831_152517_0587,raw/alotMatter/00113058_2018_11011.json,c9b45e7605862a2a2a10cc82e228da6137e1cdf5f280aaf8064b3e48929caccb,10
,,,00113058,한화생명,2018,11011,사업보고서,IFRS4,Y,757,"보고서 사업연도 >= 2023 이면 IFRS17, 아니면 IFRS4","1,058",(연결)주당순이익(원),2018-12-31,-,473,api,alotMatter,"{""bsns_year"": ""2018"", ""corp_code"": ""00113058"", ""reprt_code"": ""11011""}",20190401005054,api_row,2026-08-31T15:46:45+09:00,000,run_20260831_152517_0587,raw/alotMatter/00113058_2018_11011.json,c9b45e7605862a2a2a10cc82e228da6137e1cdf5f280aaf8064b3e48929caccb,10
,,,00113058,한화생명,2018,11011,사업보고서,IFRS4,Y,"105,195","보고서 사업연도 >= 2023 이면 IFRS17, 아니면 IFRS4","60,111",현금배당금총액(백만원),2018-12-31,-,"75,139",api,alotMatter,"{""bsns_year"": ""2018"", ""corp_code"": ""00113058"", ""reprt_code"": ""11011""}",20190401005054,api_row,2026-08-31T15:46:45+09:00,000,run_20260831_152517_0587,raw/alotMatter/00113058_2018_11011.json,c9b45e7605862a2a2a10cc82e228da6137e1cdf5f280aaf8064b3e48929caccb,10
,,,00113058,한화생명,2018,11011,사업보고서,IFRS4,Y,-,"보고서 사업연도 >= 2023 이면 IFRS17, 아니면 IFRS4",-,주식배당금총액(백만원),2018-12-31,-,-,api,alotMatter,"{""bsns_year"": ""2018"", ""corp_code"": ""00113058"", ""reprt_code"": ""11011""}",20190401005054,api_row,2026-08-31T15:46:45+09:00,000,run_20260831_152517_0587,raw/alotMatter/00113058_2018_11011.json,c9b45e7605862a2a2a10cc82e228da6137e1cdf5f280aaf8064b3e48929caccb,10
,,,00113058,한화생명,2018,11011,사업보고서,IFRS4,Y,18.00,"보고서 사업연도 >= 2023 이면 IFRS17, 아니면 IFRS4",7.60,(연결)현금배당성향(%),2018-12-31,-,18.10,api,alotMatter,"{""bsns_year"": ""2018"", ""corp_code"": ""00113058"", ""reprt_code"": ""11011""}",20190401005054,api_row,2026-08-31T15:46:45+09:00,000,run_20260831_152517_0587,raw/alotMatter/00113058_2018_11011.json,c9b45e7605862a2a2a10cc82e228da6137e1cdf5f280aaf8064b3e48929caccb,10
,,,00113058,한화생명,2018,11011,사업보고서,IFRS4,Y,2.00,"보고서 사업연도 >= 2023 이면 IFRS17, 아니면 IFRS4",1.20,현금배당수익률(%),2018-12-31,보통주,2.30,api,alotMatter,"{""bsns_year"": ""2018"", ""corp_code"": ""00113058"", ""reprt_code"": ""11011""}",20190401005054,api_row,2026-08-31T15:46:45+09:00,000,run_20260831_152517_0587,raw/alotMatter/00113058_2018_11011.json,c9b45e7605862a2a2a10cc82e228da6137e1cdf5f280aaf8064b3e48929caccb,10
,,,00113058,한화생명,2018,11011,사업보고서,IFRS4,Y,-,"보고서 사업연도 >= 2023 이면 IFRS17, 아니면 IFRS4",-,현금배당수익률(%),2018-12-31,우선주,-,api,alotMatter,"{""bsns_year"": ""2018"", ""corp_code"": ""00113058"", ""reprt_code"": ""11011""}",20190401005054,api_row,2026-08-31T15:46:45+09:00,000,run_20260831_152517_0587,raw/alotMatter/00113058_2018_11011.json,c9b45e7605862a2a2a10cc82e228da6137e1cdf5f280aaf8064b3e48929caccb,10
,,,00113058,한화생명,2018,11011,사업보고서,IFRS4,Y,-,"보고서 사업연도 >= 2023 이면 IFRS17, 아니면 IFRS4",-,주식배당수익률(%),2018-12-31,보통주,-,api,alotMatter,"{""bsns_year"": ""2018"", ""corp_code"": ""00113058"", ""reprt_code"": ""11011""}",20190401005054,api_row,2026-08-31T15:46:45+09:00,000,run_20260831_152517_0587,raw/alotMatter/00113058_2018_11011.json,c9b45e7605862a2a2a10cc82e228da6137e1cdf5f280aaf8064b3e48929caccb,10
,,,00113058,한화생명,2018,11011,사업보고서,IFRS4,Y,-,"보고서 사업연도 >= 2023 이면 IFRS17, 아니면 IFRS4",-,주식배당수익률(%),2018-12-31,우선주,-,api,alotMatter,"{""bsns_year"": ""2018"", ""corp_code"": ""00113058"", ""reprt_code"": ""11011""}",20190401005054,api_row,2026-08-31T15:46:45+09:00,000,run_20260831_152517_0587,raw/alotMatter/00113058_2018_11011.json,c9b45e7605862a2a2a10cc82e228da6137e1cdf5f280aaf8064b3e48929caccb,10
,,,00113058,한화생명,2018,11011,사업보고서,IFRS4,Y,140,"보고서 사업연도 >= 2023 이면 IFRS17, 아니면 IFRS4",80,주당 현금배당금(원),2018-12-31,보통주,100,api,alotMatter,"{""bsns_year"": ""2018"", ""corp_code"": ""00113058"", ""reprt_code"": ""11011""}",20190401005054,api_row,2026-08-31T15:46:45+09:00,000,run_20260831_152517_0587,raw/alotMatter/00113058_2018_11011.json,c9b45e7605862a2a2a10cc82e228da6137e1cdf5f280aaf8064b3e48929caccb,10
,,,00113058,한화생명,2018,11011,사업보고서,IFRS4,Y,-,"보고서 사업연도 >= 2023 이면 IFRS17, 아니면 IFRS4",-,주당 현금배당금(원),2018-12-31,우선주,-,api,alotMatter,"{""bsns_year"": ""2018"", ""corp_code"": ""00113058"", ""reprt_code"": ""11011""}",20190401005054,api_row,2026-08-31T15:46:45+09:00,000,run_20260831_152517_0587,raw/alotMatter/00113058_2018_11011.json,c9b45e7605862a2a2a10cc82e228da6137e1cdf5f280aaf8064b3e48929caccb,10
,,,00113058,한화생명,2018,11011,사업보고서,IFRS4,Y,-,"보고서 사업연도 >= 2023 이면 IFRS17, 아니면 IFRS4",-,주당 주식배당(주),2018-12-31,보통주,-,api,alotMatter,"{""bsns_year"": ""2018"", ""corp_code"": ""00113058"", ""reprt_code"": ""11011""}",20190401005054,api_row,2026-08-31T15:46:45+09:00,000,run_20260831_152517_0587,raw/alotMatter/00113058_2018_11011.json,c9b45e7605862a2a2a10cc82e228da6137e1cdf5f280aaf8064b3e48929caccb,10
,,,00113058,한화생명,2018,11011,사업보고서,IFRS4,Y,-,"보고서 사업연도 >= 2023 이면 IFRS17, 아니면 IFRS4",-,주당 주식배당(주),2018-12-31,우선주,-,api,alotMatter,"{""bsns_year"": ""2018"", ""corp_code"": ""00113058"", ""reprt_code"": ""11011""}",20190401005054,api_row,2026-08-31T15:46:45+09:00,000,run_20260831_152517_0587,raw/alotMatter/00113058_2018_11011.json,c9b45e7605862a2a2a10cc82e228da6137e1cdf5f280aaf8064b3e48929caccb,10
,,,00176792,오렌지라이프생명보험,2018,11011,사업보고서,IFRS4,E,"1,000","보고서 사업연도 >= 2023 이면 IFRS17, 아니면 IFRS4","1,000",주당액면가액(원),2018-12-31,-,"1,000",api,alotMatter,"{""bsns_year"": ""2018"", ""corp_code"": ""00176792"", ""reprt_code"": ""11011""}",20190328001973,api_row,2026-08-31T16:10:20+09:00,000,run_20260831_152517_1252,raw/alotMatter/00176792_2018_11011.json,6677aa6aa2805df145c628317f27de6742b1a2caff9294eb6e7aa63506c3496b,10
,,,00176792,오렌지라이프생명보험,2018,11011,사업보고서,IFRS4,E,"340,236","보고서 사업연도 >= 2023 이면 IFRS17, 아니면 IFRS4","240,741",(연결)당기순이익(백만원),2018-12-31,-,"311,269",api,alotMatter,"{""bsns_year"": ""2018"", ""corp_code"": ""00176792"", ""reprt_code"": ""11011""}",20190328001973,api_row,2026-08-31T16:10:20+09:00,000,run_20260831_152517_1252,raw/alotMatter/00176792_2018_11011.json,6677aa6aa2805df145c628317f27de6742b1a2caff9294eb6e7aa63506c3496b,10
,,,00176792,오렌지라이프생명보험,2018,11011,사업보고서,IFRS4,E,-,"보고서 사업연도 >= 2023 이면 IFRS17, 아니면 IFRS4",-,(별도)당기순이익(백만원),2018-12-31,-,-,api,alotMatter,"{""bsns_year"": ""2018"", ""corp_code"": ""00176792"", ""reprt_code"": ""11011""}",20190328001973,api_row,2026-08-31T16:10:20+09:00,000,run_20260831_152517_1252,raw/alotMatter/00176792_2018_11011.json,6677aa6aa2805df145c628317f27de6742b1a2caff9294eb6e7aa63506c3496b,10
,,,00176792,오렌지라이프생명보험,2018,11011,사업보고서,IFRS4,E,"4,149","보고서 사업연도 >= 2023 이면 IFRS17, 아니면 IFRS4","2,936",(연결)주당순이익(원),2018-12-31,-,"3,796",api,alotMatter,"{""bsns_year"": ""2018"", ""corp_code"": ""00176792"", ""reprt_code"": ""11011""}",20190328001973,api_row,2026-08-31T16:10:20+09:00,000,run_20260831_152517_1252,raw/alotMatter/00176792_2018_11011.json,6677aa6aa2805df145c628317f27de6742b1a2caff9294eb6e7aa63506c3496b,10
,,,00176792,오렌지라이프생명보험,2018,11011,사업보고서,IFRS4,E,"196,800","보고서 사업연도 >= 2023 이면 IFRS17, 아니면 IFRS4","167,034",현금배당금총액(백만원),2018-12-31,-,"213,200",api,alotMatter,"{""bsns_year"": ""2018"", ""corp_code"": ""00176792"", ""reprt_code"": ""11011""}",20190328001973,api_row,2026-08-31T16:10:20+09:00,000,run_20260831_152517_1252,raw/alotMatter/00176792_2018_11011.json,6677aa6aa2805df145c628317f27de6742b1a2caff9294eb6e7aa63506c3496b,10
,,,00176792,오렌지라이프생명보험,2018,11011,사업보고서,IFRS4,E,-,"보고서 사업연도 >= 2023 이면 IFRS17, 아니면 IFRS4",-,주식배당금총액(백만원),2018-12-31,-,-,api,alotMatter,"{""bsns_year"": ""2018"", ""corp_code"": ""00176792"", ""reprt_code"": ""11011""}",20190328001973,api_row,2026-08-31T16:10:20+09:00,000,run_20260831_152517_1252,raw/alotMatter/00176792_2018_11011.json,6677aa6aa2805df145c628317f27de6742b1a2caff9294eb6e7aa63506c3496b,10
,,,00176792,오렌지라이프생명보험,2018,11011,사업보고서,IFRS4,E,57.84,"보고서 사업연도 >= 2023 이면 IFRS17, 아니면 IFRS4",69.38,(연결)현금배당성향(%),2018-12-31,-,68.49,api,alotMatter,"{""bsns_year"": ""2018"", ""corp_code"": ""00176792"", ""reprt_code"": ""11011""}",20190328001973,api_row,2026-08-31T16:10:20+09:00,000,run_20260831_152517_1252,raw/alotMatter/00176792_2018_11011.json,6677aa6aa2805df145c628317f27de6742b1a2caff9294eb6e7aa63506c3496b,10
,,,00176792,오렌지라이프생명보험,2018,11011,사업보고서,IFRS4,E,4.42,"보고서 사업연도 >= 2023 이면 IFRS17, 아니면 IFRS4",-,현금배당수익률(%),2018-12-31,보통주,8.97,api,alotMatter,"{""bsns_year"": ""2018"", ""corp_code"": ""00176792"", ""reprt_code"": ""11011""}",20190328001973,api_row,2026-08-31T16:10:20+09:00,000,run_20260831_152517_1252,raw/alotMatter/00176792_2018_11011.json,6677aa6aa2805df145c628317f27de6742b1a2caff9294eb6e7aa63506c3496b,10
,,,00176792,오렌지라이프생명보험,2018,11011,사업보고서,IFRS4,E,-,"보고서 사업연도 >= 2023 이면 IFRS17, 아니면 IFRS4",-,현금배당수익률(%),2018-12-31,-,-,api,alotMatter,"{""bsns_year"": ""2018"", ""corp_code"": ""00176792"", ""reprt_code"": ""11011""}",20190328001973,api_row,2026-08-31T16:10:20+09:00,000,run_20260831_152517_1252,raw/alotMatter/00176792_2018_11011.json,6677aa6aa2805df145c628317f27de6742b1a2caff9294eb6e7aa63506c3496b,10
,,,00176792,오렌지라이프생명보험,2018,11011,사업보고서,IFRS4,E,-,"보고서 사업연도 >= 2023 이면 IFRS17, 아니면 IFRS4",-,주식배당수익률(%),2018-12-31,보통주,-,api,alotMatter,"{""bsns_year"": ""2018"", ""corp_code"": ""00176792"", ""reprt_code"": ""11011""}",20190328001973,api_row,2026-08-31T16:10:20+09:00,000,run_20260831_152517_1252,raw/alotMatter/00176792_2018_11011.json,6677aa6aa2805df145c628317f27de6742b1a2caff9294eb6e7aa63506c3496b,10
,,,00176792,오렌지라이프생명보험,2018,11011,사업보고서,IFRS4,E,-,"보고서 사업연도 >= 2023 이면 IFRS17, 아니면 IFRS4",-,주식배당수익률(%),2018-12-31,-,-,api,alotMatter,"{""bsns_year"": ""2018"", ""corp_code"": ""00176792"", ""reprt_code"": ""11011""}",20190328001973,api_row,2026-08-31T16:10:20+09:00,000,run_20260831_152517_1252,raw/alotMatter/00176792_2018_11011.json,6677aa6aa2805df145c628317f27de6742b1a2caff9294eb6e7aa63506c3496b,10
,,,00176792,오렌지라이프생명보험,2018,11011,사업보고서,IFRS4,E,"2,400","보고서 사업연도 >= 2023 이면 IFRS17, 아니면 IFRS4","2,037",주당 현금배당금(원),2018-12-31,보통주,"2,600",api,alotMatter,"{""bsns_year"": ""2018"", ""corp_code"": ""00176792"", ""reprt_code"": ""11011""}",20190328001973,api_row,2026-08-31T16:10:20+09:00,000,run_20260831_152517_1252,raw/alotMatter/00176792_2018_11011.json,6677aa6aa2805df145c628317f27de6742b1a2caff9294eb6e7aa63506c3496b,10
,,,00176792,오렌지라이프생명보험,2018,11011,사업보고서,IFRS4,E,-,"보고서 사업연도 >= 2023 이면 IFRS17, 아니면 IFRS4",-,주당 현금배당금(원),2018-12-31,-,-,api,alotMatter,"{""bsns_year"": ""2018"", ""corp_code"": ""00176792"", ""reprt_code"": ""11011""}",20190328001973,api_row,2026-08-31T16:10:20+09:00,000,run_20260831_152517_1252,raw/alotMatter/00176792_2018_11011.json,6677aa6aa2805df145c628317f27de6742b1a2caff9294eb6e7aa63506c3496b,10
,,,00176792,오렌지라이프생명보험,2018,11011,사업보고서,IFRS4,E,-,"보고서 사업연도 >= 2023 이면 IFRS17, 아니면 IFRS4",-,주당 주식배당(주),2018-12-31,보통주,-,api,alotMatter,"{""bsns_year"": ""2018"", ""corp_code"": ""00176792"", ""reprt_code"": ""11011""}",20190328001973,api_row,2026-08-31T16:10:20+09:00,000,run_20260831_152517_1252,raw/alotMatter/00176792_2018_11011.json,6677aa6aa2805df145c628317f27de6742b1a2caff9294eb6e7aa63506c3496b,10
,,,00176792,오렌지라이프생명보험,2018,11011,사업보고서,IFRS4,E,-,"보고서 사업연도 >= 2023 이면 IFRS17, 아니면 IFRS4",-,주당 주식배당(주),2018-12-31,-,-,api,alotMatter,"{""bsns_year"": ""2018"", ""corp_code"": ""00176792"", ""reprt_code"": ""11011""}",20190328001973,api_row,2026-08-31T16:10:20+09:00,000,run_20260831_152517_1252,raw/alotMatter/00176792_2018_11011.json,6677aa6aa2805df145c628317f27de6742b1a2caff9294eb6e7aa63506c3496b,10
,,,00382199,신한지주,2018,11011,사업보고서,IFRS4,Y,"5,000","보고서 사업연도 >= 2023 이면 IFRS17, 아니면 IFRS4","5,000",주당액면가액(원),2018-12-31,-,"5,000",api,alotMatter,"{""bsns_year"": ""2018"", ""corp_code"": ""00382199"", ""reprt_code"": ""11011""}",20190705000438,api_row,2026-08-31T15:31:58+09:00,000,run_20260831_152517_0163,raw/alotMatter/00382199_2018_11011.json,c96a3e13793ff9c4385e381222ffcf87dcd52a85ad7f0c1a7abdb218650bfd3b,10
,,,00382199,신한지주,2018,11011,사업보고서,IFRS4,Y,"2,918,816","보고서 사업연도 >= 2023 이면 IFRS17, 아니면 IFRS4","2,774,778",(연결)당기순이익(백만원),2018-12-31,-,"3,156,722",api,alotMatter,"{""bsns_year"": ""2018"", ""corp_code"": ""00382199"", ""reprt_code"": ""11011""}",20190705000438,api_row,2026-08-31T15:31:58+09:00,000,run_20260831_152517_0163,raw/alotMatter/00382199_2018_11011.json,c96a3e13793ff9c4385e381222ffcf87dcd52a85ad7f0c1a7abdb218650bfd3b,10
,,,00382199,신한지주,2018,11011,사업보고서,IFRS4,Y,"754,727","보고서 사업연도 >= 2023 이면 IFRS17, 아니면 IFRS4","1,470,250",(별도)당기순이익(백만원),2018-12-31,-,"1,234,883",api,alotMatter,"{""bsns_year"": ""2018"", ""corp_code"": ""00382199"", ""reprt_code"": ""11011""}",20190705000438,api_row,2026-08-31T15:31:58+09:00,000,run_20260831_152517_0163,raw/alotMatter/00382199_2018_11011.json,c96a3e13793ff9c4385e381222ffcf87dcd52a85ad7f0c1a7abdb218650bfd3b,10
,,,00382199,신한지주,2018,11011,사업보고서,IFRS4,Y,"6,118","보고서 사업연도 >= 2023 이면 IFRS17, 아니면 IFRS4","5,736",(연결)주당순이익(원),2018-12-31,-,"6,579",api,alotMatter,"{""bsns_year"": ""2018"", ""corp_code"": ""00382199"", ""reprt_code"": ""11011""}",20190705000438,api_row,2026-08-31T15:31:58+09:00,000,run_20260831_152517_0163,raw/alotMatter/00382199_2018_11011.json,c96a3e13793ff9c4385e381222ffcf87dcd52a85ad7f0c1a7abdb218650bfd3b,10
,,,00382199,신한지주,2018,11011,사업보고서,IFRS4,Y,"687,589","보고서 사업연도 >= 2023 이면 IFRS17, 아니면 IFRS4","687,589",현금배당금총액(백만원),2018-12-31,-,"753,041",api,alotMatter,"{""bsns_year"": ""2018"", ""corp_code"": ""00382199"", ""reprt_code"": ""11011""}",20190705000438,api_row,2026-08-31T15:31:58+09:00,000,run_20260831_152517_0163,raw/alotMatter/00382199_2018_11011.json,c96a3e13793ff9c4385e381222ffcf87dcd52a85ad7f0c1a7abdb218650bfd3b,10
,,,00382199,신한지주,2018,11011,사업보고서,IFRS4,Y,-,"보고서 사업연도 >= 2023 이면 IFRS17, 아니면 IFRS4",-,주식배당금총액(백만원),2018-12-31,-,-,api,alotMatter,"{""bsns_year"": ""2018"", ""corp_code"": ""00382199"", ""reprt_code"": ""11011""}",20190705000438,api_row,2026-08-31T15:31:58+09:00,000,run_20260831_152517_0163,raw/alotMatter/00382199_2018_11011.json,c96a3e13793ff9c4385e381222ffcf87dcd52a85ad7f0c1a7abdb218650bfd3b,10
,,,00382199,신한지주,2018,11011,사업보고서,IFRS4,Y,23.57,"보고서 사업연도 >= 2023 이면 IFRS17, 아니면 IFRS4",24.78,(연결)현금배당성향(%),2018-12-31,-,23.86,api,alotMatter,"{""bsns_year"": ""2018"", ""corp_code"": ""00382199"", ""reprt_code"": ""11011""}",20190705000438,api_row,2026-08-31T15:31:58+09:00,000,run_20260831_152517_0163,raw/alotMatter/00382199_2018_11011.json,c96a3e13793ff9c4385e381222ffcf87dcd52a85ad7f0c1a7abdb218650bfd3b,10
,,,00382199,신한지주,2018,11011,사업보고서,IFRS4,Y,2.85,"보고서 사업연도 >= 2023 이면 IFRS17, 아니면 IFRS4",3.06,현금배당수익률(%),2018-12-31,보통주,3.91,api,alotMatter,"{""bsns_year"": ""2018"", ""corp_code"": ""00382199"", ""reprt_code"": ""11011""}",20190705000438,api_row,2026-08-31T15:31:58+09:00,000,run_20260831_152517_0163,raw/alotMatter/00382199_2018_11011.json,c96a3e13793ff9c4385e381222ffcf87dcd52a85ad7f0c1a7abdb218650bfd3b,10
,,,00382199,신한지주,2018,11011,사업보고서,IFRS4,Y,-,"보고서 사업연도 >= 2023 이면 IFRS17, 아니면 IFRS4",-,현금배당수익률(%),2018-12-31,우선주,-,api,alotMatter,"{""bsns_year"": ""2018"", ""corp_code"": ""00382199"", ""reprt_code"": ""11011""}",20190705000438,api_row,2026-08-31T15:31:58+09:00,000,run_20260831_152517_0163,raw/alotMatter/00382199_2018_11011.json,c96a3e13793ff9c4385e381222ffcf87dcd52a85ad7f0c1a7abdb218650bfd3b,10
,,,00382199,신한지주,2018,11011,사업보고서,IFRS4,Y,-,"보고서 사업연도 >= 2023 이면 IFRS17, 아니면 IFRS4",-,주식배당수익률(%),2018-12-31,보통주,-,api,alotMatter,"{""bsns_year"": ""2018"", ""corp_code"": ""00382199"", ""reprt_code"": ""11011""}",20190705000438,api_row,2026-08-31T15:31:58+09:00,000,run_20260831_152517_0163,raw/alotMatter/00382199_2018_11011.json,c96a3e13793ff9c4385e381222ffcf87dcd52a85ad7f0c1a7abdb218650bfd3b,10
,,,00382199,신한지주,2018,11011,사업보고서,IFRS4,Y,-,"보고서 사업연도 >= 2023 이면 IFRS17, 아니면 IFRS4",-,주식배당수익률(%),2018-12-31,우선주,-,api,alotMatter,"{""bsns_year"": ""2018"", ""corp_code"": ""00382199"", ""reprt_code"": ""11011""}",20190705000438,api_row,2026-08-31T15:31:58+09:00,000,run_20260831_152517_0163,raw/alotMatter/00382199_2018_11011.json,c96a3e13793ff9c4385e381222ffcf87dcd52a85ad7f0c1a7abdb218650bfd3b,10
,,,00382199,신한지주,2018,11011,사업보고서,IFRS4,Y,"1,450","보고서 사업연도 >= 2023 이면 IFRS17, 아니면 IFRS4","1,450",주당 현금배당금(원),2018-12-31,보통주,"1,600",api,alotMatter,"{""bsns_year"": ""2018"", ""corp_code"": ""00382199"", ""reprt_code"": ""11011""}",20190705000438,api_row,2026-08-31T15:31:58+09:00,000,run_20260831_152517_0163,raw/alotMatter/00382199_2018_11011.json,c96a3e13793ff9c4385e381222ffcf87dcd52a85ad7f0c1a7abdb218650bfd3b,10
,,,00382199,신한지주,2018,11011,사업보고서,IFRS4,Y,-,"보고서 사업연도 >= 2023 이면 IFRS17, 아니면 IFRS4",-,주당 현금배당금(원),2018-12-31,우선주,-,api,alotMatter,"{""bsns_year"": ""2018"", ""corp_code"": ""00382199"", ""reprt_code"": ""11011""}",20190705000438,api_row,2026-08-31T15:31:58+09:00,000,run_20260831_152517_0163,raw/alotMatter/00382199_2018_11011.json,c96a3e13793ff9c4385e381222ffcf87dcd52a85ad7f0c1a7abdb218650bfd3b,10
,,,00382199,신한지주,2018,11011,사업보고서,IFRS4,Y,-,"보고서 사업연도 >= 2023 이면 IFRS17, 아니면 IFRS4",-,주당 주식배당(주),2018-12-31,보통주,-,api,alotMatter,"{""bsns_year"": ""2018"", ""corp_code"": ""00382199"", ""reprt_code"": ""11011""}",20190705000438,api_row,2026-08-31T15:31:58+09:00,000,run_20260831_152517_0163,raw/alotMatter/00382199_2018_11011.json,c96a3e13793ff9c4385e381222ffcf87dcd52a85ad7f0c1a7abdb218650bfd3b,10
,,,00382199,신한지주,2018,11011,사업보고서,IFRS4,Y,-,"보고서 사업연도 >= 2023 이면 IFRS17, 아니면 IFRS4",-,주당 주식배당(주),2018-12-31,우선주,-,api,alotMatter,"{""bsns_year"": ""2018"", ""corp_code"": ""00382199"", ""reprt_code"": ""11011""}",20190705000438,api_row,2026-08-31T15:31:58+09:00,000,run_20260831_152517_0163,raw/alotMatter/00382199_2018_11011.json,c96a3e13793ff9c4385e381222ffcf87dcd52a85ad7f0c1a7abdb218650bfd3b,10
,,,00688996,KB금융,2018,11011,사업보고서,IFRS4,Y,"5,000","보고서 사업연도 >= 2023 이면 IFRS17, 아니면 IFRS4","5,000",주당액면가액(원),2018-12-31,-,"5,000",api,alotMatter,"{""bsns_year"": ""2018"", ""corp_code"": ""00688996"", ""reprt_code"": ""11011""}",20210427000426,api_row,2026-08-31T15:35:59+09:00,000,run_20260831_152517_0272,raw/alotMatter/00688996_2018_11011.json,4111501f55710943909899e0f7e617124db0c3399d309c9d51996a1055e7d3f5,10
,,,00688996,KB금융,2018,11011,사업보고서,IFRS4,Y,"3,311,438","보고서 사업연도 >= 2023 이면 IFRS17, 아니면 IFRS4","2,143,744",(연결)당기순이익(백만원),2018-12-31,-,"3,061,191",api,alotMatter,"{""bsns_year"": ""2018"", ""corp_code"": ""00688996"", ""reprt_code"": ""11011""}",20210427000426,api_row,2026-08-31T15:35:59+09:00,000,run_20260831_152517_0272,raw/alotMatter/00688996_2018_11011.json,4111501f55710943909899e0f7e617124db0c3399d309c9d51996a1055e7d3f5,10
,,,00688996,KB금융,2018,11011,사업보고서,IFRS4,Y,"553,425","보고서 사업연도 >= 2023 이면 IFRS17, 아니면 IFRS4","590,131",(별도)당기순이익(백만원),2018-12-31,-,"925,905",api,alotMatter,"{""bsns_year"": ""2018"", ""corp_code"": ""00688996"", ""reprt_code"": ""11011""}",20210427000426,api_row,2026-08-31T15:35:59+09:00,000,run_20260831_152517_0272,raw/alotMatter/00688996_2018_11011.json,4111501f55710943909899e0f7e617124db0c3399d309c9d51996a1055e7d3f5,10
,,,00688996,KB금융,2018,11011,사업보고서,IFRS4,Y,"8,305","보고서 사업연도 >= 2023 이면 IFRS17, 아니면 IFRS4","5,588",(연결)주당순이익(원),2018-12-31,-,"7,721",api,alotMatter,"{""bsns_year"": ""2018"", ""corp_code"": ""00688996"", ""reprt_code"": ""11011""}",20210427000426,api_row,2026-08-31T15:35:59+09:00,000,run_20260831_152517_0272,raw/alotMatter/00688996_2018_11011.json,4111501f55710943909899e0f7e617124db0c3399d309c9d51996a1055e7d3f5,10
,,,00688996,KB금융,2018,11011,사업보고서,IFRS4,Y,"766,728","보고서 사업연도 >= 2023 이면 IFRS17, 아니면 IFRS4","497,969",현금배당금총액(백만원),2018-12-31,-,"759,736",api,alotMatter,"{""bsns_year"": ""2018"", ""corp_code"": ""00688996"", ""reprt_code"": ""11011""}",20210427000426,api_row,2026-08-31T15:35:59+09:00,000,run_20260831_152517_0272,raw/alotMatter/00688996_2018_11011.json,4111501f55710943909899e0f7e617124db0c3399d309c9d51996a1055e7d3f5,10
,,,00688996,KB금융,2018,11011,사업보고서,IFRS4,Y,-,"보고서 사업연도 >= 2023 이면 IFRS17, 아니면 IFRS4",-,주식배당금총액(백만원),2018-12-31,-,-,api,alotMatter,"{""bsns_year"": ""2018"", ""corp_code"": ""00688996"", ""reprt_code"": ""11011""}",20210427000426,api_row,2026-08-31T15:35:59+09:00,000,run_20260831_152517_0272,raw/alotMatter/00688996_2018_11011.json,4111501f55710943909899e0f7e617124db0c3399d309c9d51996a1055e7d3f5,10
,,,00688996,KB금융,2018,11011,사업보고서,IFRS4,Y,23.20,"보고서 사업연도 >= 2023 이면 IFRS17, 아니면 IFRS4",23.20,(연결)현금배당성향(%),2018-12-31,-,24.80,api,alotMatter,"{""bsns_year"": ""2018"", ""corp_code"": ""00688996"", ""reprt_code"": ""11011""}",20210427000426,api_row,2026-08-31T15:35:59+09:00,000,run_20260831_152517_0272,raw/alotMatter/00688996_2018_11011.json,4111501f55710943909899e0f7e617124db0c3399d309c9d51996a1055e7d3f5,10
,,,00688996,KB금융,2018,11011,사업보고서,IFRS4,Y,3.10,"보고서 사업연도 >= 2023 이면 IFRS17, 아니면 IFRS4",2.90,현금배당수익률(%),2018-12-31,보통주,4.00,api,alotMatter,"{""bsns_year"": ""2018"", ""corp_code"": ""00688996"", ""reprt_code"": ""11011""}",20210427000426,api_row,2026-08-31T15:35:59+09:00,000,run_20260831_152517_0272,raw/alotMatter/00688996_2018_11011.json,4111501f55710943909899e0f7e617124db0c3399d309c9d51996a1055e7d3f5,10
,,,00688996,KB금융,2018,11011,사업보고서,IFRS4,Y,-,"보고서 사업연도 >= 2023 이면 IFRS17, 아니면 IFRS4",-,현금배당수익률(%),2018-12-31,-,-,api,alotMatter,"{""bsns_year"": ""2018"", ""corp_code"": ""00688996"", ""reprt_code"": ""11011""}",20210427000426,api_row,2026-08-31T15:35:59+09:00,000,run_20260831_152517_0272,raw/alotMatter/00688996_2018_11011.json,4111501f55710943909899e0f7e617124db0c3399d309c9d51996a1055e7d3f5,10
,,,00688996,KB금융,2018,11011,사업보고서,IFRS4,Y,-,"보고서 사업연도 >= 2023 이면 IFRS17, 아니면 IFRS4",-,주식배당수익률(%),2018-12-31,보통주,-,api,alotMatter,"{""bsns_year"": ""2018"", ""corp_code"": ""00688996"", ""reprt_code"": ""11011""}",20210427000426,api_row,2026-08-31T15:35:59+09:00,000,run_20260831_152517_0272,raw/alotMatter/00688996_2018_11011.json,4111501f55710943909899e0f7e617124db0c3399d309c9d51996a1055e7d3f5,10
,,,00688996,KB금융,2018,11011,사업보고서,IFRS4,Y,-,"보고서 사업연도 >= 2023 이면 IFRS17, 아니면 IFRS4",-,주식배당수익률(%),2018-12-31,-,-,api,alotMatter,"{""bsns_year"": ""2018"", ""corp_code"": ""00688996"", ""reprt_code"": ""11011""}",20210427000426,api_row,2026-08-31T15:35:59+09:00,000,run_20260831_152517_0272,raw/alotMatter/00688996_2018_11011.json,4111501f55710943909899e0f7e617124db0c3399d309c9d51996a1055e7d3f5,10
,,,00688996,KB금융,2018,11011,사업보고서,IFRS4,Y,"1,920","보고서 사업연도 >= 2023 이면 IFRS17, 아니면 IFRS4","1,250",주당 현금배당금(원),2018-12-31,보통주,"1,920",api,alotMatter,"{""bsns_year"": ""2018"", ""corp_code"": ""00688996"", ""reprt_code"": ""11011""}",20210427000426,api_row,2026-08-31T15:35:59+09:00,000,run_20260831_152517_0272,raw/alotMatter/00688996_2018_11011.json,4111501f55710943909899e0f7e617124db0c3399d309c9d51996a1055e7d3f5,10
,,,00688996,KB금융,2018,11011,사업보고서,IFRS4,Y,-,"보고서 사업연도 >= 2023 이면 IFRS17, 아니면 IFRS4",-,주당 현금배당금(원),2018-12-31,-,-,api,alotMatter,"{""bsns_year"": ""2018"", ""corp_code"": ""00688996"", ""reprt_code"": ""11011""}",20210427000426,api_row,2026-08-31T15:35:59+09:00,000,run_20260831_152517_0272,raw/alotMatter/00688996_2018_11011.json,4111501f55710943909899e0f7e617124db0c3399d309c9d51996a1055e7d3f5,10
,,,00688996,KB금융,2018,11011,사업보고서,IFRS4,Y,-,"보고서 사업연도 >= 2023 이면 IFRS17, 아니면 IFRS4",-,주당 주식배당(주),2018-12-31,보통주,-,api,alotMatter,"{""bsns_year"": ""2018"", ""corp_code"": ""00688996"", ""reprt_code"": ""11011""}",20210427000426,api_row,2026-08-31T15:35:59+09:00,000,run_20260831_152517_0272,raw/alotMatter/00688996_2018_11011.json,4111501f55710943909899e0f7e617124db0c3399d309c9d51996a1055e7d3f5,10
,,,00688996,KB금융,2018,11011,사업보고서,IFRS4,Y,-,"보고서 사업연도 >= 2023 이면 IFRS17, 아니면 IFRS4",-,주당 주식배당(주),2018-12-31,-,-,api,alotMatter,"{""bsns_year"": ""2018"", ""corp_code"": ""00688996"", ""reprt_code"": ""11011""}",20210427000426,api_row,2026-08-31T15:35:59+09:00,000,run_20260831_152517_0272,raw/alotMatter/00688996_2018_11011.json,4111501f55710943909899e0f7e617124db0c3399d309c9d51996a1055e7d3f5,10
,,,00878915,iM금융지주,2018,11011,사업보고서,IFRS4,Y,"5,000","보고서 사업연도 >= 2023 이면 IFRS17, 아니면 IFRS4","5,000",주당액면가액(원),2018-12-31,-,"5,000",api,alotMatter,"{""bsns_year"": ""2018"", ""corp_code"": ""00878915"", ""reprt_code"": ""11011""}",20190401004795,api_row,2026-08-31T15:39:45+09:00,000,run_20260831_152517_0389,raw/alotMatter/00878915_2018_11011.json,dec7cd763401309985eef7e5f23b1542810f2b6e1c9c7e13a5b3148b65bfb553,10
,,,00878915,iM금융지주,2018,11011,사업보고서,IFRS4,Y,"302,208","보고서 사업연도 >= 2023 이면 IFRS17, 아니면 IFRS4","287,677",(연결)당기순이익(백만원),2018-12-31,-,"383,535",api,alotMatter,"{""bsns_year"": ""2018"", ""corp_code"": ""00878915"", ""reprt_code"": ""11011""}",20190401004795,api_row,2026-08-31T15:39:45+09:00,000,run_20260831_152517_0389,raw/alotMatter/00878915_2018_11011.json,dec7cd763401309985eef7e5f23b1542810f2b6e1c9c7e13a5b3148b65bfb553,10
,,,00878915,iM금융지주,2018,11011,사업보고서,IFRS4,Y,"87,842","보고서 사업연도 >= 2023 이면 IFRS17, 아니면 IFRS4","65,112",(별도)당기순이익(백만원),2018-12-31,-,"99,248",api,alotMatter,"{""bsns_year"": ""2018"", ""corp_code"": ""00878915"", ""reprt_code"": ""11011""}",20190401004795,api_row,2026-08-31T15:39:45+09:00,000,run_20260831_152517_0389,raw/alotMatter/00878915_2018_11011.json,dec7cd763401309985eef7e5f23b1542810f2b6e1c9c7e13a5b3148b65bfb553,10
,,,00878915,iM금융지주,2018,11011,사업보고서,IFRS4,Y,"1,787","보고서 사업연도 >= 2023 이면 IFRS17, 아니면 IFRS4","1,702",(연결)주당순이익(원),2018-12-31,-,"2,233",api,alotMatter,"{""bsns_year"": ""2018"", ""corp_code"": ""00878915"", ""reprt_code"": ""11011""}",20190401004795,api_row,2026-08-31T15:39:45+09:00,000,run_20260831_152517_0389,raw/alotMatter/00878915_2018_11011.json,dec7cd763401309985eef7e5f23b1542810f2b6e1c9c7e13a5b3148b65bfb553,10
,,,00878915,iM금융지주,2018,11011,사업보고서,IFRS4,Y,"57,510","보고서 사업연도 >= 2023 이면 IFRS17, 아니면 IFRS4","50,716",현금배당금총액(백만원),2018-12-31,-,"60,892",api,alotMatter,"{""bsns_year"": ""2018"", ""corp_code"": ""00878915"", ""reprt_code"": ""11011""}",20190401004795,api_row,2026-08-31T15:39:45+09:00,000,run_20260831_152517_0389,raw/alotMatter/00878915_2018_11011.json,dec7cd763401309985eef7e5f23b1542810f2b6e1c9c7e13a5b3148b65bfb553,10
,,,00878915,iM금융지주,2018,11011,사업보고서,IFRS4,Y,-,"보고서 사업연도 >= 2023 이면 IFRS17, 아니면 IFRS4",-,주식배당금총액(백만원),2018-12-31,-,-,api,alotMatter,"{""bsns_year"": ""2018"", ""corp_code"": ""00878915"", ""reprt_code"": ""11011""}",20190401004795,api_row,2026-08-31T15:39:45+09:00,000,run_20260831_152517_0389,raw/alotMatter/00878915_2018_11011.json,dec7cd763401309985eef7e5f23b1542810f2b6e1c9c7e13a5b3148b65bfb553,10
,,,00878915,iM금융지주,2018,11011,사업보고서,IFRS4,Y,19.00,"보고서 사업연도 >= 2023 이면 IFRS17, 아니면 IFRS4",17.60,(연결)현금배당성향(%),2018-12-31,-,15.90,api,alotMatter,"{""bsns_year"": ""2018"", ""corp_code"": ""00878915"", ""reprt_code"": ""11011""}",20190401004795,api_row,2026-08-31T15:39:45+09:00,000,run_20260831_152517_0389,raw/alotMatter/00878915_2018_11011.json,dec7cd763401309985eef7e5f23b1542810f2b6e1c9c7e13a5b3148b65bfb553,10
,,,00878915,iM금융지주,2018,11011,사업보고서,IFRS4,Y,3.15,"보고서 사업연도 >= 2023 이면 IFRS17, 아니면 IFRS4",3.00,현금배당수익률(%),2018-12-31,보통주,4.14,api,alotMatter,"{""bsns_year"": ""2018"", ""corp_code"": ""00878915"", ""reprt_code"": ""11011""}",20190401004795,api_row,2026-08-31T15:39:45+09:00,000,run_20260831_152517_0389,raw/alotMatter/00878915_2018_11011.json,dec7cd763401309985eef7e5f23b1542810f2b6e1c9c7e13a5b3148b65bfb553,10
,,,00878915,iM금융지주,2018,11011,사업보고서,IFRS4,Y,-,"보고서 사업연도 >= 2023 이면 IFRS17, 아니면 IFRS4",-,현금배당수익률(%),2018-12-31,-,-,api,alotMatter,"{""bsns_year"": ""2018"", ""corp_code"": ""00878915"", ""reprt_code"": ""11011""}",20190401004795,api_row,2026-08-31T15:39:45+09:00,000,run_20260831_152517_0389,raw/alotMatter/00878915_2018_11011.json,dec7cd763401309985eef7e5f23b1542810f2b6e1c9c7e13a5b3148b65bfb553,10
,,,00878915,iM금융지주,2018,11011,사업보고서,IFRS4,Y,-,"보고서 사업연도 >= 2023 이면 IFRS17, 아니면 IFRS4",-,주식배당수익률(%),2018-12-31,보통주,-,api,alotMatter,"{""bsns_year"": ""2018"", ""corp_code"": ""00878915"", ""reprt_code"": ""11011""}",20190401004795,api_row,2026-08-31T15:39:45+09:00,000,run_20260831_152517_0389,raw/alotMatter/00878915_2018_11011.json,dec7cd763401309985eef7e5f23b1542810f2b6e1c9c7e13a5b3148b65bfb553,10
,,,00878915,iM금융지주,2018,11011,사업보고서,IFRS4,Y,-,"보고서 사업연도 >= 2023 이면 IFRS17, 아니면 IFRS4",-,주식배당수익률(%),2018-12-31,-,-,api,alotMatter,"{""bsns_year"": ""2018"", ""corp_code"": ""00878915"", ""reprt_code"": ""11011""}",20190401004795,api_row,2026-08-31T15:39:45+09:00,000,run_20260831_152517_0389,raw/alotMatter/00878915_2018_11011.json,dec7cd763401309985eef7e5f23b1542810f2b6e1c9c7e13a5b3148b65bfb553,10
,,,00878915,iM금융지주,2018,11011,사업보고서,IFRS4,Y,340,"보고서 사업연도 >= 2023 이면 IFRS17, 아니면 IFRS4",300,주당 현금배당금(원),2018-12-31,보통주,360,api,alotMatter,"{""bsns_year"": ""2018"", ""corp_code"": ""00878915"", ""reprt_code"": ""11011""}",20190401004795,api_row,2026-08-31T15:39:45+09:00,000,run_20260831_152517_0389,raw/alotMatter/00878915_2018_11011.json,dec7cd763401309985eef7e5f23b1542810f2b6e1c9c7e13a5b3148b65bfb553,10
,,,00878915,iM금융지주,2018,11011,사업보고서,IFRS4,Y,-,"보고서 사업연도 >= 2023 이면 IFRS17, 아니면 IFRS4",-,주당 현금배당금(원),2018-12-31,-,-,api,alotMatter,"{""bsns_year"": ""2018"", ""corp_code"": ""00878915"", ""reprt_code"": ""11011""}",20190401004795,api_row,2026-08-31T15:39:45+09:00,000,run_20260831_152517_0389,raw/alotMatter/00878915_2018_11011.json,dec7cd763401309985eef7e5f23b1542810f2b6e1c9c7e13a5b3148b65bfb553,10
,,,00878915,iM금융지주,2018,11011,사업보고서,IFRS4,Y,-,"보고서 사업연도 >= 2023 이면 IFRS17, 아니면 IFRS4",-,주당 주식배당(주),2018-12-31,보통주,-,api,alotMatter,"{""bsns_year"": ""2018"", ""corp_code"": ""00878915"", ""reprt_code"": ""11011""}",20190401004795,api_row,2026-08-31T15:39:45+09:00,000,run_20260831_152517_0389,raw/alotMatter/00878915_2018_11011.json,dec7cd763401309985eef7e5f23b1542810f2b6e1c9c7e13a5b3148b65bfb553,10
,,,00878915,iM금융지주,2018,11011,사업보고서,IFRS4,Y,-,"보고서 사업연도 >= 2023 이면 IFRS17, 아니면 IFRS4",-,주당 주식배당(주),2018-12-31,-,-,api,alotMatter,"{""bsns_year"": ""2018"", ""corp_code"": ""00878915"", ""reprt_code"": ""11011""}",20190401004795,api_row,2026-08-31T15:39:45+09:00,000,run_20260831_152517_0389,raw/alotMatter/00878915_2018_11011.json,dec7cd763401309985eef7e5f23b1542810f2b6e1c9c7e13a5b3148b65bfb553,10
,,,00113058,한화생명,2019,11011,사업보고서,IFRS4,Y,"5,000","보고서 사업연도 >= 2023 이면 IFRS17, 아니면 IFRS4","5,000",주당액면가액(원),2019-12-31,-,"5,000",api,alotMatter,"{""bsns_year"": ""2019"", ""corp_code"": ""00113058"", ""reprt_code"": ""11011""}",20200331001872,api_row,2026-08-31T15:47:03+09:00,000,run_20260831_152517_0596,raw/alotMatter/00113058_2019_11011.json,c215049a0d16699f3deabc3e2b0bc65592777c2715cda3fa4dc5b326eac3a6cf,10
,,,00113058,한화생명,2019,11011,사업보고서,IFRS4,Y,"415,273","보고서 사업연도 >= 2023 이면 IFRS17, 아니면 IFRS4","584,940",(연결)당기순이익(백만원),2019-12-31,-,"100,421",api,alotMatter,"{""bsns_year"": ""2019"", ""corp_code"": ""00113058"", ""reprt_code"": ""11011""}",20200331001872,api_row,2026-08-31T15:47:03+09:00,000,run_20260831_152517_0596,raw/alotMatter/00113058_2019_11011.json,c215049a0d16699f3deabc3e2b0bc65592777c2715cda3fa4dc5b326eac3a6cf,10
,,,00113058,한화생명,2019,11011,사업보고서,IFRS4,Y,"359,269","보고서 사업연도 >= 2023 이면 IFRS17, 아니면 IFRS4","525,472",(별도)당기순이익(백만원),2019-12-31,-,"114,642",api,alotMatter,"{""bsns_year"": ""2019"", ""corp_code"": ""00113058"", ""reprt_code"": ""11011""}",20200331001872,api_row,2026-08-31T15:47:03+09:00,000,run_20260831_152517_0596,raw/alotMatter/00113058_2019_11011.json,c215049a0d16699f3deabc3e2b0bc65592777c2715cda3fa4dc5b326eac3a6cf,10
,,,00113058,한화생명,2019,11011,사업보고서,IFRS4,Y,473,"보고서 사업연도 >= 2023 이면 IFRS17, 아니면 IFRS4",757,(연결)주당순이익(원),2019-12-31,-,18,api,alotMatter,"{""bsns_year"": ""2019"", ""corp_code"": ""00113058"", ""reprt_code"": ""11011""}",20200331001872,api_row,2026-08-31T15:47:03+09:00,000,run_20260831_152517_0596,raw/alotMatter/00113058_2019_11011.json,c215049a0d16699f3deabc3e2b0bc65592777c2715cda3fa4dc5b326eac3a6cf,10
,,,00113058,한화생명,2019,11011,사업보고서,IFRS4,Y,"75,139","보고서 사업연도 >= 2023 이면 IFRS17, 아니면 IFRS4","105,195",현금배당금총액(백만원),2019-12-31,-,"22,542",api,alotMatter,"{""bsns_year"": ""2019"", ""corp_code"": ""00113058"", ""reprt_code"": ""11011""}",20200331001872,api_row,2026-08-31T15:47:03+09:00,000,run_20260831_152517_0596,raw/alotMatter/00113058_2019_11011.json,c215049a0d16699f3deabc3e2b0bc65592777c2715cda3fa4dc5b326eac3a6cf,10
,,,00113058,한화생명,2019,11011,사업보고서,IFRS4,Y,-,"보고서 사업연도 >= 2023 이면 IFRS17, 아니면 IFRS4",-,주식배당금총액(백만원),2019-12-31,-,-,api,alotMatter,"{""bsns_year"": ""2019"", ""corp_code"": ""00113058"", ""reprt_code"": ""11011""}",20200331001872,api_row,2026-08-31T15:47:03+09:00,000,run_20260831_152517_0596,raw/alotMatter/00113058_2019_11011.json,c215049a0d16699f3deabc3e2b0bc65592777c2715cda3fa4dc5b326eac3a6cf,10
,,,00113058,한화생명,2019,11011,사업보고서,IFRS4,Y,18.10,"보고서 사업연도 >= 2023 이면 IFRS17, 아니면 IFRS4",18.00,(연결)현금배당성향(%),2019-12-31,-,22.40,api,alotMatter,"{""bsns_year"": ""2019"", ""corp_code"": ""00113058"", ""reprt_code"": ""11011""}",20200331001872,api_row,2026-08-31T15:47:03+09:00,000,run_20260831_152517_0596,raw/alotMatter/00113058_2019_11011.json,c215049a0d16699f3deabc3e2b0bc65592777c2715cda3fa4dc5b326eac3a6cf,10
,,,00113058,한화생명,2019,11011,사업보고서,IFRS4,Y,2.30,"보고서 사업연도 >= 2023 이면 IFRS17, 아니면 IFRS4",2.00,현금배당수익률(%),2019-12-31,보통주,1.30,api,alotMatter,"{""bsns_year"": ""2019"", ""corp_code"": ""00113058"", ""reprt_code"": ""11011""}",20200331001872,api_row,2026-08-31T15:47:03+09:00,000,run_20260831_152517_0596,raw/alotMatter/00113058_2019_11011.json,c215049a0d16699f3deabc3e2b0bc65592777c2715cda3fa4dc5b326eac3a6cf,10
,,,00113058,한화생명,2019,11011,사업보고서,IFRS4,Y,-,"보고서 사업연도 >= 2023 이면 IFRS17, 아니면 IFRS4",-,현금배당수익률(%),2019-12-31,우선주,-,api,alotMatter,"{""bsns_year"": ""2019"", ""corp_code"": ""00113058"", ""reprt_code"": ""11011""}",20200331001872,api_row,2026-08-31T15:47:03+09:00,000,run_20260831_152517_0596,raw/alotMatter/00113058_2019_11011.json,c215049a0d16699f3deabc3e2b0bc65592777c2715cda3fa4dc5b326eac3a6cf,10
,,,00113058,한화생명,2019,11011,사업보고서,IFRS4,Y,-,"보고서 사업연도 >= 2023 이면 IFRS17, 아니면 IFRS4",-,주식배당수익률(%),2019-12-31,보통주,-,api,alotMatter,"{""bsns_year"": ""2019"", ""corp_code"": ""00113058"", ""reprt_code"": ""11011""}",20200331001872,api_row,2026-08-31T15:47:03+09:00,000,run_20260831_152517_0596,raw/alotMatter/00113058_2019_11011.json,c215049a0d16699f3deabc3e2b0bc65592777c2715cda3fa4dc5b326eac3a6cf,10
,,,00113058,한화생명,2019,11011,사업보고서,IFRS4,Y,-,"보고서 사업연도 >= 2023 이면 IFRS17, 아니면 IFRS4",-,주식배당수익률(%),2019-12-31,우선주,-,api,alotMatter,"{""bsns_year"": ""2019"", ""corp_code"": ""00113058"", ""reprt_code"": ""11011""}",20200331001872,api_row,2026-08-31T15:47:03+09:00,000,run_20260831_152517_0596,raw/alotMatter/00113058_2019_11011.json,c215049a0d16699f3deabc3e2b0bc65592777c2715cda3fa4dc5b326eac3a6cf,10
,,,00113058,한화생명,2019,11011,사업보고서,IFRS4,Y,100,"보고서 사업연도 >= 2023 이면 IFRS17, 아니면 IFRS4",140,주당 현금배당금(원),2019-12-31,보통주,30,api,alotMatter,"{""bsns_year"": ""2019"", ""corp_code"": ""00113058"", ""reprt_code"": ""11011""}",20200331001872,api_row,2026-08-31T15:47:03+09:00,000,run_20260831_152517_0596,raw/alotMatter/00113058_2019_11011.json,c215049a0d16699f3deabc3e2b0bc65592777c2715cda3fa4dc5b326eac3a6cf,10
,,,00113058,한화생명,2019,11011,사업보고서,IFRS4,Y,-,"보고서 사업연도 >= 2023 이면 IFRS17, 아니면 IFRS4",-,주당 현금배당금(원),2019-12-31,우선주,-,api,alotMatter,"{""bsns_year"": ""2019"", ""corp_code"": ""00113058"", ""reprt_code"": ""11011""}",20200331001872,api_row,2026-08-31T15:47:03+09:00,000,run_20260831_152517_0596,raw/alotMatter/00113058_2019_11011.json,c215049a0d16699f3deabc3e2b0bc65592777c2715cda3fa4dc5b326eac3a6cf,10
,,,00113058,한화생명,2019,11011,사업보고서,IFRS4,Y,-,"보고서 사업연도 >= 2023 이면 IFRS17, 아니면 IFRS4",-,주당 주식배당(주),2019-12-31,보통주,-,api,alotMatter,"{""bsns_year"": ""2019"", ""corp_code"": ""00113058"", ""reprt_code"": ""11011""}",20200331001872,api_row,2026-08-31T15:47:03+09:00,000,run_20260831_152517_0596,raw/alotMatter/00113058_2019_11011.json,c215049a0d16699f3deabc3e2b0bc65592777c2715cda3fa4dc5b326eac3a6cf,10
,,,00113058,한화생명,2019,11011,사업보고서,IFRS4,Y,-,"보고서 사업연도 >= 2023 이면 IFRS17, 아니면 IFRS4",-,주당 주식배당(주),2019-12-31,우선주,-,api,alotMatter,"{""bsns_year"": ""2019"", ""corp_code"": ""00113058"", ""reprt_code"": ""11011""}",20200331001872,api_row,2026-08-31T15:47:03+09:00,000,run_20260831_152517_0596,raw/alotMatter/00113058_2019_11011.json,c215049a0d16699f3deabc3e2b0bc65592777c2715cda3fa4dc5b326eac3a6cf,10
,,,00176792,오렌지라이프생명보험,2019,11011,사업보고서,IFRS4,E,"1,000","보고서 사업연도 >= 2023 이면 IFRS17, 아니면 IFRS4","1,000",주당액면가액(원),2019-12-31,-,"1,000",api,alotMatter,"{""bsns_year"": ""2019"", ""corp_code"": ""00176792"", ""reprt_code"": ""11011""}",20200330003387,api_row,2026-08-31T16:10:30+09:00,000,run_20260831_152517_1261,raw/alotMatter/00176792_2019_11011.json,37cdc2564033f1e447338f8838715294f8018dc17be99458fc7866878fad0e3a,10
,,,00176792,오렌지라이프생명보험,2019,11011,사업보고서,IFRS4,E,"311,269","보고서 사업연도 >= 2023 이면 IFRS17, 아니면 IFRS4","340,236",(연결)당기순이익(백만원),2019-12-31,-,"271,455",api,alotMatter,"{""bsns_year"": ""2019"", ""corp_code"": ""00176792"", ""reprt_code"": ""11011""}",20200330003387,api_row,2026-08-31T16:10:30+09:00,000,run_20260831_152517_1261,raw/alotMatter/00176792_2019_11011.json,37cdc2564033f1e447338f8838715294f8018dc17be99458fc7866878fad0e3a,10
,,,00176792,오렌지라이프생명보험,2019,11011,사업보고서,IFRS4,E,-,"보고서 사업연도 >= 2023 이면 IFRS17, 아니면 IFRS4",-,(별도)당기순이익(백만원),2019-12-31,-,-,api,alotMatter,"{""bsns_year"": ""2019"", ""corp_code"": ""00176792"", ""reprt_code"": ""11011""}",20200330003387,api_row,2026-08-31T16:10:30+09:00,000,run_20260831_152517_1261,raw/alotMatter/00176792_2019_11011.json,37cdc2564033f1e447338f8838715294f8018dc17be99458fc7866878fad0e3a,10
,,,00176792,오렌지라이프생명보험,2019,11011,사업보고서,IFRS4,E,"3,796","보고서 사업연도 >= 2023 이면 IFRS17, 아니면 IFRS4","4,149",(연결)주당순이익(원),2019-12-31,-,"3,351",api,alotMatter,"{""bsns_year"": ""2019"", ""corp_code"": ""00176792"", ""reprt_code"": ""11011""}",20200330003387,api_row,2026-08-31T16:10:30+09:00,000,run_20260831_152517_1261,raw/alotMatter/00176792_2019_11011.json,37cdc2564033f1e447338f8838715294f8018dc17be99458fc7866878fad0e3a,10
,,,00176792,오렌지라이프생명보험,2019,11011,사업보고서,IFRS4,E,"213,200","보고서 사업연도 >= 2023 이면 IFRS17, 아니면 IFRS4","196,800",현금배당금총액(백만원),2019-12-31,-,"169,493",api,alotMatter,"{""bsns_year"": ""2019"", ""corp_code"": ""00176792"", ""reprt_code"": ""11011""}",20200330003387,api_row,2026-08-31T16:10:30+09:00,000,run_20260831_152517_1261,raw/alotMatter/00176792_2019_11011.json,37cdc2564033f1e447338f8838715294f8018dc17be99458fc7866878fad0e3a,10
,,,00176792,오렌지라이프생명보험,2019,11011,사업보고서,IFRS4,E,-,"보고서 사업연도 >= 2023 이면 IFRS17, 아니면 IFRS4",-,주식배당금총액(백만원),2019-12-31,-,-,api,alotMatter,"{""bsns_year"": ""2019"", ""corp_code"": ""00176792"", ""reprt_code"": ""11011""}",20200330003387,api_row,2026-08-31T16:10:30+09:00,000,run_20260831_152517_1261,raw/alotMatter/00176792_2019_11011.json,37cdc2564033f1e447338f8838715294f8018dc17be99458fc7866878fad0e3a,10
,,,00176792,오렌지라이프생명보험,2019,11011,사업보고서,IFRS4,E,68.49,"보고서 사업연도 >= 2023 이면 IFRS17, 아니면 IFRS4",57.84,(연결)현금배당성향(%),2019-12-31,-,62.44,api,alotMatter,"{""bsns_year"": ""2019"", ""corp_code"": ""00176792"", ""reprt_code"": ""11011""}",20200330003387,api_row,2026-08-31T16:10:30+09:00,000,run_20260831_152517_1261,raw/alotMatter/00176792_2019_11011.json,37cdc2564033f1e447338f8838715294f8018dc17be99458fc7866878fad0e3a,10
,,,00176792,오렌지라이프생명보험,2019,11011,사업보고서,IFRS4,E,8.97,"보고서 사업연도 >= 2023 이면 IFRS17, 아니면 IFRS4",4.42,현금배당수익률(%),2019-12-31,보통주,7.06,api,alotMatter,"{""bsns_year"": ""2019"", ""corp_code"": ""00176792"", ""reprt_code"": ""11011""}",20200330003387,api_row,2026-08-31T16:10:30+09:00,000,run_20260831_152517_1261,raw/alotMatter/00176792_2019_11011.json,37cdc2564033f1e447338f8838715294f8018dc17be99458fc7866878fad0e3a,10
,,,00176792,오렌지라이프생명보험,2019,11011,사업보고서,IFRS4,E,-,"보고서 사업연도 >= 2023 이면 IFRS17, 아니면 IFRS4",-,현금배당수익률(%),2019-12-31,-,-,api,alotMatter,"{""bsns_year"": ""2019"", ""corp_code"": ""00176792"", ""reprt_code"": ""11011""}",20200330003387,api_row,2026-08-31T16:10:30+09:00,000,run_20260831_152517_1261,raw/alotMatter/00176792_2019_11011.json,37cdc2564033f1e447338f8838715294f8018dc17be99458fc7866878fad0e3a,10
,,,00176792,오렌지라이프생명보험,2019,11011,사업보고서,IFRS4,E,-,"보고서 사업연도 >= 2023 이면 IFRS17, 아니면 IFRS4",-,주식배당수익률(%),2019-12-31,보통주,-,api,alotMatter,"{""bsns_year"": ""2019"", ""corp_code"": ""00176792"", ""reprt_code"": ""11011""}",20200330003387,api_row,2026-08-31T16:10:30+09:00,000,run_20260831_152517_1261,raw/alotMatter/00176792_2019_11011.json,37cdc2564033f1e447338f8838715294f8018dc17be99458fc7866878fad0e3a,10
,,,00176792,오렌지라이프생명보험,2019,11011,사업보고서,IFRS4,E,-,"보고서 사업연도 >= 2023 이면 IFRS17, 아니면 IFRS4",-,주식배당수익률(%),2019-12-31,-,-,api,alotMatter,"{""bsns_year"": ""2019"", ""corp_code"": ""00176792"", ""reprt_code"": ""11011""}",20200330003387,api_row,2026-08-31T16:10:30+09:00,000,run_20260831_152517_1261,raw/alotMatter/00176792_2019_11011.json,37cdc2564033f1e447338f8838715294f8018dc17be99458fc7866878fad0e3a,10
,,,00176792,오렌지라이프생명보험,2019,11011,사업보고서,IFRS4,E,"2,600","보고서 사업연도 >= 2023 이면 IFRS17, 아니면 IFRS4","2,400",주당 현금배당금(원),2019-12-31,보통주,"2,100",api,alotMatter,"{""bsns_year"": ""2019"", ""corp_code"": ""00176792"", ""reprt_code"": ""11011""}",20200330003387,api_row,2026-08-31T16:10:30+09:00,000,run_20260831_152517_1261,raw/alotMatter/00176792_2019_11011.json,37cdc2564033f1e447338f8838715294f8018dc17be99458fc7866878fad0e3a,10
,,,00176792,오렌지라이프생명보험,2019,11011,사업보고서,IFRS4,E,-,"보고서 사업연도 >= 2023 이면 IFRS17, 아니면 IFRS4",-,주당 현금배당금(원),2019-12-31,-,-,api,alotMatter,"{""bsns_year"": ""2019"", ""corp_code"": ""00176792"", ""reprt_code"": ""11011""}",20200330003387,api_row,2026-08-31T16:10:30+09:00,000,run_20260831_152517_1261,raw/alotMatter/00176792_2019_11011.json,37cdc2564033f1e447338f8838715294f8018dc17be99458fc7866878fad0e3a,10
,,,00176792,오렌지라이프생명보험,2019,11011,사업보고서,IFRS4,E,-,"보고서 사업연도 >= 2023 이면 IFRS17, 아니면 IFRS4",-,주당 주식배당(주),2019-12-31,보통주,-,api,alotMatter,"{""bsns_year"": ""2019"", ""corp_code"": ""00176792"", ""reprt_code"": ""11011""}",20200330003387,api_row,2026-08-31T16:10:30+09:00,000,run_20260831_152517_1261,raw/alotMatter/00176792_2019_11011.json,37cdc2564033f1e447338f8838715294f8018dc17be99458fc7866878fad0e3a,10
,,,00176792,오렌지라이프생명보험,2019,11011,사업보고서,IFRS4,E,-,"보고서 사업연도 >= 2023 이면 IFRS17, 아니면 IFRS4",-,주당 주식배당(주),2019-12-31,-,-,api,alotMatter,"{""bsns_year"": ""2019"", ""corp_code"": ""00176792"", ""reprt_code"": ""11011""}",20200330003387,api_row,2026-08-31T16:10:30+09:00,000,run_20260831_152517_1261,raw/alotMatter/00176792_2019_11011.json,37cdc2564033f1e447338f8838715294f8018dc17be99458fc7866878fad0e3a,10
,,,00382199,신한지주,2019,11011,사업보고서,IFRS4,Y,"5,000","보고서 사업연도 >= 2023 이면 IFRS17, 아니면 IFRS4","5,000",주당액면가액(원),2019-12-31,-,"5,000",api,alotMatter,"{""bsns_year"": ""2019"", ""corp_code"": ""00382199"", ""reprt_code"": ""11011""}",20200515002127,api_row,2026-08-31T15:32:09+09:00,000,run_20260831_152517_0172,raw/alotMatter/00382199_2019_11011.json,b1a9b3967d2361ea8de94d12629f78731df6164f7bd188b30be8e2d6532dd56a,10
,,,00382199,신한지주,2019,11011,사업보고서,IFRS4,Y,"3,156,722","보고서 사업연도 >= 2023 이면 IFRS17, 아니면 IFRS4","2,918,816",(연결)당기순이익(백만원),2019-12-31,-,"3,403,497",api,alotMatter,"{""bsns_year"": ""2019"", ""corp_code"": ""00382199"", ""reprt_code"": ""11011""}",20200515002127,api_row,2026-08-31T15:32:09+09:00,000,run_20260831_152517_0172,raw/alotMatter/00382199_2019_11011.json,b1a9b3967d2361ea8de94d12629f78731df6164f7bd188b30be8e2d6532dd56a,10
,,,00382199,신한지주,2019,11011,사업보고서,IFRS4,Y,"1,234,883","보고서 사업연도 >= 2023 이면 IFRS17, 아니면 IFRS4","754,727",(별도)당기순이익(백만원),2019-12-31,-,"1,129,173",api,alotMatter,"{""bsns_year"": ""2019"", ""corp_code"": ""00382199"", ""reprt_code"": ""11011""}",20200515002127,api_row,2026-08-31T15:32:09+09:00,000,run_20260831_152517_0172,raw/alotMatter/00382199_2019_11011.json,b1a9b3967d2361ea8de94d12629f78731df6164f7bd188b30be8e2d6532dd56a,10
,,,00382199,신한지주,2019,11011,사업보고서,IFRS4,Y,"6,579","보고서 사업연도 >= 2023 이면 IFRS17, 아니면 IFRS4","6,118",(연결)주당순이익(원),2019-12-31,-,"7,000",api,alotMatter,"{""bsns_year"": ""2019"", ""corp_code"": ""00382199"", ""reprt_code"": ""11011""}",20200515002127,api_row,2026-08-31T15:32:09+09:00,000,run_20260831_152517_0172,raw/alotMatter/00382199_2019_11011.json,b1a9b3967d2361ea8de94d12629f78731df6164f7bd188b30be8e2d6532dd56a,10
,,,00382199,신한지주,2019,11011,사업보고서,IFRS4,Y,"753,041","보고서 사업연도 >= 2023 이면 IFRS17, 아니면 IFRS4","687,589",현금배당금총액(백만원),2019-12-31,-,"883,929",api,alotMatter,"{""bsns_year"": ""2019"", ""corp_code"": ""00382199"", ""reprt_code"": ""11011""}",20200515002127,api_row,2026-08-31T15:32:09+09:00,000,run_20260831_152517_0172,raw/alotMatter/00382199_2019_11011.json,b1a9b3967d2361ea8de94d12629f78731df6164f7bd188b30be8e2d6532dd56a,10
,,,00382199,신한지주,2019,11011,사업보고서,IFRS4,Y,-,"보고서 사업연도 >= 2023 이면 IFRS17, 아니면 IFRS4",-,주식배당금총액(백만원),2019-12-31,-,-,api,alotMatter,"{""bsns_year"": ""2019"", ""corp_code"": ""00382199"", ""reprt_code"": ""11011""}",20200515002127,api_row,2026-08-31T15:32:09+09:00,000,run_20260831_152517_0172,raw/alotMatter/00382199_2019_11011.json,b1a9b3967d2361ea8de94d12629f78731df6164f7bd188b30be8e2d6532dd56a,10
,,,00382199,신한지주,2019,11011,사업보고서,IFRS4,Y,23.86,"보고서 사업연도 >= 2023 이면 IFRS17, 아니면 IFRS4",23.57,(연결)현금배당성향(%),2019-12-31,-,25.97,api,alotMatter,"{""bsns_year"": ""2019"", ""corp_code"": ""00382199"", ""reprt_code"": ""11011""}",20200515002127,api_row,2026-08-31T15:32:09+09:00,000,run_20260831_152517_0172,raw/alotMatter/00382199_2019_11011.json,b1a9b3967d2361ea8de94d12629f78731df6164f7bd188b30be8e2d6532dd56a,10
,,,00382199,신한지주,2019,11011,사업보고서,IFRS4,Y,3.91,"보고서 사업연도 >= 2023 이면 IFRS17, 아니면 IFRS4",2.85,현금배당수익률(%),2019-12-31,보통주,4.06,api,alotMatter,"{""bsns_year"": ""2019"", ""corp_code"": ""00382199"", ""reprt_code"": ""11011""}",20200515002127,api_row,2026-08-31T15:32:09+09:00,000,run_20260831_152517_0172,raw/alotMatter/00382199_2019_11011.json,b1a9b3967d2361ea8de94d12629f78731df6164f7bd188b30be8e2d6532dd56a,10
,,,00382199,신한지주,2019,11011,사업보고서,IFRS4,Y,-,"보고서 사업연도 >= 2023 이면 IFRS17, 아니면 IFRS4",-,현금배당수익률(%),2019-12-31,우선주,4.06,api,alotMatter,"{""bsns_year"": ""2019"", ""corp_code"": ""00382199"", ""reprt_code"": ""11011""}",20200515002127,api_row,2026-08-31T15:32:09+09:00,000,run_20260831_152517_0172,raw/alotMatter/00382199_2019_11011.json,b1a9b3967d2361ea8de94d12629f78731df6164f7bd188b30be8e2d6532dd56a,10
,,,00382199,신한지주,2019,11011,사업보고서,IFRS4,Y,-,"보고서 사업연도 >= 2023 이면 IFRS17, 아니면 IFRS4",-,주식배당수익률(%),2019-12-31,보통주,-,api,alotMatter,"{""bsns_year"": ""2019"", ""corp_code"": ""00382199"", ""reprt_code"": ""11011""}",20200515002127,api_row,2026-08-31T15:32:09+09:00,000,run_20260831_152517_0172,raw/alotMatter/00382199_2019_11011.json,b1a9b3967d2361ea8de94d12629f78731df6164f7bd188b30be8e2d6532dd56a,10
,,,00382199,신한지주,2019,11011,사업보고서,IFRS4,Y,-,"보고서 사업연도 >= 2023 이면 IFRS17, 아니면 IFRS4",-,주식배당수익률(%),2019-12-31,우선주,-,api,alotMatter,"{""bsns_year"": ""2019"", ""corp_code"": ""00382199"", ""reprt_code"": ""11011""}",20200515002127,api_row,2026-08-31T15:32:09+09:00,000,run_20260831_152517_0172,raw/alotMatter/00382199_2019_11011.json,b1a9b3967d2361ea8de94d12629f78731df6164f7bd188b30be8e2d6532dd56a,10
,,,00382199,신한지주,2019,11011,사업보고서,IFRS4,Y,"1,600","보고서 사업연도 >= 2023 이면 IFRS17, 아니면 IFRS4","1,450",주당 현금배당금(원),2019-12-31,보통주,"1,850",api,alotMatter,"{""bsns_year"": ""2019"", ""corp_code"": ""00382199"", ""reprt_code"": ""11011""}",20200515002127,api_row,2026-08-31T15:32:09+09:00,000,run_20260831_152517_0172,raw/alotMatter/00382199_2019_11011.json,b1a9b3967d2361ea8de94d12629f78731df6164f7bd188b30be8e2d6532dd56a,10
,,,00382199,신한지주,2019,11011,사업보고서,IFRS4,Y,-,"보고서 사업연도 >= 2023 이면 IFRS17, 아니면 IFRS4",-,주당 현금배당금(원),2019-12-31,우선주,"1,850",api,alotMatter,"{""bsns_year"": ""2019"", ""corp_code"": ""00382199"", ""reprt_code"": ""11011""}",20200515002127,api_row,2026-08-31T15:32:09+09:00,000,run_20260831_152517_0172,raw/alotMatter/00382199_2019_11011.json,b1a9b3967d2361ea8de94d12629f78731df6164f7bd188b30be8e2d6532dd56a,10
,,,00382199,신한지주,2019,11011,사업보고서,IFRS4,Y,-,"보고서 사업연도 >= 2023 이면 IFRS17, 아니면 IFRS4",-,주당 주식배당(주),2019-12-31,보통주,-,api,alotMatter,"{""bsns_year"": ""2019"", ""corp_code"": ""00382199"", ""reprt_code"": ""11011""}",20200515002127,api_row,2026-08-31T15:32:09+09:00,000,run_20260831_152517_0172,raw/alotMatter/00382199_2019_11011.json,b1a9b3967d2361ea8de94d12629f78731df6164f7bd188b30be8e2d6532dd56a,10
,,,00382199,신한지주,2019,11011,사업보고서,IFRS4,Y,-,"보고서 사업연도 >= 2023 이면 IFRS17, 아니면 IFRS4",-,주당 주식배당(주),2019-12-31,우선주,-,api,alotMatter,"{""bsns_year"": ""2019"", ""corp_code"": ""00382199"", ""reprt_code"": ""11011""}",20200515002127,api_row,2026-08-31T15:32:09+09:00,000,run_20260831_152517_0172,raw/alotMatter/00382199_2019_11011.json,b1a9b3967d2361ea8de94d12629f78731df6164f7bd188b30be8e2d6532dd56a,10
,,,00688996,KB금융,2019,11011,사업보고서,IFRS4,Y,"5,000","보고서 사업연도 >= 2023 이면 IFRS17, 아니면 IFRS4","5,000",주당액면가액(원),2019-12-31,-,"5,000",api,alotMatter,"{""bsns_year"": ""2019"", ""corp_code"": ""00688996"", ""reprt_code"": ""11011""}",20210427000468,api_row,2026-08-31T15:36:10+09:00,000,run_20260831_152517_0281,raw/alotMatter/00688996_2019_11011.json,f15dd6bc4bb181af166ac32f183fc8819c18bcd00c9fddf34709ea92f3c0db4e,10
,,,00688996,KB금융,2019,11011,사업보고서,IFRS4,Y,"3,061,191","보고서 사업연도 >= 2023 이면 IFRS17, 아니면 IFRS4","3,311,438",(연결)당기순이익(백만원),2019-12-31,-,"3,311,828",api,alotMatter,"{""bsns_year"": ""2019"", ""corp_code"": ""00688996"", ""reprt_code"": ""11011""}",20210427000468,api_row,2026-08-31T15:36:10+09:00,000,run_20260831_152517_0281,raw/alotMatter/00688996_2019_11011.json,f15dd6bc4bb181af166ac32f183fc8819c18bcd00c9fddf34709ea92f3c0db4e,10
,,,00688996,KB금융,2019,11011,사업보고서,IFRS4,Y,-,"보고서 사업연도 >= 2023 이면 IFRS17, 아니면 IFRS4",-,(별도)당기순이익(백만원),2019-12-31,-,-,api,alotMatter,"{""bsns_year"": ""2019"", ""corp_code"": ""00688996"", ""reprt_code"": ""11011""}",20210427000468,api_row,2026-08-31T15:36:10+09:00,000,run_20260831_152517_0281,raw/alotMatter/00688996_2019_11011.json,f15dd6bc4bb181af166ac32f183fc8819c18bcd00c9fddf34709ea92f3c0db4e,10
,,,00688996,KB금융,2019,11011,사업보고서,IFRS4,Y,"7,721","보고서 사업연도 >= 2023 이면 IFRS17, 아니면 IFRS4","8,305",(연결)주당순이익(원),2019-12-31,-,"8,451",api,alotMatter,"{""bsns_year"": ""2019"", ""corp_code"": ""00688996"", ""reprt_code"": ""11011""}",20210427000468,api_row,2026-08-31T15:36:10+09:00,000,run_20260831_152517_0281,raw/alotMatter/00688996_2019_11011.json,f15dd6bc4bb181af166ac32f183fc8819c18bcd00c9fddf34709ea92f3c0db4e,10
,,,00688996,KB금융,2019,11011,사업보고서,IFRS4,Y,"759,736","보고서 사업연도 >= 2023 이면 IFRS17, 아니면 IFRS4","766,728",현금배당금총액(백만원),2019-12-31,-,"861,092",api,alotMatter,"{""bsns_year"": ""2019"", ""corp_code"": ""00688996"", ""reprt_code"": ""11011""}",20210427000468,api_row,2026-08-31T15:36:10+09:00,000,run_20260831_152517_0281,raw/alotMatter/00688996_2019_11011.json,f15dd6bc4bb181af166ac32f183fc8819c18bcd00c9fddf34709ea92f3c0db4e,10
,,,00688996,KB금융,2019,11011,사업보고서,IFRS4,Y,-,"보고서 사업연도 >= 2023 이면 IFRS17, 아니면 IFRS4",-,주식배당금총액(백만원),2019-12-31,-,-,api,alotMatter,"{""bsns_year"": ""2019"", ""corp_code"": ""00688996"", ""reprt_code"": ""11011""}",20210427000468,api_row,2026-08-31T15:36:10+09:00,000,run_20260831_152517_0281,raw/alotMatter/00688996_2019_11011.json,f15dd6bc4bb181af166ac32f183fc8819c18bcd00c9fddf34709ea92f3c0db4e,10
,,,00688996,KB금융,2019,11011,사업보고서,IFRS4,Y,24.80,"보고서 사업연도 >= 2023 이면 IFRS17, 아니면 IFRS4",23.20,(연결)현금배당성향(%),2019-12-31,-,26.00,api,alotMatter,"{""bsns_year"": ""2019"", ""corp_code"": ""00688996"", ""reprt_code"": ""11011""}",20210427000468,api_row,2026-08-31T15:36:10+09:00,000,run_20260831_152517_0281,raw/alotMatter/00688996_2019_11011.json,f15dd6bc4bb181af166ac32f183fc8819c18bcd00c9fddf34709ea92f3c0db4e,10
,,,00688996,KB금융,2019,11011,사업보고서,IFRS4,Y,4.00,"보고서 사업연도 >= 2023 이면 IFRS17, 아니면 IFRS4",3.10,현금배당수익률(%),2019-12-31,보통주,4.50,api,alotMatter,"{""bsns_year"": ""2019"", ""corp_code"": ""00688996"", ""reprt_code"": ""11011""}",20210427000468,api_row,2026-08-31T15:36:10+09:00,000,run_20260831_152517_0281,raw/alotMatter/00688996_2019_11011.json,f15dd6bc4bb181af166ac32f183fc8819c18bcd00c9fddf34709ea92f3c0db4e,10
,,,00688996,KB금융,2019,11011,사업보고서,IFRS4,Y,-,"보고서 사업연도 >= 2023 이면 IFRS17, 아니면 IFRS4",-,현금배당수익률(%),2019-12-31,-,-,api,alotMatter,"{""bsns_year"": ""2019"", ""corp_code"": ""00688996"", ""reprt_code"": ""11011""}",20210427000468,api_row,2026-08-31T15:36:10+09:00,000,run_20260831_152517_0281,raw/alotMatter/00688996_2019_11011.json,f15dd6bc4bb181af166ac32f183fc8819c18bcd00c9fddf34709ea92f3c0db4e,10
,,,00688996,KB금융,2019,11011,사업보고서,IFRS4,Y,-,"보고서 사업연도 >= 2023 이면 IFRS17, 아니면 IFRS4",-,주식배당수익률(%),2019-12-31,보통주,-,api,alotMatter,"{""bsns_year"": ""2019"", ""corp_code"": ""00688996"", ""reprt_code"": ""11011""}",20210427000468,api_row,2026-08-31T15:36:10+09:00,000,run_20260831_152517_0281,raw/alotMatter/00688996_2019_11011.json,f15dd6bc4bb181af166ac32f183fc8819c18bcd00c9fddf34709ea92f3c0db4e,10
,,,00688996,KB금융,2019,11011,사업보고서,IFRS4,Y,-,"보고서 사업연도 >= 2023 이면 IFRS17, 아니면 IFRS4",-,주식배당수익률(%),2019-12-31,-,-,api,alotMatter,"{""bsns_year"": ""2019"", ""corp_code"": ""00688996"", ""reprt_code"": ""11011""}",20210427000468,api_row,2026-08-31T15:36:10+09:00,000,run_20260831_152517_0281,raw/alotMatter/00688996_2019_11011.json,f15dd6bc4bb181af166ac32f183fc8819c18bcd00c9fddf34709ea92f3c0db4e,10
,,,00688996,KB금융,2019,11011,사업보고서,IFRS4,Y,"1,920","보고서 사업연도 >= 2023 이면 IFRS17, 아니면 IFRS4","1,920",주당 현금배당금(원),2019-12-31,보통주,"2,210",api,alotMatter,"{""bsns_year"": ""2019"", ""corp_code"": ""00688996"", ""reprt_code"": ""11011""}",20210427000468,api_row,2026-08-31T15:36:10+09:00,000,run_20260831_152517_0281,raw/alotMatter/00688996_2019_11011.json,f15dd6bc4bb181af166ac32f183fc8819c18bcd00c9fddf34709ea92f3c0db4e,10
,,,00688996,KB금융,2019,11011,사업보고서,IFRS4,Y,-,"보고서 사업연도 >= 2023 이면 IFRS17, 아니면 IFRS4",-,주당 현금배당금(원),2019-12-31,-,-,api,alotMatter,"{""bsns_year"": ""2019"", ""corp_code"": ""00688996"", ""reprt_code"": ""11011""}",20210427000468,api_row,2026-08-31T15:36:10+09:00,000,run_20260831_152517_0281,raw/alotMatter/00688996_2019_11011.json,f15dd6bc4bb181af166ac32f183fc8819c18bcd00c9fddf34709ea92f3c0db4e,10
,,,00688996,KB금융,2019,11011,사업보고서,IFRS4,Y,-,"보고서 사업연도 >= 2023 이면 IFRS17, 아니면 IFRS4",-,주당 주식배당(주),2019-12-31,보통주,-,api,alotMatter,"{""bsns_year"": ""2019"", ""corp_code"": ""00688996"", ""reprt_code"": ""11011""}",20210427000468,api_row,2026-08-31T15:36:10+09:00,000,run_20260831_152517_0281,raw/alotMatter/00688996_2019_11011.json,f15dd6bc4bb181af166ac32f183fc8819c18bcd00c9fddf34709ea92f3c0db4e,10
,,,00688996,KB금융,2019,11011,사업보고서,IFRS4,Y,-,"보고서 사업연도 >= 2023 이면 IFRS17, 아니면 IFRS4",-,주당 주식배당(주),2019-12-31,-,-,api,alotMatter,"{""bsns_year"": ""2019"", ""corp_code"": ""00688996"", ""reprt_code"": ""11011""}",20210427000468,api_row,2026-08-31T15:36:10+09:00,000,run_20260831_152517_0281,raw/alotMatter/00688996_2019_11011.json,f15dd6bc4bb181af166ac32f183fc8819c18bcd00c9fddf34709ea92f3c0db4e,10
,,,00878915,iM금융지주,2019,11011,사업보고서,IFRS4,Y,"5,000","보고서 사업연도 >= 2023 이면 IFRS17, 아니면 IFRS4","5,000",주당액면가액(원),2019-12-31,-,"5,000",api,alotMatter,"{""bsns_year"": ""2019"", ""corp_code"": ""00878915"", ""reprt_code"": ""11011""}",20200330003513,api_row,2026-08-31T15:39:56+09:00,000,run_20260831_152517_0398,raw/alotMatter/00878915_2019_11011.json,a2654c9c41aeded2de02bf63cf1512ecfaf4e580cdd54b87084eb8b89833e6b8,10
,,,00878915,iM금융지주,2019,11011,사업보고서,IFRS4,Y,"381,107","보고서 사업연도 >= 2023 이면 IFRS17, 아니면 IFRS4","297,226",(연결)당기순이익(백만원),2019-12-31,-,"327,408",api,alotMatter,"{""bsns_year"": ""2019"", ""corp_code"": ""00878915"", ""reprt_code"": ""11011""}",20200330003513,api_row,2026-08-31T15:39:56+09:00,000,run_20260831_152517_0398,raw/alotMatter/00878915_2019_11011.json,a2654c9c41aeded2de02bf63cf1512ecfaf4e580cdd54b87084eb8b89833e6b8,10
,,,00878915,iM금융지주,2019,11011,사업보고서,IFRS4,Y,"99,248","보고서 사업연도 >= 2023 이면 IFRS17, 아니면 IFRS4","87,842",(별도)당기순이익(백만원),2019-12-31,-,"79,435",api,alotMatter,"{""bsns_year"": ""2019"", ""corp_code"": ""00878915"", ""reprt_code"": ""11011""}",20200330003513,api_row,2026-08-31T15:39:56+09:00,000,run_20260831_152517_0398,raw/alotMatter/00878915_2019_11011.json,a2654c9c41aeded2de02bf63cf1512ecfaf4e580cdd54b87084eb8b89833e6b8,10
,,,00878915,iM금융지주,2019,11011,사업보고서,IFRS4,Y,"2,219","보고서 사업연도 >= 2023 이면 IFRS17, 아니면 IFRS4","1,757",(연결)주당순이익(원),2019-12-31,-,"1,900",api,alotMatter,"{""bsns_year"": ""2019"", ""corp_code"": ""00878915"", ""reprt_code"": ""11011""}",20200330003513,api_row,2026-08-31T15:39:56+09:00,000,run_20260831_152517_0398,raw/alotMatter/00878915_2019_11011.json,a2654c9c41aeded2de02bf63cf1512ecfaf4e580cdd54b87084eb8b89833e6b8,10
,,,00878915,iM금융지주,2019,11011,사업보고서,IFRS4,Y,"60,892","보고서 사업연도 >= 2023 이면 IFRS17, 아니면 IFRS4","57,510",현금배당금총액(백만원),2019-12-31,-,"69,350",api,alotMatter,"{""bsns_year"": ""2019"", ""corp_code"": ""00878915"", ""reprt_code"": ""11011""}",20200330003513,api_row,2026-08-31T15:39:56+09:00,000,run_20260831_152517_0398,raw/alotMatter/00878915_2019_11011.json,a2654c9c41aeded2de02bf63cf1512ecfaf4e580cdd54b87084eb8b89833e6b8,10
,,,00878915,iM금융지주,2019,11011,사업보고서,IFRS4,Y,-,"보고서 사업연도 >= 2023 이면 IFRS17, 아니면 IFRS4",-,주식배당금총액(백만원),2019-12-31,-,-,api,alotMatter,"{""bsns_year"": ""2019"", ""corp_code"": ""00878915"", ""reprt_code"": ""11011""}",20200330003513,api_row,2026-08-31T15:39:56+09:00,000,run_20260831_152517_0398,raw/alotMatter/00878915_2019_11011.json,a2654c9c41aeded2de02bf63cf1512ecfaf4e580cdd54b87084eb8b89833e6b8,10
,,,00878915,iM금융지주,2019,11011,사업보고서,IFRS4,Y,16.00,"보고서 사업연도 >= 2023 이면 IFRS17, 아니면 IFRS4",19.30,(연결)현금배당성향(%),2019-12-31,-,21.20,api,alotMatter,"{""bsns_year"": ""2019"", ""corp_code"": ""00878915"", ""reprt_code"": ""11011""}",20200330003513,api_row,2026-08-31T15:39:56+09:00,000,run_20260831_152517_0398,raw/alotMatter/00878915_2019_11011.json,a2654c9c41aeded2de02bf63cf1512ecfaf4e580cdd54b87084eb8b89833e6b8,10
,,,00878915,iM금융지주,2019,11011,사업보고서,IFRS4,Y,4.14,"보고서 사업연도 >= 2023 이면 IFRS17, 아니면 IFRS4",3.15,현금배당수익률(%),2019-12-31,보통주,5.53,api,alotMatter,"{""bsns_year"": ""2019"", ""corp_code"": ""00878915"", ""reprt_code"": ""11011""}",20200330003513,api_row,2026-08-31T15:39:56+09:00,000,run_20260831_152517_0398,raw/alotMatter/00878915_2019_11011.json,a2654c9c41aeded2de02bf63cf1512ecfaf4e580cdd54b87084eb8b89833e6b8,10
,,,00878915,iM금융지주,2019,11011,사업보고서,IFRS4,Y,-,"보고서 사업연도 >= 2023 이면 IFRS17, 아니면 IFRS4",-,현금배당수익률(%),2019-12-31,-,-,api,alotMatter,"{""bsns_year"": ""2019"", ""corp_code"": ""00878915"", ""reprt_code"": ""11011""}",20200330003513,api_row,2026-08-31T15:39:56+09:00,000,run_20260831_152517_0398,raw/alotMatter/00878915_2019_11011.json,a2654c9c41aeded2de02bf63cf1512ecfaf4e580cdd54b87084eb8b89833e6b8,10
,,,00878915,iM금융지주,2019,11011,사업보고서,IFRS4,Y,-,"보고서 사업연도 >= 2023 이면 IFRS17, 아니면 IFRS4",-,주식배당수익률(%),2019-12-31,보통주,-,api,alotMatter,"{""bsns_year"": ""2019"", ""corp_code"": ""00878915"", ""reprt_code"": ""11011""}",20200330003513,api_row,2026-08-31T15:39:56+09:00,000,run_20260831_152517_0398,raw/alotMatter/00878915_2019_11011.json,a2654c9c41aeded2de02bf63cf1512ecfaf4e580cdd54b87084eb8b89833e6b8,10
,,,00878915,iM금융지주,2019,11011,사업보고서,IFRS4,Y,-,"보고서 사업연도 >= 2023 이면 IFRS17, 아니면 IFRS4",-,주식배당수익률(%),2019-12-31,-,-,api,alotMatter,"{""bsns_year"": ""2019"", ""corp_code"": ""00878915"", ""reprt_code"": ""11011""}",20200330003513,api_row,2026-08-31T15:39:56+09:00,000,run_20260831_152517_0398,raw/alotMatter/00878915_2019_11011.json,a2654c9c41aeded2de02bf63cf1512ecfaf4e580cdd54b87084eb8b89833e6b8,10
,,,00878915,iM금융지주,2019,11011,사업보고서,IFRS4,Y,360,"보고서 사업연도 >= 2023 이면 IFRS17, 아니면 IFRS4",340,주당 현금배당금(원),2019-12-31,보통주,410,api,alotMatter,"{""bsns_year"": ""2019"", ""corp_code"": ""00878915"", ""reprt_code"": ""11011""}",20200330003513,api_row,2026-08-31T15:39:56+09:00,000,run_20260831_152517_0398,raw/alotMatter/00878915_2019_11011.json,a2654c9c41aeded2de02bf63cf1512ecfaf4e580cdd54b87084eb8b89833e6b8,10
,,,00878915,iM금융지주,2019,11011,사업보고서,IFRS4,Y,-,"보고서 사업연도 >= 2023 이면 IFRS17, 아니면 IFRS4",-,주당 현금배당금(원),2019-12-31,-,-,api,alotMatter,"{""bsns_year"": ""2019"", ""corp_code"": ""00878915"", ""reprt_code"": ""11011""}",20200330003513,api_row,2026-08-31T15:39:56+09:00,000,run_20260831_152517_0398,raw/alotMatter/00878915_2019_11011.json,a2654c9c41aeded2de02bf63cf1512ecfaf4e580cdd54b87084eb8b89833e6b8,10
,,,00878915,iM금융지주,2019,11011,사업보고서,IFRS4,Y,-,"보고서 사업연도 >= 2023 이면 IFRS17, 아니면 IFRS4",-,주당 주식배당(주),2019-12-31,보통주,-,api,alotMatter,"{""bsns_year"": ""2019"", ""corp_code"": ""00878915"", ""reprt_code"": ""11011""}",20200330003513,api_row,2026-08-31T15:39:56+09:00,000,run_20260831_152517_0398,raw/alotMatter/00878915_2019_11011.json,a2654c9c41aeded2de02bf63cf1512ecfaf4e580cdd54b87084eb8b89833e6b8,10
,,,00878915,iM금융지주,2019,11011,사업보고서,IFRS4,Y,-,"보고서 사업연도 >= 2023 이면 IFRS17, 아니면 IFRS4",-,주당 주식배당(주),2019-12-31,-,-,api,alotMatter,"{""bsns_year"": ""2019"", ""corp_code"": ""00878915"", ""reprt_code"": ""11011""}",20200330003513,api_row,2026-08-31T15:39:56+09:00,000,run_20260831_152517_0398,raw/alotMatter/00878915_2019_11011.json,a2654c9c41aeded2de02bf63cf1512ecfaf4e580cdd54b87084eb8b89833e6b8,10
,,,01350869,우리금융지주,2019,11011,사업보고서,IFRS4,Y,-,"보고서 사업연도 >= 2023 이면 IFRS17, 아니면 IFRS4",-,주당액면가액(원),2019-12-31,-,"5,000",api,alotMatter,"{""bsns_year"": ""2019"", ""corp_code"": ""01350869"", ""reprt_code"": ""11011""}",20200330004490,api_row,2026-08-31T15:42:56+09:00,000,run_20260831_152517_0479,raw/alotMatter/01350869_2019_11011.json,e327c92d1b85a1e65e2253b0ad7a6c1745389047f4e298ad84e3db520efa6aad,10
,,,01350869,우리금융지주,2019,11011,사업보고서,IFRS4,Y,-,"보고서 사업연도 >= 2023 이면 IFRS17, 아니면 IFRS4",-,(연결)당기순이익(백만원),2019-12-31,-,"1,872,207",api,alotMatter,"{""bsns_year"": ""2019"", ""corp_code"": ""01350869"", ""reprt_code"": ""11011""}",20200330004490,api_row,2026-08-31T15:42:56+09:00,000,run_20260831_152517_0479,raw/alotMatter/01350869_2019_11011.json,e327c92d1b85a1e65e2253b0ad7a6c1745389047f4e298ad84e3db520efa6aad,10
,,,01350869,우리금융지주,2019,11011,사업보고서,IFRS4,Y,-,"보고서 사업연도 >= 2023 이면 IFRS17, 아니면 IFRS4",-,(별도)당기순이익(백만원),2019-12-31,-,"628,293",api,alotMatter,"{""bsns_year"": ""2019"", ""corp_code"": ""01350869"", ""reprt_code"": ""11011""}",20200330004490,api_row,2026-08-31T15:42:56+09:00,000,run_20260831_152517_0479,raw/alotMatter/01350869_2019_11011.json,e327c92d1b85a1e65e2253b0ad7a6c1745389047f4e298ad84e3db520efa6aad,10
,,,01350869,우리금융지주,2019,11011,사업보고서,IFRS4,Y,-,"보고서 사업연도 >= 2023 이면 IFRS17, 아니면 IFRS4",-,(연결)주당순이익(원),2019-12-31,-,"2,727",api,alotMatter,"{""bsns_year"": ""2019"", ""corp_code"": ""01350869"", ""reprt_code"": ""11011""}",20200330004490,api_row,2026-08-31T15:42:56+09:00,000,run_20260831_152517_0479,raw/alotMatter/01350869_2019_11011.json,e327c92d1b85a1e65e2253b0ad7a6c1745389047f4e298ad84e3db520efa6aad,10
,,,01350869,우리금융지주,2019,11011,사업보고서,IFRS4,Y,-,"보고서 사업연도 >= 2023 이면 IFRS17, 아니면 IFRS4",-,현금배당금총액(백만원),2019-12-31,-,"505,587",api,alotMatter,"{""bsns_year"": ""2019"", ""corp_code"": ""01350869"", ""reprt_code"": ""11011""}",20200330004490,api_row,2026-08-31T15:42:56+09:00,000,run_20260831_152517_0479,raw/alotMatter/01350869_2019_11011.json,e327c92d1b85a1e65e2253b0ad7a6c1745389047f4e298ad84e3db520efa6aad,10
,,,01350869,우리금융지주,2019,11011,사업보고서,IFRS4,Y,-,"보고서 사업연도 >= 2023 이면 IFRS17, 아니면 IFRS4",-,주식배당금총액(백만원),2019-12-31,-,-,api,alotMatter,"{""bsns_year"": ""2019"", ""corp_code"": ""01350869"", ""reprt_code"": ""11011""}",20200330004490,api_row,2026-08-31T15:42:56+09:00,000,run_20260831_152517_0479,raw/alotMatter/01350869_2019_11011.json,e327c92d1b85a1e65e2253b0ad7a6c1745389047f4e298ad84e3db520efa6aad,10
,,,01350869,우리금융지주,2019,11011,사업보고서,IFRS4,Y,-,"보고서 사업연도 >= 2023 이면 IFRS17, 아니면 IFRS4",-,(연결)현금배당성향(%),2019-12-31,-,27.00,api,alotMatter,"{""bsns_year"": ""2019"", ""corp_code"": ""01350869"", ""reprt_code"": ""11011""}",20200330004490,api_row,2026-08-31T15:42:56+09:00,000,run_20260831_152517_0479,raw/alotMatter/01350869_2019_11011.json,e327c92d1b85a1e65e2253b0ad7a6c1745389047f4e298ad84e3db520efa6aad,10
,,,01350869,우리금융지주,2019,11011,사업보고서,IFRS4,Y,-,"보고서 사업연도 >= 2023 이면 IFRS17, 아니면 IFRS4",-,현금배당수익률(%),2019-12-31,보통주,5.80,api,alotMatter,"{""bsns_year"": ""2019"", ""corp_code"": ""01350869"", ""reprt_code"": ""11011""}",20200330004490,api_row,2026-08-31T15:42:56+09:00,000,run_20260831_152517_0479,raw/alotMatter/01350869_2019_11011.json,e327c92d1b85a1e65e2253b0ad7a6c1745389047f4e298ad84e3db520efa6aad,10
,,,01350869,우리금융지주,2019,11011,사업보고서,IFRS4,Y,-,"보고서 사업연도 >= 2023 이면 IFRS17, 아니면 IFRS4",-,현금배당수익률(%),2019-12-31,우선주,-,api,alotMatter,"{""bsns_year"": ""2019"", ""corp_code"": ""01350869"", ""reprt_code"": ""11011""}",20200330004490,api_row,2026-08-31T15:42:56+09:00,000,run_20260831_152517_0479,raw/alotMatter/01350869_2019_11011.json,e327c92d1b85a1e65e2253b0ad7a6c1745389047f4e298ad84e3db520efa6aad,10
,,,01350869,우리금융지주,2019,11011,사업보고서,IFRS4,Y,-,"보고서 사업연도 >= 2023 이면 IFRS17, 아니면 IFRS4",-,주식배당수익률(%),2019-12-31,보통주,-,api,alotMatter,"{""bsns_year"": ""2019"", ""corp_code"": ""01350869"", ""reprt_code"": ""11011""}",20200330004490,api_row,2026-08-31T15:42:56+09:00,000,run_20260831_152517_0479,raw/alotMatter/01350869_2019_11011.json,e327c92d1b85a1e65e2253b0ad7a6c1745389047f4e298ad84e3db520efa6aad,10
,,,01350869,우리금융지주,2019,11011,사업보고서,IFRS4,Y,-,"보고서 사업연도 >= 2023 이면 IFRS17, 아니면 IFRS4",-,주식배당수익률(%),2019-12-31,우선주,-,api,alotMatter,"{""bsns_year"": ""2019"", ""corp_code"": ""01350869"", ""reprt_code"": ""11011""}",20200330004490,api_row,2026-08-31T15:42:56+09:00,000,run_20260831_152517_0479,raw/alotMatter/01350869_2019_11011.json,e327c92d1b85a1e65e2253b0ad7a6c1745389047f4e298ad84e3db520efa6aad,10
,,,01350869,우리금융지주,2019,11011,사업보고서,IFRS4,Y,-,"보고서 사업연도 >= 2023 이면 IFRS17, 아니면 IFRS4",-,주당 현금배당금(원),2019-12-31,보통주,700,api,alotMatter,"{""bsns_year"": ""2019"", ""corp_code"": ""01350869"", ""reprt_code"": ""11011""}",20200330004490,api_row,2026-08-31T15:42:56+09:00,000,run_20260831_152517_0479,raw/alotMatter/01350869_2019_11011.json,e327c92d1b85a1e65e2253b0ad7a6c1745389047f4e298ad84e3db520efa6aad,10
,,,01350869,우리금융지주,2019,11011,사업보고서,IFRS4,Y,-,"보고서 사업연도 >= 2023 이면 IFRS17, 아니면 IFRS4",-,주당 현금배당금(원),2019-12-31,우선주,-,api,alotMatter,"{""bsns_year"": ""2019"", ""corp_code"": ""01350869"", ""reprt_code"": ""11011""}",20200330004490,api_row,2026-08-31T15:42:56+09:00,000,run_20260831_152517_0479,raw/alotMatter/01350869_2019_11011.json,e327c92d1b85a1e65e2253b0ad7a6c1745389047f4e298ad84e3db520efa6aad,10
,,,01350869,우리금융지주,2019,11011,사업보고서,IFRS4,Y,-,"보고서 사업연도 >= 2023 이면 IFRS17, 아니면 IFRS4",-,주당 주식배당(주),2019-12-31,보통주,-,api,alotMatter,"{""bsns_year"": ""2019"", ""corp_code"": ""01350869"", ""reprt_code"": ""11011""}",20200330004490,api_row,2026-08-31T15:42:56+09:00,000,run_20260831_152517_0479,raw/alotMatter/01350869_2019_11011.json,e327c92d1b85a1e65e2253b0ad7a6c1745389047f4e298ad84e3db520efa6aad,10
,,,01350869,우리금융지주,2019,11011,사업보고서,IFRS4,Y,-,"보고서 사업연도 >= 2023 이면 IFRS17, 아니면 IFRS4",-,주당 주식배당(주),2019-12-31,우선주,-,api,alotMatter,"{""bsns_year"": ""2019"", ""corp_code"": ""01350869"", ""reprt_code"": ""11011""}",20200330004490,api_row,2026-08-31T15:42:56+09:00,000,run_20260831_152517_0479,raw/alotMatter/01350869_2019_11011.json,e327c92d1b85a1e65e2253b0ad7a6c1745389047f4e298ad84e3db520efa6aad,10
,,,00113058,한화생명,2020,11011,사업보고서,IFRS4,Y,"5,000","보고서 사업연도 >= 2023 이면 IFRS17, 아니면 IFRS4","5,000",주당액면가액(원),2020-12-31,-,"5,000",api,alotMatter,"{""bsns_year"": ""2020"", ""corp_code"": ""00113058"", ""reprt_code"": ""11011""}",20210305000803,api_row,2026-08-31T15:47:13+09:00,000,run_20260831_152517_0605,raw/alotMatter/00113058_2020_11011.json,bc98c37768a3e527d998c6a65aa5bab8cbba0dba6ed485711770bf4169ac4080,10
,,,00113058,한화생명,2020,11011,사업보고서,IFRS4,Y,"100,421","보고서 사업연도 >= 2023 이면 IFRS17, 아니면 IFRS4","415,273",(연결)당기순이익(백만원),2020-12-31,-,"235,078",api,alotMatter,"{""bsns_year"": ""2020"", ""corp_code"": ""00113058"", ""reprt_code"": ""11011""}",20210305000803,api_row,2026-08-31T15:47:13+09:00,000,run_20260831_152517_0605,raw/alotMatter/00113058_2020_11011.json,bc98c37768a3e527d998c6a65aa5bab8cbba0dba6ed485711770bf4169ac4080,10
,,,00113058,한화생명,2020,11011,사업보고서,IFRS4,Y,"114,642","보고서 사업연도 >= 2023 이면 IFRS17, 아니면 IFRS4","359,269",(별도)당기순이익(백만원),2020-12-31,-,"196,903",api,alotMatter,"{""bsns_year"": ""2020"", ""corp_code"": ""00113058"", ""reprt_code"": ""11011""}",20210305000803,api_row,2026-08-31T15:47:13+09:00,000,run_20260831_152517_0605,raw/alotMatter/00113058_2020_11011.json,bc98c37768a3e527d998c6a65aa5bab8cbba0dba6ed485711770bf4169ac4080,10
,,,00113058,한화생명,2020,11011,사업보고서,IFRS4,Y,18,"보고서 사업연도 >= 2023 이면 IFRS17, 아니면 IFRS4",473,(연결)주당순이익(원),2020-12-31,-,184,api,alotMatter,"{""bsns_year"": ""2020"", ""corp_code"": ""00113058"", ""reprt_code"": ""11011""}",20210305000803,api_row,2026-08-31T15:47:13+09:00,000,run_20260831_152517_0605,raw/alotMatter/00113058_2020_11011.json,bc98c37768a3e527d998c6a65aa5bab8cbba0dba6ed485711770bf4169ac4080,10
,,,00113058,한화생명,2020,11011,사업보고서,IFRS4,Y,"22,542","보고서 사업연도 >= 2023 이면 IFRS17, 아니면 IFRS4","75,139",현금배당금총액(백만원),2020-12-31,-,"22,542",api,alotMatter,"{""bsns_year"": ""2020"", ""corp_code"": ""00113058"", ""reprt_code"": ""11011""}",20210305000803,api_row,2026-08-31T15:47:13+09:00,000,run_20260831_152517_0605,raw/alotMatter/00113058_2020_11011.json,bc98c37768a3e527d998c6a65aa5bab8cbba0dba6ed485711770bf4169ac4080,10
,,,00113058,한화생명,2020,11011,사업보고서,IFRS4,Y,-,"보고서 사업연도 >= 2023 이면 IFRS17, 아니면 IFRS4",-,주식배당금총액(백만원),2020-12-31,-,-,api,alotMatter,"{""bsns_year"": ""2020"", ""corp_code"": ""00113058"", ""reprt_code"": ""11011""}",20210305000803,api_row,2026-08-31T15:47:13+09:00,000,run_20260831_152517_0605,raw/alotMatter/00113058_2020_11011.json,bc98c37768a3e527d998c6a65aa5bab8cbba0dba6ed485711770bf4169ac4080,10
,,,00113058,한화생명,2020,11011,사업보고서,IFRS4,Y,22.40,"보고서 사업연도 >= 2023 이면 IFRS17, 아니면 IFRS4",18.10,(연결)현금배당성향(%),2020-12-31,-,9.60,api,alotMatter,"{""bsns_year"": ""2020"", ""corp_code"": ""00113058"", ""reprt_code"": ""11011""}",20210305000803,api_row,2026-08-31T15:47:13+09:00,000,run_20260831_152517_0605,raw/alotMatter/00113058_2020_11011.json,bc98c37768a3e527d998c6a65aa5bab8cbba0dba6ed485711770bf4169ac4080,10
,,,00113058,한화생명,2020,11011,사업보고서,IFRS4,Y,1.30,"보고서 사업연도 >= 2023 이면 IFRS17, 아니면 IFRS4",2.30,현금배당수익률(%),2020-12-31,보통주,1.20,api,alotMatter,"{""bsns_year"": ""2020"", ""corp_code"": ""00113058"", ""reprt_code"": ""11011""}",20210305000803,api_row,2026-08-31T15:47:13+09:00,000,run_20260831_152517_0605,raw/alotMatter/00113058_2020_11011.json,bc98c37768a3e527d998c6a65aa5bab8cbba0dba6ed485711770bf4169ac4080,10
,,,00113058,한화생명,2020,11011,사업보고서,IFRS4,Y,-,"보고서 사업연도 >= 2023 이면 IFRS17, 아니면 IFRS4",-,현금배당수익률(%),2020-12-31,우선주,-,api,alotMatter,"{""bsns_year"": ""2020"", ""corp_code"": ""00113058"", ""reprt_code"": ""11011""}",20210305000803,api_row,2026-08-31T15:47:13+09:00,000,run_20260831_152517_0605,raw/alotMatter/00113058_2020_11011.json,bc98c37768a3e527d998c6a65aa5bab8cbba0dba6ed485711770bf4169ac4080,10
,,,00113058,한화생명,2020,11011,사업보고서,IFRS4,Y,-,"보고서 사업연도 >= 2023 이면 IFRS17, 아니면 IFRS4",-,주식배당수익률(%),2020-12-31,보통주,-,api,alotMatter,"{""bsns_year"": ""2020"", ""corp_code"": ""00113058"", ""reprt_code"": ""11011""}",20210305000803,api_row,2026-08-31T15:47:13+09:00,000,run_20260831_152517_0605,raw/alotMatter/00113058_2020_11011.json,bc98c37768a3e527d998c6a65aa5bab8cbba0dba6ed485711770bf4169ac4080,10
,,,00113058,한화생명,2020,11011,사업보고서,IFRS4,Y,-,"보고서 사업연도 >= 2023 이면 IFRS17, 아니면 IFRS4",-,주식배당수익률(%),2020-12-31,우선주,-,api,alotMatter,"{""bsns_year"": ""2020"", ""corp_code"": ""00113058"", ""reprt_code"": ""11011""}",20210305000803,api_row,2026-08-31T15:47:13+09:00,000,run_20260831_152517_0605,raw/alotMatter/00113058_2020_11011.json,bc98c37768a3e527d998c6a65aa5bab8cbba0dba6ed485711770bf4169ac4080,10
,,,00113058,한화생명,2020,11011,사업보고서,IFRS4,Y,30,"보고서 사업연도 >= 2023 이면 IFRS17, 아니면 IFRS4",100,주당 현금배당금(원),2020-12-31,보통주,30,api,alotMatter,"{""bsns_year"": ""2020"", ""corp_code"": ""00113058"", ""reprt_code"": ""11011""}",20210305000803,api_row,2026-08-31T15:47:13+09:00,000,run_20260831_152517_0605,raw/alotMatter/00113058_2020_11011.json,bc98c37768a3e527d998c6a65aa5bab8cbba0dba6ed485711770bf4169ac4080,10
,,,00113058,한화생명,2020,11011,사업보고서,IFRS4,Y,-,"보고서 사업연도 >= 2023 이면 IFRS17, 아니면 IFRS4",-,주당 현금배당금(원),2020-12-31,우선주,-,api,alotMatter,"{""bsns_year"": ""2020"", ""corp_code"": ""00113058"", ""reprt_code"": ""11011""}",20210305000803,api_row,2026-08-31T15:47:13+09:00,000,run_20260831_152517_0605,raw/alotMatter/00113058_2020_11011.json,bc98c37768a3e527d998c6a65aa5bab8cbba0dba6ed485711770bf4169ac4080,10
,,,00113058,한화생명,2020,11011,사업보고서,IFRS4,Y,-,"보고서 사업연도 >= 2023 이면 IFRS17, 아니면 IFRS4",-,주당 주식배당(주),2020-12-31,보통주,-,api,alotMatter,"{""bsns_year"": ""2020"", ""corp_code"": ""00113058"", ""reprt_code"": ""11011""}",20210305000803,api_row,2026-08-31T15:47:13+09:00,000,run_20260831_152517_0605,raw/alotMatter/00113058_2020_11011.json,bc98c37768a3e527d998c6a65aa5bab8cbba0dba6ed485711770bf4169ac4080,10
,,,00113058,한화생명,2020,11011,사업보고서,IFRS4,Y,-,"보고서 사업연도 >= 2023 이면 IFRS17, 아니면 IFRS4",-,주당 주식배당(주),2020-12-31,우선주,-,api,alotMatter,"{""bsns_year"": ""2020"", ""corp_code"": ""00113058"", ""reprt_code"": ""11011""}",20210305000803,api_row,2026-08-31T15:47:13+09:00,000,run_20260831_152517_0605,raw/alotMatter/00113058_2020_11011.json,bc98c37768a3e527d998c6a65aa5bab8cbba0dba6ed485711770bf4169ac4080,10
,,,00176792,오렌지라이프생명보험,2020,11011,사업보고서,IFRS4,E,"1,000","보고서 사업연도 >= 2023 이면 IFRS17, 아니면 IFRS4","1,000",주당액면가액(원),2020-12-31,-,"1,000",api,alotMatter,"{""bsns_year"": ""2020"", ""corp_code"": ""00176792"", ""reprt_code"": ""11011""}",20210330001517,api_row,2026-08-31T16:10:40+09:00,000,run_20260831_152517_1270,raw/alotMatter/00176792_2020_11011.json,63ff0ad4bbc791fcc47adf43e1f02d4b4918fd6ee4428057be00540d632bb21a,10
,,,00176792,오렌지라이프생명보험,2020,11011,사업보고서,IFRS4,E,"271,455","보고서 사업연도 >= 2023 이면 IFRS17, 아니면 IFRS4","311,269",(연결)당기순이익(백만원),2020-12-31,-,"279,282",api,alotMatter,"{""bsns_year"": ""2020"", ""corp_code"": ""00176792"", ""reprt_code"": ""11011""}",20210330001517,api_row,2026-08-31T16:10:40+09:00,000,run_20260831_152517_1270,raw/alotMatter/00176792_2020_11011.json,63ff0ad4bbc791fcc47adf43e1f02d4b4918fd6ee4428057be00540d632bb21a,10
,,,00176792,오렌지라이프생명보험,2020,11011,사업보고서,IFRS4,E,-,"보고서 사업연도 >= 2023 이면 IFRS17, 아니면 IFRS4",-,(별도)당기순이익(백만원),2020-12-31,-,-,api,alotMatter,"{""bsns_year"": ""2020"", ""corp_code"": ""00176792"", ""reprt_code"": ""11011""}",20210330001517,api_row,2026-08-31T16:10:40+09:00,000,run_20260831_152517_1270,raw/alotMatter/00176792_2020_11011.json,63ff0ad4bbc791fcc47adf43e1f02d4b4918fd6ee4428057be00540d632bb21a,10
,,,00176792,오렌지라이프생명보험,2020,11011,사업보고서,IFRS4,E,"3,351","보고서 사업연도 >= 2023 이면 IFRS17, 아니면 IFRS4","3,796",(연결)주당순이익(원),2020-12-31,-,"3,416",api,alotMatter,"{""bsns_year"": ""2020"", ""corp_code"": ""00176792"", ""reprt_code"": ""11011""}",20210330001517,api_row,2026-08-31T16:10:40+09:00,000,run_20260831_152517_1270,raw/alotMatter/00176792_2020_11011.json,63ff0ad4bbc791fcc47adf43e1f02d4b4918fd6ee4428057be00540d632bb21a,10
,,,00176792,오렌지라이프생명보험,2020,11011,사업보고서,IFRS4,E,"169,493","보고서 사업연도 >= 2023 이면 IFRS17, 아니면 IFRS4","213,200",현금배당금총액(백만원),2020-12-31,-,"111,520",api,alotMatter,"{""bsns_year"": ""2020"", ""corp_code"": ""00176792"", ""reprt_code"": ""11011""}",20210330001517,api_row,2026-08-31T16:10:40+09:00,000,run_20260831_152517_1270,raw/alotMatter/00176792_2020_11011.json,63ff0ad4bbc791fcc47adf43e1f02d4b4918fd6ee4428057be00540d632bb21a,10
,,,00176792,오렌지라이프생명보험,2020,11011,사업보고서,IFRS4,E,-,"보고서 사업연도 >= 2023 이면 IFRS17, 아니면 IFRS4",-,주식배당금총액(백만원),2020-12-31,-,-,api,alotMatter,"{""bsns_year"": ""2020"", ""corp_code"": ""00176792"", ""reprt_code"": ""11011""}",20210330001517,api_row,2026-08-31T16:10:40+09:00,000,run_20260831_152517_1270,raw/alotMatter/00176792_2020_11011.json,63ff0ad4bbc791fcc47adf43e1f02d4b4918fd6ee4428057be00540d632bb21a,10
,,,00176792,오렌지라이프생명보험,2020,11011,사업보고서,IFRS4,E,62.44,"보고서 사업연도 >= 2023 이면 IFRS17, 아니면 IFRS4",68.49,(연결)현금배당성향(%),2020-12-31,-,39.93,api,alotMatter,"{""bsns_year"": ""2020"", ""corp_code"": ""00176792"", ""reprt_code"": ""11011""}",20210330001517,api_row,2026-08-31T16:10:40+09:00,000,run_20260831_152517_1270,raw/alotMatter/00176792_2020_11011.json,63ff0ad4bbc791fcc47adf43e1f02d4b4918fd6ee4428057be00540d632bb21a,10
,,,00176792,오렌지라이프생명보험,2020,11011,사업보고서,IFRS4,E,7.06,"보고서 사업연도 >= 2023 이면 IFRS17, 아니면 IFRS4",8.97,현금배당수익률(%),2020-12-31,보통주,-,api,alotMatter,"{""bsns_year"": ""2020"", ""corp_code"": ""00176792"", ""reprt_code"": ""11011""}",20210330001517,api_row,2026-08-31T16:10:40+09:00,000,run_20260831_152517_1270,raw/alotMatter/00176792_2020_11011.json,63ff0ad4bbc791fcc47adf43e1f02d4b4918fd6ee4428057be00540d632bb21a,10
,,,00176792,오렌지라이프생명보험,2020,11011,사업보고서,IFRS4,E,-,"보고서 사업연도 >= 2023 이면 IFRS17, 아니면 IFRS4",-,현금배당수익률(%),2020-12-31,-,-,api,alotMatter,"{""bsns_year"": ""2020"", ""corp_code"": ""00176792"", ""reprt_code"": ""11011""}",20210330001517,api_row,2026-08-31T16:10:40+09:00,000,run_20260831_152517_1270,raw/alotMatter/00176792_2020_11011.json,63ff0ad4bbc791fcc47adf43e1f02d4b4918fd6ee4428057be00540d632bb21a,10
,,,00176792,오렌지라이프생명보험,2020,11011,사업보고서,IFRS4,E,-,"보고서 사업연도 >= 2023 이면 IFRS17, 아니면 IFRS4",-,주식배당수익률(%),2020-12-31,보통주,-,api,alotMatter,"{""bsns_year"": ""2020"", ""corp_code"": ""00176792"", ""reprt_code"": ""11011""}",20210330001517,api_row,2026-08-31T16:10:40+09:00,000,run_20260831_152517_1270,raw/alotMatter/00176792_2020_11011.json,63ff0ad4bbc791fcc47adf43e1f02d4b4918fd6ee4428057be00540d632bb21a,10
,,,00176792,오렌지라이프생명보험,2020,11011,사업보고서,IFRS4,E,-,"보고서 사업연도 >= 2023 이면 IFRS17, 아니면 IFRS4",-,주식배당수익률(%),2020-12-31,-,-,api,alotMatter,"{""bsns_year"": ""2020"", ""corp_code"": ""00176792"", ""reprt_code"": ""11011""}",20210330001517,api_row,2026-08-31T16:10:40+09:00,000,run_20260831_152517_1270,raw/alotMatter/00176792_2020_11011.json,63ff0ad4bbc791fcc47adf43e1f02d4b4918fd6ee4428057be00540d632bb21a,10
,,,00176792,오렌지라이프생명보험,2020,11011,사업보고서,IFRS4,E,"2,100","보고서 사업연도 >= 2023 이면 IFRS17, 아니면 IFRS4","2,600",주당 현금배당금(원),2020-12-31,보통주,"1,360",api,alotMatter,"{""bsns_year"": ""2020"", ""corp_code"": ""00176792"", ""reprt_code"": ""11011""}",20210330001517,api_row,2026-08-31T16:10:40+09:00,000,run_20260831_152517_1270,raw/alotMatter/00176792_2020_11011.json,63ff0ad4bbc791fcc47adf43e1f02d4b4918fd6ee4428057be00540d632bb21a,10
,,,00176792,오렌지라이프생명보험,2020,11011,사업보고서,IFRS4,E,-,"보고서 사업연도 >= 2023 이면 IFRS17, 아니면 IFRS4",-,주당 현금배당금(원),2020-12-31,-,-,api,alotMatter,"{""bsns_year"": ""2020"", ""corp_code"": ""00176792"", ""reprt_code"": ""11011""}",20210330001517,api_row,2026-08-31T16:10:40+09:00,000,run_20260831_152517_1270,raw/alotMatter/00176792_2020_11011.json,63ff0ad4bbc791fcc47adf43e1f02d4b4918fd6ee4428057be00540d632bb21a,10
,,,00176792,오렌지라이프생명보험,2020,11011,사업보고서,IFRS4,E,-,"보고서 사업연도 >= 2023 이면 IFRS17, 아니면 IFRS4",-,주당 주식배당(주),2020-12-31,보통주,-,api,alotMatter,"{""bsns_year"": ""2020"", ""corp_code"": ""00176792"", ""reprt_code"": ""11011""}",20210330001517,api_row,2026-08-31T16:10:40+09:00,000,run_20260831_152517_1270,raw/alotMatter/00176792_2020_11011.json,63ff0ad4bbc791fcc47adf43e1f02d4b4918fd6ee4428057be00540d632bb21a,10
,,,00176792,오렌지라이프생명보험,2020,11011,사업보고서,IFRS4,E,-,"보고서 사업연도 >= 2023 이면 IFRS17, 아니면 IFRS4",-,주당 주식배당(주),2020-12-31,-,-,api,alotMatter,"{""bsns_year"": ""2020"", ""corp_code"": ""00176792"", ""reprt_code"": ""11011""}",20210330001517,api_row,2026-08-31T16:10:40+09:00,000,run_20260831_152517_1270,raw/alotMatter/00176792_2020_11011.json,63ff0ad4bbc791fcc47adf43e1f02d4b4918fd6ee4428057be00540d632bb21a,10
,,,00382199,신한지주,2020,11011,사업보고서,IFRS4,Y,"5,000","보고서 사업연도 >= 2023 이면 IFRS17, 아니면 IFRS4","5,000",주당액면가액(원),2020-12-31,-,"5,000",api,alotMatter,"{""bsns_year"": ""2020"", ""corp_code"": ""00382199"", ""reprt_code"": ""11011""}",20210317001127,api_row,2026-08-31T15:32:20+09:00,000,run_20260831_152517_0181,raw/alotMatter/00382199_2020_11011.json,5ecd01ac44f0a5f5fa37ade719fd8e5d785053ddb774ac84991ba0c7ccda9f7e,10
,,,00382199,신한지주,2020,11011,사업보고서,IFRS4,Y,"3,403,497","보고서 사업연도 >= 2023 이면 IFRS17, 아니면 IFRS4","3,156,722",(연결)당기순이익(백만원),2020-12-31,-,"3,414,595",api,alotMatter,"{""bsns_year"": ""2020"", ""corp_code"": ""00382199"", ""reprt_code"": ""11011""}",20210317001127,api_row,2026-08-31T15:32:20+09:00,000,run_20260831_152517_0181,raw/alotMatter/00382199_2020_11011.json,5ecd01ac44f0a5f5fa37ade719fd8e5d785053ddb774ac84991ba0c7ccda9f7e,10
,,,00382199,신한지주,2020,11011,사업보고서,IFRS4,Y,"1,129,173","보고서 사업연도 >= 2023 이면 IFRS17, 아니면 IFRS4","1,234,883",(별도)당기순이익(백만원),2020-12-31,-,"1,274,443",api,alotMatter,"{""bsns_year"": ""2020"", ""corp_code"": ""00382199"", ""reprt_code"": ""11011""}",20210317001127,api_row,2026-08-31T15:32:20+09:00,000,run_20260831_152517_0181,raw/alotMatter/00382199_2020_11011.json,5ecd01ac44f0a5f5fa37ade719fd8e5d785053ddb774ac84991ba0c7ccda9f7e,10
,,,00382199,신한지주,2020,11011,사업보고서,IFRS4,Y,"7,000","보고서 사업연도 >= 2023 이면 IFRS17, 아니면 IFRS4","6,579",(연결)주당순이익(원),2020-12-31,-,"6,654",api,alotMatter,"{""bsns_year"": ""2020"", ""corp_code"": ""00382199"", ""reprt_code"": ""11011""}",20210317001127,api_row,2026-08-31T15:32:20+09:00,000,run_20260831_152517_0181,raw/alotMatter/00382199_2020_11011.json,5ecd01ac44f0a5f5fa37ade719fd8e5d785053ddb774ac84991ba0c7ccda9f7e,10
,,,00382199,신한지주,2020,11011,사업보고서,IFRS4,Y,"883,929","보고서 사업연도 >= 2023 이면 IFRS17, 아니면 IFRS4","753,041",현금배당금총액(백만원),2020-12-31,-,"803,838",api,alotMatter,"{""bsns_year"": ""2020"", ""corp_code"": ""00382199"", ""reprt_code"": ""11011""}",20210317001127,api_row,2026-08-31T15:32:20+09:00,000,run_20260831_152517_0181,raw/alotMatter/00382199_2020_11011.json,5ecd01ac44f0a5f5fa37ade719fd8e5d785053ddb774ac84991ba0c7ccda9f7e,10
,,,00382199,신한지주,2020,11011,사업보고서,IFRS4,Y,-,"보고서 사업연도 >= 2023 이면 IFRS17, 아니면 IFRS4",-,주식배당금총액(백만원),2020-12-31,-,-,api,alotMatter,"{""bsns_year"": ""2020"", ""corp_code"": ""00382199"", ""reprt_code"": ""11011""}",20210317001127,api_row,2026-08-31T15:32:20+09:00,000,run_20260831_152517_0181,raw/alotMatter/00382199_2020_11011.json,5ecd01ac44f0a5f5fa37ade719fd8e5d785053ddb774ac84991ba0c7ccda9f7e,10
,,,00382199,신한지주,2020,11011,사업보고서,IFRS4,Y,25.97,"보고서 사업연도 >= 2023 이면 IFRS17, 아니면 IFRS4",23.86,(연결)현금배당성향(%),2020-12-31,-,23.54,api,alotMatter,"{""bsns_year"": ""2020"", ""corp_code"": ""00382199"", ""reprt_code"": ""11011""}",20210317001127,api_row,2026-08-31T15:32:20+09:00,000,run_20260831_152517_0181,raw/alotMatter/00382199_2020_11011.json,5ecd01ac44f0a5f5fa37ade719fd8e5d785053ddb774ac84991ba0c7ccda9f7e,10
,,,00382199,신한지주,2020,11011,사업보고서,IFRS4,Y,4.06,"보고서 사업연도 >= 2023 이면 IFRS17, 아니면 IFRS4",3.91,현금배당수익률(%),2020-12-31,보통주,4.52,api,alotMatter,"{""bsns_year"": ""2020"", ""corp_code"": ""00382199"", ""reprt_code"": ""11011""}",20210317001127,api_row,2026-08-31T15:32:20+09:00,000,run_20260831_152517_0181,raw/alotMatter/00382199_2020_11011.json,5ecd01ac44f0a5f5fa37ade719fd8e5d785053ddb774ac84991ba0c7ccda9f7e,10
,,,00382199,신한지주,2020,11011,사업보고서,IFRS4,Y,4.06,"보고서 사업연도 >= 2023 이면 IFRS17, 아니면 IFRS4",-,현금배당수익률(%),2020-12-31,우선주,5.17,api,alotMatter,"{""bsns_year"": ""2020"", ""corp_code"": ""00382199"", ""reprt_code"": ""11011""}",20210317001127,api_row,2026-08-31T15:32:20+09:00,000,run_20260831_152517_0181,raw/alotMatter/00382199_2020_11011.json,5ecd01ac44f0a5f5fa37ade719fd8e5d785053ddb774ac84991ba0c7ccda9f7e,10
,,,00382199,신한지주,2020,11011,사업보고서,IFRS4,Y,-,"보고서 사업연도 >= 2023 이면 IFRS17, 아니면 IFRS4",-,주식배당수익률(%),2020-12-31,보통주,-,api,alotMatter,"{""bsns_year"": ""2020"", ""corp_code"": ""00382199"", ""reprt_code"": ""11011""}",20210317001127,api_row,2026-08-31T15:32:20+09:00,000,run_20260831_152517_0181,raw/alotMatter/00382199_2020_11011.json,5ecd01ac44f0a5f5fa37ade719fd8e5d785053ddb774ac84991ba0c7ccda9f7e,10
,,,00382199,신한지주,2020,11011,사업보고서,IFRS4,Y,-,"보고서 사업연도 >= 2023 이면 IFRS17, 아니면 IFRS4",-,주식배당수익률(%),2020-12-31,우선주,-,api,alotMatter,"{""bsns_year"": ""2020"", ""corp_code"": ""00382199"", ""reprt_code"": ""11011""}",20210317001127,api_row,2026-08-31T15:32:20+09:00,000,run_20260831_152517_0181,raw/alotMatter/00382199_2020_11011.json,5ecd01ac44f0a5f5fa37ade719fd8e5d785053ddb774ac84991ba0c7ccda9f7e,10
,,,00382199,신한지주,2020,11011,사업보고서,IFRS4,Y,"1,850","보고서 사업연도 >= 2023 이면 IFRS17, 아니면 IFRS4","1,600",주당 현금배당금(원),2020-12-31,보통주,"1,500",api,alotMatter,"{""bsns_year"": ""2020"", ""corp_code"": ""00382199"", ""reprt_code"": ""11011""}",20210317001127,api_row,2026-08-31T15:32:20+09:00,000,run_20260831_152517_0181,raw/alotMatter/00382199_2020_11011.json,5ecd01ac44f0a5f5fa37ade719fd8e5d785053ddb774ac84991ba0c7ccda9f7e,10
,,,00382199,신한지주,2020,11011,사업보고서,IFRS4,Y,"1,850","보고서 사업연도 >= 2023 이면 IFRS17, 아니면 IFRS4",-,주당 현금배당금(원),2020-12-31,우선주,"1,716",api,alotMatter,"{""bsns_year"": ""2020"", ""corp_code"": ""00382199"", ""reprt_code"": ""11011""}",20210317001127,api_row,2026-08-31T15:32:20+09:00,000,run_20260831_152517_0181,raw/alotMatter/00382199_2020_11011.json,5ecd01ac44f0a5f5fa37ade719fd8e5d785053ddb774ac84991ba0c7ccda9f7e,10
,,,00382199,신한지주,2020,11011,사업보고서,IFRS4,Y,-,"보고서 사업연도 >= 2023 이면 IFRS17, 아니면 IFRS4",-,주당 주식배당(주),2020-12-31,보통주,-,api,alotMatter,"{""bsns_year"": ""2020"", ""corp_code"": ""00382199"", ""reprt_code"": ""11011""}",20210317001127,api_row,2026-08-31T15:32:20+09:00,000,run_20260831_152517_0181,raw/alotMatter/00382199_2020_11011.json,5ecd01ac44f0a5f5fa37ade719fd8e5d785053ddb774ac84991ba0c7ccda9f7e,10
,,,00382199,신한지주,2020,11011,사업보고서,IFRS4,Y,-,"보고서 사업연도 >= 2023 이면 IFRS17, 아니면 IFRS4",-,주당 주식배당(주),2020-12-31,우선주,-,api,alotMatter,"{""bsns_year"": ""2020"", ""corp_code"": ""00382199"", ""reprt_code"": ""11011""}",20210317001127,api_row,2026-08-31T15:32:20+09:00,000,run_20260831_152517_0181,raw/alotMatter/00382199_2020_11011.json,5ecd01ac44f0a5f5fa37ade719fd8e5d785053ddb774ac84991ba0c7ccda9f7e,10
,,,00688996,KB금융,2020,11011,사업보고서,IFRS4,Y,"5,000","보고서 사업연도 >= 2023 이면 IFRS17, 아니면 IFRS4","5,000",주당액면가액(원),2020-12-31,-,"5,000",api,alotMatter,"{""bsns_year"": ""2020"", ""corp_code"": ""00688996"", ""reprt_code"": ""11011""}",20210427000533,api_row,2026-08-31T15:36:21+09:00,000,run_20260831_152517_0290,raw/alotMatter/00688996_2020_11011.json,ccfd4b7e3629c0b84565b11ec95c0c377bff0c26f9c2697158bff46e2b548dc1,10
,,,00688996,KB금융,2020,11011,사업보고서,IFRS4,Y,"3,311,828","보고서 사업연도 >= 2023 이면 IFRS17, 아니면 IFRS4","3,061,191",(연결)당기순이익(백만원),2020-12-31,-,"3,455,152",api,alotMatter,"{""bsns_year"": ""2020"", ""corp_code"": ""00688996"", ""reprt_code"": ""11011""}",20210427000533,api_row,2026-08-31T15:36:21+09:00,000,run_20260831_152517_0290,raw/alotMatter/00688996_2020_11011.json,ccfd4b7e3629c0b84565b11ec95c0c377bff0c26f9c2697158bff46e2b548dc1,10
,,,00688996,KB금융,2020,11011,사업보고서,IFRS4,Y,-,"보고서 사업연도 >= 2023 이면 IFRS17, 아니면 IFRS4",-,(별도)당기순이익(백만원),2020-12-31,-,-,api,alotMatter,"{""bsns_year"": ""2020"", ""corp_code"": ""00688996"", ""reprt_code"": ""11011""}",20210427000533,api_row,2026-08-31T15:36:21+09:00,000,run_20260831_152517_0290,raw/alotMatter/00688996_2020_11011.json,ccfd4b7e3629c0b84565b11ec95c0c377bff0c26f9c2697158bff46e2b548dc1,10
,,,00688996,KB금융,2020,11011,사업보고서,IFRS4,Y,"8,451","보고서 사업연도 >= 2023 이면 IFRS17, 아니면 IFRS4","7,721",(연결)주당순이익(원),2020-12-31,-,"8,809",api,alotMatter,"{""bsns_year"": ""2020"", ""corp_code"": ""00688996"", ""reprt_code"": ""11011""}",20210427000533,api_row,2026-08-31T15:36:21+09:00,000,run_20260831_152517_0290,raw/alotMatter/00688996_2020_11011.json,ccfd4b7e3629c0b84565b11ec95c0c377bff0c26f9c2697158bff46e2b548dc1,10
,,,00688996,KB금융,2020,11011,사업보고서,IFRS4,Y,"861,092","보고서 사업연도 >= 2023 이면 IFRS17, 아니면 IFRS4","759,736",현금배당금총액(백만원),2020-12-31,-,"689,653",api,alotMatter,"{""bsns_year"": ""2020"", ""corp_code"": ""00688996"", ""reprt_code"": ""11011""}",20210427000533,api_row,2026-08-31T15:36:21+09:00,000,run_20260831_152517_0290,raw/alotMatter/00688996_2020_11011.json,ccfd4b7e3629c0b84565b11ec95c0c377bff0c26f9c2697158bff46e2b548dc1,10
,,,00688996,KB금융,2020,11011,사업보고서,IFRS4,Y,-,"보고서 사업연도 >= 2023 이면 IFRS17, 아니면 IFRS4",-,주식배당금총액(백만원),2020-12-31,-,-,api,alotMatter,"{""bsns_year"": ""2020"", ""corp_code"": ""00688996"", ""reprt_code"": ""11011""}",20210427000533,api_row,2026-08-31T15:36:21+09:00,000,run_20260831_152517_0290,raw/alotMatter/00688996_2020_11011.json,ccfd4b7e3629c0b84565b11ec95c0c377bff0c26f9c2697158bff46e2b548dc1,10
,,,00688996,KB금융,2020,11011,사업보고서,IFRS4,Y,26.00,"보고서 사업연도 >= 2023 이면 IFRS17, 아니면 IFRS4",24.80,(연결)현금배당성향(%),2020-12-31,-,20.00,api,alotMatter,"{""bsns_year"": ""2020"", ""corp_code"": ""00688996"", ""reprt_code"": ""11011""}",20210427000533,api_row,2026-08-31T15:36:21+09:00,000,run_20260831_152517_0290,raw/alotMatter/00688996_2020_11011.json,ccfd4b7e3629c0b84565b11ec95c0c377bff0c26f9c2697158bff46e2b548dc1,10
,,,00688996,KB금융,2020,11011,사업보고서,IFRS4,Y,4.50,"보고서 사업연도 >= 2023 이면 IFRS17, 아니면 IFRS4",4.00,현금배당수익률(%),2020-12-31,보통주,3.90,api,alotMatter,"{""bsns_year"": ""2020"", ""corp_code"": ""00688996"", ""reprt_code"": ""11011""}",20210427000533,api_row,2026-08-31T15:36:21+09:00,000,run_20260831_152517_0290,raw/alotMatter/00688996_2020_11011.json,ccfd4b7e3629c0b84565b11ec95c0c377bff0c26f9c2697158bff46e2b548dc1,10
,,,00688996,KB금융,2020,11011,사업보고서,IFRS4,Y,-,"보고서 사업연도 >= 2023 이면 IFRS17, 아니면 IFRS4",-,현금배당수익률(%),2020-12-31,-,-,api,alotMatter,"{""bsns_year"": ""2020"", ""corp_code"": ""00688996"", ""reprt_code"": ""11011""}",20210427000533,api_row,2026-08-31T15:36:21+09:00,000,run_20260831_152517_0290,raw/alotMatter/00688996_2020_11011.json,ccfd4b7e3629c0b84565b11ec95c0c377bff0c26f9c2697158bff46e2b548dc1,10
,,,00688996,KB금융,2020,11011,사업보고서,IFRS4,Y,-,"보고서 사업연도 >= 2023 이면 IFRS17, 아니면 IFRS4",-,주식배당수익률(%),2020-12-31,보통주,-,api,alotMatter,"{""bsns_year"": ""2020"", ""corp_code"": ""00688996"", ""reprt_code"": ""11011""}",20210427000533,api_row,2026-08-31T15:36:21+09:00,000,run_20260831_152517_0290,raw/alotMatter/00688996_2020_11011.json,ccfd4b7e3629c0b84565b11ec95c0c377bff0c26f9c2697158bff46e2b548dc1,10
,,,00688996,KB금융,2020,11011,사업보고서,IFRS4,Y,-,"보고서 사업연도 >= 2023 이면 IFRS17, 아니면 IFRS4",-,주식배당수익률(%),2020-12-31,-,-,api,alotMatter,"{""bsns_year"": ""2020"", ""corp_code"": ""00688996"", ""reprt_code"": ""11011""}",20210427000533,api_row,2026-08-31T15:36:21+09:00,000,run_20260831_152517_0290,raw/alotMatter/00688996_2020_11011.json,ccfd4b7e3629c0b84565b11ec95c0c377bff0c26f9c2697158bff46e2b548dc1,10
,,,00688996,KB금융,2020,11011,사업보고서,IFRS4,Y,"2,210","보고서 사업연도 >= 2023 이면 IFRS17, 아니면 IFRS4","1,920",주당 현금배당금(원),2020-12-31,보통주,"1,770",api,alotMatter,"{""bsns_year"": ""2020"", ""corp_code"": ""00688996"", ""reprt_code"": ""11011""}",20210427000533,api_row,2026-08-31T15:36:21+09:00,000,run_20260831_152517_0290,raw/alotMatter/00688996_2020_11011.json,ccfd4b7e3629c0b84565b11ec95c0c377bff0c26f9c2697158bff46e2b548dc1,10
,,,00688996,KB금융,2020,11011,사업보고서,IFRS4,Y,-,"보고서 사업연도 >= 2023 이면 IFRS17, 아니면 IFRS4",-,주당 현금배당금(원),2020-12-31,-,-,api,alotMatter,"{""bsns_year"": ""2020"", ""corp_code"": ""00688996"", ""reprt_code"": ""11011""}",20210427000533,api_row,2026-08-31T15:36:21+09:00,000,run_20260831_152517_0290,raw/alotMatter/00688996_2020_11011.json,ccfd4b7e3629c0b84565b11ec95c0c377bff0c26f9c2697158bff46e2b548dc1,10
,,,00688996,KB금융,2020,11011,사업보고서,IFRS4,Y,-,"보고서 사업연도 >= 2023 이면 IFRS17, 아니면 IFRS4",-,주당 주식배당(주),2020-12-31,보통주,-,api,alotMatter,"{""bsns_year"": ""2020"", ""corp_code"": ""00688996"", ""reprt_code"": ""11011""}",20210427000533,api_row,2026-08-31T15:36:21+09:00,000,run_20260831_152517_0290,raw/alotMatter/00688996_2020_11011.json,ccfd4b7e3629c0b84565b11ec95c0c377bff0c26f9c2697158bff46e2b548dc1,10
,,,00688996,KB금융,2020,11011,사업보고서,IFRS4,Y,-,"보고서 사업연도 >= 2023 이면 IFRS17, 아니면 IFRS4",-,주당 주식배당(주),2020-12-31,-,-,api,alotMatter,"{""bsns_year"": ""2020"", ""corp_code"": ""00688996"", ""reprt_code"": ""11011""}",20210427000533,api_row,2026-08-31T15:36:21+09:00,000,run_20260831_152517_0290,raw/alotMatter/00688996_2020_11011.json,ccfd4b7e3629c0b84565b11ec95c0c377bff0c26f9c2697158bff46e2b548dc1,10
,,,00878915,iM금융지주,2020,11011,사업보고서,IFRS4,Y,"5,000","보고서 사업연도 >= 2023 이면 IFRS17, 아니면 IFRS4","5,000",주당액면가액(원),2020-12-31,-,"5,000",api,alotMatter,"{""bsns_year"": ""2020"", ""corp_code"": ""00878915"", ""reprt_code"": ""11011""}",20210318000803,api_row,2026-08-31T15:40:06+09:00,000,run_20260831_152517_0407,raw/alotMatter/00878915_2020_11011.json,f2681ad7bb2a29e51b4d2e044c6132417785b3ff2ad0630247978cd2dabcba4d,10
,,,00878915,iM금융지주,2020,11011,사업보고서,IFRS4,Y,"307,323","보고서 사업연도 >= 2023 이면 IFRS17, 아니면 IFRS4","380,453",(연결)당기순이익(백만원),2020-12-31,-,"332,317",api,alotMatter,"{""bsns_year"": ""2020"", ""corp_code"": ""00878915"", ""reprt_code"": ""11011""}",20210318000803,api_row,2026-08-31T15:40:06+09:00,000,run_20260831_152517_0407,raw/alotMatter/00878915_2020_11011.json,f2681ad7bb2a29e51b4d2e044c6132417785b3ff2ad0630247978cd2dabcba4d,10
,,,00878915,iM금융지주,2020,11011,사업보고서,IFRS4,Y,"79,435","보고서 사업연도 >= 2023 이면 IFRS17, 아니면 IFRS4","99,248",(별도)당기순이익(백만원),2020-12-31,-,"135,260",api,alotMatter,"{""bsns_year"": ""2020"", ""corp_code"": ""00878915"", ""reprt_code"": ""11011""}",20210318000803,api_row,2026-08-31T15:40:06+09:00,000,run_20260831_152517_0407,raw/alotMatter/00878915_2020_11011.json,f2681ad7bb2a29e51b4d2e044c6132417785b3ff2ad0630247978cd2dabcba4d,10
,,,00878915,iM금융지주,2020,11011,사업보고서,IFRS4,Y,"1,782","보고서 사업연도 >= 2023 이면 IFRS17, 아니면 IFRS4","2,215",(연결)주당순이익(원),2020-12-31,-,"1,908",api,alotMatter,"{""bsns_year"": ""2020"", ""corp_code"": ""00878915"", ""reprt_code"": ""11011""}",20210318000803,api_row,2026-08-31T15:40:06+09:00,000,run_20260831_152517_0407,raw/alotMatter/00878915_2020_11011.json,f2681ad7bb2a29e51b4d2e044c6132417785b3ff2ad0630247978cd2dabcba4d,10
,,,00878915,iM금융지주,2020,11011,사업보고서,IFRS4,Y,"69,350","보고서 사업연도 >= 2023 이면 IFRS17, 아니면 IFRS4","60,892",현금배당금총액(백만원),2020-12-31,-,"65,967",api,alotMatter,"{""bsns_year"": ""2020"", ""corp_code"": ""00878915"", ""reprt_code"": ""11011""}",20210318000803,api_row,2026-08-31T15:40:06+09:00,000,run_20260831_152517_0407,raw/alotMatter/00878915_2020_11011.json,f2681ad7bb2a29e51b4d2e044c6132417785b3ff2ad0630247978cd2dabcba4d,10
,,,00878915,iM금융지주,2020,11011,사업보고서,IFRS4,Y,-,"보고서 사업연도 >= 2023 이면 IFRS17, 아니면 IFRS4",-,주식배당금총액(백만원),2020-12-31,-,-,api,alotMatter,"{""bsns_year"": ""2020"", ""corp_code"": ""00878915"", ""reprt_code"": ""11011""}",20210318000803,api_row,2026-08-31T15:40:06+09:00,000,run_20260831_152517_0407,raw/alotMatter/00878915_2020_11011.json,f2681ad7bb2a29e51b4d2e044c6132417785b3ff2ad0630247978cd2dabcba4d,10
,,,00878915,iM금융지주,2020,11011,사업보고서,IFRS4,Y,22.60,"보고서 사업연도 >= 2023 이면 IFRS17, 아니면 IFRS4",16.00,(연결)현금배당성향(%),2020-12-31,-,19.90,api,alotMatter,"{""bsns_year"": ""2020"", ""corp_code"": ""00878915"", ""reprt_code"": ""11011""}",20210318000803,api_row,2026-08-31T15:40:06+09:00,000,run_20260831_152517_0407,raw/alotMatter/00878915_2020_11011.json,f2681ad7bb2a29e51b4d2e044c6132417785b3ff2ad0630247978cd2dabcba4d,10
,,,00878915,iM금융지주,2020,11011,사업보고서,IFRS4,Y,5.53,"보고서 사업연도 >= 2023 이면 IFRS17, 아니면 IFRS4",4.14,현금배당수익률(%),2020-12-31,-,5.38,api,alotMatter,"{""bsns_year"": ""2020"", ""corp_code"": ""00878915"", ""reprt_code"": ""11011""}",20210318000803,api_row,2026-08-31T15:40:06+09:00,000,run_20260831_152517_0407,raw/alotMatter/00878915_2020_11011.json,f2681ad7bb2a29e51b4d2e044c6132417785b3ff2ad0630247978cd2dabcba4d,10
,,,00878915,iM금융지주,2020,11011,사업보고서,IFRS4,Y,-,"보고서 사업연도 >= 2023 이면 IFRS17, 아니면 IFRS4",-,현금배당수익률(%),2020-12-31,-,-,api,alotMatter,"{""bsns_year"": ""2020"", ""corp_code"": ""00878915"", ""reprt_code"": ""11011""}",20210318000803,api_row,2026-08-31T15:40:06+09:00,000,run_20260831_152517_0407,raw/alotMatter/00878915_2020_11011.json,f2681ad7bb2a29e51b4d2e044c6132417785b3ff2ad0630247978cd2dabcba4d,10
,,,00878915,iM금융지주,2020,11011,사업보고서,IFRS4,Y,-,"보고서 사업연도 >= 2023 이면 IFRS17, 아니면 IFRS4",-,주식배당수익률(%),2020-12-31,-,-,api,alotMatter,"{""bsns_year"": ""2020"", ""corp_code"": ""00878915"", ""reprt_code"": ""11011""}",20210318000803,api_row,2026-08-31T15:40:06+09:00,000,run_20260831_152517_0407,raw/alotMatter/00878915_2020_11011.json,f2681ad7bb2a29e51b4d2e044c6132417785b3ff2ad0630247978cd2dabcba4d,10
,,,00878915,iM금융지주,2020,11011,사업보고서,IFRS4,Y,-,"보고서 사업연도 >= 2023 이면 IFRS17, 아니면 IFRS4",-,주식배당수익률(%),2020-12-31,-,-,api,alotMatter,"{""bsns_year"": ""2020"", ""corp_code"": ""00878915"", ""reprt_code"": ""11011""}",20210318000803,api_row,2026-08-31T15:40:06+09:00,000,run_20260831_152517_0407,raw/alotMatter/00878915_2020_11011.json,f2681ad7bb2a29e51b4d2e044c6132417785b3ff2ad0630247978cd2dabcba4d,10
,,,00878915,iM금융지주,2020,11011,사업보고서,IFRS4,Y,410,"보고서 사업연도 >= 2023 이면 IFRS17, 아니면 IFRS4",360,주당 현금배당금(원),2020-12-31,-,390,api,alotMatter,"{""bsns_year"": ""2020"", ""corp_code"": ""00878915"", ""reprt_code"": ""11011""}",20210318000803,api_row,2026-08-31T15:40:06+09:00,000,run_20260831_152517_0407,raw/alotMatter/00878915_2020_11011.json,f2681ad7bb2a29e51b4d2e044c6132417785b3ff2ad0630247978cd2dabcba4d,10
,,,00878915,iM금융지주,2020,11011,사업보고서,IFRS4,Y,-,"보고서 사업연도 >= 2023 이면 IFRS17, 아니면 IFRS4",-,주당 현금배당금(원),2020-12-31,-,-,api,alotMatter,"{""bsns_year"": ""2020"", ""corp_code"": ""00878915"", ""reprt_code"": ""11011""}",20210318000803,api_row,2026-08-31T15:40:06+09:00,000,run_20260831_152517_0407,raw/alotMatter/00878915_2020_11011.json,f2681ad7bb2a29e51b4d2e044c6132417785b3ff2ad0630247978cd2dabcba4d,10
,,,00878915,iM금융지주,2020,11011,사업보고서,IFRS4,Y,-,"보고서 사업연도 >= 2023 이면 IFRS17, 아니면 IFRS4",-,주당 주식배당(주),2020-12-31,-,-,api,alotMatter,"{""bsns_year"": ""2020"", ""corp_code"": ""00878915"", ""reprt_code"": ""11011""}",20210318000803,api_row,2026-08-31T15:40:06+09:00,000,run_20260831_152517_0407,raw/alotMatter/00878915_2020_11011.json,f2681ad7bb2a29e51b4d2e044c6132417785b3ff2ad0630247978cd2dabcba4d,10
,,,00878915,iM금융지주,2020,11011,사업보고서,IFRS4,Y,-,"보고서 사업연도 >= 2023 이면 IFRS17, 아니면 IFRS4",-,주당 주식배당(주),2020-12-31,-,-,api,alotMatter,"{""bsns_year"": ""2020"", ""corp_code"": ""00878915"", ""reprt_code"": ""11011""}",20210318000803,api_row,2026-08-31T15:40:06+09:00,000,run_20260831_152517_0407,raw/alotMatter/00878915_2020_11011.json,f2681ad7bb2a29e51b4d2e044c6132417785b3ff2ad0630247978cd2dabcba4d,10
,,,01350869,우리금융지주,2020,11011,사업보고서,IFRS4,Y,"5,000","보고서 사업연도 >= 2023 이면 IFRS17, 아니면 IFRS4",-,주당액면가액(원),2020-12-31,-,"5,000",api,alotMatter,"{""bsns_year"": ""2020"", ""corp_code"": ""01350869"", ""reprt_code"": ""11011""}",20210318001162,api_row,2026-08-31T15:43:06+09:00,000,run_20260831_152517_0488,raw/alotMatter/01350869_2020_11011.json,27bbc49a7e224b2131359b07822381e1517e15f56f67e69ace261de64b86304a,10
,,,01350869,우리금융지주,2020,11011,사업보고서,IFRS4,Y,"1,872,207","보고서 사업연도 >= 2023 이면 IFRS17, 아니면 IFRS4",-,(연결)당기순이익(백만원),2020-12-31,-,"1,307,266",api,alotMatter,"{""bsns_year"": ""2020"", ""corp_code"": ""01350869"", ""reprt_code"": ""11011""}",20210318001162,api_row,2026-08-31T15:43:06+09:00,000,run_20260831_152517_0488,raw/alotMatter/01350869_2020_11011.json,27bbc49a7e224b2131359b07822381e1517e15f56f67e69ace261de64b86304a,10
,,,01350869,우리금융지주,2020,11011,사업보고서,IFRS4,Y,"628,293","보고서 사업연도 >= 2023 이면 IFRS17, 아니면 IFRS4",-,(별도)당기순이익(백만원),2020-12-31,-,"595,318",api,alotMatter,"{""bsns_year"": ""2020"", ""corp_code"": ""01350869"", ""reprt_code"": ""11011""}",20210318001162,api_row,2026-08-31T15:43:06+09:00,000,run_20260831_152517_0488,raw/alotMatter/01350869_2020_11011.json,27bbc49a7e224b2131359b07822381e1517e15f56f67e69ace261de64b86304a,10
,,,01350869,우리금융지주,2020,11011,사업보고서,IFRS4,Y,"2,727","보고서 사업연도 >= 2023 이면 IFRS17, 아니면 IFRS4",-,(연결)주당순이익(원),2020-12-31,-,"1,742",api,alotMatter,"{""bsns_year"": ""2020"", ""corp_code"": ""01350869"", ""reprt_code"": ""11011""}",20210318001162,api_row,2026-08-31T15:43:06+09:00,000,run_20260831_152517_0488,raw/alotMatter/01350869_2020_11011.json,27bbc49a7e224b2131359b07822381e1517e15f56f67e69ace261de64b86304a,10
,,,01350869,우리금융지주,2020,11011,사업보고서,IFRS4,Y,"505,587","보고서 사업연도 >= 2023 이면 IFRS17, 아니면 IFRS4",-,현금배당금총액(백만원),2020-12-31,-,"260,016",api,alotMatter,"{""bsns_year"": ""2020"", ""corp_code"": ""01350869"", ""reprt_code"": ""11011""}",20210318001162,api_row,2026-08-31T15:43:06+09:00,000,run_20260831_152517_0488,raw/alotMatter/01350869_2020_11011.json,27bbc49a7e224b2131359b07822381e1517e15f56f67e69ace261de64b86304a,10
,,,01350869,우리금융지주,2020,11011,사업보고서,IFRS4,Y,-,"보고서 사업연도 >= 2023 이면 IFRS17, 아니면 IFRS4",-,주식배당금총액(백만원),2020-12-31,-,-,api,alotMatter,"{""bsns_year"": ""2020"", ""corp_code"": ""01350869"", ""reprt_code"": ""11011""}",20210318001162,api_row,2026-08-31T15:43:06+09:00,000,run_20260831_152517_0488,raw/alotMatter/01350869_2020_11011.json,27bbc49a7e224b2131359b07822381e1517e15f56f67e69ace261de64b86304a,10
,,,01350869,우리금융지주,2020,11011,사업보고서,IFRS4,Y,27.00,"보고서 사업연도 >= 2023 이면 IFRS17, 아니면 IFRS4",-,(연결)현금배당성향(%),2020-12-31,-,19.89,api,alotMatter,"{""bsns_year"": ""2020"", ""corp_code"": ""01350869"", ""reprt_code"": ""11011""}",20210318001162,api_row,2026-08-31T15:43:06+09:00,000,run_20260831_152517_0488,raw/alotMatter/01350869_2020_11011.json,27bbc49a7e224b2131359b07822381e1517e15f56f67e69ace261de64b86304a,10
,,,01350869,우리금융지주,2020,11011,사업보고서,IFRS4,Y,5.80,"보고서 사업연도 >= 2023 이면 IFRS17, 아니면 IFRS4",-,현금배당수익률(%),2020-12-31,보통주,3.60,api,alotMatter,"{""bsns_year"": ""2020"", ""corp_code"": ""01350869"", ""reprt_code"": ""11011""}",20210318001162,api_row,2026-08-31T15:43:06+09:00,000,run_20260831_152517_0488,raw/alotMatter/01350869_2020_11011.json,27bbc49a7e224b2131359b07822381e1517e15f56f67e69ace261de64b86304a,10
,,,01350869,우리금융지주,2020,11011,사업보고서,IFRS4,Y,-,"보고서 사업연도 >= 2023 이면 IFRS17, 아니면 IFRS4",-,현금배당수익률(%),2020-12-31,우선주,-,api,alotMatter,"{""bsns_year"": ""2020"", ""corp_code"": ""01350869"", ""reprt_code"": ""11011""}",20210318001162,api_row,2026-08-31T15:43:06+09:00,000,run_20260831_152517_0488,raw/alotMatter/01350869_2020_11011.json,27bbc49a7e224b2131359b07822381e1517e15f56f67e69ace261de64b86304a,10
,,,01350869,우리금융지주,2020,11011,사업보고서,IFRS4,Y,-,"보고서 사업연도 >= 2023 이면 IFRS17, 아니면 IFRS4",-,주식배당수익률(%),2020-12-31,보통주,-,api,alotMatter,"{""bsns_year"": ""2020"", ""corp_code"": ""01350869"", ""reprt_code"": ""11011""}",20210318001162,api_row,2026-08-31T15:43:06+09:00,000,run_20260831_152517_0488,raw/alotMatter/01350869_2020_11011.json,27bbc49a7e224b2131359b07822381e1517e15f56f67e69ace261de64b86304a,10
,,,01350869,우리금융지주,2020,11011,사업보고서,IFRS4,Y,-,"보고서 사업연도 >= 2023 이면 IFRS17, 아니면 IFRS4",-,주식배당수익률(%),2020-12-31,우선주,-,api,alotMatter,"{""bsns_year"": ""2020"", ""corp_code"": ""01350869"", ""reprt_code"": ""11011""}",20210318001162,api_row,2026-08-31T15:43:06+09:00,000,run_20260831_152517_0488,raw/alotMatter/01350869_2020_11011.json,27bbc49a7e224b2131359b07822381e1517e15f56f67e69ace261de64b86304a,10
,,,01350869,우리금융지주,2020,11011,사업보고서,IFRS4,Y,700,"보고서 사업연도 >= 2023 이면 IFRS17, 아니면 IFRS4",-,주당 현금배당금(원),2020-12-31,보통주,360,api,alotMatter,"{""bsns_year"": ""2020"", ""corp_code"": ""01350869"", ""reprt_code"": ""11011""}",20210318001162,api_row,2026-08-31T15:43:06+09:00,000,run_20260831_152517_0488,raw/alotMatter/01350869_2020_11011.json,27bbc49a7e224b2131359b07822381e1517e15f56f67e69ace261de64b86304a,10
,,,01350869,우리금융지주,2020,11011,사업보고서,IFRS4,Y,-,"보고서 사업연도 >= 2023 이면 IFRS17, 아니면 IFRS4",-,주당 현금배당금(원),2020-12-31,우선주,-,api,alotMatter,"{""bsns_year"": ""2020"", ""corp_code"": ""01350869"", ""reprt_code"": ""11011""}",20210318001162,api_row,2026-08-31T15:43:06+09:00,000,run_20260831_152517_0488,raw/alotMatter/01350869_2020_11011.json,27bbc49a7e224b2131359b07822381e1517e15f56f67e69ace261de64b86304a,10
,,,01350869,우리금융지주,2020,11011,사업보고서,IFRS4,Y,-,"보고서 사업연도 >= 2023 이면 IFRS17, 아니면 IFRS4",-,주당 주식배당(주),2020-12-31,보통주,-,api,alotMatter,"{""bsns_year"": ""2020"", ""corp_code"": ""01350869"", ""reprt_code"": ""11011""}",20210318001162,api_row,2026-08-31T15:43:06+09:00,000,run_20260831_152517_0488,raw/alotMatter/01350869_2020_11011.json,27bbc49a7e224b2131359b07822381e1517e15f56f67e69ace261de64b86304a,10
,,,01350869,우리금융지주,2020,11011,사업보고서,IFRS4,Y,-,"보고서 사업연도 >= 2023 이면 IFRS17, 아니면 IFRS4",-,주당 주식배당(주),2020-12-31,우선주,-,api,alotMatter,"{""bsns_year"": ""2020"", ""corp_code"": ""01350869"", ""reprt_code"": ""11011""}",20210318001162,api_row,2026-08-31T15:43:06+09:00,000,run_20260831_152517_0488,raw/alotMatter/01350869_2020_11011.json,27bbc49a7e224b2131359b07822381e1517e15f56f67e69ace261de64b86304a,10
,,,00113058,한화생명,2021,11011,사업보고서,IFRS4,Y,"5,000","보고서 사업연도 >= 2023 이면 IFRS17, 아니면 IFRS4","5,000",주당액면가액(원),2021-12-31,-,"5,000",api,alotMatter,"{""bsns_year"": ""2021"", ""corp_code"": ""00113058"", ""reprt_code"": ""11011""}",20220316001424,api_row,2026-08-31T15:47:26+09:00,000,run_20260831_152517_0614,raw/alotMatter/00113058_2021_11011.json,a4f1d706c06a495bf84b2795b7d4c3c33ac8b31ca69865cf455ae67accb6f762,10
,,,00113058,한화생명,2021,11011,사업보고서,IFRS4,Y,"235,078","보고서 사업연도 >= 2023 이면 IFRS17, 아니면 IFRS4","100,421",(연결)당기순이익(백만원),2021-12-31,-,"1,191,311",api,alotMatter,"{""bsns_year"": ""2021"", ""corp_code"": ""00113058"", ""reprt_code"": ""11011""}",20220316001424,api_row,2026-08-31T15:47:26+09:00,000,run_20260831_152517_0614,raw/alotMatter/00113058_2021_11011.json,a4f1d706c06a495bf84b2795b7d4c3c33ac8b31ca69865cf455ae67accb6f762,10
,,,00113058,한화생명,2021,11011,사업보고서,IFRS4,Y,"196,903","보고서 사업연도 >= 2023 이면 IFRS17, 아니면 IFRS4","114,642",(별도)당기순이익(백만원),2021-12-31,-,"410,565",api,alotMatter,"{""bsns_year"": ""2021"", ""corp_code"": ""00113058"", ""reprt_code"": ""11011""}",20220316001424,api_row,2026-08-31T15:47:26+09:00,000,run_20260831_152517_0614,raw/alotMatter/00113058_2021_11011.json,a4f1d706c06a495bf84b2795b7d4c3c33ac8b31ca69865cf455ae67accb6f762,10
,,,00113058,한화생명,2021,11011,사업보고서,IFRS4,Y,184,"보고서 사업연도 >= 2023 이면 IFRS17, 아니면 IFRS4",18,(연결)주당순이익(원),2021-12-31,-,"1,455",api,alotMatter,"{""bsns_year"": ""2021"", ""corp_code"": ""00113058"", ""reprt_code"": ""11011""}",20220316001424,api_row,2026-08-31T15:47:26+09:00,000,run_20260831_152517_0614,raw/alotMatter/00113058_2021_11011.json,a4f1d706c06a495bf84b2795b7d4c3c33ac8b31ca69865cf455ae67accb6f762,10
,,,00113058,한화생명,2021,11011,사업보고서,IFRS4,Y,"22,542","보고서 사업연도 >= 2023 이면 IFRS17, 아니면 IFRS4","22,542",현금배당금총액(백만원),2021-12-31,-,-,api,alotMatter,"{""bsns_year"": ""2021"", ""corp_code"": ""00113058"", ""reprt_code"": ""11011""}",20220316001424,api_row,2026-08-31T15:47:26+09:00,000,run_20260831_152517_0614,raw/alotMatter/00113058_2021_11011.json,a4f1d706c06a495bf84b2795b7d4c3c33ac8b31ca69865cf455ae67accb6f762,10
,,,00113058,한화생명,2021,11011,사업보고서,IFRS4,Y,-,"보고서 사업연도 >= 2023 이면 IFRS17, 아니면 IFRS4",-,주식배당금총액(백만원),2021-12-31,-,-,api,alotMatter,"{""bsns_year"": ""2021"", ""corp_code"": ""00113058"", ""reprt_code"": ""11011""}",20220316001424,api_row,2026-08-31T15:47:26+09:00,000,run_20260831_152517_0614,raw/alotMatter/00113058_2021_11011.json,a4f1d706c06a495bf84b2795b7d4c3c33ac8b31ca69865cf455ae67accb6f762,10
,,,00113058,한화생명,2021,11011,사업보고서,IFRS4,Y,9.60,"보고서 사업연도 >= 2023 이면 IFRS17, 아니면 IFRS4",22.40,(연결)현금배당성향(%),2021-12-31,-,-,api,alotMatter,"{""bsns_year"": ""2021"", ""corp_code"": ""00113058"", ""reprt_code"": ""11011""}",20220316001424,api_row,2026-08-31T15:47:26+09:00,000,run_20260831_152517_0614,raw/alotMatter/00113058_2021_11011.json,a4f1d706c06a495bf84b2795b7d4c3c33ac8b31ca69865cf455ae67accb6f762,10
,,,00113058,한화생명,2021,11011,사업보고서,IFRS4,Y,1.20,"보고서 사업연도 >= 2023 이면 IFRS17, 아니면 IFRS4",1.30,현금배당수익률(%),2021-12-31,보통주,-,api,alotMatter,"{""bsns_year"": ""2021"", ""corp_code"": ""00113058"", ""reprt_code"": ""11011""}",20220316001424,api_row,2026-08-31T15:47:26+09:00,000,run_20260831_152517_0614,raw/alotMatter/00113058_2021_11011.json,a4f1d706c06a495bf84b2795b7d4c3c33ac8b31ca69865cf455ae67accb6f762,10
,,,00113058,한화생명,2021,11011,사업보고서,IFRS4,Y,-,"보고서 사업연도 >= 2023 이면 IFRS17, 아니면 IFRS4",-,현금배당수익률(%),2021-12-31,우선주,-,api,alotMatter,"{""bsns_year"": ""2021"", ""corp_code"": ""00113058"", ""reprt_code"": ""11011""}",20220316001424,api_row,2026-08-31T15:47:26+09:00,000,run_20260831_152517_0614,raw/alotMatter/00113058_2021_11011.json,a4f1d706c06a495bf84b2795b7d4c3c33ac8b31ca69865cf455ae67accb6f762,10
,,,00113058,한화생명,2021,11011,사업보고서,IFRS4,Y,-,"보고서 사업연도 >= 2023 이면 IFRS17, 아니면 IFRS4",-,주식배당수익률(%),2021-12-31,보통주,-,api,alotMatter,"{""bsns_year"": ""2021"", ""corp_code"": ""00113058"", ""reprt_code"": ""11011""}",20220316001424,api_row,2026-08-31T15:47:26+09:00,000,run_20260831_152517_0614,raw/alotMatter/00113058_2021_11011.json,a4f1d706c06a495bf84b2795b7d4c3c33ac8b31ca69865cf455ae67accb6f762,10
,,,00113058,한화생명,2021,11011,사업보고서,IFRS4,Y,-,"보고서 사업연도 >= 2023 이면 IFRS17, 아니면 IFRS4",-,주식배당수익률(%),2021-12-31,우선주,-,api,alotMatter,"{""bsns_year"": ""2021"", ""corp_code"": ""00113058"", ""reprt_code"": ""11011""}",20220316001424,api_row,2026-08-31T15:47:26+09:00,000,run_20260831_152517_0614,raw/alotMatter/00113058_2021_11011.json,a4f1d706c06a495bf84b2795b7d4c3c33ac8b31ca69865cf455ae67accb6f762,10
,,,00113058,한화생명,2021,11011,사업보고서,IFRS4,Y,30,"보고서 사업연도 >= 2023 이면 IFRS17, 아니면 IFRS4",30,주당 현금배당금(원),2021-12-31,보통주,-,api,alotMatter,"{""bsns_year"": ""2021"", ""corp_code"": ""00113058"", ""reprt_code"": ""11011""}",20220316001424,api_row,2026-08-31T15:47:26+09:00,000,run_20260831_152517_0614,raw/alotMatter/00113058_2021_11011.json,a4f1d706c06a495bf84b2795b7d4c3c33ac8b31ca69865cf455ae67accb6f762,10
,,,00113058,한화생명,2021,11011,사업보고서,IFRS4,Y,-,"보고서 사업연도 >= 2023 이면 IFRS17, 아니면 IFRS4",-,주당 현금배당금(원),2021-12-31,우선주,-,api,alotMatter,"{""bsns_year"": ""2021"", ""corp_code"": ""00113058"", ""reprt_code"": ""11011""}",20220316001424,api_row,2026-08-31T15:47:26+09:00,000,run_20260831_152517_0614,raw/alotMatter/00113058_2021_11011.json,a4f1d706c06a495bf84b2795b7d4c3c33ac8b31ca69865cf455ae67accb6f762,10
,,,00113058,한화생명,2021,11011,사업보고서,IFRS4,Y,-,"보고서 사업연도 >= 2023 이면 IFRS17, 아니면 IFRS4",-,주당 주식배당(주),2021-12-31,보통주,-,api,alotMatter,"{""bsns_year"": ""2021"", ""corp_code"": ""00113058"", ""reprt_code"": ""11011""}",20220316001424,api_row,2026-08-31T15:47:26+09:00,000,run_20260831_152517_0614,raw/alotMatter/00113058_2021_11011.json,a4f1d706c06a495bf84b2795b7d4c3c33ac8b31ca69865cf455ae67accb6f762,10
,,,00113058,한화생명,2021,11011,사업보고서,IFRS4,Y,-,"보고서 사업연도 >= 2023 이면 IFRS17, 아니면 IFRS4",-,주당 주식배당(주),2021-12-31,우선주,-,api,alotMatter,"{""bsns_year"": ""2021"", ""corp_code"": ""00113058"", ""reprt_code"": ""11011""}",20220316001424,api_row,2026-08-31T15:47:26+09:00,000,run_20260831_152517_0614,raw/alotMatter/00113058_2021_11011.json,a4f1d706c06a495bf84b2795b7d4c3c33ac8b31ca69865cf455ae67accb6f762,10
,,,00117267,동양생명보험,2021,11011,사업보고서,IFRS4,E,"5,000","보고서 사업연도 >= 2023 이면 IFRS17, 아니면 IFRS4","5,000",주당액면가액(원),2021-12-31,-,"5,000",api,alotMatter,"{""bsns_year"": ""2021"", ""corp_code"": ""00117267"", ""reprt_code"": ""11011""}",20220323001093,api_row,2026-08-31T15:50:36+09:00,000,run_20260831_152517_0677,raw/alotMatter/00117267_2021_11011.json,4af6045bf207f83445ca51dfda255fb2dfc5775dbfb311c136098bea1222e691,10
,,,00117267,동양생명보험,2021,11011,사업보고서,IFRS4,E,"128,582","보고서 사업연도 >= 2023 이면 IFRS17, 아니면 IFRS4","115,226",(연결)당기순이익(백만원),2021-12-31,-,"275,619",api,alotMatter,"{""bsns_year"": ""2021"", ""corp_code"": ""00117267"", ""reprt_code"": ""11011""}",20220323001093,api_row,2026-08-31T15:50:36+09:00,000,run_20260831_152517_0677,raw/alotMatter/00117267_2021_11011.json,4af6045bf207f83445ca51dfda255fb2dfc5775dbfb311c136098bea1222e691,10
,,,00117267,동양생명보험,2021,11011,사업보고서,IFRS4,E,-,"보고서 사업연도 >= 2023 이면 IFRS17, 아니면 IFRS4","151,542",(별도)당기순이익(백만원),2021-12-31,-,"275,763",api,alotMatter,"{""bsns_year"": ""2021"", ""corp_code"": ""00117267"", ""reprt_code"": ""11011""}",20220323001093,api_row,2026-08-31T15:50:36+09:00,000,run_20260831_152517_0677,raw/alotMatter/00117267_2021_11011.json,4af6045bf207f83445ca51dfda255fb2dfc5775dbfb311c136098bea1222e691,10
,,,00117267,동양생명보험,2021,11011,사업보고서,IFRS4,E,825,"보고서 사업연도 >= 2023 이면 IFRS17, 아니면 IFRS4",739,(연결)주당순이익(원),2021-12-31,-,"1,768",api,alotMatter,"{""bsns_year"": ""2021"", ""corp_code"": ""00117267"", ""reprt_code"": ""11011""}",20220323001093,api_row,2026-08-31T15:50:36+09:00,000,run_20260831_152517_0677,raw/alotMatter/00117267_2021_11011.json,4af6045bf207f83445ca51dfda255fb2dfc5775dbfb311c136098bea1222e691,10
,,,00117267,동양생명보험,2021,11011,사업보고서,IFRS4,E,"34,289","보고서 사업연도 >= 2023 이면 IFRS17, 아니면 IFRS4","35,847",현금배당금총액(백만원),2021-12-31,-,"96,632",api,alotMatter,"{""bsns_year"": ""2021"", ""corp_code"": ""00117267"", ""reprt_code"": ""11011""}",20220323001093,api_row,2026-08-31T15:50:36+09:00,000,run_20260831_152517_0677,raw/alotMatter/00117267_2021_11011.json,4af6045bf207f83445ca51dfda255fb2dfc5775dbfb311c136098bea1222e691,10
,,,00117267,동양생명보험,2021,11011,사업보고서,IFRS4,E,-,"보고서 사업연도 >= 2023 이면 IFRS17, 아니면 IFRS4",-,주식배당금총액(백만원),2021-12-31,-,-,api,alotMatter,"{""bsns_year"": ""2021"", ""corp_code"": ""00117267"", ""reprt_code"": ""11011""}",20220323001093,api_row,2026-08-31T15:50:36+09:00,000,run_20260831_152517_0677,raw/alotMatter/00117267_2021_11011.json,4af6045bf207f83445ca51dfda255fb2dfc5775dbfb311c136098bea1222e691,10
,,,00117267,동양생명보험,2021,11011,사업보고서,IFRS4,E,26.70,"보고서 사업연도 >= 2023 이면 IFRS17, 아니면 IFRS4",31.10,(연결)현금배당성향(%),2021-12-31,-,35.10,api,alotMatter,"{""bsns_year"": ""2021"", ""corp_code"": ""00117267"", ""reprt_code"": ""11011""}",20220323001093,api_row,2026-08-31T15:50:36+09:00,000,run_20260831_152517_0677,raw/alotMatter/00117267_2021_11011.json,4af6045bf207f83445ca51dfda255fb2dfc5775dbfb311c136098bea1222e691,10
,,,00117267,동양생명보험,2021,11011,사업보고서,IFRS4,E,5.90,"보고서 사업연도 >= 2023 이면 IFRS17, 아니면 IFRS4",5.30,현금배당수익률(%),2021-12-31,보통주,9.00,api,alotMatter,"{""bsns_year"": ""2021"", ""corp_code"": ""00117267"", ""reprt_code"": ""11011""}",20220323001093,api_row,2026-08-31T15:50:36+09:00,000,run_20260831_152517_0677,raw/alotMatter/00117267_2021_11011.json,4af6045bf207f83445ca51dfda255fb2dfc5775dbfb311c136098bea1222e691,10
,,,00117267,동양생명보험,2021,11011,사업보고서,IFRS4,E,-,"보고서 사업연도 >= 2023 이면 IFRS17, 아니면 IFRS4",-,현금배당수익률(%),2021-12-31,종류주식,-,api,alotMatter,"{""bsns_year"": ""2021"", ""corp_code"": ""00117267"", ""reprt_code"": ""11011""}",20220323001093,api_row,2026-08-31T15:50:36+09:00,000,run_20260831_152517_0677,raw/alotMatter/00117267_2021_11011.json,4af6045bf207f83445ca51dfda255fb2dfc5775dbfb311c136098bea1222e691,10
,,,00117267,동양생명보험,2021,11011,사업보고서,IFRS4,E,-,"보고서 사업연도 >= 2023 이면 IFRS17, 아니면 IFRS4",-,주식배당수익률(%),2021-12-31,보통주,-,api,alotMatter,"{""bsns_year"": ""2021"", ""corp_code"": ""00117267"", ""reprt_code"": ""11011""}",20220323001093,api_row,2026-08-31T15:50:36+09:00,000,run_20260831_152517_0677,raw/alotMatter/00117267_2021_11011.json,4af6045bf207f83445ca51dfda255fb2dfc5775dbfb311c136098bea1222e691,10
,,,00117267,동양생명보험,2021,11011,사업보고서,IFRS4,E,-,"보고서 사업연도 >= 2023 이면 IFRS17, 아니면 IFRS4",-,주식배당수익률(%),2021-12-31,종류주식,-,api,alotMatter,"{""bsns_year"": ""2021"", ""corp_code"": ""00117267"", ""reprt_code"": ""11011""}",20220323001093,api_row,2026-08-31T15:50:36+09:00,000,run_20260831_152517_0677,raw/alotMatter/00117267_2021_11011.json,4af6045bf207f83445ca51dfda255fb2dfc5775dbfb311c136098bea1222e691,10
,,,00117267,동양생명보험,2021,11011,사업보고서,IFRS4,E,220,"보고서 사업연도 >= 2023 이면 IFRS17, 아니면 IFRS4",230,주당 현금배당금(원),2021-12-31,보통주,620,api,alotMatter,"{""bsns_year"": ""2021"", ""corp_code"": ""00117267"", ""reprt_code"": ""11011""}",20220323001093,api_row,2026-08-31T15:50:36+09:00,000,run_20260831_152517_0677,raw/alotMatter/00117267_2021_11011.json,4af6045bf207f83445ca51dfda255fb2dfc5775dbfb311c136098bea1222e691,10
,,,00117267,동양생명보험,2021,11011,사업보고서,IFRS4,E,-,"보고서 사업연도 >= 2023 이면 IFRS17, 아니면 IFRS4",-,주당 현금배당금(원),2021-12-31,종류주식,-,api,alotMatter,"{""bsns_year"": ""2021"", ""corp_code"": ""00117267"", ""reprt_code"": ""11011""}",20220323001093,api_row,2026-08-31T15:50:36+09:00,000,run_20260831_152517_0677,raw/alotMatter/00117267_2021_11011.json,4af6045bf207f83445ca51dfda255fb2dfc5775dbfb311c136098bea1222e691,10
,,,00117267,동양생명보험,2021,11011,사업보고서,IFRS4,E,-,"보고서 사업연도 >= 2023 이면 IFRS17, 아니면 IFRS4",-,주당 주식배당(주),2021-12-31,보통주,-,api,alotMatter,"{""bsns_year"": ""2021"", ""corp_code"": ""00117267"", ""reprt_code"": ""11011""}",20220323001093,api_row,2026-08-31T15:50:36+09:00,000,run_20260831_152517_0677,raw/alotMatter/00117267_2021_11011.json,4af6045bf207f83445ca51dfda255fb2dfc5775dbfb311c136098bea1222e691,10
,,,00117267,동양생명보험,2021,11011,사업보고서,IFRS4,E,-,"보고서 사업연도 >= 2023 이면 IFRS17, 아니면 IFRS4",-,주당 주식배당(주),2021-12-31,종류주식,-,api,alotMatter,"{""bsns_year"": ""2021"", ""corp_code"": ""00117267"", ""reprt_code"": ""11011""}",20220323001093,api_row,2026-08-31T15:50:36+09:00,000,run_20260831_152517_0677,raw/alotMatter/00117267_2021_11011.json,4af6045bf207f83445ca51dfda255fb2dfc5775dbfb311c136098bea1222e691,10
,,,00120216,KB손해보험,2021,11011,사업보고서,IFRS4,E,500,"보고서 사업연도 >= 2023 이면 IFRS17, 아니면 IFRS4",500,주당액면가액(원),2021-12-31,-,500,api,alotMatter,"{""bsns_year"": ""2021"", ""corp_code"": ""00120216"", ""reprt_code"": ""11011""}",20220317000664,api_row,2026-08-31T16:00:14+09:00,000,run_20260831_152517_0924,raw/alotMatter/00120216_2021_11011.json,abad0879176564aef1c83038fc5bf6b052e367c5640f5e438aa6c28caecbca5b,10
,,,00120216,KB손해보험,2021,11011,사업보고서,IFRS4,E,"153,919","보고서 사업연도 >= 2023 이면 IFRS17, 아니면 IFRS4","159,637",(연결)당기순이익(백만원),2021-12-31,-,"281,078",api,alotMatter,"{""bsns_year"": ""2021"", ""corp_code"": ""00120216"", ""reprt_code"": ""11011""}",20220317000664,api_row,2026-08-31T16:00:14+09:00,000,run_20260831_152517_0924,raw/alotMatter/00120216_2021_11011.json,abad0879176564aef1c83038fc5bf6b052e367c5640f5e438aa6c28caecbca5b,10
,,,00120216,KB손해보험,2021,11011,사업보고서,IFRS4,E,"153,327","보고서 사업연도 >= 2023 이면 IFRS17, 아니면 IFRS4","159,063",(별도)당기순이익(백만원),2021-12-31,-,"285,471",api,alotMatter,"{""bsns_year"": ""2021"", ""corp_code"": ""00120216"", ""reprt_code"": ""11011""}",20220317000664,api_row,2026-08-31T16:00:14+09:00,000,run_20260831_152517_0924,raw/alotMatter/00120216_2021_11011.json,abad0879176564aef1c83038fc5bf6b052e367c5640f5e438aa6c28caecbca5b,10
,,,00120216,KB손해보험,2021,11011,사업보고서,IFRS4,E,"2,315","보고서 사업연도 >= 2023 이면 IFRS17, 아니면 IFRS4","2,401",(연결)주당순이익(원),2021-12-31,-,"4,227",api,alotMatter,"{""bsns_year"": ""2021"", ""corp_code"": ""00120216"", ""reprt_code"": ""11011""}",20220317000664,api_row,2026-08-31T16:00:14+09:00,000,run_20260831_152517_0924,raw/alotMatter/00120216_2021_11011.json,abad0879176564aef1c83038fc5bf6b052e367c5640f5e438aa6c28caecbca5b,10
,,,00120216,KB손해보험,2021,11011,사업보고서,IFRS4,E,-,"보고서 사업연도 >= 2023 이면 IFRS17, 아니면 IFRS4",-,현금배당금총액(백만원),2021-12-31,-,-,api,alotMatter,"{""bsns_year"": ""2021"", ""corp_code"": ""00120216"", ""reprt_code"": ""11011""}",20220317000664,api_row,2026-08-31T16:00:14+09:00,000,run_20260831_152517_0924,raw/alotMatter/00120216_2021_11011.json,abad0879176564aef1c83038fc5bf6b052e367c5640f5e438aa6c28caecbca5b,10
,,,00120216,KB손해보험,2021,11011,사업보고서,IFRS4,E,-,"보고서 사업연도 >= 2023 이면 IFRS17, 아니면 IFRS4",-,주식배당금총액(백만원),2021-12-31,-,-,api,alotMatter,"{""bsns_year"": ""2021"", ""corp_code"": ""00120216"", ""reprt_code"": ""11011""}",20220317000664,api_row,2026-08-31T16:00:14+09:00,000,run_20260831_152517_0924,raw/alotMatter/00120216_2021_11011.json,abad0879176564aef1c83038fc5bf6b052e367c5640f5e438aa6c28caecbca5b,10
,,,00120216,KB손해보험,2021,11011,사업보고서,IFRS4,E,-,"보고서 사업연도 >= 2023 이면 IFRS17, 아니면 IFRS4",-,(연결)현금배당성향(%),2021-12-31,-,-,api,alotMatter,"{""bsns_year"": ""2021"", ""corp_code"": ""00120216"", ""reprt_code"": ""11011""}",20220317000664,api_row,2026-08-31T16:00:14+09:00,000,run_20260831_152517_0924,raw/alotMatter/00120216_2021_11011.json,abad0879176564aef1c83038fc5bf6b052e367c5640f5e438aa6c28caecbca5b,10
,,,00120216,KB손해보험,2021,11011,사업보고서,IFRS4,E,-,"보고서 사업연도 >= 2023 이면 IFRS17, 아니면 IFRS4",-,현금배당수익률(%),2021-12-31,-,-,api,alotMatter,"{""bsns_year"": ""2021"", ""corp_code"": ""00120216"", ""reprt_code"": ""11011""}",20220317000664,api_row,2026-08-31T16:00:14+09:00,000,run_20260831_152517_0924,raw/alotMatter/00120216_2021_11011.json,abad0879176564aef1c83038fc5bf6b052e367c5640f5e438aa6c28caecbca5b,10
,,,00120216,KB손해보험,2021,11011,사업보고서,IFRS4,E,-,"보고서 사업연도 >= 2023 이면 IFRS17, 아니면 IFRS4",-,현금배당수익률(%),2021-12-31,-,-,api,alotMatter,"{""bsns_year"": ""2021"", ""corp_code"": ""00120216"", ""reprt_code"": ""11011""}",20220317000664,api_row,2026-08-31T16:00:14+09:00,000,run_20260831_152517_0924,raw/alotMatter/00120216_2021_11011.json,abad0879176564aef1c83038fc5bf6b052e367c5640f5e438aa6c28caecbca5b,10
,,,00120216,KB손해보험,2021,11011,사업보고서,IFRS4,E,-,"보고서 사업연도 >= 2023 이면 IFRS17, 아니면 IFRS4",-,주식배당수익률(%),2021-12-31,-,-,api,alotMatter,"{""bsns_year"": ""2021"", ""corp_code"": ""00120216"", ""reprt_code"": ""11011""}",20220317000664,api_row,2026-08-31T16:00:14+09:00,000,run_20260831_152517_0924,raw/alotMatter/00120216_2021_11011.json,abad0879176564aef1c83038fc5bf6b052e367c5640f5e438aa6c28caecbca5b,10
,,,00120216,KB손해보험,2021,11011,사업보고서,IFRS4,E,-,"보고서 사업연도 >= 2023 이면 IFRS17, 아니면 IFRS4",-,주식배당수익률(%),2021-12-31,-,-,api,alotMatter,"{""bsns_year"": ""2021"", ""corp_code"": ""00120216"", ""reprt_code"": ""11011""}",20220317000664,api_row,2026-08-31T16:00:14+09:00,000,run_20260831_152517_0924,raw/alotMatter/00120216_2021_11011.json,abad0879176564aef1c83038fc5bf6b052e367c5640f5e438aa6c28caecbca5b,10
,,,00120216,KB손해보험,2021,11011,사업보고서,IFRS4,E,-,"보고서 사업연도 >= 2023 이면 IFRS17, 아니면 IFRS4",-,주당 현금배당금(원),2021-12-31,-,-,api,alotMatter,"{""bsns_year"": ""2021"", ""corp_code"": ""00120216"", ""reprt_code"": ""11011""}",20220317000664,api_row,2026-08-31T16:00:14+09:00,000,run_20260831_152517_0924,raw/alotMatter/00120216_2021_11011.json,abad0879176564aef1c83038fc5bf6b052e367c5640f5e438aa6c28caecbca5b,10
,,,00120216,KB손해보험,2021,11011,사업보고서,IFRS4,E,-,"보고서 사업연도 >= 2023 이면 IFRS17, 아니면 IFRS4",-,주당 현금배당금(원),2021-12-31,-,-,api,alotMatter,"{""bsns_year"": ""2021"", ""corp_code"": ""00120216"", ""reprt_code"": ""11011""}",20220317000664,api_row,2026-08-31T16:00:14+09:00,000,run_20260831_152517_0924,raw/alotMatter/00120216_2021_11011.json,abad0879176564aef1c83038fc5bf6b052e367c5640f5e438aa6c28caecbca5b,10
,,,00120216,KB손해보험,2021,11011,사업보고서,IFRS4,E,-,"보고서 사업연도 >= 2023 이면 IFRS17, 아니면 IFRS4",-,주당 주식배당(주),2021-12-31,-,-,api,alotMatter,"{""bsns_year"": ""2021"", ""corp_code"": ""00120216"", ""reprt_code"": ""11011""}",20220317000664,api_row,2026-08-31T16:00:14+09:00,000,run_20260831_152517_0924,raw/alotMatter/00120216_2021_11011.json,abad0879176564aef1c83038fc5bf6b052e367c5640f5e438aa6c28caecbca5b,10
,,,00120216,KB손해보험,2021,11011,사업보고서,IFRS4,E,-,"보고서 사업연도 >= 2023 이면 IFRS17, 아니면 IFRS4",-,주당 주식배당(주),2021-12-31,-,-,api,alotMatter,"{""bsns_year"": ""2021"", ""corp_code"": ""00120216"", ""reprt_code"": ""11011""}",20220317000664,api_row,2026-08-31T16:00:14+09:00,000,run_20260831_152517_0924,raw/alotMatter/00120216_2021_11011.json,abad0879176564aef1c83038fc5bf6b052e367c5640f5e438aa6c28caecbca5b,10
,,,00135917,한화손해보험,2021,11011,사업보고서,IFRS4,Y,"5,000","보고서 사업연도 >= 2023 이면 IFRS17, 아니면 IFRS4","5,000",주당액면가액(원),2021-12-31,-,"5,000",api,alotMatter,"{""bsns_year"": ""2021"", ""corp_code"": ""00135917"", ""reprt_code"": ""11011""}",20220310000539,api_row,2026-08-31T15:53:16+09:00,000,run_20260831_152517_0738,raw/alotMatter/00135917_2021_11011.json,284b9253ce4cfe41b3c0646d8fb19b7b3a9cbcf297a16d7f1793b4139eeed773,10
,,,00135917,한화손해보험,2021,11011,사업보고서,IFRS4,Y,"48,250","보고서 사업연도 >= 2023 이면 IFRS17, 아니면 IFRS4","-69,074",(연결)당기순이익(백만원),2021-12-31,-,"94,867",api,alotMatter,"{""bsns_year"": ""2021"", ""corp_code"": ""00135917"", ""reprt_code"": ""11011""}",20220310000539,api_row,2026-08-31T15:53:16+09:00,000,run_20260831_152517_0738,raw/alotMatter/00135917_2021_11011.json,284b9253ce4cfe41b3c0646d8fb19b7b3a9cbcf297a16d7f1793b4139eeed773,10
,,,00135917,한화손해보험,2021,11011,사업보고서,IFRS4,Y,"88,383","보고서 사업연도 >= 2023 이면 IFRS17, 아니면 IFRS4","-60,967",(별도)당기순이익(백만원),2021-12-31,-,"155,943",api,alotMatter,"{""bsns_year"": ""2021"", ""corp_code"": ""00135917"", ""reprt_code"": ""11011""}",20220310000539,api_row,2026-08-31T15:53:16+09:00,000,run_20260831_152517_0738,raw/alotMatter/00135917_2021_11011.json,284b9253ce4cfe41b3c0646d8fb19b7b3a9cbcf297a16d7f1793b4139eeed773,10
,,,00135917,한화손해보험,2021,11011,사업보고서,IFRS4,Y,315,"보고서 사업연도 >= 2023 이면 IFRS17, 아니면 IFRS4",-705,(연결)주당순이익(원),2021-12-31,-,939,api,alotMatter,"{""bsns_year"": ""2021"", ""corp_code"": ""00135917"", ""reprt_code"": ""11011""}",20220310000539,api_row,2026-08-31T15:53:16+09:00,000,run_20260831_152517_0738,raw/alotMatter/00135917_2021_11011.json,284b9253ce4cfe41b3c0646d8fb19b7b3a9cbcf297a16d7f1793b4139eeed773,10
,,,00135917,한화손해보험,2021,11011,사업보고서,IFRS4,Y,-,"보고서 사업연도 >= 2023 이면 IFRS17, 아니면 IFRS4",-,현금배당금총액(백만원),2021-12-31,-,-,api,alotMatter,"{""bsns_year"": ""2021"", ""corp_code"": ""00135917"", ""reprt_code"": ""11011""}",20220310000539,api_row,2026-08-31T15:53:16+09:00,000,run_20260831_152517_0738,raw/alotMatter/00135917_2021_11011.json,284b9253ce4cfe41b3c0646d8fb19b7b3a9cbcf297a16d7f1793b4139eeed773,10
,,,00135917,한화손해보험,2021,11011,사업보고서,IFRS4,Y,-,"보고서 사업연도 >= 2023 이면 IFRS17, 아니면 IFRS4",-,주식배당금총액(백만원),2021-12-31,-,-,api,alotMatter,"{""bsns_year"": ""2021"", ""corp_code"": ""00135917"", ""reprt_code"": ""11011""}",20220310000539,api_row,2026-08-31T15:53:16+09:00,000,run_20260831_152517_0738,raw/alotMatter/00135917_2021_11011.json,284b9253ce4cfe41b3c0646d8fb19b7b3a9cbcf297a16d7f1793b4139eeed773,10
,,,00135917,한화손해보험,2021,11011,사업보고서,IFRS4,Y,-,"보고서 사업연도 >= 2023 이면 IFRS17, 아니면 IFRS4",-,(연결)현금배당성향(%),2021-12-31,-,-,api,alotMatter,"{""bsns_year"": ""2021"", ""corp_code"": ""00135917"", ""reprt_code"": ""11011""}",20220310000539,api_row,2026-08-31T15:53:16+09:00,000,run_20260831_152517_0738,raw/alotMatter/00135917_2021_11011.json,284b9253ce4cfe41b3c0646d8fb19b7b3a9cbcf297a16d7f1793b4139eeed773,10
,,,00135917,한화손해보험,2021,11011,사업보고서,IFRS4,Y,-,"보고서 사업연도 >= 2023 이면 IFRS17, 아니면 IFRS4",-,현금배당수익률(%),2021-12-31,보통주,-,api,alotMatter,"{""bsns_year"": ""2021"", ""corp_code"": ""00135917"", ""reprt_code"": ""11011""}",20220310000539,api_row,2026-08-31T15:53:16+09:00,000,run_20260831_152517_0738,raw/alotMatter/00135917_2021_11011.json,284b9253ce4cfe41b3c0646d8fb19b7b3a9cbcf297a16d7f1793b4139eeed773,10
,,,00135917,한화손해보험,2021,11011,사업보고서,IFRS4,Y,-,"보고서 사업연도 >= 2023 이면 IFRS17, 아니면 IFRS4",-,현금배당수익률(%),2021-12-31,종류주식,-,api,alotMatter,"{""bsns_year"": ""2021"", ""corp_code"": ""00135917"", ""reprt_code"": ""11011""}",20220310000539,api_row,2026-08-31T15:53:16+09:00,000,run_20260831_152517_0738,raw/alotMatter/00135917_2021_11011.json,284b9253ce4cfe41b3c0646d8fb19b7b3a9cbcf297a16d7f1793b4139eeed773,10
,,,00135917,한화손해보험,2021,11011,사업보고서,IFRS4,Y,-,"보고서 사업연도 >= 2023 이면 IFRS17, 아니면 IFRS4",-,주식배당수익률(%),2021-12-31,보통주,-,api,alotMatter,"{""bsns_year"": ""2021"", ""corp_code"": ""00135917"", ""reprt_code"": ""11011""}",20220310000539,api_row,2026-08-31T15:53:16+09:00,000,run_20260831_152517_0738,raw/alotMatter/00135917_2021_11011.json,284b9253ce4cfe41b3c0646d8fb19b7b3a9cbcf297a16d7f1793b4139eeed773,10
,,,00135917,한화손해보험,2021,11011,사업보고서,IFRS4,Y,-,"보고서 사업연도 >= 2023 이면 IFRS17, 아니면 IFRS4",-,주식배당수익률(%),2021-12-31,종류주식,-,api,alotMatter,"{""bsns_year"": ""2021"", ""corp_code"": ""00135917"", ""reprt_code"": ""11011""}",20220310000539,api_row,2026-08-31T15:53:16+09:00,000,run_20260831_152517_0738,raw/alotMatter/00135917_2021_11011.json,284b9253ce4cfe41b3c0646d8fb19b7b3a9cbcf297a16d7f1793b4139eeed773,10
,,,00135917,한화손해보험,2021,11011,사업보고서,IFRS4,Y,-,"보고서 사업연도 >= 2023 이면 IFRS17, 아니면 IFRS4",-,주당 현금배당금(원),2021-12-31,보통주,-,api,alotMatter,"{""bsns_year"": ""2021"", ""corp_code"": ""00135917"", ""reprt_code"": ""11011""}",20220310000539,api_row,2026-08-31T15:53:16+09:00,000,run_20260831_152517_0738,raw/alotMatter/00135917_2021_11011.json,284b9253ce4cfe41b3c0646d8fb19b7b3a9cbcf297a16d7f1793b4139eeed773,10
,,,00135917,한화손해보험,2021,11011,사업보고서,IFRS4,Y,-,"보고서 사업연도 >= 2023 이면 IFRS17, 아니면 IFRS4",-,주당 현금배당금(원),2021-12-31,종류주식,-,api,alotMatter,"{""bsns_year"": ""2021"", ""corp_code"": ""00135917"", ""reprt_code"": ""11011""}",20220310000539,api_row,2026-08-31T15:53:16+09:00,000,run_20260831_152517_0738,raw/alotMatter/00135917_2021_11011.json,284b9253ce4cfe41b3c0646d8fb19b7b3a9cbcf297a16d7f1793b4139eeed773,10
,,,00135917,한화손해보험,2021,11011,사업보고서,IFRS4,Y,-,"보고서 사업연도 >= 2023 이면 IFRS17, 아니면 IFRS4",-,주당 주식배당(주),2021-12-31,보통주,-,api,alotMatter,"{""bsns_year"": ""2021"", ""corp_code"": ""00135917"", ""reprt_code"": ""11011""}",20220310000539,api_row,2026-08-31T15:53:16+09:00,000,run_20260831_152517_0738,raw/alotMatter/00135917_2021_11011.json,284b9253ce4cfe41b3c0646d8fb19b7b3a9cbcf297a16d7f1793b4139eeed773,10
,,,00135917,한화손해보험,2021,11011,사업보고서,IFRS4,Y,-,"보고서 사업연도 >= 2023 이면 IFRS17, 아니면 IFRS4",-,주당 주식배당(주),2021-12-31,종류주식,-,api,alotMatter,"{""bsns_year"": ""2021"", ""corp_code"": ""00135917"", ""reprt_code"": ""11011""}",20220310000539,api_row,2026-08-31T15:53:16+09:00,000,run_20260831_152517_0738,raw/alotMatter/00135917_2021_11011.json,284b9253ce4cfe41b3c0646d8fb19b7b3a9cbcf297a16d7f1793b4139eeed773,10
,,,00137517,신한라이프생명보험,2021,11011,사업보고서,IFRS4,E,"5,000","보고서 사업연도 >= 2023 이면 IFRS17, 아니면 IFRS4","5,000",주당액면가액(원),2021-12-31,-,"5,000",api,alotMatter,"{""bsns_year"": ""2021"", ""corp_code"": ""00137517"", ""reprt_code"": ""11011""}",20220331002124,api_row,2026-08-31T15:56:19+09:00,000,run_20260831_152517_0800,raw/alotMatter/00137517_2021_11011.json,ac9f7a27122a3d1f6b271ddd50e76267b6c74df7af44b1e29bed7014236403a9,10
,,,00137517,신한라이프생명보험,2021,11011,사업보고서,IFRS4,E,"177,834","보고서 사업연도 >= 2023 이면 IFRS17, 아니면 IFRS4","123,870",(연결)당기순이익(백만원),2021-12-31,-,"174,811",api,alotMatter,"{""bsns_year"": ""2021"", ""corp_code"": ""00137517"", ""reprt_code"": ""11011""}",20220331002124,api_row,2026-08-31T15:56:19+09:00,000,run_20260831_152517_0800,raw/alotMatter/00137517_2021_11011.json,ac9f7a27122a3d1f6b271ddd50e76267b6c74df7af44b1e29bed7014236403a9,10
,,,00137517,신한라이프생명보험,2021,11011,사업보고서,IFRS4,E,"170,208","보고서 사업연도 >= 2023 이면 IFRS17, 아니면 IFRS4","128,625",(별도)당기순이익(백만원),2021-12-31,-,"181,647",api,alotMatter,"{""bsns_year"": ""2021"", ""corp_code"": ""00137517"", ""reprt_code"": ""11011""}",20220331002124,api_row,2026-08-31T15:56:19+09:00,000,run_20260831_152517_0800,raw/alotMatter/00137517_2021_11011.json,ac9f7a27122a3d1f6b271ddd50e76267b6c74df7af44b1e29bed7014236403a9,10
,,,00137517,신한라이프생명보험,2021,11011,사업보고서,IFRS4,E,"4,341","보고서 사업연도 >= 2023 이면 IFRS17, 아니면 IFRS4","3,097",(연결)주당순이익(원),2021-12-31,-,"2,099",api,alotMatter,"{""bsns_year"": ""2021"", ""corp_code"": ""00137517"", ""reprt_code"": ""11011""}",20220331002124,api_row,2026-08-31T15:56:19+09:00,000,run_20260831_152517_0800,raw/alotMatter/00137517_2021_11011.json,ac9f7a27122a3d1f6b271ddd50e76267b6c74df7af44b1e29bed7014236403a9,10
,,,00137517,신한라이프생명보험,2021,11011,사업보고서,IFRS4,E,"50,000","보고서 사업연도 >= 2023 이면 IFRS17, 아니면 IFRS4","50,000",현금배당금총액(백만원),2021-12-31,-,-,api,alotMatter,"{""bsns_year"": ""2021"", ""corp_code"": ""00137517"", ""reprt_code"": ""11011""}",20220331002124,api_row,2026-08-31T15:56:19+09:00,000,run_20260831_152517_0800,raw/alotMatter/00137517_2021_11011.json,ac9f7a27122a3d1f6b271ddd50e76267b6c74df7af44b1e29bed7014236403a9,10
,,,00137517,신한라이프생명보험,2021,11011,사업보고서,IFRS4,E,-,"보고서 사업연도 >= 2023 이면 IFRS17, 아니면 IFRS4",-,주식배당금총액(백만원),2021-12-31,-,-,api,alotMatter,"{""bsns_year"": ""2021"", ""corp_code"": ""00137517"", ""reprt_code"": ""11011""}",20220331002124,api_row,2026-08-31T15:56:19+09:00,000,run_20260831_152517_0800,raw/alotMatter/00137517_2021_11011.json,ac9f7a27122a3d1f6b271ddd50e76267b6c74df7af44b1e29bed7014236403a9,10
,,,00137517,신한라이프생명보험,2021,11011,사업보고서,IFRS4,E,28.10,"보고서 사업연도 >= 2023 이면 IFRS17, 아니면 IFRS4",40.40,(연결)현금배당성향(%),2021-12-31,-,-,api,alotMatter,"{""bsns_year"": ""2021"", ""corp_code"": ""00137517"", ""reprt_code"": ""11011""}",20220331002124,api_row,2026-08-31T15:56:19+09:00,000,run_20260831_152517_0800,raw/alotMatter/00137517_2021_11011.json,ac9f7a27122a3d1f6b271ddd50e76267b6c74df7af44b1e29bed7014236403a9,10
,,,00137517,신한라이프생명보험,2021,11011,사업보고서,IFRS4,E,-,"보고서 사업연도 >= 2023 이면 IFRS17, 아니면 IFRS4",-,현금배당수익률(%),2021-12-31,-,-,api,alotMatter,"{""bsns_year"": ""2021"", ""corp_code"": ""00137517"", ""reprt_code"": ""11011""}",20220331002124,api_row,2026-08-31T15:56:19+09:00,000,run_20260831_152517_0800,raw/alotMatter/00137517_2021_11011.json,ac9f7a27122a3d1f6b271ddd50e76267b6c74df7af44b1e29bed7014236403a9,10
,,,00137517,신한라이프생명보험,2021,11011,사업보고서,IFRS4,E,-,"보고서 사업연도 >= 2023 이면 IFRS17, 아니면 IFRS4",-,현금배당수익률(%),2021-12-31,-,-,api,alotMatter,"{""bsns_year"": ""2021"", ""corp_code"": ""00137517"", ""reprt_code"": ""11011""}",20220331002124,api_row,2026-08-31T15:56:19+09:00,000,run_20260831_152517_0800,raw/alotMatter/00137517_2021_11011.json,ac9f7a27122a3d1f6b271ddd50e76267b6c74df7af44b1e29bed7014236403a9,10
,,,00137517,신한라이프생명보험,2021,11011,사업보고서,IFRS4,E,-,"보고서 사업연도 >= 2023 이면 IFRS17, 아니면 IFRS4",-,주식배당수익률(%),2021-12-31,-,-,api,alotMatter,"{""bsns_year"": ""2021"", ""corp_code"": ""00137517"", ""reprt_code"": ""11011""}",20220331002124,api_row,2026-08-31T15:56:19+09:00,000,run_20260831_152517_0800,raw/alotMatter/00137517_2021_11011.json,ac9f7a27122a3d1f6b271ddd50e76267b6c74df7af44b1e29bed7014236403a9,10
,,,00137517,신한라이프생명보험,2021,11011,사업보고서,IFRS4,E,-,"보고서 사업연도 >= 2023 이면 IFRS17, 아니면 IFRS4",-,주식배당수익률(%),2021-12-31,-,-,api,alotMatter,"{""bsns_year"": ""2021"", ""corp_code"": ""00137517"", ""reprt_code"": ""11011""}",20220331002124,api_row,2026-08-31T15:56:19+09:00,000,run_20260831_152517_0800,raw/alotMatter/00137517_2021_11011.json,ac9f7a27122a3d1f6b271ddd50e76267b6c74df7af44b1e29bed7014236403a9,10
,,,00137517,신한라이프생명보험,2021,11011,사업보고서,IFRS4,E,"1,250","보고서 사업연도 >= 2023 이면 IFRS17, 아니면 IFRS4","1,250",주당 현금배당금(원),2021-12-31,보통주,-,api,alotMatter,"{""bsns_year"": ""2021"", ""corp_code"": ""00137517"", ""reprt_code"": ""11011""}",20220331002124,api_row,2026-08-31T15:56:19+09:00,000,run_20260831_152517_0800,raw/alotMatter/00137517_2021_11011.json,ac9f7a27122a3d1f6b271ddd50e76267b6c74df7af44b1e29bed7014236403a9,10
,,,00137517,신한라이프생명보험,2021,11011,사업보고서,IFRS4,E,-,"보고서 사업연도 >= 2023 이면 IFRS17, 아니면 IFRS4",-,주당 현금배당금(원),2021-12-31,-,-,api,alotMatter,"{""bsns_year"": ""2021"", ""corp_code"": ""00137517"", ""reprt_code"": ""11011""}",20220331002124,api_row,2026-08-31T15:56:19+09:00,000,run_20260831_152517_0800,raw/alotMatter/00137517_2021_11011.json,ac9f7a27122a3d1f6b271ddd50e76267b6c74df7af44b1e29bed7014236403a9,10
,,,00137517,신한라이프생명보험,2021,11011,사업보고서,IFRS4,E,-,"보고서 사업연도 >= 2023 이면 IFRS17, 아니면 IFRS4",-,주당 주식배당(주),2021-12-31,-,-,api,alotMatter,"{""bsns_year"": ""2021"", ""corp_code"": ""00137517"", ""reprt_code"": ""11011""}",20220331002124,api_row,2026-08-31T15:56:19+09:00,000,run_20260831_152517_0800,raw/alotMatter/00137517_2021_11011.json,ac9f7a27122a3d1f6b271ddd50e76267b6c74df7af44b1e29bed7014236403a9,10
,,,00137517,신한라이프생명보험,2021,11011,사업보고서,IFRS4,E,-,"보고서 사업연도 >= 2023 이면 IFRS17, 아니면 IFRS4",-,주당 주식배당(주),2021-12-31,-,-,api,alotMatter,"{""bsns_year"": ""2021"", ""corp_code"": ""00137517"", ""reprt_code"": ""11011""}",20220331002124,api_row,2026-08-31T15:56:19+09:00,000,run_20260831_152517_0800,raw/alotMatter/00137517_2021_11011.json,ac9f7a27122a3d1f6b271ddd50e76267b6c74df7af44b1e29bed7014236403a9,10
,,,00382199,신한지주,2021,11011,사업보고서,IFRS4,Y,"5,000","보고서 사업연도 >= 2023 이면 IFRS17, 아니면 IFRS4","5,000",주당액면가액(원),2021-12-31,-,"5,000",api,alotMatter,"{""bsns_year"": ""2021"", ""corp_code"": ""00382199"", ""reprt_code"": ""11011""}",20220316000748,api_row,2026-08-31T15:32:31+09:00,000,run_20260831_152517_0190,raw/alotMatter/00382199_2021_11011.json,837f846b91510211a8d7b9de85d63bdbdf6f809931a2ce62d91d75c994e9381f,10
,,,00382199,신한지주,2021,11011,사업보고서,IFRS4,Y,"3,414,595","보고서 사업연도 >= 2023 이면 IFRS17, 아니면 IFRS4","3,403,497",(연결)당기순이익(백만원),2021-12-31,-,"4,019,254",api,alotMatter,"{""bsns_year"": ""2021"", ""corp_code"": ""00382199"", ""reprt_code"": ""11011""}",20220316000748,api_row,2026-08-31T15:32:31+09:00,000,run_20260831_152517_0190,raw/alotMatter/00382199_2021_11011.json,837f846b91510211a8d7b9de85d63bdbdf6f809931a2ce62d91d75c994e9381f,10
,,,00382199,신한지주,2021,11011,사업보고서,IFRS4,Y,"1,274,443","보고서 사업연도 >= 2023 이면 IFRS17, 아니면 IFRS4","1,129,173",(별도)당기순이익(백만원),2021-12-31,-,"1,413,956",api,alotMatter,"{""bsns_year"": ""2021"", ""corp_code"": ""00382199"", ""reprt_code"": ""11011""}",20220316000748,api_row,2026-08-31T15:32:31+09:00,000,run_20260831_152517_0190,raw/alotMatter/00382199_2021_11011.json,837f846b91510211a8d7b9de85d63bdbdf6f809931a2ce62d91d75c994e9381f,10
,,,00382199,신한지주,2021,11011,사업보고서,IFRS4,Y,"6,654","보고서 사업연도 >= 2023 이면 IFRS17, 아니면 IFRS4","7,000",(연결)주당순이익(원),2021-12-31,-,"7,308",api,alotMatter,"{""bsns_year"": ""2021"", ""corp_code"": ""00382199"", ""reprt_code"": ""11011""}",20220316000748,api_row,2026-08-31T15:32:31+09:00,000,run_20260831_152517_0190,raw/alotMatter/00382199_2021_11011.json,837f846b91510211a8d7b9de85d63bdbdf6f809931a2ce62d91d75c994e9381f,10
,,,00382199,신한지주,2021,11011,사업보고서,IFRS4,Y,"803,838","보고서 사업연도 >= 2023 이면 IFRS17, 아니면 IFRS4","883,929",현금배당금총액(백만원),2021-12-31,-,"1,046,787",api,alotMatter,"{""bsns_year"": ""2021"", ""corp_code"": ""00382199"", ""reprt_code"": ""11011""}",20220316000748,api_row,2026-08-31T15:32:31+09:00,000,run_20260831_152517_0190,raw/alotMatter/00382199_2021_11011.json,837f846b91510211a8d7b9de85d63bdbdf6f809931a2ce62d91d75c994e9381f,10
,,,00382199,신한지주,2021,11011,사업보고서,IFRS4,Y,-,"보고서 사업연도 >= 2023 이면 IFRS17, 아니면 IFRS4",-,주식배당금총액(백만원),2021-12-31,-,-,api,alotMatter,"{""bsns_year"": ""2021"", ""corp_code"": ""00382199"", ""reprt_code"": ""11011""}",20220316000748,api_row,2026-08-31T15:32:31+09:00,000,run_20260831_152517_0190,raw/alotMatter/00382199_2021_11011.json,837f846b91510211a8d7b9de85d63bdbdf6f809931a2ce62d91d75c994e9381f,10
,,,00382199,신한지주,2021,11011,사업보고서,IFRS4,Y,23.54,"보고서 사업연도 >= 2023 이면 IFRS17, 아니면 IFRS4",25.97,(연결)현금배당성향(%),2021-12-31,-,26.04,api,alotMatter,"{""bsns_year"": ""2021"", ""corp_code"": ""00382199"", ""reprt_code"": ""11011""}",20220316000748,api_row,2026-08-31T15:32:31+09:00,000,run_20260831_152517_0190,raw/alotMatter/00382199_2021_11011.json,837f846b91510211a8d7b9de85d63bdbdf6f809931a2ce62d91d75c994e9381f,10
,,,00382199,신한지주,2021,11011,사업보고서,IFRS4,Y,4.52,"보고서 사업연도 >= 2023 이면 IFRS17, 아니면 IFRS4",4.06,현금배당수익률(%),2021-12-31,보통주,5.16,api,alotMatter,"{""bsns_year"": ""2021"", ""corp_code"": ""00382199"", ""reprt_code"": ""11011""}",20220316000748,api_row,2026-08-31T15:32:31+09:00,000,run_20260831_152517_0190,raw/alotMatter/00382199_2021_11011.json,837f846b91510211a8d7b9de85d63bdbdf6f809931a2ce62d91d75c994e9381f,10
,,,00382199,신한지주,2021,11011,사업보고서,IFRS4,Y,-,"보고서 사업연도 >= 2023 이면 IFRS17, 아니면 IFRS4",-,현금배당수익률(%),2021-12-31,우선주,-,api,alotMatter,"{""bsns_year"": ""2021"", ""corp_code"": ""00382199"", ""reprt_code"": ""11011""}",20220316000748,api_row,2026-08-31T15:32:31+09:00,000,run_20260831_152517_0190,raw/alotMatter/00382199_2021_11011.json,837f846b91510211a8d7b9de85d63bdbdf6f809931a2ce62d91d75c994e9381f,10
,,,00382199,신한지주,2021,11011,사업보고서,IFRS4,Y,-,"보고서 사업연도 >= 2023 이면 IFRS17, 아니면 IFRS4",-,주식배당수익률(%),2021-12-31,보통주,-,api,alotMatter,"{""bsns_year"": ""2021"", ""corp_code"": ""00382199"", ""reprt_code"": ""11011""}",20220316000748,api_row,2026-08-31T15:32:31+09:00,000,run_20260831_152517_0190,raw/alotMatter/00382199_2021_11011.json,837f846b91510211a8d7b9de85d63bdbdf6f809931a2ce62d91d75c994e9381f,10
,,,00382199,신한지주,2021,11011,사업보고서,IFRS4,Y,-,"보고서 사업연도 >= 2023 이면 IFRS17, 아니면 IFRS4",-,주식배당수익률(%),2021-12-31,우선주,-,api,alotMatter,"{""bsns_year"": ""2021"", ""corp_code"": ""00382199"", ""reprt_code"": ""11011""}",20220316000748,api_row,2026-08-31T15:32:31+09:00,000,run_20260831_152517_0190,raw/alotMatter/00382199_2021_11011.json,837f846b91510211a8d7b9de85d63bdbdf6f809931a2ce62d91d75c994e9381f,10
,,,00382199,신한지주,2021,11011,사업보고서,IFRS4,Y,"1,500","보고서 사업연도 >= 2023 이면 IFRS17, 아니면 IFRS4","1,850",주당 현금배당금(원),2021-12-31,보통주,"1,960",api,alotMatter,"{""bsns_year"": ""2021"", ""corp_code"": ""00382199"", ""reprt_code"": ""11011""}",20220316000748,api_row,2026-08-31T15:32:31+09:00,000,run_20260831_152517_0190,raw/alotMatter/00382199_2021_11011.json,837f846b91510211a8d7b9de85d63bdbdf6f809931a2ce62d91d75c994e9381f,10
,,,00382199,신한지주,2021,11011,사업보고서,IFRS4,Y,"1,716","보고서 사업연도 >= 2023 이면 IFRS17, 아니면 IFRS4","1,850",주당 현금배당금(원),2021-12-31,우선주,"1,960",api,alotMatter,"{""bsns_year"": ""2021"", ""corp_code"": ""00382199"", ""reprt_code"": ""11011""}",20220316000748,api_row,2026-08-31T15:32:31+09:00,000,run_20260831_152517_0190,raw/alotMatter/00382199_2021_11011.json,837f846b91510211a8d7b9de85d63bdbdf6f809931a2ce62d91d75c994e9381f,10
,,,00382199,신한지주,2021,11011,사업보고서,IFRS4,Y,-,"보고서 사업연도 >= 2023 이면 IFRS17, 아니면 IFRS4",-,주당 주식배당(주),2021-12-31,보통주,-,api,alotMatter,"{""bsns_year"": ""2021"", ""corp_code"": ""00382199"", ""reprt_code"": ""11011""}",20220316000748,api_row,2026-08-31T15:32:31+09:00,000,run_20260831_152517_0190,raw/alotMatter/00382199_2021_11011.json,837f846b91510211a8d7b9de85d63bdbdf6f809931a2ce62d91d75c994e9381f,10
,,,00382199,신한지주,2021,11011,사업보고서,IFRS4,Y,-,"보고서 사업연도 >= 2023 이면 IFRS17, 아니면 IFRS4",-,주당 주식배당(주),2021-12-31,우선주,-,api,alotMatter,"{""bsns_year"": ""2021"", ""corp_code"": ""00382199"", ""reprt_code"": ""11011""}",20220316000748,api_row,2026-08-31T15:32:31+09:00,000,run_20260831_152517_0190,raw/alotMatter/00382199_2021_11011.json,837f846b91510211a8d7b9de85d63bdbdf6f809931a2ce62d91d75c994e9381f,10
,,,00542065,케이비생명보험,2021,11011,사업보고서,IFRS4,E,"5,000","보고서 사업연도 >= 2023 이면 IFRS17, 아니면 IFRS4","5,000",주당액면가액(원),2021-12-31,-,"5,000",api,alotMatter,"{""bsns_year"": ""2021"", ""corp_code"": ""00542065"", ""reprt_code"": ""11011""}",20220317000445,api_row,2026-08-31T16:11:58+09:00,000,run_20260831_152517_1342,raw/alotMatter/00542065_2021_11011.json,a42b4cc93432bd7cc92b2132b50e0d241bbe17741c130d9136dce27305af0f76,10
,,,00542065,케이비생명보험,2021,11011,사업보고서,IFRS4,E,"-23,185","보고서 사업연도 >= 2023 이면 IFRS17, 아니면 IFRS4","15,963",(연결)당기순이익(백만원),2021-12-31,-,"-46,595",api,alotMatter,"{""bsns_year"": ""2021"", ""corp_code"": ""00542065"", ""reprt_code"": ""11011""}",20220317000445,api_row,2026-08-31T16:11:58+09:00,000,run_20260831_152517_1342,raw/alotMatter/00542065_2021_11011.json,a42b4cc93432bd7cc92b2132b50e0d241bbe17741c130d9136dce27305af0f76,10
,,,00542065,케이비생명보험,2021,11011,사업보고서,IFRS4,E,-,"보고서 사업연도 >= 2023 이면 IFRS17, 아니면 IFRS4",-,(별도)당기순이익(백만원),2021-12-31,-,-,api,alotMatter,"{""bsns_year"": ""2021"", ""corp_code"": ""00542065"", ""reprt_code"": ""11011""}",20220317000445,api_row,2026-08-31T16:11:58+09:00,000,run_20260831_152517_1342,raw/alotMatter/00542065_2021_11011.json,a42b4cc93432bd7cc92b2132b50e0d241bbe17741c130d9136dce27305af0f76,10
,,,00542065,케이비생명보험,2021,11011,사업보고서,IFRS4,E,-254,"보고서 사업연도 >= 2023 이면 IFRS17, 아니면 IFRS4",175,(연결)주당순이익(원),2021-12-31,-,-511,api,alotMatter,"{""bsns_year"": ""2021"", ""corp_code"": ""00542065"", ""reprt_code"": ""11011""}",20220317000445,api_row,2026-08-31T16:11:58+09:00,000,run_20260831_152517_1342,raw/alotMatter/00542065_2021_11011.json,a42b4cc93432bd7cc92b2132b50e0d241bbe17741c130d9136dce27305af0f76,10
,,,00542065,케이비생명보험,2021,11011,사업보고서,IFRS4,E,-,"보고서 사업연도 >= 2023 이면 IFRS17, 아니면 IFRS4",-,현금배당금총액(백만원),2021-12-31,-,-,api,alotMatter,"{""bsns_year"": ""2021"", ""corp_code"": ""00542065"", ""reprt_code"": ""11011""}",20220317000445,api_row,2026-08-31T16:11:58+09:00,000,run_20260831_152517_1342,raw/alotMatter/00542065_2021_11011.json,a42b4cc93432bd7cc92b2132b50e0d241bbe17741c130d9136dce27305af0f76,10
,,,00542065,케이비생명보험,2021,11011,사업보고서,IFRS4,E,-,"보고서 사업연도 >= 2023 이면 IFRS17, 아니면 IFRS4",-,주식배당금총액(백만원),2021-12-31,-,-,api,alotMatter,"{""bsns_year"": ""2021"", ""corp_code"": ""00542065"", ""reprt_code"": ""11011""}",20220317000445,api_row,2026-08-31T16:11:58+09:00,000,run_20260831_152517_1342,raw/alotMatter/00542065_2021_11011.json,a42b4cc93432bd7cc92b2132b50e0d241bbe17741c130d9136dce27305af0f76,10
,,,00542065,케이비생명보험,2021,11011,사업보고서,IFRS4,E,-,"보고서 사업연도 >= 2023 이면 IFRS17, 아니면 IFRS4",-,(연결)현금배당성향(%),2021-12-31,-,-,api,alotMatter,"{""bsns_year"": ""2021"", ""corp_code"": ""00542065"", ""reprt_code"": ""11011""}",20220317000445,api_row,2026-08-31T16:11:58+09:00,000,run_20260831_152517_1342,raw/alotMatter/00542065_2021_11011.json,a42b4cc93432bd7cc92b2132b50e0d241bbe17741c130d9136dce27305af0f76,10
,,,00542065,케이비생명보험,2021,11011,사업보고서,IFRS4,E,-,"보고서 사업연도 >= 2023 이면 IFRS17, 아니면 IFRS4",-,현금배당수익률(%),2021-12-31,-,-,api,alotMatter,"{""bsns_year"": ""2021"", ""corp_code"": ""00542065"", ""reprt_code"": ""11011""}",20220317000445,api_row,2026-08-31T16:11:58+09:00,000,run_20260831_152517_1342,raw/alotMatter/00542065_2021_11011.json,a42b4cc93432bd7cc92b2132b50e0d241bbe17741c130d9136dce27305af0f76,10
,,,00542065,케이비생명보험,2021,11011,사업보고서,IFRS4,E,-,"보고서 사업연도 >= 2023 이면 IFRS17, 아니면 IFRS4",-,현금배당수익률(%),2021-12-31,-,-,api,alotMatter,"{""bsns_year"": ""2021"", ""corp_code"": ""00542065"", ""reprt_code"": ""11011""}",20220317000445,api_row,2026-08-31T16:11:58+09:00,000,run_20260831_152517_1342,raw/alotMatter/00542065_2021_11011.json,a42b4cc93432bd7cc92b2132b50e0d241bbe17741c130d9136dce27305af0f76,10
,,,00542065,케이비생명보험,2021,11011,사업보고서,IFRS4,E,-,"보고서 사업연도 >= 2023 이면 IFRS17, 아니면 IFRS4",-,주식배당수익률(%),2021-12-31,-,-,api,alotMatter,"{""bsns_year"": ""2021"", ""corp_code"": ""00542065"", ""reprt_code"": ""11011""}",20220317000445,api_row,2026-08-31T16:11:58+09:00,000,run_20260831_152517_1342,raw/alotMatter/00542065_2021_11011.json,a42b4cc93432bd7cc92b2132b50e0d241bbe17741c130d9136dce27305af0f76,10
,,,00542065,케이비생명보험,2021,11011,사업보고서,IFRS4,E,-,"보고서 사업연도 >= 2023 이면 IFRS17, 아니면 IFRS4",-,주식배당수익률(%),2021-12-31,-,-,api,alotMatter,"{""bsns_year"": ""2021"", ""corp_code"": ""00542065"", ""reprt_code"": ""11011""}",20220317000445,api_row,2026-08-31T16:11:58+09:00,000,run_20260831_152517_1342,raw/alotMatter/00542065_2021_11011.json,a42b4cc93432bd7cc92b2132b50e0d241bbe17741c130d9136dce27305af0f76,10
,,,00542065,케이비생명보험,2021,11011,사업보고서,IFRS4,E,-,"보고서 사업연도 >= 2023 이면 IFRS17, 아니면 IFRS4",-,주당 현금배당금(원),2021-12-31,-,-,api,alotMatter,"{""bsns_year"": ""2021"", ""corp_code"": ""00542065"", ""reprt_code"": ""11011""}",20220317000445,api_row,2026-08-31T16:11:58+09:00,000,run_20260831_152517_1342,raw/alotMatter/00542065_2021_11011.json,a42b4cc93432bd7cc92b2132b50e0d241bbe17741c130d9136dce27305af0f76,10
,,,00542065,케이비생명보험,2021,11011,사업보고서,IFRS4,E,-,"보고서 사업연도 >= 2023 이면 IFRS17, 아니면 IFRS4",-,주당 현금배당금(원),2021-12-31,-,-,api,alotMatter,"{""bsns_year"": ""2021"", ""corp_code"": ""00542065"", ""reprt_code"": ""11011""}",20220317000445,api_row,2026-08-31T16:11:58+09:00,000,run_20260831_152517_1342,raw/alotMatter/00542065_2021_11011.json,a42b4cc93432bd7cc92b2132b50e0d241bbe17741c130d9136dce27305af0f76,10
,,,00542065,케이비생명보험,2021,11011,사업보고서,IFRS4,E,-,"보고서 사업연도 >= 2023 이면 IFRS17, 아니면 IFRS4",-,주당 주식배당(주),2021-12-31,-,-,api,alotMatter,"{""bsns_year"": ""2021"", ""corp_code"": ""00542065"", ""reprt_code"": ""11011""}",20220317000445,api_row,2026-08-31T16:11:58+09:00,000,run_20260831_152517_1342,raw/alotMatter/00542065_2021_11011.json,a42b4cc93432bd7cc92b2132b50e0d241bbe17741c130d9136dce27305af0f76,10
,,,00542065,케이비생명보험,2021,11011,사업보고서,IFRS4,E,-,"보고서 사업연도 >= 2023 이면 IFRS17, 아니면 IFRS4",-,주당 주식배당(주),2021-12-31,-,-,api,alotMatter,"{""bsns_year"": ""2021"", ""corp_code"": ""00542065"", ""reprt_code"": ""11011""}",20220317000445,api_row,2026-08-31T16:11:58+09:00,000,run_20260831_152517_1342,raw/alotMatter/00542065_2021_11011.json,a42b4cc93432bd7cc92b2132b50e0d241bbe17741c130d9136dce27305af0f76,10
,,,00688996,KB금융,2021,11011,사업보고서,IFRS4,Y,"5,000","보고서 사업연도 >= 2023 이면 IFRS17, 아니면 IFRS4","5,000",주당액면가액(원),2021-12-31,-,"5,000",api,alotMatter,"{""bsns_year"": ""2021"", ""corp_code"": ""00688996"", ""reprt_code"": ""11011""}",20220325001281,api_row,2026-08-31T15:36:32+09:00,000,run_20260831_152517_0299,raw/alotMatter/00688996_2021_11011.json,4af0debebdea9a07de74fdf6da8f7b378dcced451a719c3123fdb4a67c187dc9,10
,,,00688996,KB금융,2021,11011,사업보고서,IFRS4,Y,"3,455,151","보고서 사업연도 >= 2023 이면 IFRS17, 아니면 IFRS4","3,311,828",(연결)당기순이익(백만원),2021-12-31,-,"4,409,543",api,alotMatter,"{""bsns_year"": ""2021"", ""corp_code"": ""00688996"", ""reprt_code"": ""11011""}",20220325001281,api_row,2026-08-31T15:36:32+09:00,000,run_20260831_152517_0299,raw/alotMatter/00688996_2021_11011.json,4af0debebdea9a07de74fdf6da8f7b378dcced451a719c3123fdb4a67c187dc9,10
,,,00688996,KB금융,2021,11011,사업보고서,IFRS4,Y,"1,379,415","보고서 사업연도 >= 2023 이면 IFRS17, 아니면 IFRS4","745,987",(별도)당기순이익(백만원),2021-12-31,-,"1,438,866",api,alotMatter,"{""bsns_year"": ""2021"", ""corp_code"": ""00688996"", ""reprt_code"": ""11011""}",20220325001281,api_row,2026-08-31T15:36:32+09:00,000,run_20260831_152517_0299,raw/alotMatter/00688996_2021_11011.json,4af0debebdea9a07de74fdf6da8f7b378dcced451a719c3123fdb4a67c187dc9,10
,,,00688996,KB금융,2021,11011,사업보고서,IFRS4,Y,"8,809","보고서 사업연도 >= 2023 이면 IFRS17, 아니면 IFRS4","8,451",(연결)주당순이익(원),2021-12-31,-,"11,134",api,alotMatter,"{""bsns_year"": ""2021"", ""corp_code"": ""00688996"", ""reprt_code"": ""11011""}",20220325001281,api_row,2026-08-31T15:36:32+09:00,000,run_20260831_152517_0299,raw/alotMatter/00688996_2021_11011.json,4af0debebdea9a07de74fdf6da8f7b378dcced451a719c3123fdb4a67c187dc9,10
,,,00688996,KB금융,2021,11011,사업보고서,IFRS4,Y,"689,653","보고서 사업연도 >= 2023 이면 IFRS17, 아니면 IFRS4","861,092",현금배당금총액(백만원),2021-12-31,-,"1,145,525",api,alotMatter,"{""bsns_year"": ""2021"", ""corp_code"": ""00688996"", ""reprt_code"": ""11011""}",20220325001281,api_row,2026-08-31T15:36:32+09:00,000,run_20260831_152517_0299,raw/alotMatter/00688996_2021_11011.json,4af0debebdea9a07de74fdf6da8f7b378dcced451a719c3123fdb4a67c187dc9,10
,,,00688996,KB금융,2021,11011,사업보고서,IFRS4,Y,-,"보고서 사업연도 >= 2023 이면 IFRS17, 아니면 IFRS4",-,주식배당금총액(백만원),2021-12-31,-,-,api,alotMatter,"{""bsns_year"": ""2021"", ""corp_code"": ""00688996"", ""reprt_code"": ""11011""}",20220325001281,api_row,2026-08-31T15:36:32+09:00,000,run_20260831_152517_0299,raw/alotMatter/00688996_2021_11011.json,4af0debebdea9a07de74fdf6da8f7b378dcced451a719c3123fdb4a67c187dc9,10
,,,00688996,KB금융,2021,11011,사업보고서,IFRS4,Y,20.00,"보고서 사업연도 >= 2023 이면 IFRS17, 아니면 IFRS4",26.00,(연결)현금배당성향(%),2021-12-31,-,26.00,api,alotMatter,"{""bsns_year"": ""2021"", ""corp_code"": ""00688996"", ""reprt_code"": ""11011""}",20220325001281,api_row,2026-08-31T15:36:32+09:00,000,run_20260831_152517_0299,raw/alotMatter/00688996_2021_11011.json,4af0debebdea9a07de74fdf6da8f7b378dcced451a719c3123fdb4a67c187dc9,10
,,,00688996,KB금융,2021,11011,사업보고서,IFRS4,Y,3.90,"보고서 사업연도 >= 2023 이면 IFRS17, 아니면 IFRS4",4.50,현금배당수익률(%),2021-12-31,보통주,5.20,api,alotMatter,"{""bsns_year"": ""2021"", ""corp_code"": ""00688996"", ""reprt_code"": ""11011""}",20220325001281,api_row,2026-08-31T15:36:32+09:00,000,run_20260831_152517_0299,raw/alotMatter/00688996_2021_11011.json,4af0debebdea9a07de74fdf6da8f7b378dcced451a719c3123fdb4a67c187dc9,10
,,,00688996,KB금융,2021,11011,사업보고서,IFRS4,Y,-,"보고서 사업연도 >= 2023 이면 IFRS17, 아니면 IFRS4",-,현금배당수익률(%),2021-12-31,-,-,api,alotMatter,"{""bsns_year"": ""2021"", ""corp_code"": ""00688996"", ""reprt_code"": ""11011""}",20220325001281,api_row,2026-08-31T15:36:32+09:00,000,run_20260831_152517_0299,raw/alotMatter/00688996_2021_11011.json,4af0debebdea9a07de74fdf6da8f7b378dcced451a719c3123fdb4a67c187dc9,10
,,,00688996,KB금융,2021,11011,사업보고서,IFRS4,Y,-,"보고서 사업연도 >= 2023 이면 IFRS17, 아니면 IFRS4",-,주식배당수익률(%),2021-12-31,-,-,api,alotMatter,"{""bsns_year"": ""2021"", ""corp_code"": ""00688996"", ""reprt_code"": ""11011""}",20220325001281,api_row,2026-08-31T15:36:32+09:00,000,run_20260831_152517_0299,raw/alotMatter/00688996_2021_11011.json,4af0debebdea9a07de74fdf6da8f7b378dcced451a719c3123fdb4a67c187dc9,10
,,,00688996,KB금융,2021,11011,사업보고서,IFRS4,Y,-,"보고서 사업연도 >= 2023 이면 IFRS17, 아니면 IFRS4",-,주식배당수익률(%),2021-12-31,-,-,api,alotMatter,"{""bsns_year"": ""2021"", ""corp_code"": ""00688996"", ""reprt_code"": ""11011""}",20220325001281,api_row,2026-08-31T15:36:32+09:00,000,run_20260831_152517_0299,raw/alotMatter/00688996_2021_11011.json,4af0debebdea9a07de74fdf6da8f7b378dcced451a719c3123fdb4a67c187dc9,10
,,,00688996,KB금융,2021,11011,사업보고서,IFRS4,Y,"1,770","보고서 사업연도 >= 2023 이면 IFRS17, 아니면 IFRS4","2,210",주당 현금배당금(원),2021-12-31,보통주,"2,940",api,alotMatter,"{""bsns_year"": ""2021"", ""corp_code"": ""00688996"", ""reprt_code"": ""11011""}",20220325001281,api_row,2026-08-31T15:36:32+09:00,000,run_20260831_152517_0299,raw/alotMatter/00688996_2021_11011.json,4af0debebdea9a07de74fdf6da8f7b378dcced451a719c3123fdb4a67c187dc9,10
,,,00688996,KB금융,2021,11011,사업보고서,IFRS4,Y,-,"보고서 사업연도 >= 2023 이면 IFRS17, 아니면 IFRS4",-,주당 현금배당금(원),2021-12-31,-,-,api,alotMatter,"{""bsns_year"": ""2021"", ""corp_code"": ""00688996"", ""reprt_code"": ""11011""}",20220325001281,api_row,2026-08-31T15:36:32+09:00,000,run_20260831_152517_0299,raw/alotMatter/00688996_2021_11011.json,4af0debebdea9a07de74fdf6da8f7b378dcced451a719c3123fdb4a67c187dc9,10
,,,00688996,KB금융,2021,11011,사업보고서,IFRS4,Y,-,"보고서 사업연도 >= 2023 이면 IFRS17, 아니면 IFRS4",-,주당 주식배당(주),2021-12-31,-,-,api,alotMatter,"{""bsns_year"": ""2021"", ""corp_code"": ""00688996"", ""reprt_code"": ""11011""}",20220325001281,api_row,2026-08-31T15:36:32+09:00,000,run_20260831_152517_0299,raw/alotMatter/00688996_2021_11011.json,4af0debebdea9a07de74fdf6da8f7b378dcced451a719c3123fdb4a67c187dc9,10
,,,00688996,KB금융,2021,11011,사업보고서,IFRS4,Y,-,"보고서 사업연도 >= 2023 이면 IFRS17, 아니면 IFRS4",-,주당 주식배당(주),2021-12-31,-,-,api,alotMatter,"{""bsns_year"": ""2021"", ""corp_code"": ""00688996"", ""reprt_code"": ""11011""}",20220325001281,api_row,2026-08-31T15:36:32+09:00,000,run_20260831_152517_0299,raw/alotMatter/00688996_2021_11011.json,4af0debebdea9a07de74fdf6da8f7b378dcced451a719c3123fdb4a67c187dc9,10
,,,00878915,iM금융지주,2021,11011,사업보고서,IFRS4,Y,"5,000","보고서 사업연도 >= 2023 이면 IFRS17, 아니면 IFRS4","5,000",주당액면가액(원),2021-12-31,-,"5,000",api,alotMatter,"{""bsns_year"": ""2021"", ""corp_code"": ""00878915"", ""reprt_code"": ""11011""}",20220317001101,api_row,2026-08-31T15:40:17+09:00,000,run_20260831_152517_0416,raw/alotMatter/00878915_2021_11011.json,352b09b774fc1d9063f258055f67b0d0277d3f6789aa09299b517fd44de5bbbb,10
,,,00878915,iM금융지주,2021,11011,사업보고서,IFRS4,Y,"342,216","보고서 사업연도 >= 2023 이면 IFRS17, 아니면 IFRS4","281,020",(연결)당기순이익(백만원),2021-12-31,-,"503,068",api,alotMatter,"{""bsns_year"": ""2021"", ""corp_code"": ""00878915"", ""reprt_code"": ""11011""}",20220317001101,api_row,2026-08-31T15:40:17+09:00,000,run_20260831_152517_0416,raw/alotMatter/00878915_2021_11011.json,352b09b774fc1d9063f258055f67b0d0277d3f6789aa09299b517fd44de5bbbb,10
,,,00878915,iM금융지주,2021,11011,사업보고서,IFRS4,Y,"135,260","보고서 사업연도 >= 2023 이면 IFRS17, 아니면 IFRS4","79,435",(별도)당기순이익(백만원),2021-12-31,-,"140,682",api,alotMatter,"{""bsns_year"": ""2021"", ""corp_code"": ""00878915"", ""reprt_code"": ""11011""}",20220317001101,api_row,2026-08-31T15:40:17+09:00,000,run_20260831_152517_0416,raw/alotMatter/00878915_2021_11011.json,352b09b774fc1d9063f258055f67b0d0277d3f6789aa09299b517fd44de5bbbb,10
,,,00878915,iM금융지주,2021,11011,사업보고서,IFRS4,Y,"1,966","보고서 사업연도 >= 2023 이면 IFRS17, 아니면 IFRS4","1,626",(연결)주당순이익(원),2021-12-31,-,"2,886",api,alotMatter,"{""bsns_year"": ""2021"", ""corp_code"": ""00878915"", ""reprt_code"": ""11011""}",20220317001101,api_row,2026-08-31T15:40:17+09:00,000,run_20260831_152517_0416,raw/alotMatter/00878915_2021_11011.json,352b09b774fc1d9063f258055f67b0d0277d3f6789aa09299b517fd44de5bbbb,10
,,,00878915,iM금융지주,2021,11011,사업보고서,IFRS4,Y,"65,967","보고서 사업연도 >= 2023 이면 IFRS17, 아니면 IFRS4","69,350",현금배당금총액(백만원),2021-12-31,-,"106,562",api,alotMatter,"{""bsns_year"": ""2021"", ""corp_code"": ""00878915"", ""reprt_code"": ""11011""}",20220317001101,api_row,2026-08-31T15:40:17+09:00,000,run_20260831_152517_0416,raw/alotMatter/00878915_2021_11011.json,352b09b774fc1d9063f258055f67b0d0277d3f6789aa09299b517fd44de5bbbb,10
,,,00878915,iM금융지주,2021,11011,사업보고서,IFRS4,Y,-,"보고서 사업연도 >= 2023 이면 IFRS17, 아니면 IFRS4",-,주식배당금총액(백만원),2021-12-31,-,-,api,alotMatter,"{""bsns_year"": ""2021"", ""corp_code"": ""00878915"", ""reprt_code"": ""11011""}",20220317001101,api_row,2026-08-31T15:40:17+09:00,000,run_20260831_152517_0416,raw/alotMatter/00878915_2021_11011.json,352b09b774fc1d9063f258055f67b0d0277d3f6789aa09299b517fd44de5bbbb,10
,,,00878915,iM금융지주,2021,11011,사업보고서,IFRS4,Y,19.30,"보고서 사업연도 >= 2023 이면 IFRS17, 아니면 IFRS4",24.70,(연결)현금배당성향(%),2021-12-31,-,21.20,api,alotMatter,"{""bsns_year"": ""2021"", ""corp_code"": ""00878915"", ""reprt_code"": ""11011""}",20220317001101,api_row,2026-08-31T15:40:17+09:00,000,run_20260831_152517_0416,raw/alotMatter/00878915_2021_11011.json,352b09b774fc1d9063f258055f67b0d0277d3f6789aa09299b517fd44de5bbbb,10
,,,00878915,iM금융지주,2021,11011,사업보고서,IFRS4,Y,5.38,"보고서 사업연도 >= 2023 이면 IFRS17, 아니면 IFRS4",5.53,현금배당수익률(%),2021-12-31,보통주,6.42,api,alotMatter,"{""bsns_year"": ""2021"", ""corp_code"": ""00878915"", ""reprt_code"": ""11011""}",20220317001101,api_row,2026-08-31T15:40:17+09:00,000,run_20260831_152517_0416,raw/alotMatter/00878915_2021_11011.json,352b09b774fc1d9063f258055f67b0d0277d3f6789aa09299b517fd44de5bbbb,10
,,,00878915,iM금융지주,2021,11011,사업보고서,IFRS4,Y,-,"보고서 사업연도 >= 2023 이면 IFRS17, 아니면 IFRS4",-,현금배당수익률(%),2021-12-31,-,-,api,alotMatter,"{""bsns_year"": ""2021"", ""corp_code"": ""00878915"", ""reprt_code"": ""11011""}",20220317001101,api_row,2026-08-31T15:40:17+09:00,000,run_20260831_152517_0416,raw/alotMatter/00878915_2021_11011.json,352b09b774fc1d9063f258055f67b0d0277d3f6789aa09299b517fd44de5bbbb,10
,,,00878915,iM금융지주,2021,11011,사업보고서,IFRS4,Y,-,"보고서 사업연도 >= 2023 이면 IFRS17, 아니면 IFRS4",-,주식배당수익률(%),2021-12-31,-,-,api,alotMatter,"{""bsns_year"": ""2021"", ""corp_code"": ""00878915"", ""reprt_code"": ""11011""}",20220317001101,api_row,2026-08-31T15:40:17+09:00,000,run_20260831_152517_0416,raw/alotMatter/00878915_2021_11011.json,352b09b774fc1d9063f258055f67b0d0277d3f6789aa09299b517fd44de5bbbb,10
,,,00878915,iM금융지주,2021,11011,사업보고서,IFRS4,Y,-,"보고서 사업연도 >= 2023 이면 IFRS17, 아니면 IFRS4",-,주식배당수익률(%),2021-12-31,-,-,api,alotMatter,"{""bsns_year"": ""2021"", ""corp_code"": ""00878915"", ""reprt_code"": ""11011""}",20220317001101,api_row,2026-08-31T15:40:17+09:00,000,run_20260831_152517_0416,raw/alotMatter/00878915_2021_11011.json,352b09b774fc1d9063f258055f67b0d0277d3f6789aa09299b517fd44de5bbbb,10
,,,00878915,iM금융지주,2021,11011,사업보고서,IFRS4,Y,390,"보고서 사업연도 >= 2023 이면 IFRS17, 아니면 IFRS4",410,주당 현금배당금(원),2021-12-31,보통주,630,api,alotMatter,"{""bsns_year"": ""2021"", ""corp_code"": ""00878915"", ""reprt_code"": ""11011""}",20220317001101,api_row,2026-08-31T15:40:17+09:00,000,run_20260831_152517_0416,raw/alotMatter/00878915_2021_11011.json,352b09b774fc1d9063f258055f67b0d0277d3f6789aa09299b517fd44de5bbbb,10
,,,00878915,iM금융지주,2021,11011,사업보고서,IFRS4,Y,-,"보고서 사업연도 >= 2023 이면 IFRS17, 아니면 IFRS4",-,주당 현금배당금(원),2021-12-31,-,-,api,alotMatter,"{""bsns_year"": ""2021"", ""corp_code"": ""00878915"", ""reprt_code"": ""11011""}",20220317001101,api_row,2026-08-31T15:40:17+09:00,000,run_20260831_152517_0416,raw/alotMatter/00878915_2021_11011.json,352b09b774fc1d9063f258055f67b0d0277d3f6789aa09299b517fd44de5bbbb,10
,,,00878915,iM금융지주,2021,11011,사업보고서,IFRS4,Y,-,"보고서 사업연도 >= 2023 이면 IFRS17, 아니면 IFRS4",-,주당 주식배당(주),2021-12-31,-,-,api,alotMatter,"{""bsns_year"": ""2021"", ""corp_code"": ""00878915"", ""reprt_code"": ""11011""}",20220317001101,api_row,2026-08-31T15:40:17+09:00,000,run_20260831_152517_0416,raw/alotMatter/00878915_2021_11011.json,352b09b774fc1d9063f258055f67b0d0277d3f6789aa09299b517fd44de5bbbb,10
,,,00878915,iM금융지주,2021,11011,사업보고서,IFRS4,Y,-,"보고서 사업연도 >= 2023 이면 IFRS17, 아니면 IFRS4",-,주당 주식배당(주),2021-12-31,-,-,api,alotMatter,"{""bsns_year"": ""2021"", ""corp_code"": ""00878915"", ""reprt_code"": ""11011""}",20220317001101,api_row,2026-08-31T15:40:17+09:00,000,run_20260831_152517_0416,raw/alotMatter/00878915_2021_11011.json,352b09b774fc1d9063f258055f67b0d0277d3f6789aa09299b517fd44de5bbbb,10
,,,01350869,우리금융지주,2021,11011,사업보고서,IFRS4,Y,"5,000","보고서 사업연도 >= 2023 이면 IFRS17, 아니면 IFRS4","5,000",주당액면가액(원),2021-12-31,-,"5,000",api,alotMatter,"{""bsns_year"": ""2021"", ""corp_code"": ""01350869"", ""reprt_code"": ""11011""}",20220317001124,api_row,2026-08-31T15:43:17+09:00,000,run_20260831_152517_0497,raw/alotMatter/01350869_2021_11011.json,81de0713ff3e8e019325e4d42a53ce0a89e1f9d46af98ad222929f1ac3d7e31d,10
,,,01350869,우리금융지주,2021,11011,사업보고서,IFRS4,Y,"1,307,266","보고서 사업연도 >= 2023 이면 IFRS17, 아니면 IFRS4","1,872,207",(연결)당기순이익(백만원),2021-12-31,-,"2,587,936",api,alotMatter,"{""bsns_year"": ""2021"", ""corp_code"": ""01350869"", ""reprt_code"": ""11011""}",20220317001124,api_row,2026-08-31T15:43:17+09:00,000,run_20260831_152517_0497,raw/alotMatter/01350869_2021_11011.json,81de0713ff3e8e019325e4d42a53ce0a89e1f9d46af98ad222929f1ac3d7e31d,10
,,,01350869,우리금융지주,2021,11011,사업보고서,IFRS4,Y,"595,318","보고서 사업연도 >= 2023 이면 IFRS17, 아니면 IFRS4","628,293",(별도)당기순이익(백만원),2021-12-31,-,"594,852",api,alotMatter,"{""bsns_year"": ""2021"", ""corp_code"": ""01350869"", ""reprt_code"": ""11011""}",20220317001124,api_row,2026-08-31T15:43:17+09:00,000,run_20260831_152517_0497,raw/alotMatter/01350869_2021_11011.json,81de0713ff3e8e019325e4d42a53ce0a89e1f9d46af98ad222929f1ac3d7e31d,10
,,,01350869,우리금융지주,2021,11011,사업보고서,IFRS4,Y,"1,742","보고서 사업연도 >= 2023 이면 IFRS17, 아니면 IFRS4","2,727",(연결)주당순이익(원),2021-12-31,-,"3,481",api,alotMatter,"{""bsns_year"": ""2021"", ""corp_code"": ""01350869"", ""reprt_code"": ""11011""}",20220317001124,api_row,2026-08-31T15:43:17+09:00,000,run_20260831_152517_0497,raw/alotMatter/01350869_2021_11011.json,81de0713ff3e8e019325e4d42a53ce0a89e1f9d46af98ad222929f1ac3d7e31d,10
,,,01350869,우리금융지주,2021,11011,사업보고서,IFRS4,Y,"260,016","보고서 사업연도 >= 2023 이면 IFRS17, 아니면 IFRS4","505,587",현금배당금총액(백만원),2021-12-31,-,"654,384",api,alotMatter,"{""bsns_year"": ""2021"", ""corp_code"": ""01350869"", ""reprt_code"": ""11011""}",20220317001124,api_row,2026-08-31T15:43:17+09:00,000,run_20260831_152517_0497,raw/alotMatter/01350869_2021_11011.json,81de0713ff3e8e019325e4d42a53ce0a89e1f9d46af98ad222929f1ac3d7e31d,10
,,,01350869,우리금융지주,2021,11011,사업보고서,IFRS4,Y,-,"보고서 사업연도 >= 2023 이면 IFRS17, 아니면 IFRS4",-,주식배당금총액(백만원),2021-12-31,-,-,api,alotMatter,"{""bsns_year"": ""2021"", ""corp_code"": ""01350869"", ""reprt_code"": ""11011""}",20220317001124,api_row,2026-08-31T15:43:17+09:00,000,run_20260831_152517_0497,raw/alotMatter/01350869_2021_11011.json,81de0713ff3e8e019325e4d42a53ce0a89e1f9d46af98ad222929f1ac3d7e31d,10
,,,01350869,우리금융지주,2021,11011,사업보고서,IFRS4,Y,19.89,"보고서 사업연도 >= 2023 이면 IFRS17, 아니면 IFRS4",27.00,(연결)현금배당성향(%),2021-12-31,-,25.29,api,alotMatter,"{""bsns_year"": ""2021"", ""corp_code"": ""01350869"", ""reprt_code"": ""11011""}",20220317001124,api_row,2026-08-31T15:43:17+09:00,000,run_20260831_152517_0497,raw/alotMatter/01350869_2021_11011.json,81de0713ff3e8e019325e4d42a53ce0a89e1f9d46af98ad222929f1ac3d7e31d,10
,,,01350869,우리금융지주,2021,11011,사업보고서,IFRS4,Y,3.60,"보고서 사업연도 >= 2023 이면 IFRS17, 아니면 IFRS4",5.80,현금배당수익률(%),2021-12-31,보통주,6.80,api,alotMatter,"{""bsns_year"": ""2021"", ""corp_code"": ""01350869"", ""reprt_code"": ""11011""}",20220317001124,api_row,2026-08-31T15:43:17+09:00,000,run_20260831_152517_0497,raw/alotMatter/01350869_2021_11011.json,81de0713ff3e8e019325e4d42a53ce0a89e1f9d46af98ad222929f1ac3d7e31d,10
,,,01350869,우리금융지주,2021,11011,사업보고서,IFRS4,Y,-,"보고서 사업연도 >= 2023 이면 IFRS17, 아니면 IFRS4",-,현금배당수익률(%),2021-12-31,우선주,-,api,alotMatter,"{""bsns_year"": ""2021"", ""corp_code"": ""01350869"", ""reprt_code"": ""11011""}",20220317001124,api_row,2026-08-31T15:43:17+09:00,000,run_20260831_152517_0497,raw/alotMatter/01350869_2021_11011.json,81de0713ff3e8e019325e4d42a53ce0a89e1f9d46af98ad222929f1ac3d7e31d,10
,,,01350869,우리금융지주,2021,11011,사업보고서,IFRS4,Y,-,"보고서 사업연도 >= 2023 이면 IFRS17, 아니면 IFRS4",-,주식배당수익률(%),2021-12-31,보통주,-,api,alotMatter,"{""bsns_year"": ""2021"", ""corp_code"": ""01350869"", ""reprt_code"": ""11011""}",20220317001124,api_row,2026-08-31T15:43:17+09:00,000,run_20260831_152517_0497,raw/alotMatter/01350869_2021_11011.json,81de0713ff3e8e019325e4d42a53ce0a89e1f9d46af98ad222929f1ac3d7e31d,10
,,,01350869,우리금융지주,2021,11011,사업보고서,IFRS4,Y,-,"보고서 사업연도 >= 2023 이면 IFRS17, 아니면 IFRS4",-,주식배당수익률(%),2021-12-31,우선주,-,api,alotMatter,"{""bsns_year"": ""2021"", ""corp_code"": ""01350869"", ""reprt_code"": ""11011""}",20220317001124,api_row,2026-08-31T15:43:17+09:00,000,run_20260831_152517_0497,raw/alotMatter/01350869_2021_11011.json,81de0713ff3e8e019325e4d42a53ce0a89e1f9d46af98ad222929f1ac3d7e31d,10
,,,01350869,우리금융지주,2021,11011,사업보고서,IFRS4,Y,360,"보고서 사업연도 >= 2023 이면 IFRS17, 아니면 IFRS4",700,주당 현금배당금(원),2021-12-31,보통주,900,api,alotMatter,"{""bsns_year"": ""2021"", ""corp_code"": ""01350869"", ""reprt_code"": ""11011""}",20220317001124,api_row,2026-08-31T15:43:17+09:00,000,run_20260831_152517_0497,raw/alotMatter/01350869_2021_11011.json,81de0713ff3e8e019325e4d42a53ce0a89e1f9d46af98ad222929f1ac3d7e31d,10
,,,01350869,우리금융지주,2021,11011,사업보고서,IFRS4,Y,-,"보고서 사업연도 >= 2023 이면 IFRS17, 아니면 IFRS4",-,주당 현금배당금(원),2021-12-31,우선주,-,api,alotMatter,"{""bsns_year"": ""2021"", ""corp_code"": ""01350869"", ""reprt_code"": ""11011""}",20220317001124,api_row,2026-08-31T15:43:17+09:00,000,run_20260831_152517_0497,raw/alotMatter/01350869_2021_11011.json,81de0713ff3e8e019325e4d42a53ce0a89e1f9d46af98ad222929f1ac3d7e31d,10
,,,01350869,우리금융지주,2021,11011,사업보고서,IFRS4,Y,-,"보고서 사업연도 >= 2023 이면 IFRS17, 아니면 IFRS4",-,주당 주식배당(주),2021-12-31,보통주,-,api,alotMatter,"{""bsns_year"": ""2021"", ""corp_code"": ""01350869"", ""reprt_code"": ""11011""}",20220317001124,api_row,2026-08-31T15:43:17+09:00,000,run_20260831_152517_0497,raw/alotMatter/01350869_2021_11011.json,81de0713ff3e8e019325e4d42a53ce0a89e1f9d46af98ad222929f1ac3d7e31d,10
,,,01350869,우리금융지주,2021,11011,사업보고서,IFRS4,Y,-,"보고서 사업연도 >= 2023 이면 IFRS17, 아니면 IFRS4",-,주당 주식배당(주),2021-12-31,우선주,-,api,alotMatter,"{""bsns_year"": ""2021"", ""corp_code"": ""01350869"", ""reprt_code"": ""11011""}",20220317001124,api_row,2026-08-31T15:43:17+09:00,000,run_20260831_152517_0497,raw/alotMatter/01350869_2021_11011.json,81de0713ff3e8e019325e4d42a53ce0a89e1f9d46af98ad222929f1ac3d7e31d,10
,,,00113058,한화생명,2022,11011,사업보고서,IFRS4,Y,"5,000","보고서 사업연도 >= 2023 이면 IFRS17, 아니면 IFRS4","5,000",주당액면가액(원),2022-12-31,-,"5,000",api,alotMatter,"{""bsns_year"": ""2022"", ""corp_code"": ""00113058"", ""reprt_code"": ""11011""}",20230315001327,api_row,2026-08-31T15:47:40+09:00,000,run_20260831_152517_0623,raw/alotMatter/00113058_2022_11011.json,45a38a6090a000328212b5cd1e2dd10bee4c48ce9718d4dd671c416c21732d49,10
,,,00113058,한화생명,2022,11011,사업보고서,IFRS4,Y,"1,191,311","보고서 사업연도 >= 2023 이면 IFRS17, 아니면 IFRS4","235,078",(연결)당기순이익(백만원),2022-12-31,-,"733,365",api,alotMatter,"{""bsns_year"": ""2022"", ""corp_code"": ""00113058"", ""reprt_code"": ""11011""}",20230315001327,api_row,2026-08-31T15:47:40+09:00,000,run_20260831_152517_0623,raw/alotMatter/00113058_2022_11011.json,45a38a6090a000328212b5cd1e2dd10bee4c48ce9718d4dd671c416c21732d49,10
,,,00113058,한화생명,2022,11011,사업보고서,IFRS4,Y,"410,565","보고서 사업연도 >= 2023 이면 IFRS17, 아니면 IFRS4","196,903",(별도)당기순이익(백만원),2022-12-31,-,"354,342",api,alotMatter,"{""bsns_year"": ""2022"", ""corp_code"": ""00113058"", ""reprt_code"": ""11011""}",20230315001327,api_row,2026-08-31T15:47:40+09:00,000,run_20260831_152517_0623,raw/alotMatter/00113058_2022_11011.json,45a38a6090a000328212b5cd1e2dd10bee4c48ce9718d4dd671c416c21732d49,10
,,,00113058,한화생명,2022,11011,사업보고서,IFRS4,Y,"1,455","보고서 사업연도 >= 2023 이면 IFRS17, 아니면 IFRS4",184,(연결)주당순이익(원),2022-12-31,-,855,api,alotMatter,"{""bsns_year"": ""2022"", ""corp_code"": ""00113058"", ""reprt_code"": ""11011""}",20230315001327,api_row,2026-08-31T15:47:40+09:00,000,run_20260831_152517_0623,raw/alotMatter/00113058_2022_11011.json,45a38a6090a000328212b5cd1e2dd10bee4c48ce9718d4dd671c416c21732d49,10
,,,00113058,한화생명,2022,11011,사업보고서,IFRS4,Y,-,"보고서 사업연도 >= 2023 이면 IFRS17, 아니면 IFRS4","22,542",현금배당금총액(백만원),2022-12-31,-,-,api,alotMatter,"{""bsns_year"": ""2022"", ""corp_code"": ""00113058"", ""reprt_code"": ""11011""}",20230315001327,api_row,2026-08-31T15:47:40+09:00,000,run_20260831_152517_0623,raw/alotMatter/00113058_2022_11011.json,45a38a6090a000328212b5cd1e2dd10bee4c48ce9718d4dd671c416c21732d49,10
,,,00113058,한화생명,2022,11011,사업보고서,IFRS4,Y,-,"보고서 사업연도 >= 2023 이면 IFRS17, 아니면 IFRS4",-,주식배당금총액(백만원),2022-12-31,-,-,api,alotMatter,"{""bsns_year"": ""2022"", ""corp_code"": ""00113058"", ""reprt_code"": ""11011""}",20230315001327,api_row,2026-08-31T15:47:40+09:00,000,run_20260831_152517_0623,raw/alotMatter/00113058_2022_11011.json,45a38a6090a000328212b5cd1e2dd10bee4c48ce9718d4dd671c416c21732d49,10
,,,00113058,한화생명,2022,11011,사업보고서,IFRS4,Y,-,"보고서 사업연도 >= 2023 이면 IFRS17, 아니면 IFRS4",9.60,(연결)현금배당성향(%),2022-12-31,-,-,api,alotMatter,"{""bsns_year"": ""2022"", ""corp_code"": ""00113058"", ""reprt_code"": ""11011""}",20230315001327,api_row,2026-08-31T15:47:40+09:00,000,run_20260831_152517_0623,raw/alotMatter/00113058_2022_11011.json,45a38a6090a000328212b5cd1e2dd10bee4c48ce9718d4dd671c416c21732d49,10
,,,00113058,한화생명,2022,11011,사업보고서,IFRS4,Y,-,"보고서 사업연도 >= 2023 이면 IFRS17, 아니면 IFRS4",1.20,현금배당수익률(%),2022-12-31,보통주,-,api,alotMatter,"{""bsns_year"": ""2022"", ""corp_code"": ""00113058"", ""reprt_code"": ""11011""}",20230315001327,api_row,2026-08-31T15:47:40+09:00,000,run_20260831_152517_0623,raw/alotMatter/00113058_2022_11011.json,45a38a6090a000328212b5cd1e2dd10bee4c48ce9718d4dd671c416c21732d49,10
,,,00113058,한화생명,2022,11011,사업보고서,IFRS4,Y,-,"보고서 사업연도 >= 2023 이면 IFRS17, 아니면 IFRS4",-,현금배당수익률(%),2022-12-31,우선주,-,api,alotMatter,"{""bsns_year"": ""2022"", ""corp_code"": ""00113058"", ""reprt_code"": ""11011""}",20230315001327,api_row,2026-08-31T15:47:40+09:00,000,run_20260831_152517_0623,raw/alotMatter/00113058_2022_11011.json,45a38a6090a000328212b5cd1e2dd10bee4c48ce9718d4dd671c416c21732d49,10
,,,00113058,한화생명,2022,11011,사업보고서,IFRS4,Y,-,"보고서 사업연도 >= 2023 이면 IFRS17, 아니면 IFRS4",-,주식배당수익률(%),2022-12-31,보통주,-,api,alotMatter,"{""bsns_year"": ""2022"", ""corp_code"": ""00113058"", ""reprt_code"": ""11011""}",20230315001327,api_row,2026-08-31T15:47:40+09:00,000,run_20260831_152517_0623,raw/alotMatter/00113058_2022_11011.json,45a38a6090a000328212b5cd1e2dd10bee4c48ce9718d4dd671c416c21732d49,10
,,,00113058,한화생명,2022,11011,사업보고서,IFRS4,Y,-,"보고서 사업연도 >= 2023 이면 IFRS17, 아니면 IFRS4",-,주식배당수익률(%),2022-12-31,우선주,-,api,alotMatter,"{""bsns_year"": ""2022"", ""corp_code"": ""00113058"", ""reprt_code"": ""11011""}",20230315001327,api_row,2026-08-31T15:47:40+09:00,000,run_20260831_152517_0623,raw/alotMatter/00113058_2022_11011.json,45a38a6090a000328212b5cd1e2dd10bee4c48ce9718d4dd671c416c21732d49,10
,,,00113058,한화생명,2022,11011,사업보고서,IFRS4,Y,-,"보고서 사업연도 >= 2023 이면 IFRS17, 아니면 IFRS4",30,주당 현금배당금(원),2022-12-31,보통주,-,api,alotMatter,"{""bsns_year"": ""2022"", ""corp_code"": ""00113058"", ""reprt_code"": ""11011""}",20230315001327,api_row,2026-08-31T15:47:40+09:00,000,run_20260831_152517_0623,raw/alotMatter/00113058_2022_11011.json,45a38a6090a000328212b5cd1e2dd10bee4c48ce9718d4dd671c416c21732d49,10
,,,00113058,한화생명,2022,11011,사업보고서,IFRS4,Y,-,"보고서 사업연도 >= 2023 이면 IFRS17, 아니면 IFRS4",-,주당 현금배당금(원),2022-12-31,우선주,-,api,alotMatter,"{""bsns_year"": ""2022"", ""corp_code"": ""00113058"", ""reprt_code"": ""11011""}",20230315001327,api_row,2026-08-31T15:47:40+09:00,000,run_20260831_152517_0623,raw/alotMatter/00113058_2022_11011.json,45a38a6090a000328212b5cd1e2dd10bee4c48ce9718d4dd671c416c21732d49,10
,,,00113058,한화생명,2022,11011,사업보고서,IFRS4,Y,-,"보고서 사업연도 >= 2023 이면 IFRS17, 아니면 IFRS4",-,주당 주식배당(주),2022-12-31,보통주,-,api,alotMatter,"{""bsns_year"": ""2022"", ""corp_code"": ""00113058"", ""reprt_code"": ""11011""}",20230315001327,api_row,2026-08-31T15:47:40+09:00,000,run_20260831_152517_0623,raw/alotMatter/00113058_2022_11011.json,45a38a6090a000328212b5cd1e2dd10bee4c48ce9718d4dd671c416c21732d49,10
,,,00113058,한화생명,2022,11011,사업보고서,IFRS4,Y,-,"보고서 사업연도 >= 2023 이면 IFRS17, 아니면 IFRS4",-,주당 주식배당(주),2022-12-31,우선주,-,api,alotMatter,"{""bsns_year"": ""2022"", ""corp_code"": ""00113058"", ""reprt_code"": ""11011""}",20230315001327,api_row,2026-08-31T15:47:40+09:00,000,run_20260831_152517_0623,raw/alotMatter/00113058_2022_11011.json,45a38a6090a000328212b5cd1e2dd10bee4c48ce9718d4dd671c416c21732d49,10
,,,00117267,동양생명보험,2022,11011,사업보고서,IFRS4,E,"5,000","보고서 사업연도 >= 2023 이면 IFRS17, 아니면 IFRS4","5,000",주당액면가액(원),2022-12-31,-,"5,000",api,alotMatter,"{""bsns_year"": ""2022"", ""corp_code"": ""00117267"", ""reprt_code"": ""11011""}",20230322001102,api_row,2026-08-31T15:50:51+09:00,000,run_20260831_152517_0686,raw/alotMatter/00117267_2022_11011.json,495e8fa5de091aa0bd08fe9b5396e45b0cc334c1d290fe7251056ba1430f3d80,10
,,,00117267,동양생명보험,2022,11011,사업보고서,IFRS4,E,"275,619","보고서 사업연도 >= 2023 이면 IFRS17, 아니면 IFRS4","128,582",(연결)당기순이익(백만원),2022-12-31,-,"74,044",api,alotMatter,"{""bsns_year"": ""2022"", ""corp_code"": ""00117267"", ""reprt_code"": ""11011""}",20230322001102,api_row,2026-08-31T15:50:51+09:00,000,run_20260831_152517_0686,raw/alotMatter/00117267_2022_11011.json,495e8fa5de091aa0bd08fe9b5396e45b0cc334c1d290fe7251056ba1430f3d80,10
,,,00117267,동양생명보험,2022,11011,사업보고서,IFRS4,E,"275,763","보고서 사업연도 >= 2023 이면 IFRS17, 아니면 IFRS4",-,(별도)당기순이익(백만원),2022-12-31,-,"97,028",api,alotMatter,"{""bsns_year"": ""2022"", ""corp_code"": ""00117267"", ""reprt_code"": ""11011""}",20230322001102,api_row,2026-08-31T15:50:51+09:00,000,run_20260831_152517_0686,raw/alotMatter/00117267_2022_11011.json,495e8fa5de091aa0bd08fe9b5396e45b0cc334c1d290fe7251056ba1430f3d80,10
,,,00117267,동양생명보험,2022,11011,사업보고서,IFRS4,E,"1,768","보고서 사업연도 >= 2023 이면 IFRS17, 아니면 IFRS4",825,(연결)주당순이익(원),2022-12-31,-,475,api,alotMatter,"{""bsns_year"": ""2022"", ""corp_code"": ""00117267"", ""reprt_code"": ""11011""}",20230322001102,api_row,2026-08-31T15:50:51+09:00,000,run_20260831_152517_0686,raw/alotMatter/00117267_2022_11011.json,495e8fa5de091aa0bd08fe9b5396e45b0cc334c1d290fe7251056ba1430f3d80,10
,,,00117267,동양생명보험,2022,11011,사업보고서,IFRS4,E,"96,632","보고서 사업연도 >= 2023 이면 IFRS17, 아니면 IFRS4","34,289",현금배당금총액(백만원),2022-12-31,-,-,api,alotMatter,"{""bsns_year"": ""2022"", ""corp_code"": ""00117267"", ""reprt_code"": ""11011""}",20230322001102,api_row,2026-08-31T15:50:51+09:00,000,run_20260831_152517_0686,raw/alotMatter/00117267_2022_11011.json,495e8fa5de091aa0bd08fe9b5396e45b0cc334c1d290fe7251056ba1430f3d80,10
,,,00117267,동양생명보험,2022,11011,사업보고서,IFRS4,E,-,"보고서 사업연도 >= 2023 이면 IFRS17, 아니면 IFRS4",-,주식배당금총액(백만원),2022-12-31,-,-,api,alotMatter,"{""bsns_year"": ""2022"", ""corp_code"": ""00117267"", ""reprt_code"": ""11011""}",20230322001102,api_row,2026-08-31T15:50:51+09:00,000,run_20260831_152517_0686,raw/alotMatter/00117267_2022_11011.json,495e8fa5de091aa0bd08fe9b5396e45b0cc334c1d290fe7251056ba1430f3d80,10
,,,00117267,동양생명보험,2022,11011,사업보고서,IFRS4,E,35.10,"보고서 사업연도 >= 2023 이면 IFRS17, 아니면 IFRS4",26.70,(연결)현금배당성향(%),2022-12-31,-,-,api,alotMatter,"{""bsns_year"": ""2022"", ""corp_code"": ""00117267"", ""reprt_code"": ""11011""}",20230322001102,api_row,2026-08-31T15:50:51+09:00,000,run_20260831_152517_0686,raw/alotMatter/00117267_2022_11011.json,495e8fa5de091aa0bd08fe9b5396e45b0cc334c1d290fe7251056ba1430f3d80,10
,,,00117267,동양생명보험,2022,11011,사업보고서,IFRS4,E,9.00,"보고서 사업연도 >= 2023 이면 IFRS17, 아니면 IFRS4",5.90,현금배당수익률(%),2022-12-31,보통주,-,api,alotMatter,"{""bsns_year"": ""2022"", ""corp_code"": ""00117267"", ""reprt_code"": ""11011""}",20230322001102,api_row,2026-08-31T15:50:51+09:00,000,run_20260831_152517_0686,raw/alotMatter/00117267_2022_11011.json,495e8fa5de091aa0bd08fe9b5396e45b0cc334c1d290fe7251056ba1430f3d80,10
,,,00117267,동양생명보험,2022,11011,사업보고서,IFRS4,E,-,"보고서 사업연도 >= 2023 이면 IFRS17, 아니면 IFRS4",-,현금배당수익률(%),2022-12-31,종류주식,-,api,alotMatter,"{""bsns_year"": ""2022"", ""corp_code"": ""00117267"", ""reprt_code"": ""11011""}",20230322001102,api_row,2026-08-31T15:50:51+09:00,000,run_20260831_152517_0686,raw/alotMatter/00117267_2022_11011.json,495e8fa5de091aa0bd08fe9b5396e45b0cc334c1d290fe7251056ba1430f3d80,10
,,,00117267,동양생명보험,2022,11011,사업보고서,IFRS4,E,-,"보고서 사업연도 >= 2023 이면 IFRS17, 아니면 IFRS4",-,주식배당수익률(%),2022-12-31,보통주,-,api,alotMatter,"{""bsns_year"": ""2022"", ""corp_code"": ""00117267"", ""reprt_code"": ""11011""}",20230322001102,api_row,2026-08-31T15:50:51+09:00,000,run_20260831_152517_0686,raw/alotMatter/00117267_2022_11011.json,495e8fa5de091aa0bd08fe9b5396e45b0cc334c1d290fe7251056ba1430f3d80,10
,,,00117267,동양생명보험,2022,11011,사업보고서,IFRS4,E,-,"보고서 사업연도 >= 2023 이면 IFRS17, 아니면 IFRS4",-,주식배당수익률(%),2022-12-31,종류주식,-,api,alotMatter,"{""bsns_year"": ""2022"", ""corp_code"": ""00117267"", ""reprt_code"": ""11011""}",20230322001102,api_row,2026-08-31T15:50:51+09:00,000,run_20260831_152517_0686,raw/alotMatter/00117267_2022_11011.json,495e8fa5de091aa0bd08fe9b5396e45b0cc334c1d290fe7251056ba1430f3d80,10
,,,00117267,동양생명보험,2022,11011,사업보고서,IFRS4,E,620,"보고서 사업연도 >= 2023 이면 IFRS17, 아니면 IFRS4",220,주당 현금배당금(원),2022-12-31,보통주,-,api,alotMatter,"{""bsns_year"": ""2022"", ""corp_code"": ""00117267"", ""reprt_code"": ""11011""}",20230322001102,api_row,2026-08-31T15:50:51+09:00,000,run_20260831_152517_0686,raw/alotMatter/00117267_2022_11011.json,495e8fa5de091aa0bd08fe9b5396e45b0cc334c1d290fe7251056ba1430f3d80,10
,,,00117267,동양생명보험,2022,11011,사업보고서,IFRS4,E,-,"보고서 사업연도 >= 2023 이면 IFRS17, 아니면 IFRS4",-,주당 현금배당금(원),2022-12-31,종류주식,-,api,alotMatter,"{""bsns_year"": ""2022"", ""corp_code"": ""00117267"", ""reprt_code"": ""11011""}",20230322001102,api_row,2026-08-31T15:50:51+09:00,000,run_20260831_152517_0686,raw/alotMatter/00117267_2022_11011.json,495e8fa5de091aa0bd08fe9b5396e45b0cc334c1d290fe7251056ba1430f3d80,10
,,,00117267,동양생명보험,2022,11011,사업보고서,IFRS4,E,-,"보고서 사업연도 >= 2023 이면 IFRS17, 아니면 IFRS4",-,주당 주식배당(주),2022-12-31,보통주,-,api,alotMatter,"{""bsns_year"": ""2022"", ""corp_code"": ""00117267"", ""reprt_code"": ""11011""}",20230322001102,api_row,2026-08-31T15:50:51+09:00,000,run_20260831_152517_0686,raw/alotMatter/00117267_2022_11011.json,495e8fa5de091aa0bd08fe9b5396e45b0cc334c1d290fe7251056ba1430f3d80,10
,,,00117267,동양생명보험,2022,11011,사업보고서,IFRS4,E,-,"보고서 사업연도 >= 2023 이면 IFRS17, 아니면 IFRS4",-,주당 주식배당(주),2022-12-31,종류주식,-,api,alotMatter,"{""bsns_year"": ""2022"", ""corp_code"": ""00117267"", ""reprt_code"": ""11011""}",20230322001102,api_row,2026-08-31T15:50:51+09:00,000,run_20260831_152517_0686,raw/alotMatter/00117267_2022_11011.json,495e8fa5de091aa0bd08fe9b5396e45b0cc334c1d290fe7251056ba1430f3d80,10
,,,00120216,KB손해보험,2022,11011,사업보고서,IFRS4,E,500,"보고서 사업연도 >= 2023 이면 IFRS17, 아니면 IFRS4",500,주당액면가액(원),2022-12-31,-,500,api,alotMatter,"{""bsns_year"": ""2022"", ""corp_code"": ""00120216"", ""reprt_code"": ""11011""}",20230316000747,api_row,2026-08-31T16:00:32+09:00,000,run_20260831_152517_0933,raw/alotMatter/00120216_2022_11011.json,ce714cf5fb52e2681a0871977ee5c9cf2495cfcd21d128f47e1ba1443830256d,10
,,,00120216,KB손해보험,2022,11011,사업보고서,IFRS4,E,"281,078","보고서 사업연도 >= 2023 이면 IFRS17, 아니면 IFRS4","153,919",(연결)당기순이익(백만원),2022-12-31,-,"568,242",api,alotMatter,"{""bsns_year"": ""2022"", ""corp_code"": ""00120216"", ""reprt_code"": ""11011""}",20230316000747,api_row,2026-08-31T16:00:32+09:00,000,run_20260831_152517_0933,raw/alotMatter/00120216_2022_11011.json,ce714cf5fb52e2681a0871977ee5c9cf2495cfcd21d128f47e1ba1443830256d,10
,,,00120216,KB손해보험,2022,11011,사업보고서,IFRS4,E,"285,471","보고서 사업연도 >= 2023 이면 IFRS17, 아니면 IFRS4","153,327",(별도)당기순이익(백만원),2022-12-31,-,"581,728",api,alotMatter,"{""bsns_year"": ""2022"", ""corp_code"": ""00120216"", ""reprt_code"": ""11011""}",20230316000747,api_row,2026-08-31T16:00:32+09:00,000,run_20260831_152517_0933,raw/alotMatter/00120216_2022_11011.json,ce714cf5fb52e2681a0871977ee5c9cf2495cfcd21d128f47e1ba1443830256d,10
,,,00120216,KB손해보험,2022,11011,사업보고서,IFRS4,E,"4,227","보고서 사업연도 >= 2023 이면 IFRS17, 아니면 IFRS4","2,315",(연결)주당순이익(원),2022-12-31,-,"8,545",api,alotMatter,"{""bsns_year"": ""2022"", ""corp_code"": ""00120216"", ""reprt_code"": ""11011""}",20230316000747,api_row,2026-08-31T16:00:32+09:00,000,run_20260831_152517_0933,raw/alotMatter/00120216_2022_11011.json,ce714cf5fb52e2681a0871977ee5c9cf2495cfcd21d128f47e1ba1443830256d,10
,,,00120216,KB손해보험,2022,11011,사업보고서,IFRS4,E,-,"보고서 사업연도 >= 2023 이면 IFRS17, 아니면 IFRS4",-,현금배당금총액(백만원),2022-12-31,-,"350,000",api,alotMatter,"{""bsns_year"": ""2022"", ""corp_code"": ""00120216"", ""reprt_code"": ""11011""}",20230316000747,api_row,2026-08-31T16:00:32+09:00,000,run_20260831_152517_0933,raw/alotMatter/00120216_2022_11011.json,ce714cf5fb52e2681a0871977ee5c9cf2495cfcd21d128f47e1ba1443830256d,10
,,,00120216,KB손해보험,2022,11011,사업보고서,IFRS4,E,-,"보고서 사업연도 >= 2023 이면 IFRS17, 아니면 IFRS4",-,주식배당금총액(백만원),2022-12-31,-,-,api,alotMatter,"{""bsns_year"": ""2022"", ""corp_code"": ""00120216"", ""reprt_code"": ""11011""}",20230316000747,api_row,2026-08-31T16:00:32+09:00,000,run_20260831_152517_0933,raw/alotMatter/00120216_2022_11011.json,ce714cf5fb52e2681a0871977ee5c9cf2495cfcd21d128f47e1ba1443830256d,10
,,,00120216,KB손해보험,2022,11011,사업보고서,IFRS4,E,-,"보고서 사업연도 >= 2023 이면 IFRS17, 아니면 IFRS4",-,(연결)현금배당성향(%),2022-12-31,-,61.59,api,alotMatter,"{""bsns_year"": ""2022"", ""corp_code"": ""00120216"", ""reprt_code"": ""11011""}",20230316000747,api_row,2026-08-31T16:00:32+09:00,000,run_20260831_152517_0933,raw/alotMatter/00120216_2022_11011.json,ce714cf5fb52e2681a0871977ee5c9cf2495cfcd21d128f47e1ba1443830256d,10
,,,00120216,KB손해보험,2022,11011,사업보고서,IFRS4,E,-,"보고서 사업연도 >= 2023 이면 IFRS17, 아니면 IFRS4",-,현금배당수익률(%),2022-12-31,-,-,api,alotMatter,"{""bsns_year"": ""2022"", ""corp_code"": ""00120216"", ""reprt_code"": ""11011""}",20230316000747,api_row,2026-08-31T16:00:32+09:00,000,run_20260831_152517_0933,raw/alotMatter/00120216_2022_11011.json,ce714cf5fb52e2681a0871977ee5c9cf2495cfcd21d128f47e1ba1443830256d,10
,,,00120216,KB손해보험,2022,11011,사업보고서,IFRS4,E,-,"보고서 사업연도 >= 2023 이면 IFRS17, 아니면 IFRS4",-,현금배당수익률(%),2022-12-31,-,-,api,alotMatter,"{""bsns_year"": ""2022"", ""corp_code"": ""00120216"", ""reprt_code"": ""11011""}",20230316000747,api_row,2026-08-31T16:00:32+09:00,000,run_20260831_152517_0933,raw/alotMatter/00120216_2022_11011.json,ce714cf5fb52e2681a0871977ee5c9cf2495cfcd21d128f47e1ba1443830256d,10
,,,00120216,KB손해보험,2022,11011,사업보고서,IFRS4,E,-,"보고서 사업연도 >= 2023 이면 IFRS17, 아니면 IFRS4",-,주식배당수익률(%),2022-12-31,-,-,api,alotMatter,"{""bsns_year"": ""2022"", ""corp_code"": ""00120216"", ""reprt_code"": ""11011""}",20230316000747,api_row,2026-08-31T16:00:32+09:00,000,run_20260831_152517_0933,raw/alotMatter/00120216_2022_11011.json,ce714cf5fb52e2681a0871977ee5c9cf2495cfcd21d128f47e1ba1443830256d,10
,,,00120216,KB손해보험,2022,11011,사업보고서,IFRS4,E,-,"보고서 사업연도 >= 2023 이면 IFRS17, 아니면 IFRS4",-,주식배당수익률(%),2022-12-31,-,-,api,alotMatter,"{""bsns_year"": ""2022"", ""corp_code"": ""00120216"", ""reprt_code"": ""11011""}",20230316000747,api_row,2026-08-31T16:00:32+09:00,000,run_20260831_152517_0933,raw/alotMatter/00120216_2022_11011.json,ce714cf5fb52e2681a0871977ee5c9cf2495cfcd21d128f47e1ba1443830256d,10
,,,00120216,KB손해보험,2022,11011,사업보고서,IFRS4,E,-,"보고서 사업연도 >= 2023 이면 IFRS17, 아니면 IFRS4",-,주당 현금배당금(원),2022-12-31,-,"5,263",api,alotMatter,"{""bsns_year"": ""2022"", ""corp_code"": ""00120216"", ""reprt_code"": ""11011""}",20230316000747,api_row,2026-08-31T16:00:32+09:00,000,run_20260831_152517_0933,raw/alotMatter/00120216_2022_11011.json,ce714cf5fb52e2681a0871977ee5c9cf2495cfcd21d128f47e1ba1443830256d,10
,,,00120216,KB손해보험,2022,11011,사업보고서,IFRS4,E,-,"보고서 사업연도 >= 2023 이면 IFRS17, 아니면 IFRS4",-,주당 현금배당금(원),2022-12-31,-,-,api,alotMatter,"{""bsns_year"": ""2022"", ""corp_code"": ""00120216"", ""reprt_code"": ""11011""}",20230316000747,api_row,2026-08-31T16:00:32+09:00,000,run_20260831_152517_0933,raw/alotMatter/00120216_2022_11011.json,ce714cf5fb52e2681a0871977ee5c9cf2495cfcd21d128f47e1ba1443830256d,10
,,,00120216,KB손해보험,2022,11011,사업보고서,IFRS4,E,-,"보고서 사업연도 >= 2023 이면 IFRS17, 아니면 IFRS4",-,주당 주식배당(주),2022-12-31,-,-,api,alotMatter,"{""bsns_year"": ""2022"", ""corp_code"": ""00120216"", ""reprt_code"": ""11011""}",20230316000747,api_row,2026-08-31T16:00:32+09:00,000,run_20260831_152517_0933,raw/alotMatter/00120216_2022_11011.json,ce714cf5fb52e2681a0871977ee5c9cf2495cfcd21d128f47e1ba1443830256d,10
,,,00120216,KB손해보험,2022,11011,사업보고서,IFRS4,E,-,"보고서 사업연도 >= 2023 이면 IFRS17, 아니면 IFRS4",-,주당 주식배당(주),2022-12-31,-,-,api,alotMatter,"{""bsns_year"": ""2022"", ""corp_code"": ""00120216"", ""reprt_code"": ""11011""}",20230316000747,api_row,2026-08-31T16:00:32+09:00,000,run_20260831_152517_0933,raw/alotMatter/00120216_2022_11011.json,ce714cf5fb52e2681a0871977ee5c9cf2495cfcd21d128f47e1ba1443830256d,10
,,,00135917,한화손해보험,2022,11011,사업보고서,IFRS4,Y,"5,000","보고서 사업연도 >= 2023 이면 IFRS17, 아니면 IFRS4","5,000",주당액면가액(원),2022-12-31,-,"5,000",api,alotMatter,"{""bsns_year"": ""2022"", ""corp_code"": ""00135917"", ""reprt_code"": ""11011""}",20230314001218,api_row,2026-08-31T15:53:30+09:00,000,run_20260831_152517_0747,raw/alotMatter/00135917_2022_11011.json,615aa06cbf9996def4ef3c59b14cf65ddfcabb3cb6c99273410c65ceafb848c1,10
,,,00135917,한화손해보험,2022,11011,사업보고서,IFRS4,Y,"94,867","보고서 사업연도 >= 2023 이면 IFRS17, 아니면 IFRS4","48,250",(연결)당기순이익(백만원),2022-12-31,-,"219,231",api,alotMatter,"{""bsns_year"": ""2022"", ""corp_code"": ""00135917"", ""reprt_code"": ""11011""}",20230314001218,api_row,2026-08-31T15:53:30+09:00,000,run_20260831_152517_0747,raw/alotMatter/00135917_2022_11011.json,615aa06cbf9996def4ef3c59b14cf65ddfcabb3cb6c99273410c65ceafb848c1,10
,,,00135917,한화손해보험,2022,11011,사업보고서,IFRS4,Y,"155,943","보고서 사업연도 >= 2023 이면 IFRS17, 아니면 IFRS4","88,383",(별도)당기순이익(백만원),2022-12-31,-,"302,103",api,alotMatter,"{""bsns_year"": ""2022"", ""corp_code"": ""00135917"", ""reprt_code"": ""11011""}",20230314001218,api_row,2026-08-31T15:53:30+09:00,000,run_20260831_152517_0747,raw/alotMatter/00135917_2022_11011.json,615aa06cbf9996def4ef3c59b14cf65ddfcabb3cb6c99273410c65ceafb848c1,10
,,,00135917,한화손해보험,2022,11011,사업보고서,IFRS4,Y,939,"보고서 사업연도 >= 2023 이면 IFRS17, 아니면 IFRS4",315,(연결)주당순이익(원),2022-12-31,-,"2,011",api,alotMatter,"{""bsns_year"": ""2022"", ""corp_code"": ""00135917"", ""reprt_code"": ""11011""}",20230314001218,api_row,2026-08-31T15:53:30+09:00,000,run_20260831_152517_0747,raw/alotMatter/00135917_2022_11011.json,615aa06cbf9996def4ef3c59b14cf65ddfcabb3cb6c99273410c65ceafb848c1,10
,,,00135917,한화손해보험,2022,11011,사업보고서,IFRS4,Y,-,"보고서 사업연도 >= 2023 이면 IFRS17, 아니면 IFRS4",-,현금배당금총액(백만원),2022-12-31,-,-,api,alotMatter,"{""bsns_year"": ""2022"", ""corp_code"": ""00135917"", ""reprt_code"": ""11011""}",20230314001218,api_row,2026-08-31T15:53:30+09:00,000,run_20260831_152517_0747,raw/alotMatter/00135917_2022_11011.json,615aa06cbf9996def4ef3c59b14cf65ddfcabb3cb6c99273410c65ceafb848c1,10
,,,00135917,한화손해보험,2022,11011,사업보고서,IFRS4,Y,-,"보고서 사업연도 >= 2023 이면 IFRS17, 아니면 IFRS4",-,주식배당금총액(백만원),2022-12-31,-,-,api,alotMatter,"{""bsns_year"": ""2022"", ""corp_code"": ""00135917"", ""reprt_code"": ""11011""}",20230314001218,api_row,2026-08-31T15:53:30+09:00,000,run_20260831_152517_0747,raw/alotMatter/00135917_2022_11011.json,615aa06cbf9996def4ef3c59b14cf65ddfcabb3cb6c99273410c65ceafb848c1,10
,,,00135917,한화손해보험,2022,11011,사업보고서,IFRS4,Y,-,"보고서 사업연도 >= 2023 이면 IFRS17, 아니면 IFRS4",-,(연결)현금배당성향(%),2022-12-31,-,-,api,alotMatter,"{""bsns_year"": ""2022"", ""corp_code"": ""00135917"", ""reprt_code"": ""11011""}",20230314001218,api_row,2026-08-31T15:53:30+09:00,000,run_20260831_152517_0747,raw/alotMatter/00135917_2022_11011.json,615aa06cbf9996def4ef3c59b14cf65ddfcabb3cb6c99273410c65ceafb848c1,10
,,,00135917,한화손해보험,2022,11011,사업보고서,IFRS4,Y,-,"보고서 사업연도 >= 2023 이면 IFRS17, 아니면 IFRS4",-,현금배당수익률(%),2022-12-31,보통주식,-,api,alotMatter,"{""bsns_year"": ""2022"", ""corp_code"": ""00135917"", ""reprt_code"": ""11011""}",20230314001218,api_row,2026-08-31T15:53:30+09:00,000,run_20260831_152517_0747,raw/alotMatter/00135917_2022_11011.json,615aa06cbf9996def4ef3c59b14cf65ddfcabb3cb6c99273410c65ceafb848c1,10
,,,00135917,한화손해보험,2022,11011,사업보고서,IFRS4,Y,-,"보고서 사업연도 >= 2023 이면 IFRS17, 아니면 IFRS4",-,현금배당수익률(%),2022-12-31,종류주식,-,api,alotMatter,"{""bsns_year"": ""2022"", ""corp_code"": ""00135917"", ""reprt_code"": ""11011""}",20230314001218,api_row,2026-08-31T15:53:30+09:00,000,run_20260831_152517_0747,raw/alotMatter/00135917_2022_11011.json,615aa06cbf9996def4ef3c59b14cf65ddfcabb3cb6c99273410c65ceafb848c1,10
,,,00135917,한화손해보험,2022,11011,사업보고서,IFRS4,Y,-,"보고서 사업연도 >= 2023 이면 IFRS17, 아니면 IFRS4",-,주식배당수익률(%),2022-12-31,보통주식,-,api,alotMatter,"{""bsns_year"": ""2022"", ""corp_code"": ""00135917"", ""reprt_code"": ""11011""}",20230314001218,api_row,2026-08-31T15:53:30+09:00,000,run_20260831_152517_0747,raw/alotMatter/00135917_2022_11011.json,615aa06cbf9996def4ef3c59b14cf65ddfcabb3cb6c99273410c65ceafb848c1,10
,,,00135917,한화손해보험,2022,11011,사업보고서,IFRS4,Y,-,"보고서 사업연도 >= 2023 이면 IFRS17, 아니면 IFRS4",-,주식배당수익률(%),2022-12-31,종류주식,-,api,alotMatter,"{""bsns_year"": ""2022"", ""corp_code"": ""00135917"", ""reprt_code"": ""11011""}",20230314001218,api_row,2026-08-31T15:53:30+09:00,000,run_20260831_152517_0747,raw/alotMatter/00135917_2022_11011.json,615aa06cbf9996def4ef3c59b14cf65ddfcabb3cb6c99273410c65ceafb848c1,10
,,,00135917,한화손해보험,2022,11011,사업보고서,IFRS4,Y,-,"보고서 사업연도 >= 2023 이면 IFRS17, 아니면 IFRS4",-,주당 현금배당금(원),2022-12-31,보통주식,-,api,alotMatter,"{""bsns_year"": ""2022"", ""corp_code"": ""00135917"", ""reprt_code"": ""11011""}",20230314001218,api_row,2026-08-31T15:53:30+09:00,000,run_20260831_152517_0747,raw/alotMatter/00135917_2022_11011.json,615aa06cbf9996def4ef3c59b14cf65ddfcabb3cb6c99273410c65ceafb848c1,10
,,,00135917,한화손해보험,2022,11011,사업보고서,IFRS4,Y,-,"보고서 사업연도 >= 2023 이면 IFRS17, 아니면 IFRS4",-,주당 현금배당금(원),2022-12-31,종류주식,-,api,alotMatter,"{""bsns_year"": ""2022"", ""corp_code"": ""00135917"", ""reprt_code"": ""11011""}",20230314001218,api_row,2026-08-31T15:53:30+09:00,000,run_20260831_152517_0747,raw/alotMatter/00135917_2022_11011.json,615aa06cbf9996def4ef3c59b14cf65ddfcabb3cb6c99273410c65ceafb848c1,10
,,,00135917,한화손해보험,2022,11011,사업보고서,IFRS4,Y,-,"보고서 사업연도 >= 2023 이면 IFRS17, 아니면 IFRS4",-,주당 주식배당(주),2022-12-31,보통주식,-,api,alotMatter,"{""bsns_year"": ""2022"", ""corp_code"": ""00135917"", ""reprt_code"": ""11011""}",20230314001218,api_row,2026-08-31T15:53:30+09:00,000,run_20260831_152517_0747,raw/alotMatter/00135917_2022_11011.json,615aa06cbf9996def4ef3c59b14cf65ddfcabb3cb6c99273410c65ceafb848c1,10
,,,00135917,한화손해보험,2022,11011,사업보고서,IFRS4,Y,-,"보고서 사업연도 >= 2023 이면 IFRS17, 아니면 IFRS4",-,주당 주식배당(주),2022-12-31,종류주식,-,api,alotMatter,"{""bsns_year"": ""2022"", ""corp_code"": ""00135917"", ""reprt_code"": ""11011""}",20230314001218,api_row,2026-08-31T15:53:30+09:00,000,run_20260831_152517_0747,raw/alotMatter/00135917_2022_11011.json,615aa06cbf9996def4ef3c59b14cf65ddfcabb3cb6c99273410c65ceafb848c1,10
,,,00137517,신한라이프생명보험,2022,11011,사업보고서,IFRS4,E,"5,000","보고서 사업연도 >= 2023 이면 IFRS17, 아니면 IFRS4","5,000",주당액면가액(원),2022-12-31,-,"5,000",api,alotMatter,"{""bsns_year"": ""2022"", ""corp_code"": ""00137517"", ""reprt_code"": ""11011""}",20230315001232,api_row,2026-08-31T15:56:33+09:00,000,run_20260831_152517_0809,raw/alotMatter/00137517_2022_11011.json,3205fff278ca2b38eb1888f5c26ab1613cfe483cd0776350bdd6c96ff9dded2e,10
,,,00137517,신한라이프생명보험,2022,11011,사업보고서,IFRS4,E,"174,811","보고서 사업연도 >= 2023 이면 IFRS17, 아니면 IFRS4","177,834",(연결)당기순이익(백만원),2022-12-31,-,"463,593",api,alotMatter,"{""bsns_year"": ""2022"", ""corp_code"": ""00137517"", ""reprt_code"": ""11011""}",20230315001232,api_row,2026-08-31T15:56:33+09:00,000,run_20260831_152517_0809,raw/alotMatter/00137517_2022_11011.json,3205fff278ca2b38eb1888f5c26ab1613cfe483cd0776350bdd6c96ff9dded2e,10
,,,00137517,신한라이프생명보험,2022,11011,사업보고서,IFRS4,E,"181,647","보고서 사업연도 >= 2023 이면 IFRS17, 아니면 IFRS4","170,208",(별도)당기순이익(백만원),2022-12-31,-,"470,471",api,alotMatter,"{""bsns_year"": ""2022"", ""corp_code"": ""00137517"", ""reprt_code"": ""11011""}",20230315001232,api_row,2026-08-31T15:56:33+09:00,000,run_20260831_152517_0809,raw/alotMatter/00137517_2022_11011.json,3205fff278ca2b38eb1888f5c26ab1613cfe483cd0776350bdd6c96ff9dded2e,10
,,,00137517,신한라이프생명보험,2022,11011,사업보고서,IFRS4,E,"2,099","보고서 사업연도 >= 2023 이면 IFRS17, 아니면 IFRS4","4,341",(연결)주당순이익(원),2022-12-31,-,"3,915",api,alotMatter,"{""bsns_year"": ""2022"", ""corp_code"": ""00137517"", ""reprt_code"": ""11011""}",20230315001232,api_row,2026-08-31T15:56:33+09:00,000,run_20260831_152517_0809,raw/alotMatter/00137517_2022_11011.json,3205fff278ca2b38eb1888f5c26ab1613cfe483cd0776350bdd6c96ff9dded2e,10
,,,00137517,신한라이프생명보험,2022,11011,사업보고서,IFRS4,E,-,"보고서 사업연도 >= 2023 이면 IFRS17, 아니면 IFRS4","50,000",현금배당금총액(백만원),2022-12-31,-,"162,257",api,alotMatter,"{""bsns_year"": ""2022"", ""corp_code"": ""00137517"", ""reprt_code"": ""11011""}",20230315001232,api_row,2026-08-31T15:56:33+09:00,000,run_20260831_152517_0809,raw/alotMatter/00137517_2022_11011.json,3205fff278ca2b38eb1888f5c26ab1613cfe483cd0776350bdd6c96ff9dded2e,10
,,,00137517,신한라이프생명보험,2022,11011,사업보고서,IFRS4,E,-,"보고서 사업연도 >= 2023 이면 IFRS17, 아니면 IFRS4",-,주식배당금총액(백만원),2022-12-31,-,-,api,alotMatter,"{""bsns_year"": ""2022"", ""corp_code"": ""00137517"", ""reprt_code"": ""11011""}",20230315001232,api_row,2026-08-31T15:56:33+09:00,000,run_20260831_152517_0809,raw/alotMatter/00137517_2022_11011.json,3205fff278ca2b38eb1888f5c26ab1613cfe483cd0776350bdd6c96ff9dded2e,10
,,,00137517,신한라이프생명보험,2022,11011,사업보고서,IFRS4,E,-,"보고서 사업연도 >= 2023 이면 IFRS17, 아니면 IFRS4",28.10,(연결)현금배당성향(%),2022-12-31,-,35.00,api,alotMatter,"{""bsns_year"": ""2022"", ""corp_code"": ""00137517"", ""reprt_code"": ""11011""}",20230315001232,api_row,2026-08-31T15:56:33+09:00,000,run_20260831_152517_0809,raw/alotMatter/00137517_2022_11011.json,3205fff278ca2b38eb1888f5c26ab1613cfe483cd0776350bdd6c96ff9dded2e,10
,,,00137517,신한라이프생명보험,2022,11011,사업보고서,IFRS4,E,-,"보고서 사업연도 >= 2023 이면 IFRS17, 아니면 IFRS4",-,현금배당수익률(%),2022-12-31,-,-,api,alotMatter,"{""bsns_year"": ""2022"", ""corp_code"": ""00137517"", ""reprt_code"": ""11011""}",20230315001232,api_row,2026-08-31T15:56:33+09:00,000,run_20260831_152517_0809,raw/alotMatter/00137517_2022_11011.json,3205fff278ca2b38eb1888f5c26ab1613cfe483cd0776350bdd6c96ff9dded2e,10
,,,00137517,신한라이프생명보험,2022,11011,사업보고서,IFRS4,E,-,"보고서 사업연도 >= 2023 이면 IFRS17, 아니면 IFRS4",-,현금배당수익률(%),2022-12-31,-,-,api,alotMatter,"{""bsns_year"": ""2022"", ""corp_code"": ""00137517"", ""reprt_code"": ""11011""}",20230315001232,api_row,2026-08-31T15:56:33+09:00,000,run_20260831_152517_0809,raw/alotMatter/00137517_2022_11011.json,3205fff278ca2b38eb1888f5c26ab1613cfe483cd0776350bdd6c96ff9dded2e,10
,,,00137517,신한라이프생명보험,2022,11011,사업보고서,IFRS4,E,-,"보고서 사업연도 >= 2023 이면 IFRS17, 아니면 IFRS4",-,주식배당수익률(%),2022-12-31,-,-,api,alotMatter,"{""bsns_year"": ""2022"", ""corp_code"": ""00137517"", ""reprt_code"": ""11011""}",20230315001232,api_row,2026-08-31T15:56:33+09:00,000,run_20260831_152517_0809,raw/alotMatter/00137517_2022_11011.json,3205fff278ca2b38eb1888f5c26ab1613cfe483cd0776350bdd6c96ff9dded2e,10
,,,00137517,신한라이프생명보험,2022,11011,사업보고서,IFRS4,E,-,"보고서 사업연도 >= 2023 이면 IFRS17, 아니면 IFRS4",-,주식배당수익률(%),2022-12-31,-,-,api,alotMatter,"{""bsns_year"": ""2022"", ""corp_code"": ""00137517"", ""reprt_code"": ""11011""}",20230315001232,api_row,2026-08-31T15:56:33+09:00,000,run_20260831_152517_0809,raw/alotMatter/00137517_2022_11011.json,3205fff278ca2b38eb1888f5c26ab1613cfe483cd0776350bdd6c96ff9dded2e,10
,,,00137517,신한라이프생명보험,2022,11011,사업보고서,IFRS4,E,-,"보고서 사업연도 >= 2023 이면 IFRS17, 아니면 IFRS4","1,250",주당 현금배당금(원),2022-12-31,보통주,"1,403",api,alotMatter,"{""bsns_year"": ""2022"", ""corp_code"": ""00137517"", ""reprt_code"": ""11011""}",20230315001232,api_row,2026-08-31T15:56:33+09:00,000,run_20260831_152517_0809,raw/alotMatter/00137517_2022_11011.json,3205fff278ca2b38eb1888f5c26ab1613cfe483cd0776350bdd6c96ff9dded2e,10
,,,00137517,신한라이프생명보험,2022,11011,사업보고서,IFRS4,E,-,"보고서 사업연도 >= 2023 이면 IFRS17, 아니면 IFRS4",-,주당 현금배당금(원),2022-12-31,-,-,api,alotMatter,"{""bsns_year"": ""2022"", ""corp_code"": ""00137517"", ""reprt_code"": ""11011""}",20230315001232,api_row,2026-08-31T15:56:33+09:00,000,run_20260831_152517_0809,raw/alotMatter/00137517_2022_11011.json,3205fff278ca2b38eb1888f5c26ab1613cfe483cd0776350bdd6c96ff9dded2e,10
,,,00137517,신한라이프생명보험,2022,11011,사업보고서,IFRS4,E,-,"보고서 사업연도 >= 2023 이면 IFRS17, 아니면 IFRS4",-,주당 주식배당(주),2022-12-31,-,-,api,alotMatter,"{""bsns_year"": ""2022"", ""corp_code"": ""00137517"", ""reprt_code"": ""11011""}",20230315001232,api_row,2026-08-31T15:56:33+09:00,000,run_20260831_152517_0809,raw/alotMatter/00137517_2022_11011.json,3205fff278ca2b38eb1888f5c26ab1613cfe483cd0776350bdd6c96ff9dded2e,10
,,,00137517,신한라이프생명보험,2022,11011,사업보고서,IFRS4,E,-,"보고서 사업연도 >= 2023 이면 IFRS17, 아니면 IFRS4",-,주당 주식배당(주),2022-12-31,-,-,api,alotMatter,"{""bsns_year"": ""2022"", ""corp_code"": ""00137517"", ""reprt_code"": ""11011""}",20230315001232,api_row,2026-08-31T15:56:33+09:00,000,run_20260831_152517_0809,raw/alotMatter/00137517_2022_11011.json,3205fff278ca2b38eb1888f5c26ab1613cfe483cd0776350bdd6c96ff9dded2e,10
,,,00148391,에이비엘생명보험,2022,11011,사업보고서,IFRS4,E,"5,000","보고서 사업연도 >= 2023 이면 IFRS17, 아니면 IFRS4","5,000",주당액면가액(원),2022-12-31,-,"5,000",api,alotMatter,"{""bsns_year"": ""2022"", ""corp_code"": ""00148391"", ""reprt_code"": ""11011""}",20230814002562,api_row,2026-08-31T16:06:50+09:00,000,run_20260831_152517_1119,raw/alotMatter/00148391_2022_11011.json,d94d13a8c7ad43407dd2c169dac08bfd4fa219b3abbfe61cf70b0b44f7efa050,10
,,,00148391,에이비엘생명보험,2022,11011,사업보고서,IFRS4,E,"52,559","보고서 사업연도 >= 2023 이면 IFRS17, 아니면 IFRS4","82,896",(연결)당기순이익(백만원),2022-12-31,-,"-28,908",api,alotMatter,"{""bsns_year"": ""2022"", ""corp_code"": ""00148391"", ""reprt_code"": ""11011""}",20230814002562,api_row,2026-08-31T16:06:50+09:00,000,run_20260831_152517_1119,raw/alotMatter/00148391_2022_11011.json,d94d13a8c7ad43407dd2c169dac08bfd4fa219b3abbfe61cf70b0b44f7efa050,10
,,,00148391,에이비엘생명보험,2022,11011,사업보고서,IFRS4,E,"72,090","보고서 사업연도 >= 2023 이면 IFRS17, 아니면 IFRS4","87,534",(별도)당기순이익(백만원),2022-12-31,-,"12,016",api,alotMatter,"{""bsns_year"": ""2022"", ""corp_code"": ""00148391"", ""reprt_code"": ""11011""}",20230814002562,api_row,2026-08-31T16:06:50+09:00,000,run_20260831_152517_1119,raw/alotMatter/00148391_2022_11011.json,d94d13a8c7ad43407dd2c169dac08bfd4fa219b3abbfe61cf70b0b44f7efa050,10
,,,00148391,에이비엘생명보험,2022,11011,사업보고서,IFRS4,E,"16,918","보고서 사업연도 >= 2023 이면 IFRS17, 아니면 IFRS4","26,683",(연결)주당순이익(원),2022-12-31,-,"-9,305",api,alotMatter,"{""bsns_year"": ""2022"", ""corp_code"": ""00148391"", ""reprt_code"": ""11011""}",20230814002562,api_row,2026-08-31T16:06:50+09:00,000,run_20260831_152517_1119,raw/alotMatter/00148391_2022_11011.json,d94d13a8c7ad43407dd2c169dac08bfd4fa219b3abbfe61cf70b0b44f7efa050,10
,,,00148391,에이비엘생명보험,2022,11011,사업보고서,IFRS4,E,-,"보고서 사업연도 >= 2023 이면 IFRS17, 아니면 IFRS4",-,현금배당금총액(백만원),2022-12-31,-,-,api,alotMatter,"{""bsns_year"": ""2022"", ""corp_code"": ""00148391"", ""reprt_code"": ""11011""}",20230814002562,api_row,2026-08-31T16:06:50+09:00,000,run_20260831_152517_1119,raw/alotMatter/00148391_2022_11011.json,d94d13a8c7ad43407dd2c169dac08bfd4fa219b3abbfe61cf70b0b44f7efa050,10
,,,00148391,에이비엘생명보험,2022,11011,사업보고서,IFRS4,E,-,"보고서 사업연도 >= 2023 이면 IFRS17, 아니면 IFRS4",-,주식배당금총액(백만원),2022-12-31,-,-,api,alotMatter,"{""bsns_year"": ""2022"", ""corp_code"": ""00148391"", ""reprt_code"": ""11011""}",20230814002562,api_row,2026-08-31T16:06:50+09:00,000,run_20260831_152517_1119,raw/alotMatter/00148391_2022_11011.json,d94d13a8c7ad43407dd2c169dac08bfd4fa219b3abbfe61cf70b0b44f7efa050,10
,,,00148391,에이비엘생명보험,2022,11011,사업보고서,IFRS4,E,-,"보고서 사업연도 >= 2023 이면 IFRS17, 아니면 IFRS4",-,(연결)현금배당성향(%),2022-12-31,-,-,api,alotMatter,"{""bsns_year"": ""2022"", ""corp_code"": ""00148391"", ""reprt_code"": ""11011""}",20230814002562,api_row,2026-08-31T16:06:50+09:00,000,run_20260831_152517_1119,raw/alotMatter/00148391_2022_11011.json,d94d13a8c7ad43407dd2c169dac08bfd4fa219b3abbfe61cf70b0b44f7efa050,10
,,,00148391,에이비엘생명보험,2022,11011,사업보고서,IFRS4,E,-,"보고서 사업연도 >= 2023 이면 IFRS17, 아니면 IFRS4",-,현금배당수익률(%),2022-12-31,-,-,api,alotMatter,"{""bsns_year"": ""2022"", ""corp_code"": ""00148391"", ""reprt_code"": ""11011""}",20230814002562,api_row,2026-08-31T16:06:50+09:00,000,run_20260831_152517_1119,raw/alotMatter/00148391_2022_11011.json,d94d13a8c7ad43407dd2c169dac08bfd4fa219b3abbfe61cf70b0b44f7efa050,10
,,,00148391,에이비엘생명보험,2022,11011,사업보고서,IFRS4,E,-,"보고서 사업연도 >= 2023 이면 IFRS17, 아니면 IFRS4",-,현금배당수익률(%),2022-12-31,-,-,api,alotMatter,"{""bsns_year"": ""2022"", ""corp_code"": ""00148391"", ""reprt_code"": ""11011""}",20230814002562,api_row,2026-08-31T16:06:50+09:00,000,run_20260831_152517_1119,raw/alotMatter/00148391_2022_11011.json,d94d13a8c7ad43407dd2c169dac08bfd4fa219b3abbfe61cf70b0b44f7efa050,10
,,,00148391,에이비엘생명보험,2022,11011,사업보고서,IFRS4,E,-,"보고서 사업연도 >= 2023 이면 IFRS17, 아니면 IFRS4",-,주식배당수익률(%),2022-12-31,-,-,api,alotMatter,"{""bsns_year"": ""2022"", ""corp_code"": ""00148391"", ""reprt_code"": ""11011""}",20230814002562,api_row,2026-08-31T16:06:50+09:00,000,run_20260831_152517_1119,raw/alotMatter/00148391_2022_11011.json,d94d13a8c7ad43407dd2c169dac08bfd4fa219b3abbfe61cf70b0b44f7efa050,10
,,,00148391,에이비엘생명보험,2022,11011,사업보고서,IFRS4,E,-,"보고서 사업연도 >= 2023 이면 IFRS17, 아니면 IFRS4",-,주식배당수익률(%),2022-12-31,-,-,api,alotMatter,"{""bsns_year"": ""2022"", ""corp_code"": ""00148391"", ""reprt_code"": ""11011""}",20230814002562,api_row,2026-08-31T16:06:50+09:00,000,run_20260831_152517_1119,raw/alotMatter/00148391_2022_11011.json,d94d13a8c7ad43407dd2c169dac08bfd4fa219b3abbfe61cf70b0b44f7efa050,10
,,,00148391,에이비엘생명보험,2022,11011,사업보고서,IFRS4,E,-,"보고서 사업연도 >= 2023 이면 IFRS17, 아니면 IFRS4",-,주당 현금배당금(원),2022-12-31,-,-,api,alotMatter,"{""bsns_year"": ""2022"", ""corp_code"": ""00148391"", ""reprt_code"": ""11011""}",20230814002562,api_row,2026-08-31T16:06:50+09:00,000,run_20260831_152517_1119,raw/alotMatter/00148391_2022_11011.json,d94d13a8c7ad43407dd2c169dac08bfd4fa219b3abbfe61cf70b0b44f7efa050,10
,,,00148391,에이비엘생명보험,2022,11011,사업보고서,IFRS4,E,-,"보고서 사업연도 >= 2023 이면 IFRS17, 아니면 IFRS4",-,주당 현금배당금(원),2022-12-31,-,-,api,alotMatter,"{""bsns_year"": ""2022"", ""corp_code"": ""00148391"", ""reprt_code"": ""11011""}",20230814002562,api_row,2026-08-31T16:06:50+09:00,000,run_20260831_152517_1119,raw/alotMatter/00148391_2022_11011.json,d94d13a8c7ad43407dd2c169dac08bfd4fa219b3abbfe61cf70b0b44f7efa050,10
,,,00148391,에이비엘생명보험,2022,11011,사업보고서,IFRS4,E,-,"보고서 사업연도 >= 2023 이면 IFRS17, 아니면 IFRS4",-,주당 주식배당(주),2022-12-31,-,-,api,alotMatter,"{""bsns_year"": ""2022"", ""corp_code"": ""00148391"", ""reprt_code"": ""11011""}",20230814002562,api_row,2026-08-31T16:06:50+09:00,000,run_20260831_152517_1119,raw/alotMatter/00148391_2022_11011.json,d94d13a8c7ad43407dd2c169dac08bfd4fa219b3abbfe61cf70b0b44f7efa050,10
,,,00148391,에이비엘생명보험,2022,11011,사업보고서,IFRS4,E,-,"보고서 사업연도 >= 2023 이면 IFRS17, 아니면 IFRS4",-,주당 주식배당(주),2022-12-31,-,-,api,alotMatter,"{""bsns_year"": ""2022"", ""corp_code"": ""00148391"", ""reprt_code"": ""11011""}",20230814002562,api_row,2026-08-31T16:06:50+09:00,000,run_20260831_152517_1119,raw/alotMatter/00148391_2022_11011.json,d94d13a8c7ad43407dd2c169dac08bfd4fa219b3abbfe61cf70b0b44f7efa050,10
,,,00160393,케이비라이프생명보험,2022,11011,사업보고서,IFRS4,E,"5,000","보고서 사업연도 >= 2023 이면 IFRS17, 아니면 IFRS4","5,000",주당액면가액(원),2022-12-31,-,"5,000",api,alotMatter,"{""bsns_year"": ""2022"", ""corp_code"": ""00160393"", ""reprt_code"": ""11011""}",20230316000539,api_row,2026-08-31T16:03:23+09:00,000,run_20260831_152517_0995,raw/alotMatter/00160393_2022_11011.json,729ddd5a4c75e09d1dc6d2483c66c37ef3f68ad3e8faa4cbf2b97c9f50f19ce0,10
,,,00160393,케이비라이프생명보험,2022,11011,사업보고서,IFRS4,E,"-46,595","보고서 사업연도 >= 2023 이면 IFRS17, 아니면 IFRS4","-23,185",(연결)당기순이익(백만원),2022-12-31,-,"-58,368",api,alotMatter,"{""bsns_year"": ""2022"", ""corp_code"": ""00160393"", ""reprt_code"": ""11011""}",20230316000539,api_row,2026-08-31T16:03:23+09:00,000,run_20260831_152517_0995,raw/alotMatter/00160393_2022_11011.json,729ddd5a4c75e09d1dc6d2483c66c37ef3f68ad3e8faa4cbf2b97c9f50f19ce0,10
,,,00160393,케이비라이프생명보험,2022,11011,사업보고서,IFRS4,E,-,"보고서 사업연도 >= 2023 이면 IFRS17, 아니면 IFRS4",-,(별도)당기순이익(백만원),2022-12-31,-,-,api,alotMatter,"{""bsns_year"": ""2022"", ""corp_code"": ""00160393"", ""reprt_code"": ""11011""}",20230316000539,api_row,2026-08-31T16:03:23+09:00,000,run_20260831_152517_0995,raw/alotMatter/00160393_2022_11011.json,729ddd5a4c75e09d1dc6d2483c66c37ef3f68ad3e8faa4cbf2b97c9f50f19ce0,10
,,,00160393,케이비라이프생명보험,2022,11011,사업보고서,IFRS4,E,-511,"보고서 사업연도 >= 2023 이면 IFRS17, 아니면 IFRS4",-254,(연결)주당순이익(원),2022-12-31,-,-640,api,alotMatter,"{""bsns_year"": ""2022"", ""corp_code"": ""00160393"", ""reprt_code"": ""11011""}",20230316000539,api_row,2026-08-31T16:03:23+09:00,000,run_20260831_152517_0995,raw/alotMatter/00160393_2022_11011.json,729ddd5a4c75e09d1dc6d2483c66c37ef3f68ad3e8faa4cbf2b97c9f50f19ce0,10
,,,00160393,케이비라이프생명보험,2022,11011,사업보고서,IFRS4,E,-,"보고서 사업연도 >= 2023 이면 IFRS17, 아니면 IFRS4",-,현금배당금총액(백만원),2022-12-31,-,-,api,alotMatter,"{""bsns_year"": ""2022"", ""corp_code"": ""00160393"", ""reprt_code"": ""11011""}",20230316000539,api_row,2026-08-31T16:03:23+09:00,000,run_20260831_152517_0995,raw/alotMatter/00160393_2022_11011.json,729ddd5a4c75e09d1dc6d2483c66c37ef3f68ad3e8faa4cbf2b97c9f50f19ce0,10
,,,00160393,케이비라이프생명보험,2022,11011,사업보고서,IFRS4,E,-,"보고서 사업연도 >= 2023 이면 IFRS17, 아니면 IFRS4",-,주식배당금총액(백만원),2022-12-31,-,-,api,alotMatter,"{""bsns_year"": ""2022"", ""corp_code"": ""00160393"", ""reprt_code"": ""11011""}",20230316000539,api_row,2026-08-31T16:03:23+09:00,000,run_20260831_152517_0995,raw/alotMatter/00160393_2022_11011.json,729ddd5a4c75e09d1dc6d2483c66c37ef3f68ad3e8faa4cbf2b97c9f50f19ce0,10
,,,00160393,케이비라이프생명보험,2022,11011,사업보고서,IFRS4,E,-,"보고서 사업연도 >= 2023 이면 IFRS17, 아니면 IFRS4",-,(연결)현금배당성향(%),2022-12-31,-,-,api,alotMatter,"{""bsns_year"": ""2022"", ""corp_code"": ""00160393"", ""reprt_code"": ""11011""}",20230316000539,api_row,2026-08-31T16:03:23+09:00,000,run_20260831_152517_0995,raw/alotMatter/00160393_2022_11011.json,729ddd5a4c75e09d1dc6d2483c66c37ef3f68ad3e8faa4cbf2b97c9f50f19ce0,10
,,,00160393,케이비라이프생명보험,2022,11011,사업보고서,IFRS4,E,-,"보고서 사업연도 >= 2023 이면 IFRS17, 아니면 IFRS4",-,현금배당수익률(%),2022-12-31,-,-,api,alotMatter,"{""bsns_year"": ""2022"", ""corp_code"": ""00160393"", ""reprt_code"": ""11011""}",20230316000539,api_row,2026-08-31T16:03:23+09:00,000,run_20260831_152517_0995,raw/alotMatter/00160393_2022_11011.json,729ddd5a4c75e09d1dc6d2483c66c37ef3f68ad3e8faa4cbf2b97c9f50f19ce0,10
,,,00160393,케이비라이프생명보험,2022,11011,사업보고서,IFRS4,E,-,"보고서 사업연도 >= 2023 이면 IFRS17, 아니면 IFRS4",-,현금배당수익률(%),2022-12-31,-,-,api,alotMatter,"{""bsns_year"": ""2022"", ""corp_code"": ""00160393"", ""reprt_code"": ""11011""}",20230316000539,api_row,2026-08-31T16:03:23+09:00,000,run_20260831_152517_0995,raw/alotMatter/00160393_2022_11011.json,729ddd5a4c75e09d1dc6d2483c66c37ef3f68ad3e8faa4cbf2b97c9f50f19ce0,10
,,,00160393,케이비라이프생명보험,2022,11011,사업보고서,IFRS4,E,-,"보고서 사업연도 >= 2023 이면 IFRS17, 아니면 IFRS4",-,주식배당수익률(%),2022-12-31,-,-,api,alotMatter,"{""bsns_year"": ""2022"", ""corp_code"": ""00160393"", ""reprt_code"": ""11011""}",20230316000539,api_row,2026-08-31T16:03:23+09:00,000,run_20260831_152517_0995,raw/alotMatter/00160393_2022_11011.json,729ddd5a4c75e09d1dc6d2483c66c37ef3f68ad3e8faa4cbf2b97c9f50f19ce0,10
,,,00160393,케이비라이프생명보험,2022,11011,사업보고서,IFRS4,E,-,"보고서 사업연도 >= 2023 이면 IFRS17, 아니면 IFRS4",-,주식배당수익률(%),2022-12-31,-,-,api,alotMatter,"{""bsns_year"": ""2022"", ""corp_code"": ""00160393"", ""reprt_code"": ""11011""}",20230316000539,api_row,2026-08-31T16:03:23+09:00,000,run_20260831_152517_0995,raw/alotMatter/00160393_2022_11011.json,729ddd5a4c75e09d1dc6d2483c66c37ef3f68ad3e8faa4cbf2b97c9f50f19ce0,10
,,,00160393,케이비라이프생명보험,2022,11011,사업보고서,IFRS4,E,-,"보고서 사업연도 >= 2023 이면 IFRS17, 아니면 IFRS4",-,주당 현금배당금(원),2022-12-31,-,-,api,alotMatter,"{""bsns_year"": ""2022"", ""corp_code"": ""00160393"", ""reprt_code"": ""11011""}",20230316000539,api_row,2026-08-31T16:03:23+09:00,000,run_20260831_152517_0995,raw/alotMatter/00160393_2022_11011.json,729ddd5a4c75e09d1dc6d2483c66c37ef3f68ad3e8faa4cbf2b97c9f50f19ce0,10
,,,00160393,케이비라이프생명보험,2022,11011,사업보고서,IFRS4,E,-,"보고서 사업연도 >= 2023 이면 IFRS17, 아니면 IFRS4",-,주당 현금배당금(원),2022-12-31,-,-,api,alotMatter,"{""bsns_year"": ""2022"", ""corp_code"": ""00160393"", ""reprt_code"": ""11011""}",20230316000539,api_row,2026-08-31T16:03:23+09:00,000,run_20260831_152517_0995,raw/alotMatter/00160393_2022_11011.json,729ddd5a4c75e09d1dc6d2483c66c37ef3f68ad3e8faa4cbf2b97c9f50f19ce0,10
,,,00160393,케이비라이프생명보험,2022,11011,사업보고서,IFRS4,E,-,"보고서 사업연도 >= 2023 이면 IFRS17, 아니면 IFRS4",-,주당 주식배당(주),2022-12-31,-,-,api,alotMatter,"{""bsns_year"": ""2022"", ""corp_code"": ""00160393"", ""reprt_code"": ""11011""}",20230316000539,api_row,2026-08-31T16:03:23+09:00,000,run_20260831_152517_0995,raw/alotMatter/00160393_2022_11011.json,729ddd5a4c75e09d1dc6d2483c66c37ef3f68ad3e8faa4cbf2b97c9f50f19ce0,10
,,,00160393,케이비라이프생명보험,2022,11011,사업보고서,IFRS4,E,-,"보고서 사업연도 >= 2023 이면 IFRS17, 아니면 IFRS4",-,주당 주식배당(주),2022-12-31,-,-,api,alotMatter,"{""bsns_year"": ""2022"", ""corp_code"": ""00160393"", ""reprt_code"": ""11011""}",20230316000539,api_row,2026-08-31T16:03:23+09:00,000,run_20260831_152517_0995,raw/alotMatter/00160393_2022_11011.json,729ddd5a4c75e09d1dc6d2483c66c37ef3f68ad3e8faa4cbf2b97c9f50f19ce0,10
,,,00382199,신한지주,2022,11011,사업보고서,IFRS4,Y,"5,000","보고서 사업연도 >= 2023 이면 IFRS17, 아니면 IFRS4","5,000",주당액면가액(원),2022-12-31,-,"5,000",api,alotMatter,"{""bsns_year"": ""2022"", ""corp_code"": ""00382199"", ""reprt_code"": ""11011""}",20230315001015,api_row,2026-08-31T15:32:42+09:00,000,run_20260831_152517_0199,raw/alotMatter/00382199_2022_11011.json,576dfdeb02471b494c9c070995da51403db316f1d34506fb4eac417455d70216,10
,,,00382199,신한지주,2022,11011,사업보고서,IFRS4,Y,"4,019,254","보고서 사업연도 >= 2023 이면 IFRS17, 아니면 IFRS4","3,414,595",(연결)당기순이익(백만원),2022-12-31,-,"4,642,292",api,alotMatter,"{""bsns_year"": ""2022"", ""corp_code"": ""00382199"", ""reprt_code"": ""11011""}",20230315001015,api_row,2026-08-31T15:32:42+09:00,000,run_20260831_152517_0199,raw/alotMatter/00382199_2022_11011.json,576dfdeb02471b494c9c070995da51403db316f1d34506fb4eac417455d70216,10
,,,00382199,신한지주,2022,11011,사업보고서,IFRS4,Y,"1,413,956","보고서 사업연도 >= 2023 이면 IFRS17, 아니면 IFRS4","1,274,443",(별도)당기순이익(백만원),2022-12-31,-,"1,249,251",api,alotMatter,"{""bsns_year"": ""2022"", ""corp_code"": ""00382199"", ""reprt_code"": ""11011""}",20230315001015,api_row,2026-08-31T15:32:42+09:00,000,run_20260831_152517_0199,raw/alotMatter/00382199_2022_11011.json,576dfdeb02471b494c9c070995da51403db316f1d34506fb4eac417455d70216,10
,,,00382199,신한지주,2022,11011,사업보고서,IFRS4,Y,"7,308","보고서 사업연도 >= 2023 이면 IFRS17, 아니면 IFRS4","6,654",(연결)주당순이익(원),2022-12-31,-,"8,454",api,alotMatter,"{""bsns_year"": ""2022"", ""corp_code"": ""00382199"", ""reprt_code"": ""11011""}",20230315001015,api_row,2026-08-31T15:32:42+09:00,000,run_20260831_152517_0199,raw/alotMatter/00382199_2022_11011.json,576dfdeb02471b494c9c070995da51403db316f1d34506fb4eac417455d70216,10
,,,00382199,신한지주,2022,11011,사업보고서,IFRS4,Y,"1,046,787","보고서 사업연도 >= 2023 이면 IFRS17, 아니면 IFRS4","803,838",현금배당금총액(백만원),2022-12-31,-,"1,092,813",api,alotMatter,"{""bsns_year"": ""2022"", ""corp_code"": ""00382199"", ""reprt_code"": ""11011""}",20230315001015,api_row,2026-08-31T15:32:42+09:00,000,run_20260831_152517_0199,raw/alotMatter/00382199_2022_11011.json,576dfdeb02471b494c9c070995da51403db316f1d34506fb4eac417455d70216,10
,,,00382199,신한지주,2022,11011,사업보고서,IFRS4,Y,-,"보고서 사업연도 >= 2023 이면 IFRS17, 아니면 IFRS4",-,주식배당금총액(백만원),2022-12-31,-,-,api,alotMatter,"{""bsns_year"": ""2022"", ""corp_code"": ""00382199"", ""reprt_code"": ""11011""}",20230315001015,api_row,2026-08-31T15:32:42+09:00,000,run_20260831_152517_0199,raw/alotMatter/00382199_2022_11011.json,576dfdeb02471b494c9c070995da51403db316f1d34506fb4eac417455d70216,10
,,,00382199,신한지주,2022,11011,사업보고서,IFRS4,Y,26.04,"보고서 사업연도 >= 2023 이면 IFRS17, 아니면 IFRS4",23.54,(연결)현금배당성향(%),2022-12-31,-,23.54,api,alotMatter,"{""bsns_year"": ""2022"", ""corp_code"": ""00382199"", ""reprt_code"": ""11011""}",20230315001015,api_row,2026-08-31T15:32:42+09:00,000,run_20260831_152517_0199,raw/alotMatter/00382199_2022_11011.json,576dfdeb02471b494c9c070995da51403db316f1d34506fb4eac417455d70216,10
,,,00382199,신한지주,2022,11011,사업보고서,IFRS4,Y,5.16,"보고서 사업연도 >= 2023 이면 IFRS17, 아니면 IFRS4",4.52,현금배당수익률(%),2022-12-31,보통주,5.49,api,alotMatter,"{""bsns_year"": ""2022"", ""corp_code"": ""00382199"", ""reprt_code"": ""11011""}",20230315001015,api_row,2026-08-31T15:32:42+09:00,000,run_20260831_152517_0199,raw/alotMatter/00382199_2022_11011.json,576dfdeb02471b494c9c070995da51403db316f1d34506fb4eac417455d70216,10
,,,00382199,신한지주,2022,11011,사업보고서,IFRS4,Y,-,"보고서 사업연도 >= 2023 이면 IFRS17, 아니면 IFRS4",-,현금배당수익률(%),2022-12-31,우선주,-,api,alotMatter,"{""bsns_year"": ""2022"", ""corp_code"": ""00382199"", ""reprt_code"": ""11011""}",20230315001015,api_row,2026-08-31T15:32:42+09:00,000,run_20260831_152517_0199,raw/alotMatter/00382199_2022_11011.json,576dfdeb02471b494c9c070995da51403db316f1d34506fb4eac417455d70216,10
,,,00382199,신한지주,2022,11011,사업보고서,IFRS4,Y,-,"보고서 사업연도 >= 2023 이면 IFRS17, 아니면 IFRS4",-,주식배당수익률(%),2022-12-31,보통주,-,api,alotMatter,"{""bsns_year"": ""2022"", ""corp_code"": ""00382199"", ""reprt_code"": ""11011""}",20230315001015,api_row,2026-08-31T15:32:42+09:00,000,run_20260831_152517_0199,raw/alotMatter/00382199_2022_11011.json,576dfdeb02471b494c9c070995da51403db316f1d34506fb4eac417455d70216,10
,,,00382199,신한지주,2022,11011,사업보고서,IFRS4,Y,-,"보고서 사업연도 >= 2023 이면 IFRS17, 아니면 IFRS4",-,주식배당수익률(%),2022-12-31,우선주,-,api,alotMatter,"{""bsns_year"": ""2022"", ""corp_code"": ""00382199"", ""reprt_code"": ""11011""}",20230315001015,api_row,2026-08-31T15:32:42+09:00,000,run_20260831_152517_0199,raw/alotMatter/00382199_2022_11011.json,576dfdeb02471b494c9c070995da51403db316f1d34506fb4eac417455d70216,10
,,,00382199,신한지주,2022,11011,사업보고서,IFRS4,Y,"1,960","보고서 사업연도 >= 2023 이면 IFRS17, 아니면 IFRS4","1,500",주당 현금배당금(원),2022-12-31,보통주,"2,065",api,alotMatter,"{""bsns_year"": ""2022"", ""corp_code"": ""00382199"", ""reprt_code"": ""11011""}",20230315001015,api_row,2026-08-31T15:32:42+09:00,000,run_20260831_152517_0199,raw/alotMatter/00382199_2022_11011.json,576dfdeb02471b494c9c070995da51403db316f1d34506fb4eac417455d70216,10
,,,00382199,신한지주,2022,11011,사업보고서,IFRS4,Y,"1,960","보고서 사업연도 >= 2023 이면 IFRS17, 아니면 IFRS4","1,716",주당 현금배당금(원),2022-12-31,우선주,"2,065",api,alotMatter,"{""bsns_year"": ""2022"", ""corp_code"": ""00382199"", ""reprt_code"": ""11011""}",20230315001015,api_row,2026-08-31T15:32:42+09:00,000,run_20260831_152517_0199,raw/alotMatter/00382199_2022_11011.json,576dfdeb02471b494c9c070995da51403db316f1d34506fb4eac417455d70216,10
,,,00382199,신한지주,2022,11011,사업보고서,IFRS4,Y,-,"보고서 사업연도 >= 2023 이면 IFRS17, 아니면 IFRS4",-,주당 주식배당(주),2022-12-31,보통주,-,api,alotMatter,"{""bsns_year"": ""2022"", ""corp_code"": ""00382199"", ""reprt_code"": ""11011""}",20230315001015,api_row,2026-08-31T15:32:42+09:00,000,run_20260831_152517_0199,raw/alotMatter/00382199_2022_11011.json,576dfdeb02471b494c9c070995da51403db316f1d34506fb4eac417455d70216,10
,,,00382199,신한지주,2022,11011,사업보고서,IFRS4,Y,-,"보고서 사업연도 >= 2023 이면 IFRS17, 아니면 IFRS4",-,주당 주식배당(주),2022-12-31,우선주,-,api,alotMatter,"{""bsns_year"": ""2022"", ""corp_code"": ""00382199"", ""reprt_code"": ""11011""}",20230315001015,api_row,2026-08-31T15:32:42+09:00,000,run_20260831_152517_0199,raw/alotMatter/00382199_2022_11011.json,576dfdeb02471b494c9c070995da51403db316f1d34506fb4eac417455d70216,10
,,,00688996,KB금융,2022,11011,사업보고서,IFRS4,Y,"5,000","보고서 사업연도 >= 2023 이면 IFRS17, 아니면 IFRS4","5,000",주당액면가액(원),2022-12-31,-,"5,000",api,alotMatter,"{""bsns_year"": ""2022"", ""corp_code"": ""00688996"", ""reprt_code"": ""11011""}",20231005000471,api_row,2026-08-31T15:36:43+09:00,000,run_20260831_152517_0308,raw/alotMatter/00688996_2022_11011.json,5d99499f3be764850d77941b32cfbf1d953007170d1db67b90620454ab76942c,10
,,,00688996,KB금융,2022,11011,사업보고서,IFRS4,Y,"4,409,543","보고서 사업연도 >= 2023 이면 IFRS17, 아니면 IFRS4","3,455,151",(연결)당기순이익(백만원),2022-12-31,-,"4,394,828",api,alotMatter,"{""bsns_year"": ""2022"", ""corp_code"": ""00688996"", ""reprt_code"": ""11011""}",20231005000471,api_row,2026-08-31T15:36:43+09:00,000,run_20260831_152517_0308,raw/alotMatter/00688996_2022_11011.json,5d99499f3be764850d77941b32cfbf1d953007170d1db67b90620454ab76942c,10
,,,00688996,KB금융,2022,11011,사업보고서,IFRS4,Y,"1,438,866","보고서 사업연도 >= 2023 이면 IFRS17, 아니면 IFRS4","1,379,415",(별도)당기순이익(백만원),2022-12-31,-,"1,684,512",api,alotMatter,"{""bsns_year"": ""2022"", ""corp_code"": ""00688996"", ""reprt_code"": ""11011""}",20231005000471,api_row,2026-08-31T15:36:43+09:00,000,run_20260831_152517_0308,raw/alotMatter/00688996_2022_11011.json,5d99499f3be764850d77941b32cfbf1d953007170d1db67b90620454ab76942c,10
,,,00688996,KB금융,2022,11011,사업보고서,IFRS4,Y,"11,134","보고서 사업연도 >= 2023 이면 IFRS17, 아니면 IFRS4","8,809",(연결)주당순이익(원),2022-12-31,-,"10,955",api,alotMatter,"{""bsns_year"": ""2022"", ""corp_code"": ""00688996"", ""reprt_code"": ""11011""}",20231005000471,api_row,2026-08-31T15:36:43+09:00,000,run_20260831_152517_0308,raw/alotMatter/00688996_2022_11011.json,5d99499f3be764850d77941b32cfbf1d953007170d1db67b90620454ab76942c,10
,,,00688996,KB금융,2022,11011,사업보고서,IFRS4,Y,"1,145,525","보고서 사업연도 >= 2023 이면 IFRS17, 아니면 IFRS4","689,653",현금배당금총액(백만원),2022-12-31,-,"1,149,421",api,alotMatter,"{""bsns_year"": ""2022"", ""corp_code"": ""00688996"", ""reprt_code"": ""11011""}",20231005000471,api_row,2026-08-31T15:36:43+09:00,000,run_20260831_152517_0308,raw/alotMatter/00688996_2022_11011.json,5d99499f3be764850d77941b32cfbf1d953007170d1db67b90620454ab76942c,10
,,,00688996,KB금융,2022,11011,사업보고서,IFRS4,Y,-,"보고서 사업연도 >= 2023 이면 IFRS17, 아니면 IFRS4",-,주식배당금총액(백만원),2022-12-31,-,-,api,alotMatter,"{""bsns_year"": ""2022"", ""corp_code"": ""00688996"", ""reprt_code"": ""11011""}",20231005000471,api_row,2026-08-31T15:36:43+09:00,000,run_20260831_152517_0308,raw/alotMatter/00688996_2022_11011.json,5d99499f3be764850d77941b32cfbf1d953007170d1db67b90620454ab76942c,10
,,,00688996,KB금융,2022,11011,사업보고서,IFRS4,Y,26.00,"보고서 사업연도 >= 2023 이면 IFRS17, 아니면 IFRS4",20.00,(연결)현금배당성향(%),2022-12-31,-,26.00,api,alotMatter,"{""bsns_year"": ""2022"", ""corp_code"": ""00688996"", ""reprt_code"": ""11011""}",20231005000471,api_row,2026-08-31T15:36:43+09:00,000,run_20260831_152517_0308,raw/alotMatter/00688996_2022_11011.json,5d99499f3be764850d77941b32cfbf1d953007170d1db67b90620454ab76942c,10
,,,00688996,KB금융,2022,11011,사업보고서,IFRS4,Y,5.20,"보고서 사업연도 >= 2023 이면 IFRS17, 아니면 IFRS4",3.90,현금배당수익률(%),2022-12-31,보통주,5.80,api,alotMatter,"{""bsns_year"": ""2022"", ""corp_code"": ""00688996"", ""reprt_code"": ""11011""}",20231005000471,api_row,2026-08-31T15:36:43+09:00,000,run_20260831_152517_0308,raw/alotMatter/00688996_2022_11011.json,5d99499f3be764850d77941b32cfbf1d953007170d1db67b90620454ab76942c,10
,,,00688996,KB금융,2022,11011,사업보고서,IFRS4,Y,-,"보고서 사업연도 >= 2023 이면 IFRS17, 아니면 IFRS4",-,현금배당수익률(%),2022-12-31,-,-,api,alotMatter,"{""bsns_year"": ""2022"", ""corp_code"": ""00688996"", ""reprt_code"": ""11011""}",20231005000471,api_row,2026-08-31T15:36:43+09:00,000,run_20260831_152517_0308,raw/alotMatter/00688996_2022_11011.json,5d99499f3be764850d77941b32cfbf1d953007170d1db67b90620454ab76942c,10
,,,00688996,KB금융,2022,11011,사업보고서,IFRS4,Y,-,"보고서 사업연도 >= 2023 이면 IFRS17, 아니면 IFRS4",-,주식배당수익률(%),2022-12-31,-,-,api,alotMatter,"{""bsns_year"": ""2022"", ""corp_code"": ""00688996"", ""reprt_code"": ""11011""}",20231005000471,api_row,2026-08-31T15:36:43+09:00,000,run_20260831_152517_0308,raw/alotMatter/00688996_2022_11011.json,5d99499f3be764850d77941b32cfbf1d953007170d1db67b90620454ab76942c,10
,,,00688996,KB금융,2022,11011,사업보고서,IFRS4,Y,-,"보고서 사업연도 >= 2023 이면 IFRS17, 아니면 IFRS4",-,주식배당수익률(%),2022-12-31,-,-,api,alotMatter,"{""bsns_year"": ""2022"", ""corp_code"": ""00688996"", ""reprt_code"": ""11011""}",20231005000471,api_row,2026-08-31T15:36:43+09:00,000,run_20260831_152517_0308,raw/alotMatter/00688996_2022_11011.json,5d99499f3be764850d77941b32cfbf1d953007170d1db67b90620454ab76942c,10
,,,00688996,KB금융,2022,11011,사업보고서,IFRS4,Y,"2,940","보고서 사업연도 >= 2023 이면 IFRS17, 아니면 IFRS4","1,770",주당 현금배당금(원),2022-12-31,보통주,"2,950",api,alotMatter,"{""bsns_year"": ""2022"", ""corp_code"": ""00688996"", ""reprt_code"": ""11011""}",20231005000471,api_row,2026-08-31T15:36:43+09:00,000,run_20260831_152517_0308,raw/alotMatter/00688996_2022_11011.json,5d99499f3be764850d77941b32cfbf1d953007170d1db67b90620454ab76942c,10
,,,00688996,KB금융,2022,11011,사업보고서,IFRS4,Y,-,"보고서 사업연도 >= 2023 이면 IFRS17, 아니면 IFRS4",-,주당 현금배당금(원),2022-12-31,-,-,api,alotMatter,"{""bsns_year"": ""2022"", ""corp_code"": ""00688996"", ""reprt_code"": ""11011""}",20231005000471,api_row,2026-08-31T15:36:43+09:00,000,run_20260831_152517_0308,raw/alotMatter/00688996_2022_11011.json,5d99499f3be764850d77941b32cfbf1d953007170d1db67b90620454ab76942c,10
,,,00688996,KB금융,2022,11011,사업보고서,IFRS4,Y,-,"보고서 사업연도 >= 2023 이면 IFRS17, 아니면 IFRS4",-,주당 주식배당(주),2022-12-31,-,-,api,alotMatter,"{""bsns_year"": ""2022"", ""corp_code"": ""00688996"", ""reprt_code"": ""11011""}",20231005000471,api_row,2026-08-31T15:36:43+09:00,000,run_20260831_152517_0308,raw/alotMatter/00688996_2022_11011.json,5d99499f3be764850d77941b32cfbf1d953007170d1db67b90620454ab76942c,10
,,,00688996,KB금융,2022,11011,사업보고서,IFRS4,Y,-,"보고서 사업연도 >= 2023 이면 IFRS17, 아니면 IFRS4",-,주당 주식배당(주),2022-12-31,-,-,api,alotMatter,"{""bsns_year"": ""2022"", ""corp_code"": ""00688996"", ""reprt_code"": ""11011""}",20231005000471,api_row,2026-08-31T15:36:43+09:00,000,run_20260831_152517_0308,raw/alotMatter/00688996_2022_11011.json,5d99499f3be764850d77941b32cfbf1d953007170d1db67b90620454ab76942c,10
,,,00878915,iM금융지주,2022,11011,사업보고서,IFRS4,Y,"5,000","보고서 사업연도 >= 2023 이면 IFRS17, 아니면 IFRS4","5,000",주당액면가액(원),2022-12-31,-,"5,000",api,alotMatter,"{""bsns_year"": ""2022"", ""corp_code"": ""00878915"", ""reprt_code"": ""11011""}",20230322000869,api_row,2026-08-31T15:40:27+09:00,000,run_20260831_152517_0425,raw/alotMatter/00878915_2022_11011.json,fbb7dd578ea0aaf6f83d3c6d48f87a7b2b035f8a9903b484213c91d48d83c94f,10
,,,00878915,iM금융지주,2022,11011,사업보고서,IFRS4,Y,"503,068","보고서 사업연도 >= 2023 이면 IFRS17, 아니면 IFRS4","342,216",(연결)당기순이익(백만원),2022-12-31,-,"401,569",api,alotMatter,"{""bsns_year"": ""2022"", ""corp_code"": ""00878915"", ""reprt_code"": ""11011""}",20230322000869,api_row,2026-08-31T15:40:27+09:00,000,run_20260831_152517_0425,raw/alotMatter/00878915_2022_11011.json,fbb7dd578ea0aaf6f83d3c6d48f87a7b2b035f8a9903b484213c91d48d83c94f,10
,,,00878915,iM금융지주,2022,11011,사업보고서,IFRS4,Y,"140,682","보고서 사업연도 >= 2023 이면 IFRS17, 아니면 IFRS4","135,260",(별도)당기순이익(백만원),2022-12-31,-,"150,237",api,alotMatter,"{""bsns_year"": ""2022"", ""corp_code"": ""00878915"", ""reprt_code"": ""11011""}",20230322000869,api_row,2026-08-31T15:40:27+09:00,000,run_20260831_152517_0425,raw/alotMatter/00878915_2022_11011.json,fbb7dd578ea0aaf6f83d3c6d48f87a7b2b035f8a9903b484213c91d48d83c94f,10
,,,00878915,iM금융지주,2022,11011,사업보고서,IFRS4,Y,"2,886","보고서 사업연도 >= 2023 이면 IFRS17, 아니면 IFRS4","1,966",(연결)주당순이익(원),2022-12-31,-,"2,266",api,alotMatter,"{""bsns_year"": ""2022"", ""corp_code"": ""00878915"", ""reprt_code"": ""11011""}",20230322000869,api_row,2026-08-31T15:40:27+09:00,000,run_20260831_152517_0425,raw/alotMatter/00878915_2022_11011.json,fbb7dd578ea0aaf6f83d3c6d48f87a7b2b035f8a9903b484213c91d48d83c94f,10
,,,00878915,iM금융지주,2022,11011,사업보고서,IFRS4,Y,"106,562","보고서 사업연도 >= 2023 이면 IFRS17, 아니면 IFRS4","65,967",현금배당금총액(백만원),2022-12-31,-,"109,945",api,alotMatter,"{""bsns_year"": ""2022"", ""corp_code"": ""00878915"", ""reprt_code"": ""11011""}",20230322000869,api_row,2026-08-31T15:40:27+09:00,000,run_20260831_152517_0425,raw/alotMatter/00878915_2022_11011.json,fbb7dd578ea0aaf6f83d3c6d48f87a7b2b035f8a9903b484213c91d48d83c94f,10
,,,00878915,iM금융지주,2022,11011,사업보고서,IFRS4,Y,-,"보고서 사업연도 >= 2023 이면 IFRS17, 아니면 IFRS4",-,주식배당금총액(백만원),2022-12-31,-,-,api,alotMatter,"{""bsns_year"": ""2022"", ""corp_code"": ""00878915"", ""reprt_code"": ""11011""}",20230322000869,api_row,2026-08-31T15:40:27+09:00,000,run_20260831_152517_0425,raw/alotMatter/00878915_2022_11011.json,fbb7dd578ea0aaf6f83d3c6d48f87a7b2b035f8a9903b484213c91d48d83c94f,10
,,,00878915,iM금융지주,2022,11011,사업보고서,IFRS4,Y,21.20,"보고서 사업연도 >= 2023 이면 IFRS17, 아니면 IFRS4",19.30,(연결)현금배당성향(%),2022-12-31,-,27.40,api,alotMatter,"{""bsns_year"": ""2022"", ""corp_code"": ""00878915"", ""reprt_code"": ""11011""}",20230322000869,api_row,2026-08-31T15:40:27+09:00,000,run_20260831_152517_0425,raw/alotMatter/00878915_2022_11011.json,fbb7dd578ea0aaf6f83d3c6d48f87a7b2b035f8a9903b484213c91d48d83c94f,10
,,,00878915,iM금융지주,2022,11011,사업보고서,IFRS4,Y,6.42,"보고서 사업연도 >= 2023 이면 IFRS17, 아니면 IFRS4",5.38,현금배당수익률(%),2022-12-31,보통주,8.28,api,alotMatter,"{""bsns_year"": ""2022"", ""corp_code"": ""00878915"", ""reprt_code"": ""11011""}",20230322000869,api_row,2026-08-31T15:40:27+09:00,000,run_20260831_152517_0425,raw/alotMatter/00878915_2022_11011.json,fbb7dd578ea0aaf6f83d3c6d48f87a7b2b035f8a9903b484213c91d48d83c94f,10
,,,00878915,iM금융지주,2022,11011,사업보고서,IFRS4,Y,-,"보고서 사업연도 >= 2023 이면 IFRS17, 아니면 IFRS4",-,현금배당수익률(%),2022-12-31,-,-,api,alotMatter,"{""bsns_year"": ""2022"", ""corp_code"": ""00878915"", ""reprt_code"": ""11011""}",20230322000869,api_row,2026-08-31T15:40:27+09:00,000,run_20260831_152517_0425,raw/alotMatter/00878915_2022_11011.json,fbb7dd578ea0aaf6f83d3c6d48f87a7b2b035f8a9903b484213c91d48d83c94f,10
,,,00878915,iM금융지주,2022,11011,사업보고서,IFRS4,Y,-,"보고서 사업연도 >= 2023 이면 IFRS17, 아니면 IFRS4",-,주식배당수익률(%),2022-12-31,보통주,-,api,alotMatter,"{""bsns_year"": ""2022"", ""corp_code"": ""00878915"", ""reprt_code"": ""11011""}",20230322000869,api_row,2026-08-31T15:40:27+09:00,000,run_20260831_152517_0425,raw/alotMatter/00878915_2022_11011.json,fbb7dd578ea0aaf6f83d3c6d48f87a7b2b035f8a9903b484213c91d48d83c94f,10
,,,00878915,iM금융지주,2022,11011,사업보고서,IFRS4,Y,-,"보고서 사업연도 >= 2023 이면 IFRS17, 아니면 IFRS4",-,주식배당수익률(%),2022-12-31,-,-,api,alotMatter,"{""bsns_year"": ""2022"", ""corp_code"": ""00878915"", ""reprt_code"": ""11011""}",20230322000869,api_row,2026-08-31T15:40:27+09:00,000,run_20260831_152517_0425,raw/alotMatter/00878915_2022_11011.json,fbb7dd578ea0aaf6f83d3c6d48f87a7b2b035f8a9903b484213c91d48d83c94f,10
,,,00878915,iM금융지주,2022,11011,사업보고서,IFRS4,Y,630,"보고서 사업연도 >= 2023 이면 IFRS17, 아니면 IFRS4",390,주당 현금배당금(원),2022-12-31,보통주,650,api,alotMatter,"{""bsns_year"": ""2022"", ""corp_code"": ""00878915"", ""reprt_code"": ""11011""}",20230322000869,api_row,2026-08-31T15:40:27+09:00,000,run_20260831_152517_0425,raw/alotMatter/00878915_2022_11011.json,fbb7dd578ea0aaf6f83d3c6d48f87a7b2b035f8a9903b484213c91d48d83c94f,10
,,,00878915,iM금융지주,2022,11011,사업보고서,IFRS4,Y,-,"보고서 사업연도 >= 2023 이면 IFRS17, 아니면 IFRS4",-,주당 현금배당금(원),2022-12-31,-,-,api,alotMatter,"{""bsns_year"": ""2022"", ""corp_code"": ""00878915"", ""reprt_code"": ""11011""}",20230322000869,api_row,2026-08-31T15:40:27+09:00,000,run_20260831_152517_0425,raw/alotMatter/00878915_2022_11011.json,fbb7dd578ea0aaf6f83d3c6d48f87a7b2b035f8a9903b484213c91d48d83c94f,10
,,,00878915,iM금융지주,2022,11011,사업보고서,IFRS4,Y,-,"보고서 사업연도 >= 2023 이면 IFRS17, 아니면 IFRS4",-,주당 주식배당(주),2022-12-31,보통주,-,api,alotMatter,"{""bsns_year"": ""2022"", ""corp_code"": ""00878915"", ""reprt_code"": ""11011""}",20230322000869,api_row,2026-08-31T15:40:27+09:00,000,run_20260831_152517_0425,raw/alotMatter/00878915_2022_11011.json,fbb7dd578ea0aaf6f83d3c6d48f87a7b2b035f8a9903b484213c91d48d83c94f,10
,,,00878915,iM금융지주,2022,11011,사업보고서,IFRS4,Y,-,"보고서 사업연도 >= 2023 이면 IFRS17, 아니면 IFRS4",-,주당 주식배당(주),2022-12-31,-,-,api,alotMatter,"{""bsns_year"": ""2022"", ""corp_code"": ""00878915"", ""reprt_code"": ""11011""}",20230322000869,api_row,2026-08-31T15:40:27+09:00,000,run_20260831_152517_0425,raw/alotMatter/00878915_2022_11011.json,fbb7dd578ea0aaf6f83d3c6d48f87a7b2b035f8a9903b484213c91d48d83c94f,10
,,,01350869,우리금융지주,2022,11011,사업보고서,IFRS4,Y,"5,000","보고서 사업연도 >= 2023 이면 IFRS17, 아니면 IFRS4","5,000",주당액면가액(원),2022-12-31,-,"5,000",api,alotMatter,"{""bsns_year"": ""2022"", ""corp_code"": ""01350869"", ""reprt_code"": ""11011""}",20230316001455,api_row,2026-08-31T15:43:28+09:00,000,run_20260831_152517_0506,raw/alotMatter/01350869_2022_11011.json,3fcbce91d3cf0abd1bdd0c869c4fb48057a4007e8f9c2482238052ffee794120,10
,,,01350869,우리금융지주,2022,11011,사업보고서,IFRS4,Y,"2,587,936","보고서 사업연도 >= 2023 이면 IFRS17, 아니면 IFRS4","1,307,266",(연결)당기순이익(백만원),2022-12-31,-,"3,141,680",api,alotMatter,"{""bsns_year"": ""2022"", ""corp_code"": ""01350869"", ""reprt_code"": ""11011""}",20230316001455,api_row,2026-08-31T15:43:28+09:00,000,run_20260831_152517_0506,raw/alotMatter/01350869_2022_11011.json,3fcbce91d3cf0abd1bdd0c869c4fb48057a4007e8f9c2482238052ffee794120,10
,,,01350869,우리금융지주,2022,11011,사업보고서,IFRS4,Y,"594,852","보고서 사업연도 >= 2023 이면 IFRS17, 아니면 IFRS4","595,318",(별도)당기순이익(백만원),2022-12-31,-,"1,183,249",api,alotMatter,"{""bsns_year"": ""2022"", ""corp_code"": ""01350869"", ""reprt_code"": ""11011""}",20230316001455,api_row,2026-08-31T15:43:28+09:00,000,run_20260831_152517_0506,raw/alotMatter/01350869_2022_11011.json,3fcbce91d3cf0abd1bdd0c869c4fb48057a4007e8f9c2482238052ffee794120,10
,,,01350869,우리금융지주,2022,11011,사업보고서,IFRS4,Y,"3,481","보고서 사업연도 >= 2023 이면 IFRS17, 아니면 IFRS4","1,742",(연결)주당순이익(원),2022-12-31,-,"4,191",api,alotMatter,"{""bsns_year"": ""2022"", ""corp_code"": ""01350869"", ""reprt_code"": ""11011""}",20230316001455,api_row,2026-08-31T15:43:28+09:00,000,run_20260831_152517_0506,raw/alotMatter/01350869_2022_11011.json,3fcbce91d3cf0abd1bdd0c869c4fb48057a4007e8f9c2482238052ffee794120,10
,,,01350869,우리금융지주,2022,11011,사업보고서,IFRS4,Y,"654,384","보고서 사업연도 >= 2023 이면 IFRS17, 아니면 IFRS4","260,016",현금배당금총액(백만원),2022-12-31,-,"822,706",api,alotMatter,"{""bsns_year"": ""2022"", ""corp_code"": ""01350869"", ""reprt_code"": ""11011""}",20230316001455,api_row,2026-08-31T15:43:28+09:00,000,run_20260831_152517_0506,raw/alotMatter/01350869_2022_11011.json,3fcbce91d3cf0abd1bdd0c869c4fb48057a4007e8f9c2482238052ffee794120,10
,,,01350869,우리금융지주,2022,11011,사업보고서,IFRS4,Y,-,"보고서 사업연도 >= 2023 이면 IFRS17, 아니면 IFRS4",-,주식배당금총액(백만원),2022-12-31,-,-,api,alotMatter,"{""bsns_year"": ""2022"", ""corp_code"": ""01350869"", ""reprt_code"": ""11011""}",20230316001455,api_row,2026-08-31T15:43:28+09:00,000,run_20260831_152517_0506,raw/alotMatter/01350869_2022_11011.json,3fcbce91d3cf0abd1bdd0c869c4fb48057a4007e8f9c2482238052ffee794120,10
,,,01350869,우리금융지주,2022,11011,사업보고서,IFRS4,Y,25.29,"보고서 사업연도 >= 2023 이면 IFRS17, 아니면 IFRS4",19.89,(연결)현금배당성향(%),2022-12-31,-,26.19,api,alotMatter,"{""bsns_year"": ""2022"", ""corp_code"": ""01350869"", ""reprt_code"": ""11011""}",20230316001455,api_row,2026-08-31T15:43:28+09:00,000,run_20260831_152517_0506,raw/alotMatter/01350869_2022_11011.json,3fcbce91d3cf0abd1bdd0c869c4fb48057a4007e8f9c2482238052ffee794120,10
,,,01350869,우리금융지주,2022,11011,사업보고서,IFRS4,Y,6.80,"보고서 사업연도 >= 2023 이면 IFRS17, 아니면 IFRS4",3.60,현금배당수익률(%),2022-12-31,보통주,8.80,api,alotMatter,"{""bsns_year"": ""2022"", ""corp_code"": ""01350869"", ""reprt_code"": ""11011""}",20230316001455,api_row,2026-08-31T15:43:28+09:00,000,run_20260831_152517_0506,raw/alotMatter/01350869_2022_11011.json,3fcbce91d3cf0abd1bdd0c869c4fb48057a4007e8f9c2482238052ffee794120,10
,,,01350869,우리금융지주,2022,11011,사업보고서,IFRS4,Y,-,"보고서 사업연도 >= 2023 이면 IFRS17, 아니면 IFRS4",-,현금배당수익률(%),2022-12-31,우선주,-,api,alotMatter,"{""bsns_year"": ""2022"", ""corp_code"": ""01350869"", ""reprt_code"": ""11011""}",20230316001455,api_row,2026-08-31T15:43:28+09:00,000,run_20260831_152517_0506,raw/alotMatter/01350869_2022_11011.json,3fcbce91d3cf0abd1bdd0c869c4fb48057a4007e8f9c2482238052ffee794120,10
,,,01350869,우리금융지주,2022,11011,사업보고서,IFRS4,Y,-,"보고서 사업연도 >= 2023 이면 IFRS17, 아니면 IFRS4",-,주식배당수익률(%),2022-12-31,보통주,-,api,alotMatter,"{""bsns_year"": ""2022"", ""corp_code"": ""01350869"", ""reprt_code"": ""11011""}",20230316001455,api_row,2026-08-31T15:43:28+09:00,000,run_20260831_152517_0506,raw/alotMatter/01350869_2022_11011.json,3fcbce91d3cf0abd1bdd0c869c4fb48057a4007e8f9c2482238052ffee794120,10
,,,01350869,우리금융지주,2022,11011,사업보고서,IFRS4,Y,-,"보고서 사업연도 >= 2023 이면 IFRS17, 아니면 IFRS4",-,주식배당수익률(%),2022-12-31,우선주,-,api,alotMatter,"{""bsns_year"": ""2022"", ""corp_code"": ""01350869"", ""reprt_code"": ""11011""}",20230316001455,api_row,2026-08-31T15:43:28+09:00,000,run_20260831_152517_0506,raw/alotMatter/01350869_2022_11011.json,3fcbce91d3cf0abd1bdd0c869c4fb48057a4007e8f9c2482238052ffee794120,10
,,,01350869,우리금융지주,2022,11011,사업보고서,IFRS4,Y,900,"보고서 사업연도 >= 2023 이면 IFRS17, 아니면 IFRS4",360,주당 현금배당금(원),2022-12-31,보통주,"1,130",api,alotMatter,"{""bsns_year"": ""2022"", ""corp_code"": ""01350869"", ""reprt_code"": ""11011""}",20230316001455,api_row,2026-08-31T15:43:28+09:00,000,run_20260831_152517_0506,raw/alotMatter/01350869_2022_11011.json,3fcbce91d3cf0abd1bdd0c869c4fb48057a4007e8f9c2482238052ffee794120,10
,,,01350869,우리금융지주,2022,11011,사업보고서,IFRS4,Y,-,"보고서 사업연도 >= 2023 이면 IFRS17, 아니면 IFRS4",-,주당 현금배당금(원),2022-12-31,우선주,-,api,alotMatter,"{""bsns_year"": ""2022"", ""corp_code"": ""01350869"", ""reprt_code"": ""11011""}",20230316001455,api_row,2026-08-31T15:43:28+09:00,000,run_20260831_152517_0506,raw/alotMatter/01350869_2022_11011.json,3fcbce91d3cf0abd1bdd0c869c4fb48057a4007e8f9c2482238052ffee794120,10
,,,01350869,우리금융지주,2022,11011,사업보고서,IFRS4,Y,-,"보고서 사업연도 >= 2023 이면 IFRS17, 아니면 IFRS4",-,주당 주식배당(주),2022-12-31,보통주,-,api,alotMatter,"{""bsns_year"": ""2022"", ""corp_code"": ""01350869"", ""reprt_code"": ""11011""}",20230316001455,api_row,2026-08-31T15:43:28+09:00,000,run_20260831_152517_0506,raw/alotMatter/01350869_2022_11011.json,3fcbce91d3cf0abd1bdd0c869c4fb48057a4007e8f9c2482238052ffee794120,10
,,,01350869,우리금융지주,2022,11011,사업보고서,IFRS4,Y,-,"보고서 사업연도 >= 2023 이면 IFRS17, 아니면 IFRS4",-,주당 주식배당(주),2022-12-31,우선주,-,api,alotMatter,"{""bsns_year"": ""2022"", ""corp_code"": ""01350869"", ""reprt_code"": ""11011""}",20230316001455,api_row,2026-08-31T15:43:28+09:00,000,run_20260831_152517_0506,raw/alotMatter/01350869_2022_11011.json,3fcbce91d3cf0abd1bdd0c869c4fb48057a4007e8f9c2482238052ffee794120,10
,,,00113058,한화생명,2023,11011,사업보고서,IFRS17,Y,"5,000","보고서 사업연도 >= 2023 이면 IFRS17, 아니면 IFRS4","5,000",주당액면가액(원),2023-12-31,-,"5,000",api,alotMatter,"{""bsns_year"": ""2023"", ""corp_code"": ""00113058"", ""reprt_code"": ""11011""}",20240430000873,api_row,2026-08-31T15:47:53+09:00,000,run_20260831_152517_0632,raw/alotMatter/00113058_2023_11011.json,0b0371c6792c85c1ac2a920b915f58101d168466fc7b715c6f7925857d3062dd,10
,,,00113058,한화생명,2023,11011,사업보고서,IFRS17,Y,"733,365","보고서 사업연도 >= 2023 이면 IFRS17, 아니면 IFRS4","1,191,311",(연결)당기순이익(백만원),2023-12-31,-,"758,480",api,alotMatter,"{""bsns_year"": ""2023"", ""corp_code"": ""00113058"", ""reprt_code"": ""11011""}",20240430000873,api_row,2026-08-31T15:47:53+09:00,000,run_20260831_152517_0632,raw/alotMatter/00113058_2023_11011.json,0b0371c6792c85c1ac2a920b915f58101d168466fc7b715c6f7925857d3062dd,10
,,,00113058,한화생명,2023,11011,사업보고서,IFRS17,Y,"354,342","보고서 사업연도 >= 2023 이면 IFRS17, 아니면 IFRS4","410,565",(별도)당기순이익(백만원),2023-12-31,-,"616,262",api,alotMatter,"{""bsns_year"": ""2023"", ""corp_code"": ""00113058"", ""reprt_code"": ""11011""}",20240430000873,api_row,2026-08-31T15:47:53+09:00,000,run_20260831_152517_0632,raw/alotMatter/00113058_2023_11011.json,0b0371c6792c85c1ac2a920b915f58101d168466fc7b715c6f7925857d3062dd,10
,,,00113058,한화생명,2023,11011,사업보고서,IFRS17,Y,855,"보고서 사업연도 >= 2023 이면 IFRS17, 아니면 IFRS4","1,455",(연결)주당순이익(원),2023-12-31,-,954,api,alotMatter,"{""bsns_year"": ""2023"", ""corp_code"": ""00113058"", ""reprt_code"": ""11011""}",20240430000873,api_row,2026-08-31T15:47:53+09:00,000,run_20260831_152517_0632,raw/alotMatter/00113058_2023_11011.json,0b0371c6792c85c1ac2a920b915f58101d168466fc7b715c6f7925857d3062dd,10
,,,00113058,한화생명,2023,11011,사업보고서,IFRS17,Y,-,"보고서 사업연도 >= 2023 이면 IFRS17, 아니면 IFRS4",-,현금배당금총액(백만원),2023-12-31,-,"112,709",api,alotMatter,"{""bsns_year"": ""2023"", ""corp_code"": ""00113058"", ""reprt_code"": ""11011""}",20240430000873,api_row,2026-08-31T15:47:53+09:00,000,run_20260831_152517_0632,raw/alotMatter/00113058_2023_11011.json,0b0371c6792c85c1ac2a920b915f58101d168466fc7b715c6f7925857d3062dd,10
,,,00113058,한화생명,2023,11011,사업보고서,IFRS17,Y,-,"보고서 사업연도 >= 2023 이면 IFRS17, 아니면 IFRS4",-,주식배당금총액(백만원),2023-12-31,-,-,api,alotMatter,"{""bsns_year"": ""2023"", ""corp_code"": ""00113058"", ""reprt_code"": ""11011""}",20240430000873,api_row,2026-08-31T15:47:53+09:00,000,run_20260831_152517_0632,raw/alotMatter/00113058_2023_11011.json,0b0371c6792c85c1ac2a920b915f58101d168466fc7b715c6f7925857d3062dd,10
,,,00113058,한화생명,2023,11011,사업보고서,IFRS17,Y,-,"보고서 사업연도 >= 2023 이면 IFRS17, 아니면 IFRS4",-,(연결)현금배당성향(%),2023-12-31,-,14.90,api,alotMatter,"{""bsns_year"": ""2023"", ""corp_code"": ""00113058"", ""reprt_code"": ""11011""}",20240430000873,api_row,2026-08-31T15:47:53+09:00,000,run_20260831_152517_0632,raw/alotMatter/00113058_2023_11011.json,0b0371c6792c85c1ac2a920b915f58101d168466fc7b715c6f7925857d3062dd,10
,,,00113058,한화생명,2023,11011,사업보고서,IFRS17,Y,-,"보고서 사업연도 >= 2023 이면 IFRS17, 아니면 IFRS4",-,현금배당수익률(%),2023-12-31,보통주,4.40,api,alotMatter,"{""bsns_year"": ""2023"", ""corp_code"": ""00113058"", ""reprt_code"": ""11011""}",20240430000873,api_row,2026-08-31T15:47:53+09:00,000,run_20260831_152517_0632,raw/alotMatter/00113058_2023_11011.json,0b0371c6792c85c1ac2a920b915f58101d168466fc7b715c6f7925857d3062dd,10
,,,00113058,한화생명,2023,11011,사업보고서,IFRS17,Y,-,"보고서 사업연도 >= 2023 이면 IFRS17, 아니면 IFRS4",-,현금배당수익률(%),2023-12-31,우선주,-,api,alotMatter,"{""bsns_year"": ""2023"", ""corp_code"": ""00113058"", ""reprt_code"": ""11011""}",20240430000873,api_row,2026-08-31T15:47:53+09:00,000,run_20260831_152517_0632,raw/alotMatter/00113058_2023_11011.json,0b0371c6792c85c1ac2a920b915f58101d168466fc7b715c6f7925857d3062dd,10
,,,00113058,한화생명,2023,11011,사업보고서,IFRS17,Y,-,"보고서 사업연도 >= 2023 이면 IFRS17, 아니면 IFRS4",-,주식배당수익률(%),2023-12-31,보통주,-,api,alotMatter,"{""bsns_year"": ""2023"", ""corp_code"": ""00113058"", ""reprt_code"": ""11011""}",20240430000873,api_row,2026-08-31T15:47:53+09:00,000,run_20260831_152517_0632,raw/alotMatter/00113058_2023_11011.json,0b0371c6792c85c1ac2a920b915f58101d168466fc7b715c6f7925857d3062dd,10
,,,00113058,한화생명,2023,11011,사업보고서,IFRS17,Y,-,"보고서 사업연도 >= 2023 이면 IFRS17, 아니면 IFRS4",-,주식배당수익률(%),2023-12-31,우선주,-,api,alotMatter,"{""bsns_year"": ""2023"", ""corp_code"": ""00113058"", ""reprt_code"": ""11011""}",20240430000873,api_row,2026-08-31T15:47:53+09:00,000,run_20260831_152517_0632,raw/alotMatter/00113058_2023_11011.json,0b0371c6792c85c1ac2a920b915f58101d168466fc7b715c6f7925857d3062dd,10
,,,00113058,한화생명,2023,11011,사업보고서,IFRS17,Y,-,"보고서 사업연도 >= 2023 이면 IFRS17, 아니면 IFRS4",-,주당 현금배당금(원),2023-12-31,보통주,150,api,alotMatter,"{""bsns_year"": ""2023"", ""corp_code"": ""00113058"", ""reprt_code"": ""11011""}",20240430000873,api_row,2026-08-31T15:47:53+09:00,000,run_20260831_152517_0632,raw/alotMatter/00113058_2023_11011.json,0b0371c6792c85c1ac2a920b915f58101d168466fc7b715c6f7925857d3062dd,10
,,,00113058,한화생명,2023,11011,사업보고서,IFRS17,Y,-,"보고서 사업연도 >= 2023 이면 IFRS17, 아니면 IFRS4",-,주당 현금배당금(원),2023-12-31,우선주,-,api,alotMatter,"{""bsns_year"": ""2023"", ""corp_code"": ""00113058"", ""reprt_code"": ""11011""}",20240430000873,api_row,2026-08-31T15:47:53+09:00,000,run_20260831_152517_0632,raw/alotMatter/00113058_2023_11011.json,0b0371c6792c85c1ac2a920b915f58101d168466fc7b715c6f7925857d3062dd,10
,,,00113058,한화생명,2023,11011,사업보고서,IFRS17,Y,-,"보고서 사업연도 >= 2023 이면 IFRS17, 아니면 IFRS4",-,주당 주식배당(주),2023-12-31,보통주,-,api,alotMatter,"{""bsns_year"": ""2023"", ""corp_code"": ""00113058"", ""reprt_code"": ""11011""}",20240430000873,api_row,2026-08-31T15:47:53+09:00,000,run_20260831_152517_0632,raw/alotMatter/00113058_2023_11011.json,0b0371c6792c85c1ac2a920b915f58101d168466fc7b715c6f7925857d3062dd,10
,,,00113058,한화생명,2023,11011,사업보고서,IFRS17,Y,-,"보고서 사업연도 >= 2023 이면 IFRS17, 아니면 IFRS4",-,주당 주식배당(주),2023-12-31,우선주,-,api,alotMatter,"{""bsns_year"": ""2023"", ""corp_code"": ""00113058"", ""reprt_code"": ""11011""}",20240430000873,api_row,2026-08-31T15:47:53+09:00,000,run_20260831_152517_0632,raw/alotMatter/00113058_2023_11011.json,0b0371c6792c85c1ac2a920b915f58101d168466fc7b715c6f7925857d3062dd,10
,,,00117267,동양생명보험,2023,11011,사업보고서,IFRS17,E,"5,000","보고서 사업연도 >= 2023 이면 IFRS17, 아니면 IFRS4","5,000",주당액면가액(원),2023-12-31,-,"5,000",api,alotMatter,"{""bsns_year"": ""2023"", ""corp_code"": ""00117267"", ""reprt_code"": ""11011""}",20240430000184,api_row,2026-08-31T15:51:05+09:00,000,run_20260831_152517_0695,raw/alotMatter/00117267_2023_11011.json,6ed2ded39272266a3531cc595645084ac972b1b801caf79d45ca9f9e3cf94b96,10
,,,00117267,동양생명보험,2023,11011,사업보고서,IFRS17,E,"74,044","보고서 사업연도 >= 2023 이면 IFRS17, 아니면 IFRS4","275,619",(연결)당기순이익(백만원),2023-12-31,-,"270,646",api,alotMatter,"{""bsns_year"": ""2023"", ""corp_code"": ""00117267"", ""reprt_code"": ""11011""}",20240430000184,api_row,2026-08-31T15:51:05+09:00,000,run_20260831_152517_0695,raw/alotMatter/00117267_2023_11011.json,6ed2ded39272266a3531cc595645084ac972b1b801caf79d45ca9f9e3cf94b96,10
,,,00117267,동양생명보험,2023,11011,사업보고서,IFRS17,E,"97,028","보고서 사업연도 >= 2023 이면 IFRS17, 아니면 IFRS4","275,763",(별도)당기순이익(백만원),2023-12-31,-,"295,746",api,alotMatter,"{""bsns_year"": ""2023"", ""corp_code"": ""00117267"", ""reprt_code"": ""11011""}",20240430000184,api_row,2026-08-31T15:51:05+09:00,000,run_20260831_152517_0695,raw/alotMatter/00117267_2023_11011.json,6ed2ded39272266a3531cc595645084ac972b1b801caf79d45ca9f9e3cf94b96,10
,,,00117267,동양생명보험,2023,11011,사업보고서,IFRS17,E,475,"보고서 사업연도 >= 2023 이면 IFRS17, 아니면 IFRS4","1,768",(연결)주당순이익(원),2023-12-31,-,"1,736",api,alotMatter,"{""bsns_year"": ""2023"", ""corp_code"": ""00117267"", ""reprt_code"": ""11011""}",20240430000184,api_row,2026-08-31T15:51:05+09:00,000,run_20260831_152517_0695,raw/alotMatter/00117267_2023_11011.json,6ed2ded39272266a3531cc595645084ac972b1b801caf79d45ca9f9e3cf94b96,10
,,,00117267,동양생명보험,2023,11011,사업보고서,IFRS17,E,-,"보고서 사업연도 >= 2023 이면 IFRS17, 아니면 IFRS4","96,632",현금배당금총액(백만원),2023-12-31,-,"62,378",api,alotMatter,"{""bsns_year"": ""2023"", ""corp_code"": ""00117267"", ""reprt_code"": ""11011""}",20240430000184,api_row,2026-08-31T15:51:05+09:00,000,run_20260831_152517_0695,raw/alotMatter/00117267_2023_11011.json,6ed2ded39272266a3531cc595645084ac972b1b801caf79d45ca9f9e3cf94b96,10
,,,00117267,동양생명보험,2023,11011,사업보고서,IFRS17,E,-,"보고서 사업연도 >= 2023 이면 IFRS17, 아니면 IFRS4",-,주식배당금총액(백만원),2023-12-31,-,-,api,alotMatter,"{""bsns_year"": ""2023"", ""corp_code"": ""00117267"", ""reprt_code"": ""11011""}",20240430000184,api_row,2026-08-31T15:51:05+09:00,000,run_20260831_152517_0695,raw/alotMatter/00117267_2023_11011.json,6ed2ded39272266a3531cc595645084ac972b1b801caf79d45ca9f9e3cf94b96,10
,,,00117267,동양생명보험,2023,11011,사업보고서,IFRS17,E,-,"보고서 사업연도 >= 2023 이면 IFRS17, 아니면 IFRS4",35.10,(연결)현금배당성향(%),2023-12-31,-,23.00,api,alotMatter,"{""bsns_year"": ""2023"", ""corp_code"": ""00117267"", ""reprt_code"": ""11011""}",20240430000184,api_row,2026-08-31T15:51:05+09:00,000,run_20260831_152517_0695,raw/alotMatter/00117267_2023_11011.json,6ed2ded39272266a3531cc595645084ac972b1b801caf79d45ca9f9e3cf94b96,10
,,,00117267,동양생명보험,2023,11011,사업보고서,IFRS17,E,-,"보고서 사업연도 >= 2023 이면 IFRS17, 아니면 IFRS4",9.00,현금배당수익률(%),2023-12-31,보통주,8.00,api,alotMatter,"{""bsns_year"": ""2023"", ""corp_code"": ""00117267"", ""reprt_code"": ""11011""}",20240430000184,api_row,2026-08-31T15:51:05+09:00,000,run_20260831_152517_0695,raw/alotMatter/00117267_2023_11011.json,6ed2ded39272266a3531cc595645084ac972b1b801caf79d45ca9f9e3cf94b96,10
,,,00117267,동양생명보험,2023,11011,사업보고서,IFRS17,E,-,"보고서 사업연도 >= 2023 이면 IFRS17, 아니면 IFRS4",-,현금배당수익률(%),2023-12-31,종류주식,-,api,alotMatter,"{""bsns_year"": ""2023"", ""corp_code"": ""00117267"", ""reprt_code"": ""11011""}",20240430000184,api_row,2026-08-31T15:51:05+09:00,000,run_20260831_152517_0695,raw/alotMatter/00117267_2023_11011.json,6ed2ded39272266a3531cc595645084ac972b1b801caf79d45ca9f9e3cf94b96,10
,,,00117267,동양생명보험,2023,11011,사업보고서,IFRS17,E,-,"보고서 사업연도 >= 2023 이면 IFRS17, 아니면 IFRS4",-,주식배당수익률(%),2023-12-31,보통주,-,api,alotMatter,"{""bsns_year"": ""2023"", ""corp_code"": ""00117267"", ""reprt_code"": ""11011""}",20240430000184,api_row,2026-08-31T15:51:05+09:00,000,run_20260831_152517_0695,raw/alotMatter/00117267_2023_11011.json,6ed2ded39272266a3531cc595645084ac972b1b801caf79d45ca9f9e3cf94b96,10
,,,00117267,동양생명보험,2023,11011,사업보고서,IFRS17,E,-,"보고서 사업연도 >= 2023 이면 IFRS17, 아니면 IFRS4",-,주식배당수익률(%),2023-12-31,종류주식,-,api,alotMatter,"{""bsns_year"": ""2023"", ""corp_code"": ""00117267"", ""reprt_code"": ""11011""}",20240430000184,api_row,2026-08-31T15:51:05+09:00,000,run_20260831_152517_0695,raw/alotMatter/00117267_2023_11011.json,6ed2ded39272266a3531cc595645084ac972b1b801caf79d45ca9f9e3cf94b96,10
,,,00117267,동양생명보험,2023,11011,사업보고서,IFRS17,E,-,"보고서 사업연도 >= 2023 이면 IFRS17, 아니면 IFRS4",620,주당 현금배당금(원),2023-12-31,보통주,400,api,alotMatter,"{""bsns_year"": ""2023"", ""corp_code"": ""00117267"", ""reprt_code"": ""11011""}",20240430000184,api_row,2026-08-31T15:51:05+09:00,000,run_20260831_152517_0695,raw/alotMatter/00117267_2023_11011.json,6ed2ded39272266a3531cc595645084ac972b1b801caf79d45ca9f9e3cf94b96,10
,,,00117267,동양생명보험,2023,11011,사업보고서,IFRS17,E,-,"보고서 사업연도 >= 2023 이면 IFRS17, 아니면 IFRS4",-,주당 현금배당금(원),2023-12-31,종류주식,-,api,alotMatter,"{""bsns_year"": ""2023"", ""corp_code"": ""00117267"", ""reprt_code"": ""11011""}",20240430000184,api_row,2026-08-31T15:51:05+09:00,000,run_20260831_152517_0695,raw/alotMatter/00117267_2023_11011.json,6ed2ded39272266a3531cc595645084ac972b1b801caf79d45ca9f9e3cf94b96,10
,,,00117267,동양생명보험,2023,11011,사업보고서,IFRS17,E,-,"보고서 사업연도 >= 2023 이면 IFRS17, 아니면 IFRS4",-,주당 주식배당(주),2023-12-31,보통주,-,api,alotMatter,"{""bsns_year"": ""2023"", ""corp_code"": ""00117267"", ""reprt_code"": ""11011""}",20240430000184,api_row,2026-08-31T15:51:05+09:00,000,run_20260831_152517_0695,raw/alotMatter/00117267_2023_11011.json,6ed2ded39272266a3531cc595645084ac972b1b801caf79d45ca9f9e3cf94b96,10
,,,00117267,동양생명보험,2023,11011,사업보고서,IFRS17,E,-,"보고서 사업연도 >= 2023 이면 IFRS17, 아니면 IFRS4",-,주당 주식배당(주),2023-12-31,종류주식,-,api,alotMatter,"{""bsns_year"": ""2023"", ""corp_code"": ""00117267"", ""reprt_code"": ""11011""}",20240430000184,api_row,2026-08-31T15:51:05+09:00,000,run_20260831_152517_0695,raw/alotMatter/00117267_2023_11011.json,6ed2ded39272266a3531cc595645084ac972b1b801caf79d45ca9f9e3cf94b96,10
,,,00120216,KB손해보험,2023,11011,사업보고서,IFRS17,E,500,"보고서 사업연도 >= 2023 이면 IFRS17, 아니면 IFRS4",500,주당액면가액(원),2023-12-31,-,500,api,alotMatter,"{""bsns_year"": ""2023"", ""corp_code"": ""00120216"", ""reprt_code"": ""11011""}",20240430000217,api_row,2026-08-31T16:00:50+09:00,000,run_20260831_152517_0942,raw/alotMatter/00120216_2023_11011.json,37735c886b22e31f7586095e4977b3435bdde28a85a0015f7ccc0def91c0a139,10
,,,00120216,KB손해보험,2023,11011,사업보고서,IFRS17,E,"568,242","보고서 사업연도 >= 2023 이면 IFRS17, 아니면 IFRS4","281,078",(연결)당기순이익(백만원),2023-12-31,-,"766,211",api,alotMatter,"{""bsns_year"": ""2023"", ""corp_code"": ""00120216"", ""reprt_code"": ""11011""}",20240430000217,api_row,2026-08-31T16:00:50+09:00,000,run_20260831_152517_0942,raw/alotMatter/00120216_2023_11011.json,37735c886b22e31f7586095e4977b3435bdde28a85a0015f7ccc0def91c0a139,10
,,,00120216,KB손해보험,2023,11011,사업보고서,IFRS17,E,"581,728","보고서 사업연도 >= 2023 이면 IFRS17, 아니면 IFRS4","285,471",(별도)당기순이익(백만원),2023-12-31,-,"776,386",api,alotMatter,"{""bsns_year"": ""2023"", ""corp_code"": ""00120216"", ""reprt_code"": ""11011""}",20240430000217,api_row,2026-08-31T16:00:50+09:00,000,run_20260831_152517_0942,raw/alotMatter/00120216_2023_11011.json,37735c886b22e31f7586095e4977b3435bdde28a85a0015f7ccc0def91c0a139,10
,,,00120216,KB손해보험,2023,11011,사업보고서,IFRS17,E,"8,545","보고서 사업연도 >= 2023 이면 IFRS17, 아니면 IFRS4","4,227",(연결)주당순이익(원),2023-12-31,-,"11,522",api,alotMatter,"{""bsns_year"": ""2023"", ""corp_code"": ""00120216"", ""reprt_code"": ""11011""}",20240430000217,api_row,2026-08-31T16:00:50+09:00,000,run_20260831_152517_0942,raw/alotMatter/00120216_2023_11011.json,37735c886b22e31f7586095e4977b3435bdde28a85a0015f7ccc0def91c0a139,10
,,,00120216,KB손해보험,2023,11011,사업보고서,IFRS17,E,"350,000","보고서 사업연도 >= 2023 이면 IFRS17, 아니면 IFRS4",-,현금배당금총액(백만원),2023-12-31,-,-,api,alotMatter,"{""bsns_year"": ""2023"", ""corp_code"": ""00120216"", ""reprt_code"": ""11011""}",20240430000217,api_row,2026-08-31T16:00:50+09:00,000,run_20260831_152517_0942,raw/alotMatter/00120216_2023_11011.json,37735c886b22e31f7586095e4977b3435bdde28a85a0015f7ccc0def91c0a139,10
,,,00120216,KB손해보험,2023,11011,사업보고서,IFRS17,E,-,"보고서 사업연도 >= 2023 이면 IFRS17, 아니면 IFRS4",-,주식배당금총액(백만원),2023-12-31,-,-,api,alotMatter,"{""bsns_year"": ""2023"", ""corp_code"": ""00120216"", ""reprt_code"": ""11011""}",20240430000217,api_row,2026-08-31T16:00:50+09:00,000,run_20260831_152517_0942,raw/alotMatter/00120216_2023_11011.json,37735c886b22e31f7586095e4977b3435bdde28a85a0015f7ccc0def91c0a139,10
,,,00120216,KB손해보험,2023,11011,사업보고서,IFRS17,E,61.59,"보고서 사업연도 >= 2023 이면 IFRS17, 아니면 IFRS4",-,(연결)현금배당성향(%),2023-12-31,-,-,api,alotMatter,"{""bsns_year"": ""2023"", ""corp_code"": ""00120216"", ""reprt_code"": ""11011""}",20240430000217,api_row,2026-08-31T16:00:50+09:00,000,run_20260831_152517_0942,raw/alotMatter/00120216_2023_11011.json,37735c886b22e31f7586095e4977b3435bdde28a85a0015f7ccc0def91c0a139,10
,,,00120216,KB손해보험,2023,11011,사업보고서,IFRS17,E,-,"보고서 사업연도 >= 2023 이면 IFRS17, 아니면 IFRS4",-,현금배당수익률(%),2023-12-31,-,-,api,alotMatter,"{""bsns_year"": ""2023"", ""corp_code"": ""00120216"", ""reprt_code"": ""11011""}",20240430000217,api_row,2026-08-31T16:00:50+09:00,000,run_20260831_152517_0942,raw/alotMatter/00120216_2023_11011.json,37735c886b22e31f7586095e4977b3435bdde28a85a0015f7ccc0def91c0a139,10
,,,00120216,KB손해보험,2023,11011,사업보고서,IFRS17,E,-,"보고서 사업연도 >= 2023 이면 IFRS17, 아니면 IFRS4",-,현금배당수익률(%),2023-12-31,-,-,api,alotMatter,"{""bsns_year"": ""2023"", ""corp_code"": ""00120216"", ""reprt_code"": ""11011""}",20240430000217,api_row,2026-08-31T16:00:50+09:00,000,run_20260831_152517_0942,raw/alotMatter/00120216_2023_11011.json,37735c886b22e31f7586095e4977b3435bdde28a85a0015f7ccc0def91c0a139,10
,,,00120216,KB손해보험,2023,11011,사업보고서,IFRS17,E,-,"보고서 사업연도 >= 2023 이면 IFRS17, 아니면 IFRS4",-,주식배당수익률(%),2023-12-31,-,-,api,alotMatter,"{""bsns_year"": ""2023"", ""corp_code"": ""00120216"", ""reprt_code"": ""11011""}",20240430000217,api_row,2026-08-31T16:00:50+09:00,000,run_20260831_152517_0942,raw/alotMatter/00120216_2023_11011.json,37735c886b22e31f7586095e4977b3435bdde28a85a0015f7ccc0def91c0a139,10
,,,00120216,KB손해보험,2023,11011,사업보고서,IFRS17,E,-,"보고서 사업연도 >= 2023 이면 IFRS17, 아니면 IFRS4",-,주식배당수익률(%),2023-12-31,-,-,api,alotMatter,"{""bsns_year"": ""2023"", ""corp_code"": ""00120216"", ""reprt_code"": ""11011""}",20240430000217,api_row,2026-08-31T16:00:50+09:00,000,run_20260831_152517_0942,raw/alotMatter/00120216_2023_11011.json,37735c886b22e31f7586095e4977b3435bdde28a85a0015f7ccc0def91c0a139,10
,,,00120216,KB손해보험,2023,11011,사업보고서,IFRS17,E,"5,263","보고서 사업연도 >= 2023 이면 IFRS17, 아니면 IFRS4",-,주당 현금배당금(원),2023-12-31,-,-,api,alotMatter,"{""bsns_year"": ""2023"", ""corp_code"": ""00120216"", ""reprt_code"": ""11011""}",20240430000217,api_row,2026-08-31T16:00:50+09:00,000,run_20260831_152517_0942,raw/alotMatter/00120216_2023_11011.json,37735c886b22e31f7586095e4977b3435bdde28a85a0015f7ccc0def91c0a139,10
,,,00120216,KB손해보험,2023,11011,사업보고서,IFRS17,E,-,"보고서 사업연도 >= 2023 이면 IFRS17, 아니면 IFRS4",-,주당 현금배당금(원),2023-12-31,-,-,api,alotMatter,"{""bsns_year"": ""2023"", ""corp_code"": ""00120216"", ""reprt_code"": ""11011""}",20240430000217,api_row,2026-08-31T16:00:50+09:00,000,run_20260831_152517_0942,raw/alotMatter/00120216_2023_11011.json,37735c886b22e31f7586095e4977b3435bdde28a85a0015f7ccc0def91c0a139,10
,,,00120216,KB손해보험,2023,11011,사업보고서,IFRS17,E,-,"보고서 사업연도 >= 2023 이면 IFRS17, 아니면 IFRS4",-,주당 주식배당(주),2023-12-31,-,-,api,alotMatter,"{""bsns_year"": ""2023"", ""corp_code"": ""00120216"", ""reprt_code"": ""11011""}",20240430000217,api_row,2026-08-31T16:00:50+09:00,000,run_20260831_152517_0942,raw/alotMatter/00120216_2023_11011.json,37735c886b22e31f7586095e4977b3435bdde28a85a0015f7ccc0def91c0a139,10
,,,00120216,KB손해보험,2023,11011,사업보고서,IFRS17,E,-,"보고서 사업연도 >= 2023 이면 IFRS17, 아니면 IFRS4",-,주당 주식배당(주),2023-12-31,-,-,api,alotMatter,"{""bsns_year"": ""2023"", ""corp_code"": ""00120216"", ""reprt_code"": ""11011""}",20240430000217,api_row,2026-08-31T16:00:50+09:00,000,run_20260831_152517_0942,raw/alotMatter/00120216_2023_11011.json,37735c886b22e31f7586095e4977b3435bdde28a85a0015f7ccc0def91c0a139,10
,,,00135917,한화손해보험,2023,11011,사업보고서,IFRS17,Y,"5,000","보고서 사업연도 >= 2023 이면 IFRS17, 아니면 IFRS4","5,000",주당액면가액(원),2023-12-31,-,"5,000",api,alotMatter,"{""bsns_year"": ""2023"", ""corp_code"": ""00135917"", ""reprt_code"": ""11011""}",20240430000147,api_row,2026-08-31T15:53:43+09:00,000,run_20260831_152517_0756,raw/alotMatter/00135917_2023_11011.json,a09416635f2e778c45d8aedb578d03a9603fc7a06f012abd5fe92c67adc3aa0d,10
,,,00135917,한화손해보험,2023,11011,사업보고서,IFRS17,Y,"252,423","보고서 사업연도 >= 2023 이면 IFRS17, 아니면 IFRS4","121,984",(연결)당기순이익(백만원),2023-12-31,-,"247,239",api,alotMatter,"{""bsns_year"": ""2023"", ""corp_code"": ""00135917"", ""reprt_code"": ""11011""}",20240430000147,api_row,2026-08-31T15:53:43+09:00,000,run_20260831_152517_0756,raw/alotMatter/00135917_2023_11011.json,a09416635f2e778c45d8aedb578d03a9603fc7a06f012abd5fe92c67adc3aa0d,10
,,,00135917,한화손해보험,2023,11011,사업보고서,IFRS17,Y,"302,103","보고서 사업연도 >= 2023 이면 IFRS17, 아니면 IFRS4","155,943",(별도)당기순이익(백만원),2023-12-31,-,"290,698",api,alotMatter,"{""bsns_year"": ""2023"", ""corp_code"": ""00135917"", ""reprt_code"": ""11011""}",20240430000147,api_row,2026-08-31T15:53:43+09:00,000,run_20260831_152517_0756,raw/alotMatter/00135917_2023_11011.json,a09416635f2e778c45d8aedb578d03a9603fc7a06f012abd5fe92c67adc3aa0d,10
,,,00135917,한화손해보험,2023,11011,사업보고서,IFRS17,Y,"1,856","보고서 사업연도 >= 2023 이면 IFRS17, 아니면 IFRS4",939,(연결)주당순이익(원),2023-12-31,-,"1,465",api,alotMatter,"{""bsns_year"": ""2023"", ""corp_code"": ""00135917"", ""reprt_code"": ""11011""}",20240430000147,api_row,2026-08-31T15:53:43+09:00,000,run_20260831_152517_0756,raw/alotMatter/00135917_2023_11011.json,a09416635f2e778c45d8aedb578d03a9603fc7a06f012abd5fe92c67adc3aa0d,10
,,,00135917,한화손해보험,2023,11011,사업보고서,IFRS17,Y,-,"보고서 사업연도 >= 2023 이면 IFRS17, 아니면 IFRS4",-,현금배당금총액(백만원),2023-12-31,-,"36,624",api,alotMatter,"{""bsns_year"": ""2023"", ""corp_code"": ""00135917"", ""reprt_code"": ""11011""}",20240430000147,api_row,2026-08-31T15:53:43+09:00,000,run_20260831_152517_0756,raw/alotMatter/00135917_2023_11011.json,a09416635f2e778c45d8aedb578d03a9603fc7a06f012abd5fe92c67adc3aa0d,10
,,,00135917,한화손해보험,2023,11011,사업보고서,IFRS17,Y,-,"보고서 사업연도 >= 2023 이면 IFRS17, 아니면 IFRS4",-,주식배당금총액(백만원),2023-12-31,-,-,api,alotMatter,"{""bsns_year"": ""2023"", ""corp_code"": ""00135917"", ""reprt_code"": ""11011""}",20240430000147,api_row,2026-08-31T15:53:43+09:00,000,run_20260831_152517_0756,raw/alotMatter/00135917_2023_11011.json,a09416635f2e778c45d8aedb578d03a9603fc7a06f012abd5fe92c67adc3aa0d,10
,,,00135917,한화손해보험,2023,11011,사업보고서,IFRS17,Y,-,"보고서 사업연도 >= 2023 이면 IFRS17, 아니면 IFRS4",-,(연결)현금배당성향(%),2023-12-31,-,14.80,api,alotMatter,"{""bsns_year"": ""2023"", ""corp_code"": ""00135917"", ""reprt_code"": ""11011""}",20240430000147,api_row,2026-08-31T15:53:43+09:00,000,run_20260831_152517_0756,raw/alotMatter/00135917_2023_11011.json,a09416635f2e778c45d8aedb578d03a9603fc7a06f012abd5fe92c67adc3aa0d,10
,,,00135917,한화손해보험,2023,11011,사업보고서,IFRS17,Y,-,"보고서 사업연도 >= 2023 이면 IFRS17, 아니면 IFRS4",-,현금배당수익률(%),2023-12-31,보통주식,3.80,api,alotMatter,"{""bsns_year"": ""2023"", ""corp_code"": ""00135917"", ""reprt_code"": ""11011""}",20240430000147,api_row,2026-08-31T15:53:43+09:00,000,run_20260831_152517_0756,raw/alotMatter/00135917_2023_11011.json,a09416635f2e778c45d8aedb578d03a9603fc7a06f012abd5fe92c67adc3aa0d,10
,,,00135917,한화손해보험,2023,11011,사업보고서,IFRS17,Y,-,"보고서 사업연도 >= 2023 이면 IFRS17, 아니면 IFRS4",-,현금배당수익률(%),2023-12-31,종류주식,-,api,alotMatter,"{""bsns_year"": ""2023"", ""corp_code"": ""00135917"", ""reprt_code"": ""11011""}",20240430000147,api_row,2026-08-31T15:53:43+09:00,000,run_20260831_152517_0756,raw/alotMatter/00135917_2023_11011.json,a09416635f2e778c45d8aedb578d03a9603fc7a06f012abd5fe92c67adc3aa0d,10
,,,00135917,한화손해보험,2023,11011,사업보고서,IFRS17,Y,-,"보고서 사업연도 >= 2023 이면 IFRS17, 아니면 IFRS4",-,주식배당수익률(%),2023-12-31,-,-,api,alotMatter,"{""bsns_year"": ""2023"", ""corp_code"": ""00135917"", ""reprt_code"": ""11011""}",20240430000147,api_row,2026-08-31T15:53:43+09:00,000,run_20260831_152517_0756,raw/alotMatter/00135917_2023_11011.json,a09416635f2e778c45d8aedb578d03a9603fc7a06f012abd5fe92c67adc3aa0d,10
,,,00135917,한화손해보험,2023,11011,사업보고서,IFRS17,Y,-,"보고서 사업연도 >= 2023 이면 IFRS17, 아니면 IFRS4",-,주식배당수익률(%),2023-12-31,-,-,api,alotMatter,"{""bsns_year"": ""2023"", ""corp_code"": ""00135917"", ""reprt_code"": ""11011""}",20240430000147,api_row,2026-08-31T15:53:43+09:00,000,run_20260831_152517_0756,raw/alotMatter/00135917_2023_11011.json,a09416635f2e778c45d8aedb578d03a9603fc7a06f012abd5fe92c67adc3aa0d,10
,,,00135917,한화손해보험,2023,11011,사업보고서,IFRS17,Y,-,"보고서 사업연도 >= 2023 이면 IFRS17, 아니면 IFRS4",-,주당 현금배당금(원),2023-12-31,보통주식,200,api,alotMatter,"{""bsns_year"": ""2023"", ""corp_code"": ""00135917"", ""reprt_code"": ""11011""}",20240430000147,api_row,2026-08-31T15:53:43+09:00,000,run_20260831_152517_0756,raw/alotMatter/00135917_2023_11011.json,a09416635f2e778c45d8aedb578d03a9603fc7a06f012abd5fe92c67adc3aa0d,10
,,,00135917,한화손해보험,2023,11011,사업보고서,IFRS17,Y,-,"보고서 사업연도 >= 2023 이면 IFRS17, 아니면 IFRS4",-,주당 현금배당금(원),2023-12-31,종류주식,350,api,alotMatter,"{""bsns_year"": ""2023"", ""corp_code"": ""00135917"", ""reprt_code"": ""11011""}",20240430000147,api_row,2026-08-31T15:53:43+09:00,000,run_20260831_152517_0756,raw/alotMatter/00135917_2023_11011.json,a09416635f2e778c45d8aedb578d03a9603fc7a06f012abd5fe92c67adc3aa0d,10
,,,00135917,한화손해보험,2023,11011,사업보고서,IFRS17,Y,-,"보고서 사업연도 >= 2023 이면 IFRS17, 아니면 IFRS4",-,주당 주식배당(주),2023-12-31,-,-,api,alotMatter,"{""bsns_year"": ""2023"", ""corp_code"": ""00135917"", ""reprt_code"": ""11011""}",20240430000147,api_row,2026-08-31T15:53:43+09:00,000,run_20260831_152517_0756,raw/alotMatter/00135917_2023_11011.json,a09416635f2e778c45d8aedb578d03a9603fc7a06f012abd5fe92c67adc3aa0d,10
,,,00135917,한화손해보험,2023,11011,사업보고서,IFRS17,Y,-,"보고서 사업연도 >= 2023 이면 IFRS17, 아니면 IFRS4",-,주당 주식배당(주),2023-12-31,-,-,api,alotMatter,"{""bsns_year"": ""2023"", ""corp_code"": ""00135917"", ""reprt_code"": ""11011""}",20240430000147,api_row,2026-08-31T15:53:43+09:00,000,run_20260831_152517_0756,raw/alotMatter/00135917_2023_11011.json,a09416635f2e778c45d8aedb578d03a9603fc7a06f012abd5fe92c67adc3aa0d,10
,,,00137517,신한라이프생명보험,2023,11011,사업보고서,IFRS17,E,"5,000","보고서 사업연도 >= 2023 이면 IFRS17, 아니면 IFRS4","5,000",주당액면가액(원),2023-12-31,-,"5,000",api,alotMatter,"{""bsns_year"": ""2023"", ""corp_code"": ""00137517"", ""reprt_code"": ""11011""}",20240430001046,api_row,2026-08-31T15:56:46+09:00,000,run_20260831_152517_0818,raw/alotMatter/00137517_2023_11011.json,e46d360a3f72a312cbdb6f029604c30946a3e05ba20d0c9a83113fc1238dce45,10
,,,00137517,신한라이프생명보험,2023,11011,사업보고서,IFRS17,E,"463,593","보고서 사업연도 >= 2023 이면 IFRS17, 아니면 IFRS4","174,811",(연결)당기순이익(백만원),2023-12-31,-,"472,395",api,alotMatter,"{""bsns_year"": ""2023"", ""corp_code"": ""00137517"", ""reprt_code"": ""11011""}",20240430001046,api_row,2026-08-31T15:56:46+09:00,000,run_20260831_152517_0818,raw/alotMatter/00137517_2023_11011.json,e46d360a3f72a312cbdb6f029604c30946a3e05ba20d0c9a83113fc1238dce45,10
,,,00137517,신한라이프생명보험,2023,11011,사업보고서,IFRS17,E,"470,471","보고서 사업연도 >= 2023 이면 IFRS17, 아니면 IFRS4","181,647",(별도)당기순이익(백만원),2023-12-31,-,"481,851",api,alotMatter,"{""bsns_year"": ""2023"", ""corp_code"": ""00137517"", ""reprt_code"": ""11011""}",20240430001046,api_row,2026-08-31T15:56:46+09:00,000,run_20260831_152517_0818,raw/alotMatter/00137517_2023_11011.json,e46d360a3f72a312cbdb6f029604c30946a3e05ba20d0c9a83113fc1238dce45,10
,,,00137517,신한라이프생명보험,2023,11011,사업보고서,IFRS17,E,"3,915","보고서 사업연도 >= 2023 이면 IFRS17, 아니면 IFRS4","2,099",(연결)주당순이익(원),2023-12-31,-,"3,991",api,alotMatter,"{""bsns_year"": ""2023"", ""corp_code"": ""00137517"", ""reprt_code"": ""11011""}",20240430001046,api_row,2026-08-31T15:56:46+09:00,000,run_20260831_152517_0818,raw/alotMatter/00137517_2023_11011.json,e46d360a3f72a312cbdb6f029604c30946a3e05ba20d0c9a83113fc1238dce45,10
,,,00137517,신한라이프생명보험,2023,11011,사업보고서,IFRS17,E,"162,257","보고서 사업연도 >= 2023 이면 IFRS17, 아니면 IFRS4",-,현금배당금총액(백만원),2023-12-31,-,"165,338",api,alotMatter,"{""bsns_year"": ""2023"", ""corp_code"": ""00137517"", ""reprt_code"": ""11011""}",20240430001046,api_row,2026-08-31T15:56:46+09:00,000,run_20260831_152517_0818,raw/alotMatter/00137517_2023_11011.json,e46d360a3f72a312cbdb6f029604c30946a3e05ba20d0c9a83113fc1238dce45,10
,,,00137517,신한라이프생명보험,2023,11011,사업보고서,IFRS17,E,-,"보고서 사업연도 >= 2023 이면 IFRS17, 아니면 IFRS4",-,주식배당금총액(백만원),2023-12-31,-,-,api,alotMatter,"{""bsns_year"": ""2023"", ""corp_code"": ""00137517"", ""reprt_code"": ""11011""}",20240430001046,api_row,2026-08-31T15:56:46+09:00,000,run_20260831_152517_0818,raw/alotMatter/00137517_2023_11011.json,e46d360a3f72a312cbdb6f029604c30946a3e05ba20d0c9a83113fc1238dce45,10
,,,00137517,신한라이프생명보험,2023,11011,사업보고서,IFRS17,E,35.00,"보고서 사업연도 >= 2023 이면 IFRS17, 아니면 IFRS4",-,(연결)현금배당성향(%),2023-12-31,-,35.00,api,alotMatter,"{""bsns_year"": ""2023"", ""corp_code"": ""00137517"", ""reprt_code"": ""11011""}",20240430001046,api_row,2026-08-31T15:56:46+09:00,000,run_20260831_152517_0818,raw/alotMatter/00137517_2023_11011.json,e46d360a3f72a312cbdb6f029604c30946a3e05ba20d0c9a83113fc1238dce45,10
,,,00137517,신한라이프생명보험,2023,11011,사업보고서,IFRS17,E,-,"보고서 사업연도 >= 2023 이면 IFRS17, 아니면 IFRS4",-,현금배당수익률(%),2023-12-31,-,-,api,alotMatter,"{""bsns_year"": ""2023"", ""corp_code"": ""00137517"", ""reprt_code"": ""11011""}",20240430001046,api_row,2026-08-31T15:56:46+09:00,000,run_20260831_152517_0818,raw/alotMatter/00137517_2023_11011.json,e46d360a3f72a312cbdb6f029604c30946a3e05ba20d0c9a83113fc1238dce45,10
,,,00137517,신한라이프생명보험,2023,11011,사업보고서,IFRS17,E,-,"보고서 사업연도 >= 2023 이면 IFRS17, 아니면 IFRS4",-,현금배당수익률(%),2023-12-31,-,-,api,alotMatter,"{""bsns_year"": ""2023"", ""corp_code"": ""00137517"", ""reprt_code"": ""11011""}",20240430001046,api_row,2026-08-31T15:56:46+09:00,000,run_20260831_152517_0818,raw/alotMatter/00137517_2023_11011.json,e46d360a3f72a312cbdb6f029604c30946a3e05ba20d0c9a83113fc1238dce45,10
,,,00137517,신한라이프생명보험,2023,11011,사업보고서,IFRS17,E,-,"보고서 사업연도 >= 2023 이면 IFRS17, 아니면 IFRS4",-,주식배당수익률(%),2023-12-31,-,-,api,alotMatter,"{""bsns_year"": ""2023"", ""corp_code"": ""00137517"", ""reprt_code"": ""11011""}",20240430001046,api_row,2026-08-31T15:56:46+09:00,000,run_20260831_152517_0818,raw/alotMatter/00137517_2023_11011.json,e46d360a3f72a312cbdb6f029604c30946a3e05ba20d0c9a83113fc1238dce45,10
,,,00137517,신한라이프생명보험,2023,11011,사업보고서,IFRS17,E,-,"보고서 사업연도 >= 2023 이면 IFRS17, 아니면 IFRS4",-,주식배당수익률(%),2023-12-31,-,-,api,alotMatter,"{""bsns_year"": ""2023"", ""corp_code"": ""00137517"", ""reprt_code"": ""11011""}",20240430001046,api_row,2026-08-31T15:56:46+09:00,000,run_20260831_152517_0818,raw/alotMatter/00137517_2023_11011.json,e46d360a3f72a312cbdb6f029604c30946a3e05ba20d0c9a83113fc1238dce45,10
,,,00137517,신한라이프생명보험,2023,11011,사업보고서,IFRS17,E,"1,403","보고서 사업연도 >= 2023 이면 IFRS17, 아니면 IFRS4",-,주당 현금배당금(원),2023-12-31,보통주,"1,430",api,alotMatter,"{""bsns_year"": ""2023"", ""corp_code"": ""00137517"", ""reprt_code"": ""11011""}",20240430001046,api_row,2026-08-31T15:56:46+09:00,000,run_20260831_152517_0818,raw/alotMatter/00137517_2023_11011.json,e46d360a3f72a312cbdb6f029604c30946a3e05ba20d0c9a83113fc1238dce45,10
,,,00137517,신한라이프생명보험,2023,11011,사업보고서,IFRS17,E,-,"보고서 사업연도 >= 2023 이면 IFRS17, 아니면 IFRS4",-,주당 현금배당금(원),2023-12-31,-,-,api,alotMatter,"{""bsns_year"": ""2023"", ""corp_code"": ""00137517"", ""reprt_code"": ""11011""}",20240430001046,api_row,2026-08-31T15:56:46+09:00,000,run_20260831_152517_0818,raw/alotMatter/00137517_2023_11011.json,e46d360a3f72a312cbdb6f029604c30946a3e05ba20d0c9a83113fc1238dce45,10
,,,00137517,신한라이프생명보험,2023,11011,사업보고서,IFRS17,E,-,"보고서 사업연도 >= 2023 이면 IFRS17, 아니면 IFRS4",-,주당 주식배당(주),2023-12-31,-,-,api,alotMatter,"{""bsns_year"": ""2023"", ""corp_code"": ""00137517"", ""reprt_code"": ""11011""}",20240430001046,api_row,2026-08-31T15:56:46+09:00,000,run_20260831_152517_0818,raw/alotMatter/00137517_2023_11011.json,e46d360a3f72a312cbdb6f029604c30946a3e05ba20d0c9a83113fc1238dce45,10
,,,00137517,신한라이프생명보험,2023,11011,사업보고서,IFRS17,E,-,"보고서 사업연도 >= 2023 이면 IFRS17, 아니면 IFRS4",-,주당 주식배당(주),2023-12-31,-,-,api,alotMatter,"{""bsns_year"": ""2023"", ""corp_code"": ""00137517"", ""reprt_code"": ""11011""}",20240430001046,api_row,2026-08-31T15:56:46+09:00,000,run_20260831_152517_0818,raw/alotMatter/00137517_2023_11011.json,e46d360a3f72a312cbdb6f029604c30946a3e05ba20d0c9a83113fc1238dce45,10
,,,00148391,에이비엘생명보험,2023,11011,사업보고서,IFRS17,E,"5,000","보고서 사업연도 >= 2023 이면 IFRS17, 아니면 IFRS4","5,000",주당액면가액(원),2023-12-31,-,"5,000",api,alotMatter,"{""bsns_year"": ""2023"", ""corp_code"": ""00148391"", ""reprt_code"": ""11011""}",20240430000559,api_row,2026-08-31T16:07:00+09:00,000,run_20260831_152517_1128,raw/alotMatter/00148391_2023_11011.json,4bd7dc63d5be1bf3f47f32f6c90a035dbbd05f0a7af1e2e713447d92de1d7f88,10
,,,00148391,에이비엘생명보험,2023,11011,사업보고서,IFRS17,E,"-28,908","보고서 사업연도 >= 2023 이면 IFRS17, 아니면 IFRS4","52,559",(연결)당기순이익(백만원),2023-12-31,-,"79,919",api,alotMatter,"{""bsns_year"": ""2023"", ""corp_code"": ""00148391"", ""reprt_code"": ""11011""}",20240430000559,api_row,2026-08-31T16:07:00+09:00,000,run_20260831_152517_1128,raw/alotMatter/00148391_2023_11011.json,4bd7dc63d5be1bf3f47f32f6c90a035dbbd05f0a7af1e2e713447d92de1d7f88,10
,,,00148391,에이비엘생명보험,2023,11011,사업보고서,IFRS17,E,"12,016","보고서 사업연도 >= 2023 이면 IFRS17, 아니면 IFRS4","72,090",(별도)당기순이익(백만원),2023-12-31,-,"80,435",api,alotMatter,"{""bsns_year"": ""2023"", ""corp_code"": ""00148391"", ""reprt_code"": ""11011""}",20240430000559,api_row,2026-08-31T16:07:00+09:00,000,run_20260831_152517_1128,raw/alotMatter/00148391_2023_11011.json,4bd7dc63d5be1bf3f47f32f6c90a035dbbd05f0a7af1e2e713447d92de1d7f88,10
,,,00148391,에이비엘생명보험,2023,11011,사업보고서,IFRS17,E,"-9,305","보고서 사업연도 >= 2023 이면 IFRS17, 아니면 IFRS4","16,918",(연결)주당순이익(원),2023-12-31,-,"25,724",api,alotMatter,"{""bsns_year"": ""2023"", ""corp_code"": ""00148391"", ""reprt_code"": ""11011""}",20240430000559,api_row,2026-08-31T16:07:00+09:00,000,run_20260831_152517_1128,raw/alotMatter/00148391_2023_11011.json,4bd7dc63d5be1bf3f47f32f6c90a035dbbd05f0a7af1e2e713447d92de1d7f88,10
,,,00148391,에이비엘생명보험,2023,11011,사업보고서,IFRS17,E,-,"보고서 사업연도 >= 2023 이면 IFRS17, 아니면 IFRS4",-,현금배당금총액(백만원),2023-12-31,-,-,api,alotMatter,"{""bsns_year"": ""2023"", ""corp_code"": ""00148391"", ""reprt_code"": ""11011""}",20240430000559,api_row,2026-08-31T16:07:00+09:00,000,run_20260831_152517_1128,raw/alotMatter/00148391_2023_11011.json,4bd7dc63d5be1bf3f47f32f6c90a035dbbd05f0a7af1e2e713447d92de1d7f88,10
,,,00148391,에이비엘생명보험,2023,11011,사업보고서,IFRS17,E,-,"보고서 사업연도 >= 2023 이면 IFRS17, 아니면 IFRS4",-,주식배당금총액(백만원),2023-12-31,-,-,api,alotMatter,"{""bsns_year"": ""2023"", ""corp_code"": ""00148391"", ""reprt_code"": ""11011""}",20240430000559,api_row,2026-08-31T16:07:00+09:00,000,run_20260831_152517_1128,raw/alotMatter/00148391_2023_11011.json,4bd7dc63d5be1bf3f47f32f6c90a035dbbd05f0a7af1e2e713447d92de1d7f88,10
,,,00148391,에이비엘생명보험,2023,11011,사업보고서,IFRS17,E,-,"보고서 사업연도 >= 2023 이면 IFRS17, 아니면 IFRS4",-,(연결)현금배당성향(%),2023-12-31,-,-,api,alotMatter,"{""bsns_year"": ""2023"", ""corp_code"": ""00148391"", ""reprt_code"": ""11011""}",20240430000559,api_row,2026-08-31T16:07:00+09:00,000,run_20260831_152517_1128,raw/alotMatter/00148391_2023_11011.json,4bd7dc63d5be1bf3f47f32f6c90a035dbbd05f0a7af1e2e713447d92de1d7f88,10
,,,00148391,에이비엘생명보험,2023,11011,사업보고서,IFRS17,E,-,"보고서 사업연도 >= 2023 이면 IFRS17, 아니면 IFRS4",-,현금배당수익률(%),2023-12-31,-,-,api,alotMatter,"{""bsns_year"": ""2023"", ""corp_code"": ""00148391"", ""reprt_code"": ""11011""}",20240430000559,api_row,2026-08-31T16:07:00+09:00,000,run_20260831_152517_1128,raw/alotMatter/00148391_2023_11011.json,4bd7dc63d5be1bf3f47f32f6c90a035dbbd05f0a7af1e2e713447d92de1d7f88,10
,,,00148391,에이비엘생명보험,2023,11011,사업보고서,IFRS17,E,-,"보고서 사업연도 >= 2023 이면 IFRS17, 아니면 IFRS4",-,현금배당수익률(%),2023-12-31,-,-,api,alotMatter,"{""bsns_year"": ""2023"", ""corp_code"": ""00148391"", ""reprt_code"": ""11011""}",20240430000559,api_row,2026-08-31T16:07:00+09:00,000,run_20260831_152517_1128,raw/alotMatter/00148391_2023_11011.json,4bd7dc63d5be1bf3f47f32f6c90a035dbbd05f0a7af1e2e713447d92de1d7f88,10
,,,00148391,에이비엘생명보험,2023,11011,사업보고서,IFRS17,E,-,"보고서 사업연도 >= 2023 이면 IFRS17, 아니면 IFRS4",-,주식배당수익률(%),2023-12-31,-,-,api,alotMatter,"{""bsns_year"": ""2023"", ""corp_code"": ""00148391"", ""reprt_code"": ""11011""}",20240430000559,api_row,2026-08-31T16:07:00+09:00,000,run_20260831_152517_1128,raw/alotMatter/00148391_2023_11011.json,4bd7dc63d5be1bf3f47f32f6c90a035dbbd05f0a7af1e2e713447d92de1d7f88,10
,,,00148391,에이비엘생명보험,2023,11011,사업보고서,IFRS17,E,-,"보고서 사업연도 >= 2023 이면 IFRS17, 아니면 IFRS4",-,주식배당수익률(%),2023-12-31,-,-,api,alotMatter,"{""bsns_year"": ""2023"", ""corp_code"": ""00148391"", ""reprt_code"": ""11011""}",20240430000559,api_row,2026-08-31T16:07:00+09:00,000,run_20260831_152517_1128,raw/alotMatter/00148391_2023_11011.json,4bd7dc63d5be1bf3f47f32f6c90a035dbbd05f0a7af1e2e713447d92de1d7f88,10
,,,00148391,에이비엘생명보험,2023,11011,사업보고서,IFRS17,E,-,"보고서 사업연도 >= 2023 이면 IFRS17, 아니면 IFRS4",-,주당 현금배당금(원),2023-12-31,-,-,api,alotMatter,"{""bsns_year"": ""2023"", ""corp_code"": ""00148391"", ""reprt_code"": ""11011""}",20240430000559,api_row,2026-08-31T16:07:00+09:00,000,run_20260831_152517_1128,raw/alotMatter/00148391_2023_11011.json,4bd7dc63d5be1bf3f47f32f6c90a035dbbd05f0a7af1e2e713447d92de1d7f88,10
,,,00148391,에이비엘생명보험,2023,11011,사업보고서,IFRS17,E,-,"보고서 사업연도 >= 2023 이면 IFRS17, 아니면 IFRS4",-,주당 현금배당금(원),2023-12-31,-,-,api,alotMatter,"{""bsns_year"": ""2023"", ""corp_code"": ""00148391"", ""reprt_code"": ""11011""}",20240430000559,api_row,2026-08-31T16:07:00+09:00,000,run_20260831_152517_1128,raw/alotMatter/00148391_2023_11011.json,4bd7dc63d5be1bf3f47f32f6c90a035dbbd05f0a7af1e2e713447d92de1d7f88,10
,,,00148391,에이비엘생명보험,2023,11011,사업보고서,IFRS17,E,-,"보고서 사업연도 >= 2023 이면 IFRS17, 아니면 IFRS4",-,주당 주식배당(주),2023-12-31,-,-,api,alotMatter,"{""bsns_year"": ""2023"", ""corp_code"": ""00148391"", ""reprt_code"": ""11011""}",20240430000559,api_row,2026-08-31T16:07:00+09:00,000,run_20260831_152517_1128,raw/alotMatter/00148391_2023_11011.json,4bd7dc63d5be1bf3f47f32f6c90a035dbbd05f0a7af1e2e713447d92de1d7f88,10
,,,00148391,에이비엘생명보험,2023,11011,사업보고서,IFRS17,E,-,"보고서 사업연도 >= 2023 이면 IFRS17, 아니면 IFRS4",-,주당 주식배당(주),2023-12-31,-,-,api,alotMatter,"{""bsns_year"": ""2023"", ""corp_code"": ""00148391"", ""reprt_code"": ""11011""}",20240430000559,api_row,2026-08-31T16:07:00+09:00,000,run_20260831_152517_1128,raw/alotMatter/00148391_2023_11011.json,4bd7dc63d5be1bf3f47f32f6c90a035dbbd05f0a7af1e2e713447d92de1d7f88,10
,,,00160393,케이비라이프생명보험,2023,11011,사업보고서,IFRS17,E,"10,000","보고서 사업연도 >= 2023 이면 IFRS17, 아니면 IFRS4","10,000",주당액면가액(원),2023-12-31,-,"10,000",api,alotMatter,"{""bsns_year"": ""2023"", ""corp_code"": ""00160393"", ""reprt_code"": ""11011""}",20240429000408,api_row,2026-08-31T16:03:40+09:00,000,run_20260831_152517_1004,raw/alotMatter/00160393_2023_11011.json,a6be6e415839f825a3dde4472e21c33c3e3722d29ea9591b33a70f155647d57f,10
,,,00160393,케이비라이프생명보험,2023,11011,사업보고서,IFRS17,E,"149,622","보고서 사업연도 >= 2023 이면 IFRS17, 아니면 IFRS4","225,046",(연결)당기순이익(백만원),2023-12-31,-,"256,210",api,alotMatter,"{""bsns_year"": ""2023"", ""corp_code"": ""00160393"", ""reprt_code"": ""11011""}",20240429000408,api_row,2026-08-31T16:03:40+09:00,000,run_20260831_152517_1004,raw/alotMatter/00160393_2023_11011.json,a6be6e415839f825a3dde4472e21c33c3e3722d29ea9591b33a70f155647d57f,10
,,,00160393,케이비라이프생명보험,2023,11011,사업보고서,IFRS17,E,"145,514","보고서 사업연도 >= 2023 이면 IFRS17, 아니면 IFRS4","225,046",(별도)당기순이익(백만원),2023-12-31,-,"258,511",api,alotMatter,"{""bsns_year"": ""2023"", ""corp_code"": ""00160393"", ""reprt_code"": ""11011""}",20240429000408,api_row,2026-08-31T16:03:40+09:00,000,run_20260831_152517_1004,raw/alotMatter/00160393_2023_11011.json,a6be6e415839f825a3dde4472e21c33c3e3722d29ea9591b33a70f155647d57f,10
,,,00160393,케이비라이프생명보험,2023,11011,사업보고서,IFRS17,E,"9,975","보고서 사업연도 >= 2023 이면 IFRS17, 아니면 IFRS4","15,003",(연결)주당순이익(원),2023-12-31,-,"15,814",api,alotMatter,"{""bsns_year"": ""2023"", ""corp_code"": ""00160393"", ""reprt_code"": ""11011""}",20240429000408,api_row,2026-08-31T16:03:40+09:00,000,run_20260831_152517_1004,raw/alotMatter/00160393_2023_11011.json,a6be6e415839f825a3dde4472e21c33c3e3722d29ea9591b33a70f155647d57f,10
,,,00160393,케이비라이프생명보험,2023,11011,사업보고서,IFRS17,E,"100,000","보고서 사업연도 >= 2023 이면 IFRS17, 아니면 IFRS4","200,000",현금배당금총액(백만원),2023-12-31,-,-,api,alotMatter,"{""bsns_year"": ""2023"", ""corp_code"": ""00160393"", ""reprt_code"": ""11011""}",20240429000408,api_row,2026-08-31T16:03:40+09:00,000,run_20260831_152517_1004,raw/alotMatter/00160393_2023_11011.json,a6be6e415839f825a3dde4472e21c33c3e3722d29ea9591b33a70f155647d57f,10
,,,00160393,케이비라이프생명보험,2023,11011,사업보고서,IFRS17,E,-,"보고서 사업연도 >= 2023 이면 IFRS17, 아니면 IFRS4",-,주식배당금총액(백만원),2023-12-31,-,-,api,alotMatter,"{""bsns_year"": ""2023"", ""corp_code"": ""00160393"", ""reprt_code"": ""11011""}",20240429000408,api_row,2026-08-31T16:03:40+09:00,000,run_20260831_152517_1004,raw/alotMatter/00160393_2023_11011.json,a6be6e415839f825a3dde4472e21c33c3e3722d29ea9591b33a70f155647d57f,10
,,,00160393,케이비라이프생명보험,2023,11011,사업보고서,IFRS17,E,66.80,"보고서 사업연도 >= 2023 이면 IFRS17, 아니면 IFRS4",88.90,(연결)현금배당성향(%),2023-12-31,-,-,api,alotMatter,"{""bsns_year"": ""2023"", ""corp_code"": ""00160393"", ""reprt_code"": ""11011""}",20240429000408,api_row,2026-08-31T16:03:40+09:00,000,run_20260831_152517_1004,raw/alotMatter/00160393_2023_11011.json,a6be6e415839f825a3dde4472e21c33c3e3722d29ea9591b33a70f155647d57f,10
,,,00160393,케이비라이프생명보험,2023,11011,사업보고서,IFRS17,E,-,"보고서 사업연도 >= 2023 이면 IFRS17, 아니면 IFRS4",-,현금배당수익률(%),2023-12-31,-,-,api,alotMatter,"{""bsns_year"": ""2023"", ""corp_code"": ""00160393"", ""reprt_code"": ""11011""}",20240429000408,api_row,2026-08-31T16:03:40+09:00,000,run_20260831_152517_1004,raw/alotMatter/00160393_2023_11011.json,a6be6e415839f825a3dde4472e21c33c3e3722d29ea9591b33a70f155647d57f,10
,,,00160393,케이비라이프생명보험,2023,11011,사업보고서,IFRS17,E,-,"보고서 사업연도 >= 2023 이면 IFRS17, 아니면 IFRS4",-,현금배당수익률(%),2023-12-31,-,-,api,alotMatter,"{""bsns_year"": ""2023"", ""corp_code"": ""00160393"", ""reprt_code"": ""11011""}",20240429000408,api_row,2026-08-31T16:03:40+09:00,000,run_20260831_152517_1004,raw/alotMatter/00160393_2023_11011.json,a6be6e415839f825a3dde4472e21c33c3e3722d29ea9591b33a70f155647d57f,10
,,,00160393,케이비라이프생명보험,2023,11011,사업보고서,IFRS17,E,-,"보고서 사업연도 >= 2023 이면 IFRS17, 아니면 IFRS4",-,주식배당수익률(%),2023-12-31,-,-,api,alotMatter,"{""bsns_year"": ""2023"", ""corp_code"": ""00160393"", ""reprt_code"": ""11011""}",20240429000408,api_row,2026-08-31T16:03:40+09:00,000,run_20260831_152517_1004,raw/alotMatter/00160393_2023_11011.json,a6be6e415839f825a3dde4472e21c33c3e3722d29ea9591b33a70f155647d57f,10
,,,00160393,케이비라이프생명보험,2023,11011,사업보고서,IFRS17,E,-,"보고서 사업연도 >= 2023 이면 IFRS17, 아니면 IFRS4",-,주식배당수익률(%),2023-12-31,-,-,api,alotMatter,"{""bsns_year"": ""2023"", ""corp_code"": ""00160393"", ""reprt_code"": ""11011""}",20240429000408,api_row,2026-08-31T16:03:40+09:00,000,run_20260831_152517_1004,raw/alotMatter/00160393_2023_11011.json,a6be6e415839f825a3dde4472e21c33c3e3722d29ea9591b33a70f155647d57f,10
,,,00160393,케이비라이프생명보험,2023,11011,사업보고서,IFRS17,E,"6,667","보고서 사업연도 >= 2023 이면 IFRS17, 아니면 IFRS4","13,333",주당 현금배당금(원),2023-12-31,-,-,api,alotMatter,"{""bsns_year"": ""2023"", ""corp_code"": ""00160393"", ""reprt_code"": ""11011""}",20240429000408,api_row,2026-08-31T16:03:40+09:00,000,run_20260831_152517_1004,raw/alotMatter/00160393_2023_11011.json,a6be6e415839f825a3dde4472e21c33c3e3722d29ea9591b33a70f155647d57f,10
,,,00160393,케이비라이프생명보험,2023,11011,사업보고서,IFRS17,E,-,"보고서 사업연도 >= 2023 이면 IFRS17, 아니면 IFRS4",-,주당 현금배당금(원),2023-12-31,-,-,api,alotMatter,"{""bsns_year"": ""2023"", ""corp_code"": ""00160393"", ""reprt_code"": ""11011""}",20240429000408,api_row,2026-08-31T16:03:40+09:00,000,run_20260831_152517_1004,raw/alotMatter/00160393_2023_11011.json,a6be6e415839f825a3dde4472e21c33c3e3722d29ea9591b33a70f155647d57f,10
,,,00160393,케이비라이프생명보험,2023,11011,사업보고서,IFRS17,E,-,"보고서 사업연도 >= 2023 이면 IFRS17, 아니면 IFRS4",-,주당 주식배당(주),2023-12-31,-,-,api,alotMatter,"{""bsns_year"": ""2023"", ""corp_code"": ""00160393"", ""reprt_code"": ""11011""}",20240429000408,api_row,2026-08-31T16:03:40+09:00,000,run_20260831_152517_1004,raw/alotMatter/00160393_2023_11011.json,a6be6e415839f825a3dde4472e21c33c3e3722d29ea9591b33a70f155647d57f,10
,,,00160393,케이비라이프생명보험,2023,11011,사업보고서,IFRS17,E,-,"보고서 사업연도 >= 2023 이면 IFRS17, 아니면 IFRS4",-,주당 주식배당(주),2023-12-31,-,-,api,alotMatter,"{""bsns_year"": ""2023"", ""corp_code"": ""00160393"", ""reprt_code"": ""11011""}",20240429000408,api_row,2026-08-31T16:03:40+09:00,000,run_20260831_152517_1004,raw/alotMatter/00160393_2023_11011.json,a6be6e415839f825a3dde4472e21c33c3e3722d29ea9591b33a70f155647d57f,10
,,,00382199,신한지주,2023,11011,사업보고서,IFRS17,Y,"5,000","보고서 사업연도 >= 2023 이면 IFRS17, 아니면 IFRS4","5,000",주당액면가액(원),2023-12-31,-,"5,000",api,alotMatter,"{""bsns_year"": ""2023"", ""corp_code"": ""00382199"", ""reprt_code"": ""11011""}",20240502000081,api_row,2026-08-31T15:32:54+09:00,000,run_20260831_152517_0208,raw/alotMatter/00382199_2023_11011.json,d9b3d1e334a2d07ffe329b5cbf22bbe9353ddd6053f5c5d3fd7359cb304f4b33,10
,,,00382199,신한지주,2023,11011,사업보고서,IFRS17,Y,"4,665,643","보고서 사업연도 >= 2023 이면 IFRS17, 아니면 IFRS4","4,019,254",(연결)당기순이익(백만원),2023-12-31,-,"4,368,035",api,alotMatter,"{""bsns_year"": ""2023"", ""corp_code"": ""00382199"", ""reprt_code"": ""11011""}",20240502000081,api_row,2026-08-31T15:32:54+09:00,000,run_20260831_152517_0208,raw/alotMatter/00382199_2023_11011.json,d9b3d1e334a2d07ffe329b5cbf22bbe9353ddd6053f5c5d3fd7359cb304f4b33,10
,,,00382199,신한지주,2023,11011,사업보고서,IFRS17,Y,"1,249,251","보고서 사업연도 >= 2023 이면 IFRS17, 아니면 IFRS4","1,413,956",(별도)당기순이익(백만원),2023-12-31,-,"1,671,011",api,alotMatter,"{""bsns_year"": ""2023"", ""corp_code"": ""00382199"", ""reprt_code"": ""11011""}",20240502000081,api_row,2026-08-31T15:32:54+09:00,000,run_20260831_152517_0208,raw/alotMatter/00382199_2023_11011.json,d9b3d1e334a2d07ffe329b5cbf22bbe9353ddd6053f5c5d3fd7359cb304f4b33,10
,,,00382199,신한지주,2023,11011,사업보고서,IFRS17,Y,"8,498","보고서 사업연도 >= 2023 이면 IFRS17, 아니면 IFRS4","7,308",(연결)주당순이익(원),2023-12-31,-,"8,048",api,alotMatter,"{""bsns_year"": ""2023"", ""corp_code"": ""00382199"", ""reprt_code"": ""11011""}",20240502000081,api_row,2026-08-31T15:32:54+09:00,000,run_20260831_152517_0208,raw/alotMatter/00382199_2023_11011.json,d9b3d1e334a2d07ffe329b5cbf22bbe9353ddd6053f5c5d3fd7359cb304f4b33,10
,,,00382199,신한지주,2023,11011,사업보고서,IFRS17,Y,"1,092,813","보고서 사업연도 >= 2023 이면 IFRS17, 아니면 IFRS4","1,046,787",현금배당금총액(백만원),2023-12-31,-,"1,086,317",api,alotMatter,"{""bsns_year"": ""2023"", ""corp_code"": ""00382199"", ""reprt_code"": ""11011""}",20240502000081,api_row,2026-08-31T15:32:54+09:00,000,run_20260831_152517_0208,raw/alotMatter/00382199_2023_11011.json,d9b3d1e334a2d07ffe329b5cbf22bbe9353ddd6053f5c5d3fd7359cb304f4b33,10
,,,00382199,신한지주,2023,11011,사업보고서,IFRS17,Y,-,"보고서 사업연도 >= 2023 이면 IFRS17, 아니면 IFRS4",-,주식배당금총액(백만원),2023-12-31,-,-,api,alotMatter,"{""bsns_year"": ""2023"", ""corp_code"": ""00382199"", ""reprt_code"": ""11011""}",20240502000081,api_row,2026-08-31T15:32:54+09:00,000,run_20260831_152517_0208,raw/alotMatter/00382199_2023_11011.json,d9b3d1e334a2d07ffe329b5cbf22bbe9353ddd6053f5c5d3fd7359cb304f4b33,10
,,,00382199,신한지주,2023,11011,사업보고서,IFRS17,Y,23.42,"보고서 사업연도 >= 2023 이면 IFRS17, 아니면 IFRS4",26.04,(연결)현금배당성향(%),2023-12-31,-,24.87,api,alotMatter,"{""bsns_year"": ""2023"", ""corp_code"": ""00382199"", ""reprt_code"": ""11011""}",20240502000081,api_row,2026-08-31T15:32:54+09:00,000,run_20260831_152517_0208,raw/alotMatter/00382199_2023_11011.json,d9b3d1e334a2d07ffe329b5cbf22bbe9353ddd6053f5c5d3fd7359cb304f4b33,10
,,,00382199,신한지주,2023,11011,사업보고서,IFRS17,Y,5.49,"보고서 사업연도 >= 2023 이면 IFRS17, 아니면 IFRS4",5.16,현금배당수익률(%),2023-12-31,보통주,4.78,api,alotMatter,"{""bsns_year"": ""2023"", ""corp_code"": ""00382199"", ""reprt_code"": ""11011""}",20240502000081,api_row,2026-08-31T15:32:54+09:00,000,run_20260831_152517_0208,raw/alotMatter/00382199_2023_11011.json,d9b3d1e334a2d07ffe329b5cbf22bbe9353ddd6053f5c5d3fd7359cb304f4b33,10
,,,00382199,신한지주,2023,11011,사업보고서,IFRS17,Y,-,"보고서 사업연도 >= 2023 이면 IFRS17, 아니면 IFRS4",-,현금배당수익률(%),2023-12-31,우선주,-,api,alotMatter,"{""bsns_year"": ""2023"", ""corp_code"": ""00382199"", ""reprt_code"": ""11011""}",20240502000081,api_row,2026-08-31T15:32:54+09:00,000,run_20260831_152517_0208,raw/alotMatter/00382199_2023_11011.json,d9b3d1e334a2d07ffe329b5cbf22bbe9353ddd6053f5c5d3fd7359cb304f4b33,10
,,,00382199,신한지주,2023,11011,사업보고서,IFRS17,Y,-,"보고서 사업연도 >= 2023 이면 IFRS17, 아니면 IFRS4",-,주식배당수익률(%),2023-12-31,보통주,-,api,alotMatter,"{""bsns_year"": ""2023"", ""corp_code"": ""00382199"", ""reprt_code"": ""11011""}",20240502000081,api_row,2026-08-31T15:32:54+09:00,000,run_20260831_152517_0208,raw/alotMatter/00382199_2023_11011.json,d9b3d1e334a2d07ffe329b5cbf22bbe9353ddd6053f5c5d3fd7359cb304f4b33,10
,,,00382199,신한지주,2023,11011,사업보고서,IFRS17,Y,-,"보고서 사업연도 >= 2023 이면 IFRS17, 아니면 IFRS4",-,주식배당수익률(%),2023-12-31,우선주,-,api,alotMatter,"{""bsns_year"": ""2023"", ""corp_code"": ""00382199"", ""reprt_code"": ""11011""}",20240502000081,api_row,2026-08-31T15:32:54+09:00,000,run_20260831_152517_0208,raw/alotMatter/00382199_2023_11011.json,d9b3d1e334a2d07ffe329b5cbf22bbe9353ddd6053f5c5d3fd7359cb304f4b33,10
,,,00382199,신한지주,2023,11011,사업보고서,IFRS17,Y,"2,065","보고서 사업연도 >= 2023 이면 IFRS17, 아니면 IFRS4","1,960",주당 현금배당금(원),2023-12-31,보통주,"2,100",api,alotMatter,"{""bsns_year"": ""2023"", ""corp_code"": ""00382199"", ""reprt_code"": ""11011""}",20240502000081,api_row,2026-08-31T15:32:54+09:00,000,run_20260831_152517_0208,raw/alotMatter/00382199_2023_11011.json,d9b3d1e334a2d07ffe329b5cbf22bbe9353ddd6053f5c5d3fd7359cb304f4b33,10
,,,00382199,신한지주,2023,11011,사업보고서,IFRS17,Y,"2,065","보고서 사업연도 >= 2023 이면 IFRS17, 아니면 IFRS4","1,960",주당 현금배당금(원),2023-12-31,우선주,525,api,alotMatter,"{""bsns_year"": ""2023"", ""corp_code"": ""00382199"", ""reprt_code"": ""11011""}",20240502000081,api_row,2026-08-31T15:32:54+09:00,000,run_20260831_152517_0208,raw/alotMatter/00382199_2023_11011.json,d9b3d1e334a2d07ffe329b5cbf22bbe9353ddd6053f5c5d3fd7359cb304f4b33,10
,,,00382199,신한지주,2023,11011,사업보고서,IFRS17,Y,-,"보고서 사업연도 >= 2023 이면 IFRS17, 아니면 IFRS4",-,주당 주식배당(주),2023-12-31,보통주,-,api,alotMatter,"{""bsns_year"": ""2023"", ""corp_code"": ""00382199"", ""reprt_code"": ""11011""}",20240502000081,api_row,2026-08-31T15:32:54+09:00,000,run_20260831_152517_0208,raw/alotMatter/00382199_2023_11011.json,d9b3d1e334a2d07ffe329b5cbf22bbe9353ddd6053f5c5d3fd7359cb304f4b33,10
,,,00382199,신한지주,2023,11011,사업보고서,IFRS17,Y,-,"보고서 사업연도 >= 2023 이면 IFRS17, 아니면 IFRS4",-,주당 주식배당(주),2023-12-31,우선주,-,api,alotMatter,"{""bsns_year"": ""2023"", ""corp_code"": ""00382199"", ""reprt_code"": ""11011""}",20240502000081,api_row,2026-08-31T15:32:54+09:00,000,run_20260831_152517_0208,raw/alotMatter/00382199_2023_11011.json,d9b3d1e334a2d07ffe329b5cbf22bbe9353ddd6053f5c5d3fd7359cb304f4b33,10
,,,00688996,KB금융,2023,11011,사업보고서,IFRS17,Y,"5,000","보고서 사업연도 >= 2023 이면 IFRS17, 아니면 IFRS4","5,000",주당액면가액(원),2023-12-31,-,"5,000",api,alotMatter,"{""bsns_year"": ""2023"", ""corp_code"": ""00688996"", ""reprt_code"": ""11011""}",20240326000894,api_row,2026-08-31T15:36:53+09:00,000,run_20260831_152517_0317,raw/alotMatter/00688996_2023_11011.json,5650c175aa7e8c86ad19a88a49335234af26459c906862f644b796eae6eb9cbd,10
,,,00688996,KB금융,2023,11011,사업보고서,IFRS17,Y,"4,394,830","보고서 사업연도 >= 2023 이면 IFRS17, 아니면 IFRS4","4,409,543",(연결)당기순이익(백만원),2023-12-31,-,"4,631,932",api,alotMatter,"{""bsns_year"": ""2023"", ""corp_code"": ""00688996"", ""reprt_code"": ""11011""}",20240326000894,api_row,2026-08-31T15:36:53+09:00,000,run_20260831_152517_0317,raw/alotMatter/00688996_2023_11011.json,5650c175aa7e8c86ad19a88a49335234af26459c906862f644b796eae6eb9cbd,10
,,,00688996,KB금융,2023,11011,사업보고서,IFRS17,Y,"1,684,512","보고서 사업연도 >= 2023 이면 IFRS17, 아니면 IFRS4","1,438,866",(별도)당기순이익(백만원),2023-12-31,-,"2,121,244",api,alotMatter,"{""bsns_year"": ""2023"", ""corp_code"": ""00688996"", ""reprt_code"": ""11011""}",20240326000894,api_row,2026-08-31T15:36:53+09:00,000,run_20260831_152517_0317,raw/alotMatter/00688996_2023_11011.json,5650c175aa7e8c86ad19a88a49335234af26459c906862f644b796eae6eb9cbd,10
,,,00688996,KB금융,2023,11011,사업보고서,IFRS17,Y,"10,955","보고서 사업연도 >= 2023 이면 IFRS17, 아니면 IFRS4","11,134",(연결)주당순이익(원),2023-12-31,-,"11,580",api,alotMatter,"{""bsns_year"": ""2023"", ""corp_code"": ""00688996"", ""reprt_code"": ""11011""}",20240326000894,api_row,2026-08-31T15:36:53+09:00,000,run_20260831_152517_0317,raw/alotMatter/00688996_2023_11011.json,5650c175aa7e8c86ad19a88a49335234af26459c906862f644b796eae6eb9cbd,10
,,,00688996,KB금융,2023,11011,사업보고서,IFRS17,Y,"1,149,421","보고서 사업연도 >= 2023 이면 IFRS17, 아니면 IFRS4","1,145,525",현금배당금총액(백만원),2023-12-31,-,"1,173,937",api,alotMatter,"{""bsns_year"": ""2023"", ""corp_code"": ""00688996"", ""reprt_code"": ""11011""}",20240326000894,api_row,2026-08-31T15:36:53+09:00,000,run_20260831_152517_0317,raw/alotMatter/00688996_2023_11011.json,5650c175aa7e8c86ad19a88a49335234af26459c906862f644b796eae6eb9cbd,10
,,,00688996,KB금융,2023,11011,사업보고서,IFRS17,Y,-,"보고서 사업연도 >= 2023 이면 IFRS17, 아니면 IFRS4",-,주식배당금총액(백만원),2023-12-31,-,-,api,alotMatter,"{""bsns_year"": ""2023"", ""corp_code"": ""00688996"", ""reprt_code"": ""11011""}",20240326000894,api_row,2026-08-31T15:36:53+09:00,000,run_20260831_152517_0317,raw/alotMatter/00688996_2023_11011.json,5650c175aa7e8c86ad19a88a49335234af26459c906862f644b796eae6eb9cbd,10
,,,00688996,KB금융,2023,11011,사업보고서,IFRS17,Y,26.00,"보고서 사업연도 >= 2023 이면 IFRS17, 아니면 IFRS4",26.00,(연결)현금배당성향(%),2023-12-31,-,25.30,api,alotMatter,"{""bsns_year"": ""2023"", ""corp_code"": ""00688996"", ""reprt_code"": ""11011""}",20240326000894,api_row,2026-08-31T15:36:53+09:00,000,run_20260831_152517_0317,raw/alotMatter/00688996_2023_11011.json,5650c175aa7e8c86ad19a88a49335234af26459c906862f644b796eae6eb9cbd,10
,,,00688996,KB금융,2023,11011,사업보고서,IFRS17,Y,5.80,"보고서 사업연도 >= 2023 이면 IFRS17, 아니면 IFRS4",5.20,현금배당수익률(%),2023-12-31,보통주,4.90,api,alotMatter,"{""bsns_year"": ""2023"", ""corp_code"": ""00688996"", ""reprt_code"": ""11011""}",20240326000894,api_row,2026-08-31T15:36:53+09:00,000,run_20260831_152517_0317,raw/alotMatter/00688996_2023_11011.json,5650c175aa7e8c86ad19a88a49335234af26459c906862f644b796eae6eb9cbd,10
,,,00688996,KB금융,2023,11011,사업보고서,IFRS17,Y,-,"보고서 사업연도 >= 2023 이면 IFRS17, 아니면 IFRS4",-,현금배당수익률(%),2023-12-31,-,-,api,alotMatter,"{""bsns_year"": ""2023"", ""corp_code"": ""00688996"", ""reprt_code"": ""11011""}",20240326000894,api_row,2026-08-31T15:36:53+09:00,000,run_20260831_152517_0317,raw/alotMatter/00688996_2023_11011.json,5650c175aa7e8c86ad19a88a49335234af26459c906862f644b796eae6eb9cbd,10
,,,00688996,KB금융,2023,11011,사업보고서,IFRS17,Y,-,"보고서 사업연도 >= 2023 이면 IFRS17, 아니면 IFRS4",-,주식배당수익률(%),2023-12-31,-,-,api,alotMatter,"{""bsns_year"": ""2023"", ""corp_code"": ""00688996"", ""reprt_code"": ""11011""}",20240326000894,api_row,2026-08-31T15:36:53+09:00,000,run_20260831_152517_0317,raw/alotMatter/00688996_2023_11011.json,5650c175aa7e8c86ad19a88a49335234af26459c906862f644b796eae6eb9cbd,10
,,,00688996,KB금융,2023,11011,사업보고서,IFRS17,Y,-,"보고서 사업연도 >= 2023 이면 IFRS17, 아니면 IFRS4",-,주식배당수익률(%),2023-12-31,-,-,api,alotMatter,"{""bsns_year"": ""2023"", ""corp_code"": ""00688996"", ""reprt_code"": ""11011""}",20240326000894,api_row,2026-08-31T15:36:53+09:00,000,run_20260831_152517_0317,raw/alotMatter/00688996_2023_11011.json,5650c175aa7e8c86ad19a88a49335234af26459c906862f644b796eae6eb9cbd,10
,,,00688996,KB금융,2023,11011,사업보고서,IFRS17,Y,"2,950","보고서 사업연도 >= 2023 이면 IFRS17, 아니면 IFRS4","2,940",주당 현금배당금(원),2023-12-31,보통주,"3,060",api,alotMatter,"{""bsns_year"": ""2023"", ""corp_code"": ""00688996"", ""reprt_code"": ""11011""}",20240326000894,api_row,2026-08-31T15:36:53+09:00,000,run_20260831_152517_0317,raw/alotMatter/00688996_2023_11011.json,5650c175aa7e8c86ad19a88a49335234af26459c906862f644b796eae6eb9cbd,10
,,,00688996,KB금융,2023,11011,사업보고서,IFRS17,Y,-,"보고서 사업연도 >= 2023 이면 IFRS17, 아니면 IFRS4",-,주당 현금배당금(원),2023-12-31,-,-,api,alotMatter,"{""bsns_year"": ""2023"", ""corp_code"": ""00688996"", ""reprt_code"": ""11011""}",20240326000894,api_row,2026-08-31T15:36:53+09:00,000,run_20260831_152517_0317,raw/alotMatter/00688996_2023_11011.json,5650c175aa7e8c86ad19a88a49335234af26459c906862f644b796eae6eb9cbd,10
,,,00688996,KB금융,2023,11011,사업보고서,IFRS17,Y,-,"보고서 사업연도 >= 2023 이면 IFRS17, 아니면 IFRS4",-,주당 주식배당(주),2023-12-31,-,-,api,alotMatter,"{""bsns_year"": ""2023"", ""corp_code"": ""00688996"", ""reprt_code"": ""11011""}",20240326000894,api_row,2026-08-31T15:36:53+09:00,000,run_20260831_152517_0317,raw/alotMatter/00688996_2023_11011.json,5650c175aa7e8c86ad19a88a49335234af26459c906862f644b796eae6eb9cbd,10
,,,00688996,KB금융,2023,11011,사업보고서,IFRS17,Y,-,"보고서 사업연도 >= 2023 이면 IFRS17, 아니면 IFRS4",-,주당 주식배당(주),2023-12-31,-,-,api,alotMatter,"{""bsns_year"": ""2023"", ""corp_code"": ""00688996"", ""reprt_code"": ""11011""}",20240326000894,api_row,2026-08-31T15:36:53+09:00,000,run_20260831_152517_0317,raw/alotMatter/00688996_2023_11011.json,5650c175aa7e8c86ad19a88a49335234af26459c906862f644b796eae6eb9cbd,10
,,,00878915,iM금융지주,2023,11011,사업보고서,IFRS17,Y,"5,000","보고서 사업연도 >= 2023 이면 IFRS17, 아니면 IFRS4","5,000",주당액면가액(원),2023-12-31,-,"5,000",api,alotMatter,"{""bsns_year"": ""2023"", ""corp_code"": ""00878915"", ""reprt_code"": ""11011""}",20240430000805,api_row,2026-08-31T15:40:38+09:00,000,run_20260831_152517_0434,raw/alotMatter/00878915_2023_11011.json,97be6cd8fc471a95ade287e0e98a521088608cc0b64cbe63e6b3a69ccb875b23,10
,,,00878915,iM금융지주,2023,11011,사업보고서,IFRS17,Y,"410,524","보고서 사업연도 >= 2023 이면 IFRS17, 아니면 IFRS4","503,068",(연결)당기순이익(백만원),2023-12-31,-,"387,839",api,alotMatter,"{""bsns_year"": ""2023"", ""corp_code"": ""00878915"", ""reprt_code"": ""11011""}",20240430000805,api_row,2026-08-31T15:40:38+09:00,000,run_20260831_152517_0434,raw/alotMatter/00878915_2023_11011.json,97be6cd8fc471a95ade287e0e98a521088608cc0b64cbe63e6b3a69ccb875b23,10
,,,00878915,iM금융지주,2023,11011,사업보고서,IFRS17,Y,"150,237","보고서 사업연도 >= 2023 이면 IFRS17, 아니면 IFRS4","140,682",(별도)당기순이익(백만원),2023-12-31,-,"183,076",api,alotMatter,"{""bsns_year"": ""2023"", ""corp_code"": ""00878915"", ""reprt_code"": ""11011""}",20240430000805,api_row,2026-08-31T15:40:38+09:00,000,run_20260831_152517_0434,raw/alotMatter/00878915_2023_11011.json,97be6cd8fc471a95ade287e0e98a521088608cc0b64cbe63e6b3a69ccb875b23,10
,,,00878915,iM금융지주,2023,11011,사업보고서,IFRS17,Y,"2,319","보고서 사업연도 >= 2023 이면 IFRS17, 아니면 IFRS4","2,886",(연결)주당순이익(원),2023-12-31,-,"2,180",api,alotMatter,"{""bsns_year"": ""2023"", ""corp_code"": ""00878915"", ""reprt_code"": ""11011""}",20240430000805,api_row,2026-08-31T15:40:38+09:00,000,run_20260831_152517_0434,raw/alotMatter/00878915_2023_11011.json,97be6cd8fc471a95ade287e0e98a521088608cc0b64cbe63e6b3a69ccb875b23,10
,,,00878915,iM금융지주,2023,11011,사업보고서,IFRS17,Y,"109,945","보고서 사업연도 >= 2023 이면 IFRS17, 아니면 IFRS4","106,562",현금배당금총액(백만원),2023-12-31,-,"91,516",api,alotMatter,"{""bsns_year"": ""2023"", ""corp_code"": ""00878915"", ""reprt_code"": ""11011""}",20240430000805,api_row,2026-08-31T15:40:38+09:00,000,run_20260831_152517_0434,raw/alotMatter/00878915_2023_11011.json,97be6cd8fc471a95ade287e0e98a521088608cc0b64cbe63e6b3a69ccb875b23,10
,,,00878915,iM금융지주,2023,11011,사업보고서,IFRS17,Y,-,"보고서 사업연도 >= 2023 이면 IFRS17, 아니면 IFRS4",-,주식배당금총액(백만원),2023-12-31,-,-,api,alotMatter,"{""bsns_year"": ""2023"", ""corp_code"": ""00878915"", ""reprt_code"": ""11011""}",20240430000805,api_row,2026-08-31T15:40:38+09:00,000,run_20260831_152517_0434,raw/alotMatter/00878915_2023_11011.json,97be6cd8fc471a95ade287e0e98a521088608cc0b64cbe63e6b3a69ccb875b23,10
,,,00878915,iM금융지주,2023,11011,사업보고서,IFRS17,Y,26.80,"보고서 사업연도 >= 2023 이면 IFRS17, 아니면 IFRS4",21.20,(연결)현금배당성향(%),2023-12-31,-,23.60,api,alotMatter,"{""bsns_year"": ""2023"", ""corp_code"": ""00878915"", ""reprt_code"": ""11011""}",20240430000805,api_row,2026-08-31T15:40:38+09:00,000,run_20260831_152517_0434,raw/alotMatter/00878915_2023_11011.json,97be6cd8fc471a95ade287e0e98a521088608cc0b64cbe63e6b3a69ccb875b23,10
,,,00878915,iM금융지주,2023,11011,사업보고서,IFRS17,Y,8.28,"보고서 사업연도 >= 2023 이면 IFRS17, 아니면 IFRS4",6.42,현금배당수익률(%),2023-12-31,보통주,5.96,api,alotMatter,"{""bsns_year"": ""2023"", ""corp_code"": ""00878915"", ""reprt_code"": ""11011""}",20240430000805,api_row,2026-08-31T15:40:38+09:00,000,run_20260831_152517_0434,raw/alotMatter/00878915_2023_11011.json,97be6cd8fc471a95ade287e0e98a521088608cc0b64cbe63e6b3a69ccb875b23,10
,,,00878915,iM금융지주,2023,11011,사업보고서,IFRS17,Y,-,"보고서 사업연도 >= 2023 이면 IFRS17, 아니면 IFRS4",-,현금배당수익률(%),2023-12-31,-,-,api,alotMatter,"{""bsns_year"": ""2023"", ""corp_code"": ""00878915"", ""reprt_code"": ""11011""}",20240430000805,api_row,2026-08-31T15:40:38+09:00,000,run_20260831_152517_0434,raw/alotMatter/00878915_2023_11011.json,97be6cd8fc471a95ade287e0e98a521088608cc0b64cbe63e6b3a69ccb875b23,10
,,,00878915,iM금융지주,2023,11011,사업보고서,IFRS17,Y,-,"보고서 사업연도 >= 2023 이면 IFRS17, 아니면 IFRS4",-,주식배당수익률(%),2023-12-31,보통주,-,api,alotMatter,"{""bsns_year"": ""2023"", ""corp_code"": ""00878915"", ""reprt_code"": ""11011""}",20240430000805,api_row,2026-08-31T15:40:38+09:00,000,run_20260831_152517_0434,raw/alotMatter/00878915_2023_11011.json,97be6cd8fc471a95ade287e0e98a521088608cc0b64cbe63e6b3a69ccb875b23,10
,,,00878915,iM금융지주,2023,11011,사업보고서,IFRS17,Y,-,"보고서 사업연도 >= 2023 이면 IFRS17, 아니면 IFRS4",-,주식배당수익률(%),2023-12-31,-,-,api,alotMatter,"{""bsns_year"": ""2023"", ""corp_code"": ""00878915"", ""reprt_code"": ""11011""}",20240430000805,api_row,2026-08-31T15:40:38+09:00,000,run_20260831_152517_0434,raw/alotMatter/00878915_2023_11011.json,97be6cd8fc471a95ade287e0e98a521088608cc0b64cbe63e6b3a69ccb875b23,10
,,,00878915,iM금융지주,2023,11011,사업보고서,IFRS17,Y,650,"보고서 사업연도 >= 2023 이면 IFRS17, 아니면 IFRS4",630,주당 현금배당금(원),2023-12-31,보통주,550,api,alotMatter,"{""bsns_year"": ""2023"", ""corp_code"": ""00878915"", ""reprt_code"": ""11011""}",20240430000805,api_row,2026-08-31T15:40:38+09:00,000,run_20260831_152517_0434,raw/alotMatter/00878915_2023_11011.json,97be6cd8fc471a95ade287e0e98a521088608cc0b64cbe63e6b3a69ccb875b23,10
,,,00878915,iM금융지주,2023,11011,사업보고서,IFRS17,Y,-,"보고서 사업연도 >= 2023 이면 IFRS17, 아니면 IFRS4",-,주당 현금배당금(원),2023-12-31,-,-,api,alotMatter,"{""bsns_year"": ""2023"", ""corp_code"": ""00878915"", ""reprt_code"": ""11011""}",20240430000805,api_row,2026-08-31T15:40:38+09:00,000,run_20260831_152517_0434,raw/alotMatter/00878915_2023_11011.json,97be6cd8fc471a95ade287e0e98a521088608cc0b64cbe63e6b3a69ccb875b23,10
,,,00878915,iM금융지주,2023,11011,사업보고서,IFRS17,Y,-,"보고서 사업연도 >= 2023 이면 IFRS17, 아니면 IFRS4",-,주당 주식배당(주),2023-12-31,보통주,-,api,alotMatter,"{""bsns_year"": ""2023"", ""corp_code"": ""00878915"", ""reprt_code"": ""11011""}",20240430000805,api_row,2026-08-31T15:40:38+09:00,000,run_20260831_152517_0434,raw/alotMatter/00878915_2023_11011.json,97be6cd8fc471a95ade287e0e98a521088608cc0b64cbe63e6b3a69ccb875b23,10
,,,00878915,iM금융지주,2023,11011,사업보고서,IFRS17,Y,-,"보고서 사업연도 >= 2023 이면 IFRS17, 아니면 IFRS4",-,주당 주식배당(주),2023-12-31,-,-,api,alotMatter,"{""bsns_year"": ""2023"", ""corp_code"": ""00878915"", ""reprt_code"": ""11011""}",20240430000805,api_row,2026-08-31T15:40:38+09:00,000,run_20260831_152517_0434,raw/alotMatter/00878915_2023_11011.json,97be6cd8fc471a95ade287e0e98a521088608cc0b64cbe63e6b3a69ccb875b23,10
,,,01350869,우리금융지주,2023,11011,사업보고서,IFRS17,Y,"5,000","보고서 사업연도 >= 2023 이면 IFRS17, 아니면 IFRS4","5,000",주당액면가액(원),2023-12-31,-,"5,000",api,alotMatter,"{""bsns_year"": ""2023"", ""corp_code"": ""01350869"", ""reprt_code"": ""11011""}",20240516001472,api_row,2026-08-31T15:43:39+09:00,000,run_20260831_152517_0515,raw/alotMatter/01350869_2023_11011.json,551a012ded29cb9f64145093d9566212e109c274f262f65ea74de07bd0886c8c,10
,,,01350869,우리금융지주,2023,11011,사업보고서,IFRS17,Y,"3,141,680","보고서 사업연도 >= 2023 이면 IFRS17, 아니면 IFRS4","2,587,936",(연결)당기순이익(백만원),2023-12-31,-,"2,506,296",api,alotMatter,"{""bsns_year"": ""2023"", ""corp_code"": ""01350869"", ""reprt_code"": ""11011""}",20240516001472,api_row,2026-08-31T15:43:39+09:00,000,run_20260831_152517_0515,raw/alotMatter/01350869_2023_11011.json,551a012ded29cb9f64145093d9566212e109c274f262f65ea74de07bd0886c8c,10
,,,01350869,우리금융지주,2023,11011,사업보고서,IFRS17,Y,"1,183,249","보고서 사업연도 >= 2023 이면 IFRS17, 아니면 IFRS4","594,852",(별도)당기순이익(백만원),2023-12-31,-,"1,424,508",api,alotMatter,"{""bsns_year"": ""2023"", ""corp_code"": ""01350869"", ""reprt_code"": ""11011""}",20240516001472,api_row,2026-08-31T15:43:39+09:00,000,run_20260831_152517_0515,raw/alotMatter/01350869_2023_11011.json,551a012ded29cb9f64145093d9566212e109c274f262f65ea74de07bd0886c8c,10
,,,01350869,우리금융지주,2023,11011,사업보고서,IFRS17,Y,"4,191","보고서 사업연도 >= 2023 이면 IFRS17, 아니면 IFRS4","3,481",(연결)주당순이익(원),2023-12-31,-,"3,230",api,alotMatter,"{""bsns_year"": ""2023"", ""corp_code"": ""01350869"", ""reprt_code"": ""11011""}",20240516001472,api_row,2026-08-31T15:43:39+09:00,000,run_20260831_152517_0515,raw/alotMatter/01350869_2023_11011.json,551a012ded29cb9f64145093d9566212e109c274f262f65ea74de07bd0886c8c,10
,,,01350869,우리금융지주,2023,11011,사업보고서,IFRS17,Y,"822,706","보고서 사업연도 >= 2023 이면 IFRS17, 아니면 IFRS4","654,384",현금배당금총액(백만원),2023-12-31,-,"747,302",api,alotMatter,"{""bsns_year"": ""2023"", ""corp_code"": ""01350869"", ""reprt_code"": ""11011""}",20240516001472,api_row,2026-08-31T15:43:39+09:00,000,run_20260831_152517_0515,raw/alotMatter/01350869_2023_11011.json,551a012ded29cb9f64145093d9566212e109c274f262f65ea74de07bd0886c8c,10
,,,01350869,우리금융지주,2023,11011,사업보고서,IFRS17,Y,-,"보고서 사업연도 >= 2023 이면 IFRS17, 아니면 IFRS4",-,주식배당금총액(백만원),2023-12-31,-,-,api,alotMatter,"{""bsns_year"": ""2023"", ""corp_code"": ""01350869"", ""reprt_code"": ""11011""}",20240516001472,api_row,2026-08-31T15:43:39+09:00,000,run_20260831_152517_0515,raw/alotMatter/01350869_2023_11011.json,551a012ded29cb9f64145093d9566212e109c274f262f65ea74de07bd0886c8c,10
,,,01350869,우리금융지주,2023,11011,사업보고서,IFRS17,Y,26.19,"보고서 사업연도 >= 2023 이면 IFRS17, 아니면 IFRS4",25.29,(연결)현금배당성향(%),2023-12-31,-,29.82,api,alotMatter,"{""bsns_year"": ""2023"", ""corp_code"": ""01350869"", ""reprt_code"": ""11011""}",20240516001472,api_row,2026-08-31T15:43:39+09:00,000,run_20260831_152517_0515,raw/alotMatter/01350869_2023_11011.json,551a012ded29cb9f64145093d9566212e109c274f262f65ea74de07bd0886c8c,10
,,,01350869,우리금융지주,2023,11011,사업보고서,IFRS17,Y,8.80,"보고서 사업연도 >= 2023 이면 IFRS17, 아니면 IFRS4",6.80,현금배당수익률(%),2023-12-31,보통주,6.70,api,alotMatter,"{""bsns_year"": ""2023"", ""corp_code"": ""01350869"", ""reprt_code"": ""11011""}",20240516001472,api_row,2026-08-31T15:43:39+09:00,000,run_20260831_152517_0515,raw/alotMatter/01350869_2023_11011.json,551a012ded29cb9f64145093d9566212e109c274f262f65ea74de07bd0886c8c,10
,,,01350869,우리금융지주,2023,11011,사업보고서,IFRS17,Y,-,"보고서 사업연도 >= 2023 이면 IFRS17, 아니면 IFRS4",-,현금배당수익률(%),2023-12-31,우선주,-,api,alotMatter,"{""bsns_year"": ""2023"", ""corp_code"": ""01350869"", ""reprt_code"": ""11011""}",20240516001472,api_row,2026-08-31T15:43:39+09:00,000,run_20260831_152517_0515,raw/alotMatter/01350869_2023_11011.json,551a012ded29cb9f64145093d9566212e109c274f262f65ea74de07bd0886c8c,10
,,,01350869,우리금융지주,2023,11011,사업보고서,IFRS17,Y,-,"보고서 사업연도 >= 2023 이면 IFRS17, 아니면 IFRS4",-,주식배당수익률(%),2023-12-31,보통주,-,api,alotMatter,"{""bsns_year"": ""2023"", ""corp_code"": ""01350869"", ""reprt_code"": ""11011""}",20240516001472,api_row,2026-08-31T15:43:39+09:00,000,run_20260831_152517_0515,raw/alotMatter/01350869_2023_11011.json,551a012ded29cb9f64145093d9566212e109c274f262f65ea74de07bd0886c8c,10
,,,01350869,우리금융지주,2023,11011,사업보고서,IFRS17,Y,-,"보고서 사업연도 >= 2023 이면 IFRS17, 아니면 IFRS4",-,주식배당수익률(%),2023-12-31,우선주,-,api,alotMatter,"{""bsns_year"": ""2023"", ""corp_code"": ""01350869"", ""reprt_code"": ""11011""}",20240516001472,api_row,2026-08-31T15:43:39+09:00,000,run_20260831_152517_0515,raw/alotMatter/01350869_2023_11011.json,551a012ded29cb9f64145093d9566212e109c274f262f65ea74de07bd0886c8c,10
,,,01350869,우리금융지주,2023,11011,사업보고서,IFRS17,Y,"1,130","보고서 사업연도 >= 2023 이면 IFRS17, 아니면 IFRS4",900,주당 현금배당금(원),2023-12-31,보통주,"1,000",api,alotMatter,"{""bsns_year"": ""2023"", ""corp_code"": ""01350869"", ""reprt_code"": ""11011""}",20240516001472,api_row,2026-08-31T15:43:39+09:00,000,run_20260831_152517_0515,raw/alotMatter/01350869_2023_11011.json,551a012ded29cb9f64145093d9566212e109c274f262f65ea74de07bd0886c8c,10
,,,01350869,우리금융지주,2023,11011,사업보고서,IFRS17,Y,-,"보고서 사업연도 >= 2023 이면 IFRS17, 아니면 IFRS4",-,주당 현금배당금(원),2023-12-31,우선주,-,api,alotMatter,"{""bsns_year"": ""2023"", ""corp_code"": ""01350869"", ""reprt_code"": ""11011""}",20240516001472,api_row,2026-08-31T15:43:39+09:00,000,run_20260831_152517_0515,raw/alotMatter/01350869_2023_11011.json,551a012ded29cb9f64145093d9566212e109c274f262f65ea74de07bd0886c8c,10
,,,01350869,우리금융지주,2023,11011,사업보고서,IFRS17,Y,-,"보고서 사업연도 >= 2023 이면 IFRS17, 아니면 IFRS4",-,주당 주식배당(주),2023-12-31,보통주,-,api,alotMatter,"{""bsns_year"": ""2023"", ""corp_code"": ""01350869"", ""reprt_code"": ""11011""}",20240516001472,api_row,2026-08-31T15:43:39+09:00,000,run_20260831_152517_0515,raw/alotMatter/01350869_2023_11011.json,551a012ded29cb9f64145093d9566212e109c274f262f65ea74de07bd0886c8c,10
,,,01350869,우리금융지주,2023,11011,사업보고서,IFRS17,Y,-,"보고서 사업연도 >= 2023 이면 IFRS17, 아니면 IFRS4",-,주당 주식배당(주),2023-12-31,우선주,-,api,alotMatter,"{""bsns_year"": ""2023"", ""corp_code"": ""01350869"", ""reprt_code"": ""11011""}",20240516001472,api_row,2026-08-31T15:43:39+09:00,000,run_20260831_152517_0515,raw/alotMatter/01350869_2023_11011.json,551a012ded29cb9f64145093d9566212e109c274f262f65ea74de07bd0886c8c,10
,,,00113058,한화생명,2024,11011,사업보고서,IFRS17,Y,"5,000","보고서 사업연도 >= 2023 이면 IFRS17, 아니면 IFRS4","5,000",주당액면가액(원),2024-12-31,-,"5,000",api,alotMatter,"{""bsns_year"": ""2024"", ""corp_code"": ""00113058"", ""reprt_code"": ""11011""}",20250331003702,api_row,2026-08-31T15:48:31+09:00,000,run_20260831_152517_0641,raw/alotMatter/00113058_2024_11011.json,a436659656fd8bbb11e70e0fffd9df89a951c5f6bd304e21e4ee2853b95cc913,10
,,,00113058,한화생명,2024,11011,사업보고서,IFRS17,Y,"758,480","보고서 사업연도 >= 2023 이면 IFRS17, 아니면 IFRS4","733,365",(연결)당기순이익(백만원),2024-12-31,-,"737,254",api,alotMatter,"{""bsns_year"": ""2024"", ""corp_code"": ""00113058"", ""reprt_code"": ""11011""}",20250331003702,api_row,2026-08-31T15:48:31+09:00,000,run_20260831_152517_0641,raw/alotMatter/00113058_2024_11011.json,a436659656fd8bbb11e70e0fffd9df89a951c5f6bd304e21e4ee2853b95cc913,10
,,,00113058,한화생명,2024,11011,사업보고서,IFRS17,Y,"616,262","보고서 사업연도 >= 2023 이면 IFRS17, 아니면 IFRS4","354,342",(별도)당기순이익(백만원),2024-12-31,-,"720,570",api,alotMatter,"{""bsns_year"": ""2024"", ""corp_code"": ""00113058"", ""reprt_code"": ""11011""}",20250331003702,api_row,2026-08-31T15:48:31+09:00,000,run_20260831_152517_0641,raw/alotMatter/00113058_2024_11011.json,a436659656fd8bbb11e70e0fffd9df89a951c5f6bd304e21e4ee2853b95cc913,10
,,,00113058,한화생명,2024,11011,사업보고서,IFRS17,Y,954,"보고서 사업연도 >= 2023 이면 IFRS17, 아니면 IFRS4",855,(연결)주당순이익(원),2024-12-31,-,936,api,alotMatter,"{""bsns_year"": ""2024"", ""corp_code"": ""00113058"", ""reprt_code"": ""11011""}",20250331003702,api_row,2026-08-31T15:48:31+09:00,000,run_20260831_152517_0641,raw/alotMatter/00113058_2024_11011.json,a436659656fd8bbb11e70e0fffd9df89a951c5f6bd304e21e4ee2853b95cc913,10
,,,00113058,한화생명,2024,11011,사업보고서,IFRS17,Y,"112,709","보고서 사업연도 >= 2023 이면 IFRS17, 아니면 IFRS4",-,현금배당금총액(백만원),2024-12-31,-,-,api,alotMatter,"{""bsns_year"": ""2024"", ""corp_code"": ""00113058"", ""reprt_code"": ""11011""}",20250331003702,api_row,2026-08-31T15:48:31+09:00,000,run_20260831_152517_0641,raw/alotMatter/00113058_2024_11011.json,a436659656fd8bbb11e70e0fffd9df89a951c5f6bd304e21e4ee2853b95cc913,10
,,,00113058,한화생명,2024,11011,사업보고서,IFRS17,Y,-,"보고서 사업연도 >= 2023 이면 IFRS17, 아니면 IFRS4",-,주식배당금총액(백만원),2024-12-31,-,-,api,alotMatter,"{""bsns_year"": ""2024"", ""corp_code"": ""00113058"", ""reprt_code"": ""11011""}",20250331003702,api_row,2026-08-31T15:48:31+09:00,000,run_20260831_152517_0641,raw/alotMatter/00113058_2024_11011.json,a436659656fd8bbb11e70e0fffd9df89a951c5f6bd304e21e4ee2853b95cc913,10
,,,00113058,한화생명,2024,11011,사업보고서,IFRS17,Y,14.90,"보고서 사업연도 >= 2023 이면 IFRS17, 아니면 IFRS4",-,(연결)현금배당성향(%),2024-12-31,-,-,api,alotMatter,"{""bsns_year"": ""2024"", ""corp_code"": ""00113058"", ""reprt_code"": ""11011""}",20250331003702,api_row,2026-08-31T15:48:31+09:00,000,run_20260831_152517_0641,raw/alotMatter/00113058_2024_11011.json,a436659656fd8bbb11e70e0fffd9df89a951c5f6bd304e21e4ee2853b95cc913,10
,,,00113058,한화생명,2024,11011,사업보고서,IFRS17,Y,4.40,"보고서 사업연도 >= 2023 이면 IFRS17, 아니면 IFRS4",-,현금배당수익률(%),2024-12-31,보통주,-,api,alotMatter,"{""bsns_year"": ""2024"", ""corp_code"": ""00113058"", ""reprt_code"": ""11011""}",20250331003702,api_row,2026-08-31T15:48:31+09:00,000,run_20260831_152517_0641,raw/alotMatter/00113058_2024_11011.json,a436659656fd8bbb11e70e0fffd9df89a951c5f6bd304e21e4ee2853b95cc913,10
,,,00113058,한화생명,2024,11011,사업보고서,IFRS17,Y,-,"보고서 사업연도 >= 2023 이면 IFRS17, 아니면 IFRS4",-,현금배당수익률(%),2024-12-31,우선주,-,api,alotMatter,"{""bsns_year"": ""2024"", ""corp_code"": ""00113058"", ""reprt_code"": ""11011""}",20250331003702,api_row,2026-08-31T15:48:31+09:00,000,run_20260831_152517_0641,raw/alotMatter/00113058_2024_11011.json,a436659656fd8bbb11e70e0fffd9df89a951c5f6bd304e21e4ee2853b95cc913,10
,,,00113058,한화생명,2024,11011,사업보고서,IFRS17,Y,-,"보고서 사업연도 >= 2023 이면 IFRS17, 아니면 IFRS4",-,주식배당수익률(%),2024-12-31,보통주,-,api,alotMatter,"{""bsns_year"": ""2024"", ""corp_code"": ""00113058"", ""reprt_code"": ""11011""}",20250331003702,api_row,2026-08-31T15:48:31+09:00,000,run_20260831_152517_0641,raw/alotMatter/00113058_2024_11011.json,a436659656fd8bbb11e70e0fffd9df89a951c5f6bd304e21e4ee2853b95cc913,10
,,,00113058,한화생명,2024,11011,사업보고서,IFRS17,Y,-,"보고서 사업연도 >= 2023 이면 IFRS17, 아니면 IFRS4",-,주식배당수익률(%),2024-12-31,우선주,-,api,alotMatter,"{""bsns_year"": ""2024"", ""corp_code"": ""00113058"", ""reprt_code"": ""11011""}",20250331003702,api_row,2026-08-31T15:48:31+09:00,000,run_20260831_152517_0641,raw/alotMatter/00113058_2024_11011.json,a436659656fd8bbb11e70e0fffd9df89a951c5f6bd304e21e4ee2853b95cc913,10
,,,00113058,한화생명,2024,11011,사업보고서,IFRS17,Y,150,"보고서 사업연도 >= 2023 이면 IFRS17, 아니면 IFRS4",-,주당 현금배당금(원),2024-12-31,보통주,-,api,alotMatter,"{""bsns_year"": ""2024"", ""corp_code"": ""00113058"", ""reprt_code"": ""11011""}",20250331003702,api_row,2026-08-31T15:48:31+09:00,000,run_20260831_152517_0641,raw/alotMatter/00113058_2024_11011.json,a436659656fd8bbb11e70e0fffd9df89a951c5f6bd304e21e4ee2853b95cc913,10
,,,00113058,한화생명,2024,11011,사업보고서,IFRS17,Y,-,"보고서 사업연도 >= 2023 이면 IFRS17, 아니면 IFRS4",-,주당 현금배당금(원),2024-12-31,우선주,-,api,alotMatter,"{""bsns_year"": ""2024"", ""corp_code"": ""00113058"", ""reprt_code"": ""11011""}",20250331003702,api_row,2026-08-31T15:48:31+09:00,000,run_20260831_152517_0641,raw/alotMatter/00113058_2024_11011.json,a436659656fd8bbb11e70e0fffd9df89a951c5f6bd304e21e4ee2853b95cc913,10
,,,00113058,한화생명,2024,11011,사업보고서,IFRS17,Y,-,"보고서 사업연도 >= 2023 이면 IFRS17, 아니면 IFRS4",-,주당 주식배당(주),2024-12-31,보통주,-,api,alotMatter,"{""bsns_year"": ""2024"", ""corp_code"": ""00113058"", ""reprt_code"": ""11011""}",20250331003702,api_row,2026-08-31T15:48:31+09:00,000,run_20260831_152517_0641,raw/alotMatter/00113058_2024_11011.json,a436659656fd8bbb11e70e0fffd9df89a951c5f6bd304e21e4ee2853b95cc913,10
,,,00113058,한화생명,2024,11011,사업보고서,IFRS17,Y,-,"보고서 사업연도 >= 2023 이면 IFRS17, 아니면 IFRS4",-,주당 주식배당(주),2024-12-31,우선주,-,api,alotMatter,"{""bsns_year"": ""2024"", ""corp_code"": ""00113058"", ""reprt_code"": ""11011""}",20250331003702,api_row,2026-08-31T15:48:31+09:00,000,run_20260831_152517_0641,raw/alotMatter/00113058_2024_11011.json,a436659656fd8bbb11e70e0fffd9df89a951c5f6bd304e21e4ee2853b95cc913,10
,,,00117267,동양생명보험,2024,11011,사업보고서,IFRS17,E,"5,000","보고서 사업연도 >= 2023 이면 IFRS17, 아니면 IFRS4","5,000",주당액면가액(원),2024-12-31,-,"5,000",api,alotMatter,"{""bsns_year"": ""2024"", ""corp_code"": ""00117267"", ""reprt_code"": ""11011""}",20250331000321,api_row,2026-08-31T15:51:33+09:00,000,run_20260831_152517_0704,raw/alotMatter/00117267_2024_11011.json,6763660697848896d90e75570b4f2ca3dc2ad2dbe601b09de9ec541d261e2f47,10
,,,00117267,동양생명보험,2024,11011,사업보고서,IFRS17,E,"239,826","보고서 사업연도 >= 2023 이면 IFRS17, 아니면 IFRS4","-11,359",(연결)당기순이익(백만원),2024-12-31,-,"314,293",api,alotMatter,"{""bsns_year"": ""2024"", ""corp_code"": ""00117267"", ""reprt_code"": ""11011""}",20250331000321,api_row,2026-08-31T15:51:33+09:00,000,run_20260831_152517_0704,raw/alotMatter/00117267_2024_11011.json,6763660697848896d90e75570b4f2ca3dc2ad2dbe601b09de9ec541d261e2f47,10
,,,00117267,동양생명보험,2024,11011,사업보고서,IFRS17,E,"264,927","보고서 사업연도 >= 2023 이면 IFRS17, 아니면 IFRS4","11,625",(별도)당기순이익(백만원),2024-12-31,-,"310,158",api,alotMatter,"{""bsns_year"": ""2024"", ""corp_code"": ""00117267"", ""reprt_code"": ""11011""}",20250331000321,api_row,2026-08-31T15:51:33+09:00,000,run_20260831_152517_0704,raw/alotMatter/00117267_2024_11011.json,6763660697848896d90e75570b4f2ca3dc2ad2dbe601b09de9ec541d261e2f47,10
,,,00117267,동양생명보험,2024,11011,사업보고서,IFRS17,E,"1,538","보고서 사업연도 >= 2023 이면 IFRS17, 아니면 IFRS4",-73,(연결)주당순이익(원),2024-12-31,-,"2,015",api,alotMatter,"{""bsns_year"": ""2024"", ""corp_code"": ""00117267"", ""reprt_code"": ""11011""}",20250331000321,api_row,2026-08-31T15:51:33+09:00,000,run_20260831_152517_0704,raw/alotMatter/00117267_2024_11011.json,6763660697848896d90e75570b4f2ca3dc2ad2dbe601b09de9ec541d261e2f47,10
,,,00117267,동양생명보험,2024,11011,사업보고서,IFRS17,E,"62,378","보고서 사업연도 >= 2023 이면 IFRS17, 아니면 IFRS4",-,현금배당금총액(백만원),2024-12-31,-,-,api,alotMatter,"{""bsns_year"": ""2024"", ""corp_code"": ""00117267"", ""reprt_code"": ""11011""}",20250331000321,api_row,2026-08-31T15:51:33+09:00,000,run_20260831_152517_0704,raw/alotMatter/00117267_2024_11011.json,6763660697848896d90e75570b4f2ca3dc2ad2dbe601b09de9ec541d261e2f47,10
,,,00117267,동양생명보험,2024,11011,사업보고서,IFRS17,E,-,"보고서 사업연도 >= 2023 이면 IFRS17, 아니면 IFRS4",-,주식배당금총액(백만원),2024-12-31,-,-,api,alotMatter,"{""bsns_year"": ""2024"", ""corp_code"": ""00117267"", ""reprt_code"": ""11011""}",20250331000321,api_row,2026-08-31T15:51:33+09:00,000,run_20260831_152517_0704,raw/alotMatter/00117267_2024_11011.json,6763660697848896d90e75570b4f2ca3dc2ad2dbe601b09de9ec541d261e2f47,10
,,,00117267,동양생명보험,2024,11011,사업보고서,IFRS17,E,23.00,"보고서 사업연도 >= 2023 이면 IFRS17, 아니면 IFRS4",-,(연결)현금배당성향(%),2024-12-31,-,-,api,alotMatter,"{""bsns_year"": ""2024"", ""corp_code"": ""00117267"", ""reprt_code"": ""11011""}",20250331000321,api_row,2026-08-31T15:51:33+09:00,000,run_20260831_152517_0704,raw/alotMatter/00117267_2024_11011.json,6763660697848896d90e75570b4f2ca3dc2ad2dbe601b09de9ec541d261e2f47,10
,,,00117267,동양생명보험,2024,11011,사업보고서,IFRS17,E,8.00,"보고서 사업연도 >= 2023 이면 IFRS17, 아니면 IFRS4",-,현금배당수익률(%),2024-12-31,보통주,-,api,alotMatter,"{""bsns_year"": ""2024"", ""corp_code"": ""00117267"", ""reprt_code"": ""11011""}",20250331000321,api_row,2026-08-31T15:51:33+09:00,000,run_20260831_152517_0704,raw/alotMatter/00117267_2024_11011.json,6763660697848896d90e75570b4f2ca3dc2ad2dbe601b09de9ec541d261e2f47,10
,,,00117267,동양생명보험,2024,11011,사업보고서,IFRS17,E,-,"보고서 사업연도 >= 2023 이면 IFRS17, 아니면 IFRS4",-,현금배당수익률(%),2024-12-31,우선주,-,api,alotMatter,"{""bsns_year"": ""2024"", ""corp_code"": ""00117267"", ""reprt_code"": ""11011""}",20250331000321,api_row,2026-08-31T15:51:33+09:00,000,run_20260831_152517_0704,raw/alotMatter/00117267_2024_11011.json,6763660697848896d90e75570b4f2ca3dc2ad2dbe601b09de9ec541d261e2f47,10
,,,00117267,동양생명보험,2024,11011,사업보고서,IFRS17,E,-,"보고서 사업연도 >= 2023 이면 IFRS17, 아니면 IFRS4",-,주식배당수익률(%),2024-12-31,보통주,-,api,alotMatter,"{""bsns_year"": ""2024"", ""corp_code"": ""00117267"", ""reprt_code"": ""11011""}",20250331000321,api_row,2026-08-31T15:51:33+09:00,000,run_20260831_152517_0704,raw/alotMatter/00117267_2024_11011.json,6763660697848896d90e75570b4f2ca3dc2ad2dbe601b09de9ec541d261e2f47,10
,,,00117267,동양생명보험,2024,11011,사업보고서,IFRS17,E,-,"보고서 사업연도 >= 2023 이면 IFRS17, 아니면 IFRS4",-,주식배당수익률(%),2024-12-31,우선주,-,api,alotMatter,"{""bsns_year"": ""2024"", ""corp_code"": ""00117267"", ""reprt_code"": ""11011""}",20250331000321,api_row,2026-08-31T15:51:33+09:00,000,run_20260831_152517_0704,raw/alotMatter/00117267_2024_11011.json,6763660697848896d90e75570b4f2ca3dc2ad2dbe601b09de9ec541d261e2f47,10
,,,00117267,동양생명보험,2024,11011,사업보고서,IFRS17,E,400,"보고서 사업연도 >= 2023 이면 IFRS17, 아니면 IFRS4",-,주당 현금배당금(원),2024-12-31,보통주,-,api,alotMatter,"{""bsns_year"": ""2024"", ""corp_code"": ""00117267"", ""reprt_code"": ""11011""}",20250331000321,api_row,2026-08-31T15:51:33+09:00,000,run_20260831_152517_0704,raw/alotMatter/00117267_2024_11011.json,6763660697848896d90e75570b4f2ca3dc2ad2dbe601b09de9ec541d261e2f47,10
,,,00117267,동양생명보험,2024,11011,사업보고서,IFRS17,E,-,"보고서 사업연도 >= 2023 이면 IFRS17, 아니면 IFRS4",-,주당 현금배당금(원),2024-12-31,우선주,-,api,alotMatter,"{""bsns_year"": ""2024"", ""corp_code"": ""00117267"", ""reprt_code"": ""11011""}",20250331000321,api_row,2026-08-31T15:51:33+09:00,000,run_20260831_152517_0704,raw/alotMatter/00117267_2024_11011.json,6763660697848896d90e75570b4f2ca3dc2ad2dbe601b09de9ec541d261e2f47,10
,,,00117267,동양생명보험,2024,11011,사업보고서,IFRS17,E,-,"보고서 사업연도 >= 2023 이면 IFRS17, 아니면 IFRS4",-,주당 주식배당(주),2024-12-31,보통주,-,api,alotMatter,"{""bsns_year"": ""2024"", ""corp_code"": ""00117267"", ""reprt_code"": ""11011""}",20250331000321,api_row,2026-08-31T15:51:33+09:00,000,run_20260831_152517_0704,raw/alotMatter/00117267_2024_11011.json,6763660697848896d90e75570b4f2ca3dc2ad2dbe601b09de9ec541d261e2f47,10
,,,00117267,동양생명보험,2024,11011,사업보고서,IFRS17,E,-,"보고서 사업연도 >= 2023 이면 IFRS17, 아니면 IFRS4",-,주당 주식배당(주),2024-12-31,우선주,-,api,alotMatter,"{""bsns_year"": ""2024"", ""corp_code"": ""00117267"", ""reprt_code"": ""11011""}",20250331000321,api_row,2026-08-31T15:51:33+09:00,000,run_20260831_152517_0704,raw/alotMatter/00117267_2024_11011.json,6763660697848896d90e75570b4f2ca3dc2ad2dbe601b09de9ec541d261e2f47,10
,,,00120216,KB손해보험,2024,11011,사업보고서,IFRS17,E,500,"보고서 사업연도 >= 2023 이면 IFRS17, 아니면 IFRS4",500,주당액면가액(원),2024-12-31,-,500,api,alotMatter,"{""bsns_year"": ""2024"", ""corp_code"": ""00120216"", ""reprt_code"": ""11011""}",20250331004034,api_row,2026-08-31T16:01:23+09:00,000,run_20260831_152517_0951,raw/alotMatter/00120216_2024_11011.json,21312669579ff605ffb51cde014d9012356f6f93a49ddf060c2bb9ca37a2d856,10
,,,00120216,KB손해보험,2024,11011,사업보고서,IFRS17,E,"726,590","보고서 사업연도 >= 2023 이면 IFRS17, 아니면 IFRS4","568,242",(연결)당기순이익(백만원),2024-12-31,-,"835,810",api,alotMatter,"{""bsns_year"": ""2024"", ""corp_code"": ""00120216"", ""reprt_code"": ""11011""}",20250331004034,api_row,2026-08-31T16:01:23+09:00,000,run_20260831_152517_0951,raw/alotMatter/00120216_2024_11011.json,21312669579ff605ffb51cde014d9012356f6f93a49ddf060c2bb9ca37a2d856,10
,,,00120216,KB손해보험,2024,11011,사업보고서,IFRS17,E,"736,766","보고서 사업연도 >= 2023 이면 IFRS17, 아니면 IFRS4","581,728",(별도)당기순이익(백만원),2024-12-31,-,"856,749",api,alotMatter,"{""bsns_year"": ""2024"", ""corp_code"": ""00120216"", ""reprt_code"": ""11011""}",20250331004034,api_row,2026-08-31T16:01:23+09:00,000,run_20260831_152517_0951,raw/alotMatter/00120216_2024_11011.json,21312669579ff605ffb51cde014d9012356f6f93a49ddf060c2bb9ca37a2d856,10
,,,00120216,KB손해보험,2024,11011,사업보고서,IFRS17,E,"10,926","보고서 사업연도 >= 2023 이면 IFRS17, 아니면 IFRS4","8,545",(연결)주당순이익(원),2024-12-31,-,"12,569",api,alotMatter,"{""bsns_year"": ""2024"", ""corp_code"": ""00120216"", ""reprt_code"": ""11011""}",20250331004034,api_row,2026-08-31T16:01:23+09:00,000,run_20260831_152517_0951,raw/alotMatter/00120216_2024_11011.json,21312669579ff605ffb51cde014d9012356f6f93a49ddf060c2bb9ca37a2d856,10
,,,00120216,KB손해보험,2024,11011,사업보고서,IFRS17,E,-,"보고서 사업연도 >= 2023 이면 IFRS17, 아니면 IFRS4","350,000",현금배당금총액(백만원),2024-12-31,-,"550,000",api,alotMatter,"{""bsns_year"": ""2024"", ""corp_code"": ""00120216"", ""reprt_code"": ""11011""}",20250331004034,api_row,2026-08-31T16:01:23+09:00,000,run_20260831_152517_0951,raw/alotMatter/00120216_2024_11011.json,21312669579ff605ffb51cde014d9012356f6f93a49ddf060c2bb9ca37a2d856,10
,,,00120216,KB손해보험,2024,11011,사업보고서,IFRS17,E,-,"보고서 사업연도 >= 2023 이면 IFRS17, 아니면 IFRS4",-,주식배당금총액(백만원),2024-12-31,-,-,api,alotMatter,"{""bsns_year"": ""2024"", ""corp_code"": ""00120216"", ""reprt_code"": ""11011""}",20250331004034,api_row,2026-08-31T16:01:23+09:00,000,run_20260831_152517_0951,raw/alotMatter/00120216_2024_11011.json,21312669579ff605ffb51cde014d9012356f6f93a49ddf060c2bb9ca37a2d856,10
,,,00120216,KB손해보험,2024,11011,사업보고서,IFRS17,E,-,"보고서 사업연도 >= 2023 이면 IFRS17, 아니면 IFRS4",61.59,(연결)현금배당성향(%),2024-12-31,-,65.80,api,alotMatter,"{""bsns_year"": ""2024"", ""corp_code"": ""00120216"", ""reprt_code"": ""11011""}",20250331004034,api_row,2026-08-31T16:01:23+09:00,000,run_20260831_152517_0951,raw/alotMatter/00120216_2024_11011.json,21312669579ff605ffb51cde014d9012356f6f93a49ddf060c2bb9ca37a2d856,10
,,,00120216,KB손해보험,2024,11011,사업보고서,IFRS17,E,-,"보고서 사업연도 >= 2023 이면 IFRS17, 아니면 IFRS4",-,현금배당수익률(%),2024-12-31,-,-,api,alotMatter,"{""bsns_year"": ""2024"", ""corp_code"": ""00120216"", ""reprt_code"": ""11011""}",20250331004034,api_row,2026-08-31T16:01:23+09:00,000,run_20260831_152517_0951,raw/alotMatter/00120216_2024_11011.json,21312669579ff605ffb51cde014d9012356f6f93a49ddf060c2bb9ca37a2d856,10
,,,00120216,KB손해보험,2024,11011,사업보고서,IFRS17,E,-,"보고서 사업연도 >= 2023 이면 IFRS17, 아니면 IFRS4",-,현금배당수익률(%),2024-12-31,-,-,api,alotMatter,"{""bsns_year"": ""2024"", ""corp_code"": ""00120216"", ""reprt_code"": ""11011""}",20250331004034,api_row,2026-08-31T16:01:23+09:00,000,run_20260831_152517_0951,raw/alotMatter/00120216_2024_11011.json,21312669579ff605ffb51cde014d9012356f6f93a49ddf060c2bb9ca37a2d856,10
,,,00120216,KB손해보험,2024,11011,사업보고서,IFRS17,E,-,"보고서 사업연도 >= 2023 이면 IFRS17, 아니면 IFRS4",-,주식배당수익률(%),2024-12-31,-,-,api,alotMatter,"{""bsns_year"": ""2024"", ""corp_code"": ""00120216"", ""reprt_code"": ""11011""}",20250331004034,api_row,2026-08-31T16:01:23+09:00,000,run_20260831_152517_0951,raw/alotMatter/00120216_2024_11011.json,21312669579ff605ffb51cde014d9012356f6f93a49ddf060c2bb9ca37a2d856,10
,,,00120216,KB손해보험,2024,11011,사업보고서,IFRS17,E,-,"보고서 사업연도 >= 2023 이면 IFRS17, 아니면 IFRS4",-,주식배당수익률(%),2024-12-31,-,-,api,alotMatter,"{""bsns_year"": ""2024"", ""corp_code"": ""00120216"", ""reprt_code"": ""11011""}",20250331004034,api_row,2026-08-31T16:01:23+09:00,000,run_20260831_152517_0951,raw/alotMatter/00120216_2024_11011.json,21312669579ff605ffb51cde014d9012356f6f93a49ddf060c2bb9ca37a2d856,10
,,,00120216,KB손해보험,2024,11011,사업보고서,IFRS17,E,-,"보고서 사업연도 >= 2023 이면 IFRS17, 아니면 IFRS4","5,263",주당 현금배당금(원),2024-12-31,-,"8,270",api,alotMatter,"{""bsns_year"": ""2024"", ""corp_code"": ""00120216"", ""reprt_code"": ""11011""}",20250331004034,api_row,2026-08-31T16:01:23+09:00,000,run_20260831_152517_0951,raw/alotMatter/00120216_2024_11011.json,21312669579ff605ffb51cde014d9012356f6f93a49ddf060c2bb9ca37a2d856,10
,,,00120216,KB손해보험,2024,11011,사업보고서,IFRS17,E,-,"보고서 사업연도 >= 2023 이면 IFRS17, 아니면 IFRS4",-,주당 현금배당금(원),2024-12-31,-,-,api,alotMatter,"{""bsns_year"": ""2024"", ""corp_code"": ""00120216"", ""reprt_code"": ""11011""}",20250331004034,api_row,2026-08-31T16:01:23+09:00,000,run_20260831_152517_0951,raw/alotMatter/00120216_2024_11011.json,21312669579ff605ffb51cde014d9012356f6f93a49ddf060c2bb9ca37a2d856,10
,,,00120216,KB손해보험,2024,11011,사업보고서,IFRS17,E,-,"보고서 사업연도 >= 2023 이면 IFRS17, 아니면 IFRS4",-,주당 주식배당(주),2024-12-31,-,-,api,alotMatter,"{""bsns_year"": ""2024"", ""corp_code"": ""00120216"", ""reprt_code"": ""11011""}",20250331004034,api_row,2026-08-31T16:01:23+09:00,000,run_20260831_152517_0951,raw/alotMatter/00120216_2024_11011.json,21312669579ff605ffb51cde014d9012356f6f93a49ddf060c2bb9ca37a2d856,10
,,,00120216,KB손해보험,2024,11011,사업보고서,IFRS17,E,-,"보고서 사업연도 >= 2023 이면 IFRS17, 아니면 IFRS4",-,주당 주식배당(주),2024-12-31,-,-,api,alotMatter,"{""bsns_year"": ""2024"", ""corp_code"": ""00120216"", ""reprt_code"": ""11011""}",20250331004034,api_row,2026-08-31T16:01:23+09:00,000,run_20260831_152517_0951,raw/alotMatter/00120216_2024_11011.json,21312669579ff605ffb51cde014d9012356f6f93a49ddf060c2bb9ca37a2d856,10
,,,00135917,한화손해보험,2024,11011,사업보고서,IFRS17,Y,"5,000","보고서 사업연도 >= 2023 이면 IFRS17, 아니면 IFRS4","5,000",주당액면가액(원),2024-12-31,-,"5,000",api,alotMatter,"{""bsns_year"": ""2024"", ""corp_code"": ""00135917"", ""reprt_code"": ""11011""}",20250331003267,api_row,2026-08-31T15:54:22+09:00,000,run_20260831_152517_0765,raw/alotMatter/00135917_2024_11011.json,8a58cb780fdb6bbbc379f18424dd35c63fb183a39d230b47347c3d131c872c18,10
,,,00135917,한화손해보험,2024,11011,사업보고서,IFRS17,Y,"212,757","보고서 사업연도 >= 2023 이면 IFRS17, 아니면 IFRS4","219,231",(연결)당기순이익(백만원),2024-12-31,-,"315,967",api,alotMatter,"{""bsns_year"": ""2024"", ""corp_code"": ""00135917"", ""reprt_code"": ""11011""}",20250331003267,api_row,2026-08-31T15:54:22+09:00,000,run_20260831_152517_0765,raw/alotMatter/00135917_2024_11011.json,8a58cb780fdb6bbbc379f18424dd35c63fb183a39d230b47347c3d131c872c18,10
,,,00135917,한화손해보험,2024,11011,사업보고서,IFRS17,Y,"290,698","보고서 사업연도 >= 2023 이면 IFRS17, 아니면 IFRS4","302,103",(별도)당기순이익(백만원),2024-12-31,-,"382,276",api,alotMatter,"{""bsns_year"": ""2024"", ""corp_code"": ""00135917"", ""reprt_code"": ""11011""}",20250331003267,api_row,2026-08-31T15:54:22+09:00,000,run_20260831_152517_0765,raw/alotMatter/00135917_2024_11011.json,8a58cb780fdb6bbbc379f18424dd35c63fb183a39d230b47347c3d131c872c18,10
,,,00135917,한화손해보험,2024,11011,사업보고서,IFRS17,Y,"1,465","보고서 사업연도 >= 2023 이면 IFRS17, 아니면 IFRS4","1,856",(연결)주당순이익(원),2024-12-31,-,"2,121",api,alotMatter,"{""bsns_year"": ""2024"", ""corp_code"": ""00135917"", ""reprt_code"": ""11011""}",20250331003267,api_row,2026-08-31T15:54:22+09:00,000,run_20260831_152517_0765,raw/alotMatter/00135917_2024_11011.json,8a58cb780fdb6bbbc379f18424dd35c63fb183a39d230b47347c3d131c872c18,10
,,,00135917,한화손해보험,2024,11011,사업보고서,IFRS17,Y,"36,624","보고서 사업연도 >= 2023 이면 IFRS17, 아니면 IFRS4",-,현금배당금총액(백만원),2024-12-31,-,-,api,alotMatter,"{""bsns_year"": ""2024"", ""corp_code"": ""00135917"", ""reprt_code"": ""11011""}",20250331003267,api_row,2026-08-31T15:54:22+09:00,000,run_20260831_152517_0765,raw/alotMatter/00135917_2024_11011.json,8a58cb780fdb6bbbc379f18424dd35c63fb183a39d230b47347c3d131c872c18,10
,,,00135917,한화손해보험,2024,11011,사업보고서,IFRS17,Y,-,"보고서 사업연도 >= 2023 이면 IFRS17, 아니면 IFRS4",-,주식배당금총액(백만원),2024-12-31,-,-,api,alotMatter,"{""bsns_year"": ""2024"", ""corp_code"": ""00135917"", ""reprt_code"": ""11011""}",20250331003267,api_row,2026-08-31T15:54:22+09:00,000,run_20260831_152517_0765,raw/alotMatter/00135917_2024_11011.json,8a58cb780fdb6bbbc379f18424dd35c63fb183a39d230b47347c3d131c872c18,10
,,,00135917,한화손해보험,2024,11011,사업보고서,IFRS17,Y,14.80,"보고서 사업연도 >= 2023 이면 IFRS17, 아니면 IFRS4",-,(연결)현금배당성향(%),2024-12-31,-,-,api,alotMatter,"{""bsns_year"": ""2024"", ""corp_code"": ""00135917"", ""reprt_code"": ""11011""}",20250331003267,api_row,2026-08-31T15:54:22+09:00,000,run_20260831_152517_0765,raw/alotMatter/00135917_2024_11011.json,8a58cb780fdb6bbbc379f18424dd35c63fb183a39d230b47347c3d131c872c18,10
,,,00135917,한화손해보험,2024,11011,사업보고서,IFRS17,Y,3.80,"보고서 사업연도 >= 2023 이면 IFRS17, 아니면 IFRS4",-,현금배당수익률(%),2024-12-31,보통주식,-,api,alotMatter,"{""bsns_year"": ""2024"", ""corp_code"": ""00135917"", ""reprt_code"": ""11011""}",20250331003267,api_row,2026-08-31T15:54:22+09:00,000,run_20260831_152517_0765,raw/alotMatter/00135917_2024_11011.json,8a58cb780fdb6bbbc379f18424dd35c63fb183a39d230b47347c3d131c872c18,10
,,,00135917,한화손해보험,2024,11011,사업보고서,IFRS17,Y,-,"보고서 사업연도 >= 2023 이면 IFRS17, 아니면 IFRS4",-,현금배당수익률(%),2024-12-31,종류주식,-,api,alotMatter,"{""bsns_year"": ""2024"", ""corp_code"": ""00135917"", ""reprt_code"": ""11011""}",20250331003267,api_row,2026-08-31T15:54:22+09:00,000,run_20260831_152517_0765,raw/alotMatter/00135917_2024_11011.json,8a58cb780fdb6bbbc379f18424dd35c63fb183a39d230b47347c3d131c872c18,10
,,,00135917,한화손해보험,2024,11011,사업보고서,IFRS17,Y,-,"보고서 사업연도 >= 2023 이면 IFRS17, 아니면 IFRS4",-,주식배당수익률(%),2024-12-31,보통주식,-,api,alotMatter,"{""bsns_year"": ""2024"", ""corp_code"": ""00135917"", ""reprt_code"": ""11011""}",20250331003267,api_row,2026-08-31T15:54:22+09:00,000,run_20260831_152517_0765,raw/alotMatter/00135917_2024_11011.json,8a58cb780fdb6bbbc379f18424dd35c63fb183a39d230b47347c3d131c872c18,10
,,,00135917,한화손해보험,2024,11011,사업보고서,IFRS17,Y,-,"보고서 사업연도 >= 2023 이면 IFRS17, 아니면 IFRS4",-,주식배당수익률(%),2024-12-31,종류주식,-,api,alotMatter,"{""bsns_year"": ""2024"", ""corp_code"": ""00135917"", ""reprt_code"": ""11011""}",20250331003267,api_row,2026-08-31T15:54:22+09:00,000,run_20260831_152517_0765,raw/alotMatter/00135917_2024_11011.json,8a58cb780fdb6bbbc379f18424dd35c63fb183a39d230b47347c3d131c872c18,10
,,,00135917,한화손해보험,2024,11011,사업보고서,IFRS17,Y,200,"보고서 사업연도 >= 2023 이면 IFRS17, 아니면 IFRS4",-,주당 현금배당금(원),2024-12-31,보통주식,-,api,alotMatter,"{""bsns_year"": ""2024"", ""corp_code"": ""00135917"", ""reprt_code"": ""11011""}",20250331003267,api_row,2026-08-31T15:54:22+09:00,000,run_20260831_152517_0765,raw/alotMatter/00135917_2024_11011.json,8a58cb780fdb6bbbc379f18424dd35c63fb183a39d230b47347c3d131c872c18,10
,,,00135917,한화손해보험,2024,11011,사업보고서,IFRS17,Y,350,"보고서 사업연도 >= 2023 이면 IFRS17, 아니면 IFRS4",-,주당 현금배당금(원),2024-12-31,종류주식,-,api,alotMatter,"{""bsns_year"": ""2024"", ""corp_code"": ""00135917"", ""reprt_code"": ""11011""}",20250331003267,api_row,2026-08-31T15:54:22+09:00,000,run_20260831_152517_0765,raw/alotMatter/00135917_2024_11011.json,8a58cb780fdb6bbbc379f18424dd35c63fb183a39d230b47347c3d131c872c18,10
,,,00135917,한화손해보험,2024,11011,사업보고서,IFRS17,Y,-,"보고서 사업연도 >= 2023 이면 IFRS17, 아니면 IFRS4",-,주당 주식배당(주),2024-12-31,보통주식,-,api,alotMatter,"{""bsns_year"": ""2024"", ""corp_code"": ""00135917"", ""reprt_code"": ""11011""}",20250331003267,api_row,2026-08-31T15:54:22+09:00,000,run_20260831_152517_0765,raw/alotMatter/00135917_2024_11011.json,8a58cb780fdb6bbbc379f18424dd35c63fb183a39d230b47347c3d131c872c18,10
,,,00135917,한화손해보험,2024,11011,사업보고서,IFRS17,Y,-,"보고서 사업연도 >= 2023 이면 IFRS17, 아니면 IFRS4",-,주당 주식배당(주),2024-12-31,종류주식,-,api,alotMatter,"{""bsns_year"": ""2024"", ""corp_code"": ""00135917"", ""reprt_code"": ""11011""}",20250331003267,api_row,2026-08-31T15:54:22+09:00,000,run_20260831_152517_0765,raw/alotMatter/00135917_2024_11011.json,8a58cb780fdb6bbbc379f18424dd35c63fb183a39d230b47347c3d131c872c18,10
,,,00137517,신한라이프생명보험,2024,11011,사업보고서,IFRS17,E,"5,000","보고서 사업연도 >= 2023 이면 IFRS17, 아니면 IFRS4","5,000",주당액면가액(원),2024-12-31,-,"5,000",api,alotMatter,"{""bsns_year"": ""2024"", ""corp_code"": ""00137517"", ""reprt_code"": ""11011""}",20250331002957,api_row,2026-08-31T15:57:24+09:00,000,run_20260831_152517_0827,raw/alotMatter/00137517_2024_11011.json,1ea34d756e16281597a60063b062700df2e8b026b4cb302577023d3941e83e8e,10
,,,00137517,신한라이프생명보험,2024,11011,사업보고서,IFRS17,E,"472,395","보고서 사업연도 >= 2023 이면 IFRS17, 아니면 IFRS4","463,593",(연결)당기순이익(백만원),2024-12-31,-,"528,401",api,alotMatter,"{""bsns_year"": ""2024"", ""corp_code"": ""00137517"", ""reprt_code"": ""11011""}",20250331002957,api_row,2026-08-31T15:57:24+09:00,000,run_20260831_152517_0827,raw/alotMatter/00137517_2024_11011.json,1ea34d756e16281597a60063b062700df2e8b026b4cb302577023d3941e83e8e,10
,,,00137517,신한라이프생명보험,2024,11011,사업보고서,IFRS17,E,"481,851","보고서 사업연도 >= 2023 이면 IFRS17, 아니면 IFRS4","470,471",(별도)당기순이익(백만원),2024-12-31,-,"533,681",api,alotMatter,"{""bsns_year"": ""2024"", ""corp_code"": ""00137517"", ""reprt_code"": ""11011""}",20250331002957,api_row,2026-08-31T15:57:24+09:00,000,run_20260831_152517_0827,raw/alotMatter/00137517_2024_11011.json,1ea34d756e16281597a60063b062700df2e8b026b4cb302577023d3941e83e8e,10
,,,00137517,신한라이프생명보험,2024,11011,사업보고서,IFRS17,E,"3,991","보고서 사업연도 >= 2023 이면 IFRS17, 아니면 IFRS4","3,915",(연결)주당순이익(원),2024-12-31,-,"4,475",api,alotMatter,"{""bsns_year"": ""2024"", ""corp_code"": ""00137517"", ""reprt_code"": ""11011""}",20250331002957,api_row,2026-08-31T15:57:24+09:00,000,run_20260831_152517_0827,raw/alotMatter/00137517_2024_11011.json,1ea34d756e16281597a60063b062700df2e8b026b4cb302577023d3941e83e8e,10
,,,00137517,신한라이프생명보험,2024,11011,사업보고서,IFRS17,E,"165,338","보고서 사업연도 >= 2023 이면 IFRS17, 아니면 IFRS4","162,257",현금배당금총액(백만원),2024-12-31,-,"528,311",api,alotMatter,"{""bsns_year"": ""2024"", ""corp_code"": ""00137517"", ""reprt_code"": ""11011""}",20250331002957,api_row,2026-08-31T15:57:24+09:00,000,run_20260831_152517_0827,raw/alotMatter/00137517_2024_11011.json,1ea34d756e16281597a60063b062700df2e8b026b4cb302577023d3941e83e8e,10
,,,00137517,신한라이프생명보험,2024,11011,사업보고서,IFRS17,E,-,"보고서 사업연도 >= 2023 이면 IFRS17, 아니면 IFRS4",-,주식배당금총액(백만원),2024-12-31,-,-,api,alotMatter,"{""bsns_year"": ""2024"", ""corp_code"": ""00137517"", ""reprt_code"": ""11011""}",20250331002957,api_row,2026-08-31T15:57:24+09:00,000,run_20260831_152517_0827,raw/alotMatter/00137517_2024_11011.json,1ea34d756e16281597a60063b062700df2e8b026b4cb302577023d3941e83e8e,10
,,,00137517,신한라이프생명보험,2024,11011,사업보고서,IFRS17,E,35.00,"보고서 사업연도 >= 2023 이면 IFRS17, 아니면 IFRS4",35.00,(연결)현금배당성향(%),2024-12-31,-,99.98,api,alotMatter,"{""bsns_year"": ""2024"", ""corp_code"": ""00137517"", ""reprt_code"": ""11011""}",20250331002957,api_row,2026-08-31T15:57:24+09:00,000,run_20260831_152517_0827,raw/alotMatter/00137517_2024_11011.json,1ea34d756e16281597a60063b062700df2e8b026b4cb302577023d3941e83e8e,10
,,,00137517,신한라이프생명보험,2024,11011,사업보고서,IFRS17,E,-,"보고서 사업연도 >= 2023 이면 IFRS17, 아니면 IFRS4",-,현금배당수익률(%),2024-12-31,-,-,api,alotMatter,"{""bsns_year"": ""2024"", ""corp_code"": ""00137517"", ""reprt_code"": ""11011""}",20250331002957,api_row,2026-08-31T15:57:24+09:00,000,run_20260831_152517_0827,raw/alotMatter/00137517_2024_11011.json,1ea34d756e16281597a60063b062700df2e8b026b4cb302577023d3941e83e8e,10
,,,00137517,신한라이프생명보험,2024,11011,사업보고서,IFRS17,E,-,"보고서 사업연도 >= 2023 이면 IFRS17, 아니면 IFRS4",-,현금배당수익률(%),2024-12-31,-,-,api,alotMatter,"{""bsns_year"": ""2024"", ""corp_code"": ""00137517"", ""reprt_code"": ""11011""}",20250331002957,api_row,2026-08-31T15:57:24+09:00,000,run_20260831_152517_0827,raw/alotMatter/00137517_2024_11011.json,1ea34d756e16281597a60063b062700df2e8b026b4cb302577023d3941e83e8e,10
,,,00137517,신한라이프생명보험,2024,11011,사업보고서,IFRS17,E,-,"보고서 사업연도 >= 2023 이면 IFRS17, 아니면 IFRS4",-,주식배당수익률(%),2024-12-31,-,-,api,alotMatter,"{""bsns_year"": ""2024"", ""corp_code"": ""00137517"", ""reprt_code"": ""11011""}",20250331002957,api_row,2026-08-31T15:57:24+09:00,000,run_20260831_152517_0827,raw/alotMatter/00137517_2024_11011.json,1ea34d756e16281597a60063b062700df2e8b026b4cb302577023d3941e83e8e,10
,,,00137517,신한라이프생명보험,2024,11011,사업보고서,IFRS17,E,-,"보고서 사업연도 >= 2023 이면 IFRS17, 아니면 IFRS4",-,주식배당수익률(%),2024-12-31,-,-,api,alotMatter,"{""bsns_year"": ""2024"", ""corp_code"": ""00137517"", ""reprt_code"": ""11011""}",20250331002957,api_row,2026-08-31T15:57:24+09:00,000,run_20260831_152517_0827,raw/alotMatter/00137517_2024_11011.json,1ea34d756e16281597a60063b062700df2e8b026b4cb302577023d3941e83e8e,10
,,,00137517,신한라이프생명보험,2024,11011,사업보고서,IFRS17,E,"1,430","보고서 사업연도 >= 2023 이면 IFRS17, 아니면 IFRS4","1,403",주당 현금배당금(원),2024-12-31,보통주,"4,568",api,alotMatter,"{""bsns_year"": ""2024"", ""corp_code"": ""00137517"", ""reprt_code"": ""11011""}",20250331002957,api_row,2026-08-31T15:57:24+09:00,000,run_20260831_152517_0827,raw/alotMatter/00137517_2024_11011.json,1ea34d756e16281597a60063b062700df2e8b026b4cb302577023d3941e83e8e,10
,,,00137517,신한라이프생명보험,2024,11011,사업보고서,IFRS17,E,-,"보고서 사업연도 >= 2023 이면 IFRS17, 아니면 IFRS4",-,주당 현금배당금(원),2024-12-31,-,-,api,alotMatter,"{""bsns_year"": ""2024"", ""corp_code"": ""00137517"", ""reprt_code"": ""11011""}",20250331002957,api_row,2026-08-31T15:57:24+09:00,000,run_20260831_152517_0827,raw/alotMatter/00137517_2024_11011.json,1ea34d756e16281597a60063b062700df2e8b026b4cb302577023d3941e83e8e,10
,,,00137517,신한라이프생명보험,2024,11011,사업보고서,IFRS17,E,-,"보고서 사업연도 >= 2023 이면 IFRS17, 아니면 IFRS4",-,주당 주식배당(주),2024-12-31,-,-,api,alotMatter,"{""bsns_year"": ""2024"", ""corp_code"": ""00137517"", ""reprt_code"": ""11011""}",20250331002957,api_row,2026-08-31T15:57:24+09:00,000,run_20260831_152517_0827,raw/alotMatter/00137517_2024_11011.json,1ea34d756e16281597a60063b062700df2e8b026b4cb302577023d3941e83e8e,10
,,,00137517,신한라이프생명보험,2024,11011,사업보고서,IFRS17,E,-,"보고서 사업연도 >= 2023 이면 IFRS17, 아니면 IFRS4",-,주당 주식배당(주),2024-12-31,-,-,api,alotMatter,"{""bsns_year"": ""2024"", ""corp_code"": ""00137517"", ""reprt_code"": ""11011""}",20250331002957,api_row,2026-08-31T15:57:24+09:00,000,run_20260831_152517_0827,raw/alotMatter/00137517_2024_11011.json,1ea34d756e16281597a60063b062700df2e8b026b4cb302577023d3941e83e8e,10
,,,00148391,에이비엘생명보험,2024,11011,사업보고서,IFRS17,E,"5,000","보고서 사업연도 >= 2023 이면 IFRS17, 아니면 IFRS4","5,000",주당액면가액(원),2024-12-31,-,"5,000",api,alotMatter,"{""bsns_year"": ""2024"", ""corp_code"": ""00148391"", ""reprt_code"": ""11011""}",20250514001000,api_row,2026-08-31T16:07:29+09:00,000,run_20260831_152517_1137,raw/alotMatter/00148391_2024_11011.json,a6bcec35a5d55bff0da25e79654c6dce165acc4a894b8b67c1a45eb1e76cf9e4,10
,,,00148391,에이비엘생명보험,2024,11011,사업보고서,IFRS17,E,"79,919","보고서 사업연도 >= 2023 이면 IFRS17, 아니면 IFRS4","-28,908",(연결)당기순이익(백만원),2024-12-31,-,"105,104",api,alotMatter,"{""bsns_year"": ""2024"", ""corp_code"": ""00148391"", ""reprt_code"": ""11011""}",20250514001000,api_row,2026-08-31T16:07:29+09:00,000,run_20260831_152517_1137,raw/alotMatter/00148391_2024_11011.json,a6bcec35a5d55bff0da25e79654c6dce165acc4a894b8b67c1a45eb1e76cf9e4,10
,,,00148391,에이비엘생명보험,2024,11011,사업보고서,IFRS17,E,"80,435","보고서 사업연도 >= 2023 이면 IFRS17, 아니면 IFRS4","12,016",(별도)당기순이익(백만원),2024-12-31,-,"104,782",api,alotMatter,"{""bsns_year"": ""2024"", ""corp_code"": ""00148391"", ""reprt_code"": ""11011""}",20250514001000,api_row,2026-08-31T16:07:29+09:00,000,run_20260831_152517_1137,raw/alotMatter/00148391_2024_11011.json,a6bcec35a5d55bff0da25e79654c6dce165acc4a894b8b67c1a45eb1e76cf9e4,10
,,,00148391,에이비엘생명보험,2024,11011,사업보고서,IFRS17,E,"25,724","보고서 사업연도 >= 2023 이면 IFRS17, 아니면 IFRS4","-9,305",(연결)주당순이익(원),2024-12-31,-,"33,831",api,alotMatter,"{""bsns_year"": ""2024"", ""corp_code"": ""00148391"", ""reprt_code"": ""11011""}",20250514001000,api_row,2026-08-31T16:07:29+09:00,000,run_20260831_152517_1137,raw/alotMatter/00148391_2024_11011.json,a6bcec35a5d55bff0da25e79654c6dce165acc4a894b8b67c1a45eb1e76cf9e4,10
,,,00148391,에이비엘생명보험,2024,11011,사업보고서,IFRS17,E,-,"보고서 사업연도 >= 2023 이면 IFRS17, 아니면 IFRS4",-,현금배당금총액(백만원),2024-12-31,-,-,api,alotMatter,"{""bsns_year"": ""2024"", ""corp_code"": ""00148391"", ""reprt_code"": ""11011""}",20250514001000,api_row,2026-08-31T16:07:29+09:00,000,run_20260831_152517_1137,raw/alotMatter/00148391_2024_11011.json,a6bcec35a5d55bff0da25e79654c6dce165acc4a894b8b67c1a45eb1e76cf9e4,10
,,,00148391,에이비엘생명보험,2024,11011,사업보고서,IFRS17,E,-,"보고서 사업연도 >= 2023 이면 IFRS17, 아니면 IFRS4",-,주식배당금총액(백만원),2024-12-31,-,-,api,alotMatter,"{""bsns_year"": ""2024"", ""corp_code"": ""00148391"", ""reprt_code"": ""11011""}",20250514001000,api_row,2026-08-31T16:07:29+09:00,000,run_20260831_152517_1137,raw/alotMatter/00148391_2024_11011.json,a6bcec35a5d55bff0da25e79654c6dce165acc4a894b8b67c1a45eb1e76cf9e4,10
,,,00148391,에이비엘생명보험,2024,11011,사업보고서,IFRS17,E,-,"보고서 사업연도 >= 2023 이면 IFRS17, 아니면 IFRS4",-,(연결)현금배당성향(%),2024-12-31,-,-,api,alotMatter,"{""bsns_year"": ""2024"", ""corp_code"": ""00148391"", ""reprt_code"": ""11011""}",20250514001000,api_row,2026-08-31T16:07:29+09:00,000,run_20260831_152517_1137,raw/alotMatter/00148391_2024_11011.json,a6bcec35a5d55bff0da25e79654c6dce165acc4a894b8b67c1a45eb1e76cf9e4,10
,,,00148391,에이비엘생명보험,2024,11011,사업보고서,IFRS17,E,-,"보고서 사업연도 >= 2023 이면 IFRS17, 아니면 IFRS4",-,현금배당수익률(%),2024-12-31,-,-,api,alotMatter,"{""bsns_year"": ""2024"", ""corp_code"": ""00148391"", ""reprt_code"": ""11011""}",20250514001000,api_row,2026-08-31T16:07:29+09:00,000,run_20260831_152517_1137,raw/alotMatter/00148391_2024_11011.json,a6bcec35a5d55bff0da25e79654c6dce165acc4a894b8b67c1a45eb1e76cf9e4,10
,,,00148391,에이비엘생명보험,2024,11011,사업보고서,IFRS17,E,-,"보고서 사업연도 >= 2023 이면 IFRS17, 아니면 IFRS4",-,현금배당수익률(%),2024-12-31,-,-,api,alotMatter,"{""bsns_year"": ""2024"", ""corp_code"": ""00148391"", ""reprt_code"": ""11011""}",20250514001000,api_row,2026-08-31T16:07:29+09:00,000,run_20260831_152517_1137,raw/alotMatter/00148391_2024_11011.json,a6bcec35a5d55bff0da25e79654c6dce165acc4a894b8b67c1a45eb1e76cf9e4,10
,,,00148391,에이비엘생명보험,2024,11011,사업보고서,IFRS17,E,-,"보고서 사업연도 >= 2023 이면 IFRS17, 아니면 IFRS4",-,주식배당수익률(%),2024-12-31,-,-,api,alotMatter,"{""bsns_year"": ""2024"", ""corp_code"": ""00148391"", ""reprt_code"": ""11011""}",20250514001000,api_row,2026-08-31T16:07:29+09:00,000,run_20260831_152517_1137,raw/alotMatter/00148391_2024_11011.json,a6bcec35a5d55bff0da25e79654c6dce165acc4a894b8b67c1a45eb1e76cf9e4,10
,,,00148391,에이비엘생명보험,2024,11011,사업보고서,IFRS17,E,-,"보고서 사업연도 >= 2023 이면 IFRS17, 아니면 IFRS4",-,주식배당수익률(%),2024-12-31,-,-,api,alotMatter,"{""bsns_year"": ""2024"", ""corp_code"": ""00148391"", ""reprt_code"": ""11011""}",20250514001000,api_row,2026-08-31T16:07:29+09:00,000,run_20260831_152517_1137,raw/alotMatter/00148391_2024_11011.json,a6bcec35a5d55bff0da25e79654c6dce165acc4a894b8b67c1a45eb1e76cf9e4,10
,,,00148391,에이비엘생명보험,2024,11011,사업보고서,IFRS17,E,-,"보고서 사업연도 >= 2023 이면 IFRS17, 아니면 IFRS4",-,주당 현금배당금(원),2024-12-31,-,-,api,alotMatter,"{""bsns_year"": ""2024"", ""corp_code"": ""00148391"", ""reprt_code"": ""11011""}",20250514001000,api_row,2026-08-31T16:07:29+09:00,000,run_20260831_152517_1137,raw/alotMatter/00148391_2024_11011.json,a6bcec35a5d55bff0da25e79654c6dce165acc4a894b8b67c1a45eb1e76cf9e4,10
,,,00148391,에이비엘생명보험,2024,11011,사업보고서,IFRS17,E,-,"보고서 사업연도 >= 2023 이면 IFRS17, 아니면 IFRS4",-,주당 현금배당금(원),2024-12-31,-,-,api,alotMatter,"{""bsns_year"": ""2024"", ""corp_code"": ""00148391"", ""reprt_code"": ""11011""}",20250514001000,api_row,2026-08-31T16:07:29+09:00,000,run_20260831_152517_1137,raw/alotMatter/00148391_2024_11011.json,a6bcec35a5d55bff0da25e79654c6dce165acc4a894b8b67c1a45eb1e76cf9e4,10
,,,00148391,에이비엘생명보험,2024,11011,사업보고서,IFRS17,E,-,"보고서 사업연도 >= 2023 이면 IFRS17, 아니면 IFRS4",-,주당 주식배당(주),2024-12-31,-,-,api,alotMatter,"{""bsns_year"": ""2024"", ""corp_code"": ""00148391"", ""reprt_code"": ""11011""}",20250514001000,api_row,2026-08-31T16:07:29+09:00,000,run_20260831_152517_1137,raw/alotMatter/00148391_2024_11011.json,a6bcec35a5d55bff0da25e79654c6dce165acc4a894b8b67c1a45eb1e76cf9e4,10
,,,00148391,에이비엘생명보험,2024,11011,사업보고서,IFRS17,E,-,"보고서 사업연도 >= 2023 이면 IFRS17, 아니면 IFRS4",-,주당 주식배당(주),2024-12-31,-,-,api,alotMatter,"{""bsns_year"": ""2024"", ""corp_code"": ""00148391"", ""reprt_code"": ""11011""}",20250514001000,api_row,2026-08-31T16:07:29+09:00,000,run_20260831_152517_1137,raw/alotMatter/00148391_2024_11011.json,a6bcec35a5d55bff0da25e79654c6dce165acc4a894b8b67c1a45eb1e76cf9e4,10
,,,00160393,케이비라이프생명보험,2024,11011,사업보고서,IFRS17,E,"10,000","보고서 사업연도 >= 2023 이면 IFRS17, 아니면 IFRS4","10,000",주당액면가액(원),2024-12-31,-,"10,000",api,alotMatter,"{""bsns_year"": ""2024"", ""corp_code"": ""00160393"", ""reprt_code"": ""11011""}",20250428000500,api_row,2026-08-31T16:04:07+09:00,000,run_20260831_152517_1013,raw/alotMatter/00160393_2024_11011.json,d99ce76692b25cc00b4017c3db471c44079635603b0eb18cd1a9a4072a27d57f,10
,,,00160393,케이비라이프생명보험,2024,11011,사업보고서,IFRS17,E,"234,103","보고서 사업연도 >= 2023 이면 IFRS17, 아니면 IFRS4","207,366",(연결)당기순이익(백만원),2024-12-31,-,"269,404",api,alotMatter,"{""bsns_year"": ""2024"", ""corp_code"": ""00160393"", ""reprt_code"": ""11011""}",20250428000500,api_row,2026-08-31T16:04:07+09:00,000,run_20260831_152517_1013,raw/alotMatter/00160393_2024_11011.json,d99ce76692b25cc00b4017c3db471c44079635603b0eb18cd1a9a4072a27d57f,10
,,,00160393,케이비라이프생명보험,2024,11011,사업보고서,IFRS17,E,"236,403","보고서 사업연도 >= 2023 이면 IFRS17, 아니면 IFRS4","203,257",(별도)당기순이익(백만원),2024-12-31,-,"299,878",api,alotMatter,"{""bsns_year"": ""2024"", ""corp_code"": ""00160393"", ""reprt_code"": ""11011""}",20250428000500,api_row,2026-08-31T16:04:07+09:00,000,run_20260831_152517_1013,raw/alotMatter/00160393_2024_11011.json,d99ce76692b25cc00b4017c3db471c44079635603b0eb18cd1a9a4072a27d57f,10
,,,00160393,케이비라이프생명보험,2024,11011,사업보고서,IFRS17,E,"14,449","보고서 사업연도 >= 2023 이면 IFRS17, 아니면 IFRS4","13,824",(연결)주당순이익(원),2024-12-31,-,"16,628",api,alotMatter,"{""bsns_year"": ""2024"", ""corp_code"": ""00160393"", ""reprt_code"": ""11011""}",20250428000500,api_row,2026-08-31T16:04:07+09:00,000,run_20260831_152517_1013,raw/alotMatter/00160393_2024_11011.json,d99ce76692b25cc00b4017c3db471c44079635603b0eb18cd1a9a4072a27d57f,10
,,,00160393,케이비라이프생명보험,2024,11011,사업보고서,IFRS17,E,-,"보고서 사업연도 >= 2023 이면 IFRS17, 아니면 IFRS4","100,000",현금배당금총액(백만원),2024-12-31,-,"280,000",api,alotMatter,"{""bsns_year"": ""2024"", ""corp_code"": ""00160393"", ""reprt_code"": ""11011""}",20250428000500,api_row,2026-08-31T16:04:07+09:00,000,run_20260831_152517_1013,raw/alotMatter/00160393_2024_11011.json,d99ce76692b25cc00b4017c3db471c44079635603b0eb18cd1a9a4072a27d57f,10
,,,00160393,케이비라이프생명보험,2024,11011,사업보고서,IFRS17,E,-,"보고서 사업연도 >= 2023 이면 IFRS17, 아니면 IFRS4",-,주식배당금총액(백만원),2024-12-31,-,-,api,alotMatter,"{""bsns_year"": ""2024"", ""corp_code"": ""00160393"", ""reprt_code"": ""11011""}",20250428000500,api_row,2026-08-31T16:04:07+09:00,000,run_20260831_152517_1013,raw/alotMatter/00160393_2024_11011.json,d99ce76692b25cc00b4017c3db471c44079635603b0eb18cd1a9a4072a27d57f,10
,,,00160393,케이비라이프생명보험,2024,11011,사업보고서,IFRS17,E,-,"보고서 사업연도 >= 2023 이면 IFRS17, 아니면 IFRS4",48.20,(연결)현금배당성향(%),2024-12-31,-,103.90,api,alotMatter,"{""bsns_year"": ""2024"", ""corp_code"": ""00160393"", ""reprt_code"": ""11011""}",20250428000500,api_row,2026-08-31T16:04:07+09:00,000,run_20260831_152517_1013,raw/alotMatter/00160393_2024_11011.json,d99ce76692b25cc00b4017c3db471c44079635603b0eb18cd1a9a4072a27d57f,10
,,,00160393,케이비라이프생명보험,2024,11011,사업보고서,IFRS17,E,-,"보고서 사업연도 >= 2023 이면 IFRS17, 아니면 IFRS4",-,현금배당수익률(%),2024-12-31,보통주,-,api,alotMatter,"{""bsns_year"": ""2024"", ""corp_code"": ""00160393"", ""reprt_code"": ""11011""}",20250428000500,api_row,2026-08-31T16:04:07+09:00,000,run_20260831_152517_1013,raw/alotMatter/00160393_2024_11011.json,d99ce76692b25cc00b4017c3db471c44079635603b0eb18cd1a9a4072a27d57f,10
,,,00160393,케이비라이프생명보험,2024,11011,사업보고서,IFRS17,E,-,"보고서 사업연도 >= 2023 이면 IFRS17, 아니면 IFRS4",-,현금배당수익률(%),2024-12-31,-,-,api,alotMatter,"{""bsns_year"": ""2024"", ""corp_code"": ""00160393"", ""reprt_code"": ""11011""}",20250428000500,api_row,2026-08-31T16:04:07+09:00,000,run_20260831_152517_1013,raw/alotMatter/00160393_2024_11011.json,d99ce76692b25cc00b4017c3db471c44079635603b0eb18cd1a9a4072a27d57f,10
,,,00160393,케이비라이프생명보험,2024,11011,사업보고서,IFRS17,E,-,"보고서 사업연도 >= 2023 이면 IFRS17, 아니면 IFRS4",-,주식배당수익률(%),2024-12-31,-,-,api,alotMatter,"{""bsns_year"": ""2024"", ""corp_code"": ""00160393"", ""reprt_code"": ""11011""}",20250428000500,api_row,2026-08-31T16:04:07+09:00,000,run_20260831_152517_1013,raw/alotMatter/00160393_2024_11011.json,d99ce76692b25cc00b4017c3db471c44079635603b0eb18cd1a9a4072a27d57f,10
,,,00160393,케이비라이프생명보험,2024,11011,사업보고서,IFRS17,E,-,"보고서 사업연도 >= 2023 이면 IFRS17, 아니면 IFRS4",-,주식배당수익률(%),2024-12-31,-,-,api,alotMatter,"{""bsns_year"": ""2024"", ""corp_code"": ""00160393"", ""reprt_code"": ""11011""}",20250428000500,api_row,2026-08-31T16:04:07+09:00,000,run_20260831_152517_1013,raw/alotMatter/00160393_2024_11011.json,d99ce76692b25cc00b4017c3db471c44079635603b0eb18cd1a9a4072a27d57f,10
,,,00160393,케이비라이프생명보험,2024,11011,사업보고서,IFRS17,E,-,"보고서 사업연도 >= 2023 이면 IFRS17, 아니면 IFRS4","6,667",주당 현금배당금(원),2024-12-31,보통주,"17,282",api,alotMatter,"{""bsns_year"": ""2024"", ""corp_code"": ""00160393"", ""reprt_code"": ""11011""}",20250428000500,api_row,2026-08-31T16:04:07+09:00,000,run_20260831_152517_1013,raw/alotMatter/00160393_2024_11011.json,d99ce76692b25cc00b4017c3db471c44079635603b0eb18cd1a9a4072a27d57f,10
,,,00160393,케이비라이프생명보험,2024,11011,사업보고서,IFRS17,E,-,"보고서 사업연도 >= 2023 이면 IFRS17, 아니면 IFRS4",-,주당 현금배당금(원),2024-12-31,-,-,api,alotMatter,"{""bsns_year"": ""2024"", ""corp_code"": ""00160393"", ""reprt_code"": ""11011""}",20250428000500,api_row,2026-08-31T16:04:07+09:00,000,run_20260831_152517_1013,raw/alotMatter/00160393_2024_11011.json,d99ce76692b25cc00b4017c3db471c44079635603b0eb18cd1a9a4072a27d57f,10
,,,00160393,케이비라이프생명보험,2024,11011,사업보고서,IFRS17,E,-,"보고서 사업연도 >= 2023 이면 IFRS17, 아니면 IFRS4",-,주당 주식배당(주),2024-12-31,-,-,api,alotMatter,"{""bsns_year"": ""2024"", ""corp_code"": ""00160393"", ""reprt_code"": ""11011""}",20250428000500,api_row,2026-08-31T16:04:07+09:00,000,run_20260831_152517_1013,raw/alotMatter/00160393_2024_11011.json,d99ce76692b25cc00b4017c3db471c44079635603b0eb18cd1a9a4072a27d57f,10
,,,00160393,케이비라이프생명보험,2024,11011,사업보고서,IFRS17,E,-,"보고서 사업연도 >= 2023 이면 IFRS17, 아니면 IFRS4",-,주당 주식배당(주),2024-12-31,-,-,api,alotMatter,"{""bsns_year"": ""2024"", ""corp_code"": ""00160393"", ""reprt_code"": ""11011""}",20250428000500,api_row,2026-08-31T16:04:07+09:00,000,run_20260831_152517_1013,raw/alotMatter/00160393_2024_11011.json,d99ce76692b25cc00b4017c3db471c44079635603b0eb18cd1a9a4072a27d57f,10
,,,00160393,케이비라이프생명보험,2024,11011,사업보고서,IFRS17,E,-,"보고서 사업연도 >= 2023 이면 IFRS17, 아니면 IFRS4",-,주당 주식배당(주),2024-12-31,-,-,api,alotMatter,"{""bsns_year"": ""2024"", ""corp_code"": ""00160393"", ""reprt_code"": ""11011""}",20250428000500,api_row,2026-08-31T16:04:07+09:00,000,run_20260831_152517_1013,raw/alotMatter/00160393_2024_11011.json,d99ce76692b25cc00b4017c3db471c44079635603b0eb18cd1a9a4072a27d57f,10
,,,00382199,신한지주,2024,11011,사업보고서,IFRS17,Y,"5,000","보고서 사업연도 >= 2023 이면 IFRS17, 아니면 IFRS4","5,000",주당액면가액(원),2024-12-31,-,"5,000",api,alotMatter,"{""bsns_year"": ""2024"", ""corp_code"": ""00382199"", ""reprt_code"": ""11011""}",20250318000993,api_row,2026-08-31T15:33:29+09:00,000,run_20260831_152517_0217,raw/alotMatter/00382199_2024_11011.json,b00a6e2ee9009731530729d5fd571bc2fd0112aba2f6a10b3e1a23f15a5be5d9,10
,,,00382199,신한지주,2024,11011,사업보고서,IFRS17,Y,"4,368,035","보고서 사업연도 >= 2023 이면 IFRS17, 아니면 IFRS4","4,665,643",(연결)당기순이익(백만원),2024-12-31,-,"4,450,177",api,alotMatter,"{""bsns_year"": ""2024"", ""corp_code"": ""00382199"", ""reprt_code"": ""11011""}",20250318000993,api_row,2026-08-31T15:33:29+09:00,000,run_20260831_152517_0217,raw/alotMatter/00382199_2024_11011.json,b00a6e2ee9009731530729d5fd571bc2fd0112aba2f6a10b3e1a23f15a5be5d9,10
,,,00382199,신한지주,2024,11011,사업보고서,IFRS17,Y,"1,671,011","보고서 사업연도 >= 2023 이면 IFRS17, 아니면 IFRS4","1,249,251",(별도)당기순이익(백만원),2024-12-31,-,"1,619,867",api,alotMatter,"{""bsns_year"": ""2024"", ""corp_code"": ""00382199"", ""reprt_code"": ""11011""}",20250318000993,api_row,2026-08-31T15:33:29+09:00,000,run_20260831_152517_0217,raw/alotMatter/00382199_2024_11011.json,b00a6e2ee9009731530729d5fd571bc2fd0112aba2f6a10b3e1a23f15a5be5d9,10
,,,00382199,신한지주,2024,11011,사업보고서,IFRS17,Y,"8,048","보고서 사업연도 >= 2023 이면 IFRS17, 아니면 IFRS4","8,498",(연결)주당순이익(원),2024-12-31,-,"8,441",api,alotMatter,"{""bsns_year"": ""2024"", ""corp_code"": ""00382199"", ""reprt_code"": ""11011""}",20250318000993,api_row,2026-08-31T15:33:29+09:00,000,run_20260831_152517_0217,raw/alotMatter/00382199_2024_11011.json,b00a6e2ee9009731530729d5fd571bc2fd0112aba2f6a10b3e1a23f15a5be5d9,10
,,,00382199,신한지주,2024,11011,사업보고서,IFRS17,Y,"1,086,317","보고서 사업연도 >= 2023 이면 IFRS17, 아니면 IFRS4","1,092,813",현금배당금총액(백만원),2024-12-31,-,"1,088,042",api,alotMatter,"{""bsns_year"": ""2024"", ""corp_code"": ""00382199"", ""reprt_code"": ""11011""}",20250318000993,api_row,2026-08-31T15:33:29+09:00,000,run_20260831_152517_0217,raw/alotMatter/00382199_2024_11011.json,b00a6e2ee9009731530729d5fd571bc2fd0112aba2f6a10b3e1a23f15a5be5d9,10
,,,00382199,신한지주,2024,11011,사업보고서,IFRS17,Y,-,"보고서 사업연도 >= 2023 이면 IFRS17, 아니면 IFRS4",-,주식배당금총액(백만원),2024-12-31,-,-,api,alotMatter,"{""bsns_year"": ""2024"", ""corp_code"": ""00382199"", ""reprt_code"": ""11011""}",20250318000993,api_row,2026-08-31T15:33:29+09:00,000,run_20260831_152517_0217,raw/alotMatter/00382199_2024_11011.json,b00a6e2ee9009731530729d5fd571bc2fd0112aba2f6a10b3e1a23f15a5be5d9,10
,,,00382199,신한지주,2024,11011,사업보고서,IFRS17,Y,24.87,"보고서 사업연도 >= 2023 이면 IFRS17, 아니면 IFRS4",23.42,(연결)현금배당성향(%),2024-12-31,-,24.45,api,alotMatter,"{""bsns_year"": ""2024"", ""corp_code"": ""00382199"", ""reprt_code"": ""11011""}",20250318000993,api_row,2026-08-31T15:33:29+09:00,000,run_20260831_152517_0217,raw/alotMatter/00382199_2024_11011.json,b00a6e2ee9009731530729d5fd571bc2fd0112aba2f6a10b3e1a23f15a5be5d9,10
,,,00382199,신한지주,2024,11011,사업보고서,IFRS17,Y,4.87,"보고서 사업연도 >= 2023 이면 IFRS17, 아니면 IFRS4",5.49,현금배당수익률(%),2024-12-31,보통주,4.26,api,alotMatter,"{""bsns_year"": ""2024"", ""corp_code"": ""00382199"", ""reprt_code"": ""11011""}",20250318000993,api_row,2026-08-31T15:33:29+09:00,000,run_20260831_152517_0217,raw/alotMatter/00382199_2024_11011.json,b00a6e2ee9009731530729d5fd571bc2fd0112aba2f6a10b3e1a23f15a5be5d9,10
,,,00382199,신한지주,2024,11011,사업보고서,IFRS17,Y,-,"보고서 사업연도 >= 2023 이면 IFRS17, 아니면 IFRS4",-,현금배당수익률(%),2024-12-31,우선주,-,api,alotMatter,"{""bsns_year"": ""2024"", ""corp_code"": ""00382199"", ""reprt_code"": ""11011""}",20250318000993,api_row,2026-08-31T15:33:29+09:00,000,run_20260831_152517_0217,raw/alotMatter/00382199_2024_11011.json,b00a6e2ee9009731530729d5fd571bc2fd0112aba2f6a10b3e1a23f15a5be5d9,10
,,,00382199,신한지주,2024,11011,사업보고서,IFRS17,Y,-,"보고서 사업연도 >= 2023 이면 IFRS17, 아니면 IFRS4",-,주식배당수익률(%),2024-12-31,보통주,-,api,alotMatter,"{""bsns_year"": ""2024"", ""corp_code"": ""00382199"", ""reprt_code"": ""11011""}",20250318000993,api_row,2026-08-31T15:33:29+09:00,000,run_20260831_152517_0217,raw/alotMatter/00382199_2024_11011.json,b00a6e2ee9009731530729d5fd571bc2fd0112aba2f6a10b3e1a23f15a5be5d9,10
,,,00382199,신한지주,2024,11011,사업보고서,IFRS17,Y,-,"보고서 사업연도 >= 2023 이면 IFRS17, 아니면 IFRS4",-,주식배당수익률(%),2024-12-31,우선주,-,api,alotMatter,"{""bsns_year"": ""2024"", ""corp_code"": ""00382199"", ""reprt_code"": ""11011""}",20250318000993,api_row,2026-08-31T15:33:29+09:00,000,run_20260831_152517_0217,raw/alotMatter/00382199_2024_11011.json,b00a6e2ee9009731530729d5fd571bc2fd0112aba2f6a10b3e1a23f15a5be5d9,10
,,,00382199,신한지주,2024,11011,사업보고서,IFRS17,Y,"2,100","보고서 사업연도 >= 2023 이면 IFRS17, 아니면 IFRS4","2,065",주당 현금배당금(원),2024-12-31,보통주,"2,160",api,alotMatter,"{""bsns_year"": ""2024"", ""corp_code"": ""00382199"", ""reprt_code"": ""11011""}",20250318000993,api_row,2026-08-31T15:33:29+09:00,000,run_20260831_152517_0217,raw/alotMatter/00382199_2024_11011.json,b00a6e2ee9009731530729d5fd571bc2fd0112aba2f6a10b3e1a23f15a5be5d9,10
,,,00382199,신한지주,2024,11011,사업보고서,IFRS17,Y,525,"보고서 사업연도 >= 2023 이면 IFRS17, 아니면 IFRS4","2,065",주당 현금배당금(원),2024-12-31,우선주,-,api,alotMatter,"{""bsns_year"": ""2024"", ""corp_code"": ""00382199"", ""reprt_code"": ""11011""}",20250318000993,api_row,2026-08-31T15:33:29+09:00,000,run_20260831_152517_0217,raw/alotMatter/00382199_2024_11011.json,b00a6e2ee9009731530729d5fd571bc2fd0112aba2f6a10b3e1a23f15a5be5d9,10
,,,00382199,신한지주,2024,11011,사업보고서,IFRS17,Y,-,"보고서 사업연도 >= 2023 이면 IFRS17, 아니면 IFRS4",-,주당 주식배당(주),2024-12-31,보통주,-,api,alotMatter,"{""bsns_year"": ""2024"", ""corp_code"": ""00382199"", ""reprt_code"": ""11011""}",20250318000993,api_row,2026-08-31T15:33:29+09:00,000,run_20260831_152517_0217,raw/alotMatter/00382199_2024_11011.json,b00a6e2ee9009731530729d5fd571bc2fd0112aba2f6a10b3e1a23f15a5be5d9,10
,,,00382199,신한지주,2024,11011,사업보고서,IFRS17,Y,-,"보고서 사업연도 >= 2023 이면 IFRS17, 아니면 IFRS4",-,주당 주식배당(주),2024-12-31,우선주,-,api,alotMatter,"{""bsns_year"": ""2024"", ""corp_code"": ""00382199"", ""reprt_code"": ""11011""}",20250318000993,api_row,2026-08-31T15:33:29+09:00,000,run_20260831_152517_0217,raw/alotMatter/00382199_2024_11011.json,b00a6e2ee9009731530729d5fd571bc2fd0112aba2f6a10b3e1a23f15a5be5d9,10
,,,00688996,KB금융,2024,11011,사업보고서,IFRS17,Y,"5,000","보고서 사업연도 >= 2023 이면 IFRS17, 아니면 IFRS4","5,000",주당액면가액(원),2024-12-31,-,"5,000",api,alotMatter,"{""bsns_year"": ""2024"", ""corp_code"": ""00688996"", ""reprt_code"": ""11011""}",20260324000822,api_row,2026-08-31T15:37:24+09:00,000,run_20260831_152517_0326,raw/alotMatter/00688996_2024_11011.json,a23b99a71608ad043a640edb09386098136ad27022f6e84482076d74bdaed18f,10
,,,00688996,KB금융,2024,11011,사업보고서,IFRS17,Y,"4,631,932","보고서 사업연도 >= 2023 이면 IFRS17, 아니면 IFRS4","4,394,830",(연결)당기순이익(백만원),2024-12-31,-,"5,078,221",api,alotMatter,"{""bsns_year"": ""2024"", ""corp_code"": ""00688996"", ""reprt_code"": ""11011""}",20260324000822,api_row,2026-08-31T15:37:24+09:00,000,run_20260831_152517_0326,raw/alotMatter/00688996_2024_11011.json,a23b99a71608ad043a640edb09386098136ad27022f6e84482076d74bdaed18f,10
,,,00688996,KB금융,2024,11011,사업보고서,IFRS17,Y,"2,121,244","보고서 사업연도 >= 2023 이면 IFRS17, 아니면 IFRS4","1,684,512",(별도)당기순이익(백만원),2024-12-31,-,"2,170,597",api,alotMatter,"{""bsns_year"": ""2024"", ""corp_code"": ""00688996"", ""reprt_code"": ""11011""}",20260324000822,api_row,2026-08-31T15:37:24+09:00,000,run_20260831_152517_0326,raw/alotMatter/00688996_2024_11011.json,a23b99a71608ad043a640edb09386098136ad27022f6e84482076d74bdaed18f,10
,,,00688996,KB금융,2024,11011,사업보고서,IFRS17,Y,"11,580","보고서 사업연도 >= 2023 이면 IFRS17, 아니면 IFRS4","10,955",(연결)주당순이익(원),2024-12-31,-,"13,407",api,alotMatter,"{""bsns_year"": ""2024"", ""corp_code"": ""00688996"", ""reprt_code"": ""11011""}",20260324000822,api_row,2026-08-31T15:37:24+09:00,000,run_20260831_152517_0326,raw/alotMatter/00688996_2024_11011.json,a23b99a71608ad043a640edb09386098136ad27022f6e84482076d74bdaed18f,10
,,,00688996,KB금융,2024,11011,사업보고서,IFRS17,Y,"1,173,937","보고서 사업연도 >= 2023 이면 IFRS17, 아니면 IFRS4","1,149,421",현금배당금총액(백만원),2024-12-31,-,"1,198,257",api,alotMatter,"{""bsns_year"": ""2024"", ""corp_code"": ""00688996"", ""reprt_code"": ""11011""}",20260324000822,api_row,2026-08-31T15:37:24+09:00,000,run_20260831_152517_0326,raw/alotMatter/00688996_2024_11011.json,a23b99a71608ad043a640edb09386098136ad27022f6e84482076d74bdaed18f,10
,,,00688996,KB금융,2024,11011,사업보고서,IFRS17,Y,-,"보고서 사업연도 >= 2023 이면 IFRS17, 아니면 IFRS4",-,주식배당금총액(백만원),2024-12-31,-,-,api,alotMatter,"{""bsns_year"": ""2024"", ""corp_code"": ""00688996"", ""reprt_code"": ""11011""}",20260324000822,api_row,2026-08-31T15:37:24+09:00,000,run_20260831_152517_0326,raw/alotMatter/00688996_2024_11011.json,a23b99a71608ad043a640edb09386098136ad27022f6e84482076d74bdaed18f,10
,,,00688996,KB금융,2024,11011,사업보고서,IFRS17,Y,25.30,"보고서 사업연도 >= 2023 이면 IFRS17, 아니면 IFRS4",26.00,(연결)현금배당성향(%),2024-12-31,-,23.60,api,alotMatter,"{""bsns_year"": ""2024"", ""corp_code"": ""00688996"", ""reprt_code"": ""11011""}",20260324000822,api_row,2026-08-31T15:37:24+09:00,000,run_20260831_152517_0326,raw/alotMatter/00688996_2024_11011.json,a23b99a71608ad043a640edb09386098136ad27022f6e84482076d74bdaed18f,10
,,,00688996,KB금융,2024,11011,사업보고서,IFRS17,Y,4.90,"보고서 사업연도 >= 2023 이면 IFRS17, 아니면 IFRS4",5.80,현금배당수익률(%),2024-12-31,-,3.50,api,alotMatter,"{""bsns_year"": ""2024"", ""corp_code"": ""00688996"", ""reprt_code"": ""11011""}",20260324000822,api_row,2026-08-31T15:37:24+09:00,000,run_20260831_152517_0326,raw/alotMatter/00688996_2024_11011.json,a23b99a71608ad043a640edb09386098136ad27022f6e84482076d74bdaed18f,10
,,,00688996,KB금융,2024,11011,사업보고서,IFRS17,Y,-,"보고서 사업연도 >= 2023 이면 IFRS17, 아니면 IFRS4",-,현금배당수익률(%),2024-12-31,-,-,api,alotMatter,"{""bsns_year"": ""2024"", ""corp_code"": ""00688996"", ""reprt_code"": ""11011""}",20260324000822,api_row,2026-08-31T15:37:24+09:00,000,run_20260831_152517_0326,raw/alotMatter/00688996_2024_11011.json,a23b99a71608ad043a640edb09386098136ad27022f6e84482076d74bdaed18f,10
,,,00688996,KB금융,2024,11011,사업보고서,IFRS17,Y,-,"보고서 사업연도 >= 2023 이면 IFRS17, 아니면 IFRS4",-,주식배당수익률(%),2024-12-31,-,-,api,alotMatter,"{""bsns_year"": ""2024"", ""corp_code"": ""00688996"", ""reprt_code"": ""11011""}",20260324000822,api_row,2026-08-31T15:37:24+09:00,000,run_20260831_152517_0326,raw/alotMatter/00688996_2024_11011.json,a23b99a71608ad043a640edb09386098136ad27022f6e84482076d74bdaed18f,10
,,,00688996,KB금융,2024,11011,사업보고서,IFRS17,Y,-,"보고서 사업연도 >= 2023 이면 IFRS17, 아니면 IFRS4",-,주식배당수익률(%),2024-12-31,-,-,api,alotMatter,"{""bsns_year"": ""2024"", ""corp_code"": ""00688996"", ""reprt_code"": ""11011""}",20260324000822,api_row,2026-08-31T15:37:24+09:00,000,run_20260831_152517_0326,raw/alotMatter/00688996_2024_11011.json,a23b99a71608ad043a640edb09386098136ad27022f6e84482076d74bdaed18f,10
,,,00688996,KB금융,2024,11011,사업보고서,IFRS17,Y,"3,060","보고서 사업연도 >= 2023 이면 IFRS17, 아니면 IFRS4","2,950",주당 현금배당금(원),2024-12-31,-,"3,174",api,alotMatter,"{""bsns_year"": ""2024"", ""corp_code"": ""00688996"", ""reprt_code"": ""11011""}",20260324000822,api_row,2026-08-31T15:37:24+09:00,000,run_20260831_152517_0326,raw/alotMatter/00688996_2024_11011.json,a23b99a71608ad043a640edb09386098136ad27022f6e84482076d74bdaed18f,10
,,,00688996,KB금융,2024,11011,사업보고서,IFRS17,Y,-,"보고서 사업연도 >= 2023 이면 IFRS17, 아니면 IFRS4",-,주당 현금배당금(원),2024-12-31,-,-,api,alotMatter,"{""bsns_year"": ""2024"", ""corp_code"": ""00688996"", ""reprt_code"": ""11011""}",20260324000822,api_row,2026-08-31T15:37:24+09:00,000,run_20260831_152517_0326,raw/alotMatter/00688996_2024_11011.json,a23b99a71608ad043a640edb09386098136ad27022f6e84482076d74bdaed18f,10
,,,00688996,KB금융,2024,11011,사업보고서,IFRS17,Y,-,"보고서 사업연도 >= 2023 이면 IFRS17, 아니면 IFRS4",-,주당 주식배당(주),2024-12-31,-,-,api,alotMatter,"{""bsns_year"": ""2024"", ""corp_code"": ""00688996"", ""reprt_code"": ""11011""}",20260324000822,api_row,2026-08-31T15:37:24+09:00,000,run_20260831_152517_0326,raw/alotMatter/00688996_2024_11011.json,a23b99a71608ad043a640edb09386098136ad27022f6e84482076d74bdaed18f,10
,,,00688996,KB금융,2024,11011,사업보고서,IFRS17,Y,-,"보고서 사업연도 >= 2023 이면 IFRS17, 아니면 IFRS4",-,주당 주식배당(주),2024-12-31,-,-,api,alotMatter,"{""bsns_year"": ""2024"", ""corp_code"": ""00688996"", ""reprt_code"": ""11011""}",20260324000822,api_row,2026-08-31T15:37:24+09:00,000,run_20260831_152517_0326,raw/alotMatter/00688996_2024_11011.json,a23b99a71608ad043a640edb09386098136ad27022f6e84482076d74bdaed18f,10
,,,00878915,iM금융지주,2024,11011,사업보고서,IFRS17,Y,"5,000","보고서 사업연도 >= 2023 이면 IFRS17, 아니면 IFRS4","5,000",주당액면가액(원),2024-12-31,-,"5,000",api,alotMatter,"{""bsns_year"": ""2024"", ""corp_code"": ""00878915"", ""reprt_code"": ""11011""}",20250318000693,api_row,2026-08-31T15:41:08+09:00,000,run_20260831_152517_0443,raw/alotMatter/00878915_2024_11011.json,983c40618d15544c258bf6ec19dae92c543e021240de3ff49c834ff3b44b773c,10
,,,00878915,iM금융지주,2024,11011,사업보고서,IFRS17,Y,"387,839","보고서 사업연도 >= 2023 이면 IFRS17, 아니면 IFRS4","410,524",(연결)당기순이익(백만원),2024-12-31,-,"214,876",api,alotMatter,"{""bsns_year"": ""2024"", ""corp_code"": ""00878915"", ""reprt_code"": ""11011""}",20250318000693,api_row,2026-08-31T15:41:08+09:00,000,run_20260831_152517_0443,raw/alotMatter/00878915_2024_11011.json,983c40618d15544c258bf6ec19dae92c543e021240de3ff49c834ff3b44b773c,10
,,,00878915,iM금융지주,2024,11011,사업보고서,IFRS17,Y,"183,076","보고서 사업연도 >= 2023 이면 IFRS17, 아니면 IFRS4","150,237",(별도)당기순이익(백만원),2024-12-31,-,"135,964",api,alotMatter,"{""bsns_year"": ""2024"", ""corp_code"": ""00878915"", ""reprt_code"": ""11011""}",20250318000693,api_row,2026-08-31T15:41:08+09:00,000,run_20260831_152517_0443,raw/alotMatter/00878915_2024_11011.json,983c40618d15544c258bf6ec19dae92c543e021240de3ff49c834ff3b44b773c,10
,,,00878915,iM금융지주,2024,11011,사업보고서,IFRS17,Y,"2,180","보고서 사업연도 >= 2023 이면 IFRS17, 아니면 IFRS4","2,319",(연결)주당순이익(원),2024-12-31,-,"1,121",api,alotMatter,"{""bsns_year"": ""2024"", ""corp_code"": ""00878915"", ""reprt_code"": ""11011""}",20250318000693,api_row,2026-08-31T15:41:08+09:00,000,run_20260831_152517_0443,raw/alotMatter/00878915_2024_11011.json,983c40618d15544c258bf6ec19dae92c543e021240de3ff49c834ff3b44b773c,10
,,,00878915,iM금융지주,2024,11011,사업보고서,IFRS17,Y,"91,516","보고서 사업연도 >= 2023 이면 IFRS17, 아니면 IFRS4","109,945",현금배당금총액(백만원),2024-12-31,-,"82,677",api,alotMatter,"{""bsns_year"": ""2024"", ""corp_code"": ""00878915"", ""reprt_code"": ""11011""}",20250318000693,api_row,2026-08-31T15:41:08+09:00,000,run_20260831_152517_0443,raw/alotMatter/00878915_2024_11011.json,983c40618d15544c258bf6ec19dae92c543e021240de3ff49c834ff3b44b773c,10
,,,00878915,iM금융지주,2024,11011,사업보고서,IFRS17,Y,-,"보고서 사업연도 >= 2023 이면 IFRS17, 아니면 IFRS4",-,주식배당금총액(백만원),2024-12-31,-,-,api,alotMatter,"{""bsns_year"": ""2024"", ""corp_code"": ""00878915"", ""reprt_code"": ""11011""}",20250318000693,api_row,2026-08-31T15:41:08+09:00,000,run_20260831_152517_0443,raw/alotMatter/00878915_2024_11011.json,983c40618d15544c258bf6ec19dae92c543e021240de3ff49c834ff3b44b773c,10
,,,00878915,iM금융지주,2024,11011,사업보고서,IFRS17,Y,23.60,"보고서 사업연도 >= 2023 이면 IFRS17, 아니면 IFRS4",26.80,(연결)현금배당성향(%),2024-12-31,-,38.50,api,alotMatter,"{""bsns_year"": ""2024"", ""corp_code"": ""00878915"", ""reprt_code"": ""11011""}",20250318000693,api_row,2026-08-31T15:41:08+09:00,000,run_20260831_152517_0443,raw/alotMatter/00878915_2024_11011.json,983c40618d15544c258bf6ec19dae92c543e021240de3ff49c834ff3b44b773c,10
,,,00878915,iM금융지주,2024,11011,사업보고서,IFRS17,Y,5.83,"보고서 사업연도 >= 2023 이면 IFRS17, 아니면 IFRS4",8.28,현금배당수익률(%),2024-12-31,보통주,5.44,api,alotMatter,"{""bsns_year"": ""2024"", ""corp_code"": ""00878915"", ""reprt_code"": ""11011""}",20250318000693,api_row,2026-08-31T15:41:08+09:00,000,run_20260831_152517_0443,raw/alotMatter/00878915_2024_11011.json,983c40618d15544c258bf6ec19dae92c543e021240de3ff49c834ff3b44b773c,10
,,,00878915,iM금융지주,2024,11011,사업보고서,IFRS17,Y,-,"보고서 사업연도 >= 2023 이면 IFRS17, 아니면 IFRS4",-,현금배당수익률(%),2024-12-31,-,-,api,alotMatter,"{""bsns_year"": ""2024"", ""corp_code"": ""00878915"", ""reprt_code"": ""11011""}",20250318000693,api_row,2026-08-31T15:41:08+09:00,000,run_20260831_152517_0443,raw/alotMatter/00878915_2024_11011.json,983c40618d15544c258bf6ec19dae92c543e021240de3ff49c834ff3b44b773c,10
,,,00878915,iM금융지주,2024,11011,사업보고서,IFRS17,Y,-,"보고서 사업연도 >= 2023 이면 IFRS17, 아니면 IFRS4",-,주식배당수익률(%),2024-12-31,보통주,-,api,alotMatter,"{""bsns_year"": ""2024"", ""corp_code"": ""00878915"", ""reprt_code"": ""11011""}",20250318000693,api_row,2026-08-31T15:41:08+09:00,000,run_20260831_152517_0443,raw/alotMatter/00878915_2024_11011.json,983c40618d15544c258bf6ec19dae92c543e021240de3ff49c834ff3b44b773c,10
,,,00878915,iM금융지주,2024,11011,사업보고서,IFRS17,Y,-,"보고서 사업연도 >= 2023 이면 IFRS17, 아니면 IFRS4",-,주식배당수익률(%),2024-12-31,-,-,api,alotMatter,"{""bsns_year"": ""2024"", ""corp_code"": ""00878915"", ""reprt_code"": ""11011""}",20250318000693,api_row,2026-08-31T15:41:08+09:00,000,run_20260831_152517_0443,raw/alotMatter/00878915_2024_11011.json,983c40618d15544c258bf6ec19dae92c543e021240de3ff49c834ff3b44b773c,10
,,,00878915,iM금융지주,2024,11011,사업보고서,IFRS17,Y,550,"보고서 사업연도 >= 2023 이면 IFRS17, 아니면 IFRS4",650,주당 현금배당금(원),2024-12-31,보통주,500,api,alotMatter,"{""bsns_year"": ""2024"", ""corp_code"": ""00878915"", ""reprt_code"": ""11011""}",20250318000693,api_row,2026-08-31T15:41:08+09:00,000,run_20260831_152517_0443,raw/alotMatter/00878915_2024_11011.json,983c40618d15544c258bf6ec19dae92c543e021240de3ff49c834ff3b44b773c,10
,,,00878915,iM금융지주,2024,11011,사업보고서,IFRS17,Y,-,"보고서 사업연도 >= 2023 이면 IFRS17, 아니면 IFRS4",-,주당 현금배당금(원),2024-12-31,-,-,api,alotMatter,"{""bsns_year"": ""2024"", ""corp_code"": ""00878915"", ""reprt_code"": ""11011""}",20250318000693,api_row,2026-08-31T15:41:08+09:00,000,run_20260831_152517_0443,raw/alotMatter/00878915_2024_11011.json,983c40618d15544c258bf6ec19dae92c543e021240de3ff49c834ff3b44b773c,10
,,,00878915,iM금융지주,2024,11011,사업보고서,IFRS17,Y,-,"보고서 사업연도 >= 2023 이면 IFRS17, 아니면 IFRS4",-,주당 주식배당(주),2024-12-31,보통주,-,api,alotMatter,"{""bsns_year"": ""2024"", ""corp_code"": ""00878915"", ""reprt_code"": ""11011""}",20250318000693,api_row,2026-08-31T15:41:08+09:00,000,run_20260831_152517_0443,raw/alotMatter/00878915_2024_11011.json,983c40618d15544c258bf6ec19dae92c543e021240de3ff49c834ff3b44b773c,10
,,,00878915,iM금융지주,2024,11011,사업보고서,IFRS17,Y,-,"보고서 사업연도 >= 2023 이면 IFRS17, 아니면 IFRS4",-,주당 주식배당(주),2024-12-31,-,-,api,alotMatter,"{""bsns_year"": ""2024"", ""corp_code"": ""00878915"", ""reprt_code"": ""11011""}",20250318000693,api_row,2026-08-31T15:41:08+09:00,000,run_20260831_152517_0443,raw/alotMatter/00878915_2024_11011.json,983c40618d15544c258bf6ec19dae92c543e021240de3ff49c834ff3b44b773c,10
,,,01350869,우리금융지주,2024,11011,사업보고서,IFRS17,Y,"5,000","보고서 사업연도 >= 2023 이면 IFRS17, 아니면 IFRS4","5,000",주당액면가액(원),2024-12-31,-,"5,000",api,alotMatter,"{""bsns_year"": ""2024"", ""corp_code"": ""01350869"", ""reprt_code"": ""11011""}",20250318001196,api_row,2026-08-31T15:44:06+09:00,000,run_20260831_152517_0524,raw/alotMatter/01350869_2024_11011.json,cc5097036f71febd91216e95b73bc8f710ff8c332f69e0fe1d2c1044a3029535,10
,,,01350869,우리금융지주,2024,11011,사업보고서,IFRS17,Y,"2,506,296","보고서 사업연도 >= 2023 이면 IFRS17, 아니면 IFRS4","3,141,680",(연결)당기순이익(백만원),2024-12-31,-,"3,085,995",api,alotMatter,"{""bsns_year"": ""2024"", ""corp_code"": ""01350869"", ""reprt_code"": ""11011""}",20250318001196,api_row,2026-08-31T15:44:06+09:00,000,run_20260831_152517_0524,raw/alotMatter/01350869_2024_11011.json,cc5097036f71febd91216e95b73bc8f710ff8c332f69e0fe1d2c1044a3029535,10
,,,01350869,우리금융지주,2024,11011,사업보고서,IFRS17,Y,"1,424,508","보고서 사업연도 >= 2023 이면 IFRS17, 아니면 IFRS4","1,183,249",(별도)당기순이익(백만원),2024-12-31,-,"1,123,332",api,alotMatter,"{""bsns_year"": ""2024"", ""corp_code"": ""01350869"", ""reprt_code"": ""11011""}",20250318001196,api_row,2026-08-31T15:44:06+09:00,000,run_20260831_152517_0524,raw/alotMatter/01350869_2024_11011.json,cc5097036f71febd91216e95b73bc8f710ff8c332f69e0fe1d2c1044a3029535,10
,,,01350869,우리금융지주,2024,11011,사업보고서,IFRS17,Y,"3,230","보고서 사업연도 >= 2023 이면 IFRS17, 아니면 IFRS4","4,191",(연결)주당순이익(원),2024-12-31,-,"3,950",api,alotMatter,"{""bsns_year"": ""2024"", ""corp_code"": ""01350869"", ""reprt_code"": ""11011""}",20250318001196,api_row,2026-08-31T15:44:06+09:00,000,run_20260831_152517_0524,raw/alotMatter/01350869_2024_11011.json,cc5097036f71febd91216e95b73bc8f710ff8c332f69e0fe1d2c1044a3029535,10
,,,01350869,우리금융지주,2024,11011,사업보고서,IFRS17,Y,"747,302","보고서 사업연도 >= 2023 이면 IFRS17, 아니면 IFRS4","822,706",현금배당금총액(백만원),2024-12-31,-,"891,045",api,alotMatter,"{""bsns_year"": ""2024"", ""corp_code"": ""01350869"", ""reprt_code"": ""11011""}",20250318001196,api_row,2026-08-31T15:44:06+09:00,000,run_20260831_152517_0524,raw/alotMatter/01350869_2024_11011.json,cc5097036f71febd91216e95b73bc8f710ff8c332f69e0fe1d2c1044a3029535,10
,,,01350869,우리금융지주,2024,11011,사업보고서,IFRS17,Y,-,"보고서 사업연도 >= 2023 이면 IFRS17, 아니면 IFRS4",-,주식배당금총액(백만원),2024-12-31,-,-,api,alotMatter,"{""bsns_year"": ""2024"", ""corp_code"": ""01350869"", ""reprt_code"": ""11011""}",20250318001196,api_row,2026-08-31T15:44:06+09:00,000,run_20260831_152517_0524,raw/alotMatter/01350869_2024_11011.json,cc5097036f71febd91216e95b73bc8f710ff8c332f69e0fe1d2c1044a3029535,10
,,,01350869,우리금융지주,2024,11011,사업보고서,IFRS17,Y,29.82,"보고서 사업연도 >= 2023 이면 IFRS17, 아니면 IFRS4",26.19,(연결)현금배당성향(%),2024-12-31,-,28.87,api,alotMatter,"{""bsns_year"": ""2024"", ""corp_code"": ""01350869"", ""reprt_code"": ""11011""}",20250318001196,api_row,2026-08-31T15:44:06+09:00,000,run_20260831_152517_0524,raw/alotMatter/01350869_2024_11011.json,cc5097036f71febd91216e95b73bc8f710ff8c332f69e0fe1d2c1044a3029535,10
,,,01350869,우리금융지주,2024,11011,사업보고서,IFRS17,Y,6.70,"보고서 사업연도 >= 2023 이면 IFRS17, 아니면 IFRS4",8.80,현금배당수익률(%),2024-12-31,보통주,6.90,api,alotMatter,"{""bsns_year"": ""2024"", ""corp_code"": ""01350869"", ""reprt_code"": ""11011""}",20250318001196,api_row,2026-08-31T15:44:06+09:00,000,run_20260831_152517_0524,raw/alotMatter/01350869_2024_11011.json,cc5097036f71febd91216e95b73bc8f710ff8c332f69e0fe1d2c1044a3029535,10
,,,01350869,우리금융지주,2024,11011,사업보고서,IFRS17,Y,-,"보고서 사업연도 >= 2023 이면 IFRS17, 아니면 IFRS4",-,현금배당수익률(%),2024-12-31,우선주,-,api,alotMatter,"{""bsns_year"": ""2024"", ""corp_code"": ""01350869"", ""reprt_code"": ""11011""}",20250318001196,api_row,2026-08-31T15:44:06+09:00,000,run_20260831_152517_0524,raw/alotMatter/01350869_2024_11011.json,cc5097036f71febd91216e95b73bc8f710ff8c332f69e0fe1d2c1044a3029535,10
,,,01350869,우리금융지주,2024,11011,사업보고서,IFRS17,Y,-,"보고서 사업연도 >= 2023 이면 IFRS17, 아니면 IFRS4",-,주식배당수익률(%),2024-12-31,보통주,-,api,alotMatter,"{""bsns_year"": ""2024"", ""corp_code"": ""01350869"", ""reprt_code"": ""11011""}",20250318001196,api_row,2026-08-31T15:44:06+09:00,000,run_20260831_152517_0524,raw/alotMatter/01350869_2024_11011.json,cc5097036f71febd91216e95b73bc8f710ff8c332f69e0fe1d2c1044a3029535,10
,,,01350869,우리금융지주,2024,11011,사업보고서,IFRS17,Y,-,"보고서 사업연도 >= 2023 이면 IFRS17, 아니면 IFRS4",-,주식배당수익률(%),2024-12-31,우선주,-,api,alotMatter,"{""bsns_year"": ""2024"", ""corp_code"": ""01350869"", ""reprt_code"": ""11011""}",20250318001196,api_row,2026-08-31T15:44:06+09:00,000,run_20260831_152517_0524,raw/alotMatter/01350869_2024_11011.json,cc5097036f71febd91216e95b73bc8f710ff8c332f69e0fe1d2c1044a3029535,10
,,,01350869,우리금융지주,2024,11011,사업보고서,IFRS17,Y,"1,000","보고서 사업연도 >= 2023 이면 IFRS17, 아니면 IFRS4","1,130",주당 현금배당금(원),2024-12-31,보통주,"1,200",api,alotMatter,"{""bsns_year"": ""2024"", ""corp_code"": ""01350869"", ""reprt_code"": ""11011""}",20250318001196,api_row,2026-08-31T15:44:06+09:00,000,run_20260831_152517_0524,raw/alotMatter/01350869_2024_11011.json,cc5097036f71febd91216e95b73bc8f710ff8c332f69e0fe1d2c1044a3029535,10
,,,01350869,우리금융지주,2024,11011,사업보고서,IFRS17,Y,-,"보고서 사업연도 >= 2023 이면 IFRS17, 아니면 IFRS4",-,주당 현금배당금(원),2024-12-31,우선주,-,api,alotMatter,"{""bsns_year"": ""2024"", ""corp_code"": ""01350869"", ""reprt_code"": ""11011""}",20250318001196,api_row,2026-08-31T15:44:06+09:00,000,run_20260831_152517_0524,raw/alotMatter/01350869_2024_11011.json,cc5097036f71febd91216e95b73bc8f710ff8c332f69e0fe1d2c1044a3029535,10
,,,01350869,우리금융지주,2024,11011,사업보고서,IFRS17,Y,-,"보고서 사업연도 >= 2023 이면 IFRS17, 아니면 IFRS4",-,주당 주식배당(주),2024-12-31,보통주,-,api,alotMatter,"{""bsns_year"": ""2024"", ""corp_code"": ""01350869"", ""reprt_code"": ""11011""}",20250318001196,api_row,2026-08-31T15:44:06+09:00,000,run_20260831_152517_0524,raw/alotMatter/01350869_2024_11011.json,cc5097036f71febd91216e95b73bc8f710ff8c332f69e0fe1d2c1044a3029535,10
,,,01350869,우리금융지주,2024,11011,사업보고서,IFRS17,Y,-,"보고서 사업연도 >= 2023 이면 IFRS17, 아니면 IFRS4",-,주당 주식배당(주),2024-12-31,우선주,-,api,alotMatter,"{""bsns_year"": ""2024"", ""corp_code"": ""01350869"", ""reprt_code"": ""11011""}",20250318001196,api_row,2026-08-31T15:44:06+09:00,000,run_20260831_152517_0524,raw/alotMatter/01350869_2024_11011.json,cc5097036f71febd91216e95b73bc8f710ff8c332f69e0fe1d2c1044a3029535,10
,,,00113058,한화생명,2025,11011,사업보고서,IFRS17,Y,"5,000","보고서 사업연도 >= 2023 이면 IFRS17, 아니면 IFRS4","5,000",주당액면가액(원),2025-12-31,-,"5,000",api,alotMatter,"{""bsns_year"": ""2025"", ""corp_code"": ""00113058"", ""reprt_code"": ""11011""}",20260331003585,api_row,2026-08-31T15:49:07+09:00,000,run_20260831_152517_0650,raw/alotMatter/00113058_2025_11011.json,8f4856268462319c267c037f57952d50cb0390a9507dbddb3f19d5b396f374eb,10
,,,00113058,한화생명,2025,11011,사업보고서,IFRS17,Y,"737,254","보고서 사업연도 >= 2023 이면 IFRS17, 아니면 IFRS4","758,480",(연결)당기순이익(백만원),2025-12-31,-,"641,310",api,alotMatter,"{""bsns_year"": ""2025"", ""corp_code"": ""00113058"", ""reprt_code"": ""11011""}",20260331003585,api_row,2026-08-31T15:49:07+09:00,000,run_20260831_152517_0650,raw/alotMatter/00113058_2025_11011.json,8f4856268462319c267c037f57952d50cb0390a9507dbddb3f19d5b396f374eb,10
,,,00113058,한화생명,2025,11011,사업보고서,IFRS17,Y,"720,570","보고서 사업연도 >= 2023 이면 IFRS17, 아니면 IFRS4","616,262",(별도)당기순이익(백만원),2025-12-31,-,"313,320",api,alotMatter,"{""bsns_year"": ""2025"", ""corp_code"": ""00113058"", ""reprt_code"": ""11011""}",20260331003585,api_row,2026-08-31T15:49:07+09:00,000,run_20260831_152517_0650,raw/alotMatter/00113058_2025_11011.json,8f4856268462319c267c037f57952d50cb0390a9507dbddb3f19d5b396f374eb,10
,,,00113058,한화생명,2025,11011,사업보고서,IFRS17,Y,936,"보고서 사업연도 >= 2023 이면 IFRS17, 아니면 IFRS4",954,(연결)주당순이익(원),2025-12-31,-,693,api,alotMatter,"{""bsns_year"": ""2025"", ""corp_code"": ""00113058"", ""reprt_code"": ""11011""}",20260331003585,api_row,2026-08-31T15:49:07+09:00,000,run_20260831_152517_0650,raw/alotMatter/00113058_2025_11011.json,8f4856268462319c267c037f57952d50cb0390a9507dbddb3f19d5b396f374eb,10
,,,00113058,한화생명,2025,11011,사업보고서,IFRS17,Y,-,"보고서 사업연도 >= 2023 이면 IFRS17, 아니면 IFRS4","112,709",현금배당금총액(백만원),2025-12-31,-,-,api,alotMatter,"{""bsns_year"": ""2025"", ""corp_code"": ""00113058"", ""reprt_code"": ""11011""}",20260331003585,api_row,2026-08-31T15:49:07+09:00,000,run_20260831_152517_0650,raw/alotMatter/00113058_2025_11011.json,8f4856268462319c267c037f57952d50cb0390a9507dbddb3f19d5b396f374eb,10
,,,00113058,한화생명,2025,11011,사업보고서,IFRS17,Y,-,"보고서 사업연도 >= 2023 이면 IFRS17, 아니면 IFRS4",-,주식배당금총액(백만원),2025-12-31,-,-,api,alotMatter,"{""bsns_year"": ""2025"", ""corp_code"": ""00113058"", ""reprt_code"": ""11011""}",20260331003585,api_row,2026-08-31T15:49:07+09:00,000,run_20260831_152517_0650,raw/alotMatter/00113058_2025_11011.json,8f4856268462319c267c037f57952d50cb0390a9507dbddb3f19d5b396f374eb,10
,,,00113058,한화생명,2025,11011,사업보고서,IFRS17,Y,-,"보고서 사업연도 >= 2023 이면 IFRS17, 아니면 IFRS4",14.90,(연결)현금배당성향(%),2025-12-31,-,-,api,alotMatter,"{""bsns_year"": ""2025"", ""corp_code"": ""00113058"", ""reprt_code"": ""11011""}",20260331003585,api_row,2026-08-31T15:49:07+09:00,000,run_20260831_152517_0650,raw/alotMatter/00113058_2025_11011.json,8f4856268462319c267c037f57952d50cb0390a9507dbddb3f19d5b396f374eb,10
,,,00113058,한화생명,2025,11011,사업보고서,IFRS17,Y,-,"보고서 사업연도 >= 2023 이면 IFRS17, 아니면 IFRS4",4.40,현금배당수익률(%),2025-12-31,보통주,-,api,alotMatter,"{""bsns_year"": ""2025"", ""corp_code"": ""00113058"", ""reprt_code"": ""11011""}",20260331003585,api_row,2026-08-31T15:49:07+09:00,000,run_20260831_152517_0650,raw/alotMatter/00113058_2025_11011.json,8f4856268462319c267c037f57952d50cb0390a9507dbddb3f19d5b396f374eb,10
,,,00113058,한화생명,2025,11011,사업보고서,IFRS17,Y,-,"보고서 사업연도 >= 2023 이면 IFRS17, 아니면 IFRS4",-,현금배당수익률(%),2025-12-31,우선주,-,api,alotMatter,"{""bsns_year"": ""2025"", ""corp_code"": ""00113058"", ""reprt_code"": ""11011""}",20260331003585,api_row,2026-08-31T15:49:07+09:00,000,run_20260831_152517_0650,raw/alotMatter/00113058_2025_11011.json,8f4856268462319c267c037f57952d50cb0390a9507dbddb3f19d5b396f374eb,10
,,,00113058,한화생명,2025,11011,사업보고서,IFRS17,Y,-,"보고서 사업연도 >= 2023 이면 IFRS17, 아니면 IFRS4",-,주식배당수익률(%),2025-12-31,보통주,-,api,alotMatter,"{""bsns_year"": ""2025"", ""corp_code"": ""00113058"", ""reprt_code"": ""11011""}",20260331003585,api_row,2026-08-31T15:49:07+09:00,000,run_20260831_152517_0650,raw/alotMatter/00113058_2025_11011.json,8f4856268462319c267c037f57952d50cb0390a9507dbddb3f19d5b396f374eb,10
,,,00113058,한화생명,2025,11011,사업보고서,IFRS17,Y,-,"보고서 사업연도 >= 2023 이면 IFRS17, 아니면 IFRS4",-,주식배당수익률(%),2025-12-31,우선주,-,api,alotMatter,"{""bsns_year"": ""2025"", ""corp_code"": ""00113058"", ""reprt_code"": ""11011""}",20260331003585,api_row,2026-08-31T15:49:07+09:00,000,run_20260831_152517_0650,raw/alotMatter/00113058_2025_11011.json,8f4856268462319c267c037f57952d50cb0390a9507dbddb3f19d5b396f374eb,10
,,,00113058,한화생명,2025,11011,사업보고서,IFRS17,Y,-,"보고서 사업연도 >= 2023 이면 IFRS17, 아니면 IFRS4",150,주당 현금배당금(원),2025-12-31,보통주,-,api,alotMatter,"{""bsns_year"": ""2025"", ""corp_code"": ""00113058"", ""reprt_code"": ""11011""}",20260331003585,api_row,2026-08-31T15:49:07+09:00,000,run_20260831_152517_0650,raw/alotMatter/00113058_2025_11011.json,8f4856268462319c267c037f57952d50cb0390a9507dbddb3f19d5b396f374eb,10
,,,00113058,한화생명,2025,11011,사업보고서,IFRS17,Y,-,"보고서 사업연도 >= 2023 이면 IFRS17, 아니면 IFRS4",-,주당 현금배당금(원),2025-12-31,우선주,-,api,alotMatter,"{""bsns_year"": ""2025"", ""corp_code"": ""00113058"", ""reprt_code"": ""11011""}",20260331003585,api_row,2026-08-31T15:49:07+09:00,000,run_20260831_152517_0650,raw/alotMatter/00113058_2025_11011.json,8f4856268462319c267c037f57952d50cb0390a9507dbddb3f19d5b396f374eb,10
,,,00113058,한화생명,2025,11011,사업보고서,IFRS17,Y,-,"보고서 사업연도 >= 2023 이면 IFRS17, 아니면 IFRS4",-,주당 주식배당(주),2025-12-31,보통주,-,api,alotMatter,"{""bsns_year"": ""2025"", ""corp_code"": ""00113058"", ""reprt_code"": ""11011""}",20260331003585,api_row,2026-08-31T15:49:07+09:00,000,run_20260831_152517_0650,raw/alotMatter/00113058_2025_11011.json,8f4856268462319c267c037f57952d50cb0390a9507dbddb3f19d5b396f374eb,10
,,,00113058,한화생명,2025,11011,사업보고서,IFRS17,Y,-,"보고서 사업연도 >= 2023 이면 IFRS17, 아니면 IFRS4",-,주당 주식배당(주),2025-12-31,우선주,-,api,alotMatter,"{""bsns_year"": ""2025"", ""corp_code"": ""00113058"", ""reprt_code"": ""11011""}",20260331003585,api_row,2026-08-31T15:49:07+09:00,000,run_20260831_152517_0650,raw/alotMatter/00113058_2025_11011.json,8f4856268462319c267c037f57952d50cb0390a9507dbddb3f19d5b396f374eb,10
,,,00117267,동양생명보험,2025,11011,사업보고서,IFRS17,E,"5,000","보고서 사업연도 >= 2023 이면 IFRS17, 아니면 IFRS4","5,000",주당액면가액(원),2025-12-31,-,"5,000",api,alotMatter,"{""bsns_year"": ""2025"", ""corp_code"": ""00117267"", ""reprt_code"": ""11011""}",20260331004234,api_row,2026-08-31T15:51:45+09:00,000,run_20260831_152517_0711,raw/alotMatter/00117267_2025_11011.json,954602cccc83700d0bccfb20d33b095081f23503ddf54f9787b2bb887cb18d69,10
,,,00117267,동양생명보험,2025,11011,사업보고서,IFRS17,E,"314,293","보고서 사업연도 >= 2023 이면 IFRS17, 아니면 IFRS4","239,826",(연결)당기순이익(백만원),2025-12-31,-,"124,494",api,alotMatter,"{""bsns_year"": ""2025"", ""corp_code"": ""00117267"", ""reprt_code"": ""11011""}",20260331004234,api_row,2026-08-31T15:51:45+09:00,000,run_20260831_152517_0711,raw/alotMatter/00117267_2025_11011.json,954602cccc83700d0bccfb20d33b095081f23503ddf54f9787b2bb887cb18d69,10
,,,00117267,동양생명보험,2025,11011,사업보고서,IFRS17,E,"310,158","보고서 사업연도 >= 2023 이면 IFRS17, 아니면 IFRS4","264,927",(별도)당기순이익(백만원),2025-12-31,-,"65,837",api,alotMatter,"{""bsns_year"": ""2025"", ""corp_code"": ""00117267"", ""reprt_code"": ""11011""}",20260331004234,api_row,2026-08-31T15:51:45+09:00,000,run_20260831_152517_0711,raw/alotMatter/00117267_2025_11011.json,954602cccc83700d0bccfb20d33b095081f23503ddf54f9787b2bb887cb18d69,10
,,,00117267,동양생명보험,2025,11011,사업보고서,IFRS17,E,"2,015","보고서 사업연도 >= 2023 이면 IFRS17, 아니면 IFRS4","1,538",(연결)주당순이익(원),2025-12-31,-,798,api,alotMatter,"{""bsns_year"": ""2025"", ""corp_code"": ""00117267"", ""reprt_code"": ""11011""}",20260331004234,api_row,2026-08-31T15:51:45+09:00,000,run_20260831_152517_0711,raw/alotMatter/00117267_2025_11011.json,954602cccc83700d0bccfb20d33b095081f23503ddf54f9787b2bb887cb18d69,10
,,,00117267,동양생명보험,2025,11011,사업보고서,IFRS17,E,-,"보고서 사업연도 >= 2023 이면 IFRS17, 아니면 IFRS4","62,378",현금배당금총액(백만원),2025-12-31,-,-,api,alotMatter,"{""bsns_year"": ""2025"", ""corp_code"": ""00117267"", ""reprt_code"": ""11011""}",20260331004234,api_row,2026-08-31T15:51:45+09:00,000,run_20260831_152517_0711,raw/alotMatter/00117267_2025_11011.json,954602cccc83700d0bccfb20d33b095081f23503ddf54f9787b2bb887cb18d69,10
,,,00117267,동양생명보험,2025,11011,사업보고서,IFRS17,E,-,"보고서 사업연도 >= 2023 이면 IFRS17, 아니면 IFRS4",-,주식배당금총액(백만원),2025-12-31,-,-,api,alotMatter,"{""bsns_year"": ""2025"", ""corp_code"": ""00117267"", ""reprt_code"": ""11011""}",20260331004234,api_row,2026-08-31T15:51:45+09:00,000,run_20260831_152517_0711,raw/alotMatter/00117267_2025_11011.json,954602cccc83700d0bccfb20d33b095081f23503ddf54f9787b2bb887cb18d69,10
,,,00117267,동양생명보험,2025,11011,사업보고서,IFRS17,E,-,"보고서 사업연도 >= 2023 이면 IFRS17, 아니면 IFRS4",23.00,(연결)현금배당성향(%),2025-12-31,-,-,api,alotMatter,"{""bsns_year"": ""2025"", ""corp_code"": ""00117267"", ""reprt_code"": ""11011""}",20260331004234,api_row,2026-08-31T15:51:45+09:00,000,run_20260831_152517_0711,raw/alotMatter/00117267_2025_11011.json,954602cccc83700d0bccfb20d33b095081f23503ddf54f9787b2bb887cb18d69,10
,,,00117267,동양생명보험,2025,11011,사업보고서,IFRS17,E,-,"보고서 사업연도 >= 2023 이면 IFRS17, 아니면 IFRS4",8.00,현금배당수익률(%),2025-12-31,보통주,-,api,alotMatter,"{""bsns_year"": ""2025"", ""corp_code"": ""00117267"", ""reprt_code"": ""11011""}",20260331004234,api_row,2026-08-31T15:51:45+09:00,000,run_20260831_152517_0711,raw/alotMatter/00117267_2025_11011.json,954602cccc83700d0bccfb20d33b095081f23503ddf54f9787b2bb887cb18d69,10
,,,00117267,동양생명보험,2025,11011,사업보고서,IFRS17,E,-,"보고서 사업연도 >= 2023 이면 IFRS17, 아니면 IFRS4",-,현금배당수익률(%),2025-12-31,우선주 ,-,api,alotMatter,"{""bsns_year"": ""2025"", ""corp_code"": ""00117267"", ""reprt_code"": ""11011""}",20260331004234,api_row,2026-08-31T15:51:45+09:00,000,run_20260831_152517_0711,raw/alotMatter/00117267_2025_11011.json,954602cccc83700d0bccfb20d33b095081f23503ddf54f9787b2bb887cb18d69,10
,,,00117267,동양생명보험,2025,11011,사업보고서,IFRS17,E,-,"보고서 사업연도 >= 2023 이면 IFRS17, 아니면 IFRS4",-,주식배당수익률(%),2025-12-31,보통주,-,api,alotMatter,"{""bsns_year"": ""2025"", ""corp_code"": ""00117267"", ""reprt_code"": ""11011""}",20260331004234,api_row,2026-08-31T15:51:45+09:00,000,run_20260831_152517_0711,raw/alotMatter/00117267_2025_11011.json,954602cccc83700d0bccfb20d33b095081f23503ddf54f9787b2bb887cb18d69,10
,,,00117267,동양생명보험,2025,11011,사업보고서,IFRS17,E,-,"보고서 사업연도 >= 2023 이면 IFRS17, 아니면 IFRS4",-,주식배당수익률(%),2025-12-31,우선주 ,-,api,alotMatter,"{""bsns_year"": ""2025"", ""corp_code"": ""00117267"", ""reprt_code"": ""11011""}",20260331004234,api_row,2026-08-31T15:51:45+09:00,000,run_20260831_152517_0711,raw/alotMatter/00117267_2025_11011.json,954602cccc83700d0bccfb20d33b095081f23503ddf54f9787b2bb887cb18d69,10
,,,00117267,동양생명보험,2025,11011,사업보고서,IFRS17,E,-,"보고서 사업연도 >= 2023 이면 IFRS17, 아니면 IFRS4",400,주당 현금배당금(원),2025-12-31,보통주,-,api,alotMatter,"{""bsns_year"": ""2025"", ""corp_code"": ""00117267"", ""reprt_code"": ""11011""}",20260331004234,api_row,2026-08-31T15:51:45+09:00,000,run_20260831_152517_0711,raw/alotMatter/00117267_2025_11011.json,954602cccc83700d0bccfb20d33b095081f23503ddf54f9787b2bb887cb18d69,10
,,,00117267,동양생명보험,2025,11011,사업보고서,IFRS17,E,-,"보고서 사업연도 >= 2023 이면 IFRS17, 아니면 IFRS4",-,주당 현금배당금(원),2025-12-31,우선주 ,-,api,alotMatter,"{""bsns_year"": ""2025"", ""corp_code"": ""00117267"", ""reprt_code"": ""11011""}",20260331004234,api_row,2026-08-31T15:51:45+09:00,000,run_20260831_152517_0711,raw/alotMatter/00117267_2025_11011.json,954602cccc83700d0bccfb20d33b095081f23503ddf54f9787b2bb887cb18d69,10
,,,00117267,동양생명보험,2025,11011,사업보고서,IFRS17,E,-,"보고서 사업연도 >= 2023 이면 IFRS17, 아니면 IFRS4",-,주당 주식배당(주),2025-12-31,보통주,-,api,alotMatter,"{""bsns_year"": ""2025"", ""corp_code"": ""00117267"", ""reprt_code"": ""11011""}",20260331004234,api_row,2026-08-31T15:51:45+09:00,000,run_20260831_152517_0711,raw/alotMatter/00117267_2025_11011.json,954602cccc83700d0bccfb20d33b095081f23503ddf54f9787b2bb887cb18d69,10
,,,00117267,동양생명보험,2025,11011,사업보고서,IFRS17,E,-,"보고서 사업연도 >= 2023 이면 IFRS17, 아니면 IFRS4",-,주당 주식배당(주),2025-12-31,우선주 ,-,api,alotMatter,"{""bsns_year"": ""2025"", ""corp_code"": ""00117267"", ""reprt_code"": ""11011""}",20260331004234,api_row,2026-08-31T15:51:45+09:00,000,run_20260831_152517_0711,raw/alotMatter/00117267_2025_11011.json,954602cccc83700d0bccfb20d33b095081f23503ddf54f9787b2bb887cb18d69,10
,,,00120216,KB손해보험,2025,11011,사업보고서,IFRS17,E,500,"보고서 사업연도 >= 2023 이면 IFRS17, 아니면 IFRS4",500,주당액면가액(원),2025-12-31,-,500,api,alotMatter,"{""bsns_year"": ""2025"", ""corp_code"": ""00120216"", ""reprt_code"": ""11011""}",20260331003209,api_row,2026-08-31T16:01:46+09:00,000,run_20260831_152517_0959,raw/alotMatter/00120216_2025_11011.json,fa6cb1bf3751a33ea4c0cc18c5c9010d5dd46303105dc32ebcb9b5e46259ba4e,10
,,,00120216,KB손해보험,2025,11011,사업보고서,IFRS17,E,"835,810","보고서 사업연도 >= 2023 이면 IFRS17, 아니면 IFRS4","726,590",(연결)당기순이익(백만원),2025-12-31,-,"774,969",api,alotMatter,"{""bsns_year"": ""2025"", ""corp_code"": ""00120216"", ""reprt_code"": ""11011""}",20260331003209,api_row,2026-08-31T16:01:46+09:00,000,run_20260831_152517_0959,raw/alotMatter/00120216_2025_11011.json,fa6cb1bf3751a33ea4c0cc18c5c9010d5dd46303105dc32ebcb9b5e46259ba4e,10
,,,00120216,KB손해보험,2025,11011,사업보고서,IFRS17,E,"856,749","보고서 사업연도 >= 2023 이면 IFRS17, 아니면 IFRS4","736,766",(별도)당기순이익(백만원),2025-12-31,-,"781,077",api,alotMatter,"{""bsns_year"": ""2025"", ""corp_code"": ""00120216"", ""reprt_code"": ""11011""}",20260331003209,api_row,2026-08-31T16:01:46+09:00,000,run_20260831_152517_0959,raw/alotMatter/00120216_2025_11011.json,fa6cb1bf3751a33ea4c0cc18c5c9010d5dd46303105dc32ebcb9b5e46259ba4e,10
,,,00120216,KB손해보험,2025,11011,사업보고서,IFRS17,E,"12,569","보고서 사업연도 >= 2023 이면 IFRS17, 아니면 IFRS4","10,926",(연결)주당순이익(원),2025-12-31,-,"11,654",api,alotMatter,"{""bsns_year"": ""2025"", ""corp_code"": ""00120216"", ""reprt_code"": ""11011""}",20260331003209,api_row,2026-08-31T16:01:46+09:00,000,run_20260831_152517_0959,raw/alotMatter/00120216_2025_11011.json,fa6cb1bf3751a33ea4c0cc18c5c9010d5dd46303105dc32ebcb9b5e46259ba4e,10
,,,00120216,KB손해보험,2025,11011,사업보고서,IFRS17,E,"550,000","보고서 사업연도 >= 2023 이면 IFRS17, 아니면 IFRS4",-,현금배당금총액(백만원),2025-12-31,-,-,api,alotMatter,"{""bsns_year"": ""2025"", ""corp_code"": ""00120216"", ""reprt_code"": ""11011""}",20260331003209,api_row,2026-08-31T16:01:46+09:00,000,run_20260831_152517_0959,raw/alotMatter/00120216_2025_11011.json,fa6cb1bf3751a33ea4c0cc18c5c9010d5dd46303105dc32ebcb9b5e46259ba4e,10
,,,00120216,KB손해보험,2025,11011,사업보고서,IFRS17,E,-,"보고서 사업연도 >= 2023 이면 IFRS17, 아니면 IFRS4",-,주식배당금총액(백만원),2025-12-31,-,-,api,alotMatter,"{""bsns_year"": ""2025"", ""corp_code"": ""00120216"", ""reprt_code"": ""11011""}",20260331003209,api_row,2026-08-31T16:01:46+09:00,000,run_20260831_152517_0959,raw/alotMatter/00120216_2025_11011.json,fa6cb1bf3751a33ea4c0cc18c5c9010d5dd46303105dc32ebcb9b5e46259ba4e,10
,,,00120216,KB손해보험,2025,11011,사업보고서,IFRS17,E,65.80,"보고서 사업연도 >= 2023 이면 IFRS17, 아니면 IFRS4",-,(연결)현금배당성향(%),2025-12-31,-,-,api,alotMatter,"{""bsns_year"": ""2025"", ""corp_code"": ""00120216"", ""reprt_code"": ""11011""}",20260331003209,api_row,2026-08-31T16:01:46+09:00,000,run_20260831_152517_0959,raw/alotMatter/00120216_2025_11011.json,fa6cb1bf3751a33ea4c0cc18c5c9010d5dd46303105dc32ebcb9b5e46259ba4e,10
,,,00120216,KB손해보험,2025,11011,사업보고서,IFRS17,E,-,"보고서 사업연도 >= 2023 이면 IFRS17, 아니면 IFRS4",-,현금배당수익률(%),2025-12-31,-,-,api,alotMatter,"{""bsns_year"": ""2025"", ""corp_code"": ""00120216"", ""reprt_code"": ""11011""}",20260331003209,api_row,2026-08-31T16:01:46+09:00,000,run_20260831_152517_0959,raw/alotMatter/00120216_2025_11011.json,fa6cb1bf3751a33ea4c0cc18c5c9010d5dd46303105dc32ebcb9b5e46259ba4e,10
,,,00120216,KB손해보험,2025,11011,사업보고서,IFRS17,E,-,"보고서 사업연도 >= 2023 이면 IFRS17, 아니면 IFRS4",-,현금배당수익률(%),2025-12-31,-,-,api,alotMatter,"{""bsns_year"": ""2025"", ""corp_code"": ""00120216"", ""reprt_code"": ""11011""}",20260331003209,api_row,2026-08-31T16:01:46+09:00,000,run_20260831_152517_0959,raw/alotMatter/00120216_2025_11011.json,fa6cb1bf3751a33ea4c0cc18c5c9010d5dd46303105dc32ebcb9b5e46259ba4e,10
,,,00120216,KB손해보험,2025,11011,사업보고서,IFRS17,E,-,"보고서 사업연도 >= 2023 이면 IFRS17, 아니면 IFRS4",-,주식배당수익률(%),2025-12-31,-,-,api,alotMatter,"{""bsns_year"": ""2025"", ""corp_code"": ""00120216"", ""reprt_code"": ""11011""}",20260331003209,api_row,2026-08-31T16:01:46+09:00,000,run_20260831_152517_0959,raw/alotMatter/00120216_2025_11011.json,fa6cb1bf3751a33ea4c0cc18c5c9010d5dd46303105dc32ebcb9b5e46259ba4e,10
,,,00120216,KB손해보험,2025,11011,사업보고서,IFRS17,E,-,"보고서 사업연도 >= 2023 이면 IFRS17, 아니면 IFRS4",-,주식배당수익률(%),2025-12-31,-,-,api,alotMatter,"{""bsns_year"": ""2025"", ""corp_code"": ""00120216"", ""reprt_code"": ""11011""}",20260331003209,api_row,2026-08-31T16:01:46+09:00,000,run_20260831_152517_0959,raw/alotMatter/00120216_2025_11011.json,fa6cb1bf3751a33ea4c0cc18c5c9010d5dd46303105dc32ebcb9b5e46259ba4e,10
,,,00120216,KB손해보험,2025,11011,사업보고서,IFRS17,E,"8,270","보고서 사업연도 >= 2023 이면 IFRS17, 아니면 IFRS4",-,주당 현금배당금(원),2025-12-31,-,-,api,alotMatter,"{""bsns_year"": ""2025"", ""corp_code"": ""00120216"", ""reprt_code"": ""11011""}",20260331003209,api_row,2026-08-31T16:01:46+09:00,000,run_20260831_152517_0959,raw/alotMatter/00120216_2025_11011.json,fa6cb1bf3751a33ea4c0cc18c5c9010d5dd46303105dc32ebcb9b5e46259ba4e,10
,,,00120216,KB손해보험,2025,11011,사업보고서,IFRS17,E,-,"보고서 사업연도 >= 2023 이면 IFRS17, 아니면 IFRS4",-,주당 현금배당금(원),2025-12-31,-,-,api,alotMatter,"{""bsns_year"": ""2025"", ""corp_code"": ""00120216"", ""reprt_code"": ""11011""}",20260331003209,api_row,2026-08-31T16:01:46+09:00,000,run_20260831_152517_0959,raw/alotMatter/00120216_2025_11011.json,fa6cb1bf3751a33ea4c0cc18c5c9010d5dd46303105dc32ebcb9b5e46259ba4e,10
,,,00120216,KB손해보험,2025,11011,사업보고서,IFRS17,E,-,"보고서 사업연도 >= 2023 이면 IFRS17, 아니면 IFRS4",-,주당 주식배당(주),2025-12-31,-,-,api,alotMatter,"{""bsns_year"": ""2025"", ""corp_code"": ""00120216"", ""reprt_code"": ""11011""}",20260331003209,api_row,2026-08-31T16:01:46+09:00,000,run_20260831_152517_0959,raw/alotMatter/00120216_2025_11011.json,fa6cb1bf3751a33ea4c0cc18c5c9010d5dd46303105dc32ebcb9b5e46259ba4e,10
,,,00120216,KB손해보험,2025,11011,사업보고서,IFRS17,E,-,"보고서 사업연도 >= 2023 이면 IFRS17, 아니면 IFRS4",-,주당 주식배당(주),2025-12-31,-,-,api,alotMatter,"{""bsns_year"": ""2025"", ""corp_code"": ""00120216"", ""reprt_code"": ""11011""}",20260331003209,api_row,2026-08-31T16:01:46+09:00,000,run_20260831_152517_0959,raw/alotMatter/00120216_2025_11011.json,fa6cb1bf3751a33ea4c0cc18c5c9010d5dd46303105dc32ebcb9b5e46259ba4e,10
,,,00135917,한화손해보험,2025,11011,사업보고서,IFRS17,Y,"5,000","보고서 사업연도 >= 2023 이면 IFRS17, 아니면 IFRS4","5,000",주당액면가액(원),2025-12-31,-,"5,000",api,alotMatter,"{""bsns_year"": ""2025"", ""corp_code"": ""00135917"", ""reprt_code"": ""11011""}",20260331000594,api_row,2026-08-31T15:54:46+09:00,000,run_20260831_152517_0773,raw/alotMatter/00135917_2025_11011.json,5dc3cc142bd160d7800fe8cfb87c0bef2bcff7e40412c590bccc0eedad8f62da,10
,,,00135917,한화손해보험,2025,11011,사업보고서,IFRS17,Y,"343,006","보고서 사업연도 >= 2023 이면 IFRS17, 아니면 IFRS4","247,239",(연결)당기순이익(백만원),2025-12-31,-,"299,017",api,alotMatter,"{""bsns_year"": ""2025"", ""corp_code"": ""00135917"", ""reprt_code"": ""11011""}",20260331000594,api_row,2026-08-31T15:54:46+09:00,000,run_20260831_152517_0773,raw/alotMatter/00135917_2025_11011.json,5dc3cc142bd160d7800fe8cfb87c0bef2bcff7e40412c590bccc0eedad8f62da,10
,,,00135917,한화손해보험,2025,11011,사업보고서,IFRS17,Y,"382,276","보고서 사업연도 >= 2023 이면 IFRS17, 아니면 IFRS4","290,698",(별도)당기순이익(백만원),2025-12-31,-,"361,059",api,alotMatter,"{""bsns_year"": ""2025"", ""corp_code"": ""00135917"", ""reprt_code"": ""11011""}",20260331000594,api_row,2026-08-31T15:54:46+09:00,000,run_20260831_152517_0773,raw/alotMatter/00135917_2025_11011.json,5dc3cc142bd160d7800fe8cfb87c0bef2bcff7e40412c590bccc0eedad8f62da,10
,,,00135917,한화손해보험,2025,11011,사업보고서,IFRS17,Y,"2,121","보고서 사업연도 >= 2023 이면 IFRS17, 아니면 IFRS4","1,465",(연결)주당순이익(원),2025-12-31,-,"1,858",api,alotMatter,"{""bsns_year"": ""2025"", ""corp_code"": ""00135917"", ""reprt_code"": ""11011""}",20260331000594,api_row,2026-08-31T15:54:46+09:00,000,run_20260831_152517_0773,raw/alotMatter/00135917_2025_11011.json,5dc3cc142bd160d7800fe8cfb87c0bef2bcff7e40412c590bccc0eedad8f62da,10
,,,00135917,한화손해보험,2025,11011,사업보고서,IFRS17,Y,-,"보고서 사업연도 >= 2023 이면 IFRS17, 아니면 IFRS4","36,624",현금배당금총액(백만원),2025-12-31,-,-,api,alotMatter,"{""bsns_year"": ""2025"", ""corp_code"": ""00135917"", ""reprt_code"": ""11011""}",20260331000594,api_row,2026-08-31T15:54:46+09:00,000,run_20260831_152517_0773,raw/alotMatter/00135917_2025_11011.json,5dc3cc142bd160d7800fe8cfb87c0bef2bcff7e40412c590bccc0eedad8f62da,10
,,,00135917,한화손해보험,2025,11011,사업보고서,IFRS17,Y,-,"보고서 사업연도 >= 2023 이면 IFRS17, 아니면 IFRS4",-,주식배당금총액(백만원),2025-12-31,-,-,api,alotMatter,"{""bsns_year"": ""2025"", ""corp_code"": ""00135917"", ""reprt_code"": ""11011""}",20260331000594,api_row,2026-08-31T15:54:46+09:00,000,run_20260831_152517_0773,raw/alotMatter/00135917_2025_11011.json,5dc3cc142bd160d7800fe8cfb87c0bef2bcff7e40412c590bccc0eedad8f62da,10
,,,00135917,한화손해보험,2025,11011,사업보고서,IFRS17,Y,-,"보고서 사업연도 >= 2023 이면 IFRS17, 아니면 IFRS4",15.00,(연결)현금배당성향(%),2025-12-31,-,-,api,alotMatter,"{""bsns_year"": ""2025"", ""corp_code"": ""00135917"", ""reprt_code"": ""11011""}",20260331000594,api_row,2026-08-31T15:54:46+09:00,000,run_20260831_152517_0773,raw/alotMatter/00135917_2025_11011.json,5dc3cc142bd160d7800fe8cfb87c0bef2bcff7e40412c590bccc0eedad8f62da,10
,,,00135917,한화손해보험,2025,11011,사업보고서,IFRS17,Y,-,"보고서 사업연도 >= 2023 이면 IFRS17, 아니면 IFRS4",4.00,현금배당수익률(%),2025-12-31,보통주식,-,api,alotMatter,"{""bsns_year"": ""2025"", ""corp_code"": ""00135917"", ""reprt_code"": ""11011""}",20260331000594,api_row,2026-08-31T15:54:46+09:00,000,run_20260831_152517_0773,raw/alotMatter/00135917_2025_11011.json,5dc3cc142bd160d7800fe8cfb87c0bef2bcff7e40412c590bccc0eedad8f62da,10
,,,00135917,한화손해보험,2025,11011,사업보고서,IFRS17,Y,-,"보고서 사업연도 >= 2023 이면 IFRS17, 아니면 IFRS4",-,현금배당수익률(%),2025-12-31,종류주식,-,api,alotMatter,"{""bsns_year"": ""2025"", ""corp_code"": ""00135917"", ""reprt_code"": ""11011""}",20260331000594,api_row,2026-08-31T15:54:46+09:00,000,run_20260831_152517_0773,raw/alotMatter/00135917_2025_11011.json,5dc3cc142bd160d7800fe8cfb87c0bef2bcff7e40412c590bccc0eedad8f62da,10
,,,00135917,한화손해보험,2025,11011,사업보고서,IFRS17,Y,-,"보고서 사업연도 >= 2023 이면 IFRS17, 아니면 IFRS4",-,주식배당수익률(%),2025-12-31,보통주식,-,api,alotMatter,"{""bsns_year"": ""2025"", ""corp_code"": ""00135917"", ""reprt_code"": ""11011""}",20260331000594,api_row,2026-08-31T15:54:46+09:00,000,run_20260831_152517_0773,raw/alotMatter/00135917_2025_11011.json,5dc3cc142bd160d7800fe8cfb87c0bef2bcff7e40412c590bccc0eedad8f62da,10
,,,00135917,한화손해보험,2025,11011,사업보고서,IFRS17,Y,-,"보고서 사업연도 >= 2023 이면 IFRS17, 아니면 IFRS4",-,주식배당수익률(%),2025-12-31,종류주식,-,api,alotMatter,"{""bsns_year"": ""2025"", ""corp_code"": ""00135917"", ""reprt_code"": ""11011""}",20260331000594,api_row,2026-08-31T15:54:46+09:00,000,run_20260831_152517_0773,raw/alotMatter/00135917_2025_11011.json,5dc3cc142bd160d7800fe8cfb87c0bef2bcff7e40412c590bccc0eedad8f62da,10
,,,00135917,한화손해보험,2025,11011,사업보고서,IFRS17,Y,-,"보고서 사업연도 >= 2023 이면 IFRS17, 아니면 IFRS4",200,주당 현금배당금(원),2025-12-31,보통주식,-,api,alotMatter,"{""bsns_year"": ""2025"", ""corp_code"": ""00135917"", ""reprt_code"": ""11011""}",20260331000594,api_row,2026-08-31T15:54:46+09:00,000,run_20260831_152517_0773,raw/alotMatter/00135917_2025_11011.json,5dc3cc142bd160d7800fe8cfb87c0bef2bcff7e40412c590bccc0eedad8f62da,10
,,,00135917,한화손해보험,2025,11011,사업보고서,IFRS17,Y,-,"보고서 사업연도 >= 2023 이면 IFRS17, 아니면 IFRS4",350,주당 현금배당금(원),2025-12-31,종류주식,-,api,alotMatter,"{""bsns_year"": ""2025"", ""corp_code"": ""00135917"", ""reprt_code"": ""11011""}",20260331000594,api_row,2026-08-31T15:54:46+09:00,000,run_20260831_152517_0773,raw/alotMatter/00135917_2025_11011.json,5dc3cc142bd160d7800fe8cfb87c0bef2bcff7e40412c590bccc0eedad8f62da,10
,,,00135917,한화손해보험,2025,11011,사업보고서,IFRS17,Y,-,"보고서 사업연도 >= 2023 이면 IFRS17, 아니면 IFRS4",-,주당 주식배당(주),2025-12-31,보통주식,-,api,alotMatter,"{""bsns_year"": ""2025"", ""corp_code"": ""00135917"", ""reprt_code"": ""11011""}",20260331000594,api_row,2026-08-31T15:54:46+09:00,000,run_20260831_152517_0773,raw/alotMatter/00135917_2025_11011.json,5dc3cc142bd160d7800fe8cfb87c0bef2bcff7e40412c590bccc0eedad8f62da,10
,,,00135917,한화손해보험,2025,11011,사업보고서,IFRS17,Y,-,"보고서 사업연도 >= 2023 이면 IFRS17, 아니면 IFRS4",-,주당 주식배당(주),2025-12-31,종류주식,-,api,alotMatter,"{""bsns_year"": ""2025"", ""corp_code"": ""00135917"", ""reprt_code"": ""11011""}",20260331000594,api_row,2026-08-31T15:54:46+09:00,000,run_20260831_152517_0773,raw/alotMatter/00135917_2025_11011.json,5dc3cc142bd160d7800fe8cfb87c0bef2bcff7e40412c590bccc0eedad8f62da,10
,,,00137517,신한라이프생명보험,2025,11011,사업보고서,IFRS17,E,"5,000","보고서 사업연도 >= 2023 이면 IFRS17, 아니면 IFRS4","5,000",주당액면가액(원),2025-12-31,-,"5,000",api,alotMatter,"{""bsns_year"": ""2025"", ""corp_code"": ""00137517"", ""reprt_code"": ""11011""}",20260331004136,api_row,2026-08-31T15:57:44+09:00,000,run_20260831_152517_0835,raw/alotMatter/00137517_2025_11011.json,db9936ae58fa6130506b0df64d7e1b70631bf75e0a589f584d09b972b2d9530a,10
,,,00137517,신한라이프생명보험,2025,11011,사업보고서,IFRS17,E,"528,401","보고서 사업연도 >= 2023 이면 IFRS17, 아니면 IFRS4","472,395",(연결)당기순이익(백만원),2025-12-31,-,"507,708",api,alotMatter,"{""bsns_year"": ""2025"", ""corp_code"": ""00137517"", ""reprt_code"": ""11011""}",20260331004136,api_row,2026-08-31T15:57:44+09:00,000,run_20260831_152517_0835,raw/alotMatter/00137517_2025_11011.json,db9936ae58fa6130506b0df64d7e1b70631bf75e0a589f584d09b972b2d9530a,10
,,,00137517,신한라이프생명보험,2025,11011,사업보고서,IFRS17,E,"533,681","보고서 사업연도 >= 2023 이면 IFRS17, 아니면 IFRS4","481,851",(별도)당기순이익(백만원),2025-12-31,-,"515,916",api,alotMatter,"{""bsns_year"": ""2025"", ""corp_code"": ""00137517"", ""reprt_code"": ""11011""}",20260331004136,api_row,2026-08-31T15:57:44+09:00,000,run_20260831_152517_0835,raw/alotMatter/00137517_2025_11011.json,db9936ae58fa6130506b0df64d7e1b70631bf75e0a589f584d09b972b2d9530a,10
,,,00137517,신한라이프생명보험,2025,11011,사업보고서,IFRS17,E,"4,475","보고서 사업연도 >= 2023 이면 IFRS17, 아니면 IFRS4","3,991",(연결)주당순이익(원),2025-12-31,-,"4,333",api,alotMatter,"{""bsns_year"": ""2025"", ""corp_code"": ""00137517"", ""reprt_code"": ""11011""}",20260331004136,api_row,2026-08-31T15:57:44+09:00,000,run_20260831_152517_0835,raw/alotMatter/00137517_2025_11011.json,db9936ae58fa6130506b0df64d7e1b70631bf75e0a589f584d09b972b2d9530a,10
,,,00137517,신한라이프생명보험,2025,11011,사업보고서,IFRS17,E,"528,311","보고서 사업연도 >= 2023 이면 IFRS17, 아니면 IFRS4","165,338",현금배당금총액(백만원),2025-12-31,-,-,api,alotMatter,"{""bsns_year"": ""2025"", ""corp_code"": ""00137517"", ""reprt_code"": ""11011""}",20260331004136,api_row,2026-08-31T15:57:44+09:00,000,run_20260831_152517_0835,raw/alotMatter/00137517_2025_11011.json,db9936ae58fa6130506b0df64d7e1b70631bf75e0a589f584d09b972b2d9530a,10
,,,00137517,신한라이프생명보험,2025,11011,사업보고서,IFRS17,E,-,"보고서 사업연도 >= 2023 이면 IFRS17, 아니면 IFRS4",-,주식배당금총액(백만원),2025-12-31,-,-,api,alotMatter,"{""bsns_year"": ""2025"", ""corp_code"": ""00137517"", ""reprt_code"": ""11011""}",20260331004136,api_row,2026-08-31T15:57:44+09:00,000,run_20260831_152517_0835,raw/alotMatter/00137517_2025_11011.json,db9936ae58fa6130506b0df64d7e1b70631bf75e0a589f584d09b972b2d9530a,10
,,,00137517,신한라이프생명보험,2025,11011,사업보고서,IFRS17,E,99.98,"보고서 사업연도 >= 2023 이면 IFRS17, 아니면 IFRS4",35.00,(연결)현금배당성향(%),2025-12-31,-,-,api,alotMatter,"{""bsns_year"": ""2025"", ""corp_code"": ""00137517"", ""reprt_code"": ""11011""}",20260331004136,api_row,2026-08-31T15:57:44+09:00,000,run_20260831_152517_0835,raw/alotMatter/00137517_2025_11011.json,db9936ae58fa6130506b0df64d7e1b70631bf75e0a589f584d09b972b2d9530a,10
,,,00137517,신한라이프생명보험,2025,11011,사업보고서,IFRS17,E,-,"보고서 사업연도 >= 2023 이면 IFRS17, 아니면 IFRS4",-,현금배당수익률(%),2025-12-31,-,-,api,alotMatter,"{""bsns_year"": ""2025"", ""corp_code"": ""00137517"", ""reprt_code"": ""11011""}",20260331004136,api_row,2026-08-31T15:57:44+09:00,000,run_20260831_152517_0835,raw/alotMatter/00137517_2025_11011.json,db9936ae58fa6130506b0df64d7e1b70631bf75e0a589f584d09b972b2d9530a,10
,,,00137517,신한라이프생명보험,2025,11011,사업보고서,IFRS17,E,-,"보고서 사업연도 >= 2023 이면 IFRS17, 아니면 IFRS4",-,현금배당수익률(%),2025-12-31,-,-,api,alotMatter,"{""bsns_year"": ""2025"", ""corp_code"": ""00137517"", ""reprt_code"": ""11011""}",20260331004136,api_row,2026-08-31T15:57:44+09:00,000,run_20260831_152517_0835,raw/alotMatter/00137517_2025_11011.json,db9936ae58fa6130506b0df64d7e1b70631bf75e0a589f584d09b972b2d9530a,10
,,,00137517,신한라이프생명보험,2025,11011,사업보고서,IFRS17,E,-,"보고서 사업연도 >= 2023 이면 IFRS17, 아니면 IFRS4",-,주식배당수익률(%),2025-12-31,-,-,api,alotMatter,"{""bsns_year"": ""2025"", ""corp_code"": ""00137517"", ""reprt_code"": ""11011""}",20260331004136,api_row,2026-08-31T15:57:44+09:00,000,run_20260831_152517_0835,raw/alotMatter/00137517_2025_11011.json,db9936ae58fa6130506b0df64d7e1b70631bf75e0a589f584d09b972b2d9530a,10
,,,00137517,신한라이프생명보험,2025,11011,사업보고서,IFRS17,E,-,"보고서 사업연도 >= 2023 이면 IFRS17, 아니면 IFRS4",-,주식배당수익률(%),2025-12-31,-,-,api,alotMatter,"{""bsns_year"": ""2025"", ""corp_code"": ""00137517"", ""reprt_code"": ""11011""}",20260331004136,api_row,2026-08-31T15:57:44+09:00,000,run_20260831_152517_0835,raw/alotMatter/00137517_2025_11011.json,db9936ae58fa6130506b0df64d7e1b70631bf75e0a589f584d09b972b2d9530a,10
,,,00137517,신한라이프생명보험,2025,11011,사업보고서,IFRS17,E,"4,568","보고서 사업연도 >= 2023 이면 IFRS17, 아니면 IFRS4","1,430",주당 현금배당금(원),2025-12-31,보통주,-,api,alotMatter,"{""bsns_year"": ""2025"", ""corp_code"": ""00137517"", ""reprt_code"": ""11011""}",20260331004136,api_row,2026-08-31T15:57:44+09:00,000,run_20260831_152517_0835,raw/alotMatter/00137517_2025_11011.json,db9936ae58fa6130506b0df64d7e1b70631bf75e0a589f584d09b972b2d9530a,10
,,,00137517,신한라이프생명보험,2025,11011,사업보고서,IFRS17,E,-,"보고서 사업연도 >= 2023 이면 IFRS17, 아니면 IFRS4",-,주당 현금배당금(원),2025-12-31,-,-,api,alotMatter,"{""bsns_year"": ""2025"", ""corp_code"": ""00137517"", ""reprt_code"": ""11011""}",20260331004136,api_row,2026-08-31T15:57:44+09:00,000,run_20260831_152517_0835,raw/alotMatter/00137517_2025_11011.json,db9936ae58fa6130506b0df64d7e1b70631bf75e0a589f584d09b972b2d9530a,10
,,,00137517,신한라이프생명보험,2025,11011,사업보고서,IFRS17,E,-,"보고서 사업연도 >= 2023 이면 IFRS17, 아니면 IFRS4",-,주당 주식배당(주),2025-12-31,-,-,api,alotMatter,"{""bsns_year"": ""2025"", ""corp_code"": ""00137517"", ""reprt_code"": ""11011""}",20260331004136,api_row,2026-08-31T15:57:44+09:00,000,run_20260831_152517_0835,raw/alotMatter/00137517_2025_11011.json,db9936ae58fa6130506b0df64d7e1b70631bf75e0a589f584d09b972b2d9530a,10
,,,00137517,신한라이프생명보험,2025,11011,사업보고서,IFRS17,E,-,"보고서 사업연도 >= 2023 이면 IFRS17, 아니면 IFRS4",-,주당 주식배당(주),2025-12-31,-,-,api,alotMatter,"{""bsns_year"": ""2025"", ""corp_code"": ""00137517"", ""reprt_code"": ""11011""}",20260331004136,api_row,2026-08-31T15:57:44+09:00,000,run_20260831_152517_0835,raw/alotMatter/00137517_2025_11011.json,db9936ae58fa6130506b0df64d7e1b70631bf75e0a589f584d09b972b2d9530a,10
,,,00148391,에이비엘생명보험,2025,11011,사업보고서,IFRS17,E,"5,000","보고서 사업연도 >= 2023 이면 IFRS17, 아니면 IFRS4","5,000",주당액면가액(원),2025-12-31,-,"5,000",api,alotMatter,"{""bsns_year"": ""2025"", ""corp_code"": ""00148391"", ""reprt_code"": ""11011""}",20260331003080,api_row,2026-08-31T16:07:44+09:00,000,run_20260831_152517_1145,raw/alotMatter/00148391_2025_11011.json,eb042a8e74d03ed6860a3f1e6d665a80ddac87536f499ed369a8bd44e2856b39,10
,,,00148391,에이비엘생명보험,2025,11011,사업보고서,IFRS17,E,"105,104","보고서 사업연도 >= 2023 이면 IFRS17, 아니면 IFRS4","90,678",(연결)당기순이익(백만원),2025-12-31,-,"33,724",api,alotMatter,"{""bsns_year"": ""2025"", ""corp_code"": ""00148391"", ""reprt_code"": ""11011""}",20260331003080,api_row,2026-08-31T16:07:44+09:00,000,run_20260831_152517_1145,raw/alotMatter/00148391_2025_11011.json,eb042a8e74d03ed6860a3f1e6d665a80ddac87536f499ed369a8bd44e2856b39,10
,,,00148391,에이비엘생명보험,2025,11011,사업보고서,IFRS17,E,"104,782","보고서 사업연도 >= 2023 이면 IFRS17, 아니면 IFRS4","91,194",(별도)당기순이익(백만원),2025-12-31,-,"29,978",api,alotMatter,"{""bsns_year"": ""2025"", ""corp_code"": ""00148391"", ""reprt_code"": ""11011""}",20260331003080,api_row,2026-08-31T16:07:44+09:00,000,run_20260831_152517_1145,raw/alotMatter/00148391_2025_11011.json,eb042a8e74d03ed6860a3f1e6d665a80ddac87536f499ed369a8bd44e2856b39,10
,,,00148391,에이비엘생명보험,2025,11011,사업보고서,IFRS17,E,"33,831","보고서 사업연도 >= 2023 이면 IFRS17, 아니면 IFRS4","29,188",(연결)주당순이익(원),2025-12-31,-,"10,855",api,alotMatter,"{""bsns_year"": ""2025"", ""corp_code"": ""00148391"", ""reprt_code"": ""11011""}",20260331003080,api_row,2026-08-31T16:07:44+09:00,000,run_20260831_152517_1145,raw/alotMatter/00148391_2025_11011.json,eb042a8e74d03ed6860a3f1e6d665a80ddac87536f499ed369a8bd44e2856b39,10
,,,00148391,에이비엘생명보험,2025,11011,사업보고서,IFRS17,E,-,"보고서 사업연도 >= 2023 이면 IFRS17, 아니면 IFRS4",-,현금배당금총액(백만원),2025-12-31,-,-,api,alotMatter,"{""bsns_year"": ""2025"", ""corp_code"": ""00148391"", ""reprt_code"": ""11011""}",20260331003080,api_row,2026-08-31T16:07:44+09:00,000,run_20260831_152517_1145,raw/alotMatter/00148391_2025_11011.json,eb042a8e74d03ed6860a3f1e6d665a80ddac87536f499ed369a8bd44e2856b39,10
,,,00148391,에이비엘생명보험,2025,11011,사업보고서,IFRS17,E,-,"보고서 사업연도 >= 2023 이면 IFRS17, 아니면 IFRS4",-,주식배당금총액(백만원),2025-12-31,-,-,api,alotMatter,"{""bsns_year"": ""2025"", ""corp_code"": ""00148391"", ""reprt_code"": ""11011""}",20260331003080,api_row,2026-08-31T16:07:44+09:00,000,run_20260831_152517_1145,raw/alotMatter/00148391_2025_11011.json,eb042a8e74d03ed6860a3f1e6d665a80ddac87536f499ed369a8bd44e2856b39,10
,,,00148391,에이비엘생명보험,2025,11011,사업보고서,IFRS17,E,-,"보고서 사업연도 >= 2023 이면 IFRS17, 아니면 IFRS4",-,(연결)현금배당성향(%),2025-12-31,-,-,api,alotMatter,"{""bsns_year"": ""2025"", ""corp_code"": ""00148391"", ""reprt_code"": ""11011""}",20260331003080,api_row,2026-08-31T16:07:44+09:00,000,run_20260831_152517_1145,raw/alotMatter/00148391_2025_11011.json,eb042a8e74d03ed6860a3f1e6d665a80ddac87536f499ed369a8bd44e2856b39,10
,,,00148391,에이비엘생명보험,2025,11011,사업보고서,IFRS17,E,-,"보고서 사업연도 >= 2023 이면 IFRS17, 아니면 IFRS4",-,현금배당수익률(%),2025-12-31,-,-,api,alotMatter,"{""bsns_year"": ""2025"", ""corp_code"": ""00148391"", ""reprt_code"": ""11011""}",20260331003080,api_row,2026-08-31T16:07:44+09:00,000,run_20260831_152517_1145,raw/alotMatter/00148391_2025_11011.json,eb042a8e74d03ed6860a3f1e6d665a80ddac87536f499ed369a8bd44e2856b39,10
,,,00148391,에이비엘생명보험,2025,11011,사업보고서,IFRS17,E,-,"보고서 사업연도 >= 2023 이면 IFRS17, 아니면 IFRS4",-,현금배당수익률(%),2025-12-31,-,-,api,alotMatter,"{""bsns_year"": ""2025"", ""corp_code"": ""00148391"", ""reprt_code"": ""11011""}",20260331003080,api_row,2026-08-31T16:07:44+09:00,000,run_20260831_152517_1145,raw/alotMatter/00148391_2025_11011.json,eb042a8e74d03ed6860a3f1e6d665a80ddac87536f499ed369a8bd44e2856b39,10
,,,00148391,에이비엘생명보험,2025,11011,사업보고서,IFRS17,E,-,"보고서 사업연도 >= 2023 이면 IFRS17, 아니면 IFRS4",-,주식배당수익률(%),2025-12-31,-,-,api,alotMatter,"{""bsns_year"": ""2025"", ""corp_code"": ""00148391"", ""reprt_code"": ""11011""}",20260331003080,api_row,2026-08-31T16:07:44+09:00,000,run_20260831_152517_1145,raw/alotMatter/00148391_2025_11011.json,eb042a8e74d03ed6860a3f1e6d665a80ddac87536f499ed369a8bd44e2856b39,10
,,,00148391,에이비엘생명보험,2025,11011,사업보고서,IFRS17,E,-,"보고서 사업연도 >= 2023 이면 IFRS17, 아니면 IFRS4",-,주식배당수익률(%),2025-12-31,-,-,api,alotMatter,"{""bsns_year"": ""2025"", ""corp_code"": ""00148391"", ""reprt_code"": ""11011""}",20260331003080,api_row,2026-08-31T16:07:44+09:00,000,run_20260831_152517_1145,raw/alotMatter/00148391_2025_11011.json,eb042a8e74d03ed6860a3f1e6d665a80ddac87536f499ed369a8bd44e2856b39,10
,,,00148391,에이비엘생명보험,2025,11011,사업보고서,IFRS17,E,-,"보고서 사업연도 >= 2023 이면 IFRS17, 아니면 IFRS4",-,주당 현금배당금(원),2025-12-31,-,-,api,alotMatter,"{""bsns_year"": ""2025"", ""corp_code"": ""00148391"", ""reprt_code"": ""11011""}",20260331003080,api_row,2026-08-31T16:07:44+09:00,000,run_20260831_152517_1145,raw/alotMatter/00148391_2025_11011.json,eb042a8e74d03ed6860a3f1e6d665a80ddac87536f499ed369a8bd44e2856b39,10
,,,00148391,에이비엘생명보험,2025,11011,사업보고서,IFRS17,E,-,"보고서 사업연도 >= 2023 이면 IFRS17, 아니면 IFRS4",-,주당 현금배당금(원),2025-12-31,-,-,api,alotMatter,"{""bsns_year"": ""2025"", ""corp_code"": ""00148391"", ""reprt_code"": ""11011""}",20260331003080,api_row,2026-08-31T16:07:44+09:00,000,run_20260831_152517_1145,raw/alotMatter/00148391_2025_11011.json,eb042a8e74d03ed6860a3f1e6d665a80ddac87536f499ed369a8bd44e2856b39,10
,,,00148391,에이비엘생명보험,2025,11011,사업보고서,IFRS17,E,-,"보고서 사업연도 >= 2023 이면 IFRS17, 아니면 IFRS4",-,주당 주식배당(주),2025-12-31,-,-,api,alotMatter,"{""bsns_year"": ""2025"", ""corp_code"": ""00148391"", ""reprt_code"": ""11011""}",20260331003080,api_row,2026-08-31T16:07:44+09:00,000,run_20260831_152517_1145,raw/alotMatter/00148391_2025_11011.json,eb042a8e74d03ed6860a3f1e6d665a80ddac87536f499ed369a8bd44e2856b39,10
,,,00148391,에이비엘생명보험,2025,11011,사업보고서,IFRS17,E,-,"보고서 사업연도 >= 2023 이면 IFRS17, 아니면 IFRS4",-,주당 주식배당(주),2025-12-31,-,-,api,alotMatter,"{""bsns_year"": ""2025"", ""corp_code"": ""00148391"", ""reprt_code"": ""11011""}",20260331003080,api_row,2026-08-31T16:07:44+09:00,000,run_20260831_152517_1145,raw/alotMatter/00148391_2025_11011.json,eb042a8e74d03ed6860a3f1e6d665a80ddac87536f499ed369a8bd44e2856b39,10
,,,00160393,케이비라이프생명보험,2025,11011,사업보고서,IFRS17,E,"10,000","보고서 사업연도 >= 2023 이면 IFRS17, 아니면 IFRS4","10,000",주당액면가액(원),2025-12-31,-,"10,000",api,alotMatter,"{""bsns_year"": ""2025"", ""corp_code"": ""00160393"", ""reprt_code"": ""11011""}",20260331003664,api_row,2026-08-31T16:04:27+09:00,000,run_20260831_152517_1021,raw/alotMatter/00160393_2025_11011.json,1362ed7cf1274de63b019279ea5b71a606cfed8da9b766931ac44f5acc13264c,10
,,,00160393,케이비라이프생명보험,2025,11011,사업보고서,IFRS17,E,"269,404","보고서 사업연도 >= 2023 이면 IFRS17, 아니면 IFRS4","234,103",(연결)당기순이익(백만원),2025-12-31,-,"243,971",api,alotMatter,"{""bsns_year"": ""2025"", ""corp_code"": ""00160393"", ""reprt_code"": ""11011""}",20260331003664,api_row,2026-08-31T16:04:27+09:00,000,run_20260831_152517_1021,raw/alotMatter/00160393_2025_11011.json,1362ed7cf1274de63b019279ea5b71a606cfed8da9b766931ac44f5acc13264c,10
,,,00160393,케이비라이프생명보험,2025,11011,사업보고서,IFRS17,E,"299,878","보고서 사업연도 >= 2023 이면 IFRS17, 아니면 IFRS4","236,403",(별도)당기순이익(백만원),2025-12-31,-,"265,888",api,alotMatter,"{""bsns_year"": ""2025"", ""corp_code"": ""00160393"", ""reprt_code"": ""11011""}",20260331003664,api_row,2026-08-31T16:04:27+09:00,000,run_20260831_152517_1021,raw/alotMatter/00160393_2025_11011.json,1362ed7cf1274de63b019279ea5b71a606cfed8da9b766931ac44f5acc13264c,10
,,,00160393,케이비라이프생명보험,2025,11011,사업보고서,IFRS17,E,"16,628","보고서 사업연도 >= 2023 이면 IFRS17, 아니면 IFRS4","14,449",(연결)주당순이익(원),2025-12-31,-,"15,059",api,alotMatter,"{""bsns_year"": ""2025"", ""corp_code"": ""00160393"", ""reprt_code"": ""11011""}",20260331003664,api_row,2026-08-31T16:04:27+09:00,000,run_20260831_152517_1021,raw/alotMatter/00160393_2025_11011.json,1362ed7cf1274de63b019279ea5b71a606cfed8da9b766931ac44f5acc13264c,10
,,,00160393,케이비라이프생명보험,2025,11011,사업보고서,IFRS17,E,"280,000","보고서 사업연도 >= 2023 이면 IFRS17, 아니면 IFRS4",-,현금배당금총액(백만원),2025-12-31,-,"120,000",api,alotMatter,"{""bsns_year"": ""2025"", ""corp_code"": ""00160393"", ""reprt_code"": ""11011""}",20260331003664,api_row,2026-08-31T16:04:27+09:00,000,run_20260831_152517_1021,raw/alotMatter/00160393_2025_11011.json,1362ed7cf1274de63b019279ea5b71a606cfed8da9b766931ac44f5acc13264c,10
,,,00160393,케이비라이프생명보험,2025,11011,사업보고서,IFRS17,E,-,"보고서 사업연도 >= 2023 이면 IFRS17, 아니면 IFRS4",-,주식배당금총액(백만원),2025-12-31,-,-,api,alotMatter,"{""bsns_year"": ""2025"", ""corp_code"": ""00160393"", ""reprt_code"": ""11011""}",20260331003664,api_row,2026-08-31T16:04:27+09:00,000,run_20260831_152517_1021,raw/alotMatter/00160393_2025_11011.json,1362ed7cf1274de63b019279ea5b71a606cfed8da9b766931ac44f5acc13264c,10
,,,00160393,케이비라이프생명보험,2025,11011,사업보고서,IFRS17,E,103.90,"보고서 사업연도 >= 2023 이면 IFRS17, 아니면 IFRS4",-,(연결)현금배당성향(%),2025-12-31,-,49.20,api,alotMatter,"{""bsns_year"": ""2025"", ""corp_code"": ""00160393"", ""reprt_code"": ""11011""}",20260331003664,api_row,2026-08-31T16:04:27+09:00,000,run_20260831_152517_1021,raw/alotMatter/00160393_2025_11011.json,1362ed7cf1274de63b019279ea5b71a606cfed8da9b766931ac44f5acc13264c,10
,,,00160393,케이비라이프생명보험,2025,11011,사업보고서,IFRS17,E,-,"보고서 사업연도 >= 2023 이면 IFRS17, 아니면 IFRS4",-,현금배당수익률(%),2025-12-31,보통주,-,api,alotMatter,"{""bsns_year"": ""2025"", ""corp_code"": ""00160393"", ""reprt_code"": ""11011""}",20260331003664,api_row,2026-08-31T16:04:27+09:00,000,run_20260831_152517_1021,raw/alotMatter/00160393_2025_11011.json,1362ed7cf1274de63b019279ea5b71a606cfed8da9b766931ac44f5acc13264c,10
,,,00160393,케이비라이프생명보험,2025,11011,사업보고서,IFRS17,E,-,"보고서 사업연도 >= 2023 이면 IFRS17, 아니면 IFRS4",-,현금배당수익률(%),2025-12-31,-,-,api,alotMatter,"{""bsns_year"": ""2025"", ""corp_code"": ""00160393"", ""reprt_code"": ""11011""}",20260331003664,api_row,2026-08-31T16:04:27+09:00,000,run_20260831_152517_1021,raw/alotMatter/00160393_2025_11011.json,1362ed7cf1274de63b019279ea5b71a606cfed8da9b766931ac44f5acc13264c,10
,,,00160393,케이비라이프생명보험,2025,11011,사업보고서,IFRS17,E,-,"보고서 사업연도 >= 2023 이면 IFRS17, 아니면 IFRS4",-,주식배당수익률(%),2025-12-31,-,-,api,alotMatter,"{""bsns_year"": ""2025"", ""corp_code"": ""00160393"", ""reprt_code"": ""11011""}",20260331003664,api_row,2026-08-31T16:04:27+09:00,000,run_20260831_152517_1021,raw/alotMatter/00160393_2025_11011.json,1362ed7cf1274de63b019279ea5b71a606cfed8da9b766931ac44f5acc13264c,10
,,,00160393,케이비라이프생명보험,2025,11011,사업보고서,IFRS17,E,-,"보고서 사업연도 >= 2023 이면 IFRS17, 아니면 IFRS4",-,주식배당수익률(%),2025-12-31,-,-,api,alotMatter,"{""bsns_year"": ""2025"", ""corp_code"": ""00160393"", ""reprt_code"": ""11011""}",20260331003664,api_row,2026-08-31T16:04:27+09:00,000,run_20260831_152517_1021,raw/alotMatter/00160393_2025_11011.json,1362ed7cf1274de63b019279ea5b71a606cfed8da9b766931ac44f5acc13264c,10
,,,00160393,케이비라이프생명보험,2025,11011,사업보고서,IFRS17,E,"17,282","보고서 사업연도 >= 2023 이면 IFRS17, 아니면 IFRS4",-,주당 현금배당금(원),2025-12-31,보통주,"7,407",api,alotMatter,"{""bsns_year"": ""2025"", ""corp_code"": ""00160393"", ""reprt_code"": ""11011""}",20260331003664,api_row,2026-08-31T16:04:27+09:00,000,run_20260831_152517_1021,raw/alotMatter/00160393_2025_11011.json,1362ed7cf1274de63b019279ea5b71a606cfed8da9b766931ac44f5acc13264c,10
,,,00160393,케이비라이프생명보험,2025,11011,사업보고서,IFRS17,E,-,"보고서 사업연도 >= 2023 이면 IFRS17, 아니면 IFRS4",-,주당 현금배당금(원),2025-12-31,-,-,api,alotMatter,"{""bsns_year"": ""2025"", ""corp_code"": ""00160393"", ""reprt_code"": ""11011""}",20260331003664,api_row,2026-08-31T16:04:27+09:00,000,run_20260831_152517_1021,raw/alotMatter/00160393_2025_11011.json,1362ed7cf1274de63b019279ea5b71a606cfed8da9b766931ac44f5acc13264c,10
,,,00160393,케이비라이프생명보험,2025,11011,사업보고서,IFRS17,E,-,"보고서 사업연도 >= 2023 이면 IFRS17, 아니면 IFRS4",-,주당 주식배당(주),2025-12-31,-,-,api,alotMatter,"{""bsns_year"": ""2025"", ""corp_code"": ""00160393"", ""reprt_code"": ""11011""}",20260331003664,api_row,2026-08-31T16:04:27+09:00,000,run_20260831_152517_1021,raw/alotMatter/00160393_2025_11011.json,1362ed7cf1274de63b019279ea5b71a606cfed8da9b766931ac44f5acc13264c,10
,,,00160393,케이비라이프생명보험,2025,11011,사업보고서,IFRS17,E,-,"보고서 사업연도 >= 2023 이면 IFRS17, 아니면 IFRS4",-,주당 주식배당(주),2025-12-31,-,-,api,alotMatter,"{""bsns_year"": ""2025"", ""corp_code"": ""00160393"", ""reprt_code"": ""11011""}",20260331003664,api_row,2026-08-31T16:04:27+09:00,000,run_20260831_152517_1021,raw/alotMatter/00160393_2025_11011.json,1362ed7cf1274de63b019279ea5b71a606cfed8da9b766931ac44f5acc13264c,10
,,,00160393,케이비라이프생명보험,2025,11011,사업보고서,IFRS17,E,-,"보고서 사업연도 >= 2023 이면 IFRS17, 아니면 IFRS4",-,주당 주식배당(주),2025-12-31,-,-,api,alotMatter,"{""bsns_year"": ""2025"", ""corp_code"": ""00160393"", ""reprt_code"": ""11011""}",20260331003664,api_row,2026-08-31T16:04:27+09:00,000,run_20260831_152517_1021,raw/alotMatter/00160393_2025_11011.json,1362ed7cf1274de63b019279ea5b71a606cfed8da9b766931ac44f5acc13264c,10
,,,00382199,신한지주,2025,11011,사업보고서,IFRS17,Y,"5,000","보고서 사업연도 >= 2023 이면 IFRS17, 아니면 IFRS4","5,000",주당액면가액(원),2025-12-31,-,"5,000",api,alotMatter,"{""bsns_year"": ""2025"", ""corp_code"": ""00382199"", ""reprt_code"": ""11011""}",20260318000826,api_row,2026-08-31T15:34:03+09:00,000,run_20260831_152517_0226,raw/alotMatter/00382199_2025_11011.json,841e4be2383cb55c8b59f06255f360fb202c27a9ca017076ec4ccdf281daebc4,10
,,,00382199,신한지주,2025,11011,사업보고서,IFRS17,Y,"4,450,177","보고서 사업연도 >= 2023 이면 IFRS17, 아니면 IFRS4","4,368,035",(연결)당기순이익(백만원),2025-12-31,-,"4,971,561",api,alotMatter,"{""bsns_year"": ""2025"", ""corp_code"": ""00382199"", ""reprt_code"": ""11011""}",20260318000826,api_row,2026-08-31T15:34:03+09:00,000,run_20260831_152517_0226,raw/alotMatter/00382199_2025_11011.json,841e4be2383cb55c8b59f06255f360fb202c27a9ca017076ec4ccdf281daebc4,10
,,,00382199,신한지주,2025,11011,사업보고서,IFRS17,Y,"1,619,867","보고서 사업연도 >= 2023 이면 IFRS17, 아니면 IFRS4","1,671,011",(별도)당기순이익(백만원),2025-12-31,-,"2,385,457",api,alotMatter,"{""bsns_year"": ""2025"", ""corp_code"": ""00382199"", ""reprt_code"": ""11011""}",20260318000826,api_row,2026-08-31T15:34:03+09:00,000,run_20260831_152517_0226,raw/alotMatter/00382199_2025_11011.json,841e4be2383cb55c8b59f06255f360fb202c27a9ca017076ec4ccdf281daebc4,10
,,,00382199,신한지주,2025,11011,사업보고서,IFRS17,Y,"8,441","보고서 사업연도 >= 2023 이면 IFRS17, 아니면 IFRS4","8,048",(연결)주당순이익(원),2025-12-31,-,"9,812",api,alotMatter,"{""bsns_year"": ""2025"", ""corp_code"": ""00382199"", ""reprt_code"": ""11011""}",20260318000826,api_row,2026-08-31T15:34:03+09:00,000,run_20260831_152517_0226,raw/alotMatter/00382199_2025_11011.json,841e4be2383cb55c8b59f06255f360fb202c27a9ca017076ec4ccdf281daebc4,10
,,,00382199,신한지주,2025,11011,사업보고서,IFRS17,Y,"1,088,042","보고서 사업연도 >= 2023 이면 IFRS17, 아니면 IFRS4","1,086,317",현금배당금총액(백만원),2025-12-31,-,"1,245,730",api,alotMatter,"{""bsns_year"": ""2025"", ""corp_code"": ""00382199"", ""reprt_code"": ""11011""}",20260318000826,api_row,2026-08-31T15:34:03+09:00,000,run_20260831_152517_0226,raw/alotMatter/00382199_2025_11011.json,841e4be2383cb55c8b59f06255f360fb202c27a9ca017076ec4ccdf281daebc4,10
,,,00382199,신한지주,2025,11011,사업보고서,IFRS17,Y,-,"보고서 사업연도 >= 2023 이면 IFRS17, 아니면 IFRS4",-,주식배당금총액(백만원),2025-12-31,-,-,api,alotMatter,"{""bsns_year"": ""2025"", ""corp_code"": ""00382199"", ""reprt_code"": ""11011""}",20260318000826,api_row,2026-08-31T15:34:03+09:00,000,run_20260831_152517_0226,raw/alotMatter/00382199_2025_11011.json,841e4be2383cb55c8b59f06255f360fb202c27a9ca017076ec4ccdf281daebc4,10
,,,00382199,신한지주,2025,11011,사업보고서,IFRS17,Y,24.45,"보고서 사업연도 >= 2023 이면 IFRS17, 아니면 IFRS4",24.87,(연결)현금배당성향(%),2025-12-31,-,25.06,api,alotMatter,"{""bsns_year"": ""2025"", ""corp_code"": ""00382199"", ""reprt_code"": ""11011""}",20260318000826,api_row,2026-08-31T15:34:03+09:00,000,run_20260831_152517_0226,raw/alotMatter/00382199_2025_11011.json,841e4be2383cb55c8b59f06255f360fb202c27a9ca017076ec4ccdf281daebc4,10
,,,00382199,신한지주,2025,11011,사업보고서,IFRS17,Y,4.26,"보고서 사업연도 >= 2023 이면 IFRS17, 아니면 IFRS4",4.87,현금배당수익률(%),2025-12-31,보통주,3.01,api,alotMatter,"{""bsns_year"": ""2025"", ""corp_code"": ""00382199"", ""reprt_code"": ""11011""}",20260318000826,api_row,2026-08-31T15:34:03+09:00,000,run_20260831_152517_0226,raw/alotMatter/00382199_2025_11011.json,841e4be2383cb55c8b59f06255f360fb202c27a9ca017076ec4ccdf281daebc4,10
,,,00382199,신한지주,2025,11011,사업보고서,IFRS17,Y,-,"보고서 사업연도 >= 2023 이면 IFRS17, 아니면 IFRS4",-,현금배당수익률(%),2025-12-31,우선주,-,api,alotMatter,"{""bsns_year"": ""2025"", ""corp_code"": ""00382199"", ""reprt_code"": ""11011""}",20260318000826,api_row,2026-08-31T15:34:03+09:00,000,run_20260831_152517_0226,raw/alotMatter/00382199_2025_11011.json,841e4be2383cb55c8b59f06255f360fb202c27a9ca017076ec4ccdf281daebc4,10
,,,00382199,신한지주,2025,11011,사업보고서,IFRS17,Y,-,"보고서 사업연도 >= 2023 이면 IFRS17, 아니면 IFRS4",-,주식배당수익률(%),2025-12-31,보통주,-,api,alotMatter,"{""bsns_year"": ""2025"", ""corp_code"": ""00382199"", ""reprt_code"": ""11011""}",20260318000826,api_row,2026-08-31T15:34:03+09:00,000,run_20260831_152517_0226,raw/alotMatter/00382199_2025_11011.json,841e4be2383cb55c8b59f06255f360fb202c27a9ca017076ec4ccdf281daebc4,10
,,,00382199,신한지주,2025,11011,사업보고서,IFRS17,Y,-,"보고서 사업연도 >= 2023 이면 IFRS17, 아니면 IFRS4",-,주식배당수익률(%),2025-12-31,우선주,-,api,alotMatter,"{""bsns_year"": ""2025"", ""corp_code"": ""00382199"", ""reprt_code"": ""11011""}",20260318000826,api_row,2026-08-31T15:34:03+09:00,000,run_20260831_152517_0226,raw/alotMatter/00382199_2025_11011.json,841e4be2383cb55c8b59f06255f360fb202c27a9ca017076ec4ccdf281daebc4,10
,,,00382199,신한지주,2025,11011,사업보고서,IFRS17,Y,"2,160","보고서 사업연도 >= 2023 이면 IFRS17, 아니면 IFRS4","2,100",주당 현금배당금(원),2025-12-31,보통주,"2,590",api,alotMatter,"{""bsns_year"": ""2025"", ""corp_code"": ""00382199"", ""reprt_code"": ""11011""}",20260318000826,api_row,2026-08-31T15:34:03+09:00,000,run_20260831_152517_0226,raw/alotMatter/00382199_2025_11011.json,841e4be2383cb55c8b59f06255f360fb202c27a9ca017076ec4ccdf281daebc4,10
,,,00382199,신한지주,2025,11011,사업보고서,IFRS17,Y,-,"보고서 사업연도 >= 2023 이면 IFRS17, 아니면 IFRS4",525,주당 현금배당금(원),2025-12-31,우선주,-,api,alotMatter,"{""bsns_year"": ""2025"", ""corp_code"": ""00382199"", ""reprt_code"": ""11011""}",20260318000826,api_row,2026-08-31T15:34:03+09:00,000,run_20260831_152517_0226,raw/alotMatter/00382199_2025_11011.json,841e4be2383cb55c8b59f06255f360fb202c27a9ca017076ec4ccdf281daebc4,10
,,,00382199,신한지주,2025,11011,사업보고서,IFRS17,Y,-,"보고서 사업연도 >= 2023 이면 IFRS17, 아니면 IFRS4",-,주당 주식배당(주),2025-12-31,보통주,-,api,alotMatter,"{""bsns_year"": ""2025"", ""corp_code"": ""00382199"", ""reprt_code"": ""11011""}",20260318000826,api_row,2026-08-31T15:34:03+09:00,000,run_20260831_152517_0226,raw/alotMatter/00382199_2025_11011.json,841e4be2383cb55c8b59f06255f360fb202c27a9ca017076ec4ccdf281daebc4,10
,,,00382199,신한지주,2025,11011,사업보고서,IFRS17,Y,-,"보고서 사업연도 >= 2023 이면 IFRS17, 아니면 IFRS4",-,주당 주식배당(주),2025-12-31,우선주,-,api,alotMatter,"{""bsns_year"": ""2025"", ""corp_code"": ""00382199"", ""reprt_code"": ""11011""}",20260318000826,api_row,2026-08-31T15:34:03+09:00,000,run_20260831_152517_0226,raw/alotMatter/00382199_2025_11011.json,841e4be2383cb55c8b59f06255f360fb202c27a9ca017076ec4ccdf281daebc4,10
,,,00688996,KB금융,2025,11011,사업보고서,IFRS17,Y,"5,000","보고서 사업연도 >= 2023 이면 IFRS17, 아니면 IFRS4","5,000",주당액면가액(원),2025-12-31,-,"5,000",api,alotMatter,"{""bsns_year"": ""2025"", ""corp_code"": ""00688996"", ""reprt_code"": ""11011""}",20260619000667,api_row,2026-08-31T15:37:54+09:00,000,run_20260831_152517_0335,raw/alotMatter/00688996_2025_11011.json,9e3d665297c828699f920fa9ea8d3523b1203c4f3567cf2bef66edf6675e6b6e,10
,,,00688996,KB금융,2025,11011,사업보고서,IFRS17,Y,"5,078,221","보고서 사업연도 >= 2023 이면 IFRS17, 아니면 IFRS4","4,594,835",(연결)당기순이익(백만원),2025-12-31,-,"5,833,162",api,alotMatter,"{""bsns_year"": ""2025"", ""corp_code"": ""00688996"", ""reprt_code"": ""11011""}",20260619000667,api_row,2026-08-31T15:37:54+09:00,000,run_20260831_152517_0335,raw/alotMatter/00688996_2025_11011.json,9e3d665297c828699f920fa9ea8d3523b1203c4f3567cf2bef66edf6675e6b6e,10
,,,00688996,KB금융,2025,11011,사업보고서,IFRS17,Y,"2,170,597","보고서 사업연도 >= 2023 이면 IFRS17, 아니면 IFRS4","2,121,244",(별도)당기순이익(백만원),2025-12-31,-,"3,657,633",api,alotMatter,"{""bsns_year"": ""2025"", ""corp_code"": ""00688996"", ""reprt_code"": ""11011""}",20260619000667,api_row,2026-08-31T15:37:54+09:00,000,run_20260831_152517_0335,raw/alotMatter/00688996_2025_11011.json,9e3d665297c828699f920fa9ea8d3523b1203c4f3567cf2bef66edf6675e6b6e,10
,,,00688996,KB금융,2025,11011,사업보고서,IFRS17,Y,"12,880","보고서 사업연도 >= 2023 이면 IFRS17, 아니면 IFRS4","11,483",(연결)주당순이익(원),2025-12-31,-,"15,410",api,alotMatter,"{""bsns_year"": ""2025"", ""corp_code"": ""00688996"", ""reprt_code"": ""11011""}",20260619000667,api_row,2026-08-31T15:37:54+09:00,000,run_20260831_152517_0335,raw/alotMatter/00688996_2025_11011.json,9e3d665297c828699f920fa9ea8d3523b1203c4f3567cf2bef66edf6675e6b6e,10
,,,00688996,KB금융,2025,11011,사업보고서,IFRS17,Y,"1,198,257","보고서 사업연도 >= 2023 이면 IFRS17, 아니면 IFRS4","1,173,937",현금배당금총액(백만원),2025-12-31,-,"1,577,774",api,alotMatter,"{""bsns_year"": ""2025"", ""corp_code"": ""00688996"", ""reprt_code"": ""11011""}",20260619000667,api_row,2026-08-31T15:37:54+09:00,000,run_20260831_152517_0335,raw/alotMatter/00688996_2025_11011.json,9e3d665297c828699f920fa9ea8d3523b1203c4f3567cf2bef66edf6675e6b6e,10
,,,00688996,KB금융,2025,11011,사업보고서,IFRS17,Y,-,"보고서 사업연도 >= 2023 이면 IFRS17, 아니면 IFRS4",-,주식배당금총액(백만원),2025-12-31,-,-,api,alotMatter,"{""bsns_year"": ""2025"", ""corp_code"": ""00688996"", ""reprt_code"": ""11011""}",20260619000667,api_row,2026-08-31T15:37:54+09:00,000,run_20260831_152517_0335,raw/alotMatter/00688996_2025_11011.json,9e3d665297c828699f920fa9ea8d3523b1203c4f3567cf2bef66edf6675e6b6e,10
,,,00688996,KB금융,2025,11011,사업보고서,IFRS17,Y,23.60,"보고서 사업연도 >= 2023 이면 IFRS17, 아니면 IFRS4",25.50,(연결)현금배당성향(%),2025-12-31,-,27.00,api,alotMatter,"{""bsns_year"": ""2025"", ""corp_code"": ""00688996"", ""reprt_code"": ""11011""}",20260619000667,api_row,2026-08-31T15:37:54+09:00,000,run_20260831_152517_0335,raw/alotMatter/00688996_2025_11011.json,9e3d665297c828699f920fa9ea8d3523b1203c4f3567cf2bef66edf6675e6b6e,10
,,,00688996,KB금융,2025,11011,사업보고서,IFRS17,Y,3.50,"보고서 사업연도 >= 2023 이면 IFRS17, 아니면 IFRS4",4.90,현금배당수익률(%),2025-12-31,보통주,3.20,api,alotMatter,"{""bsns_year"": ""2025"", ""corp_code"": ""00688996"", ""reprt_code"": ""11011""}",20260619000667,api_row,2026-08-31T15:37:54+09:00,000,run_20260831_152517_0335,raw/alotMatter/00688996_2025_11011.json,9e3d665297c828699f920fa9ea8d3523b1203c4f3567cf2bef66edf6675e6b6e,10
,,,00688996,KB금융,2025,11011,사업보고서,IFRS17,Y,-,"보고서 사업연도 >= 2023 이면 IFRS17, 아니면 IFRS4",-,현금배당수익률(%),2025-12-31,우선주,-,api,alotMatter,"{""bsns_year"": ""2025"", ""corp_code"": ""00688996"", ""reprt_code"": ""11011""}",20260619000667,api_row,2026-08-31T15:37:54+09:00,000,run_20260831_152517_0335,raw/alotMatter/00688996_2025_11011.json,9e3d665297c828699f920fa9ea8d3523b1203c4f3567cf2bef66edf6675e6b6e,10
,,,00688996,KB금융,2025,11011,사업보고서,IFRS17,Y,-,"보고서 사업연도 >= 2023 이면 IFRS17, 아니면 IFRS4",-,주식배당수익률(%),2025-12-31,보통주,-,api,alotMatter,"{""bsns_year"": ""2025"", ""corp_code"": ""00688996"", ""reprt_code"": ""11011""}",20260619000667,api_row,2026-08-31T15:37:54+09:00,000,run_20260831_152517_0335,raw/alotMatter/00688996_2025_11011.json,9e3d665297c828699f920fa9ea8d3523b1203c4f3567cf2bef66edf6675e6b6e,10
,,,00688996,KB금융,2025,11011,사업보고서,IFRS17,Y,-,"보고서 사업연도 >= 2023 이면 IFRS17, 아니면 IFRS4",-,주식배당수익률(%),2025-12-31,우선주,-,api,alotMatter,"{""bsns_year"": ""2025"", ""corp_code"": ""00688996"", ""reprt_code"": ""11011""}",20260619000667,api_row,2026-08-31T15:37:54+09:00,000,run_20260831_152517_0335,raw/alotMatter/00688996_2025_11011.json,9e3d665297c828699f920fa9ea8d3523b1203c4f3567cf2bef66edf6675e6b6e,10
,,,00688996,KB금융,2025,11011,사업보고서,IFRS17,Y,"3,174","보고서 사업연도 >= 2023 이면 IFRS17, 아니면 IFRS4","3,060",주당 현금배당금(원),2025-12-31,보통주,"4,367",api,alotMatter,"{""bsns_year"": ""2025"", ""corp_code"": ""00688996"", ""reprt_code"": ""11011""}",20260619000667,api_row,2026-08-31T15:37:54+09:00,000,run_20260831_152517_0335,raw/alotMatter/00688996_2025_11011.json,9e3d665297c828699f920fa9ea8d3523b1203c4f3567cf2bef66edf6675e6b6e,10
,,,00688996,KB금융,2025,11011,사업보고서,IFRS17,Y,-,"보고서 사업연도 >= 2023 이면 IFRS17, 아니면 IFRS4",-,주당 현금배당금(원),2025-12-31,우선주,-,api,alotMatter,"{""bsns_year"": ""2025"", ""corp_code"": ""00688996"", ""reprt_code"": ""11011""}",20260619000667,api_row,2026-08-31T15:37:54+09:00,000,run_20260831_152517_0335,raw/alotMatter/00688996_2025_11011.json,9e3d665297c828699f920fa9ea8d3523b1203c4f3567cf2bef66edf6675e6b6e,10
,,,00688996,KB금융,2025,11011,사업보고서,IFRS17,Y,-,"보고서 사업연도 >= 2023 이면 IFRS17, 아니면 IFRS4",-,주당 주식배당(주),2025-12-31,보통주,-,api,alotMatter,"{""bsns_year"": ""2025"", ""corp_code"": ""00688996"", ""reprt_code"": ""11011""}",20260619000667,api_row,2026-08-31T15:37:54+09:00,000,run_20260831_152517_0335,raw/alotMatter/00688996_2025_11011.json,9e3d665297c828699f920fa9ea8d3523b1203c4f3567cf2bef66edf6675e6b6e,10
,,,00688996,KB금융,2025,11011,사업보고서,IFRS17,Y,-,"보고서 사업연도 >= 2023 이면 IFRS17, 아니면 IFRS4",-,주당 주식배당(주),2025-12-31,우선주,-,api,alotMatter,"{""bsns_year"": ""2025"", ""corp_code"": ""00688996"", ""reprt_code"": ""11011""}",20260619000667,api_row,2026-08-31T15:37:54+09:00,000,run_20260831_152517_0335,raw/alotMatter/00688996_2025_11011.json,9e3d665297c828699f920fa9ea8d3523b1203c4f3567cf2bef66edf6675e6b6e,10
,,,00878915,iM금융지주,2025,11011,사업보고서,IFRS17,Y,"5,000","보고서 사업연도 >= 2023 이면 IFRS17, 아니면 IFRS4","5,000",주당액면가액(원),2025-12-31,-,"5,000",api,alotMatter,"{""bsns_year"": ""2025"", ""corp_code"": ""00878915"", ""reprt_code"": ""11011""}",20260515000720,api_row,2026-08-31T15:41:36+09:00,000,run_20260831_152517_0452,raw/alotMatter/00878915_2025_11011.json,5ad26ee22f25c187a6deb84b047f6d48812dfb8c52b45f9036ca3baf42934fca,10
,,,00878915,iM금융지주,2025,11011,사업보고서,IFRS17,Y,"214,876","보고서 사업연도 >= 2023 이면 IFRS17, 아니면 IFRS4","387,839",(연결)당기순이익(백만원),2025-12-31,-,"443,903",api,alotMatter,"{""bsns_year"": ""2025"", ""corp_code"": ""00878915"", ""reprt_code"": ""11011""}",20260515000720,api_row,2026-08-31T15:41:36+09:00,000,run_20260831_152517_0452,raw/alotMatter/00878915_2025_11011.json,5ad26ee22f25c187a6deb84b047f6d48812dfb8c52b45f9036ca3baf42934fca,10
,,,00878915,iM금융지주,2025,11011,사업보고서,IFRS17,Y,"135,964","보고서 사업연도 >= 2023 이면 IFRS17, 아니면 IFRS4","183,076",(별도)당기순이익(백만원),2025-12-31,-,"247,780",api,alotMatter,"{""bsns_year"": ""2025"", ""corp_code"": ""00878915"", ""reprt_code"": ""11011""}",20260515000720,api_row,2026-08-31T15:41:36+09:00,000,run_20260831_152517_0452,raw/alotMatter/00878915_2025_11011.json,5ad26ee22f25c187a6deb84b047f6d48812dfb8c52b45f9036ca3baf42934fca,10
,,,00878915,iM금융지주,2025,11011,사업보고서,IFRS17,Y,"1,121","보고서 사업연도 >= 2023 이면 IFRS17, 아니면 IFRS4","2,180",(연결)주당순이익(원),2025-12-31,-,"2,511",api,alotMatter,"{""bsns_year"": ""2025"", ""corp_code"": ""00878915"", ""reprt_code"": ""11011""}",20260515000720,api_row,2026-08-31T15:41:36+09:00,000,run_20260831_152517_0452,raw/alotMatter/00878915_2025_11011.json,5ad26ee22f25c187a6deb84b047f6d48812dfb8c52b45f9036ca3baf42934fca,10
,,,00878915,iM금융지주,2025,11011,사업보고서,IFRS17,Y,"82,677","보고서 사업연도 >= 2023 이면 IFRS17, 아니면 IFRS4","91,516",현금배당금총액(백만원),2025-12-31,-,"112,437",api,alotMatter,"{""bsns_year"": ""2025"", ""corp_code"": ""00878915"", ""reprt_code"": ""11011""}",20260515000720,api_row,2026-08-31T15:41:36+09:00,000,run_20260831_152517_0452,raw/alotMatter/00878915_2025_11011.json,5ad26ee22f25c187a6deb84b047f6d48812dfb8c52b45f9036ca3baf42934fca,10
,,,00878915,iM금융지주,2025,11011,사업보고서,IFRS17,Y,-,"보고서 사업연도 >= 2023 이면 IFRS17, 아니면 IFRS4",-,주식배당금총액(백만원),2025-12-31,-,-,api,alotMatter,"{""bsns_year"": ""2025"", ""corp_code"": ""00878915"", ""reprt_code"": ""11011""}",20260515000720,api_row,2026-08-31T15:41:36+09:00,000,run_20260831_152517_0452,raw/alotMatter/00878915_2025_11011.json,5ad26ee22f25c187a6deb84b047f6d48812dfb8c52b45f9036ca3baf42934fca,10
,,,00878915,iM금융지주,2025,11011,사업보고서,IFRS17,Y,38.50,"보고서 사업연도 >= 2023 이면 IFRS17, 아니면 IFRS4",23.60,(연결)현금배당성향(%),2025-12-31,-,25.30,api,alotMatter,"{""bsns_year"": ""2025"", ""corp_code"": ""00878915"", ""reprt_code"": ""11011""}",20260515000720,api_row,2026-08-31T15:41:36+09:00,000,run_20260831_152517_0452,raw/alotMatter/00878915_2025_11011.json,5ad26ee22f25c187a6deb84b047f6d48812dfb8c52b45f9036ca3baf42934fca,10
,,,00878915,iM금융지주,2025,11011,사업보고서,IFRS17,Y,5.44,"보고서 사업연도 >= 2023 이면 IFRS17, 아니면 IFRS4",5.83,현금배당수익률(%),2025-12-31,보통주,4.36,api,alotMatter,"{""bsns_year"": ""2025"", ""corp_code"": ""00878915"", ""reprt_code"": ""11011""}",20260515000720,api_row,2026-08-31T15:41:36+09:00,000,run_20260831_152517_0452,raw/alotMatter/00878915_2025_11011.json,5ad26ee22f25c187a6deb84b047f6d48812dfb8c52b45f9036ca3baf42934fca,10
,,,00878915,iM금융지주,2025,11011,사업보고서,IFRS17,Y,-,"보고서 사업연도 >= 2023 이면 IFRS17, 아니면 IFRS4",-,현금배당수익률(%),2025-12-31,-,-,api,alotMatter,"{""bsns_year"": ""2025"", ""corp_code"": ""00878915"", ""reprt_code"": ""11011""}",20260515000720,api_row,2026-08-31T15:41:36+09:00,000,run_20260831_152517_0452,raw/alotMatter/00878915_2025_11011.json,5ad26ee22f25c187a6deb84b047f6d48812dfb8c52b45f9036ca3baf42934fca,10
,,,00878915,iM금융지주,2025,11011,사업보고서,IFRS17,Y,-,"보고서 사업연도 >= 2023 이면 IFRS17, 아니면 IFRS4",-,주식배당수익률(%),2025-12-31,-,-,api,alotMatter,"{""bsns_year"": ""2025"", ""corp_code"": ""00878915"", ""reprt_code"": ""11011""}",20260515000720,api_row,2026-08-31T15:41:36+09:00,000,run_20260831_152517_0452,raw/alotMatter/00878915_2025_11011.json,5ad26ee22f25c187a6deb84b047f6d48812dfb8c52b45f9036ca3baf42934fca,10
,,,00878915,iM금융지주,2025,11011,사업보고서,IFRS17,Y,-,"보고서 사업연도 >= 2023 이면 IFRS17, 아니면 IFRS4",-,주식배당수익률(%),2025-12-31,-,-,api,alotMatter,"{""bsns_year"": ""2025"", ""corp_code"": ""00878915"", ""reprt_code"": ""11011""}",20260515000720,api_row,2026-08-31T15:41:36+09:00,000,run_20260831_152517_0452,raw/alotMatter/00878915_2025_11011.json,5ad26ee22f25c187a6deb84b047f6d48812dfb8c52b45f9036ca3baf42934fca,10
,,,00878915,iM금융지주,2025,11011,사업보고서,IFRS17,Y,500,"보고서 사업연도 >= 2023 이면 IFRS17, 아니면 IFRS4",550,주당 현금배당금(원),2025-12-31,보통주,700,api,alotMatter,"{""bsns_year"": ""2025"", ""corp_code"": ""00878915"", ""reprt_code"": ""11011""}",20260515000720,api_row,2026-08-31T15:41:36+09:00,000,run_20260831_152517_0452,raw/alotMatter/00878915_2025_11011.json,5ad26ee22f25c187a6deb84b047f6d48812dfb8c52b45f9036ca3baf42934fca,10
,,,00878915,iM금융지주,2025,11011,사업보고서,IFRS17,Y,-,"보고서 사업연도 >= 2023 이면 IFRS17, 아니면 IFRS4",-,주당 현금배당금(원),2025-12-31,-,-,api,alotMatter,"{""bsns_year"": ""2025"", ""corp_code"": ""00878915"", ""reprt_code"": ""11011""}",20260515000720,api_row,2026-08-31T15:41:36+09:00,000,run_20260831_152517_0452,raw/alotMatter/00878915_2025_11011.json,5ad26ee22f25c187a6deb84b047f6d48812dfb8c52b45f9036ca3baf42934fca,10
,,,00878915,iM금융지주,2025,11011,사업보고서,IFRS17,Y,-,"보고서 사업연도 >= 2023 이면 IFRS17, 아니면 IFRS4",-,주당 주식배당(주),2025-12-31,-,-,api,alotMatter,"{""bsns_year"": ""2025"", ""corp_code"": ""00878915"", ""reprt_code"": ""11011""}",20260515000720,api_row,2026-08-31T15:41:36+09:00,000,run_20260831_152517_0452,raw/alotMatter/00878915_2025_11011.json,5ad26ee22f25c187a6deb84b047f6d48812dfb8c52b45f9036ca3baf42934fca,10
,,,00878915,iM금융지주,2025,11011,사업보고서,IFRS17,Y,-,"보고서 사업연도 >= 2023 이면 IFRS17, 아니면 IFRS4",-,주당 주식배당(주),2025-12-31,-,-,api,alotMatter,"{""bsns_year"": ""2025"", ""corp_code"": ""00878915"", ""reprt_code"": ""11011""}",20260515000720,api_row,2026-08-31T15:41:36+09:00,000,run_20260831_152517_0452,raw/alotMatter/00878915_2025_11011.json,5ad26ee22f25c187a6deb84b047f6d48812dfb8c52b45f9036ca3baf42934fca,10
,,,01350869,우리금융지주,2025,11011,사업보고서,IFRS17,Y,"5,000","보고서 사업연도 >= 2023 이면 IFRS17, 아니면 IFRS4","5,000",주당액면가액(원),2025-12-31,-,"5,000",api,alotMatter,"{""bsns_year"": ""2025"", ""corp_code"": ""01350869"", ""reprt_code"": ""11011""}",20260313001235,api_row,2026-08-31T15:44:34+09:00,000,run_20260831_152517_0533,raw/alotMatter/01350869_2025_11011.json,a798352624d80b461e74ea202d92be856dad433f52edd57377547e8936a81103,10
,,,01350869,우리금융지주,2025,11011,사업보고서,IFRS17,Y,"3,085,995","보고서 사업연도 >= 2023 이면 IFRS17, 아니면 IFRS4","2,506,296",(연결)당기순이익(백만원),2025-12-31,-,"3,124,346",api,alotMatter,"{""bsns_year"": ""2025"", ""corp_code"": ""01350869"", ""reprt_code"": ""11011""}",20260313001235,api_row,2026-08-31T15:44:34+09:00,000,run_20260831_152517_0533,raw/alotMatter/01350869_2025_11011.json,a798352624d80b461e74ea202d92be856dad433f52edd57377547e8936a81103,10
,,,01350869,우리금융지주,2025,11011,사업보고서,IFRS17,Y,"1,123,332","보고서 사업연도 >= 2023 이면 IFRS17, 아니면 IFRS4","1,424,508",(별도)당기순이익(백만원),2025-12-31,-,"1,127,040",api,alotMatter,"{""bsns_year"": ""2025"", ""corp_code"": ""01350869"", ""reprt_code"": ""11011""}",20260313001235,api_row,2026-08-31T15:44:34+09:00,000,run_20260831_152517_0533,raw/alotMatter/01350869_2025_11011.json,a798352624d80b461e74ea202d92be856dad433f52edd57377547e8936a81103,10
,,,01350869,우리금융지주,2025,11011,사업보고서,IFRS17,Y,"3,950","보고서 사업연도 >= 2023 이면 IFRS17, 아니면 IFRS4","3,230",(연결)주당순이익(원),2025-12-31,-,"4,052",api,alotMatter,"{""bsns_year"": ""2025"", ""corp_code"": ""01350869"", ""reprt_code"": ""11011""}",20260313001235,api_row,2026-08-31T15:44:34+09:00,000,run_20260831_152517_0533,raw/alotMatter/01350869_2025_11011.json,a798352624d80b461e74ea202d92be856dad433f52edd57377547e8936a81103,10
,,,01350869,우리금융지주,2025,11011,사업보고서,IFRS17,Y,"891,045","보고서 사업연도 >= 2023 이면 IFRS17, 아니면 IFRS4","747,302",현금배당금총액(백만원),2025-12-31,-,"998,468",api,alotMatter,"{""bsns_year"": ""2025"", ""corp_code"": ""01350869"", ""reprt_code"": ""11011""}",20260313001235,api_row,2026-08-31T15:44:34+09:00,000,run_20260831_152517_0533,raw/alotMatter/01350869_2025_11011.json,a798352624d80b461e74ea202d92be856dad433f52edd57377547e8936a81103,10
,,,01350869,우리금융지주,2025,11011,사업보고서,IFRS17,Y,-,"보고서 사업연도 >= 2023 이면 IFRS17, 아니면 IFRS4",-,주식배당금총액(백만원),2025-12-31,-,-,api,alotMatter,"{""bsns_year"": ""2025"", ""corp_code"": ""01350869"", ""reprt_code"": ""11011""}",20260313001235,api_row,2026-08-31T15:44:34+09:00,000,run_20260831_152517_0533,raw/alotMatter/01350869_2025_11011.json,a798352624d80b461e74ea202d92be856dad433f52edd57377547e8936a81103,10
,,,01350869,우리금융지주,2025,11011,사업보고서,IFRS17,Y,28.87,"보고서 사업연도 >= 2023 이면 IFRS17, 아니면 IFRS4",29.82,(연결)현금배당성향(%),2025-12-31,-,31.96,api,alotMatter,"{""bsns_year"": ""2025"", ""corp_code"": ""01350869"", ""reprt_code"": ""11011""}",20260313001235,api_row,2026-08-31T15:44:34+09:00,000,run_20260831_152517_0533,raw/alotMatter/01350869_2025_11011.json,a798352624d80b461e74ea202d92be856dad433f52edd57377547e8936a81103,10
,,,01350869,우리금융지주,2025,11011,사업보고서,IFRS17,Y,6.90,"보고서 사업연도 >= 2023 이면 IFRS17, 아니면 IFRS4",6.70,현금배당수익률(%),2025-12-31,보통주,4.40,api,alotMatter,"{""bsns_year"": ""2025"", ""corp_code"": ""01350869"", ""reprt_code"": ""11011""}",20260313001235,api_row,2026-08-31T15:44:34+09:00,000,run_20260831_152517_0533,raw/alotMatter/01350869_2025_11011.json,a798352624d80b461e74ea202d92be856dad433f52edd57377547e8936a81103,10
,,,01350869,우리금융지주,2025,11011,사업보고서,IFRS17,Y,-,"보고서 사업연도 >= 2023 이면 IFRS17, 아니면 IFRS4",-,현금배당수익률(%),2025-12-31,우선주,-,api,alotMatter,"{""bsns_year"": ""2025"", ""corp_code"": ""01350869"", ""reprt_code"": ""11011""}",20260313001235,api_row,2026-08-31T15:44:34+09:00,000,run_20260831_152517_0533,raw/alotMatter/01350869_2025_11011.json,a798352624d80b461e74ea202d92be856dad433f52edd57377547e8936a81103,10
,,,01350869,우리금융지주,2025,11011,사업보고서,IFRS17,Y,-,"보고서 사업연도 >= 2023 이면 IFRS17, 아니면 IFRS4",-,주식배당수익률(%),2025-12-31,보통주,-,api,alotMatter,"{""bsns_year"": ""2025"", ""corp_code"": ""01350869"", ""reprt_code"": ""11011""}",20260313001235,api_row,2026-08-31T15:44:34+09:00,000,run_20260831_152517_0533,raw/alotMatter/01350869_2025_11011.json,a798352624d80b461e74ea202d92be856dad433f52edd57377547e8936a81103,10
,,,01350869,우리금융지주,2025,11011,사업보고서,IFRS17,Y,-,"보고서 사업연도 >= 2023 이면 IFRS17, 아니면 IFRS4",-,주식배당수익률(%),2025-12-31,우선주,-,api,alotMatter,"{""bsns_year"": ""2025"", ""corp_code"": ""01350869"", ""reprt_code"": ""11011""}",20260313001235,api_row,2026-08-31T15:44:34+09:00,000,run_20260831_152517_0533,raw/alotMatter/01350869_2025_11011.json,a798352624d80b461e74ea202d92be856dad433f52edd57377547e8936a81103,10
,,,01350869,우리금융지주,2025,11011,사업보고서,IFRS17,Y,"1,200","보고서 사업연도 >= 2023 이면 IFRS17, 아니면 IFRS4","1,000",주당 현금배당금(원),2025-12-31,보통주,"1,360",api,alotMatter,"{""bsns_year"": ""2025"", ""corp_code"": ""01350869"", ""reprt_code"": ""11011""}",20260313001235,api_row,2026-08-31T15:44:34+09:00,000,run_20260831_152517_0533,raw/alotMatter/01350869_2025_11011.json,a798352624d80b461e74ea202d92be856dad433f52edd57377547e8936a81103,10
,,,01350869,우리금융지주,2025,11011,사업보고서,IFRS17,Y,-,"보고서 사업연도 >= 2023 이면 IFRS17, 아니면 IFRS4",-,주당 현금배당금(원),2025-12-31,우선주,-,api,alotMatter,"{""bsns_year"": ""2025"", ""corp_code"": ""01350869"", ""reprt_code"": ""11011""}",20260313001235,api_row,2026-08-31T15:44:34+09:00,000,run_20260831_152517_0533,raw/alotMatter/01350869_2025_11011.json,a798352624d80b461e74ea202d92be856dad433f52edd57377547e8936a81103,10
,,,01350869,우리금융지주,2025,11011,사업보고서,IFRS17,Y,-,"보고서 사업연도 >= 2023 이면 IFRS17, 아니면 IFRS4",-,주당 주식배당(주),2025-12-31,보통주,-,api,alotMatter,"{""bsns_year"": ""2025"", ""corp_code"": ""01350869"", ""reprt_code"": ""11011""}",20260313001235,api_row,2026-08-31T15:44:34+09:00,000,run_20260831_152517_0533,raw/alotMatter/01350869_2025_11011.json,a798352624d80b461e74ea202d92be856dad433f52edd57377547e8936a81103,10
,,,01350869,우리금융지주,2025,11011,사업보고서,IFRS17,Y,-,"보고서 사업연도 >= 2023 이면 IFRS17, 아니면 IFRS4",-,주당 주식배당(주),2025-12-31,우선주,-,api,alotMatter,"{""bsns_year"": ""2025"", ""corp_code"": ""01350869"", ""reprt_code"": ""11011""}",20260313001235,api_row,2026-08-31T15:44:34+09:00,000,run_20260831_152517_0533,raw/alotMatter/01350869_2025_11011.json,a798352624d80b461e74ea202d92be856dad433f52edd57377547e8936a81103,10
,,,00113058,한화생명,2025,11012,반기보고서,IFRS17,Y,"5,000","보고서 사업연도 >= 2023 이면 IFRS17, 아니면 IFRS4","5,000",주당액면가액(원),2025-06-30,-,"5,000",api,alotMatter,"{""bsns_year"": ""2025"", ""corp_code"": ""00113058"", ""reprt_code"": ""11012""}",20250828001120,api_row,2026-08-31T15:49:41+09:00,000,run_20260831_152517_0659,raw/alotMatter/00113058_2025_11012.json,8dd6718ed5da7d2dd1bb49bae5adf3b7f46954c174b6b2921a38aa61ceb7b804,10
,,,00113058,한화생명,2025,11012,반기보고서,IFRS17,Y,"737,254","보고서 사업연도 >= 2023 이면 IFRS17, 아니면 IFRS4","758,480",(연결)당기순이익(백만원),2025-06-30,-,"351,155",api,alotMatter,"{""bsns_year"": ""2025"", ""corp_code"": ""00113058"", ""reprt_code"": ""11012""}",20250828001120,api_row,2026-08-31T15:49:41+09:00,000,run_20260831_152517_0659,raw/alotMatter/00113058_2025_11012.json,8dd6718ed5da7d2dd1bb49bae5adf3b7f46954c174b6b2921a38aa61ceb7b804,10
,,,00113058,한화생명,2025,11012,반기보고서,IFRS17,Y,"720,570","보고서 사업연도 >= 2023 이면 IFRS17, 아니면 IFRS4","616,262",(별도)당기순이익(백만원),2025-06-30,-,"179,701",api,alotMatter,"{""bsns_year"": ""2025"", ""corp_code"": ""00113058"", ""reprt_code"": ""11012""}",20250828001120,api_row,2026-08-31T15:49:41+09:00,000,run_20260831_152517_0659,raw/alotMatter/00113058_2025_11012.json,8dd6718ed5da7d2dd1bb49bae5adf3b7f46954c174b6b2921a38aa61ceb7b804,10
,,,00113058,한화생명,2025,11012,반기보고서,IFRS17,Y,936,"보고서 사업연도 >= 2023 이면 IFRS17, 아니면 IFRS4",954,(연결)주당순이익(원),2025-06-30,-,426,api,alotMatter,"{""bsns_year"": ""2025"", ""corp_code"": ""00113058"", ""reprt_code"": ""11012""}",20250828001120,api_row,2026-08-31T15:49:41+09:00,000,run_20260831_152517_0659,raw/alotMatter/00113058_2025_11012.json,8dd6718ed5da7d2dd1bb49bae5adf3b7f46954c174b6b2921a38aa61ceb7b804,10
,,,00113058,한화생명,2025,11012,반기보고서,IFRS17,Y,-,"보고서 사업연도 >= 2023 이면 IFRS17, 아니면 IFRS4","112,709",현금배당금총액(백만원),2025-06-30,-,-,api,alotMatter,"{""bsns_year"": ""2025"", ""corp_code"": ""00113058"", ""reprt_code"": ""11012""}",20250828001120,api_row,2026-08-31T15:49:41+09:00,000,run_20260831_152517_0659,raw/alotMatter/00113058_2025_11012.json,8dd6718ed5da7d2dd1bb49bae5adf3b7f46954c174b6b2921a38aa61ceb7b804,10
,,,00113058,한화생명,2025,11012,반기보고서,IFRS17,Y,-,"보고서 사업연도 >= 2023 이면 IFRS17, 아니면 IFRS4",-,주식배당금총액(백만원),2025-06-30,-,-,api,alotMatter,"{""bsns_year"": ""2025"", ""corp_code"": ""00113058"", ""reprt_code"": ""11012""}",20250828001120,api_row,2026-08-31T15:49:41+09:00,000,run_20260831_152517_0659,raw/alotMatter/00113058_2025_11012.json,8dd6718ed5da7d2dd1bb49bae5adf3b7f46954c174b6b2921a38aa61ceb7b804,10
,,,00113058,한화생명,2025,11012,반기보고서,IFRS17,Y,-,"보고서 사업연도 >= 2023 이면 IFRS17, 아니면 IFRS4",14.90,(연결)현금배당성향(%),2025-06-30,-,-,api,alotMatter,"{""bsns_year"": ""2025"", ""corp_code"": ""00113058"", ""reprt_code"": ""11012""}",20250828001120,api_row,2026-08-31T15:49:41+09:00,000,run_20260831_152517_0659,raw/alotMatter/00113058_2025_11012.json,8dd6718ed5da7d2dd1bb49bae5adf3b7f46954c174b6b2921a38aa61ceb7b804,10
,,,00113058,한화생명,2025,11012,반기보고서,IFRS17,Y,-,"보고서 사업연도 >= 2023 이면 IFRS17, 아니면 IFRS4",4.40,현금배당수익률(%),2025-06-30,보통주,-,api,alotMatter,"{""bsns_year"": ""2025"", ""corp_code"": ""00113058"", ""reprt_code"": ""11012""}",20250828001120,api_row,2026-08-31T15:49:41+09:00,000,run_20260831_152517_0659,raw/alotMatter/00113058_2025_11012.json,8dd6718ed5da7d2dd1bb49bae5adf3b7f46954c174b6b2921a38aa61ceb7b804,10
,,,00113058,한화생명,2025,11012,반기보고서,IFRS17,Y,-,"보고서 사업연도 >= 2023 이면 IFRS17, 아니면 IFRS4",-,현금배당수익률(%),2025-06-30,우선주,-,api,alotMatter,"{""bsns_year"": ""2025"", ""corp_code"": ""00113058"", ""reprt_code"": ""11012""}",20250828001120,api_row,2026-08-31T15:49:41+09:00,000,run_20260831_152517_0659,raw/alotMatter/00113058_2025_11012.json,8dd6718ed5da7d2dd1bb49bae5adf3b7f46954c174b6b2921a38aa61ceb7b804,10
,,,00113058,한화생명,2025,11012,반기보고서,IFRS17,Y,-,"보고서 사업연도 >= 2023 이면 IFRS17, 아니면 IFRS4",-,주식배당수익률(%),2025-06-30,보통주,-,api,alotMatter,"{""bsns_year"": ""2025"", ""corp_code"": ""00113058"", ""reprt_code"": ""11012""}",20250828001120,api_row,2026-08-31T15:49:41+09:00,000,run_20260831_152517_0659,raw/alotMatter/00113058_2025_11012.json,8dd6718ed5da7d2dd1bb49bae5adf3b7f46954c174b6b2921a38aa61ceb7b804,10
,,,00113058,한화생명,2025,11012,반기보고서,IFRS17,Y,-,"보고서 사업연도 >= 2023 이면 IFRS17, 아니면 IFRS4",-,주식배당수익률(%),2025-06-30,우선주,-,api,alotMatter,"{""bsns_year"": ""2025"", ""corp_code"": ""00113058"", ""reprt_code"": ""11012""}",20250828001120,api_row,2026-08-31T15:49:41+09:00,000,run_20260831_152517_0659,raw/alotMatter/00113058_2025_11012.json,8dd6718ed5da7d2dd1bb49bae5adf3b7f46954c174b6b2921a38aa61ceb7b804,10
,,,00113058,한화생명,2025,11012,반기보고서,IFRS17,Y,-,"보고서 사업연도 >= 2023 이면 IFRS17, 아니면 IFRS4",150,주당 현금배당금(원),2025-06-30,보통주,-,api,alotMatter,"{""bsns_year"": ""2025"", ""corp_code"": ""00113058"", ""reprt_code"": ""11012""}",20250828001120,api_row,2026-08-31T15:49:41+09:00,000,run_20260831_152517_0659,raw/alotMatter/00113058_2025_11012.json,8dd6718ed5da7d2dd1bb49bae5adf3b7f46954c174b6b2921a38aa61ceb7b804,10
,,,00113058,한화생명,2025,11012,반기보고서,IFRS17,Y,-,"보고서 사업연도 >= 2023 이면 IFRS17, 아니면 IFRS4",-,주당 현금배당금(원),2025-06-30,우선주,-,api,alotMatter,"{""bsns_year"": ""2025"", ""corp_code"": ""00113058"", ""reprt_code"": ""11012""}",20250828001120,api_row,2026-08-31T15:49:41+09:00,000,run_20260831_152517_0659,raw/alotMatter/00113058_2025_11012.json,8dd6718ed5da7d2dd1bb49bae5adf3b7f46954c174b6b2921a38aa61ceb7b804,10
,,,00113058,한화생명,2025,11012,반기보고서,IFRS17,Y,-,"보고서 사업연도 >= 2023 이면 IFRS17, 아니면 IFRS4",-,주당 주식배당(주),2025-06-30,보통주,-,api,alotMatter,"{""bsns_year"": ""2025"", ""corp_code"": ""00113058"", ""reprt_code"": ""11012""}",20250828001120,api_row,2026-08-31T15:49:41+09:00,000,run_20260831_152517_0659,raw/alotMatter/00113058_2025_11012.json,8dd6718ed5da7d2dd1bb49bae5adf3b7f46954c174b6b2921a38aa61ceb7b804,10
,,,00113058,한화생명,2025,11012,반기보고서,IFRS17,Y,-,"보고서 사업연도 >= 2023 이면 IFRS17, 아니면 IFRS4",-,주당 주식배당(주),2025-06-30,우선주,-,api,alotMatter,"{""bsns_year"": ""2025"", ""corp_code"": ""00113058"", ""reprt_code"": ""11012""}",20250828001120,api_row,2026-08-31T15:49:41+09:00,000,run_20260831_152517_0659,raw/alotMatter/00113058_2025_11012.json,8dd6718ed5da7d2dd1bb49bae5adf3b7f46954c174b6b2921a38aa61ceb7b804,10
,,,00117267,동양생명보험,2025,11012,반기보고서,IFRS17,E,"5,000","보고서 사업연도 >= 2023 이면 IFRS17, 아니면 IFRS4","5,000",주당액면가액(원),2025-06-30,-,"5,000",api,alotMatter,"{""bsns_year"": ""2025"", ""corp_code"": ""00117267"", ""reprt_code"": ""11012""}",20251114001680,api_row,2026-08-31T15:52:18+09:00,000,run_20260831_152517_0720,raw/alotMatter/00117267_2025_11012.json,867cea562e4f9ffd6f33420dcc4cd8ac09bd5f54cfcd4c74f406ba2d63ec6941,10
,,,00117267,동양생명보험,2025,11012,반기보고서,IFRS17,E,"314,293","보고서 사업연도 >= 2023 이면 IFRS17, 아니면 IFRS4","239,826",(연결)당기순이익(백만원),2025-06-30,-,"82,412",api,alotMatter,"{""bsns_year"": ""2025"", ""corp_code"": ""00117267"", ""reprt_code"": ""11012""}",20251114001680,api_row,2026-08-31T15:52:18+09:00,000,run_20260831_152517_0720,raw/alotMatter/00117267_2025_11012.json,867cea562e4f9ffd6f33420dcc4cd8ac09bd5f54cfcd4c74f406ba2d63ec6941,10
,,,00117267,동양생명보험,2025,11012,반기보고서,IFRS17,E,"310,158","보고서 사업연도 >= 2023 이면 IFRS17, 아니면 IFRS4","264,927",(별도)당기순이익(백만원),2025-06-30,-,"86,772",api,alotMatter,"{""bsns_year"": ""2025"", ""corp_code"": ""00117267"", ""reprt_code"": ""11012""}",20251114001680,api_row,2026-08-31T15:52:18+09:00,000,run_20260831_152517_0720,raw/alotMatter/00117267_2025_11012.json,867cea562e4f9ffd6f33420dcc4cd8ac09bd5f54cfcd4c74f406ba2d63ec6941,10
,,,00117267,동양생명보험,2025,11012,반기보고서,IFRS17,E,"2,015","보고서 사업연도 >= 2023 이면 IFRS17, 아니면 IFRS4","1,538",(연결)주당순이익(원),2025-06-30,-,528,api,alotMatter,"{""bsns_year"": ""2025"", ""corp_code"": ""00117267"", ""reprt_code"": ""11012""}",20251114001680,api_row,2026-08-31T15:52:18+09:00,000,run_20260831_152517_0720,raw/alotMatter/00117267_2025_11012.json,867cea562e4f9ffd6f33420dcc4cd8ac09bd5f54cfcd4c74f406ba2d63ec6941,10
,,,00117267,동양생명보험,2025,11012,반기보고서,IFRS17,E,-,"보고서 사업연도 >= 2023 이면 IFRS17, 아니면 IFRS4","62,378",현금배당금총액(백만원),2025-06-30,-,-,api,alotMatter,"{""bsns_year"": ""2025"", ""corp_code"": ""00117267"", ""reprt_code"": ""11012""}",20251114001680,api_row,2026-08-31T15:52:18+09:00,000,run_20260831_152517_0720,raw/alotMatter/00117267_2025_11012.json,867cea562e4f9ffd6f33420dcc4cd8ac09bd5f54cfcd4c74f406ba2d63ec6941,10
,,,00117267,동양생명보험,2025,11012,반기보고서,IFRS17,E,-,"보고서 사업연도 >= 2023 이면 IFRS17, 아니면 IFRS4",-,주식배당금총액(백만원),2025-06-30,-,-,api,alotMatter,"{""bsns_year"": ""2025"", ""corp_code"": ""00117267"", ""reprt_code"": ""11012""}",20251114001680,api_row,2026-08-31T15:52:18+09:00,000,run_20260831_152517_0720,raw/alotMatter/00117267_2025_11012.json,867cea562e4f9ffd6f33420dcc4cd8ac09bd5f54cfcd4c74f406ba2d63ec6941,10
,,,00117267,동양생명보험,2025,11012,반기보고서,IFRS17,E,-,"보고서 사업연도 >= 2023 이면 IFRS17, 아니면 IFRS4",23.00,(연결)현금배당성향(%),2025-06-30,-,-,api,alotMatter,"{""bsns_year"": ""2025"", ""corp_code"": ""00117267"", ""reprt_code"": ""11012""}",20251114001680,api_row,2026-08-31T15:52:18+09:00,000,run_20260831_152517_0720,raw/alotMatter/00117267_2025_11012.json,867cea562e4f9ffd6f33420dcc4cd8ac09bd5f54cfcd4c74f406ba2d63ec6941,10
,,,00117267,동양생명보험,2025,11012,반기보고서,IFRS17,E,-,"보고서 사업연도 >= 2023 이면 IFRS17, 아니면 IFRS4",8.00,현금배당수익률(%),2025-06-30,보통주,-,api,alotMatter,"{""bsns_year"": ""2025"", ""corp_code"": ""00117267"", ""reprt_code"": ""11012""}",20251114001680,api_row,2026-08-31T15:52:18+09:00,000,run_20260831_152517_0720,raw/alotMatter/00117267_2025_11012.json,867cea562e4f9ffd6f33420dcc4cd8ac09bd5f54cfcd4c74f406ba2d63ec6941,10
,,,00117267,동양생명보험,2025,11012,반기보고서,IFRS17,E,-,"보고서 사업연도 >= 2023 이면 IFRS17, 아니면 IFRS4",-,현금배당수익률(%),2025-06-30,우선주,-,api,alotMatter,"{""bsns_year"": ""2025"", ""corp_code"": ""00117267"", ""reprt_code"": ""11012""}",20251114001680,api_row,2026-08-31T15:52:18+09:00,000,run_20260831_152517_0720,raw/alotMatter/00117267_2025_11012.json,867cea562e4f9ffd6f33420dcc4cd8ac09bd5f54cfcd4c74f406ba2d63ec6941,10
,,,00117267,동양생명보험,2025,11012,반기보고서,IFRS17,E,-,"보고서 사업연도 >= 2023 이면 IFRS17, 아니면 IFRS4",-,주식배당수익률(%),2025-06-30,보통주,-,api,alotMatter,"{""bsns_year"": ""2025"", ""corp_code"": ""00117267"", ""reprt_code"": ""11012""}",20251114001680,api_row,2026-08-31T15:52:18+09:00,000,run_20260831_152517_0720,raw/alotMatter/00117267_2025_11012.json,867cea562e4f9ffd6f33420dcc4cd8ac09bd5f54cfcd4c74f406ba2d63ec6941,10
,,,00117267,동양생명보험,2025,11012,반기보고서,IFRS17,E,-,"보고서 사업연도 >= 2023 이면 IFRS17, 아니면 IFRS4",-,주식배당수익률(%),2025-06-30,우선주,-,api,alotMatter,"{""bsns_year"": ""2025"", ""corp_code"": ""00117267"", ""reprt_code"": ""11012""}",20251114001680,api_row,2026-08-31T15:52:18+09:00,000,run_20260831_152517_0720,raw/alotMatter/00117267_2025_11012.json,867cea562e4f9ffd6f33420dcc4cd8ac09bd5f54cfcd4c74f406ba2d63ec6941,10
,,,00117267,동양생명보험,2025,11012,반기보고서,IFRS17,E,-,"보고서 사업연도 >= 2023 이면 IFRS17, 아니면 IFRS4",400,주당 현금배당금(원),2025-06-30,보통주,-,api,alotMatter,"{""bsns_year"": ""2025"", ""corp_code"": ""00117267"", ""reprt_code"": ""11012""}",20251114001680,api_row,2026-08-31T15:52:18+09:00,000,run_20260831_152517_0720,raw/alotMatter/00117267_2025_11012.json,867cea562e4f9ffd6f33420dcc4cd8ac09bd5f54cfcd4c74f406ba2d63ec6941,10
,,,00117267,동양생명보험,2025,11012,반기보고서,IFRS17,E,-,"보고서 사업연도 >= 2023 이면 IFRS17, 아니면 IFRS4",-,주당 현금배당금(원),2025-06-30,우선주,-,api,alotMatter,"{""bsns_year"": ""2025"", ""corp_code"": ""00117267"", ""reprt_code"": ""11012""}",20251114001680,api_row,2026-08-31T15:52:18+09:00,000,run_20260831_152517_0720,raw/alotMatter/00117267_2025_11012.json,867cea562e4f9ffd6f33420dcc4cd8ac09bd5f54cfcd4c74f406ba2d63ec6941,10
,,,00117267,동양생명보험,2025,11012,반기보고서,IFRS17,E,-,"보고서 사업연도 >= 2023 이면 IFRS17, 아니면 IFRS4",-,주당 주식배당(주),2025-06-30,보통주,-,api,alotMatter,"{""bsns_year"": ""2025"", ""corp_code"": ""00117267"", ""reprt_code"": ""11012""}",20251114001680,api_row,2026-08-31T15:52:18+09:00,000,run_20260831_152517_0720,raw/alotMatter/00117267_2025_11012.json,867cea562e4f9ffd6f33420dcc4cd8ac09bd5f54cfcd4c74f406ba2d63ec6941,10
,,,00117267,동양생명보험,2025,11012,반기보고서,IFRS17,E,-,"보고서 사업연도 >= 2023 이면 IFRS17, 아니면 IFRS4",-,주당 주식배당(주),2025-06-30,우선주 ,-,api,alotMatter,"{""bsns_year"": ""2025"", ""corp_code"": ""00117267"", ""reprt_code"": ""11012""}",20251114001680,api_row,2026-08-31T15:52:18+09:00,000,run_20260831_152517_0720,raw/alotMatter/00117267_2025_11012.json,867cea562e4f9ffd6f33420dcc4cd8ac09bd5f54cfcd4c74f406ba2d63ec6941,10
,,,00120216,KB손해보험,2025,11012,반기보고서,IFRS17,E,500,"보고서 사업연도 >= 2023 이면 IFRS17, 아니면 IFRS4",500,주당액면가액(원),2025-06-30,-,500,api,alotMatter,"{""bsns_year"": ""2025"", ""corp_code"": ""00120216"", ""reprt_code"": ""11012""}",20250829001942,api_row,2026-08-31T16:02:18+09:00,000,run_20260831_152517_0968,raw/alotMatter/00120216_2025_11012.json,1c2a76760c1d6792b092b4b4e78091bd9561e26f4bc63bd1cf63d023166d2c0b,10
,,,00120216,KB손해보험,2025,11012,반기보고서,IFRS17,E,"835,810","보고서 사업연도 >= 2023 이면 IFRS17, 아니면 IFRS4","726,590",(연결)당기순이익(백만원),2025-06-30,-,"557,612",api,alotMatter,"{""bsns_year"": ""2025"", ""corp_code"": ""00120216"", ""reprt_code"": ""11012""}",20250829001942,api_row,2026-08-31T16:02:18+09:00,000,run_20260831_152517_0968,raw/alotMatter/00120216_2025_11012.json,1c2a76760c1d6792b092b4b4e78091bd9561e26f4bc63bd1cf63d023166d2c0b,10
,,,00120216,KB손해보험,2025,11012,반기보고서,IFRS17,E,"856,749","보고서 사업연도 >= 2023 이면 IFRS17, 아니면 IFRS4","736,766",(별도)당기순이익(백만원),2025-06-30,-,"566,086",api,alotMatter,"{""bsns_year"": ""2025"", ""corp_code"": ""00120216"", ""reprt_code"": ""11012""}",20250829001942,api_row,2026-08-31T16:02:18+09:00,000,run_20260831_152517_0968,raw/alotMatter/00120216_2025_11012.json,1c2a76760c1d6792b092b4b4e78091bd9561e26f4bc63bd1cf63d023166d2c0b,10
,,,00120216,KB손해보험,2025,11012,반기보고서,IFRS17,E,"12,569","보고서 사업연도 >= 2023 이면 IFRS17, 아니면 IFRS4","10,926",(연결)주당순이익(원),2025-06-30,-,"8,385",api,alotMatter,"{""bsns_year"": ""2025"", ""corp_code"": ""00120216"", ""reprt_code"": ""11012""}",20250829001942,api_row,2026-08-31T16:02:18+09:00,000,run_20260831_152517_0968,raw/alotMatter/00120216_2025_11012.json,1c2a76760c1d6792b092b4b4e78091bd9561e26f4bc63bd1cf63d023166d2c0b,10
,,,00120216,KB손해보험,2025,11012,반기보고서,IFRS17,E,"550,000","보고서 사업연도 >= 2023 이면 IFRS17, 아니면 IFRS4",-,현금배당금총액(백만원),2025-06-30,-,-,api,alotMatter,"{""bsns_year"": ""2025"", ""corp_code"": ""00120216"", ""reprt_code"": ""11012""}",20250829001942,api_row,2026-08-31T16:02:18+09:00,000,run_20260831_152517_0968,raw/alotMatter/00120216_2025_11012.json,1c2a76760c1d6792b092b4b4e78091bd9561e26f4bc63bd1cf63d023166d2c0b,10
,,,00120216,KB손해보험,2025,11012,반기보고서,IFRS17,E,-,"보고서 사업연도 >= 2023 이면 IFRS17, 아니면 IFRS4",-,주식배당금총액(백만원),2025-06-30,-,-,api,alotMatter,"{""bsns_year"": ""2025"", ""corp_code"": ""00120216"", ""reprt_code"": ""11012""}",20250829001942,api_row,2026-08-31T16:02:18+09:00,000,run_20260831_152517_0968,raw/alotMatter/00120216_2025_11012.json,1c2a76760c1d6792b092b4b4e78091bd9561e26f4bc63bd1cf63d023166d2c0b,10
,,,00120216,KB손해보험,2025,11012,반기보고서,IFRS17,E,65.80,"보고서 사업연도 >= 2023 이면 IFRS17, 아니면 IFRS4",-,(연결)현금배당성향(%),2025-06-30,-,-,api,alotMatter,"{""bsns_year"": ""2025"", ""corp_code"": ""00120216"", ""reprt_code"": ""11012""}",20250829001942,api_row,2026-08-31T16:02:18+09:00,000,run_20260831_152517_0968,raw/alotMatter/00120216_2025_11012.json,1c2a76760c1d6792b092b4b4e78091bd9561e26f4bc63bd1cf63d023166d2c0b,10
,,,00120216,KB손해보험,2025,11012,반기보고서,IFRS17,E,-,"보고서 사업연도 >= 2023 이면 IFRS17, 아니면 IFRS4",-,현금배당수익률(%),2025-06-30,-,-,api,alotMatter,"{""bsns_year"": ""2025"", ""corp_code"": ""00120216"", ""reprt_code"": ""11012""}",20250829001942,api_row,2026-08-31T16:02:18+09:00,000,run_20260831_152517_0968,raw/alotMatter/00120216_2025_11012.json,1c2a76760c1d6792b092b4b4e78091bd9561e26f4bc63bd1cf63d023166d2c0b,10
,,,00120216,KB손해보험,2025,11012,반기보고서,IFRS17,E,-,"보고서 사업연도 >= 2023 이면 IFRS17, 아니면 IFRS4",-,현금배당수익률(%),2025-06-30,-,-,api,alotMatter,"{""bsns_year"": ""2025"", ""corp_code"": ""00120216"", ""reprt_code"": ""11012""}",20250829001942,api_row,2026-08-31T16:02:18+09:00,000,run_20260831_152517_0968,raw/alotMatter/00120216_2025_11012.json,1c2a76760c1d6792b092b4b4e78091bd9561e26f4bc63bd1cf63d023166d2c0b,10
,,,00120216,KB손해보험,2025,11012,반기보고서,IFRS17,E,-,"보고서 사업연도 >= 2023 이면 IFRS17, 아니면 IFRS4",-,주식배당수익률(%),2025-06-30,-,-,api,alotMatter,"{""bsns_year"": ""2025"", ""corp_code"": ""00120216"", ""reprt_code"": ""11012""}",20250829001942,api_row,2026-08-31T16:02:18+09:00,000,run_20260831_152517_0968,raw/alotMatter/00120216_2025_11012.json,1c2a76760c1d6792b092b4b4e78091bd9561e26f4bc63bd1cf63d023166d2c0b,10
,,,00120216,KB손해보험,2025,11012,반기보고서,IFRS17,E,-,"보고서 사업연도 >= 2023 이면 IFRS17, 아니면 IFRS4",-,주식배당수익률(%),2025-06-30,-,-,api,alotMatter,"{""bsns_year"": ""2025"", ""corp_code"": ""00120216"", ""reprt_code"": ""11012""}",20250829001942,api_row,2026-08-31T16:02:18+09:00,000,run_20260831_152517_0968,raw/alotMatter/00120216_2025_11012.json,1c2a76760c1d6792b092b4b4e78091bd9561e26f4bc63bd1cf63d023166d2c0b,10
,,,00120216,KB손해보험,2025,11012,반기보고서,IFRS17,E,"8,270","보고서 사업연도 >= 2023 이면 IFRS17, 아니면 IFRS4",-,주당 현금배당금(원),2025-06-30,-,-,api,alotMatter,"{""bsns_year"": ""2025"", ""corp_code"": ""00120216"", ""reprt_code"": ""11012""}",20250829001942,api_row,2026-08-31T16:02:18+09:00,000,run_20260831_152517_0968,raw/alotMatter/00120216_2025_11012.json,1c2a76760c1d6792b092b4b4e78091bd9561e26f4bc63bd1cf63d023166d2c0b,10
,,,00120216,KB손해보험,2025,11012,반기보고서,IFRS17,E,-,"보고서 사업연도 >= 2023 이면 IFRS17, 아니면 IFRS4",-,주당 현금배당금(원),2025-06-30,-,-,api,alotMatter,"{""bsns_year"": ""2025"", ""corp_code"": ""00120216"", ""reprt_code"": ""11012""}",20250829001942,api_row,2026-08-31T16:02:18+09:00,000,run_20260831_152517_0968,raw/alotMatter/00120216_2025_11012.json,1c2a76760c1d6792b092b4b4e78091bd9561e26f4bc63bd1cf63d023166d2c0b,10
,,,00120216,KB손해보험,2025,11012,반기보고서,IFRS17,E,-,"보고서 사업연도 >= 2023 이면 IFRS17, 아니면 IFRS4",-,주당 주식배당(주),2025-06-30,-,-,api,alotMatter,"{""bsns_year"": ""2025"", ""corp_code"": ""00120216"", ""reprt_code"": ""11012""}",20250829001942,api_row,2026-08-31T16:02:18+09:00,000,run_20260831_152517_0968,raw/alotMatter/00120216_2025_11012.json,1c2a76760c1d6792b092b4b4e78091bd9561e26f4bc63bd1cf63d023166d2c0b,10
,,,00120216,KB손해보험,2025,11012,반기보고서,IFRS17,E,-,"보고서 사업연도 >= 2023 이면 IFRS17, 아니면 IFRS4",-,주당 주식배당(주),2025-06-30,-,-,api,alotMatter,"{""bsns_year"": ""2025"", ""corp_code"": ""00120216"", ""reprt_code"": ""11012""}",20250829001942,api_row,2026-08-31T16:02:18+09:00,000,run_20260831_152517_0968,raw/alotMatter/00120216_2025_11012.json,1c2a76760c1d6792b092b4b4e78091bd9561e26f4bc63bd1cf63d023166d2c0b,10
,,,00135917,한화손해보험,2025,11012,반기보고서,IFRS17,Y,"5,000","보고서 사업연도 >= 2023 이면 IFRS17, 아니면 IFRS4","5,000",주당액면가액(원),2025-06-30,-,"5,000",api,alotMatter,"{""bsns_year"": ""2025"", ""corp_code"": ""00135917"", ""reprt_code"": ""11012""}",20250828000988,api_row,2026-08-31T15:55:20+09:00,000,run_20260831_152517_0782,raw/alotMatter/00135917_2025_11012.json,09f900a92c51138f2c7d6bc61fade1aa9b21090101e274ae3bb4c199dcdd8be2,10
,,,00135917,한화손해보험,2025,11012,반기보고서,IFRS17,Y,"343,006","보고서 사업연도 >= 2023 이면 IFRS17, 아니면 IFRS4","247,239",(연결)당기순이익(백만원),2025-06-30,-,"203,610",api,alotMatter,"{""bsns_year"": ""2025"", ""corp_code"": ""00135917"", ""reprt_code"": ""11012""}",20250828000988,api_row,2026-08-31T15:55:20+09:00,000,run_20260831_152517_0782,raw/alotMatter/00135917_2025_11012.json,09f900a92c51138f2c7d6bc61fade1aa9b21090101e274ae3bb4c199dcdd8be2,10
,,,00135917,한화손해보험,2025,11012,반기보고서,IFRS17,Y,"382,276","보고서 사업연도 >= 2023 이면 IFRS17, 아니면 IFRS4","290,698",(별도)당기순이익(백만원),2025-06-30,-,"222,595",api,alotMatter,"{""bsns_year"": ""2025"", ""corp_code"": ""00135917"", ""reprt_code"": ""11012""}",20250828000988,api_row,2026-08-31T15:55:20+09:00,000,run_20260831_152517_0782,raw/alotMatter/00135917_2025_11012.json,09f900a92c51138f2c7d6bc61fade1aa9b21090101e274ae3bb4c199dcdd8be2,10
,,,00135917,한화손해보험,2025,11012,반기보고서,IFRS17,Y,"2,121","보고서 사업연도 >= 2023 이면 IFRS17, 아니면 IFRS4","1,465",(연결)주당순이익(원),2025-06-30,-,"1,296",api,alotMatter,"{""bsns_year"": ""2025"", ""corp_code"": ""00135917"", ""reprt_code"": ""11012""}",20250828000988,api_row,2026-08-31T15:55:20+09:00,000,run_20260831_152517_0782,raw/alotMatter/00135917_2025_11012.json,09f900a92c51138f2c7d6bc61fade1aa9b21090101e274ae3bb4c199dcdd8be2,10
,,,00135917,한화손해보험,2025,11012,반기보고서,IFRS17,Y,-,"보고서 사업연도 >= 2023 이면 IFRS17, 아니면 IFRS4","36,624",현금배당금총액(백만원),2025-06-30,-,-,api,alotMatter,"{""bsns_year"": ""2025"", ""corp_code"": ""00135917"", ""reprt_code"": ""11012""}",20250828000988,api_row,2026-08-31T15:55:20+09:00,000,run_20260831_152517_0782,raw/alotMatter/00135917_2025_11012.json,09f900a92c51138f2c7d6bc61fade1aa9b21090101e274ae3bb4c199dcdd8be2,10
,,,00135917,한화손해보험,2025,11012,반기보고서,IFRS17,Y,-,"보고서 사업연도 >= 2023 이면 IFRS17, 아니면 IFRS4",-,주식배당금총액(백만원),2025-06-30,-,-,api,alotMatter,"{""bsns_year"": ""2025"", ""corp_code"": ""00135917"", ""reprt_code"": ""11012""}",20250828000988,api_row,2026-08-31T15:55:20+09:00,000,run_20260831_152517_0782,raw/alotMatter/00135917_2025_11012.json,09f900a92c51138f2c7d6bc61fade1aa9b21090101e274ae3bb4c199dcdd8be2,10
,,,00135917,한화손해보험,2025,11012,반기보고서,IFRS17,Y,-,"보고서 사업연도 >= 2023 이면 IFRS17, 아니면 IFRS4",14.80,(연결)현금배당성향(%),2025-06-30,-,-,api,alotMatter,"{""bsns_year"": ""2025"", ""corp_code"": ""00135917"", ""reprt_code"": ""11012""}",20250828000988,api_row,2026-08-31T15:55:20+09:00,000,run_20260831_152517_0782,raw/alotMatter/00135917_2025_11012.json,09f900a92c51138f2c7d6bc61fade1aa9b21090101e274ae3bb4c199dcdd8be2,10
,,,00135917,한화손해보험,2025,11012,반기보고서,IFRS17,Y,-,"보고서 사업연도 >= 2023 이면 IFRS17, 아니면 IFRS4",3.80,현금배당수익률(%),2025-06-30,보통주식,-,api,alotMatter,"{""bsns_year"": ""2025"", ""corp_code"": ""00135917"", ""reprt_code"": ""11012""}",20250828000988,api_row,2026-08-31T15:55:20+09:00,000,run_20260831_152517_0782,raw/alotMatter/00135917_2025_11012.json,09f900a92c51138f2c7d6bc61fade1aa9b21090101e274ae3bb4c199dcdd8be2,10
,,,00135917,한화손해보험,2025,11012,반기보고서,IFRS17,Y,-,"보고서 사업연도 >= 2023 이면 IFRS17, 아니면 IFRS4",-,현금배당수익률(%),2025-06-30,종류주식,-,api,alotMatter,"{""bsns_year"": ""2025"", ""corp_code"": ""00135917"", ""reprt_code"": ""11012""}",20250828000988,api_row,2026-08-31T15:55:20+09:00,000,run_20260831_152517_0782,raw/alotMatter/00135917_2025_11012.json,09f900a92c51138f2c7d6bc61fade1aa9b21090101e274ae3bb4c199dcdd8be2,10
,,,00135917,한화손해보험,2025,11012,반기보고서,IFRS17,Y,-,"보고서 사업연도 >= 2023 이면 IFRS17, 아니면 IFRS4",-,주식배당수익률(%),2025-06-30,보통주식,-,api,alotMatter,"{""bsns_year"": ""2025"", ""corp_code"": ""00135917"", ""reprt_code"": ""11012""}",20250828000988,api_row,2026-08-31T15:55:20+09:00,000,run_20260831_152517_0782,raw/alotMatter/00135917_2025_11012.json,09f900a92c51138f2c7d6bc61fade1aa9b21090101e274ae3bb4c199dcdd8be2,10
,,,00135917,한화손해보험,2025,11012,반기보고서,IFRS17,Y,-,"보고서 사업연도 >= 2023 이면 IFRS17, 아니면 IFRS4",-,주식배당수익률(%),2025-06-30,종류주식,-,api,alotMatter,"{""bsns_year"": ""2025"", ""corp_code"": ""00135917"", ""reprt_code"": ""11012""}",20250828000988,api_row,2026-08-31T15:55:20+09:00,000,run_20260831_152517_0782,raw/alotMatter/00135917_2025_11012.json,09f900a92c51138f2c7d6bc61fade1aa9b21090101e274ae3bb4c199dcdd8be2,10
,,,00135917,한화손해보험,2025,11012,반기보고서,IFRS17,Y,-,"보고서 사업연도 >= 2023 이면 IFRS17, 아니면 IFRS4",200,주당 현금배당금(원),2025-06-30,보통주식,-,api,alotMatter,"{""bsns_year"": ""2025"", ""corp_code"": ""00135917"", ""reprt_code"": ""11012""}",20250828000988,api_row,2026-08-31T15:55:20+09:00,000,run_20260831_152517_0782,raw/alotMatter/00135917_2025_11012.json,09f900a92c51138f2c7d6bc61fade1aa9b21090101e274ae3bb4c199dcdd8be2,10
,,,00135917,한화손해보험,2025,11012,반기보고서,IFRS17,Y,-,"보고서 사업연도 >= 2023 이면 IFRS17, 아니면 IFRS4",350,주당 현금배당금(원),2025-06-30,종류주식,-,api,alotMatter,"{""bsns_year"": ""2025"", ""corp_code"": ""00135917"", ""reprt_code"": ""11012""}",20250828000988,api_row,2026-08-31T15:55:20+09:00,000,run_20260831_152517_0782,raw/alotMatter/00135917_2025_11012.json,09f900a92c51138f2c7d6bc61fade1aa9b21090101e274ae3bb4c199dcdd8be2,10
,,,00135917,한화손해보험,2025,11012,반기보고서,IFRS17,Y,-,"보고서 사업연도 >= 2023 이면 IFRS17, 아니면 IFRS4",-,주당 주식배당(주),2025-06-30,보통주식,-,api,alotMatter,"{""bsns_year"": ""2025"", ""corp_code"": ""00135917"", ""reprt_code"": ""11012""}",20250828000988,api_row,2026-08-31T15:55:20+09:00,000,run_20260831_152517_0782,raw/alotMatter/00135917_2025_11012.json,09f900a92c51138f2c7d6bc61fade1aa9b21090101e274ae3bb4c199dcdd8be2,10
,,,00135917,한화손해보험,2025,11012,반기보고서,IFRS17,Y,-,"보고서 사업연도 >= 2023 이면 IFRS17, 아니면 IFRS4",-,주당 주식배당(주),2025-06-30,종류주식,-,api,alotMatter,"{""bsns_year"": ""2025"", ""corp_code"": ""00135917"", ""reprt_code"": ""11012""}",20250828000988,api_row,2026-08-31T15:55:20+09:00,000,run_20260831_152517_0782,raw/alotMatter/00135917_2025_11012.json,09f900a92c51138f2c7d6bc61fade1aa9b21090101e274ae3bb4c199dcdd8be2,10
,,,00137517,신한라이프생명보험,2025,11012,반기보고서,IFRS17,E,"5,000","보고서 사업연도 >= 2023 이면 IFRS17, 아니면 IFRS4","5,000",주당액면가액(원),2025-06-30,-,"5,000",api,alotMatter,"{""bsns_year"": ""2025"", ""corp_code"": ""00137517"", ""reprt_code"": ""11012""}",20250829002109,api_row,2026-08-31T15:58:14+09:00,000,run_20260831_152517_0844,raw/alotMatter/00137517_2025_11012.json,26d6baef5131436a87a4c61167be2743f4e3ab5e3e84a613ea6134f561150b5b,10
,,,00137517,신한라이프생명보험,2025,11012,반기보고서,IFRS17,E,"528,401","보고서 사업연도 >= 2023 이면 IFRS17, 아니면 IFRS4","472,395",(연결)당기순이익(백만원),2025-06-30,-,"344,348",api,alotMatter,"{""bsns_year"": ""2025"", ""corp_code"": ""00137517"", ""reprt_code"": ""11012""}",20250829002109,api_row,2026-08-31T15:58:14+09:00,000,run_20260831_152517_0844,raw/alotMatter/00137517_2025_11012.json,26d6baef5131436a87a4c61167be2743f4e3ab5e3e84a613ea6134f561150b5b,10
,,,00137517,신한라이프생명보험,2025,11012,반기보고서,IFRS17,E,"533,681","보고서 사업연도 >= 2023 이면 IFRS17, 아니면 IFRS4","481,851",(별도)당기순이익(백만원),2025-06-30,-,"345,267",api,alotMatter,"{""bsns_year"": ""2025"", ""corp_code"": ""00137517"", ""reprt_code"": ""11012""}",20250829002109,api_row,2026-08-31T15:58:14+09:00,000,run_20260831_152517_0844,raw/alotMatter/00137517_2025_11012.json,26d6baef5131436a87a4c61167be2743f4e3ab5e3e84a613ea6134f561150b5b,10
,,,00137517,신한라이프생명보험,2025,11012,반기보고서,IFRS17,E,"4,475","보고서 사업연도 >= 2023 이면 IFRS17, 아니면 IFRS4","3,991",(연결)주당순이익(원),2025-06-30,-,"2,931",api,alotMatter,"{""bsns_year"": ""2025"", ""corp_code"": ""00137517"", ""reprt_code"": ""11012""}",20250829002109,api_row,2026-08-31T15:58:14+09:00,000,run_20260831_152517_0844,raw/alotMatter/00137517_2025_11012.json,26d6baef5131436a87a4c61167be2743f4e3ab5e3e84a613ea6134f561150b5b,10
,,,00137517,신한라이프생명보험,2025,11012,반기보고서,IFRS17,E,"528,311","보고서 사업연도 >= 2023 이면 IFRS17, 아니면 IFRS4","165,338",현금배당금총액(백만원),2025-06-30,-,-,api,alotMatter,"{""bsns_year"": ""2025"", ""corp_code"": ""00137517"", ""reprt_code"": ""11012""}",20250829002109,api_row,2026-08-31T15:58:14+09:00,000,run_20260831_152517_0844,raw/alotMatter/00137517_2025_11012.json,26d6baef5131436a87a4c61167be2743f4e3ab5e3e84a613ea6134f561150b5b,10
,,,00137517,신한라이프생명보험,2025,11012,반기보고서,IFRS17,E,-,"보고서 사업연도 >= 2023 이면 IFRS17, 아니면 IFRS4",-,주식배당금총액(백만원),2025-06-30,-,-,api,alotMatter,"{""bsns_year"": ""2025"", ""corp_code"": ""00137517"", ""reprt_code"": ""11012""}",20250829002109,api_row,2026-08-31T15:58:14+09:00,000,run_20260831_152517_0844,raw/alotMatter/00137517_2025_11012.json,26d6baef5131436a87a4c61167be2743f4e3ab5e3e84a613ea6134f561150b5b,10
,,,00137517,신한라이프생명보험,2025,11012,반기보고서,IFRS17,E,99.98,"보고서 사업연도 >= 2023 이면 IFRS17, 아니면 IFRS4",35.00,(연결)현금배당성향(%),2025-06-30,-,-,api,alotMatter,"{""bsns_year"": ""2025"", ""corp_code"": ""00137517"", ""reprt_code"": ""11012""}",20250829002109,api_row,2026-08-31T15:58:14+09:00,000,run_20260831_152517_0844,raw/alotMatter/00137517_2025_11012.json,26d6baef5131436a87a4c61167be2743f4e3ab5e3e84a613ea6134f561150b5b,10
,,,00137517,신한라이프생명보험,2025,11012,반기보고서,IFRS17,E,-,"보고서 사업연도 >= 2023 이면 IFRS17, 아니면 IFRS4",-,현금배당수익률(%),2025-06-30,-,-,api,alotMatter,"{""bsns_year"": ""2025"", ""corp_code"": ""00137517"", ""reprt_code"": ""11012""}",20250829002109,api_row,2026-08-31T15:58:14+09:00,000,run_20260831_152517_0844,raw/alotMatter/00137517_2025_11012.json,26d6baef5131436a87a4c61167be2743f4e3ab5e3e84a613ea6134f561150b5b,10
,,,00137517,신한라이프생명보험,2025,11012,반기보고서,IFRS17,E,-,"보고서 사업연도 >= 2023 이면 IFRS17, 아니면 IFRS4",-,현금배당수익률(%),2025-06-30,-,-,api,alotMatter,"{""bsns_year"": ""2025"", ""corp_code"": ""00137517"", ""reprt_code"": ""11012""}",20250829002109,api_row,2026-08-31T15:58:14+09:00,000,run_20260831_152517_0844,raw/alotMatter/00137517_2025_11012.json,26d6baef5131436a87a4c61167be2743f4e3ab5e3e84a613ea6134f561150b5b,10
,,,00137517,신한라이프생명보험,2025,11012,반기보고서,IFRS17,E,-,"보고서 사업연도 >= 2023 이면 IFRS17, 아니면 IFRS4",-,주식배당수익률(%),2025-06-30,-,-,api,alotMatter,"{""bsns_year"": ""2025"", ""corp_code"": ""00137517"", ""reprt_code"": ""11012""}",20250829002109,api_row,2026-08-31T15:58:14+09:00,000,run_20260831_152517_0844,raw/alotMatter/00137517_2025_11012.json,26d6baef5131436a87a4c61167be2743f4e3ab5e3e84a613ea6134f561150b5b,10
,,,00137517,신한라이프생명보험,2025,11012,반기보고서,IFRS17,E,-,"보고서 사업연도 >= 2023 이면 IFRS17, 아니면 IFRS4",-,주식배당수익률(%),2025-06-30,-,-,api,alotMatter,"{""bsns_year"": ""2025"", ""corp_code"": ""00137517"", ""reprt_code"": ""11012""}",20250829002109,api_row,2026-08-31T15:58:14+09:00,000,run_20260831_152517_0844,raw/alotMatter/00137517_2025_11012.json,26d6baef5131436a87a4c61167be2743f4e3ab5e3e84a613ea6134f561150b5b,10
,,,00137517,신한라이프생명보험,2025,11012,반기보고서,IFRS17,E,"4,568","보고서 사업연도 >= 2023 이면 IFRS17, 아니면 IFRS4","1,430",주당 현금배당금(원),2025-06-30,보통주,-,api,alotMatter,"{""bsns_year"": ""2025"", ""corp_code"": ""00137517"", ""reprt_code"": ""11012""}",20250829002109,api_row,2026-08-31T15:58:14+09:00,000,run_20260831_152517_0844,raw/alotMatter/00137517_2025_11012.json,26d6baef5131436a87a4c61167be2743f4e3ab5e3e84a613ea6134f561150b5b,10
,,,00137517,신한라이프생명보험,2025,11012,반기보고서,IFRS17,E,-,"보고서 사업연도 >= 2023 이면 IFRS17, 아니면 IFRS4",-,주당 현금배당금(원),2025-06-30,-,-,api,alotMatter,"{""bsns_year"": ""2025"", ""corp_code"": ""00137517"", ""reprt_code"": ""11012""}",20250829002109,api_row,2026-08-31T15:58:14+09:00,000,run_20260831_152517_0844,raw/alotMatter/00137517_2025_11012.json,26d6baef5131436a87a4c61167be2743f4e3ab5e3e84a613ea6134f561150b5b,10
,,,00137517,신한라이프생명보험,2025,11012,반기보고서,IFRS17,E,-,"보고서 사업연도 >= 2023 이면 IFRS17, 아니면 IFRS4",-,주당 주식배당(주),2025-06-30,-,-,api,alotMatter,"{""bsns_year"": ""2025"", ""corp_code"": ""00137517"", ""reprt_code"": ""11012""}",20250829002109,api_row,2026-08-31T15:58:14+09:00,000,run_20260831_152517_0844,raw/alotMatter/00137517_2025_11012.json,26d6baef5131436a87a4c61167be2743f4e3ab5e3e84a613ea6134f561150b5b,10
,,,00137517,신한라이프생명보험,2025,11012,반기보고서,IFRS17,E,-,"보고서 사업연도 >= 2023 이면 IFRS17, 아니면 IFRS4",-,주당 주식배당(주),2025-06-30,-,-,api,alotMatter,"{""bsns_year"": ""2025"", ""corp_code"": ""00137517"", ""reprt_code"": ""11012""}",20250829002109,api_row,2026-08-31T15:58:14+09:00,000,run_20260831_152517_0844,raw/alotMatter/00137517_2025_11012.json,26d6baef5131436a87a4c61167be2743f4e3ab5e3e84a613ea6134f561150b5b,10
,,,00148391,에이비엘생명보험,2025,11012,반기보고서,IFRS17,E,"5,000","보고서 사업연도 >= 2023 이면 IFRS17, 아니면 IFRS4","5,000",주당액면가액(원),2025-06-30,-,"5,000",api,alotMatter,"{""bsns_year"": ""2025"", ""corp_code"": ""00148391"", ""reprt_code"": ""11012""}",20250829002137,api_row,2026-08-31T16:08:09+09:00,000,run_20260831_152517_1154,raw/alotMatter/00148391_2025_11012.json,4669a8e83c410224173261692f67c266b747d1015907abe858d600a571236470,10
,,,00148391,에이비엘생명보험,2025,11012,반기보고서,IFRS17,E,"105,104","보고서 사업연도 >= 2023 이면 IFRS17, 아니면 IFRS4","79,919",(연결)당기순이익(백만원),2025-06-30,-,"33,856",api,alotMatter,"{""bsns_year"": ""2025"", ""corp_code"": ""00148391"", ""reprt_code"": ""11012""}",20250829002137,api_row,2026-08-31T16:08:09+09:00,000,run_20260831_152517_1154,raw/alotMatter/00148391_2025_11012.json,4669a8e83c410224173261692f67c266b747d1015907abe858d600a571236470,10
,,,00148391,에이비엘생명보험,2025,11012,반기보고서,IFRS17,E,"104,782","보고서 사업연도 >= 2023 이면 IFRS17, 아니면 IFRS4","80,435",(별도)당기순이익(백만원),2025-06-30,-,"32,074",api,alotMatter,"{""bsns_year"": ""2025"", ""corp_code"": ""00148391"", ""reprt_code"": ""11012""}",20250829002137,api_row,2026-08-31T16:08:09+09:00,000,run_20260831_152517_1154,raw/alotMatter/00148391_2025_11012.json,4669a8e83c410224173261692f67c266b747d1015907abe858d600a571236470,10
,,,00148391,에이비엘생명보험,2025,11012,반기보고서,IFRS17,E,"33,831","보고서 사업연도 >= 2023 이면 IFRS17, 아니면 IFRS4","25,724",(연결)주당순이익(원),2025-06-30,-,"10,898",api,alotMatter,"{""bsns_year"": ""2025"", ""corp_code"": ""00148391"", ""reprt_code"": ""11012""}",20250829002137,api_row,2026-08-31T16:08:09+09:00,000,run_20260831_152517_1154,raw/alotMatter/00148391_2025_11012.json,4669a8e83c410224173261692f67c266b747d1015907abe858d600a571236470,10
,,,00148391,에이비엘생명보험,2025,11012,반기보고서,IFRS17,E,-,"보고서 사업연도 >= 2023 이면 IFRS17, 아니면 IFRS4",-,현금배당금총액(백만원),2025-06-30,-,-,api,alotMatter,"{""bsns_year"": ""2025"", ""corp_code"": ""00148391"", ""reprt_code"": ""11012""}",20250829002137,api_row,2026-08-31T16:08:09+09:00,000,run_20260831_152517_1154,raw/alotMatter/00148391_2025_11012.json,4669a8e83c410224173261692f67c266b747d1015907abe858d600a571236470,10
,,,00148391,에이비엘생명보험,2025,11012,반기보고서,IFRS17,E,-,"보고서 사업연도 >= 2023 이면 IFRS17, 아니면 IFRS4",-,주식배당금총액(백만원),2025-06-30,-,-,api,alotMatter,"{""bsns_year"": ""2025"", ""corp_code"": ""00148391"", ""reprt_code"": ""11012""}",20250829002137,api_row,2026-08-31T16:08:09+09:00,000,run_20260831_152517_1154,raw/alotMatter/00148391_2025_11012.json,4669a8e83c410224173261692f67c266b747d1015907abe858d600a571236470,10
,,,00148391,에이비엘생명보험,2025,11012,반기보고서,IFRS17,E,-,"보고서 사업연도 >= 2023 이면 IFRS17, 아니면 IFRS4",-,(연결)현금배당성향(%),2025-06-30,-,-,api,alotMatter,"{""bsns_year"": ""2025"", ""corp_code"": ""00148391"", ""reprt_code"": ""11012""}",20250829002137,api_row,2026-08-31T16:08:09+09:00,000,run_20260831_152517_1154,raw/alotMatter/00148391_2025_11012.json,4669a8e83c410224173261692f67c266b747d1015907abe858d600a571236470,10
,,,00148391,에이비엘생명보험,2025,11012,반기보고서,IFRS17,E,-,"보고서 사업연도 >= 2023 이면 IFRS17, 아니면 IFRS4",-,현금배당수익률(%),2025-06-30,-,-,api,alotMatter,"{""bsns_year"": ""2025"", ""corp_code"": ""00148391"", ""reprt_code"": ""11012""}",20250829002137,api_row,2026-08-31T16:08:09+09:00,000,run_20260831_152517_1154,raw/alotMatter/00148391_2025_11012.json,4669a8e83c410224173261692f67c266b747d1015907abe858d600a571236470,10
,,,00148391,에이비엘생명보험,2025,11012,반기보고서,IFRS17,E,-,"보고서 사업연도 >= 2023 이면 IFRS17, 아니면 IFRS4",-,현금배당수익률(%),2025-06-30,-,-,api,alotMatter,"{""bsns_year"": ""2025"", ""corp_code"": ""00148391"", ""reprt_code"": ""11012""}",20250829002137,api_row,2026-08-31T16:08:09+09:00,000,run_20260831_152517_1154,raw/alotMatter/00148391_2025_11012.json,4669a8e83c410224173261692f67c266b747d1015907abe858d600a571236470,10
,,,00148391,에이비엘생명보험,2025,11012,반기보고서,IFRS17,E,-,"보고서 사업연도 >= 2023 이면 IFRS17, 아니면 IFRS4",-,주식배당수익률(%),2025-06-30,-,-,api,alotMatter,"{""bsns_year"": ""2025"", ""corp_code"": ""00148391"", ""reprt_code"": ""11012""}",20250829002137,api_row,2026-08-31T16:08:09+09:00,000,run_20260831_152517_1154,raw/alotMatter/00148391_2025_11012.json,4669a8e83c410224173261692f67c266b747d1015907abe858d600a571236470,10
,,,00148391,에이비엘생명보험,2025,11012,반기보고서,IFRS17,E,-,"보고서 사업연도 >= 2023 이면 IFRS17, 아니면 IFRS4",-,주식배당수익률(%),2025-06-30,-,-,api,alotMatter,"{""bsns_year"": ""2025"", ""corp_code"": ""00148391"", ""reprt_code"": ""11012""}",20250829002137,api_row,2026-08-31T16:08:09+09:00,000,run_20260831_152517_1154,raw/alotMatter/00148391_2025_11012.json,4669a8e83c410224173261692f67c266b747d1015907abe858d600a571236470,10
,,,00148391,에이비엘생명보험,2025,11012,반기보고서,IFRS17,E,-,"보고서 사업연도 >= 2023 이면 IFRS17, 아니면 IFRS4",-,주당 현금배당금(원),2025-06-30,-,-,api,alotMatter,"{""bsns_year"": ""2025"", ""corp_code"": ""00148391"", ""reprt_code"": ""11012""}",20250829002137,api_row,2026-08-31T16:08:09+09:00,000,run_20260831_152517_1154,raw/alotMatter/00148391_2025_11012.json,4669a8e83c410224173261692f67c266b747d1015907abe858d600a571236470,10
,,,00148391,에이비엘생명보험,2025,11012,반기보고서,IFRS17,E,-,"보고서 사업연도 >= 2023 이면 IFRS17, 아니면 IFRS4",-,주당 현금배당금(원),2025-06-30,-,-,api,alotMatter,"{""bsns_year"": ""2025"", ""corp_code"": ""00148391"", ""reprt_code"": ""11012""}",20250829002137,api_row,2026-08-31T16:08:09+09:00,000,run_20260831_152517_1154,raw/alotMatter/00148391_2025_11012.json,4669a8e83c410224173261692f67c266b747d1015907abe858d600a571236470,10
,,,00148391,에이비엘생명보험,2025,11012,반기보고서,IFRS17,E,-,"보고서 사업연도 >= 2023 이면 IFRS17, 아니면 IFRS4",-,주당 주식배당(주),2025-06-30,-,-,api,alotMatter,"{""bsns_year"": ""2025"", ""corp_code"": ""00148391"", ""reprt_code"": ""11012""}",20250829002137,api_row,2026-08-31T16:08:09+09:00,000,run_20260831_152517_1154,raw/alotMatter/00148391_2025_11012.json,4669a8e83c410224173261692f67c266b747d1015907abe858d600a571236470,10
,,,00148391,에이비엘생명보험,2025,11012,반기보고서,IFRS17,E,-,"보고서 사업연도 >= 2023 이면 IFRS17, 아니면 IFRS4",-,주당 주식배당(주),2025-06-30,-,-,api,alotMatter,"{""bsns_year"": ""2025"", ""corp_code"": ""00148391"", ""reprt_code"": ""11012""}",20250829002137,api_row,2026-08-31T16:08:09+09:00,000,run_20260831_152517_1154,raw/alotMatter/00148391_2025_11012.json,4669a8e83c410224173261692f67c266b747d1015907abe858d600a571236470,10
,,,00160393,케이비라이프생명보험,2025,11012,반기보고서,IFRS17,E,"10,000","보고서 사업연도 >= 2023 이면 IFRS17, 아니면 IFRS4","10,000",주당액면가액(원),2025-06-30,-,"10,000",api,alotMatter,"{""bsns_year"": ""2025"", ""corp_code"": ""00160393"", ""reprt_code"": ""11012""}",20250829001661,api_row,2026-08-31T16:04:55+09:00,000,run_20260831_152517_1030,raw/alotMatter/00160393_2025_11012.json,84086f3ca7a9d2396c8aaae6bc5136bf07338e95779b5675389599b32a39ae42,10
,,,00160393,케이비라이프생명보험,2025,11012,반기보고서,IFRS17,E,"269,404","보고서 사업연도 >= 2023 이면 IFRS17, 아니면 IFRS4","234,103",(연결)당기순이익(백만원),2025-06-30,-,"189,128",api,alotMatter,"{""bsns_year"": ""2025"", ""corp_code"": ""00160393"", ""reprt_code"": ""11012""}",20250829001661,api_row,2026-08-31T16:04:55+09:00,000,run_20260831_152517_1030,raw/alotMatter/00160393_2025_11012.json,84086f3ca7a9d2396c8aaae6bc5136bf07338e95779b5675389599b32a39ae42,10
,,,00160393,케이비라이프생명보험,2025,11012,반기보고서,IFRS17,E,"299,878","보고서 사업연도 >= 2023 이면 IFRS17, 아니면 IFRS4","236,403",(별도)당기순이익(백만원),2025-06-30,-,"200,155",api,alotMatter,"{""bsns_year"": ""2025"", ""corp_code"": ""00160393"", ""reprt_code"": ""11012""}",20250829001661,api_row,2026-08-31T16:04:55+09:00,000,run_20260831_152517_1030,raw/alotMatter/00160393_2025_11012.json,84086f3ca7a9d2396c8aaae6bc5136bf07338e95779b5675389599b32a39ae42,10
,,,00160393,케이비라이프생명보험,2025,11012,반기보고서,IFRS17,E,"16,628","보고서 사업연도 >= 2023 이면 IFRS17, 아니면 IFRS4","14,449",(연결)주당순이익(원),2025-06-30,-,"11,673",api,alotMatter,"{""bsns_year"": ""2025"", ""corp_code"": ""00160393"", ""reprt_code"": ""11012""}",20250829001661,api_row,2026-08-31T16:04:55+09:00,000,run_20260831_152517_1030,raw/alotMatter/00160393_2025_11012.json,84086f3ca7a9d2396c8aaae6bc5136bf07338e95779b5675389599b32a39ae42,10
,,,00160393,케이비라이프생명보험,2025,11012,반기보고서,IFRS17,E,"280,000","보고서 사업연도 >= 2023 이면 IFRS17, 아니면 IFRS4",-,현금배당금총액(백만원),2025-06-30,-,-,api,alotMatter,"{""bsns_year"": ""2025"", ""corp_code"": ""00160393"", ""reprt_code"": ""11012""}",20250829001661,api_row,2026-08-31T16:04:55+09:00,000,run_20260831_152517_1030,raw/alotMatter/00160393_2025_11012.json,84086f3ca7a9d2396c8aaae6bc5136bf07338e95779b5675389599b32a39ae42,10
,,,00160393,케이비라이프생명보험,2025,11012,반기보고서,IFRS17,E,-,"보고서 사업연도 >= 2023 이면 IFRS17, 아니면 IFRS4",-,주식배당금총액(백만원),2025-06-30,-,-,api,alotMatter,"{""bsns_year"": ""2025"", ""corp_code"": ""00160393"", ""reprt_code"": ""11012""}",20250829001661,api_row,2026-08-31T16:04:55+09:00,000,run_20260831_152517_1030,raw/alotMatter/00160393_2025_11012.json,84086f3ca7a9d2396c8aaae6bc5136bf07338e95779b5675389599b32a39ae42,10
,,,00160393,케이비라이프생명보험,2025,11012,반기보고서,IFRS17,E,103.90,"보고서 사업연도 >= 2023 이면 IFRS17, 아니면 IFRS4",-,(연결)현금배당성향(%),2025-06-30,-,-,api,alotMatter,"{""bsns_year"": ""2025"", ""corp_code"": ""00160393"", ""reprt_code"": ""11012""}",20250829001661,api_row,2026-08-31T16:04:55+09:00,000,run_20260831_152517_1030,raw/alotMatter/00160393_2025_11012.json,84086f3ca7a9d2396c8aaae6bc5136bf07338e95779b5675389599b32a39ae42,10
,,,00160393,케이비라이프생명보험,2025,11012,반기보고서,IFRS17,E,-,"보고서 사업연도 >= 2023 이면 IFRS17, 아니면 IFRS4",-,현금배당수익률(%),2025-06-30,보통주,-,api,alotMatter,"{""bsns_year"": ""2025"", ""corp_code"": ""00160393"", ""reprt_code"": ""11012""}",20250829001661,api_row,2026-08-31T16:04:55+09:00,000,run_20260831_152517_1030,raw/alotMatter/00160393_2025_11012.json,84086f3ca7a9d2396c8aaae6bc5136bf07338e95779b5675389599b32a39ae42,10
,,,00160393,케이비라이프생명보험,2025,11012,반기보고서,IFRS17,E,-,"보고서 사업연도 >= 2023 이면 IFRS17, 아니면 IFRS4",-,현금배당수익률(%),2025-06-30,-,-,api,alotMatter,"{""bsns_year"": ""2025"", ""corp_code"": ""00160393"", ""reprt_code"": ""11012""}",20250829001661,api_row,2026-08-31T16:04:55+09:00,000,run_20260831_152517_1030,raw/alotMatter/00160393_2025_11012.json,84086f3ca7a9d2396c8aaae6bc5136bf07338e95779b5675389599b32a39ae42,10
,,,00160393,케이비라이프생명보험,2025,11012,반기보고서,IFRS17,E,-,"보고서 사업연도 >= 2023 이면 IFRS17, 아니면 IFRS4",-,주식배당수익률(%),2025-06-30,-,-,api,alotMatter,"{""bsns_year"": ""2025"", ""corp_code"": ""00160393"", ""reprt_code"": ""11012""}",20250829001661,api_row,2026-08-31T16:04:55+09:00,000,run_20260831_152517_1030,raw/alotMatter/00160393_2025_11012.json,84086f3ca7a9d2396c8aaae6bc5136bf07338e95779b5675389599b32a39ae42,10
,,,00160393,케이비라이프생명보험,2025,11012,반기보고서,IFRS17,E,-,"보고서 사업연도 >= 2023 이면 IFRS17, 아니면 IFRS4",-,주식배당수익률(%),2025-06-30,-,-,api,alotMatter,"{""bsns_year"": ""2025"", ""corp_code"": ""00160393"", ""reprt_code"": ""11012""}",20250829001661,api_row,2026-08-31T16:04:55+09:00,000,run_20260831_152517_1030,raw/alotMatter/00160393_2025_11012.json,84086f3ca7a9d2396c8aaae6bc5136bf07338e95779b5675389599b32a39ae42,10
,,,00160393,케이비라이프생명보험,2025,11012,반기보고서,IFRS17,E,"17,282","보고서 사업연도 >= 2023 이면 IFRS17, 아니면 IFRS4",-,주당 현금배당금(원),2025-06-30,보통주,-,api,alotMatter,"{""bsns_year"": ""2025"", ""corp_code"": ""00160393"", ""reprt_code"": ""11012""}",20250829001661,api_row,2026-08-31T16:04:55+09:00,000,run_20260831_152517_1030,raw/alotMatter/00160393_2025_11012.json,84086f3ca7a9d2396c8aaae6bc5136bf07338e95779b5675389599b32a39ae42,10
,,,00160393,케이비라이프생명보험,2025,11012,반기보고서,IFRS17,E,-,"보고서 사업연도 >= 2023 이면 IFRS17, 아니면 IFRS4",-,주당 현금배당금(원),2025-06-30,-,-,api,alotMatter,"{""bsns_year"": ""2025"", ""corp_code"": ""00160393"", ""reprt_code"": ""11012""}",20250829001661,api_row,2026-08-31T16:04:55+09:00,000,run_20260831_152517_1030,raw/alotMatter/00160393_2025_11012.json,84086f3ca7a9d2396c8aaae6bc5136bf07338e95779b5675389599b32a39ae42,10
,,,00160393,케이비라이프생명보험,2025,11012,반기보고서,IFRS17,E,-,"보고서 사업연도 >= 2023 이면 IFRS17, 아니면 IFRS4",-,주당 주식배당(주),2025-06-30,-,-,api,alotMatter,"{""bsns_year"": ""2025"", ""corp_code"": ""00160393"", ""reprt_code"": ""11012""}",20250829001661,api_row,2026-08-31T16:04:55+09:00,000,run_20260831_152517_1030,raw/alotMatter/00160393_2025_11012.json,84086f3ca7a9d2396c8aaae6bc5136bf07338e95779b5675389599b32a39ae42,10
,,,00160393,케이비라이프생명보험,2025,11012,반기보고서,IFRS17,E,-,"보고서 사업연도 >= 2023 이면 IFRS17, 아니면 IFRS4",-,주당 주식배당(주),2025-06-30,-,-,api,alotMatter,"{""bsns_year"": ""2025"", ""corp_code"": ""00160393"", ""reprt_code"": ""11012""}",20250829001661,api_row,2026-08-31T16:04:55+09:00,000,run_20260831_152517_1030,raw/alotMatter/00160393_2025_11012.json,84086f3ca7a9d2396c8aaae6bc5136bf07338e95779b5675389599b32a39ae42,10
,,,00160393,케이비라이프생명보험,2025,11012,반기보고서,IFRS17,E,-,"보고서 사업연도 >= 2023 이면 IFRS17, 아니면 IFRS4",-,주당 주식배당(주),2025-06-30,-,-,api,alotMatter,"{""bsns_year"": ""2025"", ""corp_code"": ""00160393"", ""reprt_code"": ""11012""}",20250829001661,api_row,2026-08-31T16:04:55+09:00,000,run_20260831_152517_1030,raw/alotMatter/00160393_2025_11012.json,84086f3ca7a9d2396c8aaae6bc5136bf07338e95779b5675389599b32a39ae42,10
,,,00382199,신한지주,2025,11012,반기보고서,IFRS17,Y,"5,000","보고서 사업연도 >= 2023 이면 IFRS17, 아니면 IFRS4","5,000",주당액면가액(원),2025-06-30,-,"5,000",api,alotMatter,"{""bsns_year"": ""2025"", ""corp_code"": ""00382199"", ""reprt_code"": ""11012""}",20250814002920,api_row,2026-08-31T15:34:36+09:00,000,run_20260831_152517_0235,raw/alotMatter/00382199_2025_11012.json,ade753b81cf750b8d1f7dd32c4acc72889860969f06c077b83e8c7d25c1bd26b,10
,,,00382199,신한지주,2025,11012,반기보고서,IFRS17,Y,"4,450,177","보고서 사업연도 >= 2023 이면 IFRS17, 아니면 IFRS4","4,368,035",(연결)당기순이익(백만원),2025-06-30,-,"3,037,399",api,alotMatter,"{""bsns_year"": ""2025"", ""corp_code"": ""00382199"", ""reprt_code"": ""11012""}",20250814002920,api_row,2026-08-31T15:34:36+09:00,000,run_20260831_152517_0235,raw/alotMatter/00382199_2025_11012.json,ade753b81cf750b8d1f7dd32c4acc72889860969f06c077b83e8c7d25c1bd26b,10
,,,00382199,신한지주,2025,11012,반기보고서,IFRS17,Y,"1,619,867","보고서 사업연도 >= 2023 이면 IFRS17, 아니면 IFRS4","1,671,011",(별도)당기순이익(백만원),2025-06-30,-,"2,451,570",api,alotMatter,"{""bsns_year"": ""2025"", ""corp_code"": ""00382199"", ""reprt_code"": ""11012""}",20250814002920,api_row,2026-08-31T15:34:36+09:00,000,run_20260831_152517_0235,raw/alotMatter/00382199_2025_11012.json,ade753b81cf750b8d1f7dd32c4acc72889860969f06c077b83e8c7d25c1bd26b,10
,,,00382199,신한지주,2025,11012,반기보고서,IFRS17,Y,"8,441","보고서 사업연도 >= 2023 이면 IFRS17, 아니면 IFRS4","8,048",(연결)주당순이익(원),2025-06-30,-,"5,978",api,alotMatter,"{""bsns_year"": ""2025"", ""corp_code"": ""00382199"", ""reprt_code"": ""11012""}",20250814002920,api_row,2026-08-31T15:34:36+09:00,000,run_20260831_152517_0235,raw/alotMatter/00382199_2025_11012.json,ade753b81cf750b8d1f7dd32c4acc72889860969f06c077b83e8c7d25c1bd26b,10
,,,00382199,신한지주,2025,11012,반기보고서,IFRS17,Y,"1,088,042","보고서 사업연도 >= 2023 이면 IFRS17, 아니면 IFRS4","1,085,819",현금배당금총액(백만원),2025-06-30,-,"554,859",api,alotMatter,"{""bsns_year"": ""2025"", ""corp_code"": ""00382199"", ""reprt_code"": ""11012""}",20250814002920,api_row,2026-08-31T15:34:36+09:00,000,run_20260831_152517_0235,raw/alotMatter/00382199_2025_11012.json,ade753b81cf750b8d1f7dd32c4acc72889860969f06c077b83e8c7d25c1bd26b,10
,,,00382199,신한지주,2025,11012,반기보고서,IFRS17,Y,-,"보고서 사업연도 >= 2023 이면 IFRS17, 아니면 IFRS4",-,주식배당금총액(백만원),2025-06-30,-,-,api,alotMatter,"{""bsns_year"": ""2025"", ""corp_code"": ""00382199"", ""reprt_code"": ""11012""}",20250814002920,api_row,2026-08-31T15:34:36+09:00,000,run_20260831_152517_0235,raw/alotMatter/00382199_2025_11012.json,ade753b81cf750b8d1f7dd32c4acc72889860969f06c077b83e8c7d25c1bd26b,10
,,,00382199,신한지주,2025,11012,반기보고서,IFRS17,Y,24.45,"보고서 사업연도 >= 2023 이면 IFRS17, 아니면 IFRS4",24.87,(연결)현금배당성향(%),2025-06-30,-,18.27,api,alotMatter,"{""bsns_year"": ""2025"", ""corp_code"": ""00382199"", ""reprt_code"": ""11012""}",20250814002920,api_row,2026-08-31T15:34:36+09:00,000,run_20260831_152517_0235,raw/alotMatter/00382199_2025_11012.json,ade753b81cf750b8d1f7dd32c4acc72889860969f06c077b83e8c7d25c1bd26b,10
,,,00382199,신한지주,2025,11012,반기보고서,IFRS17,Y,4.26,"보고서 사업연도 >= 2023 이면 IFRS17, 아니면 IFRS4",4.87,현금배당수익률(%),2025-06-30,보통주,1.66,api,alotMatter,"{""bsns_year"": ""2025"", ""corp_code"": ""00382199"", ""reprt_code"": ""11012""}",20250814002920,api_row,2026-08-31T15:34:36+09:00,000,run_20260831_152517_0235,raw/alotMatter/00382199_2025_11012.json,ade753b81cf750b8d1f7dd32c4acc72889860969f06c077b83e8c7d25c1bd26b,10
,,,00382199,신한지주,2025,11012,반기보고서,IFRS17,Y,-,"보고서 사업연도 >= 2023 이면 IFRS17, 아니면 IFRS4",-,현금배당수익률(%),2025-06-30,우선주,-,api,alotMatter,"{""bsns_year"": ""2025"", ""corp_code"": ""00382199"", ""reprt_code"": ""11012""}",20250814002920,api_row,2026-08-31T15:34:36+09:00,000,run_20260831_152517_0235,raw/alotMatter/00382199_2025_11012.json,ade753b81cf750b8d1f7dd32c4acc72889860969f06c077b83e8c7d25c1bd26b,10
,,,00382199,신한지주,2025,11012,반기보고서,IFRS17,Y,-,"보고서 사업연도 >= 2023 이면 IFRS17, 아니면 IFRS4",-,주식배당수익률(%),2025-06-30,보통주,-,api,alotMatter,"{""bsns_year"": ""2025"", ""corp_code"": ""00382199"", ""reprt_code"": ""11012""}",20250814002920,api_row,2026-08-31T15:34:36+09:00,000,run_20260831_152517_0235,raw/alotMatter/00382199_2025_11012.json,ade753b81cf750b8d1f7dd32c4acc72889860969f06c077b83e8c7d25c1bd26b,10
,,,00382199,신한지주,2025,11012,반기보고서,IFRS17,Y,-,"보고서 사업연도 >= 2023 이면 IFRS17, 아니면 IFRS4",-,주식배당수익률(%),2025-06-30,우선주,-,api,alotMatter,"{""bsns_year"": ""2025"", ""corp_code"": ""00382199"", ""reprt_code"": ""11012""}",20250814002920,api_row,2026-08-31T15:34:36+09:00,000,run_20260831_152517_0235,raw/alotMatter/00382199_2025_11012.json,ade753b81cf750b8d1f7dd32c4acc72889860969f06c077b83e8c7d25c1bd26b,10
,,,00382199,신한지주,2025,11012,반기보고서,IFRS17,Y,"2,160","보고서 사업연도 >= 2023 이면 IFRS17, 아니면 IFRS4","2,100",주당 현금배당금(원),2025-06-30,보통주,"1,140",api,alotMatter,"{""bsns_year"": ""2025"", ""corp_code"": ""00382199"", ""reprt_code"": ""11012""}",20250814002920,api_row,2026-08-31T15:34:36+09:00,000,run_20260831_152517_0235,raw/alotMatter/00382199_2025_11012.json,ade753b81cf750b8d1f7dd32c4acc72889860969f06c077b83e8c7d25c1bd26b,10
,,,00382199,신한지주,2025,11012,반기보고서,IFRS17,Y,-,"보고서 사업연도 >= 2023 이면 IFRS17, 아니면 IFRS4",525,주당 현금배당금(원),2025-06-30,우선주,-,api,alotMatter,"{""bsns_year"": ""2025"", ""corp_code"": ""00382199"", ""reprt_code"": ""11012""}",20250814002920,api_row,2026-08-31T15:34:36+09:00,000,run_20260831_152517_0235,raw/alotMatter/00382199_2025_11012.json,ade753b81cf750b8d1f7dd32c4acc72889860969f06c077b83e8c7d25c1bd26b,10
,,,00382199,신한지주,2025,11012,반기보고서,IFRS17,Y,-,"보고서 사업연도 >= 2023 이면 IFRS17, 아니면 IFRS4",-,주당 주식배당(주),2025-06-30,보통주,-,api,alotMatter,"{""bsns_year"": ""2025"", ""corp_code"": ""00382199"", ""reprt_code"": ""11012""}",20250814002920,api_row,2026-08-31T15:34:36+09:00,000,run_20260831_152517_0235,raw/alotMatter/00382199_2025_11012.json,ade753b81cf750b8d1f7dd32c4acc72889860969f06c077b83e8c7d25c1bd26b,10
,,,00382199,신한지주,2025,11012,반기보고서,IFRS17,Y,-,"보고서 사업연도 >= 2023 이면 IFRS17, 아니면 IFRS4",-,주당 주식배당(주),2025-06-30,우선주,-,api,alotMatter,"{""bsns_year"": ""2025"", ""corp_code"": ""00382199"", ""reprt_code"": ""11012""}",20250814002920,api_row,2026-08-31T15:34:36+09:00,000,run_20260831_152517_0235,raw/alotMatter/00382199_2025_11012.json,ade753b81cf750b8d1f7dd32c4acc72889860969f06c077b83e8c7d25c1bd26b,10
,,,00878915,iM금융지주,2025,11012,반기보고서,IFRS17,Y,"5,000","보고서 사업연도 >= 2023 이면 IFRS17, 아니면 IFRS4","5,000",주당액면가액(원),2025-06-30,-,"5,000",api,alotMatter,"{""bsns_year"": ""2025"", ""corp_code"": ""00878915"", ""reprt_code"": ""11012""}",20250814003270,api_row,2026-08-31T15:42:04+09:00,000,run_20260831_152517_0461,raw/alotMatter/00878915_2025_11012.json,cb81f964461b276b66255e377a402a747d372fc5bbb18be5e9194ef5d360773f,10
,,,00878915,iM금융지주,2025,11012,반기보고서,IFRS17,Y,"214,876","보고서 사업연도 >= 2023 이면 IFRS17, 아니면 IFRS4","387,839",(연결)당기순이익(백만원),2025-06-30,-,"309,256",api,alotMatter,"{""bsns_year"": ""2025"", ""corp_code"": ""00878915"", ""reprt_code"": ""11012""}",20250814003270,api_row,2026-08-31T15:42:04+09:00,000,run_20260831_152517_0461,raw/alotMatter/00878915_2025_11012.json,cb81f964461b276b66255e377a402a747d372fc5bbb18be5e9194ef5d360773f,10
,,,00878915,iM금융지주,2025,11012,반기보고서,IFRS17,Y,"135,964","보고서 사업연도 >= 2023 이면 IFRS17, 아니면 IFRS4","183,076",(별도)당기순이익(백만원),2025-06-30,-,"-30,572",api,alotMatter,"{""bsns_year"": ""2025"", ""corp_code"": ""00878915"", ""reprt_code"": ""11012""}",20250814003270,api_row,2026-08-31T15:42:04+09:00,000,run_20260831_152517_0461,raw/alotMatter/00878915_2025_11012.json,cb81f964461b276b66255e377a402a747d372fc5bbb18be5e9194ef5d360773f,10
,,,00878915,iM금융지주,2025,11012,반기보고서,IFRS17,Y,"1,121","보고서 사업연도 >= 2023 이면 IFRS17, 아니면 IFRS4","2,180",(연결)주당순이익(원),2025-06-30,-,"1,779",api,alotMatter,"{""bsns_year"": ""2025"", ""corp_code"": ""00878915"", ""reprt_code"": ""11012""}",20250814003270,api_row,2026-08-31T15:42:04+09:00,000,run_20260831_152517_0461,raw/alotMatter/00878915_2025_11012.json,cb81f964461b276b66255e377a402a747d372fc5bbb18be5e9194ef5d360773f,10
,,,00878915,iM금융지주,2025,11012,반기보고서,IFRS17,Y,"82,677","보고서 사업연도 >= 2023 이면 IFRS17, 아니면 IFRS4","91,516",현금배당금총액(백만원),2025-06-30,-,-,api,alotMatter,"{""bsns_year"": ""2025"", ""corp_code"": ""00878915"", ""reprt_code"": ""11012""}",20250814003270,api_row,2026-08-31T15:42:04+09:00,000,run_20260831_152517_0461,raw/alotMatter/00878915_2025_11012.json,cb81f964461b276b66255e377a402a747d372fc5bbb18be5e9194ef5d360773f,10
,,,00878915,iM금융지주,2025,11012,반기보고서,IFRS17,Y,-,"보고서 사업연도 >= 2023 이면 IFRS17, 아니면 IFRS4",-,주식배당금총액(백만원),2025-06-30,-,-,api,alotMatter,"{""bsns_year"": ""2025"", ""corp_code"": ""00878915"", ""reprt_code"": ""11012""}",20250814003270,api_row,2026-08-31T15:42:04+09:00,000,run_20260831_152517_0461,raw/alotMatter/00878915_2025_11012.json,cb81f964461b276b66255e377a402a747d372fc5bbb18be5e9194ef5d360773f,10
,,,00878915,iM금융지주,2025,11012,반기보고서,IFRS17,Y,38.50,"보고서 사업연도 >= 2023 이면 IFRS17, 아니면 IFRS4",23.60,(연결)현금배당성향(%),2025-06-30,-,-,api,alotMatter,"{""bsns_year"": ""2025"", ""corp_code"": ""00878915"", ""reprt_code"": ""11012""}",20250814003270,api_row,2026-08-31T15:42:04+09:00,000,run_20260831_152517_0461,raw/alotMatter/00878915_2025_11012.json,cb81f964461b276b66255e377a402a747d372fc5bbb18be5e9194ef5d360773f,10
,,,00878915,iM금융지주,2025,11012,반기보고서,IFRS17,Y,5.44,"보고서 사업연도 >= 2023 이면 IFRS17, 아니면 IFRS4",5.83,현금배당수익률(%),2025-06-30,보통주,-,api,alotMatter,"{""bsns_year"": ""2025"", ""corp_code"": ""00878915"", ""reprt_code"": ""11012""}",20250814003270,api_row,2026-08-31T15:42:04+09:00,000,run_20260831_152517_0461,raw/alotMatter/00878915_2025_11012.json,cb81f964461b276b66255e377a402a747d372fc5bbb18be5e9194ef5d360773f,10
,,,00878915,iM금융지주,2025,11012,반기보고서,IFRS17,Y,-,"보고서 사업연도 >= 2023 이면 IFRS17, 아니면 IFRS4",-,현금배당수익률(%),2025-06-30,-,-,api,alotMatter,"{""bsns_year"": ""2025"", ""corp_code"": ""00878915"", ""reprt_code"": ""11012""}",20250814003270,api_row,2026-08-31T15:42:04+09:00,000,run_20260831_152517_0461,raw/alotMatter/00878915_2025_11012.json,cb81f964461b276b66255e377a402a747d372fc5bbb18be5e9194ef5d360773f,10
,,,00878915,iM금융지주,2025,11012,반기보고서,IFRS17,Y,-,"보고서 사업연도 >= 2023 이면 IFRS17, 아니면 IFRS4",-,주식배당수익률(%),2025-06-30,보통주,-,api,alotMatter,"{""bsns_year"": ""2025"", ""corp_code"": ""00878915"", ""reprt_code"": ""11012""}",20250814003270,api_row,2026-08-31T15:42:04+09:00,000,run_20260831_152517_0461,raw/alotMatter/00878915_2025_11012.json,cb81f964461b276b66255e377a402a747d372fc5bbb18be5e9194ef5d360773f,10
,,,00878915,iM금융지주,2025,11012,반기보고서,IFRS17,Y,-,"보고서 사업연도 >= 2023 이면 IFRS17, 아니면 IFRS4",-,주식배당수익률(%),2025-06-30,-,-,api,alotMatter,"{""bsns_year"": ""2025"", ""corp_code"": ""00878915"", ""reprt_code"": ""11012""}",20250814003270,api_row,2026-08-31T15:42:04+09:00,000,run_20260831_152517_0461,raw/alotMatter/00878915_2025_11012.json,cb81f964461b276b66255e377a402a747d372fc5bbb18be5e9194ef5d360773f,10
,,,00878915,iM금융지주,2025,11012,반기보고서,IFRS17,Y,500,"보고서 사업연도 >= 2023 이면 IFRS17, 아니면 IFRS4",550,주당 현금배당금(원),2025-06-30,보통주,-,api,alotMatter,"{""bsns_year"": ""2025"", ""corp_code"": ""00878915"", ""reprt_code"": ""11012""}",20250814003270,api_row,2026-08-31T15:42:04+09:00,000,run_20260831_152517_0461,raw/alotMatter/00878915_2025_11012.json,cb81f964461b276b66255e377a402a747d372fc5bbb18be5e9194ef5d360773f,10
,,,00878915,iM금융지주,2025,11012,반기보고서,IFRS17,Y,-,"보고서 사업연도 >= 2023 이면 IFRS17, 아니면 IFRS4",-,주당 현금배당금(원),2025-06-30,-,-,api,alotMatter,"{""bsns_year"": ""2025"", ""corp_code"": ""00878915"", ""reprt_code"": ""11012""}",20250814003270,api_row,2026-08-31T15:42:04+09:00,000,run_20260831_152517_0461,raw/alotMatter/00878915_2025_11012.json,cb81f964461b276b66255e377a402a747d372fc5bbb18be5e9194ef5d360773f,10
,,,00878915,iM금융지주,2025,11012,반기보고서,IFRS17,Y,-,"보고서 사업연도 >= 2023 이면 IFRS17, 아니면 IFRS4",-,주당 주식배당(주),2025-06-30,보통주,-,api,alotMatter,"{""bsns_year"": ""2025"", ""corp_code"": ""00878915"", ""reprt_code"": ""11012""}",20250814003270,api_row,2026-08-31T15:42:04+09:00,000,run_20260831_152517_0461,raw/alotMatter/00878915_2025_11012.json,cb81f964461b276b66255e377a402a747d372fc5bbb18be5e9194ef5d360773f,10
,,,00878915,iM금융지주,2025,11012,반기보고서,IFRS17,Y,-,"보고서 사업연도 >= 2023 이면 IFRS17, 아니면 IFRS4",-,주당 주식배당(주),2025-06-30,-,-,api,alotMatter,"{""bsns_year"": ""2025"", ""corp_code"": ""00878915"", ""reprt_code"": ""11012""}",20250814003270,api_row,2026-08-31T15:42:04+09:00,000,run_20260831_152517_0461,raw/alotMatter/00878915_2025_11012.json,cb81f964461b276b66255e377a402a747d372fc5bbb18be5e9194ef5d360773f,10
,,,01350869,우리금융지주,2025,11012,반기보고서,IFRS17,Y,"5,000","보고서 사업연도 >= 2023 이면 IFRS17, 아니면 IFRS4","5,000",주당액면가액(원),2025-06-30,-,"5,000",api,alotMatter,"{""bsns_year"": ""2025"", ""corp_code"": ""01350869"", ""reprt_code"": ""11012""}",20250814004065,api_row,2026-08-31T15:45:03+09:00,000,run_20260831_152517_0542,raw/alotMatter/01350869_2025_11012.json,7e24c292d0471eb8ad19abdcc85f56552529445a67223dd3e431c9f718dcc594,10
,,,01350869,우리금융지주,2025,11012,반기보고서,IFRS17,Y,"3,085,995","보고서 사업연도 >= 2023 이면 IFRS17, 아니면 IFRS4","2,506,296",(연결)당기순이익(백만원),2025-06-30,-,"1,552,019",api,alotMatter,"{""bsns_year"": ""2025"", ""corp_code"": ""01350869"", ""reprt_code"": ""11012""}",20250814004065,api_row,2026-08-31T15:45:03+09:00,000,run_20260831_152517_0542,raw/alotMatter/01350869_2025_11012.json,7e24c292d0471eb8ad19abdcc85f56552529445a67223dd3e431c9f718dcc594,10
,,,01350869,우리금융지주,2025,11012,반기보고서,IFRS17,Y,"1,123,332","보고서 사업연도 >= 2023 이면 IFRS17, 아니면 IFRS4","1,424,508",(별도)당기순이익(백만원),2025-06-30,-,"1,368,796",api,alotMatter,"{""bsns_year"": ""2025"", ""corp_code"": ""01350869"", ""reprt_code"": ""11012""}",20250814004065,api_row,2026-08-31T15:45:03+09:00,000,run_20260831_152517_0542,raw/alotMatter/01350869_2025_11012.json,7e24c292d0471eb8ad19abdcc85f56552529445a67223dd3e431c9f718dcc594,10
,,,01350869,우리금융지주,2025,11012,반기보고서,IFRS17,Y,"3,950","보고서 사업연도 >= 2023 이면 IFRS17, 아니면 IFRS4","3,230",(연결)주당순이익(원),2025-06-30,-,"2,006",api,alotMatter,"{""bsns_year"": ""2025"", ""corp_code"": ""01350869"", ""reprt_code"": ""11012""}",20250814004065,api_row,2026-08-31T15:45:03+09:00,000,run_20260831_152517_0542,raw/alotMatter/01350869_2025_11012.json,7e24c292d0471eb8ad19abdcc85f56552529445a67223dd3e431c9f718dcc594,10
,,,01350869,우리금융지주,2025,11012,반기보고서,IFRS17,Y,"891,045","보고서 사업연도 >= 2023 이면 IFRS17, 아니면 IFRS4","747,302",현금배당금총액(백만원),2025-06-30,-,"294,232",api,alotMatter,"{""bsns_year"": ""2025"", ""corp_code"": ""01350869"", ""reprt_code"": ""11012""}",20250814004065,api_row,2026-08-31T15:45:03+09:00,000,run_20260831_152517_0542,raw/alotMatter/01350869_2025_11012.json,7e24c292d0471eb8ad19abdcc85f56552529445a67223dd3e431c9f718dcc594,10
,,,01350869,우리금융지주,2025,11012,반기보고서,IFRS17,Y,-,"보고서 사업연도 >= 2023 이면 IFRS17, 아니면 IFRS4",-,주식배당금총액(백만원),2025-06-30,-,-,api,alotMatter,"{""bsns_year"": ""2025"", ""corp_code"": ""01350869"", ""reprt_code"": ""11012""}",20250814004065,api_row,2026-08-31T15:45:03+09:00,000,run_20260831_152517_0542,raw/alotMatter/01350869_2025_11012.json,7e24c292d0471eb8ad19abdcc85f56552529445a67223dd3e431c9f718dcc594,10
,,,01350869,우리금융지주,2025,11012,반기보고서,IFRS17,Y,28.87,"보고서 사업연도 >= 2023 이면 IFRS17, 아니면 IFRS4",29.82,(연결)현금배당성향(%),2025-06-30,-,18.96,api,alotMatter,"{""bsns_year"": ""2025"", ""corp_code"": ""01350869"", ""reprt_code"": ""11012""}",20250814004065,api_row,2026-08-31T15:45:03+09:00,000,run_20260831_152517_0542,raw/alotMatter/01350869_2025_11012.json,7e24c292d0471eb8ad19abdcc85f56552529445a67223dd3e431c9f718dcc594,10
,,,01350869,우리금융지주,2025,11012,반기보고서,IFRS17,Y,6.90,"보고서 사업연도 >= 2023 이면 IFRS17, 아니면 IFRS4",6.70,현금배당수익률(%),2025-06-30,보통주,1.60,api,alotMatter,"{""bsns_year"": ""2025"", ""corp_code"": ""01350869"", ""reprt_code"": ""11012""}",20250814004065,api_row,2026-08-31T15:45:03+09:00,000,run_20260831_152517_0542,raw/alotMatter/01350869_2025_11012.json,7e24c292d0471eb8ad19abdcc85f56552529445a67223dd3e431c9f718dcc594,10
,,,01350869,우리금융지주,2025,11012,반기보고서,IFRS17,Y,-,"보고서 사업연도 >= 2023 이면 IFRS17, 아니면 IFRS4",-,현금배당수익률(%),2025-06-30,우선주,-,api,alotMatter,"{""bsns_year"": ""2025"", ""corp_code"": ""01350869"", ""reprt_code"": ""11012""}",20250814004065,api_row,2026-08-31T15:45:03+09:00,000,run_20260831_152517_0542,raw/alotMatter/01350869_2025_11012.json,7e24c292d0471eb8ad19abdcc85f56552529445a67223dd3e431c9f718dcc594,10
,,,01350869,우리금융지주,2025,11012,반기보고서,IFRS17,Y,-,"보고서 사업연도 >= 2023 이면 IFRS17, 아니면 IFRS4",-,주식배당수익률(%),2025-06-30,보통주,-,api,alotMatter,"{""bsns_year"": ""2025"", ""corp_code"": ""01350869"", ""reprt_code"": ""11012""}",20250814004065,api_row,2026-08-31T15:45:03+09:00,000,run_20260831_152517_0542,raw/alotMatter/01350869_2025_11012.json,7e24c292d0471eb8ad19abdcc85f56552529445a67223dd3e431c9f718dcc594,10
,,,01350869,우리금융지주,2025,11012,반기보고서,IFRS17,Y,-,"보고서 사업연도 >= 2023 이면 IFRS17, 아니면 IFRS4",-,주식배당수익률(%),2025-06-30,우선주,-,api,alotMatter,"{""bsns_year"": ""2025"", ""corp_code"": ""01350869"", ""reprt_code"": ""11012""}",20250814004065,api_row,2026-08-31T15:45:03+09:00,000,run_20260831_152517_0542,raw/alotMatter/01350869_2025_11012.json,7e24c292d0471eb8ad19abdcc85f56552529445a67223dd3e431c9f718dcc594,10
,,,01350869,우리금융지주,2025,11012,반기보고서,IFRS17,Y,"1,200","보고서 사업연도 >= 2023 이면 IFRS17, 아니면 IFRS4","1,000",주당 현금배당금(원),2025-06-30,보통주,400,api,alotMatter,"{""bsns_year"": ""2025"", ""corp_code"": ""01350869"", ""reprt_code"": ""11012""}",20250814004065,api_row,2026-08-31T15:45:03+09:00,000,run_20260831_152517_0542,raw/alotMatter/01350869_2025_11012.json,7e24c292d0471eb8ad19abdcc85f56552529445a67223dd3e431c9f718dcc594,10
,,,01350869,우리금융지주,2025,11012,반기보고서,IFRS17,Y,-,"보고서 사업연도 >= 2023 이면 IFRS17, 아니면 IFRS4",-,주당 현금배당금(원),2025-06-30,우선주,-,api,alotMatter,"{""bsns_year"": ""2025"", ""corp_code"": ""01350869"", ""reprt_code"": ""11012""}",20250814004065,api_row,2026-08-31T15:45:03+09:00,000,run_20260831_152517_0542,raw/alotMatter/01350869_2025_11012.json,7e24c292d0471eb8ad19abdcc85f56552529445a67223dd3e431c9f718dcc594,10
,,,01350869,우리금융지주,2025,11012,반기보고서,IFRS17,Y,-,"보고서 사업연도 >= 2023 이면 IFRS17, 아니면 IFRS4",-,주당 주식배당(주),2025-06-30,보통주,-,api,alotMatter,"{""bsns_year"": ""2025"", ""corp_code"": ""01350869"", ""reprt_code"": ""11012""}",20250814004065,api_row,2026-08-31T15:45:03+09:00,000,run_20260831_152517_0542,raw/alotMatter/01350869_2025_11012.json,7e24c292d0471eb8ad19abdcc85f56552529445a67223dd3e431c9f718dcc594,10
,,,01350869,우리금융지주,2025,11012,반기보고서,IFRS17,Y,-,"보고서 사업연도 >= 2023 이면 IFRS17, 아니면 IFRS4",-,주당 주식배당(주),2025-06-30,우선주,-,api,alotMatter,"{""bsns_year"": ""2025"", ""corp_code"": ""01350869"", ""reprt_code"": ""11012""}",20250814004065,api_row,2026-08-31T15:45:03+09:00,000,run_20260831_152517_0542,raw/alotMatter/01350869_2025_11012.json,7e24c292d0471eb8ad19abdcc85f56552529445a67223dd3e431c9f718dcc594,10
,,,00117267,동양생명보험,2026,11012,반기보고서,IFRS17,E,"5,000","보고서 사업연도 >= 2023 이면 IFRS17, 아니면 IFRS4","5,000",주당액면가액(원),2026-06-30,-,"5,000",api,alotMatter,"{""bsns_year"": ""2026"", ""corp_code"": ""00117267"", ""reprt_code"": ""11012""}",20260831001171,api_row,2026-08-31T15:52:45+09:00,000,run_20260831_152517_0729,raw/alotMatter/00117267_2026_11012.json,3fb4523f9cf0be13a51778d8783a094b2e7a0e69f767e709716b4e18a965bbe4,10
,,,00117267,동양생명보험,2026,11012,반기보고서,IFRS17,E,"124,494","보고서 사업연도 >= 2023 이면 IFRS17, 아니면 IFRS4","314,293",(연결)당기순이익(백만원),2026-06-30,-,"91,930",api,alotMatter,"{""bsns_year"": ""2026"", ""corp_code"": ""00117267"", ""reprt_code"": ""11012""}",20260831001171,api_row,2026-08-31T15:52:45+09:00,000,run_20260831_152517_0729,raw/alotMatter/00117267_2026_11012.json,3fb4523f9cf0be13a51778d8783a094b2e7a0e69f767e709716b4e18a965bbe4,10
,,,00117267,동양생명보험,2026,11012,반기보고서,IFRS17,E,"65,837","보고서 사업연도 >= 2023 이면 IFRS17, 아니면 IFRS4","310,158",(별도)당기순이익(백만원),2026-06-30,-,"95,827",api,alotMatter,"{""bsns_year"": ""2026"", ""corp_code"": ""00117267"", ""reprt_code"": ""11012""}",20260831001171,api_row,2026-08-31T15:52:45+09:00,000,run_20260831_152517_0729,raw/alotMatter/00117267_2026_11012.json,3fb4523f9cf0be13a51778d8783a094b2e7a0e69f767e709716b4e18a965bbe4,10
,,,00117267,동양생명보험,2026,11012,반기보고서,IFRS17,E,798,"보고서 사업연도 >= 2023 이면 IFRS17, 아니면 IFRS4","2,015",(연결)주당순이익(원),2026-06-30,-,589,api,alotMatter,"{""bsns_year"": ""2026"", ""corp_code"": ""00117267"", ""reprt_code"": ""11012""}",20260831001171,api_row,2026-08-31T15:52:45+09:00,000,run_20260831_152517_0729,raw/alotMatter/00117267_2026_11012.json,3fb4523f9cf0be13a51778d8783a094b2e7a0e69f767e709716b4e18a965bbe4,10
,,,00117267,동양생명보험,2026,11012,반기보고서,IFRS17,E,-,"보고서 사업연도 >= 2023 이면 IFRS17, 아니면 IFRS4",-,현금배당금총액(백만원),2026-06-30,-,-,api,alotMatter,"{""bsns_year"": ""2026"", ""corp_code"": ""00117267"", ""reprt_code"": ""11012""}",20260831001171,api_row,2026-08-31T15:52:45+09:00,000,run_20260831_152517_0729,raw/alotMatter/00117267_2026_11012.json,3fb4523f9cf0be13a51778d8783a094b2e7a0e69f767e709716b4e18a965bbe4,10
,,,00117267,동양생명보험,2026,11012,반기보고서,IFRS17,E,-,"보고서 사업연도 >= 2023 이면 IFRS17, 아니면 IFRS4",-,주식배당금총액(백만원),2026-06-30,-,-,api,alotMatter,"{""bsns_year"": ""2026"", ""corp_code"": ""00117267"", ""reprt_code"": ""11012""}",20260831001171,api_row,2026-08-31T15:52:45+09:00,000,run_20260831_152517_0729,raw/alotMatter/00117267_2026_11012.json,3fb4523f9cf0be13a51778d8783a094b2e7a0e69f767e709716b4e18a965bbe4,10
,,,00117267,동양생명보험,2026,11012,반기보고서,IFRS17,E,-,"보고서 사업연도 >= 2023 이면 IFRS17, 아니면 IFRS4",-,(연결)현금배당성향(%),2026-06-30,-,-,api,alotMatter,"{""bsns_year"": ""2026"", ""corp_code"": ""00117267"", ""reprt_code"": ""11012""}",20260831001171,api_row,2026-08-31T15:52:45+09:00,000,run_20260831_152517_0729,raw/alotMatter/00117267_2026_11012.json,3fb4523f9cf0be13a51778d8783a094b2e7a0e69f767e709716b4e18a965bbe4,10
,,,00117267,동양생명보험,2026,11012,반기보고서,IFRS17,E,-,"보고서 사업연도 >= 2023 이면 IFRS17, 아니면 IFRS4",-,현금배당수익률(%),2026-06-30,보통주,-,api,alotMatter,"{""bsns_year"": ""2026"", ""corp_code"": ""00117267"", ""reprt_code"": ""11012""}",20260831001171,api_row,2026-08-31T15:52:45+09:00,000,run_20260831_152517_0729,raw/alotMatter/00117267_2026_11012.json,3fb4523f9cf0be13a51778d8783a094b2e7a0e69f767e709716b4e18a965bbe4,10
,,,00117267,동양생명보험,2026,11012,반기보고서,IFRS17,E,-,"보고서 사업연도 >= 2023 이면 IFRS17, 아니면 IFRS4",-,현금배당수익률(%),2026-06-30,우선주,-,api,alotMatter,"{""bsns_year"": ""2026"", ""corp_code"": ""00117267"", ""reprt_code"": ""11012""}",20260831001171,api_row,2026-08-31T15:52:45+09:00,000,run_20260831_152517_0729,raw/alotMatter/00117267_2026_11012.json,3fb4523f9cf0be13a51778d8783a094b2e7a0e69f767e709716b4e18a965bbe4,10
,,,00117267,동양생명보험,2026,11012,반기보고서,IFRS17,E,-,"보고서 사업연도 >= 2023 이면 IFRS17, 아니면 IFRS4",-,주식배당수익률(%),2026-06-30,보통주,-,api,alotMatter,"{""bsns_year"": ""2026"", ""corp_code"": ""00117267"", ""reprt_code"": ""11012""}",20260831001171,api_row,2026-08-31T15:52:45+09:00,000,run_20260831_152517_0729,raw/alotMatter/00117267_2026_11012.json,3fb4523f9cf0be13a51778d8783a094b2e7a0e69f767e709716b4e18a965bbe4,10
,,,00117267,동양생명보험,2026,11012,반기보고서,IFRS17,E,-,"보고서 사업연도 >= 2023 이면 IFRS17, 아니면 IFRS4",-,주식배당수익률(%),2026-06-30,우선주,-,api,alotMatter,"{""bsns_year"": ""2026"", ""corp_code"": ""00117267"", ""reprt_code"": ""11012""}",20260831001171,api_row,2026-08-31T15:52:45+09:00,000,run_20260831_152517_0729,raw/alotMatter/00117267_2026_11012.json,3fb4523f9cf0be13a51778d8783a094b2e7a0e69f767e709716b4e18a965bbe4,10
,,,00117267,동양생명보험,2026,11012,반기보고서,IFRS17,E,-,"보고서 사업연도 >= 2023 이면 IFRS17, 아니면 IFRS4",-,주당 현금배당금(원),2026-06-30,보통주,-,api,alotMatter,"{""bsns_year"": ""2026"", ""corp_code"": ""00117267"", ""reprt_code"": ""11012""}",20260831001171,api_row,2026-08-31T15:52:45+09:00,000,run_20260831_152517_0729,raw/alotMatter/00117267_2026_11012.json,3fb4523f9cf0be13a51778d8783a094b2e7a0e69f767e709716b4e18a965bbe4,10
,,,00117267,동양생명보험,2026,11012,반기보고서,IFRS17,E,-,"보고서 사업연도 >= 2023 이면 IFRS17, 아니면 IFRS4",-,주당 현금배당금(원),2026-06-30,우선주,-,api,alotMatter,"{""bsns_year"": ""2026"", ""corp_code"": ""00117267"", ""reprt_code"": ""11012""}",20260831001171,api_row,2026-08-31T15:52:45+09:00,000,run_20260831_152517_0729,raw/alotMatter/00117267_2026_11012.json,3fb4523f9cf0be13a51778d8783a094b2e7a0e69f767e709716b4e18a965bbe4,10
,,,00117267,동양생명보험,2026,11012,반기보고서,IFRS17,E,-,"보고서 사업연도 >= 2023 이면 IFRS17, 아니면 IFRS4",-,주당 주식배당(주),2026-06-30,보통주,-,api,alotMatter,"{""bsns_year"": ""2026"", ""corp_code"": ""00117267"", ""reprt_code"": ""11012""}",20260831001171,api_row,2026-08-31T15:52:45+09:00,000,run_20260831_152517_0729,raw/alotMatter/00117267_2026_11012.json,3fb4523f9cf0be13a51778d8783a094b2e7a0e69f767e709716b4e18a965bbe4,10
,,,00117267,동양생명보험,2026,11012,반기보고서,IFRS17,E,-,"보고서 사업연도 >= 2023 이면 IFRS17, 아니면 IFRS4",-,주당 주식배당(주),2026-06-30,우선주 ,-,api,alotMatter,"{""bsns_year"": ""2026"", ""corp_code"": ""00117267"", ""reprt_code"": ""11012""}",20260831001171,api_row,2026-08-31T15:52:45+09:00,000,run_20260831_152517_0729,raw/alotMatter/00117267_2026_11012.json,3fb4523f9cf0be13a51778d8783a094b2e7a0e69f767e709716b4e18a965bbe4,10
,,,00120216,KB손해보험,2026,11012,반기보고서,IFRS17,E,500,"보고서 사업연도 >= 2023 이면 IFRS17, 아니면 IFRS4",500,주당액면가액(원),2026-06-30,-,500,api,alotMatter,"{""bsns_year"": ""2026"", ""corp_code"": ""00120216"", ""reprt_code"": ""11012""}",20260831001102,api_row,2026-08-31T16:02:47+09:00,000,run_20260831_152517_0977,raw/alotMatter/00120216_2026_11012.json,7d804f6a52ca4bdd1267c51224f8ad633e24eaf53084c1d45c9197b253cf0c54,10
,,,00120216,KB손해보험,2026,11012,반기보고서,IFRS17,E,"774,969","보고서 사업연도 >= 2023 이면 IFRS17, 아니면 IFRS4","835,810",(연결)당기순이익(백만원),2026-06-30,-,"482,522",api,alotMatter,"{""bsns_year"": ""2026"", ""corp_code"": ""00120216"", ""reprt_code"": ""11012""}",20260831001102,api_row,2026-08-31T16:02:47+09:00,000,run_20260831_152517_0977,raw/alotMatter/00120216_2026_11012.json,7d804f6a52ca4bdd1267c51224f8ad633e24eaf53084c1d45c9197b253cf0c54,10
,,,00120216,KB손해보험,2026,11012,반기보고서,IFRS17,E,"781,077","보고서 사업연도 >= 2023 이면 IFRS17, 아니면 IFRS4","856,749",(별도)당기순이익(백만원),2026-06-30,-,"499,048",api,alotMatter,"{""bsns_year"": ""2026"", ""corp_code"": ""00120216"", ""reprt_code"": ""11012""}",20260831001102,api_row,2026-08-31T16:02:47+09:00,000,run_20260831_152517_0977,raw/alotMatter/00120216_2026_11012.json,7d804f6a52ca4bdd1267c51224f8ad633e24eaf53084c1d45c9197b253cf0c54,10
,,,00120216,KB손해보험,2026,11012,반기보고서,IFRS17,E,"11,654","보고서 사업연도 >= 2023 이면 IFRS17, 아니면 IFRS4","12,569",(연결)주당순이익(원),2026-06-30,-,"7,256",api,alotMatter,"{""bsns_year"": ""2026"", ""corp_code"": ""00120216"", ""reprt_code"": ""11012""}",20260831001102,api_row,2026-08-31T16:02:47+09:00,000,run_20260831_152517_0977,raw/alotMatter/00120216_2026_11012.json,7d804f6a52ca4bdd1267c51224f8ad633e24eaf53084c1d45c9197b253cf0c54,10
,,,00120216,KB손해보험,2026,11012,반기보고서,IFRS17,E,-,"보고서 사업연도 >= 2023 이면 IFRS17, 아니면 IFRS4","550,000",현금배당금총액(백만원),2026-06-30,-,-,api,alotMatter,"{""bsns_year"": ""2026"", ""corp_code"": ""00120216"", ""reprt_code"": ""11012""}",20260831001102,api_row,2026-08-31T16:02:47+09:00,000,run_20260831_152517_0977,raw/alotMatter/00120216_2026_11012.json,7d804f6a52ca4bdd1267c51224f8ad633e24eaf53084c1d45c9197b253cf0c54,10
,,,00120216,KB손해보험,2026,11012,반기보고서,IFRS17,E,-,"보고서 사업연도 >= 2023 이면 IFRS17, 아니면 IFRS4",-,주식배당금총액(백만원),2026-06-30,-,-,api,alotMatter,"{""bsns_year"": ""2026"", ""corp_code"": ""00120216"", ""reprt_code"": ""11012""}",20260831001102,api_row,2026-08-31T16:02:47+09:00,000,run_20260831_152517_0977,raw/alotMatter/00120216_2026_11012.json,7d804f6a52ca4bdd1267c51224f8ad633e24eaf53084c1d45c9197b253cf0c54,10
,,,00120216,KB손해보험,2026,11012,반기보고서,IFRS17,E,-,"보고서 사업연도 >= 2023 이면 IFRS17, 아니면 IFRS4",65.80,(연결)현금배당성향(%),2026-06-30,-,-,api,alotMatter,"{""bsns_year"": ""2026"", ""corp_code"": ""00120216"", ""reprt_code"": ""11012""}",20260831001102,api_row,2026-08-31T16:02:47+09:00,000,run_20260831_152517_0977,raw/alotMatter/00120216_2026_11012.json,7d804f6a52ca4bdd1267c51224f8ad633e24eaf53084c1d45c9197b253cf0c54,10
,,,00120216,KB손해보험,2026,11012,반기보고서,IFRS17,E,-,"보고서 사업연도 >= 2023 이면 IFRS17, 아니면 IFRS4",-,현금배당수익률(%),2026-06-30,-,-,api,alotMatter,"{""bsns_year"": ""2026"", ""corp_code"": ""00120216"", ""reprt_code"": ""11012""}",20260831001102,api_row,2026-08-31T16:02:47+09:00,000,run_20260831_152517_0977,raw/alotMatter/00120216_2026_11012.json,7d804f6a52ca4bdd1267c51224f8ad633e24eaf53084c1d45c9197b253cf0c54,10
,,,00120216,KB손해보험,2026,11012,반기보고서,IFRS17,E,-,"보고서 사업연도 >= 2023 이면 IFRS17, 아니면 IFRS4",-,현금배당수익률(%),2026-06-30,-,-,api,alotMatter,"{""bsns_year"": ""2026"", ""corp_code"": ""00120216"", ""reprt_code"": ""11012""}",20260831001102,api_row,2026-08-31T16:02:47+09:00,000,run_20260831_152517_0977,raw/alotMatter/00120216_2026_11012.json,7d804f6a52ca4bdd1267c51224f8ad633e24eaf53084c1d45c9197b253cf0c54,10
,,,00120216,KB손해보험,2026,11012,반기보고서,IFRS17,E,-,"보고서 사업연도 >= 2023 이면 IFRS17, 아니면 IFRS4",-,주식배당수익률(%),2026-06-30,-,-,api,alotMatter,"{""bsns_year"": ""2026"", ""corp_code"": ""00120216"", ""reprt_code"": ""11012""}",20260831001102,api_row,2026-08-31T16:02:47+09:00,000,run_20260831_152517_0977,raw/alotMatter/00120216_2026_11012.json,7d804f6a52ca4bdd1267c51224f8ad633e24eaf53084c1d45c9197b253cf0c54,10
,,,00120216,KB손해보험,2026,11012,반기보고서,IFRS17,E,-,"보고서 사업연도 >= 2023 이면 IFRS17, 아니면 IFRS4",-,주식배당수익률(%),2026-06-30,-,-,api,alotMatter,"{""bsns_year"": ""2026"", ""corp_code"": ""00120216"", ""reprt_code"": ""11012""}",20260831001102,api_row,2026-08-31T16:02:47+09:00,000,run_20260831_152517_0977,raw/alotMatter/00120216_2026_11012.json,7d804f6a52ca4bdd1267c51224f8ad633e24eaf53084c1d45c9197b253cf0c54,10
,,,00120216,KB손해보험,2026,11012,반기보고서,IFRS17,E,-,"보고서 사업연도 >= 2023 이면 IFRS17, 아니면 IFRS4","8,270",주당 현금배당금(원),2026-06-30,-,-,api,alotMatter,"{""bsns_year"": ""2026"", ""corp_code"": ""00120216"", ""reprt_code"": ""11012""}",20260831001102,api_row,2026-08-31T16:02:47+09:00,000,run_20260831_152517_0977,raw/alotMatter/00120216_2026_11012.json,7d804f6a52ca4bdd1267c51224f8ad633e24eaf53084c1d45c9197b253cf0c54,10
,,,00120216,KB손해보험,2026,11012,반기보고서,IFRS17,E,-,"보고서 사업연도 >= 2023 이면 IFRS17, 아니면 IFRS4",-,주당 현금배당금(원),2026-06-30,-,-,api,alotMatter,"{""bsns_year"": ""2026"", ""corp_code"": ""00120216"", ""reprt_code"": ""11012""}",20260831001102,api_row,2026-08-31T16:02:47+09:00,000,run_20260831_152517_0977,raw/alotMatter/00120216_2026_11012.json,7d804f6a52ca4bdd1267c51224f8ad633e24eaf53084c1d45c9197b253cf0c54,10
,,,00120216,KB손해보험,2026,11012,반기보고서,IFRS17,E,-,"보고서 사업연도 >= 2023 이면 IFRS17, 아니면 IFRS4",-,주당 주식배당(주),2026-06-30,-,-,api,alotMatter,"{""bsns_year"": ""2026"", ""corp_code"": ""00120216"", ""reprt_code"": ""11012""}",20260831001102,api_row,2026-08-31T16:02:47+09:00,000,run_20260831_152517_0977,raw/alotMatter/00120216_2026_11012.json,7d804f6a52ca4bdd1267c51224f8ad633e24eaf53084c1d45c9197b253cf0c54,10
,,,00120216,KB손해보험,2026,11012,반기보고서,IFRS17,E,-,"보고서 사업연도 >= 2023 이면 IFRS17, 아니면 IFRS4",-,주당 주식배당(주),2026-06-30,-,-,api,alotMatter,"{""bsns_year"": ""2026"", ""corp_code"": ""00120216"", ""reprt_code"": ""11012""}",20260831001102,api_row,2026-08-31T16:02:47+09:00,000,run_20260831_152517_0977,raw/alotMatter/00120216_2026_11012.json,7d804f6a52ca4bdd1267c51224f8ad633e24eaf53084c1d45c9197b253cf0c54,10
,,,00135917,한화손해보험,2026,11012,반기보고서,IFRS17,Y,"5,000","보고서 사업연도 >= 2023 이면 IFRS17, 아니면 IFRS4","5,000",주당액면가액(원),2026-06-30,-,"5,000",api,alotMatter,"{""bsns_year"": ""2026"", ""corp_code"": ""00135917"", ""reprt_code"": ""11012""}",20260831001182,api_row,2026-08-31T15:55:52+09:00,000,run_20260831_152517_0791,raw/alotMatter/00135917_2026_11012.json,bbe5b729312e14aadaf1cdc3cde7b053f3647f4655b7e63a9f875d4bc804a831,10
,,,00135917,한화손해보험,2026,11012,반기보고서,IFRS17,Y,"299,017","보고서 사업연도 >= 2023 이면 IFRS17, 아니면 IFRS4","343,006",(연결)당기순이익(백만원),2026-06-30,-,"223,767",api,alotMatter,"{""bsns_year"": ""2026"", ""corp_code"": ""00135917"", ""reprt_code"": ""11012""}",20260831001182,api_row,2026-08-31T15:55:52+09:00,000,run_20260831_152517_0791,raw/alotMatter/00135917_2026_11012.json,bbe5b729312e14aadaf1cdc3cde7b053f3647f4655b7e63a9f875d4bc804a831,10
,,,00135917,한화손해보험,2026,11012,반기보고서,IFRS17,Y,"361,059","보고서 사업연도 >= 2023 이면 IFRS17, 아니면 IFRS4","382,276",(별도)당기순이익(백만원),2026-06-30,-,"215,336",api,alotMatter,"{""bsns_year"": ""2026"", ""corp_code"": ""00135917"", ""reprt_code"": ""11012""}",20260831001182,api_row,2026-08-31T15:55:52+09:00,000,run_20260831_152517_0791,raw/alotMatter/00135917_2026_11012.json,bbe5b729312e14aadaf1cdc3cde7b053f3647f4655b7e63a9f875d4bc804a831,10
,,,00135917,한화손해보험,2026,11012,반기보고서,IFRS17,Y,"1,858","보고서 사업연도 >= 2023 이면 IFRS17, 아니면 IFRS4","2,121",(연결)주당순이익(원),2026-06-30,-,"1,401",api,alotMatter,"{""bsns_year"": ""2026"", ""corp_code"": ""00135917"", ""reprt_code"": ""11012""}",20260831001182,api_row,2026-08-31T15:55:52+09:00,000,run_20260831_152517_0791,raw/alotMatter/00135917_2026_11012.json,bbe5b729312e14aadaf1cdc3cde7b053f3647f4655b7e63a9f875d4bc804a831,10
,,,00135917,한화손해보험,2026,11012,반기보고서,IFRS17,Y,-,"보고서 사업연도 >= 2023 이면 IFRS17, 아니면 IFRS4",-,현금배당금총액(백만원),2026-06-30,-,-,api,alotMatter,"{""bsns_year"": ""2026"", ""corp_code"": ""00135917"", ""reprt_code"": ""11012""}",20260831001182,api_row,2026-08-31T15:55:52+09:00,000,run_20260831_152517_0791,raw/alotMatter/00135917_2026_11012.json,bbe5b729312e14aadaf1cdc3cde7b053f3647f4655b7e63a9f875d4bc804a831,10
,,,00135917,한화손해보험,2026,11012,반기보고서,IFRS17,Y,-,"보고서 사업연도 >= 2023 이면 IFRS17, 아니면 IFRS4",-,주식배당금총액(백만원),2026-06-30,-,-,api,alotMatter,"{""bsns_year"": ""2026"", ""corp_code"": ""00135917"", ""reprt_code"": ""11012""}",20260831001182,api_row,2026-08-31T15:55:52+09:00,000,run_20260831_152517_0791,raw/alotMatter/00135917_2026_11012.json,bbe5b729312e14aadaf1cdc3cde7b053f3647f4655b7e63a9f875d4bc804a831,10
,,,00135917,한화손해보험,2026,11012,반기보고서,IFRS17,Y,-,"보고서 사업연도 >= 2023 이면 IFRS17, 아니면 IFRS4",-,(연결)현금배당성향(%),2026-06-30,-,-,api,alotMatter,"{""bsns_year"": ""2026"", ""corp_code"": ""00135917"", ""reprt_code"": ""11012""}",20260831001182,api_row,2026-08-31T15:55:52+09:00,000,run_20260831_152517_0791,raw/alotMatter/00135917_2026_11012.json,bbe5b729312e14aadaf1cdc3cde7b053f3647f4655b7e63a9f875d4bc804a831,10
,,,00135917,한화손해보험,2026,11012,반기보고서,IFRS17,Y,-,"보고서 사업연도 >= 2023 이면 IFRS17, 아니면 IFRS4",-,현금배당수익률(%),2026-06-30,보통주식,-,api,alotMatter,"{""bsns_year"": ""2026"", ""corp_code"": ""00135917"", ""reprt_code"": ""11012""}",20260831001182,api_row,2026-08-31T15:55:52+09:00,000,run_20260831_152517_0791,raw/alotMatter/00135917_2026_11012.json,bbe5b729312e14aadaf1cdc3cde7b053f3647f4655b7e63a9f875d4bc804a831,10
,,,00135917,한화손해보험,2026,11012,반기보고서,IFRS17,Y,-,"보고서 사업연도 >= 2023 이면 IFRS17, 아니면 IFRS4",-,현금배당수익률(%),2026-06-30,종류주식,-,api,alotMatter,"{""bsns_year"": ""2026"", ""corp_code"": ""00135917"", ""reprt_code"": ""11012""}",20260831001182,api_row,2026-08-31T15:55:52+09:00,000,run_20260831_152517_0791,raw/alotMatter/00135917_2026_11012.json,bbe5b729312e14aadaf1cdc3cde7b053f3647f4655b7e63a9f875d4bc804a831,10
,,,00135917,한화손해보험,2026,11012,반기보고서,IFRS17,Y,-,"보고서 사업연도 >= 2023 이면 IFRS17, 아니면 IFRS4",-,주식배당수익률(%),2026-06-30,보통주식,-,api,alotMatter,"{""bsns_year"": ""2026"", ""corp_code"": ""00135917"", ""reprt_code"": ""11012""}",20260831001182,api_row,2026-08-31T15:55:52+09:00,000,run_20260831_152517_0791,raw/alotMatter/00135917_2026_11012.json,bbe5b729312e14aadaf1cdc3cde7b053f3647f4655b7e63a9f875d4bc804a831,10
,,,00135917,한화손해보험,2026,11012,반기보고서,IFRS17,Y,-,"보고서 사업연도 >= 2023 이면 IFRS17, 아니면 IFRS4",-,주식배당수익률(%),2026-06-30,종류주식,-,api,alotMatter,"{""bsns_year"": ""2026"", ""corp_code"": ""00135917"", ""reprt_code"": ""11012""}",20260831001182,api_row,2026-08-31T15:55:52+09:00,000,run_20260831_152517_0791,raw/alotMatter/00135917_2026_11012.json,bbe5b729312e14aadaf1cdc3cde7b053f3647f4655b7e63a9f875d4bc804a831,10
,,,00135917,한화손해보험,2026,11012,반기보고서,IFRS17,Y,-,"보고서 사업연도 >= 2023 이면 IFRS17, 아니면 IFRS4",-,주당 현금배당금(원),2026-06-30,보통주식,-,api,alotMatter,"{""bsns_year"": ""2026"", ""corp_code"": ""00135917"", ""reprt_code"": ""11012""}",20260831001182,api_row,2026-08-31T15:55:52+09:00,000,run_20260831_152517_0791,raw/alotMatter/00135917_2026_11012.json,bbe5b729312e14aadaf1cdc3cde7b053f3647f4655b7e63a9f875d4bc804a831,10
,,,00135917,한화손해보험,2026,11012,반기보고서,IFRS17,Y,-,"보고서 사업연도 >= 2023 이면 IFRS17, 아니면 IFRS4",-,주당 현금배당금(원),2026-06-30,종류주식,-,api,alotMatter,"{""bsns_year"": ""2026"", ""corp_code"": ""00135917"", ""reprt_code"": ""11012""}",20260831001182,api_row,2026-08-31T15:55:52+09:00,000,run_20260831_152517_0791,raw/alotMatter/00135917_2026_11012.json,bbe5b729312e14aadaf1cdc3cde7b053f3647f4655b7e63a9f875d4bc804a831,10
,,,00135917,한화손해보험,2026,11012,반기보고서,IFRS17,Y,-,"보고서 사업연도 >= 2023 이면 IFRS17, 아니면 IFRS4",-,주당 주식배당(주),2026-06-30,보통주식,-,api,alotMatter,"{""bsns_year"": ""2026"", ""corp_code"": ""00135917"", ""reprt_code"": ""11012""}",20260831001182,api_row,2026-08-31T15:55:52+09:00,000,run_20260831_152517_0791,raw/alotMatter/00135917_2026_11012.json,bbe5b729312e14aadaf1cdc3cde7b053f3647f4655b7e63a9f875d4bc804a831,10
,,,00135917,한화손해보험,2026,11012,반기보고서,IFRS17,Y,-,"보고서 사업연도 >= 2023 이면 IFRS17, 아니면 IFRS4",-,주당 주식배당(주),2026-06-30,종류주식,-,api,alotMatter,"{""bsns_year"": ""2026"", ""corp_code"": ""00135917"", ""reprt_code"": ""11012""}",20260831001182,api_row,2026-08-31T15:55:52+09:00,000,run_20260831_152517_0791,raw/alotMatter/00135917_2026_11012.json,bbe5b729312e14aadaf1cdc3cde7b053f3647f4655b7e63a9f875d4bc804a831,10
,,,00137517,신한라이프생명보험,2026,11012,반기보고서,IFRS17,E,"5,000","보고서 사업연도 >= 2023 이면 IFRS17, 아니면 IFRS4","5,000",주당액면가액(원),2026-06-30,-,"5,000",api,alotMatter,"{""bsns_year"": ""2026"", ""corp_code"": ""00137517"", ""reprt_code"": ""11012""}",20260814001090,api_row,2026-08-31T15:58:40+09:00,000,run_20260831_152517_0853,raw/alotMatter/00137517_2026_11012.json,e6e171fbf1dd4a4b30bee51626adeca21c0fff5f7c2073c779c88fee4fc42258,10
,,,00137517,신한라이프생명보험,2026,11012,반기보고서,IFRS17,E,"507,708","보고서 사업연도 >= 2023 이면 IFRS17, 아니면 IFRS4","528,401",(연결)당기순이익(백만원),2026-06-30,-,"290,636",api,alotMatter,"{""bsns_year"": ""2026"", ""corp_code"": ""00137517"", ""reprt_code"": ""11012""}",20260814001090,api_row,2026-08-31T15:58:40+09:00,000,run_20260831_152517_0853,raw/alotMatter/00137517_2026_11012.json,e6e171fbf1dd4a4b30bee51626adeca21c0fff5f7c2073c779c88fee4fc42258,10
,,,00137517,신한라이프생명보험,2026,11012,반기보고서,IFRS17,E,"515,916","보고서 사업연도 >= 2023 이면 IFRS17, 아니면 IFRS4","533,681",(별도)당기순이익(백만원),2026-06-30,-,"303,989",api,alotMatter,"{""bsns_year"": ""2026"", ""corp_code"": ""00137517"", ""reprt_code"": ""11012""}",20260814001090,api_row,2026-08-31T15:58:40+09:00,000,run_20260831_152517_0853,raw/alotMatter/00137517_2026_11012.json,e6e171fbf1dd4a4b30bee51626adeca21c0fff5f7c2073c779c88fee4fc42258,10
,,,00137517,신한라이프생명보험,2026,11012,반기보고서,IFRS17,E,"4,333","보고서 사업연도 >= 2023 이면 IFRS17, 아니면 IFRS4","4,475",(연결)주당순이익(원),2026-06-30,-,"2,513",api,alotMatter,"{""bsns_year"": ""2026"", ""corp_code"": ""00137517"", ""reprt_code"": ""11012""}",20260814001090,api_row,2026-08-31T15:58:40+09:00,000,run_20260831_152517_0853,raw/alotMatter/00137517_2026_11012.json,e6e171fbf1dd4a4b30bee51626adeca21c0fff5f7c2073c779c88fee4fc42258,10
,,,00137517,신한라이프생명보험,2026,11012,반기보고서,IFRS17,E,-,"보고서 사업연도 >= 2023 이면 IFRS17, 아니면 IFRS4","528,311",현금배당금총액(백만원),2026-06-30,-,-,api,alotMatter,"{""bsns_year"": ""2026"", ""corp_code"": ""00137517"", ""reprt_code"": ""11012""}",20260814001090,api_row,2026-08-31T15:58:40+09:00,000,run_20260831_152517_0853,raw/alotMatter/00137517_2026_11012.json,e6e171fbf1dd4a4b30bee51626adeca21c0fff5f7c2073c779c88fee4fc42258,10
,,,00137517,신한라이프생명보험,2026,11012,반기보고서,IFRS17,E,-,"보고서 사업연도 >= 2023 이면 IFRS17, 아니면 IFRS4",-,주식배당금총액(백만원),2026-06-30,-,-,api,alotMatter,"{""bsns_year"": ""2026"", ""corp_code"": ""00137517"", ""reprt_code"": ""11012""}",20260814001090,api_row,2026-08-31T15:58:40+09:00,000,run_20260831_152517_0853,raw/alotMatter/00137517_2026_11012.json,e6e171fbf1dd4a4b30bee51626adeca21c0fff5f7c2073c779c88fee4fc42258,10
,,,00137517,신한라이프생명보험,2026,11012,반기보고서,IFRS17,E,-,"보고서 사업연도 >= 2023 이면 IFRS17, 아니면 IFRS4",99.98,(연결)현금배당성향(%),2026-06-30,-,-,api,alotMatter,"{""bsns_year"": ""2026"", ""corp_code"": ""00137517"", ""reprt_code"": ""11012""}",20260814001090,api_row,2026-08-31T15:58:40+09:00,000,run_20260831_152517_0853,raw/alotMatter/00137517_2026_11012.json,e6e171fbf1dd4a4b30bee51626adeca21c0fff5f7c2073c779c88fee4fc42258,10
,,,00137517,신한라이프생명보험,2026,11012,반기보고서,IFRS17,E,-,"보고서 사업연도 >= 2023 이면 IFRS17, 아니면 IFRS4",-,현금배당수익률(%),2026-06-30,-,-,api,alotMatter,"{""bsns_year"": ""2026"", ""corp_code"": ""00137517"", ""reprt_code"": ""11012""}",20260814001090,api_row,2026-08-31T15:58:40+09:00,000,run_20260831_152517_0853,raw/alotMatter/00137517_2026_11012.json,e6e171fbf1dd4a4b30bee51626adeca21c0fff5f7c2073c779c88fee4fc42258,10
,,,00137517,신한라이프생명보험,2026,11012,반기보고서,IFRS17,E,-,"보고서 사업연도 >= 2023 이면 IFRS17, 아니면 IFRS4",-,현금배당수익률(%),2026-06-30,-,-,api,alotMatter,"{""bsns_year"": ""2026"", ""corp_code"": ""00137517"", ""reprt_code"": ""11012""}",20260814001090,api_row,2026-08-31T15:58:40+09:00,000,run_20260831_152517_0853,raw/alotMatter/00137517_2026_11012.json,e6e171fbf1dd4a4b30bee51626adeca21c0fff5f7c2073c779c88fee4fc42258,10
,,,00137517,신한라이프생명보험,2026,11012,반기보고서,IFRS17,E,-,"보고서 사업연도 >= 2023 이면 IFRS17, 아니면 IFRS4",-,주식배당수익률(%),2026-06-30,-,-,api,alotMatter,"{""bsns_year"": ""2026"", ""corp_code"": ""00137517"", ""reprt_code"": ""11012""}",20260814001090,api_row,2026-08-31T15:58:40+09:00,000,run_20260831_152517_0853,raw/alotMatter/00137517_2026_11012.json,e6e171fbf1dd4a4b30bee51626adeca21c0fff5f7c2073c779c88fee4fc42258,10
,,,00137517,신한라이프생명보험,2026,11012,반기보고서,IFRS17,E,-,"보고서 사업연도 >= 2023 이면 IFRS17, 아니면 IFRS4",-,주식배당수익률(%),2026-06-30,-,-,api,alotMatter,"{""bsns_year"": ""2026"", ""corp_code"": ""00137517"", ""reprt_code"": ""11012""}",20260814001090,api_row,2026-08-31T15:58:40+09:00,000,run_20260831_152517_0853,raw/alotMatter/00137517_2026_11012.json,e6e171fbf1dd4a4b30bee51626adeca21c0fff5f7c2073c779c88fee4fc42258,10
,,,00137517,신한라이프생명보험,2026,11012,반기보고서,IFRS17,E,-,"보고서 사업연도 >= 2023 이면 IFRS17, 아니면 IFRS4","4,568",주당 현금배당금(원),2026-06-30,-,-,api,alotMatter,"{""bsns_year"": ""2026"", ""corp_code"": ""00137517"", ""reprt_code"": ""11012""}",20260814001090,api_row,2026-08-31T15:58:40+09:00,000,run_20260831_152517_0853,raw/alotMatter/00137517_2026_11012.json,e6e171fbf1dd4a4b30bee51626adeca21c0fff5f7c2073c779c88fee4fc42258,10
,,,00137517,신한라이프생명보험,2026,11012,반기보고서,IFRS17,E,-,"보고서 사업연도 >= 2023 이면 IFRS17, 아니면 IFRS4",-,주당 현금배당금(원),2026-06-30,-,-,api,alotMatter,"{""bsns_year"": ""2026"", ""corp_code"": ""00137517"", ""reprt_code"": ""11012""}",20260814001090,api_row,2026-08-31T15:58:40+09:00,000,run_20260831_152517_0853,raw/alotMatter/00137517_2026_11012.json,e6e171fbf1dd4a4b30bee51626adeca21c0fff5f7c2073c779c88fee4fc42258,10
,,,00137517,신한라이프생명보험,2026,11012,반기보고서,IFRS17,E,-,"보고서 사업연도 >= 2023 이면 IFRS17, 아니면 IFRS4",-,주당 주식배당(주),2026-06-30,-,-,api,alotMatter,"{""bsns_year"": ""2026"", ""corp_code"": ""00137517"", ""reprt_code"": ""11012""}",20260814001090,api_row,2026-08-31T15:58:40+09:00,000,run_20260831_152517_0853,raw/alotMatter/00137517_2026_11012.json,e6e171fbf1dd4a4b30bee51626adeca21c0fff5f7c2073c779c88fee4fc42258,10
,,,00137517,신한라이프생명보험,2026,11012,반기보고서,IFRS17,E,-,"보고서 사업연도 >= 2023 이면 IFRS17, 아니면 IFRS4",-,주당 주식배당(주),2026-06-30,-,-,api,alotMatter,"{""bsns_year"": ""2026"", ""corp_code"": ""00137517"", ""reprt_code"": ""11012""}",20260814001090,api_row,2026-08-31T15:58:40+09:00,000,run_20260831_152517_0853,raw/alotMatter/00137517_2026_11012.json,e6e171fbf1dd4a4b30bee51626adeca21c0fff5f7c2073c779c88fee4fc42258,10
,,,00148391,에이비엘생명보험,2026,11012,반기보고서,IFRS17,E,"5,000","보고서 사업연도 >= 2023 이면 IFRS17, 아니면 IFRS4","5,000",주당액면가액(원),2026-06-30,-,"5,000",api,alotMatter,"{""bsns_year"": ""2026"", ""corp_code"": ""00148391"", ""reprt_code"": ""11012""}",20260831000754,api_row,2026-08-31T16:08:32+09:00,000,run_20260831_152517_1163,raw/alotMatter/00148391_2026_11012.json,96e4182b248be00630789cc1b946957899eb107dfdf02d090e63da598d213676,10
,,,00148391,에이비엘생명보험,2026,11012,반기보고서,IFRS17,E,"33,724","보고서 사업연도 >= 2023 이면 IFRS17, 아니면 IFRS4","105,104",(연결)당기순이익(백만원),2026-06-30,-,"36,474",api,alotMatter,"{""bsns_year"": ""2026"", ""corp_code"": ""00148391"", ""reprt_code"": ""11012""}",20260831000754,api_row,2026-08-31T16:08:32+09:00,000,run_20260831_152517_1163,raw/alotMatter/00148391_2026_11012.json,96e4182b248be00630789cc1b946957899eb107dfdf02d090e63da598d213676,10
,,,00148391,에이비엘생명보험,2026,11012,반기보고서,IFRS17,E,"29,978","보고서 사업연도 >= 2023 이면 IFRS17, 아니면 IFRS4","104,782",(별도)당기순이익(백만원),2026-06-30,-,"37,549",api,alotMatter,"{""bsns_year"": ""2026"", ""corp_code"": ""00148391"", ""reprt_code"": ""11012""}",20260831000754,api_row,2026-08-31T16:08:32+09:00,000,run_20260831_152517_1163,raw/alotMatter/00148391_2026_11012.json,96e4182b248be00630789cc1b946957899eb107dfdf02d090e63da598d213676,10
,,,00148391,에이비엘생명보험,2026,11012,반기보고서,IFRS17,E,"10,855","보고서 사업연도 >= 2023 이면 IFRS17, 아니면 IFRS4","33,831",(연결)주당순이익(원),2026-06-30,-,"11,740",api,alotMatter,"{""bsns_year"": ""2026"", ""corp_code"": ""00148391"", ""reprt_code"": ""11012""}",20260831000754,api_row,2026-08-31T16:08:32+09:00,000,run_20260831_152517_1163,raw/alotMatter/00148391_2026_11012.json,96e4182b248be00630789cc1b946957899eb107dfdf02d090e63da598d213676,10
,,,00148391,에이비엘생명보험,2026,11012,반기보고서,IFRS17,E,-,"보고서 사업연도 >= 2023 이면 IFRS17, 아니면 IFRS4",-,현금배당금총액(백만원),2026-06-30,-,-,api,alotMatter,"{""bsns_year"": ""2026"", ""corp_code"": ""00148391"", ""reprt_code"": ""11012""}",20260831000754,api_row,2026-08-31T16:08:32+09:00,000,run_20260831_152517_1163,raw/alotMatter/00148391_2026_11012.json,96e4182b248be00630789cc1b946957899eb107dfdf02d090e63da598d213676,10
,,,00148391,에이비엘생명보험,2026,11012,반기보고서,IFRS17,E,-,"보고서 사업연도 >= 2023 이면 IFRS17, 아니면 IFRS4",-,주식배당금총액(백만원),2026-06-30,-,-,api,alotMatter,"{""bsns_year"": ""2026"", ""corp_code"": ""00148391"", ""reprt_code"": ""11012""}",20260831000754,api_row,2026-08-31T16:08:32+09:00,000,run_20260831_152517_1163,raw/alotMatter/00148391_2026_11012.json,96e4182b248be00630789cc1b946957899eb107dfdf02d090e63da598d213676,10
,,,00148391,에이비엘생명보험,2026,11012,반기보고서,IFRS17,E,-,"보고서 사업연도 >= 2023 이면 IFRS17, 아니면 IFRS4",-,(연결)현금배당성향(%),2026-06-30,-,-,api,alotMatter,"{""bsns_year"": ""2026"", ""corp_code"": ""00148391"", ""reprt_code"": ""11012""}",20260831000754,api_row,2026-08-31T16:08:32+09:00,000,run_20260831_152517_1163,raw/alotMatter/00148391_2026_11012.json,96e4182b248be00630789cc1b946957899eb107dfdf02d090e63da598d213676,10
,,,00148391,에이비엘생명보험,2026,11012,반기보고서,IFRS17,E,-,"보고서 사업연도 >= 2023 이면 IFRS17, 아니면 IFRS4",-,현금배당수익률(%),2026-06-30,-,-,api,alotMatter,"{""bsns_year"": ""2026"", ""corp_code"": ""00148391"", ""reprt_code"": ""11012""}",20260831000754,api_row,2026-08-31T16:08:32+09:00,000,run_20260831_152517_1163,raw/alotMatter/00148391_2026_11012.json,96e4182b248be00630789cc1b946957899eb107dfdf02d090e63da598d213676,10
,,,00148391,에이비엘생명보험,2026,11012,반기보고서,IFRS17,E,-,"보고서 사업연도 >= 2023 이면 IFRS17, 아니면 IFRS4",-,현금배당수익률(%),2026-06-30,-,-,api,alotMatter,"{""bsns_year"": ""2026"", ""corp_code"": ""00148391"", ""reprt_code"": ""11012""}",20260831000754,api_row,2026-08-31T16:08:32+09:00,000,run_20260831_152517_1163,raw/alotMatter/00148391_2026_11012.json,96e4182b248be00630789cc1b946957899eb107dfdf02d090e63da598d213676,10
,,,00148391,에이비엘생명보험,2026,11012,반기보고서,IFRS17,E,-,"보고서 사업연도 >= 2023 이면 IFRS17, 아니면 IFRS4",-,주식배당수익률(%),2026-06-30,-,-,api,alotMatter,"{""bsns_year"": ""2026"", ""corp_code"": ""00148391"", ""reprt_code"": ""11012""}",20260831000754,api_row,2026-08-31T16:08:32+09:00,000,run_20260831_152517_1163,raw/alotMatter/00148391_2026_11012.json,96e4182b248be00630789cc1b946957899eb107dfdf02d090e63da598d213676,10
,,,00148391,에이비엘생명보험,2026,11012,반기보고서,IFRS17,E,-,"보고서 사업연도 >= 2023 이면 IFRS17, 아니면 IFRS4",-,주식배당수익률(%),2026-06-30,-,-,api,alotMatter,"{""bsns_year"": ""2026"", ""corp_code"": ""00148391"", ""reprt_code"": ""11012""}",20260831000754,api_row,2026-08-31T16:08:32+09:00,000,run_20260831_152517_1163,raw/alotMatter/00148391_2026_11012.json,96e4182b248be00630789cc1b946957899eb107dfdf02d090e63da598d213676,10
,,,00148391,에이비엘생명보험,2026,11012,반기보고서,IFRS17,E,-,"보고서 사업연도 >= 2023 이면 IFRS17, 아니면 IFRS4",-,주당 현금배당금(원),2026-06-30,-,-,api,alotMatter,"{""bsns_year"": ""2026"", ""corp_code"": ""00148391"", ""reprt_code"": ""11012""}",20260831000754,api_row,2026-08-31T16:08:32+09:00,000,run_20260831_152517_1163,raw/alotMatter/00148391_2026_11012.json,96e4182b248be00630789cc1b946957899eb107dfdf02d090e63da598d213676,10
,,,00148391,에이비엘생명보험,2026,11012,반기보고서,IFRS17,E,-,"보고서 사업연도 >= 2023 이면 IFRS17, 아니면 IFRS4",-,주당 현금배당금(원),2026-06-30,-,-,api,alotMatter,"{""bsns_year"": ""2026"", ""corp_code"": ""00148391"", ""reprt_code"": ""11012""}",20260831000754,api_row,2026-08-31T16:08:32+09:00,000,run_20260831_152517_1163,raw/alotMatter/00148391_2026_11012.json,96e4182b248be00630789cc1b946957899eb107dfdf02d090e63da598d213676,10
,,,00148391,에이비엘생명보험,2026,11012,반기보고서,IFRS17,E,-,"보고서 사업연도 >= 2023 이면 IFRS17, 아니면 IFRS4",-,주당 주식배당(주),2026-06-30,-,-,api,alotMatter,"{""bsns_year"": ""2026"", ""corp_code"": ""00148391"", ""reprt_code"": ""11012""}",20260831000754,api_row,2026-08-31T16:08:32+09:00,000,run_20260831_152517_1163,raw/alotMatter/00148391_2026_11012.json,96e4182b248be00630789cc1b946957899eb107dfdf02d090e63da598d213676,10
,,,00148391,에이비엘생명보험,2026,11012,반기보고서,IFRS17,E,-,"보고서 사업연도 >= 2023 이면 IFRS17, 아니면 IFRS4",-,주당 주식배당(주),2026-06-30,-,-,api,alotMatter,"{""bsns_year"": ""2026"", ""corp_code"": ""00148391"", ""reprt_code"": ""11012""}",20260831000754,api_row,2026-08-31T16:08:32+09:00,000,run_20260831_152517_1163,raw/alotMatter/00148391_2026_11012.json,96e4182b248be00630789cc1b946957899eb107dfdf02d090e63da598d213676,10
,,,00160393,케이비라이프생명보험,2026,11012,반기보고서,IFRS17,E,"10,000","보고서 사업연도 >= 2023 이면 IFRS17, 아니면 IFRS4","10,000",주당액면가액(원),2026-06-30,-,"10,000",api,alotMatter,"{""bsns_year"": ""2026"", ""corp_code"": ""00160393"", ""reprt_code"": ""11012""}",20260831001095,api_row,2026-08-31T16:05:15+09:00,000,run_20260831_152517_1039,raw/alotMatter/00160393_2026_11012.json,f4c244b502538681dde931315034d0041768cb68970a00d3d0f78ef62bd8b662,10
,,,00160393,케이비라이프생명보험,2026,11012,반기보고서,IFRS17,E,"243,971","보고서 사업연도 >= 2023 이면 IFRS17, 아니면 IFRS4","269,404",(연결)당기순이익(백만원),2026-06-30,-,"150,622",api,alotMatter,"{""bsns_year"": ""2026"", ""corp_code"": ""00160393"", ""reprt_code"": ""11012""}",20260831001095,api_row,2026-08-31T16:05:15+09:00,000,run_20260831_152517_1039,raw/alotMatter/00160393_2026_11012.json,f4c244b502538681dde931315034d0041768cb68970a00d3d0f78ef62bd8b662,10
,,,00160393,케이비라이프생명보험,2026,11012,반기보고서,IFRS17,E,"265,888","보고서 사업연도 >= 2023 이면 IFRS17, 아니면 IFRS4","299,878",(별도)당기순이익(백만원),2026-06-30,-,"158,134",api,alotMatter,"{""bsns_year"": ""2026"", ""corp_code"": ""00160393"", ""reprt_code"": ""11012""}",20260831001095,api_row,2026-08-31T16:05:15+09:00,000,run_20260831_152517_1039,raw/alotMatter/00160393_2026_11012.json,f4c244b502538681dde931315034d0041768cb68970a00d3d0f78ef62bd8b662,10
,,,00160393,케이비라이프생명보험,2026,11012,반기보고서,IFRS17,E,"15,059","보고서 사업연도 >= 2023 이면 IFRS17, 아니면 IFRS4","16,628",(연결)주당순이익(원),2026-06-30,-,"9,297",api,alotMatter,"{""bsns_year"": ""2026"", ""corp_code"": ""00160393"", ""reprt_code"": ""11012""}",20260831001095,api_row,2026-08-31T16:05:15+09:00,000,run_20260831_152517_1039,raw/alotMatter/00160393_2026_11012.json,f4c244b502538681dde931315034d0041768cb68970a00d3d0f78ef62bd8b662,10
,,,00160393,케이비라이프생명보험,2026,11012,반기보고서,IFRS17,E,"120,000","보고서 사업연도 >= 2023 이면 IFRS17, 아니면 IFRS4","280,000",현금배당금총액(백만원),2026-06-30,-,"100,000",api,alotMatter,"{""bsns_year"": ""2026"", ""corp_code"": ""00160393"", ""reprt_code"": ""11012""}",20260831001095,api_row,2026-08-31T16:05:15+09:00,000,run_20260831_152517_1039,raw/alotMatter/00160393_2026_11012.json,f4c244b502538681dde931315034d0041768cb68970a00d3d0f78ef62bd8b662,10
,,,00160393,케이비라이프생명보험,2026,11012,반기보고서,IFRS17,E,-,"보고서 사업연도 >= 2023 이면 IFRS17, 아니면 IFRS4",-,주식배당금총액(백만원),2026-06-30,-,-,api,alotMatter,"{""bsns_year"": ""2026"", ""corp_code"": ""00160393"", ""reprt_code"": ""11012""}",20260831001095,api_row,2026-08-31T16:05:15+09:00,000,run_20260831_152517_1039,raw/alotMatter/00160393_2026_11012.json,f4c244b502538681dde931315034d0041768cb68970a00d3d0f78ef62bd8b662,10
,,,00160393,케이비라이프생명보험,2026,11012,반기보고서,IFRS17,E,49.20,"보고서 사업연도 >= 2023 이면 IFRS17, 아니면 IFRS4",103.90,(연결)현금배당성향(%),2026-06-30,-,66.40,api,alotMatter,"{""bsns_year"": ""2026"", ""corp_code"": ""00160393"", ""reprt_code"": ""11012""}",20260831001095,api_row,2026-08-31T16:05:15+09:00,000,run_20260831_152517_1039,raw/alotMatter/00160393_2026_11012.json,f4c244b502538681dde931315034d0041768cb68970a00d3d0f78ef62bd8b662,10
,,,00160393,케이비라이프생명보험,2026,11012,반기보고서,IFRS17,E,-,"보고서 사업연도 >= 2023 이면 IFRS17, 아니면 IFRS4",-,현금배당수익률(%),2026-06-30,보통주,-,api,alotMatter,"{""bsns_year"": ""2026"", ""corp_code"": ""00160393"", ""reprt_code"": ""11012""}",20260831001095,api_row,2026-08-31T16:05:15+09:00,000,run_20260831_152517_1039,raw/alotMatter/00160393_2026_11012.json,f4c244b502538681dde931315034d0041768cb68970a00d3d0f78ef62bd8b662,10
,,,00160393,케이비라이프생명보험,2026,11012,반기보고서,IFRS17,E,-,"보고서 사업연도 >= 2023 이면 IFRS17, 아니면 IFRS4",-,현금배당수익률(%),2026-06-30,-,-,api,alotMatter,"{""bsns_year"": ""2026"", ""corp_code"": ""00160393"", ""reprt_code"": ""11012""}",20260831001095,api_row,2026-08-31T16:05:15+09:00,000,run_20260831_152517_1039,raw/alotMatter/00160393_2026_11012.json,f4c244b502538681dde931315034d0041768cb68970a00d3d0f78ef62bd8b662,10
,,,00160393,케이비라이프생명보험,2026,11012,반기보고서,IFRS17,E,-,"보고서 사업연도 >= 2023 이면 IFRS17, 아니면 IFRS4",-,주식배당수익률(%),2026-06-30,-,-,api,alotMatter,"{""bsns_year"": ""2026"", ""corp_code"": ""00160393"", ""reprt_code"": ""11012""}",20260831001095,api_row,2026-08-31T16:05:15+09:00,000,run_20260831_152517_1039,raw/alotMatter/00160393_2026_11012.json,f4c244b502538681dde931315034d0041768cb68970a00d3d0f78ef62bd8b662,10
,,,00160393,케이비라이프생명보험,2026,11012,반기보고서,IFRS17,E,-,"보고서 사업연도 >= 2023 이면 IFRS17, 아니면 IFRS4",-,주식배당수익률(%),2026-06-30,-,-,api,alotMatter,"{""bsns_year"": ""2026"", ""corp_code"": ""00160393"", ""reprt_code"": ""11012""}",20260831001095,api_row,2026-08-31T16:05:15+09:00,000,run_20260831_152517_1039,raw/alotMatter/00160393_2026_11012.json,f4c244b502538681dde931315034d0041768cb68970a00d3d0f78ef62bd8b662,10
,,,00160393,케이비라이프생명보험,2026,11012,반기보고서,IFRS17,E,"7,407","보고서 사업연도 >= 2023 이면 IFRS17, 아니면 IFRS4","17,282",주당 현금배당금(원),2026-06-30,보통주,"6,172",api,alotMatter,"{""bsns_year"": ""2026"", ""corp_code"": ""00160393"", ""reprt_code"": ""11012""}",20260831001095,api_row,2026-08-31T16:05:15+09:00,000,run_20260831_152517_1039,raw/alotMatter/00160393_2026_11012.json,f4c244b502538681dde931315034d0041768cb68970a00d3d0f78ef62bd8b662,10
,,,00160393,케이비라이프생명보험,2026,11012,반기보고서,IFRS17,E,-,"보고서 사업연도 >= 2023 이면 IFRS17, 아니면 IFRS4",-,주당 현금배당금(원),2026-06-30,-,-,api,alotMatter,"{""bsns_year"": ""2026"", ""corp_code"": ""00160393"", ""reprt_code"": ""11012""}",20260831001095,api_row,2026-08-31T16:05:15+09:00,000,run_20260831_152517_1039,raw/alotMatter/00160393_2026_11012.json,f4c244b502538681dde931315034d0041768cb68970a00d3d0f78ef62bd8b662,10
,,,00160393,케이비라이프생명보험,2026,11012,반기보고서,IFRS17,E,-,"보고서 사업연도 >= 2023 이면 IFRS17, 아니면 IFRS4",-,주당 주식배당(주),2026-06-30,-,-,api,alotMatter,"{""bsns_year"": ""2026"", ""corp_code"": ""00160393"", ""reprt_code"": ""11012""}",20260831001095,api_row,2026-08-31T16:05:15+09:00,000,run_20260831_152517_1039,raw/alotMatter/00160393_2026_11012.json,f4c244b502538681dde931315034d0041768cb68970a00d3d0f78ef62bd8b662,10
,,,00160393,케이비라이프생명보험,2026,11012,반기보고서,IFRS17,E,-,"보고서 사업연도 >= 2023 이면 IFRS17, 아니면 IFRS4",-,주당 주식배당(주),2026-06-30,-,-,api,alotMatter,"{""bsns_year"": ""2026"", ""corp_code"": ""00160393"", ""reprt_code"": ""11012""}",20260831001095,api_row,2026-08-31T16:05:15+09:00,000,run_20260831_152517_1039,raw/alotMatter/00160393_2026_11012.json,f4c244b502538681dde931315034d0041768cb68970a00d3d0f78ef62bd8b662,10
,,,00160393,케이비라이프생명보험,2026,11012,반기보고서,IFRS17,E,-,"보고서 사업연도 >= 2023 이면 IFRS17, 아니면 IFRS4",-,주당 주식배당(주),2026-06-30,-,-,api,alotMatter,"{""bsns_year"": ""2026"", ""corp_code"": ""00160393"", ""reprt_code"": ""11012""}",20260831001095,api_row,2026-08-31T16:05:15+09:00,000,run_20260831_152517_1039,raw/alotMatter/00160393_2026_11012.json,f4c244b502538681dde931315034d0041768cb68970a00d3d0f78ef62bd8b662,10
,,,00382199,신한지주,2026,11012,반기보고서,IFRS17,Y,"5,000","보고서 사업연도 >= 2023 이면 IFRS17, 아니면 IFRS4","5,000",주당액면가액(원),2026-06-30,-,"5,000",api,alotMatter,"{""bsns_year"": ""2026"", ""corp_code"": ""00382199"", ""reprt_code"": ""11012""}",20260814003306,api_row,2026-08-31T15:35:06+09:00,000,run_20260831_152517_0244,raw/alotMatter/00382199_2026_11012.json,86a40ecef501f6b4ee250a03d6d686afc56d2b806edb84a022aace412994dbdf,10
,,,00382199,신한지주,2026,11012,반기보고서,IFRS17,Y,"4,971,561","보고서 사업연도 >= 2023 이면 IFRS17, 아니면 IFRS4","4,450,177",(연결)당기순이익(백만원),2026-06-30,-,"3,442,729",api,alotMatter,"{""bsns_year"": ""2026"", ""corp_code"": ""00382199"", ""reprt_code"": ""11012""}",20260814003306,api_row,2026-08-31T15:35:06+09:00,000,run_20260831_152517_0244,raw/alotMatter/00382199_2026_11012.json,86a40ecef501f6b4ee250a03d6d686afc56d2b806edb84a022aace412994dbdf,10
,,,00382199,신한지주,2026,11012,반기보고서,IFRS17,Y,"2,385,457","보고서 사업연도 >= 2023 이면 IFRS17, 아니면 IFRS4","1,619,867",(별도)당기순이익(백만원),2026-06-30,-,"2,343,149",api,alotMatter,"{""bsns_year"": ""2026"", ""corp_code"": ""00382199"", ""reprt_code"": ""11012""}",20260814003306,api_row,2026-08-31T15:35:06+09:00,000,run_20260831_152517_0244,raw/alotMatter/00382199_2026_11012.json,86a40ecef501f6b4ee250a03d6d686afc56d2b806edb84a022aace412994dbdf,10
,,,00382199,신한지주,2026,11012,반기보고서,IFRS17,Y,"9,812","보고서 사업연도 >= 2023 이면 IFRS17, 아니면 IFRS4","8,441",(연결)주당순이익(원),2026-06-30,-,"7,075",api,alotMatter,"{""bsns_year"": ""2026"", ""corp_code"": ""00382199"", ""reprt_code"": ""11012""}",20260814003306,api_row,2026-08-31T15:35:06+09:00,000,run_20260831_152517_0244,raw/alotMatter/00382199_2026_11012.json,86a40ecef501f6b4ee250a03d6d686afc56d2b806edb84a022aace412994dbdf,10
,,,00382199,신한지주,2026,11012,반기보고서,IFRS17,Y,"1,245,730","보고서 사업연도 >= 2023 이면 IFRS17, 아니면 IFRS4","1,088,042",현금배당금총액(백만원),2026-06-30,-,"696,144",api,alotMatter,"{""bsns_year"": ""2026"", ""corp_code"": ""00382199"", ""reprt_code"": ""11012""}",20260814003306,api_row,2026-08-31T15:35:06+09:00,000,run_20260831_152517_0244,raw/alotMatter/00382199_2026_11012.json,86a40ecef501f6b4ee250a03d6d686afc56d2b806edb84a022aace412994dbdf,10
,,,00382199,신한지주,2026,11012,반기보고서,IFRS17,Y,-,"보고서 사업연도 >= 2023 이면 IFRS17, 아니면 IFRS4",-,주식배당금총액(백만원),2026-06-30,-,-,api,alotMatter,"{""bsns_year"": ""2026"", ""corp_code"": ""00382199"", ""reprt_code"": ""11012""}",20260814003306,api_row,2026-08-31T15:35:06+09:00,000,run_20260831_152517_0244,raw/alotMatter/00382199_2026_11012.json,86a40ecef501f6b4ee250a03d6d686afc56d2b806edb84a022aace412994dbdf,10
,,,00382199,신한지주,2026,11012,반기보고서,IFRS17,Y,25.06,"보고서 사업연도 >= 2023 이면 IFRS17, 아니면 IFRS4",24.45,(연결)현금배당성향(%),2026-06-30,-,20.22,api,alotMatter,"{""bsns_year"": ""2026"", ""corp_code"": ""00382199"", ""reprt_code"": ""11012""}",20260814003306,api_row,2026-08-31T15:35:06+09:00,000,run_20260831_152517_0244,raw/alotMatter/00382199_2026_11012.json,86a40ecef501f6b4ee250a03d6d686afc56d2b806edb84a022aace412994dbdf,10
,,,00382199,신한지주,2026,11012,반기보고서,IFRS17,Y,3.01,"보고서 사업연도 >= 2023 이면 IFRS17, 아니면 IFRS4",4.26,현금배당수익률(%),2026-06-30,보통주,1.49,api,alotMatter,"{""bsns_year"": ""2026"", ""corp_code"": ""00382199"", ""reprt_code"": ""11012""}",20260814003306,api_row,2026-08-31T15:35:06+09:00,000,run_20260831_152517_0244,raw/alotMatter/00382199_2026_11012.json,86a40ecef501f6b4ee250a03d6d686afc56d2b806edb84a022aace412994dbdf,10
,,,00382199,신한지주,2026,11012,반기보고서,IFRS17,Y,-,"보고서 사업연도 >= 2023 이면 IFRS17, 아니면 IFRS4",-,현금배당수익률(%),2026-06-30,우선주,-,api,alotMatter,"{""bsns_year"": ""2026"", ""corp_code"": ""00382199"", ""reprt_code"": ""11012""}",20260814003306,api_row,2026-08-31T15:35:06+09:00,000,run_20260831_152517_0244,raw/alotMatter/00382199_2026_11012.json,86a40ecef501f6b4ee250a03d6d686afc56d2b806edb84a022aace412994dbdf,10
,,,00382199,신한지주,2026,11012,반기보고서,IFRS17,Y,-,"보고서 사업연도 >= 2023 이면 IFRS17, 아니면 IFRS4",-,주식배당수익률(%),2026-06-30,보통주,-,api,alotMatter,"{""bsns_year"": ""2026"", ""corp_code"": ""00382199"", ""reprt_code"": ""11012""}",20260814003306,api_row,2026-08-31T15:35:06+09:00,000,run_20260831_152517_0244,raw/alotMatter/00382199_2026_11012.json,86a40ecef501f6b4ee250a03d6d686afc56d2b806edb84a022aace412994dbdf,10
,,,00382199,신한지주,2026,11012,반기보고서,IFRS17,Y,-,"보고서 사업연도 >= 2023 이면 IFRS17, 아니면 IFRS4",-,주식배당수익률(%),2026-06-30,우선주,-,api,alotMatter,"{""bsns_year"": ""2026"", ""corp_code"": ""00382199"", ""reprt_code"": ""11012""}",20260814003306,api_row,2026-08-31T15:35:06+09:00,000,run_20260831_152517_0244,raw/alotMatter/00382199_2026_11012.json,86a40ecef501f6b4ee250a03d6d686afc56d2b806edb84a022aace412994dbdf,10
,,,00382199,신한지주,2026,11012,반기보고서,IFRS17,Y,"2,590","보고서 사업연도 >= 2023 이면 IFRS17, 아니면 IFRS4","2,160",주당 현금배당금(원),2026-06-30,보통주,"1,480",api,alotMatter,"{""bsns_year"": ""2026"", ""corp_code"": ""00382199"", ""reprt_code"": ""11012""}",20260814003306,api_row,2026-08-31T15:35:06+09:00,000,run_20260831_152517_0244,raw/alotMatter/00382199_2026_11012.json,86a40ecef501f6b4ee250a03d6d686afc56d2b806edb84a022aace412994dbdf,10
,,,00382199,신한지주,2026,11012,반기보고서,IFRS17,Y,-,"보고서 사업연도 >= 2023 이면 IFRS17, 아니면 IFRS4",-,주당 현금배당금(원),2026-06-30,우선주,-,api,alotMatter,"{""bsns_year"": ""2026"", ""corp_code"": ""00382199"", ""reprt_code"": ""11012""}",20260814003306,api_row,2026-08-31T15:35:06+09:00,000,run_20260831_152517_0244,raw/alotMatter/00382199_2026_11012.json,86a40ecef501f6b4ee250a03d6d686afc56d2b806edb84a022aace412994dbdf,10
,,,00382199,신한지주,2026,11012,반기보고서,IFRS17,Y,-,"보고서 사업연도 >= 2023 이면 IFRS17, 아니면 IFRS4",-,주당 주식배당(주),2026-06-30,보통주,-,api,alotMatter,"{""bsns_year"": ""2026"", ""corp_code"": ""00382199"", ""reprt_code"": ""11012""}",20260814003306,api_row,2026-08-31T15:35:06+09:00,000,run_20260831_152517_0244,raw/alotMatter/00382199_2026_11012.json,86a40ecef501f6b4ee250a03d6d686afc56d2b806edb84a022aace412994dbdf,10
,,,00382199,신한지주,2026,11012,반기보고서,IFRS17,Y,-,"보고서 사업연도 >= 2023 이면 IFRS17, 아니면 IFRS4",-,주당 주식배당(주),2026-06-30,우선주,-,api,alotMatter,"{""bsns_year"": ""2026"", ""corp_code"": ""00382199"", ""reprt_code"": ""11012""}",20260814003306,api_row,2026-08-31T15:35:06+09:00,000,run_20260831_152517_0244,raw/alotMatter/00382199_2026_11012.json,86a40ecef501f6b4ee250a03d6d686afc56d2b806edb84a022aace412994dbdf,10
,,,00688996,KB금융,2026,11012,반기보고서,IFRS17,Y,"5,000","보고서 사업연도 >= 2023 이면 IFRS17, 아니면 IFRS4","5,000",주당액면가액(원),2026-06-30,-,"5,000",api,alotMatter,"{""bsns_year"": ""2026"", ""corp_code"": ""00688996"", ""reprt_code"": ""11012""}",20260814004200,api_row,2026-08-31T15:38:49+09:00,000,run_20260831_152517_0353,raw/alotMatter/00688996_2026_11012.json,fe17eb2126820ba2db22cc1b66f2ced48cfa3c90ca61ec438cb5f747801b5f6d,10
,,,00688996,KB금융,2026,11012,반기보고서,IFRS17,Y,"5,833,162","보고서 사업연도 >= 2023 이면 IFRS17, 아니면 IFRS4","5,078,221",(연결)당기순이익(백만원),2026-06-30,-,"3,884,590",api,alotMatter,"{""bsns_year"": ""2026"", ""corp_code"": ""00688996"", ""reprt_code"": ""11012""}",20260814004200,api_row,2026-08-31T15:38:49+09:00,000,run_20260831_152517_0353,raw/alotMatter/00688996_2026_11012.json,fe17eb2126820ba2db22cc1b66f2ced48cfa3c90ca61ec438cb5f747801b5f6d,10
,,,00688996,KB금융,2026,11012,반기보고서,IFRS17,Y,"3,657,633","보고서 사업연도 >= 2023 이면 IFRS17, 아니면 IFRS4","2,170,597",(별도)당기순이익(백만원),2026-06-30,-,"1,269,360",api,alotMatter,"{""bsns_year"": ""2026"", ""corp_code"": ""00688996"", ""reprt_code"": ""11012""}",20260814004200,api_row,2026-08-31T15:38:49+09:00,000,run_20260831_152517_0353,raw/alotMatter/00688996_2026_11012.json,fe17eb2126820ba2db22cc1b66f2ced48cfa3c90ca61ec438cb5f747801b5f6d,10
,,,00688996,KB금융,2026,11012,반기보고서,IFRS17,Y,"15,410","보고서 사업연도 >= 2023 이면 IFRS17, 아니면 IFRS4","12,880",(연결)주당순이익(원),2026-06-30,-,"10,670",api,alotMatter,"{""bsns_year"": ""2026"", ""corp_code"": ""00688996"", ""reprt_code"": ""11012""}",20260814004200,api_row,2026-08-31T15:38:49+09:00,000,run_20260831_152517_0353,raw/alotMatter/00688996_2026_11012.json,fe17eb2126820ba2db22cc1b66f2ced48cfa3c90ca61ec438cb5f747801b5f6d,10
,,,00688996,KB금융,2026,11012,반기보고서,IFRS17,Y,"1,577,774","보고서 사업연도 >= 2023 이면 IFRS17, 아니면 IFRS4","1,198,257",현금배당금총액(백만원),2026-06-30,-,"810,246",api,alotMatter,"{""bsns_year"": ""2026"", ""corp_code"": ""00688996"", ""reprt_code"": ""11012""}",20260814004200,api_row,2026-08-31T15:38:49+09:00,000,run_20260831_152517_0353,raw/alotMatter/00688996_2026_11012.json,fe17eb2126820ba2db22cc1b66f2ced48cfa3c90ca61ec438cb5f747801b5f6d,10
,,,00688996,KB금융,2026,11012,반기보고서,IFRS17,Y,-,"보고서 사업연도 >= 2023 이면 IFRS17, 아니면 IFRS4",-,주식배당금총액(백만원),2026-06-30,-,-,api,alotMatter,"{""bsns_year"": ""2026"", ""corp_code"": ""00688996"", ""reprt_code"": ""11012""}",20260814004200,api_row,2026-08-31T15:38:49+09:00,000,run_20260831_152517_0353,raw/alotMatter/00688996_2026_11012.json,fe17eb2126820ba2db22cc1b66f2ced48cfa3c90ca61ec438cb5f747801b5f6d,10
,,,00688996,KB금융,2026,11012,반기보고서,IFRS17,Y,27.00,"보고서 사업연도 >= 2023 이면 IFRS17, 아니면 IFRS4",23.60,(연결)현금배당성향(%),2026-06-30,-,20.90,api,alotMatter,"{""bsns_year"": ""2026"", ""corp_code"": ""00688996"", ""reprt_code"": ""11012""}",20260814004200,api_row,2026-08-31T15:38:49+09:00,000,run_20260831_152517_0353,raw/alotMatter/00688996_2026_11012.json,fe17eb2126820ba2db22cc1b66f2ced48cfa3c90ca61ec438cb5f747801b5f6d,10
,,,00688996,KB금융,2026,11012,반기보고서,IFRS17,Y,3.20,"보고서 사업연도 >= 2023 이면 IFRS17, 아니면 IFRS4",3.50,현금배당수익률(%),2026-06-30,보통주,1.30,api,alotMatter,"{""bsns_year"": ""2026"", ""corp_code"": ""00688996"", ""reprt_code"": ""11012""}",20260814004200,api_row,2026-08-31T15:38:49+09:00,000,run_20260831_152517_0353,raw/alotMatter/00688996_2026_11012.json,fe17eb2126820ba2db22cc1b66f2ced48cfa3c90ca61ec438cb5f747801b5f6d,10
,,,00688996,KB금융,2026,11012,반기보고서,IFRS17,Y,-,"보고서 사업연도 >= 2023 이면 IFRS17, 아니면 IFRS4",-,현금배당수익률(%),2026-06-30,우선주,-,api,alotMatter,"{""bsns_year"": ""2026"", ""corp_code"": ""00688996"", ""reprt_code"": ""11012""}",20260814004200,api_row,2026-08-31T15:38:49+09:00,000,run_20260831_152517_0353,raw/alotMatter/00688996_2026_11012.json,fe17eb2126820ba2db22cc1b66f2ced48cfa3c90ca61ec438cb5f747801b5f6d,10
,,,00688996,KB금융,2026,11012,반기보고서,IFRS17,Y,-,"보고서 사업연도 >= 2023 이면 IFRS17, 아니면 IFRS4",-,주식배당수익률(%),2026-06-30,보통주,-,api,alotMatter,"{""bsns_year"": ""2026"", ""corp_code"": ""00688996"", ""reprt_code"": ""11012""}",20260814004200,api_row,2026-08-31T15:38:49+09:00,000,run_20260831_152517_0353,raw/alotMatter/00688996_2026_11012.json,fe17eb2126820ba2db22cc1b66f2ced48cfa3c90ca61ec438cb5f747801b5f6d,10
,,,00688996,KB금융,2026,11012,반기보고서,IFRS17,Y,-,"보고서 사업연도 >= 2023 이면 IFRS17, 아니면 IFRS4",-,주식배당수익률(%),2026-06-30,우선주,-,api,alotMatter,"{""bsns_year"": ""2026"", ""corp_code"": ""00688996"", ""reprt_code"": ""11012""}",20260814004200,api_row,2026-08-31T15:38:49+09:00,000,run_20260831_152517_0353,raw/alotMatter/00688996_2026_11012.json,fe17eb2126820ba2db22cc1b66f2ced48cfa3c90ca61ec438cb5f747801b5f6d,10
,,,00688996,KB금융,2026,11012,반기보고서,IFRS17,Y,"4,367","보고서 사업연도 >= 2023 이면 IFRS17, 아니면 IFRS4","3,174",주당 현금배당금(원),2026-06-30,보통주,"2,298",api,alotMatter,"{""bsns_year"": ""2026"", ""corp_code"": ""00688996"", ""reprt_code"": ""11012""}",20260814004200,api_row,2026-08-31T15:38:49+09:00,000,run_20260831_152517_0353,raw/alotMatter/00688996_2026_11012.json,fe17eb2126820ba2db22cc1b66f2ced48cfa3c90ca61ec438cb5f747801b5f6d,10
,,,00688996,KB금융,2026,11012,반기보고서,IFRS17,Y,-,"보고서 사업연도 >= 2023 이면 IFRS17, 아니면 IFRS4",-,주당 현금배당금(원),2026-06-30,우선주,-,api,alotMatter,"{""bsns_year"": ""2026"", ""corp_code"": ""00688996"", ""reprt_code"": ""11012""}",20260814004200,api_row,2026-08-31T15:38:49+09:00,000,run_20260831_152517_0353,raw/alotMatter/00688996_2026_11012.json,fe17eb2126820ba2db22cc1b66f2ced48cfa3c90ca61ec438cb5f747801b5f6d,10
,,,00688996,KB금융,2026,11012,반기보고서,IFRS17,Y,-,"보고서 사업연도 >= 2023 이면 IFRS17, 아니면 IFRS4",-,주당 주식배당(주),2026-06-30,보통주,-,api,alotMatter,"{""bsns_year"": ""2026"", ""corp_code"": ""00688996"", ""reprt_code"": ""11012""}",20260814004200,api_row,2026-08-31T15:38:49+09:00,000,run_20260831_152517_0353,raw/alotMatter/00688996_2026_11012.json,fe17eb2126820ba2db22cc1b66f2ced48cfa3c90ca61ec438cb5f747801b5f6d,10
,,,00688996,KB금융,2026,11012,반기보고서,IFRS17,Y,-,"보고서 사업연도 >= 2023 이면 IFRS17, 아니면 IFRS4",-,주당 주식배당(주),2026-06-30,우선주,-,api,alotMatter,"{""bsns_year"": ""2026"", ""corp_code"": ""00688996"", ""reprt_code"": ""11012""}",20260814004200,api_row,2026-08-31T15:38:49+09:00,000,run_20260831_152517_0353,raw/alotMatter/00688996_2026_11012.json,fe17eb2126820ba2db22cc1b66f2ced48cfa3c90ca61ec438cb5f747801b5f6d,10
,,,00878915,iM금융지주,2026,11012,반기보고서,IFRS17,Y,"5,000","보고서 사업연도 >= 2023 이면 IFRS17, 아니면 IFRS4","5,000",주당액면가액(원),2026-06-30,-,"5,000",api,alotMatter,"{""bsns_year"": ""2026"", ""corp_code"": ""00878915"", ""reprt_code"": ""11012""}",20260814003948,api_row,2026-08-31T15:42:30+09:00,000,run_20260831_152517_0470,raw/alotMatter/00878915_2026_11012.json,aad95753ae0252d083a43d5d2979158bd8917b4b107a75eef46e617aefc28c83,10
,,,00878915,iM금융지주,2026,11012,반기보고서,IFRS17,Y,"443,903","보고서 사업연도 >= 2023 이면 IFRS17, 아니면 IFRS4","214,876",(연결)당기순이익(백만원),2026-06-30,-,"295,581",api,alotMatter,"{""bsns_year"": ""2026"", ""corp_code"": ""00878915"", ""reprt_code"": ""11012""}",20260814003948,api_row,2026-08-31T15:42:30+09:00,000,run_20260831_152517_0470,raw/alotMatter/00878915_2026_11012.json,aad95753ae0252d083a43d5d2979158bd8917b4b107a75eef46e617aefc28c83,10
,,,00878915,iM금융지주,2026,11012,반기보고서,IFRS17,Y,"247,780","보고서 사업연도 >= 2023 이면 IFRS17, 아니면 IFRS4","135,964",(별도)당기순이익(백만원),2026-06-30,-,"-41,105",api,alotMatter,"{""bsns_year"": ""2026"", ""corp_code"": ""00878915"", ""reprt_code"": ""11012""}",20260814003948,api_row,2026-08-31T15:42:30+09:00,000,run_20260831_152517_0470,raw/alotMatter/00878915_2026_11012.json,aad95753ae0252d083a43d5d2979158bd8917b4b107a75eef46e617aefc28c83,10
,,,00878915,iM금융지주,2026,11012,반기보고서,IFRS17,Y,"2,511","보고서 사업연도 >= 2023 이면 IFRS17, 아니면 IFRS4","1,121",(연결)주당순이익(원),2026-06-30,-,"1,734",api,alotMatter,"{""bsns_year"": ""2026"", ""corp_code"": ""00878915"", ""reprt_code"": ""11012""}",20260814003948,api_row,2026-08-31T15:42:30+09:00,000,run_20260831_152517_0470,raw/alotMatter/00878915_2026_11012.json,aad95753ae0252d083a43d5d2979158bd8917b4b107a75eef46e617aefc28c83,10
,,,00878915,iM금융지주,2026,11012,반기보고서,IFRS17,Y,"112,437","보고서 사업연도 >= 2023 이면 IFRS17, 아니면 IFRS4","82,677",현금배당금총액(백만원),2026-06-30,-,-,api,alotMatter,"{""bsns_year"": ""2026"", ""corp_code"": ""00878915"", ""reprt_code"": ""11012""}",20260814003948,api_row,2026-08-31T15:42:30+09:00,000,run_20260831_152517_0470,raw/alotMatter/00878915_2026_11012.json,aad95753ae0252d083a43d5d2979158bd8917b4b107a75eef46e617aefc28c83,10
,,,00878915,iM금융지주,2026,11012,반기보고서,IFRS17,Y,-,"보고서 사업연도 >= 2023 이면 IFRS17, 아니면 IFRS4",-,주식배당금총액(백만원),2026-06-30,-,-,api,alotMatter,"{""bsns_year"": ""2026"", ""corp_code"": ""00878915"", ""reprt_code"": ""11012""}",20260814003948,api_row,2026-08-31T15:42:30+09:00,000,run_20260831_152517_0470,raw/alotMatter/00878915_2026_11012.json,aad95753ae0252d083a43d5d2979158bd8917b4b107a75eef46e617aefc28c83,10
,,,00878915,iM금융지주,2026,11012,반기보고서,IFRS17,Y,25.30,"보고서 사업연도 >= 2023 이면 IFRS17, 아니면 IFRS4",38.50,(연결)현금배당성향(%),2026-06-30,-,-,api,alotMatter,"{""bsns_year"": ""2026"", ""corp_code"": ""00878915"", ""reprt_code"": ""11012""}",20260814003948,api_row,2026-08-31T15:42:30+09:00,000,run_20260831_152517_0470,raw/alotMatter/00878915_2026_11012.json,aad95753ae0252d083a43d5d2979158bd8917b4b107a75eef46e617aefc28c83,10
,,,00878915,iM금융지주,2026,11012,반기보고서,IFRS17,Y,4.36,"보고서 사업연도 >= 2023 이면 IFRS17, 아니면 IFRS4",5.44,현금배당수익률(%),2026-06-30,보통주,-,api,alotMatter,"{""bsns_year"": ""2026"", ""corp_code"": ""00878915"", ""reprt_code"": ""11012""}",20260814003948,api_row,2026-08-31T15:42:30+09:00,000,run_20260831_152517_0470,raw/alotMatter/00878915_2026_11012.json,aad95753ae0252d083a43d5d2979158bd8917b4b107a75eef46e617aefc28c83,10
,,,00878915,iM금융지주,2026,11012,반기보고서,IFRS17,Y,-,"보고서 사업연도 >= 2023 이면 IFRS17, 아니면 IFRS4",-,현금배당수익률(%),2026-06-30,-,-,api,alotMatter,"{""bsns_year"": ""2026"", ""corp_code"": ""00878915"", ""reprt_code"": ""11012""}",20260814003948,api_row,2026-08-31T15:42:30+09:00,000,run_20260831_152517_0470,raw/alotMatter/00878915_2026_11012.json,aad95753ae0252d083a43d5d2979158bd8917b4b107a75eef46e617aefc28c83,10
,,,00878915,iM금융지주,2026,11012,반기보고서,IFRS17,Y,-,"보고서 사업연도 >= 2023 이면 IFRS17, 아니면 IFRS4",-,주식배당수익률(%),2026-06-30,-,-,api,alotMatter,"{""bsns_year"": ""2026"", ""corp_code"": ""00878915"", ""reprt_code"": ""11012""}",20260814003948,api_row,2026-08-31T15:42:30+09:00,000,run_20260831_152517_0470,raw/alotMatter/00878915_2026_11012.json,aad95753ae0252d083a43d5d2979158bd8917b4b107a75eef46e617aefc28c83,10
,,,00878915,iM금융지주,2026,11012,반기보고서,IFRS17,Y,-,"보고서 사업연도 >= 2023 이면 IFRS17, 아니면 IFRS4",-,주식배당수익률(%),2026-06-30,-,-,api,alotMatter,"{""bsns_year"": ""2026"", ""corp_code"": ""00878915"", ""reprt_code"": ""11012""}",20260814003948,api_row,2026-08-31T15:42:30+09:00,000,run_20260831_152517_0470,raw/alotMatter/00878915_2026_11012.json,aad95753ae0252d083a43d5d2979158bd8917b4b107a75eef46e617aefc28c83,10
,,,00878915,iM금융지주,2026,11012,반기보고서,IFRS17,Y,700,"보고서 사업연도 >= 2023 이면 IFRS17, 아니면 IFRS4",500,주당 현금배당금(원),2026-06-30,보통주,-,api,alotMatter,"{""bsns_year"": ""2026"", ""corp_code"": ""00878915"", ""reprt_code"": ""11012""}",20260814003948,api_row,2026-08-31T15:42:30+09:00,000,run_20260831_152517_0470,raw/alotMatter/00878915_2026_11012.json,aad95753ae0252d083a43d5d2979158bd8917b4b107a75eef46e617aefc28c83,10
,,,00878915,iM금융지주,2026,11012,반기보고서,IFRS17,Y,-,"보고서 사업연도 >= 2023 이면 IFRS17, 아니면 IFRS4",-,주당 현금배당금(원),2026-06-30,-,-,api,alotMatter,"{""bsns_year"": ""2026"", ""corp_code"": ""00878915"", ""reprt_code"": ""11012""}",20260814003948,api_row,2026-08-31T15:42:30+09:00,000,run_20260831_152517_0470,raw/alotMatter/00878915_2026_11012.json,aad95753ae0252d083a43d5d2979158bd8917b4b107a75eef46e617aefc28c83,10
,,,00878915,iM금융지주,2026,11012,반기보고서,IFRS17,Y,-,"보고서 사업연도 >= 2023 이면 IFRS17, 아니면 IFRS4",-,주당 주식배당(주),2026-06-30,-,-,api,alotMatter,"{""bsns_year"": ""2026"", ""corp_code"": ""00878915"", ""reprt_code"": ""11012""}",20260814003948,api_row,2026-08-31T15:42:30+09:00,000,run_20260831_152517_0470,raw/alotMatter/00878915_2026_11012.json,aad95753ae0252d083a43d5d2979158bd8917b4b107a75eef46e617aefc28c83,10
,,,00878915,iM금융지주,2026,11012,반기보고서,IFRS17,Y,-,"보고서 사업연도 >= 2023 이면 IFRS17, 아니면 IFRS4",-,주당 주식배당(주),2026-06-30,-,-,api,alotMatter,"{""bsns_year"": ""2026"", ""corp_code"": ""00878915"", ""reprt_code"": ""11012""}",20260814003948,api_row,2026-08-31T15:42:30+09:00,000,run_20260831_152517_0470,raw/alotMatter/00878915_2026_11012.json,aad95753ae0252d083a43d5d2979158bd8917b4b107a75eef46e617aefc28c83,10
,,,01350869,우리금융지주,2026,11012,반기보고서,IFRS17,Y,"5,000","보고서 사업연도 >= 2023 이면 IFRS17, 아니면 IFRS4","5,000",주당액면가액(원),2026-06-30,-,"5,000",api,alotMatter,"{""bsns_year"": ""2026"", ""corp_code"": ""01350869"", ""reprt_code"": ""11012""}",20260814003410,api_row,2026-08-31T15:45:29+09:00,000,run_20260831_152517_0551,raw/alotMatter/01350869_2026_11012.json,5f3346b9d16878a7a4804e61d3756fcb66522754a435491e7cae10c67de63f5e,10
,,,01350869,우리금융지주,2026,11012,반기보고서,IFRS17,Y,"3,124,346","보고서 사업연도 >= 2023 이면 IFRS17, 아니면 IFRS4","3,085,995",(연결)당기순이익(백만원),2026-06-30,-,"1,608,896",api,alotMatter,"{""bsns_year"": ""2026"", ""corp_code"": ""01350869"", ""reprt_code"": ""11012""}",20260814003410,api_row,2026-08-31T15:45:29+09:00,000,run_20260831_152517_0551,raw/alotMatter/01350869_2026_11012.json,5f3346b9d16878a7a4804e61d3756fcb66522754a435491e7cae10c67de63f5e,10
,,,01350869,우리금융지주,2026,11012,반기보고서,IFRS17,Y,"1,127,040","보고서 사업연도 >= 2023 이면 IFRS17, 아니면 IFRS4","1,123,332",(별도)당기순이익(백만원),2026-06-30,-,"1,157,393",api,alotMatter,"{""bsns_year"": ""2026"", ""corp_code"": ""01350869"", ""reprt_code"": ""11012""}",20260814003410,api_row,2026-08-31T15:45:29+09:00,000,run_20260831_152517_0551,raw/alotMatter/01350869_2026_11012.json,5f3346b9d16878a7a4804e61d3756fcb66522754a435491e7cae10c67de63f5e,10
,,,01350869,우리금융지주,2026,11012,반기보고서,IFRS17,Y,"4,052","보고서 사업연도 >= 2023 이면 IFRS17, 아니면 IFRS4","3,950",(연결)주당순이익(원),2026-06-30,-,"2,103",api,alotMatter,"{""bsns_year"": ""2026"", ""corp_code"": ""01350869"", ""reprt_code"": ""11012""}",20260814003410,api_row,2026-08-31T15:45:29+09:00,000,run_20260831_152517_0551,raw/alotMatter/01350869_2026_11012.json,5f3346b9d16878a7a4804e61d3756fcb66522754a435491e7cae10c67de63f5e,10
,,,01350869,우리금융지주,2026,11012,반기보고서,IFRS17,Y,"998,468","보고서 사업연도 >= 2023 이면 IFRS17, 아니면 IFRS4","891,045",현금배당금총액(백만원),2026-06-30,-,"320,464",api,alotMatter,"{""bsns_year"": ""2026"", ""corp_code"": ""01350869"", ""reprt_code"": ""11012""}",20260814003410,api_row,2026-08-31T15:45:29+09:00,000,run_20260831_152517_0551,raw/alotMatter/01350869_2026_11012.json,5f3346b9d16878a7a4804e61d3756fcb66522754a435491e7cae10c67de63f5e,10
,,,01350869,우리금융지주,2026,11012,반기보고서,IFRS17,Y,-,"보고서 사업연도 >= 2023 이면 IFRS17, 아니면 IFRS4",-,주식배당금총액(백만원),2026-06-30,-,-,api,alotMatter,"{""bsns_year"": ""2026"", ""corp_code"": ""01350869"", ""reprt_code"": ""11012""}",20260814003410,api_row,2026-08-31T15:45:29+09:00,000,run_20260831_152517_0551,raw/alotMatter/01350869_2026_11012.json,5f3346b9d16878a7a4804e61d3756fcb66522754a435491e7cae10c67de63f5e,10
,,,01350869,우리금융지주,2026,11012,반기보고서,IFRS17,Y,31.96,"보고서 사업연도 >= 2023 이면 IFRS17, 아니면 IFRS4",28.87,(연결)현금배당성향(%),2026-06-30,-,19.92,api,alotMatter,"{""bsns_year"": ""2026"", ""corp_code"": ""01350869"", ""reprt_code"": ""11012""}",20260814003410,api_row,2026-08-31T15:45:29+09:00,000,run_20260831_152517_0551,raw/alotMatter/01350869_2026_11012.json,5f3346b9d16878a7a4804e61d3756fcb66522754a435491e7cae10c67de63f5e,10
,,,01350869,우리금융지주,2026,11012,반기보고서,IFRS17,Y,4.40,"보고서 사업연도 >= 2023 이면 IFRS17, 아니면 IFRS4",6.90,현금배당수익률(%),2026-06-30,보통주,1.40,api,alotMatter,"{""bsns_year"": ""2026"", ""corp_code"": ""01350869"", ""reprt_code"": ""11012""}",20260814003410,api_row,2026-08-31T15:45:29+09:00,000,run_20260831_152517_0551,raw/alotMatter/01350869_2026_11012.json,5f3346b9d16878a7a4804e61d3756fcb66522754a435491e7cae10c67de63f5e,10
,,,01350869,우리금융지주,2026,11012,반기보고서,IFRS17,Y,-,"보고서 사업연도 >= 2023 이면 IFRS17, 아니면 IFRS4",-,현금배당수익률(%),2026-06-30,우선주,-,api,alotMatter,"{""bsns_year"": ""2026"", ""corp_code"": ""01350869"", ""reprt_code"": ""11012""}",20260814003410,api_row,2026-08-31T15:45:29+09:00,000,run_20260831_152517_0551,raw/alotMatter/01350869_2026_11012.json,5f3346b9d16878a7a4804e61d3756fcb66522754a435491e7cae10c67de63f5e,10
,,,01350869,우리금융지주,2026,11012,반기보고서,IFRS17,Y,-,"보고서 사업연도 >= 2023 이면 IFRS17, 아니면 IFRS4",-,주식배당수익률(%),2026-06-30,보통주,-,api,alotMatter,"{""bsns_year"": ""2026"", ""corp_code"": ""01350869"", ""reprt_code"": ""11012""}",20260814003410,api_row,2026-08-31T15:45:29+09:00,000,run_20260831_152517_0551,raw/alotMatter/01350869_2026_11012.json,5f3346b9d16878a7a4804e61d3756fcb66522754a435491e7cae10c67de63f5e,10
,,,01350869,우리금융지주,2026,11012,반기보고서,IFRS17,Y,-,"보고서 사업연도 >= 2023 이면 IFRS17, 아니면 IFRS4",-,주식배당수익률(%),2026-06-30,우선주,-,api,alotMatter,"{""bsns_year"": ""2026"", ""corp_code"": ""01350869"", ""reprt_code"": ""11012""}",20260814003410,api_row,2026-08-31T15:45:29+09:00,000,run_20260831_152517_0551,raw/alotMatter/01350869_2026_11012.json,5f3346b9d16878a7a4804e61d3756fcb66522754a435491e7cae10c67de63f5e,10
,,,01350869,우리금융지주,2026,11012,반기보고서,IFRS17,Y,"1,360","보고서 사업연도 >= 2023 이면 IFRS17, 아니면 IFRS4","1,200",주당 현금배당금(원),2026-06-30,보통주,440,api,alotMatter,"{""bsns_year"": ""2026"", ""corp_code"": ""01350869"", ""reprt_code"": ""11012""}",20260814003410,api_row,2026-08-31T15:45:29+09:00,000,run_20260831_152517_0551,raw/alotMatter/01350869_2026_11012.json,5f3346b9d16878a7a4804e61d3756fcb66522754a435491e7cae10c67de63f5e,10
,,,01350869,우리금융지주,2026,11012,반기보고서,IFRS17,Y,-,"보고서 사업연도 >= 2023 이면 IFRS17, 아니면 IFRS4",-,주당 현금배당금(원),2026-06-30,우선주,-,api,alotMatter,"{""bsns_year"": ""2026"", ""corp_code"": ""01350869"", ""reprt_code"": ""11012""}",20260814003410,api_row,2026-08-31T15:45:29+09:00,000,run_20260831_152517_0551,raw/alotMatter/01350869_2026_11012.json,5f3346b9d16878a7a4804e61d3756fcb66522754a435491e7cae10c67de63f5e,10
,,,01350869,우리금융지주,2026,11012,반기보고서,IFRS17,Y,-,"보고서 사업연도 >= 2023 이면 IFRS17, 아니면 IFRS4",-,주당 주식배당(주),2026-06-30,보통주,-,api,alotMatter,"{""bsns_year"": ""2026"", ""corp_code"": ""01350869"", ""reprt_code"": ""11012""}",20260814003410,api_row,2026-08-31T15:45:29+09:00,000,run_20260831_152517_0551,raw/alotMatter/01350869_2026_11012.json,5f3346b9d16878a7a4804e61d3756fcb66522754a435491e7cae10c67de63f5e,10
,,,01350869,우리금융지주,2026,11012,반기보고서,IFRS17,Y,-,"보고서 사업연도 >= 2023 이면 IFRS17, 아니면 IFRS4",-,주당 주식배당(주),2026-06-30,우선주,-,api,alotMatter,"{""bsns_year"": ""2026"", ""corp_code"": ""01350869"", ""reprt_code"": ""11012""}",20260814003410,api_row,2026-08-31T15:45:29+09:00,000,run_20260831_152517_0551,raw/alotMatter/01350869_2026_11012.json,5f3346b9d16878a7a4804e61d3756fcb66522754a435491e7cae10c67de63f5e,10
교보생명보험,생보,참고,00112882,교보생명보험,2021,11011,사업보고서,IFRS4,E,"1,000","보고서 사업연도 >= 2023 이면 IFRS17, 아니면 IFRS4","1,000",주당액면가액(원),2021-12-31,-,"1,000",api,alotMatter,"{""bsns_year"": ""2021"", ""corp_code"": ""00112882"", ""reprt_code"": ""11011""}",20220331003267,api_row,2026-09-11T10:56:28+09:00,000,run_20260911_103248_0397,raw/alotMatter/00112882_2021_11011.json,dba944a4b4e08d9978a8f82b0e5c0f5e69f8f6efbc8b07cdec611dff62f3618d,0
교보생명보험,생보,참고,00112882,교보생명보험,2021,11011,사업보고서,IFRS4,E,"452,201","보고서 사업연도 >= 2023 이면 IFRS17, 아니면 IFRS4","628,183",(연결)당기순이익(백만원),2021-12-31,-,"489,316",api,alotMatter,"{""bsns_year"": ""2021"", ""corp_code"": ""00112882"", ""reprt_code"": ""11011""}",20220331003267,api_row,2026-09-11T10:56:28+09:00,000,run_20260911_103248_0397,raw/alotMatter/00112882_2021_11011.json,dba944a4b4e08d9978a8f82b0e5c0f5e69f8f6efbc8b07cdec611dff62f3618d,0
교보생명보험,생보,참고,00112882,교보생명보험,2021,11011,사업보고서,IFRS4,E,"382,865","보고서 사업연도 >= 2023 이면 IFRS17, 아니면 IFRS4","546,010",(별도)당기순이익(백만원),2021-12-31,-,"396,443",api,alotMatter,"{""bsns_year"": ""2021"", ""corp_code"": ""00112882"", ""reprt_code"": ""11011""}",20220331003267,api_row,2026-09-11T10:56:28+09:00,000,run_20260911_103248_0397,raw/alotMatter/00112882_2021_11011.json,dba944a4b4e08d9978a8f82b0e5c0f5e69f8f6efbc8b07cdec611dff62f3618d,0
교보생명보험,생보,참고,00112882,교보생명보험,2021,11011,사업보고서,IFRS4,E,"4,190","보고서 사업연도 >= 2023 이면 IFRS17, 아니면 IFRS4","5,904",(연결)주당순이익(원),2021-12-31,-,"4,497",api,alotMatter,"{""bsns_year"": ""2021"", ""corp_code"": ""00112882"", ""reprt_code"": ""11011""}",20220331003267,api_row,2026-09-11T10:56:28+09:00,000,run_20260911_103248_0397,raw/alotMatter/00112882_2021_11011.json,dba944a4b4e08d9978a8f82b0e5c0f5e69f8f6efbc8b07cdec611dff62f3618d,0
교보생명보험,생보,참고,00112882,교보생명보험,2021,11011,사업보고서,IFRS4,E,"102,500","보고서 사업연도 >= 2023 이면 IFRS17, 아니면 IFRS4","153,750",현금배당금총액(백만원),2021-12-31,-,"153,750",api,alotMatter,"{""bsns_year"": ""2021"", ""corp_code"": ""00112882"", ""reprt_code"": ""11011""}",20220331003267,api_row,2026-09-11T10:56:28+09:00,000,run_20260911_103248_0397,raw/alotMatter/00112882_2021_11011.json,dba944a4b4e08d9978a8f82b0e5c0f5e69f8f6efbc8b07cdec611dff62f3618d,0
교보생명보험,생보,참고,00112882,교보생명보험,2021,11011,사업보고서,IFRS4,E,0,"보고서 사업연도 >= 2023 이면 IFRS17, 아니면 IFRS4",0,주식배당금총액(백만원),2021-12-31,-,0,api,alotMatter,"{""bsns_year"": ""2021"", ""corp_code"": ""00112882"", ""reprt_code"": ""11011""}",20220331003267,api_row,2026-09-11T10:56:28+09:00,000,run_20260911_103248_0397,raw/alotMatter/00112882_2021_11011.json,dba944a4b4e08d9978a8f82b0e5c0f5e69f8f6efbc8b07cdec611dff62f3618d,0
교보생명보험,생보,참고,00112882,교보생명보험,2021,11011,사업보고서,IFRS4,E,22.67,"보고서 사업연도 >= 2023 이면 IFRS17, 아니면 IFRS4",24.48,(연결)현금배당성향(%),2021-12-31,-,31.42,api,alotMatter,"{""bsns_year"": ""2021"", ""corp_code"": ""00112882"", ""reprt_code"": ""11011""}",20220331003267,api_row,2026-09-11T10:56:28+09:00,000,run_20260911_103248_0397,raw/alotMatter/00112882_2021_11011.json,dba944a4b4e08d9978a8f82b0e5c0f5e69f8f6efbc8b07cdec611dff62f3618d,0
교보생명보험,생보,참고,00112882,교보생명보험,2021,11011,사업보고서,IFRS4,E,-,"보고서 사업연도 >= 2023 이면 IFRS17, 아니면 IFRS4",-,현금배당수익률(%),2021-12-31,보통주,-,api,alotMatter,"{""bsns_year"": ""2021"", ""corp_code"": ""00112882"", ""reprt_code"": ""11011""}",20220331003267,api_row,2026-09-11T10:56:28+09:00,000,run_20260911_103248_0397,raw/alotMatter/00112882_2021_11011.json,dba944a4b4e08d9978a8f82b0e5c0f5e69f8f6efbc8b07cdec611dff62f3618d,0
교보생명보험,생보,참고,00112882,교보생명보험,2021,11011,사업보고서,IFRS4,E,-,"보고서 사업연도 >= 2023 이면 IFRS17, 아니면 IFRS4",-,현금배당수익률(%),2021-12-31,우선주,-,api,alotMatter,"{""bsns_year"": ""2021"", ""corp_code"": ""00112882"", ""reprt_code"": ""11011""}",20220331003267,api_row,2026-09-11T10:56:28+09:00,000,run_20260911_103248_0397,raw/alotMatter/00112882_2021_11011.json,dba944a4b4e08d9978a8f82b0e5c0f5e69f8f6efbc8b07cdec611dff62f3618d,0
교보생명보험,생보,참고,00112882,교보생명보험,2021,11011,사업보고서,IFRS4,E,-,"보고서 사업연도 >= 2023 이면 IFRS17, 아니면 IFRS4",-,주식배당수익률(%),2021-12-31,보통주,-,api,alotMatter,"{""bsns_year"": ""2021"", ""corp_code"": ""00112882"", ""reprt_code"": ""11011""}",20220331003267,api_row,2026-09-11T10:56:28+09:00,000,run_20260911_103248_0397,raw/alotMatter/00112882_2021_11011.json,dba944a4b4e08d9978a8f82b0e5c0f5e69f8f6efbc8b07cdec611dff62f3618d,0
교보생명보험,생보,참고,00112882,교보생명보험,2021,11011,사업보고서,IFRS4,E,-,"보고서 사업연도 >= 2023 이면 IFRS17, 아니면 IFRS4",-,주식배당수익률(%),2021-12-31,우선주,-,api,alotMatter,"{""bsns_year"": ""2021"", ""corp_code"": ""00112882"", ""reprt_code"": ""11011""}",20220331003267,api_row,2026-09-11T10:56:28+09:00,000,run_20260911_103248_0397,raw/alotMatter/00112882_2021_11011.json,dba944a4b4e08d9978a8f82b0e5c0f5e69f8f6efbc8b07cdec611dff62f3618d,0
교보생명보험,생보,참고,00112882,교보생명보험,2021,11011,사업보고서,IFRS4,E,"1,000","보고서 사업연도 >= 2023 이면 IFRS17, 아니면 IFRS4","1,500",주당 현금배당금(원),2021-12-31,보통주,"1,500",api,alotMatter,"{""bsns_year"": ""2021"", ""corp_code"": ""00112882"", ""reprt_code"": ""11011""}",20220331003267,api_row,2026-09-11T10:56:28+09:00,000,run_20260911_103248_0397,raw/alotMatter/00112882_2021_11011.json,dba944a4b4e08d9978a8f82b0e5c0f5e69f8f6efbc8b07cdec611dff62f3618d,0
교보생명보험,생보,참고,00112882,교보생명보험,2021,11011,사업보고서,IFRS4,E,0,"보고서 사업연도 >= 2023 이면 IFRS17, 아니면 IFRS4",0,주당 현금배당금(원),2021-12-31,우선주,0,api,alotMatter,"{""bsns_year"": ""2021"", ""corp_code"": ""00112882"", ""reprt_code"": ""11011""}",20220331003267,api_row,2026-09-11T10:56:28+09:00,000,run_20260911_103248_0397,raw/alotMatter/00112882_2021_11011.json,dba944a4b4e08d9978a8f82b0e5c0f5e69f8f6efbc8b07cdec611dff62f3618d,0
교보생명보험,생보,참고,00112882,교보생명보험,2021,11011,사업보고서,IFRS4,E,-,"보고서 사업연도 >= 2023 이면 IFRS17, 아니면 IFRS4",-,주당 주식배당(주),2021-12-31,보통주,-,api,alotMatter,"{""bsns_year"": ""2021"", ""corp_code"": ""00112882"", ""reprt_code"": ""11011""}",20220331003267,api_row,2026-09-11T10:56:28+09:00,000,run_20260911_103248_0397,raw/alotMatter/00112882_2021_11011.json,dba944a4b4e08d9978a8f82b0e5c0f5e69f8f6efbc8b07cdec611dff62f3618d,0
교보생명보험,생보,참고,00112882,교보생명보험,2021,11011,사업보고서,IFRS4,E,-,"보고서 사업연도 >= 2023 이면 IFRS17, 아니면 IFRS4",-,주당 주식배당(주),2021-12-31,우선주,-,api,alotMatter,"{""bsns_year"": ""2021"", ""corp_code"": ""00112882"", ""reprt_code"": ""11011""}",20220331003267,api_row,2026-09-11T10:56:28+09:00,000,run_20260911_103248_0397,raw/alotMatter/00112882_2021_11011.json,dba944a4b4e08d9978a8f82b0e5c0f5e69f8f6efbc8b07cdec611dff62f3618d,0
교보생명보험,생보,참고,00112882,교보생명보험,2022,11011,사업보고서,IFRS4,E,"1,000","보고서 사업연도 >= 2023 이면 IFRS17, 아니면 IFRS4","1,000",주당액면가액(원),2022-12-31,-,"1,000",api,alotMatter,"{""bsns_year"": ""2022"", ""corp_code"": ""00112882"", ""reprt_code"": ""11011""}",20230331004194,api_row,2026-09-11T10:56:52+09:00,000,run_20260911_103248_0406,raw/alotMatter/00112882_2022_11011.json,f33c129450a36bb69e2a6d0381529fe90d46d8ac161f48c4fad33c4c82af29f8,0
교보생명보험,생보,참고,00112882,교보생명보험,2022,11011,사업보고서,IFRS4,E,"489,316","보고서 사업연도 >= 2023 이면 IFRS17, 아니면 IFRS4","452,201",(연결)당기순이익(백만원),2022-12-31,-,"487,563",api,alotMatter,"{""bsns_year"": ""2022"", ""corp_code"": ""00112882"", ""reprt_code"": ""11011""}",20230331004194,api_row,2026-09-11T10:56:52+09:00,000,run_20260911_103248_0406,raw/alotMatter/00112882_2022_11011.json,f33c129450a36bb69e2a6d0381529fe90d46d8ac161f48c4fad33c4c82af29f8,0
교보생명보험,생보,참고,00112882,교보생명보험,2022,11011,사업보고서,IFRS4,E,"396,443","보고서 사업연도 >= 2023 이면 IFRS17, 아니면 IFRS4","382,865",(별도)당기순이익(백만원),2022-12-31,-,"395,211",api,alotMatter,"{""bsns_year"": ""2022"", ""corp_code"": ""00112882"", ""reprt_code"": ""11011""}",20230331004194,api_row,2026-09-11T10:56:52+09:00,000,run_20260911_103248_0406,raw/alotMatter/00112882_2022_11011.json,f33c129450a36bb69e2a6d0381529fe90d46d8ac161f48c4fad33c4c82af29f8,0
교보생명보험,생보,참고,00112882,교보생명보험,2022,11011,사업보고서,IFRS4,E,"4,497","보고서 사업연도 >= 2023 이면 IFRS17, 아니면 IFRS4","4,190",(연결)주당순이익(원),2022-12-31,-,"4,241",api,alotMatter,"{""bsns_year"": ""2022"", ""corp_code"": ""00112882"", ""reprt_code"": ""11011""}",20230331004194,api_row,2026-09-11T10:56:52+09:00,000,run_20260911_103248_0406,raw/alotMatter/00112882_2022_11011.json,f33c129450a36bb69e2a6d0381529fe90d46d8ac161f48c4fad33c4c82af29f8,0
교보생명보험,생보,참고,00112882,교보생명보험,2022,11011,사업보고서,IFRS4,E,"153,750","보고서 사업연도 >= 2023 이면 IFRS17, 아니면 IFRS4","102,500",현금배당금총액(백만원),2022-12-31,-,"51,250",api,alotMatter,"{""bsns_year"": ""2022"", ""corp_code"": ""00112882"", ""reprt_code"": ""11011""}",20230331004194,api_row,2026-09-11T10:56:52+09:00,000,run_20260911_103248_0406,raw/alotMatter/00112882_2022_11011.json,f33c129450a36bb69e2a6d0381529fe90d46d8ac161f48c4fad33c4c82af29f8,0
교보생명보험,생보,참고,00112882,교보생명보험,2022,11011,사업보고서,IFRS4,E,0,"보고서 사업연도 >= 2023 이면 IFRS17, 아니면 IFRS4",0,주식배당금총액(백만원),2022-12-31,-,0,api,alotMatter,"{""bsns_year"": ""2022"", ""corp_code"": ""00112882"", ""reprt_code"": ""11011""}",20230331004194,api_row,2026-09-11T10:56:52+09:00,000,run_20260911_103248_0406,raw/alotMatter/00112882_2022_11011.json,f33c129450a36bb69e2a6d0381529fe90d46d8ac161f48c4fad33c4c82af29f8,0
교보생명보험,생보,참고,00112882,교보생명보험,2022,11011,사업보고서,IFRS4,E,31.42,"보고서 사업연도 >= 2023 이면 IFRS17, 아니면 IFRS4",22.67,(연결)현금배당성향(%),2022-12-31,-,10.51,api,alotMatter,"{""bsns_year"": ""2022"", ""corp_code"": ""00112882"", ""reprt_code"": ""11011""}",20230331004194,api_row,2026-09-11T10:56:52+09:00,000,run_20260911_103248_0406,raw/alotMatter/00112882_2022_11011.json,f33c129450a36bb69e2a6d0381529fe90d46d8ac161f48c4fad33c4c82af29f8,0
교보생명보험,생보,참고,00112882,교보생명보험,2022,11011,사업보고서,IFRS4,E,-,"보고서 사업연도 >= 2023 이면 IFRS17, 아니면 IFRS4",-,현금배당수익률(%),2022-12-31,보통주,-,api,alotMatter,"{""bsns_year"": ""2022"", ""corp_code"": ""00112882"", ""reprt_code"": ""11011""}",20230331004194,api_row,2026-09-11T10:56:52+09:00,000,run_20260911_103248_0406,raw/alotMatter/00112882_2022_11011.json,f33c129450a36bb69e2a6d0381529fe90d46d8ac161f48c4fad33c4c82af29f8,0
교보생명보험,생보,참고,00112882,교보생명보험,2022,11011,사업보고서,IFRS4,E,-,"보고서 사업연도 >= 2023 이면 IFRS17, 아니면 IFRS4",-,현금배당수익률(%),2022-12-31,우선주,-,api,alotMatter,"{""bsns_year"": ""2022"", ""corp_code"": ""00112882"", ""reprt_code"": ""11011""}",20230331004194,api_row,2026-09-11T10:56:52+09:00,000,run_20260911_103248_0406,raw/alotMatter/00112882_2022_11011.json,f33c129450a36bb69e2a6d0381529fe90d46d8ac161f48c4fad33c4c82af29f8,0
교보생명보험,생보,참고,00112882,교보생명보험,2022,11011,사업보고서,IFRS4,E,-,"보고서 사업연도 >= 2023 이면 IFRS17, 아니면 IFRS4",-,주식배당수익률(%),2022-12-31,보통주,-,api,alotMatter,"{""bsns_year"": ""2022"", ""corp_code"": ""00112882"", ""reprt_code"": ""11011""}",20230331004194,api_row,2026-09-11T10:56:52+09:00,000,run_20260911_103248_0406,raw/alotMatter/00112882_2022_11011.json,f33c129450a36bb69e2a6d0381529fe90d46d8ac161f48c4fad33c4c82af29f8,0
교보생명보험,생보,참고,00112882,교보생명보험,2022,11011,사업보고서,IFRS4,E,-,"보고서 사업연도 >= 2023 이면 IFRS17, 아니면 IFRS4",-,주식배당수익률(%),2022-12-31,우선주,-,api,alotMatter,"{""bsns_year"": ""2022"", ""corp_code"": ""00112882"", ""reprt_code"": ""11011""}",20230331004194,api_row,2026-09-11T10:56:52+09:00,000,run_20260911_103248_0406,raw/alotMatter/00112882_2022_11011.json,f33c129450a36bb69e2a6d0381529fe90d46d8ac161f48c4fad33c4c82af29f8,0
교보생명보험,생보,참고,00112882,교보생명보험,2022,11011,사업보고서,IFRS4,E,"1,500","보고서 사업연도 >= 2023 이면 IFRS17, 아니면 IFRS4","1,000",주당 현금배당금(원),2022-12-31,보통주,500,api,alotMatter,"{""bsns_year"": ""2022"", ""corp_code"": ""00112882"", ""reprt_code"": ""11011""}",20230331004194,api_row,2026-09-11T10:56:52+09:00,000,run_20260911_103248_0406,raw/alotMatter/00112882_2022_11011.json,f33c129450a36bb69e2a6d0381529fe90d46d8ac161f48c4fad33c4c82af29f8,0
교보생명보험,생보,참고,00112882,교보생명보험,2022,11011,사업보고서,IFRS4,E,0,"보고서 사업연도 >= 2023 이면 IFRS17, 아니면 IFRS4",0,주당 현금배당금(원),2022-12-31,우선주,0,api,alotMatter,"{""bsns_year"": ""2022"", ""corp_code"": ""00112882"", ""reprt_code"": ""11011""}",20230331004194,api_row,2026-09-11T10:56:52+09:00,000,run_20260911_103248_0406,raw/alotMatter/00112882_2022_11011.json,f33c129450a36bb69e2a6d0381529fe90d46d8ac161f48c4fad33c4c82af29f8,0
교보생명보험,생보,참고,00112882,교보생명보험,2022,11011,사업보고서,IFRS4,E,0,"보고서 사업연도 >= 2023 이면 IFRS17, 아니면 IFRS4",0,주당 주식배당(주),2022-12-31,보통주,0,api,alotMatter,"{""bsns_year"": ""2022"", ""corp_code"": ""00112882"", ""reprt_code"": ""11011""}",20230331004194,api_row,2026-09-11T10:56:52+09:00,000,run_20260911_103248_0406,raw/alotMatter/00112882_2022_11011.json,f33c129450a36bb69e2a6d0381529fe90d46d8ac161f48c4fad33c4c82af29f8,0
교보생명보험,생보,참고,00112882,교보생명보험,2022,11011,사업보고서,IFRS4,E,0,"보고서 사업연도 >= 2023 이면 IFRS17, 아니면 IFRS4",0,주당 주식배당(주),2022-12-31,우선주,0,api,alotMatter,"{""bsns_year"": ""2022"", ""corp_code"": ""00112882"", ""reprt_code"": ""11011""}",20230331004194,api_row,2026-09-11T10:56:52+09:00,000,run_20260911_103248_0406,raw/alotMatter/00112882_2022_11011.json,f33c129450a36bb69e2a6d0381529fe90d46d8ac161f48c4fad33c4c82af29f8,0
교보생명보험,생보,참고,00112882,교보생명보험,2023,11011,사업보고서,IFRS17,E,"1,000","보고서 사업연도 >= 2023 이면 IFRS17, 아니면 IFRS4","1,000",주당액면가액(원),2023-12-31,-,"1,000",api,alotMatter,"{""bsns_year"": ""2023"", ""corp_code"": ""00112882"", ""reprt_code"": ""11011""}",20240430000629,api_row,2026-09-11T10:57:13+09:00,000,run_20260911_103248_0415,raw/alotMatter/00112882_2023_11011.json,8499f3049d10c00d9a23c8fa77df81507ea55a376ad70f2bb1acedb7965cf156,0
교보생명보험,생보,참고,00112882,교보생명보험,2023,11011,사업보고서,IFRS17,E,"487,563","보고서 사업연도 >= 2023 이면 IFRS17, 아니면 IFRS4","489,316",(연결)당기순이익(백만원),2023-12-31,-,"475,364",api,alotMatter,"{""bsns_year"": ""2023"", ""corp_code"": ""00112882"", ""reprt_code"": ""11011""}",20240430000629,api_row,2026-09-11T10:57:13+09:00,000,run_20260911_103248_0415,raw/alotMatter/00112882_2023_11011.json,8499f3049d10c00d9a23c8fa77df81507ea55a376ad70f2bb1acedb7965cf156,0
교보생명보험,생보,참고,00112882,교보생명보험,2023,11011,사업보고서,IFRS17,E,"395,211","보고서 사업연도 >= 2023 이면 IFRS17, 아니면 IFRS4","396,443",(별도)당기순이익(백만원),2023-12-31,-,"489,082",api,alotMatter,"{""bsns_year"": ""2023"", ""corp_code"": ""00112882"", ""reprt_code"": ""11011""}",20240430000629,api_row,2026-09-11T10:57:13+09:00,000,run_20260911_103248_0415,raw/alotMatter/00112882_2023_11011.json,8499f3049d10c00d9a23c8fa77df81507ea55a376ad70f2bb1acedb7965cf156,0
교보생명보험,생보,참고,00112882,교보생명보험,2023,11011,사업보고서,IFRS17,E,"4,241","보고서 사업연도 >= 2023 이면 IFRS17, 아니면 IFRS4","4,497",(연결)주당순이익(원),2023-12-31,-,"3,941",api,alotMatter,"{""bsns_year"": ""2023"", ""corp_code"": ""00112882"", ""reprt_code"": ""11011""}",20240430000629,api_row,2026-09-11T10:57:13+09:00,000,run_20260911_103248_0415,raw/alotMatter/00112882_2023_11011.json,8499f3049d10c00d9a23c8fa77df81507ea55a376ad70f2bb1acedb7965cf156,0
교보생명보험,생보,참고,00112882,교보생명보험,2023,11011,사업보고서,IFRS17,E,"51,250","보고서 사업연도 >= 2023 이면 IFRS17, 아니면 IFRS4","153,750",현금배당금총액(백만원),2023-12-31,-,0,api,alotMatter,"{""bsns_year"": ""2023"", ""corp_code"": ""00112882"", ""reprt_code"": ""11011""}",20240430000629,api_row,2026-09-11T10:57:13+09:00,000,run_20260911_103248_0415,raw/alotMatter/00112882_2023_11011.json,8499f3049d10c00d9a23c8fa77df81507ea55a376ad70f2bb1acedb7965cf156,0
교보생명보험,생보,참고,00112882,교보생명보험,2023,11011,사업보고서,IFRS17,E,0,"보고서 사업연도 >= 2023 이면 IFRS17, 아니면 IFRS4",0,주식배당금총액(백만원),2023-12-31,-,0,api,alotMatter,"{""bsns_year"": ""2023"", ""corp_code"": ""00112882"", ""reprt_code"": ""11011""}",20240430000629,api_row,2026-09-11T10:57:13+09:00,000,run_20260911_103248_0415,raw/alotMatter/00112882_2023_11011.json,8499f3049d10c00d9a23c8fa77df81507ea55a376ad70f2bb1acedb7965cf156,0
교보생명보험,생보,참고,00112882,교보생명보험,2023,11011,사업보고서,IFRS17,E,10.51,"보고서 사업연도 >= 2023 이면 IFRS17, 아니면 IFRS4",31.42,(연결)현금배당성향(%),2023-12-31,-,-,api,alotMatter,"{""bsns_year"": ""2023"", ""corp_code"": ""00112882"", ""reprt_code"": ""11011""}",20240430000629,api_row,2026-09-11T10:57:13+09:00,000,run_20260911_103248_0415,raw/alotMatter/00112882_2023_11011.json,8499f3049d10c00d9a23c8fa77df81507ea55a376ad70f2bb1acedb7965cf156,0
교보생명보험,생보,참고,00112882,교보생명보험,2023,11011,사업보고서,IFRS17,E,-,"보고서 사업연도 >= 2023 이면 IFRS17, 아니면 IFRS4",-,현금배당수익률(%),2023-12-31,보통주,-,api,alotMatter,"{""bsns_year"": ""2023"", ""corp_code"": ""00112882"", ""reprt_code"": ""11011""}",20240430000629,api_row,2026-09-11T10:57:13+09:00,000,run_20260911_103248_0415,raw/alotMatter/00112882_2023_11011.json,8499f3049d10c00d9a23c8fa77df81507ea55a376ad70f2bb1acedb7965cf156,0
교보생명보험,생보,참고,00112882,교보생명보험,2023,11011,사업보고서,IFRS17,E,-,"보고서 사업연도 >= 2023 이면 IFRS17, 아니면 IFRS4",-,현금배당수익률(%),2023-12-31,우선주,-,api,alotMatter,"{""bsns_year"": ""2023"", ""corp_code"": ""00112882"", ""reprt_code"": ""11011""}",20240430000629,api_row,2026-09-11T10:57:13+09:00,000,run_20260911_103248_0415,raw/alotMatter/00112882_2023_11011.json,8499f3049d10c00d9a23c8fa77df81507ea55a376ad70f2bb1acedb7965cf156,0
교보생명보험,생보,참고,00112882,교보생명보험,2023,11011,사업보고서,IFRS17,E,-,"보고서 사업연도 >= 2023 이면 IFRS17, 아니면 IFRS4",-,주식배당수익률(%),2023-12-31,보통주,-,api,alotMatter,"{""bsns_year"": ""2023"", ""corp_code"": ""00112882"", ""reprt_code"": ""11011""}",20240430000629,api_row,2026-09-11T10:57:13+09:00,000,run_20260911_103248_0415,raw/alotMatter/00112882_2023_11011.json,8499f3049d10c00d9a23c8fa77df81507ea55a376ad70f2bb1acedb7965cf156,0
교보생명보험,생보,참고,00112882,교보생명보험,2023,11011,사업보고서,IFRS17,E,-,"보고서 사업연도 >= 2023 이면 IFRS17, 아니면 IFRS4",-,주식배당수익률(%),2023-12-31,우선주,-,api,alotMatter,"{""bsns_year"": ""2023"", ""corp_code"": ""00112882"", ""reprt_code"": ""11011""}",20240430000629,api_row,2026-09-11T10:57:13+09:00,000,run_20260911_103248_0415,raw/alotMatter/00112882_2023_11011.json,8499f3049d10c00d9a23c8fa77df81507ea55a376ad70f2bb1acedb7965cf156,0
교보생명보험,생보,참고,00112882,교보생명보험,2023,11011,사업보고서,IFRS17,E,500,"보고서 사업연도 >= 2023 이면 IFRS17, 아니면 IFRS4","1,500",주당 현금배당금(원),2023-12-31,보통주,0,api,alotMatter,"{""bsns_year"": ""2023"", ""corp_code"": ""00112882"", ""reprt_code"": ""11011""}",20240430000629,api_row,2026-09-11T10:57:13+09:00,000,run_20260911_103248_0415,raw/alotMatter/00112882_2023_11011.json,8499f3049d10c00d9a23c8fa77df81507ea55a376ad70f2bb1acedb7965cf156,0
교보생명보험,생보,참고,00112882,교보생명보험,2023,11011,사업보고서,IFRS17,E,0,"보고서 사업연도 >= 2023 이면 IFRS17, 아니면 IFRS4",0,주당 현금배당금(원),2023-12-31,우선주,0,api,alotMatter,"{""bsns_year"": ""2023"", ""corp_code"": ""00112882"", ""reprt_code"": ""11011""}",20240430000629,api_row,2026-09-11T10:57:13+09:00,000,run_20260911_103248_0415,raw/alotMatter/00112882_2023_11011.json,8499f3049d10c00d9a23c8fa77df81507ea55a376ad70f2bb1acedb7965cf156,0
교보생명보험,생보,참고,00112882,교보생명보험,2023,11011,사업보고서,IFRS17,E,0,"보고서 사업연도 >= 2023 이면 IFRS17, 아니면 IFRS4",0,주당 주식배당(주),2023-12-31,보통주,0,api,alotMatter,"{""bsns_year"": ""2023"", ""corp_code"": ""00112882"", ""reprt_code"": ""11011""}",20240430000629,api_row,2026-09-11T10:57:13+09:00,000,run_20260911_103248_0415,raw/alotMatter/00112882_2023_11011.json,8499f3049d10c00d9a23c8fa77df81507ea55a376ad70f2bb1acedb7965cf156,0
교보생명보험,생보,참고,00112882,교보생명보험,2023,11011,사업보고서,IFRS17,E,0,"보고서 사업연도 >= 2023 이면 IFRS17, 아니면 IFRS4",0,주당 주식배당(주),2023-12-31,우선주,0,api,alotMatter,"{""bsns_year"": ""2023"", ""corp_code"": ""00112882"", ""reprt_code"": ""11011""}",20240430000629,api_row,2026-09-11T10:57:13+09:00,000,run_20260911_103248_0415,raw/alotMatter/00112882_2023_11011.json,8499f3049d10c00d9a23c8fa77df81507ea55a376ad70f2bb1acedb7965cf156,0
교보생명보험,생보,참고,00112882,교보생명보험,2024,11011,사업보고서,IFRS17,E,"1,000","보고서 사업연도 >= 2023 이면 IFRS17, 아니면 IFRS4","1,000",주당액면가액(원),2024-12-31,-,"1,000",api,alotMatter,"{""bsns_year"": ""2024"", ""corp_code"": ""00112882"", ""reprt_code"": ""11011""}",20250515002959,api_row,2026-09-11T10:58:00+09:00,000,run_20260911_103248_0424,raw/alotMatter/00112882_2024_11011.json,7245e60c2f498cad905d3ad8fbd211e1802cd9bc75b608736bf5a30b3806d966,0
교보생명보험,생보,참고,00112882,교보생명보험,2024,11011,사업보고서,IFRS17,E,"475,364","보고서 사업연도 >= 2023 이면 IFRS17, 아니면 IFRS4","487,563",(연결)당기순이익(백만원),2024-12-31,-,"669,304",api,alotMatter,"{""bsns_year"": ""2024"", ""corp_code"": ""00112882"", ""reprt_code"": ""11011""}",20250515002959,api_row,2026-09-11T10:58:00+09:00,000,run_20260911_103248_0424,raw/alotMatter/00112882_2024_11011.json,7245e60c2f498cad905d3ad8fbd211e1802cd9bc75b608736bf5a30b3806d966,0
교보생명보험,생보,참고,00112882,교보생명보험,2024,11011,사업보고서,IFRS17,E,"489,082","보고서 사업연도 >= 2023 이면 IFRS17, 아니면 IFRS4","395,211",(별도)당기순이익(백만원),2024-12-31,-,"698,736",api,alotMatter,"{""bsns_year"": ""2024"", ""corp_code"": ""00112882"", ""reprt_code"": ""11011""}",20250515002959,api_row,2026-09-11T10:58:00+09:00,000,run_20260911_103248_0424,raw/alotMatter/00112882_2024_11011.json,7245e60c2f498cad905d3ad8fbd211e1802cd9bc75b608736bf5a30b3806d966,0
교보생명보험,생보,참고,00112882,교보생명보험,2024,11011,사업보고서,IFRS17,E,"3,941","보고서 사업연도 >= 2023 이면 IFRS17, 아니면 IFRS4","4,241",(연결)주당순이익(원),2024-12-31,-,"5,752",api,alotMatter,"{""bsns_year"": ""2024"", ""corp_code"": ""00112882"", ""reprt_code"": ""11011""}",20250515002959,api_row,2026-09-11T10:58:00+09:00,000,run_20260911_103248_0424,raw/alotMatter/00112882_2024_11011.json,7245e60c2f498cad905d3ad8fbd211e1802cd9bc75b608736bf5a30b3806d966,0
교보생명보험,생보,참고,00112882,교보생명보험,2024,11011,사업보고서,IFRS17,E,0,"보고서 사업연도 >= 2023 이면 IFRS17, 아니면 IFRS4","51,250",현금배당금총액(백만원),2024-12-31,-,"120,487",api,alotMatter,"{""bsns_year"": ""2024"", ""corp_code"": ""00112882"", ""reprt_code"": ""11011""}",20250515002959,api_row,2026-09-11T10:58:00+09:00,000,run_20260911_103248_0424,raw/alotMatter/00112882_2024_11011.json,7245e60c2f498cad905d3ad8fbd211e1802cd9bc75b608736bf5a30b3806d966,0
교보생명보험,생보,참고,00112882,교보생명보험,2024,11011,사업보고서,IFRS17,E,0,"보고서 사업연도 >= 2023 이면 IFRS17, 아니면 IFRS4",0,주식배당금총액(백만원),2024-12-31,-,0,api,alotMatter,"{""bsns_year"": ""2024"", ""corp_code"": ""00112882"", ""reprt_code"": ""11011""}",20250515002959,api_row,2026-09-11T10:58:00+09:00,000,run_20260911_103248_0424,raw/alotMatter/00112882_2024_11011.json,7245e60c2f498cad905d3ad8fbd211e1802cd9bc75b608736bf5a30b3806d966,0
교보생명보험,생보,참고,00112882,교보생명보험,2024,11011,사업보고서,IFRS17,E,-,"보고서 사업연도 >= 2023 이면 IFRS17, 아니면 IFRS4",10.51,(연결)현금배당성향(%),2024-12-31,-,18.00,api,alotMatter,"{""bsns_year"": ""2024"", ""corp_code"": ""00112882"", ""reprt_code"": ""11011""}",20250515002959,api_row,2026-09-11T10:58:00+09:00,000,run_20260911_103248_0424,raw/alotMatter/00112882_2024_11011.json,7245e60c2f498cad905d3ad8fbd211e1802cd9bc75b608736bf5a30b3806d966,0
교보생명보험,생보,참고,00112882,교보생명보험,2024,11011,사업보고서,IFRS17,E,-,"보고서 사업연도 >= 2023 이면 IFRS17, 아니면 IFRS4",-,현금배당수익률(%),2024-12-31,보통주,-,api,alotMatter,"{""bsns_year"": ""2024"", ""corp_code"": ""00112882"", ""reprt_code"": ""11011""}",20250515002959,api_row,2026-09-11T10:58:00+09:00,000,run_20260911_103248_0424,raw/alotMatter/00112882_2024_11011.json,7245e60c2f498cad905d3ad8fbd211e1802cd9bc75b608736bf5a30b3806d966,0
교보생명보험,생보,참고,00112882,교보생명보험,2024,11011,사업보고서,IFRS17,E,-,"보고서 사업연도 >= 2023 이면 IFRS17, 아니면 IFRS4",-,현금배당수익률(%),2024-12-31,우선주,-,api,alotMatter,"{""bsns_year"": ""2024"", ""corp_code"": ""00112882"", ""reprt_code"": ""11011""}",20250515002959,api_row,2026-09-11T10:58:00+09:00,000,run_20260911_103248_0424,raw/alotMatter/00112882_2024_11011.json,7245e60c2f498cad905d3ad8fbd211e1802cd9bc75b608736bf5a30b3806d966,0
교보생명보험,생보,참고,00112882,교보생명보험,2024,11011,사업보고서,IFRS17,E,-,"보고서 사업연도 >= 2023 이면 IFRS17, 아니면 IFRS4",-,주식배당수익률(%),2024-12-31,보통주,-,api,alotMatter,"{""bsns_year"": ""2024"", ""corp_code"": ""00112882"", ""reprt_code"": ""11011""}",20250515002959,api_row,2026-09-11T10:58:00+09:00,000,run_20260911_103248_0424,raw/alotMatter/00112882_2024_11011.json,7245e60c2f498cad905d3ad8fbd211e1802cd9bc75b608736bf5a30b3806d966,0
교보생명보험,생보,참고,00112882,교보생명보험,2024,11011,사업보고서,IFRS17,E,-,"보고서 사업연도 >= 2023 이면 IFRS17, 아니면 IFRS4",-,주식배당수익률(%),2024-12-31,우선주,-,api,alotMatter,"{""bsns_year"": ""2024"", ""corp_code"": ""00112882"", ""reprt_code"": ""11011""}",20250515002959,api_row,2026-09-11T10:58:00+09:00,000,run_20260911_103248_0424,raw/alotMatter/00112882_2024_11011.json,7245e60c2f498cad905d3ad8fbd211e1802cd9bc75b608736bf5a30b3806d966,0
교보생명보험,생보,참고,00112882,교보생명보험,2024,11011,사업보고서,IFRS17,E,0,"보고서 사업연도 >= 2023 이면 IFRS17, 아니면 IFRS4",500,주당 현금배당금(원),2024-12-31,보통주,"1,200",api,alotMatter,"{""bsns_year"": ""2024"", ""corp_code"": ""00112882"", ""reprt_code"": ""11011""}",20250515002959,api_row,2026-09-11T10:58:00+09:00,000,run_20260911_103248_0424,raw/alotMatter/00112882_2024_11011.json,7245e60c2f498cad905d3ad8fbd211e1802cd9bc75b608736bf5a30b3806d966,0
교보생명보험,생보,참고,00112882,교보생명보험,2024,11011,사업보고서,IFRS17,E,0,"보고서 사업연도 >= 2023 이면 IFRS17, 아니면 IFRS4",0,주당 현금배당금(원),2024-12-31,우선주,0,api,alotMatter,"{""bsns_year"": ""2024"", ""corp_code"": ""00112882"", ""reprt_code"": ""11011""}",20250515002959,api_row,2026-09-11T10:58:00+09:00,000,run_20260911_103248_0424,raw/alotMatter/00112882_2024_11011.json,7245e60c2f498cad905d3ad8fbd211e1802cd9bc75b608736bf5a30b3806d966,0
교보생명보험,생보,참고,00112882,교보생명보험,2024,11011,사업보고서,IFRS17,E,0,"보고서 사업연도 >= 2023 이면 IFRS17, 아니면 IFRS4",0,주당 주식배당(주),2024-12-31,보통주,0,api,alotMatter,"{""bsns_year"": ""2024"", ""corp_code"": ""00112882"", ""reprt_code"": ""11011""}",20250515002959,api_row,2026-09-11T10:58:00+09:00,000,run_20260911_103248_0424,raw/alotMatter/00112882_2024_11011.json,7245e60c2f498cad905d3ad8fbd211e1802cd9bc75b608736bf5a30b3806d966,0
교보생명보험,생보,참고,00112882,교보생명보험,2024,11011,사업보고서,IFRS17,E,0,"보고서 사업연도 >= 2023 이면 IFRS17, 아니면 IFRS4",0,주당 주식배당(주),2024-12-31,우선주,0,api,alotMatter,"{""bsns_year"": ""2024"", ""corp_code"": ""00112882"", ""reprt_code"": ""11011""}",20250515002959,api_row,2026-09-11T10:58:00+09:00,000,run_20260911_103248_0424,raw/alotMatter/00112882_2024_11011.json,7245e60c2f498cad905d3ad8fbd211e1802cd9bc75b608736bf5a30b3806d966,0
교보생명보험,생보,참고,00112882,교보생명보험,2025,11011,사업보고서,IFRS17,E,"1,000","보고서 사업연도 >= 2023 이면 IFRS17, 아니면 IFRS4","1,000",주당액면가액(원),2025-12-31,-,"1,000",api,alotMatter,"{""bsns_year"": ""2025"", ""corp_code"": ""00112882"", ""reprt_code"": ""11011""}",20260813001068,api_row,2026-09-11T10:58:43+09:00,000,run_20260911_103248_0433,raw/alotMatter/00112882_2025_11011.json,b621a7701d993a7cbc43e0382a8b1beb2b7c7f5811ddf1bd21cf4b8ffdbb054a,0
교보생명보험,생보,참고,00112882,교보생명보험,2025,11011,사업보고서,IFRS17,E,"669,304","보고서 사업연도 >= 2023 이면 IFRS17, 아니면 IFRS4","475,364",(연결)당기순이익(백만원),2025-12-31,-,"752,270",api,alotMatter,"{""bsns_year"": ""2025"", ""corp_code"": ""00112882"", ""reprt_code"": ""11011""}",20260813001068,api_row,2026-09-11T10:58:43+09:00,000,run_20260911_103248_0433,raw/alotMatter/00112882_2025_11011.json,b621a7701d993a7cbc43e0382a8b1beb2b7c7f5811ddf1bd21cf4b8ffdbb054a,0
교보생명보험,생보,참고,00112882,교보생명보험,2025,11011,사업보고서,IFRS17,E,"698,736","보고서 사업연도 >= 2023 이면 IFRS17, 아니면 IFRS4","489,082",(별도)당기순이익(백만원),2025-12-31,-,"763,210",api,alotMatter,"{""bsns_year"": ""2025"", ""corp_code"": ""00112882"", ""reprt_code"": ""11011""}",20260813001068,api_row,2026-09-11T10:58:43+09:00,000,run_20260911_103248_0433,raw/alotMatter/00112882_2025_11011.json,b621a7701d993a7cbc43e0382a8b1beb2b7c7f5811ddf1bd21cf4b8ffdbb054a,0
교보생명보험,생보,참고,00112882,교보생명보험,2025,11011,사업보고서,IFRS17,E,"5,752","보고서 사업연도 >= 2023 이면 IFRS17, 아니면 IFRS4","3,941",(연결)주당순이익(원),2025-12-31,-,"6,339",api,alotMatter,"{""bsns_year"": ""2025"", ""corp_code"": ""00112882"", ""reprt_code"": ""11011""}",20260813001068,api_row,2026-09-11T10:58:43+09:00,000,run_20260911_103248_0433,raw/alotMatter/00112882_2025_11011.json,b621a7701d993a7cbc43e0382a8b1beb2b7c7f5811ddf1bd21cf4b8ffdbb054a,0
교보생명보험,생보,참고,00112882,교보생명보험,2025,11011,사업보고서,IFRS17,E,"120,487","보고서 사업연도 >= 2023 이면 IFRS17, 아니면 IFRS4",0,현금배당금총액(백만원),2025-12-31,-,"119,488",api,alotMatter,"{""bsns_year"": ""2025"", ""corp_code"": ""00112882"", ""reprt_code"": ""11011""}",20260813001068,api_row,2026-09-11T10:58:43+09:00,000,run_20260911_103248_0433,raw/alotMatter/00112882_2025_11011.json,b621a7701d993a7cbc43e0382a8b1beb2b7c7f5811ddf1bd21cf4b8ffdbb054a,0
교보생명보험,생보,참고,00112882,교보생명보험,2025,11011,사업보고서,IFRS17,E,0,"보고서 사업연도 >= 2023 이면 IFRS17, 아니면 IFRS4",0,주식배당금총액(백만원),2025-12-31,-,0,api,alotMatter,"{""bsns_year"": ""2025"", ""corp_code"": ""00112882"", ""reprt_code"": ""11011""}",20260813001068,api_row,2026-09-11T10:58:43+09:00,000,run_20260911_103248_0433,raw/alotMatter/00112882_2025_11011.json,b621a7701d993a7cbc43e0382a8b1beb2b7c7f5811ddf1bd21cf4b8ffdbb054a,0
교보생명보험,생보,참고,00112882,교보생명보험,2025,11011,사업보고서,IFRS17,E,18.00,"보고서 사업연도 >= 2023 이면 IFRS17, 아니면 IFRS4",-,(연결)현금배당성향(%),2025-12-31,-,15.88,api,alotMatter,"{""bsns_year"": ""2025"", ""corp_code"": ""00112882"", ""reprt_code"": ""11011""}",20260813001068,api_row,2026-09-11T10:58:43+09:00,000,run_20260911_103248_0433,raw/alotMatter/00112882_2025_11011.json,b621a7701d993a7cbc43e0382a8b1beb2b7c7f5811ddf1bd21cf4b8ffdbb054a,0
교보생명보험,생보,참고,00112882,교보생명보험,2025,11011,사업보고서,IFRS17,E,-,"보고서 사업연도 >= 2023 이면 IFRS17, 아니면 IFRS4",-,현금배당수익률(%),2025-12-31,보통주,-,api,alotMatter,"{""bsns_year"": ""2025"", ""corp_code"": ""00112882"", ""reprt_code"": ""11011""}",20260813001068,api_row,2026-09-11T10:58:43+09:00,000,run_20260911_103248_0433,raw/alotMatter/00112882_2025_11011.json,b621a7701d993a7cbc43e0382a8b1beb2b7c7f5811ddf1bd21cf4b8ffdbb054a,0
교보생명보험,생보,참고,00112882,교보생명보험,2025,11011,사업보고서,IFRS17,E,-,"보고서 사업연도 >= 2023 이면 IFRS17, 아니면 IFRS4",-,현금배당수익률(%),2025-12-31,우선주,-,api,alotMatter,"{""bsns_year"": ""2025"", ""corp_code"": ""00112882"", ""reprt_code"": ""11011""}",20260813001068,api_row,2026-09-11T10:58:43+09:00,000,run_20260911_103248_0433,raw/alotMatter/00112882_2025_11011.json,b621a7701d993a7cbc43e0382a8b1beb2b7c7f5811ddf1bd21cf4b8ffdbb054a,0
교보생명보험,생보,참고,00112882,교보생명보험,2025,11011,사업보고서,IFRS17,E,-,"보고서 사업연도 >= 2023 이면 IFRS17, 아니면 IFRS4",-,주식배당수익률(%),2025-12-31,보통주,-,api,alotMatter,"{""bsns_year"": ""2025"", ""corp_code"": ""00112882"", ""reprt_code"": ""11011""}",20260813001068,api_row,2026-09-11T10:58:43+09:00,000,run_20260911_103248_0433,raw/alotMatter/00112882_2025_11011.json,b621a7701d993a7cbc43e0382a8b1beb2b7c7f5811ddf1bd21cf4b8ffdbb054a,0
교보생명보험,생보,참고,00112882,교보생명보험,2025,11011,사업보고서,IFRS17,E,-,"보고서 사업연도 >= 2023 이면 IFRS17, 아니면 IFRS4",-,주식배당수익률(%),2025-12-31,우선주,-,api,alotMatter,"{""bsns_year"": ""2025"", ""corp_code"": ""00112882"", ""reprt_code"": ""11011""}",20260813001068,api_row,2026-09-11T10:58:43+09:00,000,run_20260911_103248_0433,raw/alotMatter/00112882_2025_11011.json,b621a7701d993a7cbc43e0382a8b1beb2b7c7f5811ddf1bd21cf4b8ffdbb054a,0
교보생명보험,생보,참고,00112882,교보생명보험,2025,11011,사업보고서,IFRS17,E,"1,200","보고서 사업연도 >= 2023 이면 IFRS17, 아니면 IFRS4",0,주당 현금배당금(원),2025-12-31,보통주,"1,190",api,alotMatter,"{""bsns_year"": ""2025"", ""corp_code"": ""00112882"", ""reprt_code"": ""11011""}",20260813001068,api_row,2026-09-11T10:58:43+09:00,000,run_20260911_103248_0433,raw/alotMatter/00112882_2025_11011.json,b621a7701d993a7cbc43e0382a8b1beb2b7c7f5811ddf1bd21cf4b8ffdbb054a,0
교보생명보험,생보,참고,00112882,교보생명보험,2025,11011,사업보고서,IFRS17,E,0,"보고서 사업연도 >= 2023 이면 IFRS17, 아니면 IFRS4",0,주당 현금배당금(원),2025-12-31,우선주,0,api,alotMatter,"{""bsns_year"": ""2025"", ""corp_code"": ""00112882"", ""reprt_code"": ""11011""}",20260813001068,api_row,2026-09-11T10:58:43+09:00,000,run_20260911_103248_0433,raw/alotMatter/00112882_2025_11011.json,b621a7701d993a7cbc43e0382a8b1beb2b7c7f5811ddf1bd21cf4b8ffdbb054a,0
교보생명보험,생보,참고,00112882,교보생명보험,2025,11011,사업보고서,IFRS17,E,0,"보고서 사업연도 >= 2023 이면 IFRS17, 아니면 IFRS4",0,주당 주식배당(주),2025-12-31,보통주,0,api,alotMatter,"{""bsns_year"": ""2025"", ""corp_code"": ""00112882"", ""reprt_code"": ""11011""}",20260813001068,api_row,2026-09-11T10:58:43+09:00,000,run_20260911_103248_0433,raw/alotMatter/00112882_2025_11011.json,b621a7701d993a7cbc43e0382a8b1beb2b7c7f5811ddf1bd21cf4b8ffdbb054a,0
교보생명보험,생보,참고,00112882,교보생명보험,2025,11011,사업보고서,IFRS17,E,0,"보고서 사업연도 >= 2023 이면 IFRS17, 아니면 IFRS4",0,주당 주식배당(주),2025-12-31,우선주,0,api,alotMatter,"{""bsns_year"": ""2025"", ""corp_code"": ""00112882"", ""reprt_code"": ""11011""}",20260813001068,api_row,2026-09-11T10:58:43+09:00,000,run_20260911_103248_0433,raw/alotMatter/00112882_2025_11011.json,b621a7701d993a7cbc43e0382a8b1beb2b7c7f5811ddf1bd21cf4b8ffdbb054a,0
교보생명보험,생보,참고,00112882,교보생명보험,2025,11012,반기보고서,IFRS17,E,"1,000","보고서 사업연도 >= 2023 이면 IFRS17, 아니면 IFRS4","1,000",주당액면가액(원),2025-06-30,-,"1,000",api,alotMatter,"{""bsns_year"": ""2025"", ""corp_code"": ""00112882"", ""reprt_code"": ""11012""}",20250829000755,api_row,2026-09-11T10:59:25+09:00,000,run_20260911_103248_0442,raw/alotMatter/00112882_2025_11012.json,26b128cb030dd6602d0ad159b65421c9648d3d9e70a31fac362db26f85d73a50,0
교보생명보험,생보,참고,00112882,교보생명보험,2025,11012,반기보고서,IFRS17,E,"669,304","보고서 사업연도 >= 2023 이면 IFRS17, 아니면 IFRS4","475,364",(연결)당기순이익(백만원),2025-06-30,-,"582,366",api,alotMatter,"{""bsns_year"": ""2025"", ""corp_code"": ""00112882"", ""reprt_code"": ""11012""}",20250829000755,api_row,2026-09-11T10:59:25+09:00,000,run_20260911_103248_0442,raw/alotMatter/00112882_2025_11012.json,26b128cb030dd6602d0ad159b65421c9648d3d9e70a31fac362db26f85d73a50,0
교보생명보험,생보,참고,00112882,교보생명보험,2025,11012,반기보고서,IFRS17,E,"698,736","보고서 사업연도 >= 2023 이면 IFRS17, 아니면 IFRS4","489,082",(별도)당기순이익(백만원),2025-06-30,-,"585,307",api,alotMatter,"{""bsns_year"": ""2025"", ""corp_code"": ""00112882"", ""reprt_code"": ""11012""}",20250829000755,api_row,2026-09-11T10:59:25+09:00,000,run_20260911_103248_0442,raw/alotMatter/00112882_2025_11012.json,26b128cb030dd6602d0ad159b65421c9648d3d9e70a31fac362db26f85d73a50,0
교보생명보험,생보,참고,00112882,교보생명보험,2025,11012,반기보고서,IFRS17,E,"5,752","보고서 사업연도 >= 2023 이면 IFRS17, 아니면 IFRS4","3,941",(연결)주당순이익(원),2025-06-30,-,"5,232",api,alotMatter,"{""bsns_year"": ""2025"", ""corp_code"": ""00112882"", ""reprt_code"": ""11012""}",20250829000755,api_row,2026-09-11T10:59:25+09:00,000,run_20260911_103248_0442,raw/alotMatter/00112882_2025_11012.json,26b128cb030dd6602d0ad159b65421c9648d3d9e70a31fac362db26f85d73a50,0
교보생명보험,생보,참고,00112882,교보생명보험,2025,11012,반기보고서,IFRS17,E,"120,487","보고서 사업연도 >= 2023 이면 IFRS17, 아니면 IFRS4",0,현금배당금총액(백만원),2025-06-30,-,0,api,alotMatter,"{""bsns_year"": ""2025"", ""corp_code"": ""00112882"", ""reprt_code"": ""11012""}",20250829000755,api_row,2026-09-11T10:59:25+09:00,000,run_20260911_103248_0442,raw/alotMatter/00112882_2025_11012.json,26b128cb030dd6602d0ad159b65421c9648d3d9e70a31fac362db26f85d73a50,0
교보생명보험,생보,참고,00112882,교보생명보험,2025,11012,반기보고서,IFRS17,E,0,"보고서 사업연도 >= 2023 이면 IFRS17, 아니면 IFRS4",0,주식배당금총액(백만원),2025-06-30,-,0,api,alotMatter,"{""bsns_year"": ""2025"", ""corp_code"": ""00112882"", ""reprt_code"": ""11012""}",20250829000755,api_row,2026-09-11T10:59:25+09:00,000,run_20260911_103248_0442,raw/alotMatter/00112882_2025_11012.json,26b128cb030dd6602d0ad159b65421c9648d3d9e70a31fac362db26f85d73a50,0
교보생명보험,생보,참고,00112882,교보생명보험,2025,11012,반기보고서,IFRS17,E,18.00,"보고서 사업연도 >= 2023 이면 IFRS17, 아니면 IFRS4",-,(연결)현금배당성향(%),2025-06-30,-,-,api,alotMatter,"{""bsns_year"": ""2025"", ""corp_code"": ""00112882"", ""reprt_code"": ""11012""}",20250829000755,api_row,2026-09-11T10:59:25+09:00,000,run_20260911_103248_0442,raw/alotMatter/00112882_2025_11012.json,26b128cb030dd6602d0ad159b65421c9648d3d9e70a31fac362db26f85d73a50,0
교보생명보험,생보,참고,00112882,교보생명보험,2025,11012,반기보고서,IFRS17,E,-,"보고서 사업연도 >= 2023 이면 IFRS17, 아니면 IFRS4",-,현금배당수익률(%),2025-06-30,보통주,-,api,alotMatter,"{""bsns_year"": ""2025"", ""corp_code"": ""00112882"", ""reprt_code"": ""11012""}",20250829000755,api_row,2026-09-11T10:59:25+09:00,000,run_20260911_103248_0442,raw/alotMatter/00112882_2025_11012.json,26b128cb030dd6602d0ad159b65421c9648d3d9e70a31fac362db26f85d73a50,0
교보생명보험,생보,참고,00112882,교보생명보험,2025,11012,반기보고서,IFRS17,E,-,"보고서 사업연도 >= 2023 이면 IFRS17, 아니면 IFRS4",-,현금배당수익률(%),2025-06-30,우선주,-,api,alotMatter,"{""bsns_year"": ""2025"", ""corp_code"": ""00112882"", ""reprt_code"": ""11012""}",20250829000755,api_row,2026-09-11T10:59:25+09:00,000,run_20260911_103248_0442,raw/alotMatter/00112882_2025_11012.json,26b128cb030dd6602d0ad159b65421c9648d3d9e70a31fac362db26f85d73a50,0
교보생명보험,생보,참고,00112882,교보생명보험,2025,11012,반기보고서,IFRS17,E,-,"보고서 사업연도 >= 2023 이면 IFRS17, 아니면 IFRS4",-,주식배당수익률(%),2025-06-30,보통주,-,api,alotMatter,"{""bsns_year"": ""2025"", ""corp_code"": ""00112882"", ""reprt_code"": ""11012""}",20250829000755,api_row,2026-09-11T10:59:25+09:00,000,run_20260911_103248_0442,raw/alotMatter/00112882_2025_11012.json,26b128cb030dd6602d0ad159b65421c9648d3d9e70a31fac362db26f85d73a50,0
교보생명보험,생보,참고,00112882,교보생명보험,2025,11012,반기보고서,IFRS17,E,-,"보고서 사업연도 >= 2023 이면 IFRS17, 아니면 IFRS4",-,주식배당수익률(%),2025-06-30,우선주,-,api,alotMatter,"{""bsns_year"": ""2025"", ""corp_code"": ""00112882"", ""reprt_code"": ""11012""}",20250829000755,api_row,2026-09-11T10:59:25+09:00,000,run_20260911_103248_0442,raw/alotMatter/00112882_2025_11012.json,26b128cb030dd6602d0ad159b65421c9648d3d9e70a31fac362db26f85d73a50,0
교보생명보험,생보,참고,00112882,교보생명보험,2025,11012,반기보고서,IFRS17,E,"1,200","보고서 사업연도 >= 2023 이면 IFRS17, 아니면 IFRS4",0,주당 현금배당금(원),2025-06-30,보통주,0,api,alotMatter,"{""bsns_year"": ""2025"", ""corp_code"": ""00112882"", ""reprt_code"": ""11012""}",20250829000755,api_row,2026-09-11T10:59:25+09:00,000,run_20260911_103248_0442,raw/alotMatter/00112882_2025_11012.json,26b128cb030dd6602d0ad159b65421c9648d3d9e70a31fac362db26f85d73a50,0
교보생명보험,생보,참고,00112882,교보생명보험,2025,11012,반기보고서,IFRS17,E,0,"보고서 사업연도 >= 2023 이면 IFRS17, 아니면 IFRS4",0,주당 현금배당금(원),2025-06-30,우선주,0,api,alotMatter,"{""bsns_year"": ""2025"", ""corp_code"": ""00112882"", ""reprt_code"": ""11012""}",20250829000755,api_row,2026-09-11T10:59:25+09:00,000,run_20260911_103248_0442,raw/alotMatter/00112882_2025_11012.json,26b128cb030dd6602d0ad159b65421c9648d3d9e70a31fac362db26f85d73a50,0
교보생명보험,생보,참고,00112882,교보생명보험,2025,11012,반기보고서,IFRS17,E,0,"보고서 사업연도 >= 2023 이면 IFRS17, 아니면 IFRS4",0,주당 주식배당(주),2025-06-30,보통주,0,api,alotMatter,"{""bsns_year"": ""2025"", ""corp_code"": ""00112882"", ""reprt_code"": ""11012""}",20250829000755,api_row,2026-09-11T10:59:25+09:00,000,run_20260911_103248_0442,raw/alotMatter/00112882_2025_11012.json,26b128cb030dd6602d0ad159b65421c9648d3d9e70a31fac362db26f85d73a50,0
교보생명보험,생보,참고,00112882,교보생명보험,2025,11012,반기보고서,IFRS17,E,0,"보고서 사업연도 >= 2023 이면 IFRS17, 아니면 IFRS4",0,주당 주식배당(주),2025-06-30,우선주,0,api,alotMatter,"{""bsns_year"": ""2025"", ""corp_code"": ""00112882"", ""reprt_code"": ""11012""}",20250829000755,api_row,2026-09-11T10:59:25+09:00,000,run_20260911_103248_0442,raw/alotMatter/00112882_2025_11012.json,26b128cb030dd6602d0ad159b65421c9648d3d9e70a31fac362db26f85d73a50,0
교보생명보험,생보,참고,00112882,교보생명보험,2026,11012,반기보고서,IFRS17,E,"1,000","보고서 사업연도 >= 2023 이면 IFRS17, 아니면 IFRS4","1,000",주당액면가액(원),2026-06-30,-,"1,000",api,alotMatter,"{""bsns_year"": ""2026"", ""corp_code"": ""00112882"", ""reprt_code"": ""11012""}",20260831000917,api_row,2026-09-11T11:00:03+09:00,000,run_20260911_103248_0451,raw/alotMatter/00112882_2026_11012.json,c841a8dba7a45a33710645d33d573c87c3feb2035349a723b699ab7e28b2c21d,0
교보생명보험,생보,참고,00112882,교보생명보험,2026,11012,반기보고서,IFRS17,E,"752,270","보고서 사업연도 >= 2023 이면 IFRS17, 아니면 IFRS4","669,304",(연결)당기순이익(백만원),2026-06-30,-,"704,801",api,alotMatter,"{""bsns_year"": ""2026"", ""corp_code"": ""00112882"", ""reprt_code"": ""11012""}",20260831000917,api_row,2026-09-11T11:00:03+09:00,000,run_20260911_103248_0451,raw/alotMatter/00112882_2026_11012.json,c841a8dba7a45a33710645d33d573c87c3feb2035349a723b699ab7e28b2c21d,0
교보생명보험,생보,참고,00112882,교보생명보험,2026,11012,반기보고서,IFRS17,E,"763,210","보고서 사업연도 >= 2023 이면 IFRS17, 아니면 IFRS4","698,736",(별도)당기순이익(백만원),2026-06-30,-,"478,627",api,alotMatter,"{""bsns_year"": ""2026"", ""corp_code"": ""00112882"", ""reprt_code"": ""11012""}",20260831000917,api_row,2026-09-11T11:00:03+09:00,000,run_20260911_103248_0451,raw/alotMatter/00112882_2026_11012.json,c841a8dba7a45a33710645d33d573c87c3feb2035349a723b699ab7e28b2c21d,0
교보생명보험,생보,참고,00112882,교보생명보험,2026,11012,반기보고서,IFRS17,E,"6,339","보고서 사업연도 >= 2023 이면 IFRS17, 아니면 IFRS4","5,752",(연결)주당순이익(원),2026-06-30,-,"6,424",api,alotMatter,"{""bsns_year"": ""2026"", ""corp_code"": ""00112882"", ""reprt_code"": ""11012""}",20260831000917,api_row,2026-09-11T11:00:03+09:00,000,run_20260911_103248_0451,raw/alotMatter/00112882_2026_11012.json,c841a8dba7a45a33710645d33d573c87c3feb2035349a723b699ab7e28b2c21d,0
교보생명보험,생보,참고,00112882,교보생명보험,2026,11012,반기보고서,IFRS17,E,"119,488","보고서 사업연도 >= 2023 이면 IFRS17, 아니면 IFRS4","120,487",현금배당금총액(백만원),2026-06-30,-,0,api,alotMatter,"{""bsns_year"": ""2026"", ""corp_code"": ""00112882"", ""reprt_code"": ""11012""}",20260831000917,api_row,2026-09-11T11:00:03+09:00,000,run_20260911_103248_0451,raw/alotMatter/00112882_2026_11012.json,c841a8dba7a45a33710645d33d573c87c3feb2035349a723b699ab7e28b2c21d,0
교보생명보험,생보,참고,00112882,교보생명보험,2026,11012,반기보고서,IFRS17,E,0,"보고서 사업연도 >= 2023 이면 IFRS17, 아니면 IFRS4",0,주식배당금총액(백만원),2026-06-30,-,0,api,alotMatter,"{""bsns_year"": ""2026"", ""corp_code"": ""00112882"", ""reprt_code"": ""11012""}",20260831000917,api_row,2026-09-11T11:00:03+09:00,000,run_20260911_103248_0451,raw/alotMatter/00112882_2026_11012.json,c841a8dba7a45a33710645d33d573c87c3feb2035349a723b699ab7e28b2c21d,0
교보생명보험,생보,참고,00112882,교보생명보험,2026,11012,반기보고서,IFRS17,E,15.88,"보고서 사업연도 >= 2023 이면 IFRS17, 아니면 IFRS4",18.00,(연결)현금배당성향(%),2026-06-30,-,-,api,alotMatter,"{""bsns_year"": ""2026"", ""corp_code"": ""00112882"", ""reprt_code"": ""11012""}",20260831000917,api_row,2026-09-11T11:00:03+09:00,000,run_20260911_103248_0451,raw/alotMatter/00112882_2026_11012.json,c841a8dba7a45a33710645d33d573c87c3feb2035349a723b699ab7e28b2c21d,0
교보생명보험,생보,참고,00112882,교보생명보험,2026,11012,반기보고서,IFRS17,E,-,"보고서 사업연도 >= 2023 이면 IFRS17, 아니면 IFRS4",-,현금배당수익률(%),2026-06-30,보통주,-,api,alotMatter,"{""bsns_year"": ""2026"", ""corp_code"": ""00112882"", ""reprt_code"": ""11012""}",20260831000917,api_row,2026-09-11T11:00:03+09:00,000,run_20260911_103248_0451,raw/alotMatter/00112882_2026_11012.json,c841a8dba7a45a33710645d33d573c87c3feb2035349a723b699ab7e28b2c21d,0
교보생명보험,생보,참고,00112882,교보생명보험,2026,11012,반기보고서,IFRS17,E,-,"보고서 사업연도 >= 2023 이면 IFRS17, 아니면 IFRS4",-,현금배당수익률(%),2026-06-30,우선주,-,api,alotMatter,"{""bsns_year"": ""2026"", ""corp_code"": ""00112882"", ""reprt_code"": ""11012""}",20260831000917,api_row,2026-09-11T11:00:03+09:00,000,run_20260911_103248_0451,raw/alotMatter/00112882_2026_11012.json,c841a8dba7a45a33710645d33d573c87c3feb2035349a723b699ab7e28b2c21d,0
교보생명보험,생보,참고,00112882,교보생명보험,2026,11012,반기보고서,IFRS17,E,-,"보고서 사업연도 >= 2023 이면 IFRS17, 아니면 IFRS4",-,주식배당수익률(%),2026-06-30,보통주,-,api,alotMatter,"{""bsns_year"": ""2026"", ""corp_code"": ""00112882"", ""reprt_code"": ""11012""}",20260831000917,api_row,2026-09-11T11:00:03+09:00,000,run_20260911_103248_0451,raw/alotMatter/00112882_2026_11012.json,c841a8dba7a45a33710645d33d573c87c3feb2035349a723b699ab7e28b2c21d,0
교보생명보험,생보,참고,00112882,교보생명보험,2026,11012,반기보고서,IFRS17,E,-,"보고서 사업연도 >= 2023 이면 IFRS17, 아니면 IFRS4",-,주식배당수익률(%),2026-06-30,우선주,-,api,alotMatter,"{""bsns_year"": ""2026"", ""corp_code"": ""00112882"", ""reprt_code"": ""11012""}",20260831000917,api_row,2026-09-11T11:00:03+09:00,000,run_20260911_103248_0451,raw/alotMatter/00112882_2026_11012.json,c841a8dba7a45a33710645d33d573c87c3feb2035349a723b699ab7e28b2c21d,0
교보생명보험,생보,참고,00112882,교보생명보험,2026,11012,반기보고서,IFRS17,E,"1,190","보고서 사업연도 >= 2023 이면 IFRS17, 아니면 IFRS4","1,200",주당 현금배당금(원),2026-06-30,보통주,0,api,alotMatter,"{""bsns_year"": ""2026"", ""corp_code"": ""00112882"", ""reprt_code"": ""11012""}",20260831000917,api_row,2026-09-11T11:00:03+09:00,000,run_20260911_103248_0451,raw/alotMatter/00112882_2026_11012.json,c841a8dba7a45a33710645d33d573c87c3feb2035349a723b699ab7e28b2c21d,0
교보생명보험,생보,참고,00112882,교보생명보험,2026,11012,반기보고서,IFRS17,E,0,"보고서 사업연도 >= 2023 이면 IFRS17, 아니면 IFRS4",0,주당 현금배당금(원),2026-06-30,우선주,0,api,alotMatter,"{""bsns_year"": ""2026"", ""corp_code"": ""00112882"", ""reprt_code"": ""11012""}",20260831000917,api_row,2026-09-11T11:00:03+09:00,000,run_20260911_103248_0451,raw/alotMatter/00112882_2026_11012.json,c841a8dba7a45a33710645d33d573c87c3feb2035349a723b699ab7e28b2c21d,0
교보생명보험,생보,참고,00112882,교보생명보험,2026,11012,반기보고서,IFRS17,E,0,"보고서 사업연도 >= 2023 이면 IFRS17, 아니면 IFRS4",0,주당 주식배당(주),2026-06-30,보통주,0,api,alotMatter,"{""bsns_year"": ""2026"", ""corp_code"": ""00112882"", ""reprt_code"": ""11012""}",20260831000917,api_row,2026-09-11T11:00:03+09:00,000,run_20260911_103248_0451,raw/alotMatter/00112882_2026_11012.json,c841a8dba7a45a33710645d33d573c87c3feb2035349a723b699ab7e28b2c21d,0
교보생명보험,생보,참고,00112882,교보생명보험,2026,11012,반기보고서,IFRS17,E,0,"보고서 사업연도 >= 2023 이면 IFRS17, 아니면 IFRS4",0,주당 주식배당(주),2026-06-30,우선주,0,api,alotMatter,"{""bsns_year"": ""2026"", ""corp_code"": ""00112882"", ""reprt_code"": ""11012""}",20260831000917,api_row,2026-09-11T11:00:03+09:00,000,run_20260911_103248_0451,raw/alotMatter/00112882_2026_11012.json,c841a8dba7a45a33710645d33d573c87c3feb2035349a723b699ab7e28b2c21d,0
메리츠금융지주,지주,비교지주,00860332,메리츠금융지주,2021,11011,사업보고서,IFRS4,Y,500,"보고서 사업연도 >= 2023 이면 IFRS17, 아니면 IFRS4",500,주당액면가액(원),2021-12-31,-,500,api,alotMatter,"{""bsns_year"": ""2021"", ""corp_code"": ""00860332"", ""reprt_code"": ""11011""}",20221130001331,api_row,2026-09-11T10:42:59+09:00,000,run_20260911_103248_0208,raw/alotMatter/00860332_2021_11011.json,a8fdc9aca128e435e7143935c7cca6d00221b17dae88ba52c0dedb90753b08e3,0
메리츠금융지주,지주,비교지주,00860332,메리츠금융지주,2021,11011,사업보고서,IFRS4,Y,"489,716","보고서 사업연도 >= 2023 이면 IFRS17, 아니면 IFRS4","398,370",(연결)당기순이익(백만원),2021-12-31,-,"789,222",api,alotMatter,"{""bsns_year"": ""2021"", ""corp_code"": ""00860332"", ""reprt_code"": ""11011""}",20221130001331,api_row,2026-09-11T10:42:59+09:00,000,run_20260911_103248_0208,raw/alotMatter/00860332_2021_11011.json,a8fdc9aca128e435e7143935c7cca6d00221b17dae88ba52c0dedb90753b08e3,0
메리츠금융지주,지주,비교지주,00860332,메리츠금융지주,2021,11011,사업보고서,IFRS4,Y,"132,603","보고서 사업연도 >= 2023 이면 IFRS17, 아니면 IFRS4","124,561",(별도)당기순이익(백만원),2021-12-31,-,"219,801",api,alotMatter,"{""bsns_year"": ""2021"", ""corp_code"": ""00860332"", ""reprt_code"": ""11011""}",20221130001331,api_row,2026-09-11T10:42:59+09:00,000,run_20260911_103248_0208,raw/alotMatter/00860332_2021_11011.json,a8fdc9aca128e435e7143935c7cca6d00221b17dae88ba52c0dedb90753b08e3,0
메리츠금융지주,지주,비교지주,00860332,메리츠금융지주,2021,11011,사업보고서,IFRS4,Y,"3,596","보고서 사업연도 >= 2023 이면 IFRS17, 아니면 IFRS4","2,797",(연결)주당순이익(원),2021-12-31,-,"5,932",api,alotMatter,"{""bsns_year"": ""2021"", ""corp_code"": ""00860332"", ""reprt_code"": ""11011""}",20221130001331,api_row,2026-09-11T10:42:59+09:00,000,run_20260911_103248_0208,raw/alotMatter/00860332_2021_11011.json,a8fdc9aca128e435e7143935c7cca6d00221b17dae88ba52c0dedb90753b08e3,0
메리츠금융지주,지주,비교지주,00860332,메리츠금융지주,2021,11011,사업보고서,IFRS4,Y,"118,463","보고서 사업연도 >= 2023 이면 IFRS17, 아니면 IFRS4","74,150",현금배당금총액(백만원),2021-12-31,-,"26,406",api,alotMatter,"{""bsns_year"": ""2021"", ""corp_code"": ""00860332"", ""reprt_code"": ""11011""}",20221130001331,api_row,2026-09-11T10:42:59+09:00,000,run_20260911_103248_0208,raw/alotMatter/00860332_2021_11011.json,a8fdc9aca128e435e7143935c7cca6d00221b17dae88ba52c0dedb90753b08e3,0
메리츠금융지주,지주,비교지주,00860332,메리츠금융지주,2021,11011,사업보고서,IFRS4,Y,-,"보고서 사업연도 >= 2023 이면 IFRS17, 아니면 IFRS4",-,주식배당금총액(백만원),2021-12-31,-,-,api,alotMatter,"{""bsns_year"": ""2021"", ""corp_code"": ""00860332"", ""reprt_code"": ""11011""}",20221130001331,api_row,2026-09-11T10:42:59+09:00,000,run_20260911_103248_0208,raw/alotMatter/00860332_2021_11011.json,a8fdc9aca128e435e7143935c7cca6d00221b17dae88ba52c0dedb90753b08e3,0
메리츠금융지주,지주,비교지주,00860332,메리츠금융지주,2021,11011,사업보고서,IFRS4,Y,24.20,"보고서 사업연도 >= 2023 이면 IFRS17, 아니면 IFRS4",18.60,(연결)현금배당성향(%),2021-12-31,-,3.30,api,alotMatter,"{""bsns_year"": ""2021"", ""corp_code"": ""00860332"", ""reprt_code"": ""11011""}",20221130001331,api_row,2026-09-11T10:42:59+09:00,000,run_20260911_103248_0208,raw/alotMatter/00860332_2021_11011.json,a8fdc9aca128e435e7143935c7cca6d00221b17dae88ba52c0dedb90753b08e3,0
메리츠금융지주,지주,비교지주,00860332,메리츠금융지주,2021,11011,사업보고서,IFRS4,Y,8.60,"보고서 사업연도 >= 2023 이면 IFRS17, 아니면 IFRS4",4.60,현금배당수익률(%),2021-12-31,보통주,0.50,api,alotMatter,"{""bsns_year"": ""2021"", ""corp_code"": ""00860332"", ""reprt_code"": ""11011""}",20221130001331,api_row,2026-09-11T10:42:59+09:00,000,run_20260911_103248_0208,raw/alotMatter/00860332_2021_11011.json,a8fdc9aca128e435e7143935c7cca6d00221b17dae88ba52c0dedb90753b08e3,0
메리츠금융지주,지주,비교지주,00860332,메리츠금융지주,2021,11011,사업보고서,IFRS4,Y,-,"보고서 사업연도 >= 2023 이면 IFRS17, 아니면 IFRS4",-,현금배당수익률(%),2021-12-31,-,-,api,alotMatter,"{""bsns_year"": ""2021"", ""corp_code"": ""00860332"", ""reprt_code"": ""11011""}",20221130001331,api_row,2026-09-11T10:42:59+09:00,000,run_20260911_103248_0208,raw/alotMatter/00860332_2021_11011.json,a8fdc9aca128e435e7143935c7cca6d00221b17dae88ba52c0dedb90753b08e3,0
메리츠금융지주,지주,비교지주,00860332,메리츠금융지주,2021,11011,사업보고서,IFRS4,Y,-,"보고서 사업연도 >= 2023 이면 IFRS17, 아니면 IFRS4",-,주식배당수익률(%),2021-12-31,보통주,-,api,alotMatter,"{""bsns_year"": ""2021"", ""corp_code"": ""00860332"", ""reprt_code"": ""11011""}",20221130001331,api_row,2026-09-11T10:42:59+09:00,000,run_20260911_103248_0208,raw/alotMatter/00860332_2021_11011.json,a8fdc9aca128e435e7143935c7cca6d00221b17dae88ba52c0dedb90753b08e3,0
메리츠금융지주,지주,비교지주,00860332,메리츠금융지주,2021,11011,사업보고서,IFRS4,Y,-,"보고서 사업연도 >= 2023 이면 IFRS17, 아니면 IFRS4",-,주식배당수익률(%),2021-12-31,-,-,api,alotMatter,"{""bsns_year"": ""2021"", ""corp_code"": ""00860332"", ""reprt_code"": ""11011""}",20221130001331,api_row,2026-09-11T10:42:59+09:00,000,run_20260911_103248_0208,raw/alotMatter/00860332_2021_11011.json,a8fdc9aca128e435e7143935c7cca6d00221b17dae88ba52c0dedb90753b08e3,0
메리츠금융지주,지주,비교지주,00860332,메리츠금융지주,2021,11011,사업보고서,IFRS4,Y,900,"보고서 사업연도 >= 2023 이면 IFRS17, 아니면 IFRS4",550,주당 현금배당금(원),2021-12-31,보통주,210,api,alotMatter,"{""bsns_year"": ""2021"", ""corp_code"": ""00860332"", ""reprt_code"": ""11011""}",20221130001331,api_row,2026-09-11T10:42:59+09:00,000,run_20260911_103248_0208,raw/alotMatter/00860332_2021_11011.json,a8fdc9aca128e435e7143935c7cca6d00221b17dae88ba52c0dedb90753b08e3,0
메리츠금융지주,지주,비교지주,00860332,메리츠금융지주,2021,11011,사업보고서,IFRS4,Y,-,"보고서 사업연도 >= 2023 이면 IFRS17, 아니면 IFRS4",-,주당 현금배당금(원),2021-12-31,-,-,api,alotMatter,"{""bsns_year"": ""2021"", ""corp_code"": ""00860332"", ""reprt_code"": ""11011""}",20221130001331,api_row,2026-09-11T10:42:59+09:00,000,run_20260911_103248_0208,raw/alotMatter/00860332_2021_11011.json,a8fdc9aca128e435e7143935c7cca6d00221b17dae88ba52c0dedb90753b08e3,0
메리츠금융지주,지주,비교지주,00860332,메리츠금융지주,2021,11011,사업보고서,IFRS4,Y,-,"보고서 사업연도 >= 2023 이면 IFRS17, 아니면 IFRS4",-,주당 주식배당(주),2021-12-31,보통주,-,api,alotMatter,"{""bsns_year"": ""2021"", ""corp_code"": ""00860332"", ""reprt_code"": ""11011""}",20221130001331,api_row,2026-09-11T10:42:59+09:00,000,run_20260911_103248_0208,raw/alotMatter/00860332_2021_11011.json,a8fdc9aca128e435e7143935c7cca6d00221b17dae88ba52c0dedb90753b08e3,0
메리츠금융지주,지주,비교지주,00860332,메리츠금융지주,2021,11011,사업보고서,IFRS4,Y,-,"보고서 사업연도 >= 2023 이면 IFRS17, 아니면 IFRS4",-,주당 주식배당(주),2021-12-31,-,-,api,alotMatter,"{""bsns_year"": ""2021"", ""corp_code"": ""00860332"", ""reprt_code"": ""11011""}",20221130001331,api_row,2026-09-11T10:42:59+09:00,000,run_20260911_103248_0208,raw/alotMatter/00860332_2021_11011.json,a8fdc9aca128e435e7143935c7cca6d00221b17dae88ba52c0dedb90753b08e3,0
메리츠금융지주,지주,비교지주,00860332,메리츠금융지주,2022,11011,사업보고서,IFRS4,Y,500,"보고서 사업연도 >= 2023 이면 IFRS17, 아니면 IFRS4",500,주당액면가액(원),2022-12-31,-,500,api,alotMatter,"{""bsns_year"": ""2022"", ""corp_code"": ""00860332"", ""reprt_code"": ""11011""}",20230309000894,api_row,2026-09-11T10:43:09+09:00,000,run_20260911_103248_0217,raw/alotMatter/00860332_2022_11011.json,4aec3944be70dd9b5b674004c233554223bd89fffa97c0b95c9951ae1496930b,0
메리츠금융지주,지주,비교지주,00860332,메리츠금융지주,2022,11011,사업보고서,IFRS4,Y,"789,222","보고서 사업연도 >= 2023 이면 IFRS17, 아니면 IFRS4","489,716",(연결)당기순이익(백만원),2022-12-31,-,"1,060,498",api,alotMatter,"{""bsns_year"": ""2022"", ""corp_code"": ""00860332"", ""reprt_code"": ""11011""}",20230309000894,api_row,2026-09-11T10:43:09+09:00,000,run_20260911_103248_0217,raw/alotMatter/00860332_2022_11011.json,4aec3944be70dd9b5b674004c233554223bd89fffa97c0b95c9951ae1496930b,0
메리츠금융지주,지주,비교지주,00860332,메리츠금융지주,2022,11011,사업보고서,IFRS4,Y,"219,801","보고서 사업연도 >= 2023 이면 IFRS17, 아니면 IFRS4","132,603",(별도)당기순이익(백만원),2022-12-31,-,"108,070",api,alotMatter,"{""bsns_year"": ""2022"", ""corp_code"": ""00860332"", ""reprt_code"": ""11011""}",20230309000894,api_row,2026-09-11T10:43:09+09:00,000,run_20260911_103248_0217,raw/alotMatter/00860332_2022_11011.json,4aec3944be70dd9b5b674004c233554223bd89fffa97c0b95c9951ae1496930b,0
메리츠금융지주,지주,비교지주,00860332,메리츠금융지주,2022,11011,사업보고서,IFRS4,Y,"5,932","보고서 사업연도 >= 2023 이면 IFRS17, 아니면 IFRS4","3,596",(연결)주당순이익(원),2022-12-31,-,"8,406",api,alotMatter,"{""bsns_year"": ""2022"", ""corp_code"": ""00860332"", ""reprt_code"": ""11011""}",20230309000894,api_row,2026-09-11T10:43:09+09:00,000,run_20260911_103248_0217,raw/alotMatter/00860332_2022_11011.json,4aec3944be70dd9b5b674004c233554223bd89fffa97c0b95c9951ae1496930b,0
메리츠금융지주,지주,비교지주,00860332,메리츠금융지주,2022,11011,사업보고서,IFRS4,Y,"26,406","보고서 사업연도 >= 2023 이면 IFRS17, 아니면 IFRS4","118,463",현금배당금총액(백만원),2022-12-31,-,"12,720",api,alotMatter,"{""bsns_year"": ""2022"", ""corp_code"": ""00860332"", ""reprt_code"": ""11011""}",20230309000894,api_row,2026-09-11T10:43:09+09:00,000,run_20260911_103248_0217,raw/alotMatter/00860332_2022_11011.json,4aec3944be70dd9b5b674004c233554223bd89fffa97c0b95c9951ae1496930b,0
메리츠금융지주,지주,비교지주,00860332,메리츠금융지주,2022,11011,사업보고서,IFRS4,Y,-,"보고서 사업연도 >= 2023 이면 IFRS17, 아니면 IFRS4",-,주식배당금총액(백만원),2022-12-31,-,-,api,alotMatter,"{""bsns_year"": ""2022"", ""corp_code"": ""00860332"", ""reprt_code"": ""11011""}",20230309000894,api_row,2026-09-11T10:43:09+09:00,000,run_20260911_103248_0217,raw/alotMatter/00860332_2022_11011.json,4aec3944be70dd9b5b674004c233554223bd89fffa97c0b95c9951ae1496930b,0
메리츠금융지주,지주,비교지주,00860332,메리츠금융지주,2022,11011,사업보고서,IFRS4,Y,3.30,"보고서 사업연도 >= 2023 이면 IFRS17, 아니면 IFRS4",24.20,(연결)현금배당성향(%),2022-12-31,-,1.20,api,alotMatter,"{""bsns_year"": ""2022"", ""corp_code"": ""00860332"", ""reprt_code"": ""11011""}",20230309000894,api_row,2026-09-11T10:43:09+09:00,000,run_20260911_103248_0217,raw/alotMatter/00860332_2022_11011.json,4aec3944be70dd9b5b674004c233554223bd89fffa97c0b95c9951ae1496930b,0
메리츠금융지주,지주,비교지주,00860332,메리츠금융지주,2022,11011,사업보고서,IFRS4,Y,0.50,"보고서 사업연도 >= 2023 이면 IFRS17, 아니면 IFRS4",8.60,현금배당수익률(%),2022-12-31,보통주,0.30,api,alotMatter,"{""bsns_year"": ""2022"", ""corp_code"": ""00860332"", ""reprt_code"": ""11011""}",20230309000894,api_row,2026-09-11T10:43:09+09:00,000,run_20260911_103248_0217,raw/alotMatter/00860332_2022_11011.json,4aec3944be70dd9b5b674004c233554223bd89fffa97c0b95c9951ae1496930b,0
메리츠금융지주,지주,비교지주,00860332,메리츠금융지주,2022,11011,사업보고서,IFRS4,Y,-,"보고서 사업연도 >= 2023 이면 IFRS17, 아니면 IFRS4",-,현금배당수익률(%),2022-12-31,-,-,api,alotMatter,"{""bsns_year"": ""2022"", ""corp_code"": ""00860332"", ""reprt_code"": ""11011""}",20230309000894,api_row,2026-09-11T10:43:09+09:00,000,run_20260911_103248_0217,raw/alotMatter/00860332_2022_11011.json,4aec3944be70dd9b5b674004c233554223bd89fffa97c0b95c9951ae1496930b,0
메리츠금융지주,지주,비교지주,00860332,메리츠금융지주,2022,11011,사업보고서,IFRS4,Y,-,"보고서 사업연도 >= 2023 이면 IFRS17, 아니면 IFRS4",-,주식배당수익률(%),2022-12-31,보통주,-,api,alotMatter,"{""bsns_year"": ""2022"", ""corp_code"": ""00860332"", ""reprt_code"": ""11011""}",20230309000894,api_row,2026-09-11T10:43:09+09:00,000,run_20260911_103248_0217,raw/alotMatter/00860332_2022_11011.json,4aec3944be70dd9b5b674004c233554223bd89fffa97c0b95c9951ae1496930b,0
메리츠금융지주,지주,비교지주,00860332,메리츠금융지주,2022,11011,사업보고서,IFRS4,Y,-,"보고서 사업연도 >= 2023 이면 IFRS17, 아니면 IFRS4",-,주식배당수익률(%),2022-12-31,-,-,api,alotMatter,"{""bsns_year"": ""2022"", ""corp_code"": ""00860332"", ""reprt_code"": ""11011""}",20230309000894,api_row,2026-09-11T10:43:09+09:00,000,run_20260911_103248_0217,raw/alotMatter/00860332_2022_11011.json,4aec3944be70dd9b5b674004c233554223bd89fffa97c0b95c9951ae1496930b,0
메리츠금융지주,지주,비교지주,00860332,메리츠금융지주,2022,11011,사업보고서,IFRS4,Y,210,"보고서 사업연도 >= 2023 이면 IFRS17, 아니면 IFRS4",900,주당 현금배당금(원),2022-12-31,보통주,105,api,alotMatter,"{""bsns_year"": ""2022"", ""corp_code"": ""00860332"", ""reprt_code"": ""11011""}",20230309000894,api_row,2026-09-11T10:43:09+09:00,000,run_20260911_103248_0217,raw/alotMatter/00860332_2022_11011.json,4aec3944be70dd9b5b674004c233554223bd89fffa97c0b95c9951ae1496930b,0
메리츠금융지주,지주,비교지주,00860332,메리츠금융지주,2022,11011,사업보고서,IFRS4,Y,-,"보고서 사업연도 >= 2023 이면 IFRS17, 아니면 IFRS4",-,주당 현금배당금(원),2022-12-31,-,-,api,alotMatter,"{""bsns_year"": ""2022"", ""corp_code"": ""00860332"", ""reprt_code"": ""11011""}",20230309000894,api_row,2026-09-11T10:43:09+09:00,000,run_20260911_103248_0217,raw/alotMatter/00860332_2022_11011.json,4aec3944be70dd9b5b674004c233554223bd89fffa97c0b95c9951ae1496930b,0
메리츠금융지주,지주,비교지주,00860332,메리츠금융지주,2022,11011,사업보고서,IFRS4,Y,-,"보고서 사업연도 >= 2023 이면 IFRS17, 아니면 IFRS4",-,주당 주식배당(주),2022-12-31,보통주,-,api,alotMatter,"{""bsns_year"": ""2022"", ""corp_code"": ""00860332"", ""reprt_code"": ""11011""}",20230309000894,api_row,2026-09-11T10:43:09+09:00,000,run_20260911_103248_0217,raw/alotMatter/00860332_2022_11011.json,4aec3944be70dd9b5b674004c233554223bd89fffa97c0b95c9951ae1496930b,0
메리츠금융지주,지주,비교지주,00860332,메리츠금융지주,2022,11011,사업보고서,IFRS4,Y,-,"보고서 사업연도 >= 2023 이면 IFRS17, 아니면 IFRS4",-,주당 주식배당(주),2022-12-31,-,-,api,alotMatter,"{""bsns_year"": ""2022"", ""corp_code"": ""00860332"", ""reprt_code"": ""11011""}",20230309000894,api_row,2026-09-11T10:43:09+09:00,000,run_20260911_103248_0217,raw/alotMatter/00860332_2022_11011.json,4aec3944be70dd9b5b674004c233554223bd89fffa97c0b95c9951ae1496930b,0
메리츠금융지주,지주,비교지주,00860332,메리츠금융지주,2023,11011,사업보고서,IFRS17,Y,500,"보고서 사업연도 >= 2023 이면 IFRS17, 아니면 IFRS4",500,주당액면가액(원),2023-12-31,-,500,api,alotMatter,"{""bsns_year"": ""2023"", ""corp_code"": ""00860332"", ""reprt_code"": ""11011""}",20240430000957,api_row,2026-09-11T10:43:19+09:00,000,run_20260911_103248_0226,raw/alotMatter/00860332_2023_11011.json,e74b5f658911b029f5a4dfd050786b920caad4819df088558802577e01d76b16,0
메리츠금융지주,지주,비교지주,00860332,메리츠금융지주,2023,11011,사업보고서,IFRS17,Y,"1,060,498","보고서 사업연도 >= 2023 이면 IFRS17, 아니면 IFRS4","789,222",(연결)당기순이익(백만원),2023-12-31,-,"2,041,749",api,alotMatter,"{""bsns_year"": ""2023"", ""corp_code"": ""00860332"", ""reprt_code"": ""11011""}",20240430000957,api_row,2026-09-11T10:43:19+09:00,000,run_20260911_103248_0226,raw/alotMatter/00860332_2023_11011.json,e74b5f658911b029f5a4dfd050786b920caad4819df088558802577e01d76b16,0
메리츠금융지주,지주,비교지주,00860332,메리츠금융지주,2023,11011,사업보고서,IFRS17,Y,"108,070","보고서 사업연도 >= 2023 이면 IFRS17, 아니면 IFRS4","219,801",(별도)당기순이익(백만원),2023-12-31,-,"359,820",api,alotMatter,"{""bsns_year"": ""2023"", ""corp_code"": ""00860332"", ""reprt_code"": ""11011""}",20240430000957,api_row,2026-09-11T10:43:19+09:00,000,run_20260911_103248_0226,raw/alotMatter/00860332_2023_11011.json,e74b5f658911b029f5a4dfd050786b920caad4819df088558802577e01d76b16,0
메리츠금융지주,지주,비교지주,00860332,메리츠금융지주,2023,11011,사업보고서,IFRS17,Y,"8,406","보고서 사업연도 >= 2023 이면 IFRS17, 아니면 IFRS4","5,932",(연결)주당순이익(원),2023-12-31,-,"11,020",api,alotMatter,"{""bsns_year"": ""2023"", ""corp_code"": ""00860332"", ""reprt_code"": ""11011""}",20240430000957,api_row,2026-09-11T10:43:19+09:00,000,run_20260911_103248_0226,raw/alotMatter/00860332_2023_11011.json,e74b5f658911b029f5a4dfd050786b920caad4819df088558802577e01d76b16,0
메리츠금융지주,지주,비교지주,00860332,메리츠금융지주,2023,11011,사업보고서,IFRS17,Y,"12,720","보고서 사업연도 >= 2023 이면 IFRS17, 아니면 IFRS4","26,406",현금배당금총액(백만원),2023-12-31,-,"448,334",api,alotMatter,"{""bsns_year"": ""2023"", ""corp_code"": ""00860332"", ""reprt_code"": ""11011""}",20240430000957,api_row,2026-09-11T10:43:19+09:00,000,run_20260911_103248_0226,raw/alotMatter/00860332_2023_11011.json,e74b5f658911b029f5a4dfd050786b920caad4819df088558802577e01d76b16,0
메리츠금융지주,지주,비교지주,00860332,메리츠금융지주,2023,11011,사업보고서,IFRS17,Y,-,"보고서 사업연도 >= 2023 이면 IFRS17, 아니면 IFRS4",-,주식배당금총액(백만원),2023-12-31,-,-,api,alotMatter,"{""bsns_year"": ""2023"", ""corp_code"": ""00860332"", ""reprt_code"": ""11011""}",20240430000957,api_row,2026-09-11T10:43:19+09:00,000,run_20260911_103248_0226,raw/alotMatter/00860332_2023_11011.json,e74b5f658911b029f5a4dfd050786b920caad4819df088558802577e01d76b16,0
메리츠금융지주,지주,비교지주,00860332,메리츠금융지주,2023,11011,사업보고서,IFRS17,Y,1.20,"보고서 사업연도 >= 2023 이면 IFRS17, 아니면 IFRS4",3.30,(연결)현금배당성향(%),2023-12-31,-,22.00,api,alotMatter,"{""bsns_year"": ""2023"", ""corp_code"": ""00860332"", ""reprt_code"": ""11011""}",20240430000957,api_row,2026-09-11T10:43:19+09:00,000,run_20260911_103248_0226,raw/alotMatter/00860332_2023_11011.json,e74b5f658911b029f5a4dfd050786b920caad4819df088558802577e01d76b16,0
메리츠금융지주,지주,비교지주,00860332,메리츠금융지주,2023,11011,사업보고서,IFRS17,Y,0.30,"보고서 사업연도 >= 2023 이면 IFRS17, 아니면 IFRS4",0.50,현금배당수익률(%),2023-12-31,보통주,4.10,api,alotMatter,"{""bsns_year"": ""2023"", ""corp_code"": ""00860332"", ""reprt_code"": ""11011""}",20240430000957,api_row,2026-09-11T10:43:19+09:00,000,run_20260911_103248_0226,raw/alotMatter/00860332_2023_11011.json,e74b5f658911b029f5a4dfd050786b920caad4819df088558802577e01d76b16,0
메리츠금융지주,지주,비교지주,00860332,메리츠금융지주,2023,11011,사업보고서,IFRS17,Y,-,"보고서 사업연도 >= 2023 이면 IFRS17, 아니면 IFRS4",-,현금배당수익률(%),2023-12-31,-,-,api,alotMatter,"{""bsns_year"": ""2023"", ""corp_code"": ""00860332"", ""reprt_code"": ""11011""}",20240430000957,api_row,2026-09-11T10:43:19+09:00,000,run_20260911_103248_0226,raw/alotMatter/00860332_2023_11011.json,e74b5f658911b029f5a4dfd050786b920caad4819df088558802577e01d76b16,0
메리츠금융지주,지주,비교지주,00860332,메리츠금융지주,2023,11011,사업보고서,IFRS17,Y,-,"보고서 사업연도 >= 2023 이면 IFRS17, 아니면 IFRS4",-,주식배당수익률(%),2023-12-31,보통주,-,api,alotMatter,"{""bsns_year"": ""2023"", ""corp_code"": ""00860332"", ""reprt_code"": ""11011""}",20240430000957,api_row,2026-09-11T10:43:19+09:00,000,run_20260911_103248_0226,raw/alotMatter/00860332_2023_11011.json,e74b5f658911b029f5a4dfd050786b920caad4819df088558802577e01d76b16,0
메리츠금융지주,지주,비교지주,00860332,메리츠금융지주,2023,11011,사업보고서,IFRS17,Y,-,"보고서 사업연도 >= 2023 이면 IFRS17, 아니면 IFRS4",-,주식배당수익률(%),2023-12-31,-,-,api,alotMatter,"{""bsns_year"": ""2023"", ""corp_code"": ""00860332"", ""reprt_code"": ""11011""}",20240430000957,api_row,2026-09-11T10:43:19+09:00,000,run_20260911_103248_0226,raw/alotMatter/00860332_2023_11011.json,e74b5f658911b029f5a4dfd050786b920caad4819df088558802577e01d76b16,0
메리츠금융지주,지주,비교지주,00860332,메리츠금융지주,2023,11011,사업보고서,IFRS17,Y,105,"보고서 사업연도 >= 2023 이면 IFRS17, 아니면 IFRS4",210,주당 현금배당금(원),2023-12-31,보통주,"2,360",api,alotMatter,"{""bsns_year"": ""2023"", ""corp_code"": ""00860332"", ""reprt_code"": ""11011""}",20240430000957,api_row,2026-09-11T10:43:19+09:00,000,run_20260911_103248_0226,raw/alotMatter/00860332_2023_11011.json,e74b5f658911b029f5a4dfd050786b920caad4819df088558802577e01d76b16,0
메리츠금융지주,지주,비교지주,00860332,메리츠금융지주,2023,11011,사업보고서,IFRS17,Y,-,"보고서 사업연도 >= 2023 이면 IFRS17, 아니면 IFRS4",-,주당 현금배당금(원),2023-12-31,-,-,api,alotMatter,"{""bsns_year"": ""2023"", ""corp_code"": ""00860332"", ""reprt_code"": ""11011""}",20240430000957,api_row,2026-09-11T10:43:19+09:00,000,run_20260911_103248_0226,raw/alotMatter/00860332_2023_11011.json,e74b5f658911b029f5a4dfd050786b920caad4819df088558802577e01d76b16,0
메리츠금융지주,지주,비교지주,00860332,메리츠금융지주,2023,11011,사업보고서,IFRS17,Y,-,"보고서 사업연도 >= 2023 이면 IFRS17, 아니면 IFRS4",-,주당 주식배당(주),2023-12-31,보통주,-,api,alotMatter,"{""bsns_year"": ""2023"", ""corp_code"": ""00860332"", ""reprt_code"": ""11011""}",20240430000957,api_row,2026-09-11T10:43:19+09:00,000,run_20260911_103248_0226,raw/alotMatter/00860332_2023_11011.json,e74b5f658911b029f5a4dfd050786b920caad4819df088558802577e01d76b16,0
메리츠금융지주,지주,비교지주,00860332,메리츠금융지주,2023,11011,사업보고서,IFRS17,Y,-,"보고서 사업연도 >= 2023 이면 IFRS17, 아니면 IFRS4",-,주당 주식배당(주),2023-12-31,-,-,api,alotMatter,"{""bsns_year"": ""2023"", ""corp_code"": ""00860332"", ""reprt_code"": ""11011""}",20240430000957,api_row,2026-09-11T10:43:19+09:00,000,run_20260911_103248_0226,raw/alotMatter/00860332_2023_11011.json,e74b5f658911b029f5a4dfd050786b920caad4819df088558802577e01d76b16,0
메리츠금융지주,지주,비교지주,00860332,메리츠금융지주,2024,11011,사업보고서,IFRS17,Y,500,"보고서 사업연도 >= 2023 이면 IFRS17, 아니면 IFRS4",500,주당액면가액(원),2024-12-31,-,500,api,alotMatter,"{""bsns_year"": ""2024"", ""corp_code"": ""00860332"", ""reprt_code"": ""11011""}",20250328001697,api_row,2026-09-11T10:43:56+09:00,000,run_20260911_103248_0235,raw/alotMatter/00860332_2024_11011.json,06faaba02755dcce560882258b7d91e705caed2b83bc03ec863a98c6d2987095,0
메리츠금융지주,지주,비교지주,00860332,메리츠금융지주,2024,11011,사업보고서,IFRS17,Y,"2,041,749","보고서 사업연도 >= 2023 이면 IFRS17, 아니면 IFRS4","1,060,498",(연결)당기순이익(백만원),2024-12-31,-,"2,306,097",api,alotMatter,"{""bsns_year"": ""2024"", ""corp_code"": ""00860332"", ""reprt_code"": ""11011""}",20250328001697,api_row,2026-09-11T10:43:56+09:00,000,run_20260911_103248_0235,raw/alotMatter/00860332_2024_11011.json,06faaba02755dcce560882258b7d91e705caed2b83bc03ec863a98c6d2987095,0
메리츠금융지주,지주,비교지주,00860332,메리츠금융지주,2024,11011,사업보고서,IFRS17,Y,"359,820","보고서 사업연도 >= 2023 이면 IFRS17, 아니면 IFRS4","108,070",(별도)당기순이익(백만원),2024-12-31,-,"1,227,608",api,alotMatter,"{""bsns_year"": ""2024"", ""corp_code"": ""00860332"", ""reprt_code"": ""11011""}",20250328001697,api_row,2026-09-11T10:43:56+09:00,000,run_20260911_103248_0235,raw/alotMatter/00860332_2024_11011.json,06faaba02755dcce560882258b7d91e705caed2b83bc03ec863a98c6d2987095,0
메리츠금융지주,지주,비교지주,00860332,메리츠금융지주,2024,11011,사업보고서,IFRS17,Y,"11,020","보고서 사업연도 >= 2023 이면 IFRS17, 아니면 IFRS4","8,406",(연결)주당순이익(원),2024-12-31,-,"12,259",api,alotMatter,"{""bsns_year"": ""2024"", ""corp_code"": ""00860332"", ""reprt_code"": ""11011""}",20250328001697,api_row,2026-09-11T10:43:56+09:00,000,run_20260911_103248_0235,raw/alotMatter/00860332_2024_11011.json,06faaba02755dcce560882258b7d91e705caed2b83bc03ec863a98c6d2987095,0
메리츠금융지주,지주,비교지주,00860332,메리츠금융지주,2024,11011,사업보고서,IFRS17,Y,"448,334","보고서 사업연도 >= 2023 이면 IFRS17, 아니면 IFRS4","12,720",현금배당금총액(백만원),2024-12-31,-,"240,696",api,alotMatter,"{""bsns_year"": ""2024"", ""corp_code"": ""00860332"", ""reprt_code"": ""11011""}",20250328001697,api_row,2026-09-11T10:43:56+09:00,000,run_20260911_103248_0235,raw/alotMatter/00860332_2024_11011.json,06faaba02755dcce560882258b7d91e705caed2b83bc03ec863a98c6d2987095,0
메리츠금융지주,지주,비교지주,00860332,메리츠금융지주,2024,11011,사업보고서,IFRS17,Y,-,"보고서 사업연도 >= 2023 이면 IFRS17, 아니면 IFRS4",-,주식배당금총액(백만원),2024-12-31,-,-,api,alotMatter,"{""bsns_year"": ""2024"", ""corp_code"": ""00860332"", ""reprt_code"": ""11011""}",20250328001697,api_row,2026-09-11T10:43:56+09:00,000,run_20260911_103248_0235,raw/alotMatter/00860332_2024_11011.json,06faaba02755dcce560882258b7d91e705caed2b83bc03ec863a98c6d2987095,0
메리츠금융지주,지주,비교지주,00860332,메리츠금융지주,2024,11011,사업보고서,IFRS17,Y,22.00,"보고서 사업연도 >= 2023 이면 IFRS17, 아니면 IFRS4",1.20,(연결)현금배당성향(%),2024-12-31,-,10.40,api,alotMatter,"{""bsns_year"": ""2024"", ""corp_code"": ""00860332"", ""reprt_code"": ""11011""}",20250328001697,api_row,2026-09-11T10:43:56+09:00,000,run_20260911_103248_0235,raw/alotMatter/00860332_2024_11011.json,06faaba02755dcce560882258b7d91e705caed2b83bc03ec863a98c6d2987095,0
메리츠금융지주,지주,비교지주,00860332,메리츠금융지주,2024,11011,사업보고서,IFRS17,Y,4.10,"보고서 사업연도 >= 2023 이면 IFRS17, 아니면 IFRS4",0.30,현금배당수익률(%),2024-12-31,-,1.20,api,alotMatter,"{""bsns_year"": ""2024"", ""corp_code"": ""00860332"", ""reprt_code"": ""11011""}",20250328001697,api_row,2026-09-11T10:43:56+09:00,000,run_20260911_103248_0235,raw/alotMatter/00860332_2024_11011.json,06faaba02755dcce560882258b7d91e705caed2b83bc03ec863a98c6d2987095,0
메리츠금융지주,지주,비교지주,00860332,메리츠금융지주,2024,11011,사업보고서,IFRS17,Y,-,"보고서 사업연도 >= 2023 이면 IFRS17, 아니면 IFRS4",-,현금배당수익률(%),2024-12-31,-,-,api,alotMatter,"{""bsns_year"": ""2024"", ""corp_code"": ""00860332"", ""reprt_code"": ""11011""}",20250328001697,api_row,2026-09-11T10:43:56+09:00,000,run_20260911_103248_0235,raw/alotMatter/00860332_2024_11011.json,06faaba02755dcce560882258b7d91e705caed2b83bc03ec863a98c6d2987095,0
메리츠금융지주,지주,비교지주,00860332,메리츠금융지주,2024,11011,사업보고서,IFRS17,Y,-,"보고서 사업연도 >= 2023 이면 IFRS17, 아니면 IFRS4",-,주식배당수익률(%),2024-12-31,-,-,api,alotMatter,"{""bsns_year"": ""2024"", ""corp_code"": ""00860332"", ""reprt_code"": ""11011""}",20250328001697,api_row,2026-09-11T10:43:56+09:00,000,run_20260911_103248_0235,raw/alotMatter/00860332_2024_11011.json,06faaba02755dcce560882258b7d91e705caed2b83bc03ec863a98c6d2987095,0
메리츠금융지주,지주,비교지주,00860332,메리츠금융지주,2024,11011,사업보고서,IFRS17,Y,-,"보고서 사업연도 >= 2023 이면 IFRS17, 아니면 IFRS4",-,주식배당수익률(%),2024-12-31,-,-,api,alotMatter,"{""bsns_year"": ""2024"", ""corp_code"": ""00860332"", ""reprt_code"": ""11011""}",20250328001697,api_row,2026-09-11T10:43:56+09:00,000,run_20260911_103248_0235,raw/alotMatter/00860332_2024_11011.json,06faaba02755dcce560882258b7d91e705caed2b83bc03ec863a98c6d2987095,0
메리츠금융지주,지주,비교지주,00860332,메리츠금융지주,2024,11011,사업보고서,IFRS17,Y,"2,360","보고서 사업연도 >= 2023 이면 IFRS17, 아니면 IFRS4",105,주당 현금배당금(원),2024-12-31,-,"1,350",api,alotMatter,"{""bsns_year"": ""2024"", ""corp_code"": ""00860332"", ""reprt_code"": ""11011""}",20250328001697,api_row,2026-09-11T10:43:56+09:00,000,run_20260911_103248_0235,raw/alotMatter/00860332_2024_11011.json,06faaba02755dcce560882258b7d91e705caed2b83bc03ec863a98c6d2987095,0
메리츠금융지주,지주,비교지주,00860332,메리츠금융지주,2024,11011,사업보고서,IFRS17,Y,-,"보고서 사업연도 >= 2023 이면 IFRS17, 아니면 IFRS4",-,주당 현금배당금(원),2024-12-31,-,-,api,alotMatter,"{""bsns_year"": ""2024"", ""corp_code"": ""00860332"", ""reprt_code"": ""11011""}",20250328001697,api_row,2026-09-11T10:43:56+09:00,000,run_20260911_103248_0235,raw/alotMatter/00860332_2024_11011.json,06faaba02755dcce560882258b7d91e705caed2b83bc03ec863a98c6d2987095,0
메리츠금융지주,지주,비교지주,00860332,메리츠금융지주,2024,11011,사업보고서,IFRS17,Y,-,"보고서 사업연도 >= 2023 이면 IFRS17, 아니면 IFRS4",-,주당 주식배당(주),2024-12-31,-,-,api,alotMatter,"{""bsns_year"": ""2024"", ""corp_code"": ""00860332"", ""reprt_code"": ""11011""}",20250328001697,api_row,2026-09-11T10:43:56+09:00,000,run_20260911_103248_0235,raw/alotMatter/00860332_2024_11011.json,06faaba02755dcce560882258b7d91e705caed2b83bc03ec863a98c6d2987095,0
메리츠금융지주,지주,비교지주,00860332,메리츠금융지주,2024,11011,사업보고서,IFRS17,Y,-,"보고서 사업연도 >= 2023 이면 IFRS17, 아니면 IFRS4",-,주당 주식배당(주),2024-12-31,-,-,api,alotMatter,"{""bsns_year"": ""2024"", ""corp_code"": ""00860332"", ""reprt_code"": ""11011""}",20250328001697,api_row,2026-09-11T10:43:56+09:00,000,run_20260911_103248_0235,raw/alotMatter/00860332_2024_11011.json,06faaba02755dcce560882258b7d91e705caed2b83bc03ec863a98c6d2987095,0
메리츠금융지주,지주,비교지주,00860332,메리츠금융지주,2025,11011,사업보고서,IFRS17,Y,500,"보고서 사업연도 >= 2023 이면 IFRS17, 아니면 IFRS4",500,주당액면가액(원),2025-12-31,-,500,api,alotMatter,"{""bsns_year"": ""2025"", ""corp_code"": ""00860332"", ""reprt_code"": ""11011""}",20260331004202,api_row,2026-09-11T10:44:30+09:00,000,run_20260911_103248_0244,raw/alotMatter/00860332_2025_11011.json,d422fd7c3d92bca9e3f0f4f3fb3a2275f6f9912604251f136b488cb72578883a,0
메리츠금융지주,지주,비교지주,00860332,메리츠금융지주,2025,11011,사업보고서,IFRS17,Y,"2,306,097","보고서 사업연도 >= 2023 이면 IFRS17, 아니면 IFRS4","2,041,749",(연결)당기순이익(백만원),2025-12-31,-,"2,300,360",api,alotMatter,"{""bsns_year"": ""2025"", ""corp_code"": ""00860332"", ""reprt_code"": ""11011""}",20260331004202,api_row,2026-09-11T10:44:30+09:00,000,run_20260911_103248_0244,raw/alotMatter/00860332_2025_11011.json,d422fd7c3d92bca9e3f0f4f3fb3a2275f6f9912604251f136b488cb72578883a,0
메리츠금융지주,지주,비교지주,00860332,메리츠금융지주,2025,11011,사업보고서,IFRS17,Y,"1,227,608","보고서 사업연도 >= 2023 이면 IFRS17, 아니면 IFRS4","359,820",(별도)당기순이익(백만원),2025-12-31,-,"1,271,710",api,alotMatter,"{""bsns_year"": ""2025"", ""corp_code"": ""00860332"", ""reprt_code"": ""11011""}",20260331004202,api_row,2026-09-11T10:44:30+09:00,000,run_20260911_103248_0244,raw/alotMatter/00860332_2025_11011.json,d422fd7c3d92bca9e3f0f4f3fb3a2275f6f9912604251f136b488cb72578883a,0
메리츠금융지주,지주,비교지주,00860332,메리츠금융지주,2025,11011,사업보고서,IFRS17,Y,"12,259","보고서 사업연도 >= 2023 이면 IFRS17, 아니면 IFRS4","11,020",(연결)주당순이익(원),2025-12-31,-,"12,903",api,alotMatter,"{""bsns_year"": ""2025"", ""corp_code"": ""00860332"", ""reprt_code"": ""11011""}",20260331004202,api_row,2026-09-11T10:44:30+09:00,000,run_20260911_103248_0244,raw/alotMatter/00860332_2025_11011.json,d422fd7c3d92bca9e3f0f4f3fb3a2275f6f9912604251f136b488cb72578883a,0
메리츠금융지주,지주,비교지주,00860332,메리츠금융지주,2025,11011,사업보고서,IFRS17,Y,"240,696","보고서 사업연도 >= 2023 이면 IFRS17, 아니면 IFRS4","448,334",현금배당금총액(백만원),2025-12-31,-,-,api,alotMatter,"{""bsns_year"": ""2025"", ""corp_code"": ""00860332"", ""reprt_code"": ""11011""}",20260331004202,api_row,2026-09-11T10:44:30+09:00,000,run_20260911_103248_0244,raw/alotMatter/00860332_2025_11011.json,d422fd7c3d92bca9e3f0f4f3fb3a2275f6f9912604251f136b488cb72578883a,0
메리츠금융지주,지주,비교지주,00860332,메리츠금융지주,2025,11011,사업보고서,IFRS17,Y,-,"보고서 사업연도 >= 2023 이면 IFRS17, 아니면 IFRS4",-,주식배당금총액(백만원),2025-12-31,-,-,api,alotMatter,"{""bsns_year"": ""2025"", ""corp_code"": ""00860332"", ""reprt_code"": ""11011""}",20260331004202,api_row,2026-09-11T10:44:30+09:00,000,run_20260911_103248_0244,raw/alotMatter/00860332_2025_11011.json,d422fd7c3d92bca9e3f0f4f3fb3a2275f6f9912604251f136b488cb72578883a,0
메리츠금융지주,지주,비교지주,00860332,메리츠금융지주,2025,11011,사업보고서,IFRS17,Y,10.40,"보고서 사업연도 >= 2023 이면 IFRS17, 아니면 IFRS4",22.00,(연결)현금배당성향(%),2025-12-31,-,-,api,alotMatter,"{""bsns_year"": ""2025"", ""corp_code"": ""00860332"", ""reprt_code"": ""11011""}",20260331004202,api_row,2026-09-11T10:44:30+09:00,000,run_20260911_103248_0244,raw/alotMatter/00860332_2025_11011.json,d422fd7c3d92bca9e3f0f4f3fb3a2275f6f9912604251f136b488cb72578883a,0
메리츠금융지주,지주,비교지주,00860332,메리츠금융지주,2025,11011,사업보고서,IFRS17,Y,1.20,"보고서 사업연도 >= 2023 이면 IFRS17, 아니면 IFRS4",4.10,현금배당수익률(%),2025-12-31,보통주,-,api,alotMatter,"{""bsns_year"": ""2025"", ""corp_code"": ""00860332"", ""reprt_code"": ""11011""}",20260331004202,api_row,2026-09-11T10:44:30+09:00,000,run_20260911_103248_0244,raw/alotMatter/00860332_2025_11011.json,d422fd7c3d92bca9e3f0f4f3fb3a2275f6f9912604251f136b488cb72578883a,0
메리츠금융지주,지주,비교지주,00860332,메리츠금융지주,2025,11011,사업보고서,IFRS17,Y,-,"보고서 사업연도 >= 2023 이면 IFRS17, 아니면 IFRS4",-,현금배당수익률(%),2025-12-31,-,-,api,alotMatter,"{""bsns_year"": ""2025"", ""corp_code"": ""00860332"", ""reprt_code"": ""11011""}",20260331004202,api_row,2026-09-11T10:44:30+09:00,000,run_20260911_103248_0244,raw/alotMatter/00860332_2025_11011.json,d422fd7c3d92bca9e3f0f4f3fb3a2275f6f9912604251f136b488cb72578883a,0
메리츠금융지주,지주,비교지주,00860332,메리츠금융지주,2025,11011,사업보고서,IFRS17,Y,-,"보고서 사업연도 >= 2023 이면 IFRS17, 아니면 IFRS4",-,주식배당수익률(%),2025-12-31,보통주,-,api,alotMatter,"{""bsns_year"": ""2025"", ""corp_code"": ""00860332"", ""reprt_code"": ""11011""}",20260331004202,api_row,2026-09-11T10:44:30+09:00,000,run_20260911_103248_0244,raw/alotMatter/00860332_2025_11011.json,d422fd7c3d92bca9e3f0f4f3fb3a2275f6f9912604251f136b488cb72578883a,0
메리츠금융지주,지주,비교지주,00860332,메리츠금융지주,2025,11011,사업보고서,IFRS17,Y,-,"보고서 사업연도 >= 2023 이면 IFRS17, 아니면 IFRS4",-,주식배당수익률(%),2025-12-31,-,-,api,alotMatter,"{""bsns_year"": ""2025"", ""corp_code"": ""00860332"", ""reprt_code"": ""11011""}",20260331004202,api_row,2026-09-11T10:44:30+09:00,000,run_20260911_103248_0244,raw/alotMatter/00860332_2025_11011.json,d422fd7c3d92bca9e3f0f4f3fb3a2275f6f9912604251f136b488cb72578883a,0
메리츠금융지주,지주,비교지주,00860332,메리츠금융지주,2025,11011,사업보고서,IFRS17,Y,"1,350","보고서 사업연도 >= 2023 이면 IFRS17, 아니면 IFRS4","2,360",주당 현금배당금(원),2025-12-31,보통주,-,api,alotMatter,"{""bsns_year"": ""2025"", ""corp_code"": ""00860332"", ""reprt_code"": ""11011""}",20260331004202,api_row,2026-09-11T10:44:30+09:00,000,run_20260911_103248_0244,raw/alotMatter/00860332_2025_11011.json,d422fd7c3d92bca9e3f0f4f3fb3a2275f6f9912604251f136b488cb72578883a,0
메리츠금융지주,지주,비교지주,00860332,메리츠금융지주,2025,11011,사업보고서,IFRS17,Y,-,"보고서 사업연도 >= 2023 이면 IFRS17, 아니면 IFRS4",-,주당 현금배당금(원),2025-12-31,-,-,api,alotMatter,"{""bsns_year"": ""2025"", ""corp_code"": ""00860332"", ""reprt_code"": ""11011""}",20260331004202,api_row,2026-09-11T10:44:30+09:00,000,run_20260911_103248_0244,raw/alotMatter/00860332_2025_11011.json,d422fd7c3d92bca9e3f0f4f3fb3a2275f6f9912604251f136b488cb72578883a,0
메리츠금융지주,지주,비교지주,00860332,메리츠금융지주,2025,11011,사업보고서,IFRS17,Y,-,"보고서 사업연도 >= 2023 이면 IFRS17, 아니면 IFRS4",-,주당 주식배당(주),2025-12-31,보통주,-,api,alotMatter,"{""bsns_year"": ""2025"", ""corp_code"": ""00860332"", ""reprt_code"": ""11011""}",20260331004202,api_row,2026-09-11T10:44:30+09:00,000,run_20260911_103248_0244,raw/alotMatter/00860332_2025_11011.json,d422fd7c3d92bca9e3f0f4f3fb3a2275f6f9912604251f136b488cb72578883a,0
메리츠금융지주,지주,비교지주,00860332,메리츠금융지주,2025,11011,사업보고서,IFRS17,Y,-,"보고서 사업연도 >= 2023 이면 IFRS17, 아니면 IFRS4",-,주당 주식배당(주),2025-12-31,-,-,api,alotMatter,"{""bsns_year"": ""2025"", ""corp_code"": ""00860332"", ""reprt_code"": ""11011""}",20260331004202,api_row,2026-09-11T10:44:30+09:00,000,run_20260911_103248_0244,raw/alotMatter/00860332_2025_11011.json,d422fd7c3d92bca9e3f0f4f3fb3a2275f6f9912604251f136b488cb72578883a,0
메리츠금융지주,지주,비교지주,00860332,메리츠금융지주,2025,11012,반기보고서,IFRS17,Y,500,"보고서 사업연도 >= 2023 이면 IFRS17, 아니면 IFRS4",500,주당액면가액(원),2025-06-30,-,500,api,alotMatter,"{""bsns_year"": ""2025"", ""corp_code"": ""00860332"", ""reprt_code"": ""11012""}",20250829002051,api_row,2026-09-11T10:45:05+09:00,000,run_20260911_103248_0253,raw/alotMatter/00860332_2025_11012.json,cbb9766a12cc3e705dcda9abbaf8c7849e414f0c6800ec0f70eb10ff332cf662,0
메리츠금융지주,지주,비교지주,00860332,메리츠금융지주,2025,11012,반기보고서,IFRS17,Y,"2,306,097","보고서 사업연도 >= 2023 이면 IFRS17, 아니면 IFRS4","2,041,749",(연결)당기순이익(백만원),2025-06-30,-,"1,334,950",api,alotMatter,"{""bsns_year"": ""2025"", ""corp_code"": ""00860332"", ""reprt_code"": ""11012""}",20250829002051,api_row,2026-09-11T10:45:05+09:00,000,run_20260911_103248_0253,raw/alotMatter/00860332_2025_11012.json,cbb9766a12cc3e705dcda9abbaf8c7849e414f0c6800ec0f70eb10ff332cf662,0
메리츠금융지주,지주,비교지주,00860332,메리츠금융지주,2025,11012,반기보고서,IFRS17,Y,"1,227,608","보고서 사업연도 >= 2023 이면 IFRS17, 아니면 IFRS4","359,820",(별도)당기순이익(백만원),2025-06-30,-,"719,723",api,alotMatter,"{""bsns_year"": ""2025"", ""corp_code"": ""00860332"", ""reprt_code"": ""11012""}",20250829002051,api_row,2026-09-11T10:45:05+09:00,000,run_20260911_103248_0253,raw/alotMatter/00860332_2025_11012.json,cbb9766a12cc3e705dcda9abbaf8c7849e414f0c6800ec0f70eb10ff332cf662,0
메리츠금융지주,지주,비교지주,00860332,메리츠금융지주,2025,11012,반기보고서,IFRS17,Y,"12,259","보고서 사업연도 >= 2023 이면 IFRS17, 아니면 IFRS4","11,020",(연결)주당순이익(원),2025-06-30,-,"7,390",api,alotMatter,"{""bsns_year"": ""2025"", ""corp_code"": ""00860332"", ""reprt_code"": ""11012""}",20250829002051,api_row,2026-09-11T10:45:05+09:00,000,run_20260911_103248_0253,raw/alotMatter/00860332_2025_11012.json,cbb9766a12cc3e705dcda9abbaf8c7849e414f0c6800ec0f70eb10ff332cf662,0
메리츠금융지주,지주,비교지주,00860332,메리츠금융지주,2025,11012,반기보고서,IFRS17,Y,"240,696","보고서 사업연도 >= 2023 이면 IFRS17, 아니면 IFRS4","448,334",현금배당금총액(백만원),2025-06-30,-,"240,696",api,alotMatter,"{""bsns_year"": ""2025"", ""corp_code"": ""00860332"", ""reprt_code"": ""11012""}",20250829002051,api_row,2026-09-11T10:45:05+09:00,000,run_20260911_103248_0253,raw/alotMatter/00860332_2025_11012.json,cbb9766a12cc3e705dcda9abbaf8c7849e414f0c6800ec0f70eb10ff332cf662,0
메리츠금융지주,지주,비교지주,00860332,메리츠금융지주,2025,11012,반기보고서,IFRS17,Y,-,"보고서 사업연도 >= 2023 이면 IFRS17, 아니면 IFRS4",-,주식배당금총액(백만원),2025-06-30,-,-,api,alotMatter,"{""bsns_year"": ""2025"", ""corp_code"": ""00860332"", ""reprt_code"": ""11012""}",20250829002051,api_row,2026-09-11T10:45:05+09:00,000,run_20260911_103248_0253,raw/alotMatter/00860332_2025_11012.json,cbb9766a12cc3e705dcda9abbaf8c7849e414f0c6800ec0f70eb10ff332cf662,0
메리츠금융지주,지주,비교지주,00860332,메리츠금융지주,2025,11012,반기보고서,IFRS17,Y,10.40,"보고서 사업연도 >= 2023 이면 IFRS17, 아니면 IFRS4",22.00,(연결)현금배당성향(%),2025-06-30,-,-,api,alotMatter,"{""bsns_year"": ""2025"", ""corp_code"": ""00860332"", ""reprt_code"": ""11012""}",20250829002051,api_row,2026-09-11T10:45:05+09:00,000,run_20260911_103248_0253,raw/alotMatter/00860332_2025_11012.json,cbb9766a12cc3e705dcda9abbaf8c7849e414f0c6800ec0f70eb10ff332cf662,0
메리츠금융지주,지주,비교지주,00860332,메리츠금융지주,2025,11012,반기보고서,IFRS17,Y,1.20,"보고서 사업연도 >= 2023 이면 IFRS17, 아니면 IFRS4",4.10,현금배당수익률(%),2025-06-30,-,-,api,alotMatter,"{""bsns_year"": ""2025"", ""corp_code"": ""00860332"", ""reprt_code"": ""11012""}",20250829002051,api_row,2026-09-11T10:45:05+09:00,000,run_20260911_103248_0253,raw/alotMatter/00860332_2025_11012.json,cbb9766a12cc3e705dcda9abbaf8c7849e414f0c6800ec0f70eb10ff332cf662,0
메리츠금융지주,지주,비교지주,00860332,메리츠금융지주,2025,11012,반기보고서,IFRS17,Y,-,"보고서 사업연도 >= 2023 이면 IFRS17, 아니면 IFRS4",-,현금배당수익률(%),2025-06-30,-,-,api,alotMatter,"{""bsns_year"": ""2025"", ""corp_code"": ""00860332"", ""reprt_code"": ""11012""}",20250829002051,api_row,2026-09-11T10:45:05+09:00,000,run_20260911_103248_0253,raw/alotMatter/00860332_2025_11012.json,cbb9766a12cc3e705dcda9abbaf8c7849e414f0c6800ec0f70eb10ff332cf662,0
메리츠금융지주,지주,비교지주,00860332,메리츠금융지주,2025,11012,반기보고서,IFRS17,Y,-,"보고서 사업연도 >= 2023 이면 IFRS17, 아니면 IFRS4",-,주식배당수익률(%),2025-06-30,-,-,api,alotMatter,"{""bsns_year"": ""2025"", ""corp_code"": ""00860332"", ""reprt_code"": ""11012""}",20250829002051,api_row,2026-09-11T10:45:05+09:00,000,run_20260911_103248_0253,raw/alotMatter/00860332_2025_11012.json,cbb9766a12cc3e705dcda9abbaf8c7849e414f0c6800ec0f70eb10ff332cf662,0
메리츠금융지주,지주,비교지주,00860332,메리츠금융지주,2025,11012,반기보고서,IFRS17,Y,-,"보고서 사업연도 >= 2023 이면 IFRS17, 아니면 IFRS4",-,주식배당수익률(%),2025-06-30,-,-,api,alotMatter,"{""bsns_year"": ""2025"", ""corp_code"": ""00860332"", ""reprt_code"": ""11012""}",20250829002051,api_row,2026-09-11T10:45:05+09:00,000,run_20260911_103248_0253,raw/alotMatter/00860332_2025_11012.json,cbb9766a12cc3e705dcda9abbaf8c7849e414f0c6800ec0f70eb10ff332cf662,0
메리츠금융지주,지주,비교지주,00860332,메리츠금융지주,2025,11012,반기보고서,IFRS17,Y,"1,350","보고서 사업연도 >= 2023 이면 IFRS17, 아니면 IFRS4","2,360",주당 현금배당금(원),2025-06-30,-,-,api,alotMatter,"{""bsns_year"": ""2025"", ""corp_code"": ""00860332"", ""reprt_code"": ""11012""}",20250829002051,api_row,2026-09-11T10:45:05+09:00,000,run_20260911_103248_0253,raw/alotMatter/00860332_2025_11012.json,cbb9766a12cc3e705dcda9abbaf8c7849e414f0c6800ec0f70eb10ff332cf662,0
메리츠금융지주,지주,비교지주,00860332,메리츠금융지주,2025,11012,반기보고서,IFRS17,Y,-,"보고서 사업연도 >= 2023 이면 IFRS17, 아니면 IFRS4",-,주당 현금배당금(원),2025-06-30,-,-,api,alotMatter,"{""bsns_year"": ""2025"", ""corp_code"": ""00860332"", ""reprt_code"": ""11012""}",20250829002051,api_row,2026-09-11T10:45:05+09:00,000,run_20260911_103248_0253,raw/alotMatter/00860332_2025_11012.json,cbb9766a12cc3e705dcda9abbaf8c7849e414f0c6800ec0f70eb10ff332cf662,0
메리츠금융지주,지주,비교지주,00860332,메리츠금융지주,2025,11012,반기보고서,IFRS17,Y,-,"보고서 사업연도 >= 2023 이면 IFRS17, 아니면 IFRS4",-,주당 주식배당(주),2025-06-30,-,-,api,alotMatter,"{""bsns_year"": ""2025"", ""corp_code"": ""00860332"", ""reprt_code"": ""11012""}",20250829002051,api_row,2026-09-11T10:45:05+09:00,000,run_20260911_103248_0253,raw/alotMatter/00860332_2025_11012.json,cbb9766a12cc3e705dcda9abbaf8c7849e414f0c6800ec0f70eb10ff332cf662,0
메리츠금융지주,지주,비교지주,00860332,메리츠금융지주,2025,11012,반기보고서,IFRS17,Y,-,"보고서 사업연도 >= 2023 이면 IFRS17, 아니면 IFRS4",-,주당 주식배당(주),2025-06-30,-,-,api,alotMatter,"{""bsns_year"": ""2025"", ""corp_code"": ""00860332"", ""reprt_code"": ""11012""}",20250829002051,api_row,2026-09-11T10:45:05+09:00,000,run_20260911_103248_0253,raw/alotMatter/00860332_2025_11012.json,cbb9766a12cc3e705dcda9abbaf8c7849e414f0c6800ec0f70eb10ff332cf662,0
메리츠금융지주,지주,비교지주,00860332,메리츠금융지주,2026,11012,반기보고서,IFRS17,Y,500,"보고서 사업연도 >= 2023 이면 IFRS17, 아니면 IFRS4",500,주당액면가액(원),2026-06-30,-,500,api,alotMatter,"{""bsns_year"": ""2026"", ""corp_code"": ""00860332"", ""reprt_code"": ""11012""}",20260814004036,api_row,2026-09-11T10:45:37+09:00,000,run_20260911_103248_0262,raw/alotMatter/00860332_2026_11012.json,3a154e71921077978b2bcdf2c4701c8083d3c49d5d576bdef6c2acc8e0070f3e,0
메리츠금융지주,지주,비교지주,00860332,메리츠금융지주,2026,11012,반기보고서,IFRS17,Y,"2,300,360","보고서 사업연도 >= 2023 이면 IFRS17, 아니면 IFRS4","2,306,097",(연결)당기순이익(백만원),2026-06-30,-,"1,442,033",api,alotMatter,"{""bsns_year"": ""2026"", ""corp_code"": ""00860332"", ""reprt_code"": ""11012""}",20260814004036,api_row,2026-09-11T10:45:37+09:00,000,run_20260911_103248_0262,raw/alotMatter/00860332_2026_11012.json,3a154e71921077978b2bcdf2c4701c8083d3c49d5d576bdef6c2acc8e0070f3e,0
메리츠금융지주,지주,비교지주,00860332,메리츠금융지주,2026,11012,반기보고서,IFRS17,Y,"1,271,710","보고서 사업연도 >= 2023 이면 IFRS17, 아니면 IFRS4","1,227,608",(별도)당기순이익(백만원),2026-06-30,-,"692,128",api,alotMatter,"{""bsns_year"": ""2026"", ""corp_code"": ""00860332"", ""reprt_code"": ""11012""}",20260814004036,api_row,2026-09-11T10:45:37+09:00,000,run_20260911_103248_0262,raw/alotMatter/00860332_2026_11012.json,3a154e71921077978b2bcdf2c4701c8083d3c49d5d576bdef6c2acc8e0070f3e,0
메리츠금융지주,지주,비교지주,00860332,메리츠금융지주,2026,11012,반기보고서,IFRS17,Y,"12,903","보고서 사업연도 >= 2023 이면 IFRS17, 아니면 IFRS4","12,259",(연결)주당순이익(원),2026-06-30,-,"8,589",api,alotMatter,"{""bsns_year"": ""2026"", ""corp_code"": ""00860332"", ""reprt_code"": ""11012""}",20260814004036,api_row,2026-09-11T10:45:37+09:00,000,run_20260911_103248_0262,raw/alotMatter/00860332_2026_11012.json,3a154e71921077978b2bcdf2c4701c8083d3c49d5d576bdef6c2acc8e0070f3e,0
메리츠금융지주,지주,비교지주,00860332,메리츠금융지주,2026,11012,반기보고서,IFRS17,Y,-,"보고서 사업연도 >= 2023 이면 IFRS17, 아니면 IFRS4","240,696",현금배당금총액(백만원),2026-06-30,-,-,api,alotMatter,"{""bsns_year"": ""2026"", ""corp_code"": ""00860332"", ""reprt_code"": ""11012""}",20260814004036,api_row,2026-09-11T10:45:37+09:00,000,run_20260911_103248_0262,raw/alotMatter/00860332_2026_11012.json,3a154e71921077978b2bcdf2c4701c8083d3c49d5d576bdef6c2acc8e0070f3e,0
메리츠금융지주,지주,비교지주,00860332,메리츠금융지주,2026,11012,반기보고서,IFRS17,Y,-,"보고서 사업연도 >= 2023 이면 IFRS17, 아니면 IFRS4",-,주식배당금총액(백만원),2026-06-30,-,-,api,alotMatter,"{""bsns_year"": ""2026"", ""corp_code"": ""00860332"", ""reprt_code"": ""11012""}",20260814004036,api_row,2026-09-11T10:45:37+09:00,000,run_20260911_103248_0262,raw/alotMatter/00860332_2026_11012.json,3a154e71921077978b2bcdf2c4701c8083d3c49d5d576bdef6c2acc8e0070f3e,0
메리츠금융지주,지주,비교지주,00860332,메리츠금융지주,2026,11012,반기보고서,IFRS17,Y,-,"보고서 사업연도 >= 2023 이면 IFRS17, 아니면 IFRS4",10.40,(연결)현금배당성향(%),2026-06-30,-,-,api,alotMatter,"{""bsns_year"": ""2026"", ""corp_code"": ""00860332"", ""reprt_code"": ""11012""}",20260814004036,api_row,2026-09-11T10:45:37+09:00,000,run_20260911_103248_0262,raw/alotMatter/00860332_2026_11012.json,3a154e71921077978b2bcdf2c4701c8083d3c49d5d576bdef6c2acc8e0070f3e,0
메리츠금융지주,지주,비교지주,00860332,메리츠금융지주,2026,11012,반기보고서,IFRS17,Y,-,"보고서 사업연도 >= 2023 이면 IFRS17, 아니면 IFRS4",1.20,현금배당수익률(%),2026-06-30,보통주,-,api,alotMatter,"{""bsns_year"": ""2026"", ""corp_code"": ""00860332"", ""reprt_code"": ""11012""}",20260814004036,api_row,2026-09-11T10:45:37+09:00,000,run_20260911_103248_0262,raw/alotMatter/00860332_2026_11012.json,3a154e71921077978b2bcdf2c4701c8083d3c49d5d576bdef6c2acc8e0070f3e,0
메리츠금융지주,지주,비교지주,00860332,메리츠금융지주,2026,11012,반기보고서,IFRS17,Y,-,"보고서 사업연도 >= 2023 이면 IFRS17, 아니면 IFRS4",-,현금배당수익률(%),2026-06-30,-,-,api,alotMatter,"{""bsns_year"": ""2026"", ""corp_code"": ""00860332"", ""reprt_code"": ""11012""}",20260814004036,api_row,2026-09-11T10:45:37+09:00,000,run_20260911_103248_0262,raw/alotMatter/00860332_2026_11012.json,3a154e71921077978b2bcdf2c4701c8083d3c49d5d576bdef6c2acc8e0070f3e,0
메리츠금융지주,지주,비교지주,00860332,메리츠금융지주,2026,11012,반기보고서,IFRS17,Y,-,"보고서 사업연도 >= 2023 이면 IFRS17, 아니면 IFRS4",-,주식배당수익률(%),2026-06-30,보통주,-,api,alotMatter,"{""bsns_year"": ""2026"", ""corp_code"": ""00860332"", ""reprt_code"": ""11012""}",20260814004036,api_row,2026-09-11T10:45:37+09:00,000,run_20260911_103248_0262,raw/alotMatter/00860332_2026_11012.json,3a154e71921077978b2bcdf2c4701c8083d3c49d5d576bdef6c2acc8e0070f3e,0
메리츠금융지주,지주,비교지주,00860332,메리츠금융지주,2026,11012,반기보고서,IFRS17,Y,-,"보고서 사업연도 >= 2023 이면 IFRS17, 아니면 IFRS4",-,주식배당수익률(%),2026-06-30,-,-,api,alotMatter,"{""bsns_year"": ""2026"", ""corp_code"": ""00860332"", ""reprt_code"": ""11012""}",20260814004036,api_row,2026-09-11T10:45:37+09:00,000,run_20260911_103248_0262,raw/alotMatter/00860332_2026_11012.json,3a154e71921077978b2bcdf2c4701c8083d3c49d5d576bdef6c2acc8e0070f3e,0
메리츠금융지주,지주,비교지주,00860332,메리츠금융지주,2026,11012,반기보고서,IFRS17,Y,-,"보고서 사업연도 >= 2023 이면 IFRS17, 아니면 IFRS4","1,350",주당 현금배당금(원),2026-06-30,보통주,-,api,alotMatter,"{""bsns_year"": ""2026"", ""corp_code"": ""00860332"", ""reprt_code"": ""11012""}",20260814004036,api_row,2026-09-11T10:45:37+09:00,000,run_20260911_103248_0262,raw/alotMatter/00860332_2026_11012.json,3a154e71921077978b2bcdf2c4701c8083d3c49d5d576bdef6c2acc8e0070f3e,0
메리츠금융지주,지주,비교지주,00860332,메리츠금융지주,2026,11012,반기보고서,IFRS17,Y,-,"보고서 사업연도 >= 2023 이면 IFRS17, 아니면 IFRS4",-,주당 현금배당금(원),2026-06-30,-,-,api,alotMatter,"{""bsns_year"": ""2026"", ""corp_code"": ""00860332"", ""reprt_code"": ""11012""}",20260814004036,api_row,2026-09-11T10:45:37+09:00,000,run_20260911_103248_0262,raw/alotMatter/00860332_2026_11012.json,3a154e71921077978b2bcdf2c4701c8083d3c49d5d576bdef6c2acc8e0070f3e,0
메리츠금융지주,지주,비교지주,00860332,메리츠금융지주,2026,11012,반기보고서,IFRS17,Y,-,"보고서 사업연도 >= 2023 이면 IFRS17, 아니면 IFRS4",-,주당 주식배당(주),2026-06-30,보통주,-,api,alotMatter,"{""bsns_year"": ""2026"", ""corp_code"": ""00860332"", ""reprt_code"": ""11012""}",20260814004036,api_row,2026-09-11T10:45:37+09:00,000,run_20260911_103248_0262,raw/alotMatter/00860332_2026_11012.json,3a154e71921077978b2bcdf2c4701c8083d3c49d5d576bdef6c2acc8e0070f3e,0
메리츠금융지주,지주,비교지주,00860332,메리츠금융지주,2026,11012,반기보고서,IFRS17,Y,-,"보고서 사업연도 >= 2023 이면 IFRS17, 아니면 IFRS4",-,주당 주식배당(주),2026-06-30,-,-,api,alotMatter,"{""bsns_year"": ""2026"", ""corp_code"": ""00860332"", ""reprt_code"": ""11012""}",20260814004036,api_row,2026-09-11T10:45:37+09:00,000,run_20260911_103248_0262,raw/alotMatter/00860332_2026_11012.json,3a154e71921077978b2bcdf2c4701c8083d3c49d5d576bdef6c2acc8e0070f3e,0
메리츠증권,기타,참고,00163682,메리츠증권,2021,11011,사업보고서,IFRS4,E,"1,000","보고서 사업연도 >= 2023 이면 IFRS17, 아니면 IFRS4","1,000",주당액면가액(원),2021-12-31,-,"1,000",api,alotMatter,"{""bsns_year"": ""2021"", ""corp_code"": ""00163682"", ""reprt_code"": ""11011""}",20220308000675,api_row,2026-09-11T10:52:28+09:00,000,run_20260911_103248_0334,raw/alotMatter/00163682_2021_11011.json,9bd775fb50f3b091a26332af8afa61b28f7d5f8944cfd664858dcdd09d0ce1e6,0
메리츠증권,기타,참고,00163682,메리츠증권,2021,11011,사업보고서,IFRS4,E,"558,266","보고서 사업연도 >= 2023 이면 IFRS17, 아니면 IFRS4","548,983",(연결)당기순이익(백만원),2021-12-31,-,"774,869",api,alotMatter,"{""bsns_year"": ""2021"", ""corp_code"": ""00163682"", ""reprt_code"": ""11011""}",20220308000675,api_row,2026-09-11T10:52:28+09:00,000,run_20260911_103248_0334,raw/alotMatter/00163682_2021_11011.json,9bd775fb50f3b091a26332af8afa61b28f7d5f8944cfd664858dcdd09d0ce1e6,0
메리츠증권,기타,참고,00163682,메리츠증권,2021,11011,사업보고서,IFRS4,E,"423,852","보고서 사업연도 >= 2023 이면 IFRS17, 아니면 IFRS4","595,698",(별도)당기순이익(백만원),2021-12-31,-,"681,610",api,alotMatter,"{""bsns_year"": ""2021"", ""corp_code"": ""00163682"", ""reprt_code"": ""11011""}",20220308000675,api_row,2026-09-11T10:52:28+09:00,000,run_20260911_103248_0334,raw/alotMatter/00163682_2021_11011.json,9bd775fb50f3b091a26332af8afa61b28f7d5f8944cfd664858dcdd09d0ce1e6,0
메리츠증권,기타,참고,00163682,메리츠증권,2021,11011,사업보고서,IFRS4,E,865,"보고서 사업연도 >= 2023 이면 IFRS17, 아니면 IFRS4",924,(연결)주당순이익(원),2021-12-31,-,"1,201",api,alotMatter,"{""bsns_year"": ""2021"", ""corp_code"": ""00163682"", ""reprt_code"": ""11011""}",20220308000675,api_row,2026-09-11T10:52:28+09:00,000,run_20260911_103248_0334,raw/alotMatter/00163682_2021_11011.json,9bd775fb50f3b091a26332af8afa61b28f7d5f8944cfd664858dcdd09d0ce1e6,0
메리츠증권,기타,참고,00163682,메리츠증권,2021,11011,사업보고서,IFRS4,E,"222,671","보고서 사업연도 >= 2023 이면 IFRS17, 아니면 IFRS4","135,746",현금배당금총액(백만원),2021-12-31,-,"72,019",api,alotMatter,"{""bsns_year"": ""2021"", ""corp_code"": ""00163682"", ""reprt_code"": ""11011""}",20220308000675,api_row,2026-09-11T10:52:28+09:00,000,run_20260911_103248_0334,raw/alotMatter/00163682_2021_11011.json,9bd775fb50f3b091a26332af8afa61b28f7d5f8944cfd664858dcdd09d0ce1e6,0
메리츠증권,기타,참고,00163682,메리츠증권,2021,11011,사업보고서,IFRS4,E,-,"보고서 사업연도 >= 2023 이면 IFRS17, 아니면 IFRS4",-,주식배당금총액(백만원),2021-12-31,-,-,api,alotMatter,"{""bsns_year"": ""2021"", ""corp_code"": ""00163682"", ""reprt_code"": ""11011""}",20220308000675,api_row,2026-09-11T10:52:28+09:00,000,run_20260911_103248_0334,raw/alotMatter/00163682_2021_11011.json,9bd775fb50f3b091a26332af8afa61b28f7d5f8944cfd664858dcdd09d0ce1e6,0
메리츠증권,기타,참고,00163682,메리츠증권,2021,11011,사업보고서,IFRS4,E,39.89,"보고서 사업연도 >= 2023 이면 IFRS17, 아니면 IFRS4",24.73,(연결)현금배당성향(%),2021-12-31,-,9.29,api,alotMatter,"{""bsns_year"": ""2021"", ""corp_code"": ""00163682"", ""reprt_code"": ""11011""}",20220308000675,api_row,2026-09-11T10:52:28+09:00,000,run_20260911_103248_0334,raw/alotMatter/00163682_2021_11011.json,9bd775fb50f3b091a26332af8afa61b28f7d5f8944cfd664858dcdd09d0ce1e6,0
메리츠증권,기타,참고,00163682,메리츠증권,2021,11011,사업보고서,IFRS4,E,8.30,"보고서 사업연도 >= 2023 이면 IFRS17, 아니면 IFRS4",5.00,현금배당수익률(%),2021-12-31,보통주,1.90,api,alotMatter,"{""bsns_year"": ""2021"", ""corp_code"": ""00163682"", ""reprt_code"": ""11011""}",20220308000675,api_row,2026-09-11T10:52:28+09:00,000,run_20260911_103248_0334,raw/alotMatter/00163682_2021_11011.json,9bd775fb50f3b091a26332af8afa61b28f7d5f8944cfd664858dcdd09d0ce1e6,0
메리츠증권,기타,참고,00163682,메리츠증권,2021,11011,사업보고서,IFRS4,E,-,"보고서 사업연도 >= 2023 이면 IFRS17, 아니면 IFRS4",-,현금배당수익률(%),2021-12-31,"우선주
 (주1) ",-,api,alotMatter,"{""bsns_year"": ""2021"", ""corp_code"": ""00163682"", ""reprt_code"": ""11011""}",20220308000675,api_row,2026-09-11T10:52:28+09:00,000,run_20260911_103248_0334,raw/alotMatter/00163682_2021_11011.json,9bd775fb50f3b091a26332af8afa61b28f7d5f8944cfd664858dcdd09d0ce1e6,0
메리츠증권,기타,참고,00163682,메리츠증권,2021,11011,사업보고서,IFRS4,E,-,"보고서 사업연도 >= 2023 이면 IFRS17, 아니면 IFRS4",-,주식배당수익률(%),2021-12-31,보통주,-,api,alotMatter,"{""bsns_year"": ""2021"", ""corp_code"": ""00163682"", ""reprt_code"": ""11011""}",20220308000675,api_row,2026-09-11T10:52:28+09:00,000,run_20260911_103248_0334,raw/alotMatter/00163682_2021_11011.json,9bd775fb50f3b091a26332af8afa61b28f7d5f8944cfd664858dcdd09d0ce1e6,0
메리츠증권,기타,참고,00163682,메리츠증권,2021,11011,사업보고서,IFRS4,E,-,"보고서 사업연도 >= 2023 이면 IFRS17, 아니면 IFRS4",-,주식배당수익률(%),2021-12-31,우선주,-,api,alotMatter,"{""bsns_year"": ""2021"", ""corp_code"": ""00163682"", ""reprt_code"": ""11011""}",20220308000675,api_row,2026-09-11T10:52:28+09:00,000,run_20260911_103248_0334,raw/alotMatter/00163682_2021_11011.json,9bd775fb50f3b091a26332af8afa61b28f7d5f8944cfd664858dcdd09d0ce1e6,0
메리츠증권,기타,참고,00163682,메리츠증권,2021,11011,사업보고서,IFRS4,E,320,"보고서 사업연도 >= 2023 이면 IFRS17, 아니면 IFRS4",200,주당 현금배당금(원),2021-12-31,보통주,100,api,alotMatter,"{""bsns_year"": ""2021"", ""corp_code"": ""00163682"", ""reprt_code"": ""11011""}",20220308000675,api_row,2026-09-11T10:52:28+09:00,000,run_20260911_103248_0334,raw/alotMatter/00163682_2021_11011.json,9bd775fb50f3b091a26332af8afa61b28f7d5f8944cfd664858dcdd09d0ce1e6,0
메리츠증권,기타,참고,00163682,메리츠증권,2021,11011,사업보고서,IFRS4,E,179,"보고서 사업연도 >= 2023 이면 IFRS17, 아니면 IFRS4",179,주당 현금배당금(원),2021-12-31,"우선주
 (주2) ",283,api,alotMatter,"{""bsns_year"": ""2021"", ""corp_code"": ""00163682"", ""reprt_code"": ""11011""}",20220308000675,api_row,2026-09-11T10:52:28+09:00,000,run_20260911_103248_0334,raw/alotMatter/00163682_2021_11011.json,9bd775fb50f3b091a26332af8afa61b28f7d5f8944cfd664858dcdd09d0ce1e6,0
메리츠증권,기타,참고,00163682,메리츠증권,2021,11011,사업보고서,IFRS4,E,-,"보고서 사업연도 >= 2023 이면 IFRS17, 아니면 IFRS4",-,주당 주식배당(주),2021-12-31,보통주,-,api,alotMatter,"{""bsns_year"": ""2021"", ""corp_code"": ""00163682"", ""reprt_code"": ""11011""}",20220308000675,api_row,2026-09-11T10:52:28+09:00,000,run_20260911_103248_0334,raw/alotMatter/00163682_2021_11011.json,9bd775fb50f3b091a26332af8afa61b28f7d5f8944cfd664858dcdd09d0ce1e6,0
메리츠증권,기타,참고,00163682,메리츠증권,2021,11011,사업보고서,IFRS4,E,-,"보고서 사업연도 >= 2023 이면 IFRS17, 아니면 IFRS4",-,주당 주식배당(주),2021-12-31,우선주,-,api,alotMatter,"{""bsns_year"": ""2021"", ""corp_code"": ""00163682"", ""reprt_code"": ""11011""}",20220308000675,api_row,2026-09-11T10:52:28+09:00,000,run_20260911_103248_0334,raw/alotMatter/00163682_2021_11011.json,9bd775fb50f3b091a26332af8afa61b28f7d5f8944cfd664858dcdd09d0ce1e6,0
메리츠증권,기타,참고,00163682,메리츠증권,2022,11011,사업보고서,IFRS4,E,"1,000","보고서 사업연도 >= 2023 이면 IFRS17, 아니면 IFRS4","1,000",주당액면가액(원),2022-12-31,-,"1,000",api,alotMatter,"{""bsns_year"": ""2022"", ""corp_code"": ""00163682"", ""reprt_code"": ""11011""}",20230309000552,api_row,2026-09-11T10:52:48+09:00,000,run_20260911_103248_0343,raw/alotMatter/00163682_2022_11011.json,cfd6ea2239647eff25148b01d97e4124635848bd4d1fc7840fd74c3464ccfa22,0
메리츠증권,기타,참고,00163682,메리츠증권,2022,11011,사업보고서,IFRS4,E,"774,869","보고서 사업연도 >= 2023 이면 IFRS17, 아니면 IFRS4","558,266",(연결)당기순이익(백만원),2022-12-31,-,"822,095",api,alotMatter,"{""bsns_year"": ""2022"", ""corp_code"": ""00163682"", ""reprt_code"": ""11011""}",20230309000552,api_row,2026-09-11T10:52:48+09:00,000,run_20260911_103248_0343,raw/alotMatter/00163682_2022_11011.json,cfd6ea2239647eff25148b01d97e4124635848bd4d1fc7840fd74c3464ccfa22,0
메리츠증권,기타,참고,00163682,메리츠증권,2022,11011,사업보고서,IFRS4,E,"681,610","보고서 사업연도 >= 2023 이면 IFRS17, 아니면 IFRS4","423,852",(별도)당기순이익(백만원),2022-12-31,-,"769,046",api,alotMatter,"{""bsns_year"": ""2022"", ""corp_code"": ""00163682"", ""reprt_code"": ""11011""}",20230309000552,api_row,2026-09-11T10:52:48+09:00,000,run_20260911_103248_0343,raw/alotMatter/00163682_2022_11011.json,cfd6ea2239647eff25148b01d97e4124635848bd4d1fc7840fd74c3464ccfa22,0
메리츠증권,기타,참고,00163682,메리츠증권,2022,11011,사업보고서,IFRS4,E,"1,201","보고서 사업연도 >= 2023 이면 IFRS17, 아니면 IFRS4",865,(연결)주당순이익(원),2022-12-31,-,"1,369",api,alotMatter,"{""bsns_year"": ""2022"", ""corp_code"": ""00163682"", ""reprt_code"": ""11011""}",20230309000552,api_row,2026-09-11T10:52:48+09:00,000,run_20260911_103248_0343,raw/alotMatter/00163682_2022_11011.json,cfd6ea2239647eff25148b01d97e4124635848bd4d1fc7840fd74c3464ccfa22,0
메리츠증권,기타,참고,00163682,메리츠증권,2022,11011,사업보고서,IFRS4,E,"72,019","보고서 사업연도 >= 2023 이면 IFRS17, 아니면 IFRS4","222,671",현금배당금총액(백만원),2022-12-31,-,"75,093",api,alotMatter,"{""bsns_year"": ""2022"", ""corp_code"": ""00163682"", ""reprt_code"": ""11011""}",20230309000552,api_row,2026-09-11T10:52:48+09:00,000,run_20260911_103248_0343,raw/alotMatter/00163682_2022_11011.json,cfd6ea2239647eff25148b01d97e4124635848bd4d1fc7840fd74c3464ccfa22,0
메리츠증권,기타,참고,00163682,메리츠증권,2022,11011,사업보고서,IFRS4,E,-,"보고서 사업연도 >= 2023 이면 IFRS17, 아니면 IFRS4",-,주식배당금총액(백만원),2022-12-31,-,-,api,alotMatter,"{""bsns_year"": ""2022"", ""corp_code"": ""00163682"", ""reprt_code"": ""11011""}",20230309000552,api_row,2026-09-11T10:52:48+09:00,000,run_20260911_103248_0343,raw/alotMatter/00163682_2022_11011.json,cfd6ea2239647eff25148b01d97e4124635848bd4d1fc7840fd74c3464ccfa22,0
메리츠증권,기타,참고,00163682,메리츠증권,2022,11011,사업보고서,IFRS4,E,9.29,"보고서 사업연도 >= 2023 이면 IFRS17, 아니면 IFRS4",39.89,(연결)현금배당성향(%),2022-12-31,-,9.13,api,alotMatter,"{""bsns_year"": ""2022"", ""corp_code"": ""00163682"", ""reprt_code"": ""11011""}",20230309000552,api_row,2026-09-11T10:52:48+09:00,000,run_20260911_103248_0343,raw/alotMatter/00163682_2022_11011.json,cfd6ea2239647eff25148b01d97e4124635848bd4d1fc7840fd74c3464ccfa22,0
메리츠증권,기타,참고,00163682,메리츠증권,2022,11011,사업보고서,IFRS4,E,1.90,"보고서 사업연도 >= 2023 이면 IFRS17, 아니면 IFRS4",8.30,현금배당수익률(%),2022-12-31,보통주,2.20,api,alotMatter,"{""bsns_year"": ""2022"", ""corp_code"": ""00163682"", ""reprt_code"": ""11011""}",20230309000552,api_row,2026-09-11T10:52:48+09:00,000,run_20260911_103248_0343,raw/alotMatter/00163682_2022_11011.json,cfd6ea2239647eff25148b01d97e4124635848bd4d1fc7840fd74c3464ccfa22,0
메리츠증권,기타,참고,00163682,메리츠증권,2022,11011,사업보고서,IFRS4,E,-,"보고서 사업연도 >= 2023 이면 IFRS17, 아니면 IFRS4",-,현금배당수익률(%),2022-12-31,"우선주
 (주1) ",-,api,alotMatter,"{""bsns_year"": ""2022"", ""corp_code"": ""00163682"", ""reprt_code"": ""11011""}",20230309000552,api_row,2026-09-11T10:52:48+09:00,000,run_20260911_103248_0343,raw/alotMatter/00163682_2022_11011.json,cfd6ea2239647eff25148b01d97e4124635848bd4d1fc7840fd74c3464ccfa22,0
메리츠증권,기타,참고,00163682,메리츠증권,2022,11011,사업보고서,IFRS4,E,-,"보고서 사업연도 >= 2023 이면 IFRS17, 아니면 IFRS4",-,주식배당수익률(%),2022-12-31,보통주,-,api,alotMatter,"{""bsns_year"": ""2022"", ""corp_code"": ""00163682"", ""reprt_code"": ""11011""}",20230309000552,api_row,2026-09-11T10:52:48+09:00,000,run_20260911_103248_0343,raw/alotMatter/00163682_2022_11011.json,cfd6ea2239647eff25148b01d97e4124635848bd4d1fc7840fd74c3464ccfa22,0
메리츠증권,기타,참고,00163682,메리츠증권,2022,11011,사업보고서,IFRS4,E,-,"보고서 사업연도 >= 2023 이면 IFRS17, 아니면 IFRS4",-,주식배당수익률(%),2022-12-31,우선주,-,api,alotMatter,"{""bsns_year"": ""2022"", ""corp_code"": ""00163682"", ""reprt_code"": ""11011""}",20230309000552,api_row,2026-09-11T10:52:48+09:00,000,run_20260911_103248_0343,raw/alotMatter/00163682_2022_11011.json,cfd6ea2239647eff25148b01d97e4124635848bd4d1fc7840fd74c3464ccfa22,0
메리츠증권,기타,참고,00163682,메리츠증권,2022,11011,사업보고서,IFRS4,E,100,"보고서 사업연도 >= 2023 이면 IFRS17, 아니면 IFRS4",320,주당 현금배당금(원),2022-12-31,보통주,135,api,alotMatter,"{""bsns_year"": ""2022"", ""corp_code"": ""00163682"", ""reprt_code"": ""11011""}",20230309000552,api_row,2026-09-11T10:52:48+09:00,000,run_20260911_103248_0343,raw/alotMatter/00163682_2022_11011.json,cfd6ea2239647eff25148b01d97e4124635848bd4d1fc7840fd74c3464ccfa22,0
메리츠증권,기타,참고,00163682,메리츠증권,2022,11011,사업보고서,IFRS4,E,283,"보고서 사업연도 >= 2023 이면 IFRS17, 아니면 IFRS4",179,주당 현금배당금(원),2022-12-31,우선주,-,api,alotMatter,"{""bsns_year"": ""2022"", ""corp_code"": ""00163682"", ""reprt_code"": ""11011""}",20230309000552,api_row,2026-09-11T10:52:48+09:00,000,run_20260911_103248_0343,raw/alotMatter/00163682_2022_11011.json,cfd6ea2239647eff25148b01d97e4124635848bd4d1fc7840fd74c3464ccfa22,0
메리츠증권,기타,참고,00163682,메리츠증권,2022,11011,사업보고서,IFRS4,E,-,"보고서 사업연도 >= 2023 이면 IFRS17, 아니면 IFRS4",-,주당 주식배당(주),2022-12-31,보통주,-,api,alotMatter,"{""bsns_year"": ""2022"", ""corp_code"": ""00163682"", ""reprt_code"": ""11011""}",20230309000552,api_row,2026-09-11T10:52:48+09:00,000,run_20260911_103248_0343,raw/alotMatter/00163682_2022_11011.json,cfd6ea2239647eff25148b01d97e4124635848bd4d1fc7840fd74c3464ccfa22,0
메리츠증권,기타,참고,00163682,메리츠증권,2022,11011,사업보고서,IFRS4,E,-,"보고서 사업연도 >= 2023 이면 IFRS17, 아니면 IFRS4",-,주당 주식배당(주),2022-12-31,우선주,-,api,alotMatter,"{""bsns_year"": ""2022"", ""corp_code"": ""00163682"", ""reprt_code"": ""11011""}",20230309000552,api_row,2026-09-11T10:52:48+09:00,000,run_20260911_103248_0343,raw/alotMatter/00163682_2022_11011.json,cfd6ea2239647eff25148b01d97e4124635848bd4d1fc7840fd74c3464ccfa22,0
메리츠증권,기타,참고,00163682,메리츠증권,2023,11011,사업보고서,IFRS17,E,"1,000","보고서 사업연도 >= 2023 이면 IFRS17, 아니면 IFRS4","1,000",주당액면가액(원),2023-12-31,-,"1,000",api,alotMatter,"{""bsns_year"": ""2023"", ""corp_code"": ""00163682"", ""reprt_code"": ""11011""}",20240401003586,api_row,2026-09-11T10:53:08+09:00,000,run_20260911_103248_0352,raw/alotMatter/00163682_2023_11011.json,d2ebc692b2a4a655ee5b72bbd722b75cb80770764852041ee9c2dd6ea69943af,0
메리츠증권,기타,참고,00163682,메리츠증권,2023,11011,사업보고서,IFRS17,E,"822,095","보고서 사업연도 >= 2023 이면 IFRS17, 아니면 IFRS4","774,869",(연결)당기순이익(백만원),2023-12-31,-,"583,966",api,alotMatter,"{""bsns_year"": ""2023"", ""corp_code"": ""00163682"", ""reprt_code"": ""11011""}",20240401003586,api_row,2026-09-11T10:53:08+09:00,000,run_20260911_103248_0352,raw/alotMatter/00163682_2023_11011.json,d2ebc692b2a4a655ee5b72bbd722b75cb80770764852041ee9c2dd6ea69943af,0
메리츠증권,기타,참고,00163682,메리츠증권,2023,11011,사업보고서,IFRS17,E,"769,046","보고서 사업연도 >= 2023 이면 IFRS17, 아니면 IFRS4","681,610",(별도)당기순이익(백만원),2023-12-31,-,"424,233",api,alotMatter,"{""bsns_year"": ""2023"", ""corp_code"": ""00163682"", ""reprt_code"": ""11011""}",20240401003586,api_row,2026-09-11T10:53:08+09:00,000,run_20260911_103248_0352,raw/alotMatter/00163682_2023_11011.json,d2ebc692b2a4a655ee5b72bbd722b75cb80770764852041ee9c2dd6ea69943af,0
메리츠증권,기타,참고,00163682,메리츠증권,2023,11011,사업보고서,IFRS17,E,"1,369","보고서 사업연도 >= 2023 이면 IFRS17, 아니면 IFRS4","1,201",(연결)주당순이익(원),2023-12-31,-,927,api,alotMatter,"{""bsns_year"": ""2023"", ""corp_code"": ""00163682"", ""reprt_code"": ""11011""}",20240401003586,api_row,2026-09-11T10:53:08+09:00,000,run_20260911_103248_0352,raw/alotMatter/00163682_2023_11011.json,d2ebc692b2a4a655ee5b72bbd722b75cb80770764852041ee9c2dd6ea69943af,0
메리츠증권,기타,참고,00163682,메리츠증권,2023,11011,사업보고서,IFRS17,E,"75,093","보고서 사업연도 >= 2023 이면 IFRS17, 아니면 IFRS4","72,019",현금배당금총액(백만원),2023-12-31,-,"574,980",api,alotMatter,"{""bsns_year"": ""2023"", ""corp_code"": ""00163682"", ""reprt_code"": ""11011""}",20240401003586,api_row,2026-09-11T10:53:08+09:00,000,run_20260911_103248_0352,raw/alotMatter/00163682_2023_11011.json,d2ebc692b2a4a655ee5b72bbd722b75cb80770764852041ee9c2dd6ea69943af,0
메리츠증권,기타,참고,00163682,메리츠증권,2023,11011,사업보고서,IFRS17,E,-,"보고서 사업연도 >= 2023 이면 IFRS17, 아니면 IFRS4",-,주식배당금총액(백만원),2023-12-31,-,-,api,alotMatter,"{""bsns_year"": ""2023"", ""corp_code"": ""00163682"", ""reprt_code"": ""11011""}",20240401003586,api_row,2026-09-11T10:53:08+09:00,000,run_20260911_103248_0352,raw/alotMatter/00163682_2023_11011.json,d2ebc692b2a4a655ee5b72bbd722b75cb80770764852041ee9c2dd6ea69943af,0
메리츠증권,기타,참고,00163682,메리츠증권,2023,11011,사업보고서,IFRS17,E,9.13,"보고서 사업연도 >= 2023 이면 IFRS17, 아니면 IFRS4",9.29,(연결)현금배당성향(%),2023-12-31,-,98.46,api,alotMatter,"{""bsns_year"": ""2023"", ""corp_code"": ""00163682"", ""reprt_code"": ""11011""}",20240401003586,api_row,2026-09-11T10:53:08+09:00,000,run_20260911_103248_0352,raw/alotMatter/00163682_2023_11011.json,d2ebc692b2a4a655ee5b72bbd722b75cb80770764852041ee9c2dd6ea69943af,0
메리츠증권,기타,참고,00163682,메리츠증권,2023,11011,사업보고서,IFRS17,E,2.20,"보고서 사업연도 >= 2023 이면 IFRS17, 아니면 IFRS4",1.90,현금배당수익률(%),2023-12-31,"보통주 
(주1)",-,api,alotMatter,"{""bsns_year"": ""2023"", ""corp_code"": ""00163682"", ""reprt_code"": ""11011""}",20240401003586,api_row,2026-09-11T10:53:08+09:00,000,run_20260911_103248_0352,raw/alotMatter/00163682_2023_11011.json,d2ebc692b2a4a655ee5b72bbd722b75cb80770764852041ee9c2dd6ea69943af,0
메리츠증권,기타,참고,00163682,메리츠증권,2023,11011,사업보고서,IFRS17,E,-,"보고서 사업연도 >= 2023 이면 IFRS17, 아니면 IFRS4",-,현금배당수익률(%),2023-12-31,"우선주
 (주2) ",-,api,alotMatter,"{""bsns_year"": ""2023"", ""corp_code"": ""00163682"", ""reprt_code"": ""11011""}",20240401003586,api_row,2026-09-11T10:53:08+09:00,000,run_20260911_103248_0352,raw/alotMatter/00163682_2023_11011.json,d2ebc692b2a4a655ee5b72bbd722b75cb80770764852041ee9c2dd6ea69943af,0
메리츠증권,기타,참고,00163682,메리츠증권,2023,11011,사업보고서,IFRS17,E,-,"보고서 사업연도 >= 2023 이면 IFRS17, 아니면 IFRS4",-,주식배당수익률(%),2023-12-31,보통주,-,api,alotMatter,"{""bsns_year"": ""2023"", ""corp_code"": ""00163682"", ""reprt_code"": ""11011""}",20240401003586,api_row,2026-09-11T10:53:08+09:00,000,run_20260911_103248_0352,raw/alotMatter/00163682_2023_11011.json,d2ebc692b2a4a655ee5b72bbd722b75cb80770764852041ee9c2dd6ea69943af,0
메리츠증권,기타,참고,00163682,메리츠증권,2023,11011,사업보고서,IFRS17,E,-,"보고서 사업연도 >= 2023 이면 IFRS17, 아니면 IFRS4",-,주식배당수익률(%),2023-12-31,우선주,-,api,alotMatter,"{""bsns_year"": ""2023"", ""corp_code"": ""00163682"", ""reprt_code"": ""11011""}",20240401003586,api_row,2026-09-11T10:53:08+09:00,000,run_20260911_103248_0352,raw/alotMatter/00163682_2023_11011.json,d2ebc692b2a4a655ee5b72bbd722b75cb80770764852041ee9c2dd6ea69943af,0
메리츠증권,기타,참고,00163682,메리츠증권,2023,11011,사업보고서,IFRS17,E,135,"보고서 사업연도 >= 2023 이면 IFRS17, 아니면 IFRS4",100,주당 현금배당금(원),2023-12-31,보통주,969,api,alotMatter,"{""bsns_year"": ""2023"", ""corp_code"": ""00163682"", ""reprt_code"": ""11011""}",20240401003586,api_row,2026-09-11T10:53:08+09:00,000,run_20260911_103248_0352,raw/alotMatter/00163682_2023_11011.json,d2ebc692b2a4a655ee5b72bbd722b75cb80770764852041ee9c2dd6ea69943af,0
메리츠증권,기타,참고,00163682,메리츠증권,2023,11011,사업보고서,IFRS17,E,-,"보고서 사업연도 >= 2023 이면 IFRS17, 아니면 IFRS4",283,주당 현금배당금(원),2023-12-31,우선주,-,api,alotMatter,"{""bsns_year"": ""2023"", ""corp_code"": ""00163682"", ""reprt_code"": ""11011""}",20240401003586,api_row,2026-09-11T10:53:08+09:00,000,run_20260911_103248_0352,raw/alotMatter/00163682_2023_11011.json,d2ebc692b2a4a655ee5b72bbd722b75cb80770764852041ee9c2dd6ea69943af,0
메리츠증권,기타,참고,00163682,메리츠증권,2023,11011,사업보고서,IFRS17,E,-,"보고서 사업연도 >= 2023 이면 IFRS17, 아니면 IFRS4",-,주당 주식배당(주),2023-12-31,보통주,-,api,alotMatter,"{""bsns_year"": ""2023"", ""corp_code"": ""00163682"", ""reprt_code"": ""11011""}",20240401003586,api_row,2026-09-11T10:53:08+09:00,000,run_20260911_103248_0352,raw/alotMatter/00163682_2023_11011.json,d2ebc692b2a4a655ee5b72bbd722b75cb80770764852041ee9c2dd6ea69943af,0
메리츠증권,기타,참고,00163682,메리츠증권,2023,11011,사업보고서,IFRS17,E,-,"보고서 사업연도 >= 2023 이면 IFRS17, 아니면 IFRS4",-,주당 주식배당(주),2023-12-31,우선주,-,api,alotMatter,"{""bsns_year"": ""2023"", ""corp_code"": ""00163682"", ""reprt_code"": ""11011""}",20240401003586,api_row,2026-09-11T10:53:08+09:00,000,run_20260911_103248_0352,raw/alotMatter/00163682_2023_11011.json,d2ebc692b2a4a655ee5b72bbd722b75cb80770764852041ee9c2dd6ea69943af,0
메리츠증권,기타,참고,00163682,메리츠증권,2024,11011,사업보고서,IFRS17,E,"1,000","보고서 사업연도 >= 2023 이면 IFRS17, 아니면 IFRS4","1,000",주당액면가액(원),2024-12-31,-,"1,000",api,alotMatter,"{""bsns_year"": ""2024"", ""corp_code"": ""00163682"", ""reprt_code"": ""11011""}",20250331003245,api_row,2026-09-11T10:53:46+09:00,000,run_20260911_103248_0361,raw/alotMatter/00163682_2024_11011.json,3fb505a8734594576e2055f9736537d25c05a6d5b35a7cdcf6ebd728bcee2690,0
메리츠증권,기타,참고,00163682,메리츠증권,2024,11011,사업보고서,IFRS17,E,"583,966","보고서 사업연도 >= 2023 이면 IFRS17, 아니면 IFRS4","822,095",(연결)당기순이익(백만원),2024-12-31,-,"688,285",api,alotMatter,"{""bsns_year"": ""2024"", ""corp_code"": ""00163682"", ""reprt_code"": ""11011""}",20250331003245,api_row,2026-09-11T10:53:46+09:00,000,run_20260911_103248_0361,raw/alotMatter/00163682_2024_11011.json,3fb505a8734594576e2055f9736537d25c05a6d5b35a7cdcf6ebd728bcee2690,0
메리츠증권,기타,참고,00163682,메리츠증권,2024,11011,사업보고서,IFRS17,E,"424,233","보고서 사업연도 >= 2023 이면 IFRS17, 아니면 IFRS4","769,046",(별도)당기순이익(백만원),2024-12-31,-,"630,147",api,alotMatter,"{""bsns_year"": ""2024"", ""corp_code"": ""00163682"", ""reprt_code"": ""11011""}",20250331003245,api_row,2026-09-11T10:53:46+09:00,000,run_20260911_103248_0361,raw/alotMatter/00163682_2024_11011.json,3fb505a8734594576e2055f9736537d25c05a6d5b35a7cdcf6ebd728bcee2690,0
메리츠증권,기타,참고,00163682,메리츠증권,2024,11011,사업보고서,IFRS17,E,927,"보고서 사업연도 >= 2023 이면 IFRS17, 아니면 IFRS4","1,369",(연결)주당순이익(원),2024-12-31,-,"1,065",api,alotMatter,"{""bsns_year"": ""2024"", ""corp_code"": ""00163682"", ""reprt_code"": ""11011""}",20250331003245,api_row,2026-09-11T10:53:46+09:00,000,run_20260911_103248_0361,raw/alotMatter/00163682_2024_11011.json,3fb505a8734594576e2055f9736537d25c05a6d5b35a7cdcf6ebd728bcee2690,0
메리츠증권,기타,참고,00163682,메리츠증권,2024,11011,사업보고서,IFRS17,E,"574,980","보고서 사업연도 >= 2023 이면 IFRS17, 아니면 IFRS4","75,093",현금배당금총액(백만원),2024-12-31,-,"417,590",api,alotMatter,"{""bsns_year"": ""2024"", ""corp_code"": ""00163682"", ""reprt_code"": ""11011""}",20250331003245,api_row,2026-09-11T10:53:46+09:00,000,run_20260911_103248_0361,raw/alotMatter/00163682_2024_11011.json,3fb505a8734594576e2055f9736537d25c05a6d5b35a7cdcf6ebd728bcee2690,0
메리츠증권,기타,참고,00163682,메리츠증권,2024,11011,사업보고서,IFRS17,E,-,"보고서 사업연도 >= 2023 이면 IFRS17, 아니면 IFRS4",-,주식배당금총액(백만원),2024-12-31,-,-,api,alotMatter,"{""bsns_year"": ""2024"", ""corp_code"": ""00163682"", ""reprt_code"": ""11011""}",20250331003245,api_row,2026-09-11T10:53:46+09:00,000,run_20260911_103248_0361,raw/alotMatter/00163682_2024_11011.json,3fb505a8734594576e2055f9736537d25c05a6d5b35a7cdcf6ebd728bcee2690,0
메리츠증권,기타,참고,00163682,메리츠증권,2024,11011,사업보고서,IFRS17,E,98.46,"보고서 사업연도 >= 2023 이면 IFRS17, 아니면 IFRS4",9.13,(연결)현금배당성향(%),2024-12-31,-,60.67,api,alotMatter,"{""bsns_year"": ""2024"", ""corp_code"": ""00163682"", ""reprt_code"": ""11011""}",20250331003245,api_row,2026-09-11T10:53:46+09:00,000,run_20260911_103248_0361,raw/alotMatter/00163682_2024_11011.json,3fb505a8734594576e2055f9736537d25c05a6d5b35a7cdcf6ebd728bcee2690,0
메리츠증권,기타,참고,00163682,메리츠증권,2024,11011,사업보고서,IFRS17,E,-,"보고서 사업연도 >= 2023 이면 IFRS17, 아니면 IFRS4",2.20,현금배당수익률(%),2024-12-31,보통주 (주1),-,api,alotMatter,"{""bsns_year"": ""2024"", ""corp_code"": ""00163682"", ""reprt_code"": ""11011""}",20250331003245,api_row,2026-09-11T10:53:46+09:00,000,run_20260911_103248_0361,raw/alotMatter/00163682_2024_11011.json,3fb505a8734594576e2055f9736537d25c05a6d5b35a7cdcf6ebd728bcee2690,0
메리츠증권,기타,참고,00163682,메리츠증권,2024,11011,사업보고서,IFRS17,E,-,"보고서 사업연도 >= 2023 이면 IFRS17, 아니면 IFRS4",-,현금배당수익률(%),2024-12-31,우선주,-,api,alotMatter,"{""bsns_year"": ""2024"", ""corp_code"": ""00163682"", ""reprt_code"": ""11011""}",20250331003245,api_row,2026-09-11T10:53:46+09:00,000,run_20260911_103248_0361,raw/alotMatter/00163682_2024_11011.json,3fb505a8734594576e2055f9736537d25c05a6d5b35a7cdcf6ebd728bcee2690,0
메리츠증권,기타,참고,00163682,메리츠증권,2024,11011,사업보고서,IFRS17,E,-,"보고서 사업연도 >= 2023 이면 IFRS17, 아니면 IFRS4",-,주식배당수익률(%),2024-12-31,보통주,-,api,alotMatter,"{""bsns_year"": ""2024"", ""corp_code"": ""00163682"", ""reprt_code"": ""11011""}",20250331003245,api_row,2026-09-11T10:53:46+09:00,000,run_20260911_103248_0361,raw/alotMatter/00163682_2024_11011.json,3fb505a8734594576e2055f9736537d25c05a6d5b35a7cdcf6ebd728bcee2690,0
메리츠증권,기타,참고,00163682,메리츠증권,2024,11011,사업보고서,IFRS17,E,-,"보고서 사업연도 >= 2023 이면 IFRS17, 아니면 IFRS4",-,주식배당수익률(%),2024-12-31,우선주,-,api,alotMatter,"{""bsns_year"": ""2024"", ""corp_code"": ""00163682"", ""reprt_code"": ""11011""}",20250331003245,api_row,2026-09-11T10:53:46+09:00,000,run_20260911_103248_0361,raw/alotMatter/00163682_2024_11011.json,3fb505a8734594576e2055f9736537d25c05a6d5b35a7cdcf6ebd728bcee2690,0
메리츠증권,기타,참고,00163682,메리츠증권,2024,11011,사업보고서,IFRS17,E,969,"보고서 사업연도 >= 2023 이면 IFRS17, 아니면 IFRS4",135,주당 현금배당금(원),2024-12-31,보통주,704,api,alotMatter,"{""bsns_year"": ""2024"", ""corp_code"": ""00163682"", ""reprt_code"": ""11011""}",20250331003245,api_row,2026-09-11T10:53:46+09:00,000,run_20260911_103248_0361,raw/alotMatter/00163682_2024_11011.json,3fb505a8734594576e2055f9736537d25c05a6d5b35a7cdcf6ebd728bcee2690,0
메리츠증권,기타,참고,00163682,메리츠증권,2024,11011,사업보고서,IFRS17,E,-,"보고서 사업연도 >= 2023 이면 IFRS17, 아니면 IFRS4",-,주당 현금배당금(원),2024-12-31,우선주,-,api,alotMatter,"{""bsns_year"": ""2024"", ""corp_code"": ""00163682"", ""reprt_code"": ""11011""}",20250331003245,api_row,2026-09-11T10:53:46+09:00,000,run_20260911_103248_0361,raw/alotMatter/00163682_2024_11011.json,3fb505a8734594576e2055f9736537d25c05a6d5b35a7cdcf6ebd728bcee2690,0
메리츠증권,기타,참고,00163682,메리츠증권,2024,11011,사업보고서,IFRS17,E,-,"보고서 사업연도 >= 2023 이면 IFRS17, 아니면 IFRS4",-,주당 주식배당(주),2024-12-31,보통주,-,api,alotMatter,"{""bsns_year"": ""2024"", ""corp_code"": ""00163682"", ""reprt_code"": ""11011""}",20250331003245,api_row,2026-09-11T10:53:46+09:00,000,run_20260911_103248_0361,raw/alotMatter/00163682_2024_11011.json,3fb505a8734594576e2055f9736537d25c05a6d5b35a7cdcf6ebd728bcee2690,0
메리츠증권,기타,참고,00163682,메리츠증권,2024,11011,사업보고서,IFRS17,E,-,"보고서 사업연도 >= 2023 이면 IFRS17, 아니면 IFRS4",-,주당 주식배당(주),2024-12-31,우선주,-,api,alotMatter,"{""bsns_year"": ""2024"", ""corp_code"": ""00163682"", ""reprt_code"": ""11011""}",20250331003245,api_row,2026-09-11T10:53:46+09:00,000,run_20260911_103248_0361,raw/alotMatter/00163682_2024_11011.json,3fb505a8734594576e2055f9736537d25c05a6d5b35a7cdcf6ebd728bcee2690,0
메리츠증권,기타,참고,00163682,메리츠증권,2025,11011,사업보고서,IFRS17,E,"1,000","보고서 사업연도 >= 2023 이면 IFRS17, 아니면 IFRS4","1,000",주당액면가액(원),2025-12-31,-,"1,000",api,alotMatter,"{""bsns_year"": ""2025"", ""corp_code"": ""00163682"", ""reprt_code"": ""11011""}",20260401004248,api_row,2026-09-11T10:54:25+09:00,000,run_20260911_103248_0370,raw/alotMatter/00163682_2025_11011.json,06259448fdc01a6b510c7f716a62f6ac8ab8d3d0587d0c8596e3bb9000ef2c2e,0
메리츠증권,기타,참고,00163682,메리츠증권,2025,11011,사업보고서,IFRS17,E,"688,285","보고서 사업연도 >= 2023 이면 IFRS17, 아니면 IFRS4","583,966",(연결)당기순이익(백만원),2025-12-31,-,"756,862",api,alotMatter,"{""bsns_year"": ""2025"", ""corp_code"": ""00163682"", ""reprt_code"": ""11011""}",20260401004248,api_row,2026-09-11T10:54:25+09:00,000,run_20260911_103248_0370,raw/alotMatter/00163682_2025_11011.json,06259448fdc01a6b510c7f716a62f6ac8ab8d3d0587d0c8596e3bb9000ef2c2e,0
메리츠증권,기타,참고,00163682,메리츠증권,2025,11011,사업보고서,IFRS17,E,"630,147","보고서 사업연도 >= 2023 이면 IFRS17, 아니면 IFRS4","424,233",(별도)당기순이익(백만원),2025-12-31,-,"701,557",api,alotMatter,"{""bsns_year"": ""2025"", ""corp_code"": ""00163682"", ""reprt_code"": ""11011""}",20260401004248,api_row,2026-09-11T10:54:25+09:00,000,run_20260911_103248_0370,raw/alotMatter/00163682_2025_11011.json,06259448fdc01a6b510c7f716a62f6ac8ab8d3d0587d0c8596e3bb9000ef2c2e,0
메리츠증권,기타,참고,00163682,메리츠증권,2025,11011,사업보고서,IFRS17,E,"1,065","보고서 사업연도 >= 2023 이면 IFRS17, 아니면 IFRS4",927,(연결)주당순이익(원),2025-12-31,-,"1,055",api,alotMatter,"{""bsns_year"": ""2025"", ""corp_code"": ""00163682"", ""reprt_code"": ""11011""}",20260401004248,api_row,2026-09-11T10:54:25+09:00,000,run_20260911_103248_0370,raw/alotMatter/00163682_2025_11011.json,06259448fdc01a6b510c7f716a62f6ac8ab8d3d0587d0c8596e3bb9000ef2c2e,0
메리츠증권,기타,참고,00163682,메리츠증권,2025,11011,사업보고서,IFRS17,E,"417,590","보고서 사업연도 >= 2023 이면 IFRS17, 아니면 IFRS4","574,980",현금배당금총액(백만원),2025-12-31,-,"459,770",api,alotMatter,"{""bsns_year"": ""2025"", ""corp_code"": ""00163682"", ""reprt_code"": ""11011""}",20260401004248,api_row,2026-09-11T10:54:25+09:00,000,run_20260911_103248_0370,raw/alotMatter/00163682_2025_11011.json,06259448fdc01a6b510c7f716a62f6ac8ab8d3d0587d0c8596e3bb9000ef2c2e,0
메리츠증권,기타,참고,00163682,메리츠증권,2025,11011,사업보고서,IFRS17,E,-,"보고서 사업연도 >= 2023 이면 IFRS17, 아니면 IFRS4",-,주식배당금총액(백만원),2025-12-31,-,-,api,alotMatter,"{""bsns_year"": ""2025"", ""corp_code"": ""00163682"", ""reprt_code"": ""11011""}",20260401004248,api_row,2026-09-11T10:54:25+09:00,000,run_20260911_103248_0370,raw/alotMatter/00163682_2025_11011.json,06259448fdc01a6b510c7f716a62f6ac8ab8d3d0587d0c8596e3bb9000ef2c2e,0
메리츠증권,기타,참고,00163682,메리츠증권,2025,11011,사업보고서,IFRS17,E,60.67,"보고서 사업연도 >= 2023 이면 IFRS17, 아니면 IFRS4",98.46,(연결)현금배당성향(%),2025-12-31,-,60.75,api,alotMatter,"{""bsns_year"": ""2025"", ""corp_code"": ""00163682"", ""reprt_code"": ""11011""}",20260401004248,api_row,2026-09-11T10:54:25+09:00,000,run_20260911_103248_0370,raw/alotMatter/00163682_2025_11011.json,06259448fdc01a6b510c7f716a62f6ac8ab8d3d0587d0c8596e3bb9000ef2c2e,0
메리츠증권,기타,참고,00163682,메리츠증권,2025,11011,사업보고서,IFRS17,E,-,"보고서 사업연도 >= 2023 이면 IFRS17, 아니면 IFRS4",-,현금배당수익률(%),2025-12-31,보통주 (주1),-,api,alotMatter,"{""bsns_year"": ""2025"", ""corp_code"": ""00163682"", ""reprt_code"": ""11011""}",20260401004248,api_row,2026-09-11T10:54:25+09:00,000,run_20260911_103248_0370,raw/alotMatter/00163682_2025_11011.json,06259448fdc01a6b510c7f716a62f6ac8ab8d3d0587d0c8596e3bb9000ef2c2e,0
메리츠증권,기타,참고,00163682,메리츠증권,2025,11011,사업보고서,IFRS17,E,-,"보고서 사업연도 >= 2023 이면 IFRS17, 아니면 IFRS4",-,현금배당수익률(%),2025-12-31,우선주,-,api,alotMatter,"{""bsns_year"": ""2025"", ""corp_code"": ""00163682"", ""reprt_code"": ""11011""}",20260401004248,api_row,2026-09-11T10:54:25+09:00,000,run_20260911_103248_0370,raw/alotMatter/00163682_2025_11011.json,06259448fdc01a6b510c7f716a62f6ac8ab8d3d0587d0c8596e3bb9000ef2c2e,0
메리츠증권,기타,참고,00163682,메리츠증권,2025,11011,사업보고서,IFRS17,E,-,"보고서 사업연도 >= 2023 이면 IFRS17, 아니면 IFRS4",-,주식배당수익률(%),2025-12-31,보통주,-,api,alotMatter,"{""bsns_year"": ""2025"", ""corp_code"": ""00163682"", ""reprt_code"": ""11011""}",20260401004248,api_row,2026-09-11T10:54:25+09:00,000,run_20260911_103248_0370,raw/alotMatter/00163682_2025_11011.json,06259448fdc01a6b510c7f716a62f6ac8ab8d3d0587d0c8596e3bb9000ef2c2e,0
메리츠증권,기타,참고,00163682,메리츠증권,2025,11011,사업보고서,IFRS17,E,-,"보고서 사업연도 >= 2023 이면 IFRS17, 아니면 IFRS4",-,주식배당수익률(%),2025-12-31,우선주,-,api,alotMatter,"{""bsns_year"": ""2025"", ""corp_code"": ""00163682"", ""reprt_code"": ""11011""}",20260401004248,api_row,2026-09-11T10:54:25+09:00,000,run_20260911_103248_0370,raw/alotMatter/00163682_2025_11011.json,06259448fdc01a6b510c7f716a62f6ac8ab8d3d0587d0c8596e3bb9000ef2c2e,0
메리츠증권,기타,참고,00163682,메리츠증권,2025,11011,사업보고서,IFRS17,E,704,"보고서 사업연도 >= 2023 이면 IFRS17, 아니면 IFRS4",969,주당 현금배당금(원),2025-12-31,보통주,770,api,alotMatter,"{""bsns_year"": ""2025"", ""corp_code"": ""00163682"", ""reprt_code"": ""11011""}",20260401004248,api_row,2026-09-11T10:54:25+09:00,000,run_20260911_103248_0370,raw/alotMatter/00163682_2025_11011.json,06259448fdc01a6b510c7f716a62f6ac8ab8d3d0587d0c8596e3bb9000ef2c2e,0
메리츠증권,기타,참고,00163682,메리츠증권,2025,11011,사업보고서,IFRS17,E,-,"보고서 사업연도 >= 2023 이면 IFRS17, 아니면 IFRS4",-,주당 현금배당금(원),2025-12-31,우선주,671,api,alotMatter,"{""bsns_year"": ""2025"", ""corp_code"": ""00163682"", ""reprt_code"": ""11011""}",20260401004248,api_row,2026-09-11T10:54:25+09:00,000,run_20260911_103248_0370,raw/alotMatter/00163682_2025_11011.json,06259448fdc01a6b510c7f716a62f6ac8ab8d3d0587d0c8596e3bb9000ef2c2e,0
메리츠증권,기타,참고,00163682,메리츠증권,2025,11011,사업보고서,IFRS17,E,-,"보고서 사업연도 >= 2023 이면 IFRS17, 아니면 IFRS4",-,주당 주식배당(주),2025-12-31,보통주,-,api,alotMatter,"{""bsns_year"": ""2025"", ""corp_code"": ""00163682"", ""reprt_code"": ""11011""}",20260401004248,api_row,2026-09-11T10:54:25+09:00,000,run_20260911_103248_0370,raw/alotMatter/00163682_2025_11011.json,06259448fdc01a6b510c7f716a62f6ac8ab8d3d0587d0c8596e3bb9000ef2c2e,0
메리츠증권,기타,참고,00163682,메리츠증권,2025,11011,사업보고서,IFRS17,E,-,"보고서 사업연도 >= 2023 이면 IFRS17, 아니면 IFRS4",-,주당 주식배당(주),2025-12-31,우선주,-,api,alotMatter,"{""bsns_year"": ""2025"", ""corp_code"": ""00163682"", ""reprt_code"": ""11011""}",20260401004248,api_row,2026-09-11T10:54:25+09:00,000,run_20260911_103248_0370,raw/alotMatter/00163682_2025_11011.json,06259448fdc01a6b510c7f716a62f6ac8ab8d3d0587d0c8596e3bb9000ef2c2e,0
메리츠증권,기타,참고,00163682,메리츠증권,2025,11012,반기보고서,IFRS17,E,"1,000","보고서 사업연도 >= 2023 이면 IFRS17, 아니면 IFRS4","1,000",주당액면가액(원),2025-06-30,-,"1,000",api,alotMatter,"{""bsns_year"": ""2025"", ""corp_code"": ""00163682"", ""reprt_code"": ""11012""}",20250814003313,api_row,2026-09-11T10:55:03+09:00,000,run_20260911_103248_0379,raw/alotMatter/00163682_2025_11012.json,3bfd45e959eb32695c8b4db42beed381a09d4c36801fe653d3c16dffadc90121,0
메리츠증권,기타,참고,00163682,메리츠증권,2025,11012,반기보고서,IFRS17,E,"688,285","보고서 사업연도 >= 2023 이면 IFRS17, 아니면 IFRS4","583,966",(연결)당기순이익(백만원),2025-06-30,-,"438,792",api,alotMatter,"{""bsns_year"": ""2025"", ""corp_code"": ""00163682"", ""reprt_code"": ""11012""}",20250814003313,api_row,2026-09-11T10:55:03+09:00,000,run_20260911_103248_0379,raw/alotMatter/00163682_2025_11012.json,3bfd45e959eb32695c8b4db42beed381a09d4c36801fe653d3c16dffadc90121,0
메리츠증권,기타,참고,00163682,메리츠증권,2025,11012,반기보고서,IFRS17,E,"630,147","보고서 사업연도 >= 2023 이면 IFRS17, 아니면 IFRS4","424,233",(별도)당기순이익(백만원),2025-06-30,-,"435,967",api,alotMatter,"{""bsns_year"": ""2025"", ""corp_code"": ""00163682"", ""reprt_code"": ""11012""}",20250814003313,api_row,2026-09-11T10:55:03+09:00,000,run_20260911_103248_0379,raw/alotMatter/00163682_2025_11012.json,3bfd45e959eb32695c8b4db42beed381a09d4c36801fe653d3c16dffadc90121,0
메리츠증권,기타,참고,00163682,메리츠증권,2025,11012,반기보고서,IFRS17,E,"1,065","보고서 사업연도 >= 2023 이면 IFRS17, 아니면 IFRS4",927,(연결)주당순이익(원),2025-06-30,-,659,api,alotMatter,"{""bsns_year"": ""2025"", ""corp_code"": ""00163682"", ""reprt_code"": ""11012""}",20250814003313,api_row,2026-09-11T10:55:03+09:00,000,run_20260911_103248_0379,raw/alotMatter/00163682_2025_11012.json,3bfd45e959eb32695c8b4db42beed381a09d4c36801fe653d3c16dffadc90121,0
메리츠증권,기타,참고,00163682,메리츠증권,2025,11012,반기보고서,IFRS17,E,"417,590","보고서 사업연도 >= 2023 이면 IFRS17, 아니면 IFRS4","574,980",현금배당금총액(백만원),2025-06-30,-,-,api,alotMatter,"{""bsns_year"": ""2025"", ""corp_code"": ""00163682"", ""reprt_code"": ""11012""}",20250814003313,api_row,2026-09-11T10:55:03+09:00,000,run_20260911_103248_0379,raw/alotMatter/00163682_2025_11012.json,3bfd45e959eb32695c8b4db42beed381a09d4c36801fe653d3c16dffadc90121,0
메리츠증권,기타,참고,00163682,메리츠증권,2025,11012,반기보고서,IFRS17,E,-,"보고서 사업연도 >= 2023 이면 IFRS17, 아니면 IFRS4",-,주식배당금총액(백만원),2025-06-30,-,-,api,alotMatter,"{""bsns_year"": ""2025"", ""corp_code"": ""00163682"", ""reprt_code"": ""11012""}",20250814003313,api_row,2026-09-11T10:55:03+09:00,000,run_20260911_103248_0379,raw/alotMatter/00163682_2025_11012.json,3bfd45e959eb32695c8b4db42beed381a09d4c36801fe653d3c16dffadc90121,0
메리츠증권,기타,참고,00163682,메리츠증권,2025,11012,반기보고서,IFRS17,E,60.67,"보고서 사업연도 >= 2023 이면 IFRS17, 아니면 IFRS4",98.46,(연결)현금배당성향(%),2025-06-30,-,-,api,alotMatter,"{""bsns_year"": ""2025"", ""corp_code"": ""00163682"", ""reprt_code"": ""11012""}",20250814003313,api_row,2026-09-11T10:55:03+09:00,000,run_20260911_103248_0379,raw/alotMatter/00163682_2025_11012.json,3bfd45e959eb32695c8b4db42beed381a09d4c36801fe653d3c16dffadc90121,0
메리츠증권,기타,참고,00163682,메리츠증권,2025,11012,반기보고서,IFRS17,E,-,"보고서 사업연도 >= 2023 이면 IFRS17, 아니면 IFRS4",-,현금배당수익률(%),2025-06-30,보통주 (주1),-,api,alotMatter,"{""bsns_year"": ""2025"", ""corp_code"": ""00163682"", ""reprt_code"": ""11012""}",20250814003313,api_row,2026-09-11T10:55:03+09:00,000,run_20260911_103248_0379,raw/alotMatter/00163682_2025_11012.json,3bfd45e959eb32695c8b4db42beed381a09d4c36801fe653d3c16dffadc90121,0
메리츠증권,기타,참고,00163682,메리츠증권,2025,11012,반기보고서,IFRS17,E,-,"보고서 사업연도 >= 2023 이면 IFRS17, 아니면 IFRS4",-,현금배당수익률(%),2025-06-30,우선주,-,api,alotMatter,"{""bsns_year"": ""2025"", ""corp_code"": ""00163682"", ""reprt_code"": ""11012""}",20250814003313,api_row,2026-09-11T10:55:03+09:00,000,run_20260911_103248_0379,raw/alotMatter/00163682_2025_11012.json,3bfd45e959eb32695c8b4db42beed381a09d4c36801fe653d3c16dffadc90121,0
메리츠증권,기타,참고,00163682,메리츠증권,2025,11012,반기보고서,IFRS17,E,-,"보고서 사업연도 >= 2023 이면 IFRS17, 아니면 IFRS4",-,주식배당수익률(%),2025-06-30,보통주,-,api,alotMatter,"{""bsns_year"": ""2025"", ""corp_code"": ""00163682"", ""reprt_code"": ""11012""}",20250814003313,api_row,2026-09-11T10:55:03+09:00,000,run_20260911_103248_0379,raw/alotMatter/00163682_2025_11012.json,3bfd45e959eb32695c8b4db42beed381a09d4c36801fe653d3c16dffadc90121,0
메리츠증권,기타,참고,00163682,메리츠증권,2025,11012,반기보고서,IFRS17,E,-,"보고서 사업연도 >= 2023 이면 IFRS17, 아니면 IFRS4",-,주식배당수익률(%),2025-06-30,우선주,-,api,alotMatter,"{""bsns_year"": ""2025"", ""corp_code"": ""00163682"", ""reprt_code"": ""11012""}",20250814003313,api_row,2026-09-11T10:55:03+09:00,000,run_20260911_103248_0379,raw/alotMatter/00163682_2025_11012.json,3bfd45e959eb32695c8b4db42beed381a09d4c36801fe653d3c16dffadc90121,0
메리츠증권,기타,참고,00163682,메리츠증권,2025,11012,반기보고서,IFRS17,E,704,"보고서 사업연도 >= 2023 이면 IFRS17, 아니면 IFRS4",969,주당 현금배당금(원),2025-06-30,보통주,-,api,alotMatter,"{""bsns_year"": ""2025"", ""corp_code"": ""00163682"", ""reprt_code"": ""11012""}",20250814003313,api_row,2026-09-11T10:55:03+09:00,000,run_20260911_103248_0379,raw/alotMatter/00163682_2025_11012.json,3bfd45e959eb32695c8b4db42beed381a09d4c36801fe653d3c16dffadc90121,0
메리츠증권,기타,참고,00163682,메리츠증권,2025,11012,반기보고서,IFRS17,E,-,"보고서 사업연도 >= 2023 이면 IFRS17, 아니면 IFRS4",-,주당 현금배당금(원),2025-06-30,우선주,-,api,alotMatter,"{""bsns_year"": ""2025"", ""corp_code"": ""00163682"", ""reprt_code"": ""11012""}",20250814003313,api_row,2026-09-11T10:55:03+09:00,000,run_20260911_103248_0379,raw/alotMatter/00163682_2025_11012.json,3bfd45e959eb32695c8b4db42beed381a09d4c36801fe653d3c16dffadc90121,0
메리츠증권,기타,참고,00163682,메리츠증권,2025,11012,반기보고서,IFRS17,E,-,"보고서 사업연도 >= 2023 이면 IFRS17, 아니면 IFRS4",-,주당 주식배당(주),2025-06-30,보통주,-,api,alotMatter,"{""bsns_year"": ""2025"", ""corp_code"": ""00163682"", ""reprt_code"": ""11012""}",20250814003313,api_row,2026-09-11T10:55:03+09:00,000,run_20260911_103248_0379,raw/alotMatter/00163682_2025_11012.json,3bfd45e959eb32695c8b4db42beed381a09d4c36801fe653d3c16dffadc90121,0
메리츠증권,기타,참고,00163682,메리츠증권,2025,11012,반기보고서,IFRS17,E,-,"보고서 사업연도 >= 2023 이면 IFRS17, 아니면 IFRS4",-,주당 주식배당(주),2025-06-30,우선주,-,api,alotMatter,"{""bsns_year"": ""2025"", ""corp_code"": ""00163682"", ""reprt_code"": ""11012""}",20250814003313,api_row,2026-09-11T10:55:03+09:00,000,run_20260911_103248_0379,raw/alotMatter/00163682_2025_11012.json,3bfd45e959eb32695c8b4db42beed381a09d4c36801fe653d3c16dffadc90121,0
메리츠증권,기타,참고,00163682,메리츠증권,2026,11012,반기보고서,IFRS17,E,"1,000","보고서 사업연도 >= 2023 이면 IFRS17, 아니면 IFRS4","1,000",주당액면가액(원),2026-06-30,-,"1,000",api,alotMatter,"{""bsns_year"": ""2026"", ""corp_code"": ""00163682"", ""reprt_code"": ""11012""}",20260814003209,api_row,2026-09-11T10:55:42+09:00,000,run_20260911_103248_0388,raw/alotMatter/00163682_2026_11012.json,8a350d5426df4ed4ad3065a6234233322ea290e3838c69a6c160762698c5557f,0
메리츠증권,기타,참고,00163682,메리츠증권,2026,11012,반기보고서,IFRS17,E,"756,862","보고서 사업연도 >= 2023 이면 IFRS17, 아니면 IFRS4","688,285",(연결)당기순이익(백만원),2026-06-30,-,"509,694",api,alotMatter,"{""bsns_year"": ""2026"", ""corp_code"": ""00163682"", ""reprt_code"": ""11012""}",20260814003209,api_row,2026-09-11T10:55:42+09:00,000,run_20260911_103248_0388,raw/alotMatter/00163682_2026_11012.json,8a350d5426df4ed4ad3065a6234233322ea290e3838c69a6c160762698c5557f,0
메리츠증권,기타,참고,00163682,메리츠증권,2026,11012,반기보고서,IFRS17,E,"701,557","보고서 사업연도 >= 2023 이면 IFRS17, 아니면 IFRS4","630,147",(별도)당기순이익(백만원),2026-06-30,-,"521,993",api,alotMatter,"{""bsns_year"": ""2026"", ""corp_code"": ""00163682"", ""reprt_code"": ""11012""}",20260814003209,api_row,2026-09-11T10:55:42+09:00,000,run_20260911_103248_0388,raw/alotMatter/00163682_2026_11012.json,8a350d5426df4ed4ad3065a6234233322ea290e3838c69a6c160762698c5557f,0
메리츠증권,기타,참고,00163682,메리츠증권,2026,11012,반기보고서,IFRS17,E,"1,055","보고서 사업연도 >= 2023 이면 IFRS17, 아니면 IFRS4","1,065",(연결)주당순이익(원),2026-06-30,-,754,api,alotMatter,"{""bsns_year"": ""2026"", ""corp_code"": ""00163682"", ""reprt_code"": ""11012""}",20260814003209,api_row,2026-09-11T10:55:42+09:00,000,run_20260911_103248_0388,raw/alotMatter/00163682_2026_11012.json,8a350d5426df4ed4ad3065a6234233322ea290e3838c69a6c160762698c5557f,0
메리츠증권,기타,참고,00163682,메리츠증권,2026,11012,반기보고서,IFRS17,E,"485,770","보고서 사업연도 >= 2023 이면 IFRS17, 아니면 IFRS4","417,590",현금배당금총액(백만원),2026-06-30,-,-,api,alotMatter,"{""bsns_year"": ""2026"", ""corp_code"": ""00163682"", ""reprt_code"": ""11012""}",20260814003209,api_row,2026-09-11T10:55:42+09:00,000,run_20260911_103248_0388,raw/alotMatter/00163682_2026_11012.json,8a350d5426df4ed4ad3065a6234233322ea290e3838c69a6c160762698c5557f,0
메리츠증권,기타,참고,00163682,메리츠증권,2026,11012,반기보고서,IFRS17,E,-,"보고서 사업연도 >= 2023 이면 IFRS17, 아니면 IFRS4",-,주식배당금총액(백만원),2026-06-30,-,-,api,alotMatter,"{""bsns_year"": ""2026"", ""corp_code"": ""00163682"", ""reprt_code"": ""11012""}",20260814003209,api_row,2026-09-11T10:55:42+09:00,000,run_20260911_103248_0388,raw/alotMatter/00163682_2026_11012.json,8a350d5426df4ed4ad3065a6234233322ea290e3838c69a6c160762698c5557f,0
메리츠증권,기타,참고,00163682,메리츠증권,2026,11012,반기보고서,IFRS17,E,64.18,"보고서 사업연도 >= 2023 이면 IFRS17, 아니면 IFRS4",60.67,(연결)현금배당성향(%),2026-06-30,-,-,api,alotMatter,"{""bsns_year"": ""2026"", ""corp_code"": ""00163682"", ""reprt_code"": ""11012""}",20260814003209,api_row,2026-09-11T10:55:42+09:00,000,run_20260911_103248_0388,raw/alotMatter/00163682_2026_11012.json,8a350d5426df4ed4ad3065a6234233322ea290e3838c69a6c160762698c5557f,0
메리츠증권,기타,참고,00163682,메리츠증권,2026,11012,반기보고서,IFRS17,E,-,"보고서 사업연도 >= 2023 이면 IFRS17, 아니면 IFRS4",-,현금배당수익률(%),2026-06-30,보통주,-,api,alotMatter,"{""bsns_year"": ""2026"", ""corp_code"": ""00163682"", ""reprt_code"": ""11012""}",20260814003209,api_row,2026-09-11T10:55:42+09:00,000,run_20260911_103248_0388,raw/alotMatter/00163682_2026_11012.json,8a350d5426df4ed4ad3065a6234233322ea290e3838c69a6c160762698c5557f,0
메리츠증권,기타,참고,00163682,메리츠증권,2026,11012,반기보고서,IFRS17,E,-,"보고서 사업연도 >= 2023 이면 IFRS17, 아니면 IFRS4",-,현금배당수익률(%),2026-06-30,우선주,-,api,alotMatter,"{""bsns_year"": ""2026"", ""corp_code"": ""00163682"", ""reprt_code"": ""11012""}",20260814003209,api_row,2026-09-11T10:55:42+09:00,000,run_20260911_103248_0388,raw/alotMatter/00163682_2026_11012.json,8a350d5426df4ed4ad3065a6234233322ea290e3838c69a6c160762698c5557f,0
메리츠증권,기타,참고,00163682,메리츠증권,2026,11012,반기보고서,IFRS17,E,-,"보고서 사업연도 >= 2023 이면 IFRS17, 아니면 IFRS4",-,주식배당수익률(%),2026-06-30,보통주,-,api,alotMatter,"{""bsns_year"": ""2026"", ""corp_code"": ""00163682"", ""reprt_code"": ""11012""}",20260814003209,api_row,2026-09-11T10:55:42+09:00,000,run_20260911_103248_0388,raw/alotMatter/00163682_2026_11012.json,8a350d5426df4ed4ad3065a6234233322ea290e3838c69a6c160762698c5557f,0
메리츠증권,기타,참고,00163682,메리츠증권,2026,11012,반기보고서,IFRS17,E,-,"보고서 사업연도 >= 2023 이면 IFRS17, 아니면 IFRS4",-,주식배당수익률(%),2026-06-30,우선주,-,api,alotMatter,"{""bsns_year"": ""2026"", ""corp_code"": ""00163682"", ""reprt_code"": ""11012""}",20260814003209,api_row,2026-09-11T10:55:42+09:00,000,run_20260911_103248_0388,raw/alotMatter/00163682_2026_11012.json,8a350d5426df4ed4ad3065a6234233322ea290e3838c69a6c160762698c5557f,0
메리츠증권,기타,참고,00163682,메리츠증권,2026,11012,반기보고서,IFRS17,E,770,"보고서 사업연도 >= 2023 이면 IFRS17, 아니면 IFRS4",704,주당 현금배당금(원),2026-06-30,보통주,-,api,alotMatter,"{""bsns_year"": ""2026"", ""corp_code"": ""00163682"", ""reprt_code"": ""11012""}",20260814003209,api_row,2026-09-11T10:55:42+09:00,000,run_20260911_103248_0388,raw/alotMatter/00163682_2026_11012.json,8a350d5426df4ed4ad3065a6234233322ea290e3838c69a6c160762698c5557f,0
메리츠증권,기타,참고,00163682,메리츠증권,2026,11012,반기보고서,IFRS17,E,671,"보고서 사업연도 >= 2023 이면 IFRS17, 아니면 IFRS4",-,주당 현금배당금(원),2026-06-30,우선주,-,api,alotMatter,"{""bsns_year"": ""2026"", ""corp_code"": ""00163682"", ""reprt_code"": ""11012""}",20260814003209,api_row,2026-09-11T10:55:42+09:00,000,run_20260911_103248_0388,raw/alotMatter/00163682_2026_11012.json,8a350d5426df4ed4ad3065a6234233322ea290e3838c69a6c160762698c5557f,0
메리츠증권,기타,참고,00163682,메리츠증권,2026,11012,반기보고서,IFRS17,E,-,"보고서 사업연도 >= 2023 이면 IFRS17, 아니면 IFRS4",-,주당 주식배당(주),2026-06-30,보통주,-,api,alotMatter,"{""bsns_year"": ""2026"", ""corp_code"": ""00163682"", ""reprt_code"": ""11012""}",20260814003209,api_row,2026-09-11T10:55:42+09:00,000,run_20260911_103248_0388,raw/alotMatter/00163682_2026_11012.json,8a350d5426df4ed4ad3065a6234233322ea290e3838c69a6c160762698c5557f,0
메리츠증권,기타,참고,00163682,메리츠증권,2026,11012,반기보고서,IFRS17,E,-,"보고서 사업연도 >= 2023 이면 IFRS17, 아니면 IFRS4",-,주당 주식배당(주),2026-06-30,우선주,-,api,alotMatter,"{""bsns_year"": ""2026"", ""corp_code"": ""00163682"", ""reprt_code"": ""11012""}",20260814003209,api_row,2026-09-11T10:55:42+09:00,000,run_20260911_103248_0388,raw/alotMatter/00163682_2026_11012.json,8a350d5426df4ed4ad3065a6234233322ea290e3838c69a6c160762698c5557f,0
메리츠화재해상보험,손보,전환주체,00117744,메리츠화재해상보험,2021,11011,사업보고서,IFRS4,E,500,"보고서 사업연도 >= 2023 이면 IFRS17, 아니면 IFRS4",500,주당액면가액(원),2021-12-31,-,500,api,alotMatter,"{""bsns_year"": ""2021"", ""corp_code"": ""00117744"", ""reprt_code"": ""11011""}",20221130001307,api_row,2026-09-11T10:39:05+09:00,000,run_20260911_103248_0145,raw/alotMatter/00117744_2021_11011.json,5a6582a55a56067ee4d934c8f47d97ae039c7e11bbb37e0124b52b1874bed8b9,0
메리츠화재해상보험,손보,전환주체,00117744,메리츠화재해상보험,2021,11011,사업보고서,IFRS4,E,"431,095","보고서 사업연도 >= 2023 이면 IFRS17, 아니면 IFRS4","300,437",(연결)당기순이익(백만원),2021-12-31,-,"659,910",api,alotMatter,"{""bsns_year"": ""2021"", ""corp_code"": ""00117744"", ""reprt_code"": ""11011""}",20221130001307,api_row,2026-09-11T10:39:05+09:00,000,run_20260911_103248_0145,raw/alotMatter/00117744_2021_11011.json,5a6582a55a56067ee4d934c8f47d97ae039c7e11bbb37e0124b52b1874bed8b9,0
메리츠화재해상보험,손보,전환주체,00117744,메리츠화재해상보험,2021,11011,사업보고서,IFRS4,E,"433,413","보고서 사업연도 >= 2023 이면 IFRS17, 아니면 IFRS4","271,182",(별도)당기순이익(백만원),2021-12-31,-,"663,121",api,alotMatter,"{""bsns_year"": ""2021"", ""corp_code"": ""00117744"", ""reprt_code"": ""11011""}",20221130001307,api_row,2026-09-11T10:39:05+09:00,000,run_20260911_103248_0145,raw/alotMatter/00117744_2021_11011.json,5a6582a55a56067ee4d934c8f47d97ae039c7e11bbb37e0124b52b1874bed8b9,0
메리츠화재해상보험,손보,전환주체,00117744,메리츠화재해상보험,2021,11011,사업보고서,IFRS4,E,"3,856","보고서 사업연도 >= 2023 이면 IFRS17, 아니면 IFRS4","2,693",(연결)주당순이익(원),2021-12-31,-,"5,768",api,alotMatter,"{""bsns_year"": ""2021"", ""corp_code"": ""00117744"", ""reprt_code"": ""11011""}",20221130001307,api_row,2026-09-11T10:39:05+09:00,000,run_20260911_103248_0145,raw/alotMatter/00117744_2021_11011.json,5a6582a55a56067ee4d934c8f47d97ae039c7e11bbb37e0124b52b1874bed8b9,0
메리츠화재해상보험,손보,전환주체,00117744,메리츠화재해상보험,2021,11011,사업보고서,IFRS4,E,"151,071","보고서 사업연도 >= 2023 이면 IFRS17, 아니면 IFRS4","94,761",현금배당금총액(백만원),2021-12-31,-,"66,959",api,alotMatter,"{""bsns_year"": ""2021"", ""corp_code"": ""00117744"", ""reprt_code"": ""11011""}",20221130001307,api_row,2026-09-11T10:39:05+09:00,000,run_20260911_103248_0145,raw/alotMatter/00117744_2021_11011.json,5a6582a55a56067ee4d934c8f47d97ae039c7e11bbb37e0124b52b1874bed8b9,0
메리츠화재해상보험,손보,전환주체,00117744,메리츠화재해상보험,2021,11011,사업보고서,IFRS4,E,-,"보고서 사업연도 >= 2023 이면 IFRS17, 아니면 IFRS4",-,주식배당금총액(백만원),2021-12-31,-,-,api,alotMatter,"{""bsns_year"": ""2021"", ""corp_code"": ""00117744"", ""reprt_code"": ""11011""}",20221130001307,api_row,2026-09-11T10:39:05+09:00,000,run_20260911_103248_0145,raw/alotMatter/00117744_2021_11011.json,5a6582a55a56067ee4d934c8f47d97ae039c7e11bbb37e0124b52b1874bed8b9,0
메리츠화재해상보험,손보,전환주체,00117744,메리츠화재해상보험,2021,11011,사업보고서,IFRS4,E,35.00,"보고서 사업연도 >= 2023 이면 IFRS17, 아니면 IFRS4",31.50,(연결)현금배당성향(%),2021-12-31,-,10.10,api,alotMatter,"{""bsns_year"": ""2021"", ""corp_code"": ""00117744"", ""reprt_code"": ""11011""}",20221130001307,api_row,2026-09-11T10:39:05+09:00,000,run_20260911_103248_0145,raw/alotMatter/00117744_2021_11011.json,5a6582a55a56067ee4d934c8f47d97ae039c7e11bbb37e0124b52b1874bed8b9,0
메리츠화재해상보험,손보,전환주체,00117744,메리츠화재해상보험,2021,11011,사업보고서,IFRS4,E,7.90,"보고서 사업연도 >= 2023 이면 IFRS17, 아니면 IFRS4",4.60,현금배당수익률(%),2021-12-31,보통주,1.90,api,alotMatter,"{""bsns_year"": ""2021"", ""corp_code"": ""00117744"", ""reprt_code"": ""11011""}",20221130001307,api_row,2026-09-11T10:39:05+09:00,000,run_20260911_103248_0145,raw/alotMatter/00117744_2021_11011.json,5a6582a55a56067ee4d934c8f47d97ae039c7e11bbb37e0124b52b1874bed8b9,0
메리츠화재해상보험,손보,전환주체,00117744,메리츠화재해상보험,2021,11011,사업보고서,IFRS4,E,-,"보고서 사업연도 >= 2023 이면 IFRS17, 아니면 IFRS4",-,현금배당수익률(%),2021-12-31,-,-,api,alotMatter,"{""bsns_year"": ""2021"", ""corp_code"": ""00117744"", ""reprt_code"": ""11011""}",20221130001307,api_row,2026-09-11T10:39:05+09:00,000,run_20260911_103248_0145,raw/alotMatter/00117744_2021_11011.json,5a6582a55a56067ee4d934c8f47d97ae039c7e11bbb37e0124b52b1874bed8b9,0
메리츠화재해상보험,손보,전환주체,00117744,메리츠화재해상보험,2021,11011,사업보고서,IFRS4,E,-,"보고서 사업연도 >= 2023 이면 IFRS17, 아니면 IFRS4",-,주식배당수익률(%),2021-12-31,-,-,api,alotMatter,"{""bsns_year"": ""2021"", ""corp_code"": ""00117744"", ""reprt_code"": ""11011""}",20221130001307,api_row,2026-09-11T10:39:05+09:00,000,run_20260911_103248_0145,raw/alotMatter/00117744_2021_11011.json,5a6582a55a56067ee4d934c8f47d97ae039c7e11bbb37e0124b52b1874bed8b9,0
메리츠화재해상보험,손보,전환주체,00117744,메리츠화재해상보험,2021,11011,사업보고서,IFRS4,E,-,"보고서 사업연도 >= 2023 이면 IFRS17, 아니면 IFRS4",-,주식배당수익률(%),2021-12-31,-,-,api,alotMatter,"{""bsns_year"": ""2021"", ""corp_code"": ""00117744"", ""reprt_code"": ""11011""}",20221130001307,api_row,2026-09-11T10:39:05+09:00,000,run_20260911_103248_0145,raw/alotMatter/00117744_2021_11011.json,5a6582a55a56067ee4d934c8f47d97ae039c7e11bbb37e0124b52b1874bed8b9,0
메리츠화재해상보험,손보,전환주체,00117744,메리츠화재해상보험,2021,11011,사업보고서,IFRS4,E,"1,280","보고서 사업연도 >= 2023 이면 IFRS17, 아니면 IFRS4",850,주당 현금배당금(원),2021-12-31,보통주,620,api,alotMatter,"{""bsns_year"": ""2021"", ""corp_code"": ""00117744"", ""reprt_code"": ""11011""}",20221130001307,api_row,2026-09-11T10:39:05+09:00,000,run_20260911_103248_0145,raw/alotMatter/00117744_2021_11011.json,5a6582a55a56067ee4d934c8f47d97ae039c7e11bbb37e0124b52b1874bed8b9,0
메리츠화재해상보험,손보,전환주체,00117744,메리츠화재해상보험,2021,11011,사업보고서,IFRS4,E,-,"보고서 사업연도 >= 2023 이면 IFRS17, 아니면 IFRS4",-,주당 현금배당금(원),2021-12-31,-,-,api,alotMatter,"{""bsns_year"": ""2021"", ""corp_code"": ""00117744"", ""reprt_code"": ""11011""}",20221130001307,api_row,2026-09-11T10:39:05+09:00,000,run_20260911_103248_0145,raw/alotMatter/00117744_2021_11011.json,5a6582a55a56067ee4d934c8f47d97ae039c7e11bbb37e0124b52b1874bed8b9,0
메리츠화재해상보험,손보,전환주체,00117744,메리츠화재해상보험,2021,11011,사업보고서,IFRS4,E,-,"보고서 사업연도 >= 2023 이면 IFRS17, 아니면 IFRS4",-,주당 주식배당(주),2021-12-31,-,-,api,alotMatter,"{""bsns_year"": ""2021"", ""corp_code"": ""00117744"", ""reprt_code"": ""11011""}",20221130001307,api_row,2026-09-11T10:39:05+09:00,000,run_20260911_103248_0145,raw/alotMatter/00117744_2021_11011.json,5a6582a55a56067ee4d934c8f47d97ae039c7e11bbb37e0124b52b1874bed8b9,0
메리츠화재해상보험,손보,전환주체,00117744,메리츠화재해상보험,2021,11011,사업보고서,IFRS4,E,-,"보고서 사업연도 >= 2023 이면 IFRS17, 아니면 IFRS4",-,주당 주식배당(주),2021-12-31,-,-,api,alotMatter,"{""bsns_year"": ""2021"", ""corp_code"": ""00117744"", ""reprt_code"": ""11011""}",20221130001307,api_row,2026-09-11T10:39:05+09:00,000,run_20260911_103248_0145,raw/alotMatter/00117744_2021_11011.json,5a6582a55a56067ee4d934c8f47d97ae039c7e11bbb37e0124b52b1874bed8b9,0
메리츠화재해상보험,손보,전환주체,00117744,메리츠화재해상보험,2022,11011,사업보고서,IFRS4,E,500,"보고서 사업연도 >= 2023 이면 IFRS17, 아니면 IFRS4",500,주당액면가액(원),2022-12-31,-,500,api,alotMatter,"{""bsns_year"": ""2022"", ""corp_code"": ""00117744"", ""reprt_code"": ""11011""}",20230331004390,api_row,2026-09-11T10:39:19+09:00,000,run_20260911_103248_0154,raw/alotMatter/00117744_2022_11011.json,92d1d09a6fa8306752bc4f54864be3ce04f22476697baefba8354d72d9bae404,0
메리츠화재해상보험,손보,전환주체,00117744,메리츠화재해상보험,2022,11011,사업보고서,IFRS4,E,"659,910","보고서 사업연도 >= 2023 이면 IFRS17, 아니면 IFRS4","431,095",(연결)당기순이익(백만원),2022-12-31,-,"853,581",api,alotMatter,"{""bsns_year"": ""2022"", ""corp_code"": ""00117744"", ""reprt_code"": ""11011""}",20230331004390,api_row,2026-09-11T10:39:19+09:00,000,run_20260911_103248_0154,raw/alotMatter/00117744_2022_11011.json,92d1d09a6fa8306752bc4f54864be3ce04f22476697baefba8354d72d9bae404,0
메리츠화재해상보험,손보,전환주체,00117744,메리츠화재해상보험,2022,11011,사업보고서,IFRS4,E,"663,121","보고서 사업연도 >= 2023 이면 IFRS17, 아니면 IFRS4","433,413",(별도)당기순이익(백만원),2022-12-31,-,"868,286",api,alotMatter,"{""bsns_year"": ""2022"", ""corp_code"": ""00117744"", ""reprt_code"": ""11011""}",20230331004390,api_row,2026-09-11T10:39:19+09:00,000,run_20260911_103248_0154,raw/alotMatter/00117744_2022_11011.json,92d1d09a6fa8306752bc4f54864be3ce04f22476697baefba8354d72d9bae404,0
메리츠화재해상보험,손보,전환주체,00117744,메리츠화재해상보험,2022,11011,사업보고서,IFRS4,E,"5,768","보고서 사업연도 >= 2023 이면 IFRS17, 아니면 IFRS4","3,856",(연결)주당순이익(원),2022-12-31,-,"7,371",api,alotMatter,"{""bsns_year"": ""2022"", ""corp_code"": ""00117744"", ""reprt_code"": ""11011""}",20230331004390,api_row,2026-09-11T10:39:19+09:00,000,run_20260911_103248_0154,raw/alotMatter/00117744_2022_11011.json,92d1d09a6fa8306752bc4f54864be3ce04f22476697baefba8354d72d9bae404,0
메리츠화재해상보험,손보,전환주체,00117744,메리츠화재해상보험,2022,11011,사업보고서,IFRS4,E,"66,959","보고서 사업연도 >= 2023 이면 IFRS17, 아니면 IFRS4","151,071",현금배당금총액(백만원),2022-12-31,-,-,api,alotMatter,"{""bsns_year"": ""2022"", ""corp_code"": ""00117744"", ""reprt_code"": ""11011""}",20230331004390,api_row,2026-09-11T10:39:19+09:00,000,run_20260911_103248_0154,raw/alotMatter/00117744_2022_11011.json,92d1d09a6fa8306752bc4f54864be3ce04f22476697baefba8354d72d9bae404,0
메리츠화재해상보험,손보,전환주체,00117744,메리츠화재해상보험,2022,11011,사업보고서,IFRS4,E,-,"보고서 사업연도 >= 2023 이면 IFRS17, 아니면 IFRS4",-,주식배당금총액(백만원),2022-12-31,-,-,api,alotMatter,"{""bsns_year"": ""2022"", ""corp_code"": ""00117744"", ""reprt_code"": ""11011""}",20230331004390,api_row,2026-09-11T10:39:19+09:00,000,run_20260911_103248_0154,raw/alotMatter/00117744_2022_11011.json,92d1d09a6fa8306752bc4f54864be3ce04f22476697baefba8354d72d9bae404,0
메리츠화재해상보험,손보,전환주체,00117744,메리츠화재해상보험,2022,11011,사업보고서,IFRS4,E,10.10,"보고서 사업연도 >= 2023 이면 IFRS17, 아니면 IFRS4",35.00,(연결)현금배당성향(%),2022-12-31,-,-,api,alotMatter,"{""bsns_year"": ""2022"", ""corp_code"": ""00117744"", ""reprt_code"": ""11011""}",20230331004390,api_row,2026-09-11T10:39:19+09:00,000,run_20260911_103248_0154,raw/alotMatter/00117744_2022_11011.json,92d1d09a6fa8306752bc4f54864be3ce04f22476697baefba8354d72d9bae404,0
메리츠화재해상보험,손보,전환주체,00117744,메리츠화재해상보험,2022,11011,사업보고서,IFRS4,E,1.90,"보고서 사업연도 >= 2023 이면 IFRS17, 아니면 IFRS4",7.90,현금배당수익률(%),2022-12-31,보통주,-,api,alotMatter,"{""bsns_year"": ""2022"", ""corp_code"": ""00117744"", ""reprt_code"": ""11011""}",20230331004390,api_row,2026-09-11T10:39:19+09:00,000,run_20260911_103248_0154,raw/alotMatter/00117744_2022_11011.json,92d1d09a6fa8306752bc4f54864be3ce04f22476697baefba8354d72d9bae404,0
메리츠화재해상보험,손보,전환주체,00117744,메리츠화재해상보험,2022,11011,사업보고서,IFRS4,E,-,"보고서 사업연도 >= 2023 이면 IFRS17, 아니면 IFRS4",-,현금배당수익률(%),2022-12-31,-,-,api,alotMatter,"{""bsns_year"": ""2022"", ""corp_code"": ""00117744"", ""reprt_code"": ""11011""}",20230331004390,api_row,2026-09-11T10:39:19+09:00,000,run_20260911_103248_0154,raw/alotMatter/00117744_2022_11011.json,92d1d09a6fa8306752bc4f54864be3ce04f22476697baefba8354d72d9bae404,0
메리츠화재해상보험,손보,전환주체,00117744,메리츠화재해상보험,2022,11011,사업보고서,IFRS4,E,-,"보고서 사업연도 >= 2023 이면 IFRS17, 아니면 IFRS4",-,주식배당수익률(%),2022-12-31,보통주,-,api,alotMatter,"{""bsns_year"": ""2022"", ""corp_code"": ""00117744"", ""reprt_code"": ""11011""}",20230331004390,api_row,2026-09-11T10:39:19+09:00,000,run_20260911_103248_0154,raw/alotMatter/00117744_2022_11011.json,92d1d09a6fa8306752bc4f54864be3ce04f22476697baefba8354d72d9bae404,0
메리츠화재해상보험,손보,전환주체,00117744,메리츠화재해상보험,2022,11011,사업보고서,IFRS4,E,-,"보고서 사업연도 >= 2023 이면 IFRS17, 아니면 IFRS4",-,주식배당수익률(%),2022-12-31,-,-,api,alotMatter,"{""bsns_year"": ""2022"", ""corp_code"": ""00117744"", ""reprt_code"": ""11011""}",20230331004390,api_row,2026-09-11T10:39:19+09:00,000,run_20260911_103248_0154,raw/alotMatter/00117744_2022_11011.json,92d1d09a6fa8306752bc4f54864be3ce04f22476697baefba8354d72d9bae404,0
메리츠화재해상보험,손보,전환주체,00117744,메리츠화재해상보험,2022,11011,사업보고서,IFRS4,E,620,"보고서 사업연도 >= 2023 이면 IFRS17, 아니면 IFRS4","1,280",주당 현금배당금(원),2022-12-31,보통주,-,api,alotMatter,"{""bsns_year"": ""2022"", ""corp_code"": ""00117744"", ""reprt_code"": ""11011""}",20230331004390,api_row,2026-09-11T10:39:19+09:00,000,run_20260911_103248_0154,raw/alotMatter/00117744_2022_11011.json,92d1d09a6fa8306752bc4f54864be3ce04f22476697baefba8354d72d9bae404,0
메리츠화재해상보험,손보,전환주체,00117744,메리츠화재해상보험,2022,11011,사업보고서,IFRS4,E,-,"보고서 사업연도 >= 2023 이면 IFRS17, 아니면 IFRS4",-,주당 현금배당금(원),2022-12-31,-,-,api,alotMatter,"{""bsns_year"": ""2022"", ""corp_code"": ""00117744"", ""reprt_code"": ""11011""}",20230331004390,api_row,2026-09-11T10:39:19+09:00,000,run_20260911_103248_0154,raw/alotMatter/00117744_2022_11011.json,92d1d09a6fa8306752bc4f54864be3ce04f22476697baefba8354d72d9bae404,0
메리츠화재해상보험,손보,전환주체,00117744,메리츠화재해상보험,2022,11011,사업보고서,IFRS4,E,-,"보고서 사업연도 >= 2023 이면 IFRS17, 아니면 IFRS4",-,주당 주식배당(주),2022-12-31,보통주,-,api,alotMatter,"{""bsns_year"": ""2022"", ""corp_code"": ""00117744"", ""reprt_code"": ""11011""}",20230331004390,api_row,2026-09-11T10:39:19+09:00,000,run_20260911_103248_0154,raw/alotMatter/00117744_2022_11011.json,92d1d09a6fa8306752bc4f54864be3ce04f22476697baefba8354d72d9bae404,0
메리츠화재해상보험,손보,전환주체,00117744,메리츠화재해상보험,2022,11011,사업보고서,IFRS4,E,-,"보고서 사업연도 >= 2023 이면 IFRS17, 아니면 IFRS4",-,주당 주식배당(주),2022-12-31,-,-,api,alotMatter,"{""bsns_year"": ""2022"", ""corp_code"": ""00117744"", ""reprt_code"": ""11011""}",20230331004390,api_row,2026-09-11T10:39:19+09:00,000,run_20260911_103248_0154,raw/alotMatter/00117744_2022_11011.json,92d1d09a6fa8306752bc4f54864be3ce04f22476697baefba8354d72d9bae404,0
메리츠화재해상보험,손보,전환주체,00117744,메리츠화재해상보험,2023,11011,사업보고서,IFRS17,E,500,"보고서 사업연도 >= 2023 이면 IFRS17, 아니면 IFRS4",500,주당액면가액(원),2023-12-31,-,500,api,alotMatter,"{""bsns_year"": ""2023"", ""corp_code"": ""00117744"", ""reprt_code"": ""11011""}",20240430000865,api_row,2026-09-11T10:39:37+09:00,000,run_20260911_103248_0163,raw/alotMatter/00117744_2023_11011.json,fb304cbd755d4741976ed342ca797c4d3ca08351ababec068118bf0c7d540eb7,0
메리츠화재해상보험,손보,전환주체,00117744,메리츠화재해상보험,2023,11011,사업보고서,IFRS17,E,"853,581","보고서 사업연도 >= 2023 이면 IFRS17, 아니면 IFRS4","659,910",(연결)당기순이익(백만원),2023-12-31,-,"1,566,328",api,alotMatter,"{""bsns_year"": ""2023"", ""corp_code"": ""00117744"", ""reprt_code"": ""11011""}",20240430000865,api_row,2026-09-11T10:39:37+09:00,000,run_20260911_103248_0163,raw/alotMatter/00117744_2023_11011.json,fb304cbd755d4741976ed342ca797c4d3ca08351ababec068118bf0c7d540eb7,0
메리츠화재해상보험,손보,전환주체,00117744,메리츠화재해상보험,2023,11011,사업보고서,IFRS17,E,"868,286","보고서 사업연도 >= 2023 이면 IFRS17, 아니면 IFRS4","663,121",(별도)당기순이익(백만원),2023-12-31,-,"1,566,983",api,alotMatter,"{""bsns_year"": ""2023"", ""corp_code"": ""00117744"", ""reprt_code"": ""11011""}",20240430000865,api_row,2026-09-11T10:39:37+09:00,000,run_20260911_103248_0163,raw/alotMatter/00117744_2023_11011.json,fb304cbd755d4741976ed342ca797c4d3ca08351ababec068118bf0c7d540eb7,0
메리츠화재해상보험,손보,전환주체,00117744,메리츠화재해상보험,2023,11011,사업보고서,IFRS17,E,"7,371","보고서 사업연도 >= 2023 이면 IFRS17, 아니면 IFRS4","5,768",(연결)주당순이익(원),2023-12-31,-,"14,892",api,alotMatter,"{""bsns_year"": ""2023"", ""corp_code"": ""00117744"", ""reprt_code"": ""11011""}",20240430000865,api_row,2026-09-11T10:39:37+09:00,000,run_20260911_103248_0163,raw/alotMatter/00117744_2023_11011.json,fb304cbd755d4741976ed342ca797c4d3ca08351ababec068118bf0c7d540eb7,0
메리츠화재해상보험,손보,전환주체,00117744,메리츠화재해상보험,2023,11011,사업보고서,IFRS17,E,-,"보고서 사업연도 >= 2023 이면 IFRS17, 아니면 IFRS4","66,959",현금배당금총액(백만원),2023-12-31,-,"634,630",api,alotMatter,"{""bsns_year"": ""2023"", ""corp_code"": ""00117744"", ""reprt_code"": ""11011""}",20240430000865,api_row,2026-09-11T10:39:37+09:00,000,run_20260911_103248_0163,raw/alotMatter/00117744_2023_11011.json,fb304cbd755d4741976ed342ca797c4d3ca08351ababec068118bf0c7d540eb7,0
메리츠화재해상보험,손보,전환주체,00117744,메리츠화재해상보험,2023,11011,사업보고서,IFRS17,E,-,"보고서 사업연도 >= 2023 이면 IFRS17, 아니면 IFRS4",-,주식배당금총액(백만원),2023-12-31,-,-,api,alotMatter,"{""bsns_year"": ""2023"", ""corp_code"": ""00117744"", ""reprt_code"": ""11011""}",20240430000865,api_row,2026-09-11T10:39:37+09:00,000,run_20260911_103248_0163,raw/alotMatter/00117744_2023_11011.json,fb304cbd755d4741976ed342ca797c4d3ca08351ababec068118bf0c7d540eb7,0
메리츠화재해상보험,손보,전환주체,00117744,메리츠화재해상보험,2023,11011,사업보고서,IFRS17,E,-,"보고서 사업연도 >= 2023 이면 IFRS17, 아니면 IFRS4",10.10,(연결)현금배당성향(%),2023-12-31,-,40.50,api,alotMatter,"{""bsns_year"": ""2023"", ""corp_code"": ""00117744"", ""reprt_code"": ""11011""}",20240430000865,api_row,2026-09-11T10:39:37+09:00,000,run_20260911_103248_0163,raw/alotMatter/00117744_2023_11011.json,fb304cbd755d4741976ed342ca797c4d3ca08351ababec068118bf0c7d540eb7,0
메리츠화재해상보험,손보,전환주체,00117744,메리츠화재해상보험,2023,11011,사업보고서,IFRS17,E,-,"보고서 사업연도 >= 2023 이면 IFRS17, 아니면 IFRS4",1.90,현금배당수익률(%),2023-12-31,보통주,-,api,alotMatter,"{""bsns_year"": ""2023"", ""corp_code"": ""00117744"", ""reprt_code"": ""11011""}",20240430000865,api_row,2026-09-11T10:39:37+09:00,000,run_20260911_103248_0163,raw/alotMatter/00117744_2023_11011.json,fb304cbd755d4741976ed342ca797c4d3ca08351ababec068118bf0c7d540eb7,0
메리츠화재해상보험,손보,전환주체,00117744,메리츠화재해상보험,2023,11011,사업보고서,IFRS17,E,-,"보고서 사업연도 >= 2023 이면 IFRS17, 아니면 IFRS4",-,현금배당수익률(%),2023-12-31,-,-,api,alotMatter,"{""bsns_year"": ""2023"", ""corp_code"": ""00117744"", ""reprt_code"": ""11011""}",20240430000865,api_row,2026-09-11T10:39:37+09:00,000,run_20260911_103248_0163,raw/alotMatter/00117744_2023_11011.json,fb304cbd755d4741976ed342ca797c4d3ca08351ababec068118bf0c7d540eb7,0
메리츠화재해상보험,손보,전환주체,00117744,메리츠화재해상보험,2023,11011,사업보고서,IFRS17,E,-,"보고서 사업연도 >= 2023 이면 IFRS17, 아니면 IFRS4",-,주식배당수익률(%),2023-12-31,보통주,-,api,alotMatter,"{""bsns_year"": ""2023"", ""corp_code"": ""00117744"", ""reprt_code"": ""11011""}",20240430000865,api_row,2026-09-11T10:39:37+09:00,000,run_20260911_103248_0163,raw/alotMatter/00117744_2023_11011.json,fb304cbd755d4741976ed342ca797c4d3ca08351ababec068118bf0c7d540eb7,0
메리츠화재해상보험,손보,전환주체,00117744,메리츠화재해상보험,2023,11011,사업보고서,IFRS17,E,-,"보고서 사업연도 >= 2023 이면 IFRS17, 아니면 IFRS4",-,주식배당수익률(%),2023-12-31,-,-,api,alotMatter,"{""bsns_year"": ""2023"", ""corp_code"": ""00117744"", ""reprt_code"": ""11011""}",20240430000865,api_row,2026-09-11T10:39:37+09:00,000,run_20260911_103248_0163,raw/alotMatter/00117744_2023_11011.json,fb304cbd755d4741976ed342ca797c4d3ca08351ababec068118bf0c7d540eb7,0
메리츠화재해상보험,손보,전환주체,00117744,메리츠화재해상보험,2023,11011,사업보고서,IFRS17,E,-,"보고서 사업연도 >= 2023 이면 IFRS17, 아니면 IFRS4",620,주당 현금배당금(원),2023-12-31,보통주,"6,071",api,alotMatter,"{""bsns_year"": ""2023"", ""corp_code"": ""00117744"", ""reprt_code"": ""11011""}",20240430000865,api_row,2026-09-11T10:39:37+09:00,000,run_20260911_103248_0163,raw/alotMatter/00117744_2023_11011.json,fb304cbd755d4741976ed342ca797c4d3ca08351ababec068118bf0c7d540eb7,0
메리츠화재해상보험,손보,전환주체,00117744,메리츠화재해상보험,2023,11011,사업보고서,IFRS17,E,-,"보고서 사업연도 >= 2023 이면 IFRS17, 아니면 IFRS4",-,주당 현금배당금(원),2023-12-31,-,-,api,alotMatter,"{""bsns_year"": ""2023"", ""corp_code"": ""00117744"", ""reprt_code"": ""11011""}",20240430000865,api_row,2026-09-11T10:39:37+09:00,000,run_20260911_103248_0163,raw/alotMatter/00117744_2023_11011.json,fb304cbd755d4741976ed342ca797c4d3ca08351ababec068118bf0c7d540eb7,0
메리츠화재해상보험,손보,전환주체,00117744,메리츠화재해상보험,2023,11011,사업보고서,IFRS17,E,-,"보고서 사업연도 >= 2023 이면 IFRS17, 아니면 IFRS4",-,주당 주식배당(주),2023-12-31,보통주,-,api,alotMatter,"{""bsns_year"": ""2023"", ""corp_code"": ""00117744"", ""reprt_code"": ""11011""}",20240430000865,api_row,2026-09-11T10:39:37+09:00,000,run_20260911_103248_0163,raw/alotMatter/00117744_2023_11011.json,fb304cbd755d4741976ed342ca797c4d3ca08351ababec068118bf0c7d540eb7,0
메리츠화재해상보험,손보,전환주체,00117744,메리츠화재해상보험,2023,11011,사업보고서,IFRS17,E,-,"보고서 사업연도 >= 2023 이면 IFRS17, 아니면 IFRS4",-,주당 주식배당(주),2023-12-31,-,-,api,alotMatter,"{""bsns_year"": ""2023"", ""corp_code"": ""00117744"", ""reprt_code"": ""11011""}",20240430000865,api_row,2026-09-11T10:39:37+09:00,000,run_20260911_103248_0163,raw/alotMatter/00117744_2023_11011.json,fb304cbd755d4741976ed342ca797c4d3ca08351ababec068118bf0c7d540eb7,0
메리츠화재해상보험,손보,전환주체,00117744,메리츠화재해상보험,2024,11011,사업보고서,IFRS17,E,500,"보고서 사업연도 >= 2023 이면 IFRS17, 아니면 IFRS4",500,주당액면가액(원),2024-12-31,-,500,api,alotMatter,"{""bsns_year"": ""2024"", ""corp_code"": ""00117744"", ""reprt_code"": ""11011""}",20250331003145,api_row,2026-09-11T10:40:16+09:00,000,run_20260911_103248_0172,raw/alotMatter/00117744_2024_11011.json,b00ce496d569253b6324d3ad6d10050405cd438d23bdad49329420cef2b27b66,0
메리츠화재해상보험,손보,전환주체,00117744,메리츠화재해상보험,2024,11011,사업보고서,IFRS17,E,"1,566,328","보고서 사업연도 >= 2023 이면 IFRS17, 아니면 IFRS4","853,581",(연결)당기순이익(백만원),2024-12-31,-,"1,713,148",api,alotMatter,"{""bsns_year"": ""2024"", ""corp_code"": ""00117744"", ""reprt_code"": ""11011""}",20250331003145,api_row,2026-09-11T10:40:16+09:00,000,run_20260911_103248_0172,raw/alotMatter/00117744_2024_11011.json,b00ce496d569253b6324d3ad6d10050405cd438d23bdad49329420cef2b27b66,0
메리츠화재해상보험,손보,전환주체,00117744,메리츠화재해상보험,2024,11011,사업보고서,IFRS17,E,"1,566,983","보고서 사업연도 >= 2023 이면 IFRS17, 아니면 IFRS4","868,286",(별도)당기순이익(백만원),2024-12-31,-,"1,710,550",api,alotMatter,"{""bsns_year"": ""2024"", ""corp_code"": ""00117744"", ""reprt_code"": ""11011""}",20250331003145,api_row,2026-09-11T10:40:16+09:00,000,run_20260911_103248_0172,raw/alotMatter/00117744_2024_11011.json,b00ce496d569253b6324d3ad6d10050405cd438d23bdad49329420cef2b27b66,0
메리츠화재해상보험,손보,전환주체,00117744,메리츠화재해상보험,2024,11011,사업보고서,IFRS17,E,"14,892","보고서 사업연도 >= 2023 이면 IFRS17, 아니면 IFRS4","7,371",(연결)주당순이익(원),2024-12-31,-,"16,296",api,alotMatter,"{""bsns_year"": ""2024"", ""corp_code"": ""00117744"", ""reprt_code"": ""11011""}",20250331003145,api_row,2026-09-11T10:40:16+09:00,000,run_20260911_103248_0172,raw/alotMatter/00117744_2024_11011.json,b00ce496d569253b6324d3ad6d10050405cd438d23bdad49329420cef2b27b66,0
메리츠화재해상보험,손보,전환주체,00117744,메리츠화재해상보험,2024,11011,사업보고서,IFRS17,E,"634,630","보고서 사업연도 >= 2023 이면 IFRS17, 아니면 IFRS4",-,현금배당금총액(백만원),2024-12-31,-,"662,020",api,alotMatter,"{""bsns_year"": ""2024"", ""corp_code"": ""00117744"", ""reprt_code"": ""11011""}",20250331003145,api_row,2026-09-11T10:40:16+09:00,000,run_20260911_103248_0172,raw/alotMatter/00117744_2024_11011.json,b00ce496d569253b6324d3ad6d10050405cd438d23bdad49329420cef2b27b66,0
메리츠화재해상보험,손보,전환주체,00117744,메리츠화재해상보험,2024,11011,사업보고서,IFRS17,E,-,"보고서 사업연도 >= 2023 이면 IFRS17, 아니면 IFRS4",-,주식배당금총액(백만원),2024-12-31,-,-,api,alotMatter,"{""bsns_year"": ""2024"", ""corp_code"": ""00117744"", ""reprt_code"": ""11011""}",20250331003145,api_row,2026-09-11T10:40:16+09:00,000,run_20260911_103248_0172,raw/alotMatter/00117744_2024_11011.json,b00ce496d569253b6324d3ad6d10050405cd438d23bdad49329420cef2b27b66,0
메리츠화재해상보험,손보,전환주체,00117744,메리츠화재해상보험,2024,11011,사업보고서,IFRS17,E,40.50,"보고서 사업연도 >= 2023 이면 IFRS17, 아니면 IFRS4",-,(연결)현금배당성향(%),2024-12-31,-,38.60,api,alotMatter,"{""bsns_year"": ""2024"", ""corp_code"": ""00117744"", ""reprt_code"": ""11011""}",20250331003145,api_row,2026-09-11T10:40:16+09:00,000,run_20260911_103248_0172,raw/alotMatter/00117744_2024_11011.json,b00ce496d569253b6324d3ad6d10050405cd438d23bdad49329420cef2b27b66,0
메리츠화재해상보험,손보,전환주체,00117744,메리츠화재해상보험,2024,11011,사업보고서,IFRS17,E,-,"보고서 사업연도 >= 2023 이면 IFRS17, 아니면 IFRS4",-,현금배당수익률(%),2024-12-31,보통주,-,api,alotMatter,"{""bsns_year"": ""2024"", ""corp_code"": ""00117744"", ""reprt_code"": ""11011""}",20250331003145,api_row,2026-09-11T10:40:16+09:00,000,run_20260911_103248_0172,raw/alotMatter/00117744_2024_11011.json,b00ce496d569253b6324d3ad6d10050405cd438d23bdad49329420cef2b27b66,0
메리츠화재해상보험,손보,전환주체,00117744,메리츠화재해상보험,2024,11011,사업보고서,IFRS17,E,-,"보고서 사업연도 >= 2023 이면 IFRS17, 아니면 IFRS4",-,현금배당수익률(%),2024-12-31,-,-,api,alotMatter,"{""bsns_year"": ""2024"", ""corp_code"": ""00117744"", ""reprt_code"": ""11011""}",20250331003145,api_row,2026-09-11T10:40:16+09:00,000,run_20260911_103248_0172,raw/alotMatter/00117744_2024_11011.json,b00ce496d569253b6324d3ad6d10050405cd438d23bdad49329420cef2b27b66,0
메리츠화재해상보험,손보,전환주체,00117744,메리츠화재해상보험,2024,11011,사업보고서,IFRS17,E,-,"보고서 사업연도 >= 2023 이면 IFRS17, 아니면 IFRS4",-,주식배당수익률(%),2024-12-31,보통주,-,api,alotMatter,"{""bsns_year"": ""2024"", ""corp_code"": ""00117744"", ""reprt_code"": ""11011""}",20250331003145,api_row,2026-09-11T10:40:16+09:00,000,run_20260911_103248_0172,raw/alotMatter/00117744_2024_11011.json,b00ce496d569253b6324d3ad6d10050405cd438d23bdad49329420cef2b27b66,0
메리츠화재해상보험,손보,전환주체,00117744,메리츠화재해상보험,2024,11011,사업보고서,IFRS17,E,-,"보고서 사업연도 >= 2023 이면 IFRS17, 아니면 IFRS4",-,주식배당수익률(%),2024-12-31,-,-,api,alotMatter,"{""bsns_year"": ""2024"", ""corp_code"": ""00117744"", ""reprt_code"": ""11011""}",20250331003145,api_row,2026-09-11T10:40:16+09:00,000,run_20260911_103248_0172,raw/alotMatter/00117744_2024_11011.json,b00ce496d569253b6324d3ad6d10050405cd438d23bdad49329420cef2b27b66,0
메리츠화재해상보험,손보,전환주체,00117744,메리츠화재해상보험,2024,11011,사업보고서,IFRS17,E,"6,071","보고서 사업연도 >= 2023 이면 IFRS17, 아니면 IFRS4",-,주당 현금배당금(원),2024-12-31,보통주,"6,333",api,alotMatter,"{""bsns_year"": ""2024"", ""corp_code"": ""00117744"", ""reprt_code"": ""11011""}",20250331003145,api_row,2026-09-11T10:40:16+09:00,000,run_20260911_103248_0172,raw/alotMatter/00117744_2024_11011.json,b00ce496d569253b6324d3ad6d10050405cd438d23bdad49329420cef2b27b66,0
메리츠화재해상보험,손보,전환주체,00117744,메리츠화재해상보험,2024,11011,사업보고서,IFRS17,E,-,"보고서 사업연도 >= 2023 이면 IFRS17, 아니면 IFRS4",-,주당 현금배당금(원),2024-12-31,-,-,api,alotMatter,"{""bsns_year"": ""2024"", ""corp_code"": ""00117744"", ""reprt_code"": ""11011""}",20250331003145,api_row,2026-09-11T10:40:16+09:00,000,run_20260911_103248_0172,raw/alotMatter/00117744_2024_11011.json,b00ce496d569253b6324d3ad6d10050405cd438d23bdad49329420cef2b27b66,0
메리츠화재해상보험,손보,전환주체,00117744,메리츠화재해상보험,2024,11011,사업보고서,IFRS17,E,-,"보고서 사업연도 >= 2023 이면 IFRS17, 아니면 IFRS4",-,주당 주식배당(주),2024-12-31,보통주,-,api,alotMatter,"{""bsns_year"": ""2024"", ""corp_code"": ""00117744"", ""reprt_code"": ""11011""}",20250331003145,api_row,2026-09-11T10:40:16+09:00,000,run_20260911_103248_0172,raw/alotMatter/00117744_2024_11011.json,b00ce496d569253b6324d3ad6d10050405cd438d23bdad49329420cef2b27b66,0
메리츠화재해상보험,손보,전환주체,00117744,메리츠화재해상보험,2024,11011,사업보고서,IFRS17,E,-,"보고서 사업연도 >= 2023 이면 IFRS17, 아니면 IFRS4",-,주당 주식배당(주),2024-12-31,-,-,api,alotMatter,"{""bsns_year"": ""2024"", ""corp_code"": ""00117744"", ""reprt_code"": ""11011""}",20250331003145,api_row,2026-09-11T10:40:16+09:00,000,run_20260911_103248_0172,raw/alotMatter/00117744_2024_11011.json,b00ce496d569253b6324d3ad6d10050405cd438d23bdad49329420cef2b27b66,0
메리츠화재해상보험,손보,전환주체,00117744,메리츠화재해상보험,2025,11011,사업보고서,IFRS17,E,500,"보고서 사업연도 >= 2023 이면 IFRS17, 아니면 IFRS4",500,주당액면가액(원),2025-12-31,-,500,api,alotMatter,"{""bsns_year"": ""2025"", ""corp_code"": ""00117744"", ""reprt_code"": ""11011""}",20260331003916,api_row,2026-09-11T10:41:01+09:00,000,run_20260911_103248_0181,raw/alotMatter/00117744_2025_11011.json,29c0c98aee7e8453defff4929a3481cfb97ea239977541447b50d5b1f45993d4,0
메리츠화재해상보험,손보,전환주체,00117744,메리츠화재해상보험,2025,11011,사업보고서,IFRS17,E,"1,713,148","보고서 사업연도 >= 2023 이면 IFRS17, 아니면 IFRS4","1,566,328",(연결)당기순이익(백만원),2025-12-31,-,"1,691,460",api,alotMatter,"{""bsns_year"": ""2025"", ""corp_code"": ""00117744"", ""reprt_code"": ""11011""}",20260331003916,api_row,2026-09-11T10:41:01+09:00,000,run_20260911_103248_0181,raw/alotMatter/00117744_2025_11011.json,29c0c98aee7e8453defff4929a3481cfb97ea239977541447b50d5b1f45993d4,0
메리츠화재해상보험,손보,전환주체,00117744,메리츠화재해상보험,2025,11011,사업보고서,IFRS17,E,"1,710,550","보고서 사업연도 >= 2023 이면 IFRS17, 아니면 IFRS4","1,566,983",(별도)당기순이익(백만원),2025-12-31,-,"1,681,024",api,alotMatter,"{""bsns_year"": ""2025"", ""corp_code"": ""00117744"", ""reprt_code"": ""11011""}",20260331003916,api_row,2026-09-11T10:41:01+09:00,000,run_20260911_103248_0181,raw/alotMatter/00117744_2025_11011.json,29c0c98aee7e8453defff4929a3481cfb97ea239977541447b50d5b1f45993d4,0
메리츠화재해상보험,손보,전환주체,00117744,메리츠화재해상보험,2025,11011,사업보고서,IFRS17,E,"16,296","보고서 사업연도 >= 2023 이면 IFRS17, 아니면 IFRS4","14,892",(연결)주당순이익(원),2025-12-31,-,"16,091",api,alotMatter,"{""bsns_year"": ""2025"", ""corp_code"": ""00117744"", ""reprt_code"": ""11011""}",20260331003916,api_row,2026-09-11T10:41:01+09:00,000,run_20260911_103248_0181,raw/alotMatter/00117744_2025_11011.json,29c0c98aee7e8453defff4929a3481cfb97ea239977541447b50d5b1f45993d4,0
메리츠화재해상보험,손보,전환주체,00117744,메리츠화재해상보험,2025,11011,사업보고서,IFRS17,E,"662,020","보고서 사업연도 >= 2023 이면 IFRS17, 아니면 IFRS4","634,630",현금배당금총액(백만원),2025-12-31,-,"832,110",api,alotMatter,"{""bsns_year"": ""2025"", ""corp_code"": ""00117744"", ""reprt_code"": ""11011""}",20260331003916,api_row,2026-09-11T10:41:01+09:00,000,run_20260911_103248_0181,raw/alotMatter/00117744_2025_11011.json,29c0c98aee7e8453defff4929a3481cfb97ea239977541447b50d5b1f45993d4,0
메리츠화재해상보험,손보,전환주체,00117744,메리츠화재해상보험,2025,11011,사업보고서,IFRS17,E,-,"보고서 사업연도 >= 2023 이면 IFRS17, 아니면 IFRS4",-,주식배당금총액(백만원),2025-12-31,-,-,api,alotMatter,"{""bsns_year"": ""2025"", ""corp_code"": ""00117744"", ""reprt_code"": ""11011""}",20260331003916,api_row,2026-09-11T10:41:01+09:00,000,run_20260911_103248_0181,raw/alotMatter/00117744_2025_11011.json,29c0c98aee7e8453defff4929a3481cfb97ea239977541447b50d5b1f45993d4,0
메리츠화재해상보험,손보,전환주체,00117744,메리츠화재해상보험,2025,11011,사업보고서,IFRS17,E,38.60,"보고서 사업연도 >= 2023 이면 IFRS17, 아니면 IFRS4",40.50,(연결)현금배당성향(%),2025-12-31,-,49.50,api,alotMatter,"{""bsns_year"": ""2025"", ""corp_code"": ""00117744"", ""reprt_code"": ""11011""}",20260331003916,api_row,2026-09-11T10:41:01+09:00,000,run_20260911_103248_0181,raw/alotMatter/00117744_2025_11011.json,29c0c98aee7e8453defff4929a3481cfb97ea239977541447b50d5b1f45993d4,0
메리츠화재해상보험,손보,전환주체,00117744,메리츠화재해상보험,2025,11011,사업보고서,IFRS17,E,-,"보고서 사업연도 >= 2023 이면 IFRS17, 아니면 IFRS4",-,현금배당수익률(%),2025-12-31,보통주,-,api,alotMatter,"{""bsns_year"": ""2025"", ""corp_code"": ""00117744"", ""reprt_code"": ""11011""}",20260331003916,api_row,2026-09-11T10:41:01+09:00,000,run_20260911_103248_0181,raw/alotMatter/00117744_2025_11011.json,29c0c98aee7e8453defff4929a3481cfb97ea239977541447b50d5b1f45993d4,0
메리츠화재해상보험,손보,전환주체,00117744,메리츠화재해상보험,2025,11011,사업보고서,IFRS17,E,-,"보고서 사업연도 >= 2023 이면 IFRS17, 아니면 IFRS4",-,현금배당수익률(%),2025-12-31,-,-,api,alotMatter,"{""bsns_year"": ""2025"", ""corp_code"": ""00117744"", ""reprt_code"": ""11011""}",20260331003916,api_row,2026-09-11T10:41:01+09:00,000,run_20260911_103248_0181,raw/alotMatter/00117744_2025_11011.json,29c0c98aee7e8453defff4929a3481cfb97ea239977541447b50d5b1f45993d4,0
메리츠화재해상보험,손보,전환주체,00117744,메리츠화재해상보험,2025,11011,사업보고서,IFRS17,E,-,"보고서 사업연도 >= 2023 이면 IFRS17, 아니면 IFRS4",-,주식배당수익률(%),2025-12-31,보통주,-,api,alotMatter,"{""bsns_year"": ""2025"", ""corp_code"": ""00117744"", ""reprt_code"": ""11011""}",20260331003916,api_row,2026-09-11T10:41:01+09:00,000,run_20260911_103248_0181,raw/alotMatter/00117744_2025_11011.json,29c0c98aee7e8453defff4929a3481cfb97ea239977541447b50d5b1f45993d4,0
메리츠화재해상보험,손보,전환주체,00117744,메리츠화재해상보험,2025,11011,사업보고서,IFRS17,E,-,"보고서 사업연도 >= 2023 이면 IFRS17, 아니면 IFRS4",-,주식배당수익률(%),2025-12-31,-,-,api,alotMatter,"{""bsns_year"": ""2025"", ""corp_code"": ""00117744"", ""reprt_code"": ""11011""}",20260331003916,api_row,2026-09-11T10:41:01+09:00,000,run_20260911_103248_0181,raw/alotMatter/00117744_2025_11011.json,29c0c98aee7e8453defff4929a3481cfb97ea239977541447b50d5b1f45993d4,0
메리츠화재해상보험,손보,전환주체,00117744,메리츠화재해상보험,2025,11011,사업보고서,IFRS17,E,"6,333","보고서 사업연도 >= 2023 이면 IFRS17, 아니면 IFRS4","6,071",주당 현금배당금(원),2025-12-31,보통주,"7,959",api,alotMatter,"{""bsns_year"": ""2025"", ""corp_code"": ""00117744"", ""reprt_code"": ""11011""}",20260331003916,api_row,2026-09-11T10:41:01+09:00,000,run_20260911_103248_0181,raw/alotMatter/00117744_2025_11011.json,29c0c98aee7e8453defff4929a3481cfb97ea239977541447b50d5b1f45993d4,0
메리츠화재해상보험,손보,전환주체,00117744,메리츠화재해상보험,2025,11011,사업보고서,IFRS17,E,-,"보고서 사업연도 >= 2023 이면 IFRS17, 아니면 IFRS4",-,주당 현금배당금(원),2025-12-31,-,-,api,alotMatter,"{""bsns_year"": ""2025"", ""corp_code"": ""00117744"", ""reprt_code"": ""11011""}",20260331003916,api_row,2026-09-11T10:41:01+09:00,000,run_20260911_103248_0181,raw/alotMatter/00117744_2025_11011.json,29c0c98aee7e8453defff4929a3481cfb97ea239977541447b50d5b1f45993d4,0
메리츠화재해상보험,손보,전환주체,00117744,메리츠화재해상보험,2025,11011,사업보고서,IFRS17,E,-,"보고서 사업연도 >= 2023 이면 IFRS17, 아니면 IFRS4",-,주당 주식배당(주),2025-12-31,보통주,-,api,alotMatter,"{""bsns_year"": ""2025"", ""corp_code"": ""00117744"", ""reprt_code"": ""11011""}",20260331003916,api_row,2026-09-11T10:41:01+09:00,000,run_20260911_103248_0181,raw/alotMatter/00117744_2025_11011.json,29c0c98aee7e8453defff4929a3481cfb97ea239977541447b50d5b1f45993d4,0
메리츠화재해상보험,손보,전환주체,00117744,메리츠화재해상보험,2025,11011,사업보고서,IFRS17,E,-,"보고서 사업연도 >= 2023 이면 IFRS17, 아니면 IFRS4",-,주당 주식배당(주),2025-12-31,-,-,api,alotMatter,"{""bsns_year"": ""2025"", ""corp_code"": ""00117744"", ""reprt_code"": ""11011""}",20260331003916,api_row,2026-09-11T10:41:01+09:00,000,run_20260911_103248_0181,raw/alotMatter/00117744_2025_11011.json,29c0c98aee7e8453defff4929a3481cfb97ea239977541447b50d5b1f45993d4,0
메리츠화재해상보험,손보,전환주체,00117744,메리츠화재해상보험,2025,11012,반기보고서,IFRS17,E,500,"보고서 사업연도 >= 2023 이면 IFRS17, 아니면 IFRS4",500,주당액면가액(원),2025-06-30,-,500,api,alotMatter,"{""bsns_year"": ""2025"", ""corp_code"": ""00117744"", ""reprt_code"": ""11012""}",20250829001864,api_row,2026-09-11T10:41:38+09:00,000,run_20260911_103248_0190,raw/alotMatter/00117744_2025_11012.json,0b4f85b6cab2b4c200de442c35b0216f233e389fce66350f60777ed7b28e7f24,0
메리츠화재해상보험,손보,전환주체,00117744,메리츠화재해상보험,2025,11012,반기보고서,IFRS17,E,"1,713,148","보고서 사업연도 >= 2023 이면 IFRS17, 아니면 IFRS4","1,566,328",(연결)당기순이익(백만원),2025-06-30,-,"988,836",api,alotMatter,"{""bsns_year"": ""2025"", ""corp_code"": ""00117744"", ""reprt_code"": ""11012""}",20250829001864,api_row,2026-09-11T10:41:38+09:00,000,run_20260911_103248_0190,raw/alotMatter/00117744_2025_11012.json,0b4f85b6cab2b4c200de442c35b0216f233e389fce66350f60777ed7b28e7f24,0
메리츠화재해상보험,손보,전환주체,00117744,메리츠화재해상보험,2025,11012,반기보고서,IFRS17,E,"1,710,550","보고서 사업연도 >= 2023 이면 IFRS17, 아니면 IFRS4","1,566,983",(별도)당기순이익(백만원),2025-06-30,-,"987,254",api,alotMatter,"{""bsns_year"": ""2025"", ""corp_code"": ""00117744"", ""reprt_code"": ""11012""}",20250829001864,api_row,2026-09-11T10:41:38+09:00,000,run_20260911_103248_0190,raw/alotMatter/00117744_2025_11012.json,0b4f85b6cab2b4c200de442c35b0216f233e389fce66350f60777ed7b28e7f24,0
메리츠화재해상보험,손보,전환주체,00117744,메리츠화재해상보험,2025,11012,반기보고서,IFRS17,E,"16,296","보고서 사업연도 >= 2023 이면 IFRS17, 아니면 IFRS4","14,892",(연결)주당순이익(원),2025-06-30,-,"9,413",api,alotMatter,"{""bsns_year"": ""2025"", ""corp_code"": ""00117744"", ""reprt_code"": ""11012""}",20250829001864,api_row,2026-09-11T10:41:38+09:00,000,run_20260911_103248_0190,raw/alotMatter/00117744_2025_11012.json,0b4f85b6cab2b4c200de442c35b0216f233e389fce66350f60777ed7b28e7f24,0
메리츠화재해상보험,손보,전환주체,00117744,메리츠화재해상보험,2025,11012,반기보고서,IFRS17,E,"662,020","보고서 사업연도 >= 2023 이면 IFRS17, 아니면 IFRS4","634,630",현금배당금총액(백만원),2025-06-30,-,-,api,alotMatter,"{""bsns_year"": ""2025"", ""corp_code"": ""00117744"", ""reprt_code"": ""11012""}",20250829001864,api_row,2026-09-11T10:41:38+09:00,000,run_20260911_103248_0190,raw/alotMatter/00117744_2025_11012.json,0b4f85b6cab2b4c200de442c35b0216f233e389fce66350f60777ed7b28e7f24,0
메리츠화재해상보험,손보,전환주체,00117744,메리츠화재해상보험,2025,11012,반기보고서,IFRS17,E,-,"보고서 사업연도 >= 2023 이면 IFRS17, 아니면 IFRS4",-,주식배당금총액(백만원),2025-06-30,-,-,api,alotMatter,"{""bsns_year"": ""2025"", ""corp_code"": ""00117744"", ""reprt_code"": ""11012""}",20250829001864,api_row,2026-09-11T10:41:38+09:00,000,run_20260911_103248_0190,raw/alotMatter/00117744_2025_11012.json,0b4f85b6cab2b4c200de442c35b0216f233e389fce66350f60777ed7b28e7f24,0
메리츠화재해상보험,손보,전환주체,00117744,메리츠화재해상보험,2025,11012,반기보고서,IFRS17,E,38.60,"보고서 사업연도 >= 2023 이면 IFRS17, 아니면 IFRS4",40.50,(연결)현금배당성향(%),2025-06-30,-,-,api,alotMatter,"{""bsns_year"": ""2025"", ""corp_code"": ""00117744"", ""reprt_code"": ""11012""}",20250829001864,api_row,2026-09-11T10:41:38+09:00,000,run_20260911_103248_0190,raw/alotMatter/00117744_2025_11012.json,0b4f85b6cab2b4c200de442c35b0216f233e389fce66350f60777ed7b28e7f24,0
메리츠화재해상보험,손보,전환주체,00117744,메리츠화재해상보험,2025,11012,반기보고서,IFRS17,E,-,"보고서 사업연도 >= 2023 이면 IFRS17, 아니면 IFRS4",-,현금배당수익률(%),2025-06-30,보통주,-,api,alotMatter,"{""bsns_year"": ""2025"", ""corp_code"": ""00117744"", ""reprt_code"": ""11012""}",20250829001864,api_row,2026-09-11T10:41:38+09:00,000,run_20260911_103248_0190,raw/alotMatter/00117744_2025_11012.json,0b4f85b6cab2b4c200de442c35b0216f233e389fce66350f60777ed7b28e7f24,0
메리츠화재해상보험,손보,전환주체,00117744,메리츠화재해상보험,2025,11012,반기보고서,IFRS17,E,-,"보고서 사업연도 >= 2023 이면 IFRS17, 아니면 IFRS4",-,현금배당수익률(%),2025-06-30,-,-,api,alotMatter,"{""bsns_year"": ""2025"", ""corp_code"": ""00117744"", ""reprt_code"": ""11012""}",20250829001864,api_row,2026-09-11T10:41:38+09:00,000,run_20260911_103248_0190,raw/alotMatter/00117744_2025_11012.json,0b4f85b6cab2b4c200de442c35b0216f233e389fce66350f60777ed7b28e7f24,0
메리츠화재해상보험,손보,전환주체,00117744,메리츠화재해상보험,2025,11012,반기보고서,IFRS17,E,-,"보고서 사업연도 >= 2023 이면 IFRS17, 아니면 IFRS4",-,주식배당수익률(%),2025-06-30,보통주,-,api,alotMatter,"{""bsns_year"": ""2025"", ""corp_code"": ""00117744"", ""reprt_code"": ""11012""}",20250829001864,api_row,2026-09-11T10:41:38+09:00,000,run_20260911_103248_0190,raw/alotMatter/00117744_2025_11012.json,0b4f85b6cab2b4c200de442c35b0216f233e389fce66350f60777ed7b28e7f24,0
메리츠화재해상보험,손보,전환주체,00117744,메리츠화재해상보험,2025,11012,반기보고서,IFRS17,E,-,"보고서 사업연도 >= 2023 이면 IFRS17, 아니면 IFRS4",-,주식배당수익률(%),2025-06-30,-,-,api,alotMatter,"{""bsns_year"": ""2025"", ""corp_code"": ""00117744"", ""reprt_code"": ""11012""}",20250829001864,api_row,2026-09-11T10:41:38+09:00,000,run_20260911_103248_0190,raw/alotMatter/00117744_2025_11012.json,0b4f85b6cab2b4c200de442c35b0216f233e389fce66350f60777ed7b28e7f24,0
메리츠화재해상보험,손보,전환주체,00117744,메리츠화재해상보험,2025,11012,반기보고서,IFRS17,E,"6,333","보고서 사업연도 >= 2023 이면 IFRS17, 아니면 IFRS4","6,071",주당 현금배당금(원),2025-06-30,보통주,-,api,alotMatter,"{""bsns_year"": ""2025"", ""corp_code"": ""00117744"", ""reprt_code"": ""11012""}",20250829001864,api_row,2026-09-11T10:41:38+09:00,000,run_20260911_103248_0190,raw/alotMatter/00117744_2025_11012.json,0b4f85b6cab2b4c200de442c35b0216f233e389fce66350f60777ed7b28e7f24,0
메리츠화재해상보험,손보,전환주체,00117744,메리츠화재해상보험,2025,11012,반기보고서,IFRS17,E,-,"보고서 사업연도 >= 2023 이면 IFRS17, 아니면 IFRS4",-,주당 현금배당금(원),2025-06-30,-,-,api,alotMatter,"{""bsns_year"": ""2025"", ""corp_code"": ""00117744"", ""reprt_code"": ""11012""}",20250829001864,api_row,2026-09-11T10:41:38+09:00,000,run_20260911_103248_0190,raw/alotMatter/00117744_2025_11012.json,0b4f85b6cab2b4c200de442c35b0216f233e389fce66350f60777ed7b28e7f24,0
메리츠화재해상보험,손보,전환주체,00117744,메리츠화재해상보험,2025,11012,반기보고서,IFRS17,E,-,"보고서 사업연도 >= 2023 이면 IFRS17, 아니면 IFRS4",-,주당 주식배당(주),2025-06-30,보통주,-,api,alotMatter,"{""bsns_year"": ""2025"", ""corp_code"": ""00117744"", ""reprt_code"": ""11012""}",20250829001864,api_row,2026-09-11T10:41:38+09:00,000,run_20260911_103248_0190,raw/alotMatter/00117744_2025_11012.json,0b4f85b6cab2b4c200de442c35b0216f233e389fce66350f60777ed7b28e7f24,0
메리츠화재해상보험,손보,전환주체,00117744,메리츠화재해상보험,2025,11012,반기보고서,IFRS17,E,-,"보고서 사업연도 >= 2023 이면 IFRS17, 아니면 IFRS4",-,주당 주식배당(주),2025-06-30,-,-,api,alotMatter,"{""bsns_year"": ""2025"", ""corp_code"": ""00117744"", ""reprt_code"": ""11012""}",20250829001864,api_row,2026-09-11T10:41:38+09:00,000,run_20260911_103248_0190,raw/alotMatter/00117744_2025_11012.json,0b4f85b6cab2b4c200de442c35b0216f233e389fce66350f60777ed7b28e7f24,0
메리츠화재해상보험,손보,전환주체,00117744,메리츠화재해상보험,2026,11012,반기보고서,IFRS17,E,500,"보고서 사업연도 >= 2023 이면 IFRS17, 아니면 IFRS4",500,주당액면가액(원),2026-06-30,-,500,api,alotMatter,"{""bsns_year"": ""2026"", ""corp_code"": ""00117744"", ""reprt_code"": ""11012""}",20260814002253,api_row,2026-09-11T10:42:32+09:00,000,run_20260911_103248_0199,raw/alotMatter/00117744_2026_11012.json,964fc6c03dd3f3956ba3f66a8d1e984010709675fb6a1ea7a302ac76c2491e5c,0
메리츠화재해상보험,손보,전환주체,00117744,메리츠화재해상보험,2026,11012,반기보고서,IFRS17,E,"1,691,460","보고서 사업연도 >= 2023 이면 IFRS17, 아니면 IFRS4","1,713,148",(연결)당기순이익(백만원),2026-06-30,-,"1,027,428",api,alotMatter,"{""bsns_year"": ""2026"", ""corp_code"": ""00117744"", ""reprt_code"": ""11012""}",20260814002253,api_row,2026-09-11T10:42:32+09:00,000,run_20260911_103248_0199,raw/alotMatter/00117744_2026_11012.json,964fc6c03dd3f3956ba3f66a8d1e984010709675fb6a1ea7a302ac76c2491e5c,0
메리츠화재해상보험,손보,전환주체,00117744,메리츠화재해상보험,2026,11012,반기보고서,IFRS17,E,"1,451,076","보고서 사업연도 >= 2023 이면 IFRS17, 아니면 IFRS4","1,710,550",(별도)당기순이익(백만원),2026-06-30,-,"1,024,338",api,alotMatter,"{""bsns_year"": ""2026"", ""corp_code"": ""00117744"", ""reprt_code"": ""11012""}",20260814002253,api_row,2026-09-11T10:42:32+09:00,000,run_20260911_103248_0199,raw/alotMatter/00117744_2026_11012.json,964fc6c03dd3f3956ba3f66a8d1e984010709675fb6a1ea7a302ac76c2491e5c,0
메리츠화재해상보험,손보,전환주체,00117744,메리츠화재해상보험,2026,11012,반기보고서,IFRS17,E,"16,091","보고서 사업연도 >= 2023 이면 IFRS17, 아니면 IFRS4","16,296",(연결)주당순이익(원),2026-06-30,-,"9,797",api,alotMatter,"{""bsns_year"": ""2026"", ""corp_code"": ""00117744"", ""reprt_code"": ""11012""}",20260814002253,api_row,2026-09-11T10:42:32+09:00,000,run_20260911_103248_0199,raw/alotMatter/00117744_2026_11012.json,964fc6c03dd3f3956ba3f66a8d1e984010709675fb6a1ea7a302ac76c2491e5c,0
메리츠화재해상보험,손보,전환주체,00117744,메리츠화재해상보험,2026,11012,반기보고서,IFRS17,E,"832,110","보고서 사업연도 >= 2023 이면 IFRS17, 아니면 IFRS4","662,020",현금배당금총액(백만원),2026-06-30,-,-,api,alotMatter,"{""bsns_year"": ""2026"", ""corp_code"": ""00117744"", ""reprt_code"": ""11012""}",20260814002253,api_row,2026-09-11T10:42:32+09:00,000,run_20260911_103248_0199,raw/alotMatter/00117744_2026_11012.json,964fc6c03dd3f3956ba3f66a8d1e984010709675fb6a1ea7a302ac76c2491e5c,0
메리츠화재해상보험,손보,전환주체,00117744,메리츠화재해상보험,2026,11012,반기보고서,IFRS17,E,-,"보고서 사업연도 >= 2023 이면 IFRS17, 아니면 IFRS4",-,주식배당금총액(백만원),2026-06-30,-,-,api,alotMatter,"{""bsns_year"": ""2026"", ""corp_code"": ""00117744"", ""reprt_code"": ""11012""}",20260814002253,api_row,2026-09-11T10:42:32+09:00,000,run_20260911_103248_0199,raw/alotMatter/00117744_2026_11012.json,964fc6c03dd3f3956ba3f66a8d1e984010709675fb6a1ea7a302ac76c2491e5c,0
메리츠화재해상보험,손보,전환주체,00117744,메리츠화재해상보험,2026,11012,반기보고서,IFRS17,E,49.50,"보고서 사업연도 >= 2023 이면 IFRS17, 아니면 IFRS4",38.60,(연결)현금배당성향(%),2026-06-30,-,-,api,alotMatter,"{""bsns_year"": ""2026"", ""corp_code"": ""00117744"", ""reprt_code"": ""11012""}",20260814002253,api_row,2026-09-11T10:42:32+09:00,000,run_20260911_103248_0199,raw/alotMatter/00117744_2026_11012.json,964fc6c03dd3f3956ba3f66a8d1e984010709675fb6a1ea7a302ac76c2491e5c,0
메리츠화재해상보험,손보,전환주체,00117744,메리츠화재해상보험,2026,11012,반기보고서,IFRS17,E,-,"보고서 사업연도 >= 2023 이면 IFRS17, 아니면 IFRS4",-,현금배당수익률(%),2026-06-30,보통주,-,api,alotMatter,"{""bsns_year"": ""2026"", ""corp_code"": ""00117744"", ""reprt_code"": ""11012""}",20260814002253,api_row,2026-09-11T10:42:32+09:00,000,run_20260911_103248_0199,raw/alotMatter/00117744_2026_11012.json,964fc6c03dd3f3956ba3f66a8d1e984010709675fb6a1ea7a302ac76c2491e5c,0
메리츠화재해상보험,손보,전환주체,00117744,메리츠화재해상보험,2026,11012,반기보고서,IFRS17,E,-,"보고서 사업연도 >= 2023 이면 IFRS17, 아니면 IFRS4",-,현금배당수익률(%),2026-06-30,-,-,api,alotMatter,"{""bsns_year"": ""2026"", ""corp_code"": ""00117744"", ""reprt_code"": ""11012""}",20260814002253,api_row,2026-09-11T10:42:32+09:00,000,run_20260911_103248_0199,raw/alotMatter/00117744_2026_11012.json,964fc6c03dd3f3956ba3f66a8d1e984010709675fb6a1ea7a302ac76c2491e5c,0
메리츠화재해상보험,손보,전환주체,00117744,메리츠화재해상보험,2026,11012,반기보고서,IFRS17,E,-,"보고서 사업연도 >= 2023 이면 IFRS17, 아니면 IFRS4",-,주식배당수익률(%),2026-06-30,보통주,-,api,alotMatter,"{""bsns_year"": ""2026"", ""corp_code"": ""00117744"", ""reprt_code"": ""11012""}",20260814002253,api_row,2026-09-11T10:42:32+09:00,000,run_20260911_103248_0199,raw/alotMatter/00117744_2026_11012.json,964fc6c03dd3f3956ba3f66a8d1e984010709675fb6a1ea7a302ac76c2491e5c,0
메리츠화재해상보험,손보,전환주체,00117744,메리츠화재해상보험,2026,11012,반기보고서,IFRS17,E,-,"보고서 사업연도 >= 2023 이면 IFRS17, 아니면 IFRS4",-,주식배당수익률(%),2026-06-30,-,-,api,alotMatter,"{""bsns_year"": ""2026"", ""corp_code"": ""00117744"", ""reprt_code"": ""11012""}",20260814002253,api_row,2026-09-11T10:42:32+09:00,000,run_20260911_103248_0199,raw/alotMatter/00117744_2026_11012.json,964fc6c03dd3f3956ba3f66a8d1e984010709675fb6a1ea7a302ac76c2491e5c,0
메리츠화재해상보험,손보,전환주체,00117744,메리츠화재해상보험,2026,11012,반기보고서,IFRS17,E,"7,959","보고서 사업연도 >= 2023 이면 IFRS17, 아니면 IFRS4","6,333",주당 현금배당금(원),2026-06-30,보통주,-,api,alotMatter,"{""bsns_year"": ""2026"", ""corp_code"": ""00117744"", ""reprt_code"": ""11012""}",20260814002253,api_row,2026-09-11T10:42:32+09:00,000,run_20260911_103248_0199,raw/alotMatter/00117744_2026_11012.json,964fc6c03dd3f3956ba3f66a8d1e984010709675fb6a1ea7a302ac76c2491e5c,0
메리츠화재해상보험,손보,전환주체,00117744,메리츠화재해상보험,2026,11012,반기보고서,IFRS17,E,-,"보고서 사업연도 >= 2023 이면 IFRS17, 아니면 IFRS4",-,주당 현금배당금(원),2026-06-30,-,-,api,alotMatter,"{""bsns_year"": ""2026"", ""corp_code"": ""00117744"", ""reprt_code"": ""11012""}",20260814002253,api_row,2026-09-11T10:42:32+09:00,000,run_20260911_103248_0199,raw/alotMatter/00117744_2026_11012.json,964fc6c03dd3f3956ba3f66a8d1e984010709675fb6a1ea7a302ac76c2491e5c,0
메리츠화재해상보험,손보,전환주체,00117744,메리츠화재해상보험,2026,11012,반기보고서,IFRS17,E,-,"보고서 사업연도 >= 2023 이면 IFRS17, 아니면 IFRS4",-,주당 주식배당(주),2026-06-30,보통주,-,api,alotMatter,"{""bsns_year"": ""2026"", ""corp_code"": ""00117744"", ""reprt_code"": ""11012""}",20260814002253,api_row,2026-09-11T10:42:32+09:00,000,run_20260911_103248_0199,raw/alotMatter/00117744_2026_11012.json,964fc6c03dd3f3956ba3f66a8d1e984010709675fb6a1ea7a302ac76c2491e5c,0
메리츠화재해상보험,손보,전환주체,00117744,메리츠화재해상보험,2026,11012,반기보고서,IFRS17,E,-,"보고서 사업연도 >= 2023 이면 IFRS17, 아니면 IFRS4",-,주당 주식배당(주),2026-06-30,-,-,api,alotMatter,"{""bsns_year"": ""2026"", ""corp_code"": ""00117744"", ""reprt_code"": ""11012""}",20260814002253,api_row,2026-09-11T10:42:32+09:00,000,run_20260911_103248_0199,raw/alotMatter/00117744_2026_11012.json,964fc6c03dd3f3956ba3f66a8d1e984010709675fb6a1ea7a302ac76c2491e5c,0
우리은행,기타,전환주체,00254045,우리은행,2021,11011,사업보고서,IFRS4,E,"5,000","보고서 사업연도 >= 2023 이면 IFRS17, 아니면 IFRS4","5,000",주당액면가액(원),2021-12-31,-,"5,000",api,alotMatter,"{""bsns_year"": ""2021"", ""corp_code"": ""00254045"", ""reprt_code"": ""11011""}",20220317000674,api_row,2026-09-11T10:46:31+09:00,000,run_20260911_103248_0271,raw/alotMatter/00254045_2021_11011.json,84338137da134ac10a392e88207d8a5eceb931ed503833dce18861737140d792,0
우리은행,기타,전환주체,00254045,우리은행,2021,11011,사업보고서,IFRS4,E,"1,363,224","보고서 사업연도 >= 2023 이면 IFRS17, 아니면 IFRS4","1,505,547",(연결)당기순이익(백만원),2021-12-31,-,"2,375,525",api,alotMatter,"{""bsns_year"": ""2021"", ""corp_code"": ""00254045"", ""reprt_code"": ""11011""}",20220317000674,api_row,2026-09-11T10:46:31+09:00,000,run_20260911_103248_0271,raw/alotMatter/00254045_2021_11011.json,84338137da134ac10a392e88207d8a5eceb931ed503833dce18861737140d792,0
우리은행,기타,전환주체,00254045,우리은행,2021,11011,사업보고서,IFRS4,E,"1,309,485","보고서 사업연도 >= 2023 이면 IFRS17, 아니면 IFRS4","1,790,831",(별도)당기순이익(백만원),2021-12-31,-,"2,152,349",api,alotMatter,"{""bsns_year"": ""2021"", ""corp_code"": ""00254045"", ""reprt_code"": ""11011""}",20220317000674,api_row,2026-09-11T10:46:31+09:00,000,run_20260911_103248_0271,raw/alotMatter/00254045_2021_11011.json,84338137da134ac10a392e88207d8a5eceb931ed503833dce18861737140d792,0
우리은행,기타,전환주체,00254045,우리은행,2021,11011,사업보고서,IFRS4,E,"1,720","보고서 사업연도 >= 2023 이면 IFRS17, 아니면 IFRS4","2,028",(연결)주당순이익(원),2021-12-31,-,"3,115",api,alotMatter,"{""bsns_year"": ""2021"", ""corp_code"": ""00254045"", ""reprt_code"": ""11011""}",20220317000674,api_row,2026-09-11T10:46:31+09:00,000,run_20260911_103248_0271,raw/alotMatter/00254045_2021_11011.json,84338137da134ac10a392e88207d8a5eceb931ed503833dce18861737140d792,0
우리은행,기타,전환주체,00254045,우리은행,2021,11011,사업보고서,IFRS4,E,"680,200","보고서 사업연도 >= 2023 이면 IFRS17, 아니면 IFRS4","1,352,000",현금배당금총액(백만원),2021-12-31,-,"1,175,672",api,alotMatter,"{""bsns_year"": ""2021"", ""corp_code"": ""00254045"", ""reprt_code"": ""11011""}",20220317000674,api_row,2026-09-11T10:46:31+09:00,000,run_20260911_103248_0271,raw/alotMatter/00254045_2021_11011.json,84338137da134ac10a392e88207d8a5eceb931ed503833dce18861737140d792,0
우리은행,기타,전환주체,00254045,우리은행,2021,11011,사업보고서,IFRS4,E,-,"보고서 사업연도 >= 2023 이면 IFRS17, 아니면 IFRS4",-,주식배당금총액(백만원),2021-12-31,-,-,api,alotMatter,"{""bsns_year"": ""2021"", ""corp_code"": ""00254045"", ""reprt_code"": ""11011""}",20220317000674,api_row,2026-09-11T10:46:31+09:00,000,run_20260911_103248_0271,raw/alotMatter/00254045_2021_11011.json,84338137da134ac10a392e88207d8a5eceb931ed503833dce18861737140d792,0
우리은행,기타,전환주체,00254045,우리은행,2021,11011,사업보고서,IFRS4,E,49.90,"보고서 사업연도 >= 2023 이면 IFRS17, 아니면 IFRS4",89.80,(연결)현금배당성향(%),2021-12-31,-,49.49,api,alotMatter,"{""bsns_year"": ""2021"", ""corp_code"": ""00254045"", ""reprt_code"": ""11011""}",20220317000674,api_row,2026-09-11T10:46:31+09:00,000,run_20260911_103248_0271,raw/alotMatter/00254045_2021_11011.json,84338137da134ac10a392e88207d8a5eceb931ed503833dce18861737140d792,0
우리은행,기타,전환주체,00254045,우리은행,2021,11011,사업보고서,IFRS4,E,-,"보고서 사업연도 >= 2023 이면 IFRS17, 아니면 IFRS4",-,현금배당수익률(%),2021-12-31,보통주,-,api,alotMatter,"{""bsns_year"": ""2021"", ""corp_code"": ""00254045"", ""reprt_code"": ""11011""}",20220317000674,api_row,2026-09-11T10:46:31+09:00,000,run_20260911_103248_0271,raw/alotMatter/00254045_2021_11011.json,84338137da134ac10a392e88207d8a5eceb931ed503833dce18861737140d792,0
우리은행,기타,전환주체,00254045,우리은행,2021,11011,사업보고서,IFRS4,E,-,"보고서 사업연도 >= 2023 이면 IFRS17, 아니면 IFRS4",-,현금배당수익률(%),2021-12-31,우선주,-,api,alotMatter,"{""bsns_year"": ""2021"", ""corp_code"": ""00254045"", ""reprt_code"": ""11011""}",20220317000674,api_row,2026-09-11T10:46:31+09:00,000,run_20260911_103248_0271,raw/alotMatter/00254045_2021_11011.json,84338137da134ac10a392e88207d8a5eceb931ed503833dce18861737140d792,0
우리은행,기타,전환주체,00254045,우리은행,2021,11011,사업보고서,IFRS4,E,-,"보고서 사업연도 >= 2023 이면 IFRS17, 아니면 IFRS4",-,주식배당수익률(%),2021-12-31,보통주,-,api,alotMatter,"{""bsns_year"": ""2021"", ""corp_code"": ""00254045"", ""reprt_code"": ""11011""}",20220317000674,api_row,2026-09-11T10:46:31+09:00,000,run_20260911_103248_0271,raw/alotMatter/00254045_2021_11011.json,84338137da134ac10a392e88207d8a5eceb931ed503833dce18861737140d792,0
우리은행,기타,전환주체,00254045,우리은행,2021,11011,사업보고서,IFRS4,E,-,"보고서 사업연도 >= 2023 이면 IFRS17, 아니면 IFRS4",-,주식배당수익률(%),2021-12-31,우선주,-,api,alotMatter,"{""bsns_year"": ""2021"", ""corp_code"": ""00254045"", ""reprt_code"": ""11011""}",20220317000674,api_row,2026-09-11T10:46:31+09:00,000,run_20260911_103248_0271,raw/alotMatter/00254045_2021_11011.json,84338137da134ac10a392e88207d8a5eceb931ed503833dce18861737140d792,0
우리은행,기타,전환주체,00254045,우리은행,2021,11011,사업보고서,IFRS4,E,950,"보고서 사업연도 >= 2023 이면 IFRS17, 아니면 IFRS4","2,000",주당 현금배당금(원),2021-12-31,보통주,"1,642",api,alotMatter,"{""bsns_year"": ""2021"", ""corp_code"": ""00254045"", ""reprt_code"": ""11011""}",20220317000674,api_row,2026-09-11T10:46:31+09:00,000,run_20260911_103248_0271,raw/alotMatter/00254045_2021_11011.json,84338137da134ac10a392e88207d8a5eceb931ed503833dce18861737140d792,0
우리은행,기타,전환주체,00254045,우리은행,2021,11011,사업보고서,IFRS4,E,-,"보고서 사업연도 >= 2023 이면 IFRS17, 아니면 IFRS4",-,주당 현금배당금(원),2021-12-31,우선주,-,api,alotMatter,"{""bsns_year"": ""2021"", ""corp_code"": ""00254045"", ""reprt_code"": ""11011""}",20220317000674,api_row,2026-09-11T10:46:31+09:00,000,run_20260911_103248_0271,raw/alotMatter/00254045_2021_11011.json,84338137da134ac10a392e88207d8a5eceb931ed503833dce18861737140d792,0
우리은행,기타,전환주체,00254045,우리은행,2021,11011,사업보고서,IFRS4,E,-,"보고서 사업연도 >= 2023 이면 IFRS17, 아니면 IFRS4",-,주당 주식배당(주),2021-12-31,보통주,-,api,alotMatter,"{""bsns_year"": ""2021"", ""corp_code"": ""00254045"", ""reprt_code"": ""11011""}",20220317000674,api_row,2026-09-11T10:46:31+09:00,000,run_20260911_103248_0271,raw/alotMatter/00254045_2021_11011.json,84338137da134ac10a392e88207d8a5eceb931ed503833dce18861737140d792,0
우리은행,기타,전환주체,00254045,우리은행,2021,11011,사업보고서,IFRS4,E,-,"보고서 사업연도 >= 2023 이면 IFRS17, 아니면 IFRS4",-,주당 주식배당(주),2021-12-31,우선주,-,api,alotMatter,"{""bsns_year"": ""2021"", ""corp_code"": ""00254045"", ""reprt_code"": ""11011""}",20220317000674,api_row,2026-09-11T10:46:31+09:00,000,run_20260911_103248_0271,raw/alotMatter/00254045_2021_11011.json,84338137da134ac10a392e88207d8a5eceb931ed503833dce18861737140d792,0
우리은행,기타,전환주체,00254045,우리은행,2022,11011,사업보고서,IFRS4,E,"5,000","보고서 사업연도 >= 2023 이면 IFRS17, 아니면 IFRS4","5,000",주당액면가액(원),2022-12-31,-,"5,000",api,alotMatter,"{""bsns_year"": ""2022"", ""corp_code"": ""00254045"", ""reprt_code"": ""11011""}",20230316001052,api_row,2026-09-11T10:47:08+09:00,000,run_20260911_103248_0280,raw/alotMatter/00254045_2022_11011.json,99973bd5e5719284658805d4ee9a26f1050368d37d8f281cafb5ebac980c8fcd,0
우리은행,기타,전환주체,00254045,우리은행,2022,11011,사업보고서,IFRS4,E,"2,375,525","보고서 사업연도 >= 2023 이면 IFRS17, 아니면 IFRS4","1,363,224",(연결)당기순이익(백만원),2022-12-31,-,"2,892,165",api,alotMatter,"{""bsns_year"": ""2022"", ""corp_code"": ""00254045"", ""reprt_code"": ""11011""}",20230316001052,api_row,2026-09-11T10:47:08+09:00,000,run_20260911_103248_0280,raw/alotMatter/00254045_2022_11011.json,99973bd5e5719284658805d4ee9a26f1050368d37d8f281cafb5ebac980c8fcd,0
우리은행,기타,전환주체,00254045,우리은행,2022,11011,사업보고서,IFRS4,E,"2,152,349","보고서 사업연도 >= 2023 이면 IFRS17, 아니면 IFRS4","1,309,485",(별도)당기순이익(백만원),2022-12-31,-,"2,547,408",api,alotMatter,"{""bsns_year"": ""2022"", ""corp_code"": ""00254045"", ""reprt_code"": ""11011""}",20230316001052,api_row,2026-09-11T10:47:08+09:00,000,run_20260911_103248_0280,raw/alotMatter/00254045_2022_11011.json,99973bd5e5719284658805d4ee9a26f1050368d37d8f281cafb5ebac980c8fcd,0
우리은행,기타,전환주체,00254045,우리은행,2022,11011,사업보고서,IFRS4,E,"3,115","보고서 사업연도 >= 2023 이면 IFRS17, 아니면 IFRS4","1,720",(연결)주당순이익(원),2022-12-31,-,"3,880",api,alotMatter,"{""bsns_year"": ""2022"", ""corp_code"": ""00254045"", ""reprt_code"": ""11011""}",20230316001052,api_row,2026-09-11T10:47:08+09:00,000,run_20260911_103248_0280,raw/alotMatter/00254045_2022_11011.json,99973bd5e5719284658805d4ee9a26f1050368d37d8f281cafb5ebac980c8fcd,0
우리은행,기타,전환주체,00254045,우리은행,2022,11011,사업보고서,IFRS4,E,"1,175,672","보고서 사업연도 >= 2023 이면 IFRS17, 아니면 IFRS4","680,200",현금배당금총액(백만원),2022-12-31,-,"1,372,572",api,alotMatter,"{""bsns_year"": ""2022"", ""corp_code"": ""00254045"", ""reprt_code"": ""11011""}",20230316001052,api_row,2026-09-11T10:47:08+09:00,000,run_20260911_103248_0280,raw/alotMatter/00254045_2022_11011.json,99973bd5e5719284658805d4ee9a26f1050368d37d8f281cafb5ebac980c8fcd,0
우리은행,기타,전환주체,00254045,우리은행,2022,11011,사업보고서,IFRS4,E,-,"보고서 사업연도 >= 2023 이면 IFRS17, 아니면 IFRS4",-,주식배당금총액(백만원),2022-12-31,-,-,api,alotMatter,"{""bsns_year"": ""2022"", ""corp_code"": ""00254045"", ""reprt_code"": ""11011""}",20230316001052,api_row,2026-09-11T10:47:08+09:00,000,run_20260911_103248_0280,raw/alotMatter/00254045_2022_11011.json,99973bd5e5719284658805d4ee9a26f1050368d37d8f281cafb5ebac980c8fcd,0
우리은행,기타,전환주체,00254045,우리은행,2022,11011,사업보고서,IFRS4,E,49.49,"보고서 사업연도 >= 2023 이면 IFRS17, 아니면 IFRS4",49.90,(연결)현금배당성향(%),2022-12-31,-,47.46,api,alotMatter,"{""bsns_year"": ""2022"", ""corp_code"": ""00254045"", ""reprt_code"": ""11011""}",20230316001052,api_row,2026-09-11T10:47:08+09:00,000,run_20260911_103248_0280,raw/alotMatter/00254045_2022_11011.json,99973bd5e5719284658805d4ee9a26f1050368d37d8f281cafb5ebac980c8fcd,0
우리은행,기타,전환주체,00254045,우리은행,2022,11011,사업보고서,IFRS4,E,-,"보고서 사업연도 >= 2023 이면 IFRS17, 아니면 IFRS4",-,현금배당수익률(%),2022-12-31,보통주,-,api,alotMatter,"{""bsns_year"": ""2022"", ""corp_code"": ""00254045"", ""reprt_code"": ""11011""}",20230316001052,api_row,2026-09-11T10:47:08+09:00,000,run_20260911_103248_0280,raw/alotMatter/00254045_2022_11011.json,99973bd5e5719284658805d4ee9a26f1050368d37d8f281cafb5ebac980c8fcd,0
우리은행,기타,전환주체,00254045,우리은행,2022,11011,사업보고서,IFRS4,E,-,"보고서 사업연도 >= 2023 이면 IFRS17, 아니면 IFRS4",-,현금배당수익률(%),2022-12-31,우선주,-,api,alotMatter,"{""bsns_year"": ""2022"", ""corp_code"": ""00254045"", ""reprt_code"": ""11011""}",20230316001052,api_row,2026-09-11T10:47:08+09:00,000,run_20260911_103248_0280,raw/alotMatter/00254045_2022_11011.json,99973bd5e5719284658805d4ee9a26f1050368d37d8f281cafb5ebac980c8fcd,0
우리은행,기타,전환주체,00254045,우리은행,2022,11011,사업보고서,IFRS4,E,-,"보고서 사업연도 >= 2023 이면 IFRS17, 아니면 IFRS4",-,주식배당수익률(%),2022-12-31,보통주,-,api,alotMatter,"{""bsns_year"": ""2022"", ""corp_code"": ""00254045"", ""reprt_code"": ""11011""}",20230316001052,api_row,2026-09-11T10:47:08+09:00,000,run_20260911_103248_0280,raw/alotMatter/00254045_2022_11011.json,99973bd5e5719284658805d4ee9a26f1050368d37d8f281cafb5ebac980c8fcd,0
우리은행,기타,전환주체,00254045,우리은행,2022,11011,사업보고서,IFRS4,E,-,"보고서 사업연도 >= 2023 이면 IFRS17, 아니면 IFRS4",-,주식배당수익률(%),2022-12-31,우선주,-,api,alotMatter,"{""bsns_year"": ""2022"", ""corp_code"": ""00254045"", ""reprt_code"": ""11011""}",20230316001052,api_row,2026-09-11T10:47:08+09:00,000,run_20260911_103248_0280,raw/alotMatter/00254045_2022_11011.json,99973bd5e5719284658805d4ee9a26f1050368d37d8f281cafb5ebac980c8fcd,0
우리은행,기타,전환주체,00254045,우리은행,2022,11011,사업보고서,IFRS4,E,"1,642","보고서 사업연도 >= 2023 이면 IFRS17, 아니면 IFRS4",950,주당 현금배당금(원),2022-12-31,보통주,"1,917",api,alotMatter,"{""bsns_year"": ""2022"", ""corp_code"": ""00254045"", ""reprt_code"": ""11011""}",20230316001052,api_row,2026-09-11T10:47:08+09:00,000,run_20260911_103248_0280,raw/alotMatter/00254045_2022_11011.json,99973bd5e5719284658805d4ee9a26f1050368d37d8f281cafb5ebac980c8fcd,0
우리은행,기타,전환주체,00254045,우리은행,2022,11011,사업보고서,IFRS4,E,-,"보고서 사업연도 >= 2023 이면 IFRS17, 아니면 IFRS4",-,주당 현금배당금(원),2022-12-31,우선주,-,api,alotMatter,"{""bsns_year"": ""2022"", ""corp_code"": ""00254045"", ""reprt_code"": ""11011""}",20230316001052,api_row,2026-09-11T10:47:08+09:00,000,run_20260911_103248_0280,raw/alotMatter/00254045_2022_11011.json,99973bd5e5719284658805d4ee9a26f1050368d37d8f281cafb5ebac980c8fcd,0
우리은행,기타,전환주체,00254045,우리은행,2022,11011,사업보고서,IFRS4,E,-,"보고서 사업연도 >= 2023 이면 IFRS17, 아니면 IFRS4",-,주당 주식배당(주),2022-12-31,보통주,-,api,alotMatter,"{""bsns_year"": ""2022"", ""corp_code"": ""00254045"", ""reprt_code"": ""11011""}",20230316001052,api_row,2026-09-11T10:47:08+09:00,000,run_20260911_103248_0280,raw/alotMatter/00254045_2022_11011.json,99973bd5e5719284658805d4ee9a26f1050368d37d8f281cafb5ebac980c8fcd,0
우리은행,기타,전환주체,00254045,우리은행,2022,11011,사업보고서,IFRS4,E,-,"보고서 사업연도 >= 2023 이면 IFRS17, 아니면 IFRS4",-,주당 주식배당(주),2022-12-31,우선주,-,api,alotMatter,"{""bsns_year"": ""2022"", ""corp_code"": ""00254045"", ""reprt_code"": ""11011""}",20230316001052,api_row,2026-09-11T10:47:08+09:00,000,run_20260911_103248_0280,raw/alotMatter/00254045_2022_11011.json,99973bd5e5719284658805d4ee9a26f1050368d37d8f281cafb5ebac980c8fcd,0
우리은행,기타,전환주체,00254045,우리은행,2023,11011,사업보고서,IFRS17,E,"5,000","보고서 사업연도 >= 2023 이면 IFRS17, 아니면 IFRS4","5,000",주당액면가액(원),2023-12-31,-,"5,000",api,alotMatter,"{""bsns_year"": ""2023"", ""corp_code"": ""00254045"", ""reprt_code"": ""11011""}",20240326000240,api_row,2026-09-11T10:47:50+09:00,000,run_20260911_103248_0289,raw/alotMatter/00254045_2023_11011.json,b707bbaaa57b27ec9c5eeaec2a3f6eb8ba019caf273730dc9907207a8a8e0393,0
우리은행,기타,전환주체,00254045,우리은행,2023,11011,사업보고서,IFRS17,E,"2,892,165","보고서 사업연도 >= 2023 이면 IFRS17, 아니면 IFRS4","2,375,525",(연결)당기순이익(백만원),2023-12-31,-,"2,505,587",api,alotMatter,"{""bsns_year"": ""2023"", ""corp_code"": ""00254045"", ""reprt_code"": ""11011""}",20240326000240,api_row,2026-09-11T10:47:50+09:00,000,run_20260911_103248_0289,raw/alotMatter/00254045_2023_11011.json,b707bbaaa57b27ec9c5eeaec2a3f6eb8ba019caf273730dc9907207a8a8e0393,0
우리은행,기타,전환주체,00254045,우리은행,2023,11011,사업보고서,IFRS17,E,"2,547,408","보고서 사업연도 >= 2023 이면 IFRS17, 아니면 IFRS4","2,152,349",(별도)당기순이익(백만원),2023-12-31,-,"2,277,140",api,alotMatter,"{""bsns_year"": ""2023"", ""corp_code"": ""00254045"", ""reprt_code"": ""11011""}",20240326000240,api_row,2026-09-11T10:47:50+09:00,000,run_20260911_103248_0289,raw/alotMatter/00254045_2023_11011.json,b707bbaaa57b27ec9c5eeaec2a3f6eb8ba019caf273730dc9907207a8a8e0393,0
우리은행,기타,전환주체,00254045,우리은행,2023,11011,사업보고서,IFRS17,E,"3,880","보고서 사업연도 >= 2023 이면 IFRS17, 아니면 IFRS4","3,115",(연결)주당순이익(원),2023-12-31,-,"3,366",api,alotMatter,"{""bsns_year"": ""2023"", ""corp_code"": ""00254045"", ""reprt_code"": ""11011""}",20240326000240,api_row,2026-09-11T10:47:50+09:00,000,run_20260911_103248_0289,raw/alotMatter/00254045_2023_11011.json,b707bbaaa57b27ec9c5eeaec2a3f6eb8ba019caf273730dc9907207a8a8e0393,0
우리은행,기타,전환주체,00254045,우리은행,2023,11011,사업보고서,IFRS17,E,"1,372,572","보고서 사업연도 >= 2023 이면 IFRS17, 아니면 IFRS4","1,175,672",현금배당금총액(백만원),2023-12-31,-,"1,131,996",api,alotMatter,"{""bsns_year"": ""2023"", ""corp_code"": ""00254045"", ""reprt_code"": ""11011""}",20240326000240,api_row,2026-09-11T10:47:50+09:00,000,run_20260911_103248_0289,raw/alotMatter/00254045_2023_11011.json,b707bbaaa57b27ec9c5eeaec2a3f6eb8ba019caf273730dc9907207a8a8e0393,0
우리은행,기타,전환주체,00254045,우리은행,2023,11011,사업보고서,IFRS17,E,-,"보고서 사업연도 >= 2023 이면 IFRS17, 아니면 IFRS4",-,주식배당금총액(백만원),2023-12-31,-,-,api,alotMatter,"{""bsns_year"": ""2023"", ""corp_code"": ""00254045"", ""reprt_code"": ""11011""}",20240326000240,api_row,2026-09-11T10:47:50+09:00,000,run_20260911_103248_0289,raw/alotMatter/00254045_2023_11011.json,b707bbaaa57b27ec9c5eeaec2a3f6eb8ba019caf273730dc9907207a8a8e0393,0
우리은행,기타,전환주체,00254045,우리은행,2023,11011,사업보고서,IFRS17,E,47.46,"보고서 사업연도 >= 2023 이면 IFRS17, 아니면 IFRS4",49.49,(연결)현금배당성향(%),2023-12-31,-,45.18,api,alotMatter,"{""bsns_year"": ""2023"", ""corp_code"": ""00254045"", ""reprt_code"": ""11011""}",20240326000240,api_row,2026-09-11T10:47:50+09:00,000,run_20260911_103248_0289,raw/alotMatter/00254045_2023_11011.json,b707bbaaa57b27ec9c5eeaec2a3f6eb8ba019caf273730dc9907207a8a8e0393,0
우리은행,기타,전환주체,00254045,우리은행,2023,11011,사업보고서,IFRS17,E,-,"보고서 사업연도 >= 2023 이면 IFRS17, 아니면 IFRS4",-,현금배당수익률(%),2023-12-31,보통주,-,api,alotMatter,"{""bsns_year"": ""2023"", ""corp_code"": ""00254045"", ""reprt_code"": ""11011""}",20240326000240,api_row,2026-09-11T10:47:50+09:00,000,run_20260911_103248_0289,raw/alotMatter/00254045_2023_11011.json,b707bbaaa57b27ec9c5eeaec2a3f6eb8ba019caf273730dc9907207a8a8e0393,0
우리은행,기타,전환주체,00254045,우리은행,2023,11011,사업보고서,IFRS17,E,-,"보고서 사업연도 >= 2023 이면 IFRS17, 아니면 IFRS4",-,현금배당수익률(%),2023-12-31,우선주,-,api,alotMatter,"{""bsns_year"": ""2023"", ""corp_code"": ""00254045"", ""reprt_code"": ""11011""}",20240326000240,api_row,2026-09-11T10:47:50+09:00,000,run_20260911_103248_0289,raw/alotMatter/00254045_2023_11011.json,b707bbaaa57b27ec9c5eeaec2a3f6eb8ba019caf273730dc9907207a8a8e0393,0
우리은행,기타,전환주체,00254045,우리은행,2023,11011,사업보고서,IFRS17,E,-,"보고서 사업연도 >= 2023 이면 IFRS17, 아니면 IFRS4",-,주식배당수익률(%),2023-12-31,보통주,-,api,alotMatter,"{""bsns_year"": ""2023"", ""corp_code"": ""00254045"", ""reprt_code"": ""11011""}",20240326000240,api_row,2026-09-11T10:47:50+09:00,000,run_20260911_103248_0289,raw/alotMatter/00254045_2023_11011.json,b707bbaaa57b27ec9c5eeaec2a3f6eb8ba019caf273730dc9907207a8a8e0393,0
우리은행,기타,전환주체,00254045,우리은행,2023,11011,사업보고서,IFRS17,E,-,"보고서 사업연도 >= 2023 이면 IFRS17, 아니면 IFRS4",-,주식배당수익률(%),2023-12-31,우선주,-,api,alotMatter,"{""bsns_year"": ""2023"", ""corp_code"": ""00254045"", ""reprt_code"": ""11011""}",20240326000240,api_row,2026-09-11T10:47:50+09:00,000,run_20260911_103248_0289,raw/alotMatter/00254045_2023_11011.json,b707bbaaa57b27ec9c5eeaec2a3f6eb8ba019caf273730dc9907207a8a8e0393,0
우리은행,기타,전환주체,00254045,우리은행,2023,11011,사업보고서,IFRS17,E,"1,917","보고서 사업연도 >= 2023 이면 IFRS17, 아니면 IFRS4","1,642",주당 현금배당금(원),2023-12-31,보통주,"1,581",api,alotMatter,"{""bsns_year"": ""2023"", ""corp_code"": ""00254045"", ""reprt_code"": ""11011""}",20240326000240,api_row,2026-09-11T10:47:50+09:00,000,run_20260911_103248_0289,raw/alotMatter/00254045_2023_11011.json,b707bbaaa57b27ec9c5eeaec2a3f6eb8ba019caf273730dc9907207a8a8e0393,0
우리은행,기타,전환주체,00254045,우리은행,2023,11011,사업보고서,IFRS17,E,-,"보고서 사업연도 >= 2023 이면 IFRS17, 아니면 IFRS4",-,주당 현금배당금(원),2023-12-31,우선주,-,api,alotMatter,"{""bsns_year"": ""2023"", ""corp_code"": ""00254045"", ""reprt_code"": ""11011""}",20240326000240,api_row,2026-09-11T10:47:50+09:00,000,run_20260911_103248_0289,raw/alotMatter/00254045_2023_11011.json,b707bbaaa57b27ec9c5eeaec2a3f6eb8ba019caf273730dc9907207a8a8e0393,0
우리은행,기타,전환주체,00254045,우리은행,2023,11011,사업보고서,IFRS17,E,-,"보고서 사업연도 >= 2023 이면 IFRS17, 아니면 IFRS4",-,주당 주식배당(주),2023-12-31,보통주,-,api,alotMatter,"{""bsns_year"": ""2023"", ""corp_code"": ""00254045"", ""reprt_code"": ""11011""}",20240326000240,api_row,2026-09-11T10:47:50+09:00,000,run_20260911_103248_0289,raw/alotMatter/00254045_2023_11011.json,b707bbaaa57b27ec9c5eeaec2a3f6eb8ba019caf273730dc9907207a8a8e0393,0
우리은행,기타,전환주체,00254045,우리은행,2023,11011,사업보고서,IFRS17,E,-,"보고서 사업연도 >= 2023 이면 IFRS17, 아니면 IFRS4",-,주당 주식배당(주),2023-12-31,우선주,-,api,alotMatter,"{""bsns_year"": ""2023"", ""corp_code"": ""00254045"", ""reprt_code"": ""11011""}",20240326000240,api_row,2026-09-11T10:47:50+09:00,000,run_20260911_103248_0289,raw/alotMatter/00254045_2023_11011.json,b707bbaaa57b27ec9c5eeaec2a3f6eb8ba019caf273730dc9907207a8a8e0393,0
우리은행,기타,전환주체,00254045,우리은행,2024,11011,사업보고서,IFRS17,E,"5,000","보고서 사업연도 >= 2023 이면 IFRS17, 아니면 IFRS4","5,000",주당액면가액(원),2024-12-31,-,"5,000",api,alotMatter,"{""bsns_year"": ""2024"", ""corp_code"": ""00254045"", ""reprt_code"": ""11011""}",20250318001159,api_row,2026-09-11T10:48:51+09:00,000,run_20260911_103248_0298,raw/alotMatter/00254045_2024_11011.json,7617fe7235e41a2a7527f4c09d11307c0c43f1d508d45ea10b5d823f2719f9c6,0
우리은행,기타,전환주체,00254045,우리은행,2024,11011,사업보고서,IFRS17,E,"2,505,587","보고서 사업연도 >= 2023 이면 IFRS17, 아니면 IFRS4","2,892,165",(연결)당기순이익(백만원),2024-12-31,-,"3,039,372",api,alotMatter,"{""bsns_year"": ""2024"", ""corp_code"": ""00254045"", ""reprt_code"": ""11011""}",20250318001159,api_row,2026-09-11T10:48:51+09:00,000,run_20260911_103248_0298,raw/alotMatter/00254045_2024_11011.json,7617fe7235e41a2a7527f4c09d11307c0c43f1d508d45ea10b5d823f2719f9c6,0
우리은행,기타,전환주체,00254045,우리은행,2024,11011,사업보고서,IFRS17,E,"2,277,140","보고서 사업연도 >= 2023 이면 IFRS17, 아니면 IFRS4","2,547,408",(별도)당기순이익(백만원),2024-12-31,-,"2,794,552",api,alotMatter,"{""bsns_year"": ""2024"", ""corp_code"": ""00254045"", ""reprt_code"": ""11011""}",20250318001159,api_row,2026-09-11T10:48:51+09:00,000,run_20260911_103248_0298,raw/alotMatter/00254045_2024_11011.json,7617fe7235e41a2a7527f4c09d11307c0c43f1d508d45ea10b5d823f2719f9c6,0
우리은행,기타,전환주체,00254045,우리은행,2024,11011,사업보고서,IFRS17,E,"3,366","보고서 사업연도 >= 2023 이면 IFRS17, 아니면 IFRS4","3,880",(연결)주당순이익(원),2024-12-31,-,"4,138",api,alotMatter,"{""bsns_year"": ""2024"", ""corp_code"": ""00254045"", ""reprt_code"": ""11011""}",20250318001159,api_row,2026-09-11T10:48:51+09:00,000,run_20260911_103248_0298,raw/alotMatter/00254045_2024_11011.json,7617fe7235e41a2a7527f4c09d11307c0c43f1d508d45ea10b5d823f2719f9c6,0
우리은행,기타,전환주체,00254045,우리은행,2024,11011,사업보고서,IFRS17,E,"1,131,996","보고서 사업연도 >= 2023 이면 IFRS17, 아니면 IFRS4","1,372,572",현금배당금총액(백만원),2024-12-31,-,"1,352,524",api,alotMatter,"{""bsns_year"": ""2024"", ""corp_code"": ""00254045"", ""reprt_code"": ""11011""}",20250318001159,api_row,2026-09-11T10:48:51+09:00,000,run_20260911_103248_0298,raw/alotMatter/00254045_2024_11011.json,7617fe7235e41a2a7527f4c09d11307c0c43f1d508d45ea10b5d823f2719f9c6,0
우리은행,기타,전환주체,00254045,우리은행,2024,11011,사업보고서,IFRS17,E,-,"보고서 사업연도 >= 2023 이면 IFRS17, 아니면 IFRS4",-,주식배당금총액(백만원),2024-12-31,-,-,api,alotMatter,"{""bsns_year"": ""2024"", ""corp_code"": ""00254045"", ""reprt_code"": ""11011""}",20250318001159,api_row,2026-09-11T10:48:51+09:00,000,run_20260911_103248_0298,raw/alotMatter/00254045_2024_11011.json,7617fe7235e41a2a7527f4c09d11307c0c43f1d508d45ea10b5d823f2719f9c6,0
우리은행,기타,전환주체,00254045,우리은행,2024,11011,사업보고서,IFRS17,E,45.18,"보고서 사업연도 >= 2023 이면 IFRS17, 아니면 IFRS4",47.46,(연결)현금배당성향(%),2024-12-31,-,44.50,api,alotMatter,"{""bsns_year"": ""2024"", ""corp_code"": ""00254045"", ""reprt_code"": ""11011""}",20250318001159,api_row,2026-09-11T10:48:51+09:00,000,run_20260911_103248_0298,raw/alotMatter/00254045_2024_11011.json,7617fe7235e41a2a7527f4c09d11307c0c43f1d508d45ea10b5d823f2719f9c6,0
우리은행,기타,전환주체,00254045,우리은행,2024,11011,사업보고서,IFRS17,E,-,"보고서 사업연도 >= 2023 이면 IFRS17, 아니면 IFRS4",-,현금배당수익률(%),2024-12-31,보통주,-,api,alotMatter,"{""bsns_year"": ""2024"", ""corp_code"": ""00254045"", ""reprt_code"": ""11011""}",20250318001159,api_row,2026-09-11T10:48:51+09:00,000,run_20260911_103248_0298,raw/alotMatter/00254045_2024_11011.json,7617fe7235e41a2a7527f4c09d11307c0c43f1d508d45ea10b5d823f2719f9c6,0
우리은행,기타,전환주체,00254045,우리은행,2024,11011,사업보고서,IFRS17,E,-,"보고서 사업연도 >= 2023 이면 IFRS17, 아니면 IFRS4",-,현금배당수익률(%),2024-12-31,우선주,-,api,alotMatter,"{""bsns_year"": ""2024"", ""corp_code"": ""00254045"", ""reprt_code"": ""11011""}",20250318001159,api_row,2026-09-11T10:48:51+09:00,000,run_20260911_103248_0298,raw/alotMatter/00254045_2024_11011.json,7617fe7235e41a2a7527f4c09d11307c0c43f1d508d45ea10b5d823f2719f9c6,0
우리은행,기타,전환주체,00254045,우리은행,2024,11011,사업보고서,IFRS17,E,-,"보고서 사업연도 >= 2023 이면 IFRS17, 아니면 IFRS4",-,주식배당수익률(%),2024-12-31,보통주,-,api,alotMatter,"{""bsns_year"": ""2024"", ""corp_code"": ""00254045"", ""reprt_code"": ""11011""}",20250318001159,api_row,2026-09-11T10:48:51+09:00,000,run_20260911_103248_0298,raw/alotMatter/00254045_2024_11011.json,7617fe7235e41a2a7527f4c09d11307c0c43f1d508d45ea10b5d823f2719f9c6,0
우리은행,기타,전환주체,00254045,우리은행,2024,11011,사업보고서,IFRS17,E,-,"보고서 사업연도 >= 2023 이면 IFRS17, 아니면 IFRS4",-,주식배당수익률(%),2024-12-31,우선주,-,api,alotMatter,"{""bsns_year"": ""2024"", ""corp_code"": ""00254045"", ""reprt_code"": ""11011""}",20250318001159,api_row,2026-09-11T10:48:51+09:00,000,run_20260911_103248_0298,raw/alotMatter/00254045_2024_11011.json,7617fe7235e41a2a7527f4c09d11307c0c43f1d508d45ea10b5d823f2719f9c6,0
우리은행,기타,전환주체,00254045,우리은행,2024,11011,사업보고서,IFRS17,E,"1,581","보고서 사업연도 >= 2023 이면 IFRS17, 아니면 IFRS4","1,917",주당 현금배당금(원),2024-12-31,보통주,"1,889",api,alotMatter,"{""bsns_year"": ""2024"", ""corp_code"": ""00254045"", ""reprt_code"": ""11011""}",20250318001159,api_row,2026-09-11T10:48:51+09:00,000,run_20260911_103248_0298,raw/alotMatter/00254045_2024_11011.json,7617fe7235e41a2a7527f4c09d11307c0c43f1d508d45ea10b5d823f2719f9c6,0
우리은행,기타,전환주체,00254045,우리은행,2024,11011,사업보고서,IFRS17,E,-,"보고서 사업연도 >= 2023 이면 IFRS17, 아니면 IFRS4",-,주당 현금배당금(원),2024-12-31,우선주,-,api,alotMatter,"{""bsns_year"": ""2024"", ""corp_code"": ""00254045"", ""reprt_code"": ""11011""}",20250318001159,api_row,2026-09-11T10:48:51+09:00,000,run_20260911_103248_0298,raw/alotMatter/00254045_2024_11011.json,7617fe7235e41a2a7527f4c09d11307c0c43f1d508d45ea10b5d823f2719f9c6,0
우리은행,기타,전환주체,00254045,우리은행,2024,11011,사업보고서,IFRS17,E,-,"보고서 사업연도 >= 2023 이면 IFRS17, 아니면 IFRS4",-,주당 주식배당(주),2024-12-31,보통주,-,api,alotMatter,"{""bsns_year"": ""2024"", ""corp_code"": ""00254045"", ""reprt_code"": ""11011""}",20250318001159,api_row,2026-09-11T10:48:51+09:00,000,run_20260911_103248_0298,raw/alotMatter/00254045_2024_11011.json,7617fe7235e41a2a7527f4c09d11307c0c43f1d508d45ea10b5d823f2719f9c6,0
우리은행,기타,전환주체,00254045,우리은행,2024,11011,사업보고서,IFRS17,E,-,"보고서 사업연도 >= 2023 이면 IFRS17, 아니면 IFRS4",-,주당 주식배당(주),2024-12-31,우선주,-,api,alotMatter,"{""bsns_year"": ""2024"", ""corp_code"": ""00254045"", ""reprt_code"": ""11011""}",20250318001159,api_row,2026-09-11T10:48:51+09:00,000,run_20260911_103248_0298,raw/alotMatter/00254045_2024_11011.json,7617fe7235e41a2a7527f4c09d11307c0c43f1d508d45ea10b5d823f2719f9c6,0
우리은행,기타,전환주체,00254045,우리은행,2025,11011,사업보고서,IFRS17,E,"5,000","보고서 사업연도 >= 2023 이면 IFRS17, 아니면 IFRS4","5,000",주당액면가액(원),2025-12-31,-,"5,000",api,alotMatter,"{""bsns_year"": ""2025"", ""corp_code"": ""00254045"", ""reprt_code"": ""11011""}",20260313000815,api_row,2026-09-11T10:49:53+09:00,000,run_20260911_103248_0307,raw/alotMatter/00254045_2025_11011.json,5e3780249554387a70f65f16837811afa89fae9f554c856b8e7058afe817f9f9,0
우리은행,기타,전환주체,00254045,우리은행,2025,11011,사업보고서,IFRS17,E,"3,039,372","보고서 사업연도 >= 2023 이면 IFRS17, 아니면 IFRS4","2,505,587",(연결)당기순이익(백만원),2025-12-31,-,"2,589,646",api,alotMatter,"{""bsns_year"": ""2025"", ""corp_code"": ""00254045"", ""reprt_code"": ""11011""}",20260313000815,api_row,2026-09-11T10:49:53+09:00,000,run_20260911_103248_0307,raw/alotMatter/00254045_2025_11011.json,5e3780249554387a70f65f16837811afa89fae9f554c856b8e7058afe817f9f9,0
우리은행,기타,전환주체,00254045,우리은행,2025,11011,사업보고서,IFRS17,E,"2,794,552","보고서 사업연도 >= 2023 이면 IFRS17, 아니면 IFRS4","2,277,140",(별도)당기순이익(백만원),2025-12-31,-,"2,558,860",api,alotMatter,"{""bsns_year"": ""2025"", ""corp_code"": ""00254045"", ""reprt_code"": ""11011""}",20260313000815,api_row,2026-09-11T10:49:53+09:00,000,run_20260911_103248_0307,raw/alotMatter/00254045_2025_11011.json,5e3780249554387a70f65f16837811afa89fae9f554c856b8e7058afe817f9f9,0
우리은행,기타,전환주체,00254045,우리은행,2025,11011,사업보고서,IFRS17,E,"4,138","보고서 사업연도 >= 2023 이면 IFRS17, 아니면 IFRS4","3,366",(연결)주당순이익(원),2025-12-31,-,"3,492",api,alotMatter,"{""bsns_year"": ""2025"", ""corp_code"": ""00254045"", ""reprt_code"": ""11011""}",20260313000815,api_row,2026-09-11T10:49:53+09:00,000,run_20260911_103248_0307,raw/alotMatter/00254045_2025_11011.json,5e3780249554387a70f65f16837811afa89fae9f554c856b8e7058afe817f9f9,0
우리은행,기타,전환주체,00254045,우리은행,2025,11011,사업보고서,IFRS17,E,"1,352,524","보고서 사업연도 >= 2023 이면 IFRS17, 아니면 IFRS4","1,131,996",현금배당금총액(백만원),2025-12-31,-,"1,164,932",api,alotMatter,"{""bsns_year"": ""2025"", ""corp_code"": ""00254045"", ""reprt_code"": ""11011""}",20260313000815,api_row,2026-09-11T10:49:53+09:00,000,run_20260911_103248_0307,raw/alotMatter/00254045_2025_11011.json,5e3780249554387a70f65f16837811afa89fae9f554c856b8e7058afe817f9f9,0
우리은행,기타,전환주체,00254045,우리은행,2025,11011,사업보고서,IFRS17,E,-,"보고서 사업연도 >= 2023 이면 IFRS17, 아니면 IFRS4",-,주식배당금총액(백만원),2025-12-31,-,-,api,alotMatter,"{""bsns_year"": ""2025"", ""corp_code"": ""00254045"", ""reprt_code"": ""11011""}",20260313000815,api_row,2026-09-11T10:49:53+09:00,000,run_20260911_103248_0307,raw/alotMatter/00254045_2025_11011.json,5e3780249554387a70f65f16837811afa89fae9f554c856b8e7058afe817f9f9,0
우리은행,기타,전환주체,00254045,우리은행,2025,11011,사업보고서,IFRS17,E,44.50,"보고서 사업연도 >= 2023 이면 IFRS17, 아니면 IFRS4",45.18,(연결)현금배당성향(%),2025-12-31,-,44.98,api,alotMatter,"{""bsns_year"": ""2025"", ""corp_code"": ""00254045"", ""reprt_code"": ""11011""}",20260313000815,api_row,2026-09-11T10:49:53+09:00,000,run_20260911_103248_0307,raw/alotMatter/00254045_2025_11011.json,5e3780249554387a70f65f16837811afa89fae9f554c856b8e7058afe817f9f9,0
우리은행,기타,전환주체,00254045,우리은행,2025,11011,사업보고서,IFRS17,E,-,"보고서 사업연도 >= 2023 이면 IFRS17, 아니면 IFRS4",-,현금배당수익률(%),2025-12-31,보통주,-,api,alotMatter,"{""bsns_year"": ""2025"", ""corp_code"": ""00254045"", ""reprt_code"": ""11011""}",20260313000815,api_row,2026-09-11T10:49:53+09:00,000,run_20260911_103248_0307,raw/alotMatter/00254045_2025_11011.json,5e3780249554387a70f65f16837811afa89fae9f554c856b8e7058afe817f9f9,0
우리은행,기타,전환주체,00254045,우리은행,2025,11011,사업보고서,IFRS17,E,-,"보고서 사업연도 >= 2023 이면 IFRS17, 아니면 IFRS4",-,현금배당수익률(%),2025-12-31,-,-,api,alotMatter,"{""bsns_year"": ""2025"", ""corp_code"": ""00254045"", ""reprt_code"": ""11011""}",20260313000815,api_row,2026-09-11T10:49:53+09:00,000,run_20260911_103248_0307,raw/alotMatter/00254045_2025_11011.json,5e3780249554387a70f65f16837811afa89fae9f554c856b8e7058afe817f9f9,0
우리은행,기타,전환주체,00254045,우리은행,2025,11011,사업보고서,IFRS17,E,-,"보고서 사업연도 >= 2023 이면 IFRS17, 아니면 IFRS4",-,주식배당수익률(%),2025-12-31,보통주,-,api,alotMatter,"{""bsns_year"": ""2025"", ""corp_code"": ""00254045"", ""reprt_code"": ""11011""}",20260313000815,api_row,2026-09-11T10:49:53+09:00,000,run_20260911_103248_0307,raw/alotMatter/00254045_2025_11011.json,5e3780249554387a70f65f16837811afa89fae9f554c856b8e7058afe817f9f9,0
우리은행,기타,전환주체,00254045,우리은행,2025,11011,사업보고서,IFRS17,E,-,"보고서 사업연도 >= 2023 이면 IFRS17, 아니면 IFRS4",-,주식배당수익률(%),2025-12-31,-,-,api,alotMatter,"{""bsns_year"": ""2025"", ""corp_code"": ""00254045"", ""reprt_code"": ""11011""}",20260313000815,api_row,2026-09-11T10:49:53+09:00,000,run_20260911_103248_0307,raw/alotMatter/00254045_2025_11011.json,5e3780249554387a70f65f16837811afa89fae9f554c856b8e7058afe817f9f9,0
우리은행,기타,전환주체,00254045,우리은행,2025,11011,사업보고서,IFRS17,E,"1,889","보고서 사업연도 >= 2023 이면 IFRS17, 아니면 IFRS4","1,581",주당 현금배당금(원),2025-12-31,보통주,"1,627",api,alotMatter,"{""bsns_year"": ""2025"", ""corp_code"": ""00254045"", ""reprt_code"": ""11011""}",20260313000815,api_row,2026-09-11T10:49:53+09:00,000,run_20260911_103248_0307,raw/alotMatter/00254045_2025_11011.json,5e3780249554387a70f65f16837811afa89fae9f554c856b8e7058afe817f9f9,0
우리은행,기타,전환주체,00254045,우리은행,2025,11011,사업보고서,IFRS17,E,-,"보고서 사업연도 >= 2023 이면 IFRS17, 아니면 IFRS4",-,주당 현금배당금(원),2025-12-31,-,-,api,alotMatter,"{""bsns_year"": ""2025"", ""corp_code"": ""00254045"", ""reprt_code"": ""11011""}",20260313000815,api_row,2026-09-11T10:49:53+09:00,000,run_20260911_103248_0307,raw/alotMatter/00254045_2025_11011.json,5e3780249554387a70f65f16837811afa89fae9f554c856b8e7058afe817f9f9,0
우리은행,기타,전환주체,00254045,우리은행,2025,11011,사업보고서,IFRS17,E,-,"보고서 사업연도 >= 2023 이면 IFRS17, 아니면 IFRS4",-,주당 주식배당(주),2025-12-31,보통주,-,api,alotMatter,"{""bsns_year"": ""2025"", ""corp_code"": ""00254045"", ""reprt_code"": ""11011""}",20260313000815,api_row,2026-09-11T10:49:53+09:00,000,run_20260911_103248_0307,raw/alotMatter/00254045_2025_11011.json,5e3780249554387a70f65f16837811afa89fae9f554c856b8e7058afe817f9f9,0
우리은행,기타,전환주체,00254045,우리은행,2025,11011,사업보고서,IFRS17,E,-,"보고서 사업연도 >= 2023 이면 IFRS17, 아니면 IFRS4",-,주당 주식배당(주),2025-12-31,-,-,api,alotMatter,"{""bsns_year"": ""2025"", ""corp_code"": ""00254045"", ""reprt_code"": ""11011""}",20260313000815,api_row,2026-09-11T10:49:53+09:00,000,run_20260911_103248_0307,raw/alotMatter/00254045_2025_11011.json,5e3780249554387a70f65f16837811afa89fae9f554c856b8e7058afe817f9f9,0
우리은행,기타,전환주체,00254045,우리은행,2025,11012,반기보고서,IFRS17,E,-,"보고서 사업연도 >= 2023 이면 IFRS17, 아니면 IFRS4",-,주당액면가액(원),2025-06-30,-,-,api,alotMatter,"{""bsns_year"": ""2025"", ""corp_code"": ""00254045"", ""reprt_code"": ""11012""}",20250814003989,api_row,2026-09-11T10:50:54+09:00,000,run_20260911_103248_0316,raw/alotMatter/00254045_2025_11012.json,b7b7e2dc51dee65c0bbf366ea7e2e8098ab00eadcc4088be07960f99a3700222,0
우리은행,기타,전환주체,00254045,우리은행,2025,11012,반기보고서,IFRS17,E,-,"보고서 사업연도 >= 2023 이면 IFRS17, 아니면 IFRS4",-,(연결)당기순이익(백만원),2025-06-30,-,-,api,alotMatter,"{""bsns_year"": ""2025"", ""corp_code"": ""00254045"", ""reprt_code"": ""11012""}",20250814003989,api_row,2026-09-11T10:50:54+09:00,000,run_20260911_103248_0316,raw/alotMatter/00254045_2025_11012.json,b7b7e2dc51dee65c0bbf366ea7e2e8098ab00eadcc4088be07960f99a3700222,0
우리은행,기타,전환주체,00254045,우리은행,2025,11012,반기보고서,IFRS17,E,-,"보고서 사업연도 >= 2023 이면 IFRS17, 아니면 IFRS4",-,(별도)당기순이익(백만원),2025-06-30,-,-,api,alotMatter,"{""bsns_year"": ""2025"", ""corp_code"": ""00254045"", ""reprt_code"": ""11012""}",20250814003989,api_row,2026-09-11T10:50:54+09:00,000,run_20260911_103248_0316,raw/alotMatter/00254045_2025_11012.json,b7b7e2dc51dee65c0bbf366ea7e2e8098ab00eadcc4088be07960f99a3700222,0
우리은행,기타,전환주체,00254045,우리은행,2025,11012,반기보고서,IFRS17,E,-,"보고서 사업연도 >= 2023 이면 IFRS17, 아니면 IFRS4",-,(연결)주당순이익(원),2025-06-30,-,-,api,alotMatter,"{""bsns_year"": ""2025"", ""corp_code"": ""00254045"", ""reprt_code"": ""11012""}",20250814003989,api_row,2026-09-11T10:50:54+09:00,000,run_20260911_103248_0316,raw/alotMatter/00254045_2025_11012.json,b7b7e2dc51dee65c0bbf366ea7e2e8098ab00eadcc4088be07960f99a3700222,0
우리은행,기타,전환주체,00254045,우리은행,2025,11012,반기보고서,IFRS17,E,-,"보고서 사업연도 >= 2023 이면 IFRS17, 아니면 IFRS4",-,현금배당금총액(백만원),2025-06-30,-,-,api,alotMatter,"{""bsns_year"": ""2025"", ""corp_code"": ""00254045"", ""reprt_code"": ""11012""}",20250814003989,api_row,2026-09-11T10:50:54+09:00,000,run_20260911_103248_0316,raw/alotMatter/00254045_2025_11012.json,b7b7e2dc51dee65c0bbf366ea7e2e8098ab00eadcc4088be07960f99a3700222,0
우리은행,기타,전환주체,00254045,우리은행,2025,11012,반기보고서,IFRS17,E,-,"보고서 사업연도 >= 2023 이면 IFRS17, 아니면 IFRS4",-,주식배당금총액(백만원),2025-06-30,-,-,api,alotMatter,"{""bsns_year"": ""2025"", ""corp_code"": ""00254045"", ""reprt_code"": ""11012""}",20250814003989,api_row,2026-09-11T10:50:54+09:00,000,run_20260911_103248_0316,raw/alotMatter/00254045_2025_11012.json,b7b7e2dc51dee65c0bbf366ea7e2e8098ab00eadcc4088be07960f99a3700222,0
우리은행,기타,전환주체,00254045,우리은행,2025,11012,반기보고서,IFRS17,E,-,"보고서 사업연도 >= 2023 이면 IFRS17, 아니면 IFRS4",-,(연결)현금배당성향(%),2025-06-30,-,-,api,alotMatter,"{""bsns_year"": ""2025"", ""corp_code"": ""00254045"", ""reprt_code"": ""11012""}",20250814003989,api_row,2026-09-11T10:50:54+09:00,000,run_20260911_103248_0316,raw/alotMatter/00254045_2025_11012.json,b7b7e2dc51dee65c0bbf366ea7e2e8098ab00eadcc4088be07960f99a3700222,0
우리은행,기타,전환주체,00254045,우리은행,2026,11012,반기보고서,IFRS17,E,-,"보고서 사업연도 >= 2023 이면 IFRS17, 아니면 IFRS4",-,주당액면가액(원),2026-06-30,-,-,api,alotMatter,"{""bsns_year"": ""2026"", ""corp_code"": ""00254045"", ""reprt_code"": ""11012""}",20260814003574,api_row,2026-09-11T10:51:54+09:00,000,run_20260911_103248_0325,raw/alotMatter/00254045_2026_11012.json,942f67674dafa063bd57370f8e9ec4013c1590df47d717e546048c96f3265ed6,0
우리은행,기타,전환주체,00254045,우리은행,2026,11012,반기보고서,IFRS17,E,-,"보고서 사업연도 >= 2023 이면 IFRS17, 아니면 IFRS4",-,(연결)당기순이익(백만원),2026-06-30,-,-,api,alotMatter,"{""bsns_year"": ""2026"", ""corp_code"": ""00254045"", ""reprt_code"": ""11012""}",20260814003574,api_row,2026-09-11T10:51:54+09:00,000,run_20260911_103248_0325,raw/alotMatter/00254045_2026_11012.json,942f67674dafa063bd57370f8e9ec4013c1590df47d717e546048c96f3265ed6,0
우리은행,기타,전환주체,00254045,우리은행,2026,11012,반기보고서,IFRS17,E,-,"보고서 사업연도 >= 2023 이면 IFRS17, 아니면 IFRS4",-,(별도)당기순이익(백만원),2026-06-30,-,-,api,alotMatter,"{""bsns_year"": ""2026"", ""corp_code"": ""00254045"", ""reprt_code"": ""11012""}",20260814003574,api_row,2026-09-11T10:51:54+09:00,000,run_20260911_103248_0325,raw/alotMatter/00254045_2026_11012.json,942f67674dafa063bd57370f8e9ec4013c1590df47d717e546048c96f3265ed6,0
우리은행,기타,전환주체,00254045,우리은행,2026,11012,반기보고서,IFRS17,E,-,"보고서 사업연도 >= 2023 이면 IFRS17, 아니면 IFRS4",-,(연결)주당순이익(원),2026-06-30,-,-,api,alotMatter,"{""bsns_year"": ""2026"", ""corp_code"": ""00254045"", ""reprt_code"": ""11012""}",20260814003574,api_row,2026-09-11T10:51:54+09:00,000,run_20260911_103248_0325,raw/alotMatter/00254045_2026_11012.json,942f67674dafa063bd57370f8e9ec4013c1590df47d717e546048c96f3265ed6,0
우리은행,기타,전환주체,00254045,우리은행,2026,11012,반기보고서,IFRS17,E,-,"보고서 사업연도 >= 2023 이면 IFRS17, 아니면 IFRS4",-,현금배당금총액(백만원),2026-06-30,-,-,api,alotMatter,"{""bsns_year"": ""2026"", ""corp_code"": ""00254045"", ""reprt_code"": ""11012""}",20260814003574,api_row,2026-09-11T10:51:54+09:00,000,run_20260911_103248_0325,raw/alotMatter/00254045_2026_11012.json,942f67674dafa063bd57370f8e9ec4013c1590df47d717e546048c96f3265ed6,0
우리은행,기타,전환주체,00254045,우리은행,2026,11012,반기보고서,IFRS17,E,-,"보고서 사업연도 >= 2023 이면 IFRS17, 아니면 IFRS4",-,주식배당금총액(백만원),2026-06-30,-,-,api,alotMatter,"{""bsns_year"": ""2026"", ""corp_code"": ""00254045"", ""reprt_code"": ""11012""}",20260814003574,api_row,2026-09-11T10:51:54+09:00,000,run_20260911_103248_0325,raw/alotMatter/00254045_2026_11012.json,942f67674dafa063bd57370f8e9ec4013c1590df47d717e546048c96f3265ed6,0
우리은행,기타,전환주체,00254045,우리은행,2026,11012,반기보고서,IFRS17,E,-,"보고서 사업연도 >= 2023 이면 IFRS17, 아니면 IFRS4",-,(연결)현금배당성향(%),2026-06-30,-,-,api,alotMatter,"{""bsns_year"": ""2026"", ""corp_code"": ""00254045"", ""reprt_code"": ""11012""}",20260814003574,api_row,2026-09-11T10:51:54+09:00,000,run_20260911_103248_0325,raw/alotMatter/00254045_2026_11012.json,942f67674dafa063bd57370f8e9ec4013c1590df47d717e546048c96f3265ed6,0
