date,key_fingerprint,run_id,calls,at
20260831,85312ceb,run_20260831_150050,1,2026-08-31T15:00:50+09:00
20260831,85312ceb,run_20260831_150050,1,2026-08-31T15:04:53+09:00
20260831,85312ceb,run_20260831_150050,1,2026-08-31T15:04:54+09:00
20260831,85312ceb,run_20260831_150050,1,2026-08-31T15:04:55+09:00
20260831,85312ceb,run_20260831_150050,1,2026-08-31T15:04:56+09:00
20260831,85312ceb,run_20260831_150050,1,2026-08-31T15:04:57+09:00
20260831,85312ceb,run_20260831_150050,1,2026-08-31T15:04:58+09:00
20260831,85312ceb,run_20260831_150050,1,2026-08-31T15:04:59+09:00
20260831,85312ceb,run_20260831_150050,1,2026-08-31T15:05:00+09:00
20260831,85312ceb,run_20260831_150050,1,2026-08-31T15:05:01+09:00
20260831,85312ceb,run_20260831_150050,1,2026-08-31T15:05:02+09:00
20260831,85312ceb,run_20260831_150050,1,2026-08-31T15:05:03+09:00
20260831,85312ceb,run_20260831_150050,1,2026-08-31T15:05:04+09:00
20260831,85312ceb,run_20260831_150050,1,2026-08-31T15:05:05+09:00
20260831,85312ceb,run_20260831_150050,1,2026-08-31T15:05:06+09:00
20260831,85312ceb,run_20260831_150050,1,2026-08-31T15:05:07+09:00
20260831,85312ceb,run_20260831_150050,1,2026-08-31T15:05:08+09:00
20260831,85312ceb,run_20260831_150050,1,2026-08-31T15:05:09+09:00
20260831,85312ceb,run_20260831_150050,1,2026-08-31T15:05:10+09:00
20260831,85312ceb,run_20260831_150050,1,2026-08-31T15:05:11+09:00
20260831,85312ceb,run_20260831_150050,1,2026-08-31T15:05:12+09:00
20260831,85312ceb,run_20260831_150050,1,2026-08-31T15:05:14+09:00
20260831,85312ceb,run_20260831_150050,1,2026-08-31T15:05:15+09:00
20260831,85312ceb,run_20260831_150050,1,2026-08-31T15:05:17+09:00
20260831,85312ceb,run_20260831_150050,1,2026-08-31T15:05:19+09:00
20260831,85312ceb,run_20260831_150050,1,2026-08-31T15:05:20+09:00
20260831,85312ceb,run_20260831_150050,1,2026-08-31T15:05:21+09:00
20260831,85312ceb,run_20260831_150050,1,2026-08-31T15:05:22+09:00
20260831,85312ceb,run_20260831_150050,1,2026-08-31T15:05:23+09:00
20260831,85312ceb,run_20260831_150050,1,2026-08-31T15:05:25+09:00
20260831,85312ceb,run_20260831_150050,1,2026-08-31T15:05:26+09:00
20260831,85312ceb,run_20260831_150050,1,2026-08-31T15:05:27+09:00
20260831,85312ceb,run_20260831_150050,1,2026-08-31T15:05:28+09:00
20260831,85312ceb,run_20260831_150050,1,2026-08-31T15:05:30+09:00
20260831,85312ceb,run_20260831_150050,1,2026-08-31T15:05:31+09:00
20260831,85312ceb,run_20260831_150050,1,2026-08-31T15:05:33+09:00
20260831,85312ceb,run_20260831_150050,1,2026-08-31T15:05:34+09:00
20260831,85312ceb,run_20260831_150050,1,2026-08-31T15:05:35+09:00
20260831,85312ceb,run_20260831_150050,1,2026-08-31T15:05:36+09:00
20260831,85312ceb,run_20260831_150050,1,2026-08-31T15:05:37+09:00
20260831,85312ceb,run_20260831_150050,1,2026-08-31T15:05:38+09:00
20260831,85312ceb,run_20260831_150050,1,2026-08-31T15:05:39+09:00
20260831,85312ceb,run_20260831_150050,1,2026-08-31T15:05:40+09:00
20260831,85312ceb,run_20260831_150050,1,2026-08-31T15:05:43+09:00
20260831,85312ceb,run_20260831_150050,1,2026-08-31T15:05:46+09:00
20260831,85312ceb,run_20260831_150050,1,2026-08-31T15:05:48+09:00
20260831,85312ceb,run_20260831_150050,1,2026-08-31T15:05:51+09:00
20260831,85312ceb,run_20260831_150050,1,2026-08-31T15:05:54+09:00
20260831,85312ceb,run_20260831_150050,1,2026-08-31T15:05:56+09:00
20260831,85312ceb,run_20260831_150050,1,2026-08-31T15:05:59+09:00
20260831,85312ceb,run_20260831_150050,1,2026-08-31T15:06:02+09:00
20260831,85312ceb,run_20260831_150050,1,2026-08-31T15:06:05+09:00
20260831,85312ceb,run_20260831_150050,1,2026-08-31T15:06:07+09:00
20260831,85312ceb,run_20260831_150050,1,2026-08-31T15:06:10+09:00
20260831,85312ceb,run_20260831_150050,1,2026-08-31T15:06:13+09:00
20260831,85312ceb,run_20260831_150050,1,2026-08-31T15:06:14+09:00
20260831,85312ceb,run_20260831_150050,1,2026-08-31T15:06:22+09:00
20260831,85312ceb,run_20260831_150050,1,2026-08-31T15:06:25+09:00
20260831,85312ceb,run_20260831_150050,1,2026-08-31T15:06:28+09:00
20260831,85312ceb,run_20260831_150050,1,2026-08-31T15:06:30+09:00
20260831,85312ceb,run_20260831_150050,1,2026-08-31T15:06:33+09:00
20260831,85312ceb,run_20260831_150050,1,2026-08-31T15:06:36+09:00
20260831,85312ceb,run_20260831_150050,1,2026-08-31T15:06:39+09:00
20260831,85312ceb,run_20260831_150050,1,2026-08-31T15:06:41+09:00
20260831,85312ceb,run_20260831_150050,1,2026-08-31T15:06:44+09:00
20260831,85312ceb,run_20260831_150050,1,2026-08-31T15:06:47+09:00
20260831,85312ceb,run_20260831_150050,1,2026-08-31T15:06:49+09:00
20260831,85312ceb,run_20260831_150050,1,2026-08-31T15:06:52+09:00
20260831,85312ceb,run_20260831_150050,1,2026-08-31T15:06:55+09:00
20260831,85312ceb,run_20260831_150050,1,2026-08-31T15:06:58+09:00
20260831,85312ceb,run_20260831_150050,1,2026-08-31T15:07:01+09:00
20260831,85312ceb,run_20260831_150050,1,2026-08-31T15:07:03+09:00
20260831,85312ceb,run_20260831_150050,1,2026-08-31T15:07:06+09:00
20260831,85312ceb,run_20260831_150050,1,2026-08-31T15:07:09+09:00
20260831,85312ceb,run_20260831_150050,1,2026-08-31T15:07:12+09:00
20260831,85312ceb,run_20260831_150050,1,2026-08-31T15:07:14+09:00
20260831,85312ceb,run_20260831_150050,1,2026-08-31T15:07:17+09:00
20260831,85312ceb,run_20260831_150050,1,2026-08-31T15:07:20+09:00
20260831,85312ceb,run_20260831_150050,1,2026-08-31T15:07:22+09:00
20260831,85312ceb,run_20260831_150050,1,2026-08-31T15:07:24+09:00
20260831,85312ceb,run_20260831_150050,1,2026-08-31T15:07:39+09:00
20260831,85312ceb,run_20260831_150050,1,2026-08-31T15:07:42+09:00
20260831,85312ceb,run_20260831_150050,1,2026-08-31T15:07:43+09:00
20260831,85312ceb,run_20260831_150050,1,2026-08-31T15:07:53+09:00
20260831,85312ceb,run_20260831_150050,1,2026-08-31T15:07:55+09:00
20260831,85312ceb,run_20260831_150050,1,2026-08-31T15:07:56+09:00
20260831,85312ceb,run_20260831_150050,1,2026-08-31T15:07:58+09:00
20260831,85312ceb,run_20260831_150050,1,2026-08-31T15:08:01+09:00
20260831,85312ceb,run_20260831_150050,1,2026-08-31T15:08:04+09:00
20260831,85312ceb,run_20260831_150050,1,2026-08-31T15:08:07+09:00
20260831,85312ceb,run_20260831_150050,1,2026-08-31T15:08:10+09:00
20260831,85312ceb,run_20260831_150050,1,2026-08-31T15:08:13+09:00
20260831,85312ceb,run_20260831_150050,1,2026-08-31T15:08:16+09:00
20260831,85312ceb,run_20260831_150050,1,2026-08-31T15:08:19+09:00
20260831,85312ceb,run_20260831_150050,1,2026-08-31T15:08:21+09:00
20260831,85312ceb,run_20260831_150050,1,2026-08-31T15:08:24+09:00
20260831,85312ceb,run_20260831_150050,1,2026-08-31T15:08:26+09:00
20260831,85312ceb,run_20260831_150050,1,2026-08-31T15:08:29+09:00
20260831,85312ceb,run_20260831_150050,1,2026-08-31T15:08:32+09:00
20260831,85312ceb,run_20260831_150050,1,2026-08-31T15:08:34+09:00
20260831,85312ceb,run_20260831_150050,1,2026-08-31T15:08:37+09:00
20260831,85312ceb,run_20260831_150050,1,2026-08-31T15:08:39+09:00
20260831,85312ceb,run_20260831_150050,1,2026-08-31T15:08:41+09:00
20260831,85312ceb,run_20260831_150050,1,2026-08-31T15:08:52+09:00
20260831,85312ceb,run_20260831_150050,1,2026-08-31T15:08:54+09:00
20260831,85312ceb,run_20260831_150050,1,2026-08-31T15:09:02+09:00
20260831,85312ceb,run_20260831_150050,1,2026-08-31T15:09:05+09:00
20260831,85312ceb,run_20260831_150050,1,2026-08-31T15:09:07+09:00
20260831,85312ceb,run_20260831_150050,1,2026-08-31T15:09:08+09:00
20260831,85312ceb,run_20260831_150050,1,2026-08-31T15:09:10+09:00
20260831,85312ceb,run_20260831_150050,1,2026-08-31T15:09:19+09:00
20260831,85312ceb,run_20260831_150050,1,2026-08-31T15:09:21+09:00
20260831,85312ceb,run_20260831_150050,1,2026-08-31T15:09:22+09:00
20260831,85312ceb,run_20260831_150050,1,2026-08-31T15:09:30+09:00
20260831,85312ceb,run_20260831_150050,1,2026-08-31T15:09:38+09:00
20260831,85312ceb,run_20260831_152517,1,2026-08-31T15:25:19+09:00
20260831,85312ceb,run_20260831_152517,1,2026-08-31T15:25:22+09:00
20260831,85312ceb,run_20260831_152517,1,2026-08-31T15:25:25+09:00
20260831,85312ceb,run_20260831_152517,1,2026-08-31T15:25:28+09:00
20260831,85312ceb,run_20260831_152517,1,2026-08-31T15:25:30+09:00
20260831,85312ceb,run_20260831_152517,1,2026-08-31T15:25:33+09:00
20260831,85312ceb,run_20260831_152517,1,2026-08-31T15:25:36+09:00
20260831,85312ceb,run_20260831_152517,1,2026-08-31T15:25:38+09:00
20260831,85312ceb,run_20260831_152517,1,2026-08-31T15:25:41+09:00
20260831,85312ceb,run_20260831_152517,1,2026-08-31T15:25:44+09:00
20260831,85312ceb,run_20260831_152517,1,2026-08-31T15:25:47+09:00
20260831,85312ceb,run_20260831_152517,1,2026-08-31T15:25:50+09:00
20260831,85312ceb,run_20260831_152517,1,2026-08-31T15:25:53+09:00
20260831,85312ceb,run_20260831_152517,1,2026-08-31T15:25:55+09:00
20260831,85312ceb,run_20260831_152517,1,2026-08-31T15:25:58+09:00
20260831,85312ceb,run_20260831_152517,1,2026-08-31T15:26:01+09:00
20260831,85312ceb,run_20260831_152517,1,2026-08-31T15:26:04+09:00
20260831,85312ceb,run_20260831_152517,1,2026-08-31T15:26:06+09:00
20260831,85312ceb,run_20260831_152517,1,2026-08-31T15:26:09+09:00
20260831,85312ceb,run_20260831_152517,1,2026-08-31T15:26:12+09:00
20260831,85312ceb,run_20260831_152517,1,2026-08-31T15:26:14+09:00
20260831,85312ceb,run_20260831_152517,1,2026-08-31T15:26:17+09:00
20260831,85312ceb,run_20260831_152517,1,2026-08-31T15:26:19+09:00
20260831,85312ceb,run_20260831_152517,1,2026-08-31T15:26:23+09:00
20260831,85312ceb,run_20260831_152517,1,2026-08-31T15:26:25+09:00
20260831,85312ceb,run_20260831_152517,1,2026-08-31T15:26:28+09:00
20260831,85312ceb,run_20260831_152517,1,2026-08-31T15:26:31+09:00
20260831,85312ceb,run_20260831_152517,1,2026-08-31T15:26:34+09:00
20260831,85312ceb,run_20260831_152517,1,2026-08-31T15:26:36+09:00
20260831,85312ceb,run_20260831_152517,1,2026-08-31T15:26:39+09:00
20260831,85312ceb,run_20260831_152517,1,2026-08-31T15:26:41+09:00
20260831,85312ceb,run_20260831_152517,1,2026-08-31T15:26:44+09:00
20260831,85312ceb,run_20260831_152517,1,2026-08-31T15:26:47+09:00
20260831,85312ceb,run_20260831_152517,1,2026-08-31T15:26:50+09:00
20260831,85312ceb,run_20260831_152517,1,2026-08-31T15:26:52+09:00
20260831,85312ceb,run_20260831_152517,1,2026-08-31T15:26:55+09:00
20260831,85312ceb,run_20260831_152517,1,2026-08-31T15:26:58+09:00
20260831,85312ceb,run_20260831_152517,1,2026-08-31T15:27:00+09:00
20260831,85312ceb,run_20260831_152517,1,2026-08-31T15:27:03+09:00
20260831,85312ceb,run_20260831_152517,1,2026-08-31T15:27:05+09:00
20260831,85312ceb,run_20260831_152517,1,2026-08-31T15:27:08+09:00
20260831,85312ceb,run_20260831_152517,1,2026-08-31T15:27:10+09:00
20260831,85312ceb,run_20260831_152517,1,2026-08-31T15:27:13+09:00
20260831,85312ceb,run_20260831_152517,1,2026-08-31T15:27:15+09:00
20260831,85312ceb,run_20260831_152517,1,2026-08-31T15:27:18+09:00
20260831,85312ceb,run_20260831_152517,1,2026-08-31T15:27:21+09:00
20260831,85312ceb,run_20260831_152517,1,2026-08-31T15:27:26+09:00
20260831,85312ceb,run_20260831_152517,1,2026-08-31T15:27:29+09:00
20260831,85312ceb,run_20260831_152517,1,2026-08-31T15:27:32+09:00
20260831,85312ceb,run_20260831_152517,1,2026-08-31T15:27:34+09:00
20260831,85312ceb,run_20260831_152517,1,2026-08-31T15:27:37+09:00
20260831,85312ceb,run_20260831_152517,1,2026-08-31T15:27:39+09:00
20260831,85312ceb,run_20260831_152517,1,2026-08-31T15:27:42+09:00
20260831,85312ceb,run_20260831_152517,1,2026-08-31T15:27:44+09:00
20260831,85312ceb,run_20260831_152517,1,2026-08-31T15:27:47+09:00
20260831,85312ceb,run_20260831_152517,1,2026-08-31T15:27:49+09:00
20260831,85312ceb,run_20260831_152517,1,2026-08-31T15:27:52+09:00
20260831,85312ceb,run_20260831_152517,1,2026-08-31T15:27:55+09:00
20260831,85312ceb,run_20260831_152517,1,2026-08-31T15:27:57+09:00
20260831,85312ceb,run_20260831_152517,1,2026-08-31T15:28:00+09:00
20260831,85312ceb,run_20260831_152517,1,2026-08-31T15:28:02+09:00
20260831,85312ceb,run_20260831_152517,1,2026-08-31T15:28:05+09:00
20260831,85312ceb,run_20260831_152517,1,2026-08-31T15:28:08+09:00
20260831,85312ceb,run_20260831_152517,1,2026-08-31T15:28:10+09:00
20260831,85312ceb,run_20260831_152517,1,2026-08-31T15:28:13+09:00
20260831,85312ceb,run_20260831_152517,1,2026-08-31T15:28:15+09:00
20260831,85312ceb,run_20260831_152517,1,2026-08-31T15:28:18+09:00
20260831,85312ceb,run_20260831_152517,1,2026-08-31T15:28:21+09:00
20260831,85312ceb,run_20260831_152517,1,2026-08-31T15:28:22+09:00
20260831,85312ceb,run_20260831_152517,1,2026-08-31T15:28:25+09:00
20260831,85312ceb,run_20260831_152517,1,2026-08-31T15:28:28+09:00
20260831,85312ceb,run_20260831_152517,1,2026-08-31T15:28:31+09:00
20260831,85312ceb,run_20260831_152517,1,2026-08-31T15:28:33+09:00
20260831,85312ceb,run_20260831_152517,1,2026-08-31T15:28:36+09:00
20260831,85312ceb,run_20260831_152517,1,2026-08-31T15:28:39+09:00
20260831,85312ceb,run_20260831_152517,1,2026-08-31T15:28:41+09:00
20260831,85312ceb,run_20260831_152517,1,2026-08-31T15:28:44+09:00
20260831,85312ceb,run_20260831_152517,1,2026-08-31T15:28:47+09:00
20260831,85312ceb,run_20260831_152517,1,2026-08-31T15:28:50+09:00
20260831,85312ceb,run_20260831_152517,1,2026-08-31T15:28:52+09:00
20260831,85312ceb,run_20260831_152517,1,2026-08-31T15:28:55+09:00
20260831,85312ceb,run_20260831_152517,1,2026-08-31T15:28:58+09:00
20260831,85312ceb,run_20260831_152517,1,2026-08-31T15:29:00+09:00
20260831,85312ceb,run_20260831_152517,1,2026-08-31T15:29:03+09:00
20260831,85312ceb,run_20260831_152517,1,2026-08-31T15:29:05+09:00
20260831,85312ceb,run_20260831_152517,1,2026-08-31T15:29:08+09:00
20260831,85312ceb,run_20260831_152517,1,2026-08-31T15:29:11+09:00
20260831,85312ceb,run_20260831_152517,1,2026-08-31T15:29:14+09:00
20260831,85312ceb,run_20260831_152517,1,2026-08-31T15:29:17+09:00
20260831,85312ceb,run_20260831_152517,1,2026-08-31T15:29:19+09:00
20260831,85312ceb,run_20260831_152517,1,2026-08-31T15:29:22+09:00
20260831,85312ceb,run_20260831_152517,1,2026-08-31T15:29:25+09:00
20260831,85312ceb,run_20260831_152517,1,2026-08-31T15:29:27+09:00
20260831,85312ceb,run_20260831_152517,1,2026-08-31T15:29:30+09:00
20260831,85312ceb,run_20260831_152517,1,2026-08-31T15:29:33+09:00
20260831,85312ceb,run_20260831_152517,1,2026-08-31T15:29:34+09:00
20260831,85312ceb,run_20260831_152517,1,2026-08-31T15:29:37+09:00
20260831,85312ceb,run_20260831_152517,1,2026-08-31T15:29:39+09:00
20260831,85312ceb,run_20260831_152517,1,2026-08-31T15:29:42+09:00
20260831,85312ceb,run_20260831_152517,1,2026-08-31T15:29:45+09:00
20260831,85312ceb,run_20260831_152517,1,2026-08-31T15:29:48+09:00
20260831,85312ceb,run_20260831_152517,1,2026-08-31T15:29:50+09:00
20260831,85312ceb,run_20260831_152517,1,2026-08-31T15:29:53+09:00
20260831,85312ceb,run_20260831_152517,1,2026-08-31T15:29:56+09:00
20260831,85312ceb,run_20260831_152517,1,2026-08-31T15:29:59+09:00
20260831,85312ceb,run_20260831_152517,1,2026-08-31T15:30:01+09:00
20260831,85312ceb,run_20260831_152517,1,2026-08-31T15:30:04+09:00
20260831,85312ceb,run_20260831_152517,1,2026-08-31T15:30:07+09:00
20260831,85312ceb,run_20260831_152517,1,2026-08-31T15:30:10+09:00
20260831,85312ceb,run_20260831_152517,1,2026-08-31T15:30:13+09:00
20260831,85312ceb,run_20260831_152517,1,2026-08-31T15:30:16+09:00
20260831,85312ceb,run_20260831_152517,1,2026-08-31T15:30:18+09:00
20260831,85312ceb,run_20260831_152517,1,2026-08-31T15:30:21+09:00
20260831,85312ceb,run_20260831_152517,1,2026-08-31T15:30:24+09:00
20260831,85312ceb,run_20260831_152517,1,2026-08-31T15:30:27+09:00
20260831,85312ceb,run_20260831_152517,1,2026-08-31T15:30:29+09:00
20260831,85312ceb,run_20260831_152517,1,2026-08-31T15:30:32+09:00
20260831,85312ceb,run_20260831_152517,1,2026-08-31T15:30:34+09:00
20260831,85312ceb,run_20260831_152517,1,2026-08-31T15:30:37+09:00
20260831,85312ceb,run_20260831_152517,1,2026-08-31T15:30:39+09:00
20260831,85312ceb,run_20260831_152517,1,2026-08-31T15:30:42+09:00
20260831,85312ceb,run_20260831_152517,1,2026-08-31T15:30:44+09:00
20260831,85312ceb,run_20260831_152517,1,2026-08-31T15:30:45+09:00
20260831,85312ceb,run_20260831_152517,1,2026-08-31T15:30:48+09:00
20260831,85312ceb,run_20260831_152517,1,2026-08-31T15:30:51+09:00
20260831,85312ceb,run_20260831_152517,1,2026-08-31T15:30:53+09:00
20260831,85312ceb,run_20260831_152517,1,2026-08-31T15:30:56+09:00
20260831,85312ceb,run_20260831_152517,1,2026-08-31T15:30:59+09:00
20260831,85312ceb,run_20260831_152517,1,2026-08-31T15:31:01+09:00
20260831,85312ceb,run_20260831_152517,1,2026-08-31T15:31:04+09:00
20260831,85312ceb,run_20260831_152517,1,2026-08-31T15:31:07+09:00
20260831,85312ceb,run_20260831_152517,1,2026-08-31T15:31:10+09:00
20260831,85312ceb,run_20260831_152517,1,2026-08-31T15:31:13+09:00
20260831,85312ceb,run_20260831_152517,1,2026-08-31T15:31:15+09:00
20260831,85312ceb,run_20260831_152517,1,2026-08-31T15:31:18+09:00
20260831,85312ceb,run_20260831_152517,1,2026-08-31T15:31:21+09:00
20260831,85312ceb,run_20260831_152517,1,2026-08-31T15:31:23+09:00
20260831,85312ceb,run_20260831_152517,1,2026-08-31T15:31:26+09:00
20260831,85312ceb,run_20260831_152517,1,2026-08-31T15:31:29+09:00
20260831,85312ceb,run_20260831_152517,1,2026-08-31T15:31:30+09:00
20260831,85312ceb,run_20260831_152517,1,2026-08-31T15:31:31+09:00
20260831,85312ceb,run_20260831_152517,1,2026-08-31T15:31:32+09:00
20260831,85312ceb,run_20260831_152517,1,2026-08-31T15:31:34+09:00
20260831,85312ceb,run_20260831_152517,1,2026-08-31T15:31:35+09:00
20260831,85312ceb,run_20260831_152517,1,2026-08-31T15:31:36+09:00
20260831,85312ceb,run_20260831_152517,1,2026-08-31T15:31:37+09:00
20260831,85312ceb,run_20260831_152517,1,2026-08-31T15:31:38+09:00
20260831,85312ceb,run_20260831_152517,1,2026-08-31T15:31:39+09:00
20260831,85312ceb,run_20260831_152517,1,2026-08-31T15:31:40+09:00
20260831,85312ceb,run_20260831_152517,1,2026-08-31T15:31:41+09:00
20260831,85312ceb,run_20260831_152517,1,2026-08-31T15:31:42+09:00
20260831,85312ceb,run_20260831_152517,1,2026-08-31T15:31:43+09:00
20260831,85312ceb,run_20260831_152517,1,2026-08-31T15:31:44+09:00
20260831,85312ceb,run_20260831_152517,1,2026-08-31T15:31:45+09:00
20260831,85312ceb,run_20260831_152517,1,2026-08-31T15:31:47+09:00
20260831,85312ceb,run_20260831_152517,1,2026-08-31T15:31:48+09:00
20260831,85312ceb,run_20260831_152517,1,2026-08-31T15:31:49+09:00
20260831,85312ceb,run_20260831_152517,1,2026-08-31T15:31:50+09:00
20260831,85312ceb,run_20260831_152517,1,2026-08-31T15:31:51+09:00
20260831,85312ceb,run_20260831_152517,1,2026-08-31T15:31:52+09:00
20260831,85312ceb,run_20260831_152517,1,2026-08-31T15:31:53+09:00
20260831,85312ceb,run_20260831_152517,1,2026-08-31T15:31:55+09:00
20260831,85312ceb,run_20260831_152517,1,2026-08-31T15:31:56+09:00
20260831,85312ceb,run_20260831_152517,1,2026-08-31T15:31:57+09:00
20260831,85312ceb,run_20260831_152517,1,2026-08-31T15:31:58+09:00
20260831,85312ceb,run_20260831_152517,1,2026-08-31T15:31:59+09:00
20260831,85312ceb,run_20260831_152517,1,2026-08-31T15:32:00+09:00
20260831,85312ceb,run_20260831_152517,1,2026-08-31T15:32:01+09:00
20260831,85312ceb,run_20260831_152517,1,2026-08-31T15:32:03+09:00
20260831,85312ceb,run_20260831_152517,1,2026-08-31T15:32:04+09:00
20260831,85312ceb,run_20260831_152517,1,2026-08-31T15:32:06+09:00
20260831,85312ceb,run_20260831_152517,1,2026-08-31T15:32:07+09:00
20260831,85312ceb,run_20260831_152517,1,2026-08-31T15:32:08+09:00
20260831,85312ceb,run_20260831_152517,1,2026-08-31T15:32:09+09:00
20260831,85312ceb,run_20260831_152517,1,2026-08-31T15:32:10+09:00
20260831,85312ceb,run_20260831_152517,1,2026-08-31T15:32:11+09:00
20260831,85312ceb,run_20260831_152517,1,2026-08-31T15:32:12+09:00
20260831,85312ceb,run_20260831_152517,1,2026-08-31T15:32:14+09:00
20260831,85312ceb,run_20260831_152517,1,2026-08-31T15:32:15+09:00
20260831,85312ceb,run_20260831_152517,1,2026-08-31T15:32:17+09:00
20260831,85312ceb,run_20260831_152517,1,2026-08-31T15:32:18+09:00
20260831,85312ceb,run_20260831_152517,1,2026-08-31T15:32:19+09:00
20260831,85312ceb,run_20260831_152517,1,2026-08-31T15:32:20+09:00
20260831,85312ceb,run_20260831_152517,1,2026-08-31T15:32:21+09:00
20260831,85312ceb,run_20260831_152517,1,2026-08-31T15:32:22+09:00
20260831,85312ceb,run_20260831_152517,1,2026-08-31T15:32:23+09:00
20260831,85312ceb,run_20260831_152517,1,2026-08-31T15:32:25+09:00
20260831,85312ceb,run_20260831_152517,1,2026-08-31T15:32:27+09:00
20260831,85312ceb,run_20260831_152517,1,2026-08-31T15:32:28+09:00
20260831,85312ceb,run_20260831_152517,1,2026-08-31T15:32:29+09:00
20260831,85312ceb,run_20260831_152517,1,2026-08-31T15:32:30+09:00
20260831,85312ceb,run_20260831_152517,1,2026-08-31T15:32:31+09:00
20260831,85312ceb,run_20260831_152517,1,2026-08-31T15:32:32+09:00
20260831,85312ceb,run_20260831_152517,1,2026-08-31T15:32:33+09:00
20260831,85312ceb,run_20260831_152517,1,2026-08-31T15:32:34+09:00
20260831,85312ceb,run_20260831_152517,1,2026-08-31T15:32:36+09:00
20260831,85312ceb,run_20260831_152517,1,2026-08-31T15:32:37+09:00
20260831,85312ceb,run_20260831_152517,1,2026-08-31T15:32:39+09:00
20260831,85312ceb,run_20260831_152517,1,2026-08-31T15:32:40+09:00
20260831,85312ceb,run_20260831_152517,1,2026-08-31T15:32:41+09:00
20260831,85312ceb,run_20260831_152517,1,2026-08-31T15:32:42+09:00
20260831,85312ceb,run_20260831_152517,1,2026-08-31T15:32:43+09:00
20260831,85312ceb,run_20260831_152517,1,2026-08-31T15:32:44+09:00
20260831,85312ceb,run_20260831_152517,1,2026-08-31T15:32:45+09:00
20260831,85312ceb,run_20260831_152517,1,2026-08-31T15:32:47+09:00
20260831,85312ceb,run_20260831_152517,1,2026-08-31T15:32:49+09:00
20260831,85312ceb,run_20260831_152517,1,2026-08-31T15:32:50+09:00
20260831,85312ceb,run_20260831_152517,1,2026-08-31T15:32:51+09:00
20260831,85312ceb,run_20260831_152517,1,2026-08-31T15:32:52+09:00
20260831,85312ceb,run_20260831_152517,1,2026-08-31T15:32:54+09:00
20260831,85312ceb,run_20260831_152517,1,2026-08-31T15:32:55+09:00
20260831,85312ceb,run_20260831_152517,1,2026-08-31T15:33:13+09:00
20260831,85312ceb,run_20260831_152517,1,2026-08-31T15:33:21+09:00
20260831,85312ceb,run_20260831_152517,1,2026-08-31T15:33:23+09:00
20260831,85312ceb,run_20260831_152517,1,2026-08-31T15:33:24+09:00
20260831,85312ceb,run_20260831_152517,1,2026-08-31T15:33:26+09:00
20260831,85312ceb,run_20260831_152517,1,2026-08-31T15:33:27+09:00
20260831,85312ceb,run_20260831_152517,1,2026-08-31T15:33:28+09:00
20260831,85312ceb,run_20260831_152517,1,2026-08-31T15:33:29+09:00
20260831,85312ceb,run_20260831_152517,1,2026-08-31T15:33:30+09:00
20260831,85312ceb,run_20260831_152517,1,2026-08-31T15:33:47+09:00
20260831,85312ceb,run_20260831_152517,1,2026-08-31T15:33:55+09:00
20260831,85312ceb,run_20260831_152517,1,2026-08-31T15:33:56+09:00
20260831,85312ceb,run_20260831_152517,1,2026-08-31T15:33:58+09:00
20260831,85312ceb,run_20260831_152517,1,2026-08-31T15:33:59+09:00
20260831,85312ceb,run_20260831_152517,1,2026-08-31T15:34:00+09:00
20260831,85312ceb,run_20260831_152517,1,2026-08-31T15:34:02+09:00
20260831,85312ceb,run_20260831_152517,1,2026-08-31T15:34:03+09:00
20260831,85312ceb,run_20260831_152517,1,2026-08-31T15:34:04+09:00
20260831,85312ceb,run_20260831_152517,1,2026-08-31T15:34:20+09:00
20260831,85312ceb,run_20260831_152517,1,2026-08-31T15:34:28+09:00
20260831,85312ceb,run_20260831_152517,1,2026-08-31T15:34:30+09:00
20260831,85312ceb,run_20260831_152517,1,2026-08-31T15:34:31+09:00
20260831,85312ceb,run_20260831_152517,1,2026-08-31T15:34:32+09:00
20260831,85312ceb,run_20260831_152517,1,2026-08-31T15:34:33+09:00
20260831,85312ceb,run_20260831_152517,1,2026-08-31T15:34:35+09:00
20260831,85312ceb,run_20260831_152517,1,2026-08-31T15:34:36+09:00
20260831,85312ceb,run_20260831_152517,1,2026-08-31T15:34:37+09:00
20260831,85312ceb,run_20260831_152517,1,2026-08-31T15:34:51+09:00
20260831,85312ceb,run_20260831_152517,1,2026-08-31T15:34:59+09:00
20260831,85312ceb,run_20260831_152517,1,2026-08-31T15:35:00+09:00
20260831,85312ceb,run_20260831_152517,1,2026-08-31T15:35:01+09:00
20260831,85312ceb,run_20260831_152517,1,2026-08-31T15:35:03+09:00
20260831,85312ceb,run_20260831_152517,1,2026-08-31T15:35:04+09:00
20260831,85312ceb,run_20260831_152517,1,2026-08-31T15:35:05+09:00
20260831,85312ceb,run_20260831_152517,1,2026-08-31T15:35:06+09:00
20260831,85312ceb,run_20260831_152517,1,2026-08-31T15:35:07+09:00
20260831,85312ceb,run_20260831_152517,1,2026-08-31T15:35:22+09:00
20260831,85312ceb,run_20260831_152517,1,2026-08-31T15:35:29+09:00
20260831,85312ceb,run_20260831_152517,1,2026-08-31T15:35:30+09:00
20260831,85312ceb,run_20260831_152517,1,2026-08-31T15:35:32+09:00
20260831,85312ceb,run_20260831_152517,1,2026-08-31T15:35:33+09:00
20260831,85312ceb,run_20260831_152517,1,2026-08-31T15:35:35+09:00
20260831,85312ceb,run_20260831_152517,1,2026-08-31T15:35:36+09:00
20260831,85312ceb,run_20260831_152517,1,2026-08-31T15:35:37+09:00
20260831,85312ceb,run_20260831_152517,1,2026-08-31T15:35:38+09:00
20260831,85312ceb,run_20260831_152517,1,2026-08-31T15:35:39+09:00
20260831,85312ceb,run_20260831_152517,1,2026-08-31T15:35:40+09:00
20260831,85312ceb,run_20260831_152517,1,2026-08-31T15:35:41+09:00
20260831,85312ceb,run_20260831_152517,1,2026-08-31T15:35:43+09:00
20260831,85312ceb,run_20260831_152517,1,2026-08-31T15:35:44+09:00
20260831,85312ceb,run_20260831_152517,1,2026-08-31T15:35:45+09:00
20260831,85312ceb,run_20260831_152517,1,2026-08-31T15:35:46+09:00
20260831,85312ceb,run_20260831_152517,1,2026-08-31T15:35:47+09:00
20260831,85312ceb,run_20260831_152517,1,2026-08-31T15:35:48+09:00
20260831,85312ceb,run_20260831_152517,1,2026-08-31T15:35:50+09:00
20260831,85312ceb,run_20260831_152517,1,2026-08-31T15:35:51+09:00
20260831,85312ceb,run_20260831_152517,1,2026-08-31T15:35:52+09:00
20260831,85312ceb,run_20260831_152517,1,2026-08-31T15:35:53+09:00
20260831,85312ceb,run_20260831_152517,1,2026-08-31T15:35:54+09:00
20260831,85312ceb,run_20260831_152517,1,2026-08-31T15:35:55+09:00
20260831,85312ceb,run_20260831_152517,1,2026-08-31T15:35:57+09:00
20260831,85312ceb,run_20260831_152517,1,2026-08-31T15:35:58+09:00
20260831,85312ceb,run_20260831_152517,1,2026-08-31T15:35:59+09:00
20260831,85312ceb,run_20260831_152517,1,2026-08-31T15:36:00+09:00
20260831,85312ceb,run_20260831_152517,1,2026-08-31T15:36:01+09:00
20260831,85312ceb,run_20260831_152517,1,2026-08-31T15:36:02+09:00
20260831,85312ceb,run_20260831_152517,1,2026-08-31T15:36:04+09:00
20260831,85312ceb,run_20260831_152517,1,2026-08-31T15:36:05+09:00
20260831,85312ceb,run_20260831_152517,1,2026-08-31T15:36:06+09:00
20260831,85312ceb,run_20260831_152517,1,2026-08-31T15:36:07+09:00
20260831,85312ceb,run_20260831_152517,1,2026-08-31T15:36:09+09:00
20260831,85312ceb,run_20260831_152517,1,2026-08-31T15:36:10+09:00
20260831,85312ceb,run_20260831_152517,1,2026-08-31T15:36:11+09:00
20260831,85312ceb,run_20260831_152517,1,2026-08-31T15:36:12+09:00
20260831,85312ceb,run_20260831_152517,1,2026-08-31T15:36:13+09:00
20260831,85312ceb,run_20260831_152517,1,2026-08-31T15:36:15+09:00
20260831,85312ceb,run_20260831_152517,1,2026-08-31T15:36:16+09:00
20260831,85312ceb,run_20260831_152517,1,2026-08-31T15:36:17+09:00
20260831,85312ceb,run_20260831_152517,1,2026-08-31T15:36:18+09:00
20260831,85312ceb,run_20260831_152517,1,2026-08-31T15:36:20+09:00
20260831,85312ceb,run_20260831_152517,1,2026-08-31T15:36:21+09:00
20260831,85312ceb,run_20260831_152517,1,2026-08-31T15:36:22+09:00
20260831,85312ceb,run_20260831_152517,1,2026-08-31T15:36:23+09:00
20260831,85312ceb,run_20260831_152517,1,2026-08-31T15:36:24+09:00
20260831,85312ceb,run_20260831_152517,1,2026-08-31T15:36:26+09:00
20260831,85312ceb,run_20260831_152517,1,2026-08-31T15:36:27+09:00
20260831,85312ceb,run_20260831_152517,1,2026-08-31T15:36:28+09:00
20260831,85312ceb,run_20260831_152517,1,2026-08-31T15:36:29+09:00
20260831,85312ceb,run_20260831_152517,1,2026-08-31T15:36:30+09:00
20260831,85312ceb,run_20260831_152517,1,2026-08-31T15:36:32+09:00
20260831,85312ceb,run_20260831_152517,1,2026-08-31T15:36:33+09:00
20260831,85312ceb,run_20260831_152517,1,2026-08-31T15:36:34+09:00
20260831,85312ceb,run_20260831_152517,1,2026-08-31T15:36:35+09:00
20260831,85312ceb,run_20260831_152517,1,2026-08-31T15:36:36+09:00
20260831,85312ceb,run_20260831_152517,1,2026-08-31T15:36:37+09:00
20260831,85312ceb,run_20260831_152517,1,2026-08-31T15:36:39+09:00
20260831,85312ceb,run_20260831_152517,1,2026-08-31T15:36:40+09:00
20260831,85312ceb,run_20260831_152517,1,2026-08-31T15:36:41+09:00
20260831,85312ceb,run_20260831_152517,1,2026-08-31T15:36:43+09:00
20260831,85312ceb,run_20260831_152517,1,2026-08-31T15:36:44+09:00
20260831,85312ceb,run_20260831_152517,1,2026-08-31T15:36:45+09:00
20260831,85312ceb,run_20260831_152517,1,2026-08-31T15:36:46+09:00
20260831,85312ceb,run_20260831_152517,1,2026-08-31T15:36:47+09:00
20260831,85312ceb,run_20260831_152517,1,2026-08-31T15:36:48+09:00
20260831,85312ceb,run_20260831_152517,1,2026-08-31T15:36:50+09:00
20260831,85312ceb,run_20260831_152517,1,2026-08-31T15:36:51+09:00
20260831,85312ceb,run_20260831_152517,1,2026-08-31T15:36:52+09:00
20260831,85312ceb,run_20260831_152517,1,2026-08-31T15:36:53+09:00
20260831,85312ceb,run_20260831_152517,1,2026-08-31T15:36:54+09:00
20260831,85312ceb,run_20260831_152517,1,2026-08-31T15:37:10+09:00
20260831,85312ceb,run_20260831_152517,1,2026-08-31T15:37:16+09:00
20260831,85312ceb,run_20260831_152517,1,2026-08-31T15:37:18+09:00
20260831,85312ceb,run_20260831_152517,1,2026-08-31T15:37:19+09:00
20260831,85312ceb,run_20260831_152517,1,2026-08-31T15:37:20+09:00
20260831,85312ceb,run_20260831_152517,1,2026-08-31T15:37:21+09:00
20260831,85312ceb,run_20260831_152517,1,2026-08-31T15:37:22+09:00
20260831,85312ceb,run_20260831_152517,1,2026-08-31T15:37:24+09:00
20260831,85312ceb,run_20260831_152517,1,2026-08-31T15:37:25+09:00
20260831,85312ceb,run_20260831_152517,1,2026-08-31T15:37:40+09:00
20260831,85312ceb,run_20260831_152517,1,2026-08-31T15:37:47+09:00
20260831,85312ceb,run_20260831_152517,1,2026-08-31T15:37:49+09:00
20260831,85312ceb,run_20260831_152517,1,2026-08-31T15:37:50+09:00
20260831,85312ceb,run_20260831_152517,1,2026-08-31T15:37:51+09:00
20260831,85312ceb,run_20260831_152517,1,2026-08-31T15:37:52+09:00
20260831,85312ceb,run_20260831_152517,1,2026-08-31T15:37:53+09:00
20260831,85312ceb,run_20260831_152517,1,2026-08-31T15:37:54+09:00
20260831,85312ceb,run_20260831_152517,1,2026-08-31T15:37:55+09:00
20260831,85312ceb,run_20260831_152517,1,2026-08-31T15:38:08+09:00
20260831,85312ceb,run_20260831_152517,1,2026-08-31T15:38:15+09:00
20260831,85312ceb,run_20260831_152517,1,2026-08-31T15:38:16+09:00
20260831,85312ceb,run_20260831_152517,1,2026-08-31T15:38:17+09:00
20260831,85312ceb,run_20260831_152517,1,2026-08-31T15:38:18+09:00
20260831,85312ceb,run_20260831_152517,1,2026-08-31T15:38:19+09:00
20260831,85312ceb,run_20260831_152517,1,2026-08-31T15:38:20+09:00
20260831,85312ceb,run_20260831_152517,1,2026-08-31T15:38:21+09:00
20260831,85312ceb,run_20260831_152517,1,2026-08-31T15:38:22+09:00
20260831,85312ceb,run_20260831_152517,1,2026-08-31T15:38:35+09:00
20260831,85312ceb,run_20260831_152517,1,2026-08-31T15:38:41+09:00
20260831,85312ceb,run_20260831_152517,1,2026-08-31T15:38:43+09:00
20260831,85312ceb,run_20260831_152517,1,2026-08-31T15:38:44+09:00
20260831,85312ceb,run_20260831_152517,1,2026-08-31T15:38:45+09:00
20260831,85312ceb,run_20260831_152517,1,2026-08-31T15:38:46+09:00
20260831,85312ceb,run_20260831_152517,1,2026-08-31T15:38:48+09:00
20260831,85312ceb,run_20260831_152517,1,2026-08-31T15:38:49+09:00
20260831,85312ceb,run_20260831_152517,1,2026-08-31T15:38:50+09:00
20260831,85312ceb,run_20260831_152517,1,2026-08-31T15:39:02+09:00
20260831,85312ceb,run_20260831_152517,1,2026-08-31T15:39:08+09:00
20260831,85312ceb,run_20260831_152517,1,2026-08-31T15:39:09+09:00
20260831,85312ceb,run_20260831_152517,1,2026-08-31T15:39:10+09:00
20260831,85312ceb,run_20260831_152517,1,2026-08-31T15:39:11+09:00
20260831,85312ceb,run_20260831_152517,1,2026-08-31T15:39:13+09:00
20260831,85312ceb,run_20260831_152517,1,2026-08-31T15:39:14+09:00
20260831,85312ceb,run_20260831_152517,1,2026-08-31T15:39:15+09:00
20260831,85312ceb,run_20260831_152517,1,2026-08-31T15:39:16+09:00
20260831,85312ceb,run_20260831_152517,1,2026-08-31T15:39:17+09:00
20260831,85312ceb,run_20260831_152517,1,2026-08-31T15:39:18+09:00
20260831,85312ceb,run_20260831_152517,1,2026-08-31T15:39:19+09:00
20260831,85312ceb,run_20260831_152517,1,2026-08-31T15:39:20+09:00
20260831,85312ceb,run_20260831_152517,1,2026-08-31T15:39:21+09:00
20260831,85312ceb,run_20260831_152517,1,2026-08-31T15:39:23+09:00
20260831,85312ceb,run_20260831_152517,1,2026-08-31T15:39:24+09:00
20260831,85312ceb,run_20260831_152517,1,2026-08-31T15:39:25+09:00
20260831,85312ceb,run_20260831_152517,1,2026-08-31T15:39:26+09:00
20260831,85312ceb,run_20260831_152517,1,2026-08-31T15:39:27+09:00
20260831,85312ceb,run_20260831_152517,1,2026-08-31T15:39:28+09:00
20260831,85312ceb,run_20260831_152517,1,2026-08-31T15:39:29+09:00
20260831,85312ceb,run_20260831_152517,1,2026-08-31T15:39:30+09:00
20260831,85312ceb,run_20260831_152517,1,2026-08-31T15:39:32+09:00
20260831,85312ceb,run_20260831_152517,1,2026-08-31T15:39:33+09:00
20260831,85312ceb,run_20260831_152517,1,2026-08-31T15:39:34+09:00
20260831,85312ceb,run_20260831_152517,1,2026-08-31T15:39:35+09:00
20260831,85312ceb,run_20260831_152517,1,2026-08-31T15:39:36+09:00
20260831,85312ceb,run_20260831_152517,1,2026-08-31T15:39:37+09:00
20260831,85312ceb,run_20260831_152517,1,2026-08-31T15:39:38+09:00
20260831,85312ceb,run_20260831_152517,1,2026-08-31T15:39:40+09:00
20260831,85312ceb,run_20260831_152517,1,2026-08-31T15:39:41+09:00
20260831,85312ceb,run_20260831_152517,1,2026-08-31T15:39:42+09:00
20260831,85312ceb,run_20260831_152517,1,2026-08-31T15:39:43+09:00
20260831,85312ceb,run_20260831_152517,1,2026-08-31T15:39:44+09:00
20260831,85312ceb,run_20260831_152517,1,2026-08-31T15:39:45+09:00
20260831,85312ceb,run_20260831_152517,1,2026-08-31T15:39:47+09:00
20260831,85312ceb,run_20260831_152517,1,2026-08-31T15:39:48+09:00
20260831,85312ceb,run_20260831_152517,1,2026-08-31T15:39:49+09:00
20260831,85312ceb,run_20260831_152517,1,2026-08-31T15:39:50+09:00
20260831,85312ceb,run_20260831_152517,1,2026-08-31T15:39:51+09:00
20260831,85312ceb,run_20260831_152517,1,2026-08-31T15:39:52+09:00
20260831,85312ceb,run_20260831_152517,1,2026-08-31T15:39:53+09:00
20260831,85312ceb,run_20260831_152517,1,2026-08-31T15:39:54+09:00
20260831,85312ceb,run_20260831_152517,1,2026-08-31T15:39:56+09:00
20260831,85312ceb,run_20260831_152517,1,2026-08-31T15:39:57+09:00
20260831,85312ceb,run_20260831_152517,1,2026-08-31T15:39:58+09:00
20260831,85312ceb,run_20260831_152517,1,2026-08-31T15:39:59+09:00
20260831,85312ceb,run_20260831_152517,1,2026-08-31T15:40:00+09:00
20260831,85312ceb,run_20260831_152517,1,2026-08-31T15:40:01+09:00
20260831,85312ceb,run_20260831_152517,1,2026-08-31T15:40:03+09:00
20260831,85312ceb,run_20260831_152517,1,2026-08-31T15:40:04+09:00
20260831,85312ceb,run_20260831_152517,1,2026-08-31T15:40:05+09:00
20260831,85312ceb,run_20260831_152517,1,2026-08-31T15:40:06+09:00
20260831,85312ceb,run_20260831_152517,1,2026-08-31T15:40:07+09:00
20260831,85312ceb,run_20260831_152517,1,2026-08-31T15:40:08+09:00
20260831,85312ceb,run_20260831_152517,1,2026-08-31T15:40:10+09:00
20260831,85312ceb,run_20260831_152517,1,2026-08-31T15:40:11+09:00
20260831,85312ceb,run_20260831_152517,1,2026-08-31T15:40:12+09:00
20260831,85312ceb,run_20260831_152517,1,2026-08-31T15:40:13+09:00
20260831,85312ceb,run_20260831_152517,1,2026-08-31T15:40:15+09:00
20260831,85312ceb,run_20260831_152517,1,2026-08-31T15:40:16+09:00
20260831,85312ceb,run_20260831_152517,1,2026-08-31T15:40:17+09:00
20260831,85312ceb,run_20260831_152517,1,2026-08-31T15:40:18+09:00
20260831,85312ceb,run_20260831_152517,1,2026-08-31T15:40:19+09:00
20260831,85312ceb,run_20260831_152517,1,2026-08-31T15:40:20+09:00
20260831,85312ceb,run_20260831_152517,1,2026-08-31T15:40:22+09:00
20260831,85312ceb,run_20260831_152517,1,2026-08-31T15:40:23+09:00
20260831,85312ceb,run_20260831_152517,1,2026-08-31T15:40:24+09:00
20260831,85312ceb,run_20260831_152517,1,2026-08-31T15:40:25+09:00
20260831,85312ceb,run_20260831_152517,1,2026-08-31T15:40:26+09:00
20260831,85312ceb,run_20260831_152517,1,2026-08-31T15:40:27+09:00
20260831,85312ceb,run_20260831_152517,1,2026-08-31T15:40:29+09:00
20260831,85312ceb,run_20260831_152517,1,2026-08-31T15:40:30+09:00
20260831,85312ceb,run_20260831_152517,1,2026-08-31T15:40:31+09:00
20260831,85312ceb,run_20260831_152517,1,2026-08-31T15:40:32+09:00
20260831,85312ceb,run_20260831_152517,1,2026-08-31T15:40:33+09:00
20260831,85312ceb,run_20260831_152517,1,2026-08-31T15:40:34+09:00
20260831,85312ceb,run_20260831_152517,1,2026-08-31T15:40:36+09:00
20260831,85312ceb,run_20260831_152517,1,2026-08-31T15:40:37+09:00
20260831,85312ceb,run_20260831_152517,1,2026-08-31T15:40:38+09:00
20260831,85312ceb,run_20260831_152517,1,2026-08-31T15:40:40+09:00
20260831,85312ceb,run_20260831_152517,1,2026-08-31T15:40:54+09:00
20260831,85312ceb,run_20260831_152517,1,2026-08-31T15:41:00+09:00
20260831,85312ceb,run_20260831_152517,1,2026-08-31T15:41:02+09:00
20260831,85312ceb,run_20260831_152517,1,2026-08-31T15:41:03+09:00
20260831,85312ceb,run_20260831_152517,1,2026-08-31T15:41:04+09:00
20260831,85312ceb,run_20260831_152517,1,2026-08-31T15:41:05+09:00
20260831,85312ceb,run_20260831_152517,1,2026-08-31T15:41:06+09:00
20260831,85312ceb,run_20260831_152517,1,2026-08-31T15:41:08+09:00
20260831,85312ceb,run_20260831_152517,1,2026-08-31T15:41:09+09:00
20260831,85312ceb,run_20260831_152517,1,2026-08-31T15:41:23+09:00
20260831,85312ceb,run_20260831_152517,1,2026-08-31T15:41:29+09:00
20260831,85312ceb,run_20260831_152517,1,2026-08-31T15:41:30+09:00
20260831,85312ceb,run_20260831_152517,1,2026-08-31T15:41:32+09:00
20260831,85312ceb,run_20260831_152517,1,2026-08-31T15:41:33+09:00
20260831,85312ceb,run_20260831_152517,1,2026-08-31T15:41:34+09:00
20260831,85312ceb,run_20260831_152517,1,2026-08-31T15:41:35+09:00
20260831,85312ceb,run_20260831_152517,1,2026-08-31T15:41:36+09:00
20260831,85312ceb,run_20260831_152517,1,2026-08-31T15:41:37+09:00
20260831,85312ceb,run_20260831_152517,1,2026-08-31T15:41:50+09:00
20260831,85312ceb,run_20260831_152517,1,2026-08-31T15:41:57+09:00
20260831,85312ceb,run_20260831_152517,1,2026-08-31T15:41:58+09:00
20260831,85312ceb,run_20260831_152517,1,2026-08-31T15:41:59+09:00
20260831,85312ceb,run_20260831_152517,1,2026-08-31T15:42:00+09:00
20260831,85312ceb,run_20260831_152517,1,2026-08-31T15:42:01+09:00
20260831,85312ceb,run_20260831_152517,1,2026-08-31T15:42:03+09:00
20260831,85312ceb,run_20260831_152517,1,2026-08-31T15:42:04+09:00
20260831,85312ceb,run_20260831_152517,1,2026-08-31T15:42:05+09:00
20260831,85312ceb,run_20260831_152517,1,2026-08-31T15:42:17+09:00
20260831,85312ceb,run_20260831_152517,1,2026-08-31T15:42:23+09:00
20260831,85312ceb,run_20260831_152517,1,2026-08-31T15:42:24+09:00
20260831,85312ceb,run_20260831_152517,1,2026-08-31T15:42:25+09:00
20260831,85312ceb,run_20260831_152517,1,2026-08-31T15:42:27+09:00
20260831,85312ceb,run_20260831_152517,1,2026-08-31T15:42:28+09:00
20260831,85312ceb,run_20260831_152517,1,2026-08-31T15:42:29+09:00
20260831,85312ceb,run_20260831_152517,1,2026-08-31T15:42:30+09:00
20260831,85312ceb,run_20260831_152517,1,2026-08-31T15:42:32+09:00
20260831,85312ceb,run_20260831_152517,1,2026-08-31T15:42:43+09:00
20260831,85312ceb,run_20260831_152517,1,2026-08-31T15:42:49+09:00
20260831,85312ceb,run_20260831_152517,1,2026-08-31T15:42:50+09:00
20260831,85312ceb,run_20260831_152517,1,2026-08-31T15:42:51+09:00
20260831,85312ceb,run_20260831_152517,1,2026-08-31T15:42:52+09:00
20260831,85312ceb,run_20260831_152517,1,2026-08-31T15:42:53+09:00
20260831,85312ceb,run_20260831_152517,1,2026-08-31T15:42:55+09:00
20260831,85312ceb,run_20260831_152517,1,2026-08-31T15:42:56+09:00
20260831,85312ceb,run_20260831_152517,1,2026-08-31T15:42:57+09:00
20260831,85312ceb,run_20260831_152517,1,2026-08-31T15:42:58+09:00
20260831,85312ceb,run_20260831_152517,1,2026-08-31T15:42:59+09:00
20260831,85312ceb,run_20260831_152517,1,2026-08-31T15:43:00+09:00
20260831,85312ceb,run_20260831_152517,1,2026-08-31T15:43:01+09:00
20260831,85312ceb,run_20260831_152517,1,2026-08-31T15:43:02+09:00
20260831,85312ceb,run_20260831_152517,1,2026-08-31T15:43:04+09:00
20260831,85312ceb,run_20260831_152517,1,2026-08-31T15:43:05+09:00
20260831,85312ceb,run_20260831_152517,1,2026-08-31T15:43:06+09:00
20260831,85312ceb,run_20260831_152517,1,2026-08-31T15:43:07+09:00
20260831,85312ceb,run_20260831_152517,1,2026-08-31T15:43:08+09:00
20260831,85312ceb,run_20260831_152517,1,2026-08-31T15:43:09+09:00
20260831,85312ceb,run_20260831_152517,1,2026-08-31T15:43:11+09:00
20260831,85312ceb,run_20260831_152517,1,2026-08-31T15:43:12+09:00
20260831,85312ceb,run_20260831_152517,1,2026-08-31T15:43:13+09:00
20260831,85312ceb,run_20260831_152517,1,2026-08-31T15:43:14+09:00
20260831,85312ceb,run_20260831_152517,1,2026-08-31T15:43:15+09:00
20260831,85312ceb,run_20260831_152517,1,2026-08-31T15:43:17+09:00
20260831,85312ceb,run_20260831_152517,1,2026-08-31T15:43:18+09:00
20260831,85312ceb,run_20260831_152517,1,2026-08-31T15:43:19+09:00
20260831,85312ceb,run_20260831_152517,1,2026-08-31T15:43:20+09:00
20260831,85312ceb,run_20260831_152517,1,2026-08-31T15:43:22+09:00
20260831,85312ceb,run_20260831_152517,1,2026-08-31T15:43:23+09:00
20260831,85312ceb,run_20260831_152517,1,2026-08-31T15:43:24+09:00
20260831,85312ceb,run_20260831_152517,1,2026-08-31T15:43:25+09:00
20260831,85312ceb,run_20260831_152517,1,2026-08-31T15:43:27+09:00
20260831,85312ceb,run_20260831_152517,1,2026-08-31T15:43:28+09:00
20260831,85312ceb,run_20260831_152517,1,2026-08-31T15:43:29+09:00
20260831,85312ceb,run_20260831_152517,1,2026-08-31T15:43:30+09:00
20260831,85312ceb,run_20260831_152517,1,2026-08-31T15:43:31+09:00
20260831,85312ceb,run_20260831_152517,1,2026-08-31T15:43:33+09:00
20260831,85312ceb,run_20260831_152517,1,2026-08-31T15:43:34+09:00
20260831,85312ceb,run_20260831_152517,1,2026-08-31T15:43:35+09:00
20260831,85312ceb,run_20260831_152517,1,2026-08-31T15:43:36+09:00
20260831,85312ceb,run_20260831_152517,1,2026-08-31T15:43:37+09:00
20260831,85312ceb,run_20260831_152517,1,2026-08-31T15:43:39+09:00
20260831,85312ceb,run_20260831_152517,1,2026-08-31T15:43:40+09:00
20260831,85312ceb,run_20260831_152517,1,2026-08-31T15:43:52+09:00
20260831,85312ceb,run_20260831_152517,1,2026-08-31T15:43:58+09:00
20260831,85312ceb,run_20260831_152517,1,2026-08-31T15:44:00+09:00
20260831,85312ceb,run_20260831_152517,1,2026-08-31T15:44:01+09:00
20260831,85312ceb,run_20260831_152517,1,2026-08-31T15:44:02+09:00
20260831,85312ceb,run_20260831_152517,1,2026-08-31T15:44:04+09:00
20260831,85312ceb,run_20260831_152517,1,2026-08-31T15:44:05+09:00
20260831,85312ceb,run_20260831_152517,1,2026-08-31T15:44:06+09:00
20260831,85312ceb,run_20260831_152517,1,2026-08-31T15:44:07+09:00
20260831,85312ceb,run_20260831_152517,1,2026-08-31T15:44:19+09:00
20260831,85312ceb,run_20260831_152517,1,2026-08-31T15:44:26+09:00
20260831,85312ceb,run_20260831_152517,1,2026-08-31T15:44:27+09:00
20260831,85312ceb,run_20260831_152517,1,2026-08-31T15:44:29+09:00
20260831,85312ceb,run_20260831_152517,1,2026-08-31T15:44:30+09:00
20260831,85312ceb,run_20260831_152517,1,2026-08-31T15:44:31+09:00
20260831,85312ceb,run_20260831_152517,1,2026-08-31T15:44:32+09:00
20260831,85312ceb,run_20260831_152517,1,2026-08-31T15:44:34+09:00
20260831,85312ceb,run_20260831_152517,1,2026-08-31T15:44:35+09:00
20260831,85312ceb,run_20260831_152517,1,2026-08-31T15:44:49+09:00
20260831,85312ceb,run_20260831_152517,1,2026-08-31T15:44:55+09:00
20260831,85312ceb,run_20260831_152517,1,2026-08-31T15:44:57+09:00
20260831,85312ceb,run_20260831_152517,1,2026-08-31T15:44:58+09:00
20260831,85312ceb,run_20260831_152517,1,2026-08-31T15:45:00+09:00
20260831,85312ceb,run_20260831_152517,1,2026-08-31T15:45:01+09:00
20260831,85312ceb,run_20260831_152517,1,2026-08-31T15:45:02+09:00
20260831,85312ceb,run_20260831_152517,1,2026-08-31T15:45:03+09:00
20260831,85312ceb,run_20260831_152517,1,2026-08-31T15:45:04+09:00
20260831,85312ceb,run_20260831_152517,1,2026-08-31T15:45:16+09:00
20260831,85312ceb,run_20260831_152517,1,2026-08-31T15:45:21+09:00
20260831,85312ceb,run_20260831_152517,1,2026-08-31T15:45:23+09:00
20260831,85312ceb,run_20260831_152517,1,2026-08-31T15:45:24+09:00
20260831,85312ceb,run_20260831_152517,1,2026-08-31T15:45:26+09:00
20260831,85312ceb,run_20260831_152517,1,2026-08-31T15:45:27+09:00
20260831,85312ceb,run_20260831_152517,1,2026-08-31T15:45:28+09:00
20260831,85312ceb,run_20260831_152517,1,2026-08-31T15:45:29+09:00
20260831,85312ceb,run_20260831_152517,1,2026-08-31T15:45:30+09:00
20260831,85312ceb,run_20260831_152517,1,2026-08-31T15:45:43+09:00
20260831,85312ceb,run_20260831_152517,1,2026-08-31T15:45:49+09:00
20260831,85312ceb,run_20260831_152517,1,2026-08-31T15:45:53+09:00
20260831,85312ceb,run_20260831_152517,1,2026-08-31T15:45:54+09:00
20260831,85312ceb,run_20260831_152517,1,2026-08-31T15:45:55+09:00
20260831,85312ceb,run_20260831_152517,1,2026-08-31T15:45:56+09:00
20260831,85312ceb,run_20260831_152517,1,2026-08-31T15:45:57+09:00
20260831,85312ceb,run_20260831_152517,1,2026-08-31T15:45:58+09:00
20260831,85312ceb,run_20260831_152517,1,2026-08-31T15:45:59+09:00
20260831,85312ceb,run_20260831_152517,1,2026-08-31T15:46:00+09:00
20260831,85312ceb,run_20260831_152517,1,2026-08-31T15:46:02+09:00
20260831,85312ceb,run_20260831_152517,1,2026-08-31T15:46:03+09:00
20260831,85312ceb,run_20260831_152517,1,2026-08-31T15:46:04+09:00
20260831,85312ceb,run_20260831_152517,1,2026-08-31T15:46:05+09:00
20260831,85312ceb,run_20260831_152517,1,2026-08-31T15:46:06+09:00
20260831,85312ceb,run_20260831_152517,1,2026-08-31T15:46:07+09:00
20260831,85312ceb,run_20260831_152517,1,2026-08-31T15:46:09+09:00
20260831,85312ceb,run_20260831_152517,1,2026-08-31T15:46:10+09:00
20260831,85312ceb,run_20260831_152517,1,2026-08-31T15:46:11+09:00
20260831,85312ceb,run_20260831_152517,1,2026-08-31T15:46:12+09:00
20260831,85312ceb,run_20260831_152517,1,2026-08-31T15:46:22+09:00
20260831,85312ceb,run_20260831_152517,1,2026-08-31T15:46:23+09:00
20260831,85312ceb,run_20260831_152517,1,2026-08-31T15:46:24+09:00
20260831,85312ceb,run_20260831_152517,1,2026-08-31T15:46:25+09:00
20260831,85312ceb,run_20260831_152517,1,2026-08-31T15:46:27+09:00
20260831,85312ceb,run_20260831_152517,1,2026-08-31T15:46:28+09:00
20260831,85312ceb,run_20260831_152517,1,2026-08-31T15:46:29+09:00
20260831,85312ceb,run_20260831_152517,1,2026-08-31T15:46:30+09:00
20260831,85312ceb,run_20260831_152517,1,2026-08-31T15:46:31+09:00
20260831,85312ceb,run_20260831_152517,1,2026-08-31T15:46:39+09:00
20260831,85312ceb,run_20260831_152517,1,2026-08-31T15:46:40+09:00
20260831,85312ceb,run_20260831_152517,1,2026-08-31T15:46:41+09:00
20260831,85312ceb,run_20260831_152517,1,2026-08-31T15:46:43+09:00
20260831,85312ceb,run_20260831_152517,1,2026-08-31T15:46:44+09:00
20260831,85312ceb,run_20260831_152517,1,2026-08-31T15:46:45+09:00
20260831,85312ceb,run_20260831_152517,1,2026-08-31T15:46:46+09:00
20260831,85312ceb,run_20260831_152517,1,2026-08-31T15:46:47+09:00
20260831,85312ceb,run_20260831_152517,1,2026-08-31T15:46:48+09:00
20260831,85312ceb,run_20260831_152517,1,2026-08-31T15:46:57+09:00
20260831,85312ceb,run_20260831_152517,1,2026-08-31T15:46:59+09:00
20260831,85312ceb,run_20260831_152517,1,2026-08-31T15:47:00+09:00
20260831,85312ceb,run_20260831_152517,1,2026-08-31T15:47:01+09:00
20260831,85312ceb,run_20260831_152517,1,2026-08-31T15:47:02+09:00
20260831,85312ceb,run_20260831_152517,1,2026-08-31T15:47:03+09:00
20260831,85312ceb,run_20260831_152517,1,2026-08-31T15:47:04+09:00
20260831,85312ceb,run_20260831_152517,1,2026-08-31T15:47:05+09:00
20260831,85312ceb,run_20260831_152517,1,2026-08-31T15:47:06+09:00
20260831,85312ceb,run_20260831_152517,1,2026-08-31T15:47:07+09:00
20260831,85312ceb,run_20260831_152517,1,2026-08-31T15:47:09+09:00
20260831,85312ceb,run_20260831_152517,1,2026-08-31T15:47:10+09:00
20260831,85312ceb,run_20260831_152517,1,2026-08-31T15:47:11+09:00
20260831,85312ceb,run_20260831_152517,1,2026-08-31T15:47:12+09:00
20260831,85312ceb,run_20260831_152517,1,2026-08-31T15:47:13+09:00
20260831,85312ceb,run_20260831_152517,1,2026-08-31T15:47:14+09:00
20260831,85312ceb,run_20260831_152517,1,2026-08-31T15:47:15+09:00
20260831,85312ceb,run_20260831_152517,1,2026-08-31T15:47:16+09:00
20260831,85312ceb,run_20260831_152517,1,2026-08-31T15:47:20+09:00
20260831,85312ceb,run_20260831_152517,1,2026-08-31T15:47:22+09:00
20260831,85312ceb,run_20260831_152517,1,2026-08-31T15:47:23+09:00
20260831,85312ceb,run_20260831_152517,1,2026-08-31T15:47:24+09:00
20260831,85312ceb,run_20260831_152517,1,2026-08-31T15:47:25+09:00
20260831,85312ceb,run_20260831_152517,1,2026-08-31T15:47:26+09:00
20260831,85312ceb,run_20260831_152517,1,2026-08-31T15:47:27+09:00
20260831,85312ceb,run_20260831_152517,1,2026-08-31T15:47:28+09:00
20260831,85312ceb,run_20260831_152517,1,2026-08-31T15:47:29+09:00
20260831,85312ceb,run_20260831_152517,1,2026-08-31T15:47:34+09:00
20260831,85312ceb,run_20260831_152517,1,2026-08-31T15:47:35+09:00
20260831,85312ceb,run_20260831_152517,1,2026-08-31T15:47:36+09:00
20260831,85312ceb,run_20260831_152517,1,2026-08-31T15:47:38+09:00
20260831,85312ceb,run_20260831_152517,1,2026-08-31T15:47:39+09:00
20260831,85312ceb,run_20260831_152517,1,2026-08-31T15:47:40+09:00
20260831,85312ceb,run_20260831_152517,1,2026-08-31T15:47:41+09:00
20260831,85312ceb,run_20260831_152517,1,2026-08-31T15:47:42+09:00
20260831,85312ceb,run_20260831_152517,1,2026-08-31T15:47:43+09:00
20260831,85312ceb,run_20260831_152517,1,2026-08-31T15:47:48+09:00
20260831,85312ceb,run_20260831_152517,1,2026-08-31T15:47:49+09:00
20260831,85312ceb,run_20260831_152517,1,2026-08-31T15:47:50+09:00
20260831,85312ceb,run_20260831_152517,1,2026-08-31T15:47:51+09:00
20260831,85312ceb,run_20260831_152517,1,2026-08-31T15:47:52+09:00
20260831,85312ceb,run_20260831_152517,1,2026-08-31T15:47:53+09:00
20260831,85312ceb,run_20260831_152517,1,2026-08-31T15:47:54+09:00
20260831,85312ceb,run_20260831_152517,1,2026-08-31T15:48:09+09:00
20260831,85312ceb,run_20260831_152517,1,2026-08-31T15:48:20+09:00
20260831,85312ceb,run_20260831_152517,1,2026-08-31T15:48:25+09:00
20260831,85312ceb,run_20260831_152517,1,2026-08-31T15:48:27+09:00
20260831,85312ceb,run_20260831_152517,1,2026-08-31T15:48:28+09:00
20260831,85312ceb,run_20260831_152517,1,2026-08-31T15:48:29+09:00
20260831,85312ceb,run_20260831_152517,1,2026-08-31T15:48:30+09:00
20260831,85312ceb,run_20260831_152517,1,2026-08-31T15:48:31+09:00
20260831,85312ceb,run_20260831_152517,1,2026-08-31T15:48:32+09:00
20260831,85312ceb,run_20260831_152517,1,2026-08-31T15:48:46+09:00
20260831,85312ceb,run_20260831_152517,1,2026-08-31T15:48:56+09:00
20260831,85312ceb,run_20260831_152517,1,2026-08-31T15:49:01+09:00
20260831,85312ceb,run_20260831_152517,1,2026-08-31T15:49:02+09:00
20260831,85312ceb,run_20260831_152517,1,2026-08-31T15:49:03+09:00
20260831,85312ceb,run_20260831_152517,1,2026-08-31T15:49:05+09:00
20260831,85312ceb,run_20260831_152517,1,2026-08-31T15:49:06+09:00
20260831,85312ceb,run_20260831_152517,1,2026-08-31T15:49:07+09:00
20260831,85312ceb,run_20260831_152517,1,2026-08-31T15:49:08+09:00
20260831,85312ceb,run_20260831_152517,1,2026-08-31T15:49:21+09:00
20260831,85312ceb,run_20260831_152517,1,2026-08-31T15:49:30+09:00
20260831,85312ceb,run_20260831_152517,1,2026-08-31T15:49:35+09:00
20260831,85312ceb,run_20260831_152517,1,2026-08-31T15:49:37+09:00
20260831,85312ceb,run_20260831_152517,1,2026-08-31T15:49:38+09:00
20260831,85312ceb,run_20260831_152517,1,2026-08-31T15:49:39+09:00
20260831,85312ceb,run_20260831_152517,1,2026-08-31T15:49:40+09:00
20260831,85312ceb,run_20260831_152517,1,2026-08-31T15:49:41+09:00
20260831,85312ceb,run_20260831_152517,1,2026-08-31T15:49:42+09:00
20260831,85312ceb,run_20260831_152517,1,2026-08-31T15:49:51+09:00
20260831,85312ceb,run_20260831_152517,1,2026-08-31T15:49:57+09:00
20260831,85312ceb,run_20260831_152517,1,2026-08-31T15:49:58+09:00
20260831,85312ceb,run_20260831_152517,1,2026-08-31T15:49:59+09:00
20260831,85312ceb,run_20260831_152517,1,2026-08-31T15:50:00+09:00
20260831,85312ceb,run_20260831_152517,1,2026-08-31T15:50:01+09:00
20260831,85312ceb,run_20260831_152517,1,2026-08-31T15:50:02+09:00
20260831,85312ceb,run_20260831_152517,1,2026-08-31T15:50:03+09:00
20260831,85312ceb,run_20260831_152517,1,2026-08-31T15:50:04+09:00
20260831,85312ceb,run_20260831_152517,1,2026-08-31T15:50:16+09:00
20260831,85312ceb,run_20260831_152517,1,2026-08-31T15:50:24+09:00
20260831,85312ceb,run_20260831_152517,1,2026-08-31T15:50:30+09:00
20260831,85312ceb,run_20260831_152517,1,2026-08-31T15:50:31+09:00
20260831,85312ceb,run_20260831_152517,1,2026-08-31T15:50:32+09:00
20260831,85312ceb,run_20260831_152517,1,2026-08-31T15:50:34+09:00
20260831,85312ceb,run_20260831_152517,1,2026-08-31T15:50:35+09:00
20260831,85312ceb,run_20260831_152517,1,2026-08-31T15:50:36+09:00
20260831,85312ceb,run_20260831_152517,1,2026-08-31T15:50:37+09:00
20260831,85312ceb,run_20260831_152517,1,2026-08-31T15:50:38+09:00
20260831,85312ceb,run_20260831_152517,1,2026-08-31T15:50:39+09:00
20260831,85312ceb,run_20260831_152517,1,2026-08-31T15:50:45+09:00
20260831,85312ceb,run_20260831_152517,1,2026-08-31T15:50:46+09:00
20260831,85312ceb,run_20260831_152517,1,2026-08-31T15:50:47+09:00
20260831,85312ceb,run_20260831_152517,1,2026-08-31T15:50:48+09:00
20260831,85312ceb,run_20260831_152517,1,2026-08-31T15:50:50+09:00
20260831,85312ceb,run_20260831_152517,1,2026-08-31T15:50:51+09:00
20260831,85312ceb,run_20260831_152517,1,2026-08-31T15:50:52+09:00
20260831,85312ceb,run_20260831_152517,1,2026-08-31T15:50:53+09:00
20260831,85312ceb,run_20260831_152517,1,2026-08-31T15:50:54+09:00
20260831,85312ceb,run_20260831_152517,1,2026-08-31T15:50:59+09:00
20260831,85312ceb,run_20260831_152517,1,2026-08-31T15:51:00+09:00
20260831,85312ceb,run_20260831_152517,1,2026-08-31T15:51:01+09:00
20260831,85312ceb,run_20260831_152517,1,2026-08-31T15:51:02+09:00
20260831,85312ceb,run_20260831_152517,1,2026-08-31T15:51:04+09:00
20260831,85312ceb,run_20260831_152517,1,2026-08-31T15:51:05+09:00
20260831,85312ceb,run_20260831_152517,1,2026-08-31T15:51:06+09:00
20260831,85312ceb,run_20260831_152517,1,2026-08-31T15:51:14+09:00
20260831,85312ceb,run_20260831_152517,1,2026-08-31T15:51:22+09:00
20260831,85312ceb,run_20260831_152517,1,2026-08-31T15:51:27+09:00
20260831,85312ceb,run_20260831_152517,1,2026-08-31T15:51:28+09:00
20260831,85312ceb,run_20260831_152517,1,2026-08-31T15:51:29+09:00
20260831,85312ceb,run_20260831_152517,1,2026-08-31T15:51:30+09:00
20260831,85312ceb,run_20260831_152517,1,2026-08-31T15:51:32+09:00
20260831,85312ceb,run_20260831_152517,1,2026-08-31T15:51:33+09:00
20260831,85312ceb,run_20260831_152517,1,2026-08-31T15:51:34+09:00
20260831,85312ceb,run_20260831_152517,1,2026-08-31T15:51:38+09:00
20260831,85312ceb,run_20260831_152517,1,2026-08-31T15:51:40+09:00
20260831,85312ceb,run_20260831_152517,1,2026-08-31T15:51:41+09:00
20260831,85312ceb,run_20260831_152517,1,2026-08-31T15:51:42+09:00
20260831,85312ceb,run_20260831_152517,1,2026-08-31T15:51:44+09:00
20260831,85312ceb,run_20260831_152517,1,2026-08-31T15:51:45+09:00
20260831,85312ceb,run_20260831_152517,1,2026-08-31T15:51:46+09:00
20260831,85312ceb,run_20260831_152517,1,2026-08-31T15:51:58+09:00
20260831,85312ceb,run_20260831_152517,1,2026-08-31T15:52:08+09:00
20260831,85312ceb,run_20260831_152517,1,2026-08-31T15:52:12+09:00
20260831,85312ceb,run_20260831_152517,1,2026-08-31T15:52:13+09:00
20260831,85312ceb,run_20260831_152517,1,2026-08-31T15:52:14+09:00
20260831,85312ceb,run_20260831_152517,1,2026-08-31T15:52:16+09:00
20260831,85312ceb,run_20260831_152517,1,2026-08-31T15:52:17+09:00
20260831,85312ceb,run_20260831_152517,1,2026-08-31T15:52:18+09:00
20260831,85312ceb,run_20260831_152517,1,2026-08-31T15:52:19+09:00
20260831,85312ceb,run_20260831_152517,1,2026-08-31T15:52:28+09:00
20260831,85312ceb,run_20260831_152517,1,2026-08-31T15:52:36+09:00
20260831,85312ceb,run_20260831_152517,1,2026-08-31T15:52:39+09:00
20260831,85312ceb,run_20260831_152517,1,2026-08-31T15:52:40+09:00
20260831,85312ceb,run_20260831_152517,1,2026-08-31T15:52:41+09:00
20260831,85312ceb,run_20260831_152517,1,2026-08-31T15:52:42+09:00
20260831,85312ceb,run_20260831_152517,1,2026-08-31T15:52:44+09:00
20260831,85312ceb,run_20260831_152517,1,2026-08-31T15:52:45+09:00
20260831,85312ceb,run_20260831_152517,1,2026-08-31T15:52:46+09:00
20260831,85312ceb,run_20260831_152517,1,2026-08-31T15:52:56+09:00
20260831,85312ceb,run_20260831_152517,1,2026-08-31T15:53:04+09:00
20260831,85312ceb,run_20260831_152517,1,2026-08-31T15:53:10+09:00
20260831,85312ceb,run_20260831_152517,1,2026-08-31T15:53:11+09:00
20260831,85312ceb,run_20260831_152517,1,2026-08-31T15:53:12+09:00
20260831,85312ceb,run_20260831_152517,1,2026-08-31T15:53:14+09:00
20260831,85312ceb,run_20260831_152517,1,2026-08-31T15:53:15+09:00
20260831,85312ceb,run_20260831_152517,1,2026-08-31T15:53:16+09:00
20260831,85312ceb,run_20260831_152517,1,2026-08-31T15:53:17+09:00
20260831,85312ceb,run_20260831_152517,1,2026-08-31T15:53:18+09:00
20260831,85312ceb,run_20260831_152517,1,2026-08-31T15:53:19+09:00
20260831,85312ceb,run_20260831_152517,1,2026-08-31T15:53:24+09:00
20260831,85312ceb,run_20260831_152517,1,2026-08-31T15:53:25+09:00
20260831,85312ceb,run_20260831_152517,1,2026-08-31T15:53:26+09:00
20260831,85312ceb,run_20260831_152517,1,2026-08-31T15:53:27+09:00
20260831,85312ceb,run_20260831_152517,1,2026-08-31T15:53:28+09:00
20260831,85312ceb,run_20260831_152517,1,2026-08-31T15:53:30+09:00
20260831,85312ceb,run_20260831_152517,1,2026-08-31T15:53:31+09:00
20260831,85312ceb,run_20260831_152517,1,2026-08-31T15:53:32+09:00
20260831,85312ceb,run_20260831_152517,1,2026-08-31T15:53:33+09:00
20260831,85312ceb,run_20260831_152517,1,2026-08-31T15:53:36+09:00
20260831,85312ceb,run_20260831_152517,1,2026-08-31T15:53:37+09:00
20260831,85312ceb,run_20260831_152517,1,2026-08-31T15:53:38+09:00
20260831,85312ceb,run_20260831_152517,1,2026-08-31T15:53:39+09:00
20260831,85312ceb,run_20260831_152517,1,2026-08-31T15:53:41+09:00
20260831,85312ceb,run_20260831_152517,1,2026-08-31T15:53:43+09:00
20260831,85312ceb,run_20260831_152517,1,2026-08-31T15:53:44+09:00
20260831,85312ceb,run_20260831_152517,1,2026-08-31T15:54:00+09:00
20260831,85312ceb,run_20260831_152517,1,2026-08-31T15:54:12+09:00
20260831,85312ceb,run_20260831_152517,1,2026-08-31T15:54:16+09:00
20260831,85312ceb,run_20260831_152517,1,2026-08-31T15:54:17+09:00
20260831,85312ceb,run_20260831_152517,1,2026-08-31T15:54:18+09:00
20260831,85312ceb,run_20260831_152517,1,2026-08-31T15:54:19+09:00
20260831,85312ceb,run_20260831_152517,1,2026-08-31T15:54:21+09:00
20260831,85312ceb,run_20260831_152517,1,2026-08-31T15:54:22+09:00
20260831,85312ceb,run_20260831_152517,1,2026-08-31T15:54:23+09:00
20260831,85312ceb,run_20260831_152517,1,2026-08-31T15:54:35+09:00
20260831,85312ceb,run_20260831_152517,1,2026-08-31T15:54:39+09:00
20260831,85312ceb,run_20260831_152517,1,2026-08-31T15:54:41+09:00
20260831,85312ceb,run_20260831_152517,1,2026-08-31T15:54:42+09:00
20260831,85312ceb,run_20260831_152517,1,2026-08-31T15:54:43+09:00
20260831,85312ceb,run_20260831_152517,1,2026-08-31T15:54:44+09:00
20260831,85312ceb,run_20260831_152517,1,2026-08-31T15:54:46+09:00
20260831,85312ceb,run_20260831_152517,1,2026-08-31T15:54:47+09:00
20260831,85312ceb,run_20260831_152517,1,2026-08-31T15:55:00+09:00
20260831,85312ceb,run_20260831_152517,1,2026-08-31T15:55:10+09:00
20260831,85312ceb,run_20260831_152517,1,2026-08-31T15:55:14+09:00
20260831,85312ceb,run_20260831_152517,1,2026-08-31T15:55:15+09:00
20260831,85312ceb,run_20260831_152517,1,2026-08-31T15:55:16+09:00
20260831,85312ceb,run_20260831_152517,1,2026-08-31T15:55:17+09:00
20260831,85312ceb,run_20260831_152517,1,2026-08-31T15:55:18+09:00
20260831,85312ceb,run_20260831_152517,1,2026-08-31T15:55:20+09:00
20260831,85312ceb,run_20260831_152517,1,2026-08-31T15:55:21+09:00
20260831,85312ceb,run_20260831_152517,1,2026-08-31T15:55:33+09:00
20260831,85312ceb,run_20260831_152517,1,2026-08-31T15:55:42+09:00
20260831,85312ceb,run_20260831_152517,1,2026-08-31T15:55:46+09:00
20260831,85312ceb,run_20260831_152517,1,2026-08-31T15:55:47+09:00
20260831,85312ceb,run_20260831_152517,1,2026-08-31T15:55:48+09:00
20260831,85312ceb,run_20260831_152517,1,2026-08-31T15:55:49+09:00
20260831,85312ceb,run_20260831_152517,1,2026-08-31T15:55:50+09:00
20260831,85312ceb,run_20260831_152517,1,2026-08-31T15:55:52+09:00
20260831,85312ceb,run_20260831_152517,1,2026-08-31T15:55:53+09:00
20260831,85312ceb,run_20260831_152517,1,2026-08-31T15:56:03+09:00
20260831,85312ceb,run_20260831_152517,1,2026-08-31T15:56:09+09:00
20260831,85312ceb,run_20260831_152517,1,2026-08-31T15:56:14+09:00
20260831,85312ceb,run_20260831_152517,1,2026-08-31T15:56:15+09:00
20260831,85312ceb,run_20260831_152517,1,2026-08-31T15:56:16+09:00
20260831,85312ceb,run_20260831_152517,1,2026-08-31T15:56:17+09:00
20260831,85312ceb,run_20260831_152517,1,2026-08-31T15:56:18+09:00
20260831,85312ceb,run_20260831_152517,1,2026-08-31T15:56:19+09:00
20260831,85312ceb,run_20260831_152517,1,2026-08-31T15:56:20+09:00
20260831,85312ceb,run_20260831_152517,1,2026-08-31T15:56:22+09:00
20260831,85312ceb,run_20260831_152517,1,2026-08-31T15:56:23+09:00
20260831,85312ceb,run_20260831_152517,1,2026-08-31T15:56:27+09:00
20260831,85312ceb,run_20260831_152517,1,2026-08-31T15:56:28+09:00
20260831,85312ceb,run_20260831_152517,1,2026-08-31T15:56:29+09:00
20260831,85312ceb,run_20260831_152517,1,2026-08-31T15:56:30+09:00
20260831,85312ceb,run_20260831_152517,1,2026-08-31T15:56:31+09:00
20260831,85312ceb,run_20260831_152517,1,2026-08-31T15:56:33+09:00
20260831,85312ceb,run_20260831_152517,1,2026-08-31T15:56:34+09:00
20260831,85312ceb,run_20260831_152517,1,2026-08-31T15:56:35+09:00
20260831,85312ceb,run_20260831_152517,1,2026-08-31T15:56:36+09:00
20260831,85312ceb,run_20260831_152517,1,2026-08-31T15:56:40+09:00
20260831,85312ceb,run_20260831_152517,1,2026-08-31T15:56:41+09:00
20260831,85312ceb,run_20260831_152517,1,2026-08-31T15:56:42+09:00
20260831,85312ceb,run_20260831_152517,1,2026-08-31T15:56:43+09:00
20260831,85312ceb,run_20260831_152517,1,2026-08-31T15:56:45+09:00
20260831,85312ceb,run_20260831_152517,1,2026-08-31T15:56:46+09:00
20260831,85312ceb,run_20260831_152517,1,2026-08-31T15:56:47+09:00
20260831,85312ceb,run_20260831_152517,1,2026-08-31T15:57:02+09:00
20260831,85312ceb,run_20260831_152517,1,2026-08-31T15:57:14+09:00
20260831,85312ceb,run_20260831_152517,1,2026-08-31T15:57:18+09:00
20260831,85312ceb,run_20260831_152517,1,2026-08-31T15:57:19+09:00
20260831,85312ceb,run_20260831_152517,1,2026-08-31T15:57:21+09:00
20260831,85312ceb,run_20260831_152517,1,2026-08-31T15:57:22+09:00
20260831,85312ceb,run_20260831_152517,1,2026-08-31T15:57:23+09:00
20260831,85312ceb,run_20260831_152517,1,2026-08-31T15:57:24+09:00
20260831,85312ceb,run_20260831_152517,1,2026-08-31T15:57:25+09:00
20260831,85312ceb,run_20260831_152517,1,2026-08-31T15:57:34+09:00
20260831,85312ceb,run_20260831_152517,1,2026-08-31T15:57:38+09:00
20260831,85312ceb,run_20260831_152517,1,2026-08-31T15:57:39+09:00
20260831,85312ceb,run_20260831_152517,1,2026-08-31T15:57:40+09:00
20260831,85312ceb,run_20260831_152517,1,2026-08-31T15:57:41+09:00
20260831,85312ceb,run_20260831_152517,1,2026-08-31T15:57:42+09:00
20260831,85312ceb,run_20260831_152517,1,2026-08-31T15:57:44+09:00
20260831,85312ceb,run_20260831_152517,1,2026-08-31T15:57:45+09:00
20260831,85312ceb,run_20260831_152517,1,2026-08-31T15:57:55+09:00
20260831,85312ceb,run_20260831_152517,1,2026-08-31T15:58:04+09:00
20260831,85312ceb,run_20260831_152517,1,2026-08-31T15:58:08+09:00
20260831,85312ceb,run_20260831_152517,1,2026-08-31T15:58:09+09:00
20260831,85312ceb,run_20260831_152517,1,2026-08-31T15:58:10+09:00
20260831,85312ceb,run_20260831_152517,1,2026-08-31T15:58:11+09:00
20260831,85312ceb,run_20260831_152517,1,2026-08-31T15:58:12+09:00
20260831,85312ceb,run_20260831_152517,1,2026-08-31T15:58:14+09:00
20260831,85312ceb,run_20260831_152517,1,2026-08-31T15:58:15+09:00
20260831,85312ceb,run_20260831_152517,1,2026-08-31T15:58:23+09:00
20260831,85312ceb,run_20260831_152517,1,2026-08-31T15:58:30+09:00
20260831,85312ceb,run_20260831_152517,1,2026-08-31T15:58:34+09:00
20260831,85312ceb,run_20260831_152517,1,2026-08-31T15:58:35+09:00
20260831,85312ceb,run_20260831_152517,1,2026-08-31T15:58:36+09:00
20260831,85312ceb,run_20260831_152517,1,2026-08-31T15:58:37+09:00
20260831,85312ceb,run_20260831_152517,1,2026-08-31T15:58:39+09:00
20260831,85312ceb,run_20260831_152517,1,2026-08-31T15:58:40+09:00
20260831,85312ceb,run_20260831_152517,1,2026-08-31T15:58:41+09:00
20260831,85312ceb,run_20260831_152517,1,2026-08-31T15:58:50+09:00
20260831,85312ceb,run_20260831_152517,1,2026-08-31T15:58:57+09:00
20260831,85312ceb,run_20260831_152517,1,2026-08-31T15:58:58+09:00
20260831,85312ceb,run_20260831_152517,1,2026-08-31T15:58:59+09:00
20260831,85312ceb,run_20260831_152517,1,2026-08-31T15:59:00+09:00
20260831,85312ceb,run_20260831_152517,1,2026-08-31T15:59:01+09:00
20260831,85312ceb,run_20260831_152517,1,2026-08-31T15:59:02+09:00
20260831,85312ceb,run_20260831_152517,1,2026-08-31T15:59:03+09:00
20260831,85312ceb,run_20260831_152517,1,2026-08-31T15:59:04+09:00
20260831,85312ceb,run_20260831_152517,1,2026-08-31T15:59:05+09:00
20260831,85312ceb,run_20260831_152517,1,2026-08-31T15:59:06+09:00
20260831,85312ceb,run_20260831_152517,1,2026-08-31T15:59:07+09:00
20260831,85312ceb,run_20260831_152517,1,2026-08-31T15:59:08+09:00
20260831,85312ceb,run_20260831_152517,1,2026-08-31T15:59:09+09:00
20260831,85312ceb,run_20260831_152517,1,2026-08-31T15:59:11+09:00
20260831,85312ceb,run_20260831_152517,1,2026-08-31T15:59:12+09:00
20260831,85312ceb,run_20260831_152517,1,2026-08-31T15:59:13+09:00
20260831,85312ceb,run_20260831_152517,1,2026-08-31T15:59:14+09:00
20260831,85312ceb,run_20260831_152517,1,2026-08-31T15:59:15+09:00
20260831,85312ceb,run_20260831_152517,1,2026-08-31T15:59:16+09:00
20260831,85312ceb,run_20260831_152517,1,2026-08-31T15:59:17+09:00
20260831,85312ceb,run_20260831_152517,1,2026-08-31T15:59:18+09:00
20260831,85312ceb,run_20260831_152517,1,2026-08-31T15:59:19+09:00
20260831,85312ceb,run_20260831_152517,1,2026-08-31T15:59:20+09:00
20260831,85312ceb,run_20260831_152517,1,2026-08-31T15:59:21+09:00
20260831,85312ceb,run_20260831_152517,1,2026-08-31T15:59:22+09:00
20260831,85312ceb,run_20260831_152517,1,2026-08-31T15:59:23+09:00
20260831,85312ceb,run_20260831_152517,1,2026-08-31T15:59:24+09:00
20260831,85312ceb,run_20260831_152517,1,2026-08-31T15:59:25+09:00
20260831,85312ceb,run_20260831_152517,1,2026-08-31T15:59:26+09:00
20260831,85312ceb,run_20260831_152517,1,2026-08-31T15:59:27+09:00
20260831,85312ceb,run_20260831_152517,1,2026-08-31T15:59:28+09:00
20260831,85312ceb,run_20260831_152517,1,2026-08-31T15:59:29+09:00
20260831,85312ceb,run_20260831_152517,1,2026-08-31T15:59:30+09:00
20260831,85312ceb,run_20260831_152517,1,2026-08-31T15:59:32+09:00
20260831,85312ceb,run_20260831_152517,1,2026-08-31T15:59:33+09:00
20260831,85312ceb,run_20260831_152517,1,2026-08-31T15:59:34+09:00
20260831,85312ceb,run_20260831_152517,1,2026-08-31T15:59:35+09:00
20260831,85312ceb,run_20260831_152517,1,2026-08-31T15:59:36+09:00
20260831,85312ceb,run_20260831_152517,1,2026-08-31T15:59:37+09:00
20260831,85312ceb,run_20260831_152517,1,2026-08-31T15:59:38+09:00
20260831,85312ceb,run_20260831_152517,1,2026-08-31T15:59:39+09:00
20260831,85312ceb,run_20260831_152517,1,2026-08-31T15:59:40+09:00
20260831,85312ceb,run_20260831_152517,1,2026-08-31T15:59:41+09:00
20260831,85312ceb,run_20260831_152517,1,2026-08-31T15:59:42+09:00
20260831,85312ceb,run_20260831_152517,1,2026-08-31T15:59:43+09:00
20260831,85312ceb,run_20260831_152517,1,2026-08-31T15:59:44+09:00
20260831,85312ceb,run_20260831_152517,1,2026-08-31T15:59:45+09:00
20260831,85312ceb,run_20260831_152517,1,2026-08-31T15:59:46+09:00
20260831,85312ceb,run_20260831_152517,1,2026-08-31T15:59:47+09:00
20260831,85312ceb,run_20260831_152517,1,2026-08-31T15:59:48+09:00
20260831,85312ceb,run_20260831_152517,1,2026-08-31T15:59:49+09:00
20260831,85312ceb,run_20260831_152517,1,2026-08-31T15:59:50+09:00
20260831,85312ceb,run_20260831_152517,1,2026-08-31T15:59:51+09:00
20260831,85312ceb,run_20260831_152517,1,2026-08-31T15:59:52+09:00
20260831,85312ceb,run_20260831_152517,1,2026-08-31T15:59:53+09:00
20260831,85312ceb,run_20260831_152517,1,2026-08-31T15:59:54+09:00
20260831,85312ceb,run_20260831_152517,1,2026-08-31T15:59:55+09:00
20260831,85312ceb,run_20260831_152517,1,2026-08-31T15:59:56+09:00
20260831,85312ceb,run_20260831_152517,1,2026-08-31T15:59:57+09:00
20260831,85312ceb,run_20260831_152517,1,2026-08-31T15:59:58+09:00
20260831,85312ceb,run_20260831_152517,1,2026-08-31T15:59:59+09:00
20260831,85312ceb,run_20260831_152517,1,2026-08-31T16:00:00+09:00
20260831,85312ceb,run_20260831_152517,1,2026-08-31T16:00:01+09:00
20260831,85312ceb,run_20260831_152517,1,2026-08-31T16:00:07+09:00
20260831,85312ceb,run_20260831_152517,1,2026-08-31T16:00:09+09:00
20260831,85312ceb,run_20260831_152517,1,2026-08-31T16:00:10+09:00
20260831,85312ceb,run_20260831_152517,1,2026-08-31T16:00:11+09:00
20260831,85312ceb,run_20260831_152517,1,2026-08-31T16:00:12+09:00
20260831,85312ceb,run_20260831_152517,1,2026-08-31T16:00:14+09:00
20260831,85312ceb,run_20260831_152517,1,2026-08-31T16:00:15+09:00
20260831,85312ceb,run_20260831_152517,1,2026-08-31T16:00:16+09:00
20260831,85312ceb,run_20260831_152517,1,2026-08-31T16:00:17+09:00
20260831,85312ceb,run_20260831_152517,1,2026-08-31T16:00:23+09:00
20260831,85312ceb,run_20260831_152517,1,2026-08-31T16:00:24+09:00
20260831,85312ceb,run_20260831_152517,1,2026-08-31T16:00:28+09:00
20260831,85312ceb,run_20260831_152517,1,2026-08-31T16:00:30+09:00
20260831,85312ceb,run_20260831_152517,1,2026-08-31T16:00:31+09:00
20260831,85312ceb,run_20260831_152517,1,2026-08-31T16:00:32+09:00
20260831,85312ceb,run_20260831_152517,1,2026-08-31T16:00:33+09:00
20260831,85312ceb,run_20260831_152517,1,2026-08-31T16:00:34+09:00
20260831,85312ceb,run_20260831_152517,1,2026-08-31T16:00:35+09:00
20260831,85312ceb,run_20260831_152517,1,2026-08-31T16:00:44+09:00
20260831,85312ceb,run_20260831_152517,1,2026-08-31T16:00:45+09:00
20260831,85312ceb,run_20260831_152517,1,2026-08-31T16:00:46+09:00
20260831,85312ceb,run_20260831_152517,1,2026-08-31T16:00:47+09:00
20260831,85312ceb,run_20260831_152517,1,2026-08-31T16:00:48+09:00
20260831,85312ceb,run_20260831_152517,1,2026-08-31T16:00:50+09:00
20260831,85312ceb,run_20260831_152517,1,2026-08-31T16:00:51+09:00
20260831,85312ceb,run_20260831_152517,1,2026-08-31T16:01:02+09:00
20260831,85312ceb,run_20260831_152517,1,2026-08-31T16:01:10+09:00
20260831,85312ceb,run_20260831_152517,1,2026-08-31T16:01:17+09:00
20260831,85312ceb,run_20260831_152517,1,2026-08-31T16:01:19+09:00
20260831,85312ceb,run_20260831_152517,1,2026-08-31T16:01:20+09:00
20260831,85312ceb,run_20260831_152517,1,2026-08-31T16:01:21+09:00
20260831,85312ceb,run_20260831_152517,1,2026-08-31T16:01:22+09:00
20260831,85312ceb,run_20260831_152517,1,2026-08-31T16:01:23+09:00
20260831,85312ceb,run_20260831_152517,1,2026-08-31T16:01:24+09:00
20260831,85312ceb,run_20260831_152517,1,2026-08-31T16:01:33+09:00
20260831,85312ceb,run_20260831_152517,1,2026-08-31T16:01:40+09:00
20260831,85312ceb,run_20260831_152517,1,2026-08-31T16:01:41+09:00
20260831,85312ceb,run_20260831_152517,1,2026-08-31T16:01:42+09:00
20260831,85312ceb,run_20260831_152517,1,2026-08-31T16:01:43+09:00
20260831,85312ceb,run_20260831_152517,1,2026-08-31T16:01:45+09:00
20260831,85312ceb,run_20260831_152517,1,2026-08-31T16:01:46+09:00
20260831,85312ceb,run_20260831_152517,1,2026-08-31T16:01:47+09:00
20260831,85312ceb,run_20260831_152517,1,2026-08-31T16:01:57+09:00
20260831,85312ceb,run_20260831_152517,1,2026-08-31T16:02:05+09:00
20260831,85312ceb,run_20260831_152517,1,2026-08-31T16:02:12+09:00
20260831,85312ceb,run_20260831_152517,1,2026-08-31T16:02:13+09:00
20260831,85312ceb,run_20260831_152517,1,2026-08-31T16:02:14+09:00
20260831,85312ceb,run_20260831_152517,1,2026-08-31T16:02:15+09:00
20260831,85312ceb,run_20260831_152517,1,2026-08-31T16:02:17+09:00
20260831,85312ceb,run_20260831_152517,1,2026-08-31T16:02:18+09:00
20260831,85312ceb,run_20260831_152517,1,2026-08-31T16:02:19+09:00
20260831,85312ceb,run_20260831_152517,1,2026-08-31T16:02:28+09:00
20260831,85312ceb,run_20260831_152517,1,2026-08-31T16:02:35+09:00
20260831,85312ceb,run_20260831_152517,1,2026-08-31T16:02:42+09:00
20260831,85312ceb,run_20260831_152517,1,2026-08-31T16:02:43+09:00
20260831,85312ceb,run_20260831_152517,1,2026-08-31T16:02:44+09:00
20260831,85312ceb,run_20260831_152517,1,2026-08-31T16:02:45+09:00
20260831,85312ceb,run_20260831_152517,1,2026-08-31T16:02:46+09:00
20260831,85312ceb,run_20260831_152517,1,2026-08-31T16:02:47+09:00
20260831,85312ceb,run_20260831_152517,1,2026-08-31T16:02:48+09:00
20260831,85312ceb,run_20260831_152517,1,2026-08-31T16:02:57+09:00
20260831,85312ceb,run_20260831_152517,1,2026-08-31T16:03:05+09:00
20260831,85312ceb,run_20260831_152517,1,2026-08-31T16:03:06+09:00
20260831,85312ceb,run_20260831_152517,1,2026-08-31T16:03:07+09:00
20260831,85312ceb,run_20260831_152517,1,2026-08-31T16:03:08+09:00
20260831,85312ceb,run_20260831_152517,1,2026-08-31T16:03:09+09:00
20260831,85312ceb,run_20260831_152517,1,2026-08-31T16:03:10+09:00
20260831,85312ceb,run_20260831_152517,1,2026-08-31T16:03:11+09:00
20260831,85312ceb,run_20260831_152517,1,2026-08-31T16:03:12+09:00
20260831,85312ceb,run_20260831_152517,1,2026-08-31T16:03:13+09:00
20260831,85312ceb,run_20260831_152517,1,2026-08-31T16:03:14+09:00
20260831,85312ceb,run_20260831_152517,1,2026-08-31T16:03:17+09:00
20260831,85312ceb,run_20260831_152517,1,2026-08-31T16:03:18+09:00
20260831,85312ceb,run_20260831_152517,1,2026-08-31T16:03:19+09:00
20260831,85312ceb,run_20260831_152517,1,2026-08-31T16:03:21+09:00
20260831,85312ceb,run_20260831_152517,1,2026-08-31T16:03:22+09:00
20260831,85312ceb,run_20260831_152517,1,2026-08-31T16:03:23+09:00
20260831,85312ceb,run_20260831_152517,1,2026-08-31T16:03:24+09:00
20260831,85312ceb,run_20260831_152517,1,2026-08-31T16:03:25+09:00
20260831,85312ceb,run_20260831_152517,1,2026-08-31T16:03:26+09:00
20260831,85312ceb,run_20260831_152517,1,2026-08-31T16:03:34+09:00
20260831,85312ceb,run_20260831_152517,1,2026-08-31T16:03:35+09:00
20260831,85312ceb,run_20260831_152517,1,2026-08-31T16:03:36+09:00
20260831,85312ceb,run_20260831_152517,1,2026-08-31T16:03:37+09:00
20260831,85312ceb,run_20260831_152517,1,2026-08-31T16:03:38+09:00
20260831,85312ceb,run_20260831_152517,1,2026-08-31T16:03:40+09:00
20260831,85312ceb,run_20260831_152517,1,2026-08-31T16:03:41+09:00
20260831,85312ceb,run_20260831_152517,1,2026-08-31T16:03:49+09:00
20260831,85312ceb,run_20260831_152517,1,2026-08-31T16:03:56+09:00
20260831,85312ceb,run_20260831_152517,1,2026-08-31T16:04:01+09:00
20260831,85312ceb,run_20260831_152517,1,2026-08-31T16:04:03+09:00
20260831,85312ceb,run_20260831_152517,1,2026-08-31T16:04:04+09:00
20260831,85312ceb,run_20260831_152517,1,2026-08-31T16:04:05+09:00
20260831,85312ceb,run_20260831_152517,1,2026-08-31T16:04:06+09:00
20260831,85312ceb,run_20260831_152517,1,2026-08-31T16:04:07+09:00
20260831,85312ceb,run_20260831_152517,1,2026-08-31T16:04:08+09:00
20260831,85312ceb,run_20260831_152517,1,2026-08-31T16:04:16+09:00
20260831,85312ceb,run_20260831_152517,1,2026-08-31T16:04:21+09:00
20260831,85312ceb,run_20260831_152517,1,2026-08-31T16:04:22+09:00
20260831,85312ceb,run_20260831_152517,1,2026-08-31T16:04:23+09:00
20260831,85312ceb,run_20260831_152517,1,2026-08-31T16:04:24+09:00
20260831,85312ceb,run_20260831_152517,1,2026-08-31T16:04:25+09:00
20260831,85312ceb,run_20260831_152517,1,2026-08-31T16:04:27+09:00
20260831,85312ceb,run_20260831_152517,1,2026-08-31T16:04:27+09:00
20260831,85312ceb,run_20260831_152517,1,2026-08-31T16:04:37+09:00
20260831,85312ceb,run_20260831_152517,1,2026-08-31T16:04:44+09:00
20260831,85312ceb,run_20260831_152517,1,2026-08-31T16:04:50+09:00
20260831,85312ceb,run_20260831_152517,1,2026-08-31T16:04:51+09:00
20260831,85312ceb,run_20260831_152517,1,2026-08-31T16:04:52+09:00
20260831,85312ceb,run_20260831_152517,1,2026-08-31T16:04:53+09:00
20260831,85312ceb,run_20260831_152517,1,2026-08-31T16:04:54+09:00
20260831,85312ceb,run_20260831_152517,1,2026-08-31T16:04:55+09:00
20260831,85312ceb,run_20260831_152517,1,2026-08-31T16:04:56+09:00
20260831,85312ceb,run_20260831_152517,1,2026-08-31T16:05:03+09:00
20260831,85312ceb,run_20260831_152517,1,2026-08-31T16:05:08+09:00
20260831,85312ceb,run_20260831_152517,1,2026-08-31T16:05:10+09:00
20260831,85312ceb,run_20260831_152517,1,2026-08-31T16:05:11+09:00
20260831,85312ceb,run_20260831_152517,1,2026-08-31T16:05:12+09:00
20260831,85312ceb,run_20260831_152517,1,2026-08-31T16:05:13+09:00
20260831,85312ceb,run_20260831_152517,1,2026-08-31T16:05:14+09:00
20260831,85312ceb,run_20260831_152517,1,2026-08-31T16:05:15+09:00
20260831,85312ceb,run_20260831_152517,1,2026-08-31T16:05:16+09:00
20260831,85312ceb,run_20260831_152517,1,2026-08-31T16:05:25+09:00
20260831,85312ceb,run_20260831_152517,1,2026-08-31T16:05:32+09:00
20260831,85312ceb,run_20260831_152517,1,2026-08-31T16:05:33+09:00
20260831,85312ceb,run_20260831_152517,1,2026-08-31T16:05:34+09:00
20260831,85312ceb,run_20260831_152517,1,2026-08-31T16:05:35+09:00
20260831,85312ceb,run_20260831_152517,1,2026-08-31T16:05:37+09:00
20260831,85312ceb,run_20260831_152517,1,2026-08-31T16:05:38+09:00
20260831,85312ceb,run_20260831_152517,1,2026-08-31T16:05:39+09:00
20260831,85312ceb,run_20260831_152517,1,2026-08-31T16:05:40+09:00
20260831,85312ceb,run_20260831_152517,1,2026-08-31T16:05:41+09:00
20260831,85312ceb,run_20260831_152517,1,2026-08-31T16:05:42+09:00
20260831,85312ceb,run_20260831_152517,1,2026-08-31T16:05:43+09:00
20260831,85312ceb,run_20260831_152517,1,2026-08-31T16:05:44+09:00
20260831,85312ceb,run_20260831_152517,1,2026-08-31T16:05:45+09:00
20260831,85312ceb,run_20260831_152517,1,2026-08-31T16:05:46+09:00
20260831,85312ceb,run_20260831_152517,1,2026-08-31T16:05:47+09:00
20260831,85312ceb,run_20260831_152517,1,2026-08-31T16:05:48+09:00
20260831,85312ceb,run_20260831_152517,1,2026-08-31T16:05:49+09:00
20260831,85312ceb,run_20260831_152517,1,2026-08-31T16:05:50+09:00
20260831,85312ceb,run_20260831_152517,1,2026-08-31T16:05:51+09:00
20260831,85312ceb,run_20260831_152517,1,2026-08-31T16:05:52+09:00
20260831,85312ceb,run_20260831_152517,1,2026-08-31T16:05:53+09:00
20260831,85312ceb,run_20260831_152517,1,2026-08-31T16:05:54+09:00
20260831,85312ceb,run_20260831_152517,1,2026-08-31T16:05:55+09:00
20260831,85312ceb,run_20260831_152517,1,2026-08-31T16:05:56+09:00
20260831,85312ceb,run_20260831_152517,1,2026-08-31T16:05:57+09:00
20260831,85312ceb,run_20260831_152517,1,2026-08-31T16:05:58+09:00
20260831,85312ceb,run_20260831_152517,1,2026-08-31T16:05:59+09:00
20260831,85312ceb,run_20260831_152517,1,2026-08-31T16:06:00+09:00
20260831,85312ceb,run_20260831_152517,1,2026-08-31T16:06:01+09:00
20260831,85312ceb,run_20260831_152517,1,2026-08-31T16:06:02+09:00
20260831,85312ceb,run_20260831_152517,1,2026-08-31T16:06:03+09:00
20260831,85312ceb,run_20260831_152517,1,2026-08-31T16:06:04+09:00
20260831,85312ceb,run_20260831_152517,1,2026-08-31T16:06:05+09:00
20260831,85312ceb,run_20260831_152517,1,2026-08-31T16:06:06+09:00
20260831,85312ceb,run_20260831_152517,1,2026-08-31T16:06:07+09:00
20260831,85312ceb,run_20260831_152517,1,2026-08-31T16:06:08+09:00
20260831,85312ceb,run_20260831_152517,1,2026-08-31T16:06:09+09:00
20260831,85312ceb,run_20260831_152517,1,2026-08-31T16:06:10+09:00
20260831,85312ceb,run_20260831_152517,1,2026-08-31T16:06:11+09:00
20260831,85312ceb,run_20260831_152517,1,2026-08-31T16:06:12+09:00
20260831,85312ceb,run_20260831_152517,1,2026-08-31T16:06:13+09:00
20260831,85312ceb,run_20260831_152517,1,2026-08-31T16:06:14+09:00
20260831,85312ceb,run_20260831_152517,1,2026-08-31T16:06:15+09:00
20260831,85312ceb,run_20260831_152517,1,2026-08-31T16:06:16+09:00
20260831,85312ceb,run_20260831_152517,1,2026-08-31T16:06:17+09:00
20260831,85312ceb,run_20260831_152517,1,2026-08-31T16:06:18+09:00
20260831,85312ceb,run_20260831_152517,1,2026-08-31T16:06:19+09:00
20260831,85312ceb,run_20260831_152517,1,2026-08-31T16:06:20+09:00
20260831,85312ceb,run_20260831_152517,1,2026-08-31T16:06:21+09:00
20260831,85312ceb,run_20260831_152517,1,2026-08-31T16:06:22+09:00
20260831,85312ceb,run_20260831_152517,1,2026-08-31T16:06:23+09:00
20260831,85312ceb,run_20260831_152517,1,2026-08-31T16:06:24+09:00
20260831,85312ceb,run_20260831_152517,1,2026-08-31T16:06:25+09:00
20260831,85312ceb,run_20260831_152517,1,2026-08-31T16:06:26+09:00
20260831,85312ceb,run_20260831_152517,1,2026-08-31T16:06:27+09:00
20260831,85312ceb,run_20260831_152517,1,2026-08-31T16:06:28+09:00
20260831,85312ceb,run_20260831_152517,1,2026-08-31T16:06:29+09:00
20260831,85312ceb,run_20260831_152517,1,2026-08-31T16:06:30+09:00
20260831,85312ceb,run_20260831_152517,1,2026-08-31T16:06:31+09:00
20260831,85312ceb,run_20260831_152517,1,2026-08-31T16:06:32+09:00
20260831,85312ceb,run_20260831_152517,1,2026-08-31T16:06:33+09:00
20260831,85312ceb,run_20260831_152517,1,2026-08-31T16:06:34+09:00
20260831,85312ceb,run_20260831_152517,1,2026-08-31T16:06:35+09:00
20260831,85312ceb,run_20260831_152517,1,2026-08-31T16:06:36+09:00
20260831,85312ceb,run_20260831_152517,1,2026-08-31T16:06:37+09:00
20260831,85312ceb,run_20260831_152517,1,2026-08-31T16:06:38+09:00
20260831,85312ceb,run_20260831_152517,1,2026-08-31T16:06:39+09:00
20260831,85312ceb,run_20260831_152517,1,2026-08-31T16:06:40+09:00
20260831,85312ceb,run_20260831_152517,1,2026-08-31T16:06:41+09:00
20260831,85312ceb,run_20260831_152517,1,2026-08-31T16:06:42+09:00
20260831,85312ceb,run_20260831_152517,1,2026-08-31T16:06:43+09:00
20260831,85312ceb,run_20260831_152517,1,2026-08-31T16:06:44+09:00
20260831,85312ceb,run_20260831_152517,1,2026-08-31T16:06:45+09:00
20260831,85312ceb,run_20260831_152517,1,2026-08-31T16:06:46+09:00
20260831,85312ceb,run_20260831_152517,1,2026-08-31T16:06:47+09:00
20260831,85312ceb,run_20260831_152517,1,2026-08-31T16:06:48+09:00
20260831,85312ceb,run_20260831_152517,1,2026-08-31T16:06:49+09:00
20260831,85312ceb,run_20260831_152517,1,2026-08-31T16:06:50+09:00
20260831,85312ceb,run_20260831_152517,1,2026-08-31T16:06:51+09:00
20260831,85312ceb,run_20260831_152517,1,2026-08-31T16:06:52+09:00
20260831,85312ceb,run_20260831_152517,1,2026-08-31T16:06:53+09:00
20260831,85312ceb,run_20260831_152517,1,2026-08-31T16:06:55+09:00
20260831,85312ceb,run_20260831_152517,1,2026-08-31T16:06:56+09:00
20260831,85312ceb,run_20260831_152517,1,2026-08-31T16:06:57+09:00
20260831,85312ceb,run_20260831_152517,1,2026-08-31T16:06:58+09:00
20260831,85312ceb,run_20260831_152517,1,2026-08-31T16:06:59+09:00
20260831,85312ceb,run_20260831_152517,1,2026-08-31T16:07:00+09:00
20260831,85312ceb,run_20260831_152517,1,2026-08-31T16:07:01+09:00
20260831,85312ceb,run_20260831_152517,1,2026-08-31T16:07:12+09:00
20260831,85312ceb,run_20260831_152517,1,2026-08-31T16:07:22+09:00
20260831,85312ceb,run_20260831_152517,1,2026-08-31T16:07:23+09:00
20260831,85312ceb,run_20260831_152517,1,2026-08-31T16:07:24+09:00
20260831,85312ceb,run_20260831_152517,1,2026-08-31T16:07:25+09:00
20260831,85312ceb,run_20260831_152517,1,2026-08-31T16:07:26+09:00
20260831,85312ceb,run_20260831_152517,1,2026-08-31T16:07:27+09:00
20260831,85312ceb,run_20260831_152517,1,2026-08-31T16:07:29+09:00
20260831,85312ceb,run_20260831_152517,1,2026-08-31T16:07:30+09:00
20260831,85312ceb,run_20260831_152517,1,2026-08-31T16:07:37+09:00
20260831,85312ceb,run_20260831_152517,1,2026-08-31T16:07:39+09:00
20260831,85312ceb,run_20260831_152517,1,2026-08-31T16:07:40+09:00
20260831,85312ceb,run_20260831_152517,1,2026-08-31T16:07:41+09:00
20260831,85312ceb,run_20260831_152517,1,2026-08-31T16:07:42+09:00
20260831,85312ceb,run_20260831_152517,1,2026-08-31T16:07:43+09:00
20260831,85312ceb,run_20260831_152517,1,2026-08-31T16:07:44+09:00
20260831,85312ceb,run_20260831_152517,1,2026-08-31T16:07:45+09:00
20260831,85312ceb,run_20260831_152517,1,2026-08-31T16:07:54+09:00
20260831,85312ceb,run_20260831_152517,1,2026-08-31T16:08:02+09:00
20260831,85312ceb,run_20260831_152517,1,2026-08-31T16:08:03+09:00
20260831,85312ceb,run_20260831_152517,1,2026-08-31T16:08:04+09:00
20260831,85312ceb,run_20260831_152517,1,2026-08-31T16:08:05+09:00
20260831,85312ceb,run_20260831_152517,1,2026-08-31T16:08:06+09:00
20260831,85312ceb,run_20260831_152517,1,2026-08-31T16:08:07+09:00
20260831,85312ceb,run_20260831_152517,1,2026-08-31T16:08:09+09:00
20260831,85312ceb,run_20260831_152517,1,2026-08-31T16:08:10+09:00
20260831,85312ceb,run_20260831_152517,1,2026-08-31T16:08:18+09:00
20260831,85312ceb,run_20260831_152517,1,2026-08-31T16:08:25+09:00
20260831,85312ceb,run_20260831_152517,1,2026-08-31T16:08:26+09:00
20260831,85312ceb,run_20260831_152517,1,2026-08-31T16:08:28+09:00
20260831,85312ceb,run_20260831_152517,1,2026-08-31T16:08:29+09:00
20260831,85312ceb,run_20260831_152517,1,2026-08-31T16:08:30+09:00
20260831,85312ceb,run_20260831_152517,1,2026-08-31T16:08:31+09:00
20260831,85312ceb,run_20260831_152517,1,2026-08-31T16:08:32+09:00
20260831,85312ceb,run_20260831_152517,1,2026-08-31T16:08:33+09:00
20260831,85312ceb,run_20260831_152517,1,2026-08-31T16:08:41+09:00
20260831,85312ceb,run_20260831_152517,1,2026-08-31T16:08:48+09:00
20260831,85312ceb,run_20260831_152517,1,2026-08-31T16:08:49+09:00
20260831,85312ceb,run_20260831_152517,1,2026-08-31T16:08:50+09:00
20260831,85312ceb,run_20260831_152517,1,2026-08-31T16:08:51+09:00
20260831,85312ceb,run_20260831_152517,1,2026-08-31T16:08:52+09:00
20260831,85312ceb,run_20260831_152517,1,2026-08-31T16:08:53+09:00
20260831,85312ceb,run_20260831_152517,1,2026-08-31T16:08:54+09:00
20260831,85312ceb,run_20260831_152517,1,2026-08-31T16:08:55+09:00
20260831,85312ceb,run_20260831_152517,1,2026-08-31T16:08:56+09:00
20260831,85312ceb,run_20260831_152517,1,2026-08-31T16:08:57+09:00
20260831,85312ceb,run_20260831_152517,1,2026-08-31T16:08:58+09:00
20260831,85312ceb,run_20260831_152517,1,2026-08-31T16:08:59+09:00
20260831,85312ceb,run_20260831_152517,1,2026-08-31T16:09:00+09:00
20260831,85312ceb,run_20260831_152517,1,2026-08-31T16:09:02+09:00
20260831,85312ceb,run_20260831_152517,1,2026-08-31T16:09:03+09:00
20260831,85312ceb,run_20260831_152517,1,2026-08-31T16:09:04+09:00
20260831,85312ceb,run_20260831_152517,1,2026-08-31T16:09:05+09:00
20260831,85312ceb,run_20260831_152517,1,2026-08-31T16:09:06+09:00
20260831,85312ceb,run_20260831_152517,1,2026-08-31T16:09:07+09:00
20260831,85312ceb,run_20260831_152517,1,2026-08-31T16:09:08+09:00
20260831,85312ceb,run_20260831_152517,1,2026-08-31T16:09:09+09:00
20260831,85312ceb,run_20260831_152517,1,2026-08-31T16:09:10+09:00
20260831,85312ceb,run_20260831_152517,1,2026-08-31T16:09:11+09:00
20260831,85312ceb,run_20260831_152517,1,2026-08-31T16:09:12+09:00
20260831,85312ceb,run_20260831_152517,1,2026-08-31T16:09:13+09:00
20260831,85312ceb,run_20260831_152517,1,2026-08-31T16:09:13+09:00
20260831,85312ceb,run_20260831_152517,1,2026-08-31T16:09:14+09:00
20260831,85312ceb,run_20260831_152517,1,2026-08-31T16:09:15+09:00
20260831,85312ceb,run_20260831_152517,1,2026-08-31T16:09:16+09:00
20260831,85312ceb,run_20260831_152517,1,2026-08-31T16:09:18+09:00
20260831,85312ceb,run_20260831_152517,1,2026-08-31T16:09:19+09:00
20260831,85312ceb,run_20260831_152517,1,2026-08-31T16:09:20+09:00
20260831,85312ceb,run_20260831_152517,1,2026-08-31T16:09:21+09:00
20260831,85312ceb,run_20260831_152517,1,2026-08-31T16:09:22+09:00
20260831,85312ceb,run_20260831_152517,1,2026-08-31T16:09:23+09:00
20260831,85312ceb,run_20260831_152517,1,2026-08-31T16:09:24+09:00
20260831,85312ceb,run_20260831_152517,1,2026-08-31T16:09:25+09:00
20260831,85312ceb,run_20260831_152517,1,2026-08-31T16:09:26+09:00
20260831,85312ceb,run_20260831_152517,1,2026-08-31T16:09:27+09:00
20260831,85312ceb,run_20260831_152517,1,2026-08-31T16:09:28+09:00
20260831,85312ceb,run_20260831_152517,1,2026-08-31T16:09:29+09:00
20260831,85312ceb,run_20260831_152517,1,2026-08-31T16:09:30+09:00
20260831,85312ceb,run_20260831_152517,1,2026-08-31T16:09:31+09:00
20260831,85312ceb,run_20260831_152517,1,2026-08-31T16:09:32+09:00
20260831,85312ceb,run_20260831_152517,1,2026-08-31T16:09:33+09:00
20260831,85312ceb,run_20260831_152517,1,2026-08-31T16:09:34+09:00
20260831,85312ceb,run_20260831_152517,1,2026-08-31T16:09:35+09:00
20260831,85312ceb,run_20260831_152517,1,2026-08-31T16:09:36+09:00
20260831,85312ceb,run_20260831_152517,1,2026-08-31T16:09:37+09:00
20260831,85312ceb,run_20260831_152517,1,2026-08-31T16:09:38+09:00
20260831,85312ceb,run_20260831_152517,1,2026-08-31T16:09:41+09:00
20260831,85312ceb,run_20260831_152517,1,2026-08-31T16:09:42+09:00
20260831,85312ceb,run_20260831_152517,1,2026-08-31T16:09:43+09:00
20260831,85312ceb,run_20260831_152517,1,2026-08-31T16:09:44+09:00
20260831,85312ceb,run_20260831_152517,1,2026-08-31T16:09:45+09:00
20260831,85312ceb,run_20260831_152517,1,2026-08-31T16:09:46+09:00
20260831,85312ceb,run_20260831_152517,1,2026-08-31T16:09:47+09:00
20260831,85312ceb,run_20260831_152517,1,2026-08-31T16:09:48+09:00
20260831,85312ceb,run_20260831_152517,1,2026-08-31T16:09:49+09:00
20260831,85312ceb,run_20260831_152517,1,2026-08-31T16:09:50+09:00
20260831,85312ceb,run_20260831_152517,1,2026-08-31T16:09:51+09:00
20260831,85312ceb,run_20260831_152517,1,2026-08-31T16:09:52+09:00
20260831,85312ceb,run_20260831_152517,1,2026-08-31T16:09:53+09:00
20260831,85312ceb,run_20260831_152517,1,2026-08-31T16:09:54+09:00
20260831,85312ceb,run_20260831_152517,1,2026-08-31T16:09:55+09:00
20260831,85312ceb,run_20260831_152517,1,2026-08-31T16:09:56+09:00
20260831,85312ceb,run_20260831_152517,1,2026-08-31T16:09:57+09:00
20260831,85312ceb,run_20260831_152517,1,2026-08-31T16:09:58+09:00
20260831,85312ceb,run_20260831_152517,1,2026-08-31T16:09:59+09:00
20260831,85312ceb,run_20260831_152517,1,2026-08-31T16:10:00+09:00
20260831,85312ceb,run_20260831_152517,1,2026-08-31T16:10:01+09:00
20260831,85312ceb,run_20260831_152517,1,2026-08-31T16:10:02+09:00
20260831,85312ceb,run_20260831_152517,1,2026-08-31T16:10:03+09:00
20260831,85312ceb,run_20260831_152517,1,2026-08-31T16:10:05+09:00
20260831,85312ceb,run_20260831_152517,1,2026-08-31T16:10:06+09:00
20260831,85312ceb,run_20260831_152517,1,2026-08-31T16:10:07+09:00
20260831,85312ceb,run_20260831_152517,1,2026-08-31T16:10:08+09:00
20260831,85312ceb,run_20260831_152517,1,2026-08-31T16:10:09+09:00
20260831,85312ceb,run_20260831_152517,1,2026-08-31T16:10:10+09:00
20260831,85312ceb,run_20260831_152517,1,2026-08-31T16:10:11+09:00
20260831,85312ceb,run_20260831_152517,1,2026-08-31T16:10:12+09:00
20260831,85312ceb,run_20260831_152517,1,2026-08-31T16:10:14+09:00
20260831,85312ceb,run_20260831_152517,1,2026-08-31T16:10:15+09:00
20260831,85312ceb,run_20260831_152517,1,2026-08-31T16:10:16+09:00
20260831,85312ceb,run_20260831_152517,1,2026-08-31T16:10:17+09:00
20260831,85312ceb,run_20260831_152517,1,2026-08-31T16:10:18+09:00
20260831,85312ceb,run_20260831_152517,1,2026-08-31T16:10:20+09:00
20260831,85312ceb,run_20260831_152517,1,2026-08-31T16:10:21+09:00
20260831,85312ceb,run_20260831_152517,1,2026-08-31T16:10:22+09:00
20260831,85312ceb,run_20260831_152517,1,2026-08-31T16:10:23+09:00
20260831,85312ceb,run_20260831_152517,1,2026-08-31T16:10:24+09:00
20260831,85312ceb,run_20260831_152517,1,2026-08-31T16:10:26+09:00
20260831,85312ceb,run_20260831_152517,1,2026-08-31T16:10:27+09:00
20260831,85312ceb,run_20260831_152517,1,2026-08-31T16:10:28+09:00
20260831,85312ceb,run_20260831_152517,1,2026-08-31T16:10:29+09:00
20260831,85312ceb,run_20260831_152517,1,2026-08-31T16:10:30+09:00
20260831,85312ceb,run_20260831_152517,1,2026-08-31T16:10:31+09:00
20260831,85312ceb,run_20260831_152517,1,2026-08-31T16:10:32+09:00
20260831,85312ceb,run_20260831_152517,1,2026-08-31T16:10:33+09:00
20260831,85312ceb,run_20260831_152517,1,2026-08-31T16:10:34+09:00
20260831,85312ceb,run_20260831_152517,1,2026-08-31T16:10:36+09:00
20260831,85312ceb,run_20260831_152517,1,2026-08-31T16:10:37+09:00
20260831,85312ceb,run_20260831_152517,1,2026-08-31T16:10:38+09:00
20260831,85312ceb,run_20260831_152517,1,2026-08-31T16:10:39+09:00
20260831,85312ceb,run_20260831_152517,1,2026-08-31T16:10:40+09:00
20260831,85312ceb,run_20260831_152517,1,2026-08-31T16:10:41+09:00
20260831,85312ceb,run_20260831_152517,1,2026-08-31T16:10:42+09:00
20260831,85312ceb,run_20260831_152517,1,2026-08-31T16:10:43+09:00
20260831,85312ceb,run_20260831_152517,1,2026-08-31T16:10:44+09:00
20260831,85312ceb,run_20260831_152517,1,2026-08-31T16:10:45+09:00
20260831,85312ceb,run_20260831_152517,1,2026-08-31T16:10:46+09:00
20260831,85312ceb,run_20260831_152517,1,2026-08-31T16:10:47+09:00
20260831,85312ceb,run_20260831_152517,1,2026-08-31T16:10:48+09:00
20260831,85312ceb,run_20260831_152517,1,2026-08-31T16:10:49+09:00
20260831,85312ceb,run_20260831_152517,1,2026-08-31T16:10:50+09:00
20260831,85312ceb,run_20260831_152517,1,2026-08-31T16:10:51+09:00
20260831,85312ceb,run_20260831_152517,1,2026-08-31T16:10:52+09:00
20260831,85312ceb,run_20260831_152517,1,2026-08-31T16:10:54+09:00
20260831,85312ceb,run_20260831_152517,1,2026-08-31T16:10:55+09:00
20260831,85312ceb,run_20260831_152517,1,2026-08-31T16:10:56+09:00
20260831,85312ceb,run_20260831_152517,1,2026-08-31T16:10:57+09:00
20260831,85312ceb,run_20260831_152517,1,2026-08-31T16:10:58+09:00
20260831,85312ceb,run_20260831_152517,1,2026-08-31T16:10:59+09:00
20260831,85312ceb,run_20260831_152517,1,2026-08-31T16:11:00+09:00
20260831,85312ceb,run_20260831_152517,1,2026-08-31T16:11:01+09:00
20260831,85312ceb,run_20260831_152517,1,2026-08-31T16:11:02+09:00
20260831,85312ceb,run_20260831_152517,1,2026-08-31T16:11:03+09:00
20260831,85312ceb,run_20260831_152517,1,2026-08-31T16:11:04+09:00
20260831,85312ceb,run_20260831_152517,1,2026-08-31T16:11:05+09:00
20260831,85312ceb,run_20260831_152517,1,2026-08-31T16:11:06+09:00
20260831,85312ceb,run_20260831_152517,1,2026-08-31T16:11:07+09:00
20260831,85312ceb,run_20260831_152517,1,2026-08-31T16:11:08+09:00
20260831,85312ceb,run_20260831_152517,1,2026-08-31T16:11:09+09:00
20260831,85312ceb,run_20260831_152517,1,2026-08-31T16:11:10+09:00
20260831,85312ceb,run_20260831_152517,1,2026-08-31T16:11:11+09:00
20260831,85312ceb,run_20260831_152517,1,2026-08-31T16:11:12+09:00
20260831,85312ceb,run_20260831_152517,1,2026-08-31T16:11:13+09:00
20260831,85312ceb,run_20260831_152517,1,2026-08-31T16:11:14+09:00
20260831,85312ceb,run_20260831_152517,1,2026-08-31T16:11:15+09:00
20260831,85312ceb,run_20260831_152517,1,2026-08-31T16:11:16+09:00
20260831,85312ceb,run_20260831_152517,1,2026-08-31T16:11:17+09:00
20260831,85312ceb,run_20260831_152517,1,2026-08-31T16:11:18+09:00
20260831,85312ceb,run_20260831_152517,1,2026-08-31T16:11:19+09:00
20260831,85312ceb,run_20260831_152517,1,2026-08-31T16:11:20+09:00
20260831,85312ceb,run_20260831_152517,1,2026-08-31T16:11:21+09:00
20260831,85312ceb,run_20260831_152517,1,2026-08-31T16:11:22+09:00
20260831,85312ceb,run_20260831_152517,1,2026-08-31T16:11:23+09:00
20260831,85312ceb,run_20260831_152517,1,2026-08-31T16:11:24+09:00
20260831,85312ceb,run_20260831_152517,1,2026-08-31T16:11:25+09:00
20260831,85312ceb,run_20260831_152517,1,2026-08-31T16:11:26+09:00
20260831,85312ceb,run_20260831_152517,1,2026-08-31T16:11:27+09:00
20260831,85312ceb,run_20260831_152517,1,2026-08-31T16:11:28+09:00
20260831,85312ceb,run_20260831_152517,1,2026-08-31T16:11:29+09:00
20260831,85312ceb,run_20260831_152517,1,2026-08-31T16:11:30+09:00
20260831,85312ceb,run_20260831_152517,1,2026-08-31T16:11:31+09:00
20260831,85312ceb,run_20260831_152517,1,2026-08-31T16:11:32+09:00
20260831,85312ceb,run_20260831_152517,1,2026-08-31T16:11:33+09:00
20260831,85312ceb,run_20260831_152517,1,2026-08-31T16:11:34+09:00
20260831,85312ceb,run_20260831_152517,1,2026-08-31T16:11:35+09:00
20260831,85312ceb,run_20260831_152517,1,2026-08-31T16:11:36+09:00
20260831,85312ceb,run_20260831_152517,1,2026-08-31T16:11:37+09:00
20260831,85312ceb,run_20260831_152517,1,2026-08-31T16:11:38+09:00
20260831,85312ceb,run_20260831_152517,1,2026-08-31T16:11:39+09:00
20260831,85312ceb,run_20260831_152517,1,2026-08-31T16:11:40+09:00
20260831,85312ceb,run_20260831_152517,1,2026-08-31T16:11:41+09:00
20260831,85312ceb,run_20260831_152517,1,2026-08-31T16:11:42+09:00
20260831,85312ceb,run_20260831_152517,1,2026-08-31T16:11:43+09:00
20260831,85312ceb,run_20260831_152517,1,2026-08-31T16:11:44+09:00
20260831,85312ceb,run_20260831_152517,1,2026-08-31T16:11:45+09:00
20260831,85312ceb,run_20260831_152517,1,2026-08-31T16:11:46+09:00
20260831,85312ceb,run_20260831_152517,1,2026-08-31T16:11:47+09:00
20260831,85312ceb,run_20260831_152517,1,2026-08-31T16:11:52+09:00
20260831,85312ceb,run_20260831_152517,1,2026-08-31T16:11:53+09:00
20260831,85312ceb,run_20260831_152517,1,2026-08-31T16:11:54+09:00
20260831,85312ceb,run_20260831_152517,1,2026-08-31T16:11:55+09:00
20260831,85312ceb,run_20260831_152517,1,2026-08-31T16:11:57+09:00
20260831,85312ceb,run_20260831_152517,1,2026-08-31T16:11:58+09:00
20260831,85312ceb,run_20260831_152517,1,2026-08-31T16:11:59+09:00
20260831,85312ceb,run_20260831_152517,1,2026-08-31T16:12:00+09:00
20260831,85312ceb,run_20260831_152517,1,2026-08-31T16:12:01+09:00
20260831,85312ceb,run_20260831_152517,1,2026-08-31T16:12:02+09:00
20260831,85312ceb,run_20260831_152517,1,2026-08-31T16:12:04+09:00
20260831,85312ceb,run_20260831_152517,1,2026-08-31T16:12:05+09:00
20260831,85312ceb,run_20260831_152517,1,2026-08-31T16:12:06+09:00
20260831,85312ceb,run_20260831_152517,1,2026-08-31T16:12:07+09:00
20260831,85312ceb,run_20260831_152517,1,2026-08-31T16:12:08+09:00
20260831,85312ceb,run_20260831_152517,1,2026-08-31T16:12:09+09:00
20260831,85312ceb,run_20260831_152517,1,2026-08-31T16:12:10+09:00
20260831,85312ceb,run_20260831_152517,1,2026-08-31T16:12:11+09:00
20260831,85312ceb,run_20260831_152517,1,2026-08-31T16:12:12+09:00
20260831,85312ceb,run_20260831_152517,1,2026-08-31T16:12:13+09:00
20260831,85312ceb,run_20260831_152517,1,2026-08-31T16:12:14+09:00
20260831,85312ceb,run_20260831_152517,1,2026-08-31T16:12:15+09:00
20260831,85312ceb,run_20260831_152517,1,2026-08-31T16:12:16+09:00
20260831,85312ceb,run_20260831_152517,1,2026-08-31T16:12:17+09:00
20260831,85312ceb,run_20260831_152517,1,2026-08-31T16:12:18+09:00
20260831,85312ceb,run_20260831_152517,1,2026-08-31T16:12:19+09:00
20260831,85312ceb,run_20260831_170752,1,2026-08-31T17:07:52+09:00
20260831,85312ceb,run_20260831_170752,1,2026-08-31T17:07:57+09:00
20260831,85312ceb,run_20260831_170752,1,2026-08-31T17:08:04+09:00
20260831,85312ceb,run_20260831_170752,1,2026-08-31T17:08:12+09:00
20260831,85312ceb,run_20260831_170752,1,2026-08-31T17:08:32+09:00
20260831,85312ceb,run_20260831_170752,1,2026-08-31T17:08:45+09:00
20260831,85312ceb,run_20260831_170752,1,2026-08-31T17:08:46+09:00
20260831,85312ceb,run_20260831_170752,1,2026-08-31T17:08:47+09:00
20260831,85312ceb,run_20260831_170752,1,2026-08-31T17:08:49+09:00
20260831,85312ceb,run_20260831_170752,1,2026-08-31T17:08:50+09:00
20260831,85312ceb,run_20260831_170752,1,2026-08-31T17:08:52+09:00
20260831,85312ceb,run_20260831_170752,1,2026-08-31T17:08:53+09:00
20260831,85312ceb,run_20260831_170752,1,2026-08-31T17:08:54+09:00
20260831,85312ceb,run_20260831_170752,1,2026-08-31T17:08:55+09:00
20260831,85312ceb,run_20260831_170752,1,2026-08-31T17:08:56+09:00
20260831,85312ceb,run_20260831_170752,1,2026-08-31T17:08:58+09:00
20260831,85312ceb,run_20260831_170752,1,2026-08-31T17:08:59+09:00
20260831,85312ceb,run_20260831_170752,1,2026-08-31T17:09:00+09:00
20260831,85312ceb,run_20260831_170752,1,2026-08-31T17:09:01+09:00
20260831,85312ceb,run_20260831_170752,1,2026-08-31T17:09:03+09:00
20260831,85312ceb,run_20260831_170752,1,2026-08-31T17:09:04+09:00
20260831,85312ceb,run_20260831_170752,1,2026-08-31T17:09:05+09:00
20260831,85312ceb,run_20260831_170752,1,2026-08-31T17:09:06+09:00
20260831,85312ceb,run_20260831_170752,1,2026-08-31T17:09:07+09:00
20260831,85312ceb,run_20260831_170752,1,2026-08-31T17:09:09+09:00
20260831,85312ceb,run_20260831_170752,1,2026-08-31T17:09:10+09:00
20260831,85312ceb,run_20260831_170752,1,2026-08-31T17:09:11+09:00
20260831,85312ceb,run_20260831_170752,1,2026-08-31T17:09:13+09:00
20260831,85312ceb,run_20260831_170752,1,2026-08-31T17:09:14+09:00
20260831,85312ceb,run_20260831_170752,1,2026-08-31T17:09:15+09:00
20260831,85312ceb,run_20260831_170752,1,2026-08-31T17:09:16+09:00
20260831,85312ceb,run_20260831_170752,1,2026-08-31T17:09:17+09:00
20260831,85312ceb,run_20260831_170752,1,2026-08-31T17:09:19+09:00
20260831,85312ceb,run_20260831_170752,1,2026-08-31T17:09:20+09:00
20260831,85312ceb,run_20260831_170752,1,2026-08-31T17:09:21+09:00
20260831,85312ceb,run_20260831_170752,1,2026-08-31T17:09:23+09:00
20260831,85312ceb,run_20260831_170752,1,2026-08-31T17:09:25+09:00
20260831,85312ceb,run_20260831_170752,1,2026-08-31T17:09:26+09:00
20260831,85312ceb,run_20260831_170752,1,2026-08-31T17:09:44+09:00
20260831,85312ceb,run_20260831_170752,1,2026-08-31T17:10:01+09:00
20260831,85312ceb,run_20260831_170752,1,2026-08-31T17:10:02+09:00
20260831,85312ceb,run_20260831_170752,1,2026-08-31T17:10:25+09:00
20260831,85312ceb,run_20260831_170752,1,2026-08-31T17:10:43+09:00
20260831,85312ceb,run_20260831_170752,1,2026-08-31T17:10:48+09:00
20260831,85312ceb,run_20260831_170752,1,2026-08-31T17:10:55+09:00
20260831,85312ceb,run_20260831_170752,1,2026-08-31T17:11:02+09:00
20260831,85312ceb,run_20260831_170752,1,2026-08-31T17:11:10+09:00
20260831,85312ceb,run_20260831_170752,1,2026-08-31T17:11:14+09:00
20260831,85312ceb,run_20260831_170752,1,2026-08-31T17:11:22+09:00
20260831,85312ceb,run_20260831_170752,1,2026-08-31T17:11:27+09:00
20260831,85312ceb,run_20260831_170752,1,2026-08-31T17:11:35+09:00
20260831,85312ceb,run_20260831_170752,1,2026-08-31T17:11:40+09:00
20260831,85312ceb,run_20260831_170752,1,2026-08-31T17:11:46+09:00
20260831,85312ceb,run_20260831_170752,1,2026-08-31T17:11:52+09:00
20260831,85312ceb,run_20260831_170752,1,2026-08-31T17:12:00+09:00
20260831,85312ceb,run_20260831_170752,1,2026-08-31T17:12:06+09:00
20260831,85312ceb,run_20260831_170752,1,2026-08-31T17:12:12+09:00
20260831,85312ceb,run_20260831_170752,1,2026-08-31T17:12:21+09:00
20260831,85312ceb,run_20260831_170752,1,2026-08-31T17:13:53+09:00
20260831,85312ceb,run_20260831_170752,1,2026-08-31T17:14:45+09:00
20260831,85312ceb,run_20260831_170752,1,2026-08-31T17:15:34+09:00
20260831,85312ceb,run_20260831_170752,1,2026-08-31T17:17:00+09:00
20260831,85312ceb,run_20260831_170752,1,2026-08-31T17:19:03+09:00
20260831,85312ceb,run_20260831_170752,1,2026-08-31T17:19:52+09:00
20260831,85312ceb,run_20260831_170752,1,2026-08-31T17:20:50+09:00
20260831,85312ceb,run_20260831_170752,1,2026-08-31T17:20:57+09:00
20260831,85312ceb,run_20260831_170752,1,2026-08-31T17:21:44+09:00
20260831,85312ceb,run_20260831_170752,1,2026-08-31T17:21:53+09:00
20260831,85312ceb,run_20260831_170752,1,2026-08-31T17:21:54+09:00
20260831,85312ceb,run_20260831_170752,1,2026-08-31T17:21:55+09:00
20260911,85312ceb,run_20260911_103248,1,2026-09-11T10:32:49+09:00
20260911,85312ceb,run_20260911_103248,1,2026-09-11T10:32:51+09:00
20260911,85312ceb,run_20260911_103248,1,2026-09-11T10:32:52+09:00
20260911,85312ceb,run_20260911_103248,1,2026-09-11T10:32:53+09:00
20260911,85312ceb,run_20260911_103248,1,2026-09-11T10:32:54+09:00
20260911,85312ceb,run_20260911_103248,1,2026-09-11T10:32:54+09:00
20260911,85312ceb,run_20260911_103248,1,2026-09-11T10:32:57+09:00
20260911,85312ceb,run_20260911_103248,1,2026-09-11T10:33:00+09:00
20260911,85312ceb,run_20260911_103248,1,2026-09-11T10:33:03+09:00
20260911,85312ceb,run_20260911_103248,1,2026-09-11T10:33:05+09:00
20260911,85312ceb,run_20260911_103248,1,2026-09-11T10:33:08+09:00
20260911,85312ceb,run_20260911_103248,1,2026-09-11T10:33:11+09:00
20260911,85312ceb,run_20260911_103248,1,2026-09-11T10:33:13+09:00
20260911,85312ceb,run_20260911_103248,1,2026-09-11T10:33:16+09:00
20260911,85312ceb,run_20260911_103248,1,2026-09-11T10:33:19+09:00
20260911,85312ceb,run_20260911_103248,1,2026-09-11T10:33:21+09:00
20260911,85312ceb,run_20260911_103248,1,2026-09-11T10:33:24+09:00
20260911,85312ceb,run_20260911_103248,1,2026-09-11T10:33:27+09:00
20260911,85312ceb,run_20260911_103248,1,2026-09-11T10:33:30+09:00
20260911,85312ceb,run_20260911_103248,1,2026-09-11T10:33:32+09:00
20260911,85312ceb,run_20260911_103248,1,2026-09-11T10:33:35+09:00
20260911,85312ceb,run_20260911_103248,1,2026-09-11T10:33:38+09:00
20260911,85312ceb,run_20260911_103248,1,2026-09-11T10:33:41+09:00
20260911,85312ceb,run_20260911_103248,1,2026-09-11T10:33:43+09:00
20260911,85312ceb,run_20260911_103248,1,2026-09-11T10:33:45+09:00
20260911,85312ceb,run_20260911_103248,1,2026-09-11T10:33:47+09:00
20260911,85312ceb,run_20260911_103248,1,2026-09-11T10:33:50+09:00
20260911,85312ceb,run_20260911_103248,1,2026-09-11T10:33:53+09:00
20260911,85312ceb,run_20260911_103248,1,2026-09-11T10:33:56+09:00
20260911,85312ceb,run_20260911_103248,1,2026-09-11T10:33:58+09:00
20260911,85312ceb,run_20260911_103248,1,2026-09-11T10:34:01+09:00
20260911,85312ceb,run_20260911_103248,1,2026-09-11T10:34:04+09:00
20260911,85312ceb,run_20260911_103248,1,2026-09-11T10:34:06+09:00
20260911,85312ceb,run_20260911_103248,1,2026-09-11T10:34:09+09:00
20260911,85312ceb,run_20260911_103248,1,2026-09-11T10:34:12+09:00
20260911,85312ceb,run_20260911_103248,1,2026-09-11T10:34:14+09:00
20260911,85312ceb,run_20260911_103248,1,2026-09-11T10:34:17+09:00
20260911,85312ceb,run_20260911_103248,1,2026-09-11T10:34:20+09:00
20260911,85312ceb,run_20260911_103248,1,2026-09-11T10:34:21+09:00
20260911,85312ceb,run_20260911_103248,1,2026-09-11T10:34:24+09:00
20260911,85312ceb,run_20260911_103248,1,2026-09-11T10:34:26+09:00
20260911,85312ceb,run_20260911_103248,1,2026-09-11T10:34:29+09:00
20260911,85312ceb,run_20260911_103248,1,2026-09-11T10:34:32+09:00
20260911,85312ceb,run_20260911_103248,1,2026-09-11T10:34:34+09:00
20260911,85312ceb,run_20260911_103248,1,2026-09-11T10:34:37+09:00
20260911,85312ceb,run_20260911_103248,1,2026-09-11T10:34:39+09:00
20260911,85312ceb,run_20260911_103248,1,2026-09-11T10:34:42+09:00
20260911,85312ceb,run_20260911_103248,1,2026-09-11T10:34:44+09:00
20260911,85312ceb,run_20260911_103248,1,2026-09-11T10:34:47+09:00
20260911,85312ceb,run_20260911_103248,1,2026-09-11T10:34:50+09:00
20260911,85312ceb,run_20260911_103248,1,2026-09-11T10:34:52+09:00
20260911,85312ceb,run_20260911_103248,1,2026-09-11T10:34:55+09:00
20260911,85312ceb,run_20260911_103248,1,2026-09-11T10:34:57+09:00
20260911,85312ceb,run_20260911_103248,1,2026-09-11T10:35:00+09:00
20260911,85312ceb,run_20260911_103248,1,2026-09-11T10:35:02+09:00
20260911,85312ceb,run_20260911_103248,1,2026-09-11T10:35:05+09:00
20260911,85312ceb,run_20260911_103248,1,2026-09-11T10:35:08+09:00
20260911,85312ceb,run_20260911_103248,1,2026-09-11T10:35:10+09:00
20260911,85312ceb,run_20260911_103248,1,2026-09-11T10:35:13+09:00
20260911,85312ceb,run_20260911_103248,1,2026-09-11T10:35:15+09:00
20260911,85312ceb,run_20260911_103248,1,2026-09-11T10:35:18+09:00
20260911,85312ceb,run_20260911_103248,1,2026-09-11T10:35:20+09:00
20260911,85312ceb,run_20260911_103248,1,2026-09-11T10:35:23+09:00
20260911,85312ceb,run_20260911_103248,1,2026-09-11T10:35:26+09:00
20260911,85312ceb,run_20260911_103248,1,2026-09-11T10:35:28+09:00
20260911,85312ceb,run_20260911_103248,1,2026-09-11T10:35:31+09:00
20260911,85312ceb,run_20260911_103248,1,2026-09-11T10:35:33+09:00
20260911,85312ceb,run_20260911_103248,1,2026-09-11T10:35:36+09:00
20260911,85312ceb,run_20260911_103248,1,2026-09-11T10:35:39+09:00
20260911,85312ceb,run_20260911_103248,1,2026-09-11T10:35:41+09:00
20260911,85312ceb,run_20260911_103248,1,2026-09-11T10:35:44+09:00
20260911,85312ceb,run_20260911_103248,1,2026-09-11T10:35:46+09:00
20260911,85312ceb,run_20260911_103248,1,2026-09-11T10:35:48+09:00
20260911,85312ceb,run_20260911_103248,1,2026-09-11T10:35:51+09:00
20260911,85312ceb,run_20260911_103248,1,2026-09-11T10:35:53+09:00
20260911,85312ceb,run_20260911_103248,1,2026-09-11T10:35:56+09:00
20260911,85312ceb,run_20260911_103248,1,2026-09-11T10:35:59+09:00
20260911,85312ceb,run_20260911_103248,1,2026-09-11T10:36:02+09:00
20260911,85312ceb,run_20260911_103248,1,2026-09-11T10:36:05+09:00
20260911,85312ceb,run_20260911_103248,1,2026-09-11T10:36:08+09:00
20260911,85312ceb,run_20260911_103248,1,2026-09-11T10:36:10+09:00
20260911,85312ceb,run_20260911_103248,1,2026-09-11T10:36:13+09:00
20260911,85312ceb,run_20260911_103248,1,2026-09-11T10:36:16+09:00
20260911,85312ceb,run_20260911_103248,1,2026-09-11T10:36:19+09:00
20260911,85312ceb,run_20260911_103248,1,2026-09-11T10:36:21+09:00
20260911,85312ceb,run_20260911_103248,1,2026-09-11T10:36:24+09:00
20260911,85312ceb,run_20260911_103248,1,2026-09-11T10:36:27+09:00
20260911,85312ceb,run_20260911_103248,1,2026-09-11T10:36:30+09:00
20260911,85312ceb,run_20260911_103248,1,2026-09-11T10:36:33+09:00
20260911,85312ceb,run_20260911_103248,1,2026-09-11T10:36:35+09:00
20260911,85312ceb,run_20260911_103248,1,2026-09-11T10:36:38+09:00
20260911,85312ceb,run_20260911_103248,1,2026-09-11T10:36:41+09:00
20260911,85312ceb,run_20260911_103248,1,2026-09-11T10:36:44+09:00
20260911,85312ceb,run_20260911_103248,1,2026-09-11T10:36:47+09:00
20260911,85312ceb,run_20260911_103248,1,2026-09-11T10:36:50+09:00
20260911,85312ceb,run_20260911_103248,1,2026-09-11T10:36:53+09:00
20260911,85312ceb,run_20260911_103248,1,2026-09-11T10:36:56+09:00
20260911,85312ceb,run_20260911_103248,1,2026-09-11T10:36:59+09:00
20260911,85312ceb,run_20260911_103248,1,2026-09-11T10:37:02+09:00
20260911,85312ceb,run_20260911_103248,1,2026-09-11T10:37:05+09:00
20260911,85312ceb,run_20260911_103248,1,2026-09-11T10:37:08+09:00
20260911,85312ceb,run_20260911_103248,1,2026-09-11T10:37:11+09:00
20260911,85312ceb,run_20260911_103248,1,2026-09-11T10:37:13+09:00
20260911,85312ceb,run_20260911_103248,1,2026-09-11T10:37:16+09:00
20260911,85312ceb,run_20260911_103248,1,2026-09-11T10:37:19+09:00
20260911,85312ceb,run_20260911_103248,1,2026-09-11T10:37:22+09:00
20260911,85312ceb,run_20260911_103248,1,2026-09-11T10:37:25+09:00
20260911,85312ceb,run_20260911_103248,1,2026-09-11T10:37:27+09:00
20260911,85312ceb,run_20260911_103248,1,2026-09-11T10:37:30+09:00
20260911,85312ceb,run_20260911_103248,1,2026-09-11T10:37:33+09:00
20260911,85312ceb,run_20260911_103248,1,2026-09-11T10:37:36+09:00
20260911,85312ceb,run_20260911_103248,1,2026-09-11T10:37:39+09:00
20260911,85312ceb,run_20260911_103248,1,2026-09-11T10:37:41+09:00
20260911,85312ceb,run_20260911_103248,1,2026-09-11T10:37:44+09:00
20260911,85312ceb,run_20260911_103248,1,2026-09-11T10:37:47+09:00
20260911,85312ceb,run_20260911_103248,1,2026-09-11T10:37:50+09:00
20260911,85312ceb,run_20260911_103248,1,2026-09-11T10:37:52+09:00
20260911,85312ceb,run_20260911_103248,1,2026-09-11T10:37:55+09:00
20260911,85312ceb,run_20260911_103248,1,2026-09-11T10:37:58+09:00
20260911,85312ceb,run_20260911_103248,1,2026-09-11T10:38:01+09:00
20260911,85312ceb,run_20260911_103248,1,2026-09-11T10:38:04+09:00
20260911,85312ceb,run_20260911_103248,1,2026-09-11T10:38:07+09:00
20260911,85312ceb,run_20260911_103248,1,2026-09-11T10:38:09+09:00
20260911,85312ceb,run_20260911_103248,1,2026-09-11T10:38:12+09:00
20260911,85312ceb,run_20260911_103248,1,2026-09-11T10:38:15+09:00
20260911,85312ceb,run_20260911_103248,1,2026-09-11T10:38:18+09:00
20260911,85312ceb,run_20260911_103248,1,2026-09-11T10:38:21+09:00
20260911,85312ceb,run_20260911_103248,1,2026-09-11T10:38:23+09:00
20260911,85312ceb,run_20260911_103248,1,2026-09-11T10:38:26+09:00
20260911,85312ceb,run_20260911_103248,1,2026-09-11T10:38:29+09:00
20260911,85312ceb,run_20260911_103248,1,2026-09-11T10:38:32+09:00
20260911,85312ceb,run_20260911_103248,1,2026-09-11T10:38:35+09:00
20260911,85312ceb,run_20260911_103248,1,2026-09-11T10:38:38+09:00
20260911,85312ceb,run_20260911_103248,1,2026-09-11T10:38:41+09:00
20260911,85312ceb,run_20260911_103248,1,2026-09-11T10:38:43+09:00
20260911,85312ceb,run_20260911_103248,1,2026-09-11T10:38:46+09:00
20260911,85312ceb,run_20260911_103248,1,2026-09-11T10:38:49+09:00
20260911,85312ceb,run_20260911_103248,1,2026-09-11T10:38:51+09:00
20260911,85312ceb,run_20260911_103248,1,2026-09-11T10:38:54+09:00
20260911,85312ceb,run_20260911_103248,1,2026-09-11T10:38:55+09:00
20260911,85312ceb,run_20260911_103248,1,2026-09-11T10:38:59+09:00
20260911,85312ceb,run_20260911_103248,1,2026-09-11T10:39:00+09:00
20260911,85312ceb,run_20260911_103248,1,2026-09-11T10:39:01+09:00
20260911,85312ceb,run_20260911_103248,1,2026-09-11T10:39:02+09:00
20260911,85312ceb,run_20260911_103248,1,2026-09-11T10:39:04+09:00
20260911,85312ceb,run_20260911_103248,1,2026-09-11T10:39:05+09:00
20260911,85312ceb,run_20260911_103248,1,2026-09-11T10:39:06+09:00
20260911,85312ceb,run_20260911_103248,1,2026-09-11T10:39:07+09:00
20260911,85312ceb,run_20260911_103248,1,2026-09-11T10:39:08+09:00
20260911,85312ceb,run_20260911_103248,1,2026-09-11T10:39:13+09:00
20260911,85312ceb,run_20260911_103248,1,2026-09-11T10:39:14+09:00
20260911,85312ceb,run_20260911_103248,1,2026-09-11T10:39:15+09:00
20260911,85312ceb,run_20260911_103248,1,2026-09-11T10:39:16+09:00
20260911,85312ceb,run_20260911_103248,1,2026-09-11T10:39:17+09:00
20260911,85312ceb,run_20260911_103248,1,2026-09-11T10:39:19+09:00
20260911,85312ceb,run_20260911_103248,1,2026-09-11T10:39:20+09:00
20260911,85312ceb,run_20260911_103248,1,2026-09-11T10:39:21+09:00
20260911,85312ceb,run_20260911_103248,1,2026-09-11T10:39:22+09:00
20260911,85312ceb,run_20260911_103248,1,2026-09-11T10:39:27+09:00
20260911,85312ceb,run_20260911_103248,1,2026-09-11T10:39:28+09:00
20260911,85312ceb,run_20260911_103248,1,2026-09-11T10:39:31+09:00
20260911,85312ceb,run_20260911_103248,1,2026-09-11T10:39:32+09:00
20260911,85312ceb,run_20260911_103248,1,2026-09-11T10:39:35+09:00
20260911,85312ceb,run_20260911_103248,1,2026-09-11T10:39:37+09:00
20260911,85312ceb,run_20260911_103248,1,2026-09-11T10:39:40+09:00
20260911,85312ceb,run_20260911_103248,1,2026-09-11T10:39:54+09:00
20260911,85312ceb,run_20260911_103248,1,2026-09-11T10:40:05+09:00
20260911,85312ceb,run_20260911_103248,1,2026-09-11T10:40:10+09:00
20260911,85312ceb,run_20260911_103248,1,2026-09-11T10:40:11+09:00
20260911,85312ceb,run_20260911_103248,1,2026-09-11T10:40:12+09:00
20260911,85312ceb,run_20260911_103248,1,2026-09-11T10:40:13+09:00
20260911,85312ceb,run_20260911_103248,1,2026-09-11T10:40:14+09:00
20260911,85312ceb,run_20260911_103248,1,2026-09-11T10:40:16+09:00
20260911,85312ceb,run_20260911_103248,1,2026-09-11T10:40:17+09:00
20260911,85312ceb,run_20260911_103248,1,2026-09-11T10:40:31+09:00
20260911,85312ceb,run_20260911_103248,1,2026-09-11T10:40:41+09:00
20260911,85312ceb,run_20260911_103248,1,2026-09-11T10:40:55+09:00
20260911,85312ceb,run_20260911_103248,1,2026-09-11T10:40:57+09:00
20260911,85312ceb,run_20260911_103248,1,2026-09-11T10:40:58+09:00
20260911,85312ceb,run_20260911_103248,1,2026-09-11T10:40:59+09:00
20260911,85312ceb,run_20260911_103248,1,2026-09-11T10:41:00+09:00
20260911,85312ceb,run_20260911_103248,1,2026-09-11T10:41:01+09:00
20260911,85312ceb,run_20260911_103248,1,2026-09-11T10:41:02+09:00
20260911,85312ceb,run_20260911_103248,1,2026-09-11T10:41:17+09:00
20260911,85312ceb,run_20260911_103248,1,2026-09-11T10:41:27+09:00
20260911,85312ceb,run_20260911_103248,1,2026-09-11T10:41:32+09:00
20260911,85312ceb,run_20260911_103248,1,2026-09-11T10:41:34+09:00
20260911,85312ceb,run_20260911_103248,1,2026-09-11T10:41:35+09:00
20260911,85312ceb,run_20260911_103248,1,2026-09-11T10:41:36+09:00
20260911,85312ceb,run_20260911_103248,1,2026-09-11T10:41:37+09:00
20260911,85312ceb,run_20260911_103248,1,2026-09-11T10:41:38+09:00
20260911,85312ceb,run_20260911_103248,1,2026-09-11T10:41:39+09:00
20260911,85312ceb,run_20260911_103248,1,2026-09-11T10:41:49+09:00
20260911,85312ceb,run_20260911_103248,1,2026-09-11T10:41:57+09:00
20260911,85312ceb,run_20260911_103248,1,2026-09-11T10:42:26+09:00
20260911,85312ceb,run_20260911_103248,1,2026-09-11T10:42:27+09:00
20260911,85312ceb,run_20260911_103248,1,2026-09-11T10:42:28+09:00
20260911,85312ceb,run_20260911_103248,1,2026-09-11T10:42:29+09:00
20260911,85312ceb,run_20260911_103248,1,2026-09-11T10:42:30+09:00
20260911,85312ceb,run_20260911_103248,1,2026-09-11T10:42:32+09:00
20260911,85312ceb,run_20260911_103248,1,2026-09-11T10:42:33+09:00
20260911,85312ceb,run_20260911_103248,1,2026-09-11T10:42:43+09:00
20260911,85312ceb,run_20260911_103248,1,2026-09-11T10:42:52+09:00
20260911,85312ceb,run_20260911_103248,1,2026-09-11T10:42:53+09:00
20260911,85312ceb,run_20260911_103248,1,2026-09-11T10:42:54+09:00
20260911,85312ceb,run_20260911_103248,1,2026-09-11T10:42:55+09:00
20260911,85312ceb,run_20260911_103248,1,2026-09-11T10:42:56+09:00
20260911,85312ceb,run_20260911_103248,1,2026-09-11T10:42:58+09:00
20260911,85312ceb,run_20260911_103248,1,2026-09-11T10:42:59+09:00
20260911,85312ceb,run_20260911_103248,1,2026-09-11T10:43:00+09:00
20260911,85312ceb,run_20260911_103248,1,2026-09-11T10:43:01+09:00
20260911,85312ceb,run_20260911_103248,1,2026-09-11T10:43:02+09:00
20260911,85312ceb,run_20260911_103248,1,2026-09-11T10:43:03+09:00
20260911,85312ceb,run_20260911_103248,1,2026-09-11T10:43:04+09:00
20260911,85312ceb,run_20260911_103248,1,2026-09-11T10:43:05+09:00
20260911,85312ceb,run_20260911_103248,1,2026-09-11T10:43:06+09:00
20260911,85312ceb,run_20260911_103248,1,2026-09-11T10:43:07+09:00
20260911,85312ceb,run_20260911_103248,1,2026-09-11T10:43:09+09:00
20260911,85312ceb,run_20260911_103248,1,2026-09-11T10:43:10+09:00
20260911,85312ceb,run_20260911_103248,1,2026-09-11T10:43:11+09:00
20260911,85312ceb,run_20260911_103248,1,2026-09-11T10:43:12+09:00
20260911,85312ceb,run_20260911_103248,1,2026-09-11T10:43:13+09:00
20260911,85312ceb,run_20260911_103248,1,2026-09-11T10:43:14+09:00
20260911,85312ceb,run_20260911_103248,1,2026-09-11T10:43:15+09:00
20260911,85312ceb,run_20260911_103248,1,2026-09-11T10:43:16+09:00
20260911,85312ceb,run_20260911_103248,1,2026-09-11T10:43:17+09:00
20260911,85312ceb,run_20260911_103248,1,2026-09-11T10:43:19+09:00
20260911,85312ceb,run_20260911_103248,1,2026-09-11T10:43:20+09:00
20260911,85312ceb,run_20260911_103248,1,2026-09-11T10:43:39+09:00
20260911,85312ceb,run_20260911_103248,1,2026-09-11T10:43:49+09:00
20260911,85312ceb,run_20260911_103248,1,2026-09-11T10:43:50+09:00
20260911,85312ceb,run_20260911_103248,1,2026-09-11T10:43:51+09:00
20260911,85312ceb,run_20260911_103248,1,2026-09-11T10:43:52+09:00
20260911,85312ceb,run_20260911_103248,1,2026-09-11T10:43:54+09:00
20260911,85312ceb,run_20260911_103248,1,2026-09-11T10:43:55+09:00
20260911,85312ceb,run_20260911_103248,1,2026-09-11T10:43:56+09:00
20260911,85312ceb,run_20260911_103248,1,2026-09-11T10:43:57+09:00
20260911,85312ceb,run_20260911_103248,1,2026-09-11T10:44:15+09:00
20260911,85312ceb,run_20260911_103248,1,2026-09-11T10:44:23+09:00
20260911,85312ceb,run_20260911_103248,1,2026-09-11T10:44:24+09:00
20260911,85312ceb,run_20260911_103248,1,2026-09-11T10:44:25+09:00
20260911,85312ceb,run_20260911_103248,1,2026-09-11T10:44:26+09:00
20260911,85312ceb,run_20260911_103248,1,2026-09-11T10:44:28+09:00
20260911,85312ceb,run_20260911_103248,1,2026-09-11T10:44:29+09:00
20260911,85312ceb,run_20260911_103248,1,2026-09-11T10:44:30+09:00
20260911,85312ceb,run_20260911_103248,1,2026-09-11T10:44:31+09:00
20260911,85312ceb,run_20260911_103248,1,2026-09-11T10:44:49+09:00
20260911,85312ceb,run_20260911_103248,1,2026-09-11T10:44:58+09:00
20260911,85312ceb,run_20260911_103248,1,2026-09-11T10:44:59+09:00
20260911,85312ceb,run_20260911_103248,1,2026-09-11T10:45:01+09:00
20260911,85312ceb,run_20260911_103248,1,2026-09-11T10:45:02+09:00
20260911,85312ceb,run_20260911_103248,1,2026-09-11T10:45:03+09:00
20260911,85312ceb,run_20260911_103248,1,2026-09-11T10:45:04+09:00
20260911,85312ceb,run_20260911_103248,1,2026-09-11T10:45:05+09:00
20260911,85312ceb,run_20260911_103248,1,2026-09-11T10:45:06+09:00
20260911,85312ceb,run_20260911_103248,1,2026-09-11T10:45:22+09:00
20260911,85312ceb,run_20260911_103248,1,2026-09-11T10:45:30+09:00
20260911,85312ceb,run_20260911_103248,1,2026-09-11T10:45:31+09:00
20260911,85312ceb,run_20260911_103248,1,2026-09-11T10:45:33+09:00
20260911,85312ceb,run_20260911_103248,1,2026-09-11T10:45:34+09:00
20260911,85312ceb,run_20260911_103248,1,2026-09-11T10:45:35+09:00
20260911,85312ceb,run_20260911_103248,1,2026-09-11T10:45:36+09:00
20260911,85312ceb,run_20260911_103248,1,2026-09-11T10:45:37+09:00
20260911,85312ceb,run_20260911_103248,1,2026-09-11T10:45:38+09:00
20260911,85312ceb,run_20260911_103248,1,2026-09-11T10:45:53+09:00
20260911,85312ceb,run_20260911_103248,1,2026-09-11T10:46:00+09:00
20260911,85312ceb,run_20260911_103248,1,2026-09-11T10:46:25+09:00
20260911,85312ceb,run_20260911_103248,1,2026-09-11T10:46:26+09:00
20260911,85312ceb,run_20260911_103248,1,2026-09-11T10:46:28+09:00
20260911,85312ceb,run_20260911_103248,1,2026-09-11T10:46:29+09:00
20260911,85312ceb,run_20260911_103248,1,2026-09-11T10:46:30+09:00
20260911,85312ceb,run_20260911_103248,1,2026-09-11T10:46:31+09:00
20260911,85312ceb,run_20260911_103248,1,2026-09-11T10:46:32+09:00
20260911,85312ceb,run_20260911_103248,1,2026-09-11T10:46:33+09:00
20260911,85312ceb,run_20260911_103248,1,2026-09-11T10:46:34+09:00
20260911,85312ceb,run_20260911_103248,1,2026-09-11T10:47:02+09:00
20260911,85312ceb,run_20260911_103248,1,2026-09-11T10:47:04+09:00
20260911,85312ceb,run_20260911_103248,1,2026-09-11T10:47:05+09:00
20260911,85312ceb,run_20260911_103248,1,2026-09-11T10:47:06+09:00
20260911,85312ceb,run_20260911_103248,1,2026-09-11T10:47:07+09:00
20260911,85312ceb,run_20260911_103248,1,2026-09-11T10:47:08+09:00
20260911,85312ceb,run_20260911_103248,1,2026-09-11T10:47:10+09:00
20260911,85312ceb,run_20260911_103248,1,2026-09-11T10:47:11+09:00
20260911,85312ceb,run_20260911_103248,1,2026-09-11T10:47:12+09:00
20260911,85312ceb,run_20260911_103248,1,2026-09-11T10:47:44+09:00
20260911,85312ceb,run_20260911_103248,1,2026-09-11T10:47:45+09:00
20260911,85312ceb,run_20260911_103248,1,2026-09-11T10:47:46+09:00
20260911,85312ceb,run_20260911_103248,1,2026-09-11T10:47:47+09:00
20260911,85312ceb,run_20260911_103248,1,2026-09-11T10:47:48+09:00
20260911,85312ceb,run_20260911_103248,1,2026-09-11T10:47:50+09:00
20260911,85312ceb,run_20260911_103248,1,2026-09-11T10:47:51+09:00
20260911,85312ceb,run_20260911_103248,1,2026-09-11T10:48:03+09:00
20260911,85312ceb,run_20260911_103248,1,2026-09-11T10:48:11+09:00
20260911,85312ceb,run_20260911_103248,1,2026-09-11T10:48:45+09:00
20260911,85312ceb,run_20260911_103248,1,2026-09-11T10:48:46+09:00
20260911,85312ceb,run_20260911_103248,1,2026-09-11T10:48:47+09:00
20260911,85312ceb,run_20260911_103248,1,2026-09-11T10:48:48+09:00
20260911,85312ceb,run_20260911_103248,1,2026-09-11T10:48:49+09:00
20260911,85312ceb,run_20260911_103248,1,2026-09-11T10:48:51+09:00
20260911,85312ceb,run_20260911_103248,1,2026-09-11T10:48:52+09:00
20260911,85312ceb,run_20260911_103248,1,2026-09-11T10:49:04+09:00
20260911,85312ceb,run_20260911_103248,1,2026-09-11T10:49:12+09:00
20260911,85312ceb,run_20260911_103248,1,2026-09-11T10:49:47+09:00
20260911,85312ceb,run_20260911_103248,1,2026-09-11T10:49:49+09:00
20260911,85312ceb,run_20260911_103248,1,2026-09-11T10:49:50+09:00
20260911,85312ceb,run_20260911_103248,1,2026-09-11T10:49:51+09:00
20260911,85312ceb,run_20260911_103248,1,2026-09-11T10:49:52+09:00
20260911,85312ceb,run_20260911_103248,1,2026-09-11T10:49:53+09:00
20260911,85312ceb,run_20260911_103248,1,2026-09-11T10:49:54+09:00
20260911,85312ceb,run_20260911_103248,1,2026-09-11T10:50:05+09:00
20260911,85312ceb,run_20260911_103248,1,2026-09-11T10:50:14+09:00
20260911,85312ceb,run_20260911_103248,1,2026-09-11T10:50:48+09:00
20260911,85312ceb,run_20260911_103248,1,2026-09-11T10:50:49+09:00
20260911,85312ceb,run_20260911_103248,1,2026-09-11T10:50:50+09:00
20260911,85312ceb,run_20260911_103248,1,2026-09-11T10:50:51+09:00
20260911,85312ceb,run_20260911_103248,1,2026-09-11T10:50:52+09:00
20260911,85312ceb,run_20260911_103248,1,2026-09-11T10:50:54+09:00
20260911,85312ceb,run_20260911_103248,1,2026-09-11T10:50:55+09:00
20260911,85312ceb,run_20260911_103248,1,2026-09-11T10:51:05+09:00
20260911,85312ceb,run_20260911_103248,1,2026-09-11T10:51:13+09:00
20260911,85312ceb,run_20260911_103248,1,2026-09-11T10:51:48+09:00
20260911,85312ceb,run_20260911_103248,1,2026-09-11T10:51:49+09:00
20260911,85312ceb,run_20260911_103248,1,2026-09-11T10:51:50+09:00
20260911,85312ceb,run_20260911_103248,1,2026-09-11T10:51:51+09:00
20260911,85312ceb,run_20260911_103248,1,2026-09-11T10:51:53+09:00
20260911,85312ceb,run_20260911_103248,1,2026-09-11T10:51:54+09:00
20260911,85312ceb,run_20260911_103248,1,2026-09-11T10:51:55+09:00
20260911,85312ceb,run_20260911_103248,1,2026-09-11T10:52:05+09:00
20260911,85312ceb,run_20260911_103248,1,2026-09-11T10:52:13+09:00
20260911,85312ceb,run_20260911_103248,1,2026-09-11T10:52:22+09:00
20260911,85312ceb,run_20260911_103248,1,2026-09-11T10:52:23+09:00
20260911,85312ceb,run_20260911_103248,1,2026-09-11T10:52:24+09:00
20260911,85312ceb,run_20260911_103248,1,2026-09-11T10:52:26+09:00
20260911,85312ceb,run_20260911_103248,1,2026-09-11T10:52:27+09:00
20260911,85312ceb,run_20260911_103248,1,2026-09-11T10:52:28+09:00
20260911,85312ceb,run_20260911_103248,1,2026-09-11T10:52:30+09:00
20260911,85312ceb,run_20260911_103248,1,2026-09-11T10:52:31+09:00
20260911,85312ceb,run_20260911_103248,1,2026-09-11T10:52:32+09:00
20260911,85312ceb,run_20260911_103248,1,2026-09-11T10:52:41+09:00
20260911,85312ceb,run_20260911_103248,1,2026-09-11T10:52:43+09:00
20260911,85312ceb,run_20260911_103248,1,2026-09-11T10:52:44+09:00
20260911,85312ceb,run_20260911_103248,1,2026-09-11T10:52:45+09:00
20260911,85312ceb,run_20260911_103248,1,2026-09-11T10:52:47+09:00
20260911,85312ceb,run_20260911_103248,1,2026-09-11T10:52:48+09:00
20260911,85312ceb,run_20260911_103248,1,2026-09-11T10:52:49+09:00
20260911,85312ceb,run_20260911_103248,1,2026-09-11T10:52:50+09:00
20260911,85312ceb,run_20260911_103248,1,2026-09-11T10:52:51+09:00
20260911,85312ceb,run_20260911_103248,1,2026-09-11T10:53:01+09:00
20260911,85312ceb,run_20260911_103248,1,2026-09-11T10:53:03+09:00
20260911,85312ceb,run_20260911_103248,1,2026-09-11T10:53:04+09:00
20260911,85312ceb,run_20260911_103248,1,2026-09-11T10:53:06+09:00
20260911,85312ceb,run_20260911_103248,1,2026-09-11T10:53:07+09:00
20260911,85312ceb,run_20260911_103248,1,2026-09-11T10:53:08+09:00
20260911,85312ceb,run_20260911_103248,1,2026-09-11T10:53:09+09:00
20260911,85312ceb,run_20260911_103248,1,2026-09-11T10:53:22+09:00
20260911,85312ceb,run_20260911_103248,1,2026-09-11T10:53:31+09:00
20260911,85312ceb,run_20260911_103248,1,2026-09-11T10:53:40+09:00
20260911,85312ceb,run_20260911_103248,1,2026-09-11T10:53:42+09:00
20260911,85312ceb,run_20260911_103248,1,2026-09-11T10:53:43+09:00
20260911,85312ceb,run_20260911_103248,1,2026-09-11T10:53:44+09:00
20260911,85312ceb,run_20260911_103248,1,2026-09-11T10:53:45+09:00
20260911,85312ceb,run_20260911_103248,1,2026-09-11T10:53:46+09:00
20260911,85312ceb,run_20260911_103248,1,2026-09-11T10:53:48+09:00
20260911,85312ceb,run_20260911_103248,1,2026-09-11T10:54:00+09:00
20260911,85312ceb,run_20260911_103248,1,2026-09-11T10:54:09+09:00
20260911,85312ceb,run_20260911_103248,1,2026-09-11T10:54:19+09:00
20260911,85312ceb,run_20260911_103248,1,2026-09-11T10:54:20+09:00
20260911,85312ceb,run_20260911_103248,1,2026-09-11T10:54:21+09:00
20260911,85312ceb,run_20260911_103248,1,2026-09-11T10:54:23+09:00
20260911,85312ceb,run_20260911_103248,1,2026-09-11T10:54:24+09:00
20260911,85312ceb,run_20260911_103248,1,2026-09-11T10:54:25+09:00
20260911,85312ceb,run_20260911_103248,1,2026-09-11T10:54:26+09:00
20260911,85312ceb,run_20260911_103248,1,2026-09-11T10:54:39+09:00
20260911,85312ceb,run_20260911_103248,1,2026-09-11T10:54:49+09:00
20260911,85312ceb,run_20260911_103248,1,2026-09-11T10:54:57+09:00
20260911,85312ceb,run_20260911_103248,1,2026-09-11T10:54:58+09:00
20260911,85312ceb,run_20260911_103248,1,2026-09-11T10:55:00+09:00
20260911,85312ceb,run_20260911_103248,1,2026-09-11T10:55:01+09:00
20260911,85312ceb,run_20260911_103248,1,2026-09-11T10:55:02+09:00
20260911,85312ceb,run_20260911_103248,1,2026-09-11T10:55:03+09:00
20260911,85312ceb,run_20260911_103248,1,2026-09-11T10:55:04+09:00
20260911,85312ceb,run_20260911_103248,1,2026-09-11T10:55:17+09:00
20260911,85312ceb,run_20260911_103248,1,2026-09-11T10:55:26+09:00
20260911,85312ceb,run_20260911_103248,1,2026-09-11T10:55:36+09:00
20260911,85312ceb,run_20260911_103248,1,2026-09-11T10:55:37+09:00
20260911,85312ceb,run_20260911_103248,1,2026-09-11T10:55:38+09:00
20260911,85312ceb,run_20260911_103248,1,2026-09-11T10:55:40+09:00
20260911,85312ceb,run_20260911_103248,1,2026-09-11T10:55:41+09:00
20260911,85312ceb,run_20260911_103248,1,2026-09-11T10:55:42+09:00
20260911,85312ceb,run_20260911_103248,1,2026-09-11T10:55:43+09:00
20260911,85312ceb,run_20260911_103248,1,2026-09-11T10:55:56+09:00
20260911,85312ceb,run_20260911_103248,1,2026-09-11T10:56:05+09:00
20260911,85312ceb,run_20260911_103248,1,2026-09-11T10:56:22+09:00
20260911,85312ceb,run_20260911_103248,1,2026-09-11T10:56:23+09:00
20260911,85312ceb,run_20260911_103248,1,2026-09-11T10:56:24+09:00
20260911,85312ceb,run_20260911_103248,1,2026-09-11T10:56:26+09:00
20260911,85312ceb,run_20260911_103248,1,2026-09-11T10:56:27+09:00
20260911,85312ceb,run_20260911_103248,1,2026-09-11T10:56:28+09:00
20260911,85312ceb,run_20260911_103248,1,2026-09-11T10:56:29+09:00
20260911,85312ceb,run_20260911_103248,1,2026-09-11T10:56:30+09:00
20260911,85312ceb,run_20260911_103248,1,2026-09-11T10:56:31+09:00
20260911,85312ceb,run_20260911_103248,1,2026-09-11T10:56:47+09:00
20260911,85312ceb,run_20260911_103248,1,2026-09-11T10:56:48+09:00
20260911,85312ceb,run_20260911_103248,1,2026-09-11T10:56:49+09:00
20260911,85312ceb,run_20260911_103248,1,2026-09-11T10:56:50+09:00
20260911,85312ceb,run_20260911_103248,1,2026-09-11T10:56:51+09:00
20260911,85312ceb,run_20260911_103248,1,2026-09-11T10:56:52+09:00
20260911,85312ceb,run_20260911_103248,1,2026-09-11T10:56:53+09:00
20260911,85312ceb,run_20260911_103248,1,2026-09-11T10:56:54+09:00
20260911,85312ceb,run_20260911_103248,1,2026-09-11T10:56:55+09:00
20260911,85312ceb,run_20260911_103248,1,2026-09-11T10:57:08+09:00
20260911,85312ceb,run_20260911_103248,1,2026-09-11T10:57:09+09:00
20260911,85312ceb,run_20260911_103248,1,2026-09-11T10:57:10+09:00
20260911,85312ceb,run_20260911_103248,1,2026-09-11T10:57:11+09:00
20260911,85312ceb,run_20260911_103248,1,2026-09-11T10:57:12+09:00
20260911,85312ceb,run_20260911_103248,1,2026-09-11T10:57:13+09:00
20260911,85312ceb,run_20260911_103248,1,2026-09-11T10:57:14+09:00
20260911,85312ceb,run_20260911_103248,1,2026-09-11T10:57:32+09:00
20260911,85312ceb,run_20260911_103248,1,2026-09-11T10:57:44+09:00
20260911,85312ceb,run_20260911_103248,1,2026-09-11T10:57:54+09:00
20260911,85312ceb,run_20260911_103248,1,2026-09-11T10:57:55+09:00
20260911,85312ceb,run_20260911_103248,1,2026-09-11T10:57:56+09:00
20260911,85312ceb,run_20260911_103248,1,2026-09-11T10:57:57+09:00
20260911,85312ceb,run_20260911_103248,1,2026-09-11T10:57:59+09:00
20260911,85312ceb,run_20260911_103248,1,2026-09-11T10:58:00+09:00
20260911,85312ceb,run_20260911_103248,1,2026-09-11T10:58:01+09:00
20260911,85312ceb,run_20260911_103248,1,2026-09-11T10:58:17+09:00
20260911,85312ceb,run_20260911_103248,1,2026-09-11T10:58:29+09:00
20260911,85312ceb,run_20260911_103248,1,2026-09-11T10:58:37+09:00
20260911,85312ceb,run_20260911_103248,1,2026-09-11T10:58:38+09:00
20260911,85312ceb,run_20260911_103248,1,2026-09-11T10:58:39+09:00
20260911,85312ceb,run_20260911_103248,1,2026-09-11T10:58:40+09:00
20260911,85312ceb,run_20260911_103248,1,2026-09-11T10:58:41+09:00
20260911,85312ceb,run_20260911_103248,1,2026-09-11T10:58:43+09:00
20260911,85312ceb,run_20260911_103248,1,2026-09-11T10:58:44+09:00
20260911,85312ceb,run_20260911_103248,1,2026-09-11T10:59:00+09:00
20260911,85312ceb,run_20260911_103248,1,2026-09-11T10:59:11+09:00
20260911,85312ceb,run_20260911_103248,1,2026-09-11T10:59:19+09:00
20260911,85312ceb,run_20260911_103248,1,2026-09-11T10:59:21+09:00
20260911,85312ceb,run_20260911_103248,1,2026-09-11T10:59:22+09:00
20260911,85312ceb,run_20260911_103248,1,2026-09-11T10:59:23+09:00
20260911,85312ceb,run_20260911_103248,1,2026-09-11T10:59:24+09:00
20260911,85312ceb,run_20260911_103248,1,2026-09-11T10:59:25+09:00
20260911,85312ceb,run_20260911_103248,1,2026-09-11T10:59:26+09:00
20260911,85312ceb,run_20260911_103248,1,2026-09-11T10:59:40+09:00
20260911,85312ceb,run_20260911_103248,1,2026-09-11T10:59:49+09:00
20260911,85312ceb,run_20260911_103248,1,2026-09-11T10:59:57+09:00
20260911,85312ceb,run_20260911_103248,1,2026-09-11T10:59:58+09:00
20260911,85312ceb,run_20260911_103248,1,2026-09-11T10:59:59+09:00
20260911,85312ceb,run_20260911_103248,1,2026-09-11T11:00:00+09:00
20260911,85312ceb,run_20260911_103248,1,2026-09-11T11:00:01+09:00
20260911,85312ceb,run_20260911_103248,1,2026-09-11T11:00:03+09:00
20260911,85312ceb,run_20260911_103248,1,2026-09-11T11:00:04+09:00
20260911,85312ceb,run_20260911_103248,1,2026-09-11T11:00:17+09:00
20260911,85312ceb,run_20260911_110125,1,2026-09-11T11:01:25+09:00
20260911,85312ceb,run_20260911_110125,1,2026-09-11T11:02:28+09:00
20260911,85312ceb,run_20260911_110125,1,2026-09-11T11:03:17+09:00
20260911,85312ceb,run_20260911_110125,1,2026-09-11T11:04:21+09:00
20260911,85312ceb,run_20260911_110125,1,2026-09-11T11:05:09+09:00
20260911,85312ceb,run_20260911_110652,1,2026-09-11T11:06:53+09:00
20260911,85312ceb,run_20260911_110652,1,2026-09-11T11:07:00+09:00
20260911,85312ceb,run_20260911_110652,1,2026-09-11T11:08:03+09:00
20260911,85312ceb,run_20260911_110652,1,2026-09-11T11:08:04+09:00
20260911,85312ceb,run_20260911_110652,1,2026-09-11T11:08:05+09:00
20260911,85312ceb,run_20260911_110652,1,2026-09-11T11:08:06+09:00
20260911,85312ceb,run_20260911_110652,1,2026-09-11T11:08:07+09:00
20260911,85312ceb,run_20260911_110652,1,2026-09-11T11:08:08+09:00
20260911,85312ceb,run_20260911_110652,1,2026-09-11T11:08:09+09:00
20260911,85312ceb,run_20260911_110652,1,2026-09-11T11:08:10+09:00
20260911,85312ceb,run_20260911_110652,1,2026-09-11T11:08:11+09:00
20260911,85312ceb,run_20260911_110652,1,2026-09-11T11:09:02+09:00
20260911,85312ceb,run_20260911_110652,1,2026-09-11T11:09:54+09:00
20260911,85312ceb,run_20260911_110652,1,2026-09-11T11:10:46+09:00
20260911,85312ceb,run_20260911_110652,1,2026-09-11T11:11:38+09:00
20260911,85312ceb,run_20260911_110652,1,2026-09-11T11:12:30+09:00
20260911,85312ceb,run_20260911_110652,1,2026-09-11T11:13:38+09:00
