corp_label,공시일,거래 상대방,거래 유형,금액,이사회 의결일,url,source_text,doc_name,page,collected_at,note,판정
KB손해보험,2025-07-03,문서에 없음,,문서에 없음,문서에 없음,https://www.kbinsure.co.kr/CG801020002.ec?seq=963,문서에 없음,[공시문안]대주주가 발행한 주식에 대한 의결권 행사(KB헬스케어)(250630).pdf,1,2026-10-01T17:33:30+09:00,"거래 상대방 판정: 지주·지주 자회사 목록과 이름 불일치(handoff/12_지분관계.csv KB금융 2026 반기보고서(rcept_no 20260814004200) 지주 타법인출자현황 11곳) / 목록 「[의결권행사] KB헬스케어」 공시일 2025-07-03 발생일 2025-06-30 / 문서 일자: 문서에 없음 / 서식 번호 없음 / PDF 1쪽 / 원본 dart_out/raw/web10/insdeal/KB손해보험_seq963.pdf (sha256 03f7b5678b55…, 쪽 텍스트 dart_out/raw/web10/insdeal/KB손해보험_seq963.pdf.pages.txt) / 출처 화면·기간: KB손해보험 누리집 > 공시실 > 경영ㆍ사외이사공시 > 수시공시/공고 — 2026·2025년 목록(연도 선택 POST) 127건, 등록일 2025-07-01 이후 수시·2025-10-01 이후 분기 중 구분이 「대주주등에 대한 신용공여 등」·「의결권행사」·「채권,주식 취득」",
KB손해보험,2025-07-15,문서에 없음,대주주가 발행한 주식의 취득,문서에 없음,문서에 없음,https://www.kbinsure.co.kr/CG801020002.ec?seq=966,문서에 없음,[공시문안]대주주가 발행한 주식의 취득(KB자산운용)(250710).pdf,1,2026-10-01T17:33:53+09:00,"거래 상대방 판정: 지주·지주 자회사 목록과 이름 불일치(handoff/12_지분관계.csv KB금융 2026 반기보고서(rcept_no 20260814004200) 지주 타법인출자현황 11곳) / 목록 「[채권,주식 취득] KB자산운용」 공시일 2025-07-15 발생일 2025-07-10 / 문서 일자: 문서에 없음 / 서식 제7-1-3호 / PDF 1쪽 / 원본 dart_out/raw/web10/insdeal/KB손해보험_seq966.pdf (sha256 1b5fc2631b00…, 쪽 텍스트 dart_out/raw/web10/insdeal/KB손해보험_seq966.pdf.pages.txt) / 출처 화면·기간: KB손해보험 누리집 > 공시실 > 경영ㆍ사외이사공시 > 수시공시/공고 — 2026·2025년 목록(연도 선택 POST) 127건, 등록일 2025-07-01 이후 수시·2025-10-01 이후 분기 중 구분이 「대주주등에 대한 신용공여 등」·「의결권행사」·「채권,주식 취득」",
KB손해보험,2025-07-15,문서에 없음,대주주가 발행한 주식의 취득,문서에 없음,문서에 없음,https://www.kbinsure.co.kr/CG801020002.ec?seq=967,문서에 없음,[공시문안]대주주가 발행한 주식의 취득(KB인베스트먼트)(250710).pdf,1,2026-10-01T17:33:55+09:00,"거래 상대방 판정: 지주·지주 자회사 목록과 이름 불일치(handoff/12_지분관계.csv KB금융 2026 반기보고서(rcept_no 20260814004200) 지주 타법인출자현황 11곳) / 목록 「[채권,주식 취득] KB인베스트먼트」 공시일 2025-07-15 발생일 2025-07-10 / 문서 일자: 문서에 없음 / 서식 제7-1-3호 / PDF 1쪽 / 원본 dart_out/raw/web10/insdeal/KB손해보험_seq967.pdf (sha256 4ced357c75e5…, 쪽 텍스트 dart_out/raw/web10/insdeal/KB손해보험_seq967.pdf.pages.txt) / 출처 화면·기간: KB손해보험 누리집 > 공시실 > 경영ㆍ사외이사공시 > 수시공시/공고 — 2026·2025년 목록(연도 선택 POST) 127건, 등록일 2025-07-01 이후 수시·2025-10-01 이후 분기 중 구분이 「대주주등에 대한 신용공여 등」·「의결권행사」·「채권,주식 취득」",
KB손해보험,2025-07-23,문서에 없음,대주주가 발행한 주식의 취득,문서에 없음,문서에 없음,https://www.kbinsure.co.kr/CG801020002.ec?seq=969,문서에 없음,[공시문안]대주주가 발행한 주식의 취득(KB인베스트먼트)(250717).pdf,1,2026-10-01T17:33:58+09:00,"거래 상대방 판정: 지주·지주 자회사 목록과 이름 불일치(handoff/12_지분관계.csv KB금융 2026 반기보고서(rcept_no 20260814004200) 지주 타법인출자현황 11곳) / 목록 「[채권,주식 취득] KB인베스트먼트」 공시일 2025-07-23 발생일 2025-07-17 / 문서 일자: 문서에 없음 / 서식 제7-1-3호 / PDF 1쪽 / 원본 dart_out/raw/web10/insdeal/KB손해보험_seq969.pdf (sha256 406b2998e753…, 쪽 텍스트 dart_out/raw/web10/insdeal/KB손해보험_seq969.pdf.pages.txt) / 출처 화면·기간: KB손해보험 누리집 > 공시실 > 경영ㆍ사외이사공시 > 수시공시/공고 — 2026·2025년 목록(연도 선택 POST) 127건, 등록일 2025-07-01 이후 수시·2025-10-01 이후 분기 중 구분이 「대주주등에 대한 신용공여 등」·「의결권행사」·「채권,주식 취득」",
KB손해보험,2025-08-12,문서에 없음,대주주가 발행한 주식의 취득,문서에 없음,문서에 없음,https://www.kbinsure.co.kr/CG801020002.ec?seq=971,문서에 없음,[공시문안]대주주가 발행한 주식의 취득(20250807).pdf,1,2026-10-01T17:34:01+09:00,"거래 상대방 판정: 지주·지주 자회사 목록과 이름 불일치(handoff/12_지분관계.csv KB금융 2026 반기보고서(rcept_no 20260814004200) 지주 타법인출자현황 11곳) / 목록 「[채권,주식 취득] KB인베스트먼트」 공시일 2025-08-12 발생일 2025-08-07 / 문서 일자: 문서에 없음 / 서식 제7-1-3호 / PDF 1쪽 / 원본 dart_out/raw/web10/insdeal/KB손해보험_seq971.pdf (sha256 3b38cd0d9f9f…, 쪽 텍스트 dart_out/raw/web10/insdeal/KB손해보험_seq971.pdf.pages.txt) / 출처 화면·기간: KB손해보험 누리집 > 공시실 > 경영ㆍ사외이사공시 > 수시공시/공고 — 2026·2025년 목록(연도 선택 POST) 127건, 등록일 2025-07-01 이후 수시·2025-10-01 이후 분기 중 구분이 「대주주등에 대한 신용공여 등」·「의결권행사」·「채권,주식 취득」",
KB손해보험,2025-08-22,문서에 없음,대주주가 발행한 주식의 취득,문서에 없음,문서에 없음,https://www.kbinsure.co.kr/CG801020002.ec?seq=973,문서에 없음,[공시문안]대주주가 발행한 주식의 취득(20250819).pdf,1,2026-10-01T17:34:03+09:00,"거래 상대방 판정: 지주·지주 자회사 목록과 이름 불일치(handoff/12_지분관계.csv KB금융 2026 반기보고서(rcept_no 20260814004200) 지주 타법인출자현황 11곳) / 목록 「[채권,주식 취득] KB인베스트먼트」 공시일 2025-08-22 발생일 2025-08-19 / 문서 일자: 문서에 없음 / 서식 제7-1-3호 / PDF 1쪽 / 원본 dart_out/raw/web10/insdeal/KB손해보험_seq973.pdf (sha256 f59e8fb0a23b…, 쪽 텍스트 dart_out/raw/web10/insdeal/KB손해보험_seq973.pdf.pages.txt) / 출처 화면·기간: KB손해보험 누리집 > 공시실 > 경영ㆍ사외이사공시 > 수시공시/공고 — 2026·2025년 목록(연도 선택 POST) 127건, 등록일 2025-07-01 이후 수시·2025-10-01 이후 분기 중 구분이 「대주주등에 대한 신용공여 등」·「의결권행사」·「채권,주식 취득」",
KB손해보험,2025-09-02,문서에 없음,대주주가 발행한 주식의 취득,문서에 없음,문서에 없음,https://www.kbinsure.co.kr/CG801020002.ec?seq=977,문서에 없음,[공시문안]대주주가 발행한 주식의 취득(20250827).pdf,1,2026-10-01T17:34:06+09:00,"거래 상대방 판정: 지주·지주 자회사 목록과 이름 불일치(handoff/12_지분관계.csv KB금융 2026 반기보고서(rcept_no 20260814004200) 지주 타법인출자현황 11곳) / 목록 「[채권,주식 취득] KB증권」 공시일 2025-09-02 발생일 2025-08-27 / 문서 일자: 문서에 없음 / 서식 제7-1-3호 / PDF 1쪽 / 원본 dart_out/raw/web10/insdeal/KB손해보험_seq977.pdf (sha256 a93e43a278fd…, 쪽 텍스트 dart_out/raw/web10/insdeal/KB손해보험_seq977.pdf.pages.txt) / 출처 화면·기간: KB손해보험 누리집 > 공시실 > 경영ㆍ사외이사공시 > 수시공시/공고 — 2026·2025년 목록(연도 선택 POST) 127건, 등록일 2025-07-01 이후 수시·2025-10-01 이후 분기 중 구분이 「대주주등에 대한 신용공여 등」·「의결권행사」·「채권,주식 취득」",
KB손해보험,2025-09-25,문서에 없음,대주주가 발행한 주식의 취득,문서에 없음,문서에 없음,https://www.kbinsure.co.kr/CG801020002.ec?seq=978,문서에 없음,[공시문안]대주주가 발행한 주식의 취득(20250922).pdf,1,2026-10-01T17:34:08+09:00,"거래 상대방 판정: 지주·지주 자회사 목록과 이름 불일치(handoff/12_지분관계.csv KB금융 2026 반기보고서(rcept_no 20260814004200) 지주 타법인출자현황 11곳) / 목록 「[채권,주식 취득] KB인베스트먼트, KB증권」 공시일 2025-09-25 발생일 2025-09-22 / 문서 일자: 문서에 없음 / 서식 제7-1-3호 / PDF 1쪽 / 원본 dart_out/raw/web10/insdeal/KB손해보험_seq978.pdf (sha256 bcabccb191f9…, 쪽 텍스트 dart_out/raw/web10/insdeal/KB손해보험_seq978.pdf.pages.txt) / 출처 화면·기간: KB손해보험 누리집 > 공시실 > 경영ㆍ사외이사공시 > 수시공시/공고 — 2026·2025년 목록(연도 선택 POST) 127건, 등록일 2025-07-01 이후 수시·2025-10-01 이후 분기 중 구분이 「대주주등에 대한 신용공여 등」·「의결권행사」·「채권,주식 취득」",
KB손해보험,2025-10-01,문서에 없음,대주주가 발행한 주식의 취득,문서에 없음,문서에 없음,https://www.kbinsure.co.kr/CG801020002.ec?seq=979,문서에 없음,[공시문안]대주주가 발행한 주식의 취득(20250926).pdf,1,2026-10-01T17:34:11+09:00,"거래 상대방 판정: 지주·지주 자회사 목록과 이름 불일치(handoff/12_지분관계.csv KB금융 2026 반기보고서(rcept_no 20260814004200) 지주 타법인출자현황 11곳) / 목록 「[채권,주식 취득] KB인베스트먼트」 공시일 2025-10-01 발생일 2025-09-26 / 문서 일자: 문서에 없음 / 서식 제7-1-3호 / PDF 1쪽 / 원본 dart_out/raw/web10/insdeal/KB손해보험_seq979.pdf (sha256 db13c5b35a5d…, 쪽 텍스트 dart_out/raw/web10/insdeal/KB손해보험_seq979.pdf.pages.txt) / 출처 화면·기간: KB손해보험 누리집 > 공시실 > 경영ㆍ사외이사공시 > 수시공시/공고 — 2026·2025년 목록(연도 선택 POST) 127건, 등록일 2025-07-01 이후 수시·2025-10-01 이후 분기 중 구분이 「대주주등에 대한 신용공여 등」·「의결권행사」·「채권,주식 취득」",
KB손해보험,2025-10-17,문서에 없음,대주주가 발행한 주식의 취득,문서에 없음,문서에 없음,https://www.kbinsure.co.kr/CG801020002.ec?seq=980,문서에 없음,[공시문안]대주주가 발행한 주식의 취득(251015).pdf,1,2026-10-01T17:34:13+09:00,"거래 상대방 판정: 지주·지주 자회사 목록과 이름 불일치(handoff/12_지분관계.csv KB금융 2026 반기보고서(rcept_no 20260814004200) 지주 타법인출자현황 11곳) / 목록 「[채권,주식 취득] KB증권」 공시일 2025-10-17 발생일 2025-10-15 / 문서 일자: 문서에 없음 / 서식 제7-1-3호 / PDF 1쪽 / 원본 dart_out/raw/web10/insdeal/KB손해보험_seq980.pdf (sha256 27967da3147e…, 쪽 텍스트 dart_out/raw/web10/insdeal/KB손해보험_seq980.pdf.pages.txt) / 출처 화면·기간: KB손해보험 누리집 > 공시실 > 경영ㆍ사외이사공시 > 수시공시/공고 — 2026·2025년 목록(연도 선택 POST) 127건, 등록일 2025-07-01 이후 수시·2025-10-01 이후 분기 중 구분이 「대주주등에 대한 신용공여 등」·「의결권행사」·「채권,주식 취득」",
KB손해보험,2025-10-31,문서에 없음,■ 보험업법 제111조(대주주와 거래제한 및 금지행위 등) 제4항에 따른 공시사항,문서에 없음,문서에 없음,https://www.kbinsure.co.kr/CG801020002.ec?seq=982,문서에 없음,[공시문안]대주주에 대한 신용공여 및 채권 주식 취득현황(2025.3분기).pdf,1,2026-10-01T17:34:17+09:00,"거래 상대방 판정: 지주·지주 자회사 목록과 이름 불일치(handoff/12_지분관계.csv KB금융 2026 반기보고서(rcept_no 20260814004200) 지주 타법인출자현황 11곳) / 목록 「[대주주등에 대한 신용공여 등] 25.3분기 현황」 공시일 2025-10-31 발생일 2025-09-30 / 문서 일자: 문서에 없음 / 서식 번호 없음 / PDF 1쪽 / 원본 dart_out/raw/web10/insdeal/KB손해보험_seq982.pdf (sha256 be8b8ad96e7c…, 쪽 텍스트 dart_out/raw/web10/insdeal/KB손해보험_seq982.pdf.pages.txt) / 출처 화면·기간: KB손해보험 누리집 > 공시실 > 경영ㆍ사외이사공시 > 수시공시/공고 — 2026·2025년 목록(연도 선택 POST) 127건, 등록일 2025-07-01 이후 수시·2025-10-01 이후 분기 중 구분이 「대주주등에 대한 신용공여 등」·「의결권행사」·「채권,주식 취득」",
KB손해보험,2025-11-03,문서에 없음,대주주가 발행한 주식의 취득,문서에 없음,문서에 없음,https://www.kbinsure.co.kr/CG801020002.ec?seq=983,문서에 없음,[공시문안]대주주가 발행한 주식의 취득(251029).pdf,1,2026-10-01T17:34:19+09:00,"거래 상대방 판정: 지주·지주 자회사 목록과 이름 불일치(handoff/12_지분관계.csv KB금융 2026 반기보고서(rcept_no 20260814004200) 지주 타법인출자현황 11곳) / 목록 「[채권,주식 취득] KB증권」 공시일 2025-11-03 발생일 2025-10-29 / 문서 일자: 문서에 없음 / 서식 제7-1-3호 / PDF 1쪽 / 원본 dart_out/raw/web10/insdeal/KB손해보험_seq983.pdf (sha256 e93a6283b745…, 쪽 텍스트 dart_out/raw/web10/insdeal/KB손해보험_seq983.pdf.pages.txt) / 출처 화면·기간: KB손해보험 누리집 > 공시실 > 경영ㆍ사외이사공시 > 수시공시/공고 — 2026·2025년 목록(연도 선택 POST) 127건, 등록일 2025-07-01 이후 수시·2025-10-01 이후 분기 중 구분이 「대주주등에 대한 신용공여 등」·「의결권행사」·「채권,주식 취득」",
KB손해보험,2025-11-17,문서에 없음,대주주가 발행한 주식의 취득,문서에 없음,문서에 없음,https://www.kbinsure.co.kr/CG801020002.ec?seq=984,문서에 없음,[공시문안]대주주가 발행한 주식의 취득(251112).pdf,1,2026-10-01T17:34:22+09:00,"거래 상대방 판정: 지주·지주 자회사 목록과 이름 불일치(handoff/12_지분관계.csv KB금융 2026 반기보고서(rcept_no 20260814004200) 지주 타법인출자현황 11곳) / 목록 「[채권,주식 취득] KB증권」 공시일 2025-11-17 발생일 2025-11-12 / 문서 일자: 문서에 없음 / 서식 제7-1-3호 / PDF 1쪽 / 원본 dart_out/raw/web10/insdeal/KB손해보험_seq984.pdf (sha256 e362a9acc305…, 쪽 텍스트 dart_out/raw/web10/insdeal/KB손해보험_seq984.pdf.pages.txt) / 출처 화면·기간: KB손해보험 누리집 > 공시실 > 경영ㆍ사외이사공시 > 수시공시/공고 — 2026·2025년 목록(연도 선택 POST) 127건, 등록일 2025-07-01 이후 수시·2025-10-01 이후 분기 중 구분이 「대주주등에 대한 신용공여 등」·「의결권행사」·「채권,주식 취득」",
KB손해보험,2025-12-18,문서에 없음,대주주가 발행한 주식의 취득,문서에 없음,문서에 없음,https://www.kbinsure.co.kr/CG801020002.ec?seq=988,문서에 없음,[공시문안]대주주가 발행한 주식의 취득 (251215).pdf,1,2026-10-01T17:34:24+09:00,"거래 상대방 판정: 지주·지주 자회사 목록과 이름 불일치(handoff/12_지분관계.csv KB금융 2026 반기보고서(rcept_no 20260814004200) 지주 타법인출자현황 11곳) / 목록 「[채권,주식 취득] KB인베스트먼트」 공시일 2025-12-18 발생일 2025-12-15 / 문서 일자: 문서에 없음 / 서식 제7-1-3호 / PDF 1쪽 / 원본 dart_out/raw/web10/insdeal/KB손해보험_seq988.pdf (sha256 04b5c8984d31…, 쪽 텍스트 dart_out/raw/web10/insdeal/KB손해보험_seq988.pdf.pages.txt) / 출처 화면·기간: KB손해보험 누리집 > 공시실 > 경영ㆍ사외이사공시 > 수시공시/공고 — 2026·2025년 목록(연도 선택 POST) 127건, 등록일 2025-07-01 이후 수시·2025-10-01 이후 분기 중 구분이 「대주주등에 대한 신용공여 등」·「의결권행사」·「채권,주식 취득」",
KB손해보험,2026-01-07,문서에 없음,,문서에 없음,문서에 없음,https://www.kbinsure.co.kr/CG801020002.ec?seq=994,문서에 없음,[공시문안]대주주가 발행한 주식에 대한 의결권 행사(KB손보CNS)(260107).pdf,1,2026-10-01T17:34:26+09:00,"거래 상대방 판정: 지주·지주 자회사 목록과 이름 불일치(handoff/12_지분관계.csv KB금융 2026 반기보고서(rcept_no 20260814004200) 지주 타법인출자현황 11곳) / 목록 「[의결권행사] KB손보CNS」 공시일 2026-01-07 발생일 2025-12-31 / 문서 일자: 문서에 없음 / 서식 번호 없음 / PDF 1쪽 / 원본 dart_out/raw/web10/insdeal/KB손해보험_seq994.pdf (sha256 2ef9988195d2…, 쪽 텍스트 dart_out/raw/web10/insdeal/KB손해보험_seq994.pdf.pages.txt) / 출처 화면·기간: KB손해보험 누리집 > 공시실 > 경영ㆍ사외이사공시 > 수시공시/공고 — 2026·2025년 목록(연도 선택 POST) 127건, 등록일 2025-07-01 이후 수시·2025-10-01 이후 분기 중 구분이 「대주주등에 대한 신용공여 등」·「의결권행사」·「채권,주식 취득」",
KB손해보험,2026-01-07,문서에 없음,,문서에 없음,문서에 없음,https://www.kbinsure.co.kr/CG801020002.ec?seq=995,문서에 없음,[공시문안]대주주가 발행한 주식에 대한 의결권 행사(KB손해사정)(260107).pdf,1,2026-10-01T17:34:30+09:00,"거래 상대방 판정: 지주·지주 자회사 목록과 이름 불일치(handoff/12_지분관계.csv KB금융 2026 반기보고서(rcept_no 20260814004200) 지주 타법인출자현황 11곳) / 목록 「[의결권행사] KB손해사정」 공시일 2026-01-07 발생일 2025-12-31 / 문서 일자: 문서에 없음 / 서식 번호 없음 / PDF 1쪽 / 원본 dart_out/raw/web10/insdeal/KB손해보험_seq995.pdf (sha256 63cbba1aaad6…, 쪽 텍스트 dart_out/raw/web10/insdeal/KB손해보험_seq995.pdf.pages.txt) / 출처 화면·기간: KB손해보험 누리집 > 공시실 > 경영ㆍ사외이사공시 > 수시공시/공고 — 2026·2025년 목록(연도 선택 POST) 127건, 등록일 2025-07-01 이후 수시·2025-10-01 이후 분기 중 구분이 「대주주등에 대한 신용공여 등」·「의결권행사」·「채권,주식 취득」",
KB손해보험,2026-01-07,문서에 없음,,문서에 없음,문서에 없음,https://www.kbinsure.co.kr/CG801020002.ec?seq=996,문서에 없음,[공시문안]대주주가 발행한 주식에 대한 의결권 행사(KB헬스케어)(260107).pdf,1,2026-10-01T17:34:32+09:00,"거래 상대방 판정: 지주·지주 자회사 목록과 이름 불일치(handoff/12_지분관계.csv KB금융 2026 반기보고서(rcept_no 20260814004200) 지주 타법인출자현황 11곳) / 목록 「[의결권행사] KB헬스케어」 공시일 2026-01-07 발생일 2025-12-31 / 문서 일자: 문서에 없음 / 서식 번호 없음 / PDF 1쪽 / 원본 dart_out/raw/web10/insdeal/KB손해보험_seq996.pdf (sha256 58bc356a543b…, 쪽 텍스트 dart_out/raw/web10/insdeal/KB손해보험_seq996.pdf.pages.txt) / 출처 화면·기간: KB손해보험 누리집 > 공시실 > 경영ㆍ사외이사공시 > 수시공시/공고 — 2026·2025년 목록(연도 선택 POST) 127건, 등록일 2025-07-01 이후 수시·2025-10-01 이후 분기 중 구분이 「대주주등에 대한 신용공여 등」·「의결권행사」·「채권,주식 취득」",
KB손해보험,2026-01-16,문서에 없음,대주주가 발행한 주식의 취득,문서에 없음,문서에 없음,https://www.kbinsure.co.kr/CG801020002.ec?seq=1000,문서에 없음,[공시문안]대주주가 발행한 주식에 대한 의결권 행사(KB글로벌플랫폼2호)_20260109.pdf,1,2026-10-01T17:34:35+09:00,"거래 상대방 판정: 지주·지주 자회사 목록과 이름 불일치(handoff/12_지분관계.csv KB금융 2026 반기보고서(rcept_no 20260814004200) 지주 타법인출자현황 11곳) / 목록 「[채권,주식 취득] KB인베스트먼트」 공시일 2026-01-16 발생일 2026-01-09 / 문서 일자: 문서에 없음 / 서식 제7-1-3호 / PDF 1쪽 / 원본 dart_out/raw/web10/insdeal/KB손해보험_seq1000.pdf (sha256 c2f66264d33e…, 쪽 텍스트 dart_out/raw/web10/insdeal/KB손해보험_seq1000.pdf.pages.txt) / 출처 화면·기간: KB손해보험 누리집 > 공시실 > 경영ㆍ사외이사공시 > 수시공시/공고 — 2026·2025년 목록(연도 선택 POST) 127건, 등록일 2025-07-01 이후 수시·2025-10-01 이후 분기 중 구분이 「대주주등에 대한 신용공여 등」·「의결권행사」·「채권,주식 취득」",
KB손해보험,2026-01-16,KBFG재산보험(중국)유한공사,대주주발행,문서에 없음,문서에 없음,https://www.kbinsure.co.kr/CG801020002.ec?seq=999,"주식의 종류회사보유주식수지분율 (%)주주총회 명칭의결안건 행사내용 | ※ 보험업법 제 111조(대주주와의 거래제한 등) 제 3항에 의한 공시 사항입니다. | 대주주가 발행한 주식에 대한 의결권 행사 | 1. 대주주명 | KBFG재산보험(중국)유한공사 | 2. 주식 보유현황 | 대주주발행총주식수 | - | - | - | 100% | 3. 주주총회개요 | 임시주주결의 | 주주총회일(의결권행사일) | 2026년 1월 9일 (금) | 1. 제 1호의안 : 승인 | 4. 의결권 행사내용 | 1. 제 1호의안 : 동사(사내이사) 면직에 대한 주주결의의 건 - 재임 중인 6기 동사회 구성원 (이광호 동사장,하동우 공사, 백승민 동사, 황성수 동사, 정걸독립동사, 도호영 감사) 중 하동우 동사를 면직함. | 5. 기타 | 서면결의",(공시문안)대주주가 발행한 주식에 대한 의결권 행사(중국법인)_260109.pdf,1,2026-10-01T17:34:37+09:00,"거래 상대방 판정: 지주·지주 자회사 목록과 이름 불일치(handoff/12_지분관계.csv KB금융 2026 반기보고서(rcept_no 20260814004200) 지주 타법인출자현황 11곳) / 목록 「[의결권행사] 중국법인」 공시일 2026-01-16 발생일 2026-01-09 / 문서 일자: 주주총회일(의결권행사일) 2026년 1월 9일 (금) / 서식 번호 없음 / PDF 1쪽 / 원본 dart_out/raw/web10/insdeal/KB손해보험_seq999.pdf (sha256 8ed2ed7ab63e…, 쪽 텍스트 dart_out/raw/web10/insdeal/KB손해보험_seq999.pdf.pages.txt) / 출처 화면·기간: KB손해보험 누리집 > 공시실 > 경영ㆍ사외이사공시 > 수시공시/공고 — 2026·2025년 목록(연도 선택 POST) 127건, 등록일 2025-07-01 이후 수시·2025-10-01 이후 분기 중 구분이 「대주주등에 대한 신용공여 등」·「의결권행사」·「채권,주식 취득」",
KB손해보험,2026-01-27,문서에 없음,대주주가 발행한 주식의 취득,문서에 없음,문서에 없음,https://www.kbinsure.co.kr/CG801020002.ec?seq=1001,문서에 없음,[공시문안]대주주가 발행한 주식의 취득(KB디지털플랫폼펀드)(20260127).pdf,1,2026-10-01T17:34:39+09:00,"거래 상대방 판정: 지주·지주 자회사 목록과 이름 불일치(handoff/12_지분관계.csv KB금융 2026 반기보고서(rcept_no 20260814004200) 지주 타법인출자현황 11곳) / 목록 「[채권,주식 취득] KB인베스트먼트, KB증권」 공시일 2026-01-27 발생일 2026-01-20 / 문서 일자: 문서에 없음 / 서식 제7-1-3호 / PDF 1쪽 / 원본 dart_out/raw/web10/insdeal/KB손해보험_seq1001.pdf (sha256 b0b3d9fb0251…, 쪽 텍스트 dart_out/raw/web10/insdeal/KB손해보험_seq1001.pdf.pages.txt) / 출처 화면·기간: KB손해보험 누리집 > 공시실 > 경영ㆍ사외이사공시 > 수시공시/공고 — 2026·2025년 목록(연도 선택 POST) 127건, 등록일 2025-07-01 이후 수시·2025-10-01 이후 분기 중 구분이 「대주주등에 대한 신용공여 등」·「의결권행사」·「채권,주식 취득」",
KB손해보험,2026-01-30,문서에 없음,■ 보험업법 제111조(대주주와 거래제한 및 금지행위 등) 제4항에 따른 공시사항,문서에 없음,문서에 없음,https://www.kbinsure.co.kr/CG801020002.ec?seq=1003,문서에 없음,[공시문안]대주주에 대한 신용공여 및 채권 주식 취득현황(2025.4분기).pdf,1,2026-10-01T17:34:43+09:00,"거래 상대방 판정: 지주·지주 자회사 목록과 이름 불일치(handoff/12_지분관계.csv KB금융 2026 반기보고서(rcept_no 20260814004200) 지주 타법인출자현황 11곳) / 목록 「[대주주등에 대한 신용공여 등] 25.4분기 현황」 공시일 2026-01-30 발생일 2025-12-31 / 문서 일자: 문서에 없음 / 서식 번호 없음 / PDF 1쪽 / 원본 dart_out/raw/web10/insdeal/KB손해보험_seq1003.pdf (sha256 263c88f4476a…, 쪽 텍스트 dart_out/raw/web10/insdeal/KB손해보험_seq1003.pdf.pages.txt) / 출처 화면·기간: KB손해보험 누리집 > 공시실 > 경영ㆍ사외이사공시 > 수시공시/공고 — 2026·2025년 목록(연도 선택 POST) 127건, 등록일 2025-07-01 이후 수시·2025-10-01 이후 분기 중 구분이 「대주주등에 대한 신용공여 등」·「의결권행사」·「채권,주식 취득」",
KB손해보험,2026-02-05,문서에 없음,대주주가 발행한 주식에 대한 의결권 행사,문서에 없음,문서에 없음,https://www.kbinsure.co.kr/CG801020002.ec?seq=1004,문서에 없음,1-1.[공시문안]대주주가 발행한 주식에 대한 의결권 행사_케이비딥테크스케일업펀드(260203).pdf,1,2026-10-01T17:34:45+09:00,"거래 상대방 판정: 지주·지주 자회사 목록과 이름 불일치(handoff/12_지분관계.csv KB금융 2026 반기보고서(rcept_no 20260814004200) 지주 타법인출자현황 11곳) / 목록 「[의결권행사] KB딥테크스케일업펀드」 공시일 2026-02-05 발생일 2026-01-30 / 문서 일자: 문서에 없음 / 의결권 행사 서식 — 금액 칸 없음 / 서식 제7-1-4호 / PDF 2쪽 / 원본 dart_out/raw/web10/insdeal/KB손해보험_seq1004.pdf (sha256 4ff909722ff9…, 쪽 텍스트 dart_out/raw/web10/insdeal/KB손해보험_seq1004.pdf.pages.txt) / 출처 화면·기간: KB손해보험 누리집 > 공시실 > 경영ㆍ사외이사공시 > 수시공시/공고 — 2026·2025년 목록(연도 선택 POST) 127건, 등록일 2025-07-01 이후 수시·2025-10-01 이후 분기 중 구분이 「대주주등에 대한 신용공여 등」·「의결권행사」·「채권,주식 취득」",
KB손해보험,2026-02-05,문서에 없음,대주주가 발행한 주식의 취득,문서에 없음,문서에 없음,https://www.kbinsure.co.kr/CG801020002.ec?seq=1005,문서에 없음,1-2.[공시문안]대주주가 발행한 주식의 취득_케이비딥테크스케일업펀드(260203).pdf,1,2026-10-01T17:34:48+09:00,"거래 상대방 판정: 지주·지주 자회사 목록과 이름 불일치(handoff/12_지분관계.csv KB금융 2026 반기보고서(rcept_no 20260814004200) 지주 타법인출자현황 11곳) / 목록 「[채권,주식 취득] KB인베스트먼트」 공시일 2026-02-05 발생일 2026-01-30 / 문서 일자: 문서에 없음 / 서식 제7-1-3호 / PDF 1쪽 / 원본 dart_out/raw/web10/insdeal/KB손해보험_seq1005.pdf (sha256 3a13261b955b…, 쪽 텍스트 dart_out/raw/web10/insdeal/KB손해보험_seq1005.pdf.pages.txt) / 출처 화면·기간: KB손해보험 누리집 > 공시실 > 경영ㆍ사외이사공시 > 수시공시/공고 — 2026·2025년 목록(연도 선택 POST) 127건, 등록일 2025-07-01 이후 수시·2025-10-01 이후 분기 중 구분이 「대주주등에 대한 신용공여 등」·「의결권행사」·「채권,주식 취득」",
KB손해보험,2026-02-17,문서에 없음,대주주가 발행한 주식의 취득,문서에 없음,문서에 없음,https://www.kbinsure.co.kr/CG801020002.ec?seq=1008,문서에 없음,1.[공시문안]대주주가 발행한 주식의 취득_케이비메자닌캐피탈제4호_260210.pdf,1,2026-10-01T17:34:51+09:00,"거래 상대방 판정: 지주·지주 자회사 목록과 이름 불일치(handoff/12_지분관계.csv KB금융 2026 반기보고서(rcept_no 20260814004200) 지주 타법인출자현황 11곳) / 목록 「[채권,주식 취득] KB자산운용」 공시일 2026-02-17 발생일 2026-02-10 / 문서 일자: 문서에 없음 / 서식 제7-1-3호 / PDF 1쪽 / 원본 dart_out/raw/web10/insdeal/KB손해보험_seq1008.pdf (sha256 4228e1c640a3…, 쪽 텍스트 dart_out/raw/web10/insdeal/KB손해보험_seq1008.pdf.pages.txt) / 출처 화면·기간: KB손해보험 누리집 > 공시실 > 경영ㆍ사외이사공시 > 수시공시/공고 — 2026·2025년 목록(연도 선택 POST) 127건, 등록일 2025-07-01 이후 수시·2025-10-01 이후 분기 중 구분이 「대주주등에 대한 신용공여 등」·「의결권행사」·「채권,주식 취득」",
KB손해보험,2026-02-19,문서에 없음,대주주가 발행한 주식에 대한 의결권 행사,문서에 없음,문서에 없음,https://www.kbinsure.co.kr/CG801020002.ec?seq=1007,문서에 없음,1.[공시문안]대주주가 발행한 주식에 대한 의결권 행사_KB SBI(260212).pdf,1,2026-10-01T17:34:54+09:00,"거래 상대방 판정: 지주·지주 자회사 목록과 이름 불일치(handoff/12_지분관계.csv KB금융 2026 반기보고서(rcept_no 20260814004200) 지주 타법인출자현황 11곳) / 목록 「[의결권행사] KB SBI 글로벌첨단전략」 공시일 2026-02-19 발생일 2026-02-12 / 문서 일자: 문서에 없음 / 의결권 행사 서식 — 금액 칸 없음 / 서식 제7-1-4호 / PDF 1쪽 / 원본 dart_out/raw/web10/insdeal/KB손해보험_seq1007.pdf (sha256 342afca2f9e0…, 쪽 텍스트 dart_out/raw/web10/insdeal/KB손해보험_seq1007.pdf.pages.txt) / 출처 화면·기간: KB손해보험 누리집 > 공시실 > 경영ㆍ사외이사공시 > 수시공시/공고 — 2026·2025년 목록(연도 선택 POST) 127건, 등록일 2025-07-01 이후 수시·2025-10-01 이후 분기 중 구분이 「대주주등에 대한 신용공여 등」·「의결권행사」·「채권,주식 취득」",
KB손해보험,2026-03-02,문서에 없음,대주주가 발행한 주식의 취득,문서에 없음,문서에 없음,https://www.kbinsure.co.kr/CG801020002.ec?seq=1009,문서에 없음,[공시문안] 대주주가 발행한 채권 주식의 취득(KB 세컨더리 펀드)_260223.pdf,1,2026-10-01T17:34:56+09:00,"거래 상대방 판정: 지주·지주 자회사 목록과 이름 불일치(handoff/12_지분관계.csv KB금융 2026 반기보고서(rcept_no 20260814004200) 지주 타법인출자현황 11곳) / 목록 「[채권,주식 취득] KB인베스트먼트」 공시일 2026-03-02 발생일 2026-02-23 / 문서 일자: 문서에 없음 / 서식 제7-1-3호 / PDF 1쪽 / 원본 dart_out/raw/web10/insdeal/KB손해보험_seq1009.pdf (sha256 c113ba5dde61…, 쪽 텍스트 dart_out/raw/web10/insdeal/KB손해보험_seq1009.pdf.pages.txt) / 출처 화면·기간: KB손해보험 누리집 > 공시실 > 경영ㆍ사외이사공시 > 수시공시/공고 — 2026·2025년 목록(연도 선택 POST) 127건, 등록일 2025-07-01 이후 수시·2025-10-01 이후 분기 중 구분이 「대주주등에 대한 신용공여 등」·「의결권행사」·「채권,주식 취득」",
KB손해보험,2026-03-03,문서에 없음,대주주가 발행한 주식의 취득,문서에 없음,문서에 없음,https://www.kbinsure.co.kr/CG801020002.ec?seq=1010,문서에 없음,[공시문안] 대주주가 발행한 주식의 취득_케이비 스케일업 2호 펀드(260224).pdf,1,2026-10-01T17:34:58+09:00,"거래 상대방 판정: 지주·지주 자회사 목록과 이름 불일치(handoff/12_지분관계.csv KB금융 2026 반기보고서(rcept_no 20260814004200) 지주 타법인출자현황 11곳) / 목록 「[채권,주식 취득] KB인베스트먼트」 공시일 2026-03-03 발생일 2026-02-24 / 문서 일자: 문서에 없음 / 서식 제7-1-3호 / PDF 1쪽 / 원본 dart_out/raw/web10/insdeal/KB손해보험_seq1010.pdf (sha256 8062c03f9e7b…, 쪽 텍스트 dart_out/raw/web10/insdeal/KB손해보험_seq1010.pdf.pages.txt) / 출처 화면·기간: KB손해보험 누리집 > 공시실 > 경영ㆍ사외이사공시 > 수시공시/공고 — 2026·2025년 목록(연도 선택 POST) 127건, 등록일 2025-07-01 이후 수시·2025-10-01 이후 분기 중 구분이 「대주주등에 대한 신용공여 등」·「의결권행사」·「채권,주식 취득」",
KB손해보험,2026-03-06,문서에 없음,대주주가 발행한 주식의 취득,문서에 없음,문서에 없음,https://www.kbinsure.co.kr/CG801020002.ec?seq=1012,문서에 없음,[공시문안] 대주주가 발행한 주식의 취득_KB SBI 글로벌첨단전략(260227).pdf,1,2026-10-01T17:35:01+09:00,"거래 상대방 판정: 지주·지주 자회사 목록과 이름 불일치(handoff/12_지분관계.csv KB금융 2026 반기보고서(rcept_no 20260814004200) 지주 타법인출자현황 11곳) / 목록 「[채권,주식 취득] KB증권」 공시일 2026-03-06 발생일 2026-02-27 / 문서 일자: 문서에 없음 / 서식 제7-1-3호 / PDF 1쪽 / 원본 dart_out/raw/web10/insdeal/KB손해보험_seq1012.pdf (sha256 7ba83887c20a…, 쪽 텍스트 dart_out/raw/web10/insdeal/KB손해보험_seq1012.pdf.pages.txt) / 출처 화면·기간: KB손해보험 누리집 > 공시실 > 경영ㆍ사외이사공시 > 수시공시/공고 — 2026·2025년 목록(연도 선택 POST) 127건, 등록일 2025-07-01 이후 수시·2025-10-01 이후 분기 중 구분이 「대주주등에 대한 신용공여 등」·「의결권행사」·「채권,주식 취득」",
KB손해보험,2026-03-30,"KB인베스트먼트, KB증권",대주주가 발행한 주식의 취득 / 주식의 종류: “KB 디지털 플랫폼 펀드”의 투자조합 지분,"취득금액(원): 1,200,000,000원",4. 이사회결의일: 2021년 12월 13일,https://www.kbinsure.co.kr/CG801020002.ec?seq=1016,"1. 대주주명 | KB인베스트먼트, KB증권 | 2. 주식취득내용 | 취득일 | 2026년 3월 23일 | 주식의 종류 | “KB 디지털 플랫폼 펀드”의 투자조합 지분 | 취득금액(원) | 1,200,000,000원 | 취득주식수 | 출자좌수 1,200좌 | 취득 후 총보유주식수 | 출자좌수 27,000좌 | 취득 후 지분율(%) | 10.0% | 3. 취득목적 | 그룹 SI펀드로 그룹차원의 시너지를 위한 전략적 투자 목적 | 4. 이사회결의일 | 2021년 12월 13일 | 5. 기타 | 총 약정금액 30,000,000,000원",[공시문안]대주주가 발행한 주식의 취득_KB디지털플랫폼_260330.pdf,1,2026-10-01T17:35:03+09:00,"거래 상대방 판정: 지주의 자회사 — 「KB인베스트먼트」= handoff/12_지분관계.csv KB금융 2026 반기보고서(rcept_no 20260814004200) 지주 타법인출자현황 11곳 의 「KB인베스트먼트」; 「KB증권」= handoff/12_지분관계.csv KB금융 2026 반기보고서(rcept_no 20260814004200) 지주 타법인출자현황 11곳 의 「KB증권」 / 목록 「[채권,주식 취득] KB인베스트먼트, KB증권」 공시일 2026-03-30 발생일 2026-03-23 / 문서 일자: 취득일 2026년 3월 23일 / 서식 제7-1-3호 / PDF 1쪽 / 원본 dart_out/raw/web10/insdeal/KB손해보험_seq1016.pdf (sha256 1e179832e90f…, 쪽 텍스트 dart_out/raw/web10/insdeal/KB손해보험_seq1016.pdf.pages.txt) / 출처 화면·기간: KB손해보험 누리집 > 공시실 > 경영ㆍ사외이사공시 > 수시공시/공고 — 2026·2025년 목록(연도 선택 POST) 127건, 등록일 2025-07-01 이후 수시·2025-10-01 이후 분기 중 구분이 「대주주등에 대한 신용공여 등」·「의결권행사」·「채권,주식 취득」",지주의 자회사
KB손해보험,2026-04-06,문서에 없음,대주주가 발행한 주식에 대한 의결권 행사,문서에 없음,문서에 없음,https://www.kbinsure.co.kr/CG801020002.ec?seq=1022,문서에 없음,[공시문안]대주주가 발행한 주식에 대한 의결권 행사(KB 솔리더스 헬스케어 투자조합)_260406.pdf,1,2026-10-01T17:35:05+09:00,"거래 상대방 판정: 지주·지주 자회사 목록과 이름 불일치(handoff/12_지분관계.csv KB금융 2026 반기보고서(rcept_no 20260814004200) 지주 타법인출자현황 11곳) / 목록 「[의결권행사] KB-솔리더스 헬스케어 투자조합」 공시일 2026-04-06 발생일 2026-03-30 / 문서 일자: 문서에 없음 / 의결권 행사 서식 — 금액 칸 없음 / 서식 제7-1-4호 / PDF 1쪽 / 원본 dart_out/raw/web10/insdeal/KB손해보험_seq1022.pdf (sha256 fa4e28242334…, 쪽 텍스트 dart_out/raw/web10/insdeal/KB손해보험_seq1022.pdf.pages.txt) / 출처 화면·기간: KB손해보험 누리집 > 공시실 > 경영ㆍ사외이사공시 > 수시공시/공고 — 2026·2025년 목록(연도 선택 POST) 127건, 등록일 2025-07-01 이후 수시·2025-10-01 이후 분기 중 구분이 「대주주등에 대한 신용공여 등」·「의결권행사」·「채권,주식 취득」",
KB손해보험,2026-04-06,문서에 없음,,문서에 없음,문서에 없음,https://www.kbinsure.co.kr/CG801020002.ec?seq=1023,문서에 없음,[공시문안]대주주가 발행한 주식에 대한 의결권행사(KB헬스케어)_260407.pdf,1,2026-10-01T17:35:08+09:00,"거래 상대방 판정: 지주·지주 자회사 목록과 이름 불일치(handoff/12_지분관계.csv KB금융 2026 반기보고서(rcept_no 20260814004200) 지주 타법인출자현황 11곳) / 목록 「[의결권행사] KB헬스케어」 공시일 2026-04-06 발생일 2026-03-31 / 문서 일자: 문서에 없음 / 서식 번호 없음 / PDF 1쪽 / 원본 dart_out/raw/web10/insdeal/KB손해보험_seq1023.pdf (sha256 96f6f734d48b…, 쪽 텍스트 dart_out/raw/web10/insdeal/KB손해보험_seq1023.pdf.pages.txt) / 출처 화면·기간: KB손해보험 누리집 > 공시실 > 경영ㆍ사외이사공시 > 수시공시/공고 — 2026·2025년 목록(연도 선택 POST) 127건, 등록일 2025-07-01 이후 수시·2025-10-01 이후 분기 중 구분이 「대주주등에 대한 신용공여 등」·「의결권행사」·「채권,주식 취득」",
KB손해보험,2026-04-06,문서에 없음,,문서에 없음,문서에 없음,https://www.kbinsure.co.kr/CG801020002.ec?seq=1024,문서에 없음,[공시문안]대주주가 발행한 주식에 대한 의결권행사(KB손해사정)_260407.pdf,1,2026-10-01T17:35:10+09:00,"거래 상대방 판정: 지주·지주 자회사 목록과 이름 불일치(handoff/12_지분관계.csv KB금융 2026 반기보고서(rcept_no 20260814004200) 지주 타법인출자현황 11곳) / 목록 「[의결권행사] KB손해사정」 공시일 2026-04-06 발생일 2026-03-31 / 문서 일자: 문서에 없음 / 서식 번호 없음 / PDF 1쪽 / 원본 dart_out/raw/web10/insdeal/KB손해보험_seq1024.pdf (sha256 3cb369473579…, 쪽 텍스트 dart_out/raw/web10/insdeal/KB손해보험_seq1024.pdf.pages.txt) / 출처 화면·기간: KB손해보험 누리집 > 공시실 > 경영ㆍ사외이사공시 > 수시공시/공고 — 2026·2025년 목록(연도 선택 POST) 127건, 등록일 2025-07-01 이후 수시·2025-10-01 이후 분기 중 구분이 「대주주등에 대한 신용공여 등」·「의결권행사」·「채권,주식 취득」",
KB손해보험,2026-04-06,문서에 없음,,문서에 없음,문서에 없음,https://www.kbinsure.co.kr/CG801020002.ec?seq=1025,문서에 없음,[공시문안]대주주가 발행한 주식에 대한 의결권행사(KB손보CNS)_260407.pdf,1,2026-10-01T17:35:13+09:00,"거래 상대방 판정: 지주·지주 자회사 목록과 이름 불일치(handoff/12_지분관계.csv KB금융 2026 반기보고서(rcept_no 20260814004200) 지주 타법인출자현황 11곳) / 목록 「[의결권행사] KB손보CNS」 공시일 2026-04-06 발생일 2026-03-31 / 문서 일자: 문서에 없음 / 서식 번호 없음 / PDF 1쪽 / 원본 dart_out/raw/web10/insdeal/KB손해보험_seq1025.pdf (sha256 7c89295c4d31…, 쪽 텍스트 dart_out/raw/web10/insdeal/KB손해보험_seq1025.pdf.pages.txt) / 출처 화면·기간: KB손해보험 누리집 > 공시실 > 경영ㆍ사외이사공시 > 수시공시/공고 — 2026·2025년 목록(연도 선택 POST) 127건, 등록일 2025-07-01 이후 수시·2025-10-01 이후 분기 중 구분이 「대주주등에 대한 신용공여 등」·「의결권행사」·「채권,주식 취득」",
KB손해보험,2026-04-17,문서에 없음,,문서에 없음,문서에 없음,https://www.kbinsure.co.kr/CG801020002.ec?seq=1027,문서에 없음,"[공시문안] 대주주가 발행한 채권, 주식의 취득(KB헬스케어).pdf",1,2026-10-01T17:35:16+09:00,"거래 상대방 판정: 지주·지주 자회사 목록과 이름 불일치(handoff/12_지분관계.csv KB금융 2026 반기보고서(rcept_no 20260814004200) 지주 타법인출자현황 11곳) / 목록 「[채권,주식 취득] KB헬스케어」 공시일 2026-04-17 발생일 2026-04-10 / 문서 일자: 문서에 없음 / 서식 번호 없음 / PDF 1쪽 / 원본 dart_out/raw/web10/insdeal/KB손해보험_seq1027.pdf (sha256 95dbb6eed084…, 쪽 텍스트 dart_out/raw/web10/insdeal/KB손해보험_seq1027.pdf.pages.txt) / 출처 화면·기간: KB손해보험 누리집 > 공시실 > 경영ㆍ사외이사공시 > 수시공시/공고 — 2026·2025년 목록(연도 선택 POST) 127건, 등록일 2025-07-01 이후 수시·2025-10-01 이후 분기 중 구분이 「대주주등에 대한 신용공여 등」·「의결권행사」·「채권,주식 취득」",
KB손해보험,2026-04-28,문서에 없음,대주주발행,문서에 없음,문서에 없음,https://www.kbinsure.co.kr/CG801020002.ec?seq=1032,문서에 없음,[공시문안]대주주가 발행한 주식에 대한 의결권 행사(인니법인)_260424.pdf,1,2026-10-01T17:35:18+09:00,"거래 상대방 판정: 지주·지주 자회사 목록과 이름 불일치(handoff/12_지분관계.csv KB금융 2026 반기보고서(rcept_no 20260814004200) 지주 타법인출자현황 11곳) / 목록 「[의결권행사] 인니법인」 공시일 2026-04-28 발생일 2026-04-24 / 문서 일자: 문서에 없음 / 서식 번호 없음 / PDF 1쪽 / 원본 dart_out/raw/web10/insdeal/KB손해보험_seq1032.pdf (sha256 d81e2c3ad1b2…, 쪽 텍스트 dart_out/raw/web10/insdeal/KB손해보험_seq1032.pdf.pages.txt) / 출처 화면·기간: KB손해보험 누리집 > 공시실 > 경영ㆍ사외이사공시 > 수시공시/공고 — 2026·2025년 목록(연도 선택 POST) 127건, 등록일 2025-07-01 이후 수시·2025-10-01 이후 분기 중 구분이 「대주주등에 대한 신용공여 등」·「의결권행사」·「채권,주식 취득」",
KB손해보험,2026-04-30,문서에 없음,■ 보험업법 제111조(대주주와 거래제한 및 금지행위 등) 제4항에 따른 공시사항,문서에 없음,문서에 없음,https://www.kbinsure.co.kr/CG801020002.ec?seq=1029,문서에 없음,[공시문안]대주주에 대한 신용공여 및 채권・주식 취득현황(2026년 1분기)_vf.pdf,1,2026-10-01T17:35:22+09:00,"거래 상대방 판정: 지주·지주 자회사 목록과 이름 불일치(handoff/12_지분관계.csv KB금융 2026 반기보고서(rcept_no 20260814004200) 지주 타법인출자현황 11곳) / 목록 「[대주주등에 대한 신용공여 등] 26.1분기 현황」 공시일 2026-04-30 발생일 2026-03-31 / 문서 일자: 문서에 없음 / 서식 번호 없음 / PDF 1쪽 / 원본 dart_out/raw/web10/insdeal/KB손해보험_seq1029.pdf (sha256 88d50d36d663…, 쪽 텍스트 dart_out/raw/web10/insdeal/KB손해보험_seq1029.pdf.pages.txt) / 출처 화면·기간: KB손해보험 누리집 > 공시실 > 경영ㆍ사외이사공시 > 수시공시/공고 — 2026·2025년 목록(연도 선택 POST) 127건, 등록일 2025-07-01 이후 수시·2025-10-01 이후 분기 중 구분이 「대주주등에 대한 신용공여 등」·「의결권행사」·「채권,주식 취득」",
KB손해보험,2026-04-30,문서에 없음,대주주가 발행한 주식의 취득,문서에 없음,문서에 없음,https://www.kbinsure.co.kr/CG801020002.ec?seq=1030,문서에 없음,[공시문안]대주주가 발행한 주식의 취득_스타트업코리아KB세컨더리벤처투자조합(260424).pdf,1,2026-10-01T17:35:25+09:00,"거래 상대방 판정: 지주·지주 자회사 목록과 이름 불일치(handoff/12_지분관계.csv KB금융 2026 반기보고서(rcept_no 20260814004200) 지주 타법인출자현황 11곳) / 목록 「[채권,주식 취득] KB인베스트먼트」 공시일 2026-04-30 발생일 2026-04-24 / 문서 일자: 문서에 없음 / 서식 제7-1-3호 / PDF 1쪽 / 원본 dart_out/raw/web10/insdeal/KB손해보험_seq1030.pdf (sha256 ee4333be6cbb…, 쪽 텍스트 dart_out/raw/web10/insdeal/KB손해보험_seq1030.pdf.pages.txt) / 출처 화면·기간: KB손해보험 누리집 > 공시실 > 경영ㆍ사외이사공시 > 수시공시/공고 — 2026·2025년 목록(연도 선택 POST) 127건, 등록일 2025-07-01 이후 수시·2025-10-01 이후 분기 중 구분이 「대주주등에 대한 신용공여 등」·「의결권행사」·「채권,주식 취득」",
KB손해보험,2026-04-30,문서에 없음,대주주가 발행한 주식의 취득,문서에 없음,문서에 없음,https://www.kbinsure.co.kr/CG801020002.ec?seq=1031,문서에 없음,[공시문안]대주주가 발행한 주식의 취득_KB글로벌플랫폼2호(260430).pdf,1,2026-10-01T17:35:27+09:00,"거래 상대방 판정: 지주·지주 자회사 목록과 이름 불일치(handoff/12_지분관계.csv KB금융 2026 반기보고서(rcept_no 20260814004200) 지주 타법인출자현황 11곳) / 목록 「[채권,주식 취득] KB인베스트먼트」 공시일 2026-04-30 발생일 2026-04-23 / 문서 일자: 문서에 없음 / 서식 제7-1-3호 / PDF 1쪽 / 원본 dart_out/raw/web10/insdeal/KB손해보험_seq1031.pdf (sha256 dcf501cd203b…, 쪽 텍스트 dart_out/raw/web10/insdeal/KB손해보험_seq1031.pdf.pages.txt) / 출처 화면·기간: KB손해보험 누리집 > 공시실 > 경영ㆍ사외이사공시 > 수시공시/공고 — 2026·2025년 목록(연도 선택 POST) 127건, 등록일 2025-07-01 이후 수시·2025-10-01 이후 분기 중 구분이 「대주주등에 대한 신용공여 등」·「의결권행사」·「채권,주식 취득」",
KB손해보험,2026-05-06,문서에 없음,대주주가 발행한 주식의 취득,문서에 없음,문서에 없음,https://www.kbinsure.co.kr/CG801020002.ec?seq=1033,문서에 없음,[공시문안]대주주가 발행한 주식의 취득_KB스케일업2호(260429).pdf,1,2026-10-01T17:35:29+09:00,"거래 상대방 판정: 지주·지주 자회사 목록과 이름 불일치(handoff/12_지분관계.csv KB금융 2026 반기보고서(rcept_no 20260814004200) 지주 타법인출자현황 11곳) / 목록 「[채권,주식 취득] KB인베스트먼트」 공시일 2026-05-06 발생일 2026-04-29 / 문서 일자: 문서에 없음 / 서식 제7-1-3호 / PDF 1쪽 / 원본 dart_out/raw/web10/insdeal/KB손해보험_seq1033.pdf (sha256 c213d32cc720…, 쪽 텍스트 dart_out/raw/web10/insdeal/KB손해보험_seq1033.pdf.pages.txt) / 출처 화면·기간: KB손해보험 누리집 > 공시실 > 경영ㆍ사외이사공시 > 수시공시/공고 — 2026·2025년 목록(연도 선택 POST) 127건, 등록일 2025-07-01 이후 수시·2025-10-01 이후 분기 중 구분이 「대주주등에 대한 신용공여 등」·「의결권행사」·「채권,주식 취득」",
KB손해보험,2026-05-13,문서에 없음,대주주가 발행한 주식의 취득,문서에 없음,문서에 없음,https://www.kbinsure.co.kr/CG801020002.ec?seq=1034,문서에 없음,[공시문안]대주주가 발행한 주식의 취득(KB디지털플랫폼)_260506.pdf,1,2026-10-01T17:35:31+09:00,"거래 상대방 판정: 지주·지주 자회사 목록과 이름 불일치(handoff/12_지분관계.csv KB금융 2026 반기보고서(rcept_no 20260814004200) 지주 타법인출자현황 11곳) / 목록 「[채권,주식 취득] KB인베스트먼트, KB증권」 공시일 2026-05-13 발생일 2026-05-06 / 문서 일자: 문서에 없음 / 서식 제7-1-3호 / PDF 1쪽 / 원본 dart_out/raw/web10/insdeal/KB손해보험_seq1034.pdf (sha256 41b136015cb2…, 쪽 텍스트 dart_out/raw/web10/insdeal/KB손해보험_seq1034.pdf.pages.txt) / 출처 화면·기간: KB손해보험 누리집 > 공시실 > 경영ㆍ사외이사공시 > 수시공시/공고 — 2026·2025년 목록(연도 선택 POST) 127건, 등록일 2025-07-01 이후 수시·2025-10-01 이후 분기 중 구분이 「대주주등에 대한 신용공여 등」·「의결권행사」·「채권,주식 취득」",
KB손해보험,2026-05-14,"Leading Insurance Services, Inc.",대주주발행,문서에 없음,문서에 없음,https://www.kbinsure.co.kr/CG801020002.ec?seq=1035,"주식의 종류회사보유주식수지분율 (%)주주총회 명칭의결안건 행사내용 | ※ 보험업법 제 111조(대주주와의 거래제한 등) 제 3항에 의한 공시 사항입니다. | 대주주가 발행한 주식에 대한 의결권 행사 | 1. 대주주명 | Leading Insurance Services, Inc. | 2. 주식 보유현황 | 대주주발행 총주식수 | 200 주 | 보통주 | 200 주 | 100% | 3. 주주총회개요 | 제 21기 정기주주총회 | 주주총회일(의결권행사일) | 2026년 5월 7일 (목) | 1. 제 1호의안 : 승인 | 4. 의결권 행사내용 | 1. 제 1호의안 : 이사회 (Board of Directors) 재선임 (박상규, 이광호, 공정섭) | 5. 기타 | 서면결의",[공시문안]대주주가 발행한 주식에 대한 의결권 행사_미국법인(20260507).pdf,1,2026-10-01T17:35:34+09:00,"거래 상대방 판정: 지주·지주 자회사 목록과 이름 불일치(handoff/12_지분관계.csv KB금융 2026 반기보고서(rcept_no 20260814004200) 지주 타법인출자현황 11곳) / 목록 「[의결권행사] 미국법인」 공시일 2026-05-14 발생일 2026-05-07 / 문서 일자: 주주총회일(의결권행사일) 2026년 5월 7일 (목) / 서식 번호 없음 / PDF 1쪽 / 원본 dart_out/raw/web10/insdeal/KB손해보험_seq1035.pdf (sha256 18ee2dd7bfeb…, 쪽 텍스트 dart_out/raw/web10/insdeal/KB손해보험_seq1035.pdf.pages.txt) / 출처 화면·기간: KB손해보험 누리집 > 공시실 > 경영ㆍ사외이사공시 > 수시공시/공고 — 2026·2025년 목록(연도 선택 POST) 127건, 등록일 2025-07-01 이후 수시·2025-10-01 이후 분기 중 구분이 「대주주등에 대한 신용공여 등」·「의결권행사」·「채권,주식 취득」",
KB손해보험,2026-05-20,KBFG재산보험(중국)유한공사,대주주발행,문서에 없음,문서에 없음,https://www.kbinsure.co.kr/CG801020002.ec?seq=1036,"주식의 종류회사보유주식수지분율 (%)주주총회 명칭의결안건 행사내용 | ※ 보험업법 제 111조(대주주와의 거래제한 등) 제 3항에 의한 공시 사항입니다. | 대주주가 발행한 주식에 대한 의결권 행사 | 1. 대주주명 | KBFG재산보험(중국)유한공사 | 2. 주식 보유현황 | 대주주발행총주식수 | - | - | - | 100% | 3. 주주총회개요 | 임시주주결의 | 주주총회일(의결권행사일) | 2026년 5월 14일 (목) | 1. 제 9호의안 : 승인 | 4. 의결권 행사내용 | 1. 제 9호의 안: 동사(사내이사) 면직 및 독립동사(사외이사) 선임에 대한 주주결의의 건 - 재임중인 6기 동사회 구성원 (이광호 동사장, 백승민 동사, 황성수 동사, 정걸 독립동사, 도호영 감사)중 황성수 동사를 면직하고, 중국 감독국의 자격 심사를 득한 장지영(張智永)을 독립동사(사외이사)로 선임함. | 5. 기타 | 서면결의",[공시문안]대주주가 발행한 주식에 대한 의결권 행사(중국법인)_260514.pdf,1,2026-10-01T17:35:36+09:00,"거래 상대방 판정: 지주·지주 자회사 목록과 이름 불일치(handoff/12_지분관계.csv KB금융 2026 반기보고서(rcept_no 20260814004200) 지주 타법인출자현황 11곳) / 목록 「[의결권행사] 중국법인」 공시일 2026-05-20 발생일 2026-05-14 / 문서 일자: 주주총회일(의결권행사일) 2026년 5월 14일 (목) / 서식 번호 없음 / PDF 1쪽 / 원본 dart_out/raw/web10/insdeal/KB손해보험_seq1036.pdf (sha256 d56f078eb67e…, 쪽 텍스트 dart_out/raw/web10/insdeal/KB손해보험_seq1036.pdf.pages.txt) / 출처 화면·기간: KB손해보험 누리집 > 공시실 > 경영ㆍ사외이사공시 > 수시공시/공고 — 2026·2025년 목록(연도 선택 POST) 127건, 등록일 2025-07-01 이후 수시·2025-10-01 이후 분기 중 구분이 「대주주등에 대한 신용공여 등」·「의결권행사」·「채권,주식 취득」",
KB손해보험,2026-05-20,문서에 없음,대주주가 발행한 주식의 취득,문서에 없음,문서에 없음,https://www.kbinsure.co.kr/CG801020002.ec?seq=1037,문서에 없음,[공시문안]대주주가 발행한 주식의 취득(케이비딥테크스케일업펀드)_260521.pdf,1,2026-10-01T17:35:39+09:00,"거래 상대방 판정: 지주·지주 자회사 목록과 이름 불일치(handoff/12_지분관계.csv KB금융 2026 반기보고서(rcept_no 20260814004200) 지주 타법인출자현황 11곳) / 목록 「[채권,주식 취득] KB인베스트먼트」 공시일 2026-05-20 발생일 2026-05-14 / 문서 일자: 문서에 없음 / 서식 제7-1-3호 / PDF 1쪽 / 원본 dart_out/raw/web10/insdeal/KB손해보험_seq1037.pdf (sha256 6430f471459f…, 쪽 텍스트 dart_out/raw/web10/insdeal/KB손해보험_seq1037.pdf.pages.txt) / 출처 화면·기간: KB손해보험 누리집 > 공시실 > 경영ㆍ사외이사공시 > 수시공시/공고 — 2026·2025년 목록(연도 선택 POST) 127건, 등록일 2025-07-01 이후 수시·2025-10-01 이후 분기 중 구분이 「대주주등에 대한 신용공여 등」·「의결권행사」·「채권,주식 취득」",
KB손해보험,2026-06-02,문서에 없음,대주주가 발행한 주식의 취득,문서에 없음,문서에 없음,https://www.kbinsure.co.kr/CG801020002.ec?seq=1042,문서에 없음,[공시문안]대주주가 발행한 주식의 취득_KB글로벌플랫폼2호(260529).pdf,1,2026-10-01T17:35:41+09:00,"거래 상대방 판정: 지주·지주 자회사 목록과 이름 불일치(handoff/12_지분관계.csv KB금융 2026 반기보고서(rcept_no 20260814004200) 지주 타법인출자현황 11곳) / 목록 「[채권,주식 취득] KB인베스트먼트」 공시일 2026-06-02 발생일 2026-05-29 / 문서 일자: 문서에 없음 / 서식 제7-1-3호 / PDF 1쪽 / 원본 dart_out/raw/web10/insdeal/KB손해보험_seq1042.pdf (sha256 894e695790c4…, 쪽 텍스트 dart_out/raw/web10/insdeal/KB손해보험_seq1042.pdf.pages.txt) / 출처 화면·기간: KB손해보험 누리집 > 공시실 > 경영ㆍ사외이사공시 > 수시공시/공고 — 2026·2025년 목록(연도 선택 POST) 127건, 등록일 2025-07-01 이후 수시·2025-10-01 이후 분기 중 구분이 「대주주등에 대한 신용공여 등」·「의결권행사」·「채권,주식 취득」",
KB손해보험,2026-06-05,문서에 없음,,문서에 없음,문서에 없음,https://www.kbinsure.co.kr/CG801020002.ec?seq=1045,문서에 없음,[공시문안]대주주가 발행한 주식에 대한 의결권 행사(KB손보CNS)_06.01.pdf,1,2026-10-01T17:35:44+09:00,"거래 상대방 판정: 지주·지주 자회사 목록과 이름 불일치(handoff/12_지분관계.csv KB금융 2026 반기보고서(rcept_no 20260814004200) 지주 타법인출자현황 11곳) / 목록 「[의결권행사] KB손보CNS」 공시일 2026-06-05 발생일 2026-06-01 / 문서 일자: 문서에 없음 / 서식 번호 없음 / PDF 1쪽 / 원본 dart_out/raw/web10/insdeal/KB손해보험_seq1045.pdf (sha256 403bd40e7cc6…, 쪽 텍스트 dart_out/raw/web10/insdeal/KB손해보험_seq1045.pdf.pages.txt) / 출처 화면·기간: KB손해보험 누리집 > 공시실 > 경영ㆍ사외이사공시 > 수시공시/공고 — 2026·2025년 목록(연도 선택 POST) 127건, 등록일 2025-07-01 이후 수시·2025-10-01 이후 분기 중 구분이 「대주주등에 대한 신용공여 등」·「의결권행사」·「채권,주식 취득」",
KB손해보험,2026-07-02,문서에 없음,대주주발행,문서에 없음,문서에 없음,https://www.kbinsure.co.kr/CG801020002.ec?seq=1043,문서에 없음,[공시문안]대주주가 발행한 주식에 대한 의결권 행사(인니법인)_260626.pdf,1,2026-10-01T17:35:46+09:00,"거래 상대방 판정: 지주·지주 자회사 목록과 이름 불일치(handoff/12_지분관계.csv KB금융 2026 반기보고서(rcept_no 20260814004200) 지주 타법인출자현황 11곳) / 목록 「[의결권행사] 인니법인」 공시일 2026-07-02 발생일 2026-06-26 / 문서 일자: 문서에 없음 / 서식 번호 없음 / PDF 1쪽 / 원본 dart_out/raw/web10/insdeal/KB손해보험_seq1043.pdf (sha256 905154671485…, 쪽 텍스트 dart_out/raw/web10/insdeal/KB손해보험_seq1043.pdf.pages.txt) / 출처 화면·기간: KB손해보험 누리집 > 공시실 > 경영ㆍ사외이사공시 > 수시공시/공고 — 2026·2025년 목록(연도 선택 POST) 127건, 등록일 2025-07-01 이후 수시·2025-10-01 이후 분기 중 구분이 「대주주등에 대한 신용공여 등」·「의결권행사」·「채권,주식 취득」",
KB손해보험,2026-07-07,문서에 없음,대주주발행,문서에 없음,문서에 없음,https://www.kbinsure.co.kr/CG801020002.ec?seq=1044,문서에 없음,[공시문안]대주주가 발행한 주식에 대한 의결권 행사(중국법인)_260701.pdf,1,2026-10-01T17:35:49+09:00,"거래 상대방 판정: 지주·지주 자회사 목록과 이름 불일치(handoff/12_지분관계.csv KB금융 2026 반기보고서(rcept_no 20260814004200) 지주 타법인출자현황 11곳) / 목록 「[의결권행사] 중국법인」 공시일 2026-07-07 발생일 2026-07-01 / 문서 일자: 문서에 없음 / 서식 번호 없음 / PDF 1쪽 / 원본 dart_out/raw/web10/insdeal/KB손해보험_seq1044.pdf (sha256 1bf19ec77db0…, 쪽 텍스트 dart_out/raw/web10/insdeal/KB손해보험_seq1044.pdf.pages.txt) / 출처 화면·기간: KB손해보험 누리집 > 공시실 > 경영ㆍ사외이사공시 > 수시공시/공고 — 2026·2025년 목록(연도 선택 POST) 127건, 등록일 2025-07-01 이후 수시·2025-10-01 이후 분기 중 구분이 「대주주등에 대한 신용공여 등」·「의결권행사」·「채권,주식 취득」",
KB손해보험,2026-07-10,문서에 없음,,문서에 없음,문서에 없음,https://www.kbinsure.co.kr/CG801020002.ec?seq=1046,문서에 없음,[공시문안]대주주가 발행한 주식에 대한 의결권 행사(KB손해사정)_07.06.pdf,1,2026-10-01T17:35:51+09:00,"거래 상대방 판정: 지주·지주 자회사 목록과 이름 불일치(handoff/12_지분관계.csv KB금융 2026 반기보고서(rcept_no 20260814004200) 지주 타법인출자현황 11곳) / 목록 「[의결권행사] KB손해사정」 공시일 2026-07-10 발생일 2026-07-06 / 문서 일자: 문서에 없음 / 서식 번호 없음 / PDF 1쪽 / 원본 dart_out/raw/web10/insdeal/KB손해보험_seq1046.pdf (sha256 d4c3c402342a…, 쪽 텍스트 dart_out/raw/web10/insdeal/KB손해보험_seq1046.pdf.pages.txt) / 출처 화면·기간: KB손해보험 누리집 > 공시실 > 경영ㆍ사외이사공시 > 수시공시/공고 — 2026·2025년 목록(연도 선택 POST) 127건, 등록일 2025-07-01 이후 수시·2025-10-01 이후 분기 중 구분이 「대주주등에 대한 신용공여 등」·「의결권행사」·「채권,주식 취득」",
KB손해보험,2026-07-10,문서에 없음,,문서에 없음,문서에 없음,https://www.kbinsure.co.kr/CG801020002.ec?seq=1047,문서에 없음,[공시문안]대주주가 발행한 주식에 대한 의결권 행사(KB손보CNS)_07.06.pdf,1,2026-10-01T17:35:54+09:00,"거래 상대방 판정: 지주·지주 자회사 목록과 이름 불일치(handoff/12_지분관계.csv KB금융 2026 반기보고서(rcept_no 20260814004200) 지주 타법인출자현황 11곳) / 목록 「[의결권행사] KB손보CNS」 공시일 2026-07-10 발생일 2026-07-06 / 문서 일자: 문서에 없음 / 서식 번호 없음 / PDF 1쪽 / 원본 dart_out/raw/web10/insdeal/KB손해보험_seq1047.pdf (sha256 250d87dc9019…, 쪽 텍스트 dart_out/raw/web10/insdeal/KB손해보험_seq1047.pdf.pages.txt) / 출처 화면·기간: KB손해보험 누리집 > 공시실 > 경영ㆍ사외이사공시 > 수시공시/공고 — 2026·2025년 목록(연도 선택 POST) 127건, 등록일 2025-07-01 이후 수시·2025-10-01 이후 분기 중 구분이 「대주주등에 대한 신용공여 등」·「의결권행사」·「채권,주식 취득」",
KB손해보험,2026-07-20,문서에 없음,대주주가 발행한 주식의 취득,문서에 없음,문서에 없음,https://www.kbinsure.co.kr/CG801020002.ec?seq=1048,문서에 없음,[공시문안]대주주가 발행한 주식의 취득(KB디지털플랫폼)_260713.pdf,1,2026-10-01T17:35:56+09:00,"거래 상대방 판정: 지주·지주 자회사 목록과 이름 불일치(handoff/12_지분관계.csv KB금융 2026 반기보고서(rcept_no 20260814004200) 지주 타법인출자현황 11곳) / 목록 「[채권,주식 취득] KB인베스트먼트, KB증권」 공시일 2026-07-20 발생일 2026-07-13 / 문서 일자: 문서에 없음 / 서식 제7-1-3호 / PDF 1쪽 / 원본 dart_out/raw/web10/insdeal/KB손해보험_seq1048.pdf (sha256 80c89c52bf05…, 쪽 텍스트 dart_out/raw/web10/insdeal/KB손해보험_seq1048.pdf.pages.txt) / 출처 화면·기간: KB손해보험 누리집 > 공시실 > 경영ㆍ사외이사공시 > 수시공시/공고 — 2026·2025년 목록(연도 선택 POST) 127건, 등록일 2025-07-01 이후 수시·2025-10-01 이후 분기 중 구분이 「대주주등에 대한 신용공여 등」·「의결권행사」·「채권,주식 취득」",
KB손해보험,2026-07-21,문서에 없음,대주주가 발행한 주식의 취득,문서에 없음,문서에 없음,https://www.kbinsure.co.kr/CG801020002.ec?seq=1049,문서에 없음,[공시문안]대주주가 발행한 주식의 취득(스타트업 코리아 세컨더리)_260715.pdf,1,2026-10-01T17:35:59+09:00,"거래 상대방 판정: 지주·지주 자회사 목록과 이름 불일치(handoff/12_지분관계.csv KB금융 2026 반기보고서(rcept_no 20260814004200) 지주 타법인출자현황 11곳) / 목록 「[채권,주식 취득] KB인베스트먼트」 공시일 2026-07-21 발생일 2026-07-15 / 문서 일자: 문서에 없음 / 서식 제7-1-3호 / PDF 1쪽 / 원본 dart_out/raw/web10/insdeal/KB손해보험_seq1049.pdf (sha256 d5a74c3a9424…, 쪽 텍스트 dart_out/raw/web10/insdeal/KB손해보험_seq1049.pdf.pages.txt) / 출처 화면·기간: KB손해보험 누리집 > 공시실 > 경영ㆍ사외이사공시 > 수시공시/공고 — 2026·2025년 목록(연도 선택 POST) 127건, 등록일 2025-07-01 이후 수시·2025-10-01 이후 분기 중 구분이 「대주주등에 대한 신용공여 등」·「의결권행사」·「채권,주식 취득」",
KB손해보험,2026-07-21,문서에 없음,대주주가 발행한 주식에 대한 의결권 행사,문서에 없음,문서에 없음,https://www.kbinsure.co.kr/CG801020002.ec?seq=1050,문서에 없음,[공시문안]대주주가 발행한 주식에 대한 의결권 행사_케이비 AX디지털자산_260716.pdf,1,2026-10-01T17:36:02+09:00,"거래 상대방 판정: 지주·지주 자회사 목록과 이름 불일치(handoff/12_지분관계.csv KB금융 2026 반기보고서(rcept_no 20260814004200) 지주 타법인출자현황 11곳) / 목록 「[의결권행사] 케이비 AX디지털자산 펀드」 공시일 2026-07-21 발생일 2026-07-15 / 문서 일자: 문서에 없음 / 의결권 행사 서식 — 금액 칸 없음 / 서식 제7-1-4호 / PDF 2쪽 / 원본 dart_out/raw/web10/insdeal/KB손해보험_seq1050.pdf (sha256 2b2dd5a14be3…, 쪽 텍스트 dart_out/raw/web10/insdeal/KB손해보험_seq1050.pdf.pages.txt) / 출처 화면·기간: KB손해보험 누리집 > 공시실 > 경영ㆍ사외이사공시 > 수시공시/공고 — 2026·2025년 목록(연도 선택 POST) 127건, 등록일 2025-07-01 이후 수시·2025-10-01 이후 분기 중 구분이 「대주주등에 대한 신용공여 등」·「의결권행사」·「채권,주식 취득」",
KB손해보험,2026-07-21,문서에 없음,대주주가 발행한 주식의 취득,문서에 없음,문서에 없음,https://www.kbinsure.co.kr/CG801020002.ec?seq=1051,문서에 없음,[공시문안]대주주가 발행한 주식의 취득_케이비 AX디지털자산_260716.pdf,1,2026-10-01T17:36:05+09:00,"거래 상대방 판정: 지주·지주 자회사 목록과 이름 불일치(handoff/12_지분관계.csv KB금융 2026 반기보고서(rcept_no 20260814004200) 지주 타법인출자현황 11곳) / 목록 「[채권,주식 취득] 케이비 AX디지털자산 펀드」 공시일 2026-07-21 발생일 2026-07-15 / 문서 일자: 문서에 없음 / 서식 제7-1-3호 / PDF 1쪽 / 원본 dart_out/raw/web10/insdeal/KB손해보험_seq1051.pdf (sha256 ab216df6fbb5…, 쪽 텍스트 dart_out/raw/web10/insdeal/KB손해보험_seq1051.pdf.pages.txt) / 출처 화면·기간: KB손해보험 누리집 > 공시실 > 경영ㆍ사외이사공시 > 수시공시/공고 — 2026·2025년 목록(연도 선택 POST) 127건, 등록일 2025-07-01 이후 수시·2025-10-01 이후 분기 중 구분이 「대주주등에 대한 신용공여 등」·「의결권행사」·「채권,주식 취득」",
KB손해보험,2026-07-27,문서에 없음,대주주가 발행한 주식의 취득,문서에 없음,문서에 없음,https://www.kbinsure.co.kr/CG801020002.ec?seq=1052,문서에 없음,[공시문안]대주주가 발행한 주식의 취득(메리츠KB 선순위대출)_260721.pdf,1,2026-10-01T17:36:07+09:00,"거래 상대방 판정: 지주·지주 자회사 목록과 이름 불일치(handoff/12_지분관계.csv KB금융 2026 반기보고서(rcept_no 20260814004200) 지주 타법인출자현황 11곳) / 목록 「[채권,주식 취득] KB자산운용」 공시일 2026-07-27 발생일 2026-07-21 / 문서 일자: 문서에 없음 / 서식 제7-1-3호 / PDF 1쪽 / 원본 dart_out/raw/web10/insdeal/KB손해보험_seq1052.pdf (sha256 762507c452a4…, 쪽 텍스트 dart_out/raw/web10/insdeal/KB손해보험_seq1052.pdf.pages.txt) / 출처 화면·기간: KB손해보험 누리집 > 공시실 > 경영ㆍ사외이사공시 > 수시공시/공고 — 2026·2025년 목록(연도 선택 POST) 127건, 등록일 2025-07-01 이후 수시·2025-10-01 이후 분기 중 구분이 「대주주등에 대한 신용공여 등」·「의결권행사」·「채권,주식 취득」",
KB손해보험,2026-07-27,문서에 없음,대주주가 발행한 주식에 대한 의결권 행사,문서에 없음,문서에 없음,https://www.kbinsure.co.kr/CG801020002.ec?seq=1053,문서에 없음,[공시문안]대주주가 발행한 주식에 대한 의결권 행사_메리츠KB선순위대출제1호_260722.pdf,1,2026-10-01T17:36:09+09:00,"거래 상대방 판정: 지주·지주 자회사 목록과 이름 불일치(handoff/12_지분관계.csv KB금융 2026 반기보고서(rcept_no 20260814004200) 지주 타법인출자현황 11곳) / 목록 「[의결권행사] 메리츠케이비선순위대출제1호 사모투자합자회사」 공시일 2026-07-27 발생일 2026-07-22 / 문서 일자: 문서에 없음 / 의결권 행사 서식 — 금액 칸 없음 / 서식 제7-1-4호 / PDF 1쪽 / 원본 dart_out/raw/web10/insdeal/KB손해보험_seq1053.pdf (sha256 e4b3cf6f17db…, 쪽 텍스트 dart_out/raw/web10/insdeal/KB손해보험_seq1053.pdf.pages.txt) / 출처 화면·기간: KB손해보험 누리집 > 공시실 > 경영ㆍ사외이사공시 > 수시공시/공고 — 2026·2025년 목록(연도 선택 POST) 127건, 등록일 2025-07-01 이후 수시·2025-10-01 이후 분기 중 구분이 「대주주등에 대한 신용공여 등」·「의결권행사」·「채권,주식 취득」",
KB손해보험,2026-07-27,문서에 없음,대주주가 발행한 주식에 대한 의결권 행사,문서에 없음,문서에 없음,https://www.kbinsure.co.kr/CG801020002.ec?seq=1054,문서에 없음,[공시문안]대주주가 발행한 주식에 대한 의결권 행사_KB디지털 혁신성장_260720.pdf,1,2026-10-01T17:36:11+09:00,"거래 상대방 판정: 지주·지주 자회사 목록과 이름 불일치(handoff/12_지분관계.csv KB금융 2026 반기보고서(rcept_no 20260814004200) 지주 타법인출자현황 11곳) / 목록 「[의결권행사] KB디지털 혁신성장 신기술사업투자조합」 공시일 2026-07-27 발생일 2026-07-23 / 문서 일자: 문서에 없음 / 의결권 행사 서식 — 금액 칸 없음 / 서식 제7-1-4호 / PDF 1쪽 / 원본 dart_out/raw/web10/insdeal/KB손해보험_seq1054.pdf (sha256 8874acedb694…, 쪽 텍스트 dart_out/raw/web10/insdeal/KB손해보험_seq1054.pdf.pages.txt) / 출처 화면·기간: KB손해보험 누리집 > 공시실 > 경영ㆍ사외이사공시 > 수시공시/공고 — 2026·2025년 목록(연도 선택 POST) 127건, 등록일 2025-07-01 이후 수시·2025-10-01 이후 분기 중 구분이 「대주주등에 대한 신용공여 등」·「의결권행사」·「채권,주식 취득」",
KB손해보험,2026-07-28,문서에 없음,■ 보험업법 제111조(대주주와 거래제한 및 금지행위 등) 제4항에 따른 공시사항,문서에 없음,문서에 없음,https://www.kbinsure.co.kr/CG801020002.ec?seq=1055,문서에 없음,대주주에 대한 신용공여 현황 및 발행 채권주식 취득 현황(26년 2분기).pdf,1,2026-10-01T17:36:15+09:00,"거래 상대방 판정: 지주·지주 자회사 목록과 이름 불일치(handoff/12_지분관계.csv KB금융 2026 반기보고서(rcept_no 20260814004200) 지주 타법인출자현황 11곳) / 목록 「[대주주등에 대한 신용공여 등] 26.2분기 현황」 공시일 2026-07-28 발생일 2026-06-30 / 문서 일자: 문서에 없음 / 서식 번호 없음 / PDF 1쪽 / 원본 dart_out/raw/web10/insdeal/KB손해보험_seq1055.pdf (sha256 b9421bcc34fa…, 쪽 텍스트 dart_out/raw/web10/insdeal/KB손해보험_seq1055.pdf.pages.txt) / 출처 화면·기간: KB손해보험 누리집 > 공시실 > 경영ㆍ사외이사공시 > 수시공시/공고 — 2026·2025년 목록(연도 선택 POST) 127건, 등록일 2025-07-01 이후 수시·2025-10-01 이후 분기 중 구분이 「대주주등에 대한 신용공여 등」·「의결권행사」·「채권,주식 취득」",
KB손해보험,2026-08-05,문서에 없음,대주주가 발행한 주식의 취득,문서에 없음,문서에 없음,https://www.kbinsure.co.kr/CG801020002.ec?seq=1056,문서에 없음,[공시문안]대주주가 발행한 주식의 취득(메리츠케이비 선순위대출 제1호 펀드)_260730.pdf,1,2026-10-01T17:36:17+09:00,"거래 상대방 판정: 지주·지주 자회사 목록과 이름 불일치(handoff/12_지분관계.csv KB금융 2026 반기보고서(rcept_no 20260814004200) 지주 타법인출자현황 11곳) / 목록 「[채권,주식 취득] KB자산운용」 공시일 2026-08-05 발생일 2026-07-30 / 문서 일자: 문서에 없음 / 서식 제7-1-3호 / PDF 1쪽 / 원본 dart_out/raw/web10/insdeal/KB손해보험_seq1056.pdf (sha256 a746ec114d72…, 쪽 텍스트 dart_out/raw/web10/insdeal/KB손해보험_seq1056.pdf.pages.txt) / 출처 화면·기간: KB손해보험 누리집 > 공시실 > 경영ㆍ사외이사공시 > 수시공시/공고 — 2026·2025년 목록(연도 선택 POST) 127건, 등록일 2025-07-01 이후 수시·2025-10-01 이후 분기 중 구분이 「대주주등에 대한 신용공여 등」·「의결권행사」·「채권,주식 취득」",
KB손해보험,2026-08-28,문서에 없음,대주주발행,문서에 없음,문서에 없음,https://www.kbinsure.co.kr/CG801020002.ec?seq=1057,문서에 없음,[공시문안]대주주가 발행한 주식에 대한 의결권 행사(인니법인)_260821.pdf,1,2026-10-01T17:36:20+09:00,"거래 상대방 판정: 지주·지주 자회사 목록과 이름 불일치(handoff/12_지분관계.csv KB금융 2026 반기보고서(rcept_no 20260814004200) 지주 타법인출자현황 11곳) / 목록 「[의결권행사] 인니법인」 공시일 2026-08-28 발생일 2026-08-21 / 문서 일자: 문서에 없음 / 서식 번호 없음 / PDF 1쪽 / 원본 dart_out/raw/web10/insdeal/KB손해보험_seq1057.pdf (sha256 7922df9b0211…, 쪽 텍스트 dart_out/raw/web10/insdeal/KB손해보험_seq1057.pdf.pages.txt) / 출처 화면·기간: KB손해보험 누리집 > 공시실 > 경영ㆍ사외이사공시 > 수시공시/공고 — 2026·2025년 목록(연도 선택 POST) 127건, 등록일 2025-07-01 이후 수시·2025-10-01 이후 분기 중 구분이 「대주주등에 대한 신용공여 등」·「의결권행사」·「채권,주식 취득」",
KB손해보험,2026-08-31,문서에 없음,대주주가 발행한 주식에 대한 의결권 행사,문서에 없음,문서에 없음,https://www.kbinsure.co.kr/CG801020002.ec?seq=1061,문서에 없음,[공시문안]대주주가 발행한 주식에 대한 의결권 행사(KB 솔리더스 헬스케어 투자조합)_260825.pdf,1,2026-10-01T17:36:22+09:00,"거래 상대방 판정: 지주·지주 자회사 목록과 이름 불일치(handoff/12_지분관계.csv KB금융 2026 반기보고서(rcept_no 20260814004200) 지주 타법인출자현황 11곳) / 목록 「[의결권행사] KB-솔리더스 헬스케어 투자조합」 공시일 2026-08-31 발생일 2026-08-25 / 문서 일자: 문서에 없음 / 의결권 행사 서식 — 금액 칸 없음 / 서식 제7-1-4호 / PDF 1쪽 / 원본 dart_out/raw/web10/insdeal/KB손해보험_seq1061.pdf (sha256 b2a4b8e56a67…, 쪽 텍스트 dart_out/raw/web10/insdeal/KB손해보험_seq1061.pdf.pages.txt) / 출처 화면·기간: KB손해보험 누리집 > 공시실 > 경영ㆍ사외이사공시 > 수시공시/공고 — 2026·2025년 목록(연도 선택 POST) 127건, 등록일 2025-07-01 이후 수시·2025-10-01 이후 분기 중 구분이 「대주주등에 대한 신용공여 등」·「의결권행사」·「채권,주식 취득」",
KB손해보험,2026-09-03,문서에 없음,대주주가 발행한 주식의 취득,문서에 없음,문서에 없음,https://www.kbinsure.co.kr/CG801020002.ec?seq=1062,문서에 없음,[공시문안]대주주가 발행한 주식의 취득(메리츠케이비 선순위대출 제1호 펀드)_260827.pdf,1,2026-10-01T17:36:25+09:00,"거래 상대방 판정: 지주·지주 자회사 목록과 이름 불일치(handoff/12_지분관계.csv KB금융 2026 반기보고서(rcept_no 20260814004200) 지주 타법인출자현황 11곳) / 목록 「[채권,주식 취득] KB자산운용」 공시일 2026-09-03 발생일 2026-08-27 / 문서 일자: 문서에 없음 / 서식 제7-1-3호 / PDF 1쪽 / 원본 dart_out/raw/web10/insdeal/KB손해보험_seq1062.pdf (sha256 d4f61d9b5dc1…, 쪽 텍스트 dart_out/raw/web10/insdeal/KB손해보험_seq1062.pdf.pages.txt) / 출처 화면·기간: KB손해보험 누리집 > 공시실 > 경영ㆍ사외이사공시 > 수시공시/공고 — 2026·2025년 목록(연도 선택 POST) 127건, 등록일 2025-07-01 이후 수시·2025-10-01 이후 분기 중 구분이 「대주주등에 대한 신용공여 등」·「의결권행사」·「채권,주식 취득」",
KB손해보험,2026-09-07,문서에 없음,대주주가 발행한 주식의 취득,문서에 없음,문서에 없음,https://www.kbinsure.co.kr/CG801020002.ec?seq=1063,문서에 없음,[공시문안] 대주주가 발행한 주식의 취득_KB SBI 글로벌첨단전략(260831).pdf,1,2026-10-01T17:36:27+09:00,"거래 상대방 판정: 지주·지주 자회사 목록과 이름 불일치(handoff/12_지분관계.csv KB금융 2026 반기보고서(rcept_no 20260814004200) 지주 타법인출자현황 11곳) / 목록 「[채권,주식 취득] KB증권」 공시일 2026-09-07 발생일 2026-08-31 / 문서 일자: 문서에 없음 / 서식 제7-1-3호 / PDF 1쪽 / 원본 dart_out/raw/web10/insdeal/KB손해보험_seq1063.pdf (sha256 56d3c1b3839d…, 쪽 텍스트 dart_out/raw/web10/insdeal/KB손해보험_seq1063.pdf.pages.txt) / 출처 화면·기간: KB손해보험 누리집 > 공시실 > 경영ㆍ사외이사공시 > 수시공시/공고 — 2026·2025년 목록(연도 선택 POST) 127건, 등록일 2025-07-01 이후 수시·2025-10-01 이후 분기 중 구분이 「대주주등에 대한 신용공여 등」·「의결권행사」·「채권,주식 취득」",
KB손해보험,2026-09-09,문서에 없음,대주주가 발행한 주식에 대한 의결권 행사,문서에 없음,문서에 없음,https://www.kbinsure.co.kr/CG801020002.ec?seq=1064,문서에 없음,[공시문안] 대주주가 발행한 주식에 대한 의결권 행사(케이비 국민성장 유니콘 스케일업)_260903.pdf,1,2026-10-01T17:36:30+09:00,"거래 상대방 판정: 지주·지주 자회사 목록과 이름 불일치(handoff/12_지분관계.csv KB금융 2026 반기보고서(rcept_no 20260814004200) 지주 타법인출자현황 11곳) / 목록 「[의결권행사] 케이비 국민성장 유니콘 스케일업 신기술사업투자조합」 공시일 2026-09-09 발생일 2026-09-03 / 문서 일자: 문서에 없음 / 의결권 행사 서식 — 금액 칸 없음 / 서식 제7-1-4호 / PDF 1쪽 / 원본 dart_out/raw/web10/insdeal/KB손해보험_seq1064.pdf (sha256 2eaff609ae01…, 쪽 텍스트 dart_out/raw/web10/insdeal/KB손해보험_seq1064.pdf.pages.txt) / 출처 화면·기간: KB손해보험 누리집 > 공시실 > 경영ㆍ사외이사공시 > 수시공시/공고 — 2026·2025년 목록(연도 선택 POST) 127건, 등록일 2025-07-01 이후 수시·2025-10-01 이후 분기 중 구분이 「대주주등에 대한 신용공여 등」·「의결권행사」·「채권,주식 취득」",
KB손해보험,2026-09-09,문서에 없음,대주주가 발행한 주식의 취득,문서에 없음,문서에 없음,https://www.kbinsure.co.kr/CG801020002.ec?seq=1065,문서에 없음,[공시문안]대주주가 발생한 주식의 취득(케이비 국민성장 유니콘 스케일업)_260903.pdf,1,2026-10-01T17:36:33+09:00,"거래 상대방 판정: 지주·지주 자회사 목록과 이름 불일치(handoff/12_지분관계.csv KB금융 2026 반기보고서(rcept_no 20260814004200) 지주 타법인출자현황 11곳) / 목록 「[채권,주식 취득] KB증권」 공시일 2026-09-09 발생일 2026-09-03 / 문서 일자: 문서에 없음 / 서식 제7-1-3호 / PDF 1쪽 / 원본 dart_out/raw/web10/insdeal/KB손해보험_seq1065.pdf (sha256 7e7ac462e104…, 쪽 텍스트 dart_out/raw/web10/insdeal/KB손해보험_seq1065.pdf.pages.txt) / 출처 화면·기간: KB손해보험 누리집 > 공시실 > 경영ㆍ사외이사공시 > 수시공시/공고 — 2026·2025년 목록(연도 선택 POST) 127건, 등록일 2025-07-01 이후 수시·2025-10-01 이후 분기 중 구분이 「대주주등에 대한 신용공여 등」·「의결권행사」·「채권,주식 취득」",
KB라이프,2025.07.16,케이비 디지털 플랫폼 펀드,대주주가 발행한 주식에 대한 의결권 행사,문서에 없음,문서에 없음,https://www.kblife.co.kr/api/archive/archives/download/posting/501608921/0,"(제7-1-4호) | 대주주가 발행한 주식에 대한 의결권 행사 | 1. 대주주명 | 케이비 디지털 플랫폼 펀드 | 2. 주식보유현황 | 대주주발행 총주식수 | 198,000좌(좌당 백만원) | 주식의 종류 | 조합 출자금 | 회사 보유주식수 | 9,900좌(좌당 백만원) | 지분율(%) | 5.0% | 3. 주주총회개요 | 주주총회 명칭 | 2025년 제1차 임시조합원총회 | 주주총회일(의결권행사일) | 2025년 7월 9일(수) | 4. 의결권행사내용 | 의결안건 | 행사내용 | 제1호 의안: 투자기간 연장의 건 | 찬성 | 제2호 의안: 규약 변경의 건 | 찬성 | 5. 기타 | - '상기 ‘회사 보유주식수’는 현재까지의 출자금액 기준임 | ※ 보험업법 제111조 제3항의 ""3. 해당 보험회사의 대주주가 발행한 주식에 대한 의결권을 행사하는 행위"" 에 관한 공시사항입니다.",대주주가 발행한 주식에 대한 의결권 행사_KB디지털플랫폼펀드_20250709.pdf,1,2026-10-01T17:36:52+09:00,"거래 상대방 판정: 지주·지주 자회사 목록과 이름 불일치(handoff/12_지분관계.csv KB금융 2026 반기보고서(rcept_no 20260814004200) 지주 타법인출자현황 11곳) / 목록 「대주주가 발행한 주식에 대한 의결권 행사」 공시일 2025.07.16 / 문서 일자: 주주총회일(의결권행사일) 2025년 7월 9일(수) / 의결권 행사 서식 — 금액 칸 없음 / 서식 제7-1-4호 / PDF 1쪽 / 원본 dart_out/raw/web10/insdeal/KB라이프_SEQNO501608921.pdf (sha256 fead9958bb20…, 쪽 텍스트 dart_out/raw/web10/insdeal/KB라이프_SEQNO501608921.pdf.pages.txt) / 출처 화면·기간: KB라이프생명 누리집 > 공시실 > 경영공시실 > 수시공시 > KB라이프생명 탭 — 목록 5쪽(50건) 받음, 공시일 2025-07-01 이후 수시·2025-10-01 이후 분기공시 중 제목에 '대주주'",
KB라이프,2025.07.16,케이비 메자닌캐피탈 제4호 사모투자합자회사,대주주가 발행한 주식의 취득 / 주식의종류: 케이비 메자닌캐피탈 제4호 사모투자합자회사의 지분,"취득금액(원): 3,081,538,500원",4. 이사회결의일: 2022-03-24,https://www.kblife.co.kr/api/archive/archives/download/posting/501608922/0,"(제7-1-3호) | 대주주가 발행한 주식의 취득 | 1. 대주주명 | 케이비 메자닌캐피탈 제4호 사모투자합자회사 | 2. 주식취득내용 | 취득일 | 2025-07-10 | 주식의종류 | 케이비 메자닌캐피탈 제4호 사모투자합자회사의 지분 | 취득금액(원) | 3,081,538,500원 | 취득주식수 | 3,082좌(좌당 백만원) | 취득후 총보유주식수 | 20,285좌(좌당 백만원) | 취득후 지분율(%) | 7.69% | 3. 취득목적 | KB금융그룹의 플랫폼 및 기 투자 네트워크를 활용하여양호한 수익률 추구 | 4. 이사회결의일 | 2022-03-24 | 5. 기타 | ※ 보험업법 제111조 제3항의 ""3. 해당 보험회사의 대주주가 발행한 채권 또는 주식을 대통령령으로 정하는 금액 이상으로 취득하는 행위"" 에 관한 공시사항입니다.",대주주가 발행한 주식의 취득_KB메자닌캐피탈4호_250710.pdf,1,2026-10-01T17:36:54+09:00,"거래 상대방 판정: 지주·지주 자회사 목록과 이름 불일치(handoff/12_지분관계.csv KB금융 2026 반기보고서(rcept_no 20260814004200) 지주 타법인출자현황 11곳) / 목록 「대주주가 발행한 주식의 취득」 공시일 2025.07.16 / 문서 일자: 취득일 2025-07-10 / 서식 제7-1-3호 / PDF 1쪽 / 원본 dart_out/raw/web10/insdeal/KB라이프_SEQNO501608922.pdf (sha256 eba88901ab4a…, 쪽 텍스트 dart_out/raw/web10/insdeal/KB라이프_SEQNO501608922.pdf.pages.txt) / 출처 화면·기간: KB라이프생명 누리집 > 공시실 > 경영공시실 > 수시공시 > KB라이프생명 탭 — 목록 5쪽(50건) 받음, 공시일 2025-07-01 이후 수시·2025-10-01 이후 분기공시 중 제목에 '대주주'",
KB라이프,2025.07.16,케이비 프라임 디지털 플랫폼 펀드,대주주가 발행한 주식의 취득 / 주식의종류: 케이비 프라임 디지털 플랫폼 펀드의 지분,"취득금액(원): 625,000,000원",4. 이사회결의일: 2022-09-22,https://www.kblife.co.kr/api/archive/archives/download/posting/501608923/0,"(제7-1-3호) | 대주주가 발행한 주식의 취득 | 1. 대주주명 | 케이비 프라임 디지털 플랫폼 펀드 | 2. 주식취득내용 | 취득일 | 2025-07-10 | 주식의종류 | 케이비 프라임 디지털 플랫폼 펀드의 지분 | 취득금액(원) | 625,000,000원 | 취득주식수 | 625좌(좌당 백만원) | 취득후 총보유주식수 | 2,500좌(좌당 백만원) | 취득후 지분율(%) | 8.3% | 3. 취득목적 | 초기 단계(Early Stage)의 기업 및 KB금융그룹 차원의 시너지를 위한전략적 투자 목적 | 4. 이사회결의일 | 2022-09-22 | 5. 기타 | ※ 보험업법 제111조 제3항의 ""3. 해당 보험회사의 대주주가 발행한 채권 또는 주식을 대통령령으로 정하는 금액 이상으로 취득하는 행위"" 에 관한 공시사항입니다.",대주주가 발행한 주식의 취득_KB프라임디지털플랫폼펀드_250710.pdf,1,2026-10-01T17:36:58+09:00,"거래 상대방 판정: 지주·지주 자회사 목록과 이름 불일치(handoff/12_지분관계.csv KB금융 2026 반기보고서(rcept_no 20260814004200) 지주 타법인출자현황 11곳) / 목록 「대주주가 발행한 주식의 취득」 공시일 2025.07.16 / 문서 일자: 취득일 2025-07-10 / 서식 제7-1-3호 / PDF 1쪽 / 원본 dart_out/raw/web10/insdeal/KB라이프_SEQNO501608923.pdf (sha256 34631d702dc2…, 쪽 텍스트 dart_out/raw/web10/insdeal/KB라이프_SEQNO501608923.pdf.pages.txt) / 출처 화면·기간: KB라이프생명 누리집 > 공시실 > 경영공시실 > 수시공시 > KB라이프생명 탭 — 목록 5쪽(50건) 받음, 공시일 2025-07-01 이후 수시·2025-10-01 이후 분기공시 중 제목에 '대주주'",
KB라이프,2025.09.02,케이비-솔리더스 헬스케어 투자조합,대주주가 발행한 주식의 취득 / 주식의종류: 케이비-솔리더스 헬스케어 투자조합의 지분,"취득금액(원): 600,000,000원",4. 이사회결의일: 2021-12-16,https://www.kblife.co.kr/api/archive/archives/download/posting/501614152/0,"(제7-1-3호) | 대주주가 발행한 주식의 취득 | 1. 대주주명 | 케이비-솔리더스 헬스케어 투자조합 | 2. 주식취득내용 | 취득일 | 2025-08-27 | 주식의종류 | 케이비-솔리더스 헬스케어 투자조합의 지분 | 취득금액(원) | 600,000,000원 | 취득주식수 | 600좌(좌당 백만원) | 취득후 총보유주식수 | 15,333좌(좌당 백만원) | 취득후 지분율(%) | 20.2% | 3. 취득목적 | 국내 디지털 헬스케어 분야 투자 및 KB금융그룹 차원의시너지를 위한 전략적 투자 목적 | 4. 이사회결의일 | 2021-12-16 | 5. 기타 | ※ 보험업법 제111조 제3항의 ""3. 해당 보험회사의 대주주가 발행한 채권 또는 주식을 대통령령으로 정하는 금액 이상으로 취득하는 행위"" 에 관한 공시사항입니다.",7-1-3호. 대주주가 발행한 주식의 취득_케이비-솔리더스헬스케어_250827.pdf,1,2026-10-01T17:37:02+09:00,"거래 상대방 판정: 지주·지주 자회사 목록과 이름 불일치(handoff/12_지분관계.csv KB금융 2026 반기보고서(rcept_no 20260814004200) 지주 타법인출자현황 11곳) / 목록 「대주주가 발행한 주식의 취득」 공시일 2025.09.02 / 문서 일자: 취득일 2025-08-27 / 서식 제7-1-3호 / PDF 1쪽 / 원본 dart_out/raw/web10/insdeal/KB라이프_SEQNO501614152.pdf (sha256 3f5819336be4…, 쪽 텍스트 dart_out/raw/web10/insdeal/KB라이프_SEQNO501614152.pdf.pages.txt) / 출처 화면·기간: KB라이프생명 누리집 > 공시실 > 경영공시실 > 수시공시 > KB라이프생명 탭 — 목록 5쪽(50건) 받음, 공시일 2025-07-01 이후 수시·2025-10-01 이후 분기공시 중 제목에 '대주주'",
KB라이프,2025.09.26,케이비 디지털 플랫폼 펀드,대주주가 발행한 주식의 취득 / 주식의종류: 케이비 디지털 플랫폼 펀드의 지분,"취득금액(원): 1,500,000,000원",4. 이사회결의일: 2021-12-14,https://www.kblife.co.kr/api/archive/archives/download/posting/501614488/0,"(제7-1-3호) | 대주주가 발행한 주식의 취득 | 1. 대주주명 | 케이비 디지털 플랫폼 펀드 | 2. 주식취득내용 | 취득일 | 2025-09-22 | 주식의종류 | 케이비 디지털 플랫폼 펀드의 지분 | 취득금액(원) | 1,500,000,000원 | 취득주식수 | 1,500좌(좌당 백만원) | 취득후 총보유주식수 | 11,400좌(좌당 백만원) | 취득후 지분율(%) | 5.00% | 3. 취득목적 | KB금융그룹 시너지를 위한 전략적 투자 목적(그룹 SI펀드) | 4. 이사회결의일 | 2021-12-14 | 5. 기타 | ※ 보험업법 제111조 제3항의 ""3. 해당 보험회사의 대주주가 발행한 채권 또는 주식을 대통령령으로 정하는 금액 이상으로 취득하는 행위"" 에 관한 공시사항입니다.",7-1-3호. 대주주가 발행한 주식의 취득_KB디지털플랫폼펀드_250922.pdf,1,2026-10-01T17:37:04+09:00,"거래 상대방 판정: 지주·지주 자회사 목록과 이름 불일치(handoff/12_지분관계.csv KB금융 2026 반기보고서(rcept_no 20260814004200) 지주 타법인출자현황 11곳) / 목록 「대주주가 발행한 주식의 취득」 공시일 2025.09.26 / 문서 일자: 취득일 2025-09-22 / 서식 제7-1-3호 / PDF 1쪽 / 원본 dart_out/raw/web10/insdeal/KB라이프_SEQNO501614488.pdf (sha256 8ba2e0d5530d…, 쪽 텍스트 dart_out/raw/web10/insdeal/KB라이프_SEQNO501614488.pdf.pages.txt) / 출처 화면·기간: KB라이프생명 누리집 > 공시실 > 경영공시실 > 수시공시 > KB라이프생명 탭 — 목록 5쪽(50건) 받음, 공시일 2025-07-01 이후 수시·2025-10-01 이후 분기공시 중 제목에 '대주주'",
KB라이프,2025.10.21,문서에 없음,문서에 없음,문서에 없음,문서에 없음,https://www.kblife.co.kr/api/archive/archives/download/posting/501614780/0,문서에 없음,7-1-3호 대주주가 발행한 주식의 취득_케이비솔리더스헬스케어투자조합_251015.pdf,,2026-10-01T17:37:07+09:00,"거래 상대방 판정: 지주·지주 자회사 목록과 이름 불일치(handoff/12_지분관계.csv KB금융 2026 반기보고서(rcept_no 20260814004200) 지주 타법인출자현황 11곳) / 목록 「대주주가 발행한 주식의 취득」 공시일 2025.10.21 / 문서 일자: 문서에 없음 / PDF 읽기 실패 PdfStreamError('Stream has ended unexpectedly') / 서식 번호 없음 / PDF 0쪽 / 원본 dart_out/raw/web10/insdeal/KB라이프_SEQNO501614780.pdf (sha256 21c72d4f1524…, 쪽 텍스트 dart_out/raw/web10/insdeal/KB라이프_SEQNO501614780.pdf.pages.txt) / 출처 화면·기간: KB라이프생명 누리집 > 공시실 > 경영공시실 > 수시공시 > KB라이프생명 탭 — 목록 5쪽(50건) 받음, 공시일 2025-07-01 이후 수시·2025-10-01 이후 분기공시 중 제목에 '대주주'",
KB라이프,2025.10.30,< 기재상의 주의 >,대주주에 대한 신용공여현황 분기공시 / 신용공여종류: 문서에 없음,문서에 없음,문서에 없음,https://www.kblife.co.kr/api/archive/archives/download/posting/501615042/0,< 기재상의 주의 >,7-2-1호 대주주에 대한 신용공여현황 분기공시_20250930_F.pdf,1,2026-10-01T17:37:10+09:00,"거래 상대방 판정: 지주·지주 자회사 목록과 이름 불일치(handoff/12_지분관계.csv KB금융 2026 반기보고서(rcept_no 20260814004200) 지주 타법인출자현황 11곳) / 목록 「대주주에 대한 신용공여현황 분기공시」 공시일 2025.10.30 / 문서 일자: 2025.09.30 기준 / 표 머리(칸 순서): 계정구분 대주주 명 신용공여종류 신용공여금액 전분기말(A) 당분기말(B) 증감(B-A) 증감사유 / 서식 제7-2-1호 / PDF 1쪽 / 원본 dart_out/raw/web10/insdeal/KB라이프_SEQNO501615042.pdf (sha256 7a95d42b46e5…, 쪽 텍스트 dart_out/raw/web10/insdeal/KB라이프_SEQNO501615042.pdf.pages.txt) / 출처 화면·기간: KB라이프생명 누리집 > 공시실 > 경영공시실 > 수시공시 > KB라이프생명 탭 — 목록 5쪽(50건) 받음, 공시일 2025-07-01 이후 수시·2025-10-01 이후 분기공시 중 제목에 '대주주'",
KB라이프,2025.10.30,주 1) 매 분기말 경과 후 1월 이내 공시,대주주에 대한 신용공여현황 분기공시 / 신용공여종류: 문서에 없음,문서에 없음,문서에 없음,https://www.kblife.co.kr/api/archive/archives/download/posting/501615042/0,주 1) 매 분기말 경과 후 1월 이내 공시,7-2-1호 대주주에 대한 신용공여현황 분기공시_20250930_F.pdf,1,2026-10-01T17:37:10+09:00,"거래 상대방 판정: 지주·지주 자회사 목록과 이름 불일치(handoff/12_지분관계.csv KB금융 2026 반기보고서(rcept_no 20260814004200) 지주 타법인출자현황 11곳) / 목록 「대주주에 대한 신용공여현황 분기공시」 공시일 2025.10.30 / 문서 일자: 2025.09.30 기준 / 표 머리(칸 순서): 계정구분 대주주 명 신용공여종류 신용공여금액 전분기말(A) 당분기말(B) 증감(B-A) 증감사유 / 서식 제7-2-1호 / PDF 1쪽 / 원본 dart_out/raw/web10/insdeal/KB라이프_SEQNO501615042.pdf (sha256 7a95d42b46e5…, 쪽 텍스트 dart_out/raw/web10/insdeal/KB라이프_SEQNO501615042.pdf.pages.txt) / 출처 화면·기간: KB라이프생명 누리집 > 공시실 > 경영공시실 > 수시공시 > KB라이프생명 탭 — 목록 5쪽(50건) 받음, 공시일 2025-07-01 이후 수시·2025-10-01 이후 분기공시 중 제목에 '대주주'",
KB라이프,2025.10.30,"주 2) ""대주주 명""에는 보험업법 제 2조제 17호에 해당하는 대주주인 개인, 법인(단체)명을 기재",대주주에 대한 신용공여현황 분기공시 / 신용공여종류: 문서에 없음,문서에 없음,문서에 없음,https://www.kblife.co.kr/api/archive/archives/download/posting/501615042/0,"주 2) ""대주주 명""에는 보험업법 제 2조제 17호에 해당하는 대주주인 개인, 법인(단체)명을 기재",7-2-1호 대주주에 대한 신용공여현황 분기공시_20250930_F.pdf,1,2026-10-01T17:37:10+09:00,"거래 상대방 판정: 지주·지주 자회사 목록과 이름 불일치(handoff/12_지분관계.csv KB금융 2026 반기보고서(rcept_no 20260814004200) 지주 타법인출자현황 11곳) / 목록 「대주주에 대한 신용공여현황 분기공시」 공시일 2025.10.30 / 문서 일자: 2025.09.30 기준 / 표 머리(칸 순서): 계정구분 대주주 명 신용공여종류 신용공여금액 전분기말(A) 당분기말(B) 증감(B-A) 증감사유 / 서식 제7-2-1호 / PDF 1쪽 / 원본 dart_out/raw/web10/insdeal/KB라이프_SEQNO501615042.pdf (sha256 7a95d42b46e5…, 쪽 텍스트 dart_out/raw/web10/insdeal/KB라이프_SEQNO501615042.pdf.pages.txt) / 출처 화면·기간: KB라이프생명 누리집 > 공시실 > 경영공시실 > 수시공시 > KB라이프생명 탭 — 목록 5쪽(50건) 받음, 공시일 2025-07-01 이후 수시·2025-10-01 이후 분기공시 중 제목에 '대주주'",
KB라이프,2025.10.30,"주 3) ""신용공여종류 ""에는 보험업 감독규정 [별표1의 2] 신용공여의 범위의 소분류에 해당하는 종류를 기재",대주주에 대한 신용공여현황 분기공시 / 신용공여종류: 문서에 없음,문서에 없음,문서에 없음,https://www.kblife.co.kr/api/archive/archives/download/posting/501615042/0,"주 3) ""신용공여종류 ""에는 보험업 감독규정 [별표1의 2] 신용공여의 범위의 소분류에 해당하는 종류를 기재",7-2-1호 대주주에 대한 신용공여현황 분기공시_20250930_F.pdf,1,2026-10-01T17:37:10+09:00,"거래 상대방 판정: 지주·지주 자회사 목록과 이름 불일치(handoff/12_지분관계.csv KB금융 2026 반기보고서(rcept_no 20260814004200) 지주 타법인출자현황 11곳) / 목록 「대주주에 대한 신용공여현황 분기공시」 공시일 2025.10.30 / 문서 일자: 2025.09.30 기준 / 표 머리(칸 순서): 계정구분 대주주 명 신용공여종류 신용공여금액 전분기말(A) 당분기말(B) 증감(B-A) 증감사유 / 서식 제7-2-1호 / PDF 1쪽 / 원본 dart_out/raw/web10/insdeal/KB라이프_SEQNO501615042.pdf (sha256 7a95d42b46e5…, 쪽 텍스트 dart_out/raw/web10/insdeal/KB라이프_SEQNO501615042.pdf.pages.txt) / 출처 화면·기간: KB라이프생명 누리집 > 공시실 > 경영공시실 > 수시공시 > KB라이프생명 탭 — 목록 5쪽(50건) 받음, 공시일 2025-07-01 이후 수시·2025-10-01 이후 분기공시 중 제목에 '대주주'",
KB라이프,2025.10.30,"(예: 부동산담보대출금 , 신용대출금 , 기업어음, 예치금 등)",대주주에 대한 신용공여현황 분기공시 / 신용공여종류: 문서에 없음,문서에 없음,문서에 없음,https://www.kblife.co.kr/api/archive/archives/download/posting/501615042/0,"(예: 부동산담보대출금 , 신용대출금 , 기업어음, 예치금 등)",7-2-1호 대주주에 대한 신용공여현황 분기공시_20250930_F.pdf,1,2026-10-01T17:37:10+09:00,"거래 상대방 판정: 지주·지주 자회사 목록과 이름 불일치(handoff/12_지분관계.csv KB금융 2026 반기보고서(rcept_no 20260814004200) 지주 타법인출자현황 11곳) / 목록 「대주주에 대한 신용공여현황 분기공시」 공시일 2025.10.30 / 문서 일자: 2025.09.30 기준 / 표 머리(칸 순서): 계정구분 대주주 명 신용공여종류 신용공여금액 전분기말(A) 당분기말(B) 증감(B-A) 증감사유 / 서식 제7-2-1호 / PDF 1쪽 / 원본 dart_out/raw/web10/insdeal/KB라이프_SEQNO501615042.pdf (sha256 7a95d42b46e5…, 쪽 텍스트 dart_out/raw/web10/insdeal/KB라이프_SEQNO501615042.pdf.pages.txt) / 출처 화면·기간: KB라이프생명 누리집 > 공시실 > 경영공시실 > 수시공시 > KB라이프생명 탭 — 목록 5쪽(50건) 받음, 공시일 2025-07-01 이후 수시·2025-10-01 이후 분기공시 중 제목에 '대주주'",
KB라이프,2025.10.30,"주 4) ""비고""에는 담보의 종류, 평가 액, 주요 특별약정내용 등을 기재",대주주에 대한 신용공여현황 분기공시 / 신용공여종류: 문서에 없음,문서에 없음,문서에 없음,https://www.kblife.co.kr/api/archive/archives/download/posting/501615042/0,"주 4) ""비고""에는 담보의 종류, 평가 액, 주요 특별약정내용 등을 기재",7-2-1호 대주주에 대한 신용공여현황 분기공시_20250930_F.pdf,1,2026-10-01T17:37:10+09:00,"거래 상대방 판정: 지주·지주 자회사 목록과 이름 불일치(handoff/12_지분관계.csv KB금융 2026 반기보고서(rcept_no 20260814004200) 지주 타법인출자현황 11곳) / 목록 「대주주에 대한 신용공여현황 분기공시」 공시일 2025.10.30 / 문서 일자: 2025.09.30 기준 / 표 머리(칸 순서): 계정구분 대주주 명 신용공여종류 신용공여금액 전분기말(A) 당분기말(B) 증감(B-A) 증감사유 / 서식 제7-2-1호 / PDF 1쪽 / 원본 dart_out/raw/web10/insdeal/KB라이프_SEQNO501615042.pdf (sha256 7a95d42b46e5…, 쪽 텍스트 dart_out/raw/web10/insdeal/KB라이프_SEQNO501615042.pdf.pages.txt) / 출처 화면·기간: KB라이프생명 누리집 > 공시실 > 경영공시실 > 수시공시 > KB라이프생명 탭 — 목록 5쪽(50건) 받음, 공시일 2025-07-01 이후 수시·2025-10-01 이후 분기공시 중 제목에 '대주주'",
KB라이프,2025.10.30,"(제 7-2-2호)전분기말( A) 당분기말(B) 증감(B-A) 전분기말( A) 당분기말(B) 증감(B-A)KB국민은행 채권 20,000 20,000 - - - - KB-솔리더스 글로벌 헬스케어 펀드 - - - 100 100 - KB 솔리더스 헬스케어 투자조합 - - - 14,733 15,333 600 KB 디지털혁신성장신기술사업투자조합 - - - 300 300 - KB 디지털 플랫폼 펀드 - - - 9,900 11,400 1,500 KB 프라임 디지털 플랫폼 펀드 - - - 1,875 2,500 625 케이비메자닌캐피탈제4호 - - - 17,203 20,285 3,082 KB라이프파트너스 90,000 90,000 - KB골든라이프케어 147,710 147,710 - 일반계정소계 20,000 20,000 - 281,822 287,628 5,807 특별계정특별계정소계 - - - - - - 20,000 20,000 - 281,822 287,628 5,807 * 수익증권 편입자산 제외* 취득원가 기준",대주주가 발행한 채권 또는 주식 취득현황 분기공시 / 채권취득현황·주식취득현황,문서에 없음,문서에 없음,https://www.kblife.co.kr/api/archive/archives/download/posting/501615043/0,"(제 7-2-2호)전분기말( A) 당분기말(B) 증감(B-A) 전분기말( A) 당분기말(B) 증감(B-A)KB국민은행 채권 20,000 20,000 - - - - KB-솔리더스 글로벌 헬스케어 펀드 - - - 100 100 - KB 솔리더스 헬스케어 투자조합 - - - 14,733 15,333 600 KB 디지털혁신성장신기술사업투자조합 - - - 300 300 - KB 디지털 플랫폼 펀드 - - - 9,900 11,400 1,500 KB 프라임 디지털 플랫폼 펀드 - - - 1,875 2,500 625 케이비메자닌캐피탈제4호 - - - 17,203 20,285 3,082 KB라이프파트너스 90,000 90,000 - KB골든라이프케어 147,710 147,710 - 일반계정소계 20,000 20,000 - 281,822 287,628 5,807 특별계정특별계정소계 - - - - - - 20,000 20,000 - 281,822 287,628 5,807 * 수익증권 편입자산 제외* 취득원가 기준 | 일반계정",7-2-2호 대주주가 발행한 채권 또는 주식 취득현황 분기공시_20250930.pdf,1,2026-10-01T17:37:12+09:00,"거래 상대방 판정: 지주·지주 자회사 목록과 이름 불일치(handoff/12_지분관계.csv KB금융 2026 반기보고서(rcept_no 20260814004200) 지주 타법인출자현황 11곳) / 목록 「대주주가 발행한 채권 또는 주식의 취득현황」 공시일 2025.10.30 / 문서 일자: 2025.09.30 기준 / 표 머리(칸 순서): (제 7-2-2호)전분기말( A) 당분기말(B) 증감(B-A) 전분기말( A) 당분기말(B) 증감(B-A)KB국민은행 채권 20,000 20,000 - - - - KB-솔리더스 글로벌 헬스케어 펀드 - - - 100 100 - KB 솔리더스 헬스케어 투자조합 - - - 14,733 15,333 600 KB 디지털혁신성장신기술사업투자조합 - - - 300 300 - KB 디지털 플랫폼 펀드 - - - 9,900 11,400 1,500 KB 프라임 디지털 플랫폼 펀드 - - - 1,875 2,500 625 케이비메자닌캐피탈제4호 - - - 17,203 20,285 3,082 KB라이프파트너스 90,000 90,000 - KB골든라이프케어 147,710 147,710 - 일반계정소계 20,000 20,000 - 281,822 287,628 5,807 특별계정특별계정소계 - - - - - - 20,000 20,000 - 281,822 287,628 5,807 * 수익증권 편입자산 제외* 취득원가 기준 계정구분 대주주명 채권취득현황 주식취득현황 | (제 7-2-2호)전분기말( A) 당분기말(B) 증감(B-A) 전분기말( A) 당분기말(B) 증감(B-A)KB국민은행 채권 20,000 20,000 - - - - KB-솔리더스 글로벌 헬스케어 펀드 - - - 100 100 - KB 솔리더스 헬스케어 투자조합 - - - 14,733 15,333 600 KB 디지털혁신성장신기술사업투자조합 - - - 300 300 - KB 디지털 플랫폼 펀드 - - - 9,900 11,400 1,500 KB 프라임 디지털 플랫폼 펀드 - - - 1,875 2,500 625 케이비메자닌캐피탈제4호 - - - 17,203 20,285 3,082 KB라이프파트너스 90,000 90,000 - KB골든라이프케어 147,710 147,710 - 일반계정소계 20,000 20,000 - 281,822 287,628 5,807 특별계정특별계정소계 - - - - - - 20,000 20,000 - 281,822 287,628 5,807 * 수익증권 편입자산 제외* 취득원가 기준 계정구분 / 서식 제7-2-2호 / PDF 1쪽 / 원본 dart_out/raw/web10/insdeal/KB라이프_SEQNO501615043.pdf (sha256 be388cb5ec27…, 쪽 텍스트 dart_out/raw/web10/insdeal/KB라이프_SEQNO501615043.pdf.pages.txt) / 출처 화면·기간: KB라이프생명 누리집 > 공시실 > 경영공시실 > 수시공시 > KB라이프생명 탭 — 목록 5쪽(50건) 받음, 공시일 2025-07-01 이후 수시·2025-10-01 이후 분기공시 중 제목에 '대주주'",
KB라이프,2025.10.30,"(제 7-2-2호)전분기말( A) 당분기말(B) 증감(B-A) 전분기말( A) 당분기말(B) 증감(B-A)KB국민은행 채권 20,000 20,000 - - - - KB-솔리더스 글로벌 헬스케어 펀드 - - - 100 100 - KB 솔리더스 헬스케어 투자조합 - - - 14,733 15,333 600 KB 디지털혁신성장신기술사업투자조합 - - - 300 300 - KB 디지털 플랫폼 펀드 - - - 9,900 11,400 1,500 KB 프라임 디지털 플랫폼 펀드 - - - 1,875 2,500 625 케이비메자닌캐피탈제4호 - - - 17,203 20,285 3,082 KB라이프파트너스 90,000 90,000 - KB골든라이프케어 147,710 147,710 - 일반계정소계 20,000 20,000 - 281,822 287,628 5,807 특별계정특별계정소계 - - - - - - 20,000 20,000 - 281,822 287,628 5,807 * 수익증권 편입자산 제외* 취득원가 기준",대주주가 발행한 채권 또는 주식 취득현황 분기공시 / 채권취득현황·주식취득현황,문서에 없음,문서에 없음,https://www.kblife.co.kr/api/archive/archives/download/posting/501615043/0,"(제 7-2-2호)전분기말( A) 당분기말(B) 증감(B-A) 전분기말( A) 당분기말(B) 증감(B-A)KB국민은행 채권 20,000 20,000 - - - - KB-솔리더스 글로벌 헬스케어 펀드 - - - 100 100 - KB 솔리더스 헬스케어 투자조합 - - - 14,733 15,333 600 KB 디지털혁신성장신기술사업투자조합 - - - 300 300 - KB 디지털 플랫폼 펀드 - - - 9,900 11,400 1,500 KB 프라임 디지털 플랫폼 펀드 - - - 1,875 2,500 625 케이비메자닌캐피탈제4호 - - - 17,203 20,285 3,082 KB라이프파트너스 90,000 90,000 - KB골든라이프케어 147,710 147,710 - 일반계정소계 20,000 20,000 - 281,822 287,628 5,807 특별계정특별계정소계 - - - - - - 20,000 20,000 - 281,822 287,628 5,807 * 수익증권 편입자산 제외* 취득원가 기준 | <기재상의 주의>주1) 매 분기말 경과후 1월 이내 공시주2) ""대주주명""에는 보험업법 제2조제16호에 해당하는 대주주인 법인(단체)명을 기재",7-2-2호 대주주가 발행한 채권 또는 주식 취득현황 분기공시_20250930.pdf,1,2026-10-01T17:37:12+09:00,"거래 상대방 판정: 지주·지주 자회사 목록과 이름 불일치(handoff/12_지분관계.csv KB금융 2026 반기보고서(rcept_no 20260814004200) 지주 타법인출자현황 11곳) / 목록 「대주주가 발행한 채권 또는 주식의 취득현황」 공시일 2025.10.30 / 문서 일자: 2025.09.30 기준 / 표 머리(칸 순서): (제 7-2-2호)전분기말( A) 당분기말(B) 증감(B-A) 전분기말( A) 당분기말(B) 증감(B-A)KB국민은행 채권 20,000 20,000 - - - - KB-솔리더스 글로벌 헬스케어 펀드 - - - 100 100 - KB 솔리더스 헬스케어 투자조합 - - - 14,733 15,333 600 KB 디지털혁신성장신기술사업투자조합 - - - 300 300 - KB 디지털 플랫폼 펀드 - - - 9,900 11,400 1,500 KB 프라임 디지털 플랫폼 펀드 - - - 1,875 2,500 625 케이비메자닌캐피탈제4호 - - - 17,203 20,285 3,082 KB라이프파트너스 90,000 90,000 - KB골든라이프케어 147,710 147,710 - 일반계정소계 20,000 20,000 - 281,822 287,628 5,807 특별계정특별계정소계 - - - - - - 20,000 20,000 - 281,822 287,628 5,807 * 수익증권 편입자산 제외* 취득원가 기준 계정구분 대주주명 채권취득현황 주식취득현황 | (제 7-2-2호)전분기말( A) 당분기말(B) 증감(B-A) 전분기말( A) 당분기말(B) 증감(B-A)KB국민은행 채권 20,000 20,000 - - - - KB-솔리더스 글로벌 헬스케어 펀드 - - - 100 100 - KB 솔리더스 헬스케어 투자조합 - - - 14,733 15,333 600 KB 디지털혁신성장신기술사업투자조합 - - - 300 300 - KB 디지털 플랫폼 펀드 - - - 9,900 11,400 1,500 KB 프라임 디지털 플랫폼 펀드 - - - 1,875 2,500 625 케이비메자닌캐피탈제4호 - - - 17,203 20,285 3,082 KB라이프파트너스 90,000 90,000 - KB골든라이프케어 147,710 147,710 - 일반계정소계 20,000 20,000 - 281,822 287,628 5,807 특별계정특별계정소계 - - - - - - 20,000 20,000 - 281,822 287,628 5,807 * 수익증권 편입자산 제외* 취득원가 기준 계정구분 대주주명 채권취득현황 주식취득현황 / 서식 제7-2-2호 / PDF 1쪽 / 원본 dart_out/raw/web10/insdeal/KB라이프_SEQNO501615043.pdf (sha256 be388cb5ec27…, 쪽 텍스트 dart_out/raw/web10/insdeal/KB라이프_SEQNO501615043.pdf.pages.txt) / 출처 화면·기간: KB라이프생명 누리집 > 공시실 > 경영공시실 > 수시공시 > KB라이프생명 탭 — 목록 5쪽(50건) 받음, 공시일 2025-07-01 이후 수시·2025-10-01 이후 분기공시 중 제목에 '대주주'",
KB라이프,2026.01.22,"(제 7-2-1 호)* 장부가 기준< 기재상의 주의 >주 1) 매 분기말 경과 후 1월 이내 공시주 2) ""대주주 명""에는 보험업법 제 2조제 17호에 해당하는 대주주인 개인, 법인(단체)명을 기재주 3) ""신용공여종류""에는 보험업 감독규정 [별표1의 2] 신용공여의 범위의 소분류에 해당하는 종류를 기재(예: 부동산담보대출금, 신용대출금, 기업어음, 예치금 등)주 4) ""비고""에는 담보의 종류, 평가 액, 주요 특별약정내용 등을 기재","주 2) ""대주주 명""에는 보험업법 제 2조제 17호에 해당하는 대주주인 개인, 법인(단체)명을 기재 / 신용공여종류: 문서에 없음",문서에 없음,문서에 없음,https://www.kblife.co.kr/api/archive/archives/download/posting/501616543/0,"(제 7-2-1 호)* 장부가 기준< 기재상의 주의 >주 1) 매 분기말 경과 후 1월 이내 공시주 2) ""대주주 명""에는 보험업법 제 2조제 17호에 해당하는 대주주인 개인, 법인(단체)명을 기재주 3) ""신용공여종류""에는 보험업 감독규정 [별표1의 2] 신용공여의 범위의 소분류에 해당하는 종류를 기재(예: 부동산담보대출금, 신용대출금, 기업어음, 예치금 등)주 4) ""비고""에는 담보의 종류, 평가 액, 주요 특별약정내용 등을 기재 | 0 | 일반계정",7-2-1호 대주주에 대한 신용공여현황 분기공시_20251231.pdf,1,2026-10-01T17:37:15+09:00,"거래 상대방 판정: 지주·지주 자회사 목록과 이름 불일치(handoff/12_지분관계.csv KB금융 2026 반기보고서(rcept_no 20260814004200) 지주 타법인출자현황 11곳) / 목록 「대주주에 대한 신용공여현황 분기공시」 공시일 2026.01.22 / 문서 일자: 2025.12.31 기준 / 표 머리(칸 순서): (제 7-2-1 호)* 장부가 기준< 기재상의 주의 >주 1) 매 분기말 경과 후 1월 이내 공시주 2) ""대주주 명""에는 보험업법 제 2조제 17호에 해당하는 대주주인 개인, 법인(단체)명을 기재주 3) ""신용공여종류""에는 보험업 감독규정 [별표1의 2] 신용공여의 범위의 소분류에 해당하는 종류를 기재(예: 부동산담보대출금, 신용대출금, 기업어음, 예치금 등)주 4) ""비고""에는 담보의 종류, 평가 액, 주요 특별약정내용 등을 기재 계정구분 대주주 명 신용공여종류 신용공여금액 거래조건 비고 전분기말(A) 당분기말(B) 증감(B-A) 증감사유 거래일 만기일 적용금리 자금용도 | (제 7-2-1 호)* 장부가 기준< 기재상의 주의 >주 1) 매 분기말 경과 후 1월 이내 공시주 2) ""대주주 명""에는 보험업법 제 2조제 17호에 해당하는 대주주인 개인, 법인(단체)명을 기재주 3) ""신용공여종류""에는 보험업 감독규정 [별표1의 2] 신용공여의 범위의 소분류에 해당하는 종류를 기재(예: 부동산담보대출금, 신용대출금, 기업어음, 예치금 등)주 4) ""비고""에는 담보의 종류, 평가 액, 주요 특별약정내용 등을 기재 계정구분 대주주 명 신용공여종류 신용공여금액 거래조건 비고 전분기말(A) 당분기말(B) 증감(B-A) 증감사유 거래일 만기일 적용금리 자금용도 | (제 7-2-1 호)* 장부가 기준< 기재상의 주의 >주 1) 매 분기말 경과 후 1월 이내 공시주 2) ""대주주 명""에는 보험업법 제 2조제 17호에 해당하는 대주주인 개인, 법인(단체)명을 기재주 3) ""신용공여종류""에는 보험업 감독규정 [별표1의 2] 신용공여의 범위의 소분류에 해당하는 종류를 기재(예: 부동산담보대출금, 신용대출금, 기업어음, 예치금 등)주 4) ""비고""에는 담보의 종류, 평가 액, 주요 특별약정내용 등을 기재 계정구분 전분기말(A) 당분기말(B) 증감(B-A) 증감사유 거래일 만기일 적용금리 자금용도 / 서식 제7-2-1호 / PDF 1쪽 / 원본 dart_out/raw/web10/insdeal/KB라이프_SEQNO501616543.pdf (sha256 792f8ecb5306…, 쪽 텍스트 dart_out/raw/web10/insdeal/KB라이프_SEQNO501616543.pdf.pages.txt) / 출처 화면·기간: KB라이프생명 누리집 > 공시실 > 경영공시실 > 수시공시 > KB라이프생명 탭 — 목록 5쪽(50건) 받음, 공시일 2025-07-01 이후 수시·2025-10-01 이후 분기공시 중 제목에 '대주주'",
KB라이프,2026.01.22,"(제 7-2-1 호)* 장부가 기준< 기재상의 주의 >주 1) 매 분기말 경과 후 1월 이내 공시주 2) ""대주주 명""에는 보험업법 제 2조제 17호에 해당하는 대주주인 개인, 법인(단체)명을 기재주 3) ""신용공여종류""에는 보험업 감독규정 [별표1의 2] 신용공여의 범위의 소분류에 해당하는 종류를 기재(예: 부동산담보대출금, 신용대출금, 기업어음, 예치금 등)주 4) ""비고""에는 담보의 종류, 평가 액, 주요 특별약정내용 등을 기재","주 2) ""대주주 명""에는 보험업법 제 2조제 17호에 해당하는 대주주인 개인, 법인(단체)명을 기재 / 신용공여종류: 문서에 없음",문서에 없음,문서에 없음,https://www.kblife.co.kr/api/archive/archives/download/posting/501616543/0,"(제 7-2-1 호)* 장부가 기준< 기재상의 주의 >주 1) 매 분기말 경과 후 1월 이내 공시주 2) ""대주주 명""에는 보험업법 제 2조제 17호에 해당하는 대주주인 개인, 법인(단체)명을 기재주 3) ""신용공여종류""에는 보험업 감독규정 [별표1의 2] 신용공여의 범위의 소분류에 해당하는 종류를 기재(예: 부동산담보대출금, 신용대출금, 기업어음, 예치금 등)주 4) ""비고""에는 담보의 종류, 평가 액, 주요 특별약정내용 등을 기재 | 0 | 일반계정",7-2-1호 대주주에 대한 신용공여현황 분기공시_20251231.pdf,1,2026-10-01T17:37:15+09:00,"거래 상대방 판정: 지주·지주 자회사 목록과 이름 불일치(handoff/12_지분관계.csv KB금융 2026 반기보고서(rcept_no 20260814004200) 지주 타법인출자현황 11곳) / 목록 「대주주에 대한 신용공여현황 분기공시」 공시일 2026.01.22 / 문서 일자: 2025.12.31 기준 / 표 머리(칸 순서): (제 7-2-1 호)* 장부가 기준< 기재상의 주의 >주 1) 매 분기말 경과 후 1월 이내 공시주 2) ""대주주 명""에는 보험업법 제 2조제 17호에 해당하는 대주주인 개인, 법인(단체)명을 기재주 3) ""신용공여종류""에는 보험업 감독규정 [별표1의 2] 신용공여의 범위의 소분류에 해당하는 종류를 기재(예: 부동산담보대출금, 신용대출금, 기업어음, 예치금 등)주 4) ""비고""에는 담보의 종류, 평가 액, 주요 특별약정내용 등을 기재 계정구분 대주주 명 신용공여종류 신용공여금액 거래조건 비고 전분기말(A) 당분기말(B) 증감(B-A) 증감사유 거래일 만기일 적용금리 자금용도 | (제 7-2-1 호)* 장부가 기준< 기재상의 주의 >주 1) 매 분기말 경과 후 1월 이내 공시주 2) ""대주주 명""에는 보험업법 제 2조제 17호에 해당하는 대주주인 개인, 법인(단체)명을 기재주 3) ""신용공여종류""에는 보험업 감독규정 [별표1의 2] 신용공여의 범위의 소분류에 해당하는 종류를 기재(예: 부동산담보대출금, 신용대출금, 기업어음, 예치금 등)주 4) ""비고""에는 담보의 종류, 평가 액, 주요 특별약정내용 등을 기재 계정구분 대주주 명 신용공여종류 신용공여금액 거래조건 비고 전분기말(A) 당분기말(B) 증감(B-A) 증감사유 거래일 만기일 적용금리 자금용도 | (제 7-2-1 호)* 장부가 기준< 기재상의 주의 >주 1) 매 분기말 경과 후 1월 이내 공시주 2) ""대주주 명""에는 보험업법 제 2조제 17호에 해당하는 대주주인 개인, 법인(단체)명을 기재주 3) ""신용공여종류""에는 보험업 감독규정 [별표1의 2] 신용공여의 범위의 소분류에 해당하는 종류를 기재(예: 부동산담보대출금, 신용대출금, 기업어음, 예치금 등)주 4) ""비고""에는 담보의 종류, 평가 액, 주요 특별약정내용 등을 기재 계정구분 전분기말(A) 당분기말(B) 증감(B-A) 증감사유 거래일 만기일 적용금리 자금용도 / 서식 제7-2-1호 / PDF 1쪽 / 원본 dart_out/raw/web10/insdeal/KB라이프_SEQNO501616543.pdf (sha256 792f8ecb5306…, 쪽 텍스트 dart_out/raw/web10/insdeal/KB라이프_SEQNO501616543.pdf.pages.txt) / 출처 화면·기간: KB라이프생명 누리집 > 공시실 > 경영공시실 > 수시공시 > KB라이프생명 탭 — 목록 5쪽(50건) 받음, 공시일 2025-07-01 이후 수시·2025-10-01 이후 분기공시 중 제목에 '대주주'",
KB라이프,2026.01.22,"(제 7-2-1 호)* 장부가 기준< 기재상의 주의 >주 1) 매 분기말 경과 후 1월 이내 공시주 2) ""대주주 명""에는 보험업법 제 2조제 17호에 해당하는 대주주인 개인, 법인(단체)명을 기재주 3) ""신용공여종류""에는 보험업 감독규정 [별표1의 2] 신용공여의 범위의 소분류에 해당하는 종류를 기재(예: 부동산담보대출금, 신용대출금, 기업어음, 예치금 등)주 4) ""비고""에는 담보의 종류, 평가 액, 주요 특별약정내용 등을 기재","주 2) ""대주주 명""에는 보험업법 제 2조제 17호에 해당하는 대주주인 개인, 법인(단체)명을 기재 / 신용공여종류: 문서에 없음",문서에 없음,문서에 없음,https://www.kblife.co.kr/api/archive/archives/download/posting/501616543/0,"(제 7-2-1 호)* 장부가 기준< 기재상의 주의 >주 1) 매 분기말 경과 후 1월 이내 공시주 2) ""대주주 명""에는 보험업법 제 2조제 17호에 해당하는 대주주인 개인, 법인(단체)명을 기재주 3) ""신용공여종류""에는 보험업 감독규정 [별표1의 2] 신용공여의 범위의 소분류에 해당하는 종류를 기재(예: 부동산담보대출금, 신용대출금, 기업어음, 예치금 등)주 4) ""비고""에는 담보의 종류, 평가 액, 주요 특별약정내용 등을 기재 | 소계 0 0 0 | 일반계정",7-2-1호 대주주에 대한 신용공여현황 분기공시_20251231.pdf,1,2026-10-01T17:37:15+09:00,"거래 상대방 판정: 지주·지주 자회사 목록과 이름 불일치(handoff/12_지분관계.csv KB금융 2026 반기보고서(rcept_no 20260814004200) 지주 타법인출자현황 11곳) / 목록 「대주주에 대한 신용공여현황 분기공시」 공시일 2026.01.22 / 문서 일자: 2025.12.31 기준 / 표 머리(칸 순서): (제 7-2-1 호)* 장부가 기준< 기재상의 주의 >주 1) 매 분기말 경과 후 1월 이내 공시주 2) ""대주주 명""에는 보험업법 제 2조제 17호에 해당하는 대주주인 개인, 법인(단체)명을 기재주 3) ""신용공여종류""에는 보험업 감독규정 [별표1의 2] 신용공여의 범위의 소분류에 해당하는 종류를 기재(예: 부동산담보대출금, 신용대출금, 기업어음, 예치금 등)주 4) ""비고""에는 담보의 종류, 평가 액, 주요 특별약정내용 등을 기재 계정구분 대주주 명 신용공여종류 신용공여금액 거래조건 비고 전분기말(A) 당분기말(B) 증감(B-A) 증감사유 거래일 만기일 적용금리 자금용도 | (제 7-2-1 호)* 장부가 기준< 기재상의 주의 >주 1) 매 분기말 경과 후 1월 이내 공시주 2) ""대주주 명""에는 보험업법 제 2조제 17호에 해당하는 대주주인 개인, 법인(단체)명을 기재주 3) ""신용공여종류""에는 보험업 감독규정 [별표1의 2] 신용공여의 범위의 소분류에 해당하는 종류를 기재(예: 부동산담보대출금, 신용대출금, 기업어음, 예치금 등)주 4) ""비고""에는 담보의 종류, 평가 액, 주요 특별약정내용 등을 기재 계정구분 대주주 명 신용공여종류 신용공여금액 거래조건 비고 전분기말(A) 당분기말(B) 증감(B-A) 증감사유 거래일 만기일 적용금리 자금용도 | (제 7-2-1 호)* 장부가 기준< 기재상의 주의 >주 1) 매 분기말 경과 후 1월 이내 공시주 2) ""대주주 명""에는 보험업법 제 2조제 17호에 해당하는 대주주인 개인, 법인(단체)명을 기재주 3) ""신용공여종류""에는 보험업 감독규정 [별표1의 2] 신용공여의 범위의 소분류에 해당하는 종류를 기재(예: 부동산담보대출금, 신용대출금, 기업어음, 예치금 등)주 4) ""비고""에는 담보의 종류, 평가 액, 주요 특별약정내용 등을 기재 계정구분 전분기말(A) 당분기말(B) 증감(B-A) 증감사유 거래일 만기일 적용금리 자금용도 / 서식 제7-2-1호 / PDF 1쪽 / 원본 dart_out/raw/web10/insdeal/KB라이프_SEQNO501616543.pdf (sha256 792f8ecb5306…, 쪽 텍스트 dart_out/raw/web10/insdeal/KB라이프_SEQNO501616543.pdf.pages.txt) / 출처 화면·기간: KB라이프생명 누리집 > 공시실 > 경영공시실 > 수시공시 > KB라이프생명 탭 — 목록 5쪽(50건) 받음, 공시일 2025-07-01 이후 수시·2025-10-01 이후 분기공시 중 제목에 '대주주'",
KB라이프,2026.01.22,"(제 7-2-1 호)* 장부가 기준< 기재상의 주의 >주 1) 매 분기말 경과 후 1월 이내 공시주 2) ""대주주 명""에는 보험업법 제 2조제 17호에 해당하는 대주주인 개인, 법인(단체)명을 기재주 3) ""신용공여종류""에는 보험업 감독규정 [별표1의 2] 신용공여의 범위의 소분류에 해당하는 종류를 기재(예: 부동산담보대출금, 신용대출금, 기업어음, 예치금 등)주 4) ""비고""에는 담보의 종류, 평가 액, 주요 특별약정내용 등을 기재","주 2) ""대주주 명""에는 보험업법 제 2조제 17호에 해당하는 대주주인 개인, 법인(단체)명을 기재 / 신용공여종류: 문서에 없음",문서에 없음,문서에 없음,https://www.kblife.co.kr/api/archive/archives/download/posting/501616543/0,"(제 7-2-1 호)* 장부가 기준< 기재상의 주의 >주 1) 매 분기말 경과 후 1월 이내 공시주 2) ""대주주 명""에는 보험업법 제 2조제 17호에 해당하는 대주주인 개인, 법인(단체)명을 기재주 3) ""신용공여종류""에는 보험업 감독규정 [별표1의 2] 신용공여의 범위의 소분류에 해당하는 종류를 기재(예: 부동산담보대출금, 신용대출금, 기업어음, 예치금 등)주 4) ""비고""에는 담보의 종류, 평가 액, 주요 특별약정내용 등을 기재 | 일반계정 합계 0 0 0 | 일반계정",7-2-1호 대주주에 대한 신용공여현황 분기공시_20251231.pdf,1,2026-10-01T17:37:15+09:00,"거래 상대방 판정: 지주·지주 자회사 목록과 이름 불일치(handoff/12_지분관계.csv KB금융 2026 반기보고서(rcept_no 20260814004200) 지주 타법인출자현황 11곳) / 목록 「대주주에 대한 신용공여현황 분기공시」 공시일 2026.01.22 / 문서 일자: 2025.12.31 기준 / 표 머리(칸 순서): (제 7-2-1 호)* 장부가 기준< 기재상의 주의 >주 1) 매 분기말 경과 후 1월 이내 공시주 2) ""대주주 명""에는 보험업법 제 2조제 17호에 해당하는 대주주인 개인, 법인(단체)명을 기재주 3) ""신용공여종류""에는 보험업 감독규정 [별표1의 2] 신용공여의 범위의 소분류에 해당하는 종류를 기재(예: 부동산담보대출금, 신용대출금, 기업어음, 예치금 등)주 4) ""비고""에는 담보의 종류, 평가 액, 주요 특별약정내용 등을 기재 계정구분 대주주 명 신용공여종류 신용공여금액 거래조건 비고 전분기말(A) 당분기말(B) 증감(B-A) 증감사유 거래일 만기일 적용금리 자금용도 | (제 7-2-1 호)* 장부가 기준< 기재상의 주의 >주 1) 매 분기말 경과 후 1월 이내 공시주 2) ""대주주 명""에는 보험업법 제 2조제 17호에 해당하는 대주주인 개인, 법인(단체)명을 기재주 3) ""신용공여종류""에는 보험업 감독규정 [별표1의 2] 신용공여의 범위의 소분류에 해당하는 종류를 기재(예: 부동산담보대출금, 신용대출금, 기업어음, 예치금 등)주 4) ""비고""에는 담보의 종류, 평가 액, 주요 특별약정내용 등을 기재 계정구분 대주주 명 신용공여종류 신용공여금액 거래조건 비고 전분기말(A) 당분기말(B) 증감(B-A) 증감사유 거래일 만기일 적용금리 자금용도 | (제 7-2-1 호)* 장부가 기준< 기재상의 주의 >주 1) 매 분기말 경과 후 1월 이내 공시주 2) ""대주주 명""에는 보험업법 제 2조제 17호에 해당하는 대주주인 개인, 법인(단체)명을 기재주 3) ""신용공여종류""에는 보험업 감독규정 [별표1의 2] 신용공여의 범위의 소분류에 해당하는 종류를 기재(예: 부동산담보대출금, 신용대출금, 기업어음, 예치금 등)주 4) ""비고""에는 담보의 종류, 평가 액, 주요 특별약정내용 등을 기재 계정구분 전분기말(A) 당분기말(B) 증감(B-A) 증감사유 거래일 만기일 적용금리 자금용도 / 서식 제7-2-1호 / PDF 1쪽 / 원본 dart_out/raw/web10/insdeal/KB라이프_SEQNO501616543.pdf (sha256 792f8ecb5306…, 쪽 텍스트 dart_out/raw/web10/insdeal/KB라이프_SEQNO501616543.pdf.pages.txt) / 출처 화면·기간: KB라이프생명 누리집 > 공시실 > 경영공시실 > 수시공시 > KB라이프생명 탭 — 목록 5쪽(50건) 받음, 공시일 2025-07-01 이후 수시·2025-10-01 이후 분기공시 중 제목에 '대주주'",
KB라이프,2026.01.22,"(제 7-2-1 호)* 장부가 기준< 기재상의 주의 >주 1) 매 분기말 경과 후 1월 이내 공시주 2) ""대주주 명""에는 보험업법 제 2조제 17호에 해당하는 대주주인 개인, 법인(단체)명을 기재주 3) ""신용공여종류""에는 보험업 감독규정 [별표1의 2] 신용공여의 범위의 소분류에 해당하는 종류를 기재(예: 부동산담보대출금, 신용대출금, 기업어음, 예치금 등)주 4) ""비고""에는 담보의 종류, 평가 액, 주요 특별약정내용 등을 기재","주 2) ""대주주 명""에는 보험업법 제 2조제 17호에 해당하는 대주주인 개인, 법인(단체)명을 기재 / 신용공여종류: 문서에 없음",문서에 없음,문서에 없음,https://www.kblife.co.kr/api/archive/archives/download/posting/501616543/0,"(제 7-2-1 호)* 장부가 기준< 기재상의 주의 >주 1) 매 분기말 경과 후 1월 이내 공시주 2) ""대주주 명""에는 보험업법 제 2조제 17호에 해당하는 대주주인 개인, 법인(단체)명을 기재주 3) ""신용공여종류""에는 보험업 감독규정 [별표1의 2] 신용공여의 범위의 소분류에 해당하는 종류를 기재(예: 부동산담보대출금, 신용대출금, 기업어음, 예치금 등)주 4) ""비고""에는 담보의 종류, 평가 액, 주요 특별약정내용 등을 기재 | 총계 0 0 0",7-2-1호 대주주에 대한 신용공여현황 분기공시_20251231.pdf,1,2026-10-01T17:37:15+09:00,"거래 상대방 판정: 지주·지주 자회사 목록과 이름 불일치(handoff/12_지분관계.csv KB금융 2026 반기보고서(rcept_no 20260814004200) 지주 타법인출자현황 11곳) / 목록 「대주주에 대한 신용공여현황 분기공시」 공시일 2026.01.22 / 문서 일자: 2025.12.31 기준 / 표 머리(칸 순서): (제 7-2-1 호)* 장부가 기준< 기재상의 주의 >주 1) 매 분기말 경과 후 1월 이내 공시주 2) ""대주주 명""에는 보험업법 제 2조제 17호에 해당하는 대주주인 개인, 법인(단체)명을 기재주 3) ""신용공여종류""에는 보험업 감독규정 [별표1의 2] 신용공여의 범위의 소분류에 해당하는 종류를 기재(예: 부동산담보대출금, 신용대출금, 기업어음, 예치금 등)주 4) ""비고""에는 담보의 종류, 평가 액, 주요 특별약정내용 등을 기재 계정구분 대주주 명 신용공여종류 신용공여금액 거래조건 비고 전분기말(A) 당분기말(B) 증감(B-A) 증감사유 거래일 만기일 적용금리 자금용도 | (제 7-2-1 호)* 장부가 기준< 기재상의 주의 >주 1) 매 분기말 경과 후 1월 이내 공시주 2) ""대주주 명""에는 보험업법 제 2조제 17호에 해당하는 대주주인 개인, 법인(단체)명을 기재주 3) ""신용공여종류""에는 보험업 감독규정 [별표1의 2] 신용공여의 범위의 소분류에 해당하는 종류를 기재(예: 부동산담보대출금, 신용대출금, 기업어음, 예치금 등)주 4) ""비고""에는 담보의 종류, 평가 액, 주요 특별약정내용 등을 기재 계정구분 대주주 명 신용공여종류 신용공여금액 거래조건 비고 전분기말(A) 당분기말(B) 증감(B-A) 증감사유 거래일 만기일 적용금리 자금용도 / 서식 제7-2-1호 / PDF 1쪽 / 원본 dart_out/raw/web10/insdeal/KB라이프_SEQNO501616543.pdf (sha256 792f8ecb5306…, 쪽 텍스트 dart_out/raw/web10/insdeal/KB라이프_SEQNO501616543.pdf.pages.txt) / 출처 화면·기간: KB라이프생명 누리집 > 공시실 > 경영공시실 > 수시공시 > KB라이프생명 탭 — 목록 5쪽(50건) 받음, 공시일 2025-07-01 이후 수시·2025-10-01 이후 분기공시 중 제목에 '대주주'",
KB라이프,2026.01.22,"(제 7-2-2호)전분기말( A) 당분기말(B) 증감(B-A) 전분기말( A) 당분기말(B) 증감(B-A)KB국민은행 채권 20,000 20,000 - - - - KB-솔리더스 글로벌 헬스케어 펀드 - - - 100 10 90- KB 솔리더스 헬스케어 투자조합 - - - 15,333 20,000 4,667 KB 디지털혁신성장신기술사업투자조합 - - - 300 300 - KB 디지털 플랫폼 펀드 - - - 11,400 11,400 - KB 프라임 디지털 플랫폼 펀드 - - - 2,500 2,500 - 케이비메자닌캐피탈제4호 - - - 20,285 16,131 4,154- KB라이프파트너스 90,000 90,000 - KB골든라이프케어 147,710 147,710 - 일반계정소계 20,000 20,000 - 287,628 288,051 423 특별계정특별계정소계 - - - - - - 20,000 20,000 - 287,628 288,051 423 * 수익증권 편입자산 제외* 취득원가 기준",대주주가 발행한 채권 또는 주식 취득현황 분기공시 / 채권취득현황·주식취득현황,문서에 없음,문서에 없음,https://www.kblife.co.kr/api/archive/archives/download/posting/501616544/0,"(제 7-2-2호)전분기말( A) 당분기말(B) 증감(B-A) 전분기말( A) 당분기말(B) 증감(B-A)KB국민은행 채권 20,000 20,000 - - - - KB-솔리더스 글로벌 헬스케어 펀드 - - - 100 10 90- KB 솔리더스 헬스케어 투자조합 - - - 15,333 20,000 4,667 KB 디지털혁신성장신기술사업투자조합 - - - 300 300 - KB 디지털 플랫폼 펀드 - - - 11,400 11,400 - KB 프라임 디지털 플랫폼 펀드 - - - 2,500 2,500 - 케이비메자닌캐피탈제4호 - - - 20,285 16,131 4,154- KB라이프파트너스 90,000 90,000 - KB골든라이프케어 147,710 147,710 - 일반계정소계 20,000 20,000 - 287,628 288,051 423 특별계정특별계정소계 - - - - - - 20,000 20,000 - 287,628 288,051 423 * 수익증권 편입자산 제외* 취득원가 기준 | 일반계정",7-2-2호 대주주가 발행한 채권 또는 주식 취득현황 분기공시_20251231.pdf,1,2026-10-01T17:37:18+09:00,"거래 상대방 판정: 지주·지주 자회사 목록과 이름 불일치(handoff/12_지분관계.csv KB금융 2026 반기보고서(rcept_no 20260814004200) 지주 타법인출자현황 11곳) / 목록 「대주주가 발행한 채권 또는 주식의 취득현황」 공시일 2026.01.22 / 문서 일자: 2025.12.31 기준 / 표 머리(칸 순서): (제 7-2-2호)전분기말( A) 당분기말(B) 증감(B-A) 전분기말( A) 당분기말(B) 증감(B-A)KB국민은행 채권 20,000 20,000 - - - - KB-솔리더스 글로벌 헬스케어 펀드 - - - 100 10 90- KB 솔리더스 헬스케어 투자조합 - - - 15,333 20,000 4,667 KB 디지털혁신성장신기술사업투자조합 - - - 300 300 - KB 디지털 플랫폼 펀드 - - - 11,400 11,400 - KB 프라임 디지털 플랫폼 펀드 - - - 2,500 2,500 - 케이비메자닌캐피탈제4호 - - - 20,285 16,131 4,154- KB라이프파트너스 90,000 90,000 - KB골든라이프케어 147,710 147,710 - 일반계정소계 20,000 20,000 - 287,628 288,051 423 특별계정특별계정소계 - - - - - - 20,000 20,000 - 287,628 288,051 423 * 수익증권 편입자산 제외* 취득원가 기준 계정구분 대주주명 채권취득현황 주식취득현황 | (제 7-2-2호)전분기말( A) 당분기말(B) 증감(B-A) 전분기말( A) 당분기말(B) 증감(B-A)KB국민은행 채권 20,000 20,000 - - - - KB-솔리더스 글로벌 헬스케어 펀드 - - - 100 10 90- KB 솔리더스 헬스케어 투자조합 - - - 15,333 20,000 4,667 KB 디지털혁신성장신기술사업투자조합 - - - 300 300 - KB 디지털 플랫폼 펀드 - - - 11,400 11,400 - KB 프라임 디지털 플랫폼 펀드 - - - 2,500 2,500 - 케이비메자닌캐피탈제4호 - - - 20,285 16,131 4,154- KB라이프파트너스 90,000 90,000 - KB골든라이프케어 147,710 147,710 - 일반계정소계 20,000 20,000 - 287,628 288,051 423 특별계정특별계정소계 - - - - - - 20,000 20,000 - 287,628 288,051 423 * 수익증권 편입자산 제외* 취득원가 기준 계정구분 / 서식 제7-2-2호 / PDF 1쪽 / 원본 dart_out/raw/web10/insdeal/KB라이프_SEQNO501616544.pdf (sha256 04d6e44e521a…, 쪽 텍스트 dart_out/raw/web10/insdeal/KB라이프_SEQNO501616544.pdf.pages.txt) / 출처 화면·기간: KB라이프생명 누리집 > 공시실 > 경영공시실 > 수시공시 > KB라이프생명 탭 — 목록 5쪽(50건) 받음, 공시일 2025-07-01 이후 수시·2025-10-01 이후 분기공시 중 제목에 '대주주'",
KB라이프,2026.01.22,"(제 7-2-2호)전분기말( A) 당분기말(B) 증감(B-A) 전분기말( A) 당분기말(B) 증감(B-A)KB국민은행 채권 20,000 20,000 - - - - KB-솔리더스 글로벌 헬스케어 펀드 - - - 100 10 90- KB 솔리더스 헬스케어 투자조합 - - - 15,333 20,000 4,667 KB 디지털혁신성장신기술사업투자조합 - - - 300 300 - KB 디지털 플랫폼 펀드 - - - 11,400 11,400 - KB 프라임 디지털 플랫폼 펀드 - - - 2,500 2,500 - 케이비메자닌캐피탈제4호 - - - 20,285 16,131 4,154- KB라이프파트너스 90,000 90,000 - KB골든라이프케어 147,710 147,710 - 일반계정소계 20,000 20,000 - 287,628 288,051 423 특별계정특별계정소계 - - - - - - 20,000 20,000 - 287,628 288,051 423 * 수익증권 편입자산 제외* 취득원가 기준",대주주가 발행한 채권 또는 주식 취득현황 분기공시 / 채권취득현황·주식취득현황,문서에 없음,문서에 없음,https://www.kblife.co.kr/api/archive/archives/download/posting/501616544/0,"(제 7-2-2호)전분기말( A) 당분기말(B) 증감(B-A) 전분기말( A) 당분기말(B) 증감(B-A)KB국민은행 채권 20,000 20,000 - - - - KB-솔리더스 글로벌 헬스케어 펀드 - - - 100 10 90- KB 솔리더스 헬스케어 투자조합 - - - 15,333 20,000 4,667 KB 디지털혁신성장신기술사업투자조합 - - - 300 300 - KB 디지털 플랫폼 펀드 - - - 11,400 11,400 - KB 프라임 디지털 플랫폼 펀드 - - - 2,500 2,500 - 케이비메자닌캐피탈제4호 - - - 20,285 16,131 4,154- KB라이프파트너스 90,000 90,000 - KB골든라이프케어 147,710 147,710 - 일반계정소계 20,000 20,000 - 287,628 288,051 423 특별계정특별계정소계 - - - - - - 20,000 20,000 - 287,628 288,051 423 * 수익증권 편입자산 제외* 취득원가 기준 | <기재상의 주의>주1) 매 분기말 경과후 1월 이내 공시주2) ""대주주명""에는 보험업법 제2조제16호에 해당하는 대주주인 법인(단체)명을 기재",7-2-2호 대주주가 발행한 채권 또는 주식 취득현황 분기공시_20251231.pdf,1,2026-10-01T17:37:18+09:00,"거래 상대방 판정: 지주·지주 자회사 목록과 이름 불일치(handoff/12_지분관계.csv KB금융 2026 반기보고서(rcept_no 20260814004200) 지주 타법인출자현황 11곳) / 목록 「대주주가 발행한 채권 또는 주식의 취득현황」 공시일 2026.01.22 / 문서 일자: 2025.12.31 기준 / 표 머리(칸 순서): (제 7-2-2호)전분기말( A) 당분기말(B) 증감(B-A) 전분기말( A) 당분기말(B) 증감(B-A)KB국민은행 채권 20,000 20,000 - - - - KB-솔리더스 글로벌 헬스케어 펀드 - - - 100 10 90- KB 솔리더스 헬스케어 투자조합 - - - 15,333 20,000 4,667 KB 디지털혁신성장신기술사업투자조합 - - - 300 300 - KB 디지털 플랫폼 펀드 - - - 11,400 11,400 - KB 프라임 디지털 플랫폼 펀드 - - - 2,500 2,500 - 케이비메자닌캐피탈제4호 - - - 20,285 16,131 4,154- KB라이프파트너스 90,000 90,000 - KB골든라이프케어 147,710 147,710 - 일반계정소계 20,000 20,000 - 287,628 288,051 423 특별계정특별계정소계 - - - - - - 20,000 20,000 - 287,628 288,051 423 * 수익증권 편입자산 제외* 취득원가 기준 계정구분 대주주명 채권취득현황 주식취득현황 | (제 7-2-2호)전분기말( A) 당분기말(B) 증감(B-A) 전분기말( A) 당분기말(B) 증감(B-A)KB국민은행 채권 20,000 20,000 - - - - KB-솔리더스 글로벌 헬스케어 펀드 - - - 100 10 90- KB 솔리더스 헬스케어 투자조합 - - - 15,333 20,000 4,667 KB 디지털혁신성장신기술사업투자조합 - - - 300 300 - KB 디지털 플랫폼 펀드 - - - 11,400 11,400 - KB 프라임 디지털 플랫폼 펀드 - - - 2,500 2,500 - 케이비메자닌캐피탈제4호 - - - 20,285 16,131 4,154- KB라이프파트너스 90,000 90,000 - KB골든라이프케어 147,710 147,710 - 일반계정소계 20,000 20,000 - 287,628 288,051 423 특별계정특별계정소계 - - - - - - 20,000 20,000 - 287,628 288,051 423 * 수익증권 편입자산 제외* 취득원가 기준 계정구분 대주주명 채권취득현황 주식취득현황 / 서식 제7-2-2호 / PDF 1쪽 / 원본 dart_out/raw/web10/insdeal/KB라이프_SEQNO501616544.pdf (sha256 04d6e44e521a…, 쪽 텍스트 dart_out/raw/web10/insdeal/KB라이프_SEQNO501616544.pdf.pages.txt) / 출처 화면·기간: KB라이프생명 누리집 > 공시실 > 경영공시실 > 수시공시 > KB라이프생명 탭 — 목록 5쪽(50건) 받음, 공시일 2025-07-01 이후 수시·2025-10-01 이후 분기공시 중 제목에 '대주주'",
KB라이프,2026.01.22,케이비 디지털 플랫폼 펀드,대주주가 발행한 주식의 취득 / 주식의종류: 케이비 디지털 플랫폼 펀드의 지분,"취득금액(원): 1,500,000,000원",4. 이사회결의일: 2021-12-14,https://www.kblife.co.kr/api/archive/archives/download/posting/501616546/0,"(제7-1-3호) | 대주주가 발행한 주식의 취득 | 1. 대주주명 | 케이비 디지털 플랫폼 펀드 | 2. 주식취득내용 | 취득일 | 2026-01-20 | 주식의종류 | 케이비 디지털 플랫폼 펀드의 지분 | 취득금액(원) | 1,500,000,000원 | 취득주식수 | 1,500좌(좌당 백만원) | 취득후 총보유주식수 | 12,900좌(좌당 백만원) | 취득후 지분율(%) | 5.00% | 3. 취득목적 | KB금융그룹 시너지를 위한 전략적 투자 목적(그룹 SI펀드) | 4. 이사회결의일 | 2021-12-14 | 5. 기타 | ※ 보험업법 제111조 제3항의 ""3. 해당 보험회사의 대주주가 발행한 채권 또는 주식을 대통령령으로 정하는 금액 이상으로 취득하는 행위"" 에 관한 공시사항입니다.",7-1-3호. 대주주가 발행한 주식의 취득_KB디지털플랫폼펀드_260120.pdf,1,2026-10-01T17:37:21+09:00,"거래 상대방 판정: 지주·지주 자회사 목록과 이름 불일치(handoff/12_지분관계.csv KB금융 2026 반기보고서(rcept_no 20260814004200) 지주 타법인출자현황 11곳) / 목록 「대주주가 발행한 주식의 취득」 공시일 2026.01.22 / 문서 일자: 취득일 2026-01-20 / 서식 제7-1-3호 / PDF 1쪽 / 원본 dart_out/raw/web10/insdeal/KB라이프_SEQNO501616546.pdf (sha256 68169b2ef6e1…, 쪽 텍스트 dart_out/raw/web10/insdeal/KB라이프_SEQNO501616546.pdf.pages.txt) / 출처 화면·기간: KB라이프생명 누리집 > 공시실 > 경영공시실 > 수시공시 > KB라이프생명 탭 — 목록 5쪽(50건) 받음, 공시일 2025-07-01 이후 수시·2025-10-01 이후 분기공시 중 제목에 '대주주'",
KB라이프,2026.02.19,,,,,https://www.kblife.co.kr/api/archive/archives/download/posting/501617021/0,,,,,"PDF 아님(104316바이트, application/pdf)",
KB라이프,2026.03.23,케이비 디지털 플랫폼 펀드,대주주가 발행한 주식의 취득 / 주식의종류: 케이비 디지털 플랫폼 펀드의 지분,"취득금액(원): 600,000,000원",4. 이사회결의일: 2021-12-14,https://www.kblife.co.kr/api/archive/archives/download/posting/501617245/0,"(제7-1-3호) | 대주주가 발행한 주식의 취득 | 1. 대주주명 | 케이비 디지털 플랫폼 펀드 | 2. 주식취득내용 | 취득일 | 2026-03-23 | 주식의종류 | 케이비 디지털 플랫폼 펀드의 지분 | 취득금액(원) | 600,000,000원 | 취득주식수 | 600좌(좌당 백만원) | 취득후 총보유주식수 | 13,500좌(좌당 백만원) | 취득후 지분율(%) | 5.00% | 3. 취득목적 | KB금융그룹 시너지를 위한 전략적 투자 목적(그룹 SI펀드) | 4. 이사회결의일 | 2021-12-14 | 5. 기타 | ※ 보험업법 제111조 제3항의 ""3. 해당 보험회사의 대주주가 발행한 채권 또는 주식을 대통령령으로 정하는 금액 이상으로 취득하는 행위"" 에 관한 공시사항입니다.",7-1-3호. 대주주가 발행한 주식의 취득_KB디지털플랫폼펀드_260323.pdf,1,2026-10-01T17:37:26+09:00,"거래 상대방 판정: 지주·지주 자회사 목록과 이름 불일치(handoff/12_지분관계.csv KB금융 2026 반기보고서(rcept_no 20260814004200) 지주 타법인출자현황 11곳) / 목록 「대주주가 발행한 주식의 취득」 공시일 2026.03.23 / 문서 일자: 취득일 2026-03-23 / 서식 제7-1-3호 / PDF 1쪽 / 원본 dart_out/raw/web10/insdeal/KB라이프_SEQNO501617245.pdf (sha256 e5360177dd2c…, 쪽 텍스트 dart_out/raw/web10/insdeal/KB라이프_SEQNO501617245.pdf.pages.txt) / 출처 화면·기간: KB라이프생명 누리집 > 공시실 > 경영공시실 > 수시공시 > KB라이프생명 탭 — 목록 5쪽(50건) 받음, 공시일 2025-07-01 이후 수시·2025-10-01 이후 분기공시 중 제목에 '대주주'",
KB라이프,2026.03.31,,,,,https://www.kblife.co.kr/api/archive/archives/download/posting/501617381/0,,,,,"PDF 아님(60942바이트, application/pdf)",
KB라이프,2026.04.02,,,,,https://www.kblife.co.kr/api/archive/archives/download/posting/501617394/0,,,,,"PDF 아님(66702바이트, application/pdf)",
KB라이프,2026.04.06,,,,,https://www.kblife.co.kr/api/archive/archives/download/posting/501617401/0,,,,,"PDF 아님(121788바이트, application/pdf)",
KB라이프,2026.04.06,,,,,https://www.kblife.co.kr/api/archive/archives/download/posting/501617402/0,,,,,"PDF 아님(101740바이트, application/pdf)",
KB라이프,2026.04.20,"(제 7-2-2호)전분기말( A) 당분기말(B) 증감(B-A) 전분기말( A) 당분기말(B) 증감(B-A)국민은행2711구조일20-09 20,000 20,000 - - - - KB-솔리더스 글로벌 헬스케어 펀드 - - - 10 - 10- KB솔리더스 헬스케어 투자조합 - - - 20,000 20,000 - KB디지털혁신성장신기술사업투자조합 - - - 300 300 - KB디지털 플랫폼 펀드 - - - 11,400 13,500 2,100 KB프라임 디지털 플랫폼 펀드 - - - 2,500 2,500 - 케이비메자닌캐피탈제4호 - - - 16,131 19,599 3,468 KB라이프파트너스 90,000 90,000 - KB골든라이프케어 147,710 147,710 - 일반계정소계 20,000 20,000 - 288,051 293,609 5,558 특별계정특별계정소계 - - - - - - 20,000 20,000 - 288,051 293,609 5,558 * 수익증권 편입자산 제외* 취득원가 기준",대주주가 발행한 채권 또는 주식 취득현황 분기공시 / 채권취득현황·주식취득현황,문서에 없음,문서에 없음,https://www.kblife.co.kr/api/archive/archives/download/posting/501617462/0,"(제 7-2-2호)전분기말( A) 당분기말(B) 증감(B-A) 전분기말( A) 당분기말(B) 증감(B-A)국민은행2711구조일20-09 20,000 20,000 - - - - KB-솔리더스 글로벌 헬스케어 펀드 - - - 10 - 10- KB솔리더스 헬스케어 투자조합 - - - 20,000 20,000 - KB디지털혁신성장신기술사업투자조합 - - - 300 300 - KB디지털 플랫폼 펀드 - - - 11,400 13,500 2,100 KB프라임 디지털 플랫폼 펀드 - - - 2,500 2,500 - 케이비메자닌캐피탈제4호 - - - 16,131 19,599 3,468 KB라이프파트너스 90,000 90,000 - KB골든라이프케어 147,710 147,710 - 일반계정소계 20,000 20,000 - 288,051 293,609 5,558 특별계정특별계정소계 - - - - - - 20,000 20,000 - 288,051 293,609 5,558 * 수익증권 편입자산 제외* 취득원가 기준 | 일반계정",7-2-2호 대주주가 발행한 채권 또는 주식 취득현황 분기공시_20260331.pdf,1,2026-10-01T17:37:38+09:00,"거래 상대방 판정: 지주·지주 자회사 목록과 이름 불일치(handoff/12_지분관계.csv KB금융 2026 반기보고서(rcept_no 20260814004200) 지주 타법인출자현황 11곳) / 목록 「대주주가 발행한 채권 또는 주식의 취득현황」 공시일 2026.04.20 / 문서 일자: 2026.03.31 기준 / 표 머리(칸 순서): (제 7-2-2호)전분기말( A) 당분기말(B) 증감(B-A) 전분기말( A) 당분기말(B) 증감(B-A)국민은행2711구조일20-09 20,000 20,000 - - - - KB-솔리더스 글로벌 헬스케어 펀드 - - - 10 - 10- KB솔리더스 헬스케어 투자조합 - - - 20,000 20,000 - KB디지털혁신성장신기술사업투자조합 - - - 300 300 - KB디지털 플랫폼 펀드 - - - 11,400 13,500 2,100 KB프라임 디지털 플랫폼 펀드 - - - 2,500 2,500 - 케이비메자닌캐피탈제4호 - - - 16,131 19,599 3,468 KB라이프파트너스 90,000 90,000 - KB골든라이프케어 147,710 147,710 - 일반계정소계 20,000 20,000 - 288,051 293,609 5,558 특별계정특별계정소계 - - - - - - 20,000 20,000 - 288,051 293,609 5,558 * 수익증권 편입자산 제외* 취득원가 기준 계정구분 대주주명 채권취득현황 주식취득현황 | (제 7-2-2호)전분기말( A) 당분기말(B) 증감(B-A) 전분기말( A) 당분기말(B) 증감(B-A)국민은행2711구조일20-09 20,000 20,000 - - - - KB-솔리더스 글로벌 헬스케어 펀드 - - - 10 - 10- KB솔리더스 헬스케어 투자조합 - - - 20,000 20,000 - KB디지털혁신성장신기술사업투자조합 - - - 300 300 - KB디지털 플랫폼 펀드 - - - 11,400 13,500 2,100 KB프라임 디지털 플랫폼 펀드 - - - 2,500 2,500 - 케이비메자닌캐피탈제4호 - - - 16,131 19,599 3,468 KB라이프파트너스 90,000 90,000 - KB골든라이프케어 147,710 147,710 - 일반계정소계 20,000 20,000 - 288,051 293,609 5,558 특별계정특별계정소계 - - - - - - 20,000 20,000 - 288,051 293,609 5,558 * 수익증권 편입자산 제외* 취득원가 기준 계정구분 / 서식 제7-2-2호 / PDF 1쪽 / 원본 dart_out/raw/web10/insdeal/KB라이프_SEQNO501617462.pdf (sha256 8c34adce7c1a…, 쪽 텍스트 dart_out/raw/web10/insdeal/KB라이프_SEQNO501617462.pdf.pages.txt) / 출처 화면·기간: KB라이프생명 누리집 > 공시실 > 경영공시실 > 수시공시 > KB라이프생명 탭 — 목록 5쪽(50건) 받음, 공시일 2025-07-01 이후 수시·2025-10-01 이후 분기공시 중 제목에 '대주주'",
KB라이프,2026.04.20,"(제 7-2-2호)전분기말( A) 당분기말(B) 증감(B-A) 전분기말( A) 당분기말(B) 증감(B-A)국민은행2711구조일20-09 20,000 20,000 - - - - KB-솔리더스 글로벌 헬스케어 펀드 - - - 10 - 10- KB솔리더스 헬스케어 투자조합 - - - 20,000 20,000 - KB디지털혁신성장신기술사업투자조합 - - - 300 300 - KB디지털 플랫폼 펀드 - - - 11,400 13,500 2,100 KB프라임 디지털 플랫폼 펀드 - - - 2,500 2,500 - 케이비메자닌캐피탈제4호 - - - 16,131 19,599 3,468 KB라이프파트너스 90,000 90,000 - KB골든라이프케어 147,710 147,710 - 일반계정소계 20,000 20,000 - 288,051 293,609 5,558 특별계정특별계정소계 - - - - - - 20,000 20,000 - 288,051 293,609 5,558 * 수익증권 편입자산 제외* 취득원가 기준",대주주가 발행한 채권 또는 주식 취득현황 분기공시 / 채권취득현황·주식취득현황,문서에 없음,문서에 없음,https://www.kblife.co.kr/api/archive/archives/download/posting/501617462/0,"(제 7-2-2호)전분기말( A) 당분기말(B) 증감(B-A) 전분기말( A) 당분기말(B) 증감(B-A)국민은행2711구조일20-09 20,000 20,000 - - - - KB-솔리더스 글로벌 헬스케어 펀드 - - - 10 - 10- KB솔리더스 헬스케어 투자조합 - - - 20,000 20,000 - KB디지털혁신성장신기술사업투자조합 - - - 300 300 - KB디지털 플랫폼 펀드 - - - 11,400 13,500 2,100 KB프라임 디지털 플랫폼 펀드 - - - 2,500 2,500 - 케이비메자닌캐피탈제4호 - - - 16,131 19,599 3,468 KB라이프파트너스 90,000 90,000 - KB골든라이프케어 147,710 147,710 - 일반계정소계 20,000 20,000 - 288,051 293,609 5,558 특별계정특별계정소계 - - - - - - 20,000 20,000 - 288,051 293,609 5,558 * 수익증권 편입자산 제외* 취득원가 기준 | <기재상의 주의>주1) 매 분기말 경과후 1월 이내 공시주2) ""대주주명""에는 보험업법 제2조제16호에 해당하는 대주주인 법인(단체)명을 기재",7-2-2호 대주주가 발행한 채권 또는 주식 취득현황 분기공시_20260331.pdf,1,2026-10-01T17:37:38+09:00,"거래 상대방 판정: 지주·지주 자회사 목록과 이름 불일치(handoff/12_지분관계.csv KB금융 2026 반기보고서(rcept_no 20260814004200) 지주 타법인출자현황 11곳) / 목록 「대주주가 발행한 채권 또는 주식의 취득현황」 공시일 2026.04.20 / 문서 일자: 2026.03.31 기준 / 표 머리(칸 순서): (제 7-2-2호)전분기말( A) 당분기말(B) 증감(B-A) 전분기말( A) 당분기말(B) 증감(B-A)국민은행2711구조일20-09 20,000 20,000 - - - - KB-솔리더스 글로벌 헬스케어 펀드 - - - 10 - 10- KB솔리더스 헬스케어 투자조합 - - - 20,000 20,000 - KB디지털혁신성장신기술사업투자조합 - - - 300 300 - KB디지털 플랫폼 펀드 - - - 11,400 13,500 2,100 KB프라임 디지털 플랫폼 펀드 - - - 2,500 2,500 - 케이비메자닌캐피탈제4호 - - - 16,131 19,599 3,468 KB라이프파트너스 90,000 90,000 - KB골든라이프케어 147,710 147,710 - 일반계정소계 20,000 20,000 - 288,051 293,609 5,558 특별계정특별계정소계 - - - - - - 20,000 20,000 - 288,051 293,609 5,558 * 수익증권 편입자산 제외* 취득원가 기준 계정구분 대주주명 채권취득현황 주식취득현황 | (제 7-2-2호)전분기말( A) 당분기말(B) 증감(B-A) 전분기말( A) 당분기말(B) 증감(B-A)국민은행2711구조일20-09 20,000 20,000 - - - - KB-솔리더스 글로벌 헬스케어 펀드 - - - 10 - 10- KB솔리더스 헬스케어 투자조합 - - - 20,000 20,000 - KB디지털혁신성장신기술사업투자조합 - - - 300 300 - KB디지털 플랫폼 펀드 - - - 11,400 13,500 2,100 KB프라임 디지털 플랫폼 펀드 - - - 2,500 2,500 - 케이비메자닌캐피탈제4호 - - - 16,131 19,599 3,468 KB라이프파트너스 90,000 90,000 - KB골든라이프케어 147,710 147,710 - 일반계정소계 20,000 20,000 - 288,051 293,609 5,558 특별계정특별계정소계 - - - - - - 20,000 20,000 - 288,051 293,609 5,558 * 수익증권 편입자산 제외* 취득원가 기준 계정구분 대주주명 채권취득현황 주식취득현황 / 서식 제7-2-2호 / PDF 1쪽 / 원본 dart_out/raw/web10/insdeal/KB라이프_SEQNO501617462.pdf (sha256 8c34adce7c1a…, 쪽 텍스트 dart_out/raw/web10/insdeal/KB라이프_SEQNO501617462.pdf.pages.txt) / 출처 화면·기간: KB라이프생명 누리집 > 공시실 > 경영공시실 > 수시공시 > KB라이프생명 탭 — 목록 5쪽(50건) 받음, 공시일 2025-07-01 이후 수시·2025-10-01 이후 분기공시 중 제목에 '대주주'",
KB라이프,2026.04.20,"(제 7-2-1 호)* 장부가 기준< 기재상의 주의 >주 1) 매 분기말 경과 후 1월 이내 공시주 2) ""대주주 명""에는 보험업법 제 2조제 17호에 해당하는 대주주인 개인, 법인(단체)명을 기재주 3) ""신용공여종류""에는 보험업 감독규정 [별표1의 2] 신용공여의 범위의 소분류에 해당하는 종류를 기재(예: 부동산담보대출금, 신용대출금, 기업어음, 예치금 등)주 4) ""비고""에는 담보의 종류, 평가 액, 주요 특별약정내용 등을 기재","주 2) ""대주주 명""에는 보험업법 제 2조제 17호에 해당하는 대주주인 개인, 법인(단체)명을 기재 / 신용공여종류: 문서에 없음",문서에 없음,문서에 없음,https://www.kblife.co.kr/api/archive/archives/download/posting/501617841/0,"(제 7-2-1 호)* 장부가 기준< 기재상의 주의 >주 1) 매 분기말 경과 후 1월 이내 공시주 2) ""대주주 명""에는 보험업법 제 2조제 17호에 해당하는 대주주인 개인, 법인(단체)명을 기재주 3) ""신용공여종류""에는 보험업 감독규정 [별표1의 2] 신용공여의 범위의 소분류에 해당하는 종류를 기재(예: 부동산담보대출금, 신용대출금, 기업어음, 예치금 등)주 4) ""비고""에는 담보의 종류, 평가 액, 주요 특별약정내용 등을 기재 | 0 | 일반계정",7-2-1호 대주주에 대한 신용공여현황 분기공시_20260331.pdf,1,2026-10-01T17:37:41+09:00,"거래 상대방 판정: 지주·지주 자회사 목록과 이름 불일치(handoff/12_지분관계.csv KB금융 2026 반기보고서(rcept_no 20260814004200) 지주 타법인출자현황 11곳) / 목록 「대주주에 대한 신용공여현황 분기공시」 공시일 2026.04.20 / 문서 일자: 2026.03.31 기준 / 표 머리(칸 순서): (제 7-2-1 호)* 장부가 기준< 기재상의 주의 >주 1) 매 분기말 경과 후 1월 이내 공시주 2) ""대주주 명""에는 보험업법 제 2조제 17호에 해당하는 대주주인 개인, 법인(단체)명을 기재주 3) ""신용공여종류""에는 보험업 감독규정 [별표1의 2] 신용공여의 범위의 소분류에 해당하는 종류를 기재(예: 부동산담보대출금, 신용대출금, 기업어음, 예치금 등)주 4) ""비고""에는 담보의 종류, 평가 액, 주요 특별약정내용 등을 기재 계정구분 대주주 명 신용공여종류 신용공여금액 거래조건 비고 전분기말(A) 당분기말(B) 증감(B-A) 증감사유 거래일 만기일 적용금리 자금용도 | (제 7-2-1 호)* 장부가 기준< 기재상의 주의 >주 1) 매 분기말 경과 후 1월 이내 공시주 2) ""대주주 명""에는 보험업법 제 2조제 17호에 해당하는 대주주인 개인, 법인(단체)명을 기재주 3) ""신용공여종류""에는 보험업 감독규정 [별표1의 2] 신용공여의 범위의 소분류에 해당하는 종류를 기재(예: 부동산담보대출금, 신용대출금, 기업어음, 예치금 등)주 4) ""비고""에는 담보의 종류, 평가 액, 주요 특별약정내용 등을 기재 계정구분 대주주 명 신용공여종류 신용공여금액 거래조건 비고 전분기말(A) 당분기말(B) 증감(B-A) 증감사유 거래일 만기일 적용금리 자금용도 | (제 7-2-1 호)* 장부가 기준< 기재상의 주의 >주 1) 매 분기말 경과 후 1월 이내 공시주 2) ""대주주 명""에는 보험업법 제 2조제 17호에 해당하는 대주주인 개인, 법인(단체)명을 기재주 3) ""신용공여종류""에는 보험업 감독규정 [별표1의 2] 신용공여의 범위의 소분류에 해당하는 종류를 기재(예: 부동산담보대출금, 신용대출금, 기업어음, 예치금 등)주 4) ""비고""에는 담보의 종류, 평가 액, 주요 특별약정내용 등을 기재 계정구분 전분기말(A) 당분기말(B) 증감(B-A) 증감사유 거래일 만기일 적용금리 자금용도 / 서식 제7-2-1호 / PDF 1쪽 / 원본 dart_out/raw/web10/insdeal/KB라이프_SEQNO501617841.pdf (sha256 824e8298cd9a…, 쪽 텍스트 dart_out/raw/web10/insdeal/KB라이프_SEQNO501617841.pdf.pages.txt) / 출처 화면·기간: KB라이프생명 누리집 > 공시실 > 경영공시실 > 수시공시 > KB라이프생명 탭 — 목록 5쪽(50건) 받음, 공시일 2025-07-01 이후 수시·2025-10-01 이후 분기공시 중 제목에 '대주주'",
KB라이프,2026.04.20,"(제 7-2-1 호)* 장부가 기준< 기재상의 주의 >주 1) 매 분기말 경과 후 1월 이내 공시주 2) ""대주주 명""에는 보험업법 제 2조제 17호에 해당하는 대주주인 개인, 법인(단체)명을 기재주 3) ""신용공여종류""에는 보험업 감독규정 [별표1의 2] 신용공여의 범위의 소분류에 해당하는 종류를 기재(예: 부동산담보대출금, 신용대출금, 기업어음, 예치금 등)주 4) ""비고""에는 담보의 종류, 평가 액, 주요 특별약정내용 등을 기재","주 2) ""대주주 명""에는 보험업법 제 2조제 17호에 해당하는 대주주인 개인, 법인(단체)명을 기재 / 신용공여종류: 문서에 없음",문서에 없음,문서에 없음,https://www.kblife.co.kr/api/archive/archives/download/posting/501617841/0,"(제 7-2-1 호)* 장부가 기준< 기재상의 주의 >주 1) 매 분기말 경과 후 1월 이내 공시주 2) ""대주주 명""에는 보험업법 제 2조제 17호에 해당하는 대주주인 개인, 법인(단체)명을 기재주 3) ""신용공여종류""에는 보험업 감독규정 [별표1의 2] 신용공여의 범위의 소분류에 해당하는 종류를 기재(예: 부동산담보대출금, 신용대출금, 기업어음, 예치금 등)주 4) ""비고""에는 담보의 종류, 평가 액, 주요 특별약정내용 등을 기재 | 0 | 일반계정",7-2-1호 대주주에 대한 신용공여현황 분기공시_20260331.pdf,1,2026-10-01T17:37:41+09:00,"거래 상대방 판정: 지주·지주 자회사 목록과 이름 불일치(handoff/12_지분관계.csv KB금융 2026 반기보고서(rcept_no 20260814004200) 지주 타법인출자현황 11곳) / 목록 「대주주에 대한 신용공여현황 분기공시」 공시일 2026.04.20 / 문서 일자: 2026.03.31 기준 / 표 머리(칸 순서): (제 7-2-1 호)* 장부가 기준< 기재상의 주의 >주 1) 매 분기말 경과 후 1월 이내 공시주 2) ""대주주 명""에는 보험업법 제 2조제 17호에 해당하는 대주주인 개인, 법인(단체)명을 기재주 3) ""신용공여종류""에는 보험업 감독규정 [별표1의 2] 신용공여의 범위의 소분류에 해당하는 종류를 기재(예: 부동산담보대출금, 신용대출금, 기업어음, 예치금 등)주 4) ""비고""에는 담보의 종류, 평가 액, 주요 특별약정내용 등을 기재 계정구분 대주주 명 신용공여종류 신용공여금액 거래조건 비고 전분기말(A) 당분기말(B) 증감(B-A) 증감사유 거래일 만기일 적용금리 자금용도 | (제 7-2-1 호)* 장부가 기준< 기재상의 주의 >주 1) 매 분기말 경과 후 1월 이내 공시주 2) ""대주주 명""에는 보험업법 제 2조제 17호에 해당하는 대주주인 개인, 법인(단체)명을 기재주 3) ""신용공여종류""에는 보험업 감독규정 [별표1의 2] 신용공여의 범위의 소분류에 해당하는 종류를 기재(예: 부동산담보대출금, 신용대출금, 기업어음, 예치금 등)주 4) ""비고""에는 담보의 종류, 평가 액, 주요 특별약정내용 등을 기재 계정구분 대주주 명 신용공여종류 신용공여금액 거래조건 비고 전분기말(A) 당분기말(B) 증감(B-A) 증감사유 거래일 만기일 적용금리 자금용도 | (제 7-2-1 호)* 장부가 기준< 기재상의 주의 >주 1) 매 분기말 경과 후 1월 이내 공시주 2) ""대주주 명""에는 보험업법 제 2조제 17호에 해당하는 대주주인 개인, 법인(단체)명을 기재주 3) ""신용공여종류""에는 보험업 감독규정 [별표1의 2] 신용공여의 범위의 소분류에 해당하는 종류를 기재(예: 부동산담보대출금, 신용대출금, 기업어음, 예치금 등)주 4) ""비고""에는 담보의 종류, 평가 액, 주요 특별약정내용 등을 기재 계정구분 전분기말(A) 당분기말(B) 증감(B-A) 증감사유 거래일 만기일 적용금리 자금용도 / 서식 제7-2-1호 / PDF 1쪽 / 원본 dart_out/raw/web10/insdeal/KB라이프_SEQNO501617841.pdf (sha256 824e8298cd9a…, 쪽 텍스트 dart_out/raw/web10/insdeal/KB라이프_SEQNO501617841.pdf.pages.txt) / 출처 화면·기간: KB라이프생명 누리집 > 공시실 > 경영공시실 > 수시공시 > KB라이프생명 탭 — 목록 5쪽(50건) 받음, 공시일 2025-07-01 이후 수시·2025-10-01 이후 분기공시 중 제목에 '대주주'",
KB라이프,2026.04.20,"(제 7-2-1 호)* 장부가 기준< 기재상의 주의 >주 1) 매 분기말 경과 후 1월 이내 공시주 2) ""대주주 명""에는 보험업법 제 2조제 17호에 해당하는 대주주인 개인, 법인(단체)명을 기재주 3) ""신용공여종류""에는 보험업 감독규정 [별표1의 2] 신용공여의 범위의 소분류에 해당하는 종류를 기재(예: 부동산담보대출금, 신용대출금, 기업어음, 예치금 등)주 4) ""비고""에는 담보의 종류, 평가 액, 주요 특별약정내용 등을 기재","주 2) ""대주주 명""에는 보험업법 제 2조제 17호에 해당하는 대주주인 개인, 법인(단체)명을 기재 / 신용공여종류: 문서에 없음",문서에 없음,문서에 없음,https://www.kblife.co.kr/api/archive/archives/download/posting/501617841/0,"(제 7-2-1 호)* 장부가 기준< 기재상의 주의 >주 1) 매 분기말 경과 후 1월 이내 공시주 2) ""대주주 명""에는 보험업법 제 2조제 17호에 해당하는 대주주인 개인, 법인(단체)명을 기재주 3) ""신용공여종류""에는 보험업 감독규정 [별표1의 2] 신용공여의 범위의 소분류에 해당하는 종류를 기재(예: 부동산담보대출금, 신용대출금, 기업어음, 예치금 등)주 4) ""비고""에는 담보의 종류, 평가 액, 주요 특별약정내용 등을 기재 | 소계 0 0 0 | 일반계정",7-2-1호 대주주에 대한 신용공여현황 분기공시_20260331.pdf,1,2026-10-01T17:37:41+09:00,"거래 상대방 판정: 지주·지주 자회사 목록과 이름 불일치(handoff/12_지분관계.csv KB금융 2026 반기보고서(rcept_no 20260814004200) 지주 타법인출자현황 11곳) / 목록 「대주주에 대한 신용공여현황 분기공시」 공시일 2026.04.20 / 문서 일자: 2026.03.31 기준 / 표 머리(칸 순서): (제 7-2-1 호)* 장부가 기준< 기재상의 주의 >주 1) 매 분기말 경과 후 1월 이내 공시주 2) ""대주주 명""에는 보험업법 제 2조제 17호에 해당하는 대주주인 개인, 법인(단체)명을 기재주 3) ""신용공여종류""에는 보험업 감독규정 [별표1의 2] 신용공여의 범위의 소분류에 해당하는 종류를 기재(예: 부동산담보대출금, 신용대출금, 기업어음, 예치금 등)주 4) ""비고""에는 담보의 종류, 평가 액, 주요 특별약정내용 등을 기재 계정구분 대주주 명 신용공여종류 신용공여금액 거래조건 비고 전분기말(A) 당분기말(B) 증감(B-A) 증감사유 거래일 만기일 적용금리 자금용도 | (제 7-2-1 호)* 장부가 기준< 기재상의 주의 >주 1) 매 분기말 경과 후 1월 이내 공시주 2) ""대주주 명""에는 보험업법 제 2조제 17호에 해당하는 대주주인 개인, 법인(단체)명을 기재주 3) ""신용공여종류""에는 보험업 감독규정 [별표1의 2] 신용공여의 범위의 소분류에 해당하는 종류를 기재(예: 부동산담보대출금, 신용대출금, 기업어음, 예치금 등)주 4) ""비고""에는 담보의 종류, 평가 액, 주요 특별약정내용 등을 기재 계정구분 대주주 명 신용공여종류 신용공여금액 거래조건 비고 전분기말(A) 당분기말(B) 증감(B-A) 증감사유 거래일 만기일 적용금리 자금용도 | (제 7-2-1 호)* 장부가 기준< 기재상의 주의 >주 1) 매 분기말 경과 후 1월 이내 공시주 2) ""대주주 명""에는 보험업법 제 2조제 17호에 해당하는 대주주인 개인, 법인(단체)명을 기재주 3) ""신용공여종류""에는 보험업 감독규정 [별표1의 2] 신용공여의 범위의 소분류에 해당하는 종류를 기재(예: 부동산담보대출금, 신용대출금, 기업어음, 예치금 등)주 4) ""비고""에는 담보의 종류, 평가 액, 주요 특별약정내용 등을 기재 계정구분 전분기말(A) 당분기말(B) 증감(B-A) 증감사유 거래일 만기일 적용금리 자금용도 / 서식 제7-2-1호 / PDF 1쪽 / 원본 dart_out/raw/web10/insdeal/KB라이프_SEQNO501617841.pdf (sha256 824e8298cd9a…, 쪽 텍스트 dart_out/raw/web10/insdeal/KB라이프_SEQNO501617841.pdf.pages.txt) / 출처 화면·기간: KB라이프생명 누리집 > 공시실 > 경영공시실 > 수시공시 > KB라이프생명 탭 — 목록 5쪽(50건) 받음, 공시일 2025-07-01 이후 수시·2025-10-01 이후 분기공시 중 제목에 '대주주'",
KB라이프,2026.04.20,"(제 7-2-1 호)* 장부가 기준< 기재상의 주의 >주 1) 매 분기말 경과 후 1월 이내 공시주 2) ""대주주 명""에는 보험업법 제 2조제 17호에 해당하는 대주주인 개인, 법인(단체)명을 기재주 3) ""신용공여종류""에는 보험업 감독규정 [별표1의 2] 신용공여의 범위의 소분류에 해당하는 종류를 기재(예: 부동산담보대출금, 신용대출금, 기업어음, 예치금 등)주 4) ""비고""에는 담보의 종류, 평가 액, 주요 특별약정내용 등을 기재","주 2) ""대주주 명""에는 보험업법 제 2조제 17호에 해당하는 대주주인 개인, 법인(단체)명을 기재 / 신용공여종류: 문서에 없음",문서에 없음,문서에 없음,https://www.kblife.co.kr/api/archive/archives/download/posting/501617841/0,"(제 7-2-1 호)* 장부가 기준< 기재상의 주의 >주 1) 매 분기말 경과 후 1월 이내 공시주 2) ""대주주 명""에는 보험업법 제 2조제 17호에 해당하는 대주주인 개인, 법인(단체)명을 기재주 3) ""신용공여종류""에는 보험업 감독규정 [별표1의 2] 신용공여의 범위의 소분류에 해당하는 종류를 기재(예: 부동산담보대출금, 신용대출금, 기업어음, 예치금 등)주 4) ""비고""에는 담보의 종류, 평가 액, 주요 특별약정내용 등을 기재 | 일반계정 합계 0 0 0 | 일반계정",7-2-1호 대주주에 대한 신용공여현황 분기공시_20260331.pdf,1,2026-10-01T17:37:41+09:00,"거래 상대방 판정: 지주·지주 자회사 목록과 이름 불일치(handoff/12_지분관계.csv KB금융 2026 반기보고서(rcept_no 20260814004200) 지주 타법인출자현황 11곳) / 목록 「대주주에 대한 신용공여현황 분기공시」 공시일 2026.04.20 / 문서 일자: 2026.03.31 기준 / 표 머리(칸 순서): (제 7-2-1 호)* 장부가 기준< 기재상의 주의 >주 1) 매 분기말 경과 후 1월 이내 공시주 2) ""대주주 명""에는 보험업법 제 2조제 17호에 해당하는 대주주인 개인, 법인(단체)명을 기재주 3) ""신용공여종류""에는 보험업 감독규정 [별표1의 2] 신용공여의 범위의 소분류에 해당하는 종류를 기재(예: 부동산담보대출금, 신용대출금, 기업어음, 예치금 등)주 4) ""비고""에는 담보의 종류, 평가 액, 주요 특별약정내용 등을 기재 계정구분 대주주 명 신용공여종류 신용공여금액 거래조건 비고 전분기말(A) 당분기말(B) 증감(B-A) 증감사유 거래일 만기일 적용금리 자금용도 | (제 7-2-1 호)* 장부가 기준< 기재상의 주의 >주 1) 매 분기말 경과 후 1월 이내 공시주 2) ""대주주 명""에는 보험업법 제 2조제 17호에 해당하는 대주주인 개인, 법인(단체)명을 기재주 3) ""신용공여종류""에는 보험업 감독규정 [별표1의 2] 신용공여의 범위의 소분류에 해당하는 종류를 기재(예: 부동산담보대출금, 신용대출금, 기업어음, 예치금 등)주 4) ""비고""에는 담보의 종류, 평가 액, 주요 특별약정내용 등을 기재 계정구분 대주주 명 신용공여종류 신용공여금액 거래조건 비고 전분기말(A) 당분기말(B) 증감(B-A) 증감사유 거래일 만기일 적용금리 자금용도 | (제 7-2-1 호)* 장부가 기준< 기재상의 주의 >주 1) 매 분기말 경과 후 1월 이내 공시주 2) ""대주주 명""에는 보험업법 제 2조제 17호에 해당하는 대주주인 개인, 법인(단체)명을 기재주 3) ""신용공여종류""에는 보험업 감독규정 [별표1의 2] 신용공여의 범위의 소분류에 해당하는 종류를 기재(예: 부동산담보대출금, 신용대출금, 기업어음, 예치금 등)주 4) ""비고""에는 담보의 종류, 평가 액, 주요 특별약정내용 등을 기재 계정구분 전분기말(A) 당분기말(B) 증감(B-A) 증감사유 거래일 만기일 적용금리 자금용도 / 서식 제7-2-1호 / PDF 1쪽 / 원본 dart_out/raw/web10/insdeal/KB라이프_SEQNO501617841.pdf (sha256 824e8298cd9a…, 쪽 텍스트 dart_out/raw/web10/insdeal/KB라이프_SEQNO501617841.pdf.pages.txt) / 출처 화면·기간: KB라이프생명 누리집 > 공시실 > 경영공시실 > 수시공시 > KB라이프생명 탭 — 목록 5쪽(50건) 받음, 공시일 2025-07-01 이후 수시·2025-10-01 이후 분기공시 중 제목에 '대주주'",
KB라이프,2026.04.20,"(제 7-2-1 호)* 장부가 기준< 기재상의 주의 >주 1) 매 분기말 경과 후 1월 이내 공시주 2) ""대주주 명""에는 보험업법 제 2조제 17호에 해당하는 대주주인 개인, 법인(단체)명을 기재주 3) ""신용공여종류""에는 보험업 감독규정 [별표1의 2] 신용공여의 범위의 소분류에 해당하는 종류를 기재(예: 부동산담보대출금, 신용대출금, 기업어음, 예치금 등)주 4) ""비고""에는 담보의 종류, 평가 액, 주요 특별약정내용 등을 기재","주 2) ""대주주 명""에는 보험업법 제 2조제 17호에 해당하는 대주주인 개인, 법인(단체)명을 기재 / 신용공여종류: 문서에 없음",문서에 없음,문서에 없음,https://www.kblife.co.kr/api/archive/archives/download/posting/501617841/0,"(제 7-2-1 호)* 장부가 기준< 기재상의 주의 >주 1) 매 분기말 경과 후 1월 이내 공시주 2) ""대주주 명""에는 보험업법 제 2조제 17호에 해당하는 대주주인 개인, 법인(단체)명을 기재주 3) ""신용공여종류""에는 보험업 감독규정 [별표1의 2] 신용공여의 범위의 소분류에 해당하는 종류를 기재(예: 부동산담보대출금, 신용대출금, 기업어음, 예치금 등)주 4) ""비고""에는 담보의 종류, 평가 액, 주요 특별약정내용 등을 기재 | 총계 0 0 0",7-2-1호 대주주에 대한 신용공여현황 분기공시_20260331.pdf,1,2026-10-01T17:37:41+09:00,"거래 상대방 판정: 지주·지주 자회사 목록과 이름 불일치(handoff/12_지분관계.csv KB금융 2026 반기보고서(rcept_no 20260814004200) 지주 타법인출자현황 11곳) / 목록 「대주주에 대한 신용공여현황 분기공시」 공시일 2026.04.20 / 문서 일자: 2026.03.31 기준 / 표 머리(칸 순서): (제 7-2-1 호)* 장부가 기준< 기재상의 주의 >주 1) 매 분기말 경과 후 1월 이내 공시주 2) ""대주주 명""에는 보험업법 제 2조제 17호에 해당하는 대주주인 개인, 법인(단체)명을 기재주 3) ""신용공여종류""에는 보험업 감독규정 [별표1의 2] 신용공여의 범위의 소분류에 해당하는 종류를 기재(예: 부동산담보대출금, 신용대출금, 기업어음, 예치금 등)주 4) ""비고""에는 담보의 종류, 평가 액, 주요 특별약정내용 등을 기재 계정구분 대주주 명 신용공여종류 신용공여금액 거래조건 비고 전분기말(A) 당분기말(B) 증감(B-A) 증감사유 거래일 만기일 적용금리 자금용도 | (제 7-2-1 호)* 장부가 기준< 기재상의 주의 >주 1) 매 분기말 경과 후 1월 이내 공시주 2) ""대주주 명""에는 보험업법 제 2조제 17호에 해당하는 대주주인 개인, 법인(단체)명을 기재주 3) ""신용공여종류""에는 보험업 감독규정 [별표1의 2] 신용공여의 범위의 소분류에 해당하는 종류를 기재(예: 부동산담보대출금, 신용대출금, 기업어음, 예치금 등)주 4) ""비고""에는 담보의 종류, 평가 액, 주요 특별약정내용 등을 기재 계정구분 대주주 명 신용공여종류 신용공여금액 거래조건 비고 전분기말(A) 당분기말(B) 증감(B-A) 증감사유 거래일 만기일 적용금리 자금용도 / 서식 제7-2-1호 / PDF 1쪽 / 원본 dart_out/raw/web10/insdeal/KB라이프_SEQNO501617841.pdf (sha256 824e8298cd9a…, 쪽 텍스트 dart_out/raw/web10/insdeal/KB라이프_SEQNO501617841.pdf.pages.txt) / 출처 화면·기간: KB라이프생명 누리집 > 공시실 > 경영공시실 > 수시공시 > KB라이프생명 탭 — 목록 5쪽(50건) 받음, 공시일 2025-07-01 이후 수시·2025-10-01 이후 분기공시 중 제목에 '대주주'",
KB라이프,2026.05.06,케이비 디지털 플랫폼 펀드,대주주가 발행한 주식의 취득 / 주식의종류: 케이비 디지털 플랫폼 펀드의 지분,"취득금액(원): 750,000,000원",4. 이사회결의일: 2021-12-14,https://www.kblife.co.kr/api/archive/archives/download/posting/501617581/0,"(제7-1-3호) | 대주주가 발행한 주식의 취득 | 1. 대주주명 | 케이비 디지털 플랫폼 펀드 | 2. 주식취득내용 | 취득일 | 2026-05-06 | 주식의종류 | 케이비 디지털 플랫폼 펀드의 지분 | 취득금액(원) | 750,000,000원 | 취득주식수 | 750좌(좌당 백만원) | 취득후 총보유주식수 | 10,200좌(좌당 백만원) | 취득후 지분율(%) | 5.00% | 3. 취득목적 | KB금융그룹 시너지를 위한 전략적 투자 목적(그룹 SI펀드) | 4. 이사회결의일 | 2021-12-14 | 5. 기타 | ※ 보험업법 제111조 제3항의 ""3. 해당 보험회사의 대주주가 채권 또는 주식을 대통령령으로 정하는 금액 이상으로 취득하는 행위"" 에 관한 공시사항입니다.",7-1-3호. 대주주가 발행한 주식의 취득_KB디지털플랫폼펀드_260506.pdf,1,2026-10-01T17:37:44+09:00,"거래 상대방 판정: 지주·지주 자회사 목록과 이름 불일치(handoff/12_지분관계.csv KB금융 2026 반기보고서(rcept_no 20260814004200) 지주 타법인출자현황 11곳) / 목록 「대주주가 발행한 주식의 취득」 공시일 2026.05.06 / 문서 일자: 취득일 2026-05-06 / 서식 제7-1-3호 / PDF 1쪽 / 원본 dart_out/raw/web10/insdeal/KB라이프_SEQNO501617581.pdf (sha256 96b5de3ac89c…, 쪽 텍스트 dart_out/raw/web10/insdeal/KB라이프_SEQNO501617581.pdf.pages.txt) / 출처 화면·기간: KB라이프생명 누리집 > 공시실 > 경영공시실 > 수시공시 > KB라이프생명 탭 — 목록 5쪽(50건) 받음, 공시일 2025-07-01 이후 수시·2025-10-01 이후 분기공시 중 제목에 '대주주'",
KB라이프,2026.06.22,케이비-솔리더스 헬스케어 투자조합,대주주가 발행한 주식에 대한 의결권 행사,문서에 없음,문서에 없음,https://www.kblife.co.kr/api/archive/archives/download/posting/501618064/0,"(제7-1-4호) | 대주주가 발행한 주식에 대한 의결권 행사 | 1. 대주주명 | 케이비-솔리더스 헬스케어 투자조합 | 2. 주식보유현황 | 대주주발행 총주식수 | 99,000좌(좌당 백만원) | 주식의 종류 | 조합 출자금 | 회사 보유주식수 | 20,000좌(좌당 백만원) | 지분율(%) | 20.2% | 3. 주주총회개요 | 주주총회 명칭 | 2026년 제1차 임시조합원총회 | 주주총회일(의결권행사일) | 2026년 6월 22일(월) | 4. 의결권행사내용 | 의결안건 | 행사내용 | 제1호 의안: 1차 중간분배(출자원금)의 건 | 찬성 | 5. 기타 | - 상기 주식 수는 동 조합원총회 당시 출자금액 기준임 | ※ 보험업법 제111조 제3항의 ""3. 해당 보험회사의 대주주가 발행한 주식에 대한 의결권을 행사하는 행위"" 에 관한 공시사항입니다.",7-1-4호 대주주가 발행한 주식에 대한 의결권 행사_케이비솔리더스헬스케어투자조합_20260622.pdf,1,2026-10-01T17:37:46+09:00,"거래 상대방 판정: 지주·지주 자회사 목록과 이름 불일치(handoff/12_지분관계.csv KB금융 2026 반기보고서(rcept_no 20260814004200) 지주 타법인출자현황 11곳) / 목록 「대주주가 발행한 주식에 대한 의결권 행사」 공시일 2026.06.22 / 문서 일자: 주주총회일(의결권행사일) 2026년 6월 22일(월) / 의결권 행사 서식 — 금액 칸 없음 / 서식 제7-1-4호 / PDF 1쪽 / 원본 dart_out/raw/web10/insdeal/KB라이프_SEQNO501618064.pdf (sha256 431883d492b3…, 쪽 텍스트 dart_out/raw/web10/insdeal/KB라이프_SEQNO501618064.pdf.pages.txt) / 출처 화면·기간: KB라이프생명 누리집 > 공시실 > 경영공시실 > 수시공시 > KB라이프생명 탭 — 목록 5쪽(50건) 받음, 공시일 2025-07-01 이후 수시·2025-10-01 이후 분기공시 중 제목에 '대주주'",
KB라이프,2026.07.13,케이비 디지털 플랫폼 펀드,대주주가 발행한 주식의 취득 / 주식의종류: 케이비 디지털 플랫폼 펀드의 지분,"취득금액(원): 750,000,000원",4. 이사회결의일: 2021-12-14,https://www.kblife.co.kr/api/archive/archives/download/posting/501618284/0,"(제7-1-3호) | 대주주가 발행한 주식의 취득 | 1. 대주주명 | 케이비 디지털 플랫폼 펀드 | 2. 주식취득내용 | 취득일 | 2026-07-13 | 주식의종류 | 케이비 디지털 플랫폼 펀드의 지분 | 취득금액(원) | 750,000,000원 | 취득주식수 | 750좌(좌당 백만원) | 취득후 총보유주식수 | 10,950좌(좌당 백만원) | 취득후 지분율(%) | 5.00% | 3. 취득목적 | KB금융그룹 시너지를 위한 전략적 투자 목적(그룹 SI펀드) | 4. 이사회결의일 | 2021-12-14 | 5. 기타 | ※ 보험업법 제111조 제3항의 ""3. 해당 보험회사의 대주주가 채권 또는 주식을 대통령령으로 정하는 금액 이상으로 취득하는 행위"" 에 관한 공시사항입니다.",7-1-3호. 대주주가 발행한 주식의 취득_KB디지털플랫폼펀드_260713.pdf,1,2026-10-01T17:37:48+09:00,"거래 상대방 판정: 지주·지주 자회사 목록과 이름 불일치(handoff/12_지분관계.csv KB금융 2026 반기보고서(rcept_no 20260814004200) 지주 타법인출자현황 11곳) / 목록 「대주주가 발행한 주식의 취득」 공시일 2026.07.13 / 문서 일자: 취득일 2026-07-13 / 서식 제7-1-3호 / PDF 1쪽 / 원본 dart_out/raw/web10/insdeal/KB라이프_SEQNO501618284.pdf (sha256 02d1552b47b0…, 쪽 텍스트 dart_out/raw/web10/insdeal/KB라이프_SEQNO501618284.pdf.pages.txt) / 출처 화면·기간: KB라이프생명 누리집 > 공시실 > 경영공시실 > 수시공시 > KB라이프생명 탭 — 목록 5쪽(50건) 받음, 공시일 2025-07-01 이후 수시·2025-10-01 이후 분기공시 중 제목에 '대주주'",
KB라이프,2026.07.15,케이비 AX디지털자산 펀드,대주주가 발행한 주식의 취득 / 주식의종류: 케이비 AX 디지털자산 펀드의 LP 출자지분,"취득금액(원): 1,000,000,000원",4. 이사회결의일: 2026-06-29,https://www.kblife.co.kr/api/archive/archives/download/posting/501618301/0,"(제7-1-3호) | 대주주가 발행한 주식의 취득 | 1. 대주주명 | 케이비 AX디지털자산 펀드 | 2. 주식취득내용 | 취득일 | 2026-07-15 | 주식의종류 | 케이비 AX 디지털자산 펀드의 LP 출자지분 | 취득금액(원) | 1,000,000,000원 | 취득주식수 | 1,000좌(좌당 백만원) | 취득후 총보유주식수 | 1,000좌(좌당 백만원) | 취득후 지분율(%) | 10.4% | 3. 취득목적 | 미래 디지털 자산, AI 기술 시장변화에 대한 대응력 확보를 위한전략적 투자 목적 | 4. 이사회결의일 | 2026-06-29 | 5. 기타 | 회사 약정금액 10,000,000,000원 | ※ 보험업법 제111조 제3항의 ""3. 해당 보험회사의 대주주가 채권 또는 주식을 대통령령으로 정하는 금액 이상으로 취득하는 행위"" 에 관한 공시사항입니다.",7-1-3호. 대주주가 발행한 주식의 취득_케이비AX디지털자산펀드_260715.pdf,1,2026-10-01T17:37:51+09:00,"거래 상대방 판정: 지주·지주 자회사 목록과 이름 불일치(handoff/12_지분관계.csv KB금융 2026 반기보고서(rcept_no 20260814004200) 지주 타법인출자현황 11곳) / 목록 「대주주가 발행한 주식의 취득」 공시일 2026.07.15 / 문서 일자: 취득일 2026-07-15 / 서식 제7-1-3호 / PDF 1쪽 / 원본 dart_out/raw/web10/insdeal/KB라이프_SEQNO501618301.pdf (sha256 e463dea224b3…, 쪽 텍스트 dart_out/raw/web10/insdeal/KB라이프_SEQNO501618301.pdf.pages.txt) / 출처 화면·기간: KB라이프생명 누리집 > 공시실 > 경영공시실 > 수시공시 > KB라이프생명 탭 — 목록 5쪽(50건) 받음, 공시일 2025-07-01 이후 수시·2025-10-01 이후 분기공시 중 제목에 '대주주'",
KB라이프,2026.07.15,케이비 AX디지털자산 펀드,대주주가 발행한 주식에 대한 의결권 행사,문서에 없음,문서에 없음,https://www.kblife.co.kr/api/archive/archives/download/posting/501618302/0,"(제7-1-4호) | 대주주가 발행한 주식에 대한 의결권 행사 | 1. 대주주명 | 케이비 AX디지털자산 펀드 | 2. 주식보유현황 | 대주주발행 총주식수 | 9,600좌(좌당 백만원) | 주식의 종류 | 케이비 AX 디지털자산 펀드의 LP 출자지분 | 회사 보유주식수 | 1,000좌(좌당 백만원) | 지분율(%) | 10.4% | 3. 주주총회개요 | 주주총회 명칭 | 결성총회 | 주주총회일(의결권행사일) | 2026년 07월 15일 | 4. 의결권행사내용 | 의결안건 | 행사내용 | 제1호 의안: 조합규약 승인의 건 | 찬성 | 제2호 의안: 사업계획(안) 승인의 건 | 찬성 | 제3호 의안: 투자의사결정 심의기구 운영방안 승인의건 | 찬성 | 제4호 의안: 회계감사인 선정의 건 | 찬성 | 제5호 의안: 수탁회사 선정의 건 | 찬성 | 제6호 의안: 핵심운용인력 선임의 건 | 찬성 | 5. 기타 | - 상기 주식 수는 해당 총회 당시 출자금액 기준- 상기 의결권 행사 대상은 조합 출자금이며 참고사항으로 공시 | ※ 보험업법 제111조 제3항의 ""3. 해당 보험회사의 대주주가 발행한 주식에 대한 의결권을 행사하는 행위"" 에 관한 공시사항입니다.",7-1-4호 대주주가 발행한 주식에 대한 의결권 행사_케이비AX디지털자산펀드_20260715.pdf,1,2026-10-01T17:37:53+09:00,"거래 상대방 판정: 지주·지주 자회사 목록과 이름 불일치(handoff/12_지분관계.csv KB금융 2026 반기보고서(rcept_no 20260814004200) 지주 타법인출자현황 11곳) / 목록 「대주주가 발행한 주식에 대한 의결권 행사」 공시일 2026.07.15 / 문서 일자: 주주총회일(의결권행사일) 2026년 07월 15일 / 의결권 행사 서식 — 금액 칸 없음 / 서식 제7-1-4호 / PDF 1쪽 / 원본 dart_out/raw/web10/insdeal/KB라이프_SEQNO501618302.pdf (sha256 9945639bde78…, 쪽 텍스트 dart_out/raw/web10/insdeal/KB라이프_SEQNO501618302.pdf.pages.txt) / 출처 화면·기간: KB라이프생명 누리집 > 공시실 > 경영공시실 > 수시공시 > KB라이프생명 탭 — 목록 5쪽(50건) 받음, 공시일 2025-07-01 이후 수시·2025-10-01 이후 분기공시 중 제목에 '대주주'",
KB라이프,2026.07.23,KB디지털혁신성장 신기술사업투자조합,대주주가 발행한 주식에 대한 의결권 행사,문서에 없음,문서에 없음,https://www.kblife.co.kr/api/archive/archives/download/posting/501618470/0,"(제7-1-4호) | 대주주가 발행한 주식에 대한 의결권 행사 | 1. 대주주명 | KB디지털혁신성장 신기술사업투자조합 | 2. 주식보유현황 | 대주주발행 총주식수 | 1,000좌(좌당 백만원) | 주식의 종류 | 조합 출자금 | 회사 보유주식수 | 300좌(좌당 백만원) | 지분율(%) | 3.00% | 3. 주주총회개요 | 주주총회 명칭 | 2026년 제1차 임시조합원총회 | 주주총회일(의결권행사일) | 2026년 07월 23일 | 4. 의결권행사내용 | 의결안건 | 행사내용 | 제1호 의안: 조합 존속기간 연장 승인의 건 | 찬성 | 제2호 의안: 회계감사인 변경의 건 | 찬성 | 5. 기타 | - 상기 주식 수는 본 조합원총회 당시 출자금액 기준- 의결권 행사 대상은 조합출자금이며 참고사항으로 공시 | ※ 보험업법 제111조 제3항의 ""3. 해당 보험회사의 대주주가 발행한 주식에 대한 의결권을 행사하는 행위"" 에 관한 공시사항입니다.",7-1-4호 대주주가 발행한 주식에 대한 의결권 행사_KB디지털혁신성장 신기술기업투자조합_20260723(1).pdf,1,2026-10-01T17:37:56+09:00,"거래 상대방 판정: 지주·지주 자회사 목록과 이름 불일치(handoff/12_지분관계.csv KB금융 2026 반기보고서(rcept_no 20260814004200) 지주 타법인출자현황 11곳) / 목록 「대주주가 발행한 주식에 대한 의결권 행사」 공시일 2026.07.23 / 문서 일자: 주주총회일(의결권행사일) 2026년 07월 23일 / 의결권 행사 서식 — 금액 칸 없음 / 서식 제7-1-4호 / PDF 1쪽 / 원본 dart_out/raw/web10/insdeal/KB라이프_SEQNO501618470.pdf (sha256 e340fec1c1e3…, 쪽 텍스트 dart_out/raw/web10/insdeal/KB라이프_SEQNO501618470.pdf.pages.txt) / 출처 화면·기간: KB라이프생명 누리집 > 공시실 > 경영공시실 > 수시공시 > KB라이프생명 탭 — 목록 5쪽(50건) 받음, 공시일 2025-07-01 이후 수시·2025-10-01 이후 분기공시 중 제목에 '대주주'",
KB라이프,2026.07.31,"(제 7-2-2호)전분기말( A) 당분기말(B) 증감(B-A) 전분기말( A) 당분기말(B) 증감(B-A)국민은행2711구조일20-09 20,000 20,000 - - - - KB솔리더스 헬스케어 투자조합 - - - 20,000 18,700 1,300- KB디지털혁신성장신기술사업투자조합 - - - 300 300 - KB디지털 플랫폼 펀드 - - - 13,500 10,200 3,300- KB프라임 디지털 플랫폼 펀드 - - - 2,500 2,500 - 케이비메자닌캐피탈제4호 - - - 19,599 18,330 1,269- KB라이프파트너스 90,000 90,000 - KB골든라이프케어 147,710 147,710 - 일반계정소계 20,000 20,000 - 293,609 287,739 5,869- 특별계정특별계정소계 - - - - - - 20,000 20,000 - 293,609 287,739 5,869- * 수익증권 편입자산 제외* 취득원가 기준",대주주가 발행한 채권 또는 주식 취득현황 분기공시 / 채권취득현황·주식취득현황,문서에 없음,문서에 없음,https://www.kblife.co.kr/api/archive/archives/download/posting/501618483/0,"(제 7-2-2호)전분기말( A) 당분기말(B) 증감(B-A) 전분기말( A) 당분기말(B) 증감(B-A)국민은행2711구조일20-09 20,000 20,000 - - - - KB솔리더스 헬스케어 투자조합 - - - 20,000 18,700 1,300- KB디지털혁신성장신기술사업투자조합 - - - 300 300 - KB디지털 플랫폼 펀드 - - - 13,500 10,200 3,300- KB프라임 디지털 플랫폼 펀드 - - - 2,500 2,500 - 케이비메자닌캐피탈제4호 - - - 19,599 18,330 1,269- KB라이프파트너스 90,000 90,000 - KB골든라이프케어 147,710 147,710 - 일반계정소계 20,000 20,000 - 293,609 287,739 5,869- 특별계정특별계정소계 - - - - - - 20,000 20,000 - 293,609 287,739 5,869- * 수익증권 편입자산 제외* 취득원가 기준 | 일반계정",7-2-2호 대주주가 발행한 채권 또는 주식 취득현황 분기공시_20260630.pdf,1,2026-10-01T17:37:58+09:00,"거래 상대방 판정: 지주·지주 자회사 목록과 이름 불일치(handoff/12_지분관계.csv KB금융 2026 반기보고서(rcept_no 20260814004200) 지주 타법인출자현황 11곳) / 목록 「대주주가 발행한 채권 또는 주식의 취득현황」 공시일 2026.07.31 / 문서 일자: 2026.06.30 기준 / 표 머리(칸 순서): (제 7-2-2호)전분기말( A) 당분기말(B) 증감(B-A) 전분기말( A) 당분기말(B) 증감(B-A)국민은행2711구조일20-09 20,000 20,000 - - - - KB솔리더스 헬스케어 투자조합 - - - 20,000 18,700 1,300- KB디지털혁신성장신기술사업투자조합 - - - 300 300 - KB디지털 플랫폼 펀드 - - - 13,500 10,200 3,300- KB프라임 디지털 플랫폼 펀드 - - - 2,500 2,500 - 케이비메자닌캐피탈제4호 - - - 19,599 18,330 1,269- KB라이프파트너스 90,000 90,000 - KB골든라이프케어 147,710 147,710 - 일반계정소계 20,000 20,000 - 293,609 287,739 5,869- 특별계정특별계정소계 - - - - - - 20,000 20,000 - 293,609 287,739 5,869- * 수익증권 편입자산 제외* 취득원가 기준 계정구분 대주주명 채권취득현황 주식취득현황 | (제 7-2-2호)전분기말( A) 당분기말(B) 증감(B-A) 전분기말( A) 당분기말(B) 증감(B-A)국민은행2711구조일20-09 20,000 20,000 - - - - KB솔리더스 헬스케어 투자조합 - - - 20,000 18,700 1,300- KB디지털혁신성장신기술사업투자조합 - - - 300 300 - KB디지털 플랫폼 펀드 - - - 13,500 10,200 3,300- KB프라임 디지털 플랫폼 펀드 - - - 2,500 2,500 - 케이비메자닌캐피탈제4호 - - - 19,599 18,330 1,269- KB라이프파트너스 90,000 90,000 - KB골든라이프케어 147,710 147,710 - 일반계정소계 20,000 20,000 - 293,609 287,739 5,869- 특별계정특별계정소계 - - - - - - 20,000 20,000 - 293,609 287,739 5,869- * 수익증권 편입자산 제외* 취득원가 기준 계정구분 / 서식 제7-2-2호 / PDF 1쪽 / 원본 dart_out/raw/web10/insdeal/KB라이프_SEQNO501618483.pdf (sha256 5e2b6e300eac…, 쪽 텍스트 dart_out/raw/web10/insdeal/KB라이프_SEQNO501618483.pdf.pages.txt) / 출처 화면·기간: KB라이프생명 누리집 > 공시실 > 경영공시실 > 수시공시 > KB라이프생명 탭 — 목록 5쪽(50건) 받음, 공시일 2025-07-01 이후 수시·2025-10-01 이후 분기공시 중 제목에 '대주주'",
KB라이프,2026.07.31,"(제 7-2-2호)전분기말( A) 당분기말(B) 증감(B-A) 전분기말( A) 당분기말(B) 증감(B-A)국민은행2711구조일20-09 20,000 20,000 - - - - KB솔리더스 헬스케어 투자조합 - - - 20,000 18,700 1,300- KB디지털혁신성장신기술사업투자조합 - - - 300 300 - KB디지털 플랫폼 펀드 - - - 13,500 10,200 3,300- KB프라임 디지털 플랫폼 펀드 - - - 2,500 2,500 - 케이비메자닌캐피탈제4호 - - - 19,599 18,330 1,269- KB라이프파트너스 90,000 90,000 - KB골든라이프케어 147,710 147,710 - 일반계정소계 20,000 20,000 - 293,609 287,739 5,869- 특별계정특별계정소계 - - - - - - 20,000 20,000 - 293,609 287,739 5,869- * 수익증권 편입자산 제외* 취득원가 기준",대주주가 발행한 채권 또는 주식 취득현황 분기공시 / 채권취득현황·주식취득현황,문서에 없음,문서에 없음,https://www.kblife.co.kr/api/archive/archives/download/posting/501618483/0,"(제 7-2-2호)전분기말( A) 당분기말(B) 증감(B-A) 전분기말( A) 당분기말(B) 증감(B-A)국민은행2711구조일20-09 20,000 20,000 - - - - KB솔리더스 헬스케어 투자조합 - - - 20,000 18,700 1,300- KB디지털혁신성장신기술사업투자조합 - - - 300 300 - KB디지털 플랫폼 펀드 - - - 13,500 10,200 3,300- KB프라임 디지털 플랫폼 펀드 - - - 2,500 2,500 - 케이비메자닌캐피탈제4호 - - - 19,599 18,330 1,269- KB라이프파트너스 90,000 90,000 - KB골든라이프케어 147,710 147,710 - 일반계정소계 20,000 20,000 - 293,609 287,739 5,869- 특별계정특별계정소계 - - - - - - 20,000 20,000 - 293,609 287,739 5,869- * 수익증권 편입자산 제외* 취득원가 기준 | <기재상의 주의>주1) 매 분기말 경과후 1월 이내 공시주2) ""대주주명""에는 보험업법 제2조제16호에 해당하는 대주주인 법인(단체)명을 기재",7-2-2호 대주주가 발행한 채권 또는 주식 취득현황 분기공시_20260630.pdf,1,2026-10-01T17:37:58+09:00,"거래 상대방 판정: 지주·지주 자회사 목록과 이름 불일치(handoff/12_지분관계.csv KB금융 2026 반기보고서(rcept_no 20260814004200) 지주 타법인출자현황 11곳) / 목록 「대주주가 발행한 채권 또는 주식의 취득현황」 공시일 2026.07.31 / 문서 일자: 2026.06.30 기준 / 표 머리(칸 순서): (제 7-2-2호)전분기말( A) 당분기말(B) 증감(B-A) 전분기말( A) 당분기말(B) 증감(B-A)국민은행2711구조일20-09 20,000 20,000 - - - - KB솔리더스 헬스케어 투자조합 - - - 20,000 18,700 1,300- KB디지털혁신성장신기술사업투자조합 - - - 300 300 - KB디지털 플랫폼 펀드 - - - 13,500 10,200 3,300- KB프라임 디지털 플랫폼 펀드 - - - 2,500 2,500 - 케이비메자닌캐피탈제4호 - - - 19,599 18,330 1,269- KB라이프파트너스 90,000 90,000 - KB골든라이프케어 147,710 147,710 - 일반계정소계 20,000 20,000 - 293,609 287,739 5,869- 특별계정특별계정소계 - - - - - - 20,000 20,000 - 293,609 287,739 5,869- * 수익증권 편입자산 제외* 취득원가 기준 계정구분 대주주명 채권취득현황 주식취득현황 | (제 7-2-2호)전분기말( A) 당분기말(B) 증감(B-A) 전분기말( A) 당분기말(B) 증감(B-A)국민은행2711구조일20-09 20,000 20,000 - - - - KB솔리더스 헬스케어 투자조합 - - - 20,000 18,700 1,300- KB디지털혁신성장신기술사업투자조합 - - - 300 300 - KB디지털 플랫폼 펀드 - - - 13,500 10,200 3,300- KB프라임 디지털 플랫폼 펀드 - - - 2,500 2,500 - 케이비메자닌캐피탈제4호 - - - 19,599 18,330 1,269- KB라이프파트너스 90,000 90,000 - KB골든라이프케어 147,710 147,710 - 일반계정소계 20,000 20,000 - 293,609 287,739 5,869- 특별계정특별계정소계 - - - - - - 20,000 20,000 - 293,609 287,739 5,869- * 수익증권 편입자산 제외* 취득원가 기준 계정구분 대주주명 채권취득현황 주식취득현황 / 서식 제7-2-2호 / PDF 1쪽 / 원본 dart_out/raw/web10/insdeal/KB라이프_SEQNO501618483.pdf (sha256 5e2b6e300eac…, 쪽 텍스트 dart_out/raw/web10/insdeal/KB라이프_SEQNO501618483.pdf.pages.txt) / 출처 화면·기간: KB라이프생명 누리집 > 공시실 > 경영공시실 > 수시공시 > KB라이프생명 탭 — 목록 5쪽(50건) 받음, 공시일 2025-07-01 이후 수시·2025-10-01 이후 분기공시 중 제목에 '대주주'",
KB라이프,2026.07.31,"(제 7-2-1 호)* 장부가 기준< 기재상의 주의 >주 1) 매 분기말 경과 후 1월 이내 공시주 2) ""대주주 명""에는 보험업법 제 2조제 17호에 해당하는 대주주인 개인, 법인(단체)명을 기재주 3) ""신용공여종류""에는 보험업 감독규정 [별표1의 2] 신용공여의 범위의 소분류에 해당하는 종류를 기재(예: 부동산담보대출금, 신용대출금, 기업어음, 예치금 등)주 4) ""비고""에는 담보의 종류, 평가 액, 주요 특별약정내용 등을 기재","주 2) ""대주주 명""에는 보험업법 제 2조제 17호에 해당하는 대주주인 개인, 법인(단체)명을 기재 / 신용공여종류: 문서에 없음",문서에 없음,문서에 없음,https://www.kblife.co.kr/api/archive/archives/download/posting/501618484/0,"(제 7-2-1 호)* 장부가 기준< 기재상의 주의 >주 1) 매 분기말 경과 후 1월 이내 공시주 2) ""대주주 명""에는 보험업법 제 2조제 17호에 해당하는 대주주인 개인, 법인(단체)명을 기재주 3) ""신용공여종류""에는 보험업 감독규정 [별표1의 2] 신용공여의 범위의 소분류에 해당하는 종류를 기재(예: 부동산담보대출금, 신용대출금, 기업어음, 예치금 등)주 4) ""비고""에는 담보의 종류, 평가 액, 주요 특별약정내용 등을 기재 | 0 | 일반계정",7-2-1호 대주주에 대한 신용공여현황 분기공시_20260630.pdf,1,2026-10-01T17:38:00+09:00,"거래 상대방 판정: 지주·지주 자회사 목록과 이름 불일치(handoff/12_지분관계.csv KB금융 2026 반기보고서(rcept_no 20260814004200) 지주 타법인출자현황 11곳) / 목록 「대주주에 대한 신용공여현황 분기공시」 공시일 2026.07.31 / 문서 일자: 2026.06.30 기준 / 표 머리(칸 순서): (제 7-2-1 호)* 장부가 기준< 기재상의 주의 >주 1) 매 분기말 경과 후 1월 이내 공시주 2) ""대주주 명""에는 보험업법 제 2조제 17호에 해당하는 대주주인 개인, 법인(단체)명을 기재주 3) ""신용공여종류""에는 보험업 감독규정 [별표1의 2] 신용공여의 범위의 소분류에 해당하는 종류를 기재(예: 부동산담보대출금, 신용대출금, 기업어음, 예치금 등)주 4) ""비고""에는 담보의 종류, 평가 액, 주요 특별약정내용 등을 기재 계정구분 대주주 명 신용공여종류 신용공여금액 거래조건 비고 전분기말(A) 당분기말(B) 증감(B-A) 증감사유 거래일 만기일 적용금리 자금용도 | (제 7-2-1 호)* 장부가 기준< 기재상의 주의 >주 1) 매 분기말 경과 후 1월 이내 공시주 2) ""대주주 명""에는 보험업법 제 2조제 17호에 해당하는 대주주인 개인, 법인(단체)명을 기재주 3) ""신용공여종류""에는 보험업 감독규정 [별표1의 2] 신용공여의 범위의 소분류에 해당하는 종류를 기재(예: 부동산담보대출금, 신용대출금, 기업어음, 예치금 등)주 4) ""비고""에는 담보의 종류, 평가 액, 주요 특별약정내용 등을 기재 계정구분 대주주 명 신용공여종류 신용공여금액 거래조건 비고 전분기말(A) 당분기말(B) 증감(B-A) 증감사유 거래일 만기일 적용금리 자금용도 | (제 7-2-1 호)* 장부가 기준< 기재상의 주의 >주 1) 매 분기말 경과 후 1월 이내 공시주 2) ""대주주 명""에는 보험업법 제 2조제 17호에 해당하는 대주주인 개인, 법인(단체)명을 기재주 3) ""신용공여종류""에는 보험업 감독규정 [별표1의 2] 신용공여의 범위의 소분류에 해당하는 종류를 기재(예: 부동산담보대출금, 신용대출금, 기업어음, 예치금 등)주 4) ""비고""에는 담보의 종류, 평가 액, 주요 특별약정내용 등을 기재 계정구분 전분기말(A) 당분기말(B) 증감(B-A) 증감사유 거래일 만기일 적용금리 자금용도 / 서식 제7-2-1호 / PDF 1쪽 / 원본 dart_out/raw/web10/insdeal/KB라이프_SEQNO501618484.pdf (sha256 f51884a8446e…, 쪽 텍스트 dart_out/raw/web10/insdeal/KB라이프_SEQNO501618484.pdf.pages.txt) / 출처 화면·기간: KB라이프생명 누리집 > 공시실 > 경영공시실 > 수시공시 > KB라이프생명 탭 — 목록 5쪽(50건) 받음, 공시일 2025-07-01 이후 수시·2025-10-01 이후 분기공시 중 제목에 '대주주'",
KB라이프,2026.07.31,"(제 7-2-1 호)* 장부가 기준< 기재상의 주의 >주 1) 매 분기말 경과 후 1월 이내 공시주 2) ""대주주 명""에는 보험업법 제 2조제 17호에 해당하는 대주주인 개인, 법인(단체)명을 기재주 3) ""신용공여종류""에는 보험업 감독규정 [별표1의 2] 신용공여의 범위의 소분류에 해당하는 종류를 기재(예: 부동산담보대출금, 신용대출금, 기업어음, 예치금 등)주 4) ""비고""에는 담보의 종류, 평가 액, 주요 특별약정내용 등을 기재","주 2) ""대주주 명""에는 보험업법 제 2조제 17호에 해당하는 대주주인 개인, 법인(단체)명을 기재 / 신용공여종류: 문서에 없음",문서에 없음,문서에 없음,https://www.kblife.co.kr/api/archive/archives/download/posting/501618484/0,"(제 7-2-1 호)* 장부가 기준< 기재상의 주의 >주 1) 매 분기말 경과 후 1월 이내 공시주 2) ""대주주 명""에는 보험업법 제 2조제 17호에 해당하는 대주주인 개인, 법인(단체)명을 기재주 3) ""신용공여종류""에는 보험업 감독규정 [별표1의 2] 신용공여의 범위의 소분류에 해당하는 종류를 기재(예: 부동산담보대출금, 신용대출금, 기업어음, 예치금 등)주 4) ""비고""에는 담보의 종류, 평가 액, 주요 특별약정내용 등을 기재 | 0 | 일반계정",7-2-1호 대주주에 대한 신용공여현황 분기공시_20260630.pdf,1,2026-10-01T17:38:00+09:00,"거래 상대방 판정: 지주·지주 자회사 목록과 이름 불일치(handoff/12_지분관계.csv KB금융 2026 반기보고서(rcept_no 20260814004200) 지주 타법인출자현황 11곳) / 목록 「대주주에 대한 신용공여현황 분기공시」 공시일 2026.07.31 / 문서 일자: 2026.06.30 기준 / 표 머리(칸 순서): (제 7-2-1 호)* 장부가 기준< 기재상의 주의 >주 1) 매 분기말 경과 후 1월 이내 공시주 2) ""대주주 명""에는 보험업법 제 2조제 17호에 해당하는 대주주인 개인, 법인(단체)명을 기재주 3) ""신용공여종류""에는 보험업 감독규정 [별표1의 2] 신용공여의 범위의 소분류에 해당하는 종류를 기재(예: 부동산담보대출금, 신용대출금, 기업어음, 예치금 등)주 4) ""비고""에는 담보의 종류, 평가 액, 주요 특별약정내용 등을 기재 계정구분 대주주 명 신용공여종류 신용공여금액 거래조건 비고 전분기말(A) 당분기말(B) 증감(B-A) 증감사유 거래일 만기일 적용금리 자금용도 | (제 7-2-1 호)* 장부가 기준< 기재상의 주의 >주 1) 매 분기말 경과 후 1월 이내 공시주 2) ""대주주 명""에는 보험업법 제 2조제 17호에 해당하는 대주주인 개인, 법인(단체)명을 기재주 3) ""신용공여종류""에는 보험업 감독규정 [별표1의 2] 신용공여의 범위의 소분류에 해당하는 종류를 기재(예: 부동산담보대출금, 신용대출금, 기업어음, 예치금 등)주 4) ""비고""에는 담보의 종류, 평가 액, 주요 특별약정내용 등을 기재 계정구분 대주주 명 신용공여종류 신용공여금액 거래조건 비고 전분기말(A) 당분기말(B) 증감(B-A) 증감사유 거래일 만기일 적용금리 자금용도 | (제 7-2-1 호)* 장부가 기준< 기재상의 주의 >주 1) 매 분기말 경과 후 1월 이내 공시주 2) ""대주주 명""에는 보험업법 제 2조제 17호에 해당하는 대주주인 개인, 법인(단체)명을 기재주 3) ""신용공여종류""에는 보험업 감독규정 [별표1의 2] 신용공여의 범위의 소분류에 해당하는 종류를 기재(예: 부동산담보대출금, 신용대출금, 기업어음, 예치금 등)주 4) ""비고""에는 담보의 종류, 평가 액, 주요 특별약정내용 등을 기재 계정구분 전분기말(A) 당분기말(B) 증감(B-A) 증감사유 거래일 만기일 적용금리 자금용도 / 서식 제7-2-1호 / PDF 1쪽 / 원본 dart_out/raw/web10/insdeal/KB라이프_SEQNO501618484.pdf (sha256 f51884a8446e…, 쪽 텍스트 dart_out/raw/web10/insdeal/KB라이프_SEQNO501618484.pdf.pages.txt) / 출처 화면·기간: KB라이프생명 누리집 > 공시실 > 경영공시실 > 수시공시 > KB라이프생명 탭 — 목록 5쪽(50건) 받음, 공시일 2025-07-01 이후 수시·2025-10-01 이후 분기공시 중 제목에 '대주주'",
KB라이프,2026.07.31,"(제 7-2-1 호)* 장부가 기준< 기재상의 주의 >주 1) 매 분기말 경과 후 1월 이내 공시주 2) ""대주주 명""에는 보험업법 제 2조제 17호에 해당하는 대주주인 개인, 법인(단체)명을 기재주 3) ""신용공여종류""에는 보험업 감독규정 [별표1의 2] 신용공여의 범위의 소분류에 해당하는 종류를 기재(예: 부동산담보대출금, 신용대출금, 기업어음, 예치금 등)주 4) ""비고""에는 담보의 종류, 평가 액, 주요 특별약정내용 등을 기재","주 2) ""대주주 명""에는 보험업법 제 2조제 17호에 해당하는 대주주인 개인, 법인(단체)명을 기재 / 신용공여종류: 문서에 없음",문서에 없음,문서에 없음,https://www.kblife.co.kr/api/archive/archives/download/posting/501618484/0,"(제 7-2-1 호)* 장부가 기준< 기재상의 주의 >주 1) 매 분기말 경과 후 1월 이내 공시주 2) ""대주주 명""에는 보험업법 제 2조제 17호에 해당하는 대주주인 개인, 법인(단체)명을 기재주 3) ""신용공여종류""에는 보험업 감독규정 [별표1의 2] 신용공여의 범위의 소분류에 해당하는 종류를 기재(예: 부동산담보대출금, 신용대출금, 기업어음, 예치금 등)주 4) ""비고""에는 담보의 종류, 평가 액, 주요 특별약정내용 등을 기재 | 소계 0 0 0 | 일반계정",7-2-1호 대주주에 대한 신용공여현황 분기공시_20260630.pdf,1,2026-10-01T17:38:00+09:00,"거래 상대방 판정: 지주·지주 자회사 목록과 이름 불일치(handoff/12_지분관계.csv KB금융 2026 반기보고서(rcept_no 20260814004200) 지주 타법인출자현황 11곳) / 목록 「대주주에 대한 신용공여현황 분기공시」 공시일 2026.07.31 / 문서 일자: 2026.06.30 기준 / 표 머리(칸 순서): (제 7-2-1 호)* 장부가 기준< 기재상의 주의 >주 1) 매 분기말 경과 후 1월 이내 공시주 2) ""대주주 명""에는 보험업법 제 2조제 17호에 해당하는 대주주인 개인, 법인(단체)명을 기재주 3) ""신용공여종류""에는 보험업 감독규정 [별표1의 2] 신용공여의 범위의 소분류에 해당하는 종류를 기재(예: 부동산담보대출금, 신용대출금, 기업어음, 예치금 등)주 4) ""비고""에는 담보의 종류, 평가 액, 주요 특별약정내용 등을 기재 계정구분 대주주 명 신용공여종류 신용공여금액 거래조건 비고 전분기말(A) 당분기말(B) 증감(B-A) 증감사유 거래일 만기일 적용금리 자금용도 | (제 7-2-1 호)* 장부가 기준< 기재상의 주의 >주 1) 매 분기말 경과 후 1월 이내 공시주 2) ""대주주 명""에는 보험업법 제 2조제 17호에 해당하는 대주주인 개인, 법인(단체)명을 기재주 3) ""신용공여종류""에는 보험업 감독규정 [별표1의 2] 신용공여의 범위의 소분류에 해당하는 종류를 기재(예: 부동산담보대출금, 신용대출금, 기업어음, 예치금 등)주 4) ""비고""에는 담보의 종류, 평가 액, 주요 특별약정내용 등을 기재 계정구분 대주주 명 신용공여종류 신용공여금액 거래조건 비고 전분기말(A) 당분기말(B) 증감(B-A) 증감사유 거래일 만기일 적용금리 자금용도 | (제 7-2-1 호)* 장부가 기준< 기재상의 주의 >주 1) 매 분기말 경과 후 1월 이내 공시주 2) ""대주주 명""에는 보험업법 제 2조제 17호에 해당하는 대주주인 개인, 법인(단체)명을 기재주 3) ""신용공여종류""에는 보험업 감독규정 [별표1의 2] 신용공여의 범위의 소분류에 해당하는 종류를 기재(예: 부동산담보대출금, 신용대출금, 기업어음, 예치금 등)주 4) ""비고""에는 담보의 종류, 평가 액, 주요 특별약정내용 등을 기재 계정구분 전분기말(A) 당분기말(B) 증감(B-A) 증감사유 거래일 만기일 적용금리 자금용도 / 서식 제7-2-1호 / PDF 1쪽 / 원본 dart_out/raw/web10/insdeal/KB라이프_SEQNO501618484.pdf (sha256 f51884a8446e…, 쪽 텍스트 dart_out/raw/web10/insdeal/KB라이프_SEQNO501618484.pdf.pages.txt) / 출처 화면·기간: KB라이프생명 누리집 > 공시실 > 경영공시실 > 수시공시 > KB라이프생명 탭 — 목록 5쪽(50건) 받음, 공시일 2025-07-01 이후 수시·2025-10-01 이후 분기공시 중 제목에 '대주주'",
KB라이프,2026.07.31,"(제 7-2-1 호)* 장부가 기준< 기재상의 주의 >주 1) 매 분기말 경과 후 1월 이내 공시주 2) ""대주주 명""에는 보험업법 제 2조제 17호에 해당하는 대주주인 개인, 법인(단체)명을 기재주 3) ""신용공여종류""에는 보험업 감독규정 [별표1의 2] 신용공여의 범위의 소분류에 해당하는 종류를 기재(예: 부동산담보대출금, 신용대출금, 기업어음, 예치금 등)주 4) ""비고""에는 담보의 종류, 평가 액, 주요 특별약정내용 등을 기재","주 2) ""대주주 명""에는 보험업법 제 2조제 17호에 해당하는 대주주인 개인, 법인(단체)명을 기재 / 신용공여종류: 문서에 없음",문서에 없음,문서에 없음,https://www.kblife.co.kr/api/archive/archives/download/posting/501618484/0,"(제 7-2-1 호)* 장부가 기준< 기재상의 주의 >주 1) 매 분기말 경과 후 1월 이내 공시주 2) ""대주주 명""에는 보험업법 제 2조제 17호에 해당하는 대주주인 개인, 법인(단체)명을 기재주 3) ""신용공여종류""에는 보험업 감독규정 [별표1의 2] 신용공여의 범위의 소분류에 해당하는 종류를 기재(예: 부동산담보대출금, 신용대출금, 기업어음, 예치금 등)주 4) ""비고""에는 담보의 종류, 평가 액, 주요 특별약정내용 등을 기재 | 일반계정 합계 0 0 0 | 일반계정",7-2-1호 대주주에 대한 신용공여현황 분기공시_20260630.pdf,1,2026-10-01T17:38:00+09:00,"거래 상대방 판정: 지주·지주 자회사 목록과 이름 불일치(handoff/12_지분관계.csv KB금융 2026 반기보고서(rcept_no 20260814004200) 지주 타법인출자현황 11곳) / 목록 「대주주에 대한 신용공여현황 분기공시」 공시일 2026.07.31 / 문서 일자: 2026.06.30 기준 / 표 머리(칸 순서): (제 7-2-1 호)* 장부가 기준< 기재상의 주의 >주 1) 매 분기말 경과 후 1월 이내 공시주 2) ""대주주 명""에는 보험업법 제 2조제 17호에 해당하는 대주주인 개인, 법인(단체)명을 기재주 3) ""신용공여종류""에는 보험업 감독규정 [별표1의 2] 신용공여의 범위의 소분류에 해당하는 종류를 기재(예: 부동산담보대출금, 신용대출금, 기업어음, 예치금 등)주 4) ""비고""에는 담보의 종류, 평가 액, 주요 특별약정내용 등을 기재 계정구분 대주주 명 신용공여종류 신용공여금액 거래조건 비고 전분기말(A) 당분기말(B) 증감(B-A) 증감사유 거래일 만기일 적용금리 자금용도 | (제 7-2-1 호)* 장부가 기준< 기재상의 주의 >주 1) 매 분기말 경과 후 1월 이내 공시주 2) ""대주주 명""에는 보험업법 제 2조제 17호에 해당하는 대주주인 개인, 법인(단체)명을 기재주 3) ""신용공여종류""에는 보험업 감독규정 [별표1의 2] 신용공여의 범위의 소분류에 해당하는 종류를 기재(예: 부동산담보대출금, 신용대출금, 기업어음, 예치금 등)주 4) ""비고""에는 담보의 종류, 평가 액, 주요 특별약정내용 등을 기재 계정구분 대주주 명 신용공여종류 신용공여금액 거래조건 비고 전분기말(A) 당분기말(B) 증감(B-A) 증감사유 거래일 만기일 적용금리 자금용도 | (제 7-2-1 호)* 장부가 기준< 기재상의 주의 >주 1) 매 분기말 경과 후 1월 이내 공시주 2) ""대주주 명""에는 보험업법 제 2조제 17호에 해당하는 대주주인 개인, 법인(단체)명을 기재주 3) ""신용공여종류""에는 보험업 감독규정 [별표1의 2] 신용공여의 범위의 소분류에 해당하는 종류를 기재(예: 부동산담보대출금, 신용대출금, 기업어음, 예치금 등)주 4) ""비고""에는 담보의 종류, 평가 액, 주요 특별약정내용 등을 기재 계정구분 전분기말(A) 당분기말(B) 증감(B-A) 증감사유 거래일 만기일 적용금리 자금용도 / 서식 제7-2-1호 / PDF 1쪽 / 원본 dart_out/raw/web10/insdeal/KB라이프_SEQNO501618484.pdf (sha256 f51884a8446e…, 쪽 텍스트 dart_out/raw/web10/insdeal/KB라이프_SEQNO501618484.pdf.pages.txt) / 출처 화면·기간: KB라이프생명 누리집 > 공시실 > 경영공시실 > 수시공시 > KB라이프생명 탭 — 목록 5쪽(50건) 받음, 공시일 2025-07-01 이후 수시·2025-10-01 이후 분기공시 중 제목에 '대주주'",
KB라이프,2026.07.31,"(제 7-2-1 호)* 장부가 기준< 기재상의 주의 >주 1) 매 분기말 경과 후 1월 이내 공시주 2) ""대주주 명""에는 보험업법 제 2조제 17호에 해당하는 대주주인 개인, 법인(단체)명을 기재주 3) ""신용공여종류""에는 보험업 감독규정 [별표1의 2] 신용공여의 범위의 소분류에 해당하는 종류를 기재(예: 부동산담보대출금, 신용대출금, 기업어음, 예치금 등)주 4) ""비고""에는 담보의 종류, 평가 액, 주요 특별약정내용 등을 기재","주 2) ""대주주 명""에는 보험업법 제 2조제 17호에 해당하는 대주주인 개인, 법인(단체)명을 기재 / 신용공여종류: 문서에 없음",문서에 없음,문서에 없음,https://www.kblife.co.kr/api/archive/archives/download/posting/501618484/0,"(제 7-2-1 호)* 장부가 기준< 기재상의 주의 >주 1) 매 분기말 경과 후 1월 이내 공시주 2) ""대주주 명""에는 보험업법 제 2조제 17호에 해당하는 대주주인 개인, 법인(단체)명을 기재주 3) ""신용공여종류""에는 보험업 감독규정 [별표1의 2] 신용공여의 범위의 소분류에 해당하는 종류를 기재(예: 부동산담보대출금, 신용대출금, 기업어음, 예치금 등)주 4) ""비고""에는 담보의 종류, 평가 액, 주요 특별약정내용 등을 기재 | 총계 0 0 0",7-2-1호 대주주에 대한 신용공여현황 분기공시_20260630.pdf,1,2026-10-01T17:38:00+09:00,"거래 상대방 판정: 지주·지주 자회사 목록과 이름 불일치(handoff/12_지분관계.csv KB금융 2026 반기보고서(rcept_no 20260814004200) 지주 타법인출자현황 11곳) / 목록 「대주주에 대한 신용공여현황 분기공시」 공시일 2026.07.31 / 문서 일자: 2026.06.30 기준 / 표 머리(칸 순서): (제 7-2-1 호)* 장부가 기준< 기재상의 주의 >주 1) 매 분기말 경과 후 1월 이내 공시주 2) ""대주주 명""에는 보험업법 제 2조제 17호에 해당하는 대주주인 개인, 법인(단체)명을 기재주 3) ""신용공여종류""에는 보험업 감독규정 [별표1의 2] 신용공여의 범위의 소분류에 해당하는 종류를 기재(예: 부동산담보대출금, 신용대출금, 기업어음, 예치금 등)주 4) ""비고""에는 담보의 종류, 평가 액, 주요 특별약정내용 등을 기재 계정구분 대주주 명 신용공여종류 신용공여금액 거래조건 비고 전분기말(A) 당분기말(B) 증감(B-A) 증감사유 거래일 만기일 적용금리 자금용도 | (제 7-2-1 호)* 장부가 기준< 기재상의 주의 >주 1) 매 분기말 경과 후 1월 이내 공시주 2) ""대주주 명""에는 보험업법 제 2조제 17호에 해당하는 대주주인 개인, 법인(단체)명을 기재주 3) ""신용공여종류""에는 보험업 감독규정 [별표1의 2] 신용공여의 범위의 소분류에 해당하는 종류를 기재(예: 부동산담보대출금, 신용대출금, 기업어음, 예치금 등)주 4) ""비고""에는 담보의 종류, 평가 액, 주요 특별약정내용 등을 기재 계정구분 대주주 명 신용공여종류 신용공여금액 거래조건 비고 전분기말(A) 당분기말(B) 증감(B-A) 증감사유 거래일 만기일 적용금리 자금용도 / 서식 제7-2-1호 / PDF 1쪽 / 원본 dart_out/raw/web10/insdeal/KB라이프_SEQNO501618484.pdf (sha256 f51884a8446e…, 쪽 텍스트 dart_out/raw/web10/insdeal/KB라이프_SEQNO501618484.pdf.pages.txt) / 출처 화면·기간: KB라이프생명 누리집 > 공시실 > 경영공시실 > 수시공시 > KB라이프생명 탭 — 목록 5쪽(50건) 받음, 공시일 2025-07-01 이후 수시·2025-10-01 이후 분기공시 중 제목에 '대주주'",
KB라이프,2026.08.25,케이비-솔리더스 헬스케어 투자조합,대주주가 발행한 주식에 대한 의결권 행사,문서에 없음,문서에 없음,https://www.kblife.co.kr/api/archive/archives/download/posting/501618933/0,"(제7-1-4호) | 대주주가 발행한 주식에 대한 의결권 행사 | 1. 대주주명 | 케이비-솔리더스 헬스케어 투자조합 | 2. 주식보유현황 | 대주주발행 총주식수 | 92,565좌(좌당 백만원) | 주식의 종류 | 조합 출자금 | 회사 보유주식수 | 18,700좌(좌당 백만원) | 지분율(%) | 20.2% | 3. 주주총회개요 | 주주총회 명칭 | 2026년 제2차 임시조합원총회 | 주주총회일(의결권행사일) | 2026년 8월 25일(화) | 4. 의결권행사내용 | 의결안건 | 행사내용 | 제1호 의안: 핵심운용인력 변경 승인의 건 | 찬성 | 제2호 의안: 규약 변경 승인의 건 | 찬성 | 제3호 의안: 투자의사 결정기구 운영방안 변경의 건 | 찬성 | 제4호 의안: 관리보수 삭감의 건 | 찬성 | 5. 기타 | - 상기 주식 수는 동 조합원총회 당시 출자금액 기준임 | ※ 보험업법 제111조 제3항의 ""3. 해당 보험회사의 대주주가 발행한 주식에 대한 의결권을 행사하는 행위"" 에 관한 공시사항입니다.",7-1-4호 대주주가 발행한 주식에 대한 의결권 행사_케이비솔리더스헬스케어투자조합_20260825.pdf,1,2026-10-01T17:38:03+09:00,"거래 상대방 판정: 지주·지주 자회사 목록과 이름 불일치(handoff/12_지분관계.csv KB금융 2026 반기보고서(rcept_no 20260814004200) 지주 타법인출자현황 11곳) / 목록 「대주주가 발행한 주식에 대한 의결권 행사」 공시일 2026.08.25 / 문서 일자: 주주총회일(의결권행사일) 2026년 8월 25일(화) / 의결권 행사 서식 — 금액 칸 없음 / 서식 제7-1-4호 / PDF 1쪽 / 원본 dart_out/raw/web10/insdeal/KB라이프_SEQNO501618933.pdf (sha256 40df84f920c8…, 쪽 텍스트 dart_out/raw/web10/insdeal/KB라이프_SEQNO501618933.pdf.pages.txt) / 출처 화면·기간: KB라이프생명 누리집 > 공시실 > 경영공시실 > 수시공시 > KB라이프생명 탭 — 목록 5쪽(50건) 받음, 공시일 2025-07-01 이후 수시·2025-10-01 이후 분기공시 중 제목에 '대주주'",
KB라이프,2026.09.03,케이비 국민성장 유니콘 스케일업 신기술사업투자조합,대주주가 발행한 주식에 대한 의결권 행사,문서에 없음,문서에 없음,https://www.kblife.co.kr/api/archive/archives/download/posting/501618984/0,"(제7-1-4호) | 대주주가 발행한 주식에 대한 의결권 행사 | 1. 대주주명 | 케이비 국민성장 유니콘 스케일업 신기술사업투자조합 | 2. 주식보유현황 | 대주주발행 총주식수 | 1,500좌(좌당 백만원) | 주식의 종류 | 케이비 국민성장 유니콘 스케일업 신기술사업투자조합의 LP 출자금 | 회사 보유주식수 | 350좌(좌당 백만원) | 지분율(%) | 23.3% | 3. 주주총회개요 | 주주총회 명칭 | 결성총회 | 주주총회일(의결권행사일) | 2026년 09월 03일 | 4. 의결권행사내용 | 의결안건 | 행사내용 | 제1호 의안: 조합규약 승인의 건 | 찬성 | 제2호 의안: 사업계획 승인의 건 | 찬성 | 제3호 의안: 투자의사결정 기구의 설치 및 운영방안승인의 건 | 찬성 | 제4호 의안: 회계감사인 선정의 건 | 찬성 | 제5호 의안: 핵심운용인력 선정의 건 | 찬성 | 5. 기타 | - 상기 주식 수는 해당 총회 시점 출자금액(설립출자금) 기준- 상기 의결권 행사 대상은 조합 출자금이며 참고사항으로 공시 | ※ 보험업법 제111조 제3항의 ""3. 해당 보험회사의 대주주가 발행한 주식에 대한 의결권을 행사하는 행위"" 에 관한 공시사항입니다.",7-1-4호 대주주가 발행한 주식에 대한 의결권 행사_KB국민성장 유니콘 스케일업 신기술사업투자조합_20260903.pdf,1,2026-10-01T17:38:05+09:00,"거래 상대방 판정: 지주·지주 자회사 목록과 이름 불일치(handoff/12_지분관계.csv KB금융 2026 반기보고서(rcept_no 20260814004200) 지주 타법인출자현황 11곳) / 목록 「대주주가 발행한 주식에 대한 의결권 행사」 공시일 2026.09.03 / 문서 일자: 주주총회일(의결권행사일) 2026년 09월 03일 / 의결권 행사 서식 — 금액 칸 없음 / 서식 제7-1-4호 / PDF 1쪽 / 원본 dart_out/raw/web10/insdeal/KB라이프_SEQNO501618984.pdf (sha256 2ca6e9eb4369…, 쪽 텍스트 dart_out/raw/web10/insdeal/KB라이프_SEQNO501618984.pdf.pages.txt) / 출처 화면·기간: KB라이프생명 누리집 > 공시실 > 경영공시실 > 수시공시 > KB라이프생명 탭 — 목록 5쪽(50건) 받음, 공시일 2025-07-01 이후 수시·2025-10-01 이후 분기공시 중 제목에 '대주주'",
KB라이프,2026.09.03,케이비 국민성장 유니콘 스케일업 신기술사업투자조합,대주주가 발행한 주식의 취득 / 주식의종류: 케이비 국민성장 유니콘 스케일업 신기술사업투자조합의 LP 출자금,"취득금액(원): 350,000,000원",4. 이사회결의일: 2026-08-18,https://www.kblife.co.kr/api/archive/archives/download/posting/501618985/0,"(제7-1-3호) | 대주주가 발행한 주식의 취득 | 1. 대주주명 | 케이비 국민성장 유니콘 스케일업 신기술사업투자조합 | 2. 주식취득내용 | 취득일 | 2026-09-03 | 주식의종류 | 케이비 국민성장 유니콘 스케일업 신기술사업투자조합의 LP 출자금 | 취득금액(원) | 350,000,000원 | 취득주식수 | 350좌(좌당 백만원) | 취득후 총보유주식수 | 350좌(좌당 백만원) | 취득후 지분율(%) | 23.3% | 3. 취득목적 | 국내 첨단전략산업을 영위하는 중소/중견기업 중 국민성장펀드가 선정한유니콘 및 Pre-IPO 단계 기업 대상 투자 목적 | 4. 이사회결의일 | 2026-08-18 | 5. 기타 | 회사 출자약정액 35,000,000,000원 | ※ 보험업법 제111조 제3항의 ""3. 해당 보험회사의 대주주가 채권 또는 주식을 대통령령으로 정하는 금액 이상으로 취득하는 행위"" 에 관한 공시사항입니다.",7-1-3호 대주주가 발행한 주식의 취득_KB국민성장 유니콘 스케일업 신기술사업투자조합_260903.pdf,1,2026-10-01T17:38:07+09:00,"거래 상대방 판정: 지주·지주 자회사 목록과 이름 불일치(handoff/12_지분관계.csv KB금융 2026 반기보고서(rcept_no 20260814004200) 지주 타법인출자현황 11곳) / 목록 「대주주가 발행한 채권 또는 주식의 취득현황」 공시일 2026.09.03 / 문서 일자: 취득일 2026-09-03 / 서식 제7-1-3호 / PDF 1쪽 / 원본 dart_out/raw/web10/insdeal/KB라이프_SEQNO501618985.pdf (sha256 36baa6cba12f…, 쪽 텍스트 dart_out/raw/web10/insdeal/KB라이프_SEQNO501618985.pdf.pages.txt) / 출처 화면·기간: KB라이프생명 누리집 > 공시실 > 경영공시실 > 수시공시 > KB라이프생명 탭 — 목록 5쪽(50건) 받음, 공시일 2025-07-01 이후 수시·2025-10-01 이후 분기공시 중 제목에 '대주주'",
KB라이프,2026.09.22,케이비-솔리더스 헬스케어 투자조합,대주주가 발행한 주식에 대한 의결권 행사,문서에 없음,문서에 없음,https://www.kblife.co.kr/api/archive/archives/download/posting/501619056/0,"(제7-1-4호) | 대주주가 발행한 주식에 대한 의결권 행사 | 1. 대주주명 | 케이비-솔리더스 헬스케어 투자조합 | 2. 주식보유현황 | 대주주발행 총주식수 | 92,565좌(좌당 백만원) | 주식의 종류 | 조합 출자금 | 회사 보유주식수 | 18,700좌(좌당 백만원) | 지분율(%) | 20.2% | 3. 주주총회개요 | 주주총회 명칭 | 2026년 제3차 임시조합원총회 | 주주총회일(의결권행사일) | 2026년 9월 22일(화) | 4. 의결권행사내용 | 의결안건 | 행사내용 | 제1호 의안: 2차 중간분배(출자원금)의 건 | 찬성 | 5. 기타 | - 상기 주식 수는 동 조합원총회 당시 출자금액 기준임 | ※ 보험업법 제111조 제3항의 ""3. 해당 보험회사의 대주주가 발행한 주식에 대한 의결권을 행사하는 행위"" 에 관한 공시사항입니다.",7-1-4호 대주주가 발행한 주식에 대한 의결권 행사_케이비솔리더스헬스케어투자조합_20260922.pdf,1,2026-10-01T17:38:10+09:00,"거래 상대방 판정: 지주·지주 자회사 목록과 이름 불일치(handoff/12_지분관계.csv KB금융 2026 반기보고서(rcept_no 20260814004200) 지주 타법인출자현황 11곳) / 목록 「대주주가 발행한 주식에 대한 의결권 행사」 공시일 2026.09.22 / 문서 일자: 주주총회일(의결권행사일) 2026년 9월 22일(화) / 의결권 행사 서식 — 금액 칸 없음 / 서식 제7-1-4호 / PDF 1쪽 / 원본 dart_out/raw/web10/insdeal/KB라이프_SEQNO501619056.pdf (sha256 3180137dd174…, 쪽 텍스트 dart_out/raw/web10/insdeal/KB라이프_SEQNO501619056.pdf.pages.txt) / 출처 화면·기간: KB라이프생명 누리집 > 공시실 > 경영공시실 > 수시공시 > KB라이프생명 탭 — 목록 5쪽(50건) 받음, 공시일 2025-07-01 이후 수시·2025-10-01 이후 분기공시 중 제목에 '대주주'",
