구분,항목,은행연합회_위치,은행연합회_source_text,생보협회_위치,생보협회_source_text,차이여부,note,은행연합회_출처,생보협회_출처,collected_at
목차,제1절 지배구조 연차보고서,확인 불가,확인 불가(원문 미수집),제1절 · 목차표 md 27행 · 목차상 쪽 칸 비어 있음 · 본문 md 320행,제1절 지배구조 연차보고서,확인 불가,"은행연합회 원문 미수집(robots.txt 「User-agent: * / Disallow: /」, 우회 없음) — 대조 불가라 차이여부 「확인 불가」. hwp 는 쪽 정보가 없어 위치는 이 md 줄 번호(1부터) · 본문 줄은 공백 제거 후 같은 줄을 목차 순서대로 찾은 것","은행연합회 www.kfb.or.kr 자율규제·모범규준 게시판(2026.1.6 개정본) — 원문 미수집: https://www.kfb.or.kr/robots.txt (HTTP 200, 2026-10-01T17:15:49+09:00, sha256 133e4db054e73a10…): 「User-agent: * / Disallow: /」; https://kfb.or.kr/robots.txt (HTTP 200, 2026-10-01T17:15:52+09:00, sha256 133e4db054e73a10…): 「User-agent: * / Disallow: /」; https://portal.kfb.or.kr/robots.txt (HTTP 200, 2026-10-01T17:15:55+09:00, sha256 133e4db054e73a10…): 「User-agent: * / Disallow: /」",생명보험협회 https://www.klia.or.kr/member/insurRegul/selfRegul/list.do(회원사 > 자율규제운영 > 자율규제 규정정보) 「지배구조 및 보수체계 연차보고서 작성기준」(제·개정월 2026-01) 원문보기 https://www.klia.or.kr/FileDown.do?fileNo=21190&seq=2 · 원파일명 지배구조 및 보수체계 연차보고서 작성기준(20260123).hwp · sha256 be90c671e983fa26d64d3b38a231c1807745ba4960a597985875cd0a76069b6f · 텍스트 handoff/원문_10차/작성기준_생보협회.md,2026-10-01T17:16:07+09:00
목차,1. 지배구조 일반,확인 불가,확인 불가(원문 미수집),제1절 1. · 목차표 md 29행 · 목차상 1쪽 · 본문 md 321행,1. 지배구조 일반,확인 불가,"은행연합회 원문 미수집(robots.txt 「User-agent: * / Disallow: /」, 우회 없음) — 대조 불가라 차이여부 「확인 불가」. hwp 는 쪽 정보가 없어 위치는 이 md 줄 번호(1부터) · 본문 줄은 공백 제거 후 같은 줄을 목차 순서대로 찾은 것","은행연합회 www.kfb.or.kr 자율규제·모범규준 게시판(2026.1.6 개정본) — 원문 미수집: https://www.kfb.or.kr/robots.txt (HTTP 200, 2026-10-01T17:15:49+09:00, sha256 133e4db054e73a10…): 「User-agent: * / Disallow: /」; https://kfb.or.kr/robots.txt (HTTP 200, 2026-10-01T17:15:52+09:00, sha256 133e4db054e73a10…): 「User-agent: * / Disallow: /」; https://portal.kfb.or.kr/robots.txt (HTTP 200, 2026-10-01T17:15:55+09:00, sha256 133e4db054e73a10…): 「User-agent: * / Disallow: /」",생명보험협회 https://www.klia.or.kr/member/insurRegul/selfRegul/list.do(회원사 > 자율규제운영 > 자율규제 규정정보) 「지배구조 및 보수체계 연차보고서 작성기준」(제·개정월 2026-01) 원문보기 https://www.klia.or.kr/FileDown.do?fileNo=21190&seq=2 · 원파일명 지배구조 및 보수체계 연차보고서 작성기준(20260123).hwp · sha256 be90c671e983fa26d64d3b38a231c1807745ba4960a597985875cd0a76069b6f · 텍스트 handoff/원문_10차/작성기준_생보협회.md,2026-10-01T17:16:07+09:00
목차,가. 지배구조 원칙과 정책,확인 불가,확인 불가(원문 미수집),제1절 1. 가. · 목차표 md 30행 · 목차상 1쪽 · 본문 md 322행,가. 지배구조 원칙과 정책,확인 불가,"은행연합회 원문 미수집(robots.txt 「User-agent: * / Disallow: /」, 우회 없음) — 대조 불가라 차이여부 「확인 불가」. hwp 는 쪽 정보가 없어 위치는 이 md 줄 번호(1부터) · 본문 줄은 공백 제거 후 같은 줄을 목차 순서대로 찾은 것","은행연합회 www.kfb.or.kr 자율규제·모범규준 게시판(2026.1.6 개정본) — 원문 미수집: https://www.kfb.or.kr/robots.txt (HTTP 200, 2026-10-01T17:15:49+09:00, sha256 133e4db054e73a10…): 「User-agent: * / Disallow: /」; https://kfb.or.kr/robots.txt (HTTP 200, 2026-10-01T17:15:52+09:00, sha256 133e4db054e73a10…): 「User-agent: * / Disallow: /」; https://portal.kfb.or.kr/robots.txt (HTTP 200, 2026-10-01T17:15:55+09:00, sha256 133e4db054e73a10…): 「User-agent: * / Disallow: /」",생명보험협회 https://www.klia.or.kr/member/insurRegul/selfRegul/list.do(회원사 > 자율규제운영 > 자율규제 규정정보) 「지배구조 및 보수체계 연차보고서 작성기준」(제·개정월 2026-01) 원문보기 https://www.klia.or.kr/FileDown.do?fileNo=21190&seq=2 · 원파일명 지배구조 및 보수체계 연차보고서 작성기준(20260123).hwp · sha256 be90c671e983fa26d64d3b38a231c1807745ba4960a597985875cd0a76069b6f · 텍스트 handoff/원문_10차/작성기준_생보협회.md,2026-10-01T17:16:07+09:00
목차,나. 지배구조 현황,확인 불가,확인 불가(원문 미수집),제1절 1. 나. · 목차표 md 31행 · 목차상 3쪽 · 본문 md 339행,나. 지배구조 현황,확인 불가,"은행연합회 원문 미수집(robots.txt 「User-agent: * / Disallow: /」, 우회 없음) — 대조 불가라 차이여부 「확인 불가」. hwp 는 쪽 정보가 없어 위치는 이 md 줄 번호(1부터) · 본문 줄은 공백 제거 후 같은 줄을 목차 순서대로 찾은 것","은행연합회 www.kfb.or.kr 자율규제·모범규준 게시판(2026.1.6 개정본) — 원문 미수집: https://www.kfb.or.kr/robots.txt (HTTP 200, 2026-10-01T17:15:49+09:00, sha256 133e4db054e73a10…): 「User-agent: * / Disallow: /」; https://kfb.or.kr/robots.txt (HTTP 200, 2026-10-01T17:15:52+09:00, sha256 133e4db054e73a10…): 「User-agent: * / Disallow: /」; https://portal.kfb.or.kr/robots.txt (HTTP 200, 2026-10-01T17:15:55+09:00, sha256 133e4db054e73a10…): 「User-agent: * / Disallow: /」",생명보험협회 https://www.klia.or.kr/member/insurRegul/selfRegul/list.do(회원사 > 자율규제운영 > 자율규제 규정정보) 「지배구조 및 보수체계 연차보고서 작성기준」(제·개정월 2026-01) 원문보기 https://www.klia.or.kr/FileDown.do?fileNo=21190&seq=2 · 원파일명 지배구조 및 보수체계 연차보고서 작성기준(20260123).hwp · sha256 be90c671e983fa26d64d3b38a231c1807745ba4960a597985875cd0a76069b6f · 텍스트 handoff/원문_10차/작성기준_생보협회.md,2026-10-01T17:16:07+09:00
목차,1) 조직도,확인 불가,확인 불가(원문 미수집),제1절 1. 나. 1) · 목차표 md 32행 · 목차상 3쪽 · 본문 md 340행,1) 조직도,확인 불가,"은행연합회 원문 미수집(robots.txt 「User-agent: * / Disallow: /」, 우회 없음) — 대조 불가라 차이여부 「확인 불가」. hwp 는 쪽 정보가 없어 위치는 이 md 줄 번호(1부터) · 본문 줄은 공백 제거 후 같은 줄을 목차 순서대로 찾은 것","은행연합회 www.kfb.or.kr 자율규제·모범규준 게시판(2026.1.6 개정본) — 원문 미수집: https://www.kfb.or.kr/robots.txt (HTTP 200, 2026-10-01T17:15:49+09:00, sha256 133e4db054e73a10…): 「User-agent: * / Disallow: /」; https://kfb.or.kr/robots.txt (HTTP 200, 2026-10-01T17:15:52+09:00, sha256 133e4db054e73a10…): 「User-agent: * / Disallow: /」; https://portal.kfb.or.kr/robots.txt (HTTP 200, 2026-10-01T17:15:55+09:00, sha256 133e4db054e73a10…): 「User-agent: * / Disallow: /」",생명보험협회 https://www.klia.or.kr/member/insurRegul/selfRegul/list.do(회원사 > 자율규제운영 > 자율규제 규정정보) 「지배구조 및 보수체계 연차보고서 작성기준」(제·개정월 2026-01) 원문보기 https://www.klia.or.kr/FileDown.do?fileNo=21190&seq=2 · 원파일명 지배구조 및 보수체계 연차보고서 작성기준(20260123).hwp · sha256 be90c671e983fa26d64d3b38a231c1807745ba4960a597985875cd0a76069b6f · 텍스트 handoff/원문_10차/작성기준_생보협회.md,2026-10-01T17:16:07+09:00
목차,2) 지배구조의 특징,확인 불가,확인 불가(원문 미수집),제1절 1. 나. 2) · 목차표 md 33행 · 목차상 4쪽 · 본문 md 368행,2) 지배구조의 특징,확인 불가,"은행연합회 원문 미수집(robots.txt 「User-agent: * / Disallow: /」, 우회 없음) — 대조 불가라 차이여부 「확인 불가」. hwp 는 쪽 정보가 없어 위치는 이 md 줄 번호(1부터) · 본문 줄은 공백 제거 후 같은 줄을 목차 순서대로 찾은 것","은행연합회 www.kfb.or.kr 자율규제·모범규준 게시판(2026.1.6 개정본) — 원문 미수집: https://www.kfb.or.kr/robots.txt (HTTP 200, 2026-10-01T17:15:49+09:00, sha256 133e4db054e73a10…): 「User-agent: * / Disallow: /」; https://kfb.or.kr/robots.txt (HTTP 200, 2026-10-01T17:15:52+09:00, sha256 133e4db054e73a10…): 「User-agent: * / Disallow: /」; https://portal.kfb.or.kr/robots.txt (HTTP 200, 2026-10-01T17:15:55+09:00, sha256 133e4db054e73a10…): 「User-agent: * / Disallow: /」",생명보험협회 https://www.klia.or.kr/member/insurRegul/selfRegul/list.do(회원사 > 자율규제운영 > 자율규제 규정정보) 「지배구조 및 보수체계 연차보고서 작성기준」(제·개정월 2026-01) 원문보기 https://www.klia.or.kr/FileDown.do?fileNo=21190&seq=2 · 원파일명 지배구조 및 보수체계 연차보고서 작성기준(20260123).hwp · sha256 be90c671e983fa26d64d3b38a231c1807745ba4960a597985875cd0a76069b6f · 텍스트 handoff/원문_10차/작성기준_생보협회.md,2026-10-01T17:16:07+09:00
목차,3) 지배구조 현황(요약),확인 불가,확인 불가(원문 미수집),제1절 1. 나. 3) · 목차표 md 34행 · 목차상 5쪽 · 본문 md 381행,3) 지배구조 현황(요약),확인 불가,"은행연합회 원문 미수집(robots.txt 「User-agent: * / Disallow: /」, 우회 없음) — 대조 불가라 차이여부 「확인 불가」. hwp 는 쪽 정보가 없어 위치는 이 md 줄 번호(1부터) · 본문 줄은 공백 제거 후 같은 줄을 목차 순서대로 찾은 것","은행연합회 www.kfb.or.kr 자율규제·모범규준 게시판(2026.1.6 개정본) — 원문 미수집: https://www.kfb.or.kr/robots.txt (HTTP 200, 2026-10-01T17:15:49+09:00, sha256 133e4db054e73a10…): 「User-agent: * / Disallow: /」; https://kfb.or.kr/robots.txt (HTTP 200, 2026-10-01T17:15:52+09:00, sha256 133e4db054e73a10…): 「User-agent: * / Disallow: /」; https://portal.kfb.or.kr/robots.txt (HTTP 200, 2026-10-01T17:15:55+09:00, sha256 133e4db054e73a10…): 「User-agent: * / Disallow: /」",생명보험협회 https://www.klia.or.kr/member/insurRegul/selfRegul/list.do(회원사 > 자율규제운영 > 자율규제 규정정보) 「지배구조 및 보수체계 연차보고서 작성기준」(제·개정월 2026-01) 원문보기 https://www.klia.or.kr/FileDown.do?fileNo=21190&seq=2 · 원파일명 지배구조 및 보수체계 연차보고서 작성기준(20260123).hwp · sha256 be90c671e983fa26d64d3b38a231c1807745ba4960a597985875cd0a76069b6f · 텍스트 handoff/원문_10차/작성기준_생보협회.md,2026-10-01T17:16:07+09:00
목차,다. 관련 규정,확인 불가,확인 불가(원문 미수집),제1절 1. 다. · 목차표 md 35행 · 목차상 5쪽 · 본문 md 401행,다. 관련 규정,확인 불가,"은행연합회 원문 미수집(robots.txt 「User-agent: * / Disallow: /」, 우회 없음) — 대조 불가라 차이여부 「확인 불가」. hwp 는 쪽 정보가 없어 위치는 이 md 줄 번호(1부터) · 본문 줄은 공백 제거 후 같은 줄을 목차 순서대로 찾은 것","은행연합회 www.kfb.or.kr 자율규제·모범규준 게시판(2026.1.6 개정본) — 원문 미수집: https://www.kfb.or.kr/robots.txt (HTTP 200, 2026-10-01T17:15:49+09:00, sha256 133e4db054e73a10…): 「User-agent: * / Disallow: /」; https://kfb.or.kr/robots.txt (HTTP 200, 2026-10-01T17:15:52+09:00, sha256 133e4db054e73a10…): 「User-agent: * / Disallow: /」; https://portal.kfb.or.kr/robots.txt (HTTP 200, 2026-10-01T17:15:55+09:00, sha256 133e4db054e73a10…): 「User-agent: * / Disallow: /」",생명보험협회 https://www.klia.or.kr/member/insurRegul/selfRegul/list.do(회원사 > 자율규제운영 > 자율규제 규정정보) 「지배구조 및 보수체계 연차보고서 작성기준」(제·개정월 2026-01) 원문보기 https://www.klia.or.kr/FileDown.do?fileNo=21190&seq=2 · 원파일명 지배구조 및 보수체계 연차보고서 작성기준(20260123).hwp · sha256 be90c671e983fa26d64d3b38a231c1807745ba4960a597985875cd0a76069b6f · 텍스트 handoff/원문_10차/작성기준_생보협회.md,2026-10-01T17:16:07+09:00
목차,2. 이사회,확인 불가,확인 불가(원문 미수집),제1절 2. · 목차표 md 37행 · 목차상 6쪽 · 본문 md 412행,2. 이사회,확인 불가,"은행연합회 원문 미수집(robots.txt 「User-agent: * / Disallow: /」, 우회 없음) — 대조 불가라 차이여부 「확인 불가」. hwp 는 쪽 정보가 없어 위치는 이 md 줄 번호(1부터) · 본문 줄은 공백 제거 후 같은 줄을 목차 순서대로 찾은 것","은행연합회 www.kfb.or.kr 자율규제·모범규준 게시판(2026.1.6 개정본) — 원문 미수집: https://www.kfb.or.kr/robots.txt (HTTP 200, 2026-10-01T17:15:49+09:00, sha256 133e4db054e73a10…): 「User-agent: * / Disallow: /」; https://kfb.or.kr/robots.txt (HTTP 200, 2026-10-01T17:15:52+09:00, sha256 133e4db054e73a10…): 「User-agent: * / Disallow: /」; https://portal.kfb.or.kr/robots.txt (HTTP 200, 2026-10-01T17:15:55+09:00, sha256 133e4db054e73a10…): 「User-agent: * / Disallow: /」",생명보험협회 https://www.klia.or.kr/member/insurRegul/selfRegul/list.do(회원사 > 자율규제운영 > 자율규제 규정정보) 「지배구조 및 보수체계 연차보고서 작성기준」(제·개정월 2026-01) 원문보기 https://www.klia.or.kr/FileDown.do?fileNo=21190&seq=2 · 원파일명 지배구조 및 보수체계 연차보고서 작성기준(20260123).hwp · sha256 be90c671e983fa26d64d3b38a231c1807745ba4960a597985875cd0a76069b6f · 텍스트 handoff/원문_10차/작성기준_생보협회.md,2026-10-01T17:16:07+09:00
목차,가. 역할(권한과 책임),확인 불가,확인 불가(원문 미수집),제1절 2. 가. · 목차표 md 38행 · 목차상 6쪽 · 본문 md 413행,가. 역할(권한과 책임),확인 불가,"은행연합회 원문 미수집(robots.txt 「User-agent: * / Disallow: /」, 우회 없음) — 대조 불가라 차이여부 「확인 불가」. hwp 는 쪽 정보가 없어 위치는 이 md 줄 번호(1부터) · 본문 줄은 공백 제거 후 같은 줄을 목차 순서대로 찾은 것","은행연합회 www.kfb.or.kr 자율규제·모범규준 게시판(2026.1.6 개정본) — 원문 미수집: https://www.kfb.or.kr/robots.txt (HTTP 200, 2026-10-01T17:15:49+09:00, sha256 133e4db054e73a10…): 「User-agent: * / Disallow: /」; https://kfb.or.kr/robots.txt (HTTP 200, 2026-10-01T17:15:52+09:00, sha256 133e4db054e73a10…): 「User-agent: * / Disallow: /」; https://portal.kfb.or.kr/robots.txt (HTTP 200, 2026-10-01T17:15:55+09:00, sha256 133e4db054e73a10…): 「User-agent: * / Disallow: /」",생명보험협회 https://www.klia.or.kr/member/insurRegul/selfRegul/list.do(회원사 > 자율규제운영 > 자율규제 규정정보) 「지배구조 및 보수체계 연차보고서 작성기준」(제·개정월 2026-01) 원문보기 https://www.klia.or.kr/FileDown.do?fileNo=21190&seq=2 · 원파일명 지배구조 및 보수체계 연차보고서 작성기준(20260123).hwp · sha256 be90c671e983fa26d64d3b38a231c1807745ba4960a597985875cd0a76069b6f · 텍스트 handoff/원문_10차/작성기준_생보협회.md,2026-10-01T17:16:07+09:00
목차,1) 총괄,확인 불가,확인 불가(원문 미수집),제1절 2. 가. 1) · 목차표 md 39행 · 목차상 6쪽 · 본문 md 414행,1) 총괄,확인 불가,"은행연합회 원문 미수집(robots.txt 「User-agent: * / Disallow: /」, 우회 없음) — 대조 불가라 차이여부 「확인 불가」. hwp 는 쪽 정보가 없어 위치는 이 md 줄 번호(1부터) · 본문 줄은 공백 제거 후 같은 줄을 목차 순서대로 찾은 것","은행연합회 www.kfb.or.kr 자율규제·모범규준 게시판(2026.1.6 개정본) — 원문 미수집: https://www.kfb.or.kr/robots.txt (HTTP 200, 2026-10-01T17:15:49+09:00, sha256 133e4db054e73a10…): 「User-agent: * / Disallow: /」; https://kfb.or.kr/robots.txt (HTTP 200, 2026-10-01T17:15:52+09:00, sha256 133e4db054e73a10…): 「User-agent: * / Disallow: /」; https://portal.kfb.or.kr/robots.txt (HTTP 200, 2026-10-01T17:15:55+09:00, sha256 133e4db054e73a10…): 「User-agent: * / Disallow: /」",생명보험협회 https://www.klia.or.kr/member/insurRegul/selfRegul/list.do(회원사 > 자율규제운영 > 자율규제 규정정보) 「지배구조 및 보수체계 연차보고서 작성기준」(제·개정월 2026-01) 원문보기 https://www.klia.or.kr/FileDown.do?fileNo=21190&seq=2 · 원파일명 지배구조 및 보수체계 연차보고서 작성기준(20260123).hwp · sha256 be90c671e983fa26d64d3b38a231c1807745ba4960a597985875cd0a76069b6f · 텍스트 handoff/원문_10차/작성기준_생보협회.md,2026-10-01T17:16:07+09:00
목차,2) 구체적 역할,확인 불가,확인 불가(원문 미수집),제1절 2. 가. 2) · 목차표 md 40행 · 목차상 6쪽 · 본문 md 422행,2) 구체적 역할,확인 불가,"은행연합회 원문 미수집(robots.txt 「User-agent: * / Disallow: /」, 우회 없음) — 대조 불가라 차이여부 「확인 불가」. hwp 는 쪽 정보가 없어 위치는 이 md 줄 번호(1부터) · 본문 줄은 공백 제거 후 같은 줄을 목차 순서대로 찾은 것","은행연합회 www.kfb.or.kr 자율규제·모범규준 게시판(2026.1.6 개정본) — 원문 미수집: https://www.kfb.or.kr/robots.txt (HTTP 200, 2026-10-01T17:15:49+09:00, sha256 133e4db054e73a10…): 「User-agent: * / Disallow: /」; https://kfb.or.kr/robots.txt (HTTP 200, 2026-10-01T17:15:52+09:00, sha256 133e4db054e73a10…): 「User-agent: * / Disallow: /」; https://portal.kfb.or.kr/robots.txt (HTTP 200, 2026-10-01T17:15:55+09:00, sha256 133e4db054e73a10…): 「User-agent: * / Disallow: /」",생명보험협회 https://www.klia.or.kr/member/insurRegul/selfRegul/list.do(회원사 > 자율규제운영 > 자율규제 규정정보) 「지배구조 및 보수체계 연차보고서 작성기준」(제·개정월 2026-01) 원문보기 https://www.klia.or.kr/FileDown.do?fileNo=21190&seq=2 · 원파일명 지배구조 및 보수체계 연차보고서 작성기준(20260123).hwp · sha256 be90c671e983fa26d64d3b38a231c1807745ba4960a597985875cd0a76069b6f · 텍스트 handoff/원문_10차/작성기준_생보협회.md,2026-10-01T17:16:07+09:00
목차,가) 경영목표ㆍ전략의 수립 및 평가,확인 불가,확인 불가(원문 미수집),제1절 2. 가. 2) 가) · 목차표 md 41행 · 목차상 6쪽 · 본문 md 427행,가) 경영목표ㆍ전략의 수립 및 평가,확인 불가,"은행연합회 원문 미수집(robots.txt 「User-agent: * / Disallow: /」, 우회 없음) — 대조 불가라 차이여부 「확인 불가」. hwp 는 쪽 정보가 없어 위치는 이 md 줄 번호(1부터) · 본문 줄은 공백 제거 후 같은 줄을 목차 순서대로 찾은 것","은행연합회 www.kfb.or.kr 자율규제·모범규준 게시판(2026.1.6 개정본) — 원문 미수집: https://www.kfb.or.kr/robots.txt (HTTP 200, 2026-10-01T17:15:49+09:00, sha256 133e4db054e73a10…): 「User-agent: * / Disallow: /」; https://kfb.or.kr/robots.txt (HTTP 200, 2026-10-01T17:15:52+09:00, sha256 133e4db054e73a10…): 「User-agent: * / Disallow: /」; https://portal.kfb.or.kr/robots.txt (HTTP 200, 2026-10-01T17:15:55+09:00, sha256 133e4db054e73a10…): 「User-agent: * / Disallow: /」",생명보험협회 https://www.klia.or.kr/member/insurRegul/selfRegul/list.do(회원사 > 자율규제운영 > 자율규제 규정정보) 「지배구조 및 보수체계 연차보고서 작성기준」(제·개정월 2026-01) 원문보기 https://www.klia.or.kr/FileDown.do?fileNo=21190&seq=2 · 원파일명 지배구조 및 보수체계 연차보고서 작성기준(20260123).hwp · sha256 be90c671e983fa26d64d3b38a231c1807745ba4960a597985875cd0a76069b6f · 텍스트 handoff/원문_10차/작성기준_생보협회.md,2026-10-01T17:16:07+09:00
목차,나) 정관 변경,확인 불가,확인 불가(원문 미수집),제1절 2. 가. 2) 나) · 목차표 md 42행 · 목차상 7쪽 · 본문 md 438행,나) 정관 변경,확인 불가,"은행연합회 원문 미수집(robots.txt 「User-agent: * / Disallow: /」, 우회 없음) — 대조 불가라 차이여부 「확인 불가」. hwp 는 쪽 정보가 없어 위치는 이 md 줄 번호(1부터) · 본문 줄은 공백 제거 후 같은 줄을 목차 순서대로 찾은 것","은행연합회 www.kfb.or.kr 자율규제·모범규준 게시판(2026.1.6 개정본) — 원문 미수집: https://www.kfb.or.kr/robots.txt (HTTP 200, 2026-10-01T17:15:49+09:00, sha256 133e4db054e73a10…): 「User-agent: * / Disallow: /」; https://kfb.or.kr/robots.txt (HTTP 200, 2026-10-01T17:15:52+09:00, sha256 133e4db054e73a10…): 「User-agent: * / Disallow: /」; https://portal.kfb.or.kr/robots.txt (HTTP 200, 2026-10-01T17:15:55+09:00, sha256 133e4db054e73a10…): 「User-agent: * / Disallow: /」",생명보험협회 https://www.klia.or.kr/member/insurRegul/selfRegul/list.do(회원사 > 자율규제운영 > 자율규제 규정정보) 「지배구조 및 보수체계 연차보고서 작성기준」(제·개정월 2026-01) 원문보기 https://www.klia.or.kr/FileDown.do?fileNo=21190&seq=2 · 원파일명 지배구조 및 보수체계 연차보고서 작성기준(20260123).hwp · sha256 be90c671e983fa26d64d3b38a231c1807745ba4960a597985875cd0a76069b6f · 텍스트 handoff/원문_10차/작성기준_생보협회.md,2026-10-01T17:16:07+09:00
목차,다) 예산 및 결산 승인,확인 불가,확인 불가(원문 미수집),제1절 2. 가. 2) 다) · 목차표 md 43행 · 목차상 8쪽 · 본문 md 449행,다) 예산 및 결산 승인,확인 불가,"은행연합회 원문 미수집(robots.txt 「User-agent: * / Disallow: /」, 우회 없음) — 대조 불가라 차이여부 「확인 불가」. hwp 는 쪽 정보가 없어 위치는 이 md 줄 번호(1부터) · 본문 줄은 공백 제거 후 같은 줄을 목차 순서대로 찾은 것","은행연합회 www.kfb.or.kr 자율규제·모범규준 게시판(2026.1.6 개정본) — 원문 미수집: https://www.kfb.or.kr/robots.txt (HTTP 200, 2026-10-01T17:15:49+09:00, sha256 133e4db054e73a10…): 「User-agent: * / Disallow: /」; https://kfb.or.kr/robots.txt (HTTP 200, 2026-10-01T17:15:52+09:00, sha256 133e4db054e73a10…): 「User-agent: * / Disallow: /」; https://portal.kfb.or.kr/robots.txt (HTTP 200, 2026-10-01T17:15:55+09:00, sha256 133e4db054e73a10…): 「User-agent: * / Disallow: /」",생명보험협회 https://www.klia.or.kr/member/insurRegul/selfRegul/list.do(회원사 > 자율규제운영 > 자율규제 규정정보) 「지배구조 및 보수체계 연차보고서 작성기준」(제·개정월 2026-01) 원문보기 https://www.klia.or.kr/FileDown.do?fileNo=21190&seq=2 · 원파일명 지배구조 및 보수체계 연차보고서 작성기준(20260123).hwp · sha256 be90c671e983fa26d64d3b38a231c1807745ba4960a597985875cd0a76069b6f · 텍스트 handoff/원문_10차/작성기준_생보협회.md,2026-10-01T17:16:07+09:00
목차,라) 해산․영업양도 및 합병 등 조직의 중요한 변경,확인 불가,확인 불가(원문 미수집),제1절 2. 가. 2) 라) · 목차표 md 44행 · 목차상 8쪽 · 본문 md 461행,라) 해산․영업양도 및 합병 등 조직의 중요한 변경,확인 불가,"은행연합회 원문 미수집(robots.txt 「User-agent: * / Disallow: /」, 우회 없음) — 대조 불가라 차이여부 「확인 불가」. hwp 는 쪽 정보가 없어 위치는 이 md 줄 번호(1부터) · 본문 줄은 공백 제거 후 같은 줄을 목차 순서대로 찾은 것","은행연합회 www.kfb.or.kr 자율규제·모범규준 게시판(2026.1.6 개정본) — 원문 미수집: https://www.kfb.or.kr/robots.txt (HTTP 200, 2026-10-01T17:15:49+09:00, sha256 133e4db054e73a10…): 「User-agent: * / Disallow: /」; https://kfb.or.kr/robots.txt (HTTP 200, 2026-10-01T17:15:52+09:00, sha256 133e4db054e73a10…): 「User-agent: * / Disallow: /」; https://portal.kfb.or.kr/robots.txt (HTTP 200, 2026-10-01T17:15:55+09:00, sha256 133e4db054e73a10…): 「User-agent: * / Disallow: /」",생명보험협회 https://www.klia.or.kr/member/insurRegul/selfRegul/list.do(회원사 > 자율규제운영 > 자율규제 규정정보) 「지배구조 및 보수체계 연차보고서 작성기준」(제·개정월 2026-01) 원문보기 https://www.klia.or.kr/FileDown.do?fileNo=21190&seq=2 · 원파일명 지배구조 및 보수체계 연차보고서 작성기준(20260123).hwp · sha256 be90c671e983fa26d64d3b38a231c1807745ba4960a597985875cd0a76069b6f · 텍스트 handoff/원문_10차/작성기준_생보협회.md,2026-10-01T17:16:07+09:00
목차,마) 내부통제기준 및 위험관리기준의 제정·개정 및 폐지,확인 불가,확인 불가(원문 미수집),제1절 2. 가. 2) 마) · 목차표 md 45행 · 목차상 9쪽 · 본문 md 470행,마) 내부통제기준 및 위험관리기준의 제정·개정 및 폐지,확인 불가,"은행연합회 원문 미수집(robots.txt 「User-agent: * / Disallow: /」, 우회 없음) — 대조 불가라 차이여부 「확인 불가」. hwp 는 쪽 정보가 없어 위치는 이 md 줄 번호(1부터) · 본문 줄은 공백 제거 후 같은 줄을 목차 순서대로 찾은 것","은행연합회 www.kfb.or.kr 자율규제·모범규준 게시판(2026.1.6 개정본) — 원문 미수집: https://www.kfb.or.kr/robots.txt (HTTP 200, 2026-10-01T17:15:49+09:00, sha256 133e4db054e73a10…): 「User-agent: * / Disallow: /」; https://kfb.or.kr/robots.txt (HTTP 200, 2026-10-01T17:15:52+09:00, sha256 133e4db054e73a10…): 「User-agent: * / Disallow: /」; https://portal.kfb.or.kr/robots.txt (HTTP 200, 2026-10-01T17:15:55+09:00, sha256 133e4db054e73a10…): 「User-agent: * / Disallow: /」",생명보험협회 https://www.klia.or.kr/member/insurRegul/selfRegul/list.do(회원사 > 자율규제운영 > 자율규제 규정정보) 「지배구조 및 보수체계 연차보고서 작성기준」(제·개정월 2026-01) 원문보기 https://www.klia.or.kr/FileDown.do?fileNo=21190&seq=2 · 원파일명 지배구조 및 보수체계 연차보고서 작성기준(20260123).hwp · sha256 be90c671e983fa26d64d3b38a231c1807745ba4960a597985875cd0a76069b6f · 텍스트 handoff/원문_10차/작성기준_생보협회.md,2026-10-01T17:16:07+09:00
목차,바) 내부통제 및 위험관리 정책의 수립 및 감독,확인 불가,확인 불가(원문 미수집),제1절 2. 가. 2) 바) · 목차표 md 46행 · 목차상 9쪽 · 본문 md 476행,바) 내부통제 및 위험관리 정책의 수립 및 감독,확인 불가,"은행연합회 원문 미수집(robots.txt 「User-agent: * / Disallow: /」, 우회 없음) — 대조 불가라 차이여부 「확인 불가」. hwp 는 쪽 정보가 없어 위치는 이 md 줄 번호(1부터) · 본문 줄은 공백 제거 후 같은 줄을 목차 순서대로 찾은 것","은행연합회 www.kfb.or.kr 자율규제·모범규준 게시판(2026.1.6 개정본) — 원문 미수집: https://www.kfb.or.kr/robots.txt (HTTP 200, 2026-10-01T17:15:49+09:00, sha256 133e4db054e73a10…): 「User-agent: * / Disallow: /」; https://kfb.or.kr/robots.txt (HTTP 200, 2026-10-01T17:15:52+09:00, sha256 133e4db054e73a10…): 「User-agent: * / Disallow: /」; https://portal.kfb.or.kr/robots.txt (HTTP 200, 2026-10-01T17:15:55+09:00, sha256 133e4db054e73a10…): 「User-agent: * / Disallow: /」",생명보험협회 https://www.klia.or.kr/member/insurRegul/selfRegul/list.do(회원사 > 자율규제운영 > 자율규제 규정정보) 「지배구조 및 보수체계 연차보고서 작성기준」(제·개정월 2026-01) 원문보기 https://www.klia.or.kr/FileDown.do?fileNo=21190&seq=2 · 원파일명 지배구조 및 보수체계 연차보고서 작성기준(20260123).hwp · sha256 be90c671e983fa26d64d3b38a231c1807745ba4960a597985875cd0a76069b6f · 텍스트 handoff/원문_10차/작성기준_생보협회.md,2026-10-01T17:16:07+09:00
목차,사) 경영승계 등 지배구조 원칙ㆍ정책의 수립ㆍ평가,확인 불가,확인 불가(원문 미수집),제1절 2. 가. 2) 사) · 목차표 md 47행 · 목차상 9쪽 · 본문 md 482행,사) 경영승계 등 지배구조 원칙ㆍ정책의 수립ㆍ평가,확인 불가,"은행연합회 원문 미수집(robots.txt 「User-agent: * / Disallow: /」, 우회 없음) — 대조 불가라 차이여부 「확인 불가」. hwp 는 쪽 정보가 없어 위치는 이 md 줄 번호(1부터) · 본문 줄은 공백 제거 후 같은 줄을 목차 순서대로 찾은 것","은행연합회 www.kfb.or.kr 자율규제·모범규준 게시판(2026.1.6 개정본) — 원문 미수집: https://www.kfb.or.kr/robots.txt (HTTP 200, 2026-10-01T17:15:49+09:00, sha256 133e4db054e73a10…): 「User-agent: * / Disallow: /」; https://kfb.or.kr/robots.txt (HTTP 200, 2026-10-01T17:15:52+09:00, sha256 133e4db054e73a10…): 「User-agent: * / Disallow: /」; https://portal.kfb.or.kr/robots.txt (HTTP 200, 2026-10-01T17:15:55+09:00, sha256 133e4db054e73a10…): 「User-agent: * / Disallow: /」",생명보험협회 https://www.klia.or.kr/member/insurRegul/selfRegul/list.do(회원사 > 자율규제운영 > 자율규제 규정정보) 「지배구조 및 보수체계 연차보고서 작성기준」(제·개정월 2026-01) 원문보기 https://www.klia.or.kr/FileDown.do?fileNo=21190&seq=2 · 원파일명 지배구조 및 보수체계 연차보고서 작성기준(20260123).hwp · sha256 be90c671e983fa26d64d3b38a231c1807745ba4960a597985875cd0a76069b6f · 텍스트 handoff/원문_10차/작성기준_생보협회.md,2026-10-01T17:16:07+09:00
목차,아) 이해상충행위 관리․감독,확인 불가,확인 불가(원문 미수집),제1절 2. 가. 2) 아) · 목차표 md 48행 · 목차상 9쪽 · 본문 같은 제목 줄 못 찾음,아) 이해상충행위 관리․감독,확인 불가,"은행연합회 원문 미수집(robots.txt 「User-agent: * / Disallow: /」, 우회 없음) — 대조 불가라 차이여부 「확인 불가」. hwp 는 쪽 정보가 없어 위치는 이 md 줄 번호(1부터) · 본문에서 공백 제거 후 같은 제목 줄을 못 찾음(목차표와 본문 표기가 다르거나 여러 항목을 한 칸에 묶음)","은행연합회 www.kfb.or.kr 자율규제·모범규준 게시판(2026.1.6 개정본) — 원문 미수집: https://www.kfb.or.kr/robots.txt (HTTP 200, 2026-10-01T17:15:49+09:00, sha256 133e4db054e73a10…): 「User-agent: * / Disallow: /」; https://kfb.or.kr/robots.txt (HTTP 200, 2026-10-01T17:15:52+09:00, sha256 133e4db054e73a10…): 「User-agent: * / Disallow: /」; https://portal.kfb.or.kr/robots.txt (HTTP 200, 2026-10-01T17:15:55+09:00, sha256 133e4db054e73a10…): 「User-agent: * / Disallow: /」",생명보험협회 https://www.klia.or.kr/member/insurRegul/selfRegul/list.do(회원사 > 자율규제운영 > 자율규제 규정정보) 「지배구조 및 보수체계 연차보고서 작성기준」(제·개정월 2026-01) 원문보기 https://www.klia.or.kr/FileDown.do?fileNo=21190&seq=2 · 원파일명 지배구조 및 보수체계 연차보고서 작성기준(20260123).hwp · sha256 be90c671e983fa26d64d3b38a231c1807745ba4960a597985875cd0a76069b6f · 텍스트 handoff/원문_10차/작성기준_생보협회.md,2026-10-01T17:16:07+09:00
목차,자) 대표이사등의 내부통제등 총괄 관리의무 이행 감독,확인 불가,확인 불가(원문 미수집),제1절 2. 가. 2) 자) · 목차표 md 49행 · 목차상 10쪽 · 본문 md 494행,자) 대표이사등의 내부통제등 총괄 관리의무 이행 감독,확인 불가,"은행연합회 원문 미수집(robots.txt 「User-agent: * / Disallow: /」, 우회 없음) — 대조 불가라 차이여부 「확인 불가」. hwp 는 쪽 정보가 없어 위치는 이 md 줄 번호(1부터) · 본문 줄은 공백 제거 후 같은 줄을 목차 순서대로 찾은 것","은행연합회 www.kfb.or.kr 자율규제·모범규준 게시판(2026.1.6 개정본) — 원문 미수집: https://www.kfb.or.kr/robots.txt (HTTP 200, 2026-10-01T17:15:49+09:00, sha256 133e4db054e73a10…): 「User-agent: * / Disallow: /」; https://kfb.or.kr/robots.txt (HTTP 200, 2026-10-01T17:15:52+09:00, sha256 133e4db054e73a10…): 「User-agent: * / Disallow: /」; https://portal.kfb.or.kr/robots.txt (HTTP 200, 2026-10-01T17:15:55+09:00, sha256 133e4db054e73a10…): 「User-agent: * / Disallow: /」",생명보험협회 https://www.klia.or.kr/member/insurRegul/selfRegul/list.do(회원사 > 자율규제운영 > 자율규제 규정정보) 「지배구조 및 보수체계 연차보고서 작성기준」(제·개정월 2026-01) 원문보기 https://www.klia.or.kr/FileDown.do?fileNo=21190&seq=2 · 원파일명 지배구조 및 보수체계 연차보고서 작성기준(20260123).hwp · sha256 be90c671e983fa26d64d3b38a231c1807745ba4960a597985875cd0a76069b6f · 텍스트 handoff/원문_10차/작성기준_생보협회.md,2026-10-01T17:16:07+09:00
목차,차) 기타,확인 불가,확인 불가(원문 미수집),제1절 2. 가. 2) 차) · 목차표 md 50행 · 목차상 10쪽 · 본문 md 500행,차) 기타,확인 불가,"은행연합회 원문 미수집(robots.txt 「User-agent: * / Disallow: /」, 우회 없음) — 대조 불가라 차이여부 「확인 불가」. hwp 는 쪽 정보가 없어 위치는 이 md 줄 번호(1부터) · 본문 줄은 공백 제거 후 같은 줄을 목차 순서대로 찾은 것","은행연합회 www.kfb.or.kr 자율규제·모범규준 게시판(2026.1.6 개정본) — 원문 미수집: https://www.kfb.or.kr/robots.txt (HTTP 200, 2026-10-01T17:15:49+09:00, sha256 133e4db054e73a10…): 「User-agent: * / Disallow: /」; https://kfb.or.kr/robots.txt (HTTP 200, 2026-10-01T17:15:52+09:00, sha256 133e4db054e73a10…): 「User-agent: * / Disallow: /」; https://portal.kfb.or.kr/robots.txt (HTTP 200, 2026-10-01T17:15:55+09:00, sha256 133e4db054e73a10…): 「User-agent: * / Disallow: /」",생명보험협회 https://www.klia.or.kr/member/insurRegul/selfRegul/list.do(회원사 > 자율규제운영 > 자율규제 규정정보) 「지배구조 및 보수체계 연차보고서 작성기준」(제·개정월 2026-01) 원문보기 https://www.klia.or.kr/FileDown.do?fileNo=21190&seq=2 · 원파일명 지배구조 및 보수체계 연차보고서 작성기준(20260123).hwp · sha256 be90c671e983fa26d64d3b38a231c1807745ba4960a597985875cd0a76069b6f · 텍스트 handoff/원문_10차/작성기준_생보협회.md,2026-10-01T17:16:07+09:00
목차,나. 구성(이사),확인 불가,확인 불가(원문 미수집),제1절 2. 나. · 목차표 md 51행 · 목차상 10쪽 · 본문 md 506행,나. 구성(이사),확인 불가,"은행연합회 원문 미수집(robots.txt 「User-agent: * / Disallow: /」, 우회 없음) — 대조 불가라 차이여부 「확인 불가」. hwp 는 쪽 정보가 없어 위치는 이 md 줄 번호(1부터) · 본문 줄은 공백 제거 후 같은 줄을 목차 순서대로 찾은 것","은행연합회 www.kfb.or.kr 자율규제·모범규준 게시판(2026.1.6 개정본) — 원문 미수집: https://www.kfb.or.kr/robots.txt (HTTP 200, 2026-10-01T17:15:49+09:00, sha256 133e4db054e73a10…): 「User-agent: * / Disallow: /」; https://kfb.or.kr/robots.txt (HTTP 200, 2026-10-01T17:15:52+09:00, sha256 133e4db054e73a10…): 「User-agent: * / Disallow: /」; https://portal.kfb.or.kr/robots.txt (HTTP 200, 2026-10-01T17:15:55+09:00, sha256 133e4db054e73a10…): 「User-agent: * / Disallow: /」",생명보험협회 https://www.klia.or.kr/member/insurRegul/selfRegul/list.do(회원사 > 자율규제운영 > 자율규제 규정정보) 「지배구조 및 보수체계 연차보고서 작성기준」(제·개정월 2026-01) 원문보기 https://www.klia.or.kr/FileDown.do?fileNo=21190&seq=2 · 원파일명 지배구조 및 보수체계 연차보고서 작성기준(20260123).hwp · sha256 be90c671e983fa26d64d3b38a231c1807745ba4960a597985875cd0a76069b6f · 텍스트 handoff/원문_10차/작성기준_생보협회.md,2026-10-01T17:16:07+09:00
목차,1) 총괄,확인 불가,확인 불가(원문 미수집),제1절 2. 나. 1) · 목차표 md 52행 · 목차상 10쪽 · 본문 md 507행,1) 총괄,확인 불가,"은행연합회 원문 미수집(robots.txt 「User-agent: * / Disallow: /」, 우회 없음) — 대조 불가라 차이여부 「확인 불가」. hwp 는 쪽 정보가 없어 위치는 이 md 줄 번호(1부터) · 본문 줄은 공백 제거 후 같은 줄을 목차 순서대로 찾은 것","은행연합회 www.kfb.or.kr 자율규제·모범규준 게시판(2026.1.6 개정본) — 원문 미수집: https://www.kfb.or.kr/robots.txt (HTTP 200, 2026-10-01T17:15:49+09:00, sha256 133e4db054e73a10…): 「User-agent: * / Disallow: /」; https://kfb.or.kr/robots.txt (HTTP 200, 2026-10-01T17:15:52+09:00, sha256 133e4db054e73a10…): 「User-agent: * / Disallow: /」; https://portal.kfb.or.kr/robots.txt (HTTP 200, 2026-10-01T17:15:55+09:00, sha256 133e4db054e73a10…): 「User-agent: * / Disallow: /」",생명보험협회 https://www.klia.or.kr/member/insurRegul/selfRegul/list.do(회원사 > 자율규제운영 > 자율규제 규정정보) 「지배구조 및 보수체계 연차보고서 작성기준」(제·개정월 2026-01) 원문보기 https://www.klia.or.kr/FileDown.do?fileNo=21190&seq=2 · 원파일명 지배구조 및 보수체계 연차보고서 작성기준(20260123).hwp · sha256 be90c671e983fa26d64d3b38a231c1807745ba4960a597985875cd0a76069b6f · 텍스트 handoff/원문_10차/작성기준_생보협회.md,2026-10-01T17:16:07+09:00
목차,2) 구성원,확인 불가,확인 불가(원문 미수집),제1절 2. 나. 2) · 목차표 md 53행 · 목차상 11쪽 · 본문 md 524행,2) 구성원,확인 불가,"은행연합회 원문 미수집(robots.txt 「User-agent: * / Disallow: /」, 우회 없음) — 대조 불가라 차이여부 「확인 불가」. hwp 는 쪽 정보가 없어 위치는 이 md 줄 번호(1부터) · 본문 줄은 공백 제거 후 같은 줄을 목차 순서대로 찾은 것","은행연합회 www.kfb.or.kr 자율규제·모범규준 게시판(2026.1.6 개정본) — 원문 미수집: https://www.kfb.or.kr/robots.txt (HTTP 200, 2026-10-01T17:15:49+09:00, sha256 133e4db054e73a10…): 「User-agent: * / Disallow: /」; https://kfb.or.kr/robots.txt (HTTP 200, 2026-10-01T17:15:52+09:00, sha256 133e4db054e73a10…): 「User-agent: * / Disallow: /」; https://portal.kfb.or.kr/robots.txt (HTTP 200, 2026-10-01T17:15:55+09:00, sha256 133e4db054e73a10…): 「User-agent: * / Disallow: /」",생명보험협회 https://www.klia.or.kr/member/insurRegul/selfRegul/list.do(회원사 > 자율규제운영 > 자율규제 규정정보) 「지배구조 및 보수체계 연차보고서 작성기준」(제·개정월 2026-01) 원문보기 https://www.klia.or.kr/FileDown.do?fileNo=21190&seq=2 · 원파일명 지배구조 및 보수체계 연차보고서 작성기준(20260123).hwp · sha256 be90c671e983fa26d64d3b38a231c1807745ba4960a597985875cd0a76069b6f · 텍스트 handoff/원문_10차/작성기준_생보협회.md,2026-10-01T17:16:07+09:00
목차,3) 요약,확인 불가,확인 불가(원문 미수집),제1절 2. 나. 3) · 목차표 md 54행 · 목차상 12쪽 · 본문 md 534행,3) 요약,확인 불가,"은행연합회 원문 미수집(robots.txt 「User-agent: * / Disallow: /」, 우회 없음) — 대조 불가라 차이여부 「확인 불가」. hwp 는 쪽 정보가 없어 위치는 이 md 줄 번호(1부터) · 본문 줄은 공백 제거 후 같은 줄을 목차 순서대로 찾은 것","은행연합회 www.kfb.or.kr 자율규제·모범규준 게시판(2026.1.6 개정본) — 원문 미수집: https://www.kfb.or.kr/robots.txt (HTTP 200, 2026-10-01T17:15:49+09:00, sha256 133e4db054e73a10…): 「User-agent: * / Disallow: /」; https://kfb.or.kr/robots.txt (HTTP 200, 2026-10-01T17:15:52+09:00, sha256 133e4db054e73a10…): 「User-agent: * / Disallow: /」; https://portal.kfb.or.kr/robots.txt (HTTP 200, 2026-10-01T17:15:55+09:00, sha256 133e4db054e73a10…): 「User-agent: * / Disallow: /」",생명보험협회 https://www.klia.or.kr/member/insurRegul/selfRegul/list.do(회원사 > 자율규제운영 > 자율규제 규정정보) 「지배구조 및 보수체계 연차보고서 작성기준」(제·개정월 2026-01) 원문보기 https://www.klia.or.kr/FileDown.do?fileNo=21190&seq=2 · 원파일명 지배구조 및 보수체계 연차보고서 작성기준(20260123).hwp · sha256 be90c671e983fa26d64d3b38a231c1807745ba4960a597985875cd0a76069b6f · 텍스트 handoff/원문_10차/작성기준_생보협회.md,2026-10-01T17:16:07+09:00
목차,다. 활동내역,확인 불가,확인 불가(원문 미수집),제1절 2. 다. · 목차표 md 55행 · 목차상 13쪽 · 본문 md 549행,다. 활동내역,확인 불가,"은행연합회 원문 미수집(robots.txt 「User-agent: * / Disallow: /」, 우회 없음) — 대조 불가라 차이여부 「확인 불가」. hwp 는 쪽 정보가 없어 위치는 이 md 줄 번호(1부터) · 본문 줄은 공백 제거 후 같은 줄을 목차 순서대로 찾은 것","은행연합회 www.kfb.or.kr 자율규제·모범규준 게시판(2026.1.6 개정본) — 원문 미수집: https://www.kfb.or.kr/robots.txt (HTTP 200, 2026-10-01T17:15:49+09:00, sha256 133e4db054e73a10…): 「User-agent: * / Disallow: /」; https://kfb.or.kr/robots.txt (HTTP 200, 2026-10-01T17:15:52+09:00, sha256 133e4db054e73a10…): 「User-agent: * / Disallow: /」; https://portal.kfb.or.kr/robots.txt (HTTP 200, 2026-10-01T17:15:55+09:00, sha256 133e4db054e73a10…): 「User-agent: * / Disallow: /」",생명보험협회 https://www.klia.or.kr/member/insurRegul/selfRegul/list.do(회원사 > 자율규제운영 > 자율규제 규정정보) 「지배구조 및 보수체계 연차보고서 작성기준」(제·개정월 2026-01) 원문보기 https://www.klia.or.kr/FileDown.do?fileNo=21190&seq=2 · 원파일명 지배구조 및 보수체계 연차보고서 작성기준(20260123).hwp · sha256 be90c671e983fa26d64d3b38a231c1807745ba4960a597985875cd0a76069b6f · 텍스트 handoff/원문_10차/작성기준_생보협회.md,2026-10-01T17:16:07+09:00
목차,1) 활동내역 개요,확인 불가,확인 불가(원문 미수집),제1절 2. 다. 1) · 목차표 md 56행 · 목차상 13쪽 · 본문 md 555행,1) 활동내역 개요,확인 불가,"은행연합회 원문 미수집(robots.txt 「User-agent: * / Disallow: /」, 우회 없음) — 대조 불가라 차이여부 「확인 불가」. hwp 는 쪽 정보가 없어 위치는 이 md 줄 번호(1부터) · 본문 줄은 공백 제거 후 같은 줄을 목차 순서대로 찾은 것","은행연합회 www.kfb.or.kr 자율규제·모범규준 게시판(2026.1.6 개정본) — 원문 미수집: https://www.kfb.or.kr/robots.txt (HTTP 200, 2026-10-01T17:15:49+09:00, sha256 133e4db054e73a10…): 「User-agent: * / Disallow: /」; https://kfb.or.kr/robots.txt (HTTP 200, 2026-10-01T17:15:52+09:00, sha256 133e4db054e73a10…): 「User-agent: * / Disallow: /」; https://portal.kfb.or.kr/robots.txt (HTTP 200, 2026-10-01T17:15:55+09:00, sha256 133e4db054e73a10…): 「User-agent: * / Disallow: /」",생명보험협회 https://www.klia.or.kr/member/insurRegul/selfRegul/list.do(회원사 > 자율규제운영 > 자율규제 규정정보) 「지배구조 및 보수체계 연차보고서 작성기준」(제·개정월 2026-01) 원문보기 https://www.klia.or.kr/FileDown.do?fileNo=21190&seq=2 · 원파일명 지배구조 및 보수체계 연차보고서 작성기준(20260123).hwp · sha256 be90c671e983fa26d64d3b38a231c1807745ba4960a597985875cd0a76069b6f · 텍스트 handoff/원문_10차/작성기준_생보협회.md,2026-10-01T17:16:07+09:00
목차,2) 회의 개최내역,확인 불가,확인 불가(원문 미수집),제1절 2. 다. 2) · 목차표 md 57행 · 목차상 13쪽 · 본문 md 565행,2) 회의 개최내역,확인 불가,"은행연합회 원문 미수집(robots.txt 「User-agent: * / Disallow: /」, 우회 없음) — 대조 불가라 차이여부 「확인 불가」. hwp 는 쪽 정보가 없어 위치는 이 md 줄 번호(1부터) · 본문 줄은 공백 제거 후 같은 줄을 목차 순서대로 찾은 것","은행연합회 www.kfb.or.kr 자율규제·모범규준 게시판(2026.1.6 개정본) — 원문 미수집: https://www.kfb.or.kr/robots.txt (HTTP 200, 2026-10-01T17:15:49+09:00, sha256 133e4db054e73a10…): 「User-agent: * / Disallow: /」; https://kfb.or.kr/robots.txt (HTTP 200, 2026-10-01T17:15:52+09:00, sha256 133e4db054e73a10…): 「User-agent: * / Disallow: /」; https://portal.kfb.or.kr/robots.txt (HTTP 200, 2026-10-01T17:15:55+09:00, sha256 133e4db054e73a10…): 「User-agent: * / Disallow: /」",생명보험협회 https://www.klia.or.kr/member/insurRegul/selfRegul/list.do(회원사 > 자율규제운영 > 자율규제 규정정보) 「지배구조 및 보수체계 연차보고서 작성기준」(제·개정월 2026-01) 원문보기 https://www.klia.or.kr/FileDown.do?fileNo=21190&seq=2 · 원파일명 지배구조 및 보수체계 연차보고서 작성기준(20260123).hwp · sha256 be90c671e983fa26d64d3b38a231c1807745ba4960a597985875cd0a76069b6f · 텍스트 handoff/원문_10차/작성기준_생보협회.md,2026-10-01T17:16:07+09:00
목차,라. 이사회 및 이사에 대한 직무 평가,확인 불가,확인 불가(원문 미수집),제1절 2. 라. · 목차표 md 58행 · 목차상 14쪽 · 본문 md 588행,라. 이사회 및 이사에 대한 직무 평가,확인 불가,"은행연합회 원문 미수집(robots.txt 「User-agent: * / Disallow: /」, 우회 없음) — 대조 불가라 차이여부 「확인 불가」. hwp 는 쪽 정보가 없어 위치는 이 md 줄 번호(1부터) · 본문 줄은 공백 제거 후 같은 줄을 목차 순서대로 찾은 것","은행연합회 www.kfb.or.kr 자율규제·모범규준 게시판(2026.1.6 개정본) — 원문 미수집: https://www.kfb.or.kr/robots.txt (HTTP 200, 2026-10-01T17:15:49+09:00, sha256 133e4db054e73a10…): 「User-agent: * / Disallow: /」; https://kfb.or.kr/robots.txt (HTTP 200, 2026-10-01T17:15:52+09:00, sha256 133e4db054e73a10…): 「User-agent: * / Disallow: /」; https://portal.kfb.or.kr/robots.txt (HTTP 200, 2026-10-01T17:15:55+09:00, sha256 133e4db054e73a10…): 「User-agent: * / Disallow: /」",생명보험협회 https://www.klia.or.kr/member/insurRegul/selfRegul/list.do(회원사 > 자율규제운영 > 자율규제 규정정보) 「지배구조 및 보수체계 연차보고서 작성기준」(제·개정월 2026-01) 원문보기 https://www.klia.or.kr/FileDown.do?fileNo=21190&seq=2 · 원파일명 지배구조 및 보수체계 연차보고서 작성기준(20260123).hwp · sha256 be90c671e983fa26d64d3b38a231c1807745ba4960a597985875cd0a76069b6f · 텍스트 handoff/원문_10차/작성기준_생보협회.md,2026-10-01T17:16:07+09:00
목차,1) 이사회 평가,확인 불가,확인 불가(원문 미수집),제1절 2. 라. 1) · 목차표 md 59행 · 목차상 14쪽 · 본문 md 589행,1) 이사회 평가,확인 불가,"은행연합회 원문 미수집(robots.txt 「User-agent: * / Disallow: /」, 우회 없음) — 대조 불가라 차이여부 「확인 불가」. hwp 는 쪽 정보가 없어 위치는 이 md 줄 번호(1부터) · 본문 줄은 공백 제거 후 같은 줄을 목차 순서대로 찾은 것","은행연합회 www.kfb.or.kr 자율규제·모범규준 게시판(2026.1.6 개정본) — 원문 미수집: https://www.kfb.or.kr/robots.txt (HTTP 200, 2026-10-01T17:15:49+09:00, sha256 133e4db054e73a10…): 「User-agent: * / Disallow: /」; https://kfb.or.kr/robots.txt (HTTP 200, 2026-10-01T17:15:52+09:00, sha256 133e4db054e73a10…): 「User-agent: * / Disallow: /」; https://portal.kfb.or.kr/robots.txt (HTTP 200, 2026-10-01T17:15:55+09:00, sha256 133e4db054e73a10…): 「User-agent: * / Disallow: /」",생명보험협회 https://www.klia.or.kr/member/insurRegul/selfRegul/list.do(회원사 > 자율규제운영 > 자율규제 규정정보) 「지배구조 및 보수체계 연차보고서 작성기준」(제·개정월 2026-01) 원문보기 https://www.klia.or.kr/FileDown.do?fileNo=21190&seq=2 · 원파일명 지배구조 및 보수체계 연차보고서 작성기준(20260123).hwp · sha256 be90c671e983fa26d64d3b38a231c1807745ba4960a597985875cd0a76069b6f · 텍스트 handoff/원문_10차/작성기준_생보협회.md,2026-10-01T17:16:07+09:00
목차,2) 이사에 대한 직무평가 기준,확인 불가,확인 불가(원문 미수집),제1절 2. 라. 2) · 목차표 md 60행 · 목차상 15쪽 · 본문 md 600행,2) 이사에 대한 직무평가 기준,확인 불가,"은행연합회 원문 미수집(robots.txt 「User-agent: * / Disallow: /」, 우회 없음) — 대조 불가라 차이여부 「확인 불가」. hwp 는 쪽 정보가 없어 위치는 이 md 줄 번호(1부터) · 본문 줄은 공백 제거 후 같은 줄을 목차 순서대로 찾은 것","은행연합회 www.kfb.or.kr 자율규제·모범규준 게시판(2026.1.6 개정본) — 원문 미수집: https://www.kfb.or.kr/robots.txt (HTTP 200, 2026-10-01T17:15:49+09:00, sha256 133e4db054e73a10…): 「User-agent: * / Disallow: /」; https://kfb.or.kr/robots.txt (HTTP 200, 2026-10-01T17:15:52+09:00, sha256 133e4db054e73a10…): 「User-agent: * / Disallow: /」; https://portal.kfb.or.kr/robots.txt (HTTP 200, 2026-10-01T17:15:55+09:00, sha256 133e4db054e73a10…): 「User-agent: * / Disallow: /」",생명보험협회 https://www.klia.or.kr/member/insurRegul/selfRegul/list.do(회원사 > 자율규제운영 > 자율규제 규정정보) 「지배구조 및 보수체계 연차보고서 작성기준」(제·개정월 2026-01) 원문보기 https://www.klia.or.kr/FileDown.do?fileNo=21190&seq=2 · 원파일명 지배구조 및 보수체계 연차보고서 작성기준(20260123).hwp · sha256 be90c671e983fa26d64d3b38a231c1807745ba4960a597985875cd0a76069b6f · 텍스트 handoff/원문_10차/작성기준_생보협회.md,2026-10-01T17:16:07+09:00
목차,마. 사외이사가 아닌 이사회 의장 선임 사유,확인 불가,확인 불가(원문 미수집),제1절 2. 마. · 목차표 md 61행 · 목차상 16쪽 · 본문 md 609행,마. 사외이사가 아닌 이사회 의장 선임 사유,확인 불가,"은행연합회 원문 미수집(robots.txt 「User-agent: * / Disallow: /」, 우회 없음) — 대조 불가라 차이여부 「확인 불가」. hwp 는 쪽 정보가 없어 위치는 이 md 줄 번호(1부터) · 본문 줄은 공백 제거 후 같은 줄을 목차 순서대로 찾은 것","은행연합회 www.kfb.or.kr 자율규제·모범규준 게시판(2026.1.6 개정본) — 원문 미수집: https://www.kfb.or.kr/robots.txt (HTTP 200, 2026-10-01T17:15:49+09:00, sha256 133e4db054e73a10…): 「User-agent: * / Disallow: /」; https://kfb.or.kr/robots.txt (HTTP 200, 2026-10-01T17:15:52+09:00, sha256 133e4db054e73a10…): 「User-agent: * / Disallow: /」; https://portal.kfb.or.kr/robots.txt (HTTP 200, 2026-10-01T17:15:55+09:00, sha256 133e4db054e73a10…): 「User-agent: * / Disallow: /」",생명보험협회 https://www.klia.or.kr/member/insurRegul/selfRegul/list.do(회원사 > 자율규제운영 > 자율규제 규정정보) 「지배구조 및 보수체계 연차보고서 작성기준」(제·개정월 2026-01) 원문보기 https://www.klia.or.kr/FileDown.do?fileNo=21190&seq=2 · 원파일명 지배구조 및 보수체계 연차보고서 작성기준(20260123).hwp · sha256 be90c671e983fa26d64d3b38a231c1807745ba4960a597985875cd0a76069b6f · 텍스트 handoff/원문_10차/작성기준_생보협회.md,2026-10-01T17:16:07+09:00
목차,3. 임원후보추천위원회,확인 불가,확인 불가(원문 미수집),제1절 3. · 목차표 md 63행 · 목차상 17쪽 · 본문 md 619행,3. 임원후보추천위원회,확인 불가,"은행연합회 원문 미수집(robots.txt 「User-agent: * / Disallow: /」, 우회 없음) — 대조 불가라 차이여부 「확인 불가」. hwp 는 쪽 정보가 없어 위치는 이 md 줄 번호(1부터) · 본문 줄은 공백 제거 후 같은 줄을 목차 순서대로 찾은 것","은행연합회 www.kfb.or.kr 자율규제·모범규준 게시판(2026.1.6 개정본) — 원문 미수집: https://www.kfb.or.kr/robots.txt (HTTP 200, 2026-10-01T17:15:49+09:00, sha256 133e4db054e73a10…): 「User-agent: * / Disallow: /」; https://kfb.or.kr/robots.txt (HTTP 200, 2026-10-01T17:15:52+09:00, sha256 133e4db054e73a10…): 「User-agent: * / Disallow: /」; https://portal.kfb.or.kr/robots.txt (HTTP 200, 2026-10-01T17:15:55+09:00, sha256 133e4db054e73a10…): 「User-agent: * / Disallow: /」",생명보험협회 https://www.klia.or.kr/member/insurRegul/selfRegul/list.do(회원사 > 자율규제운영 > 자율규제 규정정보) 「지배구조 및 보수체계 연차보고서 작성기준」(제·개정월 2026-01) 원문보기 https://www.klia.or.kr/FileDown.do?fileNo=21190&seq=2 · 원파일명 지배구조 및 보수체계 연차보고서 작성기준(20260123).hwp · sha256 be90c671e983fa26d64d3b38a231c1807745ba4960a597985875cd0a76069b6f · 텍스트 handoff/원문_10차/작성기준_생보협회.md,2026-10-01T17:16:07+09:00
목차,가. 역할(권한과 책임),확인 불가,확인 불가(원문 미수집),제1절 3. 가. · 목차표 md 64행 · 목차상 17쪽 · 본문 md 625행,가. 역할(권한과 책임),확인 불가,"은행연합회 원문 미수집(robots.txt 「User-agent: * / Disallow: /」, 우회 없음) — 대조 불가라 차이여부 「확인 불가」. hwp 는 쪽 정보가 없어 위치는 이 md 줄 번호(1부터) · 본문 줄은 공백 제거 후 같은 줄을 목차 순서대로 찾은 것","은행연합회 www.kfb.or.kr 자율규제·모범규준 게시판(2026.1.6 개정본) — 원문 미수집: https://www.kfb.or.kr/robots.txt (HTTP 200, 2026-10-01T17:15:49+09:00, sha256 133e4db054e73a10…): 「User-agent: * / Disallow: /」; https://kfb.or.kr/robots.txt (HTTP 200, 2026-10-01T17:15:52+09:00, sha256 133e4db054e73a10…): 「User-agent: * / Disallow: /」; https://portal.kfb.or.kr/robots.txt (HTTP 200, 2026-10-01T17:15:55+09:00, sha256 133e4db054e73a10…): 「User-agent: * / Disallow: /」",생명보험협회 https://www.klia.or.kr/member/insurRegul/selfRegul/list.do(회원사 > 자율규제운영 > 자율규제 규정정보) 「지배구조 및 보수체계 연차보고서 작성기준」(제·개정월 2026-01) 원문보기 https://www.klia.or.kr/FileDown.do?fileNo=21190&seq=2 · 원파일명 지배구조 및 보수체계 연차보고서 작성기준(20260123).hwp · sha256 be90c671e983fa26d64d3b38a231c1807745ba4960a597985875cd0a76069b6f · 텍스트 handoff/원문_10차/작성기준_생보협회.md,2026-10-01T17:16:07+09:00
목차,나. 구성,확인 불가,확인 불가(원문 미수집),제1절 3. 나. · 목차표 md 65행 · 목차상 19쪽 · 본문 md 643행,나. 구성,확인 불가,"은행연합회 원문 미수집(robots.txt 「User-agent: * / Disallow: /」, 우회 없음) — 대조 불가라 차이여부 「확인 불가」. hwp 는 쪽 정보가 없어 위치는 이 md 줄 번호(1부터) · 본문 줄은 공백 제거 후 같은 줄을 목차 순서대로 찾은 것","은행연합회 www.kfb.or.kr 자율규제·모범규준 게시판(2026.1.6 개정본) — 원문 미수집: https://www.kfb.or.kr/robots.txt (HTTP 200, 2026-10-01T17:15:49+09:00, sha256 133e4db054e73a10…): 「User-agent: * / Disallow: /」; https://kfb.or.kr/robots.txt (HTTP 200, 2026-10-01T17:15:52+09:00, sha256 133e4db054e73a10…): 「User-agent: * / Disallow: /」; https://portal.kfb.or.kr/robots.txt (HTTP 200, 2026-10-01T17:15:55+09:00, sha256 133e4db054e73a10…): 「User-agent: * / Disallow: /」",생명보험협회 https://www.klia.or.kr/member/insurRegul/selfRegul/list.do(회원사 > 자율규제운영 > 자율규제 규정정보) 「지배구조 및 보수체계 연차보고서 작성기준」(제·개정월 2026-01) 원문보기 https://www.klia.or.kr/FileDown.do?fileNo=21190&seq=2 · 원파일명 지배구조 및 보수체계 연차보고서 작성기준(20260123).hwp · sha256 be90c671e983fa26d64d3b38a231c1807745ba4960a597985875cd0a76069b6f · 텍스트 handoff/원문_10차/작성기준_생보협회.md,2026-10-01T17:16:07+09:00
목차,다. 선임기준,확인 불가,확인 불가(원문 미수집),제1절 3. 다. · 목차표 md 66행 · 목차상 20쪽 · 본문 md 662행,다. 선임기준,확인 불가,"은행연합회 원문 미수집(robots.txt 「User-agent: * / Disallow: /」, 우회 없음) — 대조 불가라 차이여부 「확인 불가」. hwp 는 쪽 정보가 없어 위치는 이 md 줄 번호(1부터) · 본문 줄은 공백 제거 후 같은 줄을 목차 순서대로 찾은 것","은행연합회 www.kfb.or.kr 자율규제·모범규준 게시판(2026.1.6 개정본) — 원문 미수집: https://www.kfb.or.kr/robots.txt (HTTP 200, 2026-10-01T17:15:49+09:00, sha256 133e4db054e73a10…): 「User-agent: * / Disallow: /」; https://kfb.or.kr/robots.txt (HTTP 200, 2026-10-01T17:15:52+09:00, sha256 133e4db054e73a10…): 「User-agent: * / Disallow: /」; https://portal.kfb.or.kr/robots.txt (HTTP 200, 2026-10-01T17:15:55+09:00, sha256 133e4db054e73a10…): 「User-agent: * / Disallow: /」",생명보험협회 https://www.klia.or.kr/member/insurRegul/selfRegul/list.do(회원사 > 자율규제운영 > 자율규제 규정정보) 「지배구조 및 보수체계 연차보고서 작성기준」(제·개정월 2026-01) 원문보기 https://www.klia.or.kr/FileDown.do?fileNo=21190&seq=2 · 원파일명 지배구조 및 보수체계 연차보고서 작성기준(20260123).hwp · sha256 be90c671e983fa26d64d3b38a231c1807745ba4960a597985875cd0a76069b6f · 텍스트 handoff/원문_10차/작성기준_생보협회.md,2026-10-01T17:16:07+09:00
목차,1) 후보 자격요건,확인 불가,확인 불가(원문 미수집),제1절 3. 다. 1) · 목차표 md 67행 · 목차상 20쪽 · 본문 md 663행,1) 후보 자격요건,확인 불가,"은행연합회 원문 미수집(robots.txt 「User-agent: * / Disallow: /」, 우회 없음) — 대조 불가라 차이여부 「확인 불가」. hwp 는 쪽 정보가 없어 위치는 이 md 줄 번호(1부터) · 본문 줄은 공백 제거 후 같은 줄을 목차 순서대로 찾은 것","은행연합회 www.kfb.or.kr 자율규제·모범규준 게시판(2026.1.6 개정본) — 원문 미수집: https://www.kfb.or.kr/robots.txt (HTTP 200, 2026-10-01T17:15:49+09:00, sha256 133e4db054e73a10…): 「User-agent: * / Disallow: /」; https://kfb.or.kr/robots.txt (HTTP 200, 2026-10-01T17:15:52+09:00, sha256 133e4db054e73a10…): 「User-agent: * / Disallow: /」; https://portal.kfb.or.kr/robots.txt (HTTP 200, 2026-10-01T17:15:55+09:00, sha256 133e4db054e73a10…): 「User-agent: * / Disallow: /」",생명보험협회 https://www.klia.or.kr/member/insurRegul/selfRegul/list.do(회원사 > 자율규제운영 > 자율규제 규정정보) 「지배구조 및 보수체계 연차보고서 작성기준」(제·개정월 2026-01) 원문보기 https://www.klia.or.kr/FileDown.do?fileNo=21190&seq=2 · 원파일명 지배구조 및 보수체계 연차보고서 작성기준(20260123).hwp · sha256 be90c671e983fa26d64d3b38a231c1807745ba4960a597985875cd0a76069b6f · 텍스트 handoff/원문_10차/작성기준_생보협회.md,2026-10-01T17:16:07+09:00
목차,2) 후보 추천 절차,확인 불가,확인 불가(원문 미수집),제1절 3. 다. 2) · 목차표 md 68행 · 목차상 20쪽 · 본문 md 664행,2) 후보 추천 절차,확인 불가,"은행연합회 원문 미수집(robots.txt 「User-agent: * / Disallow: /」, 우회 없음) — 대조 불가라 차이여부 「확인 불가」. hwp 는 쪽 정보가 없어 위치는 이 md 줄 번호(1부터) · 본문 줄은 공백 제거 후 같은 줄을 목차 순서대로 찾은 것","은행연합회 www.kfb.or.kr 자율규제·모범규준 게시판(2026.1.6 개정본) — 원문 미수집: https://www.kfb.or.kr/robots.txt (HTTP 200, 2026-10-01T17:15:49+09:00, sha256 133e4db054e73a10…): 「User-agent: * / Disallow: /」; https://kfb.or.kr/robots.txt (HTTP 200, 2026-10-01T17:15:52+09:00, sha256 133e4db054e73a10…): 「User-agent: * / Disallow: /」; https://portal.kfb.or.kr/robots.txt (HTTP 200, 2026-10-01T17:15:55+09:00, sha256 133e4db054e73a10…): 「User-agent: * / Disallow: /」",생명보험협회 https://www.klia.or.kr/member/insurRegul/selfRegul/list.do(회원사 > 자율규제운영 > 자율규제 규정정보) 「지배구조 및 보수체계 연차보고서 작성기준」(제·개정월 2026-01) 원문보기 https://www.klia.or.kr/FileDown.do?fileNo=21190&seq=2 · 원파일명 지배구조 및 보수체계 연차보고서 작성기준(20260123).hwp · sha256 be90c671e983fa26d64d3b38a231c1807745ba4960a597985875cd0a76069b6f · 텍스트 handoff/원문_10차/작성기준_생보협회.md,2026-10-01T17:16:07+09:00
목차,3) 임원 업무수행 평가 방식,확인 불가,확인 불가(원문 미수집),제1절 3. 다. 3) · 목차표 md 69행 · 목차상 20쪽 · 본문 md 673행,3) 임원 업무수행 평가 방식,확인 불가,"은행연합회 원문 미수집(robots.txt 「User-agent: * / Disallow: /」, 우회 없음) — 대조 불가라 차이여부 「확인 불가」. hwp 는 쪽 정보가 없어 위치는 이 md 줄 번호(1부터) · 본문 줄은 공백 제거 후 같은 줄을 목차 순서대로 찾은 것","은행연합회 www.kfb.or.kr 자율규제·모범규준 게시판(2026.1.6 개정본) — 원문 미수집: https://www.kfb.or.kr/robots.txt (HTTP 200, 2026-10-01T17:15:49+09:00, sha256 133e4db054e73a10…): 「User-agent: * / Disallow: /」; https://kfb.or.kr/robots.txt (HTTP 200, 2026-10-01T17:15:52+09:00, sha256 133e4db054e73a10…): 「User-agent: * / Disallow: /」; https://portal.kfb.or.kr/robots.txt (HTTP 200, 2026-10-01T17:15:55+09:00, sha256 133e4db054e73a10…): 「User-agent: * / Disallow: /」",생명보험협회 https://www.klia.or.kr/member/insurRegul/selfRegul/list.do(회원사 > 자율규제운영 > 자율규제 규정정보) 「지배구조 및 보수체계 연차보고서 작성기준」(제·개정월 2026-01) 원문보기 https://www.klia.or.kr/FileDown.do?fileNo=21190&seq=2 · 원파일명 지배구조 및 보수체계 연차보고서 작성기준(20260123).hwp · sha256 be90c671e983fa26d64d3b38a231c1807745ba4960a597985875cd0a76069b6f · 텍스트 handoff/원문_10차/작성기준_생보협회.md,2026-10-01T17:16:07+09:00
목차,라. 활동내역 및 평가,확인 불가,확인 불가(원문 미수집),제1절 3. 라. · 목차표 md 70행 · 목차상 21쪽 · 본문 md 674행,라. 활동내역 및 평가,확인 불가,"은행연합회 원문 미수집(robots.txt 「User-agent: * / Disallow: /」, 우회 없음) — 대조 불가라 차이여부 「확인 불가」. hwp 는 쪽 정보가 없어 위치는 이 md 줄 번호(1부터) · 본문 줄은 공백 제거 후 같은 줄을 목차 순서대로 찾은 것","은행연합회 www.kfb.or.kr 자율규제·모범규준 게시판(2026.1.6 개정본) — 원문 미수집: https://www.kfb.or.kr/robots.txt (HTTP 200, 2026-10-01T17:15:49+09:00, sha256 133e4db054e73a10…): 「User-agent: * / Disallow: /」; https://kfb.or.kr/robots.txt (HTTP 200, 2026-10-01T17:15:52+09:00, sha256 133e4db054e73a10…): 「User-agent: * / Disallow: /」; https://portal.kfb.or.kr/robots.txt (HTTP 200, 2026-10-01T17:15:55+09:00, sha256 133e4db054e73a10…): 「User-agent: * / Disallow: /」",생명보험협회 https://www.klia.or.kr/member/insurRegul/selfRegul/list.do(회원사 > 자율규제운영 > 자율규제 규정정보) 「지배구조 및 보수체계 연차보고서 작성기준」(제·개정월 2026-01) 원문보기 https://www.klia.or.kr/FileDown.do?fileNo=21190&seq=2 · 원파일명 지배구조 및 보수체계 연차보고서 작성기준(20260123).hwp · sha256 be90c671e983fa26d64d3b38a231c1807745ba4960a597985875cd0a76069b6f · 텍스트 handoff/원문_10차/작성기준_생보협회.md,2026-10-01T17:16:07+09:00
목차,1) 활동내역 개요,확인 불가,확인 불가(원문 미수집),제1절 3. 라. 1) · 목차표 md 71행 · 목차상 21쪽 · 본문 md 675행,1) 활동내역 개요,확인 불가,"은행연합회 원문 미수집(robots.txt 「User-agent: * / Disallow: /」, 우회 없음) — 대조 불가라 차이여부 「확인 불가」. hwp 는 쪽 정보가 없어 위치는 이 md 줄 번호(1부터) · 본문 줄은 공백 제거 후 같은 줄을 목차 순서대로 찾은 것","은행연합회 www.kfb.or.kr 자율규제·모범규준 게시판(2026.1.6 개정본) — 원문 미수집: https://www.kfb.or.kr/robots.txt (HTTP 200, 2026-10-01T17:15:49+09:00, sha256 133e4db054e73a10…): 「User-agent: * / Disallow: /」; https://kfb.or.kr/robots.txt (HTTP 200, 2026-10-01T17:15:52+09:00, sha256 133e4db054e73a10…): 「User-agent: * / Disallow: /」; https://portal.kfb.or.kr/robots.txt (HTTP 200, 2026-10-01T17:15:55+09:00, sha256 133e4db054e73a10…): 「User-agent: * / Disallow: /」",생명보험협회 https://www.klia.or.kr/member/insurRegul/selfRegul/list.do(회원사 > 자율규제운영 > 자율규제 규정정보) 「지배구조 및 보수체계 연차보고서 작성기준」(제·개정월 2026-01) 원문보기 https://www.klia.or.kr/FileDown.do?fileNo=21190&seq=2 · 원파일명 지배구조 및 보수체계 연차보고서 작성기준(20260123).hwp · sha256 be90c671e983fa26d64d3b38a231c1807745ba4960a597985875cd0a76069b6f · 텍스트 handoff/원문_10차/작성기준_생보협회.md,2026-10-01T17:16:07+09:00
목차,2) 회의 개최내역,확인 불가,확인 불가(원문 미수집),제1절 3. 라. 2) · 목차표 md 72행 · 목차상 21쪽 · 본문 md 683행,2) 회의 개최내역,확인 불가,"은행연합회 원문 미수집(robots.txt 「User-agent: * / Disallow: /」, 우회 없음) — 대조 불가라 차이여부 「확인 불가」. hwp 는 쪽 정보가 없어 위치는 이 md 줄 번호(1부터) · 본문 줄은 공백 제거 후 같은 줄을 목차 순서대로 찾은 것","은행연합회 www.kfb.or.kr 자율규제·모범규준 게시판(2026.1.6 개정본) — 원문 미수집: https://www.kfb.or.kr/robots.txt (HTTP 200, 2026-10-01T17:15:49+09:00, sha256 133e4db054e73a10…): 「User-agent: * / Disallow: /」; https://kfb.or.kr/robots.txt (HTTP 200, 2026-10-01T17:15:52+09:00, sha256 133e4db054e73a10…): 「User-agent: * / Disallow: /」; https://portal.kfb.or.kr/robots.txt (HTTP 200, 2026-10-01T17:15:55+09:00, sha256 133e4db054e73a10…): 「User-agent: * / Disallow: /」",생명보험협회 https://www.klia.or.kr/member/insurRegul/selfRegul/list.do(회원사 > 자율규제운영 > 자율규제 규정정보) 「지배구조 및 보수체계 연차보고서 작성기준」(제·개정월 2026-01) 원문보기 https://www.klia.or.kr/FileDown.do?fileNo=21190&seq=2 · 원파일명 지배구조 및 보수체계 연차보고서 작성기준(20260123).hwp · sha256 be90c671e983fa26d64d3b38a231c1807745ba4960a597985875cd0a76069b6f · 텍스트 handoff/원문_10차/작성기준_생보협회.md,2026-10-01T17:16:07+09:00
목차,3) 평가,확인 불가,확인 불가(원문 미수집),제1절 3. 라. 3) · 목차표 md 73행 · 목차상 22쪽 · 본문 md 705행,3) 평가,확인 불가,"은행연합회 원문 미수집(robots.txt 「User-agent: * / Disallow: /」, 우회 없음) — 대조 불가라 차이여부 「확인 불가」. hwp 는 쪽 정보가 없어 위치는 이 md 줄 번호(1부터) · 본문 줄은 공백 제거 후 같은 줄을 목차 순서대로 찾은 것","은행연합회 www.kfb.or.kr 자율규제·모범규준 게시판(2026.1.6 개정본) — 원문 미수집: https://www.kfb.or.kr/robots.txt (HTTP 200, 2026-10-01T17:15:49+09:00, sha256 133e4db054e73a10…): 「User-agent: * / Disallow: /」; https://kfb.or.kr/robots.txt (HTTP 200, 2026-10-01T17:15:52+09:00, sha256 133e4db054e73a10…): 「User-agent: * / Disallow: /」; https://portal.kfb.or.kr/robots.txt (HTTP 200, 2026-10-01T17:15:55+09:00, sha256 133e4db054e73a10…): 「User-agent: * / Disallow: /」",생명보험협회 https://www.klia.or.kr/member/insurRegul/selfRegul/list.do(회원사 > 자율규제운영 > 자율규제 규정정보) 「지배구조 및 보수체계 연차보고서 작성기준」(제·개정월 2026-01) 원문보기 https://www.klia.or.kr/FileDown.do?fileNo=21190&seq=2 · 원파일명 지배구조 및 보수체계 연차보고서 작성기준(20260123).hwp · sha256 be90c671e983fa26d64d3b38a231c1807745ba4960a597985875cd0a76069b6f · 텍스트 handoff/원문_10차/작성기준_생보협회.md,2026-10-01T17:16:07+09:00
목차,마. 임원후보 추천 관련사항,확인 불가,확인 불가(원문 미수집),제1절 3. 마. · 목차표 md 74행 · 목차상 23쪽 · 본문 md 716행,마. 임원후보 추천 관련사항,확인 불가,"은행연합회 원문 미수집(robots.txt 「User-agent: * / Disallow: /」, 우회 없음) — 대조 불가라 차이여부 「확인 불가」. hwp 는 쪽 정보가 없어 위치는 이 md 줄 번호(1부터) · 본문 줄은 공백 제거 후 같은 줄을 목차 순서대로 찾은 것","은행연합회 www.kfb.or.kr 자율규제·모범규준 게시판(2026.1.6 개정본) — 원문 미수집: https://www.kfb.or.kr/robots.txt (HTTP 200, 2026-10-01T17:15:49+09:00, sha256 133e4db054e73a10…): 「User-agent: * / Disallow: /」; https://kfb.or.kr/robots.txt (HTTP 200, 2026-10-01T17:15:52+09:00, sha256 133e4db054e73a10…): 「User-agent: * / Disallow: /」; https://portal.kfb.or.kr/robots.txt (HTTP 200, 2026-10-01T17:15:55+09:00, sha256 133e4db054e73a10…): 「User-agent: * / Disallow: /」",생명보험협회 https://www.klia.or.kr/member/insurRegul/selfRegul/list.do(회원사 > 자율규제운영 > 자율규제 규정정보) 「지배구조 및 보수체계 연차보고서 작성기준」(제·개정월 2026-01) 원문보기 https://www.klia.or.kr/FileDown.do?fileNo=21190&seq=2 · 원파일명 지배구조 및 보수체계 연차보고서 작성기준(20260123).hwp · sha256 be90c671e983fa26d64d3b38a231c1807745ba4960a597985875cd0a76069b6f · 텍스트 handoff/원문_10차/작성기준_생보협회.md,2026-10-01T17:16:07+09:00
목차,1) 대표이사 후보,확인 불가,확인 불가(원문 미수집),제1절 3. 마. 1) · 목차표 md 75행 · 목차상 23쪽 · 본문 md 717행,1) 대표이사 후보,확인 불가,"은행연합회 원문 미수집(robots.txt 「User-agent: * / Disallow: /」, 우회 없음) — 대조 불가라 차이여부 「확인 불가」. hwp 는 쪽 정보가 없어 위치는 이 md 줄 번호(1부터) · 본문 줄은 공백 제거 후 같은 줄을 목차 순서대로 찾은 것","은행연합회 www.kfb.or.kr 자율규제·모범규준 게시판(2026.1.6 개정본) — 원문 미수집: https://www.kfb.or.kr/robots.txt (HTTP 200, 2026-10-01T17:15:49+09:00, sha256 133e4db054e73a10…): 「User-agent: * / Disallow: /」; https://kfb.or.kr/robots.txt (HTTP 200, 2026-10-01T17:15:52+09:00, sha256 133e4db054e73a10…): 「User-agent: * / Disallow: /」; https://portal.kfb.or.kr/robots.txt (HTTP 200, 2026-10-01T17:15:55+09:00, sha256 133e4db054e73a10…): 「User-agent: * / Disallow: /」",생명보험협회 https://www.klia.or.kr/member/insurRegul/selfRegul/list.do(회원사 > 자율규제운영 > 자율규제 규정정보) 「지배구조 및 보수체계 연차보고서 작성기준」(제·개정월 2026-01) 원문보기 https://www.klia.or.kr/FileDown.do?fileNo=21190&seq=2 · 원파일명 지배구조 및 보수체계 연차보고서 작성기준(20260123).hwp · sha256 be90c671e983fa26d64d3b38a231c1807745ba4960a597985875cd0a76069b6f · 텍스트 handoff/원문_10차/작성기준_생보협회.md,2026-10-01T17:16:07+09:00
목차,가) 후보자 인적사항,확인 불가,확인 불가(원문 미수집),제1절 3. 마. 1) 가) · 목차표 md 76행 · 목차상 23쪽 · 본문 md 718행,가) 후보자 인적사항,확인 불가,"은행연합회 원문 미수집(robots.txt 「User-agent: * / Disallow: /」, 우회 없음) — 대조 불가라 차이여부 「확인 불가」. hwp 는 쪽 정보가 없어 위치는 이 md 줄 번호(1부터) · 본문 줄은 공백 제거 후 같은 줄을 목차 순서대로 찾은 것","은행연합회 www.kfb.or.kr 자율규제·모범규준 게시판(2026.1.6 개정본) — 원문 미수집: https://www.kfb.or.kr/robots.txt (HTTP 200, 2026-10-01T17:15:49+09:00, sha256 133e4db054e73a10…): 「User-agent: * / Disallow: /」; https://kfb.or.kr/robots.txt (HTTP 200, 2026-10-01T17:15:52+09:00, sha256 133e4db054e73a10…): 「User-agent: * / Disallow: /」; https://portal.kfb.or.kr/robots.txt (HTTP 200, 2026-10-01T17:15:55+09:00, sha256 133e4db054e73a10…): 「User-agent: * / Disallow: /」",생명보험협회 https://www.klia.or.kr/member/insurRegul/selfRegul/list.do(회원사 > 자율규제운영 > 자율규제 규정정보) 「지배구조 및 보수체계 연차보고서 작성기준」(제·개정월 2026-01) 원문보기 https://www.klia.or.kr/FileDown.do?fileNo=21190&seq=2 · 원파일명 지배구조 및 보수체계 연차보고서 작성기준(20260123).hwp · sha256 be90c671e983fa26d64d3b38a231c1807745ba4960a597985875cd0a76069b6f · 텍스트 handoff/원문_10차/작성기준_생보협회.md,2026-10-01T17:16:07+09:00
목차,"(1) 성명, (2) 출생연도, (3) 출신학교, (4) 경력",확인 불가,확인 불가(원문 미수집),제1절 3. 마. 1) 가) (1) · 목차표 md 77행 · 목차상 23쪽 · 본문 같은 제목 줄 못 찾음,"(1) 성명, (2) 출생연도, (3) 출신학교, (4) 경력",확인 불가,"은행연합회 원문 미수집(robots.txt 「User-agent: * / Disallow: /」, 우회 없음) — 대조 불가라 차이여부 「확인 불가」. hwp 는 쪽 정보가 없어 위치는 이 md 줄 번호(1부터) · 본문에서 공백 제거 후 같은 제목 줄을 못 찾음(목차표와 본문 표기가 다르거나 여러 항목을 한 칸에 묶음)","은행연합회 www.kfb.or.kr 자율규제·모범규준 게시판(2026.1.6 개정본) — 원문 미수집: https://www.kfb.or.kr/robots.txt (HTTP 200, 2026-10-01T17:15:49+09:00, sha256 133e4db054e73a10…): 「User-agent: * / Disallow: /」; https://kfb.or.kr/robots.txt (HTTP 200, 2026-10-01T17:15:52+09:00, sha256 133e4db054e73a10…): 「User-agent: * / Disallow: /」; https://portal.kfb.or.kr/robots.txt (HTTP 200, 2026-10-01T17:15:55+09:00, sha256 133e4db054e73a10…): 「User-agent: * / Disallow: /」",생명보험협회 https://www.klia.or.kr/member/insurRegul/selfRegul/list.do(회원사 > 자율규제운영 > 자율규제 규정정보) 「지배구조 및 보수체계 연차보고서 작성기준」(제·개정월 2026-01) 원문보기 https://www.klia.or.kr/FileDown.do?fileNo=21190&seq=2 · 원파일명 지배구조 및 보수체계 연차보고서 작성기준(20260123).hwp · sha256 be90c671e983fa26d64d3b38a231c1807745ba4960a597985875cd0a76069b6f · 텍스트 handoff/원문_10차/작성기준_생보협회.md,2026-10-01T17:16:07+09:00
목차,나) 후보 제안자,확인 불가,확인 불가(원문 미수집),제1절 3. 마. 1) 나) · 목차표 md 78행 · 목차상 23쪽 · 본문 md 735행,나) 후보 제안자,확인 불가,"은행연합회 원문 미수집(robots.txt 「User-agent: * / Disallow: /」, 우회 없음) — 대조 불가라 차이여부 「확인 불가」. hwp 는 쪽 정보가 없어 위치는 이 md 줄 번호(1부터) · 본문 줄은 공백 제거 후 같은 줄을 목차 순서대로 찾은 것","은행연합회 www.kfb.or.kr 자율규제·모범규준 게시판(2026.1.6 개정본) — 원문 미수집: https://www.kfb.or.kr/robots.txt (HTTP 200, 2026-10-01T17:15:49+09:00, sha256 133e4db054e73a10…): 「User-agent: * / Disallow: /」; https://kfb.or.kr/robots.txt (HTTP 200, 2026-10-01T17:15:52+09:00, sha256 133e4db054e73a10…): 「User-agent: * / Disallow: /」; https://portal.kfb.or.kr/robots.txt (HTTP 200, 2026-10-01T17:15:55+09:00, sha256 133e4db054e73a10…): 「User-agent: * / Disallow: /」",생명보험협회 https://www.klia.or.kr/member/insurRegul/selfRegul/list.do(회원사 > 자율규제운영 > 자율규제 규정정보) 「지배구조 및 보수체계 연차보고서 작성기준」(제·개정월 2026-01) 원문보기 https://www.klia.or.kr/FileDown.do?fileNo=21190&seq=2 · 원파일명 지배구조 및 보수체계 연차보고서 작성기준(20260123).hwp · sha256 be90c671e983fa26d64d3b38a231c1807745ba4960a597985875cd0a76069b6f · 텍스트 handoff/원문_10차/작성기준_생보협회.md,2026-10-01T17:16:07+09:00
목차,"(1) 후보제안자 인적사항, (2) 후보자와의 관계",확인 불가,확인 불가(원문 미수집),제1절 3. 마. 1) 나) (1) · 목차표 md 79행 · 목차상 23쪽 · 본문 같은 제목 줄 못 찾음,"(1) 후보제안자 인적사항, (2) 후보자와의 관계",확인 불가,"은행연합회 원문 미수집(robots.txt 「User-agent: * / Disallow: /」, 우회 없음) — 대조 불가라 차이여부 「확인 불가」. hwp 는 쪽 정보가 없어 위치는 이 md 줄 번호(1부터) · 본문에서 공백 제거 후 같은 제목 줄을 못 찾음(목차표와 본문 표기가 다르거나 여러 항목을 한 칸에 묶음)","은행연합회 www.kfb.or.kr 자율규제·모범규준 게시판(2026.1.6 개정본) — 원문 미수집: https://www.kfb.or.kr/robots.txt (HTTP 200, 2026-10-01T17:15:49+09:00, sha256 133e4db054e73a10…): 「User-agent: * / Disallow: /」; https://kfb.or.kr/robots.txt (HTTP 200, 2026-10-01T17:15:52+09:00, sha256 133e4db054e73a10…): 「User-agent: * / Disallow: /」; https://portal.kfb.or.kr/robots.txt (HTTP 200, 2026-10-01T17:15:55+09:00, sha256 133e4db054e73a10…): 「User-agent: * / Disallow: /」",생명보험협회 https://www.klia.or.kr/member/insurRegul/selfRegul/list.do(회원사 > 자율규제운영 > 자율규제 규정정보) 「지배구조 및 보수체계 연차보고서 작성기준」(제·개정월 2026-01) 원문보기 https://www.klia.or.kr/FileDown.do?fileNo=21190&seq=2 · 원파일명 지배구조 및 보수체계 연차보고서 작성기준(20260123).hwp · sha256 be90c671e983fa26d64d3b38a231c1807745ba4960a597985875cd0a76069b6f · 텍스트 handoff/원문_10차/작성기준_생보협회.md,2026-10-01T17:16:07+09:00
목차,다) 후보자 추천 사유,확인 불가,확인 불가(원문 미수집),제1절 3. 마. 1) 다) · 목차표 md 80행 · 목차상 24쪽 · 본문 md 756행,다) 후보자 추천 사유,확인 불가,"은행연합회 원문 미수집(robots.txt 「User-agent: * / Disallow: /」, 우회 없음) — 대조 불가라 차이여부 「확인 불가」. hwp 는 쪽 정보가 없어 위치는 이 md 줄 번호(1부터) · 본문 줄은 공백 제거 후 같은 줄을 목차 순서대로 찾은 것","은행연합회 www.kfb.or.kr 자율규제·모범규준 게시판(2026.1.6 개정본) — 원문 미수집: https://www.kfb.or.kr/robots.txt (HTTP 200, 2026-10-01T17:15:49+09:00, sha256 133e4db054e73a10…): 「User-agent: * / Disallow: /」; https://kfb.or.kr/robots.txt (HTTP 200, 2026-10-01T17:15:52+09:00, sha256 133e4db054e73a10…): 「User-agent: * / Disallow: /」; https://portal.kfb.or.kr/robots.txt (HTTP 200, 2026-10-01T17:15:55+09:00, sha256 133e4db054e73a10…): 「User-agent: * / Disallow: /」",생명보험협회 https://www.klia.or.kr/member/insurRegul/selfRegul/list.do(회원사 > 자율규제운영 > 자율규제 규정정보) 「지배구조 및 보수체계 연차보고서 작성기준」(제·개정월 2026-01) 원문보기 https://www.klia.or.kr/FileDown.do?fileNo=21190&seq=2 · 원파일명 지배구조 및 보수체계 연차보고서 작성기준(20260123).hwp · sha256 be90c671e983fa26d64d3b38a231c1807745ba4960a597985875cd0a76069b6f · 텍스트 handoff/원문_10차/작성기준_생보협회.md,2026-10-01T17:16:07+09:00
목차,"(1) 후보제안자 추천이유, (2) 후보자 추천경로",확인 불가,확인 불가(원문 미수집),제1절 3. 마. 1) 다) (1) · 목차표 md 81행 · 목차상 24쪽 · 본문 같은 제목 줄 못 찾음,"(1) 후보제안자 추천이유, (2) 후보자 추천경로",확인 불가,"은행연합회 원문 미수집(robots.txt 「User-agent: * / Disallow: /」, 우회 없음) — 대조 불가라 차이여부 「확인 불가」. hwp 는 쪽 정보가 없어 위치는 이 md 줄 번호(1부터) · 본문에서 공백 제거 후 같은 제목 줄을 못 찾음(목차표와 본문 표기가 다르거나 여러 항목을 한 칸에 묶음)","은행연합회 www.kfb.or.kr 자율규제·모범규준 게시판(2026.1.6 개정본) — 원문 미수집: https://www.kfb.or.kr/robots.txt (HTTP 200, 2026-10-01T17:15:49+09:00, sha256 133e4db054e73a10…): 「User-agent: * / Disallow: /」; https://kfb.or.kr/robots.txt (HTTP 200, 2026-10-01T17:15:52+09:00, sha256 133e4db054e73a10…): 「User-agent: * / Disallow: /」; https://portal.kfb.or.kr/robots.txt (HTTP 200, 2026-10-01T17:15:55+09:00, sha256 133e4db054e73a10…): 「User-agent: * / Disallow: /」",생명보험협회 https://www.klia.or.kr/member/insurRegul/selfRegul/list.do(회원사 > 자율규제운영 > 자율규제 규정정보) 「지배구조 및 보수체계 연차보고서 작성기준」(제·개정월 2026-01) 원문보기 https://www.klia.or.kr/FileDown.do?fileNo=21190&seq=2 · 원파일명 지배구조 및 보수체계 연차보고서 작성기준(20260123).hwp · sha256 be90c671e983fa26d64d3b38a231c1807745ba4960a597985875cd0a76069b6f · 텍스트 handoff/원문_10차/작성기준_생보협회.md,2026-10-01T17:16:07+09:00
목차,라) 자격충족 여부,확인 불가,확인 불가(원문 미수집),제1절 3. 마. 1) 라) · 목차표 md 82행 · 목차상 25쪽 · 본문 md 774행,라) 자격충족 여부,확인 불가,"은행연합회 원문 미수집(robots.txt 「User-agent: * / Disallow: /」, 우회 없음) — 대조 불가라 차이여부 「확인 불가」. hwp 는 쪽 정보가 없어 위치는 이 md 줄 번호(1부터) · 본문 줄은 공백 제거 후 같은 줄을 목차 순서대로 찾은 것","은행연합회 www.kfb.or.kr 자율규제·모범규준 게시판(2026.1.6 개정본) — 원문 미수집: https://www.kfb.or.kr/robots.txt (HTTP 200, 2026-10-01T17:15:49+09:00, sha256 133e4db054e73a10…): 「User-agent: * / Disallow: /」; https://kfb.or.kr/robots.txt (HTTP 200, 2026-10-01T17:15:52+09:00, sha256 133e4db054e73a10…): 「User-agent: * / Disallow: /」; https://portal.kfb.or.kr/robots.txt (HTTP 200, 2026-10-01T17:15:55+09:00, sha256 133e4db054e73a10…): 「User-agent: * / Disallow: /」",생명보험협회 https://www.klia.or.kr/member/insurRegul/selfRegul/list.do(회원사 > 자율규제운영 > 자율규제 규정정보) 「지배구조 및 보수체계 연차보고서 작성기준」(제·개정월 2026-01) 원문보기 https://www.klia.or.kr/FileDown.do?fileNo=21190&seq=2 · 원파일명 지배구조 및 보수체계 연차보고서 작성기준(20260123).hwp · sha256 be90c671e983fa26d64d3b38a231c1807745ba4960a597985875cd0a76069b6f · 텍스트 handoff/원문_10차/작성기준_생보협회.md,2026-10-01T17:16:07+09:00
목차,"(1) 소극적 요건, (2) 금융회사가 정한 자격요건, (3) 본인 소명",확인 불가,확인 불가(원문 미수집),제1절 3. 마. 1) 라) (1) · 목차표 md 83행 · 목차상 25쪽 · 본문 같은 제목 줄 못 찾음,"(1) 소극적 요건, (2) 금융회사가 정한 자격요건, (3) 본인 소명",확인 불가,"은행연합회 원문 미수집(robots.txt 「User-agent: * / Disallow: /」, 우회 없음) — 대조 불가라 차이여부 「확인 불가」. hwp 는 쪽 정보가 없어 위치는 이 md 줄 번호(1부터) · 본문에서 공백 제거 후 같은 제목 줄을 못 찾음(목차표와 본문 표기가 다르거나 여러 항목을 한 칸에 묶음)","은행연합회 www.kfb.or.kr 자율규제·모범규준 게시판(2026.1.6 개정본) — 원문 미수집: https://www.kfb.or.kr/robots.txt (HTTP 200, 2026-10-01T17:15:49+09:00, sha256 133e4db054e73a10…): 「User-agent: * / Disallow: /」; https://kfb.or.kr/robots.txt (HTTP 200, 2026-10-01T17:15:52+09:00, sha256 133e4db054e73a10…): 「User-agent: * / Disallow: /」; https://portal.kfb.or.kr/robots.txt (HTTP 200, 2026-10-01T17:15:55+09:00, sha256 133e4db054e73a10…): 「User-agent: * / Disallow: /」",생명보험협회 https://www.klia.or.kr/member/insurRegul/selfRegul/list.do(회원사 > 자율규제운영 > 자율규제 규정정보) 「지배구조 및 보수체계 연차보고서 작성기준」(제·개정월 2026-01) 원문보기 https://www.klia.or.kr/FileDown.do?fileNo=21190&seq=2 · 원파일명 지배구조 및 보수체계 연차보고서 작성기준(20260123).hwp · sha256 be90c671e983fa26d64d3b38a231c1807745ba4960a597985875cd0a76069b6f · 텍스트 handoff/원문_10차/작성기준_생보협회.md,2026-10-01T17:16:07+09:00
목차,마) 임원후보추천위원회 검토 및 의결,확인 불가,확인 불가(원문 미수집),제1절 3. 마. 1) 마) · 목차표 md 84행 · 목차상 26쪽 · 본문 같은 제목 줄 못 찾음,마) 임원후보추천위원회 검토 및 의결,확인 불가,"은행연합회 원문 미수집(robots.txt 「User-agent: * / Disallow: /」, 우회 없음) — 대조 불가라 차이여부 「확인 불가」. hwp 는 쪽 정보가 없어 위치는 이 md 줄 번호(1부터) · 본문에서 공백 제거 후 같은 제목 줄을 못 찾음(목차표와 본문 표기가 다르거나 여러 항목을 한 칸에 묶음)","은행연합회 www.kfb.or.kr 자율규제·모범규준 게시판(2026.1.6 개정본) — 원문 미수집: https://www.kfb.or.kr/robots.txt (HTTP 200, 2026-10-01T17:15:49+09:00, sha256 133e4db054e73a10…): 「User-agent: * / Disallow: /」; https://kfb.or.kr/robots.txt (HTTP 200, 2026-10-01T17:15:52+09:00, sha256 133e4db054e73a10…): 「User-agent: * / Disallow: /」; https://portal.kfb.or.kr/robots.txt (HTTP 200, 2026-10-01T17:15:55+09:00, sha256 133e4db054e73a10…): 「User-agent: * / Disallow: /」",생명보험협회 https://www.klia.or.kr/member/insurRegul/selfRegul/list.do(회원사 > 자율규제운영 > 자율규제 규정정보) 「지배구조 및 보수체계 연차보고서 작성기준」(제·개정월 2026-01) 원문보기 https://www.klia.or.kr/FileDown.do?fileNo=21190&seq=2 · 원파일명 지배구조 및 보수체계 연차보고서 작성기준(20260123).hwp · sha256 be90c671e983fa26d64d3b38a231c1807745ba4960a597985875cd0a76069b6f · 텍스트 handoff/원문_10차/작성기준_생보협회.md,2026-10-01T17:16:07+09:00
목차,2) 대표집행임원 후보,확인 불가,확인 불가(원문 미수집),제1절 3. 마. 2) · 목차표 md 85행 · 목차상 27쪽 · 본문 md 806행,2) 대표집행임원 후보,확인 불가,"은행연합회 원문 미수집(robots.txt 「User-agent: * / Disallow: /」, 우회 없음) — 대조 불가라 차이여부 「확인 불가」. hwp 는 쪽 정보가 없어 위치는 이 md 줄 번호(1부터) · 본문 줄은 공백 제거 후 같은 줄을 목차 순서대로 찾은 것","은행연합회 www.kfb.or.kr 자율규제·모범규준 게시판(2026.1.6 개정본) — 원문 미수집: https://www.kfb.or.kr/robots.txt (HTTP 200, 2026-10-01T17:15:49+09:00, sha256 133e4db054e73a10…): 「User-agent: * / Disallow: /」; https://kfb.or.kr/robots.txt (HTTP 200, 2026-10-01T17:15:52+09:00, sha256 133e4db054e73a10…): 「User-agent: * / Disallow: /」; https://portal.kfb.or.kr/robots.txt (HTTP 200, 2026-10-01T17:15:55+09:00, sha256 133e4db054e73a10…): 「User-agent: * / Disallow: /」",생명보험협회 https://www.klia.or.kr/member/insurRegul/selfRegul/list.do(회원사 > 자율규제운영 > 자율규제 규정정보) 「지배구조 및 보수체계 연차보고서 작성기준」(제·개정월 2026-01) 원문보기 https://www.klia.or.kr/FileDown.do?fileNo=21190&seq=2 · 원파일명 지배구조 및 보수체계 연차보고서 작성기준(20260123).hwp · sha256 be90c671e983fa26d64d3b38a231c1807745ba4960a597985875cd0a76069b6f · 텍스트 handoff/원문_10차/작성기준_생보협회.md,2026-10-01T17:16:07+09:00
목차,가) 후보자 인적사항,확인 불가,확인 불가(원문 미수집),제1절 3. 마. 2) 가) · 목차표 md 86행 · 목차상 27쪽 · 본문 md 807행,가) 후보자 인적사항,확인 불가,"은행연합회 원문 미수집(robots.txt 「User-agent: * / Disallow: /」, 우회 없음) — 대조 불가라 차이여부 「확인 불가」. hwp 는 쪽 정보가 없어 위치는 이 md 줄 번호(1부터) · 본문 줄은 공백 제거 후 같은 줄을 목차 순서대로 찾은 것","은행연합회 www.kfb.or.kr 자율규제·모범규준 게시판(2026.1.6 개정본) — 원문 미수집: https://www.kfb.or.kr/robots.txt (HTTP 200, 2026-10-01T17:15:49+09:00, sha256 133e4db054e73a10…): 「User-agent: * / Disallow: /」; https://kfb.or.kr/robots.txt (HTTP 200, 2026-10-01T17:15:52+09:00, sha256 133e4db054e73a10…): 「User-agent: * / Disallow: /」; https://portal.kfb.or.kr/robots.txt (HTTP 200, 2026-10-01T17:15:55+09:00, sha256 133e4db054e73a10…): 「User-agent: * / Disallow: /」",생명보험협회 https://www.klia.or.kr/member/insurRegul/selfRegul/list.do(회원사 > 자율규제운영 > 자율규제 규정정보) 「지배구조 및 보수체계 연차보고서 작성기준」(제·개정월 2026-01) 원문보기 https://www.klia.or.kr/FileDown.do?fileNo=21190&seq=2 · 원파일명 지배구조 및 보수체계 연차보고서 작성기준(20260123).hwp · sha256 be90c671e983fa26d64d3b38a231c1807745ba4960a597985875cd0a76069b6f · 텍스트 handoff/원문_10차/작성기준_생보협회.md,2026-10-01T17:16:07+09:00
목차,"(1) 성명, (2) 출생연도, (3) 출신학교, (4) 경력",확인 불가,확인 불가(원문 미수집),제1절 3. 마. 2) 가) (1) · 목차표 md 87행 · 목차상 27쪽 · 본문 같은 제목 줄 못 찾음,"(1) 성명, (2) 출생연도, (3) 출신학교, (4) 경력",확인 불가,"은행연합회 원문 미수집(robots.txt 「User-agent: * / Disallow: /」, 우회 없음) — 대조 불가라 차이여부 「확인 불가」. hwp 는 쪽 정보가 없어 위치는 이 md 줄 번호(1부터) · 본문에서 공백 제거 후 같은 제목 줄을 못 찾음(목차표와 본문 표기가 다르거나 여러 항목을 한 칸에 묶음)","은행연합회 www.kfb.or.kr 자율규제·모범규준 게시판(2026.1.6 개정본) — 원문 미수집: https://www.kfb.or.kr/robots.txt (HTTP 200, 2026-10-01T17:15:49+09:00, sha256 133e4db054e73a10…): 「User-agent: * / Disallow: /」; https://kfb.or.kr/robots.txt (HTTP 200, 2026-10-01T17:15:52+09:00, sha256 133e4db054e73a10…): 「User-agent: * / Disallow: /」; https://portal.kfb.or.kr/robots.txt (HTTP 200, 2026-10-01T17:15:55+09:00, sha256 133e4db054e73a10…): 「User-agent: * / Disallow: /」",생명보험협회 https://www.klia.or.kr/member/insurRegul/selfRegul/list.do(회원사 > 자율규제운영 > 자율규제 규정정보) 「지배구조 및 보수체계 연차보고서 작성기준」(제·개정월 2026-01) 원문보기 https://www.klia.or.kr/FileDown.do?fileNo=21190&seq=2 · 원파일명 지배구조 및 보수체계 연차보고서 작성기준(20260123).hwp · sha256 be90c671e983fa26d64d3b38a231c1807745ba4960a597985875cd0a76069b6f · 텍스트 handoff/원문_10차/작성기준_생보협회.md,2026-10-01T17:16:07+09:00
목차,나) 후보 제안자,확인 불가,확인 불가(원문 미수집),제1절 3. 마. 2) 나) · 목차표 md 88행 · 목차상 27쪽 · 본문 md 823행,나) 후보 제안자,확인 불가,"은행연합회 원문 미수집(robots.txt 「User-agent: * / Disallow: /」, 우회 없음) — 대조 불가라 차이여부 「확인 불가」. hwp 는 쪽 정보가 없어 위치는 이 md 줄 번호(1부터) · 본문 줄은 공백 제거 후 같은 줄을 목차 순서대로 찾은 것","은행연합회 www.kfb.or.kr 자율규제·모범규준 게시판(2026.1.6 개정본) — 원문 미수집: https://www.kfb.or.kr/robots.txt (HTTP 200, 2026-10-01T17:15:49+09:00, sha256 133e4db054e73a10…): 「User-agent: * / Disallow: /」; https://kfb.or.kr/robots.txt (HTTP 200, 2026-10-01T17:15:52+09:00, sha256 133e4db054e73a10…): 「User-agent: * / Disallow: /」; https://portal.kfb.or.kr/robots.txt (HTTP 200, 2026-10-01T17:15:55+09:00, sha256 133e4db054e73a10…): 「User-agent: * / Disallow: /」",생명보험협회 https://www.klia.or.kr/member/insurRegul/selfRegul/list.do(회원사 > 자율규제운영 > 자율규제 규정정보) 「지배구조 및 보수체계 연차보고서 작성기준」(제·개정월 2026-01) 원문보기 https://www.klia.or.kr/FileDown.do?fileNo=21190&seq=2 · 원파일명 지배구조 및 보수체계 연차보고서 작성기준(20260123).hwp · sha256 be90c671e983fa26d64d3b38a231c1807745ba4960a597985875cd0a76069b6f · 텍스트 handoff/원문_10차/작성기준_생보협회.md,2026-10-01T17:16:07+09:00
목차,"(1) 후보제안자 인적사항, (2) 후보자와의 관계",확인 불가,확인 불가(원문 미수집),제1절 3. 마. 2) 나) (1) · 목차표 md 89행 · 목차상 27쪽 · 본문 같은 제목 줄 못 찾음,"(1) 후보제안자 인적사항, (2) 후보자와의 관계",확인 불가,"은행연합회 원문 미수집(robots.txt 「User-agent: * / Disallow: /」, 우회 없음) — 대조 불가라 차이여부 「확인 불가」. hwp 는 쪽 정보가 없어 위치는 이 md 줄 번호(1부터) · 본문에서 공백 제거 후 같은 제목 줄을 못 찾음(목차표와 본문 표기가 다르거나 여러 항목을 한 칸에 묶음)","은행연합회 www.kfb.or.kr 자율규제·모범규준 게시판(2026.1.6 개정본) — 원문 미수집: https://www.kfb.or.kr/robots.txt (HTTP 200, 2026-10-01T17:15:49+09:00, sha256 133e4db054e73a10…): 「User-agent: * / Disallow: /」; https://kfb.or.kr/robots.txt (HTTP 200, 2026-10-01T17:15:52+09:00, sha256 133e4db054e73a10…): 「User-agent: * / Disallow: /」; https://portal.kfb.or.kr/robots.txt (HTTP 200, 2026-10-01T17:15:55+09:00, sha256 133e4db054e73a10…): 「User-agent: * / Disallow: /」",생명보험협회 https://www.klia.or.kr/member/insurRegul/selfRegul/list.do(회원사 > 자율규제운영 > 자율규제 규정정보) 「지배구조 및 보수체계 연차보고서 작성기준」(제·개정월 2026-01) 원문보기 https://www.klia.or.kr/FileDown.do?fileNo=21190&seq=2 · 원파일명 지배구조 및 보수체계 연차보고서 작성기준(20260123).hwp · sha256 be90c671e983fa26d64d3b38a231c1807745ba4960a597985875cd0a76069b6f · 텍스트 handoff/원문_10차/작성기준_생보협회.md,2026-10-01T17:16:07+09:00
목차,다) 후보자 추천 사유,확인 불가,확인 불가(원문 미수집),제1절 3. 마. 2) 다) · 목차표 md 90행 · 목차상 28쪽 · 본문 md 844행,다) 후보자 추천 사유,확인 불가,"은행연합회 원문 미수집(robots.txt 「User-agent: * / Disallow: /」, 우회 없음) — 대조 불가라 차이여부 「확인 불가」. hwp 는 쪽 정보가 없어 위치는 이 md 줄 번호(1부터) · 본문 줄은 공백 제거 후 같은 줄을 목차 순서대로 찾은 것","은행연합회 www.kfb.or.kr 자율규제·모범규준 게시판(2026.1.6 개정본) — 원문 미수집: https://www.kfb.or.kr/robots.txt (HTTP 200, 2026-10-01T17:15:49+09:00, sha256 133e4db054e73a10…): 「User-agent: * / Disallow: /」; https://kfb.or.kr/robots.txt (HTTP 200, 2026-10-01T17:15:52+09:00, sha256 133e4db054e73a10…): 「User-agent: * / Disallow: /」; https://portal.kfb.or.kr/robots.txt (HTTP 200, 2026-10-01T17:15:55+09:00, sha256 133e4db054e73a10…): 「User-agent: * / Disallow: /」",생명보험협회 https://www.klia.or.kr/member/insurRegul/selfRegul/list.do(회원사 > 자율규제운영 > 자율규제 규정정보) 「지배구조 및 보수체계 연차보고서 작성기준」(제·개정월 2026-01) 원문보기 https://www.klia.or.kr/FileDown.do?fileNo=21190&seq=2 · 원파일명 지배구조 및 보수체계 연차보고서 작성기준(20260123).hwp · sha256 be90c671e983fa26d64d3b38a231c1807745ba4960a597985875cd0a76069b6f · 텍스트 handoff/원문_10차/작성기준_생보협회.md,2026-10-01T17:16:07+09:00
목차,"(1) 후보제안자 추천이유, (2) 후보자 추천경로",확인 불가,확인 불가(원문 미수집),제1절 3. 마. 2) 다) (1) · 목차표 md 91행 · 목차상 28쪽 · 본문 같은 제목 줄 못 찾음,"(1) 후보제안자 추천이유, (2) 후보자 추천경로",확인 불가,"은행연합회 원문 미수집(robots.txt 「User-agent: * / Disallow: /」, 우회 없음) — 대조 불가라 차이여부 「확인 불가」. hwp 는 쪽 정보가 없어 위치는 이 md 줄 번호(1부터) · 본문에서 공백 제거 후 같은 제목 줄을 못 찾음(목차표와 본문 표기가 다르거나 여러 항목을 한 칸에 묶음)","은행연합회 www.kfb.or.kr 자율규제·모범규준 게시판(2026.1.6 개정본) — 원문 미수집: https://www.kfb.or.kr/robots.txt (HTTP 200, 2026-10-01T17:15:49+09:00, sha256 133e4db054e73a10…): 「User-agent: * / Disallow: /」; https://kfb.or.kr/robots.txt (HTTP 200, 2026-10-01T17:15:52+09:00, sha256 133e4db054e73a10…): 「User-agent: * / Disallow: /」; https://portal.kfb.or.kr/robots.txt (HTTP 200, 2026-10-01T17:15:55+09:00, sha256 133e4db054e73a10…): 「User-agent: * / Disallow: /」",생명보험협회 https://www.klia.or.kr/member/insurRegul/selfRegul/list.do(회원사 > 자율규제운영 > 자율규제 규정정보) 「지배구조 및 보수체계 연차보고서 작성기준」(제·개정월 2026-01) 원문보기 https://www.klia.or.kr/FileDown.do?fileNo=21190&seq=2 · 원파일명 지배구조 및 보수체계 연차보고서 작성기준(20260123).hwp · sha256 be90c671e983fa26d64d3b38a231c1807745ba4960a597985875cd0a76069b6f · 텍스트 handoff/원문_10차/작성기준_생보협회.md,2026-10-01T17:16:07+09:00
목차,라) 자격충족 여부,확인 불가,확인 불가(원문 미수집),제1절 3. 마. 2) 라) · 목차표 md 92행 · 목차상 29쪽 · 본문 md 862행,라) 자격충족 여부,확인 불가,"은행연합회 원문 미수집(robots.txt 「User-agent: * / Disallow: /」, 우회 없음) — 대조 불가라 차이여부 「확인 불가」. hwp 는 쪽 정보가 없어 위치는 이 md 줄 번호(1부터) · 본문 줄은 공백 제거 후 같은 줄을 목차 순서대로 찾은 것","은행연합회 www.kfb.or.kr 자율규제·모범규준 게시판(2026.1.6 개정본) — 원문 미수집: https://www.kfb.or.kr/robots.txt (HTTP 200, 2026-10-01T17:15:49+09:00, sha256 133e4db054e73a10…): 「User-agent: * / Disallow: /」; https://kfb.or.kr/robots.txt (HTTP 200, 2026-10-01T17:15:52+09:00, sha256 133e4db054e73a10…): 「User-agent: * / Disallow: /」; https://portal.kfb.or.kr/robots.txt (HTTP 200, 2026-10-01T17:15:55+09:00, sha256 133e4db054e73a10…): 「User-agent: * / Disallow: /」",생명보험협회 https://www.klia.or.kr/member/insurRegul/selfRegul/list.do(회원사 > 자율규제운영 > 자율규제 규정정보) 「지배구조 및 보수체계 연차보고서 작성기준」(제·개정월 2026-01) 원문보기 https://www.klia.or.kr/FileDown.do?fileNo=21190&seq=2 · 원파일명 지배구조 및 보수체계 연차보고서 작성기준(20260123).hwp · sha256 be90c671e983fa26d64d3b38a231c1807745ba4960a597985875cd0a76069b6f · 텍스트 handoff/원문_10차/작성기준_생보협회.md,2026-10-01T17:16:07+09:00
목차,"(1) 소극적 요건, (2) 금융회사가 정한 자격요건, (3) 본인 소명",확인 불가,확인 불가(원문 미수집),제1절 3. 마. 2) 라) (1) · 목차표 md 93행 · 목차상 29쪽 · 본문 같은 제목 줄 못 찾음,"(1) 소극적 요건, (2) 금융회사가 정한 자격요건, (3) 본인 소명",확인 불가,"은행연합회 원문 미수집(robots.txt 「User-agent: * / Disallow: /」, 우회 없음) — 대조 불가라 차이여부 「확인 불가」. hwp 는 쪽 정보가 없어 위치는 이 md 줄 번호(1부터) · 본문에서 공백 제거 후 같은 제목 줄을 못 찾음(목차표와 본문 표기가 다르거나 여러 항목을 한 칸에 묶음)","은행연합회 www.kfb.or.kr 자율규제·모범규준 게시판(2026.1.6 개정본) — 원문 미수집: https://www.kfb.or.kr/robots.txt (HTTP 200, 2026-10-01T17:15:49+09:00, sha256 133e4db054e73a10…): 「User-agent: * / Disallow: /」; https://kfb.or.kr/robots.txt (HTTP 200, 2026-10-01T17:15:52+09:00, sha256 133e4db054e73a10…): 「User-agent: * / Disallow: /」; https://portal.kfb.or.kr/robots.txt (HTTP 200, 2026-10-01T17:15:55+09:00, sha256 133e4db054e73a10…): 「User-agent: * / Disallow: /」",생명보험협회 https://www.klia.or.kr/member/insurRegul/selfRegul/list.do(회원사 > 자율규제운영 > 자율규제 규정정보) 「지배구조 및 보수체계 연차보고서 작성기준」(제·개정월 2026-01) 원문보기 https://www.klia.or.kr/FileDown.do?fileNo=21190&seq=2 · 원파일명 지배구조 및 보수체계 연차보고서 작성기준(20260123).hwp · sha256 be90c671e983fa26d64d3b38a231c1807745ba4960a597985875cd0a76069b6f · 텍스트 handoff/원문_10차/작성기준_생보협회.md,2026-10-01T17:16:07+09:00
목차,바) 임원후보추천위원회 검토 및 의결,확인 불가,확인 불가(원문 미수집),제1절 3. 마. 2) 바) · 목차표 md 94행 · 목차상 30쪽 · 본문 같은 제목 줄 못 찾음,바) 임원후보추천위원회 검토 및 의결,확인 불가,"은행연합회 원문 미수집(robots.txt 「User-agent: * / Disallow: /」, 우회 없음) — 대조 불가라 차이여부 「확인 불가」. hwp 는 쪽 정보가 없어 위치는 이 md 줄 번호(1부터) · 본문에서 공백 제거 후 같은 제목 줄을 못 찾음(목차표와 본문 표기가 다르거나 여러 항목을 한 칸에 묶음)","은행연합회 www.kfb.or.kr 자율규제·모범규준 게시판(2026.1.6 개정본) — 원문 미수집: https://www.kfb.or.kr/robots.txt (HTTP 200, 2026-10-01T17:15:49+09:00, sha256 133e4db054e73a10…): 「User-agent: * / Disallow: /」; https://kfb.or.kr/robots.txt (HTTP 200, 2026-10-01T17:15:52+09:00, sha256 133e4db054e73a10…): 「User-agent: * / Disallow: /」; https://portal.kfb.or.kr/robots.txt (HTTP 200, 2026-10-01T17:15:55+09:00, sha256 133e4db054e73a10…): 「User-agent: * / Disallow: /」",생명보험협회 https://www.klia.or.kr/member/insurRegul/selfRegul/list.do(회원사 > 자율규제운영 > 자율규제 규정정보) 「지배구조 및 보수체계 연차보고서 작성기준」(제·개정월 2026-01) 원문보기 https://www.klia.or.kr/FileDown.do?fileNo=21190&seq=2 · 원파일명 지배구조 및 보수체계 연차보고서 작성기준(20260123).hwp · sha256 be90c671e983fa26d64d3b38a231c1807745ba4960a597985875cd0a76069b6f · 텍스트 handoff/원문_10차/작성기준_생보협회.md,2026-10-01T17:16:07+09:00
목차,3) 감사위원 후보,확인 불가,확인 불가(원문 미수집),제1절 3. 마. 3) · 목차표 md 95행 · 목차상 31쪽 · 본문 md 894행,3) 감사위원 후보,확인 불가,"은행연합회 원문 미수집(robots.txt 「User-agent: * / Disallow: /」, 우회 없음) — 대조 불가라 차이여부 「확인 불가」. hwp 는 쪽 정보가 없어 위치는 이 md 줄 번호(1부터) · 본문 줄은 공백 제거 후 같은 줄을 목차 순서대로 찾은 것","은행연합회 www.kfb.or.kr 자율규제·모범규준 게시판(2026.1.6 개정본) — 원문 미수집: https://www.kfb.or.kr/robots.txt (HTTP 200, 2026-10-01T17:15:49+09:00, sha256 133e4db054e73a10…): 「User-agent: * / Disallow: /」; https://kfb.or.kr/robots.txt (HTTP 200, 2026-10-01T17:15:52+09:00, sha256 133e4db054e73a10…): 「User-agent: * / Disallow: /」; https://portal.kfb.or.kr/robots.txt (HTTP 200, 2026-10-01T17:15:55+09:00, sha256 133e4db054e73a10…): 「User-agent: * / Disallow: /」",생명보험협회 https://www.klia.or.kr/member/insurRegul/selfRegul/list.do(회원사 > 자율규제운영 > 자율규제 규정정보) 「지배구조 및 보수체계 연차보고서 작성기준」(제·개정월 2026-01) 원문보기 https://www.klia.or.kr/FileDown.do?fileNo=21190&seq=2 · 원파일명 지배구조 및 보수체계 연차보고서 작성기준(20260123).hwp · sha256 be90c671e983fa26d64d3b38a231c1807745ba4960a597985875cd0a76069b6f · 텍스트 handoff/원문_10차/작성기준_생보협회.md,2026-10-01T17:16:07+09:00
목차,가) 후보자 인적사항,확인 불가,확인 불가(원문 미수집),제1절 3. 마. 3) 가) · 목차표 md 96행 · 목차상 31쪽 · 본문 md 895행,가) 후보자 인적사항,확인 불가,"은행연합회 원문 미수집(robots.txt 「User-agent: * / Disallow: /」, 우회 없음) — 대조 불가라 차이여부 「확인 불가」. hwp 는 쪽 정보가 없어 위치는 이 md 줄 번호(1부터) · 본문 줄은 공백 제거 후 같은 줄을 목차 순서대로 찾은 것","은행연합회 www.kfb.or.kr 자율규제·모범규준 게시판(2026.1.6 개정본) — 원문 미수집: https://www.kfb.or.kr/robots.txt (HTTP 200, 2026-10-01T17:15:49+09:00, sha256 133e4db054e73a10…): 「User-agent: * / Disallow: /」; https://kfb.or.kr/robots.txt (HTTP 200, 2026-10-01T17:15:52+09:00, sha256 133e4db054e73a10…): 「User-agent: * / Disallow: /」; https://portal.kfb.or.kr/robots.txt (HTTP 200, 2026-10-01T17:15:55+09:00, sha256 133e4db054e73a10…): 「User-agent: * / Disallow: /」",생명보험협회 https://www.klia.or.kr/member/insurRegul/selfRegul/list.do(회원사 > 자율규제운영 > 자율규제 규정정보) 「지배구조 및 보수체계 연차보고서 작성기준」(제·개정월 2026-01) 원문보기 https://www.klia.or.kr/FileDown.do?fileNo=21190&seq=2 · 원파일명 지배구조 및 보수체계 연차보고서 작성기준(20260123).hwp · sha256 be90c671e983fa26d64d3b38a231c1807745ba4960a597985875cd0a76069b6f · 텍스트 handoff/원문_10차/작성기준_생보협회.md,2026-10-01T17:16:07+09:00
목차,"(1) 성명, (2) 출생연도, (3) 출신학교, (4) 경력",확인 불가,확인 불가(원문 미수집),제1절 3. 마. 3) 가) (1) · 목차표 md 97행 · 목차상 31쪽 · 본문 같은 제목 줄 못 찾음,"(1) 성명, (2) 출생연도, (3) 출신학교, (4) 경력",확인 불가,"은행연합회 원문 미수집(robots.txt 「User-agent: * / Disallow: /」, 우회 없음) — 대조 불가라 차이여부 「확인 불가」. hwp 는 쪽 정보가 없어 위치는 이 md 줄 번호(1부터) · 본문에서 공백 제거 후 같은 제목 줄을 못 찾음(목차표와 본문 표기가 다르거나 여러 항목을 한 칸에 묶음)","은행연합회 www.kfb.or.kr 자율규제·모범규준 게시판(2026.1.6 개정본) — 원문 미수집: https://www.kfb.or.kr/robots.txt (HTTP 200, 2026-10-01T17:15:49+09:00, sha256 133e4db054e73a10…): 「User-agent: * / Disallow: /」; https://kfb.or.kr/robots.txt (HTTP 200, 2026-10-01T17:15:52+09:00, sha256 133e4db054e73a10…): 「User-agent: * / Disallow: /」; https://portal.kfb.or.kr/robots.txt (HTTP 200, 2026-10-01T17:15:55+09:00, sha256 133e4db054e73a10…): 「User-agent: * / Disallow: /」",생명보험협회 https://www.klia.or.kr/member/insurRegul/selfRegul/list.do(회원사 > 자율규제운영 > 자율규제 규정정보) 「지배구조 및 보수체계 연차보고서 작성기준」(제·개정월 2026-01) 원문보기 https://www.klia.or.kr/FileDown.do?fileNo=21190&seq=2 · 원파일명 지배구조 및 보수체계 연차보고서 작성기준(20260123).hwp · sha256 be90c671e983fa26d64d3b38a231c1807745ba4960a597985875cd0a76069b6f · 텍스트 handoff/원문_10차/작성기준_생보협회.md,2026-10-01T17:16:07+09:00
목차,나) 후보 제안자,확인 불가,확인 불가(원문 미수집),제1절 3. 마. 3) 나) · 목차표 md 98행 · 목차상 31쪽 · 본문 md 911행,나) 후보 제안자,확인 불가,"은행연합회 원문 미수집(robots.txt 「User-agent: * / Disallow: /」, 우회 없음) — 대조 불가라 차이여부 「확인 불가」. hwp 는 쪽 정보가 없어 위치는 이 md 줄 번호(1부터) · 본문 줄은 공백 제거 후 같은 줄을 목차 순서대로 찾은 것","은행연합회 www.kfb.or.kr 자율규제·모범규준 게시판(2026.1.6 개정본) — 원문 미수집: https://www.kfb.or.kr/robots.txt (HTTP 200, 2026-10-01T17:15:49+09:00, sha256 133e4db054e73a10…): 「User-agent: * / Disallow: /」; https://kfb.or.kr/robots.txt (HTTP 200, 2026-10-01T17:15:52+09:00, sha256 133e4db054e73a10…): 「User-agent: * / Disallow: /」; https://portal.kfb.or.kr/robots.txt (HTTP 200, 2026-10-01T17:15:55+09:00, sha256 133e4db054e73a10…): 「User-agent: * / Disallow: /」",생명보험협회 https://www.klia.or.kr/member/insurRegul/selfRegul/list.do(회원사 > 자율규제운영 > 자율규제 규정정보) 「지배구조 및 보수체계 연차보고서 작성기준」(제·개정월 2026-01) 원문보기 https://www.klia.or.kr/FileDown.do?fileNo=21190&seq=2 · 원파일명 지배구조 및 보수체계 연차보고서 작성기준(20260123).hwp · sha256 be90c671e983fa26d64d3b38a231c1807745ba4960a597985875cd0a76069b6f · 텍스트 handoff/원문_10차/작성기준_생보협회.md,2026-10-01T17:16:07+09:00
목차,"(1) 후보제안자 인적사항, (2) 후보자와의 관계",확인 불가,확인 불가(원문 미수집),제1절 3. 마. 3) 나) (1) · 목차표 md 99행 · 목차상 31쪽 · 본문 같은 제목 줄 못 찾음,"(1) 후보제안자 인적사항, (2) 후보자와의 관계",확인 불가,"은행연합회 원문 미수집(robots.txt 「User-agent: * / Disallow: /」, 우회 없음) — 대조 불가라 차이여부 「확인 불가」. hwp 는 쪽 정보가 없어 위치는 이 md 줄 번호(1부터) · 본문에서 공백 제거 후 같은 제목 줄을 못 찾음(목차표와 본문 표기가 다르거나 여러 항목을 한 칸에 묶음)","은행연합회 www.kfb.or.kr 자율규제·모범규준 게시판(2026.1.6 개정본) — 원문 미수집: https://www.kfb.or.kr/robots.txt (HTTP 200, 2026-10-01T17:15:49+09:00, sha256 133e4db054e73a10…): 「User-agent: * / Disallow: /」; https://kfb.or.kr/robots.txt (HTTP 200, 2026-10-01T17:15:52+09:00, sha256 133e4db054e73a10…): 「User-agent: * / Disallow: /」; https://portal.kfb.or.kr/robots.txt (HTTP 200, 2026-10-01T17:15:55+09:00, sha256 133e4db054e73a10…): 「User-agent: * / Disallow: /」",생명보험협회 https://www.klia.or.kr/member/insurRegul/selfRegul/list.do(회원사 > 자율규제운영 > 자율규제 규정정보) 「지배구조 및 보수체계 연차보고서 작성기준」(제·개정월 2026-01) 원문보기 https://www.klia.or.kr/FileDown.do?fileNo=21190&seq=2 · 원파일명 지배구조 및 보수체계 연차보고서 작성기준(20260123).hwp · sha256 be90c671e983fa26d64d3b38a231c1807745ba4960a597985875cd0a76069b6f · 텍스트 handoff/원문_10차/작성기준_생보협회.md,2026-10-01T17:16:07+09:00
목차,다) 후보자 추천 사유,확인 불가,확인 불가(원문 미수집),제1절 3. 마. 3) 다) · 목차표 md 100행 · 목차상 32쪽 · 본문 md 932행,다) 후보자 추천 사유,확인 불가,"은행연합회 원문 미수집(robots.txt 「User-agent: * / Disallow: /」, 우회 없음) — 대조 불가라 차이여부 「확인 불가」. hwp 는 쪽 정보가 없어 위치는 이 md 줄 번호(1부터) · 본문 줄은 공백 제거 후 같은 줄을 목차 순서대로 찾은 것","은행연합회 www.kfb.or.kr 자율규제·모범규준 게시판(2026.1.6 개정본) — 원문 미수집: https://www.kfb.or.kr/robots.txt (HTTP 200, 2026-10-01T17:15:49+09:00, sha256 133e4db054e73a10…): 「User-agent: * / Disallow: /」; https://kfb.or.kr/robots.txt (HTTP 200, 2026-10-01T17:15:52+09:00, sha256 133e4db054e73a10…): 「User-agent: * / Disallow: /」; https://portal.kfb.or.kr/robots.txt (HTTP 200, 2026-10-01T17:15:55+09:00, sha256 133e4db054e73a10…): 「User-agent: * / Disallow: /」",생명보험협회 https://www.klia.or.kr/member/insurRegul/selfRegul/list.do(회원사 > 자율규제운영 > 자율규제 규정정보) 「지배구조 및 보수체계 연차보고서 작성기준」(제·개정월 2026-01) 원문보기 https://www.klia.or.kr/FileDown.do?fileNo=21190&seq=2 · 원파일명 지배구조 및 보수체계 연차보고서 작성기준(20260123).hwp · sha256 be90c671e983fa26d64d3b38a231c1807745ba4960a597985875cd0a76069b6f · 텍스트 handoff/원문_10차/작성기준_생보협회.md,2026-10-01T17:16:07+09:00
목차,"(1) 후보제안자 추천이유, (2) 후보자 추천경로",확인 불가,확인 불가(원문 미수집),제1절 3. 마. 3) 다) (1) · 목차표 md 101행 · 목차상 32쪽 · 본문 같은 제목 줄 못 찾음,"(1) 후보제안자 추천이유, (2) 후보자 추천경로",확인 불가,"은행연합회 원문 미수집(robots.txt 「User-agent: * / Disallow: /」, 우회 없음) — 대조 불가라 차이여부 「확인 불가」. hwp 는 쪽 정보가 없어 위치는 이 md 줄 번호(1부터) · 본문에서 공백 제거 후 같은 제목 줄을 못 찾음(목차표와 본문 표기가 다르거나 여러 항목을 한 칸에 묶음)","은행연합회 www.kfb.or.kr 자율규제·모범규준 게시판(2026.1.6 개정본) — 원문 미수집: https://www.kfb.or.kr/robots.txt (HTTP 200, 2026-10-01T17:15:49+09:00, sha256 133e4db054e73a10…): 「User-agent: * / Disallow: /」; https://kfb.or.kr/robots.txt (HTTP 200, 2026-10-01T17:15:52+09:00, sha256 133e4db054e73a10…): 「User-agent: * / Disallow: /」; https://portal.kfb.or.kr/robots.txt (HTTP 200, 2026-10-01T17:15:55+09:00, sha256 133e4db054e73a10…): 「User-agent: * / Disallow: /」",생명보험협회 https://www.klia.or.kr/member/insurRegul/selfRegul/list.do(회원사 > 자율규제운영 > 자율규제 규정정보) 「지배구조 및 보수체계 연차보고서 작성기준」(제·개정월 2026-01) 원문보기 https://www.klia.or.kr/FileDown.do?fileNo=21190&seq=2 · 원파일명 지배구조 및 보수체계 연차보고서 작성기준(20260123).hwp · sha256 be90c671e983fa26d64d3b38a231c1807745ba4960a597985875cd0a76069b6f · 텍스트 handoff/원문_10차/작성기준_생보협회.md,2026-10-01T17:16:07+09:00
목차,라) 자격충족 여부,확인 불가,확인 불가(원문 미수집),제1절 3. 마. 3) 라) · 목차표 md 102행 · 목차상 33쪽 · 본문 md 950행,라) 자격충족 여부,확인 불가,"은행연합회 원문 미수집(robots.txt 「User-agent: * / Disallow: /」, 우회 없음) — 대조 불가라 차이여부 「확인 불가」. hwp 는 쪽 정보가 없어 위치는 이 md 줄 번호(1부터) · 본문 줄은 공백 제거 후 같은 줄을 목차 순서대로 찾은 것","은행연합회 www.kfb.or.kr 자율규제·모범규준 게시판(2026.1.6 개정본) — 원문 미수집: https://www.kfb.or.kr/robots.txt (HTTP 200, 2026-10-01T17:15:49+09:00, sha256 133e4db054e73a10…): 「User-agent: * / Disallow: /」; https://kfb.or.kr/robots.txt (HTTP 200, 2026-10-01T17:15:52+09:00, sha256 133e4db054e73a10…): 「User-agent: * / Disallow: /」; https://portal.kfb.or.kr/robots.txt (HTTP 200, 2026-10-01T17:15:55+09:00, sha256 133e4db054e73a10…): 「User-agent: * / Disallow: /」",생명보험협회 https://www.klia.or.kr/member/insurRegul/selfRegul/list.do(회원사 > 자율규제운영 > 자율규제 규정정보) 「지배구조 및 보수체계 연차보고서 작성기준」(제·개정월 2026-01) 원문보기 https://www.klia.or.kr/FileDown.do?fileNo=21190&seq=2 · 원파일명 지배구조 및 보수체계 연차보고서 작성기준(20260123).hwp · sha256 be90c671e983fa26d64d3b38a231c1807745ba4960a597985875cd0a76069b6f · 텍스트 handoff/원문_10차/작성기준_생보협회.md,2026-10-01T17:16:07+09:00
목차,"(1) 소극적 요건, (2) 금융회사가 정한 자격요건, (3) 본인 소명",확인 불가,확인 불가(원문 미수집),제1절 3. 마. 3) 라) (1) · 목차표 md 103행 · 목차상 33쪽 · 본문 같은 제목 줄 못 찾음,"(1) 소극적 요건, (2) 금융회사가 정한 자격요건, (3) 본인 소명",확인 불가,"은행연합회 원문 미수집(robots.txt 「User-agent: * / Disallow: /」, 우회 없음) — 대조 불가라 차이여부 「확인 불가」. hwp 는 쪽 정보가 없어 위치는 이 md 줄 번호(1부터) · 본문에서 공백 제거 후 같은 제목 줄을 못 찾음(목차표와 본문 표기가 다르거나 여러 항목을 한 칸에 묶음)","은행연합회 www.kfb.or.kr 자율규제·모범규준 게시판(2026.1.6 개정본) — 원문 미수집: https://www.kfb.or.kr/robots.txt (HTTP 200, 2026-10-01T17:15:49+09:00, sha256 133e4db054e73a10…): 「User-agent: * / Disallow: /」; https://kfb.or.kr/robots.txt (HTTP 200, 2026-10-01T17:15:52+09:00, sha256 133e4db054e73a10…): 「User-agent: * / Disallow: /」; https://portal.kfb.or.kr/robots.txt (HTTP 200, 2026-10-01T17:15:55+09:00, sha256 133e4db054e73a10…): 「User-agent: * / Disallow: /」",생명보험협회 https://www.klia.or.kr/member/insurRegul/selfRegul/list.do(회원사 > 자율규제운영 > 자율규제 규정정보) 「지배구조 및 보수체계 연차보고서 작성기준」(제·개정월 2026-01) 원문보기 https://www.klia.or.kr/FileDown.do?fileNo=21190&seq=2 · 원파일명 지배구조 및 보수체계 연차보고서 작성기준(20260123).hwp · sha256 be90c671e983fa26d64d3b38a231c1807745ba4960a597985875cd0a76069b6f · 텍스트 handoff/원문_10차/작성기준_생보협회.md,2026-10-01T17:16:07+09:00
목차,마) 임원후보추천위원회 검토 및 의결,확인 불가,확인 불가(원문 미수집),제1절 3. 마. 3) 마) · 목차표 md 104행 · 목차상 34쪽 · 본문 같은 제목 줄 못 찾음,마) 임원후보추천위원회 검토 및 의결,확인 불가,"은행연합회 원문 미수집(robots.txt 「User-agent: * / Disallow: /」, 우회 없음) — 대조 불가라 차이여부 「확인 불가」. hwp 는 쪽 정보가 없어 위치는 이 md 줄 번호(1부터) · 본문에서 공백 제거 후 같은 제목 줄을 못 찾음(목차표와 본문 표기가 다르거나 여러 항목을 한 칸에 묶음)","은행연합회 www.kfb.or.kr 자율규제·모범규준 게시판(2026.1.6 개정본) — 원문 미수집: https://www.kfb.or.kr/robots.txt (HTTP 200, 2026-10-01T17:15:49+09:00, sha256 133e4db054e73a10…): 「User-agent: * / Disallow: /」; https://kfb.or.kr/robots.txt (HTTP 200, 2026-10-01T17:15:52+09:00, sha256 133e4db054e73a10…): 「User-agent: * / Disallow: /」; https://portal.kfb.or.kr/robots.txt (HTTP 200, 2026-10-01T17:15:55+09:00, sha256 133e4db054e73a10…): 「User-agent: * / Disallow: /」",생명보험협회 https://www.klia.or.kr/member/insurRegul/selfRegul/list.do(회원사 > 자율규제운영 > 자율규제 규정정보) 「지배구조 및 보수체계 연차보고서 작성기준」(제·개정월 2026-01) 원문보기 https://www.klia.or.kr/FileDown.do?fileNo=21190&seq=2 · 원파일명 지배구조 및 보수체계 연차보고서 작성기준(20260123).hwp · sha256 be90c671e983fa26d64d3b38a231c1807745ba4960a597985875cd0a76069b6f · 텍스트 handoff/원문_10차/작성기준_생보협회.md,2026-10-01T17:16:07+09:00
목차,4) 사외이사 후보,확인 불가,확인 불가(원문 미수집),제1절 3. 마. 4) · 목차표 md 105행 · 목차상 35쪽 · 본문 md 982행,4) 사외이사 후보,확인 불가,"은행연합회 원문 미수집(robots.txt 「User-agent: * / Disallow: /」, 우회 없음) — 대조 불가라 차이여부 「확인 불가」. hwp 는 쪽 정보가 없어 위치는 이 md 줄 번호(1부터) · 본문 줄은 공백 제거 후 같은 줄을 목차 순서대로 찾은 것","은행연합회 www.kfb.or.kr 자율규제·모범규준 게시판(2026.1.6 개정본) — 원문 미수집: https://www.kfb.or.kr/robots.txt (HTTP 200, 2026-10-01T17:15:49+09:00, sha256 133e4db054e73a10…): 「User-agent: * / Disallow: /」; https://kfb.or.kr/robots.txt (HTTP 200, 2026-10-01T17:15:52+09:00, sha256 133e4db054e73a10…): 「User-agent: * / Disallow: /」; https://portal.kfb.or.kr/robots.txt (HTTP 200, 2026-10-01T17:15:55+09:00, sha256 133e4db054e73a10…): 「User-agent: * / Disallow: /」",생명보험협회 https://www.klia.or.kr/member/insurRegul/selfRegul/list.do(회원사 > 자율규제운영 > 자율규제 규정정보) 「지배구조 및 보수체계 연차보고서 작성기준」(제·개정월 2026-01) 원문보기 https://www.klia.or.kr/FileDown.do?fileNo=21190&seq=2 · 원파일명 지배구조 및 보수체계 연차보고서 작성기준(20260123).hwp · sha256 be90c671e983fa26d64d3b38a231c1807745ba4960a597985875cd0a76069b6f · 텍스트 handoff/원문_10차/작성기준_생보협회.md,2026-10-01T17:16:07+09:00
목차,가) 후보자 인적사항,확인 불가,확인 불가(원문 미수집),제1절 3. 마. 4) 가) · 목차표 md 106행 · 목차상 35쪽 · 본문 md 983행,가) 후보자 인적사항,확인 불가,"은행연합회 원문 미수집(robots.txt 「User-agent: * / Disallow: /」, 우회 없음) — 대조 불가라 차이여부 「확인 불가」. hwp 는 쪽 정보가 없어 위치는 이 md 줄 번호(1부터) · 본문 줄은 공백 제거 후 같은 줄을 목차 순서대로 찾은 것","은행연합회 www.kfb.or.kr 자율규제·모범규준 게시판(2026.1.6 개정본) — 원문 미수집: https://www.kfb.or.kr/robots.txt (HTTP 200, 2026-10-01T17:15:49+09:00, sha256 133e4db054e73a10…): 「User-agent: * / Disallow: /」; https://kfb.or.kr/robots.txt (HTTP 200, 2026-10-01T17:15:52+09:00, sha256 133e4db054e73a10…): 「User-agent: * / Disallow: /」; https://portal.kfb.or.kr/robots.txt (HTTP 200, 2026-10-01T17:15:55+09:00, sha256 133e4db054e73a10…): 「User-agent: * / Disallow: /」",생명보험협회 https://www.klia.or.kr/member/insurRegul/selfRegul/list.do(회원사 > 자율규제운영 > 자율규제 규정정보) 「지배구조 및 보수체계 연차보고서 작성기준」(제·개정월 2026-01) 원문보기 https://www.klia.or.kr/FileDown.do?fileNo=21190&seq=2 · 원파일명 지배구조 및 보수체계 연차보고서 작성기준(20260123).hwp · sha256 be90c671e983fa26d64d3b38a231c1807745ba4960a597985875cd0a76069b6f · 텍스트 handoff/원문_10차/작성기준_생보협회.md,2026-10-01T17:16:07+09:00
목차,"(1) 성명, (2) 출생연도, (3) 출신학교, (4) 경력, (5) 사외이사 경력",확인 불가,확인 불가(원문 미수집),제1절 3. 마. 4) 가) (1) · 목차표 md 107행 · 목차상 35쪽 · 본문 같은 제목 줄 못 찾음,"(1) 성명, (2) 출생연도, (3) 출신학교, (4) 경력, (5) 사외이사 경력",확인 불가,"은행연합회 원문 미수집(robots.txt 「User-agent: * / Disallow: /」, 우회 없음) — 대조 불가라 차이여부 「확인 불가」. hwp 는 쪽 정보가 없어 위치는 이 md 줄 번호(1부터) · 본문에서 공백 제거 후 같은 제목 줄을 못 찾음(목차표와 본문 표기가 다르거나 여러 항목을 한 칸에 묶음)","은행연합회 www.kfb.or.kr 자율규제·모범규준 게시판(2026.1.6 개정본) — 원문 미수집: https://www.kfb.or.kr/robots.txt (HTTP 200, 2026-10-01T17:15:49+09:00, sha256 133e4db054e73a10…): 「User-agent: * / Disallow: /」; https://kfb.or.kr/robots.txt (HTTP 200, 2026-10-01T17:15:52+09:00, sha256 133e4db054e73a10…): 「User-agent: * / Disallow: /」; https://portal.kfb.or.kr/robots.txt (HTTP 200, 2026-10-01T17:15:55+09:00, sha256 133e4db054e73a10…): 「User-agent: * / Disallow: /」",생명보험협회 https://www.klia.or.kr/member/insurRegul/selfRegul/list.do(회원사 > 자율규제운영 > 자율규제 규정정보) 「지배구조 및 보수체계 연차보고서 작성기준」(제·개정월 2026-01) 원문보기 https://www.klia.or.kr/FileDown.do?fileNo=21190&seq=2 · 원파일명 지배구조 및 보수체계 연차보고서 작성기준(20260123).hwp · sha256 be90c671e983fa26d64d3b38a231c1807745ba4960a597985875cd0a76069b6f · 텍스트 handoff/원문_10차/작성기준_생보협회.md,2026-10-01T17:16:07+09:00
목차,나) 후보 제안자,확인 불가,확인 불가(원문 미수집),제1절 3. 마. 4) 나) · 목차표 md 108행 · 목차상 36쪽 · 본문 md 1016행,나) 후보 제안자,확인 불가,"은행연합회 원문 미수집(robots.txt 「User-agent: * / Disallow: /」, 우회 없음) — 대조 불가라 차이여부 「확인 불가」. hwp 는 쪽 정보가 없어 위치는 이 md 줄 번호(1부터) · 본문 줄은 공백 제거 후 같은 줄을 목차 순서대로 찾은 것","은행연합회 www.kfb.or.kr 자율규제·모범규준 게시판(2026.1.6 개정본) — 원문 미수집: https://www.kfb.or.kr/robots.txt (HTTP 200, 2026-10-01T17:15:49+09:00, sha256 133e4db054e73a10…): 「User-agent: * / Disallow: /」; https://kfb.or.kr/robots.txt (HTTP 200, 2026-10-01T17:15:52+09:00, sha256 133e4db054e73a10…): 「User-agent: * / Disallow: /」; https://portal.kfb.or.kr/robots.txt (HTTP 200, 2026-10-01T17:15:55+09:00, sha256 133e4db054e73a10…): 「User-agent: * / Disallow: /」",생명보험협회 https://www.klia.or.kr/member/insurRegul/selfRegul/list.do(회원사 > 자율규제운영 > 자율규제 규정정보) 「지배구조 및 보수체계 연차보고서 작성기준」(제·개정월 2026-01) 원문보기 https://www.klia.or.kr/FileDown.do?fileNo=21190&seq=2 · 원파일명 지배구조 및 보수체계 연차보고서 작성기준(20260123).hwp · sha256 be90c671e983fa26d64d3b38a231c1807745ba4960a597985875cd0a76069b6f · 텍스트 handoff/원문_10차/작성기준_생보협회.md,2026-10-01T17:16:07+09:00
목차,"(1) 후보제안자 인적사항, (2) 후보자와의 관계",확인 불가,확인 불가(원문 미수집),제1절 3. 마. 4) 나) (1) · 목차표 md 109행 · 목차상 36쪽 · 본문 같은 제목 줄 못 찾음,"(1) 후보제안자 인적사항, (2) 후보자와의 관계",확인 불가,"은행연합회 원문 미수집(robots.txt 「User-agent: * / Disallow: /」, 우회 없음) — 대조 불가라 차이여부 「확인 불가」. hwp 는 쪽 정보가 없어 위치는 이 md 줄 번호(1부터) · 본문에서 공백 제거 후 같은 제목 줄을 못 찾음(목차표와 본문 표기가 다르거나 여러 항목을 한 칸에 묶음)","은행연합회 www.kfb.or.kr 자율규제·모범규준 게시판(2026.1.6 개정본) — 원문 미수집: https://www.kfb.or.kr/robots.txt (HTTP 200, 2026-10-01T17:15:49+09:00, sha256 133e4db054e73a10…): 「User-agent: * / Disallow: /」; https://kfb.or.kr/robots.txt (HTTP 200, 2026-10-01T17:15:52+09:00, sha256 133e4db054e73a10…): 「User-agent: * / Disallow: /」; https://portal.kfb.or.kr/robots.txt (HTTP 200, 2026-10-01T17:15:55+09:00, sha256 133e4db054e73a10…): 「User-agent: * / Disallow: /」",생명보험협회 https://www.klia.or.kr/member/insurRegul/selfRegul/list.do(회원사 > 자율규제운영 > 자율규제 규정정보) 「지배구조 및 보수체계 연차보고서 작성기준」(제·개정월 2026-01) 원문보기 https://www.klia.or.kr/FileDown.do?fileNo=21190&seq=2 · 원파일명 지배구조 및 보수체계 연차보고서 작성기준(20260123).hwp · sha256 be90c671e983fa26d64d3b38a231c1807745ba4960a597985875cd0a76069b6f · 텍스트 handoff/원문_10차/작성기준_생보협회.md,2026-10-01T17:16:07+09:00
목차,다) 후보자 추천 사유,확인 불가,확인 불가(원문 미수집),제1절 3. 마. 4) 다) · 목차표 md 110행 · 목차상 37쪽 · 본문 md 1036행,다) 후보자 추천 사유,확인 불가,"은행연합회 원문 미수집(robots.txt 「User-agent: * / Disallow: /」, 우회 없음) — 대조 불가라 차이여부 「확인 불가」. hwp 는 쪽 정보가 없어 위치는 이 md 줄 번호(1부터) · 본문 줄은 공백 제거 후 같은 줄을 목차 순서대로 찾은 것","은행연합회 www.kfb.or.kr 자율규제·모범규준 게시판(2026.1.6 개정본) — 원문 미수집: https://www.kfb.or.kr/robots.txt (HTTP 200, 2026-10-01T17:15:49+09:00, sha256 133e4db054e73a10…): 「User-agent: * / Disallow: /」; https://kfb.or.kr/robots.txt (HTTP 200, 2026-10-01T17:15:52+09:00, sha256 133e4db054e73a10…): 「User-agent: * / Disallow: /」; https://portal.kfb.or.kr/robots.txt (HTTP 200, 2026-10-01T17:15:55+09:00, sha256 133e4db054e73a10…): 「User-agent: * / Disallow: /」",생명보험협회 https://www.klia.or.kr/member/insurRegul/selfRegul/list.do(회원사 > 자율규제운영 > 자율규제 규정정보) 「지배구조 및 보수체계 연차보고서 작성기준」(제·개정월 2026-01) 원문보기 https://www.klia.or.kr/FileDown.do?fileNo=21190&seq=2 · 원파일명 지배구조 및 보수체계 연차보고서 작성기준(20260123).hwp · sha256 be90c671e983fa26d64d3b38a231c1807745ba4960a597985875cd0a76069b6f · 텍스트 handoff/원문_10차/작성기준_생보협회.md,2026-10-01T17:16:07+09:00
목차,"(1) 후보제안자 추천이유, (2) 후보자 추천경로",확인 불가,확인 불가(원문 미수집),제1절 3. 마. 4) 다) (1) · 목차표 md 111행 · 목차상 37쪽 · 본문 같은 제목 줄 못 찾음,"(1) 후보제안자 추천이유, (2) 후보자 추천경로",확인 불가,"은행연합회 원문 미수집(robots.txt 「User-agent: * / Disallow: /」, 우회 없음) — 대조 불가라 차이여부 「확인 불가」. hwp 는 쪽 정보가 없어 위치는 이 md 줄 번호(1부터) · 본문에서 공백 제거 후 같은 제목 줄을 못 찾음(목차표와 본문 표기가 다르거나 여러 항목을 한 칸에 묶음)","은행연합회 www.kfb.or.kr 자율규제·모범규준 게시판(2026.1.6 개정본) — 원문 미수집: https://www.kfb.or.kr/robots.txt (HTTP 200, 2026-10-01T17:15:49+09:00, sha256 133e4db054e73a10…): 「User-agent: * / Disallow: /」; https://kfb.or.kr/robots.txt (HTTP 200, 2026-10-01T17:15:52+09:00, sha256 133e4db054e73a10…): 「User-agent: * / Disallow: /」; https://portal.kfb.or.kr/robots.txt (HTTP 200, 2026-10-01T17:15:55+09:00, sha256 133e4db054e73a10…): 「User-agent: * / Disallow: /」",생명보험협회 https://www.klia.or.kr/member/insurRegul/selfRegul/list.do(회원사 > 자율규제운영 > 자율규제 규정정보) 「지배구조 및 보수체계 연차보고서 작성기준」(제·개정월 2026-01) 원문보기 https://www.klia.or.kr/FileDown.do?fileNo=21190&seq=2 · 원파일명 지배구조 및 보수체계 연차보고서 작성기준(20260123).hwp · sha256 be90c671e983fa26d64d3b38a231c1807745ba4960a597985875cd0a76069b6f · 텍스트 handoff/원문_10차/작성기준_생보협회.md,2026-10-01T17:16:07+09:00
목차,라) 금융회사등과 관계,확인 불가,확인 불가(원문 미수집),제1절 3. 마. 4) 라) · 목차표 md 112행 · 목차상 38쪽 · 본문 md 1054행,라) 금융회사등과 관계,확인 불가,"은행연합회 원문 미수집(robots.txt 「User-agent: * / Disallow: /」, 우회 없음) — 대조 불가라 차이여부 「확인 불가」. hwp 는 쪽 정보가 없어 위치는 이 md 줄 번호(1부터) · 본문 줄은 공백 제거 후 같은 줄을 목차 순서대로 찾은 것","은행연합회 www.kfb.or.kr 자율규제·모범규준 게시판(2026.1.6 개정본) — 원문 미수집: https://www.kfb.or.kr/robots.txt (HTTP 200, 2026-10-01T17:15:49+09:00, sha256 133e4db054e73a10…): 「User-agent: * / Disallow: /」; https://kfb.or.kr/robots.txt (HTTP 200, 2026-10-01T17:15:52+09:00, sha256 133e4db054e73a10…): 「User-agent: * / Disallow: /」; https://portal.kfb.or.kr/robots.txt (HTTP 200, 2026-10-01T17:15:55+09:00, sha256 133e4db054e73a10…): 「User-agent: * / Disallow: /」",생명보험협회 https://www.klia.or.kr/member/insurRegul/selfRegul/list.do(회원사 > 자율규제운영 > 자율규제 규정정보) 「지배구조 및 보수체계 연차보고서 작성기준」(제·개정월 2026-01) 원문보기 https://www.klia.or.kr/FileDown.do?fileNo=21190&seq=2 · 원파일명 지배구조 및 보수체계 연차보고서 작성기준(20260123).hwp · sha256 be90c671e983fa26d64d3b38a231c1807745ba4960a597985875cd0a76069b6f · 텍스트 handoff/원문_10차/작성기준_생보협회.md,2026-10-01T17:16:07+09:00
목차,마) 자격충족 여부,확인 불가,확인 불가(원문 미수집),제1절 3. 마. 4) 마) · 목차표 md 113행 · 목차상 39쪽 · 본문 같은 제목 줄 못 찾음,마) 자격충족 여부,확인 불가,"은행연합회 원문 미수집(robots.txt 「User-agent: * / Disallow: /」, 우회 없음) — 대조 불가라 차이여부 「확인 불가」. hwp 는 쪽 정보가 없어 위치는 이 md 줄 번호(1부터) · 본문에서 공백 제거 후 같은 제목 줄을 못 찾음(목차표와 본문 표기가 다르거나 여러 항목을 한 칸에 묶음)","은행연합회 www.kfb.or.kr 자율규제·모범규준 게시판(2026.1.6 개정본) — 원문 미수집: https://www.kfb.or.kr/robots.txt (HTTP 200, 2026-10-01T17:15:49+09:00, sha256 133e4db054e73a10…): 「User-agent: * / Disallow: /」; https://kfb.or.kr/robots.txt (HTTP 200, 2026-10-01T17:15:52+09:00, sha256 133e4db054e73a10…): 「User-agent: * / Disallow: /」; https://portal.kfb.or.kr/robots.txt (HTTP 200, 2026-10-01T17:15:55+09:00, sha256 133e4db054e73a10…): 「User-agent: * / Disallow: /」",생명보험협회 https://www.klia.or.kr/member/insurRegul/selfRegul/list.do(회원사 > 자율규제운영 > 자율규제 규정정보) 「지배구조 및 보수체계 연차보고서 작성기준」(제·개정월 2026-01) 원문보기 https://www.klia.or.kr/FileDown.do?fileNo=21190&seq=2 · 원파일명 지배구조 및 보수체계 연차보고서 작성기준(20260123).hwp · sha256 be90c671e983fa26d64d3b38a231c1807745ba4960a597985875cd0a76069b6f · 텍스트 handoff/원문_10차/작성기준_생보협회.md,2026-10-01T17:16:07+09:00
목차,"(1) 소극적 요건, (2) 금융회사가 정한 자격요건, (3) 적극적 자격 충족여부, (4) 본인 소명",확인 불가,확인 불가(원문 미수집),제1절 3. 마. 4) 마) (1) · 목차표 md 114행 · 목차상 39쪽 · 본문 같은 제목 줄 못 찾음,"(1) 소극적 요건, (2) 금융회사가 정한 자격요건, (3) 적극적 자격 충족여부, (4) 본인 소명",확인 불가,"은행연합회 원문 미수집(robots.txt 「User-agent: * / Disallow: /」, 우회 없음) — 대조 불가라 차이여부 「확인 불가」. hwp 는 쪽 정보가 없어 위치는 이 md 줄 번호(1부터) · 본문에서 공백 제거 후 같은 제목 줄을 못 찾음(목차표와 본문 표기가 다르거나 여러 항목을 한 칸에 묶음)","은행연합회 www.kfb.or.kr 자율규제·모범규준 게시판(2026.1.6 개정본) — 원문 미수집: https://www.kfb.or.kr/robots.txt (HTTP 200, 2026-10-01T17:15:49+09:00, sha256 133e4db054e73a10…): 「User-agent: * / Disallow: /」; https://kfb.or.kr/robots.txt (HTTP 200, 2026-10-01T17:15:52+09:00, sha256 133e4db054e73a10…): 「User-agent: * / Disallow: /」; https://portal.kfb.or.kr/robots.txt (HTTP 200, 2026-10-01T17:15:55+09:00, sha256 133e4db054e73a10…): 「User-agent: * / Disallow: /」",생명보험협회 https://www.klia.or.kr/member/insurRegul/selfRegul/list.do(회원사 > 자율규제운영 > 자율규제 규정정보) 「지배구조 및 보수체계 연차보고서 작성기준」(제·개정월 2026-01) 원문보기 https://www.klia.or.kr/FileDown.do?fileNo=21190&seq=2 · 원파일명 지배구조 및 보수체계 연차보고서 작성기준(20260123).hwp · sha256 be90c671e983fa26d64d3b38a231c1807745ba4960a597985875cd0a76069b6f · 텍스트 handoff/원문_10차/작성기준_생보협회.md,2026-10-01T17:16:07+09:00
목차,바) 임원후보추천위원회 검토 및 의결,확인 불가,확인 불가(원문 미수집),제1절 3. 마. 4) 바) · 목차표 md 115행 · 목차상 43쪽 · 본문 같은 제목 줄 못 찾음,바) 임원후보추천위원회 검토 및 의결,확인 불가,"은행연합회 원문 미수집(robots.txt 「User-agent: * / Disallow: /」, 우회 없음) — 대조 불가라 차이여부 「확인 불가」. hwp 는 쪽 정보가 없어 위치는 이 md 줄 번호(1부터) · 본문에서 공백 제거 후 같은 제목 줄을 못 찾음(목차표와 본문 표기가 다르거나 여러 항목을 한 칸에 묶음)","은행연합회 www.kfb.or.kr 자율규제·모범규준 게시판(2026.1.6 개정본) — 원문 미수집: https://www.kfb.or.kr/robots.txt (HTTP 200, 2026-10-01T17:15:49+09:00, sha256 133e4db054e73a10…): 「User-agent: * / Disallow: /」; https://kfb.or.kr/robots.txt (HTTP 200, 2026-10-01T17:15:52+09:00, sha256 133e4db054e73a10…): 「User-agent: * / Disallow: /」; https://portal.kfb.or.kr/robots.txt (HTTP 200, 2026-10-01T17:15:55+09:00, sha256 133e4db054e73a10…): 「User-agent: * / Disallow: /」",생명보험협회 https://www.klia.or.kr/member/insurRegul/selfRegul/list.do(회원사 > 자율규제운영 > 자율규제 규정정보) 「지배구조 및 보수체계 연차보고서 작성기준」(제·개정월 2026-01) 원문보기 https://www.klia.or.kr/FileDown.do?fileNo=21190&seq=2 · 원파일명 지배구조 및 보수체계 연차보고서 작성기준(20260123).hwp · sha256 be90c671e983fa26d64d3b38a231c1807745ba4960a597985875cd0a76069b6f · 텍스트 handoff/원문_10차/작성기준_생보협회.md,2026-10-01T17:16:07+09:00
목차,사) 사외이사 재임여부 및 평가결과,확인 불가,확인 불가(원문 미수집),제1절 3. 마. 4) 사) · 목차표 md 116행 · 목차상 43쪽 · 본문 md 1144행,사) 사외이사 재임여부 및 평가결과,확인 불가,"은행연합회 원문 미수집(robots.txt 「User-agent: * / Disallow: /」, 우회 없음) — 대조 불가라 차이여부 「확인 불가」. hwp 는 쪽 정보가 없어 위치는 이 md 줄 번호(1부터) · 본문 줄은 공백 제거 후 같은 줄을 목차 순서대로 찾은 것","은행연합회 www.kfb.or.kr 자율규제·모범규준 게시판(2026.1.6 개정본) — 원문 미수집: https://www.kfb.or.kr/robots.txt (HTTP 200, 2026-10-01T17:15:49+09:00, sha256 133e4db054e73a10…): 「User-agent: * / Disallow: /」; https://kfb.or.kr/robots.txt (HTTP 200, 2026-10-01T17:15:52+09:00, sha256 133e4db054e73a10…): 「User-agent: * / Disallow: /」; https://portal.kfb.or.kr/robots.txt (HTTP 200, 2026-10-01T17:15:55+09:00, sha256 133e4db054e73a10…): 「User-agent: * / Disallow: /」",생명보험협회 https://www.klia.or.kr/member/insurRegul/selfRegul/list.do(회원사 > 자율규제운영 > 자율규제 규정정보) 「지배구조 및 보수체계 연차보고서 작성기준」(제·개정월 2026-01) 원문보기 https://www.klia.or.kr/FileDown.do?fileNo=21190&seq=2 · 원파일명 지배구조 및 보수체계 연차보고서 작성기준(20260123).hwp · sha256 be90c671e983fa26d64d3b38a231c1807745ba4960a597985875cd0a76069b6f · 텍스트 handoff/원문_10차/작성기준_생보협회.md,2026-10-01T17:16:07+09:00
목차,아) 자격요건 검토보고서,확인 불가,확인 불가(원문 미수집),제1절 3. 마. 4) 아) · 목차표 md 117행 · 목차상 44쪽 · 본문 md 1162행,아) 자격요건 검토보고서,확인 불가,"은행연합회 원문 미수집(robots.txt 「User-agent: * / Disallow: /」, 우회 없음) — 대조 불가라 차이여부 「확인 불가」. hwp 는 쪽 정보가 없어 위치는 이 md 줄 번호(1부터) · 본문 줄은 공백 제거 후 같은 줄을 목차 순서대로 찾은 것","은행연합회 www.kfb.or.kr 자율규제·모범규준 게시판(2026.1.6 개정본) — 원문 미수집: https://www.kfb.or.kr/robots.txt (HTTP 200, 2026-10-01T17:15:49+09:00, sha256 133e4db054e73a10…): 「User-agent: * / Disallow: /」; https://kfb.or.kr/robots.txt (HTTP 200, 2026-10-01T17:15:52+09:00, sha256 133e4db054e73a10…): 「User-agent: * / Disallow: /」; https://portal.kfb.or.kr/robots.txt (HTTP 200, 2026-10-01T17:15:55+09:00, sha256 133e4db054e73a10…): 「User-agent: * / Disallow: /」",생명보험협회 https://www.klia.or.kr/member/insurRegul/selfRegul/list.do(회원사 > 자율규제운영 > 자율규제 규정정보) 「지배구조 및 보수체계 연차보고서 작성기준」(제·개정월 2026-01) 원문보기 https://www.klia.or.kr/FileDown.do?fileNo=21190&seq=2 · 원파일명 지배구조 및 보수체계 연차보고서 작성기준(20260123).hwp · sha256 be90c671e983fa26d64d3b38a231c1807745ba4960a597985875cd0a76069b6f · 텍스트 handoff/원문_10차/작성기준_생보협회.md,2026-10-01T17:16:07+09:00
목차,자) 사외이사 후보군 관리현황,확인 불가,확인 불가(원문 미수집),제1절 3. 마. 4) 자) · 목차표 md 118행 · 목차상 45쪽 · 본문 md 1175행,자) 사외이사 후보군 관리현황,확인 불가,"은행연합회 원문 미수집(robots.txt 「User-agent: * / Disallow: /」, 우회 없음) — 대조 불가라 차이여부 「확인 불가」. hwp 는 쪽 정보가 없어 위치는 이 md 줄 번호(1부터) · 본문 줄은 공백 제거 후 같은 줄을 목차 순서대로 찾은 것","은행연합회 www.kfb.or.kr 자율규제·모범규준 게시판(2026.1.6 개정본) — 원문 미수집: https://www.kfb.or.kr/robots.txt (HTTP 200, 2026-10-01T17:15:49+09:00, sha256 133e4db054e73a10…): 「User-agent: * / Disallow: /」; https://kfb.or.kr/robots.txt (HTTP 200, 2026-10-01T17:15:52+09:00, sha256 133e4db054e73a10…): 「User-agent: * / Disallow: /」; https://portal.kfb.or.kr/robots.txt (HTTP 200, 2026-10-01T17:15:55+09:00, sha256 133e4db054e73a10…): 「User-agent: * / Disallow: /」",생명보험협회 https://www.klia.or.kr/member/insurRegul/selfRegul/list.do(회원사 > 자율규제운영 > 자율규제 규정정보) 「지배구조 및 보수체계 연차보고서 작성기준」(제·개정월 2026-01) 원문보기 https://www.klia.or.kr/FileDown.do?fileNo=21190&seq=2 · 원파일명 지배구조 및 보수체계 연차보고서 작성기준(20260123).hwp · sha256 be90c671e983fa26d64d3b38a231c1807745ba4960a597985875cd0a76069b6f · 텍스트 handoff/원문_10차/작성기준_생보협회.md,2026-10-01T17:16:07+09:00
목차,"(1) 사외이사 후보군 관리 개요, (2) 후보군 관리 활동 내역, (3) 후보군 현황",확인 불가,확인 불가(원문 미수집),제1절 3. 마. 4) 자) (1) · 목차표 md 119행 · 목차상 45쪽 · 본문 같은 제목 줄 못 찾음,"(1) 사외이사 후보군 관리 개요, (2) 후보군 관리 활동 내역, (3) 후보군 현황",확인 불가,"은행연합회 원문 미수집(robots.txt 「User-agent: * / Disallow: /」, 우회 없음) — 대조 불가라 차이여부 「확인 불가」. hwp 는 쪽 정보가 없어 위치는 이 md 줄 번호(1부터) · 본문에서 공백 제거 후 같은 제목 줄을 못 찾음(목차표와 본문 표기가 다르거나 여러 항목을 한 칸에 묶음)","은행연합회 www.kfb.or.kr 자율규제·모범규준 게시판(2026.1.6 개정본) — 원문 미수집: https://www.kfb.or.kr/robots.txt (HTTP 200, 2026-10-01T17:15:49+09:00, sha256 133e4db054e73a10…): 「User-agent: * / Disallow: /」; https://kfb.or.kr/robots.txt (HTTP 200, 2026-10-01T17:15:52+09:00, sha256 133e4db054e73a10…): 「User-agent: * / Disallow: /」; https://portal.kfb.or.kr/robots.txt (HTTP 200, 2026-10-01T17:15:55+09:00, sha256 133e4db054e73a10…): 「User-agent: * / Disallow: /」",생명보험협회 https://www.klia.or.kr/member/insurRegul/selfRegul/list.do(회원사 > 자율규제운영 > 자율규제 규정정보) 「지배구조 및 보수체계 연차보고서 작성기준」(제·개정월 2026-01) 원문보기 https://www.klia.or.kr/FileDown.do?fileNo=21190&seq=2 · 원파일명 지배구조 및 보수체계 연차보고서 작성기준(20260123).hwp · sha256 be90c671e983fa26d64d3b38a231c1807745ba4960a597985875cd0a76069b6f · 텍스트 handoff/원문_10차/작성기준_생보협회.md,2026-10-01T17:16:07+09:00
목차,차) 임원추천위원회가 이사회에 사외이사 후보군 추천관련 보고한 내용,확인 불가,확인 불가(원문 미수집),제1절 3. 마. 4) 차) · 목차표 md 120행 · 목차상 47쪽 · 본문 같은 제목 줄 못 찾음,차) 임원추천위원회가 이사회에 사외이사 후보군 추천관련 보고한 내용,확인 불가,"은행연합회 원문 미수집(robots.txt 「User-agent: * / Disallow: /」, 우회 없음) — 대조 불가라 차이여부 「확인 불가」. hwp 는 쪽 정보가 없어 위치는 이 md 줄 번호(1부터) · 본문에서 공백 제거 후 같은 제목 줄을 못 찾음(목차표와 본문 표기가 다르거나 여러 항목을 한 칸에 묶음)","은행연합회 www.kfb.or.kr 자율규제·모범규준 게시판(2026.1.6 개정본) — 원문 미수집: https://www.kfb.or.kr/robots.txt (HTTP 200, 2026-10-01T17:15:49+09:00, sha256 133e4db054e73a10…): 「User-agent: * / Disallow: /」; https://kfb.or.kr/robots.txt (HTTP 200, 2026-10-01T17:15:52+09:00, sha256 133e4db054e73a10…): 「User-agent: * / Disallow: /」; https://portal.kfb.or.kr/robots.txt (HTTP 200, 2026-10-01T17:15:55+09:00, sha256 133e4db054e73a10…): 「User-agent: * / Disallow: /」",생명보험협회 https://www.klia.or.kr/member/insurRegul/selfRegul/list.do(회원사 > 자율규제운영 > 자율규제 규정정보) 「지배구조 및 보수체계 연차보고서 작성기준」(제·개정월 2026-01) 원문보기 https://www.klia.or.kr/FileDown.do?fileNo=21190&seq=2 · 원파일명 지배구조 및 보수체계 연차보고서 작성기준(20260123).hwp · sha256 be90c671e983fa26d64d3b38a231c1807745ba4960a597985875cd0a76069b6f · 텍스트 handoff/원문_10차/작성기준_생보협회.md,2026-10-01T17:16:07+09:00
목차,카) 사외이사 지원부서가 임원후보추천위원회에 후보군 관리 업무 관련 주기적으로 보고한 내용,확인 불가,확인 불가(원문 미수집),제1절 3. 마. 4) 카) · 목차표 md 121행 · 목차상 48쪽 · 본문 md 1226행,카) 사외이사 지원부서가 임원후보추천위원회에 후보군 관리 업무 관련 주기적으로 보고한 내용,확인 불가,"은행연합회 원문 미수집(robots.txt 「User-agent: * / Disallow: /」, 우회 없음) — 대조 불가라 차이여부 「확인 불가」. hwp 는 쪽 정보가 없어 위치는 이 md 줄 번호(1부터) · 본문 줄은 공백 제거 후 같은 줄을 목차 순서대로 찾은 것","은행연합회 www.kfb.or.kr 자율규제·모범규준 게시판(2026.1.6 개정본) — 원문 미수집: https://www.kfb.or.kr/robots.txt (HTTP 200, 2026-10-01T17:15:49+09:00, sha256 133e4db054e73a10…): 「User-agent: * / Disallow: /」; https://kfb.or.kr/robots.txt (HTTP 200, 2026-10-01T17:15:52+09:00, sha256 133e4db054e73a10…): 「User-agent: * / Disallow: /」; https://portal.kfb.or.kr/robots.txt (HTTP 200, 2026-10-01T17:15:55+09:00, sha256 133e4db054e73a10…): 「User-agent: * / Disallow: /」",생명보험협회 https://www.klia.or.kr/member/insurRegul/selfRegul/list.do(회원사 > 자율규제운영 > 자율규제 규정정보) 「지배구조 및 보수체계 연차보고서 작성기준」(제·개정월 2026-01) 원문보기 https://www.klia.or.kr/FileDown.do?fileNo=21190&seq=2 · 원파일명 지배구조 및 보수체계 연차보고서 작성기준(20260123).hwp · sha256 be90c671e983fa26d64d3b38a231c1807745ba4960a597985875cd0a76069b6f · 텍스트 handoff/원문_10차/작성기준_생보협회.md,2026-10-01T17:16:07+09:00
목차,5) 기타 금융회사가 정한 임원,확인 불가,확인 불가(원문 미수집),제1절 3. 마. 5) · 목차표 md 122행 · 목차상 49쪽 · 본문 md 1232행,5) 기타 금융회사가 정한 임원,확인 불가,"은행연합회 원문 미수집(robots.txt 「User-agent: * / Disallow: /」, 우회 없음) — 대조 불가라 차이여부 「확인 불가」. hwp 는 쪽 정보가 없어 위치는 이 md 줄 번호(1부터) · 본문 줄은 공백 제거 후 같은 줄을 목차 순서대로 찾은 것","은행연합회 www.kfb.or.kr 자율규제·모범규준 게시판(2026.1.6 개정본) — 원문 미수집: https://www.kfb.or.kr/robots.txt (HTTP 200, 2026-10-01T17:15:49+09:00, sha256 133e4db054e73a10…): 「User-agent: * / Disallow: /」; https://kfb.or.kr/robots.txt (HTTP 200, 2026-10-01T17:15:52+09:00, sha256 133e4db054e73a10…): 「User-agent: * / Disallow: /」; https://portal.kfb.or.kr/robots.txt (HTTP 200, 2026-10-01T17:15:55+09:00, sha256 133e4db054e73a10…): 「User-agent: * / Disallow: /」",생명보험협회 https://www.klia.or.kr/member/insurRegul/selfRegul/list.do(회원사 > 자율규제운영 > 자율규제 규정정보) 「지배구조 및 보수체계 연차보고서 작성기준」(제·개정월 2026-01) 원문보기 https://www.klia.or.kr/FileDown.do?fileNo=21190&seq=2 · 원파일명 지배구조 및 보수체계 연차보고서 작성기준(20260123).hwp · sha256 be90c671e983fa26d64d3b38a231c1807745ba4960a597985875cd0a76069b6f · 텍스트 handoff/원문_10차/작성기준_생보협회.md,2026-10-01T17:16:07+09:00
목차,가) 후보자 인적사항,확인 불가,확인 불가(원문 미수집),제1절 3. 마. 5) 가) · 목차표 md 123행 · 목차상 49쪽 · 본문 md 1233행,가) 후보자 인적사항,확인 불가,"은행연합회 원문 미수집(robots.txt 「User-agent: * / Disallow: /」, 우회 없음) — 대조 불가라 차이여부 「확인 불가」. hwp 는 쪽 정보가 없어 위치는 이 md 줄 번호(1부터) · 본문 줄은 공백 제거 후 같은 줄을 목차 순서대로 찾은 것","은행연합회 www.kfb.or.kr 자율규제·모범규준 게시판(2026.1.6 개정본) — 원문 미수집: https://www.kfb.or.kr/robots.txt (HTTP 200, 2026-10-01T17:15:49+09:00, sha256 133e4db054e73a10…): 「User-agent: * / Disallow: /」; https://kfb.or.kr/robots.txt (HTTP 200, 2026-10-01T17:15:52+09:00, sha256 133e4db054e73a10…): 「User-agent: * / Disallow: /」; https://portal.kfb.or.kr/robots.txt (HTTP 200, 2026-10-01T17:15:55+09:00, sha256 133e4db054e73a10…): 「User-agent: * / Disallow: /」",생명보험협회 https://www.klia.or.kr/member/insurRegul/selfRegul/list.do(회원사 > 자율규제운영 > 자율규제 규정정보) 「지배구조 및 보수체계 연차보고서 작성기준」(제·개정월 2026-01) 원문보기 https://www.klia.or.kr/FileDown.do?fileNo=21190&seq=2 · 원파일명 지배구조 및 보수체계 연차보고서 작성기준(20260123).hwp · sha256 be90c671e983fa26d64d3b38a231c1807745ba4960a597985875cd0a76069b6f · 텍스트 handoff/원문_10차/작성기준_생보협회.md,2026-10-01T17:16:07+09:00
목차,"(1) 성명, (2) 출생연도, (3) 출신학교, (4) 경력",확인 불가,확인 불가(원문 미수집),제1절 3. 마. 5) 가) (1) · 목차표 md 124행 · 목차상 49쪽 · 본문 같은 제목 줄 못 찾음,"(1) 성명, (2) 출생연도, (3) 출신학교, (4) 경력",확인 불가,"은행연합회 원문 미수집(robots.txt 「User-agent: * / Disallow: /」, 우회 없음) — 대조 불가라 차이여부 「확인 불가」. hwp 는 쪽 정보가 없어 위치는 이 md 줄 번호(1부터) · 본문에서 공백 제거 후 같은 제목 줄을 못 찾음(목차표와 본문 표기가 다르거나 여러 항목을 한 칸에 묶음)","은행연합회 www.kfb.or.kr 자율규제·모범규준 게시판(2026.1.6 개정본) — 원문 미수집: https://www.kfb.or.kr/robots.txt (HTTP 200, 2026-10-01T17:15:49+09:00, sha256 133e4db054e73a10…): 「User-agent: * / Disallow: /」; https://kfb.or.kr/robots.txt (HTTP 200, 2026-10-01T17:15:52+09:00, sha256 133e4db054e73a10…): 「User-agent: * / Disallow: /」; https://portal.kfb.or.kr/robots.txt (HTTP 200, 2026-10-01T17:15:55+09:00, sha256 133e4db054e73a10…): 「User-agent: * / Disallow: /」",생명보험협회 https://www.klia.or.kr/member/insurRegul/selfRegul/list.do(회원사 > 자율규제운영 > 자율규제 규정정보) 「지배구조 및 보수체계 연차보고서 작성기준」(제·개정월 2026-01) 원문보기 https://www.klia.or.kr/FileDown.do?fileNo=21190&seq=2 · 원파일명 지배구조 및 보수체계 연차보고서 작성기준(20260123).hwp · sha256 be90c671e983fa26d64d3b38a231c1807745ba4960a597985875cd0a76069b6f · 텍스트 handoff/원문_10차/작성기준_생보협회.md,2026-10-01T17:16:07+09:00
목차,나) 후보 제안자,확인 불가,확인 불가(원문 미수집),제1절 3. 마. 5) 나) · 목차표 md 125행 · 목차상 49쪽 · 본문 md 1249행,나) 후보 제안자,확인 불가,"은행연합회 원문 미수집(robots.txt 「User-agent: * / Disallow: /」, 우회 없음) — 대조 불가라 차이여부 「확인 불가」. hwp 는 쪽 정보가 없어 위치는 이 md 줄 번호(1부터) · 본문 줄은 공백 제거 후 같은 줄을 목차 순서대로 찾은 것","은행연합회 www.kfb.or.kr 자율규제·모범규준 게시판(2026.1.6 개정본) — 원문 미수집: https://www.kfb.or.kr/robots.txt (HTTP 200, 2026-10-01T17:15:49+09:00, sha256 133e4db054e73a10…): 「User-agent: * / Disallow: /」; https://kfb.or.kr/robots.txt (HTTP 200, 2026-10-01T17:15:52+09:00, sha256 133e4db054e73a10…): 「User-agent: * / Disallow: /」; https://portal.kfb.or.kr/robots.txt (HTTP 200, 2026-10-01T17:15:55+09:00, sha256 133e4db054e73a10…): 「User-agent: * / Disallow: /」",생명보험협회 https://www.klia.or.kr/member/insurRegul/selfRegul/list.do(회원사 > 자율규제운영 > 자율규제 규정정보) 「지배구조 및 보수체계 연차보고서 작성기준」(제·개정월 2026-01) 원문보기 https://www.klia.or.kr/FileDown.do?fileNo=21190&seq=2 · 원파일명 지배구조 및 보수체계 연차보고서 작성기준(20260123).hwp · sha256 be90c671e983fa26d64d3b38a231c1807745ba4960a597985875cd0a76069b6f · 텍스트 handoff/원문_10차/작성기준_생보협회.md,2026-10-01T17:16:07+09:00
목차,"(1) 후보제안자 인적사항, (2) 후보자와의 관계",확인 불가,확인 불가(원문 미수집),제1절 3. 마. 5) 나) (1) · 목차표 md 126행 · 목차상 49쪽 · 본문 같은 제목 줄 못 찾음,"(1) 후보제안자 인적사항, (2) 후보자와의 관계",확인 불가,"은행연합회 원문 미수집(robots.txt 「User-agent: * / Disallow: /」, 우회 없음) — 대조 불가라 차이여부 「확인 불가」. hwp 는 쪽 정보가 없어 위치는 이 md 줄 번호(1부터) · 본문에서 공백 제거 후 같은 제목 줄을 못 찾음(목차표와 본문 표기가 다르거나 여러 항목을 한 칸에 묶음)","은행연합회 www.kfb.or.kr 자율규제·모범규준 게시판(2026.1.6 개정본) — 원문 미수집: https://www.kfb.or.kr/robots.txt (HTTP 200, 2026-10-01T17:15:49+09:00, sha256 133e4db054e73a10…): 「User-agent: * / Disallow: /」; https://kfb.or.kr/robots.txt (HTTP 200, 2026-10-01T17:15:52+09:00, sha256 133e4db054e73a10…): 「User-agent: * / Disallow: /」; https://portal.kfb.or.kr/robots.txt (HTTP 200, 2026-10-01T17:15:55+09:00, sha256 133e4db054e73a10…): 「User-agent: * / Disallow: /」",생명보험협회 https://www.klia.or.kr/member/insurRegul/selfRegul/list.do(회원사 > 자율규제운영 > 자율규제 규정정보) 「지배구조 및 보수체계 연차보고서 작성기준」(제·개정월 2026-01) 원문보기 https://www.klia.or.kr/FileDown.do?fileNo=21190&seq=2 · 원파일명 지배구조 및 보수체계 연차보고서 작성기준(20260123).hwp · sha256 be90c671e983fa26d64d3b38a231c1807745ba4960a597985875cd0a76069b6f · 텍스트 handoff/원문_10차/작성기준_생보협회.md,2026-10-01T17:16:07+09:00
목차,다) 후보자 추천 사유,확인 불가,확인 불가(원문 미수집),제1절 3. 마. 5) 다) · 목차표 md 127행 · 목차상 50쪽 · 본문 md 1270행,다) 후보자 추천 사유,확인 불가,"은행연합회 원문 미수집(robots.txt 「User-agent: * / Disallow: /」, 우회 없음) — 대조 불가라 차이여부 「확인 불가」. hwp 는 쪽 정보가 없어 위치는 이 md 줄 번호(1부터) · 본문 줄은 공백 제거 후 같은 줄을 목차 순서대로 찾은 것","은행연합회 www.kfb.or.kr 자율규제·모범규준 게시판(2026.1.6 개정본) — 원문 미수집: https://www.kfb.or.kr/robots.txt (HTTP 200, 2026-10-01T17:15:49+09:00, sha256 133e4db054e73a10…): 「User-agent: * / Disallow: /」; https://kfb.or.kr/robots.txt (HTTP 200, 2026-10-01T17:15:52+09:00, sha256 133e4db054e73a10…): 「User-agent: * / Disallow: /」; https://portal.kfb.or.kr/robots.txt (HTTP 200, 2026-10-01T17:15:55+09:00, sha256 133e4db054e73a10…): 「User-agent: * / Disallow: /」",생명보험협회 https://www.klia.or.kr/member/insurRegul/selfRegul/list.do(회원사 > 자율규제운영 > 자율규제 규정정보) 「지배구조 및 보수체계 연차보고서 작성기준」(제·개정월 2026-01) 원문보기 https://www.klia.or.kr/FileDown.do?fileNo=21190&seq=2 · 원파일명 지배구조 및 보수체계 연차보고서 작성기준(20260123).hwp · sha256 be90c671e983fa26d64d3b38a231c1807745ba4960a597985875cd0a76069b6f · 텍스트 handoff/원문_10차/작성기준_생보협회.md,2026-10-01T17:16:07+09:00
목차,"(1) 후보제안자 추천이유, (2) 후보자 추천경로",확인 불가,확인 불가(원문 미수집),제1절 3. 마. 5) 다) (1) · 목차표 md 128행 · 목차상 50쪽 · 본문 같은 제목 줄 못 찾음,"(1) 후보제안자 추천이유, (2) 후보자 추천경로",확인 불가,"은행연합회 원문 미수집(robots.txt 「User-agent: * / Disallow: /」, 우회 없음) — 대조 불가라 차이여부 「확인 불가」. hwp 는 쪽 정보가 없어 위치는 이 md 줄 번호(1부터) · 본문에서 공백 제거 후 같은 제목 줄을 못 찾음(목차표와 본문 표기가 다르거나 여러 항목을 한 칸에 묶음)","은행연합회 www.kfb.or.kr 자율규제·모범규준 게시판(2026.1.6 개정본) — 원문 미수집: https://www.kfb.or.kr/robots.txt (HTTP 200, 2026-10-01T17:15:49+09:00, sha256 133e4db054e73a10…): 「User-agent: * / Disallow: /」; https://kfb.or.kr/robots.txt (HTTP 200, 2026-10-01T17:15:52+09:00, sha256 133e4db054e73a10…): 「User-agent: * / Disallow: /」; https://portal.kfb.or.kr/robots.txt (HTTP 200, 2026-10-01T17:15:55+09:00, sha256 133e4db054e73a10…): 「User-agent: * / Disallow: /」",생명보험협회 https://www.klia.or.kr/member/insurRegul/selfRegul/list.do(회원사 > 자율규제운영 > 자율규제 규정정보) 「지배구조 및 보수체계 연차보고서 작성기준」(제·개정월 2026-01) 원문보기 https://www.klia.or.kr/FileDown.do?fileNo=21190&seq=2 · 원파일명 지배구조 및 보수체계 연차보고서 작성기준(20260123).hwp · sha256 be90c671e983fa26d64d3b38a231c1807745ba4960a597985875cd0a76069b6f · 텍스트 handoff/원문_10차/작성기준_생보협회.md,2026-10-01T17:16:07+09:00
목차,라) 자격충족 여부,확인 불가,확인 불가(원문 미수집),제1절 3. 마. 5) 라) · 목차표 md 129행 · 목차상 51쪽 · 본문 md 1288행,라) 자격충족 여부,확인 불가,"은행연합회 원문 미수집(robots.txt 「User-agent: * / Disallow: /」, 우회 없음) — 대조 불가라 차이여부 「확인 불가」. hwp 는 쪽 정보가 없어 위치는 이 md 줄 번호(1부터) · 본문 줄은 공백 제거 후 같은 줄을 목차 순서대로 찾은 것","은행연합회 www.kfb.or.kr 자율규제·모범규준 게시판(2026.1.6 개정본) — 원문 미수집: https://www.kfb.or.kr/robots.txt (HTTP 200, 2026-10-01T17:15:49+09:00, sha256 133e4db054e73a10…): 「User-agent: * / Disallow: /」; https://kfb.or.kr/robots.txt (HTTP 200, 2026-10-01T17:15:52+09:00, sha256 133e4db054e73a10…): 「User-agent: * / Disallow: /」; https://portal.kfb.or.kr/robots.txt (HTTP 200, 2026-10-01T17:15:55+09:00, sha256 133e4db054e73a10…): 「User-agent: * / Disallow: /」",생명보험협회 https://www.klia.or.kr/member/insurRegul/selfRegul/list.do(회원사 > 자율규제운영 > 자율규제 규정정보) 「지배구조 및 보수체계 연차보고서 작성기준」(제·개정월 2026-01) 원문보기 https://www.klia.or.kr/FileDown.do?fileNo=21190&seq=2 · 원파일명 지배구조 및 보수체계 연차보고서 작성기준(20260123).hwp · sha256 be90c671e983fa26d64d3b38a231c1807745ba4960a597985875cd0a76069b6f · 텍스트 handoff/원문_10차/작성기준_생보협회.md,2026-10-01T17:16:07+09:00
목차,"(1) 소극적 요건, (2) 금융회사가 정한 자격요건, (3) 본인 소명",확인 불가,확인 불가(원문 미수집),제1절 3. 마. 5) 라) (1) · 목차표 md 130행 · 목차상 51쪽 · 본문 같은 제목 줄 못 찾음,"(1) 소극적 요건, (2) 금융회사가 정한 자격요건, (3) 본인 소명",확인 불가,"은행연합회 원문 미수집(robots.txt 「User-agent: * / Disallow: /」, 우회 없음) — 대조 불가라 차이여부 「확인 불가」. hwp 는 쪽 정보가 없어 위치는 이 md 줄 번호(1부터) · 본문에서 공백 제거 후 같은 제목 줄을 못 찾음(목차표와 본문 표기가 다르거나 여러 항목을 한 칸에 묶음)","은행연합회 www.kfb.or.kr 자율규제·모범규준 게시판(2026.1.6 개정본) — 원문 미수집: https://www.kfb.or.kr/robots.txt (HTTP 200, 2026-10-01T17:15:49+09:00, sha256 133e4db054e73a10…): 「User-agent: * / Disallow: /」; https://kfb.or.kr/robots.txt (HTTP 200, 2026-10-01T17:15:52+09:00, sha256 133e4db054e73a10…): 「User-agent: * / Disallow: /」; https://portal.kfb.or.kr/robots.txt (HTTP 200, 2026-10-01T17:15:55+09:00, sha256 133e4db054e73a10…): 「User-agent: * / Disallow: /」",생명보험협회 https://www.klia.or.kr/member/insurRegul/selfRegul/list.do(회원사 > 자율규제운영 > 자율규제 규정정보) 「지배구조 및 보수체계 연차보고서 작성기준」(제·개정월 2026-01) 원문보기 https://www.klia.or.kr/FileDown.do?fileNo=21190&seq=2 · 원파일명 지배구조 및 보수체계 연차보고서 작성기준(20260123).hwp · sha256 be90c671e983fa26d64d3b38a231c1807745ba4960a597985875cd0a76069b6f · 텍스트 handoff/원문_10차/작성기준_생보협회.md,2026-10-01T17:16:07+09:00
목차,마) 임원후보추천위원회 검토 및 의결,확인 불가,확인 불가(원문 미수집),제1절 3. 마. 5) 마) · 목차표 md 131행 · 목차상 52쪽 · 본문 같은 제목 줄 못 찾음,마) 임원후보추천위원회 검토 및 의결,확인 불가,"은행연합회 원문 미수집(robots.txt 「User-agent: * / Disallow: /」, 우회 없음) — 대조 불가라 차이여부 「확인 불가」. hwp 는 쪽 정보가 없어 위치는 이 md 줄 번호(1부터) · 본문에서 공백 제거 후 같은 제목 줄을 못 찾음(목차표와 본문 표기가 다르거나 여러 항목을 한 칸에 묶음)","은행연합회 www.kfb.or.kr 자율규제·모범규준 게시판(2026.1.6 개정본) — 원문 미수집: https://www.kfb.or.kr/robots.txt (HTTP 200, 2026-10-01T17:15:49+09:00, sha256 133e4db054e73a10…): 「User-agent: * / Disallow: /」; https://kfb.or.kr/robots.txt (HTTP 200, 2026-10-01T17:15:52+09:00, sha256 133e4db054e73a10…): 「User-agent: * / Disallow: /」; https://portal.kfb.or.kr/robots.txt (HTTP 200, 2026-10-01T17:15:55+09:00, sha256 133e4db054e73a10…): 「User-agent: * / Disallow: /」",생명보험협회 https://www.klia.or.kr/member/insurRegul/selfRegul/list.do(회원사 > 자율규제운영 > 자율규제 규정정보) 「지배구조 및 보수체계 연차보고서 작성기준」(제·개정월 2026-01) 원문보기 https://www.klia.or.kr/FileDown.do?fileNo=21190&seq=2 · 원파일명 지배구조 및 보수체계 연차보고서 작성기준(20260123).hwp · sha256 be90c671e983fa26d64d3b38a231c1807745ba4960a597985875cd0a76069b6f · 텍스트 handoff/원문_10차/작성기준_생보협회.md,2026-10-01T17:16:07+09:00
목차,4. 사외이사 활동ㆍ보수 등,확인 불가,확인 불가(원문 미수집),제1절 4. · 목차표 md 133행 · 목차상 53쪽 · 본문 같은 제목 줄 못 찾음,4. 사외이사 활동ㆍ보수 등,확인 불가,"은행연합회 원문 미수집(robots.txt 「User-agent: * / Disallow: /」, 우회 없음) — 대조 불가라 차이여부 「확인 불가」. hwp 는 쪽 정보가 없어 위치는 이 md 줄 번호(1부터) · 본문에서 공백 제거 후 같은 제목 줄을 못 찾음(목차표와 본문 표기가 다르거나 여러 항목을 한 칸에 묶음)","은행연합회 www.kfb.or.kr 자율규제·모범규준 게시판(2026.1.6 개정본) — 원문 미수집: https://www.kfb.or.kr/robots.txt (HTTP 200, 2026-10-01T17:15:49+09:00, sha256 133e4db054e73a10…): 「User-agent: * / Disallow: /」; https://kfb.or.kr/robots.txt (HTTP 200, 2026-10-01T17:15:52+09:00, sha256 133e4db054e73a10…): 「User-agent: * / Disallow: /」; https://portal.kfb.or.kr/robots.txt (HTTP 200, 2026-10-01T17:15:55+09:00, sha256 133e4db054e73a10…): 「User-agent: * / Disallow: /」",생명보험협회 https://www.klia.or.kr/member/insurRegul/selfRegul/list.do(회원사 > 자율규제운영 > 자율규제 규정정보) 「지배구조 및 보수체계 연차보고서 작성기준」(제·개정월 2026-01) 원문보기 https://www.klia.or.kr/FileDown.do?fileNo=21190&seq=2 · 원파일명 지배구조 및 보수체계 연차보고서 작성기준(20260123).hwp · sha256 be90c671e983fa26d64d3b38a231c1807745ba4960a597985875cd0a76069b6f · 텍스트 handoff/원문_10차/작성기준_생보협회.md,2026-10-01T17:16:07+09:00
목차,가. 사외이사 활동내역,확인 불가,확인 불가(원문 미수집),제1절 4. 가. · 목차표 md 134행 · 목차상 53쪽 · 본문 md 1321행,가. 사외이사 활동내역,확인 불가,"은행연합회 원문 미수집(robots.txt 「User-agent: * / Disallow: /」, 우회 없음) — 대조 불가라 차이여부 「확인 불가」. hwp 는 쪽 정보가 없어 위치는 이 md 줄 번호(1부터) · 본문 줄은 공백 제거 후 같은 줄을 목차 순서대로 찾은 것","은행연합회 www.kfb.or.kr 자율규제·모범규준 게시판(2026.1.6 개정본) — 원문 미수집: https://www.kfb.or.kr/robots.txt (HTTP 200, 2026-10-01T17:15:49+09:00, sha256 133e4db054e73a10…): 「User-agent: * / Disallow: /」; https://kfb.or.kr/robots.txt (HTTP 200, 2026-10-01T17:15:52+09:00, sha256 133e4db054e73a10…): 「User-agent: * / Disallow: /」; https://portal.kfb.or.kr/robots.txt (HTTP 200, 2026-10-01T17:15:55+09:00, sha256 133e4db054e73a10…): 「User-agent: * / Disallow: /」",생명보험협회 https://www.klia.or.kr/member/insurRegul/selfRegul/list.do(회원사 > 자율규제운영 > 자율규제 규정정보) 「지배구조 및 보수체계 연차보고서 작성기준」(제·개정월 2026-01) 원문보기 https://www.klia.or.kr/FileDown.do?fileNo=21190&seq=2 · 원파일명 지배구조 및 보수체계 연차보고서 작성기준(20260123).hwp · sha256 be90c671e983fa26d64d3b38a231c1807745ba4960a597985875cd0a76069b6f · 텍스트 handoff/원문_10차/작성기준_생보협회.md,2026-10-01T17:16:07+09:00
목차,"1) 이사회 및 이사회내 위원회 회의일시, 안건내용",확인 불가,확인 불가(원문 미수집),제1절 4. 가. 1) · 목차표 md 135행 · 목차상 53쪽 · 본문 md 1322행,"1) 이사회 및 이사회내 위원회 회의일시, 안건내용",확인 불가,"은행연합회 원문 미수집(robots.txt 「User-agent: * / Disallow: /」, 우회 없음) — 대조 불가라 차이여부 「확인 불가」. hwp 는 쪽 정보가 없어 위치는 이 md 줄 번호(1부터) · 본문 줄은 공백 제거 후 같은 줄을 목차 순서대로 찾은 것","은행연합회 www.kfb.or.kr 자율규제·모범규준 게시판(2026.1.6 개정본) — 원문 미수집: https://www.kfb.or.kr/robots.txt (HTTP 200, 2026-10-01T17:15:49+09:00, sha256 133e4db054e73a10…): 「User-agent: * / Disallow: /」; https://kfb.or.kr/robots.txt (HTTP 200, 2026-10-01T17:15:52+09:00, sha256 133e4db054e73a10…): 「User-agent: * / Disallow: /」; https://portal.kfb.or.kr/robots.txt (HTTP 200, 2026-10-01T17:15:55+09:00, sha256 133e4db054e73a10…): 「User-agent: * / Disallow: /」",생명보험협회 https://www.klia.or.kr/member/insurRegul/selfRegul/list.do(회원사 > 자율규제운영 > 자율규제 규정정보) 「지배구조 및 보수체계 연차보고서 작성기준」(제·개정월 2026-01) 원문보기 https://www.klia.or.kr/FileDown.do?fileNo=21190&seq=2 · 원파일명 지배구조 및 보수체계 연차보고서 작성기준(20260123).hwp · sha256 be90c671e983fa26d64d3b38a231c1807745ba4960a597985875cd0a76069b6f · 텍스트 handoff/원문_10차/작성기준_생보협회.md,2026-10-01T17:16:07+09:00
목차,2) 사외이사 개인별 이사회내 위원회 참석 및 찬성여부,확인 불가,확인 불가(원문 미수집),제1절 4. 가. 2) · 목차표 md 136행 · 목차상 54쪽 · 본문 md 1348행,2) 사외이사 개인별 이사회내 위원회 참석 및 찬성여부,확인 불가,"은행연합회 원문 미수집(robots.txt 「User-agent: * / Disallow: /」, 우회 없음) — 대조 불가라 차이여부 「확인 불가」. hwp 는 쪽 정보가 없어 위치는 이 md 줄 번호(1부터) · 본문 줄은 공백 제거 후 같은 줄을 목차 순서대로 찾은 것","은행연합회 www.kfb.or.kr 자율규제·모범규준 게시판(2026.1.6 개정본) — 원문 미수집: https://www.kfb.or.kr/robots.txt (HTTP 200, 2026-10-01T17:15:49+09:00, sha256 133e4db054e73a10…): 「User-agent: * / Disallow: /」; https://kfb.or.kr/robots.txt (HTTP 200, 2026-10-01T17:15:52+09:00, sha256 133e4db054e73a10…): 「User-agent: * / Disallow: /」; https://portal.kfb.or.kr/robots.txt (HTTP 200, 2026-10-01T17:15:55+09:00, sha256 133e4db054e73a10…): 「User-agent: * / Disallow: /」",생명보험협회 https://www.klia.or.kr/member/insurRegul/selfRegul/list.do(회원사 > 자율규제운영 > 자율규제 규정정보) 「지배구조 및 보수체계 연차보고서 작성기준」(제·개정월 2026-01) 원문보기 https://www.klia.or.kr/FileDown.do?fileNo=21190&seq=2 · 원파일명 지배구조 및 보수체계 연차보고서 작성기준(20260123).hwp · sha256 be90c671e983fa26d64d3b38a231c1807745ba4960a597985875cd0a76069b6f · 텍스트 handoff/원문_10차/작성기준_생보협회.md,2026-10-01T17:16:07+09:00
목차,가) 사외이사 ○○○,확인 불가,확인 불가(원문 미수집),제1절 4. 가. 2) 가) · 목차표 md 137행 · 목차상 54쪽 · 본문 같은 제목 줄 못 찾음,가) 사외이사 ○○○,확인 불가,"은행연합회 원문 미수집(robots.txt 「User-agent: * / Disallow: /」, 우회 없음) — 대조 불가라 차이여부 「확인 불가」. hwp 는 쪽 정보가 없어 위치는 이 md 줄 번호(1부터) · 본문에서 공백 제거 후 같은 제목 줄을 못 찾음(목차표와 본문 표기가 다르거나 여러 항목을 한 칸에 묶음)","은행연합회 www.kfb.or.kr 자율규제·모범규준 게시판(2026.1.6 개정본) — 원문 미수집: https://www.kfb.or.kr/robots.txt (HTTP 200, 2026-10-01T17:15:49+09:00, sha256 133e4db054e73a10…): 「User-agent: * / Disallow: /」; https://kfb.or.kr/robots.txt (HTTP 200, 2026-10-01T17:15:52+09:00, sha256 133e4db054e73a10…): 「User-agent: * / Disallow: /」; https://portal.kfb.or.kr/robots.txt (HTTP 200, 2026-10-01T17:15:55+09:00, sha256 133e4db054e73a10…): 「User-agent: * / Disallow: /」",생명보험협회 https://www.klia.or.kr/member/insurRegul/selfRegul/list.do(회원사 > 자율규제운영 > 자율규제 규정정보) 「지배구조 및 보수체계 연차보고서 작성기준」(제·개정월 2026-01) 원문보기 https://www.klia.or.kr/FileDown.do?fileNo=21190&seq=2 · 원파일명 지배구조 및 보수체계 연차보고서 작성기준(20260123).hwp · sha256 be90c671e983fa26d64d3b38a231c1807745ba4960a597985875cd0a76069b6f · 텍스트 handoff/원문_10차/작성기준_생보협회.md,2026-10-01T17:16:07+09:00
목차,(1) 활동내역,확인 불가,확인 불가(원문 미수집),제1절 4. 가. 2) 가) (1) · 목차표 md 138행 · 목차상 54쪽 · 본문 md 1350행,(1) 활동내역,확인 불가,"은행연합회 원문 미수집(robots.txt 「User-agent: * / Disallow: /」, 우회 없음) — 대조 불가라 차이여부 「확인 불가」. hwp 는 쪽 정보가 없어 위치는 이 md 줄 번호(1부터) · 본문 줄은 공백 제거 후 같은 줄을 목차 순서대로 찾은 것","은행연합회 www.kfb.or.kr 자율규제·모범규준 게시판(2026.1.6 개정본) — 원문 미수집: https://www.kfb.or.kr/robots.txt (HTTP 200, 2026-10-01T17:15:49+09:00, sha256 133e4db054e73a10…): 「User-agent: * / Disallow: /」; https://kfb.or.kr/robots.txt (HTTP 200, 2026-10-01T17:15:52+09:00, sha256 133e4db054e73a10…): 「User-agent: * / Disallow: /」; https://portal.kfb.or.kr/robots.txt (HTTP 200, 2026-10-01T17:15:55+09:00, sha256 133e4db054e73a10…): 「User-agent: * / Disallow: /」",생명보험협회 https://www.klia.or.kr/member/insurRegul/selfRegul/list.do(회원사 > 자율규제운영 > 자율규제 규정정보) 「지배구조 및 보수체계 연차보고서 작성기준」(제·개정월 2026-01) 원문보기 https://www.klia.or.kr/FileDown.do?fileNo=21190&seq=2 · 원파일명 지배구조 및 보수체계 연차보고서 작성기준(20260123).hwp · sha256 be90c671e983fa26d64d3b38a231c1807745ba4960a597985875cd0a76069b6f · 텍스트 handoff/원문_10차/작성기준_생보협회.md,2026-10-01T17:16:07+09:00
목차,나) 사외이사 △△△,확인 불가,확인 불가(원문 미수집),제1절 4. 가. 2) 나) · 목차표 md 139행 · 목차상 54쪽 · 본문 md 1360행,나) 사외이사 △△△,확인 불가,"은행연합회 원문 미수집(robots.txt 「User-agent: * / Disallow: /」, 우회 없음) — 대조 불가라 차이여부 「확인 불가」. hwp 는 쪽 정보가 없어 위치는 이 md 줄 번호(1부터) · 본문 줄은 공백 제거 후 같은 줄을 목차 순서대로 찾은 것","은행연합회 www.kfb.or.kr 자율규제·모범규준 게시판(2026.1.6 개정본) — 원문 미수집: https://www.kfb.or.kr/robots.txt (HTTP 200, 2026-10-01T17:15:49+09:00, sha256 133e4db054e73a10…): 「User-agent: * / Disallow: /」; https://kfb.or.kr/robots.txt (HTTP 200, 2026-10-01T17:15:52+09:00, sha256 133e4db054e73a10…): 「User-agent: * / Disallow: /」; https://portal.kfb.or.kr/robots.txt (HTTP 200, 2026-10-01T17:15:55+09:00, sha256 133e4db054e73a10…): 「User-agent: * / Disallow: /」",생명보험협회 https://www.klia.or.kr/member/insurRegul/selfRegul/list.do(회원사 > 자율규제운영 > 자율규제 규정정보) 「지배구조 및 보수체계 연차보고서 작성기준」(제·개정월 2026-01) 원문보기 https://www.klia.or.kr/FileDown.do?fileNo=21190&seq=2 · 원파일명 지배구조 및 보수체계 연차보고서 작성기준(20260123).hwp · sha256 be90c671e983fa26d64d3b38a231c1807745ba4960a597985875cd0a76069b6f · 텍스트 handoff/원문_10차/작성기준_생보협회.md,2026-10-01T17:16:07+09:00
목차,다) 요약,확인 불가,확인 불가(원문 미수집),제1절 4. 가. 2) 다) · 목차표 md 140행 · 목차상 54쪽 · 본문 md 1362행,다) 요약,확인 불가,"은행연합회 원문 미수집(robots.txt 「User-agent: * / Disallow: /」, 우회 없음) — 대조 불가라 차이여부 「확인 불가」. hwp 는 쪽 정보가 없어 위치는 이 md 줄 번호(1부터) · 본문 줄은 공백 제거 후 같은 줄을 목차 순서대로 찾은 것","은행연합회 www.kfb.or.kr 자율규제·모범규준 게시판(2026.1.6 개정본) — 원문 미수집: https://www.kfb.or.kr/robots.txt (HTTP 200, 2026-10-01T17:15:49+09:00, sha256 133e4db054e73a10…): 「User-agent: * / Disallow: /」; https://kfb.or.kr/robots.txt (HTTP 200, 2026-10-01T17:15:52+09:00, sha256 133e4db054e73a10…): 「User-agent: * / Disallow: /」; https://portal.kfb.or.kr/robots.txt (HTTP 200, 2026-10-01T17:15:55+09:00, sha256 133e4db054e73a10…): 「User-agent: * / Disallow: /」",생명보험협회 https://www.klia.or.kr/member/insurRegul/selfRegul/list.do(회원사 > 자율규제운영 > 자율규제 규정정보) 「지배구조 및 보수체계 연차보고서 작성기준」(제·개정월 2026-01) 원문보기 https://www.klia.or.kr/FileDown.do?fileNo=21190&seq=2 · 원파일명 지배구조 및 보수체계 연차보고서 작성기준(20260123).hwp · sha256 be90c671e983fa26d64d3b38a231c1807745ba4960a597985875cd0a76069b6f · 텍스트 handoff/원문_10차/작성기준_생보협회.md,2026-10-01T17:16:07+09:00
목차,나. 임원배상책임보험 가입 현황,확인 불가,확인 불가(원문 미수집),제1절 4. 나. · 목차표 md 141행 · 목차상 55쪽 · 본문 md 1378행,나. 임원배상책임보험 가입 현황,확인 불가,"은행연합회 원문 미수집(robots.txt 「User-agent: * / Disallow: /」, 우회 없음) — 대조 불가라 차이여부 「확인 불가」. hwp 는 쪽 정보가 없어 위치는 이 md 줄 번호(1부터) · 본문 줄은 공백 제거 후 같은 줄을 목차 순서대로 찾은 것","은행연합회 www.kfb.or.kr 자율규제·모범규준 게시판(2026.1.6 개정본) — 원문 미수집: https://www.kfb.or.kr/robots.txt (HTTP 200, 2026-10-01T17:15:49+09:00, sha256 133e4db054e73a10…): 「User-agent: * / Disallow: /」; https://kfb.or.kr/robots.txt (HTTP 200, 2026-10-01T17:15:52+09:00, sha256 133e4db054e73a10…): 「User-agent: * / Disallow: /」; https://portal.kfb.or.kr/robots.txt (HTTP 200, 2026-10-01T17:15:55+09:00, sha256 133e4db054e73a10…): 「User-agent: * / Disallow: /」",생명보험협회 https://www.klia.or.kr/member/insurRegul/selfRegul/list.do(회원사 > 자율규제운영 > 자율규제 규정정보) 「지배구조 및 보수체계 연차보고서 작성기준」(제·개정월 2026-01) 원문보기 https://www.klia.or.kr/FileDown.do?fileNo=21190&seq=2 · 원파일명 지배구조 및 보수체계 연차보고서 작성기준(20260123).hwp · sha256 be90c671e983fa26d64d3b38a231c1807745ba4960a597985875cd0a76069b6f · 텍스트 handoff/원문_10차/작성기준_생보협회.md,2026-10-01T17:16:07+09:00
목차,다. 사외이사 교육ㆍ연수,확인 불가,확인 불가(원문 미수집),제1절 4. 다. · 목차표 md 142행 · 목차상 55쪽 · 본문 같은 제목 줄 못 찾음,다. 사외이사 교육ㆍ연수,확인 불가,"은행연합회 원문 미수집(robots.txt 「User-agent: * / Disallow: /」, 우회 없음) — 대조 불가라 차이여부 「확인 불가」. hwp 는 쪽 정보가 없어 위치는 이 md 줄 번호(1부터) · 본문에서 공백 제거 후 같은 제목 줄을 못 찾음(목차표와 본문 표기가 다르거나 여러 항목을 한 칸에 묶음)","은행연합회 www.kfb.or.kr 자율규제·모범규준 게시판(2026.1.6 개정본) — 원문 미수집: https://www.kfb.or.kr/robots.txt (HTTP 200, 2026-10-01T17:15:49+09:00, sha256 133e4db054e73a10…): 「User-agent: * / Disallow: /」; https://kfb.or.kr/robots.txt (HTTP 200, 2026-10-01T17:15:52+09:00, sha256 133e4db054e73a10…): 「User-agent: * / Disallow: /」; https://portal.kfb.or.kr/robots.txt (HTTP 200, 2026-10-01T17:15:55+09:00, sha256 133e4db054e73a10…): 「User-agent: * / Disallow: /」",생명보험협회 https://www.klia.or.kr/member/insurRegul/selfRegul/list.do(회원사 > 자율규제운영 > 자율규제 규정정보) 「지배구조 및 보수체계 연차보고서 작성기준」(제·개정월 2026-01) 원문보기 https://www.klia.or.kr/FileDown.do?fileNo=21190&seq=2 · 원파일명 지배구조 및 보수체계 연차보고서 작성기준(20260123).hwp · sha256 be90c671e983fa26d64d3b38a231c1807745ba4960a597985875cd0a76069b6f · 텍스트 handoff/원문_10차/작성기준_생보협회.md,2026-10-01T17:16:07+09:00
목차,라. 사외이사 자격요건 유지 여부,확인 불가,확인 불가(원문 미수집),제1절 4. 라. · 목차표 md 143행 · 목차상 56쪽 · 본문 md 1401행,라. 사외이사 자격요건 유지 여부,확인 불가,"은행연합회 원문 미수집(robots.txt 「User-agent: * / Disallow: /」, 우회 없음) — 대조 불가라 차이여부 「확인 불가」. hwp 는 쪽 정보가 없어 위치는 이 md 줄 번호(1부터) · 본문 줄은 공백 제거 후 같은 줄을 목차 순서대로 찾은 것","은행연합회 www.kfb.or.kr 자율규제·모범규준 게시판(2026.1.6 개정본) — 원문 미수집: https://www.kfb.or.kr/robots.txt (HTTP 200, 2026-10-01T17:15:49+09:00, sha256 133e4db054e73a10…): 「User-agent: * / Disallow: /」; https://kfb.or.kr/robots.txt (HTTP 200, 2026-10-01T17:15:52+09:00, sha256 133e4db054e73a10…): 「User-agent: * / Disallow: /」; https://portal.kfb.or.kr/robots.txt (HTTP 200, 2026-10-01T17:15:55+09:00, sha256 133e4db054e73a10…): 「User-agent: * / Disallow: /」",생명보험협회 https://www.klia.or.kr/member/insurRegul/selfRegul/list.do(회원사 > 자율규제운영 > 자율규제 규정정보) 「지배구조 및 보수체계 연차보고서 작성기준」(제·개정월 2026-01) 원문보기 https://www.klia.or.kr/FileDown.do?fileNo=21190&seq=2 · 원파일명 지배구조 및 보수체계 연차보고서 작성기준(20260123).hwp · sha256 be90c671e983fa26d64d3b38a231c1807745ba4960a597985875cd0a76069b6f · 텍스트 handoff/원문_10차/작성기준_생보협회.md,2026-10-01T17:16:07+09:00
목차,1) 사외이사 ○○○,확인 불가,확인 불가(원문 미수집),제1절 4. 라. 1) · 목차표 md 144행 · 목차상 56쪽 · 본문 같은 제목 줄 못 찾음,1) 사외이사 ○○○,확인 불가,"은행연합회 원문 미수집(robots.txt 「User-agent: * / Disallow: /」, 우회 없음) — 대조 불가라 차이여부 「확인 불가」. hwp 는 쪽 정보가 없어 위치는 이 md 줄 번호(1부터) · 본문에서 공백 제거 후 같은 제목 줄을 못 찾음(목차표와 본문 표기가 다르거나 여러 항목을 한 칸에 묶음)","은행연합회 www.kfb.or.kr 자율규제·모범규준 게시판(2026.1.6 개정본) — 원문 미수집: https://www.kfb.or.kr/robots.txt (HTTP 200, 2026-10-01T17:15:49+09:00, sha256 133e4db054e73a10…): 「User-agent: * / Disallow: /」; https://kfb.or.kr/robots.txt (HTTP 200, 2026-10-01T17:15:52+09:00, sha256 133e4db054e73a10…): 「User-agent: * / Disallow: /」; https://portal.kfb.or.kr/robots.txt (HTTP 200, 2026-10-01T17:15:55+09:00, sha256 133e4db054e73a10…): 「User-agent: * / Disallow: /」",생명보험협회 https://www.klia.or.kr/member/insurRegul/selfRegul/list.do(회원사 > 자율규제운영 > 자율규제 규정정보) 「지배구조 및 보수체계 연차보고서 작성기준」(제·개정월 2026-01) 원문보기 https://www.klia.or.kr/FileDown.do?fileNo=21190&seq=2 · 원파일명 지배구조 및 보수체계 연차보고서 작성기준(20260123).hwp · sha256 be90c671e983fa26d64d3b38a231c1807745ba4960a597985875cd0a76069b6f · 텍스트 handoff/원문_10차/작성기준_생보협회.md,2026-10-01T17:16:07+09:00
목차,가) 소극적 자격요건,확인 불가,확인 불가(원문 미수집),제1절 4. 라. 1) 가) · 목차표 md 145행 · 목차상 56쪽 · 본문 md 1403행,가) 소극적 자격요건,확인 불가,"은행연합회 원문 미수집(robots.txt 「User-agent: * / Disallow: /」, 우회 없음) — 대조 불가라 차이여부 「확인 불가」. hwp 는 쪽 정보가 없어 위치는 이 md 줄 번호(1부터) · 본문 줄은 공백 제거 후 같은 줄을 목차 순서대로 찾은 것","은행연합회 www.kfb.or.kr 자율규제·모범규준 게시판(2026.1.6 개정본) — 원문 미수집: https://www.kfb.or.kr/robots.txt (HTTP 200, 2026-10-01T17:15:49+09:00, sha256 133e4db054e73a10…): 「User-agent: * / Disallow: /」; https://kfb.or.kr/robots.txt (HTTP 200, 2026-10-01T17:15:52+09:00, sha256 133e4db054e73a10…): 「User-agent: * / Disallow: /」; https://portal.kfb.or.kr/robots.txt (HTTP 200, 2026-10-01T17:15:55+09:00, sha256 133e4db054e73a10…): 「User-agent: * / Disallow: /」",생명보험협회 https://www.klia.or.kr/member/insurRegul/selfRegul/list.do(회원사 > 자율규제운영 > 자율규제 규정정보) 「지배구조 및 보수체계 연차보고서 작성기준」(제·개정월 2026-01) 원문보기 https://www.klia.or.kr/FileDown.do?fileNo=21190&seq=2 · 원파일명 지배구조 및 보수체계 연차보고서 작성기준(20260123).hwp · sha256 be90c671e983fa26d64d3b38a231c1807745ba4960a597985875cd0a76069b6f · 텍스트 handoff/원문_10차/작성기준_생보협회.md,2026-10-01T17:16:07+09:00
목차,나) 적극적 자격요건,확인 불가,확인 불가(원문 미수집),제1절 4. 라. 1) 나) · 목차표 md 146행 · 목차상 56쪽 · 본문 md 1409행,나) 적극적 자격요건,확인 불가,"은행연합회 원문 미수집(robots.txt 「User-agent: * / Disallow: /」, 우회 없음) — 대조 불가라 차이여부 「확인 불가」. hwp 는 쪽 정보가 없어 위치는 이 md 줄 번호(1부터) · 본문 줄은 공백 제거 후 같은 줄을 목차 순서대로 찾은 것","은행연합회 www.kfb.or.kr 자율규제·모범규준 게시판(2026.1.6 개정본) — 원문 미수집: https://www.kfb.or.kr/robots.txt (HTTP 200, 2026-10-01T17:15:49+09:00, sha256 133e4db054e73a10…): 「User-agent: * / Disallow: /」; https://kfb.or.kr/robots.txt (HTTP 200, 2026-10-01T17:15:52+09:00, sha256 133e4db054e73a10…): 「User-agent: * / Disallow: /」; https://portal.kfb.or.kr/robots.txt (HTTP 200, 2026-10-01T17:15:55+09:00, sha256 133e4db054e73a10…): 「User-agent: * / Disallow: /」",생명보험협회 https://www.klia.or.kr/member/insurRegul/selfRegul/list.do(회원사 > 자율규제운영 > 자율규제 규정정보) 「지배구조 및 보수체계 연차보고서 작성기준」(제·개정월 2026-01) 원문보기 https://www.klia.or.kr/FileDown.do?fileNo=21190&seq=2 · 원파일명 지배구조 및 보수체계 연차보고서 작성기준(20260123).hwp · sha256 be90c671e983fa26d64d3b38a231c1807745ba4960a597985875cd0a76069b6f · 텍스트 handoff/원문_10차/작성기준_생보협회.md,2026-10-01T17:16:07+09:00
목차,다) 요약,확인 불가,확인 불가(원문 미수집),제1절 4. 라. 1) 다) · 목차표 md 147행 · 목차상 56쪽 · 본문 md 1415행,다) 요약,확인 불가,"은행연합회 원문 미수집(robots.txt 「User-agent: * / Disallow: /」, 우회 없음) — 대조 불가라 차이여부 「확인 불가」. hwp 는 쪽 정보가 없어 위치는 이 md 줄 번호(1부터) · 본문 줄은 공백 제거 후 같은 줄을 목차 순서대로 찾은 것","은행연합회 www.kfb.or.kr 자율규제·모범규준 게시판(2026.1.6 개정본) — 원문 미수집: https://www.kfb.or.kr/robots.txt (HTTP 200, 2026-10-01T17:15:49+09:00, sha256 133e4db054e73a10…): 「User-agent: * / Disallow: /」; https://kfb.or.kr/robots.txt (HTTP 200, 2026-10-01T17:15:52+09:00, sha256 133e4db054e73a10…): 「User-agent: * / Disallow: /」; https://portal.kfb.or.kr/robots.txt (HTTP 200, 2026-10-01T17:15:55+09:00, sha256 133e4db054e73a10…): 「User-agent: * / Disallow: /」",생명보험협회 https://www.klia.or.kr/member/insurRegul/selfRegul/list.do(회원사 > 자율규제운영 > 자율규제 규정정보) 「지배구조 및 보수체계 연차보고서 작성기준」(제·개정월 2026-01) 원문보기 https://www.klia.or.kr/FileDown.do?fileNo=21190&seq=2 · 원파일명 지배구조 및 보수체계 연차보고서 작성기준(20260123).hwp · sha256 be90c671e983fa26d64d3b38a231c1807745ba4960a597985875cd0a76069b6f · 텍스트 handoff/원문_10차/작성기준_생보협회.md,2026-10-01T17:16:07+09:00
목차,2) 사외이사 △△△,확인 불가,확인 불가(원문 미수집),제1절 4. 라. 2) · 목차표 md 148행 · 목차상 56쪽 · 본문 md 1434행,2) 사외이사 △△△,확인 불가,"은행연합회 원문 미수집(robots.txt 「User-agent: * / Disallow: /」, 우회 없음) — 대조 불가라 차이여부 「확인 불가」. hwp 는 쪽 정보가 없어 위치는 이 md 줄 번호(1부터) · 본문 줄은 공백 제거 후 같은 줄을 목차 순서대로 찾은 것","은행연합회 www.kfb.or.kr 자율규제·모범규준 게시판(2026.1.6 개정본) — 원문 미수집: https://www.kfb.or.kr/robots.txt (HTTP 200, 2026-10-01T17:15:49+09:00, sha256 133e4db054e73a10…): 「User-agent: * / Disallow: /」; https://kfb.or.kr/robots.txt (HTTP 200, 2026-10-01T17:15:52+09:00, sha256 133e4db054e73a10…): 「User-agent: * / Disallow: /」; https://portal.kfb.or.kr/robots.txt (HTTP 200, 2026-10-01T17:15:55+09:00, sha256 133e4db054e73a10…): 「User-agent: * / Disallow: /」",생명보험협회 https://www.klia.or.kr/member/insurRegul/selfRegul/list.do(회원사 > 자율규제운영 > 자율규제 규정정보) 「지배구조 및 보수체계 연차보고서 작성기준」(제·개정월 2026-01) 원문보기 https://www.klia.or.kr/FileDown.do?fileNo=21190&seq=2 · 원파일명 지배구조 및 보수체계 연차보고서 작성기준(20260123).hwp · sha256 be90c671e983fa26d64d3b38a231c1807745ba4960a597985875cd0a76069b6f · 텍스트 handoff/원문_10차/작성기준_생보협회.md,2026-10-01T17:16:07+09:00
목차,마. 기부금등 지원내역,확인 불가,확인 불가(원문 미수집),제1절 4. 마. · 목차표 md 149행 · 목차상 57쪽 · 본문 md 1436행,마. 기부금등 지원내역,확인 불가,"은행연합회 원문 미수집(robots.txt 「User-agent: * / Disallow: /」, 우회 없음) — 대조 불가라 차이여부 「확인 불가」. hwp 는 쪽 정보가 없어 위치는 이 md 줄 번호(1부터) · 본문 줄은 공백 제거 후 같은 줄을 목차 순서대로 찾은 것","은행연합회 www.kfb.or.kr 자율규제·모범규준 게시판(2026.1.6 개정본) — 원문 미수집: https://www.kfb.or.kr/robots.txt (HTTP 200, 2026-10-01T17:15:49+09:00, sha256 133e4db054e73a10…): 「User-agent: * / Disallow: /」; https://kfb.or.kr/robots.txt (HTTP 200, 2026-10-01T17:15:52+09:00, sha256 133e4db054e73a10…): 「User-agent: * / Disallow: /」; https://portal.kfb.or.kr/robots.txt (HTTP 200, 2026-10-01T17:15:55+09:00, sha256 133e4db054e73a10…): 「User-agent: * / Disallow: /」",생명보험협회 https://www.klia.or.kr/member/insurRegul/selfRegul/list.do(회원사 > 자율규제운영 > 자율규제 규정정보) 「지배구조 및 보수체계 연차보고서 작성기준」(제·개정월 2026-01) 원문보기 https://www.klia.or.kr/FileDown.do?fileNo=21190&seq=2 · 원파일명 지배구조 및 보수체계 연차보고서 작성기준(20260123).hwp · sha256 be90c671e983fa26d64d3b38a231c1807745ba4960a597985875cd0a76069b6f · 텍스트 handoff/원문_10차/작성기준_생보협회.md,2026-10-01T17:16:07+09:00
목차,바. 사외이사 평가,확인 불가,확인 불가(원문 미수집),제1절 4. 바. · 목차표 md 150행 · 목차상 57쪽 · 본문 md 1453행,바. 사외이사 평가,확인 불가,"은행연합회 원문 미수집(robots.txt 「User-agent: * / Disallow: /」, 우회 없음) — 대조 불가라 차이여부 「확인 불가」. hwp 는 쪽 정보가 없어 위치는 이 md 줄 번호(1부터) · 본문 줄은 공백 제거 후 같은 줄을 목차 순서대로 찾은 것","은행연합회 www.kfb.or.kr 자율규제·모범규준 게시판(2026.1.6 개정본) — 원문 미수집: https://www.kfb.or.kr/robots.txt (HTTP 200, 2026-10-01T17:15:49+09:00, sha256 133e4db054e73a10…): 「User-agent: * / Disallow: /」; https://kfb.or.kr/robots.txt (HTTP 200, 2026-10-01T17:15:52+09:00, sha256 133e4db054e73a10…): 「User-agent: * / Disallow: /」; https://portal.kfb.or.kr/robots.txt (HTTP 200, 2026-10-01T17:15:55+09:00, sha256 133e4db054e73a10…): 「User-agent: * / Disallow: /」",생명보험협회 https://www.klia.or.kr/member/insurRegul/selfRegul/list.do(회원사 > 자율규제운영 > 자율규제 규정정보) 「지배구조 및 보수체계 연차보고서 작성기준」(제·개정월 2026-01) 원문보기 https://www.klia.or.kr/FileDown.do?fileNo=21190&seq=2 · 원파일명 지배구조 및 보수체계 연차보고서 작성기준(20260123).hwp · sha256 be90c671e983fa26d64d3b38a231c1807745ba4960a597985875cd0a76069b6f · 텍스트 handoff/원문_10차/작성기준_생보협회.md,2026-10-01T17:16:07+09:00
목차,1) 평가 개요,확인 불가,확인 불가(원문 미수집),제1절 4. 바. 1) · 목차표 md 151행 · 목차상 57쪽 · 본문 md 1454행,1) 평가 개요,확인 불가,"은행연합회 원문 미수집(robots.txt 「User-agent: * / Disallow: /」, 우회 없음) — 대조 불가라 차이여부 「확인 불가」. hwp 는 쪽 정보가 없어 위치는 이 md 줄 번호(1부터) · 본문 줄은 공백 제거 후 같은 줄을 목차 순서대로 찾은 것","은행연합회 www.kfb.or.kr 자율규제·모범규준 게시판(2026.1.6 개정본) — 원문 미수집: https://www.kfb.or.kr/robots.txt (HTTP 200, 2026-10-01T17:15:49+09:00, sha256 133e4db054e73a10…): 「User-agent: * / Disallow: /」; https://kfb.or.kr/robots.txt (HTTP 200, 2026-10-01T17:15:52+09:00, sha256 133e4db054e73a10…): 「User-agent: * / Disallow: /」; https://portal.kfb.or.kr/robots.txt (HTTP 200, 2026-10-01T17:15:55+09:00, sha256 133e4db054e73a10…): 「User-agent: * / Disallow: /」",생명보험협회 https://www.klia.or.kr/member/insurRegul/selfRegul/list.do(회원사 > 자율규제운영 > 자율규제 규정정보) 「지배구조 및 보수체계 연차보고서 작성기준」(제·개정월 2026-01) 원문보기 https://www.klia.or.kr/FileDown.do?fileNo=21190&seq=2 · 원파일명 지배구조 및 보수체계 연차보고서 작성기준(20260123).hwp · sha256 be90c671e983fa26d64d3b38a231c1807745ba4960a597985875cd0a76069b6f · 텍스트 handoff/원문_10차/작성기준_생보협회.md,2026-10-01T17:16:07+09:00
목차,2) 내부평가,확인 불가,확인 불가(원문 미수집),제1절 4. 바. 2) · 목차표 md 152행 · 목차상 58쪽 · 본문 md 1462행,2) 내부평가,확인 불가,"은행연합회 원문 미수집(robots.txt 「User-agent: * / Disallow: /」, 우회 없음) — 대조 불가라 차이여부 「확인 불가」. hwp 는 쪽 정보가 없어 위치는 이 md 줄 번호(1부터) · 본문 줄은 공백 제거 후 같은 줄을 목차 순서대로 찾은 것","은행연합회 www.kfb.or.kr 자율규제·모범규준 게시판(2026.1.6 개정본) — 원문 미수집: https://www.kfb.or.kr/robots.txt (HTTP 200, 2026-10-01T17:15:49+09:00, sha256 133e4db054e73a10…): 「User-agent: * / Disallow: /」; https://kfb.or.kr/robots.txt (HTTP 200, 2026-10-01T17:15:52+09:00, sha256 133e4db054e73a10…): 「User-agent: * / Disallow: /」; https://portal.kfb.or.kr/robots.txt (HTTP 200, 2026-10-01T17:15:55+09:00, sha256 133e4db054e73a10…): 「User-agent: * / Disallow: /」",생명보험협회 https://www.klia.or.kr/member/insurRegul/selfRegul/list.do(회원사 > 자율규제운영 > 자율규제 규정정보) 「지배구조 및 보수체계 연차보고서 작성기준」(제·개정월 2026-01) 원문보기 https://www.klia.or.kr/FileDown.do?fileNo=21190&seq=2 · 원파일명 지배구조 및 보수체계 연차보고서 작성기준(20260123).hwp · sha256 be90c671e983fa26d64d3b38a231c1807745ba4960a597985875cd0a76069b6f · 텍스트 handoff/원문_10차/작성기준_생보협회.md,2026-10-01T17:16:07+09:00
목차,가) 내부평가 개요,확인 불가,확인 불가(원문 미수집),제1절 4. 바. 2) 가) · 목차표 md 153행 · 목차상 58쪽 · 본문 md 1463행,가) 내부평가 개요,확인 불가,"은행연합회 원문 미수집(robots.txt 「User-agent: * / Disallow: /」, 우회 없음) — 대조 불가라 차이여부 「확인 불가」. hwp 는 쪽 정보가 없어 위치는 이 md 줄 번호(1부터) · 본문 줄은 공백 제거 후 같은 줄을 목차 순서대로 찾은 것","은행연합회 www.kfb.or.kr 자율규제·모범규준 게시판(2026.1.6 개정본) — 원문 미수집: https://www.kfb.or.kr/robots.txt (HTTP 200, 2026-10-01T17:15:49+09:00, sha256 133e4db054e73a10…): 「User-agent: * / Disallow: /」; https://kfb.or.kr/robots.txt (HTTP 200, 2026-10-01T17:15:52+09:00, sha256 133e4db054e73a10…): 「User-agent: * / Disallow: /」; https://portal.kfb.or.kr/robots.txt (HTTP 200, 2026-10-01T17:15:55+09:00, sha256 133e4db054e73a10…): 「User-agent: * / Disallow: /」",생명보험협회 https://www.klia.or.kr/member/insurRegul/selfRegul/list.do(회원사 > 자율규제운영 > 자율규제 규정정보) 「지배구조 및 보수체계 연차보고서 작성기준」(제·개정월 2026-01) 원문보기 https://www.klia.or.kr/FileDown.do?fileNo=21190&seq=2 · 원파일명 지배구조 및 보수체계 연차보고서 작성기준(20260123).hwp · sha256 be90c671e983fa26d64d3b38a231c1807745ba4960a597985875cd0a76069b6f · 텍스트 handoff/원문_10차/작성기준_생보협회.md,2026-10-01T17:16:07+09:00
목차,나) 내부평가 결과 및 개선방안,확인 불가,확인 불가(원문 미수집),제1절 4. 바. 2) 나) · 목차표 md 154행 · 목차상 59쪽 · 본문 md 1475행,나) 내부평가 결과 및 개선방안,확인 불가,"은행연합회 원문 미수집(robots.txt 「User-agent: * / Disallow: /」, 우회 없음) — 대조 불가라 차이여부 「확인 불가」. hwp 는 쪽 정보가 없어 위치는 이 md 줄 번호(1부터) · 본문 줄은 공백 제거 후 같은 줄을 목차 순서대로 찾은 것","은행연합회 www.kfb.or.kr 자율규제·모범규준 게시판(2026.1.6 개정본) — 원문 미수집: https://www.kfb.or.kr/robots.txt (HTTP 200, 2026-10-01T17:15:49+09:00, sha256 133e4db054e73a10…): 「User-agent: * / Disallow: /」; https://kfb.or.kr/robots.txt (HTTP 200, 2026-10-01T17:15:52+09:00, sha256 133e4db054e73a10…): 「User-agent: * / Disallow: /」; https://portal.kfb.or.kr/robots.txt (HTTP 200, 2026-10-01T17:15:55+09:00, sha256 133e4db054e73a10…): 「User-agent: * / Disallow: /」",생명보험협회 https://www.klia.or.kr/member/insurRegul/selfRegul/list.do(회원사 > 자율규제운영 > 자율규제 규정정보) 「지배구조 및 보수체계 연차보고서 작성기준」(제·개정월 2026-01) 원문보기 https://www.klia.or.kr/FileDown.do?fileNo=21190&seq=2 · 원파일명 지배구조 및 보수체계 연차보고서 작성기준(20260123).hwp · sha256 be90c671e983fa26d64d3b38a231c1807745ba4960a597985875cd0a76069b6f · 텍스트 handoff/원문_10차/작성기준_생보협회.md,2026-10-01T17:16:07+09:00
목차,"(1) 총론, (2) 사외이사별 평가결과 및 개선방안",확인 불가,확인 불가(원문 미수집),제1절 4. 바. 2) 나) (1) · 목차표 md 155행 · 목차상 59쪽 · 본문 같은 제목 줄 못 찾음,"(1) 총론, (2) 사외이사별 평가결과 및 개선방안",확인 불가,"은행연합회 원문 미수집(robots.txt 「User-agent: * / Disallow: /」, 우회 없음) — 대조 불가라 차이여부 「확인 불가」. hwp 는 쪽 정보가 없어 위치는 이 md 줄 번호(1부터) · 본문에서 공백 제거 후 같은 제목 줄을 못 찾음(목차표와 본문 표기가 다르거나 여러 항목을 한 칸에 묶음)","은행연합회 www.kfb.or.kr 자율규제·모범규준 게시판(2026.1.6 개정본) — 원문 미수집: https://www.kfb.or.kr/robots.txt (HTTP 200, 2026-10-01T17:15:49+09:00, sha256 133e4db054e73a10…): 「User-agent: * / Disallow: /」; https://kfb.or.kr/robots.txt (HTTP 200, 2026-10-01T17:15:52+09:00, sha256 133e4db054e73a10…): 「User-agent: * / Disallow: /」; https://portal.kfb.or.kr/robots.txt (HTTP 200, 2026-10-01T17:15:55+09:00, sha256 133e4db054e73a10…): 「User-agent: * / Disallow: /」",생명보험협회 https://www.klia.or.kr/member/insurRegul/selfRegul/list.do(회원사 > 자율규제운영 > 자율규제 규정정보) 「지배구조 및 보수체계 연차보고서 작성기준」(제·개정월 2026-01) 원문보기 https://www.klia.or.kr/FileDown.do?fileNo=21190&seq=2 · 원파일명 지배구조 및 보수체계 연차보고서 작성기준(20260123).hwp · sha256 be90c671e983fa26d64d3b38a231c1807745ba4960a597985875cd0a76069b6f · 텍스트 handoff/원문_10차/작성기준_생보협회.md,2026-10-01T17:16:07+09:00
목차,3) 외부평가,확인 불가,확인 불가(원문 미수집),제1절 4. 바. 3) · 목차표 md 156행 · 목차상 60쪽 · 본문 md 1500행,3) 외부평가,확인 불가,"은행연합회 원문 미수집(robots.txt 「User-agent: * / Disallow: /」, 우회 없음) — 대조 불가라 차이여부 「확인 불가」. hwp 는 쪽 정보가 없어 위치는 이 md 줄 번호(1부터) · 본문 줄은 공백 제거 후 같은 줄을 목차 순서대로 찾은 것","은행연합회 www.kfb.or.kr 자율규제·모범규준 게시판(2026.1.6 개정본) — 원문 미수집: https://www.kfb.or.kr/robots.txt (HTTP 200, 2026-10-01T17:15:49+09:00, sha256 133e4db054e73a10…): 「User-agent: * / Disallow: /」; https://kfb.or.kr/robots.txt (HTTP 200, 2026-10-01T17:15:52+09:00, sha256 133e4db054e73a10…): 「User-agent: * / Disallow: /」; https://portal.kfb.or.kr/robots.txt (HTTP 200, 2026-10-01T17:15:55+09:00, sha256 133e4db054e73a10…): 「User-agent: * / Disallow: /」",생명보험협회 https://www.klia.or.kr/member/insurRegul/selfRegul/list.do(회원사 > 자율규제운영 > 자율규제 규정정보) 「지배구조 및 보수체계 연차보고서 작성기준」(제·개정월 2026-01) 원문보기 https://www.klia.or.kr/FileDown.do?fileNo=21190&seq=2 · 원파일명 지배구조 및 보수체계 연차보고서 작성기준(20260123).hwp · sha256 be90c671e983fa26d64d3b38a231c1807745ba4960a597985875cd0a76069b6f · 텍스트 handoff/원문_10차/작성기준_생보협회.md,2026-10-01T17:16:07+09:00
목차,가) 외부평가 개요,확인 불가,확인 불가(원문 미수집),제1절 4. 바. 3) 가) · 목차표 md 157행 · 목차상 60쪽 · 본문 md 1501행,가) 외부평가 개요,확인 불가,"은행연합회 원문 미수집(robots.txt 「User-agent: * / Disallow: /」, 우회 없음) — 대조 불가라 차이여부 「확인 불가」. hwp 는 쪽 정보가 없어 위치는 이 md 줄 번호(1부터) · 본문 줄은 공백 제거 후 같은 줄을 목차 순서대로 찾은 것","은행연합회 www.kfb.or.kr 자율규제·모범규준 게시판(2026.1.6 개정본) — 원문 미수집: https://www.kfb.or.kr/robots.txt (HTTP 200, 2026-10-01T17:15:49+09:00, sha256 133e4db054e73a10…): 「User-agent: * / Disallow: /」; https://kfb.or.kr/robots.txt (HTTP 200, 2026-10-01T17:15:52+09:00, sha256 133e4db054e73a10…): 「User-agent: * / Disallow: /」; https://portal.kfb.or.kr/robots.txt (HTTP 200, 2026-10-01T17:15:55+09:00, sha256 133e4db054e73a10…): 「User-agent: * / Disallow: /」",생명보험협회 https://www.klia.or.kr/member/insurRegul/selfRegul/list.do(회원사 > 자율규제운영 > 자율규제 규정정보) 「지배구조 및 보수체계 연차보고서 작성기준」(제·개정월 2026-01) 원문보기 https://www.klia.or.kr/FileDown.do?fileNo=21190&seq=2 · 원파일명 지배구조 및 보수체계 연차보고서 작성기준(20260123).hwp · sha256 be90c671e983fa26d64d3b38a231c1807745ba4960a597985875cd0a76069b6f · 텍스트 handoff/원문_10차/작성기준_생보협회.md,2026-10-01T17:16:07+09:00
목차,나) 외부평가 결과 및 개선방안,확인 불가,확인 불가(원문 미수집),제1절 4. 바. 3) 나) · 목차표 md 158행 · 목차상 60쪽 · 본문 md 1507행,나) 외부평가 결과 및 개선방안,확인 불가,"은행연합회 원문 미수집(robots.txt 「User-agent: * / Disallow: /」, 우회 없음) — 대조 불가라 차이여부 「확인 불가」. hwp 는 쪽 정보가 없어 위치는 이 md 줄 번호(1부터) · 본문 줄은 공백 제거 후 같은 줄을 목차 순서대로 찾은 것","은행연합회 www.kfb.or.kr 자율규제·모범규준 게시판(2026.1.6 개정본) — 원문 미수집: https://www.kfb.or.kr/robots.txt (HTTP 200, 2026-10-01T17:15:49+09:00, sha256 133e4db054e73a10…): 「User-agent: * / Disallow: /」; https://kfb.or.kr/robots.txt (HTTP 200, 2026-10-01T17:15:52+09:00, sha256 133e4db054e73a10…): 「User-agent: * / Disallow: /」; https://portal.kfb.or.kr/robots.txt (HTTP 200, 2026-10-01T17:15:55+09:00, sha256 133e4db054e73a10…): 「User-agent: * / Disallow: /」",생명보험협회 https://www.klia.or.kr/member/insurRegul/selfRegul/list.do(회원사 > 자율규제운영 > 자율규제 규정정보) 「지배구조 및 보수체계 연차보고서 작성기준」(제·개정월 2026-01) 원문보기 https://www.klia.or.kr/FileDown.do?fileNo=21190&seq=2 · 원파일명 지배구조 및 보수체계 연차보고서 작성기준(20260123).hwp · sha256 be90c671e983fa26d64d3b38a231c1807745ba4960a597985875cd0a76069b6f · 텍스트 handoff/원문_10차/작성기준_생보협회.md,2026-10-01T17:16:07+09:00
목차,사. 선임사외이사 및 지원부서 활동 내역,확인 불가,확인 불가(원문 미수집),제1절 4. 사. · 목차표 md 159행 · 목차상 60쪽 · 본문 md 1513행,사. 선임사외이사 및 지원부서 활동 내역,확인 불가,"은행연합회 원문 미수집(robots.txt 「User-agent: * / Disallow: /」, 우회 없음) — 대조 불가라 차이여부 「확인 불가」. hwp 는 쪽 정보가 없어 위치는 이 md 줄 번호(1부터) · 본문 줄은 공백 제거 후 같은 줄을 목차 순서대로 찾은 것","은행연합회 www.kfb.or.kr 자율규제·모범규준 게시판(2026.1.6 개정본) — 원문 미수집: https://www.kfb.or.kr/robots.txt (HTTP 200, 2026-10-01T17:15:49+09:00, sha256 133e4db054e73a10…): 「User-agent: * / Disallow: /」; https://kfb.or.kr/robots.txt (HTTP 200, 2026-10-01T17:15:52+09:00, sha256 133e4db054e73a10…): 「User-agent: * / Disallow: /」; https://portal.kfb.or.kr/robots.txt (HTTP 200, 2026-10-01T17:15:55+09:00, sha256 133e4db054e73a10…): 「User-agent: * / Disallow: /」",생명보험협회 https://www.klia.or.kr/member/insurRegul/selfRegul/list.do(회원사 > 자율규제운영 > 자율규제 규정정보) 「지배구조 및 보수체계 연차보고서 작성기준」(제·개정월 2026-01) 원문보기 https://www.klia.or.kr/FileDown.do?fileNo=21190&seq=2 · 원파일명 지배구조 및 보수체계 연차보고서 작성기준(20260123).hwp · sha256 be90c671e983fa26d64d3b38a231c1807745ba4960a597985875cd0a76069b6f · 텍스트 handoff/원문_10차/작성기준_생보협회.md,2026-10-01T17:16:07+09:00
목차,1) 선임사외이사 활동내역,확인 불가,확인 불가(원문 미수집),제1절 4. 사. 1) · 목차표 md 160행 · 목차상 60쪽 · 본문 md 1514행,1) 선임사외이사 활동내역,확인 불가,"은행연합회 원문 미수집(robots.txt 「User-agent: * / Disallow: /」, 우회 없음) — 대조 불가라 차이여부 「확인 불가」. hwp 는 쪽 정보가 없어 위치는 이 md 줄 번호(1부터) · 본문 줄은 공백 제거 후 같은 줄을 목차 순서대로 찾은 것","은행연합회 www.kfb.or.kr 자율규제·모범규준 게시판(2026.1.6 개정본) — 원문 미수집: https://www.kfb.or.kr/robots.txt (HTTP 200, 2026-10-01T17:15:49+09:00, sha256 133e4db054e73a10…): 「User-agent: * / Disallow: /」; https://kfb.or.kr/robots.txt (HTTP 200, 2026-10-01T17:15:52+09:00, sha256 133e4db054e73a10…): 「User-agent: * / Disallow: /」; https://portal.kfb.or.kr/robots.txt (HTTP 200, 2026-10-01T17:15:55+09:00, sha256 133e4db054e73a10…): 「User-agent: * / Disallow: /」",생명보험협회 https://www.klia.or.kr/member/insurRegul/selfRegul/list.do(회원사 > 자율규제운영 > 자율규제 규정정보) 「지배구조 및 보수체계 연차보고서 작성기준」(제·개정월 2026-01) 원문보기 https://www.klia.or.kr/FileDown.do?fileNo=21190&seq=2 · 원파일명 지배구조 및 보수체계 연차보고서 작성기준(20260123).hwp · sha256 be90c671e983fa26d64d3b38a231c1807745ba4960a597985875cd0a76069b6f · 텍스트 handoff/원문_10차/작성기준_생보협회.md,2026-10-01T17:16:07+09:00
목차,2) 사외이사 지원부서의 활동내역,확인 불가,확인 불가(원문 미수집),제1절 4. 사. 2) · 목차표 md 161행 · 목차상 60쪽 · 본문 md 1520행,2) 사외이사 지원부서의 활동내역,확인 불가,"은행연합회 원문 미수집(robots.txt 「User-agent: * / Disallow: /」, 우회 없음) — 대조 불가라 차이여부 「확인 불가」. hwp 는 쪽 정보가 없어 위치는 이 md 줄 번호(1부터) · 본문 줄은 공백 제거 후 같은 줄을 목차 순서대로 찾은 것","은행연합회 www.kfb.or.kr 자율규제·모범규준 게시판(2026.1.6 개정본) — 원문 미수집: https://www.kfb.or.kr/robots.txt (HTTP 200, 2026-10-01T17:15:49+09:00, sha256 133e4db054e73a10…): 「User-agent: * / Disallow: /」; https://kfb.or.kr/robots.txt (HTTP 200, 2026-10-01T17:15:52+09:00, sha256 133e4db054e73a10…): 「User-agent: * / Disallow: /」; https://portal.kfb.or.kr/robots.txt (HTTP 200, 2026-10-01T17:15:55+09:00, sha256 133e4db054e73a10…): 「User-agent: * / Disallow: /」",생명보험협회 https://www.klia.or.kr/member/insurRegul/selfRegul/list.do(회원사 > 자율규제운영 > 자율규제 규정정보) 「지배구조 및 보수체계 연차보고서 작성기준」(제·개정월 2026-01) 원문보기 https://www.klia.or.kr/FileDown.do?fileNo=21190&seq=2 · 원파일명 지배구조 및 보수체계 연차보고서 작성기준(20260123).hwp · sha256 be90c671e983fa26d64d3b38a231c1807745ba4960a597985875cd0a76069b6f · 텍스트 handoff/원문_10차/작성기준_생보협회.md,2026-10-01T17:16:07+09:00
목차,아. 사외이사 재직기간 및 보수,확인 불가,확인 불가(원문 미수집),제1절 4. 아. · 목차표 md 162행 · 목차상 60쪽 · 본문 md 1526행,아. 사외이사 재직기간 및 보수,확인 불가,"은행연합회 원문 미수집(robots.txt 「User-agent: * / Disallow: /」, 우회 없음) — 대조 불가라 차이여부 「확인 불가」. hwp 는 쪽 정보가 없어 위치는 이 md 줄 번호(1부터) · 본문 줄은 공백 제거 후 같은 줄을 목차 순서대로 찾은 것","은행연합회 www.kfb.or.kr 자율규제·모범규준 게시판(2026.1.6 개정본) — 원문 미수집: https://www.kfb.or.kr/robots.txt (HTTP 200, 2026-10-01T17:15:49+09:00, sha256 133e4db054e73a10…): 「User-agent: * / Disallow: /」; https://kfb.or.kr/robots.txt (HTTP 200, 2026-10-01T17:15:52+09:00, sha256 133e4db054e73a10…): 「User-agent: * / Disallow: /」; https://portal.kfb.or.kr/robots.txt (HTTP 200, 2026-10-01T17:15:55+09:00, sha256 133e4db054e73a10…): 「User-agent: * / Disallow: /」",생명보험협회 https://www.klia.or.kr/member/insurRegul/selfRegul/list.do(회원사 > 자율규제운영 > 자율규제 규정정보) 「지배구조 및 보수체계 연차보고서 작성기준」(제·개정월 2026-01) 원문보기 https://www.klia.or.kr/FileDown.do?fileNo=21190&seq=2 · 원파일명 지배구조 및 보수체계 연차보고서 작성기준(20260123).hwp · sha256 be90c671e983fa26d64d3b38a231c1807745ba4960a597985875cd0a76069b6f · 텍스트 handoff/원문_10차/작성기준_생보협회.md,2026-10-01T17:16:07+09:00
목차,1) 사외이사 ○○○,확인 불가,확인 불가(원문 미수집),제1절 4. 아. 1) · 목차표 md 163행 · 목차상 60쪽 · 본문 같은 제목 줄 못 찾음,1) 사외이사 ○○○,확인 불가,"은행연합회 원문 미수집(robots.txt 「User-agent: * / Disallow: /」, 우회 없음) — 대조 불가라 차이여부 「확인 불가」. hwp 는 쪽 정보가 없어 위치는 이 md 줄 번호(1부터) · 본문에서 공백 제거 후 같은 제목 줄을 못 찾음(목차표와 본문 표기가 다르거나 여러 항목을 한 칸에 묶음)","은행연합회 www.kfb.or.kr 자율규제·모범규준 게시판(2026.1.6 개정본) — 원문 미수집: https://www.kfb.or.kr/robots.txt (HTTP 200, 2026-10-01T17:15:49+09:00, sha256 133e4db054e73a10…): 「User-agent: * / Disallow: /」; https://kfb.or.kr/robots.txt (HTTP 200, 2026-10-01T17:15:52+09:00, sha256 133e4db054e73a10…): 「User-agent: * / Disallow: /」; https://portal.kfb.or.kr/robots.txt (HTTP 200, 2026-10-01T17:15:55+09:00, sha256 133e4db054e73a10…): 「User-agent: * / Disallow: /」",생명보험협회 https://www.klia.or.kr/member/insurRegul/selfRegul/list.do(회원사 > 자율규제운영 > 자율규제 규정정보) 「지배구조 및 보수체계 연차보고서 작성기준」(제·개정월 2026-01) 원문보기 https://www.klia.or.kr/FileDown.do?fileNo=21190&seq=2 · 원파일명 지배구조 및 보수체계 연차보고서 작성기준(20260123).hwp · sha256 be90c671e983fa26d64d3b38a231c1807745ba4960a597985875cd0a76069b6f · 텍스트 handoff/원문_10차/작성기준_생보협회.md,2026-10-01T17:16:07+09:00
목차,가) 재직기간,확인 불가,확인 불가(원문 미수집),제1절 4. 아. 1) 가) · 목차표 md 164행 · 목차상 60쪽 · 본문 md 1528행,가) 재직기간,확인 불가,"은행연합회 원문 미수집(robots.txt 「User-agent: * / Disallow: /」, 우회 없음) — 대조 불가라 차이여부 「확인 불가」. hwp 는 쪽 정보가 없어 위치는 이 md 줄 번호(1부터) · 본문 줄은 공백 제거 후 같은 줄을 목차 순서대로 찾은 것","은행연합회 www.kfb.or.kr 자율규제·모범규준 게시판(2026.1.6 개정본) — 원문 미수집: https://www.kfb.or.kr/robots.txt (HTTP 200, 2026-10-01T17:15:49+09:00, sha256 133e4db054e73a10…): 「User-agent: * / Disallow: /」; https://kfb.or.kr/robots.txt (HTTP 200, 2026-10-01T17:15:52+09:00, sha256 133e4db054e73a10…): 「User-agent: * / Disallow: /」; https://portal.kfb.or.kr/robots.txt (HTTP 200, 2026-10-01T17:15:55+09:00, sha256 133e4db054e73a10…): 「User-agent: * / Disallow: /」",생명보험협회 https://www.klia.or.kr/member/insurRegul/selfRegul/list.do(회원사 > 자율규제운영 > 자율규제 규정정보) 「지배구조 및 보수체계 연차보고서 작성기준」(제·개정월 2026-01) 원문보기 https://www.klia.or.kr/FileDown.do?fileNo=21190&seq=2 · 원파일명 지배구조 및 보수체계 연차보고서 작성기준(20260123).hwp · sha256 be90c671e983fa26d64d3b38a231c1807745ba4960a597985875cd0a76069b6f · 텍스트 handoff/원문_10차/작성기준_생보협회.md,2026-10-01T17:16:07+09:00
목차,나) 보수 및 보수 외에 지급된 편익 제공 현황,확인 불가,확인 불가(원문 미수집),제1절 4. 아. 1) 나) · 목차표 md 165행 · 목차상 61쪽 · 본문 md 1529행,나) 보수 및 보수 외에 지급된 편익 제공 현황,확인 불가,"은행연합회 원문 미수집(robots.txt 「User-agent: * / Disallow: /」, 우회 없음) — 대조 불가라 차이여부 「확인 불가」. hwp 는 쪽 정보가 없어 위치는 이 md 줄 번호(1부터) · 본문 줄은 공백 제거 후 같은 줄을 목차 순서대로 찾은 것","은행연합회 www.kfb.or.kr 자율규제·모범규준 게시판(2026.1.6 개정본) — 원문 미수집: https://www.kfb.or.kr/robots.txt (HTTP 200, 2026-10-01T17:15:49+09:00, sha256 133e4db054e73a10…): 「User-agent: * / Disallow: /」; https://kfb.or.kr/robots.txt (HTTP 200, 2026-10-01T17:15:52+09:00, sha256 133e4db054e73a10…): 「User-agent: * / Disallow: /」; https://portal.kfb.or.kr/robots.txt (HTTP 200, 2026-10-01T17:15:55+09:00, sha256 133e4db054e73a10…): 「User-agent: * / Disallow: /」",생명보험협회 https://www.klia.or.kr/member/insurRegul/selfRegul/list.do(회원사 > 자율규제운영 > 자율규제 규정정보) 「지배구조 및 보수체계 연차보고서 작성기준」(제·개정월 2026-01) 원문보기 https://www.klia.or.kr/FileDown.do?fileNo=21190&seq=2 · 원파일명 지배구조 및 보수체계 연차보고서 작성기준(20260123).hwp · sha256 be90c671e983fa26d64d3b38a231c1807745ba4960a597985875cd0a76069b6f · 텍스트 handoff/원문_10차/작성기준_생보협회.md,2026-10-01T17:16:07+09:00
목차,2) 사외이사 △△△,확인 불가,확인 불가(원문 미수집),제1절 4. 아. 2) · 목차표 md 166행 · 목차상 61쪽 · 본문 md 1551행,2) 사외이사 △△△,확인 불가,"은행연합회 원문 미수집(robots.txt 「User-agent: * / Disallow: /」, 우회 없음) — 대조 불가라 차이여부 「확인 불가」. hwp 는 쪽 정보가 없어 위치는 이 md 줄 번호(1부터) · 본문 줄은 공백 제거 후 같은 줄을 목차 순서대로 찾은 것","은행연합회 www.kfb.or.kr 자율규제·모범규준 게시판(2026.1.6 개정본) — 원문 미수집: https://www.kfb.or.kr/robots.txt (HTTP 200, 2026-10-01T17:15:49+09:00, sha256 133e4db054e73a10…): 「User-agent: * / Disallow: /」; https://kfb.or.kr/robots.txt (HTTP 200, 2026-10-01T17:15:52+09:00, sha256 133e4db054e73a10…): 「User-agent: * / Disallow: /」; https://portal.kfb.or.kr/robots.txt (HTTP 200, 2026-10-01T17:15:55+09:00, sha256 133e4db054e73a10…): 「User-agent: * / Disallow: /」",생명보험협회 https://www.klia.or.kr/member/insurRegul/selfRegul/list.do(회원사 > 자율규제운영 > 자율규제 규정정보) 「지배구조 및 보수체계 연차보고서 작성기준」(제·개정월 2026-01) 원문보기 https://www.klia.or.kr/FileDown.do?fileNo=21190&seq=2 · 원파일명 지배구조 및 보수체계 연차보고서 작성기준(20260123).hwp · sha256 be90c671e983fa26d64d3b38a231c1807745ba4960a597985875cd0a76069b6f · 텍스트 handoff/원문_10차/작성기준_생보협회.md,2026-10-01T17:16:07+09:00
목차,자. 금융회사와 사외이사등이 소속한 기관과의 계약체결 내역,확인 불가,확인 불가(원문 미수집),제1절 4. 자. · 목차표 md 167행 · 목차상 62쪽 · 본문 md 1552행,자. 금융회사와 사외이사등이 소속한 기관과의 계약체결 내역,확인 불가,"은행연합회 원문 미수집(robots.txt 「User-agent: * / Disallow: /」, 우회 없음) — 대조 불가라 차이여부 「확인 불가」. hwp 는 쪽 정보가 없어 위치는 이 md 줄 번호(1부터) · 본문 줄은 공백 제거 후 같은 줄을 목차 순서대로 찾은 것","은행연합회 www.kfb.or.kr 자율규제·모범규준 게시판(2026.1.6 개정본) — 원문 미수집: https://www.kfb.or.kr/robots.txt (HTTP 200, 2026-10-01T17:15:49+09:00, sha256 133e4db054e73a10…): 「User-agent: * / Disallow: /」; https://kfb.or.kr/robots.txt (HTTP 200, 2026-10-01T17:15:52+09:00, sha256 133e4db054e73a10…): 「User-agent: * / Disallow: /」; https://portal.kfb.or.kr/robots.txt (HTTP 200, 2026-10-01T17:15:55+09:00, sha256 133e4db054e73a10…): 「User-agent: * / Disallow: /」",생명보험협회 https://www.klia.or.kr/member/insurRegul/selfRegul/list.do(회원사 > 자율규제운영 > 자율규제 규정정보) 「지배구조 및 보수체계 연차보고서 작성기준」(제·개정월 2026-01) 원문보기 https://www.klia.or.kr/FileDown.do?fileNo=21190&seq=2 · 원파일명 지배구조 및 보수체계 연차보고서 작성기준(20260123).hwp · sha256 be90c671e983fa26d64d3b38a231c1807745ba4960a597985875cd0a76069b6f · 텍스트 handoff/원문_10차/작성기준_생보협회.md,2026-10-01T17:16:07+09:00
목차,차. 최근 5년간 사외이사 선임 내역,확인 불가,확인 불가(원문 미수집),제1절 4. 차. · 목차표 md 168행 · 목차상 62쪽 · 본문 md 1571행,차. 최근 5년간 사외이사 선임 내역,확인 불가,"은행연합회 원문 미수집(robots.txt 「User-agent: * / Disallow: /」, 우회 없음) — 대조 불가라 차이여부 「확인 불가」. hwp 는 쪽 정보가 없어 위치는 이 md 줄 번호(1부터) · 본문 줄은 공백 제거 후 같은 줄을 목차 순서대로 찾은 것","은행연합회 www.kfb.or.kr 자율규제·모범규준 게시판(2026.1.6 개정본) — 원문 미수집: https://www.kfb.or.kr/robots.txt (HTTP 200, 2026-10-01T17:15:49+09:00, sha256 133e4db054e73a10…): 「User-agent: * / Disallow: /」; https://kfb.or.kr/robots.txt (HTTP 200, 2026-10-01T17:15:52+09:00, sha256 133e4db054e73a10…): 「User-agent: * / Disallow: /」; https://portal.kfb.or.kr/robots.txt (HTTP 200, 2026-10-01T17:15:55+09:00, sha256 133e4db054e73a10…): 「User-agent: * / Disallow: /」",생명보험협회 https://www.klia.or.kr/member/insurRegul/selfRegul/list.do(회원사 > 자율규제운영 > 자율규제 규정정보) 「지배구조 및 보수체계 연차보고서 작성기준」(제·개정월 2026-01) 원문보기 https://www.klia.or.kr/FileDown.do?fileNo=21190&seq=2 · 원파일명 지배구조 및 보수체계 연차보고서 작성기준(20260123).hwp · sha256 be90c671e983fa26d64d3b38a231c1807745ba4960a597985875cd0a76069b6f · 텍스트 handoff/원문_10차/작성기준_생보협회.md,2026-10-01T17:16:07+09:00
목차,5. 최고경영자 경영승계,확인 불가,확인 불가(원문 미수집),제1절 5. · 목차표 md 170행 · 목차상 63쪽 · 본문 md 1585행,5. 최고경영자 경영승계,확인 불가,"은행연합회 원문 미수집(robots.txt 「User-agent: * / Disallow: /」, 우회 없음) — 대조 불가라 차이여부 「확인 불가」. hwp 는 쪽 정보가 없어 위치는 이 md 줄 번호(1부터) · 본문 줄은 공백 제거 후 같은 줄을 목차 순서대로 찾은 것","은행연합회 www.kfb.or.kr 자율규제·모범규준 게시판(2026.1.6 개정본) — 원문 미수집: https://www.kfb.or.kr/robots.txt (HTTP 200, 2026-10-01T17:15:49+09:00, sha256 133e4db054e73a10…): 「User-agent: * / Disallow: /」; https://kfb.or.kr/robots.txt (HTTP 200, 2026-10-01T17:15:52+09:00, sha256 133e4db054e73a10…): 「User-agent: * / Disallow: /」; https://portal.kfb.or.kr/robots.txt (HTTP 200, 2026-10-01T17:15:55+09:00, sha256 133e4db054e73a10…): 「User-agent: * / Disallow: /」",생명보험협회 https://www.klia.or.kr/member/insurRegul/selfRegul/list.do(회원사 > 자율규제운영 > 자율규제 규정정보) 「지배구조 및 보수체계 연차보고서 작성기준」(제·개정월 2026-01) 원문보기 https://www.klia.or.kr/FileDown.do?fileNo=21190&seq=2 · 원파일명 지배구조 및 보수체계 연차보고서 작성기준(20260123).hwp · sha256 be90c671e983fa26d64d3b38a231c1807745ba4960a597985875cd0a76069b6f · 텍스트 handoff/원문_10차/작성기준_생보협회.md,2026-10-01T17:16:07+09:00
목차,가. 최고경영자 경영승계 내부규정,확인 불가,확인 불가(원문 미수집),제1절 5. 가. · 목차표 md 171행 · 목차상 63쪽 · 본문 md 1586행,가. 최고경영자 경영승계 내부규정,확인 불가,"은행연합회 원문 미수집(robots.txt 「User-agent: * / Disallow: /」, 우회 없음) — 대조 불가라 차이여부 「확인 불가」. hwp 는 쪽 정보가 없어 위치는 이 md 줄 번호(1부터) · 본문 줄은 공백 제거 후 같은 줄을 목차 순서대로 찾은 것","은행연합회 www.kfb.or.kr 자율규제·모범규준 게시판(2026.1.6 개정본) — 원문 미수집: https://www.kfb.or.kr/robots.txt (HTTP 200, 2026-10-01T17:15:49+09:00, sha256 133e4db054e73a10…): 「User-agent: * / Disallow: /」; https://kfb.or.kr/robots.txt (HTTP 200, 2026-10-01T17:15:52+09:00, sha256 133e4db054e73a10…): 「User-agent: * / Disallow: /」; https://portal.kfb.or.kr/robots.txt (HTTP 200, 2026-10-01T17:15:55+09:00, sha256 133e4db054e73a10…): 「User-agent: * / Disallow: /」",생명보험협회 https://www.klia.or.kr/member/insurRegul/selfRegul/list.do(회원사 > 자율규제운영 > 자율규제 규정정보) 「지배구조 및 보수체계 연차보고서 작성기준」(제·개정월 2026-01) 원문보기 https://www.klia.or.kr/FileDown.do?fileNo=21190&seq=2 · 원파일명 지배구조 및 보수체계 연차보고서 작성기준(20260123).hwp · sha256 be90c671e983fa26d64d3b38a231c1807745ba4960a597985875cd0a76069b6f · 텍스트 handoff/원문_10차/작성기준_생보협회.md,2026-10-01T17:16:07+09:00
목차,나. 최고경영자 후보자 추천 및 경영승계 절차,확인 불가,확인 불가(원문 미수집),제1절 5. 나. · 목차표 md 172행 · 목차상 63쪽 · 본문 md 1595행,나. 최고경영자 후보자 추천 및 경영승계 절차,확인 불가,"은행연합회 원문 미수집(robots.txt 「User-agent: * / Disallow: /」, 우회 없음) — 대조 불가라 차이여부 「확인 불가」. hwp 는 쪽 정보가 없어 위치는 이 md 줄 번호(1부터) · 본문 줄은 공백 제거 후 같은 줄을 목차 순서대로 찾은 것","은행연합회 www.kfb.or.kr 자율규제·모범규준 게시판(2026.1.6 개정본) — 원문 미수집: https://www.kfb.or.kr/robots.txt (HTTP 200, 2026-10-01T17:15:49+09:00, sha256 133e4db054e73a10…): 「User-agent: * / Disallow: /」; https://kfb.or.kr/robots.txt (HTTP 200, 2026-10-01T17:15:52+09:00, sha256 133e4db054e73a10…): 「User-agent: * / Disallow: /」; https://portal.kfb.or.kr/robots.txt (HTTP 200, 2026-10-01T17:15:55+09:00, sha256 133e4db054e73a10…): 「User-agent: * / Disallow: /」",생명보험협회 https://www.klia.or.kr/member/insurRegul/selfRegul/list.do(회원사 > 자율규제운영 > 자율규제 규정정보) 「지배구조 및 보수체계 연차보고서 작성기준」(제·개정월 2026-01) 원문보기 https://www.klia.or.kr/FileDown.do?fileNo=21190&seq=2 · 원파일명 지배구조 및 보수체계 연차보고서 작성기준(20260123).hwp · sha256 be90c671e983fa26d64d3b38a231c1807745ba4960a597985875cd0a76069b6f · 텍스트 handoff/원문_10차/작성기준_생보협회.md,2026-10-01T17:16:07+09:00
목차,1) 일반,확인 불가,확인 불가(원문 미수집),제1절 5. 나. 1) · 목차표 md 173행 · 목차상 63쪽 · 본문 md 1596행,1) 일반,확인 불가,"은행연합회 원문 미수집(robots.txt 「User-agent: * / Disallow: /」, 우회 없음) — 대조 불가라 차이여부 「확인 불가」. hwp 는 쪽 정보가 없어 위치는 이 md 줄 번호(1부터) · 본문 줄은 공백 제거 후 같은 줄을 목차 순서대로 찾은 것","은행연합회 www.kfb.or.kr 자율규제·모범규준 게시판(2026.1.6 개정본) — 원문 미수집: https://www.kfb.or.kr/robots.txt (HTTP 200, 2026-10-01T17:15:49+09:00, sha256 133e4db054e73a10…): 「User-agent: * / Disallow: /」; https://kfb.or.kr/robots.txt (HTTP 200, 2026-10-01T17:15:52+09:00, sha256 133e4db054e73a10…): 「User-agent: * / Disallow: /」; https://portal.kfb.or.kr/robots.txt (HTTP 200, 2026-10-01T17:15:55+09:00, sha256 133e4db054e73a10…): 「User-agent: * / Disallow: /」",생명보험협회 https://www.klia.or.kr/member/insurRegul/selfRegul/list.do(회원사 > 자율규제운영 > 자율규제 규정정보) 「지배구조 및 보수체계 연차보고서 작성기준」(제·개정월 2026-01) 원문보기 https://www.klia.or.kr/FileDown.do?fileNo=21190&seq=2 · 원파일명 지배구조 및 보수체계 연차보고서 작성기준(20260123).hwp · sha256 be90c671e983fa26d64d3b38a231c1807745ba4960a597985875cd0a76069b6f · 텍스트 handoff/원문_10차/작성기준_생보협회.md,2026-10-01T17:16:07+09:00
목차,2) 비상계획,확인 불가,확인 불가(원문 미수집),제1절 5. 나. 2) · 목차표 md 174행 · 목차상 65쪽 · 본문 md 1613행,2) 비상계획,확인 불가,"은행연합회 원문 미수집(robots.txt 「User-agent: * / Disallow: /」, 우회 없음) — 대조 불가라 차이여부 「확인 불가」. hwp 는 쪽 정보가 없어 위치는 이 md 줄 번호(1부터) · 본문 줄은 공백 제거 후 같은 줄을 목차 순서대로 찾은 것","은행연합회 www.kfb.or.kr 자율규제·모범규준 게시판(2026.1.6 개정본) — 원문 미수집: https://www.kfb.or.kr/robots.txt (HTTP 200, 2026-10-01T17:15:49+09:00, sha256 133e4db054e73a10…): 「User-agent: * / Disallow: /」; https://kfb.or.kr/robots.txt (HTTP 200, 2026-10-01T17:15:52+09:00, sha256 133e4db054e73a10…): 「User-agent: * / Disallow: /」; https://portal.kfb.or.kr/robots.txt (HTTP 200, 2026-10-01T17:15:55+09:00, sha256 133e4db054e73a10…): 「User-agent: * / Disallow: /」",생명보험협회 https://www.klia.or.kr/member/insurRegul/selfRegul/list.do(회원사 > 자율규제운영 > 자율규제 규정정보) 「지배구조 및 보수체계 연차보고서 작성기준」(제·개정월 2026-01) 원문보기 https://www.klia.or.kr/FileDown.do?fileNo=21190&seq=2 · 원파일명 지배구조 및 보수체계 연차보고서 작성기준(20260123).hwp · sha256 be90c671e983fa26d64d3b38a231c1807745ba4960a597985875cd0a76069b6f · 텍스트 handoff/원문_10차/작성기준_생보협회.md,2026-10-01T17:16:07+09:00
목차,다. 최고경영자 자격충족 여부,확인 불가,확인 불가(원문 미수집),제1절 5. 다. · 목차표 md 175행 · 목차상 67쪽 · 본문 같은 제목 줄 못 찾음,다. 최고경영자 자격충족 여부,확인 불가,"은행연합회 원문 미수집(robots.txt 「User-agent: * / Disallow: /」, 우회 없음) — 대조 불가라 차이여부 「확인 불가」. hwp 는 쪽 정보가 없어 위치는 이 md 줄 번호(1부터) · 본문에서 공백 제거 후 같은 제목 줄을 못 찾음(목차표와 본문 표기가 다르거나 여러 항목을 한 칸에 묶음)","은행연합회 www.kfb.or.kr 자율규제·모범규준 게시판(2026.1.6 개정본) — 원문 미수집: https://www.kfb.or.kr/robots.txt (HTTP 200, 2026-10-01T17:15:49+09:00, sha256 133e4db054e73a10…): 「User-agent: * / Disallow: /」; https://kfb.or.kr/robots.txt (HTTP 200, 2026-10-01T17:15:52+09:00, sha256 133e4db054e73a10…): 「User-agent: * / Disallow: /」; https://portal.kfb.or.kr/robots.txt (HTTP 200, 2026-10-01T17:15:55+09:00, sha256 133e4db054e73a10…): 「User-agent: * / Disallow: /」",생명보험협회 https://www.klia.or.kr/member/insurRegul/selfRegul/list.do(회원사 > 자율규제운영 > 자율규제 규정정보) 「지배구조 및 보수체계 연차보고서 작성기준」(제·개정월 2026-01) 원문보기 https://www.klia.or.kr/FileDown.do?fileNo=21190&seq=2 · 원파일명 지배구조 및 보수체계 연차보고서 작성기준(20260123).hwp · sha256 be90c671e983fa26d64d3b38a231c1807745ba4960a597985875cd0a76069b6f · 텍스트 handoff/원문_10차/작성기준_생보협회.md,2026-10-01T17:16:07+09:00
목차,1) 소극적 요건,확인 불가,확인 불가(원문 미수집),제1절 5. 다. 1) · 목차표 md 176행 · 목차상 67쪽 · 본문 md 1623행,1) 소극적 요건,확인 불가,"은행연합회 원문 미수집(robots.txt 「User-agent: * / Disallow: /」, 우회 없음) — 대조 불가라 차이여부 「확인 불가」. hwp 는 쪽 정보가 없어 위치는 이 md 줄 번호(1부터) · 본문 줄은 공백 제거 후 같은 줄을 목차 순서대로 찾은 것","은행연합회 www.kfb.or.kr 자율규제·모범규준 게시판(2026.1.6 개정본) — 원문 미수집: https://www.kfb.or.kr/robots.txt (HTTP 200, 2026-10-01T17:15:49+09:00, sha256 133e4db054e73a10…): 「User-agent: * / Disallow: /」; https://kfb.or.kr/robots.txt (HTTP 200, 2026-10-01T17:15:52+09:00, sha256 133e4db054e73a10…): 「User-agent: * / Disallow: /」; https://portal.kfb.or.kr/robots.txt (HTTP 200, 2026-10-01T17:15:55+09:00, sha256 133e4db054e73a10…): 「User-agent: * / Disallow: /」",생명보험협회 https://www.klia.or.kr/member/insurRegul/selfRegul/list.do(회원사 > 자율규제운영 > 자율규제 규정정보) 「지배구조 및 보수체계 연차보고서 작성기준」(제·개정월 2026-01) 원문보기 https://www.klia.or.kr/FileDown.do?fileNo=21190&seq=2 · 원파일명 지배구조 및 보수체계 연차보고서 작성기준(20260123).hwp · sha256 be90c671e983fa26d64d3b38a231c1807745ba4960a597985875cd0a76069b6f · 텍스트 handoff/원문_10차/작성기준_생보협회.md,2026-10-01T17:16:07+09:00
목차,2) 금융회사가 정한 자격요건,확인 불가,확인 불가(원문 미수집),제1절 5. 다. 2) · 목차표 md 177행 · 목차상 67쪽 · 본문 md 1636행,2) 금융회사가 정한 자격요건,확인 불가,"은행연합회 원문 미수집(robots.txt 「User-agent: * / Disallow: /」, 우회 없음) — 대조 불가라 차이여부 「확인 불가」. hwp 는 쪽 정보가 없어 위치는 이 md 줄 번호(1부터) · 본문 줄은 공백 제거 후 같은 줄을 목차 순서대로 찾은 것","은행연합회 www.kfb.or.kr 자율규제·모범규준 게시판(2026.1.6 개정본) — 원문 미수집: https://www.kfb.or.kr/robots.txt (HTTP 200, 2026-10-01T17:15:49+09:00, sha256 133e4db054e73a10…): 「User-agent: * / Disallow: /」; https://kfb.or.kr/robots.txt (HTTP 200, 2026-10-01T17:15:52+09:00, sha256 133e4db054e73a10…): 「User-agent: * / Disallow: /」; https://portal.kfb.or.kr/robots.txt (HTTP 200, 2026-10-01T17:15:55+09:00, sha256 133e4db054e73a10…): 「User-agent: * / Disallow: /」",생명보험협회 https://www.klia.or.kr/member/insurRegul/selfRegul/list.do(회원사 > 자율규제운영 > 자율규제 규정정보) 「지배구조 및 보수체계 연차보고서 작성기준」(제·개정월 2026-01) 원문보기 https://www.klia.or.kr/FileDown.do?fileNo=21190&seq=2 · 원파일명 지배구조 및 보수체계 연차보고서 작성기준(20260123).hwp · sha256 be90c671e983fa26d64d3b38a231c1807745ba4960a597985875cd0a76069b6f · 텍스트 handoff/원문_10차/작성기준_생보협회.md,2026-10-01T17:16:07+09:00
목차,라. 최고경영자 후보추천 및 경영승계 내역,확인 불가,확인 불가(원문 미수집),제1절 5. 라. · 목차표 md 178행 · 목차상 69쪽 · 본문 md 1659행,라. 최고경영자 후보추천 및 경영승계 내역,확인 불가,"은행연합회 원문 미수집(robots.txt 「User-agent: * / Disallow: /」, 우회 없음) — 대조 불가라 차이여부 「확인 불가」. hwp 는 쪽 정보가 없어 위치는 이 md 줄 번호(1부터) · 본문 줄은 공백 제거 후 같은 줄을 목차 순서대로 찾은 것","은행연합회 www.kfb.or.kr 자율규제·모범규준 게시판(2026.1.6 개정본) — 원문 미수집: https://www.kfb.or.kr/robots.txt (HTTP 200, 2026-10-01T17:15:49+09:00, sha256 133e4db054e73a10…): 「User-agent: * / Disallow: /」; https://kfb.or.kr/robots.txt (HTTP 200, 2026-10-01T17:15:52+09:00, sha256 133e4db054e73a10…): 「User-agent: * / Disallow: /」; https://portal.kfb.or.kr/robots.txt (HTTP 200, 2026-10-01T17:15:55+09:00, sha256 133e4db054e73a10…): 「User-agent: * / Disallow: /」",생명보험협회 https://www.klia.or.kr/member/insurRegul/selfRegul/list.do(회원사 > 자율규제운영 > 자율규제 규정정보) 「지배구조 및 보수체계 연차보고서 작성기준」(제·개정월 2026-01) 원문보기 https://www.klia.or.kr/FileDown.do?fileNo=21190&seq=2 · 원파일명 지배구조 및 보수체계 연차보고서 작성기준(20260123).hwp · sha256 be90c671e983fa26d64d3b38a231c1807745ba4960a597985875cd0a76069b6f · 텍스트 handoff/원문_10차/작성기준_생보협회.md,2026-10-01T17:16:07+09:00
목차,1) 최고경영자 후보추천 및 승계 내역,확인 불가,확인 불가(원문 미수집),제1절 5. 라. 1) · 목차표 md 179행 · 목차상 69쪽 · 본문 md 1660행,1) 최고경영자 후보추천 및 승계 내역,확인 불가,"은행연합회 원문 미수집(robots.txt 「User-agent: * / Disallow: /」, 우회 없음) — 대조 불가라 차이여부 「확인 불가」. hwp 는 쪽 정보가 없어 위치는 이 md 줄 번호(1부터) · 본문 줄은 공백 제거 후 같은 줄을 목차 순서대로 찾은 것","은행연합회 www.kfb.or.kr 자율규제·모범규준 게시판(2026.1.6 개정본) — 원문 미수집: https://www.kfb.or.kr/robots.txt (HTTP 200, 2026-10-01T17:15:49+09:00, sha256 133e4db054e73a10…): 「User-agent: * / Disallow: /」; https://kfb.or.kr/robots.txt (HTTP 200, 2026-10-01T17:15:52+09:00, sha256 133e4db054e73a10…): 「User-agent: * / Disallow: /」; https://portal.kfb.or.kr/robots.txt (HTTP 200, 2026-10-01T17:15:55+09:00, sha256 133e4db054e73a10…): 「User-agent: * / Disallow: /」",생명보험협회 https://www.klia.or.kr/member/insurRegul/selfRegul/list.do(회원사 > 자율규제운영 > 자율규제 규정정보) 「지배구조 및 보수체계 연차보고서 작성기준」(제·개정월 2026-01) 원문보기 https://www.klia.or.kr/FileDown.do?fileNo=21190&seq=2 · 원파일명 지배구조 및 보수체계 연차보고서 작성기준(20260123).hwp · sha256 be90c671e983fa26d64d3b38a231c1807745ba4960a597985875cd0a76069b6f · 텍스트 handoff/원문_10차/작성기준_생보협회.md,2026-10-01T17:16:07+09:00
목차,2) 최고경영자 승계 관련 주요 심의․의결 경과,확인 불가,확인 불가(원문 미수집),제1절 5. 라. 2) · 목차표 md 180행 · 목차상 70쪽 · 본문 같은 제목 줄 못 찾음,2) 최고경영자 승계 관련 주요 심의․의결 경과,확인 불가,"은행연합회 원문 미수집(robots.txt 「User-agent: * / Disallow: /」, 우회 없음) — 대조 불가라 차이여부 「확인 불가」. hwp 는 쪽 정보가 없어 위치는 이 md 줄 번호(1부터) · 본문에서 공백 제거 후 같은 제목 줄을 못 찾음(목차표와 본문 표기가 다르거나 여러 항목을 한 칸에 묶음)","은행연합회 www.kfb.or.kr 자율규제·모범규준 게시판(2026.1.6 개정본) — 원문 미수집: https://www.kfb.or.kr/robots.txt (HTTP 200, 2026-10-01T17:15:49+09:00, sha256 133e4db054e73a10…): 「User-agent: * / Disallow: /」; https://kfb.or.kr/robots.txt (HTTP 200, 2026-10-01T17:15:52+09:00, sha256 133e4db054e73a10…): 「User-agent: * / Disallow: /」; https://portal.kfb.or.kr/robots.txt (HTTP 200, 2026-10-01T17:15:55+09:00, sha256 133e4db054e73a10…): 「User-agent: * / Disallow: /」",생명보험협회 https://www.klia.or.kr/member/insurRegul/selfRegul/list.do(회원사 > 자율규제운영 > 자율규제 규정정보) 「지배구조 및 보수체계 연차보고서 작성기준」(제·개정월 2026-01) 원문보기 https://www.klia.or.kr/FileDown.do?fileNo=21190&seq=2 · 원파일명 지배구조 및 보수체계 연차보고서 작성기준(20260123).hwp · sha256 be90c671e983fa26d64d3b38a231c1807745ba4960a597985875cd0a76069b6f · 텍스트 handoff/원문_10차/작성기준_생보협회.md,2026-10-01T17:16:07+09:00
목차,마. 최고경영자 후보군 관리현황,확인 불가,확인 불가(원문 미수집),제1절 5. 마. · 목차표 md 181행 · 목차상 71쪽 · 본문 md 1696행,마. 최고경영자 후보군 관리현황,확인 불가,"은행연합회 원문 미수집(robots.txt 「User-agent: * / Disallow: /」, 우회 없음) — 대조 불가라 차이여부 「확인 불가」. hwp 는 쪽 정보가 없어 위치는 이 md 줄 번호(1부터) · 본문 줄은 공백 제거 후 같은 줄을 목차 순서대로 찾은 것","은행연합회 www.kfb.or.kr 자율규제·모범규준 게시판(2026.1.6 개정본) — 원문 미수집: https://www.kfb.or.kr/robots.txt (HTTP 200, 2026-10-01T17:15:49+09:00, sha256 133e4db054e73a10…): 「User-agent: * / Disallow: /」; https://kfb.or.kr/robots.txt (HTTP 200, 2026-10-01T17:15:52+09:00, sha256 133e4db054e73a10…): 「User-agent: * / Disallow: /」; https://portal.kfb.or.kr/robots.txt (HTTP 200, 2026-10-01T17:15:55+09:00, sha256 133e4db054e73a10…): 「User-agent: * / Disallow: /」",생명보험협회 https://www.klia.or.kr/member/insurRegul/selfRegul/list.do(회원사 > 자율규제운영 > 자율규제 규정정보) 「지배구조 및 보수체계 연차보고서 작성기준」(제·개정월 2026-01) 원문보기 https://www.klia.or.kr/FileDown.do?fileNo=21190&seq=2 · 원파일명 지배구조 및 보수체계 연차보고서 작성기준(20260123).hwp · sha256 be90c671e983fa26d64d3b38a231c1807745ba4960a597985875cd0a76069b6f · 텍스트 handoff/원문_10차/작성기준_생보협회.md,2026-10-01T17:16:07+09:00
목차,1) 최고경영자 후보군 관련 지침,확인 불가,확인 불가(원문 미수집),제1절 5. 마. 1) · 목차표 md 182행 · 목차상 71쪽 · 본문 md 1697행,1) 최고경영자 후보군 관련 지침,확인 불가,"은행연합회 원문 미수집(robots.txt 「User-agent: * / Disallow: /」, 우회 없음) — 대조 불가라 차이여부 「확인 불가」. hwp 는 쪽 정보가 없어 위치는 이 md 줄 번호(1부터) · 본문 줄은 공백 제거 후 같은 줄을 목차 순서대로 찾은 것","은행연합회 www.kfb.or.kr 자율규제·모범규준 게시판(2026.1.6 개정본) — 원문 미수집: https://www.kfb.or.kr/robots.txt (HTTP 200, 2026-10-01T17:15:49+09:00, sha256 133e4db054e73a10…): 「User-agent: * / Disallow: /」; https://kfb.or.kr/robots.txt (HTTP 200, 2026-10-01T17:15:52+09:00, sha256 133e4db054e73a10…): 「User-agent: * / Disallow: /」; https://portal.kfb.or.kr/robots.txt (HTTP 200, 2026-10-01T17:15:55+09:00, sha256 133e4db054e73a10…): 「User-agent: * / Disallow: /」",생명보험협회 https://www.klia.or.kr/member/insurRegul/selfRegul/list.do(회원사 > 자율규제운영 > 자율규제 규정정보) 「지배구조 및 보수체계 연차보고서 작성기준」(제·개정월 2026-01) 원문보기 https://www.klia.or.kr/FileDown.do?fileNo=21190&seq=2 · 원파일명 지배구조 및 보수체계 연차보고서 작성기준(20260123).hwp · sha256 be90c671e983fa26d64d3b38a231c1807745ba4960a597985875cd0a76069b6f · 텍스트 handoff/원문_10차/작성기준_생보협회.md,2026-10-01T17:16:07+09:00
목차,2) 후보군 관리 활동내역,확인 불가,확인 불가(원문 미수집),제1절 5. 마. 2) · 목차표 md 183행 · 목차상 71쪽 · 본문 md 1707행,2) 후보군 관리 활동내역,확인 불가,"은행연합회 원문 미수집(robots.txt 「User-agent: * / Disallow: /」, 우회 없음) — 대조 불가라 차이여부 「확인 불가」. hwp 는 쪽 정보가 없어 위치는 이 md 줄 번호(1부터) · 본문 줄은 공백 제거 후 같은 줄을 목차 순서대로 찾은 것","은행연합회 www.kfb.or.kr 자율규제·모범규준 게시판(2026.1.6 개정본) — 원문 미수집: https://www.kfb.or.kr/robots.txt (HTTP 200, 2026-10-01T17:15:49+09:00, sha256 133e4db054e73a10…): 「User-agent: * / Disallow: /」; https://kfb.or.kr/robots.txt (HTTP 200, 2026-10-01T17:15:52+09:00, sha256 133e4db054e73a10…): 「User-agent: * / Disallow: /」; https://portal.kfb.or.kr/robots.txt (HTTP 200, 2026-10-01T17:15:55+09:00, sha256 133e4db054e73a10…): 「User-agent: * / Disallow: /」",생명보험협회 https://www.klia.or.kr/member/insurRegul/selfRegul/list.do(회원사 > 자율규제운영 > 자율규제 규정정보) 「지배구조 및 보수체계 연차보고서 작성기준」(제·개정월 2026-01) 원문보기 https://www.klia.or.kr/FileDown.do?fileNo=21190&seq=2 · 원파일명 지배구조 및 보수체계 연차보고서 작성기준(20260123).hwp · sha256 be90c671e983fa26d64d3b38a231c1807745ba4960a597985875cd0a76069b6f · 텍스트 handoff/원문_10차/작성기준_생보협회.md,2026-10-01T17:16:07+09:00
목차,3) 후보군 현황,확인 불가,확인 불가(원문 미수집),제1절 5. 마. 3) · 목차표 md 184행 · 목차상 72쪽 · 본문 md 1718행,3) 후보군 현황,확인 불가,"은행연합회 원문 미수집(robots.txt 「User-agent: * / Disallow: /」, 우회 없음) — 대조 불가라 차이여부 「확인 불가」. hwp 는 쪽 정보가 없어 위치는 이 md 줄 번호(1부터) · 본문 줄은 공백 제거 후 같은 줄을 목차 순서대로 찾은 것","은행연합회 www.kfb.or.kr 자율규제·모범규준 게시판(2026.1.6 개정본) — 원문 미수집: https://www.kfb.or.kr/robots.txt (HTTP 200, 2026-10-01T17:15:49+09:00, sha256 133e4db054e73a10…): 「User-agent: * / Disallow: /」; https://kfb.or.kr/robots.txt (HTTP 200, 2026-10-01T17:15:52+09:00, sha256 133e4db054e73a10…): 「User-agent: * / Disallow: /」; https://portal.kfb.or.kr/robots.txt (HTTP 200, 2026-10-01T17:15:55+09:00, sha256 133e4db054e73a10…): 「User-agent: * / Disallow: /」",생명보험협회 https://www.klia.or.kr/member/insurRegul/selfRegul/list.do(회원사 > 자율규제운영 > 자율규제 규정정보) 「지배구조 및 보수체계 연차보고서 작성기준」(제·개정월 2026-01) 원문보기 https://www.klia.or.kr/FileDown.do?fileNo=21190&seq=2 · 원파일명 지배구조 및 보수체계 연차보고서 작성기준(20260123).hwp · sha256 be90c671e983fa26d64d3b38a231c1807745ba4960a597985875cd0a76069b6f · 텍스트 handoff/원문_10차/작성기준_생보협회.md,2026-10-01T17:16:07+09:00
목차,바. 이사회의 최고경영자 경영승계계획 적정성 점검 내역,확인 불가,확인 불가(원문 미수집),제1절 5. 바. · 목차표 md 185행 · 목차상 73쪽 · 본문 md 1724행,바. 이사회의 최고경영자 경영승계계획 적정성 점검 내역,확인 불가,"은행연합회 원문 미수집(robots.txt 「User-agent: * / Disallow: /」, 우회 없음) — 대조 불가라 차이여부 「확인 불가」. hwp 는 쪽 정보가 없어 위치는 이 md 줄 번호(1부터) · 본문 줄은 공백 제거 후 같은 줄을 목차 순서대로 찾은 것","은행연합회 www.kfb.or.kr 자율규제·모범규준 게시판(2026.1.6 개정본) — 원문 미수집: https://www.kfb.or.kr/robots.txt (HTTP 200, 2026-10-01T17:15:49+09:00, sha256 133e4db054e73a10…): 「User-agent: * / Disallow: /」; https://kfb.or.kr/robots.txt (HTTP 200, 2026-10-01T17:15:52+09:00, sha256 133e4db054e73a10…): 「User-agent: * / Disallow: /」; https://portal.kfb.or.kr/robots.txt (HTTP 200, 2026-10-01T17:15:55+09:00, sha256 133e4db054e73a10…): 「User-agent: * / Disallow: /」",생명보험협회 https://www.klia.or.kr/member/insurRegul/selfRegul/list.do(회원사 > 자율규제운영 > 자율규제 규정정보) 「지배구조 및 보수체계 연차보고서 작성기준」(제·개정월 2026-01) 원문보기 https://www.klia.or.kr/FileDown.do?fileNo=21190&seq=2 · 원파일명 지배구조 및 보수체계 연차보고서 작성기준(20260123).hwp · sha256 be90c671e983fa26d64d3b38a231c1807745ba4960a597985875cd0a76069b6f · 텍스트 handoff/원문_10차/작성기준_생보협회.md,2026-10-01T17:16:07+09:00
목차,사. 최고경영자 승계업무 지원부서 지정 및 운영 현황,확인 불가,확인 불가(원문 미수집),제1절 5. 사. · 목차표 md 186행 · 목차상 73쪽 · 본문 md 1733행,사. 최고경영자 승계업무 지원부서 지정 및 운영 현황,확인 불가,"은행연합회 원문 미수집(robots.txt 「User-agent: * / Disallow: /」, 우회 없음) — 대조 불가라 차이여부 「확인 불가」. hwp 는 쪽 정보가 없어 위치는 이 md 줄 번호(1부터) · 본문 줄은 공백 제거 후 같은 줄을 목차 순서대로 찾은 것","은행연합회 www.kfb.or.kr 자율규제·모범규준 게시판(2026.1.6 개정본) — 원문 미수집: https://www.kfb.or.kr/robots.txt (HTTP 200, 2026-10-01T17:15:49+09:00, sha256 133e4db054e73a10…): 「User-agent: * / Disallow: /」; https://kfb.or.kr/robots.txt (HTTP 200, 2026-10-01T17:15:52+09:00, sha256 133e4db054e73a10…): 「User-agent: * / Disallow: /」; https://portal.kfb.or.kr/robots.txt (HTTP 200, 2026-10-01T17:15:55+09:00, sha256 133e4db054e73a10…): 「User-agent: * / Disallow: /」",생명보험협회 https://www.klia.or.kr/member/insurRegul/selfRegul/list.do(회원사 > 자율규제운영 > 자율규제 규정정보) 「지배구조 및 보수체계 연차보고서 작성기준」(제·개정월 2026-01) 원문보기 https://www.klia.or.kr/FileDown.do?fileNo=21190&seq=2 · 원파일명 지배구조 및 보수체계 연차보고서 작성기준(20260123).hwp · sha256 be90c671e983fa26d64d3b38a231c1807745ba4960a597985875cd0a76069b6f · 텍스트 handoff/원문_10차/작성기준_생보협회.md,2026-10-01T17:16:07+09:00
목차,6. 감사위원회,확인 불가,확인 불가(원문 미수집),제1절 6. · 목차표 md 188행 · 목차상 75쪽 · 본문 md 1760행,6. 감사위원회,확인 불가,"은행연합회 원문 미수집(robots.txt 「User-agent: * / Disallow: /」, 우회 없음) — 대조 불가라 차이여부 「확인 불가」. hwp 는 쪽 정보가 없어 위치는 이 md 줄 번호(1부터) · 본문 줄은 공백 제거 후 같은 줄을 목차 순서대로 찾은 것","은행연합회 www.kfb.or.kr 자율규제·모범규준 게시판(2026.1.6 개정본) — 원문 미수집: https://www.kfb.or.kr/robots.txt (HTTP 200, 2026-10-01T17:15:49+09:00, sha256 133e4db054e73a10…): 「User-agent: * / Disallow: /」; https://kfb.or.kr/robots.txt (HTTP 200, 2026-10-01T17:15:52+09:00, sha256 133e4db054e73a10…): 「User-agent: * / Disallow: /」; https://portal.kfb.or.kr/robots.txt (HTTP 200, 2026-10-01T17:15:55+09:00, sha256 133e4db054e73a10…): 「User-agent: * / Disallow: /」",생명보험협회 https://www.klia.or.kr/member/insurRegul/selfRegul/list.do(회원사 > 자율규제운영 > 자율규제 규정정보) 「지배구조 및 보수체계 연차보고서 작성기준」(제·개정월 2026-01) 원문보기 https://www.klia.or.kr/FileDown.do?fileNo=21190&seq=2 · 원파일명 지배구조 및 보수체계 연차보고서 작성기준(20260123).hwp · sha256 be90c671e983fa26d64d3b38a231c1807745ba4960a597985875cd0a76069b6f · 텍스트 handoff/원문_10차/작성기준_생보협회.md,2026-10-01T17:16:07+09:00
목차,가. 역할(권한과 책무),확인 불가,확인 불가(원문 미수집),제1절 6. 가. · 목차표 md 189행 · 목차상 75쪽 · 본문 md 1761행,가. 역할(권한과 책무),확인 불가,"은행연합회 원문 미수집(robots.txt 「User-agent: * / Disallow: /」, 우회 없음) — 대조 불가라 차이여부 「확인 불가」. hwp 는 쪽 정보가 없어 위치는 이 md 줄 번호(1부터) · 본문 줄은 공백 제거 후 같은 줄을 목차 순서대로 찾은 것","은행연합회 www.kfb.or.kr 자율규제·모범규준 게시판(2026.1.6 개정본) — 원문 미수집: https://www.kfb.or.kr/robots.txt (HTTP 200, 2026-10-01T17:15:49+09:00, sha256 133e4db054e73a10…): 「User-agent: * / Disallow: /」; https://kfb.or.kr/robots.txt (HTTP 200, 2026-10-01T17:15:52+09:00, sha256 133e4db054e73a10…): 「User-agent: * / Disallow: /」; https://portal.kfb.or.kr/robots.txt (HTTP 200, 2026-10-01T17:15:55+09:00, sha256 133e4db054e73a10…): 「User-agent: * / Disallow: /」",생명보험협회 https://www.klia.or.kr/member/insurRegul/selfRegul/list.do(회원사 > 자율규제운영 > 자율규제 규정정보) 「지배구조 및 보수체계 연차보고서 작성기준」(제·개정월 2026-01) 원문보기 https://www.klia.or.kr/FileDown.do?fileNo=21190&seq=2 · 원파일명 지배구조 및 보수체계 연차보고서 작성기준(20260123).hwp · sha256 be90c671e983fa26d64d3b38a231c1807745ba4960a597985875cd0a76069b6f · 텍스트 handoff/원문_10차/작성기준_생보협회.md,2026-10-01T17:16:07+09:00
목차,1) 총괄,확인 불가,확인 불가(원문 미수집),제1절 6. 가. 1) · 목차표 md 190행 · 목차상 75쪽 · 본문 md 1767행,1) 총괄,확인 불가,"은행연합회 원문 미수집(robots.txt 「User-agent: * / Disallow: /」, 우회 없음) — 대조 불가라 차이여부 「확인 불가」. hwp 는 쪽 정보가 없어 위치는 이 md 줄 번호(1부터) · 본문 줄은 공백 제거 후 같은 줄을 목차 순서대로 찾은 것","은행연합회 www.kfb.or.kr 자율규제·모범규준 게시판(2026.1.6 개정본) — 원문 미수집: https://www.kfb.or.kr/robots.txt (HTTP 200, 2026-10-01T17:15:49+09:00, sha256 133e4db054e73a10…): 「User-agent: * / Disallow: /」; https://kfb.or.kr/robots.txt (HTTP 200, 2026-10-01T17:15:52+09:00, sha256 133e4db054e73a10…): 「User-agent: * / Disallow: /」; https://portal.kfb.or.kr/robots.txt (HTTP 200, 2026-10-01T17:15:55+09:00, sha256 133e4db054e73a10…): 「User-agent: * / Disallow: /」",생명보험협회 https://www.klia.or.kr/member/insurRegul/selfRegul/list.do(회원사 > 자율규제운영 > 자율규제 규정정보) 「지배구조 및 보수체계 연차보고서 작성기준」(제·개정월 2026-01) 원문보기 https://www.klia.or.kr/FileDown.do?fileNo=21190&seq=2 · 원파일명 지배구조 및 보수체계 연차보고서 작성기준(20260123).hwp · sha256 be90c671e983fa26d64d3b38a231c1807745ba4960a597985875cd0a76069b6f · 텍스트 handoff/원문_10차/작성기준_생보협회.md,2026-10-01T17:16:07+09:00
목차,2) 구체적 역할,확인 불가,확인 불가(원문 미수집),제1절 6. 가. 2) · 목차표 md 191행 · 목차상 76쪽 · 본문 md 1778행,2) 구체적 역할,확인 불가,"은행연합회 원문 미수집(robots.txt 「User-agent: * / Disallow: /」, 우회 없음) — 대조 불가라 차이여부 「확인 불가」. hwp 는 쪽 정보가 없어 위치는 이 md 줄 번호(1부터) · 본문 줄은 공백 제거 후 같은 줄을 목차 순서대로 찾은 것","은행연합회 www.kfb.or.kr 자율규제·모범규준 게시판(2026.1.6 개정본) — 원문 미수집: https://www.kfb.or.kr/robots.txt (HTTP 200, 2026-10-01T17:15:49+09:00, sha256 133e4db054e73a10…): 「User-agent: * / Disallow: /」; https://kfb.or.kr/robots.txt (HTTP 200, 2026-10-01T17:15:52+09:00, sha256 133e4db054e73a10…): 「User-agent: * / Disallow: /」; https://portal.kfb.or.kr/robots.txt (HTTP 200, 2026-10-01T17:15:55+09:00, sha256 133e4db054e73a10…): 「User-agent: * / Disallow: /」",생명보험협회 https://www.klia.or.kr/member/insurRegul/selfRegul/list.do(회원사 > 자율규제운영 > 자율규제 규정정보) 「지배구조 및 보수체계 연차보고서 작성기준」(제·개정월 2026-01) 원문보기 https://www.klia.or.kr/FileDown.do?fileNo=21190&seq=2 · 원파일명 지배구조 및 보수체계 연차보고서 작성기준(20260123).hwp · sha256 be90c671e983fa26d64d3b38a231c1807745ba4960a597985875cd0a76069b6f · 텍스트 handoff/원문_10차/작성기준_생보협회.md,2026-10-01T17:16:07+09:00
목차,가) 이사 및 집행임원의 업무집행 감독,확인 불가,확인 불가(원문 미수집),제1절 6. 가. 2) 가) · 목차표 md 192행 · 목차상 76쪽 · 본문 md 1784행,가) 이사 및 집행임원의 업무집행 감독,확인 불가,"은행연합회 원문 미수집(robots.txt 「User-agent: * / Disallow: /」, 우회 없음) — 대조 불가라 차이여부 「확인 불가」. hwp 는 쪽 정보가 없어 위치는 이 md 줄 번호(1부터) · 본문 줄은 공백 제거 후 같은 줄을 목차 순서대로 찾은 것","은행연합회 www.kfb.or.kr 자율규제·모범규준 게시판(2026.1.6 개정본) — 원문 미수집: https://www.kfb.or.kr/robots.txt (HTTP 200, 2026-10-01T17:15:49+09:00, sha256 133e4db054e73a10…): 「User-agent: * / Disallow: /」; https://kfb.or.kr/robots.txt (HTTP 200, 2026-10-01T17:15:52+09:00, sha256 133e4db054e73a10…): 「User-agent: * / Disallow: /」; https://portal.kfb.or.kr/robots.txt (HTTP 200, 2026-10-01T17:15:55+09:00, sha256 133e4db054e73a10…): 「User-agent: * / Disallow: /」",생명보험협회 https://www.klia.or.kr/member/insurRegul/selfRegul/list.do(회원사 > 자율규제운영 > 자율규제 규정정보) 「지배구조 및 보수체계 연차보고서 작성기준」(제·개정월 2026-01) 원문보기 https://www.klia.or.kr/FileDown.do?fileNo=21190&seq=2 · 원파일명 지배구조 및 보수체계 연차보고서 작성기준(20260123).hwp · sha256 be90c671e983fa26d64d3b38a231c1807745ba4960a597985875cd0a76069b6f · 텍스트 handoff/원문_10차/작성기준_생보협회.md,2026-10-01T17:16:07+09:00
목차,나) 외부감사인 선임 승인 및 감독,확인 불가,확인 불가(원문 미수집),제1절 6. 가. 2) 나) · 목차표 md 193행 · 목차상 77쪽 · 본문 같은 제목 줄 못 찾음,나) 외부감사인 선임 승인 및 감독,확인 불가,"은행연합회 원문 미수집(robots.txt 「User-agent: * / Disallow: /」, 우회 없음) — 대조 불가라 차이여부 「확인 불가」. hwp 는 쪽 정보가 없어 위치는 이 md 줄 번호(1부터) · 본문에서 공백 제거 후 같은 제목 줄을 못 찾음(목차표와 본문 표기가 다르거나 여러 항목을 한 칸에 묶음)","은행연합회 www.kfb.or.kr 자율규제·모범규준 게시판(2026.1.6 개정본) — 원문 미수집: https://www.kfb.or.kr/robots.txt (HTTP 200, 2026-10-01T17:15:49+09:00, sha256 133e4db054e73a10…): 「User-agent: * / Disallow: /」; https://kfb.or.kr/robots.txt (HTTP 200, 2026-10-01T17:15:52+09:00, sha256 133e4db054e73a10…): 「User-agent: * / Disallow: /」; https://portal.kfb.or.kr/robots.txt (HTTP 200, 2026-10-01T17:15:55+09:00, sha256 133e4db054e73a10…): 「User-agent: * / Disallow: /」",생명보험협회 https://www.klia.or.kr/member/insurRegul/selfRegul/list.do(회원사 > 자율규제운영 > 자율규제 규정정보) 「지배구조 및 보수체계 연차보고서 작성기준」(제·개정월 2026-01) 원문보기 https://www.klia.or.kr/FileDown.do?fileNo=21190&seq=2 · 원파일명 지배구조 및 보수체계 연차보고서 작성기준(20260123).hwp · sha256 be90c671e983fa26d64d3b38a231c1807745ba4960a597985875cd0a76069b6f · 텍스트 handoff/원문_10차/작성기준_생보협회.md,2026-10-01T17:16:07+09:00
목차,다) 상임감사위원 관련 사항,확인 불가,확인 불가(원문 미수집),제1절 6. 가. 2) 다) · 목차표 md 194행 · 목차상 77쪽 · 본문 md 1808행,다) 상임감사위원 관련 사항,확인 불가,"은행연합회 원문 미수집(robots.txt 「User-agent: * / Disallow: /」, 우회 없음) — 대조 불가라 차이여부 「확인 불가」. hwp 는 쪽 정보가 없어 위치는 이 md 줄 번호(1부터) · 본문 줄은 공백 제거 후 같은 줄을 목차 순서대로 찾은 것","은행연합회 www.kfb.or.kr 자율규제·모범규준 게시판(2026.1.6 개정본) — 원문 미수집: https://www.kfb.or.kr/robots.txt (HTTP 200, 2026-10-01T17:15:49+09:00, sha256 133e4db054e73a10…): 「User-agent: * / Disallow: /」; https://kfb.or.kr/robots.txt (HTTP 200, 2026-10-01T17:15:52+09:00, sha256 133e4db054e73a10…): 「User-agent: * / Disallow: /」; https://portal.kfb.or.kr/robots.txt (HTTP 200, 2026-10-01T17:15:55+09:00, sha256 133e4db054e73a10…): 「User-agent: * / Disallow: /」",생명보험협회 https://www.klia.or.kr/member/insurRegul/selfRegul/list.do(회원사 > 자율규제운영 > 자율규제 규정정보) 「지배구조 및 보수체계 연차보고서 작성기준」(제·개정월 2026-01) 원문보기 https://www.klia.or.kr/FileDown.do?fileNo=21190&seq=2 · 원파일명 지배구조 및 보수체계 연차보고서 작성기준(20260123).hwp · sha256 be90c671e983fa26d64d3b38a231c1807745ba4960a597985875cd0a76069b6f · 텍스트 handoff/원문_10차/작성기준_생보협회.md,2026-10-01T17:16:07+09:00
목차,라) 재무제표 검토 등,확인 불가,확인 불가(원문 미수집),제1절 6. 가. 2) 라) · 목차표 md 195행 · 목차상 78쪽 · 본문 md 1814행,라) 재무제표 검토 등,확인 불가,"은행연합회 원문 미수집(robots.txt 「User-agent: * / Disallow: /」, 우회 없음) — 대조 불가라 차이여부 「확인 불가」. hwp 는 쪽 정보가 없어 위치는 이 md 줄 번호(1부터) · 본문 줄은 공백 제거 후 같은 줄을 목차 순서대로 찾은 것","은행연합회 www.kfb.or.kr 자율규제·모범규준 게시판(2026.1.6 개정본) — 원문 미수집: https://www.kfb.or.kr/robots.txt (HTTP 200, 2026-10-01T17:15:49+09:00, sha256 133e4db054e73a10…): 「User-agent: * / Disallow: /」; https://kfb.or.kr/robots.txt (HTTP 200, 2026-10-01T17:15:52+09:00, sha256 133e4db054e73a10…): 「User-agent: * / Disallow: /」; https://portal.kfb.or.kr/robots.txt (HTTP 200, 2026-10-01T17:15:55+09:00, sha256 133e4db054e73a10…): 「User-agent: * / Disallow: /」",생명보험협회 https://www.klia.or.kr/member/insurRegul/selfRegul/list.do(회원사 > 자율규제운영 > 자율규제 규정정보) 「지배구조 및 보수체계 연차보고서 작성기준」(제·개정월 2026-01) 원문보기 https://www.klia.or.kr/FileDown.do?fileNo=21190&seq=2 · 원파일명 지배구조 및 보수체계 연차보고서 작성기준(20260123).hwp · sha256 be90c671e983fa26d64d3b38a231c1807745ba4960a597985875cd0a76069b6f · 텍스트 handoff/원문_10차/작성기준_생보협회.md,2026-10-01T17:16:07+09:00
목차,마) 기타,확인 불가,확인 불가(원문 미수집),제1절 6. 가. 2) 마) · 목차표 md 196행 · 목차상 78쪽 · 본문 md 1820행,마) 기타,확인 불가,"은행연합회 원문 미수집(robots.txt 「User-agent: * / Disallow: /」, 우회 없음) — 대조 불가라 차이여부 「확인 불가」. hwp 는 쪽 정보가 없어 위치는 이 md 줄 번호(1부터) · 본문 줄은 공백 제거 후 같은 줄을 목차 순서대로 찾은 것","은행연합회 www.kfb.or.kr 자율규제·모범규준 게시판(2026.1.6 개정본) — 원문 미수집: https://www.kfb.or.kr/robots.txt (HTTP 200, 2026-10-01T17:15:49+09:00, sha256 133e4db054e73a10…): 「User-agent: * / Disallow: /」; https://kfb.or.kr/robots.txt (HTTP 200, 2026-10-01T17:15:52+09:00, sha256 133e4db054e73a10…): 「User-agent: * / Disallow: /」; https://portal.kfb.or.kr/robots.txt (HTTP 200, 2026-10-01T17:15:55+09:00, sha256 133e4db054e73a10…): 「User-agent: * / Disallow: /」",생명보험협회 https://www.klia.or.kr/member/insurRegul/selfRegul/list.do(회원사 > 자율규제운영 > 자율규제 규정정보) 「지배구조 및 보수체계 연차보고서 작성기준」(제·개정월 2026-01) 원문보기 https://www.klia.or.kr/FileDown.do?fileNo=21190&seq=2 · 원파일명 지배구조 및 보수체계 연차보고서 작성기준(20260123).hwp · sha256 be90c671e983fa26d64d3b38a231c1807745ba4960a597985875cd0a76069b6f · 텍스트 handoff/원문_10차/작성기준_생보협회.md,2026-10-01T17:16:07+09:00
목차,나. 구성(감사위원회위원),확인 불가,확인 불가(원문 미수집),제1절 6. 나. · 목차표 md 197행 · 목차상 79쪽 · 본문 md 1830행,나. 구성(감사위원회위원),확인 불가,"은행연합회 원문 미수집(robots.txt 「User-agent: * / Disallow: /」, 우회 없음) — 대조 불가라 차이여부 「확인 불가」. hwp 는 쪽 정보가 없어 위치는 이 md 줄 번호(1부터) · 본문 줄은 공백 제거 후 같은 줄을 목차 순서대로 찾은 것","은행연합회 www.kfb.or.kr 자율규제·모범규준 게시판(2026.1.6 개정본) — 원문 미수집: https://www.kfb.or.kr/robots.txt (HTTP 200, 2026-10-01T17:15:49+09:00, sha256 133e4db054e73a10…): 「User-agent: * / Disallow: /」; https://kfb.or.kr/robots.txt (HTTP 200, 2026-10-01T17:15:52+09:00, sha256 133e4db054e73a10…): 「User-agent: * / Disallow: /」; https://portal.kfb.or.kr/robots.txt (HTTP 200, 2026-10-01T17:15:55+09:00, sha256 133e4db054e73a10…): 「User-agent: * / Disallow: /」",생명보험협회 https://www.klia.or.kr/member/insurRegul/selfRegul/list.do(회원사 > 자율규제운영 > 자율규제 규정정보) 「지배구조 및 보수체계 연차보고서 작성기준」(제·개정월 2026-01) 원문보기 https://www.klia.or.kr/FileDown.do?fileNo=21190&seq=2 · 원파일명 지배구조 및 보수체계 연차보고서 작성기준(20260123).hwp · sha256 be90c671e983fa26d64d3b38a231c1807745ba4960a597985875cd0a76069b6f · 텍스트 handoff/원문_10차/작성기준_생보협회.md,2026-10-01T17:16:07+09:00
목차,1) 총괄,확인 불가,확인 불가(원문 미수집),제1절 6. 나. 1) · 목차표 md 198행 · 목차상 79쪽 · 본문 md 1831행,1) 총괄,확인 불가,"은행연합회 원문 미수집(robots.txt 「User-agent: * / Disallow: /」, 우회 없음) — 대조 불가라 차이여부 「확인 불가」. hwp 는 쪽 정보가 없어 위치는 이 md 줄 번호(1부터) · 본문 줄은 공백 제거 후 같은 줄을 목차 순서대로 찾은 것","은행연합회 www.kfb.or.kr 자율규제·모범규준 게시판(2026.1.6 개정본) — 원문 미수집: https://www.kfb.or.kr/robots.txt (HTTP 200, 2026-10-01T17:15:49+09:00, sha256 133e4db054e73a10…): 「User-agent: * / Disallow: /」; https://kfb.or.kr/robots.txt (HTTP 200, 2026-10-01T17:15:52+09:00, sha256 133e4db054e73a10…): 「User-agent: * / Disallow: /」; https://portal.kfb.or.kr/robots.txt (HTTP 200, 2026-10-01T17:15:55+09:00, sha256 133e4db054e73a10…): 「User-agent: * / Disallow: /」",생명보험협회 https://www.klia.or.kr/member/insurRegul/selfRegul/list.do(회원사 > 자율규제운영 > 자율규제 규정정보) 「지배구조 및 보수체계 연차보고서 작성기준」(제·개정월 2026-01) 원문보기 https://www.klia.or.kr/FileDown.do?fileNo=21190&seq=2 · 원파일명 지배구조 및 보수체계 연차보고서 작성기준(20260123).hwp · sha256 be90c671e983fa26d64d3b38a231c1807745ba4960a597985875cd0a76069b6f · 텍스트 handoff/원문_10차/작성기준_생보협회.md,2026-10-01T17:16:07+09:00
목차,2) 구성원,확인 불가,확인 불가(원문 미수집),제1절 6. 나. 2) · 목차표 md 199행 · 목차상 79쪽 · 본문 md 1837행,2) 구성원,확인 불가,"은행연합회 원문 미수집(robots.txt 「User-agent: * / Disallow: /」, 우회 없음) — 대조 불가라 차이여부 「확인 불가」. hwp 는 쪽 정보가 없어 위치는 이 md 줄 번호(1부터) · 본문 줄은 공백 제거 후 같은 줄을 목차 순서대로 찾은 것","은행연합회 www.kfb.or.kr 자율규제·모범규준 게시판(2026.1.6 개정본) — 원문 미수집: https://www.kfb.or.kr/robots.txt (HTTP 200, 2026-10-01T17:15:49+09:00, sha256 133e4db054e73a10…): 「User-agent: * / Disallow: /」; https://kfb.or.kr/robots.txt (HTTP 200, 2026-10-01T17:15:52+09:00, sha256 133e4db054e73a10…): 「User-agent: * / Disallow: /」; https://portal.kfb.or.kr/robots.txt (HTTP 200, 2026-10-01T17:15:55+09:00, sha256 133e4db054e73a10…): 「User-agent: * / Disallow: /」",생명보험협회 https://www.klia.or.kr/member/insurRegul/selfRegul/list.do(회원사 > 자율규제운영 > 자율규제 규정정보) 「지배구조 및 보수체계 연차보고서 작성기준」(제·개정월 2026-01) 원문보기 https://www.klia.or.kr/FileDown.do?fileNo=21190&seq=2 · 원파일명 지배구조 및 보수체계 연차보고서 작성기준(20260123).hwp · sha256 be90c671e983fa26d64d3b38a231c1807745ba4960a597985875cd0a76069b6f · 텍스트 handoff/원문_10차/작성기준_생보협회.md,2026-10-01T17:16:07+09:00
목차,다. 활동내역 및 평가,확인 불가,확인 불가(원문 미수집),제1절 6. 다. · 목차표 md 200행 · 목차상 79쪽 · 본문 md 1851행,다. 활동내역 및 평가,확인 불가,"은행연합회 원문 미수집(robots.txt 「User-agent: * / Disallow: /」, 우회 없음) — 대조 불가라 차이여부 「확인 불가」. hwp 는 쪽 정보가 없어 위치는 이 md 줄 번호(1부터) · 본문 줄은 공백 제거 후 같은 줄을 목차 순서대로 찾은 것","은행연합회 www.kfb.or.kr 자율규제·모범규준 게시판(2026.1.6 개정본) — 원문 미수집: https://www.kfb.or.kr/robots.txt (HTTP 200, 2026-10-01T17:15:49+09:00, sha256 133e4db054e73a10…): 「User-agent: * / Disallow: /」; https://kfb.or.kr/robots.txt (HTTP 200, 2026-10-01T17:15:52+09:00, sha256 133e4db054e73a10…): 「User-agent: * / Disallow: /」; https://portal.kfb.or.kr/robots.txt (HTTP 200, 2026-10-01T17:15:55+09:00, sha256 133e4db054e73a10…): 「User-agent: * / Disallow: /」",생명보험협회 https://www.klia.or.kr/member/insurRegul/selfRegul/list.do(회원사 > 자율규제운영 > 자율규제 규정정보) 「지배구조 및 보수체계 연차보고서 작성기준」(제·개정월 2026-01) 원문보기 https://www.klia.or.kr/FileDown.do?fileNo=21190&seq=2 · 원파일명 지배구조 및 보수체계 연차보고서 작성기준(20260123).hwp · sha256 be90c671e983fa26d64d3b38a231c1807745ba4960a597985875cd0a76069b6f · 텍스트 handoff/원문_10차/작성기준_생보협회.md,2026-10-01T17:16:07+09:00
목차,1) 활동내역 개요,확인 불가,확인 불가(원문 미수집),제1절 6. 다. 1) · 목차표 md 201행 · 목차상 79쪽 · 본문 md 1857행,1) 활동내역 개요,확인 불가,"은행연합회 원문 미수집(robots.txt 「User-agent: * / Disallow: /」, 우회 없음) — 대조 불가라 차이여부 「확인 불가」. hwp 는 쪽 정보가 없어 위치는 이 md 줄 번호(1부터) · 본문 줄은 공백 제거 후 같은 줄을 목차 순서대로 찾은 것","은행연합회 www.kfb.or.kr 자율규제·모범규준 게시판(2026.1.6 개정본) — 원문 미수집: https://www.kfb.or.kr/robots.txt (HTTP 200, 2026-10-01T17:15:49+09:00, sha256 133e4db054e73a10…): 「User-agent: * / Disallow: /」; https://kfb.or.kr/robots.txt (HTTP 200, 2026-10-01T17:15:52+09:00, sha256 133e4db054e73a10…): 「User-agent: * / Disallow: /」; https://portal.kfb.or.kr/robots.txt (HTTP 200, 2026-10-01T17:15:55+09:00, sha256 133e4db054e73a10…): 「User-agent: * / Disallow: /」",생명보험협회 https://www.klia.or.kr/member/insurRegul/selfRegul/list.do(회원사 > 자율규제운영 > 자율규제 규정정보) 「지배구조 및 보수체계 연차보고서 작성기준」(제·개정월 2026-01) 원문보기 https://www.klia.or.kr/FileDown.do?fileNo=21190&seq=2 · 원파일명 지배구조 및 보수체계 연차보고서 작성기준(20260123).hwp · sha256 be90c671e983fa26d64d3b38a231c1807745ba4960a597985875cd0a76069b6f · 텍스트 handoff/원문_10차/작성기준_생보협회.md,2026-10-01T17:16:07+09:00
목차,2) 회의 개최내역,확인 불가,확인 불가(원문 미수집),제1절 6. 다. 2) · 목차표 md 202행 · 목차상 80쪽 · 본문 md 1858행,2) 회의 개최내역,확인 불가,"은행연합회 원문 미수집(robots.txt 「User-agent: * / Disallow: /」, 우회 없음) — 대조 불가라 차이여부 「확인 불가」. hwp 는 쪽 정보가 없어 위치는 이 md 줄 번호(1부터) · 본문 줄은 공백 제거 후 같은 줄을 목차 순서대로 찾은 것","은행연합회 www.kfb.or.kr 자율규제·모범규준 게시판(2026.1.6 개정본) — 원문 미수집: https://www.kfb.or.kr/robots.txt (HTTP 200, 2026-10-01T17:15:49+09:00, sha256 133e4db054e73a10…): 「User-agent: * / Disallow: /」; https://kfb.or.kr/robots.txt (HTTP 200, 2026-10-01T17:15:52+09:00, sha256 133e4db054e73a10…): 「User-agent: * / Disallow: /」; https://portal.kfb.or.kr/robots.txt (HTTP 200, 2026-10-01T17:15:55+09:00, sha256 133e4db054e73a10…): 「User-agent: * / Disallow: /」",생명보험협회 https://www.klia.or.kr/member/insurRegul/selfRegul/list.do(회원사 > 자율규제운영 > 자율규제 규정정보) 「지배구조 및 보수체계 연차보고서 작성기준」(제·개정월 2026-01) 원문보기 https://www.klia.or.kr/FileDown.do?fileNo=21190&seq=2 · 원파일명 지배구조 및 보수체계 연차보고서 작성기준(20260123).hwp · sha256 be90c671e983fa26d64d3b38a231c1807745ba4960a597985875cd0a76069b6f · 텍스트 handoff/원문_10차/작성기준_생보협회.md,2026-10-01T17:16:07+09:00
목차,3) 평가,확인 불가,확인 불가(원문 미수집),제1절 6. 다. 3) · 목차표 md 203행 · 목차상 80쪽 · 본문 md 1875행,3) 평가,확인 불가,"은행연합회 원문 미수집(robots.txt 「User-agent: * / Disallow: /」, 우회 없음) — 대조 불가라 차이여부 「확인 불가」. hwp 는 쪽 정보가 없어 위치는 이 md 줄 번호(1부터) · 본문 줄은 공백 제거 후 같은 줄을 목차 순서대로 찾은 것","은행연합회 www.kfb.or.kr 자율규제·모범규준 게시판(2026.1.6 개정본) — 원문 미수집: https://www.kfb.or.kr/robots.txt (HTTP 200, 2026-10-01T17:15:49+09:00, sha256 133e4db054e73a10…): 「User-agent: * / Disallow: /」; https://kfb.or.kr/robots.txt (HTTP 200, 2026-10-01T17:15:52+09:00, sha256 133e4db054e73a10…): 「User-agent: * / Disallow: /」; https://portal.kfb.or.kr/robots.txt (HTTP 200, 2026-10-01T17:15:55+09:00, sha256 133e4db054e73a10…): 「User-agent: * / Disallow: /」",생명보험협회 https://www.klia.or.kr/member/insurRegul/selfRegul/list.do(회원사 > 자율규제운영 > 자율규제 규정정보) 「지배구조 및 보수체계 연차보고서 작성기준」(제·개정월 2026-01) 원문보기 https://www.klia.or.kr/FileDown.do?fileNo=21190&seq=2 · 원파일명 지배구조 및 보수체계 연차보고서 작성기준(20260123).hwp · sha256 be90c671e983fa26d64d3b38a231c1807745ba4960a597985875cd0a76069b6f · 텍스트 handoff/원문_10차/작성기준_생보협회.md,2026-10-01T17:16:07+09:00
목차,라. 감사보조조직 등,확인 불가,확인 불가(원문 미수집),제1절 6. 라. · 목차표 md 204행 · 목차상 81쪽 · 본문 md 1886행,라. 감사보조조직 등,확인 불가,"은행연합회 원문 미수집(robots.txt 「User-agent: * / Disallow: /」, 우회 없음) — 대조 불가라 차이여부 「확인 불가」. hwp 는 쪽 정보가 없어 위치는 이 md 줄 번호(1부터) · 본문 줄은 공백 제거 후 같은 줄을 목차 순서대로 찾은 것","은행연합회 www.kfb.or.kr 자율규제·모범규준 게시판(2026.1.6 개정본) — 원문 미수집: https://www.kfb.or.kr/robots.txt (HTTP 200, 2026-10-01T17:15:49+09:00, sha256 133e4db054e73a10…): 「User-agent: * / Disallow: /」; https://kfb.or.kr/robots.txt (HTTP 200, 2026-10-01T17:15:52+09:00, sha256 133e4db054e73a10…): 「User-agent: * / Disallow: /」; https://portal.kfb.or.kr/robots.txt (HTTP 200, 2026-10-01T17:15:55+09:00, sha256 133e4db054e73a10…): 「User-agent: * / Disallow: /」",생명보험협회 https://www.klia.or.kr/member/insurRegul/selfRegul/list.do(회원사 > 자율규제운영 > 자율규제 규정정보) 「지배구조 및 보수체계 연차보고서 작성기준」(제·개정월 2026-01) 원문보기 https://www.klia.or.kr/FileDown.do?fileNo=21190&seq=2 · 원파일명 지배구조 및 보수체계 연차보고서 작성기준(20260123).hwp · sha256 be90c671e983fa26d64d3b38a231c1807745ba4960a597985875cd0a76069b6f · 텍스트 handoff/원문_10차/작성기준_생보협회.md,2026-10-01T17:16:07+09:00
목차,7. 위험관리위원회,확인 불가,확인 불가(원문 미수집),제1절 7. · 목차표 md 206행 · 목차상 82쪽 · 본문 md 1892행,7. 위험관리위원회,확인 불가,"은행연합회 원문 미수집(robots.txt 「User-agent: * / Disallow: /」, 우회 없음) — 대조 불가라 차이여부 「확인 불가」. hwp 는 쪽 정보가 없어 위치는 이 md 줄 번호(1부터) · 본문 줄은 공백 제거 후 같은 줄을 목차 순서대로 찾은 것","은행연합회 www.kfb.or.kr 자율규제·모범규준 게시판(2026.1.6 개정본) — 원문 미수집: https://www.kfb.or.kr/robots.txt (HTTP 200, 2026-10-01T17:15:49+09:00, sha256 133e4db054e73a10…): 「User-agent: * / Disallow: /」; https://kfb.or.kr/robots.txt (HTTP 200, 2026-10-01T17:15:52+09:00, sha256 133e4db054e73a10…): 「User-agent: * / Disallow: /」; https://portal.kfb.or.kr/robots.txt (HTTP 200, 2026-10-01T17:15:55+09:00, sha256 133e4db054e73a10…): 「User-agent: * / Disallow: /」",생명보험협회 https://www.klia.or.kr/member/insurRegul/selfRegul/list.do(회원사 > 자율규제운영 > 자율규제 규정정보) 「지배구조 및 보수체계 연차보고서 작성기준」(제·개정월 2026-01) 원문보기 https://www.klia.or.kr/FileDown.do?fileNo=21190&seq=2 · 원파일명 지배구조 및 보수체계 연차보고서 작성기준(20260123).hwp · sha256 be90c671e983fa26d64d3b38a231c1807745ba4960a597985875cd0a76069b6f · 텍스트 handoff/원문_10차/작성기준_생보협회.md,2026-10-01T17:16:07+09:00
목차,가. 역할(권한과 책무),확인 불가,확인 불가(원문 미수집),제1절 7. 가. · 목차표 md 207행 · 목차상 82쪽 · 본문 md 1898행,가. 역할(권한과 책무),확인 불가,"은행연합회 원문 미수집(robots.txt 「User-agent: * / Disallow: /」, 우회 없음) — 대조 불가라 차이여부 「확인 불가」. hwp 는 쪽 정보가 없어 위치는 이 md 줄 번호(1부터) · 본문 줄은 공백 제거 후 같은 줄을 목차 순서대로 찾은 것","은행연합회 www.kfb.or.kr 자율규제·모범규준 게시판(2026.1.6 개정본) — 원문 미수집: https://www.kfb.or.kr/robots.txt (HTTP 200, 2026-10-01T17:15:49+09:00, sha256 133e4db054e73a10…): 「User-agent: * / Disallow: /」; https://kfb.or.kr/robots.txt (HTTP 200, 2026-10-01T17:15:52+09:00, sha256 133e4db054e73a10…): 「User-agent: * / Disallow: /」; https://portal.kfb.or.kr/robots.txt (HTTP 200, 2026-10-01T17:15:55+09:00, sha256 133e4db054e73a10…): 「User-agent: * / Disallow: /」",생명보험협회 https://www.klia.or.kr/member/insurRegul/selfRegul/list.do(회원사 > 자율규제운영 > 자율규제 규정정보) 「지배구조 및 보수체계 연차보고서 작성기준」(제·개정월 2026-01) 원문보기 https://www.klia.or.kr/FileDown.do?fileNo=21190&seq=2 · 원파일명 지배구조 및 보수체계 연차보고서 작성기준(20260123).hwp · sha256 be90c671e983fa26d64d3b38a231c1807745ba4960a597985875cd0a76069b6f · 텍스트 handoff/원문_10차/작성기준_생보협회.md,2026-10-01T17:16:07+09:00
목차,1) 총괄,확인 불가,확인 불가(원문 미수집),제1절 7. 가. 1) · 목차표 md 208행 · 목차상 82쪽 · 본문 md 1899행,1) 총괄,확인 불가,"은행연합회 원문 미수집(robots.txt 「User-agent: * / Disallow: /」, 우회 없음) — 대조 불가라 차이여부 「확인 불가」. hwp 는 쪽 정보가 없어 위치는 이 md 줄 번호(1부터) · 본문 줄은 공백 제거 후 같은 줄을 목차 순서대로 찾은 것","은행연합회 www.kfb.or.kr 자율규제·모범규준 게시판(2026.1.6 개정본) — 원문 미수집: https://www.kfb.or.kr/robots.txt (HTTP 200, 2026-10-01T17:15:49+09:00, sha256 133e4db054e73a10…): 「User-agent: * / Disallow: /」; https://kfb.or.kr/robots.txt (HTTP 200, 2026-10-01T17:15:52+09:00, sha256 133e4db054e73a10…): 「User-agent: * / Disallow: /」; https://portal.kfb.or.kr/robots.txt (HTTP 200, 2026-10-01T17:15:55+09:00, sha256 133e4db054e73a10…): 「User-agent: * / Disallow: /」",생명보험협회 https://www.klia.or.kr/member/insurRegul/selfRegul/list.do(회원사 > 자율규제운영 > 자율규제 규정정보) 「지배구조 및 보수체계 연차보고서 작성기준」(제·개정월 2026-01) 원문보기 https://www.klia.or.kr/FileDown.do?fileNo=21190&seq=2 · 원파일명 지배구조 및 보수체계 연차보고서 작성기준(20260123).hwp · sha256 be90c671e983fa26d64d3b38a231c1807745ba4960a597985875cd0a76069b6f · 텍스트 handoff/원문_10차/작성기준_생보협회.md,2026-10-01T17:16:07+09:00
목차,2) 구체적 역할,확인 불가,확인 불가(원문 미수집),제1절 7. 가. 2) · 목차표 md 209행 · 목차상 82쪽 · 본문 md 1900행,2) 구체적 역할,확인 불가,"은행연합회 원문 미수집(robots.txt 「User-agent: * / Disallow: /」, 우회 없음) — 대조 불가라 차이여부 「확인 불가」. hwp 는 쪽 정보가 없어 위치는 이 md 줄 번호(1부터) · 본문 줄은 공백 제거 후 같은 줄을 목차 순서대로 찾은 것","은행연합회 www.kfb.or.kr 자율규제·모범규준 게시판(2026.1.6 개정본) — 원문 미수집: https://www.kfb.or.kr/robots.txt (HTTP 200, 2026-10-01T17:15:49+09:00, sha256 133e4db054e73a10…): 「User-agent: * / Disallow: /」; https://kfb.or.kr/robots.txt (HTTP 200, 2026-10-01T17:15:52+09:00, sha256 133e4db054e73a10…): 「User-agent: * / Disallow: /」; https://portal.kfb.or.kr/robots.txt (HTTP 200, 2026-10-01T17:15:55+09:00, sha256 133e4db054e73a10…): 「User-agent: * / Disallow: /」",생명보험협회 https://www.klia.or.kr/member/insurRegul/selfRegul/list.do(회원사 > 자율규제운영 > 자율규제 규정정보) 「지배구조 및 보수체계 연차보고서 작성기준」(제·개정월 2026-01) 원문보기 https://www.klia.or.kr/FileDown.do?fileNo=21190&seq=2 · 원파일명 지배구조 및 보수체계 연차보고서 작성기준(20260123).hwp · sha256 be90c671e983fa26d64d3b38a231c1807745ba4960a597985875cd0a76069b6f · 텍스트 handoff/원문_10차/작성기준_생보협회.md,2026-10-01T17:16:07+09:00
목차,가) 위험관리의 기본방침 및 전략 수립,확인 불가,확인 불가(원문 미수집),제1절 7. 가. 2) 가) · 목차표 md 210행 · 목차상 82쪽 · 본문 md 1901행,가) 위험관리의 기본방침 및 전략 수립,확인 불가,"은행연합회 원문 미수집(robots.txt 「User-agent: * / Disallow: /」, 우회 없음) — 대조 불가라 차이여부 「확인 불가」. hwp 는 쪽 정보가 없어 위치는 이 md 줄 번호(1부터) · 본문 줄은 공백 제거 후 같은 줄을 목차 순서대로 찾은 것","은행연합회 www.kfb.or.kr 자율규제·모범규준 게시판(2026.1.6 개정본) — 원문 미수집: https://www.kfb.or.kr/robots.txt (HTTP 200, 2026-10-01T17:15:49+09:00, sha256 133e4db054e73a10…): 「User-agent: * / Disallow: /」; https://kfb.or.kr/robots.txt (HTTP 200, 2026-10-01T17:15:52+09:00, sha256 133e4db054e73a10…): 「User-agent: * / Disallow: /」; https://portal.kfb.or.kr/robots.txt (HTTP 200, 2026-10-01T17:15:55+09:00, sha256 133e4db054e73a10…): 「User-agent: * / Disallow: /」",생명보험협회 https://www.klia.or.kr/member/insurRegul/selfRegul/list.do(회원사 > 자율규제운영 > 자율규제 규정정보) 「지배구조 및 보수체계 연차보고서 작성기준」(제·개정월 2026-01) 원문보기 https://www.klia.or.kr/FileDown.do?fileNo=21190&seq=2 · 원파일명 지배구조 및 보수체계 연차보고서 작성기준(20260123).hwp · sha256 be90c671e983fa26d64d3b38a231c1807745ba4960a597985875cd0a76069b6f · 텍스트 handoff/원문_10차/작성기준_생보협회.md,2026-10-01T17:16:07+09:00
목차,나) 부담가능한 위험수준 결정,확인 불가,확인 불가(원문 미수집),제1절 7. 가. 2) 나) · 목차표 md 211행 · 목차상 82쪽 · 본문 md 1902행,나) 부담가능한 위험수준 결정,확인 불가,"은행연합회 원문 미수집(robots.txt 「User-agent: * / Disallow: /」, 우회 없음) — 대조 불가라 차이여부 「확인 불가」. hwp 는 쪽 정보가 없어 위치는 이 md 줄 번호(1부터) · 본문 줄은 공백 제거 후 같은 줄을 목차 순서대로 찾은 것","은행연합회 www.kfb.or.kr 자율규제·모범규준 게시판(2026.1.6 개정본) — 원문 미수집: https://www.kfb.or.kr/robots.txt (HTTP 200, 2026-10-01T17:15:49+09:00, sha256 133e4db054e73a10…): 「User-agent: * / Disallow: /」; https://kfb.or.kr/robots.txt (HTTP 200, 2026-10-01T17:15:52+09:00, sha256 133e4db054e73a10…): 「User-agent: * / Disallow: /」; https://portal.kfb.or.kr/robots.txt (HTTP 200, 2026-10-01T17:15:55+09:00, sha256 133e4db054e73a10…): 「User-agent: * / Disallow: /」",생명보험협회 https://www.klia.or.kr/member/insurRegul/selfRegul/list.do(회원사 > 자율규제운영 > 자율규제 규정정보) 「지배구조 및 보수체계 연차보고서 작성기준」(제·개정월 2026-01) 원문보기 https://www.klia.or.kr/FileDown.do?fileNo=21190&seq=2 · 원파일명 지배구조 및 보수체계 연차보고서 작성기준(20260123).hwp · sha256 be90c671e983fa26d64d3b38a231c1807745ba4960a597985875cd0a76069b6f · 텍스트 handoff/원문_10차/작성기준_생보협회.md,2026-10-01T17:16:07+09:00
목차,다) 적정투자한도 및 손실허용한도 승인,확인 불가,확인 불가(원문 미수집),제1절 7. 가. 2) 다) · 목차표 md 212행 · 목차상 82쪽 · 본문 md 1903행,다) 적정투자한도 및 손실허용한도 승인,확인 불가,"은행연합회 원문 미수집(robots.txt 「User-agent: * / Disallow: /」, 우회 없음) — 대조 불가라 차이여부 「확인 불가」. hwp 는 쪽 정보가 없어 위치는 이 md 줄 번호(1부터) · 본문 줄은 공백 제거 후 같은 줄을 목차 순서대로 찾은 것","은행연합회 www.kfb.or.kr 자율규제·모범규준 게시판(2026.1.6 개정본) — 원문 미수집: https://www.kfb.or.kr/robots.txt (HTTP 200, 2026-10-01T17:15:49+09:00, sha256 133e4db054e73a10…): 「User-agent: * / Disallow: /」; https://kfb.or.kr/robots.txt (HTTP 200, 2026-10-01T17:15:52+09:00, sha256 133e4db054e73a10…): 「User-agent: * / Disallow: /」; https://portal.kfb.or.kr/robots.txt (HTTP 200, 2026-10-01T17:15:55+09:00, sha256 133e4db054e73a10…): 「User-agent: * / Disallow: /」",생명보험협회 https://www.klia.or.kr/member/insurRegul/selfRegul/list.do(회원사 > 자율규제운영 > 자율규제 규정정보) 「지배구조 및 보수체계 연차보고서 작성기준」(제·개정월 2026-01) 원문보기 https://www.klia.or.kr/FileDown.do?fileNo=21190&seq=2 · 원파일명 지배구조 및 보수체계 연차보고서 작성기준(20260123).hwp · sha256 be90c671e983fa26d64d3b38a231c1807745ba4960a597985875cd0a76069b6f · 텍스트 handoff/원문_10차/작성기준_생보협회.md,2026-10-01T17:16:07+09:00
목차,라) 위험관리기준의 제정 및 변경,확인 불가,확인 불가(원문 미수집),제1절 7. 가. 2) 라) · 목차표 md 213행 · 목차상 82쪽 · 본문 md 1904행,라) 위험관리기준의 제정 및 변경,확인 불가,"은행연합회 원문 미수집(robots.txt 「User-agent: * / Disallow: /」, 우회 없음) — 대조 불가라 차이여부 「확인 불가」. hwp 는 쪽 정보가 없어 위치는 이 md 줄 번호(1부터) · 본문 줄은 공백 제거 후 같은 줄을 목차 순서대로 찾은 것","은행연합회 www.kfb.or.kr 자율규제·모범규준 게시판(2026.1.6 개정본) — 원문 미수집: https://www.kfb.or.kr/robots.txt (HTTP 200, 2026-10-01T17:15:49+09:00, sha256 133e4db054e73a10…): 「User-agent: * / Disallow: /」; https://kfb.or.kr/robots.txt (HTTP 200, 2026-10-01T17:15:52+09:00, sha256 133e4db054e73a10…): 「User-agent: * / Disallow: /」; https://portal.kfb.or.kr/robots.txt (HTTP 200, 2026-10-01T17:15:55+09:00, sha256 133e4db054e73a10…): 「User-agent: * / Disallow: /」",생명보험협회 https://www.klia.or.kr/member/insurRegul/selfRegul/list.do(회원사 > 자율규제운영 > 자율규제 규정정보) 「지배구조 및 보수체계 연차보고서 작성기준」(제·개정월 2026-01) 원문보기 https://www.klia.or.kr/FileDown.do?fileNo=21190&seq=2 · 원파일명 지배구조 및 보수체계 연차보고서 작성기준(20260123).hwp · sha256 be90c671e983fa26d64d3b38a231c1807745ba4960a597985875cd0a76069b6f · 텍스트 handoff/원문_10차/작성기준_생보협회.md,2026-10-01T17:16:07+09:00
목차,마) 기타,확인 불가,확인 불가(원문 미수집),제1절 7. 가. 2) 마) · 목차표 md 214행 · 목차상 82쪽 · 본문 md 1905행,마) 기타,확인 불가,"은행연합회 원문 미수집(robots.txt 「User-agent: * / Disallow: /」, 우회 없음) — 대조 불가라 차이여부 「확인 불가」. hwp 는 쪽 정보가 없어 위치는 이 md 줄 번호(1부터) · 본문 줄은 공백 제거 후 같은 줄을 목차 순서대로 찾은 것","은행연합회 www.kfb.or.kr 자율규제·모범규준 게시판(2026.1.6 개정본) — 원문 미수집: https://www.kfb.or.kr/robots.txt (HTTP 200, 2026-10-01T17:15:49+09:00, sha256 133e4db054e73a10…): 「User-agent: * / Disallow: /」; https://kfb.or.kr/robots.txt (HTTP 200, 2026-10-01T17:15:52+09:00, sha256 133e4db054e73a10…): 「User-agent: * / Disallow: /」; https://portal.kfb.or.kr/robots.txt (HTTP 200, 2026-10-01T17:15:55+09:00, sha256 133e4db054e73a10…): 「User-agent: * / Disallow: /」",생명보험협회 https://www.klia.or.kr/member/insurRegul/selfRegul/list.do(회원사 > 자율규제운영 > 자율규제 규정정보) 「지배구조 및 보수체계 연차보고서 작성기준」(제·개정월 2026-01) 원문보기 https://www.klia.or.kr/FileDown.do?fileNo=21190&seq=2 · 원파일명 지배구조 및 보수체계 연차보고서 작성기준(20260123).hwp · sha256 be90c671e983fa26d64d3b38a231c1807745ba4960a597985875cd0a76069b6f · 텍스트 handoff/원문_10차/작성기준_생보협회.md,2026-10-01T17:16:07+09:00
목차,나. 구성(위험관리위원회위원),확인 불가,확인 불가(원문 미수집),제1절 7. 나. · 목차표 md 215행 · 목차상 82쪽 · 본문 md 1906행,나. 구성(위험관리위원회위원),확인 불가,"은행연합회 원문 미수집(robots.txt 「User-agent: * / Disallow: /」, 우회 없음) — 대조 불가라 차이여부 「확인 불가」. hwp 는 쪽 정보가 없어 위치는 이 md 줄 번호(1부터) · 본문 줄은 공백 제거 후 같은 줄을 목차 순서대로 찾은 것","은행연합회 www.kfb.or.kr 자율규제·모범규준 게시판(2026.1.6 개정본) — 원문 미수집: https://www.kfb.or.kr/robots.txt (HTTP 200, 2026-10-01T17:15:49+09:00, sha256 133e4db054e73a10…): 「User-agent: * / Disallow: /」; https://kfb.or.kr/robots.txt (HTTP 200, 2026-10-01T17:15:52+09:00, sha256 133e4db054e73a10…): 「User-agent: * / Disallow: /」; https://portal.kfb.or.kr/robots.txt (HTTP 200, 2026-10-01T17:15:55+09:00, sha256 133e4db054e73a10…): 「User-agent: * / Disallow: /」",생명보험협회 https://www.klia.or.kr/member/insurRegul/selfRegul/list.do(회원사 > 자율규제운영 > 자율규제 규정정보) 「지배구조 및 보수체계 연차보고서 작성기준」(제·개정월 2026-01) 원문보기 https://www.klia.or.kr/FileDown.do?fileNo=21190&seq=2 · 원파일명 지배구조 및 보수체계 연차보고서 작성기준(20260123).hwp · sha256 be90c671e983fa26d64d3b38a231c1807745ba4960a597985875cd0a76069b6f · 텍스트 handoff/원문_10차/작성기준_생보협회.md,2026-10-01T17:16:07+09:00
목차,1) 총괄,확인 불가,확인 불가(원문 미수집),제1절 7. 나. 1) · 목차표 md 216행 · 목차상 82쪽 · 본문 md 1912행,1) 총괄,확인 불가,"은행연합회 원문 미수집(robots.txt 「User-agent: * / Disallow: /」, 우회 없음) — 대조 불가라 차이여부 「확인 불가」. hwp 는 쪽 정보가 없어 위치는 이 md 줄 번호(1부터) · 본문 줄은 공백 제거 후 같은 줄을 목차 순서대로 찾은 것","은행연합회 www.kfb.or.kr 자율규제·모범규준 게시판(2026.1.6 개정본) — 원문 미수집: https://www.kfb.or.kr/robots.txt (HTTP 200, 2026-10-01T17:15:49+09:00, sha256 133e4db054e73a10…): 「User-agent: * / Disallow: /」; https://kfb.or.kr/robots.txt (HTTP 200, 2026-10-01T17:15:52+09:00, sha256 133e4db054e73a10…): 「User-agent: * / Disallow: /」; https://portal.kfb.or.kr/robots.txt (HTTP 200, 2026-10-01T17:15:55+09:00, sha256 133e4db054e73a10…): 「User-agent: * / Disallow: /」",생명보험협회 https://www.klia.or.kr/member/insurRegul/selfRegul/list.do(회원사 > 자율규제운영 > 자율규제 규정정보) 「지배구조 및 보수체계 연차보고서 작성기준」(제·개정월 2026-01) 원문보기 https://www.klia.or.kr/FileDown.do?fileNo=21190&seq=2 · 원파일명 지배구조 및 보수체계 연차보고서 작성기준(20260123).hwp · sha256 be90c671e983fa26d64d3b38a231c1807745ba4960a597985875cd0a76069b6f · 텍스트 handoff/원문_10차/작성기준_생보협회.md,2026-10-01T17:16:07+09:00
목차,2) 구성원,확인 불가,확인 불가(원문 미수집),제1절 7. 나. 2) · 목차표 md 217행 · 목차상 82쪽 · 본문 md 1913행,2) 구성원,확인 불가,"은행연합회 원문 미수집(robots.txt 「User-agent: * / Disallow: /」, 우회 없음) — 대조 불가라 차이여부 「확인 불가」. hwp 는 쪽 정보가 없어 위치는 이 md 줄 번호(1부터) · 본문 줄은 공백 제거 후 같은 줄을 목차 순서대로 찾은 것","은행연합회 www.kfb.or.kr 자율규제·모범규준 게시판(2026.1.6 개정본) — 원문 미수집: https://www.kfb.or.kr/robots.txt (HTTP 200, 2026-10-01T17:15:49+09:00, sha256 133e4db054e73a10…): 「User-agent: * / Disallow: /」; https://kfb.or.kr/robots.txt (HTTP 200, 2026-10-01T17:15:52+09:00, sha256 133e4db054e73a10…): 「User-agent: * / Disallow: /」; https://portal.kfb.or.kr/robots.txt (HTTP 200, 2026-10-01T17:15:55+09:00, sha256 133e4db054e73a10…): 「User-agent: * / Disallow: /」",생명보험협회 https://www.klia.or.kr/member/insurRegul/selfRegul/list.do(회원사 > 자율규제운영 > 자율규제 규정정보) 「지배구조 및 보수체계 연차보고서 작성기준」(제·개정월 2026-01) 원문보기 https://www.klia.or.kr/FileDown.do?fileNo=21190&seq=2 · 원파일명 지배구조 및 보수체계 연차보고서 작성기준(20260123).hwp · sha256 be90c671e983fa26d64d3b38a231c1807745ba4960a597985875cd0a76069b6f · 텍스트 handoff/원문_10차/작성기준_생보협회.md,2026-10-01T17:16:07+09:00
목차,다. 활동내역 및 평가,확인 불가,확인 불가(원문 미수집),제1절 7. 다. · 목차표 md 218행 · 목차상 82쪽 · 본문 md 1923행,다. 활동내역 및 평가,확인 불가,"은행연합회 원문 미수집(robots.txt 「User-agent: * / Disallow: /」, 우회 없음) — 대조 불가라 차이여부 「확인 불가」. hwp 는 쪽 정보가 없어 위치는 이 md 줄 번호(1부터) · 본문 줄은 공백 제거 후 같은 줄을 목차 순서대로 찾은 것","은행연합회 www.kfb.or.kr 자율규제·모범규준 게시판(2026.1.6 개정본) — 원문 미수집: https://www.kfb.or.kr/robots.txt (HTTP 200, 2026-10-01T17:15:49+09:00, sha256 133e4db054e73a10…): 「User-agent: * / Disallow: /」; https://kfb.or.kr/robots.txt (HTTP 200, 2026-10-01T17:15:52+09:00, sha256 133e4db054e73a10…): 「User-agent: * / Disallow: /」; https://portal.kfb.or.kr/robots.txt (HTTP 200, 2026-10-01T17:15:55+09:00, sha256 133e4db054e73a10…): 「User-agent: * / Disallow: /」",생명보험협회 https://www.klia.or.kr/member/insurRegul/selfRegul/list.do(회원사 > 자율규제운영 > 자율규제 규정정보) 「지배구조 및 보수체계 연차보고서 작성기준」(제·개정월 2026-01) 원문보기 https://www.klia.or.kr/FileDown.do?fileNo=21190&seq=2 · 원파일명 지배구조 및 보수체계 연차보고서 작성기준(20260123).hwp · sha256 be90c671e983fa26d64d3b38a231c1807745ba4960a597985875cd0a76069b6f · 텍스트 handoff/원문_10차/작성기준_생보협회.md,2026-10-01T17:16:07+09:00
목차,1) 활동내역 개요,확인 불가,확인 불가(원문 미수집),제1절 7. 다. 1) · 목차표 md 219행 · 목차상 83쪽 · 본문 md 1929행,1) 활동내역 개요,확인 불가,"은행연합회 원문 미수집(robots.txt 「User-agent: * / Disallow: /」, 우회 없음) — 대조 불가라 차이여부 「확인 불가」. hwp 는 쪽 정보가 없어 위치는 이 md 줄 번호(1부터) · 본문 줄은 공백 제거 후 같은 줄을 목차 순서대로 찾은 것","은행연합회 www.kfb.or.kr 자율규제·모범규준 게시판(2026.1.6 개정본) — 원문 미수집: https://www.kfb.or.kr/robots.txt (HTTP 200, 2026-10-01T17:15:49+09:00, sha256 133e4db054e73a10…): 「User-agent: * / Disallow: /」; https://kfb.or.kr/robots.txt (HTTP 200, 2026-10-01T17:15:52+09:00, sha256 133e4db054e73a10…): 「User-agent: * / Disallow: /」; https://portal.kfb.or.kr/robots.txt (HTTP 200, 2026-10-01T17:15:55+09:00, sha256 133e4db054e73a10…): 「User-agent: * / Disallow: /」",생명보험협회 https://www.klia.or.kr/member/insurRegul/selfRegul/list.do(회원사 > 자율규제운영 > 자율규제 규정정보) 「지배구조 및 보수체계 연차보고서 작성기준」(제·개정월 2026-01) 원문보기 https://www.klia.or.kr/FileDown.do?fileNo=21190&seq=2 · 원파일명 지배구조 및 보수체계 연차보고서 작성기준(20260123).hwp · sha256 be90c671e983fa26d64d3b38a231c1807745ba4960a597985875cd0a76069b6f · 텍스트 handoff/원문_10차/작성기준_생보협회.md,2026-10-01T17:16:07+09:00
목차,2) 회의 개최내역,확인 불가,확인 불가(원문 미수집),제1절 7. 다. 2) · 목차표 md 220행 · 목차상 83쪽 · 본문 md 1930행,2) 회의 개최내역,확인 불가,"은행연합회 원문 미수집(robots.txt 「User-agent: * / Disallow: /」, 우회 없음) — 대조 불가라 차이여부 「확인 불가」. hwp 는 쪽 정보가 없어 위치는 이 md 줄 번호(1부터) · 본문 줄은 공백 제거 후 같은 줄을 목차 순서대로 찾은 것","은행연합회 www.kfb.or.kr 자율규제·모범규준 게시판(2026.1.6 개정본) — 원문 미수집: https://www.kfb.or.kr/robots.txt (HTTP 200, 2026-10-01T17:15:49+09:00, sha256 133e4db054e73a10…): 「User-agent: * / Disallow: /」; https://kfb.or.kr/robots.txt (HTTP 200, 2026-10-01T17:15:52+09:00, sha256 133e4db054e73a10…): 「User-agent: * / Disallow: /」; https://portal.kfb.or.kr/robots.txt (HTTP 200, 2026-10-01T17:15:55+09:00, sha256 133e4db054e73a10…): 「User-agent: * / Disallow: /」",생명보험협회 https://www.klia.or.kr/member/insurRegul/selfRegul/list.do(회원사 > 자율규제운영 > 자율규제 규정정보) 「지배구조 및 보수체계 연차보고서 작성기준」(제·개정월 2026-01) 원문보기 https://www.klia.or.kr/FileDown.do?fileNo=21190&seq=2 · 원파일명 지배구조 및 보수체계 연차보고서 작성기준(20260123).hwp · sha256 be90c671e983fa26d64d3b38a231c1807745ba4960a597985875cd0a76069b6f · 텍스트 handoff/원문_10차/작성기준_생보협회.md,2026-10-01T17:16:07+09:00
목차,3) 평가,확인 불가,확인 불가(원문 미수집),제1절 7. 다. 3) · 목차표 md 221행 · 목차상 83쪽 · 본문 md 1948행,3) 평가,확인 불가,"은행연합회 원문 미수집(robots.txt 「User-agent: * / Disallow: /」, 우회 없음) — 대조 불가라 차이여부 「확인 불가」. hwp 는 쪽 정보가 없어 위치는 이 md 줄 번호(1부터) · 본문 줄은 공백 제거 후 같은 줄을 목차 순서대로 찾은 것","은행연합회 www.kfb.or.kr 자율규제·모범규준 게시판(2026.1.6 개정본) — 원문 미수집: https://www.kfb.or.kr/robots.txt (HTTP 200, 2026-10-01T17:15:49+09:00, sha256 133e4db054e73a10…): 「User-agent: * / Disallow: /」; https://kfb.or.kr/robots.txt (HTTP 200, 2026-10-01T17:15:52+09:00, sha256 133e4db054e73a10…): 「User-agent: * / Disallow: /」; https://portal.kfb.or.kr/robots.txt (HTTP 200, 2026-10-01T17:15:55+09:00, sha256 133e4db054e73a10…): 「User-agent: * / Disallow: /」",생명보험협회 https://www.klia.or.kr/member/insurRegul/selfRegul/list.do(회원사 > 자율규제운영 > 자율규제 규정정보) 「지배구조 및 보수체계 연차보고서 작성기준」(제·개정월 2026-01) 원문보기 https://www.klia.or.kr/FileDown.do?fileNo=21190&seq=2 · 원파일명 지배구조 및 보수체계 연차보고서 작성기준(20260123).hwp · sha256 be90c671e983fa26d64d3b38a231c1807745ba4960a597985875cd0a76069b6f · 텍스트 handoff/원문_10차/작성기준_생보협회.md,2026-10-01T17:16:07+09:00
목차,8. 내부통제위원회,확인 불가,확인 불가(원문 미수집),제1절 8. · 목차표 md 223행 · 목차상 85쪽 · 본문 md 1959행,8. 내부통제위원회,확인 불가,"은행연합회 원문 미수집(robots.txt 「User-agent: * / Disallow: /」, 우회 없음) — 대조 불가라 차이여부 「확인 불가」. hwp 는 쪽 정보가 없어 위치는 이 md 줄 번호(1부터) · 본문 줄은 공백 제거 후 같은 줄을 목차 순서대로 찾은 것","은행연합회 www.kfb.or.kr 자율규제·모범규준 게시판(2026.1.6 개정본) — 원문 미수집: https://www.kfb.or.kr/robots.txt (HTTP 200, 2026-10-01T17:15:49+09:00, sha256 133e4db054e73a10…): 「User-agent: * / Disallow: /」; https://kfb.or.kr/robots.txt (HTTP 200, 2026-10-01T17:15:52+09:00, sha256 133e4db054e73a10…): 「User-agent: * / Disallow: /」; https://portal.kfb.or.kr/robots.txt (HTTP 200, 2026-10-01T17:15:55+09:00, sha256 133e4db054e73a10…): 「User-agent: * / Disallow: /」",생명보험협회 https://www.klia.or.kr/member/insurRegul/selfRegul/list.do(회원사 > 자율규제운영 > 자율규제 규정정보) 「지배구조 및 보수체계 연차보고서 작성기준」(제·개정월 2026-01) 원문보기 https://www.klia.or.kr/FileDown.do?fileNo=21190&seq=2 · 원파일명 지배구조 및 보수체계 연차보고서 작성기준(20260123).hwp · sha256 be90c671e983fa26d64d3b38a231c1807745ba4960a597985875cd0a76069b6f · 텍스트 handoff/원문_10차/작성기준_생보협회.md,2026-10-01T17:16:07+09:00
목차,가. 역할(권한과 책임),확인 불가,확인 불가(원문 미수집),제1절 8. 가. · 목차표 md 224행 · 목차상 85쪽 · 본문 md 1965행,가. 역할(권한과 책임),확인 불가,"은행연합회 원문 미수집(robots.txt 「User-agent: * / Disallow: /」, 우회 없음) — 대조 불가라 차이여부 「확인 불가」. hwp 는 쪽 정보가 없어 위치는 이 md 줄 번호(1부터) · 본문 줄은 공백 제거 후 같은 줄을 목차 순서대로 찾은 것","은행연합회 www.kfb.or.kr 자율규제·모범규준 게시판(2026.1.6 개정본) — 원문 미수집: https://www.kfb.or.kr/robots.txt (HTTP 200, 2026-10-01T17:15:49+09:00, sha256 133e4db054e73a10…): 「User-agent: * / Disallow: /」; https://kfb.or.kr/robots.txt (HTTP 200, 2026-10-01T17:15:52+09:00, sha256 133e4db054e73a10…): 「User-agent: * / Disallow: /」; https://portal.kfb.or.kr/robots.txt (HTTP 200, 2026-10-01T17:15:55+09:00, sha256 133e4db054e73a10…): 「User-agent: * / Disallow: /」",생명보험협회 https://www.klia.or.kr/member/insurRegul/selfRegul/list.do(회원사 > 자율규제운영 > 자율규제 규정정보) 「지배구조 및 보수체계 연차보고서 작성기준」(제·개정월 2026-01) 원문보기 https://www.klia.or.kr/FileDown.do?fileNo=21190&seq=2 · 원파일명 지배구조 및 보수체계 연차보고서 작성기준(20260123).hwp · sha256 be90c671e983fa26d64d3b38a231c1807745ba4960a597985875cd0a76069b6f · 텍스트 handoff/원문_10차/작성기준_생보협회.md,2026-10-01T17:16:07+09:00
목차,1) 총괄,확인 불가,확인 불가(원문 미수집),제1절 8. 가. 1) · 목차표 md 225행 · 목차상 85쪽 · 본문 md 1966행,1) 총괄,확인 불가,"은행연합회 원문 미수집(robots.txt 「User-agent: * / Disallow: /」, 우회 없음) — 대조 불가라 차이여부 「확인 불가」. hwp 는 쪽 정보가 없어 위치는 이 md 줄 번호(1부터) · 본문 줄은 공백 제거 후 같은 줄을 목차 순서대로 찾은 것","은행연합회 www.kfb.or.kr 자율규제·모범규준 게시판(2026.1.6 개정본) — 원문 미수집: https://www.kfb.or.kr/robots.txt (HTTP 200, 2026-10-01T17:15:49+09:00, sha256 133e4db054e73a10…): 「User-agent: * / Disallow: /」; https://kfb.or.kr/robots.txt (HTTP 200, 2026-10-01T17:15:52+09:00, sha256 133e4db054e73a10…): 「User-agent: * / Disallow: /」; https://portal.kfb.or.kr/robots.txt (HTTP 200, 2026-10-01T17:15:55+09:00, sha256 133e4db054e73a10…): 「User-agent: * / Disallow: /」",생명보험협회 https://www.klia.or.kr/member/insurRegul/selfRegul/list.do(회원사 > 자율규제운영 > 자율규제 규정정보) 「지배구조 및 보수체계 연차보고서 작성기준」(제·개정월 2026-01) 원문보기 https://www.klia.or.kr/FileDown.do?fileNo=21190&seq=2 · 원파일명 지배구조 및 보수체계 연차보고서 작성기준(20260123).hwp · sha256 be90c671e983fa26d64d3b38a231c1807745ba4960a597985875cd0a76069b6f · 텍스트 handoff/원문_10차/작성기준_생보협회.md,2026-10-01T17:16:07+09:00
목차,2) 구체적 역할,확인 불가,확인 불가(원문 미수집),제1절 8. 가. 2) · 목차표 md 226행 · 목차상 85쪽 · 본문 md 1972행,2) 구체적 역할,확인 불가,"은행연합회 원문 미수집(robots.txt 「User-agent: * / Disallow: /」, 우회 없음) — 대조 불가라 차이여부 「확인 불가」. hwp 는 쪽 정보가 없어 위치는 이 md 줄 번호(1부터) · 본문 줄은 공백 제거 후 같은 줄을 목차 순서대로 찾은 것","은행연합회 www.kfb.or.kr 자율규제·모범규준 게시판(2026.1.6 개정본) — 원문 미수집: https://www.kfb.or.kr/robots.txt (HTTP 200, 2026-10-01T17:15:49+09:00, sha256 133e4db054e73a10…): 「User-agent: * / Disallow: /」; https://kfb.or.kr/robots.txt (HTTP 200, 2026-10-01T17:15:52+09:00, sha256 133e4db054e73a10…): 「User-agent: * / Disallow: /」; https://portal.kfb.or.kr/robots.txt (HTTP 200, 2026-10-01T17:15:55+09:00, sha256 133e4db054e73a10…): 「User-agent: * / Disallow: /」",생명보험협회 https://www.klia.or.kr/member/insurRegul/selfRegul/list.do(회원사 > 자율규제운영 > 자율규제 규정정보) 「지배구조 및 보수체계 연차보고서 작성기준」(제·개정월 2026-01) 원문보기 https://www.klia.or.kr/FileDown.do?fileNo=21190&seq=2 · 원파일명 지배구조 및 보수체계 연차보고서 작성기준(20260123).hwp · sha256 be90c671e983fa26d64d3b38a231c1807745ba4960a597985875cd0a76069b6f · 텍스트 handoff/원문_10차/작성기준_생보협회.md,2026-10-01T17:16:07+09:00
목차,가) 내부통제의 기본방침 및 전략 수립,확인 불가,확인 불가(원문 미수집),제1절 8. 가. 2) 가) · 목차표 md 227행 · 목차상 85쪽 · 본문 md 1978행,가) 내부통제의 기본방침 및 전략 수립,확인 불가,"은행연합회 원문 미수집(robots.txt 「User-agent: * / Disallow: /」, 우회 없음) — 대조 불가라 차이여부 「확인 불가」. hwp 는 쪽 정보가 없어 위치는 이 md 줄 번호(1부터) · 본문 줄은 공백 제거 후 같은 줄을 목차 순서대로 찾은 것","은행연합회 www.kfb.or.kr 자율규제·모범규준 게시판(2026.1.6 개정본) — 원문 미수집: https://www.kfb.or.kr/robots.txt (HTTP 200, 2026-10-01T17:15:49+09:00, sha256 133e4db054e73a10…): 「User-agent: * / Disallow: /」; https://kfb.or.kr/robots.txt (HTTP 200, 2026-10-01T17:15:52+09:00, sha256 133e4db054e73a10…): 「User-agent: * / Disallow: /」; https://portal.kfb.or.kr/robots.txt (HTTP 200, 2026-10-01T17:15:55+09:00, sha256 133e4db054e73a10…): 「User-agent: * / Disallow: /」",생명보험협회 https://www.klia.or.kr/member/insurRegul/selfRegul/list.do(회원사 > 자율규제운영 > 자율규제 규정정보) 「지배구조 및 보수체계 연차보고서 작성기준」(제·개정월 2026-01) 원문보기 https://www.klia.or.kr/FileDown.do?fileNo=21190&seq=2 · 원파일명 지배구조 및 보수체계 연차보고서 작성기준(20260123).hwp · sha256 be90c671e983fa26d64d3b38a231c1807745ba4960a597985875cd0a76069b6f · 텍스트 handoff/원문_10차/작성기준_생보협회.md,2026-10-01T17:16:07+09:00
목차,나) 직업윤리와 준법정신을 중시하는 조직문화 정착방안 마련,확인 불가,확인 불가(원문 미수집),제1절 8. 가. 2) 나) · 목차표 md 228행 · 목차상 85쪽 · 본문 같은 제목 줄 못 찾음,나) 직업윤리와 준법정신을 중시하는 조직문화 정착방안 마련,확인 불가,"은행연합회 원문 미수집(robots.txt 「User-agent: * / Disallow: /」, 우회 없음) — 대조 불가라 차이여부 「확인 불가」. hwp 는 쪽 정보가 없어 위치는 이 md 줄 번호(1부터) · 본문에서 공백 제거 후 같은 제목 줄을 못 찾음(목차표와 본문 표기가 다르거나 여러 항목을 한 칸에 묶음)","은행연합회 www.kfb.or.kr 자율규제·모범규준 게시판(2026.1.6 개정본) — 원문 미수집: https://www.kfb.or.kr/robots.txt (HTTP 200, 2026-10-01T17:15:49+09:00, sha256 133e4db054e73a10…): 「User-agent: * / Disallow: /」; https://kfb.or.kr/robots.txt (HTTP 200, 2026-10-01T17:15:52+09:00, sha256 133e4db054e73a10…): 「User-agent: * / Disallow: /」; https://portal.kfb.or.kr/robots.txt (HTTP 200, 2026-10-01T17:15:55+09:00, sha256 133e4db054e73a10…): 「User-agent: * / Disallow: /」",생명보험협회 https://www.klia.or.kr/member/insurRegul/selfRegul/list.do(회원사 > 자율규제운영 > 자율규제 규정정보) 「지배구조 및 보수체계 연차보고서 작성기준」(제·개정월 2026-01) 원문보기 https://www.klia.or.kr/FileDown.do?fileNo=21190&seq=2 · 원파일명 지배구조 및 보수체계 연차보고서 작성기준(20260123).hwp · sha256 be90c671e983fa26d64d3b38a231c1807745ba4960a597985875cd0a76069b6f · 텍스트 handoff/원문_10차/작성기준_생보협회.md,2026-10-01T17:16:07+09:00
목차,다) 지배구조내부규범의 마련 및 변경,확인 불가,확인 불가(원문 미수집),제1절 8. 가. 2) 다) · 목차표 md 229행 · 목차상 85쪽 · 본문 md 1980행,다) 지배구조내부규범의 마련 및 변경,확인 불가,"은행연합회 원문 미수집(robots.txt 「User-agent: * / Disallow: /」, 우회 없음) — 대조 불가라 차이여부 「확인 불가」. hwp 는 쪽 정보가 없어 위치는 이 md 줄 번호(1부터) · 본문 줄은 공백 제거 후 같은 줄을 목차 순서대로 찾은 것","은행연합회 www.kfb.or.kr 자율규제·모범규준 게시판(2026.1.6 개정본) — 원문 미수집: https://www.kfb.or.kr/robots.txt (HTTP 200, 2026-10-01T17:15:49+09:00, sha256 133e4db054e73a10…): 「User-agent: * / Disallow: /」; https://kfb.or.kr/robots.txt (HTTP 200, 2026-10-01T17:15:52+09:00, sha256 133e4db054e73a10…): 「User-agent: * / Disallow: /」; https://portal.kfb.or.kr/robots.txt (HTTP 200, 2026-10-01T17:15:55+09:00, sha256 133e4db054e73a10…): 「User-agent: * / Disallow: /」",생명보험협회 https://www.klia.or.kr/member/insurRegul/selfRegul/list.do(회원사 > 자율규제운영 > 자율규제 규정정보) 「지배구조 및 보수체계 연차보고서 작성기준」(제·개정월 2026-01) 원문보기 https://www.klia.or.kr/FileDown.do?fileNo=21190&seq=2 · 원파일명 지배구조 및 보수체계 연차보고서 작성기준(20260123).hwp · sha256 be90c671e983fa26d64d3b38a231c1807745ba4960a597985875cd0a76069b6f · 텍스트 handoff/원문_10차/작성기준_생보협회.md,2026-10-01T17:16:07+09:00
목차,라) 내부통제기준의 제정 및 개정,확인 불가,확인 불가(원문 미수집),제1절 8. 가. 2) 라) · 목차표 md 230행 · 목차상 86쪽 · 본문 md 1981행,라) 내부통제기준의 제정 및 개정,확인 불가,"은행연합회 원문 미수집(robots.txt 「User-agent: * / Disallow: /」, 우회 없음) — 대조 불가라 차이여부 「확인 불가」. hwp 는 쪽 정보가 없어 위치는 이 md 줄 번호(1부터) · 본문 줄은 공백 제거 후 같은 줄을 목차 순서대로 찾은 것","은행연합회 www.kfb.or.kr 자율규제·모범규준 게시판(2026.1.6 개정본) — 원문 미수집: https://www.kfb.or.kr/robots.txt (HTTP 200, 2026-10-01T17:15:49+09:00, sha256 133e4db054e73a10…): 「User-agent: * / Disallow: /」; https://kfb.or.kr/robots.txt (HTTP 200, 2026-10-01T17:15:52+09:00, sha256 133e4db054e73a10…): 「User-agent: * / Disallow: /」; https://portal.kfb.or.kr/robots.txt (HTTP 200, 2026-10-01T17:15:55+09:00, sha256 133e4db054e73a10…): 「User-agent: * / Disallow: /」",생명보험협회 https://www.klia.or.kr/member/insurRegul/selfRegul/list.do(회원사 > 자율규제운영 > 자율규제 규정정보) 「지배구조 및 보수체계 연차보고서 작성기준」(제·개정월 2026-01) 원문보기 https://www.klia.or.kr/FileDown.do?fileNo=21190&seq=2 · 원파일명 지배구조 및 보수체계 연차보고서 작성기준(20260123).hwp · sha256 be90c671e983fa26d64d3b38a231c1807745ba4960a597985875cd0a76069b6f · 텍스트 handoff/원문_10차/작성기준_생보협회.md,2026-10-01T17:16:07+09:00
목차,마) 대표이사 및 임원의 내부통제 관리조치·보고에 대한 점검·평가 및 개선조치 요구,확인 불가,확인 불가(원문 미수집),제1절 8. 가. 2) 마) · 목차표 md 231행 · 목차상 86쪽 · 본문 md 1982행,마) 대표이사 및 임원의 내부통제 관리조치·보고에 대한 점검·평가 및 개선조치 요구,확인 불가,"은행연합회 원문 미수집(robots.txt 「User-agent: * / Disallow: /」, 우회 없음) — 대조 불가라 차이여부 「확인 불가」. hwp 는 쪽 정보가 없어 위치는 이 md 줄 번호(1부터) · 본문 줄은 공백 제거 후 같은 줄을 목차 순서대로 찾은 것","은행연합회 www.kfb.or.kr 자율규제·모범규준 게시판(2026.1.6 개정본) — 원문 미수집: https://www.kfb.or.kr/robots.txt (HTTP 200, 2026-10-01T17:15:49+09:00, sha256 133e4db054e73a10…): 「User-agent: * / Disallow: /」; https://kfb.or.kr/robots.txt (HTTP 200, 2026-10-01T17:15:52+09:00, sha256 133e4db054e73a10…): 「User-agent: * / Disallow: /」; https://portal.kfb.or.kr/robots.txt (HTTP 200, 2026-10-01T17:15:55+09:00, sha256 133e4db054e73a10…): 「User-agent: * / Disallow: /」",생명보험협회 https://www.klia.or.kr/member/insurRegul/selfRegul/list.do(회원사 > 자율규제운영 > 자율규제 규정정보) 「지배구조 및 보수체계 연차보고서 작성기준」(제·개정월 2026-01) 원문보기 https://www.klia.or.kr/FileDown.do?fileNo=21190&seq=2 · 원파일명 지배구조 및 보수체계 연차보고서 작성기준(20260123).hwp · sha256 be90c671e983fa26d64d3b38a231c1807745ba4960a597985875cd0a76069b6f · 텍스트 handoff/원문_10차/작성기준_생보협회.md,2026-10-01T17:16:07+09:00
목차,나. 구성(내부통제위원회위원),확인 불가,확인 불가(원문 미수집),제1절 8. 나. · 목차표 md 232행 · 목차상 86쪽 · 본문 md 1983행,나. 구성(내부통제위원회위원),확인 불가,"은행연합회 원문 미수집(robots.txt 「User-agent: * / Disallow: /」, 우회 없음) — 대조 불가라 차이여부 「확인 불가」. hwp 는 쪽 정보가 없어 위치는 이 md 줄 번호(1부터) · 본문 줄은 공백 제거 후 같은 줄을 목차 순서대로 찾은 것","은행연합회 www.kfb.or.kr 자율규제·모범규준 게시판(2026.1.6 개정본) — 원문 미수집: https://www.kfb.or.kr/robots.txt (HTTP 200, 2026-10-01T17:15:49+09:00, sha256 133e4db054e73a10…): 「User-agent: * / Disallow: /」; https://kfb.or.kr/robots.txt (HTTP 200, 2026-10-01T17:15:52+09:00, sha256 133e4db054e73a10…): 「User-agent: * / Disallow: /」; https://portal.kfb.or.kr/robots.txt (HTTP 200, 2026-10-01T17:15:55+09:00, sha256 133e4db054e73a10…): 「User-agent: * / Disallow: /」",생명보험협회 https://www.klia.or.kr/member/insurRegul/selfRegul/list.do(회원사 > 자율규제운영 > 자율규제 규정정보) 「지배구조 및 보수체계 연차보고서 작성기준」(제·개정월 2026-01) 원문보기 https://www.klia.or.kr/FileDown.do?fileNo=21190&seq=2 · 원파일명 지배구조 및 보수체계 연차보고서 작성기준(20260123).hwp · sha256 be90c671e983fa26d64d3b38a231c1807745ba4960a597985875cd0a76069b6f · 텍스트 handoff/원문_10차/작성기준_생보협회.md,2026-10-01T17:16:07+09:00
목차,1) 총괄,확인 불가,확인 불가(원문 미수집),제1절 8. 나. 1) · 목차표 md 233행 · 목차상 86쪽 · 본문 md 1984행,1) 총괄,확인 불가,"은행연합회 원문 미수집(robots.txt 「User-agent: * / Disallow: /」, 우회 없음) — 대조 불가라 차이여부 「확인 불가」. hwp 는 쪽 정보가 없어 위치는 이 md 줄 번호(1부터) · 본문 줄은 공백 제거 후 같은 줄을 목차 순서대로 찾은 것","은행연합회 www.kfb.or.kr 자율규제·모범규준 게시판(2026.1.6 개정본) — 원문 미수집: https://www.kfb.or.kr/robots.txt (HTTP 200, 2026-10-01T17:15:49+09:00, sha256 133e4db054e73a10…): 「User-agent: * / Disallow: /」; https://kfb.or.kr/robots.txt (HTTP 200, 2026-10-01T17:15:52+09:00, sha256 133e4db054e73a10…): 「User-agent: * / Disallow: /」; https://portal.kfb.or.kr/robots.txt (HTTP 200, 2026-10-01T17:15:55+09:00, sha256 133e4db054e73a10…): 「User-agent: * / Disallow: /」",생명보험협회 https://www.klia.or.kr/member/insurRegul/selfRegul/list.do(회원사 > 자율규제운영 > 자율규제 규정정보) 「지배구조 및 보수체계 연차보고서 작성기준」(제·개정월 2026-01) 원문보기 https://www.klia.or.kr/FileDown.do?fileNo=21190&seq=2 · 원파일명 지배구조 및 보수체계 연차보고서 작성기준(20260123).hwp · sha256 be90c671e983fa26d64d3b38a231c1807745ba4960a597985875cd0a76069b6f · 텍스트 handoff/원문_10차/작성기준_생보협회.md,2026-10-01T17:16:07+09:00
목차,2) 구성원,확인 불가,확인 불가(원문 미수집),제1절 8. 나. 2) · 목차표 md 234행 · 목차상 86쪽 · 본문 md 1990행,2) 구성원,확인 불가,"은행연합회 원문 미수집(robots.txt 「User-agent: * / Disallow: /」, 우회 없음) — 대조 불가라 차이여부 「확인 불가」. hwp 는 쪽 정보가 없어 위치는 이 md 줄 번호(1부터) · 본문 줄은 공백 제거 후 같은 줄을 목차 순서대로 찾은 것","은행연합회 www.kfb.or.kr 자율규제·모범규준 게시판(2026.1.6 개정본) — 원문 미수집: https://www.kfb.or.kr/robots.txt (HTTP 200, 2026-10-01T17:15:49+09:00, sha256 133e4db054e73a10…): 「User-agent: * / Disallow: /」; https://kfb.or.kr/robots.txt (HTTP 200, 2026-10-01T17:15:52+09:00, sha256 133e4db054e73a10…): 「User-agent: * / Disallow: /」; https://portal.kfb.or.kr/robots.txt (HTTP 200, 2026-10-01T17:15:55+09:00, sha256 133e4db054e73a10…): 「User-agent: * / Disallow: /」",생명보험협회 https://www.klia.or.kr/member/insurRegul/selfRegul/list.do(회원사 > 자율규제운영 > 자율규제 규정정보) 「지배구조 및 보수체계 연차보고서 작성기준」(제·개정월 2026-01) 원문보기 https://www.klia.or.kr/FileDown.do?fileNo=21190&seq=2 · 원파일명 지배구조 및 보수체계 연차보고서 작성기준(20260123).hwp · sha256 be90c671e983fa26d64d3b38a231c1807745ba4960a597985875cd0a76069b6f · 텍스트 handoff/원문_10차/작성기준_생보협회.md,2026-10-01T17:16:07+09:00
목차,다. 활동내역 및 평가,확인 불가,확인 불가(원문 미수집),제1절 8. 다. · 목차표 md 235행 · 목차상 86쪽 · 본문 md 2005행,다. 활동내역 및 평가,확인 불가,"은행연합회 원문 미수집(robots.txt 「User-agent: * / Disallow: /」, 우회 없음) — 대조 불가라 차이여부 「확인 불가」. hwp 는 쪽 정보가 없어 위치는 이 md 줄 번호(1부터) · 본문 줄은 공백 제거 후 같은 줄을 목차 순서대로 찾은 것","은행연합회 www.kfb.or.kr 자율규제·모범규준 게시판(2026.1.6 개정본) — 원문 미수집: https://www.kfb.or.kr/robots.txt (HTTP 200, 2026-10-01T17:15:49+09:00, sha256 133e4db054e73a10…): 「User-agent: * / Disallow: /」; https://kfb.or.kr/robots.txt (HTTP 200, 2026-10-01T17:15:52+09:00, sha256 133e4db054e73a10…): 「User-agent: * / Disallow: /」; https://portal.kfb.or.kr/robots.txt (HTTP 200, 2026-10-01T17:15:55+09:00, sha256 133e4db054e73a10…): 「User-agent: * / Disallow: /」",생명보험협회 https://www.klia.or.kr/member/insurRegul/selfRegul/list.do(회원사 > 자율규제운영 > 자율규제 규정정보) 「지배구조 및 보수체계 연차보고서 작성기준」(제·개정월 2026-01) 원문보기 https://www.klia.or.kr/FileDown.do?fileNo=21190&seq=2 · 원파일명 지배구조 및 보수체계 연차보고서 작성기준(20260123).hwp · sha256 be90c671e983fa26d64d3b38a231c1807745ba4960a597985875cd0a76069b6f · 텍스트 handoff/원문_10차/작성기준_생보협회.md,2026-10-01T17:16:07+09:00
목차,1) 활동내역 개요,확인 불가,확인 불가(원문 미수집),제1절 8. 다. 1) · 목차표 md 236행 · 목차상 86쪽 · 본문 md 2011행,1) 활동내역 개요,확인 불가,"은행연합회 원문 미수집(robots.txt 「User-agent: * / Disallow: /」, 우회 없음) — 대조 불가라 차이여부 「확인 불가」. hwp 는 쪽 정보가 없어 위치는 이 md 줄 번호(1부터) · 본문 줄은 공백 제거 후 같은 줄을 목차 순서대로 찾은 것","은행연합회 www.kfb.or.kr 자율규제·모범규준 게시판(2026.1.6 개정본) — 원문 미수집: https://www.kfb.or.kr/robots.txt (HTTP 200, 2026-10-01T17:15:49+09:00, sha256 133e4db054e73a10…): 「User-agent: * / Disallow: /」; https://kfb.or.kr/robots.txt (HTTP 200, 2026-10-01T17:15:52+09:00, sha256 133e4db054e73a10…): 「User-agent: * / Disallow: /」; https://portal.kfb.or.kr/robots.txt (HTTP 200, 2026-10-01T17:15:55+09:00, sha256 133e4db054e73a10…): 「User-agent: * / Disallow: /」",생명보험협회 https://www.klia.or.kr/member/insurRegul/selfRegul/list.do(회원사 > 자율규제운영 > 자율규제 규정정보) 「지배구조 및 보수체계 연차보고서 작성기준」(제·개정월 2026-01) 원문보기 https://www.klia.or.kr/FileDown.do?fileNo=21190&seq=2 · 원파일명 지배구조 및 보수체계 연차보고서 작성기준(20260123).hwp · sha256 be90c671e983fa26d64d3b38a231c1807745ba4960a597985875cd0a76069b6f · 텍스트 handoff/원문_10차/작성기준_생보협회.md,2026-10-01T17:16:07+09:00
목차,2) 회의 개최내역,확인 불가,확인 불가(원문 미수집),제1절 8. 다. 2) · 목차표 md 237행 · 목차상 86쪽 · 본문 md 2012행,2) 회의 개최내역,확인 불가,"은행연합회 원문 미수집(robots.txt 「User-agent: * / Disallow: /」, 우회 없음) — 대조 불가라 차이여부 「확인 불가」. hwp 는 쪽 정보가 없어 위치는 이 md 줄 번호(1부터) · 본문 줄은 공백 제거 후 같은 줄을 목차 순서대로 찾은 것","은행연합회 www.kfb.or.kr 자율규제·모범규준 게시판(2026.1.6 개정본) — 원문 미수집: https://www.kfb.or.kr/robots.txt (HTTP 200, 2026-10-01T17:15:49+09:00, sha256 133e4db054e73a10…): 「User-agent: * / Disallow: /」; https://kfb.or.kr/robots.txt (HTTP 200, 2026-10-01T17:15:52+09:00, sha256 133e4db054e73a10…): 「User-agent: * / Disallow: /」; https://portal.kfb.or.kr/robots.txt (HTTP 200, 2026-10-01T17:15:55+09:00, sha256 133e4db054e73a10…): 「User-agent: * / Disallow: /」",생명보험협회 https://www.klia.or.kr/member/insurRegul/selfRegul/list.do(회원사 > 자율규제운영 > 자율규제 규정정보) 「지배구조 및 보수체계 연차보고서 작성기준」(제·개정월 2026-01) 원문보기 https://www.klia.or.kr/FileDown.do?fileNo=21190&seq=2 · 원파일명 지배구조 및 보수체계 연차보고서 작성기준(20260123).hwp · sha256 be90c671e983fa26d64d3b38a231c1807745ba4960a597985875cd0a76069b6f · 텍스트 handoff/원문_10차/작성기준_생보협회.md,2026-10-01T17:16:07+09:00
목차,3) 평가,확인 불가,확인 불가(원문 미수집),제1절 8. 다. 3) · 목차표 md 238행 · 목차상 87쪽 · 본문 md 2030행,3) 평가,확인 불가,"은행연합회 원문 미수집(robots.txt 「User-agent: * / Disallow: /」, 우회 없음) — 대조 불가라 차이여부 「확인 불가」. hwp 는 쪽 정보가 없어 위치는 이 md 줄 번호(1부터) · 본문 줄은 공백 제거 후 같은 줄을 목차 순서대로 찾은 것","은행연합회 www.kfb.or.kr 자율규제·모범규준 게시판(2026.1.6 개정본) — 원문 미수집: https://www.kfb.or.kr/robots.txt (HTTP 200, 2026-10-01T17:15:49+09:00, sha256 133e4db054e73a10…): 「User-agent: * / Disallow: /」; https://kfb.or.kr/robots.txt (HTTP 200, 2026-10-01T17:15:52+09:00, sha256 133e4db054e73a10…): 「User-agent: * / Disallow: /」; https://portal.kfb.or.kr/robots.txt (HTTP 200, 2026-10-01T17:15:55+09:00, sha256 133e4db054e73a10…): 「User-agent: * / Disallow: /」",생명보험협회 https://www.klia.or.kr/member/insurRegul/selfRegul/list.do(회원사 > 자율규제운영 > 자율규제 규정정보) 「지배구조 및 보수체계 연차보고서 작성기준」(제·개정월 2026-01) 원문보기 https://www.klia.or.kr/FileDown.do?fileNo=21190&seq=2 · 원파일명 지배구조 및 보수체계 연차보고서 작성기준(20260123).hwp · sha256 be90c671e983fa26d64d3b38a231c1807745ba4960a597985875cd0a76069b6f · 텍스트 handoff/원문_10차/작성기준_생보협회.md,2026-10-01T17:16:07+09:00
목차,9. OO위원회,확인 불가,확인 불가(원문 미수집),제1절 9. · 목차표 md 240행 · 목차상 88쪽 · 본문 md 2040행,9. OO위원회,확인 불가,"은행연합회 원문 미수집(robots.txt 「User-agent: * / Disallow: /」, 우회 없음) — 대조 불가라 차이여부 「확인 불가」. hwp 는 쪽 정보가 없어 위치는 이 md 줄 번호(1부터) · 본문 줄은 공백 제거 후 같은 줄을 목차 순서대로 찾은 것","은행연합회 www.kfb.or.kr 자율규제·모범규준 게시판(2026.1.6 개정본) — 원문 미수집: https://www.kfb.or.kr/robots.txt (HTTP 200, 2026-10-01T17:15:49+09:00, sha256 133e4db054e73a10…): 「User-agent: * / Disallow: /」; https://kfb.or.kr/robots.txt (HTTP 200, 2026-10-01T17:15:52+09:00, sha256 133e4db054e73a10…): 「User-agent: * / Disallow: /」; https://portal.kfb.or.kr/robots.txt (HTTP 200, 2026-10-01T17:15:55+09:00, sha256 133e4db054e73a10…): 「User-agent: * / Disallow: /」",생명보험협회 https://www.klia.or.kr/member/insurRegul/selfRegul/list.do(회원사 > 자율규제운영 > 자율규제 규정정보) 「지배구조 및 보수체계 연차보고서 작성기준」(제·개정월 2026-01) 원문보기 https://www.klia.or.kr/FileDown.do?fileNo=21190&seq=2 · 원파일명 지배구조 및 보수체계 연차보고서 작성기준(20260123).hwp · sha256 be90c671e983fa26d64d3b38a231c1807745ba4960a597985875cd0a76069b6f · 텍스트 handoff/원문_10차/작성기준_생보협회.md,2026-10-01T17:16:07+09:00
목차,가. 역할(권한과 책무),확인 불가,확인 불가(원문 미수집),제1절 9. 가. · 목차표 md 241행 · 목차상 88쪽 · 본문 md 2046행,가. 역할(권한과 책무),확인 불가,"은행연합회 원문 미수집(robots.txt 「User-agent: * / Disallow: /」, 우회 없음) — 대조 불가라 차이여부 「확인 불가」. hwp 는 쪽 정보가 없어 위치는 이 md 줄 번호(1부터) · 본문 줄은 공백 제거 후 같은 줄을 목차 순서대로 찾은 것","은행연합회 www.kfb.or.kr 자율규제·모범규준 게시판(2026.1.6 개정본) — 원문 미수집: https://www.kfb.or.kr/robots.txt (HTTP 200, 2026-10-01T17:15:49+09:00, sha256 133e4db054e73a10…): 「User-agent: * / Disallow: /」; https://kfb.or.kr/robots.txt (HTTP 200, 2026-10-01T17:15:52+09:00, sha256 133e4db054e73a10…): 「User-agent: * / Disallow: /」; https://portal.kfb.or.kr/robots.txt (HTTP 200, 2026-10-01T17:15:55+09:00, sha256 133e4db054e73a10…): 「User-agent: * / Disallow: /」",생명보험협회 https://www.klia.or.kr/member/insurRegul/selfRegul/list.do(회원사 > 자율규제운영 > 자율규제 규정정보) 「지배구조 및 보수체계 연차보고서 작성기준」(제·개정월 2026-01) 원문보기 https://www.klia.or.kr/FileDown.do?fileNo=21190&seq=2 · 원파일명 지배구조 및 보수체계 연차보고서 작성기준(20260123).hwp · sha256 be90c671e983fa26d64d3b38a231c1807745ba4960a597985875cd0a76069b6f · 텍스트 handoff/원문_10차/작성기준_생보협회.md,2026-10-01T17:16:07+09:00
목차,1) 총괄,확인 불가,확인 불가(원문 미수집),제1절 9. 가. 1) · 목차표 md 242행 · 목차상 88쪽 · 본문 md 2047행,1) 총괄,확인 불가,"은행연합회 원문 미수집(robots.txt 「User-agent: * / Disallow: /」, 우회 없음) — 대조 불가라 차이여부 「확인 불가」. hwp 는 쪽 정보가 없어 위치는 이 md 줄 번호(1부터) · 본문 줄은 공백 제거 후 같은 줄을 목차 순서대로 찾은 것","은행연합회 www.kfb.or.kr 자율규제·모범규준 게시판(2026.1.6 개정본) — 원문 미수집: https://www.kfb.or.kr/robots.txt (HTTP 200, 2026-10-01T17:15:49+09:00, sha256 133e4db054e73a10…): 「User-agent: * / Disallow: /」; https://kfb.or.kr/robots.txt (HTTP 200, 2026-10-01T17:15:52+09:00, sha256 133e4db054e73a10…): 「User-agent: * / Disallow: /」; https://portal.kfb.or.kr/robots.txt (HTTP 200, 2026-10-01T17:15:55+09:00, sha256 133e4db054e73a10…): 「User-agent: * / Disallow: /」",생명보험협회 https://www.klia.or.kr/member/insurRegul/selfRegul/list.do(회원사 > 자율규제운영 > 자율규제 규정정보) 「지배구조 및 보수체계 연차보고서 작성기준」(제·개정월 2026-01) 원문보기 https://www.klia.or.kr/FileDown.do?fileNo=21190&seq=2 · 원파일명 지배구조 및 보수체계 연차보고서 작성기준(20260123).hwp · sha256 be90c671e983fa26d64d3b38a231c1807745ba4960a597985875cd0a76069b6f · 텍스트 handoff/원문_10차/작성기준_생보협회.md,2026-10-01T17:16:07+09:00
목차,2) 구체적 역할,확인 불가,확인 불가(원문 미수집),제1절 9. 가. 2) · 목차표 md 243행 · 목차상 88쪽 · 본문 md 2048행,2) 구체적 역할,확인 불가,"은행연합회 원문 미수집(robots.txt 「User-agent: * / Disallow: /」, 우회 없음) — 대조 불가라 차이여부 「확인 불가」. hwp 는 쪽 정보가 없어 위치는 이 md 줄 번호(1부터) · 본문 줄은 공백 제거 후 같은 줄을 목차 순서대로 찾은 것","은행연합회 www.kfb.or.kr 자율규제·모범규준 게시판(2026.1.6 개정본) — 원문 미수집: https://www.kfb.or.kr/robots.txt (HTTP 200, 2026-10-01T17:15:49+09:00, sha256 133e4db054e73a10…): 「User-agent: * / Disallow: /」; https://kfb.or.kr/robots.txt (HTTP 200, 2026-10-01T17:15:52+09:00, sha256 133e4db054e73a10…): 「User-agent: * / Disallow: /」; https://portal.kfb.or.kr/robots.txt (HTTP 200, 2026-10-01T17:15:55+09:00, sha256 133e4db054e73a10…): 「User-agent: * / Disallow: /」",생명보험협회 https://www.klia.or.kr/member/insurRegul/selfRegul/list.do(회원사 > 자율규제운영 > 자율규제 규정정보) 「지배구조 및 보수체계 연차보고서 작성기준」(제·개정월 2026-01) 원문보기 https://www.klia.or.kr/FileDown.do?fileNo=21190&seq=2 · 원파일명 지배구조 및 보수체계 연차보고서 작성기준(20260123).hwp · sha256 be90c671e983fa26d64d3b38a231c1807745ba4960a597985875cd0a76069b6f · 텍스트 handoff/원문_10차/작성기준_생보협회.md,2026-10-01T17:16:07+09:00
목차,나. 구성(OO위원회위원),확인 불가,확인 불가(원문 미수집),제1절 9. 나. · 목차표 md 244행 · 목차상 88쪽 · 본문 md 2049행,나. 구성(OO위원회위원),확인 불가,"은행연합회 원문 미수집(robots.txt 「User-agent: * / Disallow: /」, 우회 없음) — 대조 불가라 차이여부 「확인 불가」. hwp 는 쪽 정보가 없어 위치는 이 md 줄 번호(1부터) · 본문 줄은 공백 제거 후 같은 줄을 목차 순서대로 찾은 것","은행연합회 www.kfb.or.kr 자율규제·모범규준 게시판(2026.1.6 개정본) — 원문 미수집: https://www.kfb.or.kr/robots.txt (HTTP 200, 2026-10-01T17:15:49+09:00, sha256 133e4db054e73a10…): 「User-agent: * / Disallow: /」; https://kfb.or.kr/robots.txt (HTTP 200, 2026-10-01T17:15:52+09:00, sha256 133e4db054e73a10…): 「User-agent: * / Disallow: /」; https://portal.kfb.or.kr/robots.txt (HTTP 200, 2026-10-01T17:15:55+09:00, sha256 133e4db054e73a10…): 「User-agent: * / Disallow: /」",생명보험협회 https://www.klia.or.kr/member/insurRegul/selfRegul/list.do(회원사 > 자율규제운영 > 자율규제 규정정보) 「지배구조 및 보수체계 연차보고서 작성기준」(제·개정월 2026-01) 원문보기 https://www.klia.or.kr/FileDown.do?fileNo=21190&seq=2 · 원파일명 지배구조 및 보수체계 연차보고서 작성기준(20260123).hwp · sha256 be90c671e983fa26d64d3b38a231c1807745ba4960a597985875cd0a76069b6f · 텍스트 handoff/원문_10차/작성기준_생보협회.md,2026-10-01T17:16:07+09:00
목차,1) 총괄,확인 불가,확인 불가(원문 미수집),제1절 9. 나. 1) · 목차표 md 245행 · 목차상 88쪽 · 본문 md 2050행,1) 총괄,확인 불가,"은행연합회 원문 미수집(robots.txt 「User-agent: * / Disallow: /」, 우회 없음) — 대조 불가라 차이여부 「확인 불가」. hwp 는 쪽 정보가 없어 위치는 이 md 줄 번호(1부터) · 본문 줄은 공백 제거 후 같은 줄을 목차 순서대로 찾은 것","은행연합회 www.kfb.or.kr 자율규제·모범규준 게시판(2026.1.6 개정본) — 원문 미수집: https://www.kfb.or.kr/robots.txt (HTTP 200, 2026-10-01T17:15:49+09:00, sha256 133e4db054e73a10…): 「User-agent: * / Disallow: /」; https://kfb.or.kr/robots.txt (HTTP 200, 2026-10-01T17:15:52+09:00, sha256 133e4db054e73a10…): 「User-agent: * / Disallow: /」; https://portal.kfb.or.kr/robots.txt (HTTP 200, 2026-10-01T17:15:55+09:00, sha256 133e4db054e73a10…): 「User-agent: * / Disallow: /」",생명보험협회 https://www.klia.or.kr/member/insurRegul/selfRegul/list.do(회원사 > 자율규제운영 > 자율규제 규정정보) 「지배구조 및 보수체계 연차보고서 작성기준」(제·개정월 2026-01) 원문보기 https://www.klia.or.kr/FileDown.do?fileNo=21190&seq=2 · 원파일명 지배구조 및 보수체계 연차보고서 작성기준(20260123).hwp · sha256 be90c671e983fa26d64d3b38a231c1807745ba4960a597985875cd0a76069b6f · 텍스트 handoff/원문_10차/작성기준_생보협회.md,2026-10-01T17:16:07+09:00
목차,2) 구성원,확인 불가,확인 불가(원문 미수집),제1절 9. 나. 2) · 목차표 md 246행 · 목차상 88쪽 · 본문 md 2051행,2) 구성원,확인 불가,"은행연합회 원문 미수집(robots.txt 「User-agent: * / Disallow: /」, 우회 없음) — 대조 불가라 차이여부 「확인 불가」. hwp 는 쪽 정보가 없어 위치는 이 md 줄 번호(1부터) · 본문 줄은 공백 제거 후 같은 줄을 목차 순서대로 찾은 것","은행연합회 www.kfb.or.kr 자율규제·모범규준 게시판(2026.1.6 개정본) — 원문 미수집: https://www.kfb.or.kr/robots.txt (HTTP 200, 2026-10-01T17:15:49+09:00, sha256 133e4db054e73a10…): 「User-agent: * / Disallow: /」; https://kfb.or.kr/robots.txt (HTTP 200, 2026-10-01T17:15:52+09:00, sha256 133e4db054e73a10…): 「User-agent: * / Disallow: /」; https://portal.kfb.or.kr/robots.txt (HTTP 200, 2026-10-01T17:15:55+09:00, sha256 133e4db054e73a10…): 「User-agent: * / Disallow: /」",생명보험협회 https://www.klia.or.kr/member/insurRegul/selfRegul/list.do(회원사 > 자율규제운영 > 자율규제 규정정보) 「지배구조 및 보수체계 연차보고서 작성기준」(제·개정월 2026-01) 원문보기 https://www.klia.or.kr/FileDown.do?fileNo=21190&seq=2 · 원파일명 지배구조 및 보수체계 연차보고서 작성기준(20260123).hwp · sha256 be90c671e983fa26d64d3b38a231c1807745ba4960a597985875cd0a76069b6f · 텍스트 handoff/원문_10차/작성기준_생보협회.md,2026-10-01T17:16:07+09:00
목차,다. 활동내역 및 평가,확인 불가,확인 불가(원문 미수집),제1절 9. 다. · 목차표 md 247행 · 목차상 88쪽 · 본문 md 2061행,다. 활동내역 및 평가,확인 불가,"은행연합회 원문 미수집(robots.txt 「User-agent: * / Disallow: /」, 우회 없음) — 대조 불가라 차이여부 「확인 불가」. hwp 는 쪽 정보가 없어 위치는 이 md 줄 번호(1부터) · 본문 줄은 공백 제거 후 같은 줄을 목차 순서대로 찾은 것","은행연합회 www.kfb.or.kr 자율규제·모범규준 게시판(2026.1.6 개정본) — 원문 미수집: https://www.kfb.or.kr/robots.txt (HTTP 200, 2026-10-01T17:15:49+09:00, sha256 133e4db054e73a10…): 「User-agent: * / Disallow: /」; https://kfb.or.kr/robots.txt (HTTP 200, 2026-10-01T17:15:52+09:00, sha256 133e4db054e73a10…): 「User-agent: * / Disallow: /」; https://portal.kfb.or.kr/robots.txt (HTTP 200, 2026-10-01T17:15:55+09:00, sha256 133e4db054e73a10…): 「User-agent: * / Disallow: /」",생명보험협회 https://www.klia.or.kr/member/insurRegul/selfRegul/list.do(회원사 > 자율규제운영 > 자율규제 규정정보) 「지배구조 및 보수체계 연차보고서 작성기준」(제·개정월 2026-01) 원문보기 https://www.klia.or.kr/FileDown.do?fileNo=21190&seq=2 · 원파일명 지배구조 및 보수체계 연차보고서 작성기준(20260123).hwp · sha256 be90c671e983fa26d64d3b38a231c1807745ba4960a597985875cd0a76069b6f · 텍스트 handoff/원문_10차/작성기준_생보협회.md,2026-10-01T17:16:07+09:00
목차,1) 활동내역 개요,확인 불가,확인 불가(원문 미수집),제1절 9. 다. 1) · 목차표 md 248행 · 목차상 88쪽 · 본문 md 2067행,1) 활동내역 개요,확인 불가,"은행연합회 원문 미수집(robots.txt 「User-agent: * / Disallow: /」, 우회 없음) — 대조 불가라 차이여부 「확인 불가」. hwp 는 쪽 정보가 없어 위치는 이 md 줄 번호(1부터) · 본문 줄은 공백 제거 후 같은 줄을 목차 순서대로 찾은 것","은행연합회 www.kfb.or.kr 자율규제·모범규준 게시판(2026.1.6 개정본) — 원문 미수집: https://www.kfb.or.kr/robots.txt (HTTP 200, 2026-10-01T17:15:49+09:00, sha256 133e4db054e73a10…): 「User-agent: * / Disallow: /」; https://kfb.or.kr/robots.txt (HTTP 200, 2026-10-01T17:15:52+09:00, sha256 133e4db054e73a10…): 「User-agent: * / Disallow: /」; https://portal.kfb.or.kr/robots.txt (HTTP 200, 2026-10-01T17:15:55+09:00, sha256 133e4db054e73a10…): 「User-agent: * / Disallow: /」",생명보험협회 https://www.klia.or.kr/member/insurRegul/selfRegul/list.do(회원사 > 자율규제운영 > 자율규제 규정정보) 「지배구조 및 보수체계 연차보고서 작성기준」(제·개정월 2026-01) 원문보기 https://www.klia.or.kr/FileDown.do?fileNo=21190&seq=2 · 원파일명 지배구조 및 보수체계 연차보고서 작성기준(20260123).hwp · sha256 be90c671e983fa26d64d3b38a231c1807745ba4960a597985875cd0a76069b6f · 텍스트 handoff/원문_10차/작성기준_생보협회.md,2026-10-01T17:16:07+09:00
목차,2) 회의 개최내역,확인 불가,확인 불가(원문 미수집),제1절 9. 다. 2) · 목차표 md 249행 · 목차상 88쪽 · 본문 md 2068행,2) 회의 개최내역,확인 불가,"은행연합회 원문 미수집(robots.txt 「User-agent: * / Disallow: /」, 우회 없음) — 대조 불가라 차이여부 「확인 불가」. hwp 는 쪽 정보가 없어 위치는 이 md 줄 번호(1부터) · 본문 줄은 공백 제거 후 같은 줄을 목차 순서대로 찾은 것","은행연합회 www.kfb.or.kr 자율규제·모범규준 게시판(2026.1.6 개정본) — 원문 미수집: https://www.kfb.or.kr/robots.txt (HTTP 200, 2026-10-01T17:15:49+09:00, sha256 133e4db054e73a10…): 「User-agent: * / Disallow: /」; https://kfb.or.kr/robots.txt (HTTP 200, 2026-10-01T17:15:52+09:00, sha256 133e4db054e73a10…): 「User-agent: * / Disallow: /」; https://portal.kfb.or.kr/robots.txt (HTTP 200, 2026-10-01T17:15:55+09:00, sha256 133e4db054e73a10…): 「User-agent: * / Disallow: /」",생명보험협회 https://www.klia.or.kr/member/insurRegul/selfRegul/list.do(회원사 > 자율규제운영 > 자율규제 규정정보) 「지배구조 및 보수체계 연차보고서 작성기준」(제·개정월 2026-01) 원문보기 https://www.klia.or.kr/FileDown.do?fileNo=21190&seq=2 · 원파일명 지배구조 및 보수체계 연차보고서 작성기준(20260123).hwp · sha256 be90c671e983fa26d64d3b38a231c1807745ba4960a597985875cd0a76069b6f · 텍스트 handoff/원문_10차/작성기준_생보협회.md,2026-10-01T17:16:07+09:00
목차,3) 평가,확인 불가,확인 불가(원문 미수집),제1절 9. 다. 3) · 목차표 md 250행 · 목차상 89쪽 · 본문 md 2086행,3) 평가,확인 불가,"은행연합회 원문 미수집(robots.txt 「User-agent: * / Disallow: /」, 우회 없음) — 대조 불가라 차이여부 「확인 불가」. hwp 는 쪽 정보가 없어 위치는 이 md 줄 번호(1부터) · 본문 줄은 공백 제거 후 같은 줄을 목차 순서대로 찾은 것","은행연합회 www.kfb.or.kr 자율규제·모범규준 게시판(2026.1.6 개정본) — 원문 미수집: https://www.kfb.or.kr/robots.txt (HTTP 200, 2026-10-01T17:15:49+09:00, sha256 133e4db054e73a10…): 「User-agent: * / Disallow: /」; https://kfb.or.kr/robots.txt (HTTP 200, 2026-10-01T17:15:52+09:00, sha256 133e4db054e73a10…): 「User-agent: * / Disallow: /」; https://portal.kfb.or.kr/robots.txt (HTTP 200, 2026-10-01T17:15:55+09:00, sha256 133e4db054e73a10…): 「User-agent: * / Disallow: /」",생명보험협회 https://www.klia.or.kr/member/insurRegul/selfRegul/list.do(회원사 > 자율규제운영 > 자율규제 규정정보) 「지배구조 및 보수체계 연차보고서 작성기준」(제·개정월 2026-01) 원문보기 https://www.klia.or.kr/FileDown.do?fileNo=21190&seq=2 · 원파일명 지배구조 및 보수체계 연차보고서 작성기준(20260123).hwp · sha256 be90c671e983fa26d64d3b38a231c1807745ba4960a597985875cd0a76069b6f · 텍스트 handoff/원문_10차/작성기준_생보협회.md,2026-10-01T17:16:07+09:00
목차,10. 경영관리협의회(금융지주회사의 경우),확인 불가,확인 불가(원문 미수집),제1절 10. · 목차표 md 252행 · 목차상 90쪽 · 본문 md 2097행,10. 경영관리협의회(금융지주회사의 경우),확인 불가,"은행연합회 원문 미수집(robots.txt 「User-agent: * / Disallow: /」, 우회 없음) — 대조 불가라 차이여부 「확인 불가」. hwp 는 쪽 정보가 없어 위치는 이 md 줄 번호(1부터) · 본문 줄은 공백 제거 후 같은 줄을 목차 순서대로 찾은 것","은행연합회 www.kfb.or.kr 자율규제·모범규준 게시판(2026.1.6 개정본) — 원문 미수집: https://www.kfb.or.kr/robots.txt (HTTP 200, 2026-10-01T17:15:49+09:00, sha256 133e4db054e73a10…): 「User-agent: * / Disallow: /」; https://kfb.or.kr/robots.txt (HTTP 200, 2026-10-01T17:15:52+09:00, sha256 133e4db054e73a10…): 「User-agent: * / Disallow: /」; https://portal.kfb.or.kr/robots.txt (HTTP 200, 2026-10-01T17:15:55+09:00, sha256 133e4db054e73a10…): 「User-agent: * / Disallow: /」",생명보험협회 https://www.klia.or.kr/member/insurRegul/selfRegul/list.do(회원사 > 자율규제운영 > 자율규제 규정정보) 「지배구조 및 보수체계 연차보고서 작성기준」(제·개정월 2026-01) 원문보기 https://www.klia.or.kr/FileDown.do?fileNo=21190&seq=2 · 원파일명 지배구조 및 보수체계 연차보고서 작성기준(20260123).hwp · sha256 be90c671e983fa26d64d3b38a231c1807745ba4960a597985875cd0a76069b6f · 텍스트 handoff/원문_10차/작성기준_생보협회.md,2026-10-01T17:16:07+09:00
목차,가. 역할,확인 불가,확인 불가(원문 미수집),제1절 10. 가. · 목차표 md 253행 · 목차상 90쪽 · 본문 md 2098행,가. 역할,확인 불가,"은행연합회 원문 미수집(robots.txt 「User-agent: * / Disallow: /」, 우회 없음) — 대조 불가라 차이여부 「확인 불가」. hwp 는 쪽 정보가 없어 위치는 이 md 줄 번호(1부터) · 본문 줄은 공백 제거 후 같은 줄을 목차 순서대로 찾은 것","은행연합회 www.kfb.or.kr 자율규제·모범규준 게시판(2026.1.6 개정본) — 원문 미수집: https://www.kfb.or.kr/robots.txt (HTTP 200, 2026-10-01T17:15:49+09:00, sha256 133e4db054e73a10…): 「User-agent: * / Disallow: /」; https://kfb.or.kr/robots.txt (HTTP 200, 2026-10-01T17:15:52+09:00, sha256 133e4db054e73a10…): 「User-agent: * / Disallow: /」; https://portal.kfb.or.kr/robots.txt (HTTP 200, 2026-10-01T17:15:55+09:00, sha256 133e4db054e73a10…): 「User-agent: * / Disallow: /」",생명보험협회 https://www.klia.or.kr/member/insurRegul/selfRegul/list.do(회원사 > 자율규제운영 > 자율규제 규정정보) 「지배구조 및 보수체계 연차보고서 작성기준」(제·개정월 2026-01) 원문보기 https://www.klia.or.kr/FileDown.do?fileNo=21190&seq=2 · 원파일명 지배구조 및 보수체계 연차보고서 작성기준(20260123).hwp · sha256 be90c671e983fa26d64d3b38a231c1807745ba4960a597985875cd0a76069b6f · 텍스트 handoff/원문_10차/작성기준_생보협회.md,2026-10-01T17:16:07+09:00
목차,나. 협의절차(운영현황),확인 불가,확인 불가(원문 미수집),제1절 10. 나. · 목차표 md 254행 · 목차상 90쪽 · 본문 md 2104행,나. 협의절차(운영현황),확인 불가,"은행연합회 원문 미수집(robots.txt 「User-agent: * / Disallow: /」, 우회 없음) — 대조 불가라 차이여부 「확인 불가」. hwp 는 쪽 정보가 없어 위치는 이 md 줄 번호(1부터) · 본문 줄은 공백 제거 후 같은 줄을 목차 순서대로 찾은 것","은행연합회 www.kfb.or.kr 자율규제·모범규준 게시판(2026.1.6 개정본) — 원문 미수집: https://www.kfb.or.kr/robots.txt (HTTP 200, 2026-10-01T17:15:49+09:00, sha256 133e4db054e73a10…): 「User-agent: * / Disallow: /」; https://kfb.or.kr/robots.txt (HTTP 200, 2026-10-01T17:15:52+09:00, sha256 133e4db054e73a10…): 「User-agent: * / Disallow: /」; https://portal.kfb.or.kr/robots.txt (HTTP 200, 2026-10-01T17:15:55+09:00, sha256 133e4db054e73a10…): 「User-agent: * / Disallow: /」",생명보험협회 https://www.klia.or.kr/member/insurRegul/selfRegul/list.do(회원사 > 자율규제운영 > 자율규제 규정정보) 「지배구조 및 보수체계 연차보고서 작성기준」(제·개정월 2026-01) 원문보기 https://www.klia.or.kr/FileDown.do?fileNo=21190&seq=2 · 원파일명 지배구조 및 보수체계 연차보고서 작성기준(20260123).hwp · sha256 be90c671e983fa26d64d3b38a231c1807745ba4960a597985875cd0a76069b6f · 텍스트 handoff/원문_10차/작성기준_생보협회.md,2026-10-01T17:16:07+09:00
목차,다. 구성,확인 불가,확인 불가(원문 미수집),제1절 10. 다. · 목차표 md 255행 · 목차상 90쪽 · 본문 md 2110행,다. 구성,확인 불가,"은행연합회 원문 미수집(robots.txt 「User-agent: * / Disallow: /」, 우회 없음) — 대조 불가라 차이여부 「확인 불가」. hwp 는 쪽 정보가 없어 위치는 이 md 줄 번호(1부터) · 본문 줄은 공백 제거 후 같은 줄을 목차 순서대로 찾은 것","은행연합회 www.kfb.or.kr 자율규제·모범규준 게시판(2026.1.6 개정본) — 원문 미수집: https://www.kfb.or.kr/robots.txt (HTTP 200, 2026-10-01T17:15:49+09:00, sha256 133e4db054e73a10…): 「User-agent: * / Disallow: /」; https://kfb.or.kr/robots.txt (HTTP 200, 2026-10-01T17:15:52+09:00, sha256 133e4db054e73a10…): 「User-agent: * / Disallow: /」; https://portal.kfb.or.kr/robots.txt (HTTP 200, 2026-10-01T17:15:55+09:00, sha256 133e4db054e73a10…): 「User-agent: * / Disallow: /」",생명보험협회 https://www.klia.or.kr/member/insurRegul/selfRegul/list.do(회원사 > 자율규제운영 > 자율규제 규정정보) 「지배구조 및 보수체계 연차보고서 작성기준」(제·개정월 2026-01) 원문보기 https://www.klia.or.kr/FileDown.do?fileNo=21190&seq=2 · 원파일명 지배구조 및 보수체계 연차보고서 작성기준(20260123).hwp · sha256 be90c671e983fa26d64d3b38a231c1807745ba4960a597985875cd0a76069b6f · 텍스트 handoff/원문_10차/작성기준_생보협회.md,2026-10-01T17:16:07+09:00
목차,라. 활동내역 개요,확인 불가,확인 불가(원문 미수집),제1절 10. 라. · 목차표 md 256행 · 목차상 91쪽 · 본문 md 2131행,라. 활동내역 개요,확인 불가,"은행연합회 원문 미수집(robots.txt 「User-agent: * / Disallow: /」, 우회 없음) — 대조 불가라 차이여부 「확인 불가」. hwp 는 쪽 정보가 없어 위치는 이 md 줄 번호(1부터) · 본문 줄은 공백 제거 후 같은 줄을 목차 순서대로 찾은 것","은행연합회 www.kfb.or.kr 자율규제·모범규준 게시판(2026.1.6 개정본) — 원문 미수집: https://www.kfb.or.kr/robots.txt (HTTP 200, 2026-10-01T17:15:49+09:00, sha256 133e4db054e73a10…): 「User-agent: * / Disallow: /」; https://kfb.or.kr/robots.txt (HTTP 200, 2026-10-01T17:15:52+09:00, sha256 133e4db054e73a10…): 「User-agent: * / Disallow: /」; https://portal.kfb.or.kr/robots.txt (HTTP 200, 2026-10-01T17:15:55+09:00, sha256 133e4db054e73a10…): 「User-agent: * / Disallow: /」",생명보험협회 https://www.klia.or.kr/member/insurRegul/selfRegul/list.do(회원사 > 자율규제운영 > 자율규제 규정정보) 「지배구조 및 보수체계 연차보고서 작성기준」(제·개정월 2026-01) 원문보기 https://www.klia.or.kr/FileDown.do?fileNo=21190&seq=2 · 원파일명 지배구조 및 보수체계 연차보고서 작성기준(20260123).hwp · sha256 be90c671e983fa26d64d3b38a231c1807745ba4960a597985875cd0a76069b6f · 텍스트 handoff/원문_10차/작성기준_생보협회.md,2026-10-01T17:16:07+09:00
목차,11. 리스크관리협의회(금융지주회사의 경우),확인 불가,확인 불가(원문 미수집),제1절 11. · 목차표 md 258행 · 목차상 92쪽 · 본문 md 2137행,11. 리스크관리협의회(금융지주회사의 경우),확인 불가,"은행연합회 원문 미수집(robots.txt 「User-agent: * / Disallow: /」, 우회 없음) — 대조 불가라 차이여부 「확인 불가」. hwp 는 쪽 정보가 없어 위치는 이 md 줄 번호(1부터) · 본문 줄은 공백 제거 후 같은 줄을 목차 순서대로 찾은 것","은행연합회 www.kfb.or.kr 자율규제·모범규준 게시판(2026.1.6 개정본) — 원문 미수집: https://www.kfb.or.kr/robots.txt (HTTP 200, 2026-10-01T17:15:49+09:00, sha256 133e4db054e73a10…): 「User-agent: * / Disallow: /」; https://kfb.or.kr/robots.txt (HTTP 200, 2026-10-01T17:15:52+09:00, sha256 133e4db054e73a10…): 「User-agent: * / Disallow: /」; https://portal.kfb.or.kr/robots.txt (HTTP 200, 2026-10-01T17:15:55+09:00, sha256 133e4db054e73a10…): 「User-agent: * / Disallow: /」",생명보험협회 https://www.klia.or.kr/member/insurRegul/selfRegul/list.do(회원사 > 자율규제운영 > 자율규제 규정정보) 「지배구조 및 보수체계 연차보고서 작성기준」(제·개정월 2026-01) 원문보기 https://www.klia.or.kr/FileDown.do?fileNo=21190&seq=2 · 원파일명 지배구조 및 보수체계 연차보고서 작성기준(20260123).hwp · sha256 be90c671e983fa26d64d3b38a231c1807745ba4960a597985875cd0a76069b6f · 텍스트 handoff/원문_10차/작성기준_생보협회.md,2026-10-01T17:16:07+09:00
목차,가. 역할,확인 불가,확인 불가(원문 미수집),제1절 11. 가. · 목차표 md 259행 · 목차상 92쪽 · 본문 md 2138행,가. 역할,확인 불가,"은행연합회 원문 미수집(robots.txt 「User-agent: * / Disallow: /」, 우회 없음) — 대조 불가라 차이여부 「확인 불가」. hwp 는 쪽 정보가 없어 위치는 이 md 줄 번호(1부터) · 본문 줄은 공백 제거 후 같은 줄을 목차 순서대로 찾은 것","은행연합회 www.kfb.or.kr 자율규제·모범규준 게시판(2026.1.6 개정본) — 원문 미수집: https://www.kfb.or.kr/robots.txt (HTTP 200, 2026-10-01T17:15:49+09:00, sha256 133e4db054e73a10…): 「User-agent: * / Disallow: /」; https://kfb.or.kr/robots.txt (HTTP 200, 2026-10-01T17:15:52+09:00, sha256 133e4db054e73a10…): 「User-agent: * / Disallow: /」; https://portal.kfb.or.kr/robots.txt (HTTP 200, 2026-10-01T17:15:55+09:00, sha256 133e4db054e73a10…): 「User-agent: * / Disallow: /」",생명보험협회 https://www.klia.or.kr/member/insurRegul/selfRegul/list.do(회원사 > 자율규제운영 > 자율규제 규정정보) 「지배구조 및 보수체계 연차보고서 작성기준」(제·개정월 2026-01) 원문보기 https://www.klia.or.kr/FileDown.do?fileNo=21190&seq=2 · 원파일명 지배구조 및 보수체계 연차보고서 작성기준(20260123).hwp · sha256 be90c671e983fa26d64d3b38a231c1807745ba4960a597985875cd0a76069b6f · 텍스트 handoff/원문_10차/작성기준_생보협회.md,2026-10-01T17:16:07+09:00
목차,나. 협의절차(운영현황),확인 불가,확인 불가(원문 미수집),제1절 11. 나. · 목차표 md 260행 · 목차상 92쪽 · 본문 md 2144행,나. 협의절차(운영현황),확인 불가,"은행연합회 원문 미수집(robots.txt 「User-agent: * / Disallow: /」, 우회 없음) — 대조 불가라 차이여부 「확인 불가」. hwp 는 쪽 정보가 없어 위치는 이 md 줄 번호(1부터) · 본문 줄은 공백 제거 후 같은 줄을 목차 순서대로 찾은 것","은행연합회 www.kfb.or.kr 자율규제·모범규준 게시판(2026.1.6 개정본) — 원문 미수집: https://www.kfb.or.kr/robots.txt (HTTP 200, 2026-10-01T17:15:49+09:00, sha256 133e4db054e73a10…): 「User-agent: * / Disallow: /」; https://kfb.or.kr/robots.txt (HTTP 200, 2026-10-01T17:15:52+09:00, sha256 133e4db054e73a10…): 「User-agent: * / Disallow: /」; https://portal.kfb.or.kr/robots.txt (HTTP 200, 2026-10-01T17:15:55+09:00, sha256 133e4db054e73a10…): 「User-agent: * / Disallow: /」",생명보험협회 https://www.klia.or.kr/member/insurRegul/selfRegul/list.do(회원사 > 자율규제운영 > 자율규제 규정정보) 「지배구조 및 보수체계 연차보고서 작성기준」(제·개정월 2026-01) 원문보기 https://www.klia.or.kr/FileDown.do?fileNo=21190&seq=2 · 원파일명 지배구조 및 보수체계 연차보고서 작성기준(20260123).hwp · sha256 be90c671e983fa26d64d3b38a231c1807745ba4960a597985875cd0a76069b6f · 텍스트 handoff/원문_10차/작성기준_생보협회.md,2026-10-01T17:16:07+09:00
목차,다. 구성,확인 불가,확인 불가(원문 미수집),제1절 11. 다. · 목차표 md 261행 · 목차상 92쪽 · 본문 md 2150행,다. 구성,확인 불가,"은행연합회 원문 미수집(robots.txt 「User-agent: * / Disallow: /」, 우회 없음) — 대조 불가라 차이여부 「확인 불가」. hwp 는 쪽 정보가 없어 위치는 이 md 줄 번호(1부터) · 본문 줄은 공백 제거 후 같은 줄을 목차 순서대로 찾은 것","은행연합회 www.kfb.or.kr 자율규제·모범규준 게시판(2026.1.6 개정본) — 원문 미수집: https://www.kfb.or.kr/robots.txt (HTTP 200, 2026-10-01T17:15:49+09:00, sha256 133e4db054e73a10…): 「User-agent: * / Disallow: /」; https://kfb.or.kr/robots.txt (HTTP 200, 2026-10-01T17:15:52+09:00, sha256 133e4db054e73a10…): 「User-agent: * / Disallow: /」; https://portal.kfb.or.kr/robots.txt (HTTP 200, 2026-10-01T17:15:55+09:00, sha256 133e4db054e73a10…): 「User-agent: * / Disallow: /」",생명보험협회 https://www.klia.or.kr/member/insurRegul/selfRegul/list.do(회원사 > 자율규제운영 > 자율규제 규정정보) 「지배구조 및 보수체계 연차보고서 작성기준」(제·개정월 2026-01) 원문보기 https://www.klia.or.kr/FileDown.do?fileNo=21190&seq=2 · 원파일명 지배구조 및 보수체계 연차보고서 작성기준(20260123).hwp · sha256 be90c671e983fa26d64d3b38a231c1807745ba4960a597985875cd0a76069b6f · 텍스트 handoff/원문_10차/작성기준_생보협회.md,2026-10-01T17:16:07+09:00
목차,라. 활동내역 개요,확인 불가,확인 불가(원문 미수집),제1절 11. 라. · 목차표 md 262행 · 목차상 93쪽 · 본문 md 2169행,라. 활동내역 개요,확인 불가,"은행연합회 원문 미수집(robots.txt 「User-agent: * / Disallow: /」, 우회 없음) — 대조 불가라 차이여부 「확인 불가」. hwp 는 쪽 정보가 없어 위치는 이 md 줄 번호(1부터) · 본문 줄은 공백 제거 후 같은 줄을 목차 순서대로 찾은 것","은행연합회 www.kfb.or.kr 자율규제·모범규준 게시판(2026.1.6 개정본) — 원문 미수집: https://www.kfb.or.kr/robots.txt (HTTP 200, 2026-10-01T17:15:49+09:00, sha256 133e4db054e73a10…): 「User-agent: * / Disallow: /」; https://kfb.or.kr/robots.txt (HTTP 200, 2026-10-01T17:15:52+09:00, sha256 133e4db054e73a10…): 「User-agent: * / Disallow: /」; https://portal.kfb.or.kr/robots.txt (HTTP 200, 2026-10-01T17:15:55+09:00, sha256 133e4db054e73a10…): 「User-agent: * / Disallow: /」",생명보험협회 https://www.klia.or.kr/member/insurRegul/selfRegul/list.do(회원사 > 자율규제운영 > 자율규제 규정정보) 「지배구조 및 보수체계 연차보고서 작성기준」(제·개정월 2026-01) 원문보기 https://www.klia.or.kr/FileDown.do?fileNo=21190&seq=2 · 원파일명 지배구조 및 보수체계 연차보고서 작성기준(20260123).hwp · sha256 be90c671e983fa26d64d3b38a231c1807745ba4960a597985875cd0a76069b6f · 텍스트 handoff/원문_10차/작성기준_생보협회.md,2026-10-01T17:16:07+09:00
목차,12. 감독당국 권고사항 및 개선계획,확인 불가,확인 불가(원문 미수집),제1절 12. · 목차표 md 264행 · 목차상 93쪽 · 본문 md 2175행,12. 감독당국 권고사항 및 개선계획,확인 불가,"은행연합회 원문 미수집(robots.txt 「User-agent: * / Disallow: /」, 우회 없음) — 대조 불가라 차이여부 「확인 불가」. hwp 는 쪽 정보가 없어 위치는 이 md 줄 번호(1부터) · 본문 줄은 공백 제거 후 같은 줄을 목차 순서대로 찾은 것","은행연합회 www.kfb.or.kr 자율규제·모범규준 게시판(2026.1.6 개정본) — 원문 미수집: https://www.kfb.or.kr/robots.txt (HTTP 200, 2026-10-01T17:15:49+09:00, sha256 133e4db054e73a10…): 「User-agent: * / Disallow: /」; https://kfb.or.kr/robots.txt (HTTP 200, 2026-10-01T17:15:52+09:00, sha256 133e4db054e73a10…): 「User-agent: * / Disallow: /」; https://portal.kfb.or.kr/robots.txt (HTTP 200, 2026-10-01T17:15:55+09:00, sha256 133e4db054e73a10…): 「User-agent: * / Disallow: /」",생명보험협회 https://www.klia.or.kr/member/insurRegul/selfRegul/list.do(회원사 > 자율규제운영 > 자율규제 규정정보) 「지배구조 및 보수체계 연차보고서 작성기준」(제·개정월 2026-01) 원문보기 https://www.klia.or.kr/FileDown.do?fileNo=21190&seq=2 · 원파일명 지배구조 및 보수체계 연차보고서 작성기준(20260123).hwp · sha256 be90c671e983fa26d64d3b38a231c1807745ba4960a597985875cd0a76069b6f · 텍스트 handoff/원문_10차/작성기준_생보협회.md,2026-10-01T17:16:07+09:00
목차,13. 기타 지배구조 관련 주요사항,확인 불가,확인 불가(원문 미수집),제1절 13. · 목차표 md 266행 · 목차상 93쪽 · 본문 md 2181행,13. 기타 지배구조 관련 주요사항,확인 불가,"은행연합회 원문 미수집(robots.txt 「User-agent: * / Disallow: /」, 우회 없음) — 대조 불가라 차이여부 「확인 불가」. hwp 는 쪽 정보가 없어 위치는 이 md 줄 번호(1부터) · 본문 줄은 공백 제거 후 같은 줄을 목차 순서대로 찾은 것","은행연합회 www.kfb.or.kr 자율규제·모범규준 게시판(2026.1.6 개정본) — 원문 미수집: https://www.kfb.or.kr/robots.txt (HTTP 200, 2026-10-01T17:15:49+09:00, sha256 133e4db054e73a10…): 「User-agent: * / Disallow: /」; https://kfb.or.kr/robots.txt (HTTP 200, 2026-10-01T17:15:52+09:00, sha256 133e4db054e73a10…): 「User-agent: * / Disallow: /」; https://portal.kfb.or.kr/robots.txt (HTTP 200, 2026-10-01T17:15:55+09:00, sha256 133e4db054e73a10…): 「User-agent: * / Disallow: /」",생명보험협회 https://www.klia.or.kr/member/insurRegul/selfRegul/list.do(회원사 > 자율규제운영 > 자율규제 규정정보) 「지배구조 및 보수체계 연차보고서 작성기준」(제·개정월 2026-01) 원문보기 https://www.klia.or.kr/FileDown.do?fileNo=21190&seq=2 · 원파일명 지배구조 및 보수체계 연차보고서 작성기준(20260123).hwp · sha256 be90c671e983fa26d64d3b38a231c1807745ba4960a597985875cd0a76069b6f · 텍스트 handoff/원문_10차/작성기준_생보협회.md,2026-10-01T17:16:07+09:00
목차,제 2절 보수체계 연차보고서,확인 불가,확인 불가(원문 미수집),제2절 · 목차표 md 268행 · 목차상 94쪽 · 본문 md 2187행,제 2절 보수체계 연차보고서,확인 불가,"은행연합회 원문 미수집(robots.txt 「User-agent: * / Disallow: /」, 우회 없음) — 대조 불가라 차이여부 「확인 불가」. hwp 는 쪽 정보가 없어 위치는 이 md 줄 번호(1부터) · 본문 줄은 공백 제거 후 같은 줄을 목차 순서대로 찾은 것","은행연합회 www.kfb.or.kr 자율규제·모범규준 게시판(2026.1.6 개정본) — 원문 미수집: https://www.kfb.or.kr/robots.txt (HTTP 200, 2026-10-01T17:15:49+09:00, sha256 133e4db054e73a10…): 「User-agent: * / Disallow: /」; https://kfb.or.kr/robots.txt (HTTP 200, 2026-10-01T17:15:52+09:00, sha256 133e4db054e73a10…): 「User-agent: * / Disallow: /」; https://portal.kfb.or.kr/robots.txt (HTTP 200, 2026-10-01T17:15:55+09:00, sha256 133e4db054e73a10…): 「User-agent: * / Disallow: /」",생명보험협회 https://www.klia.or.kr/member/insurRegul/selfRegul/list.do(회원사 > 자율규제운영 > 자율규제 규정정보) 「지배구조 및 보수체계 연차보고서 작성기준」(제·개정월 2026-01) 원문보기 https://www.klia.or.kr/FileDown.do?fileNo=21190&seq=2 · 원파일명 지배구조 및 보수체계 연차보고서 작성기준(20260123).hwp · sha256 be90c671e983fa26d64d3b38a231c1807745ba4960a597985875cd0a76069b6f · 텍스트 handoff/원문_10차/작성기준_생보협회.md,2026-10-01T17:16:07+09:00
목차,1. 보수위원회,확인 불가,확인 불가(원문 미수집),제2절 1. · 목차표 md 269행 · 목차상 94쪽 · 본문 md 2188행,1. 보수위원회,확인 불가,"은행연합회 원문 미수집(robots.txt 「User-agent: * / Disallow: /」, 우회 없음) — 대조 불가라 차이여부 「확인 불가」. hwp 는 쪽 정보가 없어 위치는 이 md 줄 번호(1부터) · 본문 줄은 공백 제거 후 같은 줄을 목차 순서대로 찾은 것","은행연합회 www.kfb.or.kr 자율규제·모범규준 게시판(2026.1.6 개정본) — 원문 미수집: https://www.kfb.or.kr/robots.txt (HTTP 200, 2026-10-01T17:15:49+09:00, sha256 133e4db054e73a10…): 「User-agent: * / Disallow: /」; https://kfb.or.kr/robots.txt (HTTP 200, 2026-10-01T17:15:52+09:00, sha256 133e4db054e73a10…): 「User-agent: * / Disallow: /」; https://portal.kfb.or.kr/robots.txt (HTTP 200, 2026-10-01T17:15:55+09:00, sha256 133e4db054e73a10…): 「User-agent: * / Disallow: /」",생명보험협회 https://www.klia.or.kr/member/insurRegul/selfRegul/list.do(회원사 > 자율규제운영 > 자율규제 규정정보) 「지배구조 및 보수체계 연차보고서 작성기준」(제·개정월 2026-01) 원문보기 https://www.klia.or.kr/FileDown.do?fileNo=21190&seq=2 · 원파일명 지배구조 및 보수체계 연차보고서 작성기준(20260123).hwp · sha256 be90c671e983fa26d64d3b38a231c1807745ba4960a597985875cd0a76069b6f · 텍스트 handoff/원문_10차/작성기준_생보협회.md,2026-10-01T17:16:07+09:00
목차,가. 총괄,확인 불가,확인 불가(원문 미수집),제2절 1. 가. · 목차표 md 270행 · 목차상 94쪽 · 본문 md 2194행,가. 총괄,확인 불가,"은행연합회 원문 미수집(robots.txt 「User-agent: * / Disallow: /」, 우회 없음) — 대조 불가라 차이여부 「확인 불가」. hwp 는 쪽 정보가 없어 위치는 이 md 줄 번호(1부터) · 본문 줄은 공백 제거 후 같은 줄을 목차 순서대로 찾은 것","은행연합회 www.kfb.or.kr 자율규제·모범규준 게시판(2026.1.6 개정본) — 원문 미수집: https://www.kfb.or.kr/robots.txt (HTTP 200, 2026-10-01T17:15:49+09:00, sha256 133e4db054e73a10…): 「User-agent: * / Disallow: /」; https://kfb.or.kr/robots.txt (HTTP 200, 2026-10-01T17:15:52+09:00, sha256 133e4db054e73a10…): 「User-agent: * / Disallow: /」; https://portal.kfb.or.kr/robots.txt (HTTP 200, 2026-10-01T17:15:55+09:00, sha256 133e4db054e73a10…): 「User-agent: * / Disallow: /」",생명보험협회 https://www.klia.or.kr/member/insurRegul/selfRegul/list.do(회원사 > 자율규제운영 > 자율규제 규정정보) 「지배구조 및 보수체계 연차보고서 작성기준」(제·개정월 2026-01) 원문보기 https://www.klia.or.kr/FileDown.do?fileNo=21190&seq=2 · 원파일명 지배구조 및 보수체계 연차보고서 작성기준(20260123).hwp · sha256 be90c671e983fa26d64d3b38a231c1807745ba4960a597985875cd0a76069b6f · 텍스트 handoff/원문_10차/작성기준_생보협회.md,2026-10-01T17:16:07+09:00
목차,나. 구성,확인 불가,확인 불가(원문 미수집),제2절 1. 나. · 목차표 md 271행 · 목차상 95쪽 · 본문 md 2207행,나. 구성,확인 불가,"은행연합회 원문 미수집(robots.txt 「User-agent: * / Disallow: /」, 우회 없음) — 대조 불가라 차이여부 「확인 불가」. hwp 는 쪽 정보가 없어 위치는 이 md 줄 번호(1부터) · 본문 줄은 공백 제거 후 같은 줄을 목차 순서대로 찾은 것","은행연합회 www.kfb.or.kr 자율규제·모범규준 게시판(2026.1.6 개정본) — 원문 미수집: https://www.kfb.or.kr/robots.txt (HTTP 200, 2026-10-01T17:15:49+09:00, sha256 133e4db054e73a10…): 「User-agent: * / Disallow: /」; https://kfb.or.kr/robots.txt (HTTP 200, 2026-10-01T17:15:52+09:00, sha256 133e4db054e73a10…): 「User-agent: * / Disallow: /」; https://portal.kfb.or.kr/robots.txt (HTTP 200, 2026-10-01T17:15:55+09:00, sha256 133e4db054e73a10…): 「User-agent: * / Disallow: /」",생명보험협회 https://www.klia.or.kr/member/insurRegul/selfRegul/list.do(회원사 > 자율규제운영 > 자율규제 규정정보) 「지배구조 및 보수체계 연차보고서 작성기준」(제·개정월 2026-01) 원문보기 https://www.klia.or.kr/FileDown.do?fileNo=21190&seq=2 · 원파일명 지배구조 및 보수체계 연차보고서 작성기준(20260123).hwp · sha256 be90c671e983fa26d64d3b38a231c1807745ba4960a597985875cd0a76069b6f · 텍스트 handoff/원문_10차/작성기준_생보협회.md,2026-10-01T17:16:07+09:00
목차,1) 총괄,확인 불가,확인 불가(원문 미수집),제2절 1. 나. 1) · 목차표 md 272행 · 목차상 95쪽 · 본문 md 2213행,1) 총괄,확인 불가,"은행연합회 원문 미수집(robots.txt 「User-agent: * / Disallow: /」, 우회 없음) — 대조 불가라 차이여부 「확인 불가」. hwp 는 쪽 정보가 없어 위치는 이 md 줄 번호(1부터) · 본문 줄은 공백 제거 후 같은 줄을 목차 순서대로 찾은 것","은행연합회 www.kfb.or.kr 자율규제·모범규준 게시판(2026.1.6 개정본) — 원문 미수집: https://www.kfb.or.kr/robots.txt (HTTP 200, 2026-10-01T17:15:49+09:00, sha256 133e4db054e73a10…): 「User-agent: * / Disallow: /」; https://kfb.or.kr/robots.txt (HTTP 200, 2026-10-01T17:15:52+09:00, sha256 133e4db054e73a10…): 「User-agent: * / Disallow: /」; https://portal.kfb.or.kr/robots.txt (HTTP 200, 2026-10-01T17:15:55+09:00, sha256 133e4db054e73a10…): 「User-agent: * / Disallow: /」",생명보험협회 https://www.klia.or.kr/member/insurRegul/selfRegul/list.do(회원사 > 자율규제운영 > 자율규제 규정정보) 「지배구조 및 보수체계 연차보고서 작성기준」(제·개정월 2026-01) 원문보기 https://www.klia.or.kr/FileDown.do?fileNo=21190&seq=2 · 원파일명 지배구조 및 보수체계 연차보고서 작성기준(20260123).hwp · sha256 be90c671e983fa26d64d3b38a231c1807745ba4960a597985875cd0a76069b6f · 텍스트 handoff/원문_10차/작성기준_생보협회.md,2026-10-01T17:16:07+09:00
목차,2) 구성원,확인 불가,확인 불가(원문 미수집),제2절 1. 나. 2) · 목차표 md 273행 · 목차상 96쪽 · 본문 md 2239행,2) 구성원,확인 불가,"은행연합회 원문 미수집(robots.txt 「User-agent: * / Disallow: /」, 우회 없음) — 대조 불가라 차이여부 「확인 불가」. hwp 는 쪽 정보가 없어 위치는 이 md 줄 번호(1부터) · 본문 줄은 공백 제거 후 같은 줄을 목차 순서대로 찾은 것","은행연합회 www.kfb.or.kr 자율규제·모범규준 게시판(2026.1.6 개정본) — 원문 미수집: https://www.kfb.or.kr/robots.txt (HTTP 200, 2026-10-01T17:15:49+09:00, sha256 133e4db054e73a10…): 「User-agent: * / Disallow: /」; https://kfb.or.kr/robots.txt (HTTP 200, 2026-10-01T17:15:52+09:00, sha256 133e4db054e73a10…): 「User-agent: * / Disallow: /」; https://portal.kfb.or.kr/robots.txt (HTTP 200, 2026-10-01T17:15:55+09:00, sha256 133e4db054e73a10…): 「User-agent: * / Disallow: /」",생명보험협회 https://www.klia.or.kr/member/insurRegul/selfRegul/list.do(회원사 > 자율규제운영 > 자율규제 규정정보) 「지배구조 및 보수체계 연차보고서 작성기준」(제·개정월 2026-01) 원문보기 https://www.klia.or.kr/FileDown.do?fileNo=21190&seq=2 · 원파일명 지배구조 및 보수체계 연차보고서 작성기준(20260123).hwp · sha256 be90c671e983fa26d64d3b38a231c1807745ba4960a597985875cd0a76069b6f · 텍스트 handoff/원문_10차/작성기준_생보협회.md,2026-10-01T17:16:07+09:00
목차,"3) 위험관리, 준법감시 부서의 인원현황",확인 불가,확인 불가(원문 미수집),제2절 1. 나. 3) · 목차표 md 274행 · 목차상 96쪽 · 본문 같은 제목 줄 못 찾음,"3) 위험관리, 준법감시 부서의 인원현황",확인 불가,"은행연합회 원문 미수집(robots.txt 「User-agent: * / Disallow: /」, 우회 없음) — 대조 불가라 차이여부 「확인 불가」. hwp 는 쪽 정보가 없어 위치는 이 md 줄 번호(1부터) · 본문에서 공백 제거 후 같은 제목 줄을 못 찾음(목차표와 본문 표기가 다르거나 여러 항목을 한 칸에 묶음)","은행연합회 www.kfb.or.kr 자율규제·모범규준 게시판(2026.1.6 개정본) — 원문 미수집: https://www.kfb.or.kr/robots.txt (HTTP 200, 2026-10-01T17:15:49+09:00, sha256 133e4db054e73a10…): 「User-agent: * / Disallow: /」; https://kfb.or.kr/robots.txt (HTTP 200, 2026-10-01T17:15:52+09:00, sha256 133e4db054e73a10…): 「User-agent: * / Disallow: /」; https://portal.kfb.or.kr/robots.txt (HTTP 200, 2026-10-01T17:15:55+09:00, sha256 133e4db054e73a10…): 「User-agent: * / Disallow: /」",생명보험협회 https://www.klia.or.kr/member/insurRegul/selfRegul/list.do(회원사 > 자율규제운영 > 자율규제 규정정보) 「지배구조 및 보수체계 연차보고서 작성기준」(제·개정월 2026-01) 원문보기 https://www.klia.or.kr/FileDown.do?fileNo=21190&seq=2 · 원파일명 지배구조 및 보수체계 연차보고서 작성기준(20260123).hwp · sha256 be90c671e983fa26d64d3b38a231c1807745ba4960a597985875cd0a76069b6f · 텍스트 handoff/원문_10차/작성기준_생보협회.md,2026-10-01T17:16:07+09:00
목차,다. 권한과 책임,확인 불가,확인 불가(원문 미수집),제2절 1. 다. · 목차표 md 275행 · 목차상 97쪽 · 본문 md 2265행,다. 권한과 책임,확인 불가,"은행연합회 원문 미수집(robots.txt 「User-agent: * / Disallow: /」, 우회 없음) — 대조 불가라 차이여부 「확인 불가」. hwp 는 쪽 정보가 없어 위치는 이 md 줄 번호(1부터) · 본문 줄은 공백 제거 후 같은 줄을 목차 순서대로 찾은 것","은행연합회 www.kfb.or.kr 자율규제·모범규준 게시판(2026.1.6 개정본) — 원문 미수집: https://www.kfb.or.kr/robots.txt (HTTP 200, 2026-10-01T17:15:49+09:00, sha256 133e4db054e73a10…): 「User-agent: * / Disallow: /」; https://kfb.or.kr/robots.txt (HTTP 200, 2026-10-01T17:15:52+09:00, sha256 133e4db054e73a10…): 「User-agent: * / Disallow: /」; https://portal.kfb.or.kr/robots.txt (HTTP 200, 2026-10-01T17:15:55+09:00, sha256 133e4db054e73a10…): 「User-agent: * / Disallow: /」",생명보험협회 https://www.klia.or.kr/member/insurRegul/selfRegul/list.do(회원사 > 자율규제운영 > 자율규제 규정정보) 「지배구조 및 보수체계 연차보고서 작성기준」(제·개정월 2026-01) 원문보기 https://www.klia.or.kr/FileDown.do?fileNo=21190&seq=2 · 원파일명 지배구조 및 보수체계 연차보고서 작성기준(20260123).hwp · sha256 be90c671e983fa26d64d3b38a231c1807745ba4960a597985875cd0a76069b6f · 텍스트 handoff/원문_10차/작성기준_생보협회.md,2026-10-01T17:16:07+09:00
목차,1) 총괄,확인 불가,확인 불가(원문 미수집),제2절 1. 다. 1) · 목차표 md 276행 · 목차상 97쪽 · 본문 md 2271행,1) 총괄,확인 불가,"은행연합회 원문 미수집(robots.txt 「User-agent: * / Disallow: /」, 우회 없음) — 대조 불가라 차이여부 「확인 불가」. hwp 는 쪽 정보가 없어 위치는 이 md 줄 번호(1부터) · 본문 줄은 공백 제거 후 같은 줄을 목차 순서대로 찾은 것","은행연합회 www.kfb.or.kr 자율규제·모범규준 게시판(2026.1.6 개정본) — 원문 미수집: https://www.kfb.or.kr/robots.txt (HTTP 200, 2026-10-01T17:15:49+09:00, sha256 133e4db054e73a10…): 「User-agent: * / Disallow: /」; https://kfb.or.kr/robots.txt (HTTP 200, 2026-10-01T17:15:52+09:00, sha256 133e4db054e73a10…): 「User-agent: * / Disallow: /」; https://portal.kfb.or.kr/robots.txt (HTTP 200, 2026-10-01T17:15:55+09:00, sha256 133e4db054e73a10…): 「User-agent: * / Disallow: /」",생명보험협회 https://www.klia.or.kr/member/insurRegul/selfRegul/list.do(회원사 > 자율규제운영 > 자율규제 규정정보) 「지배구조 및 보수체계 연차보고서 작성기준」(제·개정월 2026-01) 원문보기 https://www.klia.or.kr/FileDown.do?fileNo=21190&seq=2 · 원파일명 지배구조 및 보수체계 연차보고서 작성기준(20260123).hwp · sha256 be90c671e983fa26d64d3b38a231c1807745ba4960a597985875cd0a76069b6f · 텍스트 handoff/원문_10차/작성기준_생보협회.md,2026-10-01T17:16:07+09:00
목차,2) 보수의 결정 및 지급방식에 관한 사항 심의·의결,확인 불가,확인 불가(원문 미수집),제2절 1. 다. 2) · 목차표 md 277행 · 목차상 97쪽 · 본문 md 2280행,2) 보수의 결정 및 지급방식에 관한 사항 심의·의결,확인 불가,"은행연합회 원문 미수집(robots.txt 「User-agent: * / Disallow: /」, 우회 없음) — 대조 불가라 차이여부 「확인 불가」. hwp 는 쪽 정보가 없어 위치는 이 md 줄 번호(1부터) · 본문 줄은 공백 제거 후 같은 줄을 목차 순서대로 찾은 것","은행연합회 www.kfb.or.kr 자율규제·모범규준 게시판(2026.1.6 개정본) — 원문 미수집: https://www.kfb.or.kr/robots.txt (HTTP 200, 2026-10-01T17:15:49+09:00, sha256 133e4db054e73a10…): 「User-agent: * / Disallow: /」; https://kfb.or.kr/robots.txt (HTTP 200, 2026-10-01T17:15:52+09:00, sha256 133e4db054e73a10…): 「User-agent: * / Disallow: /」; https://portal.kfb.or.kr/robots.txt (HTTP 200, 2026-10-01T17:15:55+09:00, sha256 133e4db054e73a10…): 「User-agent: * / Disallow: /」",생명보험협회 https://www.klia.or.kr/member/insurRegul/selfRegul/list.do(회원사 > 자율규제운영 > 자율규제 규정정보) 「지배구조 및 보수체계 연차보고서 작성기준」(제·개정월 2026-01) 원문보기 https://www.klia.or.kr/FileDown.do?fileNo=21190&seq=2 · 원파일명 지배구조 및 보수체계 연차보고서 작성기준(20260123).hwp · sha256 be90c671e983fa26d64d3b38a231c1807745ba4960a597985875cd0a76069b6f · 텍스트 handoff/원문_10차/작성기준_생보협회.md,2026-10-01T17:16:07+09:00
목차,3) 보수지급에 관한 연차보고서의 작성 및 공시에 관한 사항 심의·의결,확인 불가,확인 불가(원문 미수집),제2절 1. 다. 3) · 목차표 md 278행 · 목차상 98쪽 · 본문 md 2285행,3) 보수지급에 관한 연차보고서의 작성 및 공시에 관한 사항 심의·의결,확인 불가,"은행연합회 원문 미수집(robots.txt 「User-agent: * / Disallow: /」, 우회 없음) — 대조 불가라 차이여부 「확인 불가」. hwp 는 쪽 정보가 없어 위치는 이 md 줄 번호(1부터) · 본문 줄은 공백 제거 후 같은 줄을 목차 순서대로 찾은 것","은행연합회 www.kfb.or.kr 자율규제·모범규준 게시판(2026.1.6 개정본) — 원문 미수집: https://www.kfb.or.kr/robots.txt (HTTP 200, 2026-10-01T17:15:49+09:00, sha256 133e4db054e73a10…): 「User-agent: * / Disallow: /」; https://kfb.or.kr/robots.txt (HTTP 200, 2026-10-01T17:15:52+09:00, sha256 133e4db054e73a10…): 「User-agent: * / Disallow: /」; https://portal.kfb.or.kr/robots.txt (HTTP 200, 2026-10-01T17:15:55+09:00, sha256 133e4db054e73a10…): 「User-agent: * / Disallow: /」",생명보험협회 https://www.klia.or.kr/member/insurRegul/selfRegul/list.do(회원사 > 자율규제운영 > 자율규제 규정정보) 「지배구조 및 보수체계 연차보고서 작성기준」(제·개정월 2026-01) 원문보기 https://www.klia.or.kr/FileDown.do?fileNo=21190&seq=2 · 원파일명 지배구조 및 보수체계 연차보고서 작성기준(20260123).hwp · sha256 be90c671e983fa26d64d3b38a231c1807745ba4960a597985875cd0a76069b6f · 텍스트 handoff/원문_10차/작성기준_생보협회.md,2026-10-01T17:16:07+09:00
목차,4) 보수체계의 설계·운영 및 그 설계·운영의 적정성 평가 등에 관한 사항 심의·의결,확인 불가,확인 불가(원문 미수집),제2절 1. 다. 4) · 목차표 md 279행 · 목차상 98쪽 · 본문 md 2289행,4) 보수체계의 설계·운영 및 그 설계·운영의 적정성 평가 등에 관한 사항 심의·의결,확인 불가,"은행연합회 원문 미수집(robots.txt 「User-agent: * / Disallow: /」, 우회 없음) — 대조 불가라 차이여부 「확인 불가」. hwp 는 쪽 정보가 없어 위치는 이 md 줄 번호(1부터) · 본문 줄은 공백 제거 후 같은 줄을 목차 순서대로 찾은 것","은행연합회 www.kfb.or.kr 자율규제·모범규준 게시판(2026.1.6 개정본) — 원문 미수집: https://www.kfb.or.kr/robots.txt (HTTP 200, 2026-10-01T17:15:49+09:00, sha256 133e4db054e73a10…): 「User-agent: * / Disallow: /」; https://kfb.or.kr/robots.txt (HTTP 200, 2026-10-01T17:15:52+09:00, sha256 133e4db054e73a10…): 「User-agent: * / Disallow: /」; https://portal.kfb.or.kr/robots.txt (HTTP 200, 2026-10-01T17:15:55+09:00, sha256 133e4db054e73a10…): 「User-agent: * / Disallow: /」",생명보험협회 https://www.klia.or.kr/member/insurRegul/selfRegul/list.do(회원사 > 자율규제운영 > 자율규제 규정정보) 「지배구조 및 보수체계 연차보고서 작성기준」(제·개정월 2026-01) 원문보기 https://www.klia.or.kr/FileDown.do?fileNo=21190&seq=2 · 원파일명 지배구조 및 보수체계 연차보고서 작성기준(20260123).hwp · sha256 be90c671e983fa26d64d3b38a231c1807745ba4960a597985875cd0a76069b6f · 텍스트 handoff/원문_10차/작성기준_생보협회.md,2026-10-01T17:16:07+09:00
목차,5) 보수정책에 대한 의사결정 절차와 관련된 사항 심의·의결,확인 불가,확인 불가(원문 미수집),제2절 1. 다. 5) · 목차표 md 280행 · 목차상 98쪽 · 본문 md 2294행,5) 보수정책에 대한 의사결정 절차와 관련된 사항 심의·의결,확인 불가,"은행연합회 원문 미수집(robots.txt 「User-agent: * / Disallow: /」, 우회 없음) — 대조 불가라 차이여부 「확인 불가」. hwp 는 쪽 정보가 없어 위치는 이 md 줄 번호(1부터) · 본문 줄은 공백 제거 후 같은 줄을 목차 순서대로 찾은 것","은행연합회 www.kfb.or.kr 자율규제·모범규준 게시판(2026.1.6 개정본) — 원문 미수집: https://www.kfb.or.kr/robots.txt (HTTP 200, 2026-10-01T17:15:49+09:00, sha256 133e4db054e73a10…): 「User-agent: * / Disallow: /」; https://kfb.or.kr/robots.txt (HTTP 200, 2026-10-01T17:15:52+09:00, sha256 133e4db054e73a10…): 「User-agent: * / Disallow: /」; https://portal.kfb.or.kr/robots.txt (HTTP 200, 2026-10-01T17:15:55+09:00, sha256 133e4db054e73a10…): 「User-agent: * / Disallow: /」",생명보험협회 https://www.klia.or.kr/member/insurRegul/selfRegul/list.do(회원사 > 자율규제운영 > 자율규제 규정정보) 「지배구조 및 보수체계 연차보고서 작성기준」(제·개정월 2026-01) 원문보기 https://www.klia.or.kr/FileDown.do?fileNo=21190&seq=2 · 원파일명 지배구조 및 보수체계 연차보고서 작성기준(20260123).hwp · sha256 be90c671e983fa26d64d3b38a231c1807745ba4960a597985875cd0a76069b6f · 텍스트 handoff/원문_10차/작성기준_생보협회.md,2026-10-01T17:16:07+09:00
목차,6) 금융회사의 보수체계 와 재무상황 및 위험과의 연계성 및 이 법규 준수 여부에 대한 상시점검,확인 불가,확인 불가(원문 미수집),제2절 1. 다. 6) · 목차표 md 281행 · 목차상 99쪽 · 본문 md 2299행,6) 금융회사의 보수체계 와 재무상황 및 위험과의 연계성 및 이 법규 준수 여부에 대한 상시점검,확인 불가,"은행연합회 원문 미수집(robots.txt 「User-agent: * / Disallow: /」, 우회 없음) — 대조 불가라 차이여부 「확인 불가」. hwp 는 쪽 정보가 없어 위치는 이 md 줄 번호(1부터) · 본문 줄은 공백 제거 후 같은 줄을 목차 순서대로 찾은 것","은행연합회 www.kfb.or.kr 자율규제·모범규준 게시판(2026.1.6 개정본) — 원문 미수집: https://www.kfb.or.kr/robots.txt (HTTP 200, 2026-10-01T17:15:49+09:00, sha256 133e4db054e73a10…): 「User-agent: * / Disallow: /」; https://kfb.or.kr/robots.txt (HTTP 200, 2026-10-01T17:15:52+09:00, sha256 133e4db054e73a10…): 「User-agent: * / Disallow: /」; https://portal.kfb.or.kr/robots.txt (HTTP 200, 2026-10-01T17:15:55+09:00, sha256 133e4db054e73a10…): 「User-agent: * / Disallow: /」",생명보험협회 https://www.klia.or.kr/member/insurRegul/selfRegul/list.do(회원사 > 자율규제운영 > 자율규제 규정정보) 「지배구조 및 보수체계 연차보고서 작성기준」(제·개정월 2026-01) 원문보기 https://www.klia.or.kr/FileDown.do?fileNo=21190&seq=2 · 원파일명 지배구조 및 보수체계 연차보고서 작성기준(20260123).hwp · sha256 be90c671e983fa26d64d3b38a231c1807745ba4960a597985875cd0a76069b6f · 텍스트 handoff/원문_10차/작성기준_생보협회.md,2026-10-01T17:16:07+09:00
목차,7) 보수위원회 보수정책의 적용 범위,확인 불가,확인 불가(원문 미수집),제2절 1. 다. 7) · 목차표 md 282행 · 목차상 99쪽 · 본문 md 2305행,7) 보수위원회 보수정책의 적용 범위,확인 불가,"은행연합회 원문 미수집(robots.txt 「User-agent: * / Disallow: /」, 우회 없음) — 대조 불가라 차이여부 「확인 불가」. hwp 는 쪽 정보가 없어 위치는 이 md 줄 번호(1부터) · 본문 줄은 공백 제거 후 같은 줄을 목차 순서대로 찾은 것","은행연합회 www.kfb.or.kr 자율규제·모범규준 게시판(2026.1.6 개정본) — 원문 미수집: https://www.kfb.or.kr/robots.txt (HTTP 200, 2026-10-01T17:15:49+09:00, sha256 133e4db054e73a10…): 「User-agent: * / Disallow: /」; https://kfb.or.kr/robots.txt (HTTP 200, 2026-10-01T17:15:52+09:00, sha256 133e4db054e73a10…): 「User-agent: * / Disallow: /」; https://portal.kfb.or.kr/robots.txt (HTTP 200, 2026-10-01T17:15:55+09:00, sha256 133e4db054e73a10…): 「User-agent: * / Disallow: /」",생명보험협회 https://www.klia.or.kr/member/insurRegul/selfRegul/list.do(회원사 > 자율규제운영 > 자율규제 규정정보) 「지배구조 및 보수체계 연차보고서 작성기준」(제·개정월 2026-01) 원문보기 https://www.klia.or.kr/FileDown.do?fileNo=21190&seq=2 · 원파일명 지배구조 및 보수체계 연차보고서 작성기준(20260123).hwp · sha256 be90c671e983fa26d64d3b38a231c1807745ba4960a597985875cd0a76069b6f · 텍스트 handoff/원문_10차/작성기준_생보협회.md,2026-10-01T17:16:07+09:00
목차,"8) 임원, 금융투자업무담당자 등에 대한 변동보상 대상자의 결정",확인 불가,확인 불가(원문 미수집),제2절 1. 다. 8) · 목차표 md 283행 · 목차상 99쪽 · 본문 md 2314행,"8) 임원, 금융투자업무담당자 등에 대한 변동보상 대상자의 결정",확인 불가,"은행연합회 원문 미수집(robots.txt 「User-agent: * / Disallow: /」, 우회 없음) — 대조 불가라 차이여부 「확인 불가」. hwp 는 쪽 정보가 없어 위치는 이 md 줄 번호(1부터) · 본문 줄은 공백 제거 후 같은 줄을 목차 순서대로 찾은 것","은행연합회 www.kfb.or.kr 자율규제·모범규준 게시판(2026.1.6 개정본) — 원문 미수집: https://www.kfb.or.kr/robots.txt (HTTP 200, 2026-10-01T17:15:49+09:00, sha256 133e4db054e73a10…): 「User-agent: * / Disallow: /」; https://kfb.or.kr/robots.txt (HTTP 200, 2026-10-01T17:15:52+09:00, sha256 133e4db054e73a10…): 「User-agent: * / Disallow: /」; https://portal.kfb.or.kr/robots.txt (HTTP 200, 2026-10-01T17:15:55+09:00, sha256 133e4db054e73a10…): 「User-agent: * / Disallow: /」",생명보험협회 https://www.klia.or.kr/member/insurRegul/selfRegul/list.do(회원사 > 자율규제운영 > 자율규제 규정정보) 「지배구조 및 보수체계 연차보고서 작성기준」(제·개정월 2026-01) 원문보기 https://www.klia.or.kr/FileDown.do?fileNo=21190&seq=2 · 원파일명 지배구조 및 보수체계 연차보고서 작성기준(20260123).hwp · sha256 be90c671e983fa26d64d3b38a231c1807745ba4960a597985875cd0a76069b6f · 텍스트 handoff/원문_10차/작성기준_생보협회.md,2026-10-01T17:16:07+09:00
목차,9) 기타,확인 불가,확인 불가(원문 미수집),제2절 1. 다. 9) · 목차표 md 284행 · 목차상 100쪽 · 본문 md 2329행,9) 기타,확인 불가,"은행연합회 원문 미수집(robots.txt 「User-agent: * / Disallow: /」, 우회 없음) — 대조 불가라 차이여부 「확인 불가」. hwp 는 쪽 정보가 없어 위치는 이 md 줄 번호(1부터) · 본문 줄은 공백 제거 후 같은 줄을 목차 순서대로 찾은 것","은행연합회 www.kfb.or.kr 자율규제·모범규준 게시판(2026.1.6 개정본) — 원문 미수집: https://www.kfb.or.kr/robots.txt (HTTP 200, 2026-10-01T17:15:49+09:00, sha256 133e4db054e73a10…): 「User-agent: * / Disallow: /」; https://kfb.or.kr/robots.txt (HTTP 200, 2026-10-01T17:15:52+09:00, sha256 133e4db054e73a10…): 「User-agent: * / Disallow: /」; https://portal.kfb.or.kr/robots.txt (HTTP 200, 2026-10-01T17:15:55+09:00, sha256 133e4db054e73a10…): 「User-agent: * / Disallow: /」",생명보험협회 https://www.klia.or.kr/member/insurRegul/selfRegul/list.do(회원사 > 자율규제운영 > 자율규제 규정정보) 「지배구조 및 보수체계 연차보고서 작성기준」(제·개정월 2026-01) 원문보기 https://www.klia.or.kr/FileDown.do?fileNo=21190&seq=2 · 원파일명 지배구조 및 보수체계 연차보고서 작성기준(20260123).hwp · sha256 be90c671e983fa26d64d3b38a231c1807745ba4960a597985875cd0a76069b6f · 텍스트 handoff/원문_10차/작성기준_생보협회.md,2026-10-01T17:16:07+09:00
목차,라. 활동내역 및 평가,확인 불가,확인 불가(원문 미수집),제2절 1. 라. · 목차표 md 285행 · 목차상 100쪽 · 본문 md 2330행,라. 활동내역 및 평가,확인 불가,"은행연합회 원문 미수집(robots.txt 「User-agent: * / Disallow: /」, 우회 없음) — 대조 불가라 차이여부 「확인 불가」. hwp 는 쪽 정보가 없어 위치는 이 md 줄 번호(1부터) · 본문 줄은 공백 제거 후 같은 줄을 목차 순서대로 찾은 것","은행연합회 www.kfb.or.kr 자율규제·모범규준 게시판(2026.1.6 개정본) — 원문 미수집: https://www.kfb.or.kr/robots.txt (HTTP 200, 2026-10-01T17:15:49+09:00, sha256 133e4db054e73a10…): 「User-agent: * / Disallow: /」; https://kfb.or.kr/robots.txt (HTTP 200, 2026-10-01T17:15:52+09:00, sha256 133e4db054e73a10…): 「User-agent: * / Disallow: /」; https://portal.kfb.or.kr/robots.txt (HTTP 200, 2026-10-01T17:15:55+09:00, sha256 133e4db054e73a10…): 「User-agent: * / Disallow: /」",생명보험협회 https://www.klia.or.kr/member/insurRegul/selfRegul/list.do(회원사 > 자율규제운영 > 자율규제 규정정보) 「지배구조 및 보수체계 연차보고서 작성기준」(제·개정월 2026-01) 원문보기 https://www.klia.or.kr/FileDown.do?fileNo=21190&seq=2 · 원파일명 지배구조 및 보수체계 연차보고서 작성기준(20260123).hwp · sha256 be90c671e983fa26d64d3b38a231c1807745ba4960a597985875cd0a76069b6f · 텍스트 handoff/원문_10차/작성기준_생보협회.md,2026-10-01T17:16:07+09:00
목차,1) 의사결정 절차,확인 불가,확인 불가(원문 미수집),제2절 1. 라. 1) · 목차표 md 286행 · 목차상 100쪽 · 본문 md 2336행,1) 의사결정 절차,확인 불가,"은행연합회 원문 미수집(robots.txt 「User-agent: * / Disallow: /」, 우회 없음) — 대조 불가라 차이여부 「확인 불가」. hwp 는 쪽 정보가 없어 위치는 이 md 줄 번호(1부터) · 본문 줄은 공백 제거 후 같은 줄을 목차 순서대로 찾은 것","은행연합회 www.kfb.or.kr 자율규제·모범규준 게시판(2026.1.6 개정본) — 원문 미수집: https://www.kfb.or.kr/robots.txt (HTTP 200, 2026-10-01T17:15:49+09:00, sha256 133e4db054e73a10…): 「User-agent: * / Disallow: /」; https://kfb.or.kr/robots.txt (HTTP 200, 2026-10-01T17:15:52+09:00, sha256 133e4db054e73a10…): 「User-agent: * / Disallow: /」; https://portal.kfb.or.kr/robots.txt (HTTP 200, 2026-10-01T17:15:55+09:00, sha256 133e4db054e73a10…): 「User-agent: * / Disallow: /」",생명보험협회 https://www.klia.or.kr/member/insurRegul/selfRegul/list.do(회원사 > 자율규제운영 > 자율규제 규정정보) 「지배구조 및 보수체계 연차보고서 작성기준」(제·개정월 2026-01) 원문보기 https://www.klia.or.kr/FileDown.do?fileNo=21190&seq=2 · 원파일명 지배구조 및 보수체계 연차보고서 작성기준(20260123).hwp · sha256 be90c671e983fa26d64d3b38a231c1807745ba4960a597985875cd0a76069b6f · 텍스트 handoff/원문_10차/작성기준_생보협회.md,2026-10-01T17:16:07+09:00
목차,2) 활동내역 개요,확인 불가,확인 불가(원문 미수집),제2절 1. 라. 2) · 목차표 md 287행 · 목차상 101쪽 · 본문 md 2346행,2) 활동내역 개요,확인 불가,"은행연합회 원문 미수집(robots.txt 「User-agent: * / Disallow: /」, 우회 없음) — 대조 불가라 차이여부 「확인 불가」. hwp 는 쪽 정보가 없어 위치는 이 md 줄 번호(1부터) · 본문 줄은 공백 제거 후 같은 줄을 목차 순서대로 찾은 것","은행연합회 www.kfb.or.kr 자율규제·모범규준 게시판(2026.1.6 개정본) — 원문 미수집: https://www.kfb.or.kr/robots.txt (HTTP 200, 2026-10-01T17:15:49+09:00, sha256 133e4db054e73a10…): 「User-agent: * / Disallow: /」; https://kfb.or.kr/robots.txt (HTTP 200, 2026-10-01T17:15:52+09:00, sha256 133e4db054e73a10…): 「User-agent: * / Disallow: /」; https://portal.kfb.or.kr/robots.txt (HTTP 200, 2026-10-01T17:15:55+09:00, sha256 133e4db054e73a10…): 「User-agent: * / Disallow: /」",생명보험협회 https://www.klia.or.kr/member/insurRegul/selfRegul/list.do(회원사 > 자율규제운영 > 자율규제 규정정보) 「지배구조 및 보수체계 연차보고서 작성기준」(제·개정월 2026-01) 원문보기 https://www.klia.or.kr/FileDown.do?fileNo=21190&seq=2 · 원파일명 지배구조 및 보수체계 연차보고서 작성기준(20260123).hwp · sha256 be90c671e983fa26d64d3b38a231c1807745ba4960a597985875cd0a76069b6f · 텍스트 handoff/원문_10차/작성기준_생보협회.md,2026-10-01T17:16:07+09:00
목차,3) 회의 개최내역,확인 불가,확인 불가(원문 미수집),제2절 1. 라. 3) · 목차표 md 288행 · 목차상 101쪽 · 본문 md 2347행,3) 회의 개최내역,확인 불가,"은행연합회 원문 미수집(robots.txt 「User-agent: * / Disallow: /」, 우회 없음) — 대조 불가라 차이여부 「확인 불가」. hwp 는 쪽 정보가 없어 위치는 이 md 줄 번호(1부터) · 본문 줄은 공백 제거 후 같은 줄을 목차 순서대로 찾은 것","은행연합회 www.kfb.or.kr 자율규제·모범규준 게시판(2026.1.6 개정본) — 원문 미수집: https://www.kfb.or.kr/robots.txt (HTTP 200, 2026-10-01T17:15:49+09:00, sha256 133e4db054e73a10…): 「User-agent: * / Disallow: /」; https://kfb.or.kr/robots.txt (HTTP 200, 2026-10-01T17:15:52+09:00, sha256 133e4db054e73a10…): 「User-agent: * / Disallow: /」; https://portal.kfb.or.kr/robots.txt (HTTP 200, 2026-10-01T17:15:55+09:00, sha256 133e4db054e73a10…): 「User-agent: * / Disallow: /」",생명보험협회 https://www.klia.or.kr/member/insurRegul/selfRegul/list.do(회원사 > 자율규제운영 > 자율규제 규정정보) 「지배구조 및 보수체계 연차보고서 작성기준」(제·개정월 2026-01) 원문보기 https://www.klia.or.kr/FileDown.do?fileNo=21190&seq=2 · 원파일명 지배구조 및 보수체계 연차보고서 작성기준(20260123).hwp · sha256 be90c671e983fa26d64d3b38a231c1807745ba4960a597985875cd0a76069b6f · 텍스트 handoff/원문_10차/작성기준_생보협회.md,2026-10-01T17:16:07+09:00
목차,4) 평가,확인 불가,확인 불가(원문 미수집),제2절 1. 라. 4) · 목차표 md 289행 · 목차상 101쪽 · 본문 md 2365행,4) 평가,확인 불가,"은행연합회 원문 미수집(robots.txt 「User-agent: * / Disallow: /」, 우회 없음) — 대조 불가라 차이여부 「확인 불가」. hwp 는 쪽 정보가 없어 위치는 이 md 줄 번호(1부터) · 본문 줄은 공백 제거 후 같은 줄을 목차 순서대로 찾은 것","은행연합회 www.kfb.or.kr 자율규제·모범규준 게시판(2026.1.6 개정본) — 원문 미수집: https://www.kfb.or.kr/robots.txt (HTTP 200, 2026-10-01T17:15:49+09:00, sha256 133e4db054e73a10…): 「User-agent: * / Disallow: /」; https://kfb.or.kr/robots.txt (HTTP 200, 2026-10-01T17:15:52+09:00, sha256 133e4db054e73a10…): 「User-agent: * / Disallow: /」; https://portal.kfb.or.kr/robots.txt (HTTP 200, 2026-10-01T17:15:55+09:00, sha256 133e4db054e73a10…): 「User-agent: * / Disallow: /」",생명보험협회 https://www.klia.or.kr/member/insurRegul/selfRegul/list.do(회원사 > 자율규제운영 > 자율규제 규정정보) 「지배구조 및 보수체계 연차보고서 작성기준」(제·개정월 2026-01) 원문보기 https://www.klia.or.kr/FileDown.do?fileNo=21190&seq=2 · 원파일명 지배구조 및 보수체계 연차보고서 작성기준(20260123).hwp · sha256 be90c671e983fa26d64d3b38a231c1807745ba4960a597985875cd0a76069b6f · 텍스트 handoff/원문_10차/작성기준_생보협회.md,2026-10-01T17:16:07+09:00
목차,2. 보수체계,확인 불가,확인 불가(원문 미수집),제2절 2. · 목차표 md 291행 · 목차상 103쪽 · 본문 md 2376행,2. 보수체계,확인 불가,"은행연합회 원문 미수집(robots.txt 「User-agent: * / Disallow: /」, 우회 없음) — 대조 불가라 차이여부 「확인 불가」. hwp 는 쪽 정보가 없어 위치는 이 md 줄 번호(1부터) · 본문 줄은 공백 제거 후 같은 줄을 목차 순서대로 찾은 것","은행연합회 www.kfb.or.kr 자율규제·모범규준 게시판(2026.1.6 개정본) — 원문 미수집: https://www.kfb.or.kr/robots.txt (HTTP 200, 2026-10-01T17:15:49+09:00, sha256 133e4db054e73a10…): 「User-agent: * / Disallow: /」; https://kfb.or.kr/robots.txt (HTTP 200, 2026-10-01T17:15:52+09:00, sha256 133e4db054e73a10…): 「User-agent: * / Disallow: /」; https://portal.kfb.or.kr/robots.txt (HTTP 200, 2026-10-01T17:15:55+09:00, sha256 133e4db054e73a10…): 「User-agent: * / Disallow: /」",생명보험협회 https://www.klia.or.kr/member/insurRegul/selfRegul/list.do(회원사 > 자율규제운영 > 자율규제 규정정보) 「지배구조 및 보수체계 연차보고서 작성기준」(제·개정월 2026-01) 원문보기 https://www.klia.or.kr/FileDown.do?fileNo=21190&seq=2 · 원파일명 지배구조 및 보수체계 연차보고서 작성기준(20260123).hwp · sha256 be90c671e983fa26d64d3b38a231c1807745ba4960a597985875cd0a76069b6f · 텍스트 handoff/원문_10차/작성기준_생보협회.md,2026-10-01T17:16:07+09:00
목차,가. 주요사항,확인 불가,확인 불가(원문 미수집),제2절 2. 가. · 목차표 md 292행 · 목차상 103쪽 · 본문 md 2377행,가. 주요사항,확인 불가,"은행연합회 원문 미수집(robots.txt 「User-agent: * / Disallow: /」, 우회 없음) — 대조 불가라 차이여부 「확인 불가」. hwp 는 쪽 정보가 없어 위치는 이 md 줄 번호(1부터) · 본문 줄은 공백 제거 후 같은 줄을 목차 순서대로 찾은 것","은행연합회 www.kfb.or.kr 자율규제·모범규준 게시판(2026.1.6 개정본) — 원문 미수집: https://www.kfb.or.kr/robots.txt (HTTP 200, 2026-10-01T17:15:49+09:00, sha256 133e4db054e73a10…): 「User-agent: * / Disallow: /」; https://kfb.or.kr/robots.txt (HTTP 200, 2026-10-01T17:15:52+09:00, sha256 133e4db054e73a10…): 「User-agent: * / Disallow: /」; https://portal.kfb.or.kr/robots.txt (HTTP 200, 2026-10-01T17:15:55+09:00, sha256 133e4db054e73a10…): 「User-agent: * / Disallow: /」",생명보험협회 https://www.klia.or.kr/member/insurRegul/selfRegul/list.do(회원사 > 자율규제운영 > 자율규제 규정정보) 「지배구조 및 보수체계 연차보고서 작성기준」(제·개정월 2026-01) 원문보기 https://www.klia.or.kr/FileDown.do?fileNo=21190&seq=2 · 원파일명 지배구조 및 보수체계 연차보고서 작성기준(20260123).hwp · sha256 be90c671e983fa26d64d3b38a231c1807745ba4960a597985875cd0a76069b6f · 텍스트 handoff/원문_10차/작성기준_생보협회.md,2026-10-01T17:16:07+09:00
목차,1) 성과측정 및 성과와 보수의 연계방식,확인 불가,확인 불가(원문 미수집),제2절 2. 가. 1) · 목차표 md 293행 · 목차상 103쪽 · 본문 md 2378행,1) 성과측정 및 성과와 보수의 연계방식,확인 불가,"은행연합회 원문 미수집(robots.txt 「User-agent: * / Disallow: /」, 우회 없음) — 대조 불가라 차이여부 「확인 불가」. hwp 는 쪽 정보가 없어 위치는 이 md 줄 번호(1부터) · 본문 줄은 공백 제거 후 같은 줄을 목차 순서대로 찾은 것","은행연합회 www.kfb.or.kr 자율규제·모범규준 게시판(2026.1.6 개정본) — 원문 미수집: https://www.kfb.or.kr/robots.txt (HTTP 200, 2026-10-01T17:15:49+09:00, sha256 133e4db054e73a10…): 「User-agent: * / Disallow: /」; https://kfb.or.kr/robots.txt (HTTP 200, 2026-10-01T17:15:52+09:00, sha256 133e4db054e73a10…): 「User-agent: * / Disallow: /」; https://portal.kfb.or.kr/robots.txt (HTTP 200, 2026-10-01T17:15:55+09:00, sha256 133e4db054e73a10…): 「User-agent: * / Disallow: /」",생명보험협회 https://www.klia.or.kr/member/insurRegul/selfRegul/list.do(회원사 > 자율규제운영 > 자율규제 규정정보) 「지배구조 및 보수체계 연차보고서 작성기준」(제·개정월 2026-01) 원문보기 https://www.klia.or.kr/FileDown.do?fileNo=21190&seq=2 · 원파일명 지배구조 및 보수체계 연차보고서 작성기준(20260123).hwp · sha256 be90c671e983fa26d64d3b38a231c1807745ba4960a597985875cd0a76069b6f · 텍스트 handoff/원문_10차/작성기준_생보협회.md,2026-10-01T17:16:07+09:00
목차,"2) 성과보수 이연 및 조정, 환수, 지급확정 기준",확인 불가,확인 불가(원문 미수집),제2절 2. 가. 2) · 목차표 md 294행 · 목차상 104쪽 · 본문 md 2393행,"2) 성과보수 이연 및 조정, 환수, 지급확정 기준",확인 불가,"은행연합회 원문 미수집(robots.txt 「User-agent: * / Disallow: /」, 우회 없음) — 대조 불가라 차이여부 「확인 불가」. hwp 는 쪽 정보가 없어 위치는 이 md 줄 번호(1부터) · 본문 줄은 공백 제거 후 같은 줄을 목차 순서대로 찾은 것","은행연합회 www.kfb.or.kr 자율규제·모범규준 게시판(2026.1.6 개정본) — 원문 미수집: https://www.kfb.or.kr/robots.txt (HTTP 200, 2026-10-01T17:15:49+09:00, sha256 133e4db054e73a10…): 「User-agent: * / Disallow: /」; https://kfb.or.kr/robots.txt (HTTP 200, 2026-10-01T17:15:52+09:00, sha256 133e4db054e73a10…): 「User-agent: * / Disallow: /」; https://portal.kfb.or.kr/robots.txt (HTTP 200, 2026-10-01T17:15:55+09:00, sha256 133e4db054e73a10…): 「User-agent: * / Disallow: /」",생명보험협회 https://www.klia.or.kr/member/insurRegul/selfRegul/list.do(회원사 > 자율규제운영 > 자율규제 규정정보) 「지배구조 및 보수체계 연차보고서 작성기준」(제·개정월 2026-01) 원문보기 https://www.klia.or.kr/FileDown.do?fileNo=21190&seq=2 · 원파일명 지배구조 및 보수체계 연차보고서 작성기준(20260123).hwp · sha256 be90c671e983fa26d64d3b38a231c1807745ba4960a597985875cd0a76069b6f · 텍스트 handoff/원문_10차/작성기준_생보협회.md,2026-10-01T17:16:07+09:00
목차,3) 현금과 주식 등 기타 보수간의 배분을 결정하는 기준,확인 불가,확인 불가(원문 미수집),제2절 2. 가. 3) · 목차표 md 295행 · 목차상 105쪽 · 본문 md 2411행,3) 현금과 주식 등 기타 보수간의 배분을 결정하는 기준,확인 불가,"은행연합회 원문 미수집(robots.txt 「User-agent: * / Disallow: /」, 우회 없음) — 대조 불가라 차이여부 「확인 불가」. hwp 는 쪽 정보가 없어 위치는 이 md 줄 번호(1부터) · 본문 줄은 공백 제거 후 같은 줄을 목차 순서대로 찾은 것","은행연합회 www.kfb.or.kr 자율규제·모범규준 게시판(2026.1.6 개정본) — 원문 미수집: https://www.kfb.or.kr/robots.txt (HTTP 200, 2026-10-01T17:15:49+09:00, sha256 133e4db054e73a10…): 「User-agent: * / Disallow: /」; https://kfb.or.kr/robots.txt (HTTP 200, 2026-10-01T17:15:52+09:00, sha256 133e4db054e73a10…): 「User-agent: * / Disallow: /」; https://portal.kfb.or.kr/robots.txt (HTTP 200, 2026-10-01T17:15:55+09:00, sha256 133e4db054e73a10…): 「User-agent: * / Disallow: /」",생명보험협회 https://www.klia.or.kr/member/insurRegul/selfRegul/list.do(회원사 > 자율규제운영 > 자율규제 규정정보) 「지배구조 및 보수체계 연차보고서 작성기준」(제·개정월 2026-01) 원문보기 https://www.klia.or.kr/FileDown.do?fileNo=21190&seq=2 · 원파일명 지배구조 및 보수체계 연차보고서 작성기준(20260123).hwp · sha256 be90c671e983fa26d64d3b38a231c1807745ba4960a597985875cd0a76069b6f · 텍스트 handoff/원문_10차/작성기준_생보협회.md,2026-10-01T17:16:07+09:00
목차,"4) 위험관리, 준법감시 부서 성과보수체계의 독립성",확인 불가,확인 불가(원문 미수집),제2절 2. 가. 4) · 목차표 md 296행 · 목차상 106쪽 · 본문 같은 제목 줄 못 찾음,"4) 위험관리, 준법감시 부서 성과보수체계의 독립성",확인 불가,"은행연합회 원문 미수집(robots.txt 「User-agent: * / Disallow: /」, 우회 없음) — 대조 불가라 차이여부 「확인 불가」. hwp 는 쪽 정보가 없어 위치는 이 md 줄 번호(1부터) · 본문에서 공백 제거 후 같은 제목 줄을 못 찾음(목차표와 본문 표기가 다르거나 여러 항목을 한 칸에 묶음)","은행연합회 www.kfb.or.kr 자율규제·모범규준 게시판(2026.1.6 개정본) — 원문 미수집: https://www.kfb.or.kr/robots.txt (HTTP 200, 2026-10-01T17:15:49+09:00, sha256 133e4db054e73a10…): 「User-agent: * / Disallow: /」; https://kfb.or.kr/robots.txt (HTTP 200, 2026-10-01T17:15:52+09:00, sha256 133e4db054e73a10…): 「User-agent: * / Disallow: /」; https://portal.kfb.or.kr/robots.txt (HTTP 200, 2026-10-01T17:15:55+09:00, sha256 133e4db054e73a10…): 「User-agent: * / Disallow: /」",생명보험협회 https://www.klia.or.kr/member/insurRegul/selfRegul/list.do(회원사 > 자율규제운영 > 자율규제 규정정보) 「지배구조 및 보수체계 연차보고서 작성기준」(제·개정월 2026-01) 원문보기 https://www.klia.or.kr/FileDown.do?fileNo=21190&seq=2 · 원파일명 지배구조 및 보수체계 연차보고서 작성기준(20260123).hwp · sha256 be90c671e983fa26d64d3b38a231c1807745ba4960a597985875cd0a76069b6f · 텍스트 handoff/원문_10차/작성기준_생보협회.md,2026-10-01T17:16:07+09:00
목차,5) 일반직원의 보수체계,확인 불가,확인 불가(원문 미수집),제2절 2. 가. 5) · 목차표 md 297행 · 목차상 107쪽 · 본문 md 2440행,5) 일반직원의 보수체계,확인 불가,"은행연합회 원문 미수집(robots.txt 「User-agent: * / Disallow: /」, 우회 없음) — 대조 불가라 차이여부 「확인 불가」. hwp 는 쪽 정보가 없어 위치는 이 md 줄 번호(1부터) · 본문 줄은 공백 제거 후 같은 줄을 목차 순서대로 찾은 것","은행연합회 www.kfb.or.kr 자율규제·모범규준 게시판(2026.1.6 개정본) — 원문 미수집: https://www.kfb.or.kr/robots.txt (HTTP 200, 2026-10-01T17:15:49+09:00, sha256 133e4db054e73a10…): 「User-agent: * / Disallow: /」; https://kfb.or.kr/robots.txt (HTTP 200, 2026-10-01T17:15:52+09:00, sha256 133e4db054e73a10…): 「User-agent: * / Disallow: /」; https://portal.kfb.or.kr/robots.txt (HTTP 200, 2026-10-01T17:15:55+09:00, sha256 133e4db054e73a10…): 「User-agent: * / Disallow: /」",생명보험협회 https://www.klia.or.kr/member/insurRegul/selfRegul/list.do(회원사 > 자율규제운영 > 자율규제 규정정보) 「지배구조 및 보수체계 연차보고서 작성기준」(제·개정월 2026-01) 원문보기 https://www.klia.or.kr/FileDown.do?fileNo=21190&seq=2 · 원파일명 지배구조 및 보수체계 연차보고서 작성기준(20260123).hwp · sha256 be90c671e983fa26d64d3b38a231c1807745ba4960a597985875cd0a76069b6f · 텍스트 handoff/원문_10차/작성기준_생보협회.md,2026-10-01T17:16:07+09:00
목차,가) 성과주의 문화 정착을 위한 보수제도,확인 불가,확인 불가(원문 미수집),제2절 2. 가. 5) 가) · 목차표 md 298행 · 목차상 107쪽 · 본문 md 2441행,가) 성과주의 문화 정착을 위한 보수제도,확인 불가,"은행연합회 원문 미수집(robots.txt 「User-agent: * / Disallow: /」, 우회 없음) — 대조 불가라 차이여부 「확인 불가」. hwp 는 쪽 정보가 없어 위치는 이 md 줄 번호(1부터) · 본문 줄은 공백 제거 후 같은 줄을 목차 순서대로 찾은 것","은행연합회 www.kfb.or.kr 자율규제·모범규준 게시판(2026.1.6 개정본) — 원문 미수집: https://www.kfb.or.kr/robots.txt (HTTP 200, 2026-10-01T17:15:49+09:00, sha256 133e4db054e73a10…): 「User-agent: * / Disallow: /」; https://kfb.or.kr/robots.txt (HTTP 200, 2026-10-01T17:15:52+09:00, sha256 133e4db054e73a10…): 「User-agent: * / Disallow: /」; https://portal.kfb.or.kr/robots.txt (HTTP 200, 2026-10-01T17:15:55+09:00, sha256 133e4db054e73a10…): 「User-agent: * / Disallow: /」",생명보험협회 https://www.klia.or.kr/member/insurRegul/selfRegul/list.do(회원사 > 자율규제운영 > 자율규제 규정정보) 「지배구조 및 보수체계 연차보고서 작성기준」(제·개정월 2026-01) 원문보기 https://www.klia.or.kr/FileDown.do?fileNo=21190&seq=2 · 원파일명 지배구조 및 보수체계 연차보고서 작성기준(20260123).hwp · sha256 be90c671e983fa26d64d3b38a231c1807745ba4960a597985875cd0a76069b6f · 텍스트 handoff/원문_10차/작성기준_생보협회.md,2026-10-01T17:16:07+09:00
목차,나) 임금체계의 합리화,확인 불가,확인 불가(원문 미수집),제2절 2. 가. 5) 나) · 목차표 md 299행 · 목차상 107쪽 · 본문 md 2450행,나) 임금체계의 합리화,확인 불가,"은행연합회 원문 미수집(robots.txt 「User-agent: * / Disallow: /」, 우회 없음) — 대조 불가라 차이여부 「확인 불가」. hwp 는 쪽 정보가 없어 위치는 이 md 줄 번호(1부터) · 본문 줄은 공백 제거 후 같은 줄을 목차 순서대로 찾은 것","은행연합회 www.kfb.or.kr 자율규제·모범규준 게시판(2026.1.6 개정본) — 원문 미수집: https://www.kfb.or.kr/robots.txt (HTTP 200, 2026-10-01T17:15:49+09:00, sha256 133e4db054e73a10…): 「User-agent: * / Disallow: /」; https://kfb.or.kr/robots.txt (HTTP 200, 2026-10-01T17:15:52+09:00, sha256 133e4db054e73a10…): 「User-agent: * / Disallow: /」; https://portal.kfb.or.kr/robots.txt (HTTP 200, 2026-10-01T17:15:55+09:00, sha256 133e4db054e73a10…): 「User-agent: * / Disallow: /」",생명보험협회 https://www.klia.or.kr/member/insurRegul/selfRegul/list.do(회원사 > 자율규제운영 > 자율규제 규정정보) 「지배구조 및 보수체계 연차보고서 작성기준」(제·개정월 2026-01) 원문보기 https://www.klia.or.kr/FileDown.do?fileNo=21190&seq=2 · 원파일명 지배구조 및 보수체계 연차보고서 작성기준(20260123).hwp · sha256 be90c671e983fa26d64d3b38a231c1807745ba4960a597985875cd0a76069b6f · 텍스트 handoff/원문_10차/작성기준_생보협회.md,2026-10-01T17:16:07+09:00
목차,6) 외부전문가의 자문내역,확인 불가,확인 불가(원문 미수집),제2절 2. 가. 6) · 목차표 md 300행 · 목차상 108쪽 · 본문 md 2459행,6) 외부전문가의 자문내역,확인 불가,"은행연합회 원문 미수집(robots.txt 「User-agent: * / Disallow: /」, 우회 없음) — 대조 불가라 차이여부 「확인 불가」. hwp 는 쪽 정보가 없어 위치는 이 md 줄 번호(1부터) · 본문 줄은 공백 제거 후 같은 줄을 목차 순서대로 찾은 것","은행연합회 www.kfb.or.kr 자율규제·모범규준 게시판(2026.1.6 개정본) — 원문 미수집: https://www.kfb.or.kr/robots.txt (HTTP 200, 2026-10-01T17:15:49+09:00, sha256 133e4db054e73a10…): 「User-agent: * / Disallow: /」; https://kfb.or.kr/robots.txt (HTTP 200, 2026-10-01T17:15:52+09:00, sha256 133e4db054e73a10…): 「User-agent: * / Disallow: /」; https://portal.kfb.or.kr/robots.txt (HTTP 200, 2026-10-01T17:15:55+09:00, sha256 133e4db054e73a10…): 「User-agent: * / Disallow: /」",생명보험협회 https://www.klia.or.kr/member/insurRegul/selfRegul/list.do(회원사 > 자율규제운영 > 자율규제 규정정보) 「지배구조 및 보수체계 연차보고서 작성기준」(제·개정월 2026-01) 원문보기 https://www.klia.or.kr/FileDown.do?fileNo=21190&seq=2 · 원파일명 지배구조 및 보수체계 연차보고서 작성기준(20260123).hwp · sha256 be90c671e983fa26d64d3b38a231c1807745ba4960a597985875cd0a76069b6f · 텍스트 handoff/원문_10차/작성기준_생보협회.md,2026-10-01T17:16:07+09:00
목차,7) 보수 관련 보험의 활용 내역,확인 불가,확인 불가(원문 미수집),제2절 2. 가. 7) · 목차표 md 301행 · 목차상 108쪽 · 본문 md 2468행,7) 보수 관련 보험의 활용 내역,확인 불가,"은행연합회 원문 미수집(robots.txt 「User-agent: * / Disallow: /」, 우회 없음) — 대조 불가라 차이여부 「확인 불가」. hwp 는 쪽 정보가 없어 위치는 이 md 줄 번호(1부터) · 본문 줄은 공백 제거 후 같은 줄을 목차 순서대로 찾은 것","은행연합회 www.kfb.or.kr 자율규제·모범규준 게시판(2026.1.6 개정본) — 원문 미수집: https://www.kfb.or.kr/robots.txt (HTTP 200, 2026-10-01T17:15:49+09:00, sha256 133e4db054e73a10…): 「User-agent: * / Disallow: /」; https://kfb.or.kr/robots.txt (HTTP 200, 2026-10-01T17:15:52+09:00, sha256 133e4db054e73a10…): 「User-agent: * / Disallow: /」; https://portal.kfb.or.kr/robots.txt (HTTP 200, 2026-10-01T17:15:55+09:00, sha256 133e4db054e73a10…): 「User-agent: * / Disallow: /」",생명보험협회 https://www.klia.or.kr/member/insurRegul/selfRegul/list.do(회원사 > 자율규제운영 > 자율규제 규정정보) 「지배구조 및 보수체계 연차보고서 작성기준」(제·개정월 2026-01) 원문보기 https://www.klia.or.kr/FileDown.do?fileNo=21190&seq=2 · 원파일명 지배구조 및 보수체계 연차보고서 작성기준(20260123).hwp · sha256 be90c671e983fa26d64d3b38a231c1807745ba4960a597985875cd0a76069b6f · 텍스트 handoff/원문_10차/작성기준_생보협회.md,2026-10-01T17:16:07+09:00
목차,8) 보수체계상 주요 변경 사항,확인 불가,확인 불가(원문 미수집),제2절 2. 가. 8) · 목차표 md 302행 · 목차상 109쪽 · 본문 md 2477행,8) 보수체계상 주요 변경 사항,확인 불가,"은행연합회 원문 미수집(robots.txt 「User-agent: * / Disallow: /」, 우회 없음) — 대조 불가라 차이여부 「확인 불가」. hwp 는 쪽 정보가 없어 위치는 이 md 줄 번호(1부터) · 본문 줄은 공백 제거 후 같은 줄을 목차 순서대로 찾은 것","은행연합회 www.kfb.or.kr 자율규제·모범규준 게시판(2026.1.6 개정본) — 원문 미수집: https://www.kfb.or.kr/robots.txt (HTTP 200, 2026-10-01T17:15:49+09:00, sha256 133e4db054e73a10…): 「User-agent: * / Disallow: /」; https://kfb.or.kr/robots.txt (HTTP 200, 2026-10-01T17:15:52+09:00, sha256 133e4db054e73a10…): 「User-agent: * / Disallow: /」; https://portal.kfb.or.kr/robots.txt (HTTP 200, 2026-10-01T17:15:55+09:00, sha256 133e4db054e73a10…): 「User-agent: * / Disallow: /」",생명보험협회 https://www.klia.or.kr/member/insurRegul/selfRegul/list.do(회원사 > 자율규제운영 > 자율규제 규정정보) 「지배구조 및 보수체계 연차보고서 작성기준」(제·개정월 2026-01) 원문보기 https://www.klia.or.kr/FileDown.do?fileNo=21190&seq=2 · 원파일명 지배구조 및 보수체계 연차보고서 작성기준(20260123).hwp · sha256 be90c671e983fa26d64d3b38a231c1807745ba4960a597985875cd0a76069b6f · 텍스트 handoff/원문_10차/작성기준_생보협회.md,2026-10-01T17:16:07+09:00
목차,9) 성과측정 및 리스크 조정 기준(은행에 한함),확인 불가,확인 불가(원문 미수집),제2절 2. 가. 9) · 목차표 md 303행 · 목차상 109쪽 · 본문 md 2491행,9) 성과측정 및 리스크 조정 기준(은행에 한함),확인 불가,"은행연합회 원문 미수집(robots.txt 「User-agent: * / Disallow: /」, 우회 없음) — 대조 불가라 차이여부 「확인 불가」. hwp 는 쪽 정보가 없어 위치는 이 md 줄 번호(1부터) · 본문 줄은 공백 제거 후 같은 줄을 목차 순서대로 찾은 것","은행연합회 www.kfb.or.kr 자율규제·모범규준 게시판(2026.1.6 개정본) — 원문 미수집: https://www.kfb.or.kr/robots.txt (HTTP 200, 2026-10-01T17:15:49+09:00, sha256 133e4db054e73a10…): 「User-agent: * / Disallow: /」; https://kfb.or.kr/robots.txt (HTTP 200, 2026-10-01T17:15:52+09:00, sha256 133e4db054e73a10…): 「User-agent: * / Disallow: /」; https://portal.kfb.or.kr/robots.txt (HTTP 200, 2026-10-01T17:15:55+09:00, sha256 133e4db054e73a10…): 「User-agent: * / Disallow: /」",생명보험협회 https://www.klia.or.kr/member/insurRegul/selfRegul/list.do(회원사 > 자율규제운영 > 자율규제 규정정보) 「지배구조 및 보수체계 연차보고서 작성기준」(제·개정월 2026-01) 원문보기 https://www.klia.or.kr/FileDown.do?fileNo=21190&seq=2 · 원파일명 지배구조 및 보수체계 연차보고서 작성기준(20260123).hwp · sha256 be90c671e983fa26d64d3b38a231c1807745ba4960a597985875cd0a76069b6f · 텍스트 handoff/원문_10차/작성기준_생보협회.md,2026-10-01T17:16:07+09:00
목차,나. 보수 세부사항,확인 불가,확인 불가(원문 미수집),제2절 2. 나. · 목차표 md 304행 · 목차상 111쪽 · 본문 md 2518행,나. 보수 세부사항,확인 불가,"은행연합회 원문 미수집(robots.txt 「User-agent: * / Disallow: /」, 우회 없음) — 대조 불가라 차이여부 「확인 불가」. hwp 는 쪽 정보가 없어 위치는 이 md 줄 번호(1부터) · 본문 줄은 공백 제거 후 같은 줄을 목차 순서대로 찾은 것","은행연합회 www.kfb.or.kr 자율규제·모범규준 게시판(2026.1.6 개정본) — 원문 미수집: https://www.kfb.or.kr/robots.txt (HTTP 200, 2026-10-01T17:15:49+09:00, sha256 133e4db054e73a10…): 「User-agent: * / Disallow: /」; https://kfb.or.kr/robots.txt (HTTP 200, 2026-10-01T17:15:52+09:00, sha256 133e4db054e73a10…): 「User-agent: * / Disallow: /」; https://portal.kfb.or.kr/robots.txt (HTTP 200, 2026-10-01T17:15:55+09:00, sha256 133e4db054e73a10…): 「User-agent: * / Disallow: /」",생명보험협회 https://www.klia.or.kr/member/insurRegul/selfRegul/list.do(회원사 > 자율규제운영 > 자율규제 규정정보) 「지배구조 및 보수체계 연차보고서 작성기준」(제·개정월 2026-01) 원문보기 https://www.klia.or.kr/FileDown.do?fileNo=21190&seq=2 · 원파일명 지배구조 및 보수체계 연차보고서 작성기준(20260123).hwp · sha256 be90c671e983fa26d64d3b38a231c1807745ba4960a597985875cd0a76069b6f · 텍스트 handoff/원문_10차/작성기준_생보협회.md,2026-10-01T17:16:07+09:00
목차,1) 임직원 총보수,확인 불가,확인 불가(원문 미수집),제2절 2. 나. 1) · 목차표 md 305행 · 목차상 111쪽 · 본문 md 2524행,1) 임직원 총보수,확인 불가,"은행연합회 원문 미수집(robots.txt 「User-agent: * / Disallow: /」, 우회 없음) — 대조 불가라 차이여부 「확인 불가」. hwp 는 쪽 정보가 없어 위치는 이 md 줄 번호(1부터) · 본문 줄은 공백 제거 후 같은 줄을 목차 순서대로 찾은 것","은행연합회 www.kfb.or.kr 자율규제·모범규준 게시판(2026.1.6 개정본) — 원문 미수집: https://www.kfb.or.kr/robots.txt (HTTP 200, 2026-10-01T17:15:49+09:00, sha256 133e4db054e73a10…): 「User-agent: * / Disallow: /」; https://kfb.or.kr/robots.txt (HTTP 200, 2026-10-01T17:15:52+09:00, sha256 133e4db054e73a10…): 「User-agent: * / Disallow: /」; https://portal.kfb.or.kr/robots.txt (HTTP 200, 2026-10-01T17:15:55+09:00, sha256 133e4db054e73a10…): 「User-agent: * / Disallow: /」",생명보험협회 https://www.klia.or.kr/member/insurRegul/selfRegul/list.do(회원사 > 자율규제운영 > 자율규제 규정정보) 「지배구조 및 보수체계 연차보고서 작성기준」(제·개정월 2026-01) 원문보기 https://www.klia.or.kr/FileDown.do?fileNo=21190&seq=2 · 원파일명 지배구조 및 보수체계 연차보고서 작성기준(20260123).hwp · sha256 be90c671e983fa26d64d3b38a231c1807745ba4960a597985875cd0a76069b6f · 텍스트 handoff/원문_10차/작성기준_생보협회.md,2026-10-01T17:16:07+09:00
목차,2) 직급별 보수총액 및 성과보수액,확인 불가,확인 불가(원문 미수집),제2절 2. 나. 2) · 목차표 md 306행 · 목차상 112쪽 · 본문 md 2537행,2) 직급별 보수총액 및 성과보수액,확인 불가,"은행연합회 원문 미수집(robots.txt 「User-agent: * / Disallow: /」, 우회 없음) — 대조 불가라 차이여부 「확인 불가」. hwp 는 쪽 정보가 없어 위치는 이 md 줄 번호(1부터) · 본문 줄은 공백 제거 후 같은 줄을 목차 순서대로 찾은 것","은행연합회 www.kfb.or.kr 자율규제·모범규준 게시판(2026.1.6 개정본) — 원문 미수집: https://www.kfb.or.kr/robots.txt (HTTP 200, 2026-10-01T17:15:49+09:00, sha256 133e4db054e73a10…): 「User-agent: * / Disallow: /」; https://kfb.or.kr/robots.txt (HTTP 200, 2026-10-01T17:15:52+09:00, sha256 133e4db054e73a10…): 「User-agent: * / Disallow: /」; https://portal.kfb.or.kr/robots.txt (HTTP 200, 2026-10-01T17:15:55+09:00, sha256 133e4db054e73a10…): 「User-agent: * / Disallow: /」",생명보험협회 https://www.klia.or.kr/member/insurRegul/selfRegul/list.do(회원사 > 자율규제운영 > 자율규제 규정정보) 「지배구조 및 보수체계 연차보고서 작성기준」(제·개정월 2026-01) 원문보기 https://www.klia.or.kr/FileDown.do?fileNo=21190&seq=2 · 원파일명 지배구조 및 보수체계 연차보고서 작성기준(20260123).hwp · sha256 be90c671e983fa26d64d3b38a231c1807745ba4960a597985875cd0a76069b6f · 텍스트 handoff/원문_10차/작성기준_생보협회.md,2026-10-01T17:16:07+09:00
목차,3) 직급 및 성별 구분별 평균 보수액(임직원 1인당 평균액),확인 불가,확인 불가(원문 미수집),제2절 2. 나. 3) · 목차표 md 307행 · 목차상 112쪽 · 본문 md 2549행,3) 직급 및 성별 구분별 평균 보수액(임직원 1인당 평균액),확인 불가,"은행연합회 원문 미수집(robots.txt 「User-agent: * / Disallow: /」, 우회 없음) — 대조 불가라 차이여부 「확인 불가」. hwp 는 쪽 정보가 없어 위치는 이 md 줄 번호(1부터) · 본문 줄은 공백 제거 후 같은 줄을 목차 순서대로 찾은 것","은행연합회 www.kfb.or.kr 자율규제·모범규준 게시판(2026.1.6 개정본) — 원문 미수집: https://www.kfb.or.kr/robots.txt (HTTP 200, 2026-10-01T17:15:49+09:00, sha256 133e4db054e73a10…): 「User-agent: * / Disallow: /」; https://kfb.or.kr/robots.txt (HTTP 200, 2026-10-01T17:15:52+09:00, sha256 133e4db054e73a10…): 「User-agent: * / Disallow: /」; https://portal.kfb.or.kr/robots.txt (HTTP 200, 2026-10-01T17:15:55+09:00, sha256 133e4db054e73a10…): 「User-agent: * / Disallow: /」",생명보험협회 https://www.klia.or.kr/member/insurRegul/selfRegul/list.do(회원사 > 자율규제운영 > 자율규제 규정정보) 「지배구조 및 보수체계 연차보고서 작성기준」(제·개정월 2026-01) 원문보기 https://www.klia.or.kr/FileDown.do?fileNo=21190&seq=2 · 원파일명 지배구조 및 보수체계 연차보고서 작성기준(20260123).hwp · sha256 be90c671e983fa26d64d3b38a231c1807745ba4960a597985875cd0a76069b6f · 텍스트 handoff/원문_10차/작성기준_생보협회.md,2026-10-01T17:16:07+09:00
목차,다. 임원 및 금융투자업무담당자 보수 세부사항,확인 불가,확인 불가(원문 미수집),제2절 2. 다. · 목차표 md 308행 · 목차상 113쪽 · 본문 md 2565행,다. 임원 및 금융투자업무담당자 보수 세부사항,확인 불가,"은행연합회 원문 미수집(robots.txt 「User-agent: * / Disallow: /」, 우회 없음) — 대조 불가라 차이여부 「확인 불가」. hwp 는 쪽 정보가 없어 위치는 이 md 줄 번호(1부터) · 본문 줄은 공백 제거 후 같은 줄을 목차 순서대로 찾은 것","은행연합회 www.kfb.or.kr 자율규제·모범규준 게시판(2026.1.6 개정본) — 원문 미수집: https://www.kfb.or.kr/robots.txt (HTTP 200, 2026-10-01T17:15:49+09:00, sha256 133e4db054e73a10…): 「User-agent: * / Disallow: /」; https://kfb.or.kr/robots.txt (HTTP 200, 2026-10-01T17:15:52+09:00, sha256 133e4db054e73a10…): 「User-agent: * / Disallow: /」; https://portal.kfb.or.kr/robots.txt (HTTP 200, 2026-10-01T17:15:55+09:00, sha256 133e4db054e73a10…): 「User-agent: * / Disallow: /」",생명보험협회 https://www.klia.or.kr/member/insurRegul/selfRegul/list.do(회원사 > 자율규제운영 > 자율규제 규정정보) 「지배구조 및 보수체계 연차보고서 작성기준」(제·개정월 2026-01) 원문보기 https://www.klia.or.kr/FileDown.do?fileNo=21190&seq=2 · 원파일명 지배구조 및 보수체계 연차보고서 작성기준(20260123).hwp · sha256 be90c671e983fa26d64d3b38a231c1807745ba4960a597985875cd0a76069b6f · 텍스트 handoff/원문_10차/작성기준_생보협회.md,2026-10-01T17:16:07+09:00
목차,1) 보수의 구분(해당년도 발생액 기준),확인 불가,확인 불가(원문 미수집),제2절 2. 다. 1) · 목차표 md 309행 · 목차상 114쪽 · 본문 md 2572행,1) 보수의 구분(해당년도 발생액 기준),확인 불가,"은행연합회 원문 미수집(robots.txt 「User-agent: * / Disallow: /」, 우회 없음) — 대조 불가라 차이여부 「확인 불가」. hwp 는 쪽 정보가 없어 위치는 이 md 줄 번호(1부터) · 본문 줄은 공백 제거 후 같은 줄을 목차 순서대로 찾은 것","은행연합회 www.kfb.or.kr 자율규제·모범규준 게시판(2026.1.6 개정본) — 원문 미수집: https://www.kfb.or.kr/robots.txt (HTTP 200, 2026-10-01T17:15:49+09:00, sha256 133e4db054e73a10…): 「User-agent: * / Disallow: /」; https://kfb.or.kr/robots.txt (HTTP 200, 2026-10-01T17:15:52+09:00, sha256 133e4db054e73a10…): 「User-agent: * / Disallow: /」; https://portal.kfb.or.kr/robots.txt (HTTP 200, 2026-10-01T17:15:55+09:00, sha256 133e4db054e73a10…): 「User-agent: * / Disallow: /」",생명보험협회 https://www.klia.or.kr/member/insurRegul/selfRegul/list.do(회원사 > 자율규제운영 > 자율규제 규정정보) 「지배구조 및 보수체계 연차보고서 작성기준」(제·개정월 2026-01) 원문보기 https://www.klia.or.kr/FileDown.do?fileNo=21190&seq=2 · 원파일명 지배구조 및 보수체계 연차보고서 작성기준(20260123).hwp · sha256 be90c671e983fa26d64d3b38a231c1807745ba4960a597985875cd0a76069b6f · 텍스트 handoff/원문_10차/작성기준_생보협회.md,2026-10-01T17:16:07+09:00
목차,2) 성과보수의 형태(해당년도 발생액 기준),확인 불가,확인 불가(원문 미수집),제2절 2. 다. 2) · 목차표 md 310행 · 목차상 114쪽 · 본문 md 2586행,2) 성과보수의 형태(해당년도 발생액 기준),확인 불가,"은행연합회 원문 미수집(robots.txt 「User-agent: * / Disallow: /」, 우회 없음) — 대조 불가라 차이여부 「확인 불가」. hwp 는 쪽 정보가 없어 위치는 이 md 줄 번호(1부터) · 본문 줄은 공백 제거 후 같은 줄을 목차 순서대로 찾은 것","은행연합회 www.kfb.or.kr 자율규제·모범규준 게시판(2026.1.6 개정본) — 원문 미수집: https://www.kfb.or.kr/robots.txt (HTTP 200, 2026-10-01T17:15:49+09:00, sha256 133e4db054e73a10…): 「User-agent: * / Disallow: /」; https://kfb.or.kr/robots.txt (HTTP 200, 2026-10-01T17:15:52+09:00, sha256 133e4db054e73a10…): 「User-agent: * / Disallow: /」; https://portal.kfb.or.kr/robots.txt (HTTP 200, 2026-10-01T17:15:55+09:00, sha256 133e4db054e73a10…): 「User-agent: * / Disallow: /」",생명보험협회 https://www.klia.or.kr/member/insurRegul/selfRegul/list.do(회원사 > 자율규제운영 > 자율규제 규정정보) 「지배구조 및 보수체계 연차보고서 작성기준」(제·개정월 2026-01) 원문보기 https://www.klia.or.kr/FileDown.do?fileNo=21190&seq=2 · 원파일명 지배구조 및 보수체계 연차보고서 작성기준(20260123).hwp · sha256 be90c671e983fa26d64d3b38a231c1807745ba4960a597985875cd0a76069b6f · 텍스트 handoff/원문_10차/작성기준_생보협회.md,2026-10-01T17:16:07+09:00
목차,3) 이연보수액의 보수의 구분(해당년도말 누적액 기준),확인 불가,확인 불가(원문 미수집),제2절 2. 다. 3) · 목차표 md 311행 · 목차상 115쪽 · 본문 md 2602행,3) 이연보수액의 보수의 구분(해당년도말 누적액 기준),확인 불가,"은행연합회 원문 미수집(robots.txt 「User-agent: * / Disallow: /」, 우회 없음) — 대조 불가라 차이여부 「확인 불가」. hwp 는 쪽 정보가 없어 위치는 이 md 줄 번호(1부터) · 본문 줄은 공백 제거 후 같은 줄을 목차 순서대로 찾은 것","은행연합회 www.kfb.or.kr 자율규제·모범규준 게시판(2026.1.6 개정본) — 원문 미수집: https://www.kfb.or.kr/robots.txt (HTTP 200, 2026-10-01T17:15:49+09:00, sha256 133e4db054e73a10…): 「User-agent: * / Disallow: /」; https://kfb.or.kr/robots.txt (HTTP 200, 2026-10-01T17:15:52+09:00, sha256 133e4db054e73a10…): 「User-agent: * / Disallow: /」; https://portal.kfb.or.kr/robots.txt (HTTP 200, 2026-10-01T17:15:55+09:00, sha256 133e4db054e73a10…): 「User-agent: * / Disallow: /」",생명보험협회 https://www.klia.or.kr/member/insurRegul/selfRegul/list.do(회원사 > 자율규제운영 > 자율규제 규정정보) 「지배구조 및 보수체계 연차보고서 작성기준」(제·개정월 2026-01) 원문보기 https://www.klia.or.kr/FileDown.do?fileNo=21190&seq=2 · 원파일명 지배구조 및 보수체계 연차보고서 작성기준(20260123).hwp · sha256 be90c671e983fa26d64d3b38a231c1807745ba4960a597985875cd0a76069b6f · 텍스트 handoff/원문_10차/작성기준_생보협회.md,2026-10-01T17:16:07+09:00
목차,4) 이연보수액의 형태별 구분(해당년도말 누적액 기준),확인 불가,확인 불가(원문 미수집),제2절 2. 다. 4) · 목차표 md 312행 · 목차상 115쪽 · 본문 md 2617행,4) 이연보수액의 형태별 구분(해당년도말 누적액 기준),확인 불가,"은행연합회 원문 미수집(robots.txt 「User-agent: * / Disallow: /」, 우회 없음) — 대조 불가라 차이여부 「확인 불가」. hwp 는 쪽 정보가 없어 위치는 이 md 줄 번호(1부터) · 본문 줄은 공백 제거 후 같은 줄을 목차 순서대로 찾은 것","은행연합회 www.kfb.or.kr 자율규제·모범규준 게시판(2026.1.6 개정본) — 원문 미수집: https://www.kfb.or.kr/robots.txt (HTTP 200, 2026-10-01T17:15:49+09:00, sha256 133e4db054e73a10…): 「User-agent: * / Disallow: /」; https://kfb.or.kr/robots.txt (HTTP 200, 2026-10-01T17:15:52+09:00, sha256 133e4db054e73a10…): 「User-agent: * / Disallow: /」; https://portal.kfb.or.kr/robots.txt (HTTP 200, 2026-10-01T17:15:55+09:00, sha256 133e4db054e73a10…): 「User-agent: * / Disallow: /」",생명보험협회 https://www.klia.or.kr/member/insurRegul/selfRegul/list.do(회원사 > 자율규제운영 > 자율규제 규정정보) 「지배구조 및 보수체계 연차보고서 작성기준」(제·개정월 2026-01) 원문보기 https://www.klia.or.kr/FileDown.do?fileNo=21190&seq=2 · 원파일명 지배구조 및 보수체계 연차보고서 작성기준(20260123).hwp · sha256 be90c671e983fa26d64d3b38a231c1807745ba4960a597985875cd0a76069b6f · 텍스트 handoff/원문_10차/작성기준_생보협회.md,2026-10-01T17:16:07+09:00
목차,5) 이연보수액의 보수의 구분(해당년도말 누적액 기준을 발생년도별로 구분),확인 불가,확인 불가(원문 미수집),제2절 2. 다. 5) · 목차표 md 313행 · 목차상 116쪽 · 본문 md 2629행,5) 이연보수액의 보수의 구분(해당년도말 누적액 기준을 발생년도별로 구분),확인 불가,"은행연합회 원문 미수집(robots.txt 「User-agent: * / Disallow: /」, 우회 없음) — 대조 불가라 차이여부 「확인 불가」. hwp 는 쪽 정보가 없어 위치는 이 md 줄 번호(1부터) · 본문 줄은 공백 제거 후 같은 줄을 목차 순서대로 찾은 것","은행연합회 www.kfb.or.kr 자율규제·모범규준 게시판(2026.1.6 개정본) — 원문 미수집: https://www.kfb.or.kr/robots.txt (HTTP 200, 2026-10-01T17:15:49+09:00, sha256 133e4db054e73a10…): 「User-agent: * / Disallow: /」; https://kfb.or.kr/robots.txt (HTTP 200, 2026-10-01T17:15:52+09:00, sha256 133e4db054e73a10…): 「User-agent: * / Disallow: /」; https://portal.kfb.or.kr/robots.txt (HTTP 200, 2026-10-01T17:15:55+09:00, sha256 133e4db054e73a10…): 「User-agent: * / Disallow: /」",생명보험협회 https://www.klia.or.kr/member/insurRegul/selfRegul/list.do(회원사 > 자율규제운영 > 자율규제 규정정보) 「지배구조 및 보수체계 연차보고서 작성기준」(제·개정월 2026-01) 원문보기 https://www.klia.or.kr/FileDown.do?fileNo=21190&seq=2 · 원파일명 지배구조 및 보수체계 연차보고서 작성기준(20260123).hwp · sha256 be90c671e983fa26d64d3b38a231c1807745ba4960a597985875cd0a76069b6f · 텍스트 handoff/원문_10차/작성기준_생보협회.md,2026-10-01T17:16:07+09:00
목차,6) 이연보수의 조정,확인 불가,확인 불가(원문 미수집),제2절 2. 다. 6) · 목차표 md 314행 · 목차상 116쪽 · 본문 md 2643행,6) 이연보수의 조정,확인 불가,"은행연합회 원문 미수집(robots.txt 「User-agent: * / Disallow: /」, 우회 없음) — 대조 불가라 차이여부 「확인 불가」. hwp 는 쪽 정보가 없어 위치는 이 md 줄 번호(1부터) · 본문 줄은 공백 제거 후 같은 줄을 목차 순서대로 찾은 것","은행연합회 www.kfb.or.kr 자율규제·모범규준 게시판(2026.1.6 개정본) — 원문 미수집: https://www.kfb.or.kr/robots.txt (HTTP 200, 2026-10-01T17:15:49+09:00, sha256 133e4db054e73a10…): 「User-agent: * / Disallow: /」; https://kfb.or.kr/robots.txt (HTTP 200, 2026-10-01T17:15:52+09:00, sha256 133e4db054e73a10…): 「User-agent: * / Disallow: /」; https://portal.kfb.or.kr/robots.txt (HTTP 200, 2026-10-01T17:15:55+09:00, sha256 133e4db054e73a10…): 「User-agent: * / Disallow: /」",생명보험협회 https://www.klia.or.kr/member/insurRegul/selfRegul/list.do(회원사 > 자율규제운영 > 자율규제 규정정보) 「지배구조 및 보수체계 연차보고서 작성기준」(제·개정월 2026-01) 원문보기 https://www.klia.or.kr/FileDown.do?fileNo=21190&seq=2 · 원파일명 지배구조 및 보수체계 연차보고서 작성기준(20260123).hwp · sha256 be90c671e983fa26d64d3b38a231c1807745ba4960a597985875cd0a76069b6f · 텍스트 handoff/원문_10차/작성기준_생보협회.md,2026-10-01T17:16:07+09:00
목차,7) 퇴직자에 대한 퇴직보수,확인 불가,확인 불가(원문 미수집),제2절 2. 다. 7) · 목차표 md 315행 · 목차상 117쪽 · 본문 md 2659행,7) 퇴직자에 대한 퇴직보수,확인 불가,"은행연합회 원문 미수집(robots.txt 「User-agent: * / Disallow: /」, 우회 없음) — 대조 불가라 차이여부 「확인 불가」. hwp 는 쪽 정보가 없어 위치는 이 md 줄 번호(1부터) · 본문 줄은 공백 제거 후 같은 줄을 목차 순서대로 찾은 것","은행연합회 www.kfb.or.kr 자율규제·모범규준 게시판(2026.1.6 개정본) — 원문 미수집: https://www.kfb.or.kr/robots.txt (HTTP 200, 2026-10-01T17:15:49+09:00, sha256 133e4db054e73a10…): 「User-agent: * / Disallow: /」; https://kfb.or.kr/robots.txt (HTTP 200, 2026-10-01T17:15:52+09:00, sha256 133e4db054e73a10…): 「User-agent: * / Disallow: /」; https://portal.kfb.or.kr/robots.txt (HTTP 200, 2026-10-01T17:15:55+09:00, sha256 133e4db054e73a10…): 「User-agent: * / Disallow: /」",생명보험협회 https://www.klia.or.kr/member/insurRegul/selfRegul/list.do(회원사 > 자율규제운영 > 자율규제 규정정보) 「지배구조 및 보수체계 연차보고서 작성기준」(제·개정월 2026-01) 원문보기 https://www.klia.or.kr/FileDown.do?fileNo=21190&seq=2 · 원파일명 지배구조 및 보수체계 연차보고서 작성기준(20260123).hwp · sha256 be90c671e983fa26d64d3b38a231c1807745ba4960a597985875cd0a76069b6f · 텍스트 handoff/원문_10차/작성기준_생보협회.md,2026-10-01T17:16:07+09:00
목차,8) 기존 고용자에 대한 보장성 상여금,확인 불가,확인 불가(원문 미수집),제2절 2. 다. 8) · 목차표 md 316행 · 목차상 117쪽 · 본문 같은 제목 줄 못 찾음,8) 기존 고용자에 대한 보장성 상여금,확인 불가,"은행연합회 원문 미수집(robots.txt 「User-agent: * / Disallow: /」, 우회 없음) — 대조 불가라 차이여부 「확인 불가」. hwp 는 쪽 정보가 없어 위치는 이 md 줄 번호(1부터) · 본문에서 공백 제거 후 같은 제목 줄을 못 찾음(목차표와 본문 표기가 다르거나 여러 항목을 한 칸에 묶음)","은행연합회 www.kfb.or.kr 자율규제·모범규준 게시판(2026.1.6 개정본) — 원문 미수집: https://www.kfb.or.kr/robots.txt (HTTP 200, 2026-10-01T17:15:49+09:00, sha256 133e4db054e73a10…): 「User-agent: * / Disallow: /」; https://kfb.or.kr/robots.txt (HTTP 200, 2026-10-01T17:15:52+09:00, sha256 133e4db054e73a10…): 「User-agent: * / Disallow: /」; https://portal.kfb.or.kr/robots.txt (HTTP 200, 2026-10-01T17:15:55+09:00, sha256 133e4db054e73a10…): 「User-agent: * / Disallow: /」",생명보험협회 https://www.klia.or.kr/member/insurRegul/selfRegul/list.do(회원사 > 자율규제운영 > 자율규제 규정정보) 「지배구조 및 보수체계 연차보고서 작성기준」(제·개정월 2026-01) 원문보기 https://www.klia.or.kr/FileDown.do?fileNo=21190&seq=2 · 원파일명 지배구조 및 보수체계 연차보고서 작성기준(20260123).hwp · sha256 be90c671e983fa26d64d3b38a231c1807745ba4960a597985875cd0a76069b6f · 텍스트 handoff/원문_10차/작성기준_생보협회.md,2026-10-01T17:16:07+09:00
목차,9) 신규 고용자에 대한 보장성 상여금,확인 불가,확인 불가(원문 미수집),제2절 2. 다. 9) · 목차표 md 317행 · 목차상 118쪽 · 본문 같은 제목 줄 못 찾음,9) 신규 고용자에 대한 보장성 상여금,확인 불가,"은행연합회 원문 미수집(robots.txt 「User-agent: * / Disallow: /」, 우회 없음) — 대조 불가라 차이여부 「확인 불가」. hwp 는 쪽 정보가 없어 위치는 이 md 줄 번호(1부터) · 본문에서 공백 제거 후 같은 제목 줄을 못 찾음(목차표와 본문 표기가 다르거나 여러 항목을 한 칸에 묶음)","은행연합회 www.kfb.or.kr 자율규제·모범규준 게시판(2026.1.6 개정본) — 원문 미수집: https://www.kfb.or.kr/robots.txt (HTTP 200, 2026-10-01T17:15:49+09:00, sha256 133e4db054e73a10…): 「User-agent: * / Disallow: /」; https://kfb.or.kr/robots.txt (HTTP 200, 2026-10-01T17:15:52+09:00, sha256 133e4db054e73a10…): 「User-agent: * / Disallow: /」; https://portal.kfb.or.kr/robots.txt (HTTP 200, 2026-10-01T17:15:55+09:00, sha256 133e4db054e73a10…): 「User-agent: * / Disallow: /」",생명보험협회 https://www.klia.or.kr/member/insurRegul/selfRegul/list.do(회원사 > 자율규제운영 > 자율규제 규정정보) 「지배구조 및 보수체계 연차보고서 작성기준」(제·개정월 2026-01) 원문보기 https://www.klia.or.kr/FileDown.do?fileNo=21190&seq=2 · 원파일명 지배구조 및 보수체계 연차보고서 작성기준(20260123).hwp · sha256 be90c671e983fa26d64d3b38a231c1807745ba4960a597985875cd0a76069b6f · 텍스트 handoff/원문_10차/작성기준_생보협회.md,2026-10-01T17:16:07+09:00
목차,10) 일회성 인센티브 지급 건수 및 금액,확인 불가,확인 불가(원문 미수집),제2절 2. 다. 10) · 목차표 md 318행 · 목차상 118쪽 · 본문 같은 제목 줄 못 찾음,10) 일회성 인센티브 지급 건수 및 금액,확인 불가,"은행연합회 원문 미수집(robots.txt 「User-agent: * / Disallow: /」, 우회 없음) — 대조 불가라 차이여부 「확인 불가」. hwp 는 쪽 정보가 없어 위치는 이 md 줄 번호(1부터) · 본문에서 공백 제거 후 같은 제목 줄을 못 찾음(목차표와 본문 표기가 다르거나 여러 항목을 한 칸에 묶음)","은행연합회 www.kfb.or.kr 자율규제·모범규준 게시판(2026.1.6 개정본) — 원문 미수집: https://www.kfb.or.kr/robots.txt (HTTP 200, 2026-10-01T17:15:49+09:00, sha256 133e4db054e73a10…): 「User-agent: * / Disallow: /」; https://kfb.or.kr/robots.txt (HTTP 200, 2026-10-01T17:15:52+09:00, sha256 133e4db054e73a10…): 「User-agent: * / Disallow: /」; https://portal.kfb.or.kr/robots.txt (HTTP 200, 2026-10-01T17:15:55+09:00, sha256 133e4db054e73a10…): 「User-agent: * / Disallow: /」",생명보험협회 https://www.klia.or.kr/member/insurRegul/selfRegul/list.do(회원사 > 자율규제운영 > 자율규제 규정정보) 「지배구조 및 보수체계 연차보고서 작성기준」(제·개정월 2026-01) 원문보기 https://www.klia.or.kr/FileDown.do?fileNo=21190&seq=2 · 원파일명 지배구조 및 보수체계 연차보고서 작성기준(20260123).hwp · sha256 be90c671e983fa26d64d3b38a231c1807745ba4960a597985875cd0a76069b6f · 텍스트 handoff/원문_10차/작성기준_생보협회.md,2026-10-01T17:16:07+09:00
위험관리위원회,7. 위험관리위원회 — 절 머리 작성기준,확인 불가,확인 불가(원문 미수집),제1절 7. · md 1892~1897행,"7. 위험관리위원회


| [작성기준]<br>- 위의 ‘6. 감사위원회’를 참고하여 작성한다. |
|---|",확인 불가,"은행연합회 원문 미수집(robots.txt 「User-agent: * / Disallow: /」, 우회 없음) — 대조 불가라 차이여부 「확인 불가」. hwp 는 쪽 정보가 없어 위치는 이 md 줄 번호(1부터)","은행연합회 www.kfb.or.kr 자율규제·모범규준 게시판(2026.1.6 개정본) — 원문 미수집: https://www.kfb.or.kr/robots.txt (HTTP 200, 2026-10-01T17:15:49+09:00, sha256 133e4db054e73a10…): 「User-agent: * / Disallow: /」; https://kfb.or.kr/robots.txt (HTTP 200, 2026-10-01T17:15:52+09:00, sha256 133e4db054e73a10…): 「User-agent: * / Disallow: /」; https://portal.kfb.or.kr/robots.txt (HTTP 200, 2026-10-01T17:15:55+09:00, sha256 133e4db054e73a10…): 「User-agent: * / Disallow: /」",생명보험협회 https://www.klia.or.kr/member/insurRegul/selfRegul/list.do(회원사 > 자율규제운영 > 자율규제 규정정보) 「지배구조 및 보수체계 연차보고서 작성기준」(제·개정월 2026-01) 원문보기 https://www.klia.or.kr/FileDown.do?fileNo=21190&seq=2 · 원파일명 지배구조 및 보수체계 연차보고서 작성기준(20260123).hwp · sha256 be90c671e983fa26d64d3b38a231c1807745ba4960a597985875cd0a76069b6f · 텍스트 handoff/원문_10차/작성기준_생보협회.md,2026-10-01T17:16:07+09:00
위험관리위원회,7.가. 역할(권한과 책무) — 기재 항목 제목,확인 불가,확인 불가(원문 미수집),제1절 7. 가. · md 1898~1905행," 가. 역할(권한과 책무)
  1) 총괄
  2) 구체적 역할
   가) 위험관리의 기본방침 및 전략 수립
   나) 부담가능한 위험수준 결정
   다) 적정투자한도 및 손실허용한도 승인
   라) 위험관리기준의 제정 및 변경
   마) 기타",확인 불가,"은행연합회 원문 미수집(robots.txt 「User-agent: * / Disallow: /」, 우회 없음) — 대조 불가라 차이여부 「확인 불가」. hwp 는 쪽 정보가 없어 위치는 이 md 줄 번호(1부터) · 활동 항목은 아니나 위원회 절의 기재 항목 전체를 보이려고 넣음. 7.가 아래에는 별도 작성지침 없음(제목만).","은행연합회 www.kfb.or.kr 자율규제·모범규준 게시판(2026.1.6 개정본) — 원문 미수집: https://www.kfb.or.kr/robots.txt (HTTP 200, 2026-10-01T17:15:49+09:00, sha256 133e4db054e73a10…): 「User-agent: * / Disallow: /」; https://kfb.or.kr/robots.txt (HTTP 200, 2026-10-01T17:15:52+09:00, sha256 133e4db054e73a10…): 「User-agent: * / Disallow: /」; https://portal.kfb.or.kr/robots.txt (HTTP 200, 2026-10-01T17:15:55+09:00, sha256 133e4db054e73a10…): 「User-agent: * / Disallow: /」",생명보험협회 https://www.klia.or.kr/member/insurRegul/selfRegul/list.do(회원사 > 자율규제운영 > 자율규제 규정정보) 「지배구조 및 보수체계 연차보고서 작성기준」(제·개정월 2026-01) 원문보기 https://www.klia.or.kr/FileDown.do?fileNo=21190&seq=2 · 원파일명 지배구조 및 보수체계 연차보고서 작성기준(20260123).hwp · sha256 be90c671e983fa26d64d3b38a231c1807745ba4960a597985875cd0a76069b6f · 텍스트 handoff/원문_10차/작성기준_생보협회.md,2026-10-01T17:16:07+09:00
위험관리위원회,7.나. 구성(위원) — 작성기준·구성원 서식(성명·상임/사외/비상임·직위·선임일·임기 만료일),확인 불가,확인 불가(원문 미수집),제1절 7. 나. · md 1906~1922행," 나. 구성(위험관리위원회위원)


| [작성기준]<br>- 위 ‘6.나.’를 참고하여 작성한다. |
|---|

  1) 총괄
  2) 구성원


| 성명 | 상임/사외/비상임 | 직위 | 선임일 | 임기 만료일 |
|---|---|---|---|---|
| OOO | 사외 | 위원장 | `15.3.9. | `18.3.8 |
| OOO | 상임 | CFO | `15.3.9. | `18.3.8 |
| OOO | 사외 |  | `16.3.9. | `19.3.8 |
|  |  |  |  |  |",확인 불가,"은행연합회 원문 미수집(robots.txt 「User-agent: * / Disallow: /」, 우회 없음) — 대조 불가라 차이여부 「확인 불가」. hwp 는 쪽 정보가 없어 위치는 이 md 줄 번호(1부터) · 작성기준이 「위 ‘6.나.’를 참고」하라고 함 → 6.나 행 참조.","은행연합회 www.kfb.or.kr 자율규제·모범규준 게시판(2026.1.6 개정본) — 원문 미수집: https://www.kfb.or.kr/robots.txt (HTTP 200, 2026-10-01T17:15:49+09:00, sha256 133e4db054e73a10…): 「User-agent: * / Disallow: /」; https://kfb.or.kr/robots.txt (HTTP 200, 2026-10-01T17:15:52+09:00, sha256 133e4db054e73a10…): 「User-agent: * / Disallow: /」; https://portal.kfb.or.kr/robots.txt (HTTP 200, 2026-10-01T17:15:55+09:00, sha256 133e4db054e73a10…): 「User-agent: * / Disallow: /」",생명보험협회 https://www.klia.or.kr/member/insurRegul/selfRegul/list.do(회원사 > 자율규제운영 > 자율규제 규정정보) 「지배구조 및 보수체계 연차보고서 작성기준」(제·개정월 2026-01) 원문보기 https://www.klia.or.kr/FileDown.do?fileNo=21190&seq=2 · 원파일명 지배구조 및 보수체계 연차보고서 작성기준(20260123).hwp · sha256 be90c671e983fa26d64d3b38a231c1807745ba4960a597985875cd0a76069b6f · 텍스트 handoff/원문_10차/작성기준_생보협회.md,2026-10-01T17:16:07+09:00
위험관리위원회,7.다. 활동내역 및 평가 — 작성기준,확인 불가,확인 불가(원문 미수집),제1절 7. 다. · md 1923~1928행," 다. 활동내역 및 평가


| [작성기준]<br>- 위 ‘2.다.’를 참고하여 ‘활동내역 개요’부분과 ‘회의 개최내역‘부분을 각각 기술한다. |
|---|",확인 불가,"은행연합회 원문 미수집(robots.txt 「User-agent: * / Disallow: /」, 우회 없음) — 대조 불가라 차이여부 「확인 불가」. hwp 는 쪽 정보가 없어 위치는 이 md 줄 번호(1부터) · 「위 ‘2.다.’를 참고」 → 2.다 행 참조.","은행연합회 www.kfb.or.kr 자율규제·모범규준 게시판(2026.1.6 개정본) — 원문 미수집: https://www.kfb.or.kr/robots.txt (HTTP 200, 2026-10-01T17:15:49+09:00, sha256 133e4db054e73a10…): 「User-agent: * / Disallow: /」; https://kfb.or.kr/robots.txt (HTTP 200, 2026-10-01T17:15:52+09:00, sha256 133e4db054e73a10…): 「User-agent: * / Disallow: /」; https://portal.kfb.or.kr/robots.txt (HTTP 200, 2026-10-01T17:15:55+09:00, sha256 133e4db054e73a10…): 「User-agent: * / Disallow: /」",생명보험협회 https://www.klia.or.kr/member/insurRegul/selfRegul/list.do(회원사 > 자율규제운영 > 자율규제 규정정보) 「지배구조 및 보수체계 연차보고서 작성기준」(제·개정월 2026-01) 원문보기 https://www.klia.or.kr/FileDown.do?fileNo=21190&seq=2 · 원파일명 지배구조 및 보수체계 연차보고서 작성기준(20260123).hwp · sha256 be90c671e983fa26d64d3b38a231c1807745ba4960a597985875cd0a76069b6f · 텍스트 handoff/원문_10차/작성기준_생보협회.md,2026-10-01T17:16:07+09:00
위험관리위원회,7.다.1) 활동내역 개요,확인 불가,확인 불가(원문 미수집),제1절 7. 다. 1) · md 1929~1929행,  1) 활동내역 개요,확인 불가,"은행연합회 원문 미수집(robots.txt 「User-agent: * / Disallow: /」, 우회 없음) — 대조 불가라 차이여부 「확인 불가」. hwp 는 쪽 정보가 없어 위치는 이 md 줄 번호(1부터) · 7 절에는 제목만 있음 — 작성지침은 2.다.1)을 참고하라는 7.다 작성기준에 따름.","은행연합회 www.kfb.or.kr 자율규제·모범규준 게시판(2026.1.6 개정본) — 원문 미수집: https://www.kfb.or.kr/robots.txt (HTTP 200, 2026-10-01T17:15:49+09:00, sha256 133e4db054e73a10…): 「User-agent: * / Disallow: /」; https://kfb.or.kr/robots.txt (HTTP 200, 2026-10-01T17:15:52+09:00, sha256 133e4db054e73a10…): 「User-agent: * / Disallow: /」; https://portal.kfb.or.kr/robots.txt (HTTP 200, 2026-10-01T17:15:55+09:00, sha256 133e4db054e73a10…): 「User-agent: * / Disallow: /」",생명보험협회 https://www.klia.or.kr/member/insurRegul/selfRegul/list.do(회원사 > 자율규제운영 > 자율규제 규정정보) 「지배구조 및 보수체계 연차보고서 작성기준」(제·개정월 2026-01) 원문보기 https://www.klia.or.kr/FileDown.do?fileNo=21190&seq=2 · 원파일명 지배구조 및 보수체계 연차보고서 작성기준(20260123).hwp · sha256 be90c671e983fa26d64d3b38a231c1807745ba4960a597985875cd0a76069b6f · 텍스트 handoff/원문_10차/작성기준_생보협회.md,2026-10-01T17:16:07+09:00
위험관리위원회,7.다.2) 회의 개최내역 — 회차 표기(회의일·회의시간·안건 통지일)와 위원별 활동내역 서식(위원 성명·참석여부 및 (불참)사유·보고안건 의견·의결안건·가결여부),확인 불가,확인 불가(원문 미수집),제1절 7. 다. 2) · md 1930~1947행,"  2) 회의 개최내역
   가) 제2016년도 제OO차 임시위험관리위원회 : 회의일(회의시간)
 〔안건 통지일 : 〕


| 항목 |  | 위원별 활동내역 |  |  |  |  | 가결여부 |
|---|---|---|---|---|---|---|---|
| 1. 위원 성명 |  | ㅇㅇㅇ | △△△ | □□□ |  |  |  |
| 2. 참석여부 및 (불참)사유 |  |  |  |  |  |  |  |
| 3. 보고안건1)에 대한 의견 |  |  |  |  |  |  |  |
| 4. 의결안건 |  |  |  |  |  |  |  |
|  | 가. 1호안건2)<br>(안건명) |  |  |  |  |  | 가결 |
|  | 나. 2호안건3)<br>(안건명) |  |  |  |  |  |  |

비고
1)
2)
3)",확인 불가,"은행연합회 원문 미수집(robots.txt 「User-agent: * / Disallow: /」, 우회 없음) — 대조 불가라 차이여부 「확인 불가」. hwp 는 쪽 정보가 없어 위치는 이 md 줄 번호(1부터) · 서식의 비고 1)~3) 칸은 원문에 번호만 있음.","은행연합회 www.kfb.or.kr 자율규제·모범규준 게시판(2026.1.6 개정본) — 원문 미수집: https://www.kfb.or.kr/robots.txt (HTTP 200, 2026-10-01T17:15:49+09:00, sha256 133e4db054e73a10…): 「User-agent: * / Disallow: /」; https://kfb.or.kr/robots.txt (HTTP 200, 2026-10-01T17:15:52+09:00, sha256 133e4db054e73a10…): 「User-agent: * / Disallow: /」; https://portal.kfb.or.kr/robots.txt (HTTP 200, 2026-10-01T17:15:55+09:00, sha256 133e4db054e73a10…): 「User-agent: * / Disallow: /」",생명보험협회 https://www.klia.or.kr/member/insurRegul/selfRegul/list.do(회원사 > 자율규제운영 > 자율규제 규정정보) 「지배구조 및 보수체계 연차보고서 작성기준」(제·개정월 2026-01) 원문보기 https://www.klia.or.kr/FileDown.do?fileNo=21190&seq=2 · 원파일명 지배구조 및 보수체계 연차보고서 작성기준(20260123).hwp · sha256 be90c671e983fa26d64d3b38a231c1807745ba4960a597985875cd0a76069b6f · 텍스트 handoff/원문_10차/작성기준_생보협회.md,2026-10-01T17:16:07+09:00
위험관리위원회,7.다.3) 평가 — 작성지침·작성예시,확인 불가,확인 불가(원문 미수집),제1절 7. 다. 3) · md 1948~1958행,"  3) 평가


| [작성지침]<br>- 금융회사는 지배구조법 시행령§13①에 따라 위험관리위원회의 구성, 운영 등에 대해 평가를 실시하고, 평가목적․주체․기준․방법(절차) 등으로 나누어 기재한다. |
|---|

[작성예시]
OO금융회사는 위험관리위원회가 법령․내규에서 요구하는 역할과 책임을 적정하게 수행하는지를 정기적으로 검토하여 위험관리위원회가 회사 지배구조에 중대한 영향을 미치는 주요 기관으로서 제대로 자리매김할 수 있도록 지원하는데 평가의 목적이 있습니다.
이를 위해 이사회는 매년 2월초 전년도 위험관리위원회의 구성․운영실태를 점검합니다.
구체적 점검항목에는 위험관리위원회 구성원간 의사소통 및 전문성 보완 수준, 위원회 소집절차 및 사전 안건제공수준, 위원회 개최빈도 및 시간의 적정성, 현안에 대한 심의의결의 적시성 등이 포함됩니다.
이와 같은 점검은 위험관리위원회의사록 등에 대한 서면조사 및 관련 임직원에 대한 대면조사 등을 통해 이뤄지고 이 모든 점검은 이사회가 주도하나 일부 세부적인 업무는 지원부서에 위임하여 수행하고 있습니다.",확인 불가,"은행연합회 원문 미수집(robots.txt 「User-agent: * / Disallow: /」, 우회 없음) — 대조 불가라 차이여부 「확인 불가」. hwp 는 쪽 정보가 없어 위치는 이 md 줄 번호(1부터)","은행연합회 www.kfb.or.kr 자율규제·모범규준 게시판(2026.1.6 개정본) — 원문 미수집: https://www.kfb.or.kr/robots.txt (HTTP 200, 2026-10-01T17:15:49+09:00, sha256 133e4db054e73a10…): 「User-agent: * / Disallow: /」; https://kfb.or.kr/robots.txt (HTTP 200, 2026-10-01T17:15:52+09:00, sha256 133e4db054e73a10…): 「User-agent: * / Disallow: /」; https://portal.kfb.or.kr/robots.txt (HTTP 200, 2026-10-01T17:15:55+09:00, sha256 133e4db054e73a10…): 「User-agent: * / Disallow: /」",생명보험협회 https://www.klia.or.kr/member/insurRegul/selfRegul/list.do(회원사 > 자율규제운영 > 자율규제 규정정보) 「지배구조 및 보수체계 연차보고서 작성기준」(제·개정월 2026-01) 원문보기 https://www.klia.or.kr/FileDown.do?fileNo=21190&seq=2 · 원파일명 지배구조 및 보수체계 연차보고서 작성기준(20260123).hwp · sha256 be90c671e983fa26d64d3b38a231c1807745ba4960a597985875cd0a76069b6f · 텍스트 handoff/원문_10차/작성기준_생보협회.md,2026-10-01T17:16:07+09:00
위험관리위원회,[7.다가 참고하는 원문] 2.다. 이사회 활동내역 — 작성지침(참석여부·불참사유·안건·찬반·가결여부 기재 방법),확인 불가,확인 불가(원문 미수집),제1절 2. 다. · md 549~587행," 다. 활동내역


| [작성지침]<br>- 위 ‘2.가.’에서는 이사회의 역할 항목별로 활동내역을 설명(개별 이사별 활동이 아닌 이사회 구성원 전체가 활동한 내역을 중심으로 설명)하였다면, 여기에서는 회차별로 각 이사가 어떤 활동(참석여부, 의견제시내용 등)을 했는지를 기술한다. |
|---|

  1) 활동내역 개요


| [작성지침]<br>- 연간 회차별 활동내용 중 중요사항(여러 회차에 걸쳐 심의·의결한 사항, 경영진의 부의안건을 수정의결하거나 보류한 사항 등)을 기술한다. |
|---|

[작성예시]
‘16년에는 총 20회의 이사회가 소집되었고, 이사의 평균 참석률은 90%(정기이사회의 경우 98%, 임시이사회 85%)입니다. ’15년도의 평균 참석률이 85%인것에 비해 참석률이 높아져 실질적인 이사회 운영이 가능했습니다.
또한 7월에 소집된 16년도 8차 이사회에서 ‘16년 경영목표ㆍ전략에 대한 중간평가를 실시했는데, 상반기 중 발생한 금융소비자의 집단소송이 회사의 금융소비자보호정책의 전환을 요구하고 있어 경영진에서 제시한 경영목표ㆍ전략 수정안에 추가 보완이 결정되었습니다. 이로 인해 8월초에 소집된 16년도 9차 이사회에서 금융소비자보호지수등이 신설ㆍ강화된 경영목표ㆍ전략 재수정안(아래 회차별 활동내용에서 세부사항을 기술)이 의결되었습니다.
(기타 특이사항을 중심으로 기술...)
  2) 회의 개최내역


| [작성지침]<br>- 회차별로 구분하여 아래 양식에 맞춰 작성한다.<br>- ‘2. 참석여부’에는 참석 또는 불참으로 기재하고, 불참시 사유를 비고에서 구체적(예컨대 OO회의<기간, 장소> 참석)으로 기재한다.<br>- 보고․의결안건에는 안건명을 기재하되, 아래 비고를 통해 안건의 취지와 내용을 요약하여 기재한다.<br>- 이사별 활동내역에는 찬성․반대․기권․의결권제한 등을 기재하고, 반대․기권․의결권제한사유는 비고에서 구체적으로 기재한다.<br>- 가결여부에는 ‘가결’, ‘부결’, ‘보류(속행)’ 등을 기재한다. |
|---|

   가) 제2016년도 제OO차 임시이사회 : 회의일(회의시간)
 〔안건 통지일 : 〕


| 항목 |  | 이사별 활동내역 |  |  |  |  | 가결여부 |
|---|---|---|---|---|---|---|---|
| 1. 이사 성명 |  | ㅇㅇㅇ | △△△ | □□□ |  |  |  |
| 2. 참석여부 |  |  |  |  |  |  |  |
| 3. 보고안건1)에 대한 의견 |  |  |  |  |  |  |  |
| 4. 의결안건 |  |  |  |  |  |  |  |
|  | 가. 1호안건2)<br>(안건명) |  |  |  |  |  | 가결 |
|  | 나. 2호안건3)<br>(안건명) |  |  |  |  |  |  |

비고
1)
2)
3)",확인 불가,"은행연합회 원문 미수집(robots.txt 「User-agent: * / Disallow: /」, 우회 없음) — 대조 불가라 차이여부 「확인 불가」. hwp 는 쪽 정보가 없어 위치는 이 md 줄 번호(1부터) · 7.다 작성기준이 참고하라고 한 부분(이사회 서식: 「이사 성명」·「참석여부」).","은행연합회 www.kfb.or.kr 자율규제·모범규준 게시판(2026.1.6 개정본) — 원문 미수집: https://www.kfb.or.kr/robots.txt (HTTP 200, 2026-10-01T17:15:49+09:00, sha256 133e4db054e73a10…): 「User-agent: * / Disallow: /」; https://kfb.or.kr/robots.txt (HTTP 200, 2026-10-01T17:15:52+09:00, sha256 133e4db054e73a10…): 「User-agent: * / Disallow: /」; https://portal.kfb.or.kr/robots.txt (HTTP 200, 2026-10-01T17:15:55+09:00, sha256 133e4db054e73a10…): 「User-agent: * / Disallow: /」",생명보험협회 https://www.klia.or.kr/member/insurRegul/selfRegul/list.do(회원사 > 자율규제운영 > 자율규제 규정정보) 「지배구조 및 보수체계 연차보고서 작성기준」(제·개정월 2026-01) 원문보기 https://www.klia.or.kr/FileDown.do?fileNo=21190&seq=2 · 원파일명 지배구조 및 보수체계 연차보고서 작성기준(20260123).hwp · sha256 be90c671e983fa26d64d3b38a231c1807745ba4960a597985875cd0a76069b6f · 텍스트 handoff/원문_10차/작성기준_생보협회.md,2026-10-01T17:16:07+09:00
위험관리위원회,[7.나가 참고하는 원문] 6.나. 감사위원회 구성 — 작성기준·작성지침·구성원 서식,확인 불가,확인 불가(원문 미수집),제1절 6. 나. · md 1830~1850행," 나. 구성(감사위원회위원)
  1) 총괄


| [작성기준]<br>- 위 ‘2.나.1)’ 작성지침을 참고하여 작성한다.<br>- 감사위원회위원의 자격과 관련해 법령, 내규 등에서 요구하는 내용과 실제 위원의 자격보유에 대해서 기술한다.<br>ㆍ 감사위원의 자격(예컨대 지배구조법§5, §6) 및 회계ㆍ재무전문가의 감사위원 참여(예컨대 지배구조법§19①, 지배구조법 시행령§16) 등에 대해 관련 규정(정책)을 설명한 후 실제 자격충족여부를 기술한다. |
|---|

  2) 구성원


| [작성지침]<br>- ‘위원’에 대한 상세한 설명은 위 ‘2.나.2)’에서 기술했으므로, 여기에서는 아래 양식에 맞춰 약술한다.<br>- 위원장에 대한 먼저 작성한 후, 기타 위원을 위원선임일 순(선임일이 동일한 경우 연장자 순)으로 작성한다.<br>- 연도 중 구성원이 변경된 경우 모두를 기재한다. |
|---|


| 성명 | 상임/사외/비상임 | 직위 | 선임일 | 임기 만료일 |
|---|---|---|---|---|
| OOO | 사외 | 위원장 | `15.3.9. | `17.3.8 |
| OOO | 상임 | 상임감사위원 | `15.3.9. | `17.3.8 |
| OOO | 사외 |  | `16.3.9. | `18.3.8 |
|  |  |  |  |  |",확인 불가,"은행연합회 원문 미수집(robots.txt 「User-agent: * / Disallow: /」, 우회 없음) — 대조 불가라 차이여부 「확인 불가」. hwp 는 쪽 정보가 없어 위치는 이 md 줄 번호(1부터) · 7.나 작성기준이 참고하라고 한 부분.","은행연합회 www.kfb.or.kr 자율규제·모범규준 게시판(2026.1.6 개정본) — 원문 미수집: https://www.kfb.or.kr/robots.txt (HTTP 200, 2026-10-01T17:15:49+09:00, sha256 133e4db054e73a10…): 「User-agent: * / Disallow: /」; https://kfb.or.kr/robots.txt (HTTP 200, 2026-10-01T17:15:52+09:00, sha256 133e4db054e73a10…): 「User-agent: * / Disallow: /」; https://portal.kfb.or.kr/robots.txt (HTTP 200, 2026-10-01T17:15:55+09:00, sha256 133e4db054e73a10…): 「User-agent: * / Disallow: /」",생명보험협회 https://www.klia.or.kr/member/insurRegul/selfRegul/list.do(회원사 > 자율규제운영 > 자율규제 규정정보) 「지배구조 및 보수체계 연차보고서 작성기준」(제·개정월 2026-01) 원문보기 https://www.klia.or.kr/FileDown.do?fileNo=21190&seq=2 · 원파일명 지배구조 및 보수체계 연차보고서 작성기준(20260123).hwp · sha256 be90c671e983fa26d64d3b38a231c1807745ba4960a597985875cd0a76069b6f · 텍스트 handoff/원문_10차/작성기준_생보협회.md,2026-10-01T17:16:07+09:00
위험관리위원회,"4.가.1) 이사회 및 이사회내 위원회 회의일시, 안건내용 — 위원회별(라) 위험관리위원회) 기재",확인 불가,확인 불가(원문 미수집),제1절 4. 가. 1) · md 1322~1347행,"  1) 이사회 및 이사회내 위원회 회의일시, 안건내용


| [작성지침]<br>- 이사회 및 이사회내 위원회 회의일시 및 안건내용을 기재한다. 아래와 같은 표 형식을 사용할 수 있다.<br>- 이사회 및 이사회내 위원회의 회의일시, 안건내용이 동일하게 기재된 항목 및 페이지를 표시하는 것으로 대체할 수 있다. |
|---|

   가) 이사회
2016년 제1차 이사회: 2016. 1. 26. (화) 09:30 - 10:00


| 항목 |  | 위원별 활동 내역 |  |  |  | 가결여부 |
|---|---|---|---|---|---|---|
| 1. 위원 성명 |  | 위원1 | 위원2 | 위원3 | 위원4 |  |
| 2. 참석여부 및 (불참) 사유 |  | 참석 | 참석 | 참석 | 참석 |  |
| 3.  보고안건에 대한 의견 |  |  |  |  |  |  |
|  | 가. (안건 명) |  |  |  |  |  |
| 4. 의결안건 |  |  |  |  |  |  |
|  | 가. (안건 명) | 찬성 | 찬성 | 찬성 | 찬성 | 가결 |

   나) 임원후보추천위원회
2016년 제1차 임원후보추천위원회: 2016. 3. 9. (수) 09:10 - 09:50
   다) 감사위원회
   라) 위험관리위원회
   마) 보수위원회
   바) 내부통제위원회
   사) 기타 위원회",확인 불가,"은행연합회 원문 미수집(robots.txt 「User-agent: * / Disallow: /」, 우회 없음) — 대조 불가라 차이여부 「확인 불가」. hwp 는 쪽 정보가 없어 위치는 이 md 줄 번호(1부터) · 사외이사 활동내역 장에서 위원회별 회의일시·안건을 적게 함.","은행연합회 www.kfb.or.kr 자율규제·모범규준 게시판(2026.1.6 개정본) — 원문 미수집: https://www.kfb.or.kr/robots.txt (HTTP 200, 2026-10-01T17:15:49+09:00, sha256 133e4db054e73a10…): 「User-agent: * / Disallow: /」; https://kfb.or.kr/robots.txt (HTTP 200, 2026-10-01T17:15:52+09:00, sha256 133e4db054e73a10…): 「User-agent: * / Disallow: /」; https://portal.kfb.or.kr/robots.txt (HTTP 200, 2026-10-01T17:15:55+09:00, sha256 133e4db054e73a10…): 「User-agent: * / Disallow: /」",생명보험협회 https://www.klia.or.kr/member/insurRegul/selfRegul/list.do(회원사 > 자율규제운영 > 자율규제 규정정보) 「지배구조 및 보수체계 연차보고서 작성기준」(제·개정월 2026-01) 원문보기 https://www.klia.or.kr/FileDown.do?fileNo=21190&seq=2 · 원파일명 지배구조 및 보수체계 연차보고서 작성기준(20260123).hwp · sha256 be90c671e983fa26d64d3b38a231c1807745ba4960a597985875cd0a76069b6f · 텍스트 handoff/원문_10차/작성기준_생보협회.md,2026-10-01T17:16:07+09:00
위험관리위원회,4.가.2) 사외이사 개인별 이사회내 위원회 참석 및 찬성여부 — 요약표에 「리스크관리 위원회」 개최·참여·찬성 칸,확인 불가,확인 불가(원문 미수집),제1절 4. 가. 2) · md 1348~1377행,"  2) 사외이사 개인별 이사회내 위원회 참석 및 찬성여부
   가) 사외이사 OOO
    (1) 활동내역


| [작성지침]<br>- 사외이사의 이사회 및 이사회내 위원회 참석률(참석회수/개최회수)을 기재하고 활동내용 중 특이사항(예컨대 이사회등에서 제시한 의견 중 회의 운영에 중대한 영향을 미쳤던 사항, 감사위원회의장 또는 선임사외이사로서 경영진에게 요구한 내용 등) 및 활동시간을 기재한다. |
|---|

[작성예시]
사외이사 OOO은 ‘16년 중 개최된 이사회 14회 중 13회에 참석(1회는 임원으로 참여 중인 금융법학회 정기학술대회와 일정이 중첩되어 불참)하였고, 임원후보추천위원회 4회 모두와 보수위원회 4회 모두에 참석하였습니다.
그리고 이사회에서 ‘16.9.5일 심의의결한 OO보험사 인수건과 관련하여 경영진에게 인수 후 사업계획의 상세내용을 요청하였고(CFO가 관련 사항을 구두로 설명 후 사후적으로 서면제출), 임원후보추천위원회에서 사외이사후보군 중 △△△를 사외이사후보로 제안하여 위원회의 의결을 받아 추천하였으며, 보수위원회에서 ’16.12.20일 심의의결한 특정업무 종사자의 범위 선정시 대상자를 구체적으로 지정하더라도 일정한 기준을 마련하도록 요구(경영진이 구체적 기준을 마련하여 ‘16년4월경 소집될 차기 보상위원회에 보고할 예정)하였습니다.
사외이사 OOO은 회사의 이사로서 안건검토 및 회의참석 등을 위해 ‘16년 중 총 120시간을 사용하였습니다.
   나) 사외이사 △△△
   (...이하 동일)
   다) 요약


| [작성지침]<br>- 위에서 작성한 내용을 아래 양식에 맞춰 요약한다. |
|---|



| 구분<br>사외<br>이사명 | 이사회 |  |  | 이사회내 위원회 |  |  |  |  |  |  |  |  |  |  |  |  |
|---|---|---|---|---|---|---|---|---|---|---|---|---|---|---|---|---|
|  |  |  |  | 감사<br>위원회 |  |  | 리스크관리<br>위원회 |  |  | 보수<br>위원회 |  |  | 임원후보추천위원회 |  |  | 활동<br>시간 |
|  | 개최 | 참여 | 찬성 | 개최 | 참여 | 찬성 | 개최 | 참여 | 찬성 | 개최 | 참여 | 찬성 | 개최 | 참여 | 찬성 | 실적 |
| ㅇㅇㅇ | 14 | 13 |  |  |  |  |  |  |  | 4 | 4 |  |  |  |  | 120시간 |
| □□□ | 13 | 12 |  |  |  |  | 7 | 6 |  |  |  |  |  |  |  | 110시간 |
| △△△ | 5 | 5 |  | 2 | 2 |  |  |  |  | 2 | 2 |  | 1 | 1 |  |  |",확인 불가,"은행연합회 원문 미수집(robots.txt 「User-agent: * / Disallow: /」, 우회 없음) — 대조 불가라 차이여부 「확인 불가」. hwp 는 쪽 정보가 없어 위치는 이 md 줄 번호(1부터) · 요약표 머리에는 「리스크관리<br>위원회」로 적혀 있음(7절 제목은 「위험관리위원회」).","은행연합회 www.kfb.or.kr 자율규제·모범규준 게시판(2026.1.6 개정본) — 원문 미수집: https://www.kfb.or.kr/robots.txt (HTTP 200, 2026-10-01T17:15:49+09:00, sha256 133e4db054e73a10…): 「User-agent: * / Disallow: /」; https://kfb.or.kr/robots.txt (HTTP 200, 2026-10-01T17:15:52+09:00, sha256 133e4db054e73a10…): 「User-agent: * / Disallow: /」; https://portal.kfb.or.kr/robots.txt (HTTP 200, 2026-10-01T17:15:55+09:00, sha256 133e4db054e73a10…): 「User-agent: * / Disallow: /」",생명보험협회 https://www.klia.or.kr/member/insurRegul/selfRegul/list.do(회원사 > 자율규제운영 > 자율규제 규정정보) 「지배구조 및 보수체계 연차보고서 작성기준」(제·개정월 2026-01) 원문보기 https://www.klia.or.kr/FileDown.do?fileNo=21190&seq=2 · 원파일명 지배구조 및 보수체계 연차보고서 작성기준(20260123).hwp · sha256 be90c671e983fa26d64d3b38a231c1807745ba4960a597985875cd0a76069b6f · 텍스트 handoff/원문_10차/작성기준_생보협회.md,2026-10-01T17:16:07+09:00
위험관리위원회,1.나.3) 지배구조 현황(요약) — 「위험관리위원회」 행(구성·의장·관련 규정),확인 불가,확인 불가(원문 미수집),제1절 1. 나. 3) · md 381~400행,"  3) 지배구조 현황(요약)


| [작성지침]<br>- 위 ‘1.나.(1)조직도’에 표시된 조직의 현황을 아래 양식에 맞춰 요약한다.<br>- ‘주요 역할’에는 아래 ‘2. 이사회’ 등에서 기술한 내용을 요약한다. |
|---|



| 내부기관 | 주요 역할 | 구성<br>(사외이사수/구성원수) | 의장<br>(이름/상임ㆍ사외․비상임 여부) | 관련 규정 |
|---|---|---|---|---|
| 이사회 |  |  |  | 정관§00,<br>이사회규정§00 |
| 임원후보<br>추천위원회 |  |  |  |  |
| 감사위원회 |  |  |  |  |
| 보수위원회 |  |  |  |  |
| 위험관리위원회 |  |  |  |  |
| 내부통제위원회 |  |  |  |  |
| 이사회운영위원회* |  |  |  |  |
| 상임이사회* |  |  |  |  |

  * 이사회내 위원회 및 지배구조측면에서 유사한 위원회를 모두 기술한다.",확인 불가,"은행연합회 원문 미수집(robots.txt 「User-agent: * / Disallow: /」, 우회 없음) — 대조 불가라 차이여부 「확인 불가」. hwp 는 쪽 정보가 없어 위치는 이 md 줄 번호(1부터)","은행연합회 www.kfb.or.kr 자율규제·모범규준 게시판(2026.1.6 개정본) — 원문 미수집: https://www.kfb.or.kr/robots.txt (HTTP 200, 2026-10-01T17:15:49+09:00, sha256 133e4db054e73a10…): 「User-agent: * / Disallow: /」; https://kfb.or.kr/robots.txt (HTTP 200, 2026-10-01T17:15:52+09:00, sha256 133e4db054e73a10…): 「User-agent: * / Disallow: /」; https://portal.kfb.or.kr/robots.txt (HTTP 200, 2026-10-01T17:15:55+09:00, sha256 133e4db054e73a10…): 「User-agent: * / Disallow: /」",생명보험협회 https://www.klia.or.kr/member/insurRegul/selfRegul/list.do(회원사 > 자율규제운영 > 자율규제 규정정보) 「지배구조 및 보수체계 연차보고서 작성기준」(제·개정월 2026-01) 원문보기 https://www.klia.or.kr/FileDown.do?fileNo=21190&seq=2 · 원파일명 지배구조 및 보수체계 연차보고서 작성기준(20260123).hwp · sha256 be90c671e983fa26d64d3b38a231c1807745ba4960a597985875cd0a76069b6f · 텍스트 handoff/원문_10차/작성기준_생보협회.md,2026-10-01T17:16:07+09:00
위험관리위원회,[제2절] 1.나.1) 보수위원회 구성표 — 「사외이사 여부(위험관리위원회 위원 여부)」 칸,확인 불가,확인 불가(원문 미수집),제2절 1. 나. 1) · md 2225~2238행,"- OOOO년 3월 정기주총 이전


| 성명 | 직명 | 사외이사 여부<br>(위험관리위원회 위원 여부) | 회사의 금융, 회계, 또는 재무분야 종사한 경험 여부 | 약력 |
|---|---|---|---|---|
|  |  |  |  |  |

- OOOO년 3월 정기주총 이후


| 성명 | 직명 | 사외이사 여부<br>(위험관리위원회 위원 여부) | 회사의 금융, 회계, 또는 재무분야 종사한 경험 여부 | 약력 |
|---|---|---|---|---|
|  |  |  |  |  |",확인 불가,"은행연합회 원문 미수집(robots.txt 「User-agent: * / Disallow: /」, 우회 없음) — 대조 불가라 차이여부 「확인 불가」. hwp 는 쪽 정보가 없어 위치는 이 md 줄 번호(1부터) · 보수위원회 위원의 위험관리위원회 겸임 여부를 적게 하는 칸.","은행연합회 www.kfb.or.kr 자율규제·모범규준 게시판(2026.1.6 개정본) — 원문 미수집: https://www.kfb.or.kr/robots.txt (HTTP 200, 2026-10-01T17:15:49+09:00, sha256 133e4db054e73a10…): 「User-agent: * / Disallow: /」; https://kfb.or.kr/robots.txt (HTTP 200, 2026-10-01T17:15:52+09:00, sha256 133e4db054e73a10…): 「User-agent: * / Disallow: /」; https://portal.kfb.or.kr/robots.txt (HTTP 200, 2026-10-01T17:15:55+09:00, sha256 133e4db054e73a10…): 「User-agent: * / Disallow: /」",생명보험협회 https://www.klia.or.kr/member/insurRegul/selfRegul/list.do(회원사 > 자율규제운영 > 자율규제 규정정보) 「지배구조 및 보수체계 연차보고서 작성기준」(제·개정월 2026-01) 원문보기 https://www.klia.or.kr/FileDown.do?fileNo=21190&seq=2 · 원파일명 지배구조 및 보수체계 연차보고서 작성기준(20260123).hwp · sha256 be90c671e983fa26d64d3b38a231c1807745ba4960a597985875cd0a76069b6f · 텍스트 handoff/원문_10차/작성기준_생보협회.md,2026-10-01T17:16:07+09:00
위험관리위원회,11. 리스크관리협의회(금융지주회사의 경우) — 절 머리,확인 불가,확인 불가(원문 미수집),제1절 11. · md 2137~2137행,11. 리스크관리협의회(금융지주회사의 경우),확인 불가,"은행연합회 원문 미수집(robots.txt 「User-agent: * / Disallow: /」, 우회 없음) — 대조 불가라 차이여부 「확인 불가」. hwp 는 쪽 정보가 없어 위치는 이 md 줄 번호(1부터) · 이사회내 위원회가 아니라 금융지주 그룹 단위 협의회 — 「리스크관리」 이름이라 함께 넣음(판단).","은행연합회 www.kfb.or.kr 자율규제·모범규준 게시판(2026.1.6 개정본) — 원문 미수집: https://www.kfb.or.kr/robots.txt (HTTP 200, 2026-10-01T17:15:49+09:00, sha256 133e4db054e73a10…): 「User-agent: * / Disallow: /」; https://kfb.or.kr/robots.txt (HTTP 200, 2026-10-01T17:15:52+09:00, sha256 133e4db054e73a10…): 「User-agent: * / Disallow: /」; https://portal.kfb.or.kr/robots.txt (HTTP 200, 2026-10-01T17:15:55+09:00, sha256 133e4db054e73a10…): 「User-agent: * / Disallow: /」",생명보험협회 https://www.klia.or.kr/member/insurRegul/selfRegul/list.do(회원사 > 자율규제운영 > 자율규제 규정정보) 「지배구조 및 보수체계 연차보고서 작성기준」(제·개정월 2026-01) 원문보기 https://www.klia.or.kr/FileDown.do?fileNo=21190&seq=2 · 원파일명 지배구조 및 보수체계 연차보고서 작성기준(20260123).hwp · sha256 be90c671e983fa26d64d3b38a231c1807745ba4960a597985875cd0a76069b6f · 텍스트 handoff/원문_10차/작성기준_생보협회.md,2026-10-01T17:16:07+09:00
위험관리위원회,11.가. 역할 — 작성지침,확인 불가,확인 불가(원문 미수집),제1절 11. 가. · md 2138~2143행," 가. 역할


| [작성지침]<br>- 금융지주회사만 작성하며 금융지주회사와 자회사등의 경영전략에 부합하는  리스크 관리를 위해 리스크관리협의회가 정한 역할 및 주요 협의사항을 기재한다.<br>- 이외의 역할은 각 금융회사 리스크관리협의회에서 정한 역할과 협의사항 등을 참조하여 기술한다. |
|---|",확인 불가,"은행연합회 원문 미수집(robots.txt 「User-agent: * / Disallow: /」, 우회 없음) — 대조 불가라 차이여부 「확인 불가」. hwp 는 쪽 정보가 없어 위치는 이 md 줄 번호(1부터) · 금융지주회사만 작성하는 항목.","은행연합회 www.kfb.or.kr 자율규제·모범규준 게시판(2026.1.6 개정본) — 원문 미수집: https://www.kfb.or.kr/robots.txt (HTTP 200, 2026-10-01T17:15:49+09:00, sha256 133e4db054e73a10…): 「User-agent: * / Disallow: /」; https://kfb.or.kr/robots.txt (HTTP 200, 2026-10-01T17:15:52+09:00, sha256 133e4db054e73a10…): 「User-agent: * / Disallow: /」; https://portal.kfb.or.kr/robots.txt (HTTP 200, 2026-10-01T17:15:55+09:00, sha256 133e4db054e73a10…): 「User-agent: * / Disallow: /」",생명보험협회 https://www.klia.or.kr/member/insurRegul/selfRegul/list.do(회원사 > 자율규제운영 > 자율규제 규정정보) 「지배구조 및 보수체계 연차보고서 작성기준」(제·개정월 2026-01) 원문보기 https://www.klia.or.kr/FileDown.do?fileNo=21190&seq=2 · 원파일명 지배구조 및 보수체계 연차보고서 작성기준(20260123).hwp · sha256 be90c671e983fa26d64d3b38a231c1807745ba4960a597985875cd0a76069b6f · 텍스트 handoff/원문_10차/작성기준_생보협회.md,2026-10-01T17:16:07+09:00
위험관리위원회,11.나. 협의절차 (운영현황) — 작성지침,확인 불가,확인 불가(원문 미수집),제1절 11. 나. · md 2144~2149행," 나. 협의절차 (운영현황)


| [작성지침]<br>- 각 자회사에서 지주회사 리스크관리협의회에 부의하는 절차에 대하여 기술한다.<br>- 리스크관리협의회 개최주기, 협의요건(과반수 찬성 등), 결과 통지 등에 대해 기술한다. |
|---|",확인 불가,"은행연합회 원문 미수집(robots.txt 「User-agent: * / Disallow: /」, 우회 없음) — 대조 불가라 차이여부 「확인 불가」. hwp 는 쪽 정보가 없어 위치는 이 md 줄 번호(1부터) · 금융지주회사만 작성하는 항목.","은행연합회 www.kfb.or.kr 자율규제·모범규준 게시판(2026.1.6 개정본) — 원문 미수집: https://www.kfb.or.kr/robots.txt (HTTP 200, 2026-10-01T17:15:49+09:00, sha256 133e4db054e73a10…): 「User-agent: * / Disallow: /」; https://kfb.or.kr/robots.txt (HTTP 200, 2026-10-01T17:15:52+09:00, sha256 133e4db054e73a10…): 「User-agent: * / Disallow: /」; https://portal.kfb.or.kr/robots.txt (HTTP 200, 2026-10-01T17:15:55+09:00, sha256 133e4db054e73a10…): 「User-agent: * / Disallow: /」",생명보험협회 https://www.klia.or.kr/member/insurRegul/selfRegul/list.do(회원사 > 자율규제운영 > 자율규제 규정정보) 「지배구조 및 보수체계 연차보고서 작성기준」(제·개정월 2026-01) 원문보기 https://www.klia.or.kr/FileDown.do?fileNo=21190&seq=2 · 원파일명 지배구조 및 보수체계 연차보고서 작성기준(20260123).hwp · sha256 be90c671e983fa26d64d3b38a231c1807745ba4960a597985875cd0a76069b6f · 텍스트 handoff/원문_10차/작성기준_생보협회.md,2026-10-01T17:16:07+09:00
위험관리위원회,11.다. 구성 — 작성지침·작성예시·구성 서식,확인 불가,확인 불가(원문 미수집),제1절 11. 다. · md 2150~2168행," 다. 구성


| [작성지침]<br>- 리스크관리협의회에서 정하는 위원의 구성 내용을 기재한다.<br>- 상시적으로 포함되는 위원은 표로 작성하여 기재하고 필요시 참가하는 위원은 주석으로 기술한다.<br>- 위원장을 먼저 작성하며 각 위원의 현 직위를 기재한다. |
|---|

[작성예시]
당사는 그룹내 전략적 의사결정에 대한 리스크를 측정·관리하고자 리스크관리협의회를 설치하고 있으며 협의회는 OOO OO금융지주 CRO, OOO OO은행 CRO, OOO OO증권 CRO, (중략) 총 O명으로 구성되어 있습니다.
<OO금융지주 리스크관리협의회 구성>


| 성명 | 직위 | 선임일 | 임기만료일 | 비고 |
|---|---|---|---|---|
| OOO | OO금융지주 CRO |  |  | 위원장 |
| OOO | OO은행 CRO |  |  | 주력자회사 CRO |
| OOO | OO증권 CRO |  |  |  |
| OOO | OO카드 CRO |  |  |  |
| OOO | OO보험 CRO |  |  |  |",확인 불가,"은행연합회 원문 미수집(robots.txt 「User-agent: * / Disallow: /」, 우회 없음) — 대조 불가라 차이여부 「확인 불가」. hwp 는 쪽 정보가 없어 위치는 이 md 줄 번호(1부터) · 금융지주회사만 작성하는 항목.","은행연합회 www.kfb.or.kr 자율규제·모범규준 게시판(2026.1.6 개정본) — 원문 미수집: https://www.kfb.or.kr/robots.txt (HTTP 200, 2026-10-01T17:15:49+09:00, sha256 133e4db054e73a10…): 「User-agent: * / Disallow: /」; https://kfb.or.kr/robots.txt (HTTP 200, 2026-10-01T17:15:52+09:00, sha256 133e4db054e73a10…): 「User-agent: * / Disallow: /」; https://portal.kfb.or.kr/robots.txt (HTTP 200, 2026-10-01T17:15:55+09:00, sha256 133e4db054e73a10…): 「User-agent: * / Disallow: /」",생명보험협회 https://www.klia.or.kr/member/insurRegul/selfRegul/list.do(회원사 > 자율규제운영 > 자율규제 규정정보) 「지배구조 및 보수체계 연차보고서 작성기준」(제·개정월 2026-01) 원문보기 https://www.klia.or.kr/FileDown.do?fileNo=21190&seq=2 · 원파일명 지배구조 및 보수체계 연차보고서 작성기준(20260123).hwp · sha256 be90c671e983fa26d64d3b38a231c1807745ba4960a597985875cd0a76069b6f · 텍스트 handoff/원문_10차/작성기준_생보협회.md,2026-10-01T17:16:07+09:00
위험관리위원회,11.라. 활동내역 개요 — 작성지침,확인 불가,확인 불가(원문 미수집),제1절 11. 라. · md 2169~2174행," 라. 활동내역 개요


| [작성지침]<br>- 연차보고서 대상기간 동안의 리스크관리협의회 활동내역을 개괄하여 기술한다.<br>- 개괄적인 내용에는 그룹의 전체적인 리스크관리 관점에서 중요한 협의안건 위주로 설명한다.<br>- 부결/보류안건이 있는 경우는 부결/보류안건명과 사유를 기재한다. |
|---|",확인 불가,"은행연합회 원문 미수집(robots.txt 「User-agent: * / Disallow: /」, 우회 없음) — 대조 불가라 차이여부 「확인 불가」. hwp 는 쪽 정보가 없어 위치는 이 md 줄 번호(1부터) · 금융지주회사만 작성하는 항목. 부결/보류안건명과 사유를 적게 함.","은행연합회 www.kfb.or.kr 자율규제·모범규준 게시판(2026.1.6 개정본) — 원문 미수집: https://www.kfb.or.kr/robots.txt (HTTP 200, 2026-10-01T17:15:49+09:00, sha256 133e4db054e73a10…): 「User-agent: * / Disallow: /」; https://kfb.or.kr/robots.txt (HTTP 200, 2026-10-01T17:15:52+09:00, sha256 133e4db054e73a10…): 「User-agent: * / Disallow: /」; https://portal.kfb.or.kr/robots.txt (HTTP 200, 2026-10-01T17:15:55+09:00, sha256 133e4db054e73a10…): 「User-agent: * / Disallow: /」",생명보험협회 https://www.klia.or.kr/member/insurRegul/selfRegul/list.do(회원사 > 자율규제운영 > 자율규제 규정정보) 「지배구조 및 보수체계 연차보고서 작성기준」(제·개정월 2026-01) 원문보기 https://www.klia.or.kr/FileDown.do?fileNo=21190&seq=2 · 원파일명 지배구조 및 보수체계 연차보고서 작성기준(20260123).hwp · sha256 be90c671e983fa26d64d3b38a231c1807745ba4960a597985875cd0a76069b6f · 텍스트 handoff/원문_10차/작성기준_생보협회.md,2026-10-01T17:16:07+09:00
